entry_signal_idx,entry_signal_time,entry_signal_zscore,entry_idx,entry_time,entry_fill_price_type,entry_delay_minutes,entry_fill_zscore,direction,entry_tsm_twd_fair,entry_tsm_twd_fair_open,entry_qff_close,entry_qff_open_filled,entry_qff_open_was_filled,tsm_units,qff_units,qff_contracts,raw_qff_contracts,leg_notional_twd,actual_leg_notional_twd,qff_contract_multiplier,entry_tsm_fee_twd,entry_qff_fee_twd,entry_qff_tax_twd,entry_fee_twd,exit_signal_idx,exit_signal_time,exit_signal_zscore,exit_idx,exit_time,exit_fill_price_type,exit_fill_zscore,exit_tsm_twd_fair,exit_tsm_twd_fair_open,exit_qff_close,exit_qff_open_filled,tsm_pnl,qff_pnl,gross_pnl_twd,exit_tsm_fee_twd,exit_qff_fee_twd,exit_qff_tax_twd,exit_fee_twd,tsm_fee_twd,qff_fee_twd,qff_tax_twd,total_fee_twd,net_pnl_twd,total_pnl,exit_reason,holding_minutes
0,2026-06-09 21:30:00+08:00,-1.911992350937626,1,2026-06-09 21:31:00+08:00,open,1,-2.9536976361727745,long_tsm_short_qff,130.08488000000003,130.08488000000003,131.0,131.0,False,8056.278331501707,-8000.0,-4,3.816793893129771,1000000.0,1048000.0,2000.0,262.0,352.0,20,634.0,125,2026-06-09 23:35:00+08:00,0.0039684342989181,126,2026-06-09 23:36:00+08:00,open,-0.7416543411766401,123.362496,123.362496,124.0,124.0,-54157.39655523404,56000.0,1842.6034447659622,248.46065086119148,352.0,20,620.4606508611914,510.4606508611915,704.0,40,1254.4606508611914,588.1427939047708,588.1427939047708,zscore_exit,125
152,2026-06-10 00:02:00+08:00,-1.0212675954477126,153,2026-06-10 00:03:00+08:00,open,1,-0.3447745242383272,long_tsm_short_qff,121.97067,121.97067,122.5,122.5,False,8034.71851060587,-8000.0,-4,4.081632653061225,1000000.0,980000.0,2000.0,245.0,352.0,20,617.0,155,2026-06-10 00:05:00+08:00,0.731382002106199,156,2026-06-10 00:06:00+08:00,open,0.8144064846800564,121.30675499999998,121.30675499999998,121.0,121.0,-5334.3701399690335,12000.0,6665.6298600309665,243.66640746500772,352.0,20,615.6664074650078,488.66640746500775,704.0,40,1232.6664074650078,5432.9634525659585,5432.9634525659585,zscore_exit,3
165,2026-06-10 00:15:00+08:00,1.000342824375548,166,2026-06-10 00:16:00+08:00,open,1,2.1003901213800846,short_tsm_long_qff,120.08516399999999,120.08516399999999,119.0,119.0,False,-7927.707039647296,8000.0,4,4.201680672268908,1000000.0,952000.0,2000.0,238.0,352.0,20,610.0,173,2026-06-10 00:23:00+08:00,-0.2973459990866353,174,2026-06-10 00:24:00+08:00,open,0.2754502990021296,119.57927600000001,119.57927600000001,119.5,119.5,4010.531858872969,4000.0,8010.53185887297,236.99736703528174,352.0,20,608.9973670352817,474.99736703528174,704.0,40,1218.9973670352817,6791.534491837688,6791.534491837688,zscore_exit,8
175,2026-06-10 00:25:00+08:00,-1.7957265820224608,176,2026-06-10 00:26:00+08:00,open,1,-1.363408822432763,long_tsm_short_qff,120.338108,120.338108,122.0,122.0,False,8110.481510977387,-8000.0,-4,4.098360655737705,1000000.0,976000.0,2000.0,244.0,352.0,20,616.0,190,2026-06-10 00:40:00+08:00,0.6356837528119602,191,2026-06-10 00:41:00+08:00,open,-0.9326326128122928,118.19895999999999,118.19895999999999,118.5,118.5,-17349.52030324442,28000.0,10650.479696755581,239.66261992418893,352.0,20,611.6626199241889,483.6626199241889,704.0,40,1227.662619924189,9422.817076831392,9422.817076831392,zscore_exit,15
196,2026-06-10 00:46:00+08:00,-1.222706942501671,197,2026-06-10 00:47:00+08:00,open,1,-0.4795470976266666,long_tsm_short_qff,118.77974400000001,118.77974400000001,120.0,120.0,False,8082.186134363111,-8000.0,-4,4.166666666666667,1000000.0,960000.0,2000.0,240.0,352.0,20,612.0,199,2026-06-10 00:49:00+08:00,0.1329530343620159,200,2026-06-10 00:50:00+08:00,open,-1.0021602315337603,119.31735199999999,119.31735199999999,119.0,119.0,4345.0479233225005,8000.0,12345.047923322501,241.08626198083059,352.0,20,613.0862619808306,481.0862619808306,704.0,40,1225.0862619808306,11119.961661341671,11119.961661341671,zscore_exit,3
213,2026-06-10 01:03:00+08:00,-1.0518588748616675,214,2026-06-10 01:04:00+08:00,open,1,-0.726081634636956,long_tsm_short_qff,121.82253399999999,121.82253399999999,123.0,123.0,False,8077.323362851737,-8000.0,-4,4.065040650406504,1000000.0,984000.0,2000.0,246.0,352.0,20,618.0,240,2026-06-10 01:30:00+08:00,0.0994367155073517,241,2026-06-10 01:31:00+08:00,open,0.1829641619942025,123.13307999999999,123.13307999999999,123.5,123.5,10585.70382389191,-4000.0,6585.70382389191,248.646425955973,352.0,20,620.646425955973,494.646425955973,704.0,40,1238.646425955973,5347.057397935938,5347.057397935938,zscore_exit,27
261,2026-06-10 01:51:00+08:00,-1.12727781821601,262,2026-06-10 01:52:00+08:00,open,1,-0.6706702088867784,long_tsm_short_qff,123.56382,123.56382,125.0,125.0,False,8092.983852393038,-8000.0,-4,4.0,1000000.0,1000000.0,2000.0,250.0,352.0,20,622.0,270,2026-06-10 02:00:00+08:00,0.1255841651786862,271,2026-06-10 02:01:00+08:00,open,-0.001543909009289,124.018225,124.018225,125.0,125.0,3677.4923274466114,-0.0,3677.4923274466114,250.91937308186164,352.0,20,622.9193730818616,500.91937308186164,704.0,40,1244.9193730818615,2432.57295436475,2432.57295436475,zscore_exit,9
298,2026-06-10 02:28:00+08:00,1.0793418949724694,299,2026-06-10 02:29:00+08:00,open,1,1.0782947025710268,short_tsm_long_qff,125.017458,125.017458,125.0,125.0,True,-7998.8828440264715,8000.0,4,4.0,1000000.0,1000000.0,2000.0,250.0,352.0,20,622.0,300,2026-06-10 02:30:00+08:00,-0.0001742615086906,301,2026-06-10 02:31:00+08:00,open,0.2031642931589005,125.35292699999998,125.35292699999998,126.0,126.0,-2683.3772288025157,8000.0,5316.622771197484,250.6708443072006,352.0,20,622.6708443072006,500.6708443072006,704.0,40,1244.6708443072007,4071.9519268902836,4071.9519268902836,zscore_exit,2
307,2026-06-10 02:37:00+08:00,1.063296516104389,308,2026-06-10 02:38:00+08:00,open,1,0.9634658325269766,short_tsm_long_qff,125.47925899999998,125.47925899999998,125.5,125.5,True,-8001.322353999557,8000.0,4,3.9840637450199203,1000000.0,1004000.0,2000.0,251.0,352.0,20,623.0,384,2026-06-10 03:54:00+08:00,-0.1691173851836781,385,2026-06-10 03:55:00+08:00,open,1.9212767386838328,125.25817799999997,125.25817799999997,124.5,124.5,1768.9403473446744,-8000.0,-6231.059652655325,250.5577649131638,352.0,20,622.5577649131637,501.5577649131638,704.0,40,1245.5577649131637,-7476.617417568489,-7476.617417568489,zscore_exit,77
386,2026-06-10 03:56:00+08:00,1.0221522369369778,387,2026-06-10 03:57:00+08:00,open,1,1.9926623028239296,short_tsm_long_qff,125.100263,125.100263,125.0,125.0,False,-7993.588310841521,8000.0,4,4.0,1000000.0,1000000.0,2000.0,250.0,352.0,20,622.0,462,2026-06-10 22:42:00+08:00,-0.0964050331453051,463,2026-06-10 22:43:00+08:00,open,0.4634763714986165,123.66512400000002,123.66512400000002,123.5,123.5,11471.910334832615,-12000.0,-528.0896651673847,247.13202241629185,352.0,20,619.1320224162919,497.1320224162919,704.0,40,1241.1320224162919,-1769.2216875836766,-1769.2216875836766,zscore_exit,1126
469,2026-06-10 22:49:00+08:00,1.0088561100171043,470,2026-06-10 22:50:00+08:00,open,1,0.6344882589650369,short_tsm_long_qff,122.593375,122.593375,122.0,122.0,False,-7961.27849486157,8000.0,4,4.098360655737705,1000000.0,976000.0,2000.0,244.0,352.0,20,616.0,483,2026-06-10 23:03:00+08:00,-0.3043331966542903,484,2026-06-10 23:04:00+08:00,open,0.4632753690763785,121.4727,121.4727,121.5,121.5,8922.005777228922,-4000.0,4922.005777228922,241.76949855569276,352.0,20,613.7694985556927,485.76949855569273,704.0,40,1229.7694985556927,3692.236278673229,3692.236278673229,zscore_exit,14
491,2026-06-10 23:11:00+08:00,1.1037091421911482,492,2026-06-10 23:12:00+08:00,open,1,0.2585945762150253,short_tsm_long_qff,120.17504999999998,120.17504999999998,119.5,119.5,False,-7955.062219653748,8000.0,4,4.184100418410042,1000000.0,956000.0,2000.0,239.0,352.0,20,611.0,547,2026-06-11 00:07:00+08:00,-0.1341104174679299,548,2026-06-11 00:08:00+08:00,open,0.7456442602438252,120.946113,120.946113,120.5,120.5,-6133.854140272975,8000.0,1866.1458597270248,240.53346353506822,352.0,20,612.5334635350682,479.5334635350682,704.0,40,1223.5334635350682,642.6123961919566,642.6123961919566,zscore_exit,56
557,2026-06-11 00:17:00+08:00,1.2052750768107623,558,2026-06-11 00:18:00+08:00,open,1,0.5450297819151894,short_tsm_long_qff,120.00163200000001,120.00163200000001,119.0,119.0,False,-7933.225441467328,8000.0,4,4.201680672268908,1000000.0,952000.0,2000.0,238.0,352.0,20,610.0,664,2026-06-11 02:04:00+08:00,-0.2773825778840718,665,2026-06-11 02:05:00+08:00,open,-0.5312396081251312,121.36527000000001,121.36527000000001,120.5,120.5,-10818.04767455158,12000.0,1181.9523254484193,240.70451191863785,352.0,20,612.7045119186379,478.7045119186379,704.0,40,1222.7045119186378,-40.752186470218476,-40.752186470218476,zscore_exit,107
670,2026-06-11 02:10:00+08:00,1.1961206091741072,671,2026-06-11 02:11:00+08:00,open,1,1.2426770170270358,short_tsm_long_qff,120.79548,120.79548,119.5,119.5,True,-7914.203412246882,8000.0,4,4.184100418410042,1000000.0,956000.0,2000.0,239.0,352.0,20,611.0,672,2026-06-11 02:12:00+08:00,-0.1476812400128906,673,2026-06-11 02:13:00+08:00,open,1.1870084638023302,120.98541,120.98541,120.0,120.0,-1503.1446540880813,4000.0,2496.8553459119184,239.37578616352204,352.0,20,611.375786163522,478.37578616352204,704.0,40,1222.375786163522,1274.4795597483965,1274.4795597483965,zscore_exit,2
730,2026-06-11 03:10:00+08:00,-1.271457506850523,731,2026-06-11 03:11:00+08:00,open,1,-0.7340912185029151,long_tsm_short_qff,120.03308999999999,120.03308999999999,119.5,119.5,False,7964.470463936237,-8000.0,-4,4.184100418410042,1000000.0,956000.0,2000.0,239.0,352.0,20,611.0,735,2026-06-11 03:15:00+08:00,0.6761918226700069,736,2026-06-11 03:16:00+08:00,open,0.299884599096434,119.55425,119.55425,119.0,119.0,-3813.7070369511566,4000.0,186.29296304884338,238.0465732407622,352.0,20,610.0465732407622,477.0465732407622,704.0,40,1221.0465732407622,-1034.7536101919188,-1034.7536101919188,zscore_exit,5
745,2026-06-11 03:25:00+08:00,-1.0096933017855303,746,2026-06-11 03:26:00+08:00,open,1,-1.0765937201584834,long_tsm_short_qff,119.26921999999999,119.26921999999999,119.0,119.0,True,7981.942029972193,-8000.0,-4,4.201680672268908,1000000.0,952000.0,2000.0,238.0,352.0,20,610.0,747,2026-06-11 03:27:00+08:00,0.2019844586139559,748,2026-06-11 03:28:00+08:00,open,0.5853508414028141,119.39590000000001,119.39590000000001,118.5,118.5,1011.1524163570504,4000.0,5011.15241635705,238.25278810408926,352.0,20,610.2527881040893,476.2527881040893,704.0,40,1220.2527881040892,3790.899628252961,3790.899628252961,zscore_exit,2
765,2026-06-11 03:45:00+08:00,-1.186984485930126,766,2026-06-11 03:46:00+08:00,open,1,-1.1162290931314252,long_tsm_short_qff,119.714022,119.714022,119.5,119.5,False,7985.697782336642,-8000.0,-4,4.184100418410042,1000000.0,956000.0,2000.0,239.0,352.0,20,611.0,770,2026-06-11 03:50:00+08:00,0.053811391124577,771,2026-06-11 03:51:00+08:00,open,-0.0142750905981862,120.283938,120.283938,119.5,119.5,4551.176937318221,-0.0,4551.176937318221,240.13779423432956,352.0,20,612.1377942343296,479.1377942343296,704.0,40,1223.1377942343297,3328.039143083891,3328.039143083891,zscore_exit,5
780,2026-06-11 21:30:00+08:00,-5.212949303583491,781,2026-06-11 21:31:00+08:00,open,1,-5.39695258986781,long_tsm_short_qff,126.20369999999998,126.20369999999998,128.0,128.0,False,8113.866709137689,-8000.0,-4,3.90625,1000000.0,1024000.0,2000.0,256.0,352.0,20,628.0,1123,2026-06-12 03:13:00+08:00,0.1552595217848207,1124,2026-06-12 03:14:00+08:00,open,-0.0275842751287558,130.268755,130.268755,131.5,131.5,32983.314435313834,-28000.0,4983.314435313834,264.2458286088285,352.0,20,636.2458286088286,520.2458286088286,704.0,40,1264.2458286088286,3719.0686067050055,3719.0686067050055,zscore_exit,343
1141,2026-06-12 03:31:00+08:00,1.109279351559502,1142,2026-06-12 03:32:00+08:00,open,1,0.4649607075119283,short_tsm_long_qff,131.33016100000003,131.33016100000003,132.5,132.5,False,-8071.260949721974,8000.0,4,3.7735849056603774,1000000.0,1060000.0,2000.0,265.0,352.0,20,637.0,1144,2026-06-12 03:34:00+08:00,-0.4118709188577781,1145,2026-06-12 03:35:00+08:00,open,-0.2212757597586199,131.23362718,131.23362718,133.0,133.0,779.1496516936432,4000.0,4779.149651693643,264.8052125870766,352.0,20,636.8052125870765,529.8052125870765,704.0,40,1273.8052125870765,3505.344439106567,3505.344439106567,zscore_exit,3
1160,2026-06-12 03:50:00+08:00,-1.0692557211967495,1161,2026-06-12 03:51:00+08:00,open,1,0.1105519359636154,long_tsm_short_qff,129.77613000000002,129.77613000000002,132.0,132.0,False,8137.089617327931,-8000.0,-4,3.787878787878788,1000000.0,1056000.0,2000.0,264.0,352.0,20,636.0,1162,2026-06-12 03:52:00+08:00,0.1813685955549668,1163,2026-06-12 03:53:00+08:00,open,-0.3249033916014849,130.02849,130.02849,132.0,132.0,2053.475935828728,-0.0,2053.475935828728,264.51336898395715,352.0,20,636.5133689839572,528.5133689839572,704.0,40,1272.5133689839572,780.9625668447707,780.9625668447707,zscore_exit,2
1168,2026-06-12 03:58:00+08:00,-1.0233956033335443,1169,2026-06-12 03:59:00+08:00,open,1,-0.9499480155652272,long_tsm_short_qff,130.375485,130.375485,132.5,132.5,False,8130.362851574435,-8000.0,-4,3.7735849056603774,1000000.0,1060000.0,2000.0,265.0,352.0,20,637.0,1207,2026-06-12 22:07:00+08:00,0.1652985292571596,1208,2026-06-12 22:08:00+08:00,open,-1.2653744470534452,135.307172,135.307172,137.0,137.0,40096.40478039266,-36000.0,4096.404780392659,275.0241011950981,352.0,20,647.0241011950982,540.0241011950982,704.0,40,1284.0241011950982,2812.3806791975603,2812.3806791975603,zscore_exit,1089
1209,2026-06-12 22:09:00+08:00,-1.19469650918306,1210,2026-06-12 22:10:00+08:00,open,1,-1.527466415233601,long_tsm_short_qff,135.212264,135.212264,137.5,137.5,False,8135.356715867134,-8000.0,-4,3.6363636363636362,1000000.0,1100000.0,2000.0,275.0,352.0,24,651.0,1260,2026-06-12 23:00:00+08:00,0.3222710637667809,1261,2026-06-12 23:01:00+08:00,open,-1.473683465740851,136.16440000000003,136.16440000000003,138.5,138.5,7745.966002019067,-8000.0,-254.03399798093324,276.93649150050476,352.0,24,652.9364915005048,551.9364915005048,704.0,48,1303.9364915005049,-1557.970489481438,-1557.970489481438,zscore_exit,51
1262,2026-06-12 23:02:00+08:00,-1.746525109017628,1263,2026-06-12 23:03:00+08:00,open,1,-1.1361097698737808,long_tsm_short_qff,135.7852,135.7852,138.0,138.0,False,8130.488447930997,-8000.0,-4,3.6231884057971016,1000000.0,1104000.0,2000.0,276.0,352.0,24,652.0,1264,2026-06-12 23:04:00+08:00,0.5349566001510905,1265,2026-06-12 23:05:00+08:00,open,-0.0713151534857605,135.8168,135.8168,138.0,138.0,256.9234349545984,-0.0,256.9234349545984,276.06423085873865,352.0,24,652.0642308587387,552.0642308587387,704.0,48,1304.0642308587387,-1047.1407959041403,-1047.1407959041403,zscore_exit,2
1278,2026-06-12 23:18:00+08:00,-1.70671123976838,1279,2026-06-12 23:19:00+08:00,open,1,-1.5486663861723555,long_tsm_short_qff,136.341055,136.341055,139.0,139.0,False,8156.017275940838,-8000.0,-4,3.597122302158273,1000000.0,1112000.0,2000.0,278.0,352.0,24,654.0,1297,2026-06-12 23:37:00+08:00,0.3055903442069847,1298,2026-06-12 23:38:00+08:00,open,-0.1580197620742919,136.634076,136.634076,138.5,138.5,2389.8843382133114,4000.0,6389.884338213311,278.5974710845533,352.0,24,654.5974710845533,556.5974710845533,704.0,48,1308.5974710845533,5081.286867128758,5081.286867128758,zscore_exit,19
1302,2026-06-12 23:42:00+08:00,-1.400189406477681,1303,2026-06-12 23:43:00+08:00,open,1,-1.3924335820846518,long_tsm_short_qff,135.93889800000002,135.93889800000002,138.5,138.5,False,8150.7207745644655,-8000.0,-4,3.6101083032490973,1000000.0,1108000.0,2000.0,277.0,352.0,24,653.0,1309,2026-06-12 23:49:00+08:00,0.6964921832522503,1310,2026-06-12 23:50:00+08:00,open,1.1664220804368306,135.72045799999998,135.72045799999998,137.5,137.5,-1780.443445996218,8000.0,6219.556554003782,276.5548891385009,352.0,24,652.5548891385009,553.5548891385009,704.0,48,1305.554889138501,4914.001664865282,4914.001664865282,zscore_exit,7
1312,2026-06-12 23:52:00+08:00,1.3495913890089648,1313,2026-06-12 23:53:00+08:00,open,1,-0.1033929732028831,short_tsm_long_qff,136.479026,136.479026,138.5,138.5,False,-8118.463565236756,8000.0,4,3.6101083032490973,1000000.0,1108000.0,2000.0,277.0,352.0,24,653.0,1314,2026-06-12 23:54:00+08:00,-0.0238356309521206,1315,2026-06-12 23:55:00+08:00,open,-0.3347055278133332,136.44741900000002,136.44741900000002,138.5,138.5,256.6002779062736,0.0,256.6002779062736,276.93584993052343,352.0,24,652.9358499305234,553.9358499305234,704.0,48,1305.9358499305235,-1049.3355720242498,-1049.3355720242498,zscore_exit,2
1318,2026-06-12 23:58:00+08:00,-1.3812385895364216,1319,2026-06-12 23:59:00+08:00,open,1,1.1008859600395584,long_tsm_short_qff,135.341174,135.341174,137.5,137.5,False,8127.607936960854,-8000.0,-4,3.6363636363636362,1000000.0,1100000.0,2000.0,275.0,352.0,24,651.0,1320,2026-06-13 00:00:00+08:00,0.6592208950306226,1321,2026-06-13 00:01:00+08:00,open,-0.8739327760678386,135.70716599999997,135.70716599999997,137.5,137.5,2974.639484063992,-0.0,2974.639484063992,275.74365987101595,352.0,24,651.743659871016,550.743659871016,704.0,48,1302.743659871016,1671.8958241929759,1671.8958241929759,zscore_exit,2
1330,2026-06-13 00:10:00+08:00,1.0880289699181702,1331,2026-06-13 00:11:00+08:00,open,1,1.6265801087901222,short_tsm_long_qff,136.339686,136.339686,138.0,138.0,False,-8097.422198845316,8000.0,4,3.6231884057971016,1000000.0,1104000.0,2000.0,276.0,352.0,24,652.0,1385,2026-06-13 01:05:00+08:00,-0.2415246982725943,1386,2026-06-13 01:06:00+08:00,open,0.1184409974072287,137.39879,137.39879,139.5,139.5,-8576.012240485796,12000.0,3423.9877595142043,278.14400306012146,352.0,24,654.1440030601215,554.1440030601215,704.0,48,1306.1440030601216,2117.8437564540827,2117.8437564540827,zscore_exit,55
1394,2026-06-13 01:14:00+08:00,1.172946645636877,1395,2026-06-13 01:15:00+08:00,open,1,1.4524563882128787,short_tsm_long_qff,137.460834,137.460834,139.0,139.0,False,-8089.576991799715,8000.0,4,3.597122302158273,1000000.0,1112000.0,2000.0,278.0,352.0,24,654.0,1410,2026-06-13 01:30:00+08:00,-0.5132696422051436,1411,2026-06-13 01:31:00+08:00,open,-0.5142138037676767,137.267988,137.267988,139.5,139.5,1560.0425645606317,4000.0,5560.042564560632,277.6099893588598,352.0,24,653.6099893588598,555.6099893588598,704.0,48,1307.6099893588598,4252.432575201772,4252.432575201772,zscore_exit,16
1433,2026-06-13 01:53:00+08:00,1.3598550022227895,1434,2026-06-13 01:54:00+08:00,open,1,1.3549342209687023,short_tsm_long_qff,137.579776,137.579776,139.0,139.0,True,-8082.583300615345,8000.0,4,3.597122302158273,1000000.0,1112000.0,2000.0,278.0,352.0,24,654.0,1446,2026-06-13 02:06:00+08:00,-0.0004253531491505,1447,2026-06-13 02:07:00+08:00,open,-0.2192028802397747,136.9995,136.9995,139.0,139.0,4690.129107347852,0.0,4690.129107347852,276.827467723163,352.0,24,652.827467723163,554.827467723163,704.0,48,1306.827467723163,3383.3016396246894,3383.3016396246894,zscore_exit,13
1454,2026-06-13 02:14:00+08:00,1.0137148095779185,1455,2026-06-13 02:15:00+08:00,open,1,1.0167297458671427,short_tsm_long_qff,136.938852,136.938852,138.5,138.5,True,-8091.202634004848,8000.0,4,3.6101083032490973,1000000.0,1108000.0,2000.0,277.0,352.0,24,653.0,1456,2026-06-13 02:16:00+08:00,-0.2077211735620398,1457,2026-06-13 02:17:00+08:00,open,-0.7953653111757661,136.938852,136.938852,139.0,139.0,-0.0,4000.0,4000.0,277.0,352.0,24,653.0,554.0,704.0,48,1306.0,2694.0,2694.0,zscore_exit,2
1495,2026-06-13 02:55:00+08:00,-1.041344968210272,1496,2026-06-13 02:56:00+08:00,open,1,-1.114058753479687,long_tsm_short_qff,137.083896,137.083896,139.5,139.5,True,8141.000019433354,-8000.0,-4,3.5842293906810037,1000000.0,1116000.0,2000.0,279.0,352.0,24,655.0,1502,2026-06-13 03:02:00+08:00,0.3495005174434962,1503,2026-06-13 03:03:00+08:00,open,0.1226499150568094,137.109918,137.109918,139.0,139.0,211.84510250555908,4000.0,4211.845102505559,279.0529612756264,352.0,24,655.0529612756263,558.0529612756263,704.0,48,1310.0529612756263,2901.792141229933,2901.792141229933,zscore_exit,7
1534,2026-06-13 03:34:00+08:00,-1.0578355708363874,1535,2026-06-13 03:35:00+08:00,open,1,-1.6885195821285142,long_tsm_short_qff,136.57248,136.57248,139.0,139.0,True,8142.1967295314535,-8000.0,-4,3.597122302158273,1000000.0,1112000.0,2000.0,278.0,352.0,24,654.0,1542,2026-06-13 03:42:00+08:00,0.1688647257185174,1543,2026-06-13 03:43:00+08:00,open,-0.2275534609077919,137.04669,137.04669,139.0,139.0,3861.1111111111054,-0.0,3861.1111111111054,278.96527777777777,352.0,24,654.9652777777778,556.9652777777778,704.0,48,1308.9652777777778,2552.1458333333276,2552.1458333333276,zscore_exit,8
1549,2026-06-13 03:49:00+08:00,-1.5061316607112205,1550,2026-06-13 03:50:00+08:00,open,1,-0.9482421553676398,long_tsm_short_qff,136.79810500000002,136.79810500000002,139.5,139.5,True,8158.007744332422,-8000.0,-4,3.5842293906810037,1000000.0,1116000.0,2000.0,279.0,352.0,24,655.0,1554,2026-06-13 03:54:00+08:00,0.2233991304859168,1555,2026-06-13 03:55:00+08:00,open,0.6249250087615271,136.98779499999998,136.98779499999998,139.0,139.0,1547.4924890220595,4000.0,5547.492489022059,279.3868731222555,352.0,24,655.3868731222556,558.3868731222556,704.0,48,1310.3868731222556,4237.1056158998035,4237.1056158998035,zscore_exit,5
1560,2026-06-15 21:30:00+08:00,-2.9993748428095173,1561,2026-06-15 21:31:00+08:00,open,1,-3.657641810039788,long_tsm_short_qff,142.74482999999998,142.74482999999998,146.0,146.0,False,6136.824710218928,-6000.0,-3,3.4246575342465753,1000000.0,876000.0,2000.0,219.0,264.0,18,501.0,1570,2026-06-15 21:40:00+08:00,0.3616263862487601,1571,2026-06-15 21:41:00+08:00,open,-0.0143006578315568,144.509446,144.509446,147.0,147.0,10829.139072847795,-6000.0,4829.1390728477945,221.70728476821193,264.0,18,503.70728476821193,440.70728476821193,528.0,36,1004.7072847682119,3824.4317880795825,3824.4317880795825,zscore_exit,10
1575,2026-06-15 21:45:00+08:00,1.7798024784761306,1576,2026-06-15 21:46:00+08:00,open,1,-0.7009583908559551,short_tsm_long_qff,146.12114400000002,146.12114400000002,148.0,148.0,False,-6077.149245423372,6000.0,3,3.3783783783783785,1000000.0,888000.0,2000.0,222.0,264.0,18,504.0,1582,2026-06-15 21:52:00+08:00,-0.2179813600803933,1583,2026-06-15 21:53:00+08:00,open,0.2084111250492754,145.67997599999998,145.67997599999998,148.0,148.0,2681.0437783051393,0.0,2681.0437783051393,221.32973905542372,264.0,18,503.3297390554237,443.3297390554237,528.0,36,1007.3297390554237,1673.7140392497156,1673.7140392497156,zscore_exit,7
1586,2026-06-15 21:56:00+08:00,1.3181136950406471,1587,2026-06-15 21:57:00+08:00,open,1,1.382627220094163,short_tsm_long_qff,145.932072,145.932072,147.5,147.5,False,-6064.465390445494,6000.0,3,3.389830508474576,1000000.0,885000.0,2000.0,221.25,264.0,18,503.25,1597,2026-06-15 22:07:00+08:00,-0.0509679539912739,1598,2026-06-15 22:08:00+08:00,open,-0.6927627680574587,146.335062,146.335062,148.5,148.5,-2443.9189076955595,6000.0,3556.0810923044405,221.86097972692392,264.0,18,503.8609797269239,443.1109797269239,528.0,36,1007.1109797269239,2548.9701125775164,2548.9701125775164,zscore_exit,11
1599,2026-06-15 22:09:00+08:00,-1.526021330573729,1600,2026-06-15 22:10:00+08:00,open,1,-1.3596434429810889,long_tsm_short_qff,145.64905733999998,145.64905733999998,148.0,148.0,False,6096.846874381563,-6000.0,-3,3.3783783783783785,1000000.0,888000.0,2000.0,221.99999999999994,264.0,18,503.99999999999994,1604,2026-06-15 22:14:00+08:00,0.134883150606706,1605,2026-06-15 22:15:00+08:00,open,-0.8343050833814194,145.341,145.341,147.5,147.5,-1878.1784305091546,3000.0,1121.8215694908454,221.5304553923727,264.0,18,503.5304553923727,443.53045539237263,528.0,36,1007.5304553923727,114.29111409847269,114.29111409847269,zscore_exit,5
1606,2026-06-15 22:16:00+08:00,-1.259001553790373,1607,2026-06-15 22:17:00+08:00,open,1,-1.182473163176158,long_tsm_short_qff,145.278,145.278,148.0,148.0,False,6112.418948498741,-6000.0,-3,3.3783783783783785,1000000.0,888000.0,2000.0,222.0,264.0,18,504.0,1608,2026-06-15 22:18:00+08:00,0.2904496764349508,1609,2026-06-15 22:19:00+08:00,open,0.644987202737639,145.53000000000003,145.53000000000003,147.5,147.5,1540.329575021915,3000.0,4540.329575021915,222.38508239375548,264.0,18,504.3850823937555,444.3850823937555,528.0,36,1008.3850823937555,3531.9444926281594,3531.9444926281594,zscore_exit,2
1615,2026-06-15 22:25:00+08:00,1.7023018029062695,1616,2026-06-15 22:26:00+08:00,open,1,1.2704295727481971,short_tsm_long_qff,146.1285,146.1285,147.5,147.5,False,-6056.313450148328,6000.0,3,3.389830508474576,1000000.0,885000.0,2000.0,221.25,264.0,18,503.25,1621,2026-06-15 22:31:00+08:00,-0.3246278180183673,1622,2026-06-15 22:32:00+08:00,open,0.5136841601461786,145.65578585999998,145.65578585999998,147.5,147.5,2862.9050041574337,0.0,2862.9050041574337,220.53427374896063,264.0,18,502.53427374896063,441.78427374896063,528.0,36,1005.7842737489607,1857.120730408473,1857.120730408473,zscore_exit,6
1623,2026-06-15 22:33:00+08:00,1.013527322384841,1624,2026-06-15 22:34:00+08:00,open,1,-0.0548551324231521,short_tsm_long_qff,145.808871,145.808871,147.5,147.5,False,-6069.589551927879,6000.0,3,3.389830508474576,1000000.0,885000.0,2000.0,221.25,264.0,18,503.25,1627,2026-06-15 22:37:00+08:00,-0.9881469126040764,1628,2026-06-15 22:38:00+08:00,open,0.1651289551847127,145.462382,145.462382,148.0,148.0,2103.0460142580578,3000.0,5103.046014258058,220.72423849643548,264.0,18,502.7242384964355,441.9742384964355,528.0,36,1005.9742384964354,4097.071775761622,4097.071775761622,zscore_exit,4
1631,2026-06-15 22:41:00+08:00,2.0688685016313446,1632,2026-06-15 22:42:00+08:00,open,1,0.72166599799463,short_tsm_long_qff,146.281356,146.281356,148.0,148.0,False,-6070.493358018913,6000.0,3,3.3783783783783785,1000000.0,888000.0,2000.0,222.0,264.0,18,504.0,1648,2026-06-15 22:58:00+08:00,-0.068087243755127,1649,2026-06-15 22:59:00+08:00,open,-0.9061896131973296,145.881131,145.881131,148.0,148.0,2429.5632042129837,0.0,2429.5632042129837,221.39260919894673,264.0,18,503.39260919894673,443.39260919894673,528.0,36,1007.3926091989467,1422.170595014037,1422.170595014037,zscore_exit,17
1666,2026-06-15 23:16:00+08:00,-1.182510652690252,1667,2026-06-15 23:17:00+08:00,open,1,-1.033506117599974,long_tsm_short_qff,145.41865,145.41865,148.0,148.0,True,6106.5069714235415,-6000.0,-3,3.3783783783783785,1000000.0,888000.0,2000.0,222.00000000000006,264.0,18,504.00000000000006,1681,2026-06-15 23:31:00+08:00,0.114549442948471,1682,2026-06-15 23:32:00+08:00,open,0.033947251655516,145.9376,145.9376,148.0,148.0,3168.971792820183,-0.0,3168.971792820183,222.79224294820506,264.0,18,504.79224294820506,444.7922429482051,528.0,36,1008.7922429482051,2160.179549871978,2160.179549871978,zscore_exit,15
1701,2026-06-15 23:51:00+08:00,-1.665163691267536,1702,2026-06-15 23:52:00+08:00,open,1,-0.5096097197571069,long_tsm_short_qff,145.767813,145.767813,148.0,148.0,False,6091.879830837553,-6000.0,-3,3.3783783783783785,1000000.0,888000.0,2000.0,221.99999999999994,264.0,18,503.99999999999994,1729,2026-06-16 00:19:00+08:00,0.1555211448096385,1730,2026-06-16 00:20:00+08:00,open,0.7532512597936118,146.458845,146.458845,148.0,148.0,4209.683903263378,-0.0,4209.683903263378,223.05242097581583,264.0,18,505.05242097581583,445.0524209758158,528.0,36,1009.0524209758157,3200.631482287562,3200.631482287562,zscore_exit,28
1731,2026-06-16 00:21:00+08:00,1.224854872078558,1732,2026-06-16 00:22:00+08:00,open,1,1.2355768044271669,short_tsm_long_qff,146.37057499999997,146.37057499999997,148.0,148.0,False,-6066.7931378967405,6000.0,3,3.3783783783783785,1000000.0,888000.0,2000.0,222.0,264.0,18,504.0,1734,2026-06-16 00:24:00+08:00,-0.0602138894928172,1735,2026-06-16 00:25:00+08:00,open,-0.2171658865371874,146.37057499999997,146.37057499999997,148.5,148.5,-0.0,3000.0,3000.0,222.0,264.0,18,504.0,444.0,528.0,36,1008.0,1992.0,1992.0,zscore_exit,3
1746,2026-06-16 00:36:00+08:00,1.224157456759271,1747,2026-06-16 00:37:00+08:00,open,1,0.741302085745424,short_tsm_long_qff,146.37057499999997,146.37057499999997,148.0,148.0,True,-6066.7931378967405,6000.0,3,3.3783783783783785,1000000.0,888000.0,2000.0,222.0,264.0,18,504.0,1768,2026-06-16 00:58:00+08:00,-0.513799078235169,1769,2026-06-16 00:59:00+08:00,open,-0.5570692705510174,146.17771599999998,146.17771599999998,148.5,148.5,1170.0356577816187,3000.0,4170.035657781618,221.7074910855546,264.0,18,503.7074910855546,443.7074910855546,528.0,36,1007.7074910855546,3162.328166696064,3162.328166696064,zscore_exit,22
1776,2026-06-16 01:06:00+08:00,-1.2206921252344392,1777,2026-06-16 01:07:00+08:00,open,1,-1.2143832617881836,long_tsm_short_qff,145.88091,145.88091,148.5,148.5,False,6107.721702586034,-6000.0,-3,3.367003367003367,1000000.0,891000.0,2000.0,222.74999999999994,264.0,18,504.74999999999994,1802,2026-06-16 01:32:00+08:00,0.5934243950569711,1803,2026-06-16 01:33:00+08:00,open,0.2354986350977169,146.035312,146.035312,148.0,148.0,943.0444463227168,3000.0,3943.044446322717,222.98576111158067,264.0,18,504.9857611115807,445.7357611115806,528.0,36,1009.7357611115806,2933.3086852111364,2933.3086852111364,zscore_exit,26
1817,2026-06-16 01:47:00+08:00,-1.4620117997729092,1818,2026-06-16 01:48:00+08:00,open,1,-1.1001486456540468,long_tsm_short_qff,145.78924999999998,145.78924999999998,148.5,148.5,False,6111.56172351528,-6000.0,-3,3.367003367003367,1000000.0,891000.0,2000.0,222.75,264.0,18,504.75,1834,2026-06-16 02:04:00+08:00,0.676979977927424,1835,2026-06-16 02:05:00+08:00,open,0.6763980329268859,145.99690600000002,145.99690600000002,148.0,148.0,1269.10246125855,3000.0,4269.10246125855,223.06727561531463,264.0,18,505.06727561531466,445.81727561531466,528.0,36,1009.8172756153147,3259.2851856432353,3259.2851856432353,zscore_exit,17
1893,2026-06-16 03:03:00+08:00,-1.1329421576662944,1894,2026-06-16 03:04:00+08:00,open,1,-1.3977720772157265,long_tsm_short_qff,145.84304000000003,145.84304000000003,148.5,148.5,True,6109.307650197087,-6000.0,-3,3.367003367003367,1000000.0,891000.0,2000.0,222.75,264.0,18,504.75,1897,2026-06-16 03:07:00+08:00,0.1199001581592851,1898,2026-06-16 03:08:00+08:00,open,0.8441494563595077,145.81152,145.81152,148.0,148.0,-192.56537713438848,3000.0,2807.4346228656113,222.7018586557164,264.0,18,504.70185865571636,445.45185865571636,528.0,36,1009.4518586557164,1797.9827642098949,1797.9827642098949,zscore_exit,4
1900,2026-06-16 03:10:00+08:00,1.1118754523074603,1901,2026-06-16 03:11:00+08:00,open,1,1.1968676315966371,short_tsm_long_qff,146.15824,146.15824,148.0,148.0,False,-6075.606821757022,6000.0,3,3.3783783783783785,1000000.0,888000.0,2000.0,222.00000000000006,264.0,18,504.00000000000006,1907,2026-06-16 03:17:00+08:00,-0.6468839726397091,1908,2026-06-16 03:18:00+08:00,open,0.5790218260316929,146.04142599999997,146.04142599999997,148.0,148.0,709.7159352769283,0.0,709.7159352769283,221.8225710161808,264.0,18,503.8225710161808,443.82257101618086,528.0,36,1007.8225710161809,-298.1066357392525,-298.1066357392525,zscore_exit,7
1945,2026-06-16 03:55:00+08:00,1.2445638821155247,1946,2026-06-16 03:56:00+08:00,open,1,0.8752546845059008,short_tsm_long_qff,145.686267,145.686267,147.5,147.5,True,-6074.697486757624,6000.0,3,3.389830508474576,1000000.0,885000.0,2000.0,221.25,264.0,18,503.25,2291,2026-06-17 03:11:00+08:00,-0.0648329672784666,2292,2026-06-17 03:12:00+08:00,open,-0.284010123225756,137.87550000000002,137.87550000000002,138.0,138.0,47448.046664549205,-57000.0,-9551.953335450795,209.38798833386272,264.0,18,491.3879883338627,430.6379883338627,528.0,36,994.6379883338627,-10546.591323784658,-10546.591323784658,zscore_exit,1396
2332,2026-06-17 03:52:00+08:00,-1.2869126210437256,2333,2026-06-17 03:53:00+08:00,open,1,-0.5319427241985496,long_tsm_short_qff,137.0337,137.0337,137.0,137.0,False,7998.032600739817,-8000.0,-4,3.6496350364963503,1000000.0,1096000.0,2000.0,274.0,352.0,20,646.0,2334,2026-06-17 03:54:00+08:00,0.0792796316720635,2335,2026-06-17 03:55:00+08:00,open,-1.865697012323421,137.254214,137.254214,137.5,137.5,1763.678160919381,-4000.0,-2236.3218390806187,274.4409195402298,352.0,24,650.4409195402297,548.4409195402297,704.0,44,1296.4409195402297,-3532.762758620848,-3532.762758620848,zscore_exit,2
2336,2026-06-17 03:56:00+08:00,-2.005887638824783,2337,2026-06-17 03:57:00+08:00,open,1,-1.7540977246512188,long_tsm_short_qff,136.750182,136.750182,137.5,137.5,False,8043.864980011508,-8000.0,-4,3.6363636363636362,1000000.0,1100000.0,2000.0,275.0,352.0,24,651.0,2646,2026-06-18 02:36:00+08:00,0.0871486569845437,2647,2026-06-18 02:37:00+08:00,open,0.0287481737188465,140.64225000000002,140.64225000000002,143.0,143.0,31307.26948502362,-44000.0,-12692.730514976382,282.8268173712559,352.0,24,658.8268173712559,557.8268173712559,704.0,48,1309.8268173712559,-14002.557332347638,-14002.557332347638,zscore_exit,1360
2704,2026-06-18 03:34:00+08:00,-1.008586247716293,2705,2026-06-18 03:35:00+08:00,open,1,-0.8151008625761971,long_tsm_short_qff,138.69755,138.69755,142.5,142.5,False,8219.323268507627,-8000.0,-4,3.508771929824561,1000000.0,1140000.0,2000.0,285.00000000000006,352.0,24,661.0,2706,2026-06-18 03:36:00+08:00,0.3824076701836925,2707,2026-06-18 03:37:00+08:00,open,-0.6207304758003784,139.29852,139.29852,142.5,142.5,4939.566704674943,-0.0,4939.566704674943,286.2348916761688,352.0,24,662.2348916761688,571.2348916761689,704.0,48,1323.234891676169,3616.3318129987742,3616.3318129987742,zscore_exit,2
2723,2026-06-18 03:53:00+08:00,1.1153493652148925,2724,2026-06-18 03:54:00+08:00,open,1,1.0003915835595456,short_tsm_long_qff,138.418248,138.418248,141.0,141.0,False,-8149.214545758447,8000.0,4,3.5460992907801416,1000000.0,1128000.0,2000.0,282.0,352.0,24,658.0,2728,2026-06-18 03:58:00+08:00,-0.5536547881569361,2729,2026-06-18 03:59:00+08:00,open,-1.6147992412211516,138.102008,138.102008,141.5,141.5,2577.1076079505974,4000.0,6577.107607950597,281.3557230980124,352.0,24,657.3557230980124,563.3557230980124,704.0,48,1315.3557230980123,5261.751884852585,5261.751884852585,zscore_exit,5
2730,2026-06-18 21:30:00+08:00,-5.465620835612637,2731,2026-06-18 21:31:00+08:00,open,1,-4.827058222487067,long_tsm_short_qff,146.68074,146.68074,152.5,152.5,False,6238.037795555163,-6000.0,-3,3.278688524590164,1000000.0,915000.0,2000.0,228.74999999999994,264.0,18,510.74999999999994,3012,2026-06-19 02:12:00+08:00,0.1615996269128304,3013,2026-06-19 02:13:00+08:00,open,0.1190708469922902,150.0889302,150.0889302,154.5,154.5,21260.419282040755,-12000.0,9260.419282040755,234.0651048205102,264.0,18,516.0651048205102,462.8151048205101,528.0,36,1026.8151048205102,8233.604177220244,8233.604177220244,zscore_exit,282
3081,2026-06-19 03:21:00+08:00,1.498371881576836,3082,2026-06-19 03:22:00+08:00,open,1,0.9377814868719334,short_tsm_long_qff,150.395622,150.395622,155.0,155.0,False,-6183.690639611837,6000.0,3,3.225806451612903,1000000.0,930000.0,2000.0,232.5,264.0,18,514.5,3120,2026-06-22 21:30:00+08:00,-0.998917446179132,3121,2026-06-22 21:31:00+08:00,open,-1.38428052764348,170.72099999999998,170.72099999999998,177.5,177.5,-125685.84968517219,135000.0,9314.150314827813,263.921462421293,264.0,21,548.921462421293,496.421462421293,528.0,39,1063.421462421293,8250.72885240652,8250.72885240652,zscore_exit,5409
3124,2026-06-22 21:34:00+08:00,3.0122905776451683,3125,2026-06-22 21:35:00+08:00,open,1,4.48100711272582,short_tsm_long_qff,174.899712,174.899712,179.0,179.0,False,-6140.6619125822235,6000.0,3,2.793296089385475,1000000.0,1074000.0,2000.0,268.5,264.0,21,553.5,3315,2026-06-23 00:45:00+08:00,-0.1895380477208127,3316,2026-06-23 00:46:00+08:00,open,0.2546456351881754,173.9815,173.9815,178.5,178.5,5638.429456075843,-3000.0,2638.4294560758426,267.09039263598106,264.0,21,552.0903926359811,535.5903926359811,528.0,42,1105.590392635981,1532.8390634398615,1532.8390634398615,zscore_exit,191
3442,2026-06-23 02:52:00+08:00,-1.3805454402795,3443,2026-06-23 02:53:00+08:00,open,1,-0.6511991718663691,long_tsm_short_qff,174.002131,174.002131,179.0,179.0,False,6172.338199697107,-6000.0,-3,2.793296089385475,1000000.0,1074000.0,2000.0,268.5,264.0,21,553.5,3510,2026-06-23 21:30:00+08:00,2.539517684568944,3511,2026-06-23 21:31:00+08:00,open,2.3036761095989955,166.331376,166.331376,168.5,168.5,-47346.49410701749,63000.0,15653.50589298251,256.66337647324565,264.0,21,541.6633764732456,525.1633764732456,528.0,42,1095.1633764732455,14558.342516509265,14558.342516509265,zscore_exit,1118
3512,2026-06-23 21:32:00+08:00,1.9429455462797345,3513,2026-06-23 21:33:00+08:00,open,1,1.988573065744718,short_tsm_long_qff,167.154172,167.154172,169.5,169.5,False,-6084.203510038625,6000.0,3,2.949852507374631,1000000.0,1017000.0,2000.0,254.24999999999994,264.0,21,539.25,3528,2026-06-23 21:48:00+08:00,-0.0794829107883967,3529,2026-06-23 21:49:00+08:00,open,-0.1416172449646617,164.4448,164.4448,168.5,168.5,16484.37063240038,-6000.0,10484.37063240038,250.12890734189986,264.0,21,535.1289073418999,504.3789073418998,528.0,42,1074.3789073418998,9409.99172505848,9409.99172505848,zscore_exit,16
3545,2026-06-23 22:05:00+08:00,1.003026925702721,3546,2026-06-23 22:06:00+08:00,open,1,-0.0938186816208536,short_tsm_long_qff,167.79715,167.79715,171.5,171.5,False,-6132.404513425884,6000.0,3,2.9154518950437316,1000000.0,1029000.0,2000.0,257.25,264.0,21,542.25,3547,2026-06-23 22:07:00+08:00,-0.6423773821907658,3548,2026-06-23 22:08:00+08:00,open,0.2920247221880168,167.41759,167.41759,172.0,172.0,2327.6154571159154,3000.0,5327.615457115915,256.66809613572104,264.0,21,541.668096135721,513.918096135721,528.0,42,1083.918096135721,4243.6973609801935,4243.6973609801935,zscore_exit,2
3609,2026-06-23 23:09:00+08:00,1.3114476006320366,3610,2026-06-23 23:10:00+08:00,open,1,0.3483115840972384,short_tsm_long_qff,166.094381,166.094381,170.0,170.0,False,-6141.086735498897,6000.0,3,2.9411764705882355,1000000.0,1020000.0,2000.0,255.0,264.0,21,540.0,3613,2026-06-23 23:13:00+08:00,-0.2014312937464938,3614,2026-06-23 23:14:00+08:00,open,-0.4414992858963327,165.619916,165.619916,170.0,170.0,2913.730717958541,0.0,2913.730717958541,254.27156732051037,264.0,21,539.2715673205104,509.27156732051037,528.0,42,1079.2715673205103,1834.4591506380307,1834.4591506380307,zscore_exit,4
3619,2026-06-23 23:19:00+08:00,-1.2823924140346132,3620,2026-06-23 23:20:00+08:00,open,1,-0.377793034083777,long_tsm_short_qff,165.451299,165.451299,170.5,170.5,False,6183.088353993521,-6000.0,-3,2.932551319648094,1000000.0,1023000.0,2000.0,255.75,264.0,21,540.75,3623,2026-06-23 23:23:00+08:00,0.1299352409901112,3624,2026-06-23 23:24:00+08:00,open,0.8019177947229862,165.79921800000002,165.79921800000002,170.0,170.0,2151.213917033188,3000.0,5151.213917033188,256.2878034792583,264.0,21,541.2878034792583,512.0378034792583,528.0,42,1082.0378034792584,4069.17611355393,4069.17611355393,zscore_exit,4
3625,2026-06-23 23:25:00+08:00,1.013633968450376,3626,2026-06-23 23:26:00+08:00,open,1,0.1908082952947337,short_tsm_long_qff,165.80446,165.80446,169.5,169.5,False,-6133.731263923781,6000.0,3,2.949852507374631,1000000.0,1017000.0,2000.0,254.25,264.0,21,539.25,3631,2026-06-23 23:31:00+08:00,-0.0001364934225787,3632,2026-06-23 23:32:00+08:00,open,0.0525308306466459,166.24728,166.24728,170.5,170.5,-2716.1388782906265,6000.0,3283.8611217093735,254.92903471957268,264.0,21,539.9290347195727,509.17903471957266,528.0,42,1079.1790347195727,2204.682086989801,2204.682086989801,zscore_exit,6
3646,2026-06-23 23:46:00+08:00,-1.0799843358495238,3647,2026-06-23 23:47:00+08:00,open,1,-1.1283893580520663,long_tsm_short_qff,165.566887,165.566887,170.5,170.5,False,6178.771725049103,-6000.0,-3,2.932551319648094,1000000.0,1023000.0,2000.0,255.75,264.0,21,540.75,3659,2026-06-23 23:59:00+08:00,0.1547055477812833,3660,2026-06-24 00:00:00+08:00,open,-0.2933561554966234,166.758627,166.758627,171.5,171.5,7363.489415609904,-6000.0,1363.4894156099044,257.59087235390245,264.0,21,542.5908723539025,513.3408723539025,528.0,42,1083.3408723539023,280.1485432560021,280.1485432560021,zscore_exit,13
3663,2026-06-24 00:03:00+08:00,-1.284503095069477,3664,2026-06-24 00:04:00+08:00,open,1,0.0848853893781734,long_tsm_short_qff,167.35972999999998,167.35972999999998,172.5,172.5,False,6184.283399596785,-6000.0,-3,2.898550724637681,1000000.0,1035000.0,2000.0,258.74999999999994,264.0,21,543.75,3673,2026-06-24 00:13:00+08:00,0.6710253609325797,3674,2026-06-24 00:14:00+08:00,open,0.6178734613292676,168.54628,168.54628,173.0,173.0,7337.961467791633,-3000.0,4337.961467791633,260.5844903669479,264.0,21,545.5844903669479,519.3344903669479,528.0,42,1089.3344903669479,3248.6269774246857,3248.6269774246857,zscore_exit,10
3681,2026-06-24 00:21:00+08:00,-1.1868037662905404,3682,2026-06-24 00:22:00+08:00,open,1,-0.1956973725082557,long_tsm_short_qff,166.948418,166.948418,172.0,172.0,False,6181.550040204634,-6000.0,-3,2.9069767441860463,1000000.0,1032000.0,2000.0,258.0,264.0,21,543.0,3684,2026-06-24 00:24:00+08:00,0.0620397031218913,3685,2026-06-24 00:25:00+08:00,open,-0.4731551349969343,167.639164,167.639164,172.0,172.0,4269.880964071129,-0.0,4269.880964071129,259.06747024101776,264.0,21,544.0674702410178,517.0674702410178,528.0,42,1087.0674702410179,3182.813493830111,3182.813493830111,zscore_exit,3
3686,2026-06-24 00:26:00+08:00,-1.2381931841090277,3687,2026-06-24 00:27:00+08:00,open,1,-1.2315858453953634,long_tsm_short_qff,167.35444,167.35444,172.0,172.0,False,6166.552856320991,-6000.0,-3,2.9069767441860463,1000000.0,1032000.0,2000.0,258.0,264.0,21,543.0,3690,2026-06-24 00:30:00+08:00,0.1916917427164343,3691,2026-06-24 00:31:00+08:00,open,-0.3439319050006891,167.6814,167.6814,172.0,172.0,2016.2161219026216,-0.0,2016.2161219026216,258.50405403047563,264.0,21,543.5040540304756,516.5040540304756,528.0,42,1086.5040540304756,929.712067872146,929.712067872146,zscore_exit,4
3697,2026-06-24 00:37:00+08:00,-1.3220463356685903,3698,2026-06-24 00:38:00+08:00,open,1,-1.3689193367732169,long_tsm_short_qff,167.338671,167.338671,172.5,172.5,False,6185.061670532808,-6000.0,-3,2.898550724637681,1000000.0,1035000.0,2000.0,258.75,264.0,21,543.75,3747,2026-06-24 01:27:00+08:00,0.0584075680229419,3748,2026-06-24 01:28:00+08:00,open,-0.5381206118798335,168.467627,168.467627,173.5,173.5,6982.662483317964,-6000.0,982.662483317964,260.49566562082947,264.0,21,545.4956656208294,519.2456656208294,528.0,42,1089.2456656208294,-106.58318230286545,-106.58318230286545,zscore_exit,50
3756,2026-06-24 01:36:00+08:00,-1.2991742939674675,3757,2026-06-24 01:37:00+08:00,open,1,-1.0153367838258107,long_tsm_short_qff,168.124572,168.124572,173.0,173.0,False,6173.993412456092,-6000.0,-3,2.8901734104046244,1000000.0,1038000.0,2000.0,259.5,264.0,21,544.5,3773,2026-06-24 01:53:00+08:00,0.4576916774285048,3774,2026-06-24 01:54:00+08:00,open,0.1023415342038335,167.191146,167.191146,171.5,171.5,-5762.965975015223,9000.0,3237.034024984777,258.0592585062462,264.0,21,543.0592585062461,517.5592585062461,528.0,42,1087.5592585062461,2149.474766478531,2149.474766478531,zscore_exit,17
3823,2026-06-24 02:43:00+08:00,1.138063755929606,3824,2026-06-24 02:44:00+08:00,open,1,0.9146161641485252,short_tsm_long_qff,166.19414999999998,166.19414999999998,170.0,170.0,False,-6137.400143145834,6000.0,3,2.9411764705882355,1000000.0,1020000.0,2000.0,255.0,264.0,21,540.0,3827,2026-06-24 02:47:00+08:00,-0.0338960417773706,3828,2026-06-24 02:48:00+08:00,open,0.7511774913512843,165.529224,165.529224,170.0,170.0,4080.9169275812633,0.0,4080.9169275812633,253.9797707681047,264.0,21,538.9797707681047,508.9797707681047,528.0,42,1078.9797707681046,3001.9371568131587,3001.9371568131587,zscore_exit,4
3832,2026-06-24 02:52:00+08:00,1.2619286730747858,3833,2026-06-24 02:53:00+08:00,open,1,0.6301982507991731,short_tsm_long_qff,165.824828,165.824828,169.5,169.5,False,-6132.977867463852,6000.0,3,2.949852507374631,1000000.0,1017000.0,2000.0,254.25,264.0,21,539.25,3838,2026-06-24 02:58:00+08:00,-0.2396119885169464,3839,2026-06-24 02:59:00+08:00,open,0.9565085486771304,165.898614,165.898614,170.0,170.0,-452.5279049287648,3000.0,2547.4720950712353,254.3631319762322,264.0,21,539.3631319762322,508.61313197623224,528.0,42,1078.6131319762321,1468.8589630950032,1468.8589630950032,zscore_exit,6
3841,2026-06-24 03:01:00+08:00,1.0799364536351443,3842,2026-06-24 03:02:00+08:00,open,1,0.2812958265741645,short_tsm_long_qff,166.68996399999997,166.68996399999997,171.0,171.0,False,-6155.139609964762,6000.0,3,2.9239766081871346,1000000.0,1026000.0,2000.0,256.5,264.0,21,541.5,3895,2026-06-24 03:55:00+08:00,-0.3986461482913278,3896,2026-06-24 03:56:00+08:00,open,0.2687629759807799,166.00949500000002,166.00949500000002,170.0,170.0,4188.381695252862,-6000.0,-1811.6183047471377,255.4529045761868,264.0,21,540.4529045761868,511.9529045761868,528.0,42,1081.952904576187,-2893.5712093233246,-2893.5712093233246,zscore_exit,54
3900,2026-06-24 21:30:00+08:00,3.880635503015023,3901,2026-06-24 21:31:00+08:00,open,1,3.548459411294489,short_tsm_long_qff,172.207755,172.207755,174.0,174.0,False,-6062.44474878614,6000.0,3,2.8735632183908044,1000000.0,1044000.0,2000.0,261.00000000000006,264.0,21,546.0,3913,2026-06-24 21:43:00+08:00,-0.5679120647390673,3914,2026-06-24 21:44:00+08:00,open,-0.0384097952851939,167.9046,167.9046,172.0,172.0,26087.639432962846,-12000.0,14087.639432962846,254.4780901417593,264.0,21,539.4780901417594,515.4780901417594,528.0,42,1085.4780901417594,13002.161342821086,13002.161342821086,zscore_exit,13
3915,2026-06-24 21:45:00+08:00,-1.267854671448525,3916,2026-06-24 21:46:00+08:00,open,1,1.722205421133426,long_tsm_short_qff,169.909573,169.909573,174.5,174.5,False,6162.10129608177,-6000.0,-3,2.865329512893983,1000000.0,1047000.0,2000.0,261.75,264.0,21,546.75,3917,2026-06-24 21:47:00+08:00,1.6449810427718885,3918,2026-06-24 21:48:00+08:00,open,2.526689443971015,170.512652,170.512652,174.0,174.0,3716.2338875397477,3000.0,6716.233887539747,262.67905847188496,264.0,21,547.6790584718849,524.4290584718849,528.0,42,1094.429058471885,5621.804829067863,5621.804829067863,zscore_exit,2
3919,2026-06-24 21:49:00+08:00,2.173125290106819,3920,2026-06-24 21:50:00+08:00,open,1,1.8395716932277544,short_tsm_long_qff,171.84651100000002,171.84651100000002,174.5,174.5,False,-6092.646245229848,6000.0,3,2.865329512893983,1000000.0,1047000.0,2000.0,261.75,264.0,21,546.75,3932,2026-06-24 22:02:00+08:00,-0.1980304814566243,3933,2026-06-24 22:03:00+08:00,open,0.11993680551891,171.119256,171.119256,175.5,175.5,4430.9074450747175,6000.0,10430.907445074718,260.6422731387313,264.0,21,545.6422731387313,522.3922731387313,528.0,42,1092.3922731387313,9338.515171935986,9338.515171935986,zscore_exit,13
3934,2026-06-24 22:04:00+08:00,1.1918972001065098,3935,2026-06-24 22:05:00+08:00,open,1,1.2275760005949192,short_tsm_long_qff,171.89146799999997,171.89146799999997,176.0,176.0,False,-6143.411376299376,6000.0,3,2.840909090909091,1000000.0,1056000.0,2000.0,264.0,264.0,21,549.0,4151,2026-06-25 01:41:00+08:00,-0.048417280014895,4152,2026-06-25 01:42:00+08:00,open,-0.1203278907406707,176.18629900000002,176.18629900000002,179.5,179.5,-26384.913624683497,21000.0,-5384.913624683497,270.59622840617084,264.0,21,555.5962284061709,534.5962284061709,528.0,42,1104.596228406171,-6489.509853089668,-6489.509853089668,zscore_exit,217
4173,2026-06-25 02:03:00+08:00,-1.051234024320865,4174,2026-06-25 02:04:00+08:00,open,1,-0.6059357256428198,long_tsm_short_qff,175.345588,175.345588,179.0,179.0,False,6125.047183964503,-6000.0,-3,2.793296089385475,1000000.0,1074000.0,2000.0,268.5,264.0,21,553.5,4206,2026-06-25 02:36:00+08:00,0.0998736936836971,4207,2026-06-25 02:37:00+08:00,open,-0.1376936081772705,176.88314,176.88314,180.0,180.0,9417.578547799021,-6000.0,3417.578547799021,270.85439463694973,264.0,21,555.8543946369498,539.3543946369498,528.0,42,1109.3543946369498,2308.224153162071,2308.224153162071,zscore_exit,33
4217,2026-06-25 02:47:00+08:00,-1.1691524067617207,4218,2026-06-25 02:48:00+08:00,open,1,-0.7503009754862076,long_tsm_short_qff,175.456026,175.456026,179.5,179.5,False,6138.290171920342,-6000.0,-3,2.785515320334262,1000000.0,1077000.0,2000.0,269.25,264.0,21,554.25,4260,2026-06-25 03:30:00+08:00,0.0397398254814794,4261,2026-06-25 03:31:00+08:00,open,0.1843520853084835,176.86752,176.86752,180.0,180.0,8664.15974792456,-3000.0,5664.159747924559,271.4160399369812,264.0,21,556.4160399369812,540.6660399369812,528.0,42,1110.6660399369812,4553.493707987578,4553.493707987578,zscore_exit,43
4273,2026-06-25 03:43:00+08:00,-1.0912209794098782,4274,2026-06-25 03:44:00+08:00,open,1,-0.975162701693656,long_tsm_short_qff,175.58033600000002,175.58033600000002,179.5,179.5,False,6133.944293169595,-6000.0,-3,2.785515320334262,1000000.0,1077000.0,2000.0,269.25,264.0,21,554.25,4283,2026-06-25 03:53:00+08:00,0.2486499123125704,4284,2026-06-25 03:54:00+08:00,open,0.2385086266276046,177.077032,177.077032,180.0,180.0,9180.649887809674,-3000.0,6180.649887809674,271.54516247195244,264.0,21,556.5451624719524,540.7951624719524,528.0,42,1110.7951624719524,5069.854725337721,5069.854725337721,zscore_exit,10
4291,2026-06-25 21:31:00+08:00,1.2924838568489705,4292,2026-06-25 21:32:00+08:00,open,1,1.954624652767152,short_tsm_long_qff,181.885824,181.885824,184.5,184.5,False,-6086.235725550551,6000.0,3,2.710027100271003,1000000.0,1107000.0,2000.0,276.75,264.0,21,561.75,4301,2026-06-25 21:41:00+08:00,-0.8102812953444105,4302,2026-06-25 21:42:00+08:00,open,-1.2588097010033772,179.25675566,179.25675566,183.0,183.0,16001.129655821904,-9000.0,7001.129655821904,272.7497175860445,264.0,21,557.7497175860444,549.4997175860444,528.0,42,1119.4997175860444,5881.629938235859,5881.629938235859,zscore_exit,10
4303,2026-06-25 21:43:00+08:00,-1.6375953468483522,4304,2026-06-25 21:44:00+08:00,open,1,-0.7718144221564751,long_tsm_short_qff,177.66697,177.66697,182.0,182.0,False,6146.330969678833,-6000.0,-3,2.7472527472527473,1000000.0,1092000.0,2000.0,273.0,264.0,21,558.0,4306,2026-06-25 21:46:00+08:00,1.1906850378048026,4307,2026-06-25 21:47:00+08:00,open,0.592730942782576,176.92644199999998,176.92644199999998,180.0,180.0,-4551.530180314399,12000.0,7448.469819685601,271.8621174549214,264.0,21,556.8621174549214,544.8621174549214,528.0,42,1114.8621174549214,6333.607702230679,6333.607702230679,zscore_exit,3
4309,2026-06-25 21:49:00+08:00,1.156443462910268,4310,2026-06-25 21:50:00+08:00,open,1,0.6733346648626579,short_tsm_long_qff,178.201596,178.201596,180.5,180.5,False,-6077.386646974812,6000.0,3,2.770083102493075,1000000.0,1083000.0,2000.0,270.75,264.0,21,555.75,4452,2026-06-26 00:12:00+08:00,-0.0073099559349808,4453,2026-06-26 00:13:00+08:00,open,-0.1580639234554792,177.032941,177.032941,179.5,179.5,7102.368291920356,-6000.0,1102.3682919203557,268.97440792701997,264.0,21,553.9744079270199,539.7244079270199,528.0,42,1109.72440792702,-7.3561160066642515,-7.3561160066642515,zscore_exit,143
4476,2026-06-26 00:36:00+08:00,-1.0531836071465943,4477,2026-06-26 00:37:00+08:00,open,1,-0.4470950405874358,long_tsm_short_qff,175.81942800000002,175.81942800000002,179.5,179.5,False,6125.602911186811,-6000.0,-3,2.785515320334262,1000000.0,1077000.0,2000.0,269.25,264.0,21,554.25,4500,2026-06-26 01:00:00+08:00,0.0345672833520997,4501,2026-06-26 01:01:00+08:00,open,0.0620104513021987,176.019792,176.019792,178.5,178.5,1227.3503016969062,6000.0,7227.350301696906,269.55683757542425,264.0,21,554.5568375754242,538.8068375754242,528.0,42,1108.8068375754242,6118.5434641214815,6118.5434641214815,zscore_exit,24
4541,2026-06-26 01:41:00+08:00,1.0334346394275078,4542,2026-06-26 01:42:00+08:00,open,1,0.840214724357334,short_tsm_long_qff,177.266616,177.266616,179.0,179.0,False,-6058.670404132948,6000.0,3,2.793296089385475,1000000.0,1074000.0,2000.0,268.5,264.0,21,553.5,4562,2026-06-26 02:02:00+08:00,-0.0174169288609073,4563,2026-06-26 02:03:00+08:00,open,0.4051007852679796,176.699936,176.699936,178.5,178.5,3433.3273446140042,-3000.0,433.32734461400423,267.6416681638465,264.0,21,552.6416681638465,536.1416681638465,528.0,42,1106.1416681638466,-672.8143235498424,-672.8143235498424,zscore_exit,21
4680,2026-06-26 21:30:00+08:00,4.518610303730922,4681,2026-06-26 21:31:00+08:00,open,1,2.880279880551265,short_tsm_long_qff,165.90084,165.90084,165.0,165.0,False,-5967.420056462644,6000.0,3,3.0303030303030303,1000000.0,990000.0,2000.0,247.50000000000006,264.0,21,532.5,4729,2026-06-26 22:19:00+08:00,-0.474651198791882,4730,2026-06-26 22:20:00+08:00,open,0.272662749742865,162.580146,162.580146,164.0,164.0,19815.975976975013,-6000.0,13815.975976975013,242.54600600575628,264.0,21,527.5460060057562,490.04600600575634,528.0,42,1060.0460060057562,12755.929970969257,12755.929970969257,zscore_exit,49
4734,2026-06-26 22:24:00+08:00,1.621214446750729,4735,2026-06-26 22:25:00+08:00,open,1,1.249330292353745,short_tsm_long_qff,163.85097792,163.85097792,164.5,164.5,False,-6023.766306002161,6000.0,3,3.0395136778115504,1000000.0,987000.0,2000.0,246.75,264.0,21,531.75,4748,2026-06-26 22:38:00+08:00,-0.1228605526728907,4749,2026-06-26 22:39:00+08:00,open,0.1819555152029358,161.35861500000001,161.35861500000001,162.5,162.5,15013.411779825019,-12000.0,3013.411779825019,242.99664705504375,264.0,21,527.9966470550437,489.74664705504375,528.0,42,1059.7466470550437,1953.6651327699753,1953.6651327699753,zscore_exit,14
4770,2026-06-26 23:00:00+08:00,-1.2288987670260674,4771,2026-06-26 23:01:00+08:00,open,1,-1.3018275379278157,long_tsm_short_qff,159.970788,159.970788,162.5,162.5,False,6094.862769570154,-6000.0,-3,3.076923076923077,1000000.0,975000.0,2000.0,243.75,264.0,21,528.75,4776,2026-06-26 23:06:00+08:00,0.6540095388579402,4777,2026-06-26 23:07:00+08:00,open,-0.2732828754283517,159.44929,159.44929,161.0,161.0,-3178.4587446053465,9000.0,5821.5412553946535,242.9553853138487,264.0,18,524.9553853138486,486.7053853138487,528.0,39,1053.7053853138486,4767.835870080805,4767.835870080805,zscore_exit,6
4779,2026-06-26 23:09:00+08:00,1.116627850150714,4780,2026-06-26 23:10:00+08:00,open,1,0.0288564322736954,short_tsm_long_qff,160.751997,160.751997,161.5,161.5,False,-6027.918894220643,6000.0,3,3.0959752321981426,1000000.0,969000.0,2000.0,242.25,264.0,18,524.25,4799,2026-06-26 23:29:00+08:00,-0.6687002021880848,4800,2026-06-26 23:30:00+08:00,open,-1.0934518866121503,161.841372,161.841372,164.0,164.0,-6566.664145391723,15000.0,8433.335854608278,243.89166603634794,264.0,21,528.8916660363479,486.14166603634794,528.0,39,1053.141666036348,7380.19418857193,7380.19418857193,zscore_exit,20
4805,2026-06-26 23:35:00+08:00,-1.0528324767703243,4806,2026-06-26 23:36:00+08:00,open,1,-0.7190218968240348,long_tsm_short_qff,161.082126,161.082126,163.5,163.5,False,6090.061165445508,-6000.0,-3,3.058103975535168,1000000.0,981000.0,2000.0,245.25000000000006,264.0,21,530.25,4821,2026-06-26 23:51:00+08:00,0.0139686919496258,4822,2026-06-26 23:52:00+08:00,open,-0.4095556418649022,161.323146,161.323146,163.0,163.0,1467.8265420957994,3000.0,4467.8265420958,245.61695663552396,264.0,21,530.6169566355239,490.86695663552405,528.0,42,1060.8669566355238,3406.959585460276,3406.959585460276,zscore_exit,16
4823,2026-06-26 23:53:00+08:00,-1.1151571440504393,4824,2026-06-26 23:54:00+08:00,open,1,-0.176212676687029,long_tsm_short_qff,161.41866000000002,161.41866000000002,163.5,163.5,False,6077.364289853477,-6000.0,-3,3.058103975535168,1000000.0,981000.0,2000.0,245.25,264.0,21,530.25,4825,2026-06-26 23:55:00+08:00,0.1090862014940947,4826,2026-06-26 23:56:00+08:00,open,-0.7815985720202261,161.945736,161.945736,164.0,164.0,3203.232860438774,-3000.0,203.23286043877397,246.05080821510967,264.0,21,531.0508082151097,491.30080821510967,528.0,42,1061.3008082151096,-858.0679477763356,-858.0679477763356,zscore_exit,2
4829,2026-06-26 23:59:00+08:00,-1.0852294999536245,4830,2026-06-27 00:00:00+08:00,open,1,-1.4816761872364037,long_tsm_short_qff,161.79291999999998,161.79291999999998,164.5,164.5,False,6100.390548609915,-6000.0,-3,3.0395136778115504,1000000.0,987000.0,2000.0,246.74999999999994,264.0,21,531.75,5061,2026-06-27 03:51:00+08:00,0.1013316859786362,5062,2026-06-27 03:52:00+08:00,open,0.1292084606652227,164.70832,164.70832,167.0,167.0,17785.078605417377,-15000.0,2785.078605417377,251.19626965135433,264.0,21,536.1962696513543,497.94626965135427,528.0,42,1067.9462696513542,1717.1323357660226,1717.1323357660226,zscore_exit,232
5070,2026-06-29 21:30:00+08:00,-1.3371558400175,5071,2026-06-29 21:31:00+08:00,open,1,-0.9949580629066572,long_tsm_short_qff,162.967838,162.967838,167.0,167.0,False,6148.45243268184,-6000.0,-3,2.9940119760479043,1000000.0,1002000.0,2000.0,250.5,264.0,21,535.5,5124,2026-06-29 22:24:00+08:00,0.1445883684835008,5125,2026-06-29 22:25:00+08:00,open,-0.045982361595738,161.076034,161.076034,164.0,164.0,-11631.666905957283,18000.0,6368.333094042717,247.5920832735107,264.0,21,532.5920832735108,498.0920832735107,528.0,42,1068.0920832735108,5300.241010769206,5300.241010769206,zscore_exit,54
5134,2026-06-29 22:34:00+08:00,1.0292413063600714,5135,2026-06-29 22:35:00+08:00,open,1,0.9444819297040858,short_tsm_long_qff,163.880682,163.880682,166.0,166.0,False,-6077.592476702043,6000.0,3,3.0120481927710845,1000000.0,996000.0,2000.0,249.0,264.0,21,534.0,5146,2026-06-29 22:46:00+08:00,-0.1989759973095196,5147,2026-06-29 22:47:00+08:00,open,-0.4986866216294583,162.24130399999999,162.24130399999999,165.0,165.0,9963.471399270977,-6000.0,3963.4713992709767,246.50913215018227,264.0,21,531.5091321501823,495.50913215018227,528.0,42,1065.5091321501823,2897.9622671207944,2897.9622671207944,zscore_exit,12
5169,2026-06-29 23:09:00+08:00,1.3213672559884602,5170,2026-06-29 23:10:00+08:00,open,1,1.2429746282820964,short_tsm_long_qff,164.528426,164.528426,167.0,167.0,False,-6090.133020539563,6000.0,3,2.9940119760479043,1000000.0,1002000.0,2000.0,250.5,264.0,21,535.5,5221,2026-06-30 00:01:00+08:00,-0.0528426014757586,5222,2026-06-30 00:02:00+08:00,open,0.8109019431730997,167.2125,167.2125,170.5,170.5,-16346.367696971767,21000.0,4653.632303028233,254.58659192424295,264.0,21,539.586591924243,505.08659192424295,528.0,42,1075.0865919242428,3578.54571110399,3578.54571110399,zscore_exit,52
5224,2026-06-30 00:04:00+08:00,1.295374103748446,5225,2026-06-30 00:05:00+08:00,open,1,1.4781659856017555,short_tsm_long_qff,168.14560616,168.14560616,170.5,170.5,False,-6084.012680215729,6000.0,3,2.932551319648094,1000000.0,1023000.0,2000.0,255.75,264.0,21,540.75,5404,2026-06-30 03:04:00+08:00,-0.031806039747703,5405,2026-06-30 03:05:00+08:00,open,0.4673159871764502,169.36751999999998,169.36751999999998,171.5,171.5,-7434.139296691002,6000.0,-1434.1392966910016,257.6085348241728,264.0,21,542.6085348241728,513.3585348241728,528.0,42,1083.3585348241727,-2517.4978315151743,-2517.4978315151743,zscore_exit,180
5406,2026-06-30 03:06:00+08:00,1.2423622848034117,5407,2026-06-30 03:07:00+08:00,open,1,0.9417042377805668,short_tsm_long_qff,169.654044,169.654044,171.5,171.5,False,-6065.284243975935,6000.0,3,2.9154518950437316,1000000.0,1029000.0,2000.0,257.25,264.0,21,542.25,5431,2026-06-30 03:31:00+08:00,-0.1333653571621599,5432,2026-06-30 03:32:00+08:00,open,0.1978180012725072,169.87156,169.87156,172.0,172.0,-1319.2963676126037,3000.0,1680.7036323873963,257.57982409190316,264.0,21,542.5798240919032,514.8298240919032,528.0,42,1084.8298240919032,595.8738082954931,595.8738082954931,zscore_exit,25
5470,2026-06-30 21:40:00+08:00,1.0416260122618182,5471,2026-06-30 21:41:00+08:00,open,1,0.7491248057413206,short_tsm_long_qff,169.564076,169.564076,171.0,171.0,False,-6050.8099604777135,6000.0,3,2.9239766081871346,1000000.0,1026000.0,2000.0,256.5,264.0,21,541.5,5588,2026-06-30 23:38:00+08:00,-0.079826457133163,5589,2026-06-30 23:39:00+08:00,open,-0.1326084864523647,170.296603,170.296603,172.0,172.0,-4432.381667918886,6000.0,1567.6183320811142,257.6080954169797,264.0,21,542.6080954169797,514.1080954169797,528.0,42,1084.1080954169797,483.5102366641345,483.5102366641345,zscore_exit,118
5599,2026-06-30 23:49:00+08:00,1.2214413821081125,5600,2026-06-30 23:50:00+08:00,open,1,0.6163962160071693,short_tsm_long_qff,170.583244,170.583244,172.0,172.0,False,-6049.832186331267,6000.0,3,2.9069767441860463,1000000.0,1032000.0,2000.0,258.0,264.0,21,543.0,5608,2026-06-30 23:58:00+08:00,-0.2074944449533509,5609,2026-06-30 23:59:00+08:00,open,-0.4238655622812479,170.23290500000002,170.23290500000002,172.0,172.0,2119.4921583270557,0.0,2119.4921583270557,257.4701269604182,264.0,21,542.4701269604182,515.4701269604182,528.0,42,1085.4701269604182,1034.0220313666375,1034.0220313666375,zscore_exit,9
5651,2026-07-01 00:41:00+08:00,-1.1830907728141105,5652,2026-07-01 00:42:00+08:00,open,1,-0.0579045645573182,long_tsm_short_qff,169.88256600000003,169.88256600000003,172.0,172.0,False,6074.784625045044,-6000.0,-3,2.9069767441860463,1000000.0,1032000.0,2000.0,258.00000000000006,264.0,21,543.0,5655,2026-07-01 00:45:00+08:00,0.0621040130160328,5656,2026-07-01 00:46:00+08:00,open,0.0618426015532249,170.519546,170.519546,172.0,172.0,3869.5163104609837,-0.0,3869.5163104609837,258.96737907761525,264.0,21,543.9673790776153,516.9673790776153,528.0,42,1086.9673790776153,2782.5489313833687,2782.5489313833687,zscore_exit,4
5699,2026-07-01 01:29:00+08:00,1.2101294618628406,5700,2026-07-01 01:30:00+08:00,open,1,1.4474227457427271,short_tsm_long_qff,170.379385,170.379385,171.5,171.5,True,-6039.4630488893945,6000.0,3,2.9154518950437316,1000000.0,1029000.0,2000.0,257.25,264.0,21,542.25,5715,2026-07-01 01:45:00+08:00,-0.0055641357377331,5716,2026-07-01 01:46:00+08:00,open,0.112580187429298,170.54838,170.54838,172.0,172.0,-1020.6390579470351,3000.0,1979.360942052965,257.5051597644868,264.0,21,542.5051597644867,514.7551597644867,528.0,42,1084.7551597644867,894.6057822884782,894.6057822884782,zscore_exit,16
5773,2026-07-01 02:43:00+08:00,1.0702753817941388,5774,2026-07-01 02:44:00+08:00,open,1,1.220530897353207,short_tsm_long_qff,171.66179799999998,171.66179799999998,172.5,172.5,True,-6029.297211485576,6000.0,3,2.898550724637681,1000000.0,1035000.0,2000.0,258.75,264.0,21,543.75,5785,2026-07-01 02:55:00+08:00,-0.1549239575015363,5786,2026-07-01 02:56:00+08:00,open,-0.0975899818134545,171.50165500000003,171.50165500000003,173.0,173.0,965.5497433386222,3000.0,3965.549743338622,258.50861256416533,264.0,21,543.5086125641653,517.2586125641653,528.0,42,1087.2586125641653,2878.291130774457,2878.291130774457,zscore_exit,12
5795,2026-07-01 03:05:00+08:00,-1.0359394888108295,5796,2026-07-01 03:06:00+08:00,open,1,0.485153953484834,long_tsm_short_qff,171.05172,171.05172,173.0,173.0,True,6068.3400318921085,-6000.0,-3,2.8901734104046244,1000000.0,1038000.0,2000.0,259.5,264.0,21,544.5,5797,2026-07-01 03:07:00+08:00,0.5455902467627443,5798,2026-07-01 03:08:00+08:00,open,0.4796737194508114,171.878364,171.878364,173.0,173.0,5016.3568773235165,-0.0,5016.3568773235165,260.75408921933087,264.0,21,545.7540892193308,520.2540892193308,528.0,42,1090.2540892193308,3926.1027881041855,3926.1027881041855,zscore_exit,2
5801,2026-07-01 03:11:00+08:00,1.3284475954368162,5802,2026-07-01 03:12:00+08:00,open,1,1.2286357373684194,short_tsm_long_qff,172.24905600000002,172.24905600000002,173.0,173.0,True,-6026.157844371582,6000.0,3,2.8901734104046244,1000000.0,1038000.0,2000.0,259.5,264.0,21,544.5,5834,2026-07-01 03:44:00+08:00,-0.0231847755576307,5835,2026-07-01 03:45:00+08:00,open,0.0997656395173354,172.684076,172.684076,174.0,174.0,-2621.499185458406,6000.0,3378.500814541594,260.1553747963646,264.0,21,545.1553747963646,519.6553747963646,528.0,42,1089.6553747963646,2288.8454397452297,2288.8454397452297,zscore_exit,33
5845,2026-07-01 03:55:00+08:00,1.1692598541513606,5846,2026-07-01 03:56:00+08:00,open,1,0.2001473255488212,short_tsm_long_qff,172.758534,172.758534,174.0,174.0,False,-6043.116804869391,6000.0,3,2.8735632183908044,1000000.0,1044000.0,2000.0,261.0,264.0,21,546.0,5850,2026-07-01 21:30:00+08:00,-2.8167177079040853,5851,2026-07-01 21:31:00+08:00,open,-2.9647697447387467,168.491988,168.491988,171.0,171.0,25783.235831348313,-18000.0,7783.235831348313,254.5541910421629,264.0,21,539.5541910421629,515.5541910421629,528.0,42,1085.554191042163,6697.681640306149,6697.681640306149,zscore_exit,1055
5852,2026-07-01 21:32:00+08:00,-3.182165360792217,5853,2026-07-01 21:33:00+08:00,open,1,-3.520331283106012,long_tsm_short_qff,167.282106,167.282106,170.0,170.0,False,6097.484210295631,-6000.0,-3,2.9411764705882355,1000000.0,1020000.0,2000.0,255.0,264.0,21,540.0,6168,2026-07-02 02:48:00+08:00,0.2125037754317045,6169,2026-07-02 02:49:00+08:00,open,-0.2080410824330574,165.297013,165.297013,168.5,168.5,-12104.073223468422,9000.0,-3104.073223468422,251.97398169413293,264.0,21,536.9739816941329,506.97398169413293,528.0,42,1076.9739816941328,-4181.047205162555,-4181.047205162555,zscore_exit,316
6185,2026-07-02 03:05:00+08:00,1.088328085698005,6186,2026-07-02 03:06:00+08:00,open,1,0.8269115665757427,short_tsm_long_qff,166.958472,166.958472,169.5,169.5,False,-6091.335095591915,6000.0,3,2.949852507374631,1000000.0,1017000.0,2000.0,254.25000000000006,264.0,21,539.25,6191,2026-07-02 03:11:00+08:00,-0.025397420593486,6192,2026-07-02 03:12:00+08:00,open,-0.5416359078230941,166.900038,166.900038,170.0,170.0,355.941074975851,3000.0,3355.941074975851,254.16101473125605,264.0,21,539.161014731256,508.4110147312561,528.0,42,1078.411014731256,2277.530060244595,2277.530060244595,zscore_exit,6
6210,2026-07-02 03:30:00+08:00,1.0595577969102106,6211,2026-07-02 03:31:00+08:00,open,1,0.7123199996401934,short_tsm_long_qff,167.594972,167.594972,170.0,170.0,False,-6086.101437458397,6000.0,3,2.9411764705882355,1000000.0,1020000.0,2000.0,255.0,264.0,21,540.0,6216,2026-07-02 03:36:00+08:00,-0.1949324426788876,6217,2026-07-02 03:37:00+08:00,open,0.4741698716822927,166.24186100000003,166.24186100000003,169.0,169.0,8235.170802140674,-6000.0,2235.170802140674,252.9412072994648,264.0,21,537.9412072994648,507.9412072994648,528.0,42,1077.9412072994648,1157.229594841209,1157.229594841209,zscore_exit,6
6240,2026-07-02 21:30:00+08:00,5.114214202724585,6241,2026-07-02 21:31:00+08:00,open,1,5.194513911997486,short_tsm_long_qff,165.43417799999997,165.43417799999997,166.5,166.5,False,-6038.655446397541,6000.0,3,3.003003003003003,1000000.0,999000.0,2000.0,249.75000000000006,264.0,21,534.75,6280,2026-07-02 22:10:00+08:00,-0.2910391457588883,6281,2026-07-02 22:11:00+08:00,open,0.2541956041244719,165.21186,165.21186,168.5,168.5,1342.501801532045,12000.0,13342.501801532046,249.414374549617,264.0,21,534.414374549617,499.16437454961704,528.0,42,1069.1643745496172,12273.337426982429,12273.337426982429,zscore_exit,40
6298,2026-07-02 22:28:00+08:00,-1.720326175053047,6299,2026-07-02 22:29:00+08:00,open,1,-0.9369446681103968,long_tsm_short_qff,162.483456,162.483456,166.0,166.0,False,6129.85484503727,-6000.0,-3,3.0120481927710845,1000000.0,996000.0,2000.0,249.0,264.0,21,534.0,6420,2026-07-03 00:30:00+08:00,0.1306944097866403,6421,2026-07-03 00:31:00+08:00,open,-1.2391120368145363,156.861991,156.861991,160.5,160.5,-34458.76446645744,33000.0,-1458.76446645744,240.38530888338565,264.0,18,522.3853088833856,489.3853088833856,528.0,39,1056.3853088833857,-2515.1497753408257,-2515.1497753408257,zscore_exit,122
6422,2026-07-03 00:32:00+08:00,-1.56761156421284,6423,2026-07-03 00:33:00+08:00,open,1,-1.765456856141956,long_tsm_short_qff,156.57499,156.57499,161.0,161.0,False,6169.56769404871,-6000.0,-3,3.1055900621118013,1000000.0,966000.0,2000.0,241.49999999999994,264.0,18,523.5,6434,2026-07-03 00:44:00+08:00,0.0224821641478271,6435,2026-07-03 00:45:00+08:00,open,-0.1381946180498725,157.76698,157.76698,161.0,161.0,7354.062995628972,-0.0,7354.062995628972,243.33851574890724,264.0,18,525.3385157489072,484.8385157489072,528.0,36,1048.8385157489072,6305.224479880065,6305.224479880065,zscore_exit,12
6459,2026-07-03 01:09:00+08:00,1.1346903192727524,6460,2026-07-03 01:10:00+08:00,open,1,0.7179859660782096,short_tsm_long_qff,156.10896,156.10896,158.5,158.5,False,-6091.898889083624,6000.0,3,3.1545741324921135,1000000.0,951000.0,2000.0,237.75,264.0,18,519.75,6555,2026-07-03 02:45:00+08:00,-0.2780946315410822,6556,2026-07-03 02:46:00+08:00,open,-0.4626633481019584,155.243641,155.243641,158.5,158.5,5271.4358548029495,0.0,5271.4358548029495,236.43214103629924,264.0,18,518.4321410362993,474.18214103629924,528.0,36,1038.1821410362993,4233.25371376665,4233.25371376665,zscore_exit,96
6562,2026-07-03 02:52:00+08:00,1.002808084039721,6563,2026-07-03 02:53:00+08:00,open,1,0.7055631585863507,short_tsm_long_qff,156.319904,156.319904,158.5,158.5,False,-6083.678249955936,6000.0,3,3.1545741324921135,1000000.0,951000.0,2000.0,237.75,264.0,18,519.75,6573,2026-07-03 03:03:00+08:00,-0.2149670491704368,6574,2026-07-03 03:04:00+08:00,open,0.4581228381213344,155.79755999999998,155.79755999999998,159.0,159.0,3177.77283179518,3000.0,6177.7728317951805,236.95555679205117,264.0,18,518.9555567920512,474.7055567920512,528.0,36,1038.705556792051,5139.06727500313,5139.06727500313,zscore_exit,11
6630,2026-07-06 21:30:00+08:00,1.0170533479190225,6631,2026-07-06 21:31:00+08:00,open,1,-0.1954068408808139,short_tsm_long_qff,165.487644,165.487644,168.0,168.0,False,-6091.089193341831,6000.0,3,2.9761904761904763,1000000.0,1008000.0,2000.0,252.0,264.0,21,537.0,6732,2026-07-06 23:12:00+08:00,-0.1154818948872398,6733,2026-07-06 23:13:00+08:00,open,0.6280571282019122,168.37786,168.37786,171.0,171.0,-17604.563444023708,18000.0,395.43655597629186,256.40114086100596,264.0,21,541.401140861006,508.40114086100596,528.0,42,1078.4011408610058,-682.964584884714,-682.964584884714,zscore_exit,102
6753,2026-07-06 23:33:00+08:00,1.166110347375226,6754,2026-07-06 23:34:00+08:00,open,1,0.9190308872142536,short_tsm_long_qff,170.06368,170.06368,171.5,171.5,False,-6050.674664925515,6000.0,3,2.9154518950437316,1000000.0,1029000.0,2000.0,257.25,264.0,21,542.25,6774,2026-07-06 23:54:00+08:00,-0.3634159325196601,6775,2026-07-06 23:55:00+08:00,open,-0.2955308918892236,168.90655600000002,168.90655600000002,172.0,172.0,7001.380870977161,3000.0,10001.380870977162,255.4996547822557,264.0,21,540.4996547822557,512.7496547822557,528.0,42,1082.7496547822557,8918.631216194906,8918.631216194906,zscore_exit,21
6784,2026-07-07 00:04:00+08:00,1.0958703301498578,6785,2026-07-07 00:05:00+08:00,open,1,0.6229348762513389,short_tsm_long_qff,169.183716,169.183716,171.5,171.5,False,-6082.145636285705,6000.0,3,2.9154518950437316,1000000.0,1029000.0,2000.0,257.25000000000006,264.0,21,542.25,6798,2026-07-07 00:18:00+08:00,-0.0373540141926843,6799,2026-07-07 00:19:00+08:00,open,0.2329236818135848,168.789096,168.789096,172.0,172.0,2400.136310991085,3000.0,5400.136310991085,256.64996592225225,264.0,21,541.6499659222522,513.8999659222522,528.0,42,1083.8999659222522,4316.2363450688335,4316.2363450688335,zscore_exit,14
6818,2026-07-07 00:38:00+08:00,-1.4654685032665244,6819,2026-07-07 00:39:00+08:00,open,1,-1.0171509514825807,long_tsm_short_qff,167.85049,167.85049,171.5,171.5,True,6130.455740701144,-6000.0,-3,2.9154518950437316,1000000.0,1029000.0,2000.0,257.25000000000006,264.0,21,542.25,7020,2026-07-07 21:30:00+08:00,2.8606223468726046,7021,2026-07-07 21:31:00+08:00,open,3.07362100387121,156.5992,156.5992,156.5,156.5,-68975.53537079346,90000.0,21024.464629206544,240.00611615730165,264.0,18,522.0061161573017,497.2561161573017,528.0,39,1064.2561161573017,19960.20851304924,19960.20851304924,zscore_exit,1252
7022,2026-07-07 21:32:00+08:00,1.967697638470289,7023,2026-07-07 21:33:00+08:00,open,1,2.320321102124004,short_tsm_long_qff,155.6365,155.6365,156.0,156.0,False,-6014.013422301324,6000.0,3,3.2051282051282053,1000000.0,936000.0,2000.0,234.0,264.0,18,516.0,7356,2026-07-08 03:06:00+08:00,-0.1899339205508145,7357,2026-07-08 03:07:00+08:00,open,-0.3250392784559323,152.44041099999998,152.44041099999998,154.0,154.0,19221.32214486979,-12000.0,7221.322144869791,229.19466946378256,264.0,18,511.1946694637826,463.1946694637826,528.0,36,1027.1946694637827,6194.127475406009,6194.127475406009,zscore_exit,334
7410,2026-07-08 21:30:00+08:00,-3.143769399978544,7411,2026-07-08 21:31:00+08:00,open,1,-1.8384100877227012,long_tsm_short_qff,156.52111999999997,156.52111999999997,158.5,158.5,False,6075.8573667246965,-6000.0,-3,3.1545741324921135,1000000.0,951000.0,2000.0,237.75,264.0,18,519.75,7427,2026-07-08 21:47:00+08:00,0.0347341609718318,7428,2026-07-08 21:48:00+08:00,open,-1.430308964406004,159.89034,159.89034,161.5,161.5,20470.900157116434,-18000.0,2470.9001571164335,242.86772503927912,264.0,18,524.8677250392791,480.6177250392791,528.0,36,1044.617725039279,1426.2824320771545,1426.2824320771545,zscore_exit,17
7435,2026-07-08 21:55:00+08:00,-1.6619438274618097,7436,2026-07-08 21:56:00+08:00,open,1,-1.3955692935650377,long_tsm_short_qff,159.12102,159.12102,161.0,161.0,False,6070.850978707905,-6000.0,-3,3.1055900621118013,1000000.0,966000.0,2000.0,241.5,264.0,18,523.5,7619,2026-07-09 00:59:00+08:00,0.253113100024007,7620,2026-07-09 01:00:00+08:00,open,-0.0877386528876722,159.79765000000003,159.79765000000003,161.5,161.5,4107.719897723407,-3000.0,1107.7198977234066,242.52692997443086,264.0,18,524.5269299744309,484.02692997443086,528.0,36,1048.026929974431,59.69296774897566,59.69296774897566,zscore_exit,184
7634,2026-07-09 01:14:00+08:00,-1.2626449904401484,7635,2026-07-09 01:15:00+08:00,open,1,-0.5259664264771724,long_tsm_short_qff,158.951162,158.951162,161.5,161.5,False,6096.212118285741,-6000.0,-3,3.0959752321981426,1000000.0,969000.0,2000.0,242.25,264.0,18,524.25,7752,2026-07-09 03:12:00+08:00,0.0548340791844045,7753,2026-07-09 03:13:00+08:00,open,-0.118718595261082,159.004594,159.004594,161.5,161.5,325.73280590416203,-0.0,325.73280590416203,242.33143320147605,264.0,18,524.3314332014761,484.58143320147605,528.0,36,1048.581433201476,-722.8486272973141,-722.8486272973141,zscore_exit,118
7770,2026-07-09 03:30:00+08:00,-1.124946888461812,7771,2026-07-09 03:31:00+08:00,open,1,-1.021852741042302,long_tsm_short_qff,158.260377,158.260377,161.5,161.5,False,6122.821254242304,-6000.0,-3,3.0959752321981426,1000000.0,969000.0,2000.0,242.25,264.0,18,524.25,7800,2026-07-09 21:30:00+08:00,2.9787605345401578,7801,2026-07-09 21:31:00+08:00,open,2.1881957621356998,160.26636000000002,160.26636000000002,161.5,161.5,12282.27534804883,-0.0,12282.27534804883,245.32056883701222,264.0,18,527.3205688370122,487.5705688370122,528.0,36,1051.5705688370122,11230.704779211817,11230.704779211817,zscore_exit,1080
7802,2026-07-09 21:32:00+08:00,2.579117880716204,7803,2026-07-09 21:33:00+08:00,open,1,3.735095120125546,short_tsm_long_qff,160.10545000000002,160.10545000000002,161.5,161.5,False,-6052.261181614991,6000.0,3,3.0959752321981426,1000000.0,969000.0,2000.0,242.25,264.0,18,524.25,8101,2026-07-10 02:31:00+08:00,-0.0809330300176183,8102,2026-07-10 02:32:00+08:00,open,0.0066060308761046,161.15792400000004,161.15792400000004,162.5,162.5,-6369.847534859165,6000.0,-369.8475348591646,243.8424618837148,264.0,21,528.8424618837148,486.0924618837148,528.0,39,1053.0924618837148,-1422.9399967428794,-1422.9399967428794,zscore_exit,299
8143,2026-07-10 03:13:00+08:00,-1.0607197583531414,8144,2026-07-10 03:14:00+08:00,open,1,-1.059735016542813,long_tsm_short_qff,160.56927000000002,160.56927000000002,162.5,162.5,True,6072.145685161301,-6000.0,-3,3.076923076923077,1000000.0,975000.0,2000.0,243.75,264.0,21,528.75,8146,2026-07-10 03:16:00+08:00,0.3867310548782588,8147,2026-07-10 03:17:00+08:00,open,0.3438980575721377,160.83144099999998,160.83144099999998,161.5,161.5,1591.9405064242208,6000.0,7591.940506424221,244.1479851266061,264.0,18,526.147985126606,487.8979851266061,528.0,39,1054.897985126606,6537.042521297615,6537.042521297615,zscore_exit,3
8160,2026-07-10 03:30:00+08:00,-1.3465322128510382,8161,2026-07-10 03:31:00+08:00,open,1,-0.8989538422447805,long_tsm_short_qff,160.007854,160.007854,162.0,162.0,False,6074.701808074996,-6000.0,-3,3.0864197530864197,1000000.0,972000.0,2000.0,243.0,264.0,18,525.0,8265,2026-07-13 22:45:00+08:00,0.3673480098643347,8266,2026-07-13 22:46:00+08:00,open,0.6630505477080658,151.1693,151.1693,152.0,152.0,-53691.579964568584,60000.0,6308.420035431416,229.57710500885784,264.0,18,511.57710500885787,472.57710500885787,528.0,36,1036.5771050088579,5271.842930422558,5271.842930422558,zscore_exit,5475
8304,2026-07-13 23:24:00+08:00,1.106144244528441,8305,2026-07-13 23:25:00+08:00,open,1,0.7250130168286082,short_tsm_long_qff,152.194348,152.194348,152.5,152.5,False,-6012.049803584034,6000.0,3,3.278688524590164,1000000.0,915000.0,2000.0,228.75,264.0,18,510.75,8352,2026-07-14 00:12:00+08:00,-0.050952151914871,8353,2026-07-14 00:13:00+08:00,open,-0.3299444607880384,151.29551,151.29551,152.5,152.5,5403.858821353767,0.0,5403.858821353767,227.3990352946616,264.0,18,509.3990352946616,456.1490352946616,528.0,36,1020.1490352946616,4383.709786059106,4383.709786059106,zscore_exit,48
8397,2026-07-14 00:57:00+08:00,1.5676610870560288,8398,2026-07-14 00:58:00+08:00,open,1,1.5592646930306016,short_tsm_long_qff,151.265509,151.265509,151.5,151.5,True,-6009.301168582984,6000.0,3,3.3003300330033003,1000000.0,909000.0,2000.0,227.25,264.0,18,509.25,8415,2026-07-14 01:15:00+08:00,-0.2633321428977959,8416,2026-07-14 01:16:00+08:00,open,-0.6468132804280141,151.040172,151.040172,152.5,152.5,1354.1178974249606,6000.0,7354.117897424961,226.91147052564375,264.0,18,508.9114705256437,454.1614705256437,528.0,36,1018.1614705256437,6335.956426899317,6335.956426899317,zscore_exit,18
8454,2026-07-14 01:54:00+08:00,1.0359105778645437,8455,2026-07-14 01:55:00+08:00,open,1,1.0335496257295365,short_tsm_long_qff,150.93953600000003,150.93953600000003,152.0,152.0,False,-6042.154522059745,6000.0,3,3.289473684210526,1000000.0,912000.0,2000.0,227.99999999999994,264.0,18,509.99999999999994,8489,2026-07-14 02:29:00+08:00,-0.0135658982069029,8490,2026-07-14 02:30:00+08:00,open,0.0357273446651032,150.779691,150.779691,152.0,152.0,965.8081895787515,0.0,965.8081895787515,227.7585479526053,264.0,18,509.75854795260534,455.7585479526052,528.0,36,1019.7585479526053,-53.950358373853874,-53.950358373853874,zscore_exit,35
8491,2026-07-14 02:31:00+08:00,1.2255408218090311,8492,2026-07-14 02:32:00+08:00,open,1,1.1721286098004635,short_tsm_long_qff,151.06959,151.06959,151.5,151.5,True,-6017.094505916114,6000.0,3,3.3003300330033003,1000000.0,909000.0,2000.0,227.25,264.0,18,509.25,8518,2026-07-14 02:58:00+08:00,-0.1852936019403756,8519,2026-07-14 02:59:00+08:00,open,-0.2195139258488758,150.687195,150.687195,152.0,152.0,2300.9068535898073,3000.0,5300.906853589808,226.67477328660254,264.0,18,508.67477328660254,453.92477328660254,528.0,36,1017.9247732866025,4282.982080303205,4282.982080303205,zscore_exit,27
8532,2026-07-14 03:12:00+08:00,-1.1005710502770465,8533,2026-07-14 03:13:00+08:00,open,1,-0.624407280440684,long_tsm_short_qff,150.04775400000003,150.04775400000003,152.0,152.0,True,6078.064987230664,-6000.0,-3,3.289473684210526,1000000.0,912000.0,2000.0,228.0,264.0,18,510.0,8548,2026-07-14 03:28:00+08:00,0.186780931781033,8549,2026-07-14 03:29:00+08:00,open,-0.3716507622837344,149.891742,149.891742,151.5,151.5,-948.2510747880276,3000.0,2051.748925211972,227.762937231303,264.0,18,509.762937231303,455.762937231303,528.0,36,1019.762937231303,1031.985987980669,1031.985987980669,zscore_exit,16
8563,2026-07-14 03:43:00+08:00,1.0895275652994834,8564,2026-07-14 03:44:00+08:00,open,1,0.9690486778331114,short_tsm_long_qff,150.950118,150.950118,151.5,151.5,True,-6021.856836176836,6000.0,3,3.3003300330033003,1000000.0,909000.0,2000.0,227.25,264.0,18,509.25,8581,2026-07-14 21:31:00+08:00,-0.5099079443518396,8582,2026-07-14 21:32:00+08:00,open,0.4867432414391658,155.47662,155.47662,157.0,157.0,-27257.94701266808,33000.0,5742.052987331921,234.06448675316702,264.0,18,516.064486753167,461.314486753167,528.0,36,1025.3144867531669,4716.738500578755,4716.738500578755,zscore_exit,1068
8594,2026-07-14 21:44:00+08:00,-1.023341832811343,8595,2026-07-14 21:45:00+08:00,open,1,-1.2139802511122435,long_tsm_short_qff,154.306242,154.306242,156.0,156.0,False,6065.859604046348,-6000.0,-3,3.2051282051282053,1000000.0,936000.0,2000.0,234.0,264.0,18,516.0,8689,2026-07-14 23:19:00+08:00,0.2479101768000406,8690,2026-07-14 23:20:00+08:00,open,0.0680446364283459,155.30814,155.30814,156.5,156.5,6077.372605574897,-3000.0,3077.3726055748966,235.5193431513937,264.0,18,517.5193431513937,469.51934315139374,528.0,36,1033.5193431513937,2043.8532624235029,2043.8532624235029,zscore_exit,95
8729,2026-07-14 23:59:00+08:00,1.1001544374888397,8730,2026-07-15 00:00:00+08:00,open,1,0.8198882264163514,short_tsm_long_qff,155.440415,155.440415,156.0,156.0,True,-6021.5999809316,6000.0,3,3.2051282051282053,1000000.0,936000.0,2000.0,234.0,264.0,18,516.0,8740,2026-07-15 00:10:00+08:00,-0.2893162788259356,8741,2026-07-15 00:11:00+08:00,open,-0.0523396264974232,154.466335,154.466335,156.0,156.0,5865.520109425943,0.0,5865.520109425943,232.5336199726435,264.0,18,514.5336199726435,466.53361997264346,528.0,36,1030.5336199726435,4834.986489453299,4834.986489453299,zscore_exit,11
8763,2026-07-15 00:33:00+08:00,-1.0374272876799342,8764,2026-07-15 00:34:00+08:00,open,1,0.0942755117820287,long_tsm_short_qff,153.949203,153.949203,155.5,155.5,False,6060.440598708393,-6000.0,-3,3.215434083601286,1000000.0,933000.0,2000.0,233.25,264.0,18,515.25,8765,2026-07-15 00:35:00+08:00,0.1897368102615356,8766,2026-07-15 00:36:00+08:00,open,0.0958225980987502,154.270533,154.270533,155.5,155.5,1947.4013775829012,-0.0,1947.4013775829012,233.73685034439572,264.0,18,515.7368503443957,466.98685034439575,528.0,36,1030.9868503443959,916.4145272385053,916.4145272385053,zscore_exit,2
8784,2026-07-15 00:54:00+08:00,-1.1217761002804107,8785,2026-07-15 00:55:00+08:00,open,1,-1.021943241391734,long_tsm_short_qff,153.851414,153.851414,156.0,156.0,True,6083.791989068101,-6000.0,-3,3.2051282051282053,1000000.0,936000.0,2000.0,234.0,264.0,18,516.0,8838,2026-07-15 01:48:00+08:00,0.0050621572884701,8839,2026-07-15 01:49:00+08:00,open,-0.1890041158876467,154.45522799999998,154.45522799999998,156.0,156.0,3673.4787760869926,-0.0,3673.4787760869926,234.91836969402172,264.0,18,516.9183696940217,468.91836969402175,528.0,36,1032.9183696940217,2640.560406392971,2640.560406392971,zscore_exit,54
8911,2026-07-15 03:01:00+08:00,-1.400757315830376,8912,2026-07-15 03:02:00+08:00,open,1,-1.5102063826212178,long_tsm_short_qff,153.59010400000003,153.59010400000003,156.0,156.0,True,6094.142627834928,-6000.0,-3,3.2051282051282053,1000000.0,936000.0,2000.0,234.00000000000006,264.0,18,516.0,9232,2026-07-16 01:52:00+08:00,0.0864302784625073,9233,2026-07-16 01:53:00+08:00,open,-0.0200287817115168,160.109703,160.109703,164.0,164.0,39731.36618228979,-48000.0,-8268.633817710208,243.93284154557244,264.0,21,528.9328415455725,477.9328415455725,528.0,39,1044.9328415455725,-9313.56665925578,-9313.56665925578,zscore_exit,1371
9316,2026-07-16 03:16:00+08:00,-1.0104295138848025,9317,2026-07-16 03:17:00+08:00,open,1,-0.4986974414768941,long_tsm_short_qff,159.00136500000002,159.00136500000002,164.0,164.0,False,6188.62611651164,-6000.0,-3,3.048780487804878,1000000.0,984000.0,2000.0,246.0,264.0,21,531.0,9330,2026-07-16 03:30:00+08:00,0.4591180521210142,9331,2026-07-16 03:31:00+08:00,open,0.1323543327741373,159.66354900000002,159.66354900000002,164.0,164.0,4098.009196336121,-0.0,4098.009196336121,247.024502299084,264.0,21,532.024502299084,493.024502299084,528.0,42,1063.024502299084,3034.984694037037,3034.984694037037,zscore_exit,14
9346,2026-07-16 03:46:00+08:00,1.3227678481170984,9347,2026-07-16 03:47:00+08:00,open,1,0.7730565717686254,short_tsm_long_qff,160.00964400000004,160.00964400000004,164.0,164.0,False,-6149.629331092067,6000.0,3,3.048780487804878,1000000.0,984000.0,2000.0,246.0,264.0,21,531.0,9681,2026-07-17 02:51:00+08:00,-0.0209506296165536,9682,2026-07-17 02:52:00+08:00,open,-0.124359464440504,143.730378,143.730378,146.0,146.0,100111.45168225004,-108000.0,-7888.5483177499555,220.9721370794375,264.0,18,502.9721370794375,466.9721370794375,528.0,39,1033.9721370794375,-8922.520454829393,-8922.520454829393,zscore_exit,1385
9702,2026-07-17 03:12:00+08:00,-1.0680004060043384,9703,2026-07-17 03:13:00+08:00,open,1,-0.6274023731704367,long_tsm_short_qff,142.900976,142.900976,145.5,145.5,False,6109.125524796975,-6000.0,-3,3.4364261168384878,1000000.0,873000.0,2000.0,218.25,264.0,18,500.25,9718,2026-07-17 03:28:00+08:00,0.0755915237078889,9719,2026-07-17 03:29:00+08:00,open,0.4395534429559802,143.498046,143.498046,145.5,145.5,3647.5755770903697,-0.0,3647.5755770903697,219.16189389427257,264.0,18,501.16189389427257,437.41189389427257,528.0,36,1001.4118938942726,2646.1636831960973,2646.1636831960973,zscore_exit,16
9744,2026-07-17 03:54:00+08:00,1.0777701889514582,9745,2026-07-17 03:55:00+08:00,open,1,0.6779293207383947,short_tsm_long_qff,144.134188,144.134188,146.0,146.0,False,-6077.669789210593,6000.0,3,3.4246575342465753,1000000.0,876000.0,2000.0,219.0,264.0,18,501.0,9747,2026-07-17 03:57:00+08:00,-0.1039689111915887,9748,2026-07-17 03:58:00+08:00,open,0.6388806926052282,144.037432,144.037432,145.5,145.5,588.0510181248551,-3000.0,-2411.948981875145,218.8529872454688,264.0,18,500.8529872454688,437.8529872454688,528.0,36,1001.8529872454687,-3413.8019691206136,-3413.8019691206136,zscore_exit,3
9750,2026-07-17 21:30:00+08:00,4.426391057018013,9751,2026-07-17 21:31:00+08:00,open,1,4.182831567743921,short_tsm_long_qff,132.45727599999998,132.45727599999998,133.0,133.0,False,-8032.778810882387,8000.0,4,3.7593984962406015,1000000.0,1064000.0,2000.0,266.0,352.0,20,638.0,9950,2026-07-18 00:50:00+08:00,-0.1289781300807232,9951,2026-07-18 00:51:00+08:00,open,0.1326743515211864,139.490948,139.490948,140.5,140.5,-56499.931404296934,60000.0,3500.0685957030655,280.12498285107426,352.0,24,656.1249828510743,546.1249828510743,704.0,44,1294.1249828510743,2205.943612851991,2205.943612851991,zscore_exit,200
10005,2026-07-18 01:45:00+08:00,1.0274263142839546,10006,2026-07-18 01:46:00+08:00,open,1,0.9034459906083396,short_tsm_long_qff,139.167228,139.167228,139.5,139.5,False,-8019.129331224446,8000.0,4,3.5842293906810037,1000000.0,1116000.0,2000.0,279.0,352.0,24,655.0,10025,2026-07-18 02:05:00+08:00,-0.064468059073611,10026,2026-07-18 02:06:00+08:00,open,-0.0658946823881981,138.301728,138.301728,139.5,139.5,6940.5564361747365,0.0,6940.5564361747365,277.2648608909563,352.0,24,653.2648608909562,556.2648608909562,704.0,48,1308.2648608909562,5632.29157528378,5632.29157528378,zscore_exit,20
10041,2026-07-18 02:21:00+08:00,-1.308349072187939,10042,2026-07-18 02:22:00+08:00,open,1,-0.6080525520888959,long_tsm_short_qff,137.20101200000002,137.20101200000002,138.5,138.5,False,8075.74218184338,-8000.0,-4,3.6101083032490973,1000000.0,1108000.0,2000.0,277.0,352.0,24,653.0,10049,2026-07-18 02:29:00+08:00,0.0401790522659211,10050,2026-07-18 02:30:00+08:00,open,-0.158890950993264,137.84849200000002,137.84849200000002,139.0,139.0,5228.881547899965,-4000.0,1228.881547899965,278.30722038697496,352.0,24,654.3072203869749,555.3072203869749,704.0,48,1307.307220386975,-78.42567248700993,-78.42567248700993,zscore_exit,8
10133,2026-07-18 03:53:00+08:00,-1.0389294633385666,10134,2026-07-18 03:54:00+08:00,open,1,-1.1560839720361311,long_tsm_short_qff,138.528346,138.528346,139.5,139.5,True,8056.11293446036,-8000.0,-4,3.5842293906810037,1000000.0,1116000.0,2000.0,279.0,352.0,24,655.0,10140,2026-07-20 21:30:00+08:00,3.872788434790476,10141,2026-07-20 21:31:00+08:00,open,3.446229559565921,135.268212,135.268212,133.5,133.5,-26264.00768547394,48000.0,21735.99231452606,272.43399807863153,352.0,20,644.4339980786315,551.4339980786315,704.0,44,1299.4339980786315,20436.55831644743,20436.55831644743,zscore_exit,3937
10142,2026-07-20 21:32:00+08:00,3.0013060443965087,10143,2026-07-20 21:33:00+08:00,open,1,3.400200248864884,short_tsm_long_qff,135.849594,135.849594,134.5,134.5,False,-7920.5242232818155,8000.0,4,3.717472118959108,1000000.0,1076000.0,2000.0,269.0,352.0,20,641.0,10218,2026-07-20 22:48:00+08:00,-0.3099286250129615,10219,2026-07-20 22:49:00+08:00,open,0.5419593951781786,132.069753,132.069753,132.0,132.0,29938.322200653798,-20000.0,9938.322200653798,261.51541944983654,352.0,20,633.5154194498366,530.5154194498366,704.0,40,1274.5154194498366,8663.80678120396,8663.80678120396,zscore_exit,76
10224,2026-07-20 22:54:00+08:00,1.648180422584518,10225,2026-07-20 22:55:00+08:00,open,1,1.6827235707740025,short_tsm_long_qff,131.75508499999998,131.75508499999998,131.0,131.0,False,-7954.152205966094,8000.0,4,3.816793893129771,1000000.0,1048000.0,2000.0,262.0,352.0,20,634.0,10235,2026-07-20 23:05:00+08:00,-0.1186843222338085,10236,2026-07-20 23:06:00+08:00,open,0.3516859282338805,131.173728,131.173728,131.5,131.5,4624.202064003581,4000.0,8624.20206400358,260.8439494839991,352.0,20,632.843949483999,522.843949483999,704.0,40,1266.843949483999,7357.358114519582,7357.358114519582,zscore_exit,11
10239,2026-07-20 23:09:00+08:00,1.1377070106697158,10240,2026-07-20 23:10:00+08:00,open,1,0.6650779854498422,short_tsm_long_qff,131.99657000000002,131.99657000000002,132.0,132.0,False,-8000.207884189716,8000.0,4,3.787878787878788,1000000.0,1056000.0,2000.0,264.0,352.0,20,636.0,10249,2026-07-20 23:19:00+08:00,-0.468907517711721,10250,2026-07-20 23:20:00+08:00,open,0.7457541570199077,132.00475,132.00475,132.0,132.0,-65.44170049252504,0.0,-65.44170049252504,264.0163604251231,352.0,20,636.0163604251231,528.0163604251231,704.0,40,1272.0163604251231,-1337.4580609176483,-1337.4580609176483,zscore_exit,10
10251,2026-07-20 23:21:00+08:00,1.0512432016428457,10252,2026-07-20 23:22:00+08:00,open,1,1.6093741998417026,short_tsm_long_qff,132.48887499999998,132.48887499999998,132.0,132.0,True,-7970.4805403472565,8000.0,4,3.787878787878788,1000000.0,1056000.0,2000.0,264.0,352.0,20,636.0,10436,2026-07-21 02:26:00+08:00,-0.386293603006447,10437,2026-07-21 02:27:00+08:00,open,-0.4485883133350124,132.464808,132.464808,132.5,132.5,191.82555516432907,4000.0,4191.825555164329,263.9520436112089,352.0,20,635.9520436112089,527.9520436112089,704.0,40,1271.9520436112089,2919.87351155312,2919.87351155312,zscore_exit,185
10473,2026-07-21 03:03:00+08:00,-1.0573554949748056,10474,2026-07-21 03:04:00+08:00,open,1,-0.1802077194734588,long_tsm_short_qff,131.767328,131.767328,131.5,131.5,False,7983.769694411653,-8000.0,-4,3.802281368821293,1000000.0,1052000.0,2000.0,263.0,352.0,20,635.0,10476,2026-07-21 03:06:00+08:00,0.3302202443175772,10477,2026-07-21 03:07:00+08:00,open,-0.6353193106831222,131.96922999999998,131.96922999999998,132.0,132.0,1611.9390688410203,-4000.0,-2388.0609311589797,263.4029847672102,352.0,20,635.4029847672102,526.4029847672102,704.0,40,1270.4029847672102,-3658.4639159261897,-3658.4639159261897,zscore_exit,3
10479,2026-07-21 03:09:00+08:00,-1.037587920879228,10480,2026-07-21 03:10:00+08:00,open,1,-0.3703332732059682,long_tsm_short_qff,131.89239500000002,131.89239500000002,132.0,132.0,False,8006.5268357588,-8000.0,-4,3.787878787878788,1000000.0,1056000.0,2000.0,264.0,352.0,20,636.0,10511,2026-07-21 03:41:00+08:00,0.0018612166534393,10512,2026-07-21 03:42:00+08:00,open,-0.3795171671844647,131.847856,131.847856,131.5,131.5,-356.6026987379776,4000.0,3643.397301262022,263.9108493253155,352.0,20,635.9108493253154,527.9108493253154,704.0,40,1271.9108493253154,2371.4864519367065,2371.4864519367065,zscore_exit,32
10515,2026-07-21 03:45:00+08:00,-1.022943934392757,10516,2026-07-21 03:46:00+08:00,open,1,-1.1818332542945926,long_tsm_short_qff,131.38773999999998,131.38773999999998,131.5,131.5,True,8006.835340953427,-8000.0,-4,3.802281368821293,1000000.0,1052000.0,2000.0,263.0,352.0,20,635.0,10824,2026-07-22 02:24:00+08:00,0.139946704677803,10825,2026-07-22 02:25:00+08:00,open,0.1104629059744452,137.11201400000002,137.11201400000002,138.5,138.5,45833.31936450113,-56000.0,-10166.680635498873,274.4583298411253,352.0,24,650.4583298411253,537.4583298411253,704.0,44,1285.4583298411253,-11452.138965339998,-11452.138965339998,zscore_exit,1359
10868,2026-07-22 03:08:00+08:00,-1.0540958414192465,10869,2026-07-22 03:09:00+08:00,open,1,-1.111029003441208,long_tsm_short_qff,136.54654,136.54654,139.0,139.0,True,8143.743517777895,-8000.0,-4,3.597122302158273,1000000.0,1112000.0,2000.0,278.0,352.0,24,654.0,10909,2026-07-22 03:49:00+08:00,0.0674939267940739,10910,2026-07-22 03:50:00+08:00,open,0.2266329274818885,136.56342,136.56342,138.5,138.5,137.46639058021026,4000.0,4137.46639058021,278.03436659764503,352.0,24,654.034366597645,556.034366597645,704.0,48,1308.034366597645,2829.4320239825647,2829.4320239825647,zscore_exit,41
10916,2026-07-22 03:56:00+08:00,1.0231600929694271,10917,2026-07-22 03:57:00+08:00,open,1,2.0352483646409096,short_tsm_long_qff,136.920618,136.920618,138.5,138.5,True,-8092.280156082848,8000.0,4,3.6101083032490973,1000000.0,1108000.0,2000.0,277.0,352.0,24,653.0,10919,2026-07-22 03:59:00+08:00,-0.1730065808069682,10920,2026-07-22 21:30:00+08:00,open,-0.5029716498577513,136.1892,136.1892,139.0,139.0,5918.83936720173,4000.0,9918.83936720173,275.52029015819954,352.0,24,651.5202901581995,552.5202901581995,704.0,48,1304.5202901581995,8614.31907704353,8614.31907704353,zscore_exit,1053
10922,2026-07-22 21:32:00+08:00,1.5376636179391543,10923,2026-07-22 21:33:00+08:00,open,1,1.4577393344120062,short_tsm_long_qff,137.551092,137.551092,139.5,139.5,False,-8113.348892933543,8000.0,4,3.5842293906810037,1000000.0,1116000.0,2000.0,279.0,352.0,24,655.0,10928,2026-07-22 21:38:00+08:00,-1.4951793979706738,10929,2026-07-22 21:39:00+08:00,open,-0.0498537911236422,136.56146399999997,136.56146399999997,139.0,139.0,8029.197238216351,-4000.0,4029.1972382163513,276.99270069044593,352.0,24,652.9927006904459,555.9927006904459,704.0,48,1307.9927006904459,2721.2045375259054,2721.2045375259054,zscore_exit,6
10930,2026-07-22 21:40:00+08:00,-2.174313701833503,10931,2026-07-22 21:41:00+08:00,open,1,-1.7747598469799688,long_tsm_short_qff,136.79702200000003,136.79702200000003,139.5,139.5,True,8158.072329966362,-8000.0,-4,3.5842293906810037,1000000.0,1116000.0,2000.0,279.0,352.0,24,655.0,10936,2026-07-22 21:46:00+08:00,1.9785946961026928,10937,2026-07-22 21:47:00+08:00,open,0.2129908608234451,137.197208,137.197208,139.0,139.0,3264.746333439612,4000.0,7264.7463334396125,279.8161865833599,352.0,24,655.8161865833599,558.8161865833599,704.0,48,1310.81618658336,5953.930146856253,5953.930146856253,zscore_exit,6
10941,2026-07-22 21:51:00+08:00,1.2961381528536091,10942,2026-07-22 21:52:00+08:00,open,1,0.4418565697312406,short_tsm_long_qff,137.541088,137.541088,139.5,139.5,False,-8113.939014354751,8000.0,4,3.5842293906810037,1000000.0,1116000.0,2000.0,279.0,352.0,24,655.0,10945,2026-07-22 21:55:00+08:00,-1.3296229097756374,10946,2026-07-22 21:56:00+08:00,open,-0.8076063896714217,137.731335,137.731335,140.0,140.0,-1543.6525556639433,4000.0,2456.3474443360565,279.385913138916,352.0,24,655.3859131389161,558.3859131389161,704.0,48,1310.385913138916,1145.9615311971404,1145.9615311971404,zscore_exit,4
10952,2026-07-22 22:02:00+08:00,-1.1599330057301531,10953,2026-07-22 22:03:00+08:00,open,1,-2.08658444788031,long_tsm_short_qff,137.68884500000001,137.68884500000001,140.0,140.0,False,8134.282773597236,-8000.0,-4,3.5714285714285716,1000000.0,1120000.0,2000.0,280.0,352.0,24,656.0,10967,2026-07-22 22:17:00+08:00,0.5714179391306154,10968,2026-07-22 22:18:00+08:00,open,0.3609347211572191,137.23941,137.23941,139.0,139.0,-3655.8313783518565,8000.0,4344.168621648143,279.08604215541203,352.0,24,655.0860421554121,559.0860421554121,704.0,48,1311.086042155412,3033.082579492731,3033.082579492731,zscore_exit,15
10970,2026-07-22 22:20:00+08:00,1.471282213983473,10971,2026-07-22 22:21:00+08:00,open,1,0.1863551522842138,short_tsm_long_qff,137.98214099999998,137.98214099999998,139.5,139.5,False,-8088.003214850827,8000.0,4,3.5842293906810037,1000000.0,1116000.0,2000.0,279.0,352.0,24,655.0,10974,2026-07-22 22:24:00+08:00,-0.0111014291979461,10975,2026-07-22 22:25:00+08:00,open,-1.1843710846273987,137.55806,137.55806,140.0,140.0,3429.968491356932,4000.0,7429.968491356933,278.14250787716077,352.0,24,654.1425078771608,557.1425078771608,704.0,48,1309.1425078771608,6120.825983479772,6120.825983479772,zscore_exit,4
10976,2026-07-22 22:26:00+08:00,-1.594878204927019,10977,2026-07-22 22:27:00+08:00,open,1,0.2087646983608527,long_tsm_short_qff,137.59048,137.59048,140.0,140.0,False,8140.098064924258,-8000.0,-4,3.5714285714285716,1000000.0,1120000.0,2000.0,280.0,352.0,24,656.0,10978,2026-07-22 22:28:00+08:00,0.2059993590618923,10979,2026-07-22 22:29:00+08:00,open,0.2821244561115342,137.62290000000002,137.62290000000002,139.5,139.5,263.90197926485985,4000.0,4263.90197926486,280.0659754948162,352.0,24,656.0659754948163,560.0659754948163,704.0,48,1312.0659754948163,2951.836003770043,2951.836003770043,zscore_exit,2
10980,2026-07-22 22:30:00+08:00,1.11589226412702,10981,2026-07-22 22:31:00+08:00,open,1,-2.460710902610874,short_tsm_long_qff,137.92318799999998,137.92318799999998,140.0,140.0,False,-8120.4619487188775,8000.0,4,3.5714285714285716,1000000.0,1120000.0,2000.0,280.0,352.0,24,656.0,10982,2026-07-22 22:32:00+08:00,-1.5180681518421102,10983,2026-07-22 22:33:00+08:00,open,-3.240832520186754,138.052876,138.052876,140.5,140.5,-1053.126469205582,4000.0,2946.873530794418,280.2632816173014,352.0,24,656.2632816173013,560.2632816173013,704.0,48,1312.2632816173013,1634.6102491771167,1634.6102491771167,zscore_exit,2
10984,2026-07-22 22:34:00+08:00,-2.2986946296560014,10985,2026-07-22 22:35:00+08:00,open,1,-1.7778918463883435,long_tsm_short_qff,137.773825,137.773825,140.5,140.5,False,8158.298573767551,-8000.0,-4,3.5587188612099645,1000000.0,1124000.0,2000.0,281.0,352.0,24,657.0,11008,2026-07-22 22:58:00+08:00,0.0016708283276826,11009,2026-07-22 22:59:00+08:00,open,0.140299219710271,138.02896800000002,138.02896800000002,140.0,140.0,2081.532773007038,4000.0,6081.5327730070385,281.52038319325175,352.0,24,657.5203831932517,562.5203831932517,704.0,48,1314.5203831932517,4767.012389813786,4767.012389813786,zscore_exit,24
11014,2026-07-22 23:04:00+08:00,-1.488195609345154,11015,2026-07-22 23:05:00+08:00,open,1,-2.257618491603012,long_tsm_short_qff,139.014549,139.014549,141.5,141.5,False,8143.032568483174,-8000.0,-4,3.5335689045936394,1000000.0,1132000.0,2000.0,283.0,352.0,24,659.0,11044,2026-07-22 23:34:00+08:00,0.6166417528577063,11045,2026-07-22 23:35:00+08:00,open,-0.3320527948191907,139.24583199999998,139.24583199999998,141.5,141.5,1883.3450015364172,-0.0,1883.3450015364172,283.4708362503841,352.0,24,659.4708362503841,566.4708362503841,704.0,48,1318.470836250384,564.8741652860331,564.8741652860331,zscore_exit,30
11046,2026-07-22 23:36:00+08:00,-1.8251166041036653,11047,2026-07-22 23:37:00+08:00,open,1,-0.9706715429019014,long_tsm_short_qff,139.34311599999998,139.34311599999998,141.5,141.5,False,8123.831535387799,-8000.0,-4,3.5335689045936394,1000000.0,1132000.0,2000.0,283.0,352.0,24,659.0,11058,2026-07-22 23:48:00+08:00,0.4033526733111007,11059,2026-07-22 23:49:00+08:00,open,0.1912293084499446,139.10942599999998,139.10942599999998,141.0,141.0,-1898.45819150474,4000.0,2101.54180849526,282.5253854521238,352.0,24,658.5253854521238,565.5253854521238,704.0,48,1317.5253854521238,784.016423043136,784.016423043136,zscore_exit,12
11065,2026-07-22 23:55:00+08:00,-1.0525699803800193,11066,2026-07-22 23:56:00+08:00,open,1,-1.1416879087312102,long_tsm_short_qff,139.063556,139.063556,141.5,141.5,True,8140.1629050820475,-8000.0,-4,3.5335689045936394,1000000.0,1132000.0,2000.0,283.0,352.0,24,659.0,11076,2026-07-23 00:06:00+08:00,0.4045067199156983,11077,2026-07-23 00:07:00+08:00,open,0.2161537414269256,139.563502,139.563502,141.5,141.5,4069.6418837441024,-0.0,4069.6418837441024,284.01741047093606,352.0,24,660.017410470936,567.017410470936,704.0,48,1319.017410470936,2750.6244732731666,2750.6244732731666,zscore_exit,11
11078,2026-07-23 00:08:00+08:00,-1.196010641220144,11079,2026-07-23 00:09:00+08:00,open,1,0.5957110535714296,long_tsm_short_qff,139.563502,139.563502,141.5,141.5,False,8111.003118852664,-8000.0,-4,3.5335689045936394,1000000.0,1132000.0,2000.0,283.0,352.0,24,659.0,11080,2026-07-23 00:10:00+08:00,0.3152820004642923,11081,2026-07-23 00:11:00+08:00,open,0.034968348423973,139.597926,139.597926,141.5,141.5,279.21317136339496,-0.0,279.21317136339496,283.0698032928408,352.0,24,659.0698032928408,566.0698032928408,704.0,48,1318.0698032928408,-1038.856631929446,-1038.856631929446,zscore_exit,2
11085,2026-07-23 00:15:00+08:00,-1.1171869073339358,11086,2026-07-23 00:16:00+08:00,open,1,-0.0757331341506382,long_tsm_short_qff,139.526766,139.526766,141.5,141.5,False,8113.1386647347645,-8000.0,-4,3.5335689045936394,1000000.0,1132000.0,2000.0,283.0,352.0,24,659.0,11089,2026-07-23 00:19:00+08:00,0.1251049741842618,11090,2026-07-23 00:20:00+08:00,open,-0.2464322183907587,139.498251,139.498251,141.5,141.5,-231.34614902490156,-0.0,-231.34614902490156,282.9421634627438,352.0,24,658.9421634627438,565.9421634627438,704.0,48,1317.9421634627438,-1549.2883124876453,-1549.2883124876453,zscore_exit,4
11101,2026-07-23 00:31:00+08:00,1.0017669259658433,11102,2026-07-23 00:32:00+08:00,open,1,1.0891088721180775,short_tsm_long_qff,139.34116,139.34116,141.0,141.0,True,-8095.239052122144,8000.0,4,3.5460992907801416,1000000.0,1128000.0,2000.0,282.0,352.0,24,658.0,11107,2026-07-23 00:37:00+08:00,-0.2773646892842917,11108,2026-07-23 00:38:00+08:00,open,0.0018016716859808,139.36653600000002,139.36653600000002,141.5,141.5,-205.4247861868354,4000.0,3794.5752138131647,282.0513561965467,352.0,24,658.0513561965467,564.0513561965467,704.0,48,1316.0513561965467,2478.523857616618,2478.523857616618,zscore_exit,6
11112,2026-07-23 00:42:00+08:00,-1.4394323513829166,11113,2026-07-23 00:43:00+08:00,open,1,-1.5256125843539414,long_tsm_short_qff,138.96439200000003,138.96439200000003,141.5,141.5,True,8145.971667331871,-8000.0,-4,3.5335689045936394,1000000.0,1132000.0,2000.0,283.0,352.0,24,659.0,11135,2026-07-23 01:05:00+08:00,0.1061910164886274,11136,2026-07-23 01:06:00+08:00,open,1.870837175810917,139.463859,139.463859,141.0,141.0,4068.6440307670964,4000.0,8068.644030767096,284.01716100769175,352.0,24,660.0171610076918,567.0171610076918,704.0,48,1319.0171610076918,6749.626869759404,6749.626869759404,zscore_exit,23
11137,2026-07-23 01:07:00+08:00,2.0417253814486527,11138,2026-07-23 01:08:00+08:00,open,1,0.2832428988271988,short_tsm_long_qff,139.658505,139.658505,141.5,141.5,False,-8105.485591443214,8000.0,4,3.5335689045936394,1000000.0,1132000.0,2000.0,283.0,352.0,24,659.0,11142,2026-07-23 01:12:00+08:00,-0.0065300171122019,11143,2026-07-23 01:13:00+08:00,open,-0.0058378326346443,139.39273599999999,139.39273599999999,141.5,141.5,2154.1868001523194,0.0,2154.1868001523194,282.46145329996193,352.0,24,658.4614532999619,565.4614532999619,704.0,48,1317.461453299962,836.7253468523575,836.7253468523575,zscore_exit,5
11163,2026-07-23 01:33:00+08:00,-1.030754448211976,11164,2026-07-23 01:34:00+08:00,open,1,-0.7258030162788851,long_tsm_short_qff,139.06893,139.06893,141.5,141.5,False,8139.848347146987,-8000.0,-4,3.5335689045936394,1000000.0,1132000.0,2000.0,283.0,352.0,24,659.0,11168,2026-07-23 01:38:00+08:00,0.039113768432944,11169,2026-07-23 01:39:00+08:00,open,0.1975370868430498,139.41657,139.41657,141.5,141.5,2829.7368794022814,-0.0,2829.7368794022814,283.7074342198506,352.0,24,659.7074342198506,566.7074342198506,704.0,48,1318.7074342198507,1511.0294451824307,1511.0294451824307,zscore_exit,5
11172,2026-07-23 01:42:00+08:00,1.0061753714176045,11173,2026-07-23 01:43:00+08:00,open,1,1.2070927385708827,short_tsm_long_qff,139.21102000000002,139.21102000000002,141.0,141.0,True,-8102.806803656778,8000.0,4,3.5460992907801416,1000000.0,1128000.0,2000.0,282.0,352.0,24,658.0,11174,2026-07-23 01:44:00+08:00,-0.2175454313306497,11175,2026-07-23 01:45:00+08:00,open,-0.2129305681458419,139.304443,139.304443,141.5,141.5,-756.988520017808,4000.0,3243.011479982192,282.18924713000445,352.0,24,658.1892471300044,564.1892471300044,704.0,48,1316.1892471300043,1926.8222328521879,1926.8222328521879,zscore_exit,2
11181,2026-07-23 01:51:00+08:00,1.114944205240737,11182,2026-07-23 01:52:00+08:00,open,1,0.8165114984623928,short_tsm_long_qff,139.252041,139.252041,141.0,141.0,False,-8100.419871045194,8000.0,4,3.5460992907801416,1000000.0,1128000.0,2000.0,282.0,352.0,24,658.0,11197,2026-07-23 02:07:00+08:00,-0.0258452452864213,11198,2026-07-23 02:08:00+08:00,open,-0.1230175563609039,138.899516,138.899516,141.0,141.0,2855.6005150400915,0.0,2855.6005150400915,281.28609987123997,352.0,24,657.2860998712399,563.2860998712399,704.0,48,1315.28609987124,1540.3144151688516,1540.3144151688516,zscore_exit,16
11202,2026-07-23 02:12:00+08:00,-1.0878885628838542,11203,2026-07-23 02:13:00+08:00,open,1,-1.1808361300711596,long_tsm_short_qff,138.538427,138.538427,141.0,141.0,True,8142.14528363311,-8000.0,-4,3.5460992907801416,1000000.0,1128000.0,2000.0,282.0,352.0,24,658.0,11219,2026-07-23 02:29:00+08:00,0.2392310454922225,11220,2026-07-23 02:30:00+08:00,open,-0.0462123526686162,138.42913,138.42913,140.5,140.5,-889.9120530654629,4000.0,3110.0879469345373,281.77752198673363,352.0,24,657.7775219867336,563.7775219867336,704.0,48,1315.7775219867335,1794.3104249478038,1794.3104249478038,zscore_exit,17
11235,2026-07-23 02:45:00+08:00,1.0371788470087573,11236,2026-07-23 02:46:00+08:00,open,1,0.935055557232999,short_tsm_long_qff,138.652834,138.652834,140.5,140.5,True,-8106.577900888776,8000.0,4,3.5587188612099645,1000000.0,1124000.0,2000.0,281.0,352.0,24,657.0,11245,2026-07-23 02:55:00+08:00,-0.0374628338130724,11246,2026-07-23 02:56:00+08:00,open,-0.4380554500889733,138.815039,138.815039,141.0,141.0,-1314.927468413665,4000.0,2685.0725315863347,281.32873186710344,352.0,24,657.3287318671034,562.3287318671034,704.0,48,1314.3287318671034,1370.7437997192312,1370.7437997192312,zscore_exit,10
11251,2026-07-23 03:01:00+08:00,1.1402262579783244,11252,2026-07-23 03:02:00+08:00,open,1,1.244965434891755,short_tsm_long_qff,138.750157,138.750157,140.5,140.5,True,-8100.891734486469,8000.0,4,3.5587188612099645,1000000.0,1124000.0,2000.0,281.0,352.0,24,657.0,11257,2026-07-23 03:07:00+08:00,-0.4270168637404711,11258,2026-07-23 03:08:00+08:00,open,-0.2239681412482817,138.71344,138.71344,141.0,141.0,297.44044181522156,4000.0,4297.440441815222,280.92563988954623,352.0,24,656.9256398895462,561.9256398895462,704.0,48,1313.9256398895463,2983.5148019256753,2983.5148019256753,zscore_exit,6
11261,2026-07-23 03:11:00+08:00,1.208887175211988,11262,2026-07-23 03:12:00+08:00,open,1,1.2060492004216752,short_tsm_long_qff,138.733049,138.733049,140.5,140.5,True,-8101.890703778881,8000.0,4,3.5587188612099645,1000000.0,1124000.0,2000.0,281.0,352.0,24,657.0,11269,2026-07-23 03:19:00+08:00,-0.0692048728665515,11270,2026-07-23 03:20:00+08:00,open,-0.2739685070036136,138.829162,138.829162,141.0,141.0,-778.6970212123204,4000.0,3221.3029787876794,281.1946742553031,352.0,24,657.1946742553031,562.1946742553031,704.0,48,1314.1946742553032,1907.1083045323762,1907.1083045323762,zscore_exit,8
11280,2026-07-23 03:30:00+08:00,-1.2228192831939884,11281,2026-07-23 03:31:00+08:00,open,1,-1.219548598009723,long_tsm_short_qff,138.448736,138.448736,141.0,141.0,True,8147.419995224803,-8000.0,-4,3.5460992907801416,1000000.0,1128000.0,2000.0,282.0,352.0,24,658.0,11310,2026-07-23 21:30:00+08:00,2.7259444407708777,11311,2026-07-23 21:31:00+08:00,open,3.1554843617982407,134.82444,134.82444,136.0,136.0,-29528.661699013166,40000.0,10471.338300986834,274.61783457524666,352.0,20,646.6178345752467,556.6178345752467,704.0,44,1304.6178345752467,9166.720466411587,9166.720466411587,zscore_exit,1080
11312,2026-07-23 21:32:00+08:00,2.715893385177617,11313,2026-07-23 21:33:00+08:00,open,1,2.961008251715039,short_tsm_long_qff,135.665072,135.665072,136.5,136.5,False,-8049.234662257061,8000.0,4,3.663003663003663,1000000.0,1092000.0,2000.0,273.0,352.0,20,645.0,11373,2026-07-23 22:33:00+08:00,-0.1261878059900861,11374,2026-07-23 22:34:00+08:00,open,1.706208095468268,134.95064699999998,134.95064699999998,136.5,136.5,5750.574473583275,0.0,5750.574473583275,271.56235638160416,352.0,20,643.5623563816041,544.5623563816041,704.0,40,1288.562356381604,4462.012117201671,4462.012117201671,zscore_exit,61
11375,2026-07-23 22:35:00+08:00,1.2994478028316818,11376,2026-07-23 22:36:00+08:00,open,1,1.845135351891076,short_tsm_long_qff,135.006975,135.006975,136.5,136.5,False,-8088.470984554686,8000.0,4,3.663003663003663,1000000.0,1092000.0,2000.0,273.0,352.0,20,645.0,11381,2026-07-23 22:41:00+08:00,-0.0028810261735893,11382,2026-07-23 22:42:00+08:00,open,1.1303760831066318,135.05385,135.05385,136.5,136.5,-379.1470774010009,0.0,-379.1470774010009,273.09478676935026,352.0,20,645.0947867693503,546.0947867693503,704.0,40,1290.0947867693503,-1669.2418641703512,-1669.2418641703512,zscore_exit,6
11386,2026-07-23 22:46:00+08:00,1.1629736041881689,11387,2026-07-23 22:47:00+08:00,open,1,1.157256111353433,short_tsm_long_qff,135.005904,135.005904,136.5,136.5,False,-8088.5351502849835,8000.0,4,3.663003663003663,1000000.0,1092000.0,2000.0,273.0,352.0,20,645.0,11393,2026-07-23 22:53:00+08:00,-0.3142655150197219,11394,2026-07-23 22:54:00+08:00,open,0.2853769446734772,134.31128199999998,134.31128199999998,136.0,136.0,5618.474463161334,-4000.0,1618.474463161334,271.5953813842097,352.0,20,643.5953813842098,544.5953813842098,704.0,40,1288.5953813842098,329.87908177712416,329.87908177712416,zscore_exit,7
11397,2026-07-23 22:57:00+08:00,1.1608615226555,11398,2026-07-23 22:58:00+08:00,open,1,0.6766794824010965,short_tsm_long_qff,134.494668,134.494668,136.5,136.5,False,-8119.280981458685,8000.0,4,3.663003663003663,1000000.0,1092000.0,2000.0,273.0,352.0,20,645.0,11401,2026-07-23 23:01:00+08:00,-0.0235673562721366,11402,2026-07-23 23:02:00+08:00,open,-1.3237608545315551,134.084951,134.084951,136.5,136.5,3326.6074458803128,0.0,3326.6074458803128,272.1683481385299,352.0,20,644.1683481385298,545.1683481385298,704.0,40,1289.1683481385298,2037.439097741783,2037.439097741783,zscore_exit,4
11403,2026-07-23 23:03:00+08:00,-1.317872427516577,11404,2026-07-23 23:04:00+08:00,open,1,-1.475029513070265,long_tsm_short_qff,133.92328600000002,133.92328600000002,136.5,136.5,False,8153.9217907183065,-8000.0,-4,3.663003663003663,1000000.0,1092000.0,2000.0,273.0,352.0,20,645.0,11423,2026-07-23 23:23:00+08:00,0.820679837197274,11424,2026-07-23 23:24:00+08:00,open,0.3399389696602836,132.91329000000002,132.91329000000002,135.0,135.0,-8235.428392938335,12000.0,3764.5716070616654,270.94114290176543,352.0,20,642.9411429017655,543.9411429017655,704.0,40,1287.9411429017655,2476.6304641599,2476.6304641599,zscore_exit,20
11447,2026-07-23 23:47:00+08:00,-1.359458200665327,11448,2026-07-23 23:48:00+08:00,open,1,-1.270542319367857,long_tsm_short_qff,133.08733,133.08733,135.5,135.5,False,8145.027779879571,-8000.0,-4,3.690036900369004,1000000.0,1084000.0,2000.0,271.0,352.0,20,643.0,11457,2026-07-23 23:57:00+08:00,1.0827034331773744,11458,2026-07-23 23:58:00+08:00,open,1.0774667827648117,134.01696,134.01696,135.5,135.5,7571.862175009471,-0.0,7571.862175009471,272.8929655437523,352.0,20,644.8929655437523,543.8929655437523,704.0,40,1287.8929655437523,6283.969209465718,6283.969209465718,zscore_exit,10
11459,2026-07-23 23:59:00+08:00,1.3555639923212175,11460,2026-07-24 00:00:00+08:00,open,1,1.4286358277628095,short_tsm_long_qff,134.09822400000002,134.09822400000002,135.5,135.5,False,-8083.626819695985,8000.0,4,3.690036900369004,1000000.0,1084000.0,2000.0,271.0,352.0,20,643.0,11464,2026-07-24 00:04:00+08:00,-0.7607068889734242,11465,2026-07-24 00:05:00+08:00,open,-0.2604172837862356,134.211,134.211,136.5,136.5,-911.6390982180075,8000.0,7088.360901781993,271.22790977455446,352.0,20,643.2279097745545,542.2279097745545,704.0,40,1286.2279097745545,5802.132992007439,5802.132992007439,zscore_exit,5
11469,2026-07-24 00:09:00+08:00,-1.2253993686862743,11470,2026-07-24 00:10:00+08:00,open,1,-1.0599701428341977,long_tsm_short_qff,134.053445,134.053445,136.5,136.5,True,8146.004752059896,-8000.0,-4,3.663003663003663,1000000.0,1092000.0,2000.0,273.0,352.0,20,645.0,11480,2026-07-24 00:20:00+08:00,0.3814673947511977,11481,2026-07-24 00:21:00+08:00,open,0.4588015040683836,134.235038,134.235038,136.0,136.0,1479.2574409407505,4000.0,5479.257440940751,273.3698143602352,352.0,20,645.3698143602352,546.3698143602352,704.0,40,1290.369814360235,4188.887626580516,4188.887626580516,zscore_exit,11
11482,2026-07-24 00:22:00+08:00,1.0877502132776995,11483,2026-07-24 00:23:00+08:00,open,1,-0.769133417573867,short_tsm_long_qff,134.461404,134.461404,136.5,136.5,False,-8121.289585820479,8000.0,4,3.663003663003663,1000000.0,1092000.0,2000.0,273.0,352.0,20,645.0,11484,2026-07-24 00:24:00+08:00,-0.789733239831338,11485,2026-07-24 00:25:00+08:00,open,-0.5536561114688963,134.711776,134.711776,137.0,137.0,-2033.3435161810346,4000.0,1966.6564838189654,273.50833587904526,352.0,20,645.5083358790453,546.5083358790453,704.0,40,1290.5083358790453,676.1481479399201,676.1481479399201,zscore_exit,2
11491,2026-07-24 00:31:00+08:00,1.0034101511731484,11492,2026-07-24 00:32:00+08:00,open,1,1.0027140718141854,short_tsm_long_qff,135.01624800000002,135.01624800000002,136.5,136.5,False,-8087.915463330012,8000.0,4,3.663003663003663,1000000.0,1092000.0,2000.0,273.0,352.0,20,645.0,11514,2026-07-24 00:54:00+08:00,-0.352220865991197,11515,2026-07-24 00:55:00+08:00,open,0.0438691192455679,134.45952000000003,134.45952000000003,136.5,136.5,4502.769000068731,0.0,4502.769000068731,271.87430774998285,352.0,20,643.8743077499828,544.8743077499828,704.0,40,1288.8743077499828,3213.8946923187477,3213.8946923187477,zscore_exit,23
11520,2026-07-24 01:00:00+08:00,1.1354989068114618,11521,2026-07-24 01:01:00+08:00,open,1,1.0508929033646748,short_tsm_long_qff,134.942301,134.942301,136.5,136.5,True,-8092.347558235279,8000.0,4,3.663003663003663,1000000.0,1092000.0,2000.0,273.0,352.0,20,645.0,11524,2026-07-24 01:04:00+08:00,-1.4140101735287811,11525,2026-07-24 01:05:00+08:00,open,-0.4442688030678696,134.403192,134.403192,136.5,136.5,4362.657399772633,0.0,4362.657399772633,271.90933565005685,352.0,20,643.9093356500568,544.9093356500568,704.0,40,1288.9093356500568,3073.7480641225757,3073.7480641225757,zscore_exit,4
11532,2026-07-24 01:13:00+08:00,1.216628369876723,11533,2026-07-24 01:14:00+08:00,open,1,0.7535897904507857,short_tsm_long_qff,134.918308,134.918308,136.5,136.5,False,-8093.78664902913,8000.0,4,3.663003663003663,1000000.0,1092000.0,2000.0,273.0,352.0,20,645.0,11540,2026-07-24 01:21:00+08:00,-0.192697222945336,11541,2026-07-24 01:22:00+08:00,open,1.2423299541587338,135.043488,135.043488,136.5,136.5,-1013.1802127254688,0.0,-1013.1802127254688,273.2532950531813,352.0,20,645.2532950531813,546.2532950531813,704.0,40,1290.2532950531813,-2303.43350777865,-2303.43350777865,zscore_exit,8
11542,2026-07-24 01:23:00+08:00,1.391977930462578,11543,2026-07-24 01:24:00+08:00,open,1,1.1303905792539917,short_tsm_long_qff,135.10816400000002,135.10816400000002,136.5,136.5,True,-8082.413139741873,8000.0,4,3.663003663003663,1000000.0,1092000.0,2000.0,273.0,352.0,20,645.0,11572,2026-07-24 01:54:00+08:00,-0.1125026694982548,11573,2026-07-24 01:55:00+08:00,open,-0.4919763632256679,134.472947,134.472947,136.5,136.5,5134.086227387506,0.0,5134.086227387506,271.71647844315316,352.0,20,643.7164784431532,544.7164784431532,704.0,40,1288.7164784431532,3845.369748944353,3845.369748944353,zscore_exit,31
11631,2026-07-24 02:54:00+08:00,-1.1126568618272836,11632,2026-07-24 02:55:00+08:00,open,1,-1.1870615232630517,long_tsm_short_qff,134.07417,134.07417,136.5,136.5,True,8144.745553897517,-8000.0,-4,3.663003663003663,1000000.0,1092000.0,2000.0,273.0,352.0,20,645.0,11634,2026-07-24 02:57:00+08:00,0.0465528407770054,11635,2026-07-24 02:58:00+08:00,open,-0.276924398006164,134.106516,134.106516,136.0,136.0,263.4499396862858,4000.0,4263.449939686286,273.0658624849216,352.0,20,645.0658624849216,546.0658624849216,704.0,40,1290.0658624849216,2973.384077201364,2973.384077201364,zscore_exit,3
11639,2026-07-24 03:02:00+08:00,-1.4788937441057053,11640,2026-07-24 03:03:00+08:00,open,1,-0.3333495219970582,long_tsm_short_qff,134.01696,134.01696,136.0,136.0,False,8118.3754653142405,-8000.0,-4,3.676470588235294,1000000.0,1088000.0,2000.0,272.0,352.0,20,644.0,11652,2026-07-24 03:15:00+08:00,1.118566269693534,11653,2026-07-24 03:16:00+08:00,open,1.433463571124157,134.09239599999998,134.09239599999998,135.5,135.5,612.4177716011841,4000.0,4612.417771601184,272.1531044429003,352.0,20,644.1531044429003,544.1531044429003,704.0,40,1288.1531044429003,3324.2646671582834,3324.2646671582834,zscore_exit,13
11654,2026-07-24 03:17:00+08:00,1.5851517541346831,11655,2026-07-24 03:18:00+08:00,open,1,1.2609293600761171,short_tsm_long_qff,134.15704999999997,134.15704999999997,135.5,135.5,False,-8080.082261796903,8000.0,4,3.690036900369004,1000000.0,1084000.0,2000.0,271.0,352.0,20,643.0,11712,2026-07-24 21:45:00+08:00,-0.0102574213744266,11713,2026-07-24 21:46:00+08:00,open,0.2785185968987998,127.52597999999998,127.52597999999998,129.0,129.0,53579.59108373355,-52000.0,1579.5910837335468,257.60510222906663,352.0,20,629.6051022290667,528.6051022290667,704.0,40,1272.6051022290667,306.98598150448015,306.98598150448015,zscore_exit,1108
11719,2026-07-24 21:52:00+08:00,1.3543087163421812,11720,2026-07-24 21:53:00+08:00,open,1,0.8209654631714334,short_tsm_long_qff,126.39313499999999,126.39313499999999,127.5,127.5,False,-8070.0585518351145,8000.0,4,3.9215686274509802,1000000.0,1020000.0,2000.0,255.0,352.0,20,627.0,11722,2026-07-24 21:55:00+08:00,-0.5344222111633339,11723,2026-07-24 21:56:00+08:00,open,-1.0809986942127665,125.67847200000001,125.67847200000001,127.5,127.5,5767.372254829922,0.0,5767.372254829922,253.55815693629253,352.0,20,625.5581569362926,508.55815693629256,704.0,40,1252.5581569362926,4514.81409789363,4514.81409789363,zscore_exit,3
11725,2026-07-24 21:58:00+08:00,-1.167000706284712,11726,2026-07-24 21:59:00+08:00,open,1,-1.754223891741037,long_tsm_short_qff,125.38725,125.38725,127.5,127.5,False,8134.798394573611,-8000.0,-4,3.9215686274509802,1000000.0,1020000.0,2000.0,255.0,352.0,20,627.0,11733,2026-07-24 22:06:00+08:00,0.2822275787028233,11734,2026-07-24 22:07:00+08:00,open,-0.2969145519451426,125.450616,125.450616,127.0,127.0,515.469635070568,4000.0,4515.469635070568,255.12886740876763,352.0,20,627.1288674087676,510.12886740876763,704.0,40,1254.1288674087677,3261.3407676618003,3261.3407676618003,zscore_exit,8
11738,2026-07-24 22:11:00+08:00,-1.5159204017206955,11739,2026-07-24 22:12:00+08:00,open,1,-1.965320982058518,long_tsm_short_qff,125.804016,125.804016,128.0,128.0,False,8139.644763009791,-8000.0,-4,3.90625,1000000.0,1024000.0,2000.0,256.0,352.0,20,628.0,11745,2026-07-24 22:18:00+08:00,0.6397057553970714,11746,2026-07-24 22:19:00+08:00,open,0.9158780146967564,124.54051999999999,124.54051999999999,125.5,125.5,-10284.408599483962,20000.0,9715.591400516038,253.428897850129,352.0,20,625.428897850129,509.42889785012903,704.0,40,1253.428897850129,8462.16250266591,8462.16250266591,zscore_exit,7
11747,2026-07-24 22:20:00+08:00,2.671540658983745,11748,2026-07-24 22:21:00+08:00,open,1,0.6067256886748407,short_tsm_long_qff,124.73470999999999,124.73470999999999,125.5,125.5,False,-8049.082729257959,8000.0,4,3.9840637450199203,1000000.0,1004000.0,2000.0,251.0,352.0,20,623.0,11852,2026-07-25 00:05:00+08:00,-0.3241710020467533,11853,2026-07-25 00:06:00+08:00,open,-0.4982769530402149,125.98221600000002,125.98221600000002,127.0,127.0,-10041.278999245918,12000.0,1958.7210007540816,253.5103197498115,352.0,20,625.5103197498115,504.5103197498115,704.0,40,1248.5103197498115,710.2106810042701,710.2106810042701,zscore_exit,105
11856,2026-07-25 00:09:00+08:00,-1.2247125204638198,11857,2026-07-25 00:10:00+08:00,open,1,0.0057754685289646,long_tsm_short_qff,126.504394,126.504394,128.5,128.5,False,8126.199948438154,-8000.0,-4,3.8910505836575875,1000000.0,1028000.0,2000.0,257.0,352.0,20,629.0,11859,2026-07-25 00:12:00+08:00,0.5429162139319789,11860,2026-07-25 00:13:00+08:00,open,1.0848211530770042,126.37510999999999,126.37510999999999,127.0,127.0,-1050.5876341339808,12000.0,10949.41236586602,256.7373530914665,352.0,20,628.7373530914665,513.7373530914665,704.0,40,1257.7373530914665,9691.675012774553,9691.675012774553,zscore_exit,3
11861,2026-07-25 00:14:00+08:00,1.07278990420571,11862,2026-07-25 00:15:00+08:00,open,1,0.8923014623530446,short_tsm_long_qff,126.24192000000001,126.24192000000001,127.0,127.0,False,-8048.039827024177,8000.0,4,3.937007874015748,1000000.0,1016000.0,2000.0,254.0,352.0,20,626.0,11871,2026-07-25 00:24:00+08:00,-0.0137488863908608,11872,2026-07-25 00:25:00+08:00,open,-0.0141181800010825,126.23410799999999,126.23410799999999,127.5,127.5,62.871287128837395,4000.0,4062.8712871288376,253.98428217821782,352.0,20,625.9842821782179,507.9842821782178,704.0,40,1251.9842821782179,2810.8870049506195,2810.8870049506195,zscore_exit,10
11876,2026-07-25 00:30:00+08:00,1.2094991388671388,11877,2026-07-25 00:31:00+08:00,open,1,1.3230847457426531,short_tsm_long_qff,125.90313600000002,125.90313600000002,126.5,126.5,False,-8037.925282496537,8000.0,4,3.952569169960474,1000000.0,1012000.0,2000.0,253.0,352.0,20,625.0,12071,2026-07-27 21:30:00+08:00,-1.230792536270989,12072,2026-07-27 21:31:00+08:00,open,-1.314079459678864,128.57479800000002,128.57479800000002,129.5,129.5,-21474.619536085243,24000.0,2525.3804639147565,258.3686548840213,352.0,20,630.3686548840212,511.3686548840213,704.0,40,1255.3686548840212,1270.0118090307353,1270.0118090307353,zscore_exit,4140
12075,2026-07-27 21:34:00+08:00,-2.0046970310599965,12076,2026-07-27 21:35:00+08:00,open,1,-0.4803598320680978,long_tsm_short_qff,127.61008000000001,127.61008000000001,129.5,129.5,False,8118.480922510196,-8000.0,-4,3.861003861003861,1000000.0,1036000.0,2000.0,259.0,352.0,20,631.0,12082,2026-07-27 21:41:00+08:00,0.761445224355779,12083,2026-07-27 21:42:00+08:00,open,-0.4291866269786342,127.78402999999999,127.78402999999999,128.5,128.5,1412.209756470458,8000.0,9412.209756470458,259.3530524391176,352.0,20,631.3530524391176,518.3530524391176,704.0,40,1262.3530524391176,8149.856704031341,8149.856704031341,zscore_exit,7
12100,2026-07-27 21:59:00+08:00,-1.5753252100688917,12101,2026-07-27 22:00:00+08:00,open,1,-0.6686782434653484,long_tsm_short_qff,125.87031799999997,125.87031799999997,127.0,127.0,False,8071.799739156933,-8000.0,-4,3.937007874015748,1000000.0,1016000.0,2000.0,254.0,352.0,20,626.0,12141,2026-07-27 22:40:00+08:00,0.2444614620394695,12142,2026-07-27 22:41:00+08:00,open,-0.3105776696097978,120.653008,120.653008,121.0,121.0,-42113.08149710061,48000.0,5886.918502899389,243.4717296257248,352.0,20,615.4717296257248,497.47172962572483,704.0,40,1241.471729625725,4645.446773273664,4645.446773273664,zscore_exit,41
12146,2026-07-27 22:45:00+08:00,-1.1024817247008063,12147,2026-07-27 22:46:00+08:00,open,1,-1.4421072423157686,long_tsm_short_qff,121.19625,121.19625,122.5,122.5,False,8086.0587683199765,-8000.0,-4,4.081632653061225,1000000.0,980000.0,2000.0,245.0,352.0,20,617.0,12268,2026-07-28 00:47:00+08:00,0.0010399340951474,12269,2026-07-28 00:48:00+08:00,open,-0.0891807268667661,122.15130400000001,122.15130400000001,123.0,123.0,7722.6227709191,-4000.0,3722.6227709191,246.93065569272977,352.0,20,618.9306556927297,491.9306556927298,704.0,40,1235.9306556927297,2486.6921152263703,2486.6921152263703,zscore_exit,122
12283,2026-07-28 01:02:00+08:00,-1.2390134514704287,12284,2026-07-28 01:03:00+08:00,open,1,-0.4072056695321863,long_tsm_short_qff,120.90873599999998,120.90873599999998,122.0,122.0,False,8072.204145778186,-8000.0,-4,4.098360655737705,1000000.0,976000.0,2000.0,244.0,352.0,20,616.0,12365,2026-07-28 02:25:00+08:00,0.1131185447209813,12366,2026-07-28 02:26:00+08:00,open,-0.568387886830828,121.025218,121.025218,122.5,122.5,940.2664833086886,-4000.0,-3059.7335166913113,244.23506662082718,352.0,20,616.2350666208272,488.2350666208272,704.0,40,1232.2350666208272,-4291.968583312138,-4291.968583312138,zscore_exit,83
12407,2026-07-28 03:07:00+08:00,1.042909163997669,12408,2026-07-28 03:08:00+08:00,open,1,0.1552313812934553,short_tsm_long_qff,123.08185599999997,123.08185599999997,124.0,124.0,False,-8059.676968147119,8000.0,4,4.032258064516129,1000000.0,992000.0,2000.0,248.0,352.0,20,620.0,12412,2026-07-28 03:12:00+08:00,-0.0518912238463913,12413,2026-07-28 03:13:00+08:00,open,0.6491897961402677,123.239479,123.239479,124.0,124.0,-1270.39046275049,0.0,-1270.39046275049,248.31759761568765,352.0,20,620.3175976156876,496.31759761568765,704.0,40,1240.3175976156876,-2510.708060366178,-2510.708060366178,zscore_exit,5
12416,2026-07-28 03:16:00+08:00,1.1174534327815506,12417,2026-07-28 03:17:00+08:00,open,1,1.370639240472044,short_tsm_long_qff,123.47696,123.47696,124.0,124.0,False,-8033.887455603053,8000.0,4,4.032258064516129,1000000.0,992000.0,2000.0,248.0,352.0,20,620.0,12436,2026-07-28 03:36:00+08:00,-0.0546140396088795,12437,2026-07-28 03:37:00+08:00,open,0.1926649380638647,123.61926499999997,123.61926499999997,124.5,124.5,-1143.2623543693098,4000.0,2856.73764563069,248.28581558859236,352.0,20,620.2858155885924,496.28581558859236,704.0,40,1240.2858155885924,1616.4518300420978,1616.4518300420978,zscore_exit,20
12451,2026-07-28 03:51:00+08:00,1.4024651053979351,12452,2026-07-28 03:52:00+08:00,open,1,1.4113417035123896,short_tsm_long_qff,122.89558400000001,122.89558400000001,123.5,123.5,True,-8039.345010151055,8000.0,4,4.048582995951417,1000000.0,988000.0,2000.0,247.0,352.0,20,619.0,12789,2026-07-29 02:59:00+08:00,-0.1748775270541158,12790,2026-07-29 03:00:00+08:00,open,0.3344397981975914,112.01058,112.01058,110.0,110.0,87508.30259287434,-108000.0,-20491.697407125655,225.12292435178142,352.0,16,593.1229243517814,472.1229243517814,704.0,36,1212.1229243517814,-21703.820331477436,-21703.820331477436,zscore_exit,1388
12825,2026-07-29 03:35:00+08:00,-1.0767373682084065,12826,2026-07-29 03:36:00+08:00,open,1,-0.7002012314205022,long_tsm_short_qff,112.76314400000001,112.76314400000001,111.5,111.5,False,7910.386038899376,-8000.0,-4,4.484304932735426,1000000.0,892000.0,2000.0,223.0,352.0,16,591.0,12832,2026-07-29 03:42:00+08:00,0.0034510232041222,12833,2026-07-29 03:43:00+08:00,open,-0.6671838470723753,113.11917000000001,113.11917000000001,111.5,111.5,2816.303099885189,-0.0,2816.303099885189,223.7040757749713,352.0,16,591.7040757749713,446.70407577497133,704.0,32,1182.7040757749714,1633.5990241102177,1633.5990241102177,zscore_exit,7
12841,2026-07-29 03:51:00+08:00,-1.2745638939228785,12842,2026-07-29 03:52:00+08:00,open,1,-1.1206747389982272,long_tsm_short_qff,112.367808,112.367808,111.5,111.5,False,7938.216610935403,-8000.0,-4,4.484304932735426,1000000.0,892000.0,2000.0,223.0,352.0,16,591.0,12852,2026-07-29 21:32:00+08:00,0.4991503289547213,12853,2026-07-29 21:33:00+08:00,open,1.1079682161242457,111.04624999999999,111.04624999999999,108.5,108.5,-10490.81366791465,24000.0,13509.18633208535,220.37729658302135,352.0,16,588.3772965830213,443.37729658302135,704.0,32,1179.3772965830212,12329.809035502329,12329.809035502329,zscore_exit,1061
12854,2026-07-29 21:34:00+08:00,1.6345286221889008,12855,2026-07-29 21:35:00+08:00,open,1,1.8655788747280488,short_tsm_long_qff,113.535618,113.535618,110.0,110.0,False,-9688.589531436734,10000.0,5,4.545454545454546,1000000.0,1100000.0,2000.0,275.0,440.0,20,735.0,12860,2026-07-29 21:40:00+08:00,-0.0601927574640069,12861,2026-07-29 21:41:00+08:00,open,0.5405670544041227,114.229584,114.229584,111.5,111.5,-6723.551722773055,15000.0,8276.448277226944,276.6808879306933,440.0,20,736.6808879306933,551.6808879306933,880.0,40,1471.6808879306932,6804.76738929625,6804.76738929625,zscore_exit,6
12862,2026-07-29 21:42:00+08:00,1.1509536437951582,12863,2026-07-29 21:43:00+08:00,open,1,0.700092739965486,short_tsm_long_qff,113.90580399999999,113.90580399999999,111.0,111.0,False,-9744.894123217813,10000.0,5,4.504504504504505,1000000.0,1110000.0,2000.0,277.5,440.0,20,737.5,12872,2026-07-29 21:52:00+08:00,-0.0159034977914253,12873,2026-07-29 21:53:00+08:00,open,-0.0098282731194795,112.57938200000001,112.57938200000001,110.0,110.0,12925.841952706618,-10000.0,2925.841952706618,274.26853951182335,440.0,20,734.2685395118233,551.7685395118233,880.0,40,1471.7685395118233,1454.0734131947947,1454.0734131947947,zscore_exit,10
12886,2026-07-29 22:06:00+08:00,-1.0055914495398304,12887,2026-07-29 22:07:00+08:00,open,1,-0.5367889039987579,long_tsm_short_qff,112.701894,112.701894,111.0,111.0,False,9848.991535137822,-10000.0,-5,4.504504504504505,1000000.0,1110000.0,2000.0,277.5,440.0,20,737.5,12890,2026-07-29 22:10:00+08:00,0.2013538090174093,12891,2026-07-29 22:11:00+08:00,open,-0.3163204145401803,112.66152,112.66152,110.5,110.5,-397.6431842396535,5000.0,4602.356815760347,277.40058920394017,440.0,20,737.4005892039402,554.9005892039402,880.0,40,1474.9005892039402,3127.4562265564064,3127.4562265564064,zscore_exit,4
12925,2026-07-29 22:45:00+08:00,-1.104876928002274,12926,2026-07-29 22:46:00+08:00,open,1,-0.1610357837348204,long_tsm_short_qff,110.25222,110.25222,108.5,108.5,False,9841.071680914907,-10000.0,-5,4.608294930875576,1000000.0,1085000.0,2000.0,271.25,440.0,20,731.25,12944,2026-07-29 23:04:00+08:00,0.1260143798171271,12945,2026-07-29 23:05:00+08:00,open,-0.5711983460539161,112.03134,112.03134,110.5,110.5,17508.447448949388,-20000.0,-2491.5525510506122,275.62711186223737,440.0,20,735.6271118622374,546.8771118622374,880.0,40,1466.8771118622374,-3958.4296629128494,-3958.4296629128494,zscore_exit,19
12950,2026-07-29 23:10:00+08:00,-1.308216426120328,12951,2026-07-29 23:11:00+08:00,open,1,-0.3846067665761977,long_tsm_short_qff,110.962833,110.962833,109.5,109.5,False,9868.169101270152,-10000.0,-5,4.566210045662101,1000000.0,1095000.0,2000.0,273.75,440.0,20,733.75,12974,2026-07-29 23:34:00+08:00,0.5026930996383778,12975,2026-07-29 23:35:00+08:00,open,0.5518849951274296,111.254244,111.254244,109.0,109.0,2875.693025970202,5000.0,7875.693025970202,274.46892325649253,440.0,20,734.4689232564925,548.2189232564925,880.0,40,1468.2189232564924,6407.47410271371,6407.47410271371,zscore_exit,24
13002,2026-07-30 00:02:00+08:00,1.0563040445702665,13003,2026-07-30 00:03:00+08:00,open,1,0.7048382814821132,short_tsm_long_qff,111.14875200000002,111.14875200000002,108.5,108.5,False,-9761.693050768576,10000.0,5,4.608294930875576,1000000.0,1085000.0,2000.0,271.25,440.0,20,731.25,13019,2026-07-30 00:19:00+08:00,-0.3099922216482976,13020,2026-07-30 00:20:00+08:00,open,0.0368478394700583,111.019208,111.019208,109.0,109.0,1264.5687645688608,5000.0,6264.568764568861,270.9338578088578,440.0,20,730.9338578088577,542.1838578088577,880.0,40,1462.1838578088577,4802.384906760004,4802.384906760004,zscore_exit,17
13036,2026-07-30 00:36:00+08:00,-1.6595460268625293,13037,2026-07-30 00:37:00+08:00,open,1,-0.4512978173855441,long_tsm_short_qff,111.17770499999999,111.17770499999999,110.0,110.0,False,9894.070038592721,-10000.0,-5,4.545454545454546,1000000.0,1100000.0,2000.0,275.0,440.0,20,735.0,13069,2026-07-30 01:09:00+08:00,0.0005158103280937,13070,2026-07-30 01:10:00+08:00,open,-0.3741824164949704,112.46727600000001,112.46727600000001,110.5,110.5,12759.105793738287,-5000.0,7759.105793738287,278.1897764484346,440.0,20,738.1897764484346,553.1897764484346,880.0,40,1473.1897764484347,6285.916017289852,6285.916017289852,zscore_exit,33
13084,2026-07-30 01:24:00+08:00,-1.011496784102897,13085,2026-07-30 01:25:00+08:00,open,1,-0.7345309575590134,long_tsm_short_qff,112.31696000000002,112.31696000000002,110.5,110.5,False,9838.229239822727,-10000.0,-5,4.524886877828054,1000000.0,1105000.0,2000.0,276.25,440.0,20,736.25,13094,2026-07-30 01:34:00+08:00,0.1643026374606495,13095,2026-07-30 01:35:00+08:00,open,-0.0710243133579671,112.529628,112.529628,110.5,110.5,2092.2765359744176,-0.0,2092.2765359744176,276.7730691339936,440.0,20,736.7730691339937,553.0230691339937,880.0,40,1473.0230691339937,619.2534668404239,619.2534668404239,zscore_exit,10
13115,2026-07-30 01:55:00+08:00,-1.1128765221277748,13116,2026-07-30 01:56:00+08:00,open,1,-1.1074142760997665,long_tsm_short_qff,112.43948400000002,112.43948400000002,111.0,111.0,True,9871.977000534793,-10000.0,-5,4.504504504504505,1000000.0,1110000.0,2000.0,277.5,440.0,20,737.5,13123,2026-07-30 02:03:00+08:00,1.6628846384441696,13124,2026-07-30 02:04:00+08:00,open,2.543780602984298,114.81015000000002,114.81015000000002,112.0,112.0,23403.160227949815,-10000.0,13403.160227949815,283.3507900569875,440.0,20,743.3507900569875,560.8507900569875,880.0,40,1480.8507900569875,11922.309437892827,11922.309437892827,zscore_exit,8
13125,2026-07-30 02:05:00+08:00,2.1581095788182383,13126,2026-07-30 02:06:00+08:00,open,1,1.9142073083928488,short_tsm_long_qff,115.22459199999999,115.22459199999999,112.5,112.5,False,-7810.8326042065755,8000.0,4,4.444444444444445,1000000.0,900000.0,2000.0,225.0,352.0,20,597.0,13196,2026-07-30 03:16:00+08:00,-0.210369051462993,13197,2026-07-30 03:17:00+08:00,open,0.0524832347342813,114.457024,114.457024,112.0,112.0,5995.3451603455,-4000.0,1995.3451603454996,223.50116370991367,352.0,16,591.5011637099137,448.50116370991367,704.0,36,1188.5011637099137,806.8439966355859,806.8439966355859,zscore_exit,71
13208,2026-07-30 03:28:00+08:00,1.2065464252391322,13209,2026-07-30 03:29:00+08:00,open,1,0.0357394747406707,short_tsm_long_qff,113.14415999999999,113.14415999999999,110.5,110.5,False,-9766.301680970544,10000.0,5,4.524886877828054,1000000.0,1105000.0,2000.0,276.25,440.0,20,736.25,13218,2026-07-30 03:38:00+08:00,-0.3179301406440824,13219,2026-07-30 03:39:00+08:00,open,-0.4308114328652467,112.38311999999999,112.38311999999999,110.5,110.5,7432.546231285766,0.0,7432.546231285766,274.3918634421786,440.0,20,734.3918634421786,550.6418634421786,880.0,40,1470.6418634421786,5961.904367843587,5961.904367843587,zscore_exit,10
13231,2026-07-30 03:51:00+08:00,1.4790755287059136,13232,2026-07-30 03:52:00+08:00,open,1,1.119145037408012,short_tsm_long_qff,111.83644799999999,111.83644799999999,109.0,109.0,False,-9746.375349832284,10000.0,5,4.587155963302752,1000000.0,1090000.0,2000.0,272.5,440.0,20,732.5,13235,2026-07-30 03:55:00+08:00,-0.905207623843166,13236,2026-07-30 03:56:00+08:00,open,-0.9135548311268572,110.55605399999999,110.55605399999999,109.0,109.0,12479.200519673168,0.0,12479.200519673168,269.38019987008164,440.0,20,729.3801998700817,541.8801998700817,880.0,40,1461.8801998700817,11017.320319803086,11017.320319803086,zscore_exit,4
13237,2026-07-30 03:57:00+08:00,-1.5296013644228037,13238,2026-07-30 03:58:00+08:00,open,1,-0.5742089126364057,long_tsm_short_qff,110.23307400000002,110.23307400000002,108.5,108.5,False,9842.78094249644,-10000.0,-5,4.608294930875576,1000000.0,1085000.0,2000.0,271.25,440.0,20,731.25,13411,2026-07-31 00:21:00+08:00,0.2784980823117199,13412,2026-07-31 00:22:00+08:00,open,0.1769577004350409,122.36564200000002,122.36564200000002,120.5,120.5,119418.2090939422,-120000.0,-581.7909060577949,301.1045522734855,440.0,25,766.1045522734855,572.3545522734855,880.0,45,1497.3545522734855,-2079.1454583312807,-2079.1454583312807,zscore_exit,1224
13434,2026-07-31 00:44:00+08:00,-1.1860282327041152,13435,2026-07-31 00:45:00+08:00,open,1,-0.801326561060926,long_tsm_short_qff,121.00146199999999,121.00146199999999,120.0,120.0,False,7933.788436374431,-8000.0,-4,4.166666666666667,1000000.0,960000.0,2000.0,240.0,352.0,20,612.0,13575,2026-07-31 03:06:00+08:00,0.0998658198332548,13576,2026-07-31 03:07:00+08:00,open,-0.2874321896579385,122.14198299999998,122.14198299999998,121.5,121.5,9048.652321242143,-12000.0,-2951.3476787578566,242.26216308031053,352.0,20,614.2621630803105,482.26216308031053,704.0,40,1226.2621630803105,-4177.609841838167,-4177.609841838167,zscore_exit,142
13607,2026-07-31 03:38:00+08:00,1.0265199607712103,13608,2026-07-31 03:39:00+08:00,open,1,1.0994133681234253,short_tsm_long_qff,122.285148,122.285148,121.0,121.0,True,-7915.924507856015,8000.0,4,4.132231404958677,1000000.0,968000.0,2000.0,242.0,352.0,20,614.0,13629,2026-07-31 21:30:00+08:00,-0.7902746705018733,13630,2026-07-31 21:31:00+08:00,open,-2.476321622834053,128.99887199999998,128.99887199999998,128.0,128.0,-53145.33235058089,56000.0,2854.6676494191124,255.28633308764523,352.0,20,627.2863330876453,497.28633308764523,704.0,40,1241.2863330876453,1613.3813163314671,1613.3813163314671,zscore_exit,1072
13631,2026-07-31 21:32:00+08:00,-1.264367701269853,13632,2026-07-31 21:33:00+08:00,open,1,1.585363162383186,long_tsm_short_qff,128.48235999999997,128.48235999999997,128.0,128.0,False,7969.965682448549,-8000.0,-4,3.90625,1000000.0,1024000.0,2000.0,256.0,352.0,20,628.0,13633,2026-07-31 21:34:00+08:00,0.314269986378087,13634,2026-07-31 21:35:00+08:00,open,-1.232192895111471,129.15302400000002,129.15302400000002,128.0,128.0,5345.16906445403,-0.0,5345.16906445403,257.3362922661135,352.0,20,629.3362922661136,513.3362922661136,704.0,40,1257.3362922661136,4087.832772187917,4087.832772187917,zscore_exit,2
13636,2026-07-31 21:37:00+08:00,2.207448507202749,13637,2026-07-31 21:38:00+08:00,open,1,1.4241550057005945,short_tsm_long_qff,128.636928,128.636928,127.0,127.0,False,-7898.198563945805,8000.0,4,3.937007874015748,1000000.0,1016000.0,2000.0,254.0,352.0,20,626.0,13638,2026-07-31 21:39:00+08:00,-0.9714365342450738,13639,2026-07-31 21:40:00+08:00,open,0.5059409614779112,127.41120000000001,127.41120000000001,126.5,126.5,9681.043129388194,-4000.0,5681.043129388194,251.57973921765299,352.0,20,623.579739217653,505.579739217653,704.0,40,1249.579739217653,4431.463390170541,4431.463390170541,zscore_exit,2
13641,2026-07-31 21:42:00+08:00,1.3456222975355443,13642,2026-07-31 21:43:00+08:00,open,1,-0.4953774254515799,short_tsm_long_qff,126.44352,126.44352,125.0,125.0,False,-7908.669420149012,8000.0,4,4.0,1000000.0,1000000.0,2000.0,250.0,352.0,20,622.0,13643,2026-07-31 21:44:00+08:00,-1.406890257979207,13644,2026-07-31 21:45:00+08:00,open,-0.3201477766199376,125.481312,125.481312,125.0,125.0,7609.784985422772,0.0,7609.784985422772,248.09755375364432,352.0,20,620.0975537536443,498.0975537536443,704.0,40,1242.0975537536442,6367.687431669127,6367.687431669127,zscore_exit,2
13645,2026-07-31 21:46:00+08:00,-1.5932249946585282,13646,2026-07-31 21:47:00+08:00,open,1,1.526310312975342,long_tsm_short_qff,124.57764000000002,124.57764000000002,124.5,124.5,False,7995.01419355833,-8000.0,-4,4.016064257028113,1000000.0,996000.0,2000.0,249.0,352.0,20,621.0,13647,2026-07-31 21:48:00+08:00,1.8761348966688207,13648,2026-07-31 21:49:00+08:00,open,3.583193156358437,124.706736,124.706736,123.0,123.0,1032.1243523315252,12000.0,13032.124352331524,249.2580310880829,352.0,20,621.2580310880829,498.25803108808293,704.0,40,1242.258031088083,11789.86632124344,11789.86632124344,zscore_exit,2
13649,2026-07-31 21:50:00+08:00,1.928636169866003,13650,2026-07-31 21:51:00+08:00,open,1,2.959939423745184,short_tsm_long_qff,124.99073600000001,124.99073600000001,123.0,123.0,False,-7872.583452904861,8000.0,4,4.065040650406504,1000000.0,984000.0,2000.0,246.0,352.0,20,618.0,13666,2026-07-31 22:07:00+08:00,-0.1525086598273162,13667,2026-07-31 22:08:00+08:00,open,1.2625959363497428,122.905305,122.905305,122.0,122.0,16417.729582774948,-8000.0,8417.729582774948,241.89556760430625,352.0,20,613.8955676043063,487.8955676043063,704.0,40,1231.8955676043063,7185.834015170642,7185.834015170642,zscore_exit,17
13671,2026-07-31 22:12:00+08:00,-1.4154088116530066,13672,2026-07-31 22:13:00+08:00,open,1,-0.4112535528561238,long_tsm_short_qff,123.01347000000001,123.01347000000001,122.0,122.0,False,7934.090469929837,-8000.0,-4,4.098360655737705,1000000.0,976000.0,2000.0,244.0,352.0,20,616.0,13673,2026-07-31 22:14:00+08:00,1.169026217303465,13674,2026-07-31 22:15:00+08:00,open,0.5724916163739254,123.00584999999998,123.00584999999998,121.5,121.5,-60.457769381113444,4000.0,3939.5422306188866,243.98488555765474,352.0,20,615.9848855576547,487.9848855576547,704.0,40,1231.9848855576547,2707.557345061232,2707.557345061232,zscore_exit,2
13677,2026-07-31 22:18:00+08:00,-1.9234496867295328,13678,2026-07-31 22:19:00+08:00,open,1,-3.7310692519495743,long_tsm_short_qff,123.13498999999999,123.13498999999999,123.0,123.0,False,7991.229787731335,-8000.0,-4,4.065040650406504,1000000.0,984000.0,2000.0,246.0,352.0,20,618.0,13714,2026-07-31 22:55:00+08:00,0.2410523464771594,13715,2026-07-31 22:56:00+08:00,open,0.6339443705834351,124.36858000000002,124.36858000000002,123.5,123.5,9857.901153847777,-4000.0,5857.901153847777,248.46447528846193,352.0,20,620.4644752884619,494.4644752884619,704.0,40,1238.464475288462,4619.436678559316,4619.436678559316,zscore_exit,37
13716,2026-07-31 22:57:00+08:00,-1.6538938845138411,13717,2026-07-31 22:58:00+08:00,open,1,-0.4460677668685108,long_tsm_short_qff,124.49766,124.49766,124.5,124.5,False,8000.150364271907,-8000.0,-4,4.016064257028113,1000000.0,996000.0,2000.0,249.0,352.0,20,621.0,13834,2026-08-01 00:55:00+08:00,0.021060943010762,13835,2026-08-01 00:56:00+08:00,open,0.0240338636872402,124.11891599999998,124.11891599999998,123.5,123.5,-3030.008949565893,8000.0,4969.991050434107,248.24249776260854,352.0,20,620.2424977626085,497.24249776260854,704.0,40,1241.2424977626085,3728.748552671498,3728.748552671498,zscore_exit,118
13846,2026-08-01 01:07:00+08:00,-1.067292231039674,13847,2026-08-01 01:08:00+08:00,open,1,-1.176267636861248,long_tsm_short_qff,123.78069,123.78069,124.0,124.0,True,8014.174100984572,-8000.0,-4,4.032258064516129,1000000.0,992000.0,2000.0,248.0,352.0,20,620.0,13864,2026-08-01 01:25:00+08:00,0.087346163911668,13865,2026-08-01 01:26:00+08:00,open,-0.2404253129492502,124.403266,124.403266,124.0,124.0,4989.432455094532,-0.0,4989.432455094532,249.24735811377363,352.0,20,621.2473581137737,497.24735811377366,704.0,40,1241.2473581137738,3748.1850969807583,3748.1850969807583,zscore_exit,18
13867,2026-08-01 01:28:00+08:00,-1.19972742053931,13868,2026-08-01 01:29:00+08:00,open,1,-1.184642494212352,long_tsm_short_qff,124.24187100000002,124.24187100000002,124.5,124.5,True,8016.621063280671,-8000.0,-4,4.016064257028113,1000000.0,996000.0,2000.0,249.0,352.0,20,621.0,13919,2026-08-01 02:20:00+08:00,0.0498282451412253,13920,2026-08-01 02:21:00+08:00,open,0.1017323786148381,123.84458400000001,123.84458400000001,123.5,123.5,-3184.8993323676336,8000.0,4815.100667632367,248.2037751669081,352.0,20,620.2037751669081,497.2037751669081,704.0,40,1241.2037751669081,3573.8968924654587,3573.8968924654587,zscore_exit,52
13945,2026-08-01 02:46:00+08:00,-1.401460975371188,13946,2026-08-01 02:47:00+08:00,open,1,-0.6469225460520154,long_tsm_short_qff,124.01976000000002,124.01976000000002,124.0,124.0,False,7998.72536440967,-8000.0,-4,4.032258064516129,1000000.0,992000.0,2000.0,248.0,352.0,20,620.0,13961,2026-08-01 03:02:00+08:00,0.1201386424233473,13962,2026-08-01 03:03:00+08:00,open,0.1206986618837584,123.90599200000001,123.90599200000001,123.5,123.5,-909.9989872582187,4000.0,3090.0010127417813,247.77250025318546,352.0,20,619.7725002531854,495.77250025318546,704.0,40,1239.7725002531854,1850.228512488596,1850.228512488596,zscore_exit,16
13975,2026-08-01 03:16:00+08:00,-1.029234968666517,13976,2026-08-01 03:17:00+08:00,open,1,-0.7053562648272107,long_tsm_short_qff,123.6778,123.6778,124.0,124.0,True,8020.84125041034,-8000.0,-4,4.032258064516129,1000000.0,992000.0,2000.0,248.0,352.0,20,620.0,13993,2026-08-01 03:34:00+08:00,0.423592962881573,13994,2026-08-01 03:35:00+08:00,open,0.3730886983996248,124.03896999999999,124.03896999999999,123.5,123.5,2896.887234410599,4000.0,6896.8872344105985,248.72422180860266,352.0,20,620.7242218086027,496.7242218086027,704.0,40,1240.7242218086026,5656.163012601995,5656.163012601995,zscore_exit,18
14016,2026-08-01 03:57:00+08:00,-1.041003992327122,14017,2026-08-01 03:58:00+08:00,open,1,-1.780310541621336,long_tsm_short_qff,123.16550199999999,123.16550199999999,123.5,123.5,True,8021.72673318865,-8000.0,-4,4.048582995951417,1000000.0,988000.0,2000.0,247.0,352.0,20,619.0,14019,2026-08-03 21:30:00+08:00,4.33818202666485,14020,2026-08-03 21:31:00+08:00,open,4.395853054603342,113.72585199999999,113.72585199999999,112.0,112.0,-75722.29275694424,92000.0,16277.70724305576,228.06942681076396,352.0,16,596.069426810764,475.06942681076396,704.0,36,1215.069426810764,15062.637816244996,15062.637816244996,zscore_exit,3933
14021,2026-08-03 21:32:00+08:00,5.23164714186482,14022,2026-08-03 21:33:00+08:00,open,1,3.933785989289137,short_tsm_long_qff,114.828098,114.828098,112.5,112.5,False,-7837.802904303092,8000.0,4,4.444444444444445,1000000.0,900000.0,2000.0,225.0,352.0,20,597.0,14267,2026-08-04 01:40:00+08:00,-0.0067837021270049,14268,2026-08-04 01:41:00+08:00,open,0.0856999562532728,120.26990800000002,120.26990800000002,118.5,118.5,-42651.83422266575,48000.0,5348.165777334252,235.66295855566645,352.0,20,607.6629585556665,460.6629585556665,704.0,40,1204.6629585556666,4143.502818778586,4143.502818778586,zscore_exit,248
14383,2026-08-04 03:37:00+08:00,-1.2100137913370217,14384,2026-08-04 03:38:00+08:00,open,1,-1.380202192282436,long_tsm_short_qff,120.881518,120.881518,119.5,119.5,True,7908.570440023759,-8000.0,-4,4.184100418410042,1000000.0,956000.0,2000.0,239.0,352.0,20,611.0,14403,2026-08-04 03:57:00+08:00,0.2478990637972511,14404,2026-08-04 03:58:00+08:00,open,-0.2758836478606523,121.11738399999999,121.11738399999999,119.0,119.0,1865.3628754065433,4000.0,5865.362875406543,239.4663407188516,352.0,20,611.4663407188516,478.4663407188516,704.0,40,1222.4663407188516,4642.896534687691,4642.896534687691,zscore_exit,20
14406,2026-08-04 21:30:00+08:00,-5.157952538705624,14407,2026-08-04 21:31:00+08:00,open,1,-4.814216692302139,long_tsm_short_qff,127.48881200000001,127.48881200000001,128.5,128.5,False,8063.452658104618,-8000.0,-4,3.8910505836575875,1000000.0,1028000.0,2000.0,257.0,352.0,20,629.0,14566,2026-08-05 00:11:00+08:00,0.0008244631707979,14567,2026-08-05 00:12:00+08:00,open,0.0056732235917648,132.22031900000002,132.22031900000002,130.5,130.5,38152.282695990674,-16000.0,22152.282695990674,266.5380706739977,352.0,20,638.5380706739977,523.5380706739977,704.0,40,1267.5380706739977,20884.744625316678,20884.744625316678,zscore_exit,161
14631,2026-08-05 01:16:00+08:00,1.1268449792554298,14632,2026-08-05 01:17:00+08:00,open,1,1.2425513045211234,short_tsm_long_qff,133.46328,133.46328,131.0,131.0,False,-7852.34710251389,8000.0,4,3.816793893129771,1000000.0,1048000.0,2000.0,262.0,352.0,20,634.0,14789,2026-08-05 03:59:00+08:00,0.3764204193025732,14789,2026-08-05 03:59:00+08:00,close,0.3764204193025732,133.65,,131.5,,-1466.190250981458,4000.0,2533.809749018542,262.3665475627454,352.0,20,634.3665475627454,524.3665475627454,704.0,40,1268.3665475627454,1265.4432014557965,1265.4432014557965,end_of_data,162
