timestamp,qff_close,qff_close_filled,qff_was_filled,tsm_close,usdttwd_close,tsm_twd_fair,spread
2026-04-30 17:25:00+08:00,2190.0,2190.0,False,394.86,31.737,2506.334364,13.471543526580119
2026-04-30 17:40:00+08:00,2190.0,2190.0,False,394.13,31.743,2502.173718,13.306144945249873
2026-04-30 17:55:00+08:00,2190.0,2190.0,False,394.98,31.741,2507.412036,13.514336556700568
2026-04-30 18:10:00+08:00,2195.0,2195.0,False,395.6,31.738,2511.11056,13.434047329308815
2026-04-30 18:25:00+08:00,2195.0,2195.0,False,396.32,31.739,2515.760096,13.618188549757129
2026-04-30 18:40:00+08:00,2190.0,2190.0,False,395.55,31.721,2509.44831,13.595140915593994
2026-04-30 18:55:00+08:00,2195.0,2195.0,False,396.63,31.713,2515.665438,13.614443318910139
2026-04-30 19:10:00+08:00,2200.0,2200.0,False,396.36,31.701,2513.001672,13.282476594886294
2026-04-30 19:25:00+08:00,2200.0,2200.0,False,396.72,31.694,2514.728736,13.350873554902225
2026-04-30 19:40:00+08:00,2195.0,2195.0,False,396.36,31.702,2513.0809440000003,13.51212724604338
2026-04-30 19:55:00+08:00,2200.0,2200.0,False,396.87,31.721,2517.822654,13.473276861330705
2026-04-30 20:10:00+08:00,2205.0,2205.0,False,397.55,31.723,2522.29573,13.423984794790906
2026-04-30 20:25:00+08:00,2200.0,2200.0,False,397.48,31.716,2521.295136,13.610466058354042
2026-04-30 20:40:00+08:00,2205.0,2205.0,False,397.69,31.716,2522.6272080000003,13.437066588605703
2026-04-30 20:55:00+08:00,2205.0,2205.0,False,398.0,31.716,2524.5936,13.514632631437937
2026-04-30 21:10:00+08:00,2200.0,2200.0,False,397.45,31.717,2521.1843299999996,13.606091503739256
2026-04-30 21:25:00+08:00,2190.0,2190.0,False,395.14,31.711,2506.0569079999996,13.460522910681883
2026-04-30 21:40:00+08:00,2180.0,2180.0,False,392.25,31.724,2488.7478,13.22615027524083
2026-04-30 21:55:00+08:00,2180.0,2180.0,False,391.36,31.726,2483.2574720000002,13.00625040846984
2026-04-30 22:10:00+08:00,2180.0,2180.0,False,389.86,31.729,2473.973588,12.633229752656682
2026-04-30 22:25:00+08:00,2175.0,2175.0,False,386.83,31.732,2454.977912,12.094135968741952
2026-04-30 22:40:00+08:00,2185.0,2185.0,False,390.56,31.718,2477.5564160000004,12.54918503489054
2026-04-30 22:55:00+08:00,2195.0,2195.0,False,392.91,31.72,2492.62104,12.69816981621876
2026-04-30 23:10:00+08:00,2190.0,2190.0,False,392.51,31.713,2489.533926,12.8018700467479
2026-04-30 23:25:00+08:00,2195.0,2195.0,False,392.68,31.713,2490.612168,12.6178675230041
2026-04-30 23:40:00+08:00,2195.0,2195.0,False,393.95,31.717,2498.9824299999996,12.952005446684195
2026-04-30 23:55:00+08:00,2195.0,2195.0,False,393.95,31.733,2500.24307,13.00222652796546
2026-05-01 00:10:00+08:00,2200.0,2200.0,False,394.98,31.765,2509.30794,13.136025247905113
2026-05-01 00:25:00+08:00,2195.0,2195.0,False,394.95,31.765,2509.11735,13.354996341662265
2026-05-01 00:40:00+08:00,2195.0,2195.0,False,394.25,31.766,2504.7491,13.181516434568815
2026-05-01 00:55:00+08:00,2200.0,2200.0,False,395.85,31.767,2514.99339,13.361350226622488
2026-05-01 01:10:00+08:00,2195.0,2195.0,False,395.52,31.765,2512.73856,13.498564372274735
2026-05-01 01:25:00+08:00,2200.0,2200.0,False,396.21,31.769,2517.439098,13.458111123663723
2026-05-01 01:40:00+08:00,2205.0,2205.0,False,395.44,31.771,2512.7048480000003,13.044684138324047
2026-05-01 01:55:00+08:00,2205.0,2205.0,False,395.92,31.772,2515.8340479999997,13.168607277423183
2026-05-01 02:10:00+08:00,2205.0,2205.0,False,394.64,31.772,2507.7004159999997,12.846155676363693
2026-05-01 02:25:00+08:00,2210.0,2210.0,False,395.41,31.767,2512.197894,12.799035567059608
2026-05-01 02:40:00+08:00,2205.0,2205.0,False,395.68,31.757,2513.1219520000004,13.061211860765418
2026-05-01 02:55:00+08:00,2210.0,2210.0,False,396.9,31.752,2520.47376,13.126539782349406
2026-05-01 03:10:00+08:00,2210.0,2210.0,False,396.8,31.757,2520.23552,13.11712783383776
2026-05-01 03:25:00+08:00,2210.0,2210.0,False,396.26,31.761,2517.1227719999997,12.994067927288425
2026-05-01 03:40:00+08:00,2215.0,2215.0,False,396.92,31.759,2521.156456,12.928477293529687
2026-05-01 03:55:00+08:00,2210.0,2210.0,False,395.11,31.75,2508.9485,12.670131916040193
2026-05-01 04:10:00+08:00,2205.0,2205.0,False,394.59,31.759,2506.356762,12.792780391017219
2026-05-01 04:25:00+08:00,2210.0,2210.0,False,393.78,31.75,2500.5029999999997,12.334266637766698
2026-05-01 04:40:00+08:00,2205.0,2205.0,False,394.32,31.75,2503.932,12.69638210957388
2026-05-01 04:55:00+08:00,2205.0,2205.0,False,393.22,31.755,2497.34022,12.433818325463488
2026-05-04 08:45:00+08:00,2215.0,2215.0,False,401.24,31.699,2543.7813520000004,13.817880153784397
2026-05-04 09:00:00+08:00,2245.0,2245.0,False,402.38,31.687,2550.043012,12.72326488987082
2026-05-04 09:15:00+08:00,2235.0,2235.0,False,402.09,31.67,2546.83806,13.042602283357125
2026-05-04 09:30:00+08:00,2260.0,2260.0,False,403.5,31.664,2555.2848000000004,12.264479143580473
2026-05-04 09:45:00+08:00,2260.0,2260.0,False,403.98,31.637,2556.1430520000004,12.297934210115333
2026-05-04 10:00:00+08:00,2275.0,2275.0,False,405.08,31.655,2564.56148,11.966434611757421
2026-05-04 10:15:00+08:00,2275.0,2275.0,False,405.35,31.645,2565.46015,12.001344541592802
2026-05-04 10:30:00+08:00,2285.0,2285.0,False,406.6,31.644,2573.2900799999998,11.867964870471456
2026-05-04 10:45:00+08:00,2290.0,2290.0,False,406.92,31.65,2575.8036,11.747436744056015
2026-05-04 11:00:00+08:00,2285.0,2285.0,False,407.23,31.659,2578.4989140000002,12.069455311489364
2026-05-04 11:15:00+08:00,2285.0,2285.0,False,406.63,31.672,2575.757072,11.963447985289475
2026-05-04 11:30:00+08:00,2290.0,2290.0,False,406.57,31.699,2577.572486,11.815848118424919
2026-05-04 11:45:00+08:00,2290.0,2290.0,False,407.3,31.674,2580.16404,11.915986304231351
2026-05-04 12:00:00+08:00,2290.0,2290.0,False,406.7,31.68,2576.8512,11.787958505902136
2026-05-04 12:15:00+08:00,2285.0,2285.0,False,406.73,31.689,2577.7733940000003,12.041416298001579
2026-05-04 12:30:00+08:00,2290.0,2290.0,False,406.89,31.683,2578.2991739999998,11.843938250126934
2026-05-04 12:45:00+08:00,2290.0,2290.0,False,406.27,31.678,2573.964212,11.67624594356287
2026-05-04 13:00:00+08:00,2290.0,2290.0,False,406.84,31.699,2579.284232,11.882002290968337
2026-05-04 13:15:00+08:00,2295.0,2295.0,False,406.75,31.71,2579.6085,11.677183921539537
2026-05-04 13:30:00+08:00,2300.0,2300.0,False,407.11,31.7,2581.0774,11.517022860567632
2026-05-04 17:25:00+08:00,2300.0,2300.0,False,407.99,31.68,2585.02464,11.669322511339477
2026-05-04 17:40:00+08:00,2300.0,2300.0,False,407.78,31.68,2583.6940799999998,11.618011912818249
2026-05-04 17:55:00+08:00,2265.0,2265.0,False,403.08,31.685,2554.31796,12.006593563708332
2026-05-04 18:10:00+08:00,2265.0,2265.0,False,401.6,31.679,2544.45728,11.621156555943045
2026-05-04 18:25:00+08:00,2285.0,2285.0,False,405.07,31.688,2567.171632,11.630735818950935
2026-05-04 18:40:00+08:00,2280.0,2280.0,False,403.84,31.688,2559.3763839999997,11.545966332508339
2026-05-04 18:55:00+08:00,2280.0,2280.0,False,403.5,31.688,2557.2216,11.462017783100938
2026-05-04 19:10:00+08:00,2285.0,2285.0,False,404.02,31.695,2561.0827799999997,11.394059595490432
2026-05-04 19:25:00+08:00,2280.0,2280.0,False,403.84,31.698,2560.184064,11.57741359812882
2026-05-04 19:40:00+08:00,2285.0,2285.0,False,403.73,31.698,2559.486708,11.331921193909896
2026-05-04 19:55:00+08:00,2285.0,2285.0,False,404.42,31.698,2563.861032,11.502125144839573
2026-05-04 20:10:00+08:00,2290.0,2290.0,False,405.13,31.697,2568.281122,11.455949748969667
2026-05-04 20:25:00+08:00,2285.0,2285.0,False,404.81,31.698,2566.3334760000002,11.598191606154607
2026-05-04 20:40:00+08:00,2285.0,2285.0,False,404.38,31.699,2563.6883239999997,11.495410939100806
2026-05-04 20:55:00+08:00,2285.0,2285.0,False,404.01,31.683,2560.049766,11.3538468863686
2026-05-04 21:10:00+08:00,2280.0,2280.0,False,403.66,31.69,2558.39708,11.507822751910233
2026-05-04 21:25:00+08:00,2290.0,2290.0,False,406.56,31.7,2577.5904,11.816540685099554
2026-05-04 21:40:00+08:00,2285.0,2285.0,False,404.26,31.703,2563.250956,11.47840565701937
2026-05-04 21:55:00+08:00,2285.0,2285.0,False,404.04,31.703,2561.856024,11.42414887626545
2026-05-04 22:10:00+08:00,2290.0,2290.0,False,404.21,31.691,2561.9638219999997,11.210463720559858
2026-05-04 22:25:00+08:00,2280.0,2280.0,False,403.38,31.699,2557.348524,11.466964706965571
2026-05-04 22:40:00+08:00,2280.0,2280.0,False,403.31,31.681,2555.452822,11.393051783972103
2026-05-04 22:55:00+08:00,2275.0,2275.0,False,401.46,31.692,2544.614064,11.18820139620208
2026-05-04 23:10:00+08:00,2265.0,2265.0,False,398.29,31.691,2524.441678,10.833900710879483
2026-05-04 23:25:00+08:00,2265.0,2265.0,False,399.02,31.691,2529.068564,11.016470059813694
2026-05-04 23:40:00+08:00,2265.0,2265.0,False,399.4,31.689,2531.3173199999997,11.10507509123686
2026-05-04 23:55:00+08:00,2260.0,2260.0,False,397.51,31.695,2519.81589,10.871376470527606
2026-05-05 00:10:00+08:00,2270.0,2270.0,False,399.02,31.692,2529.1483679999997,10.799764796936142
2026-05-05 00:25:00+08:00,2265.0,2265.0,False,398.56,31.707,2527.428384,10.951791575066334
2026-05-05 00:40:00+08:00,2265.0,2265.0,False,399.59,31.705,2533.8001899999995,11.202808175265972
2026-05-05 00:55:00+08:00,2275.0,2275.0,False,400.48,31.703,2539.283488,10.97914107711972
2026-05-05 01:10:00+08:00,2275.0,2275.0,False,401.5,31.69,2544.707,11.191842159699744
2026-05-05 01:25:00+08:00,2275.0,2275.0,False,401.94,31.704,2548.621152,11.345051502917043
2026-05-05 01:40:00+08:00,2275.0,2275.0,False,401.84,31.689,2546.781552,11.273076105543153
2026-05-05 01:55:00+08:00,2275.0,2275.0,False,400.83,31.702,2541.422532,11.06308801729524
2026-05-05 02:10:00+08:00,2270.0,2270.0,False,400.24,31.676,2535.600448,11.053788215395144
2026-05-05 02:25:00+08:00,2275.0,2275.0,False,400.76,31.684,2539.535968,10.989053556074717
2026-05-05 02:40:00+08:00,2270.0,2270.0,False,400.46,31.703,2539.1566759999996,11.193508306486276
2026-05-05 02:55:00+08:00,2275.0,2275.0,False,401.73,31.704,2547.289584,11.292958635393312
2026-05-05 03:10:00+08:00,2275.0,2275.0,False,401.34,31.705,2544.8969399999996,11.199282613706659
2026-05-05 03:25:00+08:00,2275.0,2275.0,False,401.75,31.705,2547.49675,11.30106515883084
2026-05-05 03:40:00+08:00,2275.0,2275.0,False,402.27,31.7,2550.3918,11.414277282105877
2026-05-05 03:55:00+08:00,2275.0,2275.0,False,401.39,31.682,2543.3675959999996,11.139357496210406
2026-05-05 04:10:00+08:00,2270.0,2270.0,False,401.49,31.71,2546.24958,11.471564145976014
2026-05-05 04:25:00+08:00,2275.0,2275.0,False,401.71,31.71,2547.64482,11.30685879537776
2026-05-05 04:40:00+08:00,2270.0,2270.0,False,401.53,31.71,2546.50326,11.481493734107842
2026-05-05 04:55:00+08:00,2270.0,2270.0,False,401.98,31.696,2548.231616,11.549117525860343
2026-05-05 08:45:00+08:00,2270.0,2270.0,False,402.05,31.712,2549.96192,11.616768955718232
2026-05-05 09:00:00+08:00,2270.0,2270.0,False,402.08,31.707,2549.750112,11.608490295108485
2026-05-05 09:15:00+08:00,2260.0,2260.0,False,401.5,31.701,2545.5903000000003,11.885753140462278
2026-05-05 09:30:00+08:00,2255.0,2255.0,False,401.45,31.708,2545.8353199999997,12.116029841240197
2026-05-05 09:45:00+08:00,2255.0,2255.0,False,401.11,31.7,2543.0374,12.006467477723294
2026-05-05 10:00:00+08:00,2255.0,2255.0,False,401.16,31.703,2543.595096,12.028316214492293
2026-05-05 10:15:00+08:00,2260.0,2260.0,False,401.74,31.703,2547.2726439999997,11.951585244849685
2026-05-05 10:30:00+08:00,2255.0,2255.0,False,401.54,31.677,2543.9165160000002,12.040906110232497
2026-05-05 10:45:00+08:00,2255.0,2255.0,False,400.33,31.677,2536.250682,11.740178114938377
2026-05-05 11:00:00+08:00,2255.0,2255.0,False,400.65,31.679,2538.4382699999996,11.826094508149353
2026-05-05 11:15:00+08:00,2265.0,2265.0,False,400.78,31.661,2537.8191159999997,11.360790794353942
2026-05-05 11:30:00+08:00,2260.0,2260.0,False,400.82,31.669,2538.7137159999997,11.616184356683124
2026-05-05 11:45:00+08:00,2265.0,2265.0,False,400.89,31.67,2539.23726,11.416474464460562
2026-05-05 12:00:00+08:00,2265.0,2265.0,False,400.71,31.663,2537.536146,11.349675992631244
2026-05-05 12:15:00+08:00,2270.0,2270.0,False,401.0,31.662,2539.2924,11.198836652144495
2026-05-05 12:30:00+08:00,2265.0,2265.0,False,401.0,31.666,2539.6132000000002,11.431230301744176
2026-05-05 12:45:00+08:00,2265.0,2265.0,False,400.81,31.66,2537.92892,11.36510344192226
2026-05-05 13:00:00+08:00,2270.0,2270.0,False,400.37,31.679,2536.664246,11.095605282682763
2026-05-05 13:15:00+08:00,2265.0,2265.0,False,400.33,31.671,2535.770286,11.280285032159105
2026-05-05 13:30:00+08:00,2270.0,2270.0,False,400.33,31.686,2536.9712759999998,11.10767095001879
2026-05-05 17:25:00+08:00,2270.0,2270.0,False,402.39,31.657,2547.6920459999997,11.528011477220089
2026-05-05 17:40:00+08:00,2270.0,2270.0,False,402.26,31.659,2547.029868,11.502102980109656
2026-05-05 17:55:00+08:00,2270.0,2270.0,False,401.8,31.641,2542.67076,11.331369777724
2026-05-05 18:10:00+08:00,2270.0,2270.0,False,401.48,31.64,2540.5654400000003,11.248799891598619
2026-05-05 18:25:00+08:00,2270.0,2270.0,False,401.46,31.65,2541.2418,11.275334363781084
2026-05-05 18:40:00+08:00,2270.0,2270.0,False,401.64,31.64,2541.57792,11.288518008661914
2026-05-05 18:55:00+08:00,2270.0,2270.0,False,400.71,31.647,2536.2538739999995,11.079476073468838
2026-05-05 19:10:00+08:00,2265.0,2265.0,False,400.57,31.678,2537.8512920000003,11.36205455515487
2026-05-05 19:25:00+08:00,2265.0,2265.0,False,401.63,31.651,2542.3982260000002,11.540472120646834
2026-05-05 19:40:00+08:00,2265.0,2265.0,False,401.87,31.67,2545.4445800000003,11.65981960029151
2026-05-05 19:55:00+08:00,2270.0,2270.0,False,402.14,31.674,2547.476472,11.519577671535739
2026-05-05 20:10:00+08:00,2270.0,2270.0,False,402.77,31.671,2551.225734,11.666150871831388
2026-05-05 20:25:00+08:00,2275.0,2275.0,False,402.99,31.672,2552.699856,11.50443748713446
2026-05-05 20:40:00+08:00,2275.0,2275.0,False,403.15,31.671,2553.63273,11.540854133256884
2026-05-05 20:55:00+08:00,2280.0,2280.0,False,403.53,31.667,2555.716902,11.403351667917805
2026-05-05 21:10:00+08:00,2275.0,2275.0,False,402.69,31.66,2549.83308,11.392438886196654
2026-05-05 21:25:00+08:00,2280.0,2280.0,False,401.06,31.66,2539.51192,10.769219966987857
2026-05-05 21:40:00+08:00,2285.0,2285.0,False,402.71,31.665,2550.36243,10.975906515450182
2026-05-05 21:55:00+08:00,2280.0,2280.0,False,400.4,31.664,2535.65312,10.617588668844984
2026-05-05 22:10:00+08:00,2275.0,2275.0,False,398.81,31.651,2524.547062,10.398775500120312
2026-05-05 22:25:00+08:00,2270.0,2270.0,False,396.74,31.647,2511.126156,10.086584128193408
2026-05-05 22:40:00+08:00,2270.0,2270.0,False,396.23,31.646,2507.818916,9.955124720344264
2026-05-05 22:55:00+08:00,2270.0,2270.0,False,397.08,31.645,2513.11932,10.165722564495832
2026-05-05 23:10:00+08:00,2270.0,2270.0,False,395.66,31.629,2502.8660280000004,9.757911771832383
2026-05-05 23:25:00+08:00,2270.0,2270.0,False,394.79,31.645,2498.6259099999997,9.588754258142249
2026-05-05 23:40:00+08:00,2275.0,2275.0,False,397.85,31.64,2517.5948,10.123735058928823
2026-05-05 23:55:00+08:00,2280.0,2280.0,False,397.86,31.641,2517.737652,9.910406497566441
2026-05-06 00:10:00+08:00,2280.0,2280.0,False,397.4,31.648,2515.3830399999997,9.817069378466156
2026-05-06 00:25:00+08:00,2275.0,2275.0,False,396.47,31.633,2508.3071019999998,9.755054276253734
2026-05-06 00:40:00+08:00,2275.0,2275.0,False,397.17,31.635,2512.8945900000003,9.937336151755185
2026-05-06 00:55:00+08:00,2275.0,2275.0,False,397.13,31.65,2513.8329,9.974576477705034
2026-05-06 01:10:00+08:00,2275.0,2275.0,False,397.49,31.648,2515.9527040000003,10.058655089574446
2026-05-06 01:25:00+08:00,2275.0,2275.0,False,397.84,31.648,2518.168064,10.146444303773112
2026-05-06 01:40:00+08:00,2275.0,2275.0,False,397.67,31.648,2517.092032,10.103813966150472
2026-05-06 01:55:00+08:00,2280.0,2280.0,False,397.85,31.649,2518.3109300000006,9.933117443891886
2026-05-06 02:10:00+08:00,2275.0,2275.0,False,397.49,31.648,2515.9527040000003,10.058655089574446
2026-05-06 02:25:00+08:00,2280.0,2280.0,False,398.06,31.648,2519.560576,9.982604540837025
2026-05-06 02:40:00+08:00,2275.0,2275.0,False,397.22,31.649,2514.3231560000004,9.994028308579658
2026-05-06 02:55:00+08:00,2275.0,2275.0,False,396.59,31.647,2510.1767459999996,9.829385976038916
2026-05-06 03:10:00+08:00,2270.0,2270.0,False,395.34,31.645,2502.10686,9.727647213666959
2026-05-06 03:25:00+08:00,2270.0,2270.0,False,394.32,31.646,2495.730144,9.473056055605321
2026-05-06 03:40:00+08:00,2270.0,2270.0,False,394.62,31.647,2497.7078279999996,9.552088182195531
2026-05-06 03:55:00+08:00,2270.0,2270.0,False,394.41,31.646,2496.2997720000003,9.495826231048914
2026-05-06 04:10:00+08:00,2270.0,2270.0,False,396.84,31.649,2511.917832,10.118025465896382
2026-05-06 04:25:00+08:00,2275.0,2275.0,False,396.33,31.64,2507.97624,9.741894097303732
2026-05-06 04:40:00+08:00,2270.0,2270.0,False,395.91,31.64,2505.3184800000004,9.855614069954152
2026-05-06 04:55:00+08:00,2275.0,2275.0,False,396.61,31.64,2509.7480800000003,9.812348574054928
2026-05-06 08:45:00+08:00,2270.0,2270.0,False,397.62,31.637,2515.900788,10.27605037766612
2026-05-06 09:00:00+08:00,2290.0,2290.0,False,398.34,31.619,2519.0224919999996,9.52470038894547
2026-05-06 09:15:00+08:00,2280.0,2280.0,False,397.89,31.608,2515.301424,9.813832466186184
2026-05-06 09:30:00+08:00,2285.0,2285.0,False,397.23,31.593,2509.9374780000003,9.382290344016047
2026-05-06 09:45:00+08:00,2275.0,2275.0,False,397.47,31.585,2510.8179900000005,9.854866628557282
2026-05-06 10:00:00+08:00,2270.0,2270.0,False,398.06,31.589,2514.863468,10.234919747975555
2026-05-06 10:15:00+08:00,2275.0,2275.0,False,398.51,31.588,2517.626776,10.125001897289406
2026-05-06 10:30:00+08:00,2265.0,2265.0,False,397.71,31.585,2512.33407,10.354480820304026
2026-05-06 10:45:00+08:00,2255.0,2255.0,False,398.11,31.572,2513.8257839999997,10.854906248342818
2026-05-06 11:00:00+08:00,2265.0,2265.0,False,398.65,31.579,2517.79367,10.570962807182942
2026-05-06 11:15:00+08:00,2265.0,2265.0,False,398.94,31.561,2518.189068,10.58662178728663
2026-05-06 11:30:00+08:00,2265.0,2265.0,False,398.46,31.556,2514.7607519999997,10.450763749858904
2026-05-06 11:45:00+08:00,2265.0,2265.0,False,398.72,31.574,2517.8370560000003,10.572681153033212
2026-05-06 12:00:00+08:00,2265.0,2265.0,False,398.08,31.565,2513.07904,10.384049234982937
2026-05-06 12:15:00+08:00,2265.0,2265.0,False,397.95,31.569,2512.57671,10.36411239538213
2026-05-06 12:30:00+08:00,2270.0,2270.0,False,397.18,31.575,2508.1917000000003,9.969951603239371
2026-05-06 12:45:00+08:00,2265.0,2265.0,False,397.87,31.576,2512.628624,10.366172990343335
2026-05-06 13:00:00+08:00,2275.0,2275.0,False,397.99,31.592,2514.660016,10.007391555952134
2026-05-06 13:15:00+08:00,2265.0,2265.0,False,398.46,31.584,2516.992128,10.539211326782002
2026-05-06 13:30:00+08:00,2260.0,2260.0,False,398.28,31.591,2516.412696,10.736622328080333
2026-05-06 17:25:00+08:00,2285.0,2285.0,False,402.06,31.522,2534.747064,10.36349255194028
2026-05-06 17:40:00+08:00,2285.0,2285.0,False,401.63,31.512,2531.232912,10.22512476032845
2026-05-06 17:55:00+08:00,2285.0,2285.0,False,401.9,31.51,2532.7738,10.285821223071949
2026-05-06 18:10:00+08:00,2295.0,2295.0,False,402.24,31.52,2535.72096,9.966253981269086
2026-05-06 18:25:00+08:00,2295.0,2295.0,False,402.44,31.511,2536.2573679999996,9.987353172198034
2026-05-06 18:40:00+08:00,2300.0,2300.0,False,403.33,31.509,2541.704994,9.984292487854132
2026-05-06 18:55:00+08:00,2300.0,2300.0,False,404.88,31.505,2551.1488799999997,10.354202116344851
2026-05-06 19:10:00+08:00,2295.0,2295.0,False,404.9,31.499,2550.7890199999997,10.557167014258482
2026-05-06 19:25:00+08:00,2300.0,2300.0,False,405.17,31.5,2552.5710000000004,10.409780712121487
2026-05-06 19:40:00+08:00,2295.0,2295.0,False,403.42,31.501,2541.626684,10.198293154022545
2026-05-06 19:55:00+08:00,2295.0,2295.0,False,402.28,31.51,2535.16856,9.944520859537045
2026-05-06 20:10:00+08:00,2290.0,2290.0,False,402.47,31.529,2537.8953260000003,10.269291658623683
2026-05-06 20:25:00+08:00,2295.0,2295.0,False,401.57,31.528,2532.139792,9.825271370554082
2026-05-06 20:40:00+08:00,2290.0,2290.0,False,401.63,31.528,2532.5181279999997,10.05773836668094
2026-05-06 20:55:00+08:00,2290.0,2290.0,False,401.44,31.534,2531.8017919999998,10.029520184806458
2026-05-06 21:10:00+08:00,2285.0,2285.0,False,402.93,31.529,2540.795994,10.60119384731704
2026-05-06 21:25:00+08:00,2315.0,2315.0,False,413.66,31.532,2608.705424,11.930259782332593
2026-05-06 21:40:00+08:00,2315.0,2315.0,False,413.5,31.521,2606.7867,11.856942114131035
2026-05-06 21:55:00+08:00,2315.0,2315.0,False,414.7,31.52,2614.2688,12.142523045202966
2026-05-06 22:10:00+08:00,2300.0,2300.0,False,410.63,31.524,2588.940024,11.820150076768462
2026-05-06 22:25:00+08:00,2310.0,2310.0,False,413.53,31.519,2606.8104139999996,12.073290975583244
2026-05-06 22:40:00+08:00,2320.0,2320.0,False,416.4,31.531,2625.90168,12.369905420360073
2026-05-06 22:55:00+08:00,2325.0,2325.0,False,417.0,31.516,2628.4343999999996,12.2514754611467
2026-05-06 23:10:00+08:00,2330.0,2330.0,False,418.31,31.522,2637.193564,12.36889845511163
2026-05-06 23:25:00+08:00,2325.0,2325.0,False,417.09,31.532,2630.336376,12.323537811835529
2026-05-06 23:40:00+08:00,2325.0,2325.0,False,415.77,31.532,2622.011928,12.007730416776141
2026-05-06 23:55:00+08:00,2325.0,2325.0,False,417.38,31.533,2632.248708,12.395936782601309
2026-05-07 00:10:00+08:00,2325.0,2325.0,False,417.45,31.53,2632.4397,12.403164480245717
2026-05-07 00:25:00+08:00,2325.0,2325.0,False,416.17,31.531,2624.451254,12.100381987113924
2026-05-07 00:40:00+08:00,2320.0,2320.0,False,414.92,31.537,2617.0664079999997,12.034126481208949
2026-05-07 00:55:00+08:00,2325.0,2325.0,False,416.25,31.535,2625.28875,12.132171077899251
2026-05-07 01:10:00+08:00,2325.0,2325.0,False,416.09,31.532,2624.029976,12.084387342575265
2026-05-07 01:25:00+08:00,2325.0,2325.0,False,416.76,31.513,2626.6715759999997,12.184635889914674
2026-05-07 01:40:00+08:00,2320.0,2320.0,False,416.11,31.518,2622.990996,12.259419296745163
2026-05-07 01:55:00+08:00,2330.0,2330.0,False,416.95,31.515,2628.0358499999998,12.022335417360878
2026-05-07 02:10:00+08:00,2330.0,2330.0,False,417.16,31.507,2628.6920240000004,12.047210133411602
2026-05-07 02:25:00+08:00,2325.0,2325.0,False,417.69,31.5,2631.447,12.365591723264673
2026-05-07 02:40:00+08:00,2330.0,2330.0,False,417.41,31.5,2629.683,12.084764288362784
2026-05-07 02:55:00+08:00,2330.0,2330.0,False,418.03,31.5,2633.589,12.23264053490327
2026-05-07 03:10:00+08:00,2330.0,2330.0,False,418.8,31.5,2638.44,12.415969600115933
2026-05-07 03:25:00+08:00,2335.0,2335.0,False,419.25,31.491,2640.52035,12.280940625637268
2026-05-07 03:40:00+08:00,2335.0,2335.0,False,419.53,31.499,2642.955094,12.372755004205747
2026-05-07 03:55:00+08:00,2335.0,2335.0,False,418.95,31.492,2638.71468,12.212790621918025
2026-05-07 04:10:00+08:00,2340.0,2340.0,False,420.67,31.499,2650.136866,12.429994380037906
2026-05-07 04:25:00+08:00,2335.0,2335.0,False,419.0,31.499,2639.6162,12.246822176955074
2026-05-07 04:40:00+08:00,2340.0,2340.0,False,418.09,31.499,2633.8833819999995,11.817059606324301
2026-05-07 04:55:00+08:00,2340.0,2340.0,False,418.09,31.495,2633.54891,11.804404271958793
2026-05-07 08:45:00+08:00,2335.0,2335.0,False,418.09,31.489,2633.0472019999997,11.998565628765126
2026-05-07 09:00:00+08:00,2325.0,2325.0,False,417.95,31.491,2632.33269,12.399114976485476
2026-05-07 09:15:00+08:00,2325.0,2325.0,False,418.06,31.479,2632.022148,12.387362365281085
2026-05-07 09:30:00+08:00,2335.0,2335.0,False,417.92,31.461,2629.636224,11.869398308608073
2026-05-07 09:45:00+08:00,2335.0,2335.0,False,419.08,31.451,2636.097016,12.11390624769091
2026-05-07 10:00:00+08:00,2325.0,2325.0,False,418.05,31.465,2630.78865,12.340665496297948
2026-05-07 10:15:00+08:00,2335.0,2335.0,False,418.85,31.453,2634.81781,12.065545316237658
2026-05-07 10:30:00+08:00,2335.0,2335.0,False,419.67,31.446,2639.3885640000003,12.23823029036701
2026-05-07 10:45:00+08:00,2340.0,2340.0,False,419.6,31.435,2638.0252,11.973631632077717
2026-05-07 11:00:00+08:00,2335.0,2335.0,False,419.0,31.427,2633.5826,12.018824040481896
2026-05-07 11:15:00+08:00,2335.0,2335.0,False,419.37,31.419,2635.2372060000002,12.081403504748552
2026-05-07 11:30:00+08:00,2345.0,2345.0,False,419.94,31.426,2639.406888,11.813116168697503
2026-05-07 11:45:00+08:00,2340.0,2340.0,False,419.73,31.439,2639.1782940000003,12.017175378536475
2026-05-07 12:00:00+08:00,2335.0,2335.0,False,419.55,31.444,2638.4660400000002,12.203402518859875
2026-05-07 12:15:00+08:00,2325.0,2325.0,False,419.18,31.442,2635.971512,12.53671831204017
2026-05-07 12:30:00+08:00,2330.0,2330.0,False,419.15,31.446,2636.11818,12.328268031672172
2026-05-07 12:45:00+08:00,2320.0,2320.0,False,418.68,31.431,2631.9062160000003,12.597420160834497
2026-05-07 13:00:00+08:00,2325.0,2325.0,False,418.97,31.448,2635.1537120000003,12.505810505414445
2026-05-07 13:15:00+08:00,2325.0,2325.0,False,418.68,31.438,2632.492368,12.405157493930817
2026-05-07 13:30:00+08:00,2335.0,2335.0,False,419.41,31.453,2638.3405460000004,12.19866378319794
2026-05-07 17:25:00+08:00,2330.0,2330.0,False,421.64,31.469,2653.717832,12.991017666427137
2026-05-07 17:40:00+08:00,2325.0,2325.0,False,420.83,31.461,2647.9465259999997,12.988135879263615
2026-05-07 17:55:00+08:00,2330.0,2330.0,False,419.92,31.457,2641.884688,12.5459340902558
2026-05-07 18:10:00+08:00,2325.0,2325.0,False,421.01,31.452,2648.321304,13.002228661154689
2026-05-07 18:25:00+08:00,2325.0,2325.0,False,421.06,31.447,2648.214764,12.998222652264282
2026-05-07 18:40:00+08:00,2325.0,2325.0,False,420.34,31.445,2643.51826,12.821458766260015
2026-05-07 18:55:00+08:00,2325.0,2325.0,False,420.14,31.452,2642.848656,12.796229434892837
2026-05-07 19:10:00+08:00,2325.0,2325.0,False,418.91,31.449,2634.860118,12.49471197284278
2026-05-07 19:25:00+08:00,2325.0,2325.0,False,418.56,31.451,2632.8261119999997,12.41778574100986
2026-05-07 19:40:00+08:00,2325.0,2325.0,False,417.49,31.451,2626.0955980000003,12.16278668186606
2026-05-07 19:55:00+08:00,2325.0,2325.0,False,417.3,31.452,2624.98392,12.120601797833723
2026-05-07 20:10:00+08:00,2330.0,2330.0,False,417.16,31.469,2625.521608,11.92696274486712
2026-05-07 20:25:00+08:00,2330.0,2330.0,False,419.0,31.451,2635.5938,12.308449394310104
2026-05-07 20:40:00+08:00,2325.0,2325.0,False,418.43,31.455,2632.34313,12.399510057719171
2026-05-07 20:55:00+08:00,2330.0,2330.0,False,417.32,31.447,2624.692408,11.895487498847775
2026-05-07 21:10:00+08:00,2330.0,2330.0,False,417.61,31.437,2625.681114,11.933016156535531
2026-05-07 21:25:00+08:00,2330.0,2330.0,False,418.02,31.45,2629.3458,12.071987398015281
2026-05-07 21:40:00+08:00,2320.0,2320.0,False,417.24,31.45,2624.4396,12.31442285188397
2026-05-07 21:55:00+08:00,2325.0,2325.0,False,416.59,31.452,2620.5177360000002,11.95093220872842
2026-05-07 22:10:00+08:00,2325.0,2325.0,False,416.93,31.457,2623.073402,12.048059023518908
2026-05-07 22:25:00+08:00,2330.0,2330.0,False,418.8,31.465,2635.5083999999997,12.305221354574678
2026-05-07 22:40:00+08:00,2325.0,2325.0,False,418.12,31.463,2631.061912,12.351012454422305
2026-05-07 22:55:00+08:00,2330.0,2330.0,False,418.58,31.471,2634.626236,12.271869885836056
2026-05-07 23:10:00+08:00,2325.0,2325.0,False,417.07,31.479,2625.7893059999997,12.151165699395234
2026-05-07 23:25:00+08:00,2325.0,2325.0,False,419.27,31.49,2640.56246,12.710038894566642
2026-05-07 23:40:00+08:00,2325.0,2325.0,False,417.87,31.493,2631.995982,12.386372033173856
2026-05-07 23:55:00+08:00,2315.0,2315.0,False,413.63,31.485,2604.62811,11.774390402042
2026-05-08 00:10:00+08:00,2305.0,2305.0,False,411.79,31.497,2594.029926,11.799475829533854
2026-05-08 00:25:00+08:00,2310.0,2310.0,False,412.12,31.489,2595.449336,11.638050520883013
2026-05-08 00:40:00+08:00,2310.0,2310.0,False,413.35,31.484,2602.7822800000004,11.919204365799835
2026-05-08 00:55:00+08:00,2305.0,2305.0,False,411.63,31.482,2591.787132,11.713277472319577
2026-05-08 01:10:00+08:00,2305.0,2305.0,False,411.34,31.471,2589.056228,11.608212687661828
2026-05-08 01:25:00+08:00,2305.0,2305.0,False,411.56,31.487,2591.757944,11.712155155692946
2026-05-08 01:40:00+08:00,2305.0,2305.0,False,411.24,31.487,2589.742776,11.6346369576827
2026-05-08 01:55:00+08:00,2310.0,2310.0,False,412.13,31.486,2595.265036,11.630973409445753
2026-05-08 02:10:00+08:00,2310.0,2310.0,False,412.15,31.482,2595.0612599999995,11.6231478014201
2026-05-08 02:25:00+08:00,2305.0,2305.0,False,412.24,31.477,2595.215696,11.845017199422488
2026-05-08 02:40:00+08:00,2305.0,2305.0,False,412.06,31.479,2594.247348,11.807827915366557
2026-05-08 02:55:00+08:00,2305.0,2305.0,False,412.71,31.479,2598.339618,11.964890905094961
2026-05-08 03:10:00+08:00,2310.0,2310.0,False,412.4,31.48,2596.4703999999997,11.677249698683587
2026-05-08 03:25:00+08:00,2310.0,2310.0,False,414.33,31.473,2608.0416179999997,12.120337367994994
2026-05-08 03:40:00+08:00,2315.0,2315.0,False,415.71,31.473,2616.728166,12.23620426122245
2026-05-08 03:55:00+08:00,2320.0,2320.0,False,415.53,31.48,2616.17688,12.000253929312192
2026-05-08 04:10:00+08:00,,2320.0,True,415.35,31.462,2613.5483400000003,11.900089743521203
2026-05-08 04:25:00+08:00,2315.0,2315.0,False,414.94,31.48,2612.46224,12.07364868614396
2026-05-08 04:40:00+08:00,2320.0,2320.0,False,414.73,31.478,2610.974188,11.801894591462831
2026-05-08 04:55:00+08:00,2315.0,2315.0,False,414.07,31.478,2606.819092,11.858180341261523
2026-05-08 08:45:00+08:00,2315.0,2315.0,False,415.66,31.466,2615.831512,12.202060089373427
2026-05-08 09:00:00+08:00,2320.0,2320.0,False,416.42,31.499,2623.362716,12.273536595569537
2026-05-08 09:15:00+08:00,2315.0,2315.0,False,416.01,31.48,2619.19896,12.330226748700063
2026-05-08 09:30:00+08:00,2315.0,2315.0,False,416.18,31.485,2620.6854599999997,12.386747999942433
2026-05-08 09:45:00+08:00,2310.0,2310.0,False,416.16,31.484,2620.4762880000003,12.594170212547235
2026-05-08 10:00:00+08:00,2295.0,2295.0,False,414.91,31.479,2612.1903780000002,12.927575804763295
2026-05-08 10:15:00+08:00,2290.0,2290.0,False,414.05,31.463,2605.45103,12.887516515510939
2026-05-08 10:30:00+08:00,2300.0,2300.0,False,414.69,31.491,2611.800558,12.69597795424168
2026-05-08 10:45:00+08:00,2305.0,2305.0,False,415.56,31.485,2616.78132,12.669450336326607
2026-05-08 11:00:00+08:00,2305.0,2305.0,False,415.32,31.481,2614.937784,12.599256234822349
2026-05-08 11:15:00+08:00,2305.0,2305.0,False,415.43,31.481,2615.6303660000003,12.625633014272234
2026-05-08 11:30:00+08:00,2305.0,2305.0,False,415.46,31.492,2616.733264,12.667621233363935
2026-05-08 11:45:00+08:00,2305.0,2305.0,False,415.25,31.47,2613.5834999999997,12.54765726758526
2026-05-08 12:00:00+08:00,2305.0,2305.0,False,415.65,31.462,2615.43606,12.618233677443621
2026-05-08 12:15:00+08:00,2305.0,2305.0,False,415.87,31.472,2617.652128,12.702588761925213
2026-05-08 12:30:00+08:00,2300.0,2300.0,False,415.7,31.468,2616.24952,12.865478805070898
2026-05-08 12:45:00+08:00,2305.0,2305.0,False,416.38,31.469,2620.612444,12.815155377660883
2026-05-08 13:00:00+08:00,2305.0,2305.0,False,417.02,31.484,2625.891536,13.0155584910842
2026-05-08 13:15:00+08:00,2305.0,2305.0,False,417.74,31.512,2632.764576,13.275828401908809
2026-05-08 13:30:00+08:00,2295.0,2295.0,False,416.39,31.498,2623.090444,13.34218830400997
2026-05-08 17:25:00+08:00,2295.0,2295.0,False,416.07,31.494,2620.741716,13.253003710091587
2026-05-08 17:40:00+08:00,2280.0,2280.0,False,414.86,31.493,2613.037196,13.612698316385337
2026-05-08 17:55:00+08:00,2280.0,2280.0,False,415.36,31.495,2616.35264,13.738905864427284
2026-05-08 18:10:00+08:00,2280.0,2280.0,False,414.84,31.498,2613.326064,13.623701328724694
2026-05-08 18:25:00+08:00,2285.0,2285.0,False,415.2,31.498,2615.5939200000003,13.491994047937775
2026-05-08 18:40:00+08:00,2285.0,2285.0,False,415.16,31.499,2615.4249680000003,13.48556380957531
2026-05-08 18:55:00+08:00,2285.0,2285.0,False,414.88,31.501,2613.826976,13.42472300454646
2026-05-08 19:10:00+08:00,2280.0,2280.0,False,415.16,31.502,2615.674064,13.713088723301897
2026-05-08 19:25:00+08:00,2285.0,2285.0,False,415.19,31.508,2616.361304,13.521194763976126
2026-05-08 19:40:00+08:00,2285.0,2285.0,False,416.31,31.51,2623.5856200000003,13.795648938889258
2026-05-08 19:55:00+08:00,2285.0,2285.0,False,416.1,31.512,2622.42864,13.751749225639278
2026-05-08 20:10:00+08:00,2285.0,2285.0,False,416.45,31.514,2624.80106,13.841744536997586
2026-05-08 20:25:00+08:00,2290.0,2290.0,False,417.55,31.511,2631.48361,13.877262917472166
2026-05-08 20:40:00+08:00,2290.0,2290.0,False,417.38,31.514,2630.662664,13.846210856611568
2026-05-08 20:55:00+08:00,2285.0,2285.0,False,417.24,31.51,2629.44648,14.017712122892018
2026-05-08 21:10:00+08:00,2295.0,2295.0,False,417.39,31.514,2630.725692,13.63152205350212
2026-05-08 21:25:00+08:00,2295.0,2295.0,False,414.63,31.517,2613.578742,12.980488191993238
2026-05-08 21:40:00+08:00,2300.0,2300.0,False,415.25,31.518,2617.5699,12.9157248989994
2026-05-08 21:55:00+08:00,2300.0,2300.0,False,415.93,31.516,2621.689976,13.072338061465908
2026-05-08 22:10:00+08:00,2300.0,2300.0,False,415.01,31.512,2615.559024,12.839191736252056
2026-05-08 22:25:00+08:00,2295.0,2295.0,False,413.17,31.494,2602.4751960000003,12.556477927693432
2026-05-08 22:40:00+08:00,2300.0,2300.0,False,415.7,31.493,2618.32802,12.944562408425941
2026-05-08 22:55:00+08:00,2305.0,2305.0,False,415.5,31.502,2617.8162,12.70883117675611
2026-05-08 23:10:00+08:00,2295.0,2295.0,False,413.79,31.508,2607.539064,12.750089695154749
2026-05-08 23:25:00+08:00,2295.0,2295.0,False,414.45,31.512,2612.02968,12.921449458198515
2026-05-08 23:40:00+08:00,2295.0,2295.0,False,414.18,31.506,2609.831016,12.837588694615288
2026-05-08 23:55:00+08:00,2295.0,2295.0,False,413.45,31.501,2604.81769,12.646090511992083
2026-05-09 00:10:00+08:00,2295.0,2295.0,False,413.8,31.506,2607.43656,12.746174526733705
2026-05-09 00:25:00+08:00,2295.0,2295.0,False,413.49,31.513,2606.0620740000004,12.693659835494683
2026-05-09 00:40:00+08:00,2290.0,2290.0,False,409.55,31.515,2581.39365,11.963461421353209
2026-05-09 00:55:00+08:00,2280.0,2280.0,False,405.2,31.513,2553.81352,11.329089087408576
2026-05-09 01:10:00+08:00,2290.0,2290.0,False,407.26,31.513,2566.796876,11.398330342691477
2026-05-09 01:25:00+08:00,2290.0,2290.0,False,408.71,31.504,2575.199968,11.724079991607855
2026-05-09 01:40:00+08:00,2290.0,2290.0,False,408.79,31.503,2575.6222740000003,11.740421180092628
2026-05-09 01:55:00+08:00,2295.0,2295.0,False,409.97,31.505,2583.22097,11.816642656103372
2026-05-09 02:10:00+08:00,2290.0,2290.0,False,409.93,31.505,2582.96893,12.024247813129397
2026-05-09 02:25:00+08:00,2290.0,2290.0,False,409.42,31.506,2579.837304,11.90336702878894
2026-05-09 02:40:00+08:00,2290.0,2290.0,False,409.82,31.51,2582.68564,12.013319209322116
2026-05-09 02:55:00+08:00,2290.0,2290.0,False,410.49,31.511,2586.990078,12.179236506537745
2026-05-09 03:10:00+08:00,2295.0,2295.0,False,409.71,31.511,2582.074362,11.772400447151513
2026-05-09 03:25:00+08:00,2290.0,2290.0,False,409.87,31.511,2583.082714,12.028636951225783
2026-05-09 03:40:00+08:00,2295.0,2295.0,False,410.49,31.511,2586.990078,11.961928366704878
2026-05-09 03:55:00+08:00,2300.0,2300.0,False,412.05,31.511,2596.82151,12.123027535059174
2026-05-09 04:10:00+08:00,2300.0,2300.0,False,411.75,31.511,2594.9308499999997,12.050460324684659
2026-05-09 04:25:00+08:00,2300.0,2300.0,False,411.75,31.51,2594.8485,12.047298297383465
2026-05-09 04:40:00+08:00,2300.0,2300.0,False,411.43,31.511,2592.914146,11.97299348648739
2026-05-09 04:55:00+08:00,2300.0,2300.0,False,410.98,31.51,2589.99596,11.860785259217277
2026-05-11 08:45:00+08:00,2275.0,2275.0,False,407.74,31.446,2564.358408,11.958544236841737
2026-05-11 09:00:00+08:00,2280.0,2280.0,False,408.43,31.436,2567.881096,11.876574127922881
2026-05-11 09:15:00+08:00,2280.0,2280.0,False,408.3,31.44,2567.3904,11.857530600382434
2026-05-11 09:30:00+08:00,2270.0,2270.0,False,408.1,31.448,2566.78576,12.272024221308499
2026-05-11 09:45:00+08:00,2270.0,2270.0,False,408.36,31.458,2569.237776,12.367144986512436
2026-05-11 10:00:00+08:00,2270.0,2270.0,False,408.38,31.443,2568.138468,12.324511585268672
2026-05-11 10:15:00+08:00,2265.0,2265.0,False,407.77,31.436,2563.7315439999998,12.373085613806479
2026-05-11 10:30:00+08:00,2260.0,2260.0,False,407.98,31.437,2565.133452,12.647668920888533
2026-05-11 10:45:00+08:00,2265.0,2265.0,False,408.35,31.459,2569.25653,12.587521084653739
2026-05-11 11:00:00+08:00,2260.0,2260.0,False,408.32,31.478,2570.619392,12.86043742193465
2026-05-11 11:15:00+08:00,2265.0,2265.0,False,408.23,31.455,2568.17493,12.545580674854659
2026-05-11 11:30:00+08:00,2265.0,2265.0,False,407.79,31.459,2565.733122,12.450827417081234
2026-05-11 11:45:00+08:00,2265.0,2265.0,False,407.48,31.455,2563.4566800000002,12.36240479224928
2026-05-11 12:00:00+08:00,2265.0,2265.0,False,407.34,31.444,2561.679792,12.293328117259115
2026-05-11 12:15:00+08:00,2265.0,2265.0,False,407.7,31.43,2562.8022,12.336967740724758
2026-05-11 12:30:00+08:00,2265.0,2265.0,False,408.0,31.423,2564.1168,12.388054064047479
2026-05-11 12:45:00+08:00,2265.0,2265.0,False,408.43,31.425,2566.98255,12.499322871105987
2026-05-11 13:00:00+08:00,2260.0,2260.0,False,407.81,31.43,2563.49366,12.583976735236346
2026-05-11 13:15:00+08:00,2255.0,2255.0,False,407.43,31.452,2562.897672,12.781411850625126
2026-05-11 13:30:00+08:00,2250.0,2250.0,False,407.2,31.442,2560.63648,12.914568843081659
2026-05-11 17:25:00+08:00,2245.0,2245.0,False,403.78,31.458,2540.422248,12.346757827837134
2026-05-11 17:40:00+08:00,2250.0,2250.0,False,404.06,31.46,2542.34552,12.200519298116044
2026-05-11 17:55:00+08:00,2245.0,2245.0,False,403.17,31.442,2535.294228,12.145454407372522
2026-05-11 18:10:00+08:00,2245.0,2245.0,False,402.61,31.446,2532.0948120000003,12.019640526238744
2026-05-11 18:25:00+08:00,2245.0,2245.0,False,402.57,31.457,2532.7288980000003,12.044588721660041
2026-05-11 18:40:00+08:00,2245.0,2245.0,False,402.97,31.456,2535.1648640000003,12.140370562750544
2026-05-11 18:55:00+08:00,2245.0,2245.0,False,403.38,31.458,2537.905608,12.24801959336514
2026-05-11 19:10:00+08:00,2245.0,2245.0,False,403.79,31.458,2540.485164,12.34922495310865
2026-05-11 19:25:00+08:00,2250.0,2250.0,False,405.15,31.457,2548.96071,12.45939394240216
2026-05-11 19:40:00+08:00,2250.0,2250.0,False,404.62,31.46,2545.86904,12.33849538143352
2026-05-11 19:55:00+08:00,2245.0,2245.0,False,404.26,31.456,2543.280512,12.458773509717046
2026-05-11 20:10:00+08:00,2245.0,2245.0,False,404.57,31.445,2544.34073,12.500289575346205
2026-05-11 20:25:00+08:00,2245.0,2245.0,False,404.7,31.459,2546.29146,12.576628348132255
2026-05-11 20:40:00+08:00,2245.0,2245.0,False,404.56,31.459,2545.410608,12.542165279039486
2026-05-11 20:55:00+08:00,2250.0,2250.0,False,405.93,31.458,2553.9491879999996,12.654138339316656
2026-05-11 21:10:00+08:00,2255.0,2255.0,False,406.85,31.45,2559.0865000000003,12.633196349920189
2026-05-11 21:25:00+08:00,2250.0,2250.0,False,402.38,31.448,2530.809248,11.74735210853575
2026-05-11 21:40:00+08:00,2245.0,2245.0,False,400.92,31.444,2521.3056960000004,11.59412398713254
2026-05-11 21:55:00+08:00,2250.0,2250.0,False,401.99,31.443,2527.954314,11.634866963275867
2026-05-11 22:10:00+08:00,2255.0,2255.0,False,404.32,31.431,2541.6363840000004,11.951557760605953
2026-05-11 22:25:00+08:00,2250.0,2250.0,False,402.97,31.424,2532.585856,11.817283139642194
2026-05-11 22:40:00+08:00,2260.0,2260.0,False,405.62,31.426,2549.402824,12.034875621389613
2026-05-11 22:55:00+08:00,2260.0,2260.0,False,405.31,31.424,2547.2922879999996,11.952353665581802
2026-05-11 23:10:00+08:00,2260.0,2260.0,False,406.39,31.45,2556.1930999999995,12.299884736764376
2026-05-11 23:25:00+08:00,2260.0,2260.0,False,406.88,31.428,2557.4849280000003,12.350217279185241
2026-05-11 23:40:00+08:00,2265.0,2265.0,False,406.78,31.426,2556.693656,12.099219768432338
2026-05-11 23:55:00+08:00,2265.0,2265.0,False,406.69,31.434,2556.7786920000003,12.102533551948442
2026-05-12 00:10:00+08:00,2265.0,2265.0,False,406.61,31.435,2556.35707,12.08610213970317
2026-05-12 00:25:00+08:00,2265.0,2265.0,False,405.55,31.438,2549.9361799999997,11.835512220641716
2026-05-12 00:40:00+08:00,2260.0,2260.0,False,405.39,31.422,2547.632916,11.965677123257302
2026-05-12 00:55:00+08:00,2260.0,2260.0,False,406.09,31.417,2551.625906,12.12171983845829
2026-05-12 01:10:00+08:00,2255.0,2255.0,False,405.59,31.419,2548.646442,12.225980639730029
2026-05-12 01:25:00+08:00,2260.0,2260.0,False,406.0,31.413,2550.7356,12.086949862719539
2026-05-12 01:40:00+08:00,2260.0,2260.0,False,405.42,31.427,2548.226868,11.988904679944492
2026-05-12 01:55:00+08:00,2260.0,2260.0,False,405.38,31.43,2548.21868,11.988584512549664
2026-05-12 02:10:00+08:00,2260.0,2260.0,False,404.99,31.421,2545.0381580000003,11.864137125547474
2026-05-12 02:25:00+08:00,2260.0,2260.0,False,405.92,31.433,2551.8566720000003,12.130730065103666
2026-05-12 02:40:00+08:00,2260.0,2260.0,False,405.74,31.434,2550.806232,12.089708792079236
2026-05-12 02:55:00+08:00,2260.0,2260.0,False,405.53,31.421,2548.4316259999996,11.996910778158982
2026-05-12 03:10:00+08:00,2255.0,2255.0,False,404.68,31.433,2544.061288,12.046576222012186
2026-05-12 03:25:00+08:00,2260.0,2260.0,False,404.48,31.421,2541.833216,11.738567472977387
2026-05-12 03:40:00+08:00,2260.0,2260.0,False,405.69,31.434,2550.491892,12.077429856314579
2026-05-12 03:55:00+08:00,2260.0,2260.0,False,405.28,31.414,2546.293184,11.913263425255087
2026-05-12 04:10:00+08:00,2260.0,2260.0,False,404.94,31.418,2544.480984,11.842319074521695
2026-05-12 04:25:00+08:00,2260.0,2260.0,False,404.92,31.42,2544.5172800000005,11.843740522461
2026-05-12 04:40:00+08:00,2260.0,2260.0,False,405.21,31.42,2546.33964,11.915081390294763
2026-05-12 04:55:00+08:00,2255.0,2255.0,False,405.29,31.429,2547.571882,12.183966807308275
2026-05-12 08:45:00+08:00,2255.0,2255.0,False,403.95,31.419,2538.34101,11.822276337480945
2026-05-12 09:00:00+08:00,2255.0,2255.0,False,404.28,31.45,2542.9211999999998,12.001914495802882
2026-05-12 09:15:00+08:00,2235.0,2235.0,False,402.55,31.457,2532.60307,12.484389561398622
2026-05-12 09:30:00+08:00,2230.0,2230.0,False,401.66,31.468,2527.887376,12.52183385015039
2026-05-12 09:45:00+08:00,2230.0,2230.0,False,401.6,31.458,2526.70656,12.475293830191621
2026-05-12 10:00:00+08:00,2240.0,2240.0,False,402.65,31.459,2533.3932699999996,12.292859750062018
2026-05-12 10:15:00+08:00,2235.0,2235.0,False,402.22,31.476,2532.055344,12.462844358368324
2026-05-12 10:30:00+08:00,2235.0,2235.0,False,402.2,31.477,2532.00988,12.46105577612103
2026-05-12 10:45:00+08:00,2245.0,2245.0,False,403.24,31.465,2537.58932,12.235602951582724
2026-05-12 11:00:00+08:00,2260.0,2260.0,False,404.66,31.465,2546.52538,11.922349612143316
2026-05-12 11:15:00+08:00,2255.0,2255.0,False,404.51,31.455,2544.77241,12.074422920398431
2026-05-12 11:30:00+08:00,2255.0,2255.0,False,404.57,31.463,2545.797182,12.114537272697465
2026-05-12 11:45:00+08:00,2260.0,2260.0,False,404.52,31.464,2545.563456,11.884702329482666
2026-05-12 12:00:00+08:00,2265.0,2265.0,False,404.61,31.462,2545.9679640000004,11.680309081351444
2026-05-12 12:15:00+08:00,2265.0,2265.0,False,404.46,31.448,2543.891616,11.598997784523988
2026-05-12 12:30:00+08:00,2280.0,2280.0,False,404.81,31.461,2547.145482,11.068466156496084
2026-05-12 12:45:00+08:00,2265.0,2265.0,False,403.48,31.462,2538.8575520000004,11.401568386888771
2026-05-12 13:00:00+08:00,2265.0,2265.0,False,402.88,31.447,2533.873472,11.205691234361439
2026-05-12 13:15:00+08:00,2260.0,2260.0,False,402.81,31.462,2534.6416440000003,11.456190655820377
2026-05-12 13:30:00+08:00,2245.0,2245.0,False,402.15,31.458,2530.16694,11.94374745775904
2026-05-12 17:25:00+08:00,2245.0,2245.0,False,400.34,31.576,2528.227168,11.867324056930363
2026-05-12 17:40:00+08:00,2245.0,2245.0,False,400.04,31.588,2527.2927040000004,11.830485743818297
2026-05-12 17:55:00+08:00,2245.0,2245.0,False,399.93,31.591,2526.837726,11.812544440242359
2026-05-12 18:10:00+08:00,2240.0,2240.0,False,400.27,31.59,2528.90586,12.116232464274304
2026-05-12 18:25:00+08:00,2240.0,2240.0,False,400.01,31.58,2526.46316,12.019946462777227
2026-05-12 18:40:00+08:00,2235.0,2235.0,False,399.22,31.594,2522.5913360000004,12.08978727634039
2026-05-12 18:55:00+08:00,2230.0,2230.0,False,398.95,31.577,2519.52883,12.191896938122184
2026-05-12 19:10:00+08:00,2225.0,2225.0,False,398.62,31.598,2519.118952,12.399307647039784
2026-05-12 19:25:00+08:00,2220.0,2220.0,False,398.02,31.618,2516.919272,12.53638725722409
2026-05-12 19:40:00+08:00,2215.0,2215.0,False,398.01,31.613,2516.458026,12.742711626878956
2026-05-12 19:55:00+08:00,2210.0,2210.0,False,396.71,31.601,2507.286542,12.604133302191073
2026-05-12 20:10:00+08:00,2210.0,2210.0,False,396.23,31.619,2505.679274,12.540262253636891
2026-05-12 20:25:00+08:00,2220.0,2220.0,False,398.51,31.613,2519.619326,12.643181040147528
2026-05-12 20:40:00+08:00,2215.0,2215.0,False,398.29,31.616,2518.467328,12.82220017469613
2026-05-12 20:55:00+08:00,2205.0,2205.0,False,397.89,31.619,2516.1767819999995,13.182170309165075
2026-05-12 21:10:00+08:00,2205.0,2205.0,False,397.28,31.601,2510.8890559999995,12.972699415429146
2026-05-12 21:25:00+08:00,2225.0,2225.0,False,401.96,31.61,2541.19112,13.268083970581523
2026-05-12 21:40:00+08:00,2215.0,2215.0,False,400.04,31.609,2528.9728720000003,13.2367060466614
2026-05-12 21:55:00+08:00,2210.0,2210.0,False,395.95,31.62,2503.9878,12.472997914843983
2026-05-12 22:10:00+08:00,2200.0,2200.0,False,395.03,31.618,2498.0117079999995,12.686716275846265
2026-05-12 22:25:00+08:00,2200.0,2200.0,False,394.79,31.648,2498.862784,12.720643174244262
2026-05-12 22:40:00+08:00,2195.0,2195.0,False,393.3,31.634,2488.33044,12.52657457157775
2026-05-12 22:55:00+08:00,2185.0,2185.0,False,390.93,31.638,2473.6486680000003,12.391948333975558
2026-05-12 23:10:00+08:00,2170.0,2170.0,False,387.57,31.618,2450.8376519999997,12.1552702410329
2026-05-12 23:25:00+08:00,2180.0,2180.0,False,390.35,31.627,2469.11989,12.437618166048196
2026-05-12 23:40:00+08:00,2175.0,2175.0,False,389.49,31.62,2463.13476,12.424596304743845
2026-05-12 23:55:00+08:00,2180.0,2180.0,False,389.69,31.627,2464.9451259999996,12.269041647231708
2026-05-13 00:10:00+08:00,2175.0,2175.0,False,389.25,31.627,2462.16195,12.385245678124319
2026-05-13 00:25:00+08:00,2170.0,2170.0,False,389.36,31.638,2463.714336,12.677274199580696
2026-05-13 00:40:00+08:00,2170.0,2170.0,False,389.24,31.65,2463.8892,12.684342992059461
2026-05-13 00:55:00+08:00,2180.0,2180.0,False,390.76,31.647,2473.276344,12.605154833675611
2026-05-13 01:10:00+08:00,2180.0,2180.0,False,393.1,31.631,2486.82922,13.14936568430932
2026-05-13 01:25:00+08:00,2175.0,2175.0,False,392.82,31.628,2484.822192,13.29759717149311
2026-05-13 01:40:00+08:00,2175.0,2175.0,False,393.29,31.625,2487.5592500000002,13.40719691658611
2026-05-13 01:55:00+08:00,2180.0,2180.0,False,393.97,31.62,2491.46628,13.334840126470956
2026-05-13 02:10:00+08:00,2180.0,2180.0,False,394.87,31.625,2497.55275,13.577730363382853
2026-05-13 02:25:00+08:00,2185.0,2185.0,False,396.2,31.605,2504.3802,13.621424852691625
2026-05-13 02:40:00+08:00,2185.0,2185.0,False,395.93,31.605,2502.67353,13.55356886382828
2026-05-13 02:55:00+08:00,2185.0,2185.0,False,396.16,31.59,2502.93888,13.564122235313791
2026-05-13 03:10:00+08:00,2190.0,2190.0,False,396.73,31.608,2507.9683680000003,13.536420132831353
2026-05-13 03:25:00+08:00,2195.0,2195.0,False,397.97,31.608,2515.8071520000003,13.620050307676031
2026-05-13 03:40:00+08:00,2195.0,2195.0,False,398.41,31.599,2517.8715180000004,13.701689798537824
2026-05-13 03:55:00+08:00,2195.0,2195.0,False,397.34,31.624,2513.096032,13.512724882328822
2026-05-13 04:10:00+08:00,2195.0,2195.0,False,397.19,31.606,2510.7174280000004,13.418460960763001
2026-05-13 04:25:00+08:00,2200.0,2200.0,False,397.0,31.605,2509.437,13.141146170975423
2026-05-13 04:40:00+08:00,2200.0,2200.0,False,396.92,31.583,2507.184872,13.051744528975018
2026-05-13 04:55:00+08:00,2195.0,2195.0,False,396.75,31.575,2505.47625,13.210416710434403
2026-05-13 08:45:00+08:00,2200.0,2200.0,False,396.2,31.62,2505.5688,12.98753935974754
2026-05-13 09:00:00+08:00,2215.0,2215.0,False,396.58,31.633,2509.003028,12.447198964835215
2026-05-13 09:15:00+08:00,2220.0,2220.0,False,396.75,31.622,2509.2057,12.230624690315329
2026-05-13 09:30:00+08:00,2220.0,2220.0,False,396.8,31.625,2509.76,12.252630154595591
2026-05-13 09:45:00+08:00,2230.0,2230.0,False,397.26,31.6,2510.6832000000004,11.841466225796331
2026-05-13 10:00:00+08:00,2215.0,2215.0,False,396.5,31.6,2505.88,12.323126196810769
2026-05-13 10:15:00+08:00,2220.0,2220.0,False,396.95,31.59,2507.9301,12.17996433576715
2026-05-13 10:30:00+08:00,2215.0,2215.0,False,396.42,31.603,2505.612252,12.312481368359585
2026-05-13 10:45:00+08:00,2215.0,2215.0,False,395.89,31.616,2503.291648,12.220170752785135
2026-05-13 11:00:00+08:00,2210.0,2210.0,False,396.0,31.6,2502.7200000000003,12.422550034799446
2026-05-13 11:15:00+08:00,2220.0,2220.0,False,396.66,31.6,2506.8912000000005,12.138684300582188
2026-05-13 11:30:00+08:00,2225.0,2225.0,False,397.87,31.611,2515.4137140000003,12.252673775806237
2026-05-13 11:45:00+08:00,2220.0,2220.0,False,397.45,31.624,2513.7917599999996,12.412534175352048
2026-05-13 12:00:00+08:00,2225.0,2225.0,False,397.42,31.614,2512.8071760000003,12.149383261434792
2026-05-13 12:15:00+08:00,2220.0,2220.0,False,398.0,31.6,2515.36,12.474658737667257
2026-05-13 12:30:00+08:00,2220.0,2220.0,False,397.77,31.595,2513.50863,12.401313822047465
2026-05-13 12:45:00+08:00,2225.0,2225.0,False,397.59,31.593,2512.212174,12.125788900752738
2026-05-13 13:00:00+08:00,2240.0,2240.0,False,399.6,31.593,2524.91256,11.958773908749343
2026-05-13 13:15:00+08:00,2225.0,2225.0,False,399.57,31.598,2525.1225719999998,12.636413795681722
2026-05-13 13:30:00+08:00,2230.0,2230.0,False,399.09,31.598,2522.089164,12.293084322270515
2026-05-13 17:25:00+08:00,2230.0,2230.0,False,402.29,31.575,2540.46135,13.015988485055017
2026-05-13 17:40:00+08:00,2230.0,2230.0,False,402.15,31.585,2540.38155,13.01286057506239
2026-05-13 17:55:00+08:00,2235.0,2235.0,False,402.5,31.575,2541.7875,12.84492977759634
2026-05-13 18:10:00+08:00,2230.0,2230.0,False,402.31,31.565,2539.78303,12.989397129873224
2026-05-13 18:25:00+08:00,2225.0,2225.0,False,402.04,31.57,2538.4805600000004,13.161828039453589
2026-05-13 18:40:00+08:00,2235.0,2235.0,False,401.95,31.581,2538.79659,12.727672169207358
2026-05-13 18:55:00+08:00,2230.0,2230.0,False,401.07,31.582,2533.318548,12.73559787964868
2026-05-13 19:10:00+08:00,2225.0,2225.0,False,400.59,31.592,2531.0878559999996,12.871413029675525
2026-05-13 19:25:00+08:00,2230.0,2230.0,False,401.71,31.584,2537.5217279999997,12.900695394586348
2026-05-13 19:40:00+08:00,2230.0,2230.0,False,401.55,31.577,2535.94887,12.838948899592376
2026-05-13 19:55:00+08:00,2235.0,2235.0,False,401.54,31.57,2535.32356,12.591328710625232
2026-05-13 20:10:00+08:00,2230.0,2230.0,False,401.26,31.58,2534.3581599999998,12.776460113989408
2026-05-13 20:25:00+08:00,2215.0,2215.0,False,398.94,31.577,2519.4656760000003,12.861670010341427
2026-05-13 20:40:00+08:00,2220.0,2220.0,False,399.22,31.578,2521.3138320000003,12.710140803858112
2026-05-13 20:55:00+08:00,2220.0,2220.0,False,400.01,31.58,2526.46316,12.913327236274172
2026-05-13 21:10:00+08:00,2225.0,2225.0,False,399.95,31.588,2526.72412,12.699563879562936
2026-05-13 21:25:00+08:00,2215.0,2215.0,False,395.0,31.586,2495.294,11.901337793352171
2026-05-13 21:40:00+08:00,2220.0,2220.0,False,395.43,31.579,2497.456794,11.762981882648704
2026-05-13 21:55:00+08:00,2220.0,2220.0,False,394.09,31.59,2489.86062,11.459388791849214
2026-05-13 22:10:00+08:00,2225.0,2225.0,False,397.23,31.581,2508.9841260000003,11.997679689726965
2026-05-13 22:25:00+08:00,2220.0,2220.0,False,395.87,31.593,2501.344182,11.917969593177176
2026-05-13 22:40:00+08:00,2220.0,2220.0,False,396.06,31.579,2501.4357480000003,11.921617195329471
2026-05-13 22:55:00+08:00,2215.0,2215.0,False,396.33,31.564,2501.9520239999997,12.166840898104487
2026-05-13 23:10:00+08:00,2215.0,2215.0,False,396.8,31.588,2506.8236800000004,12.36063435558019
2026-05-13 23:25:00+08:00,2225.0,2225.0,False,398.62,31.574,2517.2055760000003,12.323614879913011
2026-05-13 23:40:00+08:00,2225.0,2225.0,False,398.4,31.568,2515.33824,12.249684528840712
2026-05-13 23:55:00+08:00,2225.0,2225.0,False,399.92,31.577,2525.6547680000003,12.657403355225256
2026-05-14 00:10:00+08:00,2230.0,2230.0,False,400.21,31.573,2527.166066,12.493407288170115
2026-05-14 00:25:00+08:00,2230.0,2230.0,False,401.63,31.584,2537.016384,12.880861288015241
2026-05-14 00:40:00+08:00,2230.0,2230.0,False,402.44,31.574,2541.328112,13.049956099937992
2026-05-14 00:55:00+08:00,2240.0,2240.0,False,404.07,31.582,2552.2677479999998,13.032149471628385
2026-05-14 01:10:00+08:00,2240.0,2240.0,False,404.41,31.582,2554.4153240000005,13.115898509087964
2026-05-14 01:25:00+08:00,2240.0,2240.0,False,404.28,31.582,2553.5941919999996,13.083885679073754
2026-05-14 01:40:00+08:00,2235.0,2235.0,False,404.33,31.58,2553.74828,13.312384003612726
2026-05-14 01:55:00+08:00,2245.0,2245.0,False,404.2,31.567,2551.87628,12.794838227514175
2026-05-14 02:10:00+08:00,2240.0,2240.0,False,403.43,31.57,2547.25702,12.836453890666602
2026-05-14 02:25:00+08:00,2240.0,2240.0,False,402.58,31.581,2542.775796,12.661090919345277
2026-05-14 02:40:00+08:00,2240.0,2240.0,False,401.45,31.58,2535.5582,12.377954057810456
2026-05-14 02:55:00+08:00,2240.0,2240.0,False,401.06,31.581,2533.175172,12.28428295361125
2026-05-14 03:10:00+08:00,2240.0,2240.0,False,401.44,31.571,2534.772448,12.347078366989864
2026-05-14 03:25:00+08:00,2235.0,2235.0,False,401.3,31.571,2533.88846,12.53493188221895
2026-05-14 03:40:00+08:00,2235.0,2235.0,False,399.99,31.58,2526.33684,12.237606781040089
2026-05-14 03:55:00+08:00,2235.0,2235.0,False,400.49,31.562,2528.053076,12.305261827823484
2026-05-14 04:10:00+08:00,2235.0,2235.0,False,400.83,31.562,2530.1992920000002,12.389798365646202
2026-05-14 04:25:00+08:00,2235.0,2235.0,False,400.65,31.577,2530.26501,12.392385707001848
2026-05-14 04:40:00+08:00,2235.0,2235.0,False,400.69,31.576,2530.437488,12.399175888633545
2026-05-14 04:55:00+08:00,2235.0,2235.0,False,400.92,31.577,2531.9701680000003,12.45949345324287
2026-05-14 08:45:00+08:00,2250.0,2250.0,False,403.13,31.583,2546.4109579999995,12.359698140778017
2026-05-14 09:00:00+08:00,2260.0,2260.0,False,403.59,31.578,2548.9130039999995,12.015730114463912
2026-05-14 09:15:00+08:00,2255.0,2255.0,False,402.87,31.585,2544.92979,12.080584620384629
2026-05-14 09:30:00+08:00,2240.0,2240.0,False,401.01,31.58,2532.7791599999996,12.268707609760833
2026-05-14 09:45:00+08:00,2230.0,2230.0,False,399.66,31.564,2522.973648,12.32801482597238
2026-05-14 10:00:00+08:00,2245.0,2245.0,False,401.13,31.566,2532.413916,12.032196542042307
2026-05-14 10:15:00+08:00,2250.0,2250.0,False,402.0,31.571,2538.3084000000003,12.04218174418341
2026-05-14 10:30:00+08:00,2240.0,2240.0,False,401.5,31.572,2535.2316,12.365121725195488
2026-05-14 10:45:00+08:00,2240.0,2240.0,False,400.64,31.582,2530.602496,12.18305219282726
2026-05-14 11:00:00+08:00,2240.0,2240.0,False,401.21,31.563,2532.678246,12.264738199994719
2026-05-14 11:15:00+08:00,2245.0,2245.0,False,401.51,31.57,2535.13414,12.139163107251216
2026-05-14 11:30:00+08:00,2245.0,2245.0,False,401.51,31.571,2535.214442,12.142318949129685
2026-05-14 11:45:00+08:00,2245.0,2245.0,False,400.99,31.562,2531.2092760000005,11.984787912798337
2026-05-14 12:00:00+08:00,2250.0,2250.0,False,401.12,31.56,2531.86944,11.789089749802953
2026-05-14 12:15:00+08:00,2255.0,2255.0,False,402.33,31.575,2540.71395,11.91538748886388
2026-05-14 12:30:00+08:00,2265.0,2265.0,False,403.77,31.579,2550.130566,11.843108388932515
2026-05-14 12:45:00+08:00,2260.0,2260.0,False,403.13,31.575,2545.76595,11.892628687004617
2026-05-14 13:00:00+08:00,2255.0,2255.0,False,402.93,31.589,2545.6311539999997,12.108039325530724
2026-05-14 13:15:00+08:00,2260.0,2260.0,False,403.72,31.57,2549.0880800000004,12.022573726701234
2026-05-14 13:30:00+08:00,2260.0,2260.0,False,403.31,31.581,2547.386622,11.956043671829313
2026-05-14 17:25:00+08:00,2260.0,2260.0,False,405.38,31.57,2559.56932,12.431373017371603
2026-05-14 17:40:00+08:00,2265.0,2265.0,False,406.25,31.57,2565.0625,12.424787463930333
2026-05-14 17:55:00+08:00,2270.0,2270.0,False,405.86,31.574,2562.9247280000004,12.122048013821267
2026-05-14 18:10:00+08:00,2275.0,2275.0,False,405.6,31.595,2562.9864000000002,11.905217426820391
2026-05-14 18:25:00+08:00,2270.0,2270.0,False,406.08,31.588,2565.451008,12.220204796251345
2026-05-14 18:40:00+08:00,2270.0,2270.0,False,405.97,31.588,2564.756072,12.193213788263282
2026-05-14 18:55:00+08:00,2270.0,2270.0,False,406.57,31.567,2566.839038,12.2740920534226
2026-05-14 19:10:00+08:00,2270.0,2270.0,False,406.29,31.58,2566.1276399999997,12.246477431683326
2026-05-14 19:25:00+08:00,2270.0,2270.0,False,405.9,31.582,2563.82676,12.157107591501683
2026-05-14 19:40:00+08:00,2270.0,2270.0,False,406.09,31.581,2564.9456579999996,12.200577994583105
2026-05-14 19:55:00+08:00,2275.0,2275.0,False,406.1,31.583,2565.17126,11.990123671780989
2026-05-14 20:10:00+08:00,2275.0,2275.0,False,405.96,31.581,2564.1245519999998,11.94945692730745
2026-05-14 20:25:00+08:00,2270.0,2270.0,False,405.01,31.593,2559.0961859999998,11.973097029548368
2026-05-14 20:40:00+08:00,2265.0,2265.0,False,404.35,31.585,2554.2789500000003,12.005071837561939
2026-05-14 20:55:00+08:00,2265.0,2265.0,False,404.12,31.586,2552.9068639999996,11.951532984220826
2026-05-14 21:10:00+08:00,2265.0,2265.0,False,404.52,31.581,2555.029224,12.034334669834768
2026-05-14 21:25:00+08:00,2275.0,2275.0,False,408.74,31.587,2582.1740760000002,12.648263010287886
2026-05-14 21:40:00+08:00,2285.0,2285.0,False,412.52,31.589,2606.218856,13.134511681314962
2026-05-14 21:55:00+08:00,2285.0,2285.0,False,413.63,31.587,2613.066162,13.395742366454384
2026-05-14 22:10:00+08:00,2295.0,2295.0,False,417.91,31.59,2640.35538,13.99515752804816
2026-05-14 22:25:00+08:00,2310.0,2310.0,False,421.61,31.594,2664.069268,14.236603831710056
2026-05-14 22:40:00+08:00,2305.0,2305.0,False,419.3,31.59,2649.1374,13.892929170676618
2026-05-14 22:55:00+08:00,2305.0,2305.0,False,417.54,31.588,2637.850704,13.46796510485905
2026-05-14 23:10:00+08:00,2305.0,2305.0,False,418.72,31.58,2644.6355200000003,13.723657777532688
2026-05-14 23:25:00+08:00,2305.0,2305.0,False,419.25,31.6,2649.6600000000003,13.912559085789955
2026-05-14 23:40:00+08:00,2305.0,2305.0,False,418.3,31.583,2642.23378,13.633225960063685
2026-05-14 23:55:00+08:00,2305.0,2305.0,False,419.2,31.582,2647.83488,13.843985850786119
2026-05-15 00:10:00+08:00,2305.0,2305.0,False,419.17,31.581,2647.561554,13.833712121087144
2026-05-15 00:25:00+08:00,2310.0,2310.0,False,417.75,31.596,2639.8458,13.327518202688255
2026-05-15 00:40:00+08:00,2310.0,2310.0,False,418.02,31.596,2641.5519839999997,13.391840985264702
2026-05-15 00:55:00+08:00,2310.0,2310.0,False,417.61,31.577,2637.3741940000004,13.234260484967086
2026-05-15 01:10:00+08:00,2305.0,2305.0,False,415.88,31.59,2627.52984,13.077664016726967
2026-05-15 01:25:00+08:00,2305.0,2305.0,False,417.15,31.584,2635.0531199999996,13.36233080829704
2026-05-15 01:40:00+08:00,2310.0,2310.0,False,418.37,31.575,2642.00655,13.408970551543398
2026-05-15 01:55:00+08:00,2310.0,2310.0,False,417.61,31.578,2637.457716,13.237413427142867
2026-05-15 02:10:00+08:00,2310.0,2310.0,False,416.5,31.555,2628.5315,12.899846847185243
2026-05-15 02:25:00+08:00,2310.0,2310.0,False,417.7,31.56,2636.5224,13.202099317290056
2026-05-15 02:40:00+08:00,2310.0,2310.0,False,418.82,31.552,2642.9217280000003,13.443447980125248
2026-05-15 02:55:00+08:00,2315.0,2315.0,False,420.58,31.577,2656.130932,13.724479868517776
2026-05-15 03:10:00+08:00,2315.0,2315.0,False,420.66,31.575,2656.4679,13.737105694678231
2026-05-15 03:25:00+08:00,2310.0,2310.0,False,419.35,31.574,2648.1113800000003,13.638716603417661
2026-05-15 03:40:00+08:00,2315.0,2315.0,False,418.67,31.572,2643.649848,13.25561828619765
2026-05-15 03:55:00+08:00,2315.0,2315.0,False,418.7,31.55,2641.9970000000003,13.193350732308302
2026-05-15 04:10:00+08:00,2310.0,2310.0,False,417.75,31.572,2637.8406,13.251865874579712
2026-05-15 04:25:00+08:00,2315.0,2315.0,False,417.5,31.572,2636.2619999999997,12.976974355224979
2026-05-15 04:40:00+08:00,2310.0,2310.0,False,417.21,31.555,2633.0123099999996,13.069451975530267
2026-05-15 04:55:00+08:00,2315.0,2315.0,False,417.93,31.555,2637.55623,13.025848269874166
2026-05-15 08:45:00+08:00,2315.0,2315.0,False,420.11,31.594,2654.591068,13.666761041433851
2026-05-15 09:00:00+08:00,2305.0,2305.0,False,418.28,31.582,2642.023792,13.625315186274728
2026-05-15 09:15:00+08:00,2290.0,2290.0,False,415.84,31.593,2627.5266239999996,13.727495540245787
2026-05-15 09:30:00+08:00,2295.0,2295.0,False,416.53,31.609,2633.219354,13.725823860720945
2026-05-15 09:45:00+08:00,2275.0,2275.0,False,413.66,31.62,2615.9858400000003,13.943440081601228
2026-05-15 10:00:00+08:00,2285.0,2285.0,False,412.16,31.618,2606.334976,13.13894785683965
2026-05-15 10:15:00+08:00,2280.0,2280.0,False,411.6,31.619,2602.87608,13.224832033828719
2026-05-15 10:30:00+08:00,2290.0,2290.0,False,413.66,31.605,2614.7448600000002,13.242069435595482
2026-05-15 10:45:00+08:00,2290.0,2290.0,False,414.67,31.597,2620.465598,13.459644158166858
2026-05-15 11:00:00+08:00,2285.0,2285.0,False,414.28,31.565,2615.34964,13.482696716310222
2026-05-15 11:15:00+08:00,2285.0,2285.0,False,413.67,31.549,2610.174966,13.285529863939086
2026-05-15 11:30:00+08:00,2280.0,2280.0,False,412.88,31.535,2604.03416,13.26911931344887
2026-05-15 11:45:00+08:00,2280.0,2280.0,False,412.41,31.537,2601.234834,13.162031531958041
2026-05-15 12:00:00+08:00,2285.0,2285.0,False,412.49,31.537,2601.739426,12.963221419778648
2026-05-15 12:15:00+08:00,2280.0,2280.0,False,411.39,31.538,2594.883564,12.918608613561553
2026-05-15 12:30:00+08:00,2275.0,2275.0,False,410.7,31.54,2590.6956,12.976381013230668
2026-05-15 12:45:00+08:00,2265.0,2265.0,False,408.23,31.534,2574.624964,12.795411475193808
2026-05-15 13:00:00+08:00,2265.0,2265.0,False,408.45,31.571,2579.03499,12.965843171995752
2026-05-15 13:15:00+08:00,2270.0,2270.0,False,407.96,31.597,2578.062424,12.70868223457513
2026-05-15 13:30:00+08:00,2255.0,2255.0,False,405.75,31.617,2565.7195500000003,12.891002962410466
2026-05-15 17:25:00+08:00,2240.0,2240.0,False,406.4,31.611,2569.34208,13.695930733211636
2026-05-15 17:40:00+08:00,2230.0,2230.0,False,405.69,31.612,2564.934456,13.97034554167428
2026-05-15 17:55:00+08:00,2230.0,2230.0,False,406.12,31.613,2567.734312,14.078908502926705
2026-05-15 18:10:00+08:00,2235.0,2235.0,False,407.89,31.611,2578.762158,14.28247373745714
2026-05-15 18:25:00+08:00,2240.0,2240.0,False,406.97,31.61,2572.86434,13.8322760204789
2026-05-15 18:40:00+08:00,2250.0,2250.0,False,408.79,31.607,2584.1251060000004,13.823601941343732
2026-05-15 18:55:00+08:00,2245.0,2245.0,False,408.49,31.608,2582.310384,13.975085800076444
2026-05-15 19:10:00+08:00,2245.0,2245.0,False,407.78,31.609,2577.903604,13.805111249741664
2026-05-15 19:25:00+08:00,2240.0,2240.0,False,407.59,31.608,2576.620944,13.977472917785816
2026-05-15 19:40:00+08:00,2240.0,2240.0,False,407.32,31.61,2575.0770399999997,13.917826743640207
2026-05-15 19:55:00+08:00,2235.0,2235.0,False,406.11,31.616,2567.914752,13.863029813775887
2026-05-15 20:10:00+08:00,2235.0,2235.0,False,406.49,31.613,2570.073674,13.94666124738383
2026-05-15 20:25:00+08:00,2235.0,2235.0,False,405.6,31.612,2564.36544,13.725374494508177
2026-05-15 20:40:00+08:00,2240.0,2240.0,False,406.55,31.611,2570.29041,13.7326598541064
2026-05-15 20:55:00+08:00,2240.0,2240.0,False,407.15,31.616,2574.49088,13.895171403876452
2026-05-15 21:10:00+08:00,2240.0,2240.0,False,407.09,31.619,2574.3557419999997,13.889947478667219
2026-05-15 21:25:00+08:00,2225.0,2225.0,False,403.91,31.621,2554.4076219999997,13.784453976417907
2026-05-15 21:40:00+08:00,2230.0,2230.0,False,404.68,31.63,2560.0056799999998,13.778926458391997
2026-05-15 21:55:00+08:00,2235.0,2235.0,False,405.31,31.646,2565.2880520000003,13.761176347006451
2026-05-15 22:10:00+08:00,2240.0,2240.0,False,407.75,31.619,2578.52945,14.051152058435587
2026-05-15 22:25:00+08:00,2240.0,2240.0,False,406.82,31.636,2574.0315039999996,13.877412464893565
2026-05-15 22:40:00+08:00,2235.0,2235.0,False,405.58,31.629,2565.617964,13.773975203997303
2026-05-15 22:55:00+08:00,2235.0,2235.0,False,405.71,31.627,2566.278034,13.799577181495087
2026-05-15 23:10:00+08:00,2240.0,2240.0,False,406.15,31.63,2569.3049,13.694490444970544
2026-05-15 23:25:00+08:00,2240.0,2240.0,False,408.29,31.626,2582.5159080000003,14.204863790363273
2026-05-15 23:40:00+08:00,2235.0,2235.0,False,406.53,31.621,2570.9770259999996,13.981632628803148
2026-05-15 23:55:00+08:00,2235.0,2235.0,False,407.4,31.612,2575.74576,14.166026516437643
2026-05-16 00:10:00+08:00,2235.0,2235.0,False,406.78,31.619,2572.395364,14.036514097699246
2026-05-16 00:25:00+08:00,2235.0,2235.0,False,406.93,31.619,2573.343934,14.073200197163766
2026-05-16 00:40:00+08:00,2235.0,2235.0,False,406.57,31.624,2571.473936,14.000863854887232
2026-05-16 00:55:00+08:00,2235.0,2235.0,False,407.09,31.618,2574.2743239999995,14.109169123786483
2026-05-16 01:10:00+08:00,2235.0,2235.0,False,407.81,31.617,2578.745754,14.281840860181003
2026-05-16 01:25:00+08:00,2240.0,2240.0,False,409.71,31.617,2590.760214,14.52194679352801
2026-05-16 01:40:00+08:00,2240.0,2240.0,False,409.52,31.616,2589.4768639999998,14.472659206841984
2026-05-16 01:55:00+08:00,2245.0,2245.0,False,410.03,31.624,2593.357744,14.399834093789154
2026-05-16 02:10:00+08:00,2245.0,2245.0,False,408.98,31.625,2586.7985,14.147878890231032
2026-05-16 02:25:00+08:00,2240.0,2240.0,False,408.08,31.624,2581.024384,14.147382665467962
2026-05-16 02:40:00+08:00,2240.0,2240.0,False,408.24,31.619,2581.628112,14.170653732076957
2026-05-16 02:55:00+08:00,2245.0,2245.0,False,407.04,31.633,2575.179264,13.699874876686739
2026-05-16 03:10:00+08:00,,2245.0,True,406.22,31.633,2569.991452,13.499149696932843
2026-05-16 03:25:00+08:00,2240.0,2240.0,False,406.95,31.631,2574.44709,13.893478679812437
2026-05-16 03:40:00+08:00,2235.0,2235.0,False,406.4,31.615,2569.6672,13.930921167651315
2026-05-16 03:55:00+08:00,2230.0,2230.0,False,404.3,31.632,2557.76352,13.691717171528135
2026-05-16 04:10:00+08:00,2230.0,2230.0,False,403.93,31.632,2555.422752,13.600585313554339
2026-05-16 04:25:00+08:00,2230.0,2230.0,False,404.32,31.633,2557.9709119999998,13.69978715526498
2026-05-16 04:40:00+08:00,2230.0,2230.0,False,404.42,31.63,2558.36092,13.714961152092942
2026-05-16 04:55:00+08:00,2230.0,2230.0,False,404.63,31.632,2559.851232,13.772921789150047
2026-05-18 08:45:00+08:00,2230.0,2230.0,False,401.6,31.68,2544.5376,13.17562563545421
2026-05-18 09:00:00+08:00,2220.0,2220.0,False,399.13,31.679,2528.8078539999997,13.005700103864411
2026-05-18 09:15:00+08:00,2230.0,2230.0,False,399.98,31.698,2535.713208,12.829693884508716
2026-05-18 09:30:00+08:00,2230.0,2230.0,False,401.34,31.699,2544.415332,13.170841250138645
2026-05-18 09:45:00+08:00,2240.0,2240.0,False,402.52,31.675,2549.9642,12.942234516074247
2026-05-18 10:00:00+08:00,2235.0,2235.0,False,402.46,31.678,2549.825576,13.15933343857382
2026-05-18 10:15:00+08:00,2240.0,2240.0,False,404.27,31.68,2561.4547199999997,13.389888637750175
2026-05-18 10:30:00+08:00,2240.0,2240.0,False,403.56,31.68,2556.95616,13.214886666798314
2026-05-18 10:45:00+08:00,2235.0,2235.0,False,402.87,31.677,2552.342598,13.25756790970322
2026-05-18 11:00:00+08:00,2240.0,2240.0,False,403.01,31.699,2555.002798,13.138795169478856
2026-05-18 11:15:00+08:00,2235.0,2235.0,False,402.02,31.697,2548.565588,13.110119731047783
2026-05-18 11:30:00+08:00,2245.0,2245.0,False,402.88,31.687,2553.211712,12.846940922976922
2026-05-18 11:45:00+08:00,2235.0,2235.0,False,402.43,31.7,2551.4062,13.221034186358857
2026-05-18 12:00:00+08:00,2250.0,2250.0,False,403.4,31.686,2556.4264799999996,12.750698727009327
2026-05-18 12:15:00+08:00,2245.0,2245.0,False,402.08,31.7,2549.1872,12.689834055708122
2026-05-18 12:30:00+08:00,2255.0,2255.0,False,403.5,31.697,2557.9479,12.588870949548408
2026-05-18 12:45:00+08:00,2250.0,2250.0,False,402.72,31.729,2555.580576,12.717738103326305
2026-05-18 13:00:00+08:00,2250.0,2250.0,False,402.98,31.749,2558.842404,12.844771279803414
2026-05-18 13:15:00+08:00,2245.0,2245.0,False,402.56,31.742,2555.6119040000003,12.940513010068155
2026-05-18 13:30:00+08:00,2240.0,2240.0,False,402.24,31.732,2552.775936,13.05197406165578
2026-05-18 17:25:00+08:00,2260.0,2260.0,False,408.95,31.656,2589.14424,13.575353658690098
2026-05-18 17:40:00+08:00,2255.0,2255.0,False,408.44,31.667,2586.813896,13.706181324900726
2026-05-18 17:55:00+08:00,2255.0,2255.0,False,406.91,31.671,2577.449322,13.345171382637416
2026-05-18 18:10:00+08:00,2255.0,2255.0,False,406.91,31.675,2577.7748500000002,13.357744153961578
2026-05-18 18:25:00+08:00,2250.0,2250.0,False,406.22,31.689,2574.5411160000003,13.453761018792001
2026-05-18 18:40:00+08:00,2255.0,2255.0,False,407.07,31.689,2579.928246,13.440871486306644
2026-05-18 18:55:00+08:00,2250.0,2250.0,False,405.38,31.689,2569.217364,13.2476848371515
2026-05-18 19:10:00+08:00,2255.0,2255.0,False,405.75,31.67,2570.0205,13.057789080896134
2026-05-18 19:25:00+08:00,2260.0,2260.0,False,406.73,31.67,2576.2278200000005,13.077457546241092
2026-05-18 19:40:00+08:00,2260.0,2260.0,False,406.67,31.664,2575.3597760000002,13.043901203185268
2026-05-18 19:55:00+08:00,2260.0,2260.0,False,407.88,31.659,2582.614584,13.323983497093433
2026-05-18 20:10:00+08:00,2260.0,2260.0,False,407.66,31.657,2581.058524,13.26398028068954
2026-05-18 20:25:00+08:00,2265.0,2265.0,False,408.49,31.645,2585.33321,13.208709428027102
2026-05-18 20:40:00+08:00,2275.0,2275.0,False,410.92,31.65,2601.1236,13.376346735755423
2026-05-18 20:55:00+08:00,2270.0,2270.0,False,410.24,31.641,2596.080768,13.402192998700338
2026-05-18 21:10:00+08:00,2275.0,2275.0,False,409.63,31.639,2592.056714,13.02868376643288
2026-05-18 21:25:00+08:00,2260.0,2260.0,False,402.35,31.634,2545.5879800000002,11.885662324301062
2026-05-18 21:40:00+08:00,2255.0,2255.0,False,402.32,31.633,2545.317712,12.095770714269758
2026-05-18 21:55:00+08:00,2250.0,2250.0,False,400.11,31.625,2530.69575,11.742882822024384
2026-05-18 22:10:00+08:00,2245.0,2245.0,False,398.4,31.618,2519.32224,11.515687906114428
2026-05-18 22:25:00+08:00,2240.0,2240.0,False,395.62,31.603,2500.555772,10.992625528802668
2026-05-18 22:40:00+08:00,2240.0,2240.0,False,397.03,31.6,2509.2295999999997,11.337822033283027
2026-05-18 22:55:00+08:00,2240.0,2240.0,False,396.94,31.62,2510.24856,11.378291328822591
2026-05-18 23:10:00+08:00,2240.0,2240.0,False,395.97,31.619,2504.0350860000003,11.131245077810975
2026-05-18 23:25:00+08:00,2240.0,2240.0,False,396.87,31.619,2509.726506,11.357559457761333
2026-05-18 23:40:00+08:00,2240.0,2240.0,False,396.75,31.617,2508.80895,11.321110317567106
2026-05-18 23:55:00+08:00,2235.0,2235.0,False,395.29,31.607,2498.7862059999998,11.144829720685522
2026-05-19 00:10:00+08:00,2235.0,2235.0,False,395.21,31.61,2498.5176199999996,11.134113830551227
2026-05-19 00:25:00+08:00,2235.0,2235.0,False,394.57,31.593,2493.130002,10.918904594028119
2026-05-19 00:40:00+08:00,2235.0,2235.0,False,395.75,31.597,2500.90255,11.229223878350275
2026-05-19 00:55:00+08:00,2235.0,2235.0,False,395.68,31.589,2499.827104,11.186347386424016
2026-05-19 01:10:00+08:00,2235.0,2235.0,False,395.08,31.597,2496.668552,11.060307759274348
2026-05-19 01:25:00+08:00,2235.0,2235.0,False,395.15,31.598,2497.1899399999998,11.081124947406474
2026-05-19 01:40:00+08:00,2235.0,2235.0,False,395.02,31.601,2496.605404,11.057786170370175
2026-05-19 01:55:00+08:00,2230.0,2230.0,False,394.03,31.597,2490.033182,11.018277710065476
2026-05-19 02:10:00+08:00,2225.0,2225.0,False,392.56,31.603,2481.2147360000004,10.88835722008586
2026-05-19 02:25:00+08:00,2230.0,2230.0,False,392.42,31.6,2480.0944000000004,10.619506904150388
2026-05-19 02:40:00+08:00,2225.0,2225.0,False,392.07,31.616,2479.137024,10.80483084159413
2026-05-19 02:55:00+08:00,2235.0,2235.0,False,394.4,31.605,2493.0024,10.913801566598185
2026-05-19 03:10:00+08:00,2235.0,2235.0,False,393.43,31.621,2488.130006,10.718739720415813
2026-05-19 03:25:00+08:00,2235.0,2235.0,False,395.06,31.616,2498.043392,11.115190384462043
2026-05-19 03:40:00+08:00,2240.0,2240.0,False,397.11,31.606,2510.211732,11.37682896026329
2026-05-19 03:55:00+08:00,2240.0,2240.0,False,395.85,31.608,2502.40536,11.066340393981006
2026-05-19 04:10:00+08:00,2240.0,2240.0,False,396.27,31.62,2506.01148,11.209896188451703
2026-05-19 04:25:00+08:00,,2240.0,True,396.0,31.62,2504.304,11.141950431506922
2026-05-19 04:40:00+08:00,2235.0,2235.0,False,395.93,31.62,2503.86132,11.347085379573842
2026-05-19 04:55:00+08:00,2240.0,2240.0,False,396.18,31.604,2504.174544,11.136796993867096
2026-05-19 08:45:00+08:00,2225.0,2225.0,False,396.77,31.629,2509.887666,12.033555433456405
2026-05-19 09:00:00+08:00,2225.0,2225.0,False,396.36,31.632,2507.5319040000004,11.93998940656694
2026-05-19 09:15:00+08:00,2225.0,2225.0,False,394.9,31.633,2498.37434,11.575383203695003
2026-05-19 09:30:00+08:00,2225.0,2225.0,False,395.53,31.645,2503.30937,11.772045702669406
2026-05-19 09:45:00+08:00,2220.0,2220.0,False,393.79,31.649,2492.6119420000005,11.569462767363179
2026-05-19 10:00:00+08:00,2220.0,2220.0,False,393.81,31.662,2493.762444,11.615453568240952
2026-05-19 10:15:00+08:00,2215.0,2215.0,False,393.81,31.663,2493.841206,11.843304702851347
2026-05-19 10:30:00+08:00,2215.0,2215.0,False,394.02,31.68,2496.5107199999998,11.949913169251996
2026-05-19 10:45:00+08:00,2215.0,2215.0,False,393.66,31.683,2494.465956,11.868265260265956
2026-05-19 11:00:00+08:00,2220.0,2220.0,False,394.25,31.672,2497.3372,11.758209695079671
2026-05-19 11:15:00+08:00,2225.0,2225.0,False,394.58,31.685,2500.4534599999997,11.658286864177464
2026-05-19 11:30:00+08:00,2220.0,2220.0,False,394.58,31.684,2500.374544,11.879334632730778
2026-05-19 11:45:00+08:00,2215.0,2215.0,False,393.85,31.674,2494.9609800000003,11.888038189225096
2026-05-19 12:00:00+08:00,2215.0,2215.0,False,393.62,31.687,2494.527388,11.870719287554971
2026-05-19 12:15:00+08:00,2215.0,2215.0,False,393.26,31.686,2492.1672719999997,11.776393571084451
2026-05-19 12:30:00+08:00,2215.0,2215.0,False,393.7,31.688,2495.11312,11.894114339232683
2026-05-19 12:45:00+08:00,2210.0,2210.0,False,393.63,31.686,2494.512036,12.095283584050758
2026-05-19 13:00:00+08:00,2210.0,2210.0,False,393.75,31.682,2494.9574999999995,12.113074347642867
2026-05-19 13:15:00+08:00,2210.0,2210.0,False,393.85,31.686,2495.90622,12.150952723405519
2026-05-19 13:30:00+08:00,2205.0,2205.0,False,393.45,31.698,2494.3156200000003,12.313095922678217
2026-05-19 17:25:00+08:00,2205.0,2205.0,False,391.08,31.74,2482.57584,11.84304422901881
2026-05-19 17:40:00+08:00,2210.0,2210.0,False,391.43,31.741,2484.8759259999997,11.709614070001292
2026-05-19 17:55:00+08:00,2210.0,2210.0,False,391.09,31.742,2482.795756,11.626150814307888
2026-05-19 18:10:00+08:00,2210.0,2210.0,False,390.23,31.745,2477.57027,11.416160381100811
2026-05-19 18:25:00+08:00,2210.0,2210.0,False,390.24,31.741,2477.3215680000003,11.406154415561543
2026-05-19 18:40:00+08:00,2205.0,2205.0,False,390.46,31.739,2478.561988,11.681792136024141
2026-05-19 18:55:00+08:00,2215.0,2215.0,False,390.96,31.738,2481.6576959999998,11.35521101429657
2026-05-19 19:10:00+08:00,2210.0,2210.0,False,390.53,31.738,2478.9282279999998,11.470776046180069
2026-05-19 19:25:00+08:00,2210.0,2210.0,False,391.28,31.73,2483.06288,11.63687284752511
2026-05-19 19:40:00+08:00,2210.0,2210.0,False,391.0,31.731,2481.3642,11.56866908776769
2026-05-19 19:55:00+08:00,2210.0,2210.0,False,390.72,31.732,2479.665408,11.500411416984392
2026-05-19 20:10:00+08:00,2205.0,2205.0,False,390.33,31.731,2477.1122459999997,11.623482381588325
2026-05-19 20:25:00+08:00,2210.0,2210.0,False,390.95,31.729,2480.89051,11.54964113626264
2026-05-19 20:40:00+08:00,2210.0,2210.0,False,391.67,31.725,2485.14615,11.72045091716687
2026-05-19 20:55:00+08:00,2205.0,2205.0,False,390.67,31.73,2479.19182,11.707113224069463
2026-05-19 21:10:00+08:00,2205.0,2205.0,False,390.18,31.73,2476.08228,11.582034400813825
2026-05-19 21:25:00+08:00,2225.0,2225.0,False,393.8,31.729,2498.97604,11.599383133196419
2026-05-19 21:40:00+08:00,2220.0,2220.0,False,393.67,31.721,2497.521214,11.765552348822988
2026-05-19 21:55:00+08:00,2205.0,2205.0,False,389.06,31.727,2468.741324,11.286089910268215
2026-05-19 22:10:00+08:00,2200.0,2200.0,False,387.31,31.72,2457.0946400000003,11.040988421914493
2026-05-19 22:25:00+08:00,2205.0,2205.0,False,388.0,31.718,2461.3168,10.985829337605198
2026-05-19 22:40:00+08:00,2205.0,2205.0,False,388.9,31.714,2466.7149199999994,11.2042333268058
2026-05-19 22:55:00+08:00,2205.0,2205.0,False,389.05,31.712,2467.51072,11.236388131817927
2026-05-19 23:10:00+08:00,2210.0,2210.0,False,389.42,31.711,2469.779524,11.102212087887244
2026-05-19 23:25:00+08:00,2215.0,2215.0,False,390.86,31.711,2478.912292,11.244875301560064
2026-05-19 23:40:00+08:00,2215.0,2215.0,False,392.58,31.715,2490.13494,11.695092425978327
2026-05-19 23:55:00+08:00,2220.0,2220.0,False,393.69,31.727,2498.1205259999997,11.789462539897809
2026-05-20 00:10:00+08:00,2225.0,2225.0,False,395.45,31.729,2509.44661,12.01604467982373
2026-05-20 00:25:00+08:00,2230.0,2230.0,False,396.96,31.718,2518.155456,12.137574629570002
2026-05-20 00:40:00+08:00,2230.0,2230.0,False,396.75,31.719,2516.90265,12.087993841626393
2026-05-20 00:55:00+08:00,2235.0,2235.0,False,398.35,31.726,2527.61042,12.287816730556768
2026-05-20 01:10:00+08:00,2235.0,2235.0,False,398.85,31.729,2531.0223300000002,12.422196519587027
2026-05-20 01:25:00+08:00,2235.0,2235.0,False,397.34,31.715,2520.3276199999996,12.00033490016402
2026-05-20 01:40:00+08:00,2225.0,2225.0,False,395.6,31.728,2510.3193600000004,12.050691339221538
2026-05-20 01:55:00+08:00,2230.0,2230.0,False,397.25,31.717,2519.91565,12.207191510863984
2026-05-20 02:10:00+08:00,2225.0,2225.0,False,395.7,31.705,2509.1337,12.003619585141832
2026-05-20 02:25:00+08:00,2220.0,2220.0,False,395.75,31.713,2510.08395,12.265488438106905
2026-05-20 02:40:00+08:00,2225.0,2225.0,False,395.31,31.715,2507.45133,11.936787525292939
2026-05-20 02:55:00+08:00,2225.0,2225.0,False,395.42,31.717,2508.307228,11.970793965119736
2026-05-20 03:10:00+08:00,2225.0,2225.0,False,394.15,31.727,2501.03941,11.681638092814799
2026-05-20 03:25:00+08:00,2220.0,2220.0,False,393.9,31.706,2497.79868,11.776622905833696
2026-05-20 03:40:00+08:00,2215.0,2215.0,False,392.55,31.727,2490.88677,11.725176719456003
2026-05-20 03:55:00+08:00,2220.0,2220.0,False,393.84,31.72,2498.52096,11.80543489627732
2026-05-20 04:10:00+08:00,2215.0,2215.0,False,393.51,31.72,2496.42744,11.946589163644212
2026-05-20 04:25:00+08:00,2220.0,2220.0,False,393.6,31.712,2496.36864,11.719552100151361
2026-05-20 04:40:00+08:00,2220.0,2220.0,False,393.55,31.716,2496.36636,11.719461081051387
2026-05-20 04:55:00+08:00,2215.0,2215.0,False,393.65,31.716,2497.00068,11.969466863489506
2026-05-20 08:45:00+08:00,2220.0,2220.0,False,393.45,31.73,2496.8337,11.738115761851011
2026-05-20 09:00:00+08:00,2215.0,2215.0,False,394.0,31.721,2499.6148000000003,12.073724453586337
2026-05-20 09:15:00+08:00,2210.0,2210.0,False,393.93,31.741,2500.746426,12.343964191971143
2026-05-20 09:30:00+08:00,2215.0,2215.0,False,393.65,31.744,2499.2051199999996,12.05739303935929
2026-05-20 09:45:00+08:00,2215.0,2215.0,False,394.45,31.74,2503.9685999999997,12.247108404154233
2026-05-20 10:00:00+08:00,2215.0,2215.0,False,394.9,31.74,2506.8251999999998,12.360694758459074
2026-05-20 10:15:00+08:00,2220.0,2220.0,False,394.95,31.723,2505.79977,12.095297469617512
2026-05-20 10:30:00+08:00,2215.0,2215.0,False,393.84,31.737,2499.8600159999996,12.083498344948515
2026-05-20 10:45:00+08:00,2210.0,2210.0,False,393.53,31.75,2498.9155,12.270999553931263
2026-05-20 11:00:00+08:00,2205.0,2205.0,False,392.6,31.749,2492.93148,12.257798191641577
2026-05-20 11:15:00+08:00,2205.0,2205.0,False,392.56,31.753,2492.991536,12.260198163115636
2026-05-20 11:30:00+08:00,2205.0,2205.0,False,392.49,31.745,2491.91901,12.217328397152844
2026-05-20 11:45:00+08:00,2210.0,2210.0,False,393.0,31.75,2495.55,12.136732156708575
2026-05-20 12:00:00+08:00,2215.0,2215.0,False,393.48,31.748,2498.440608,12.026909070156671
2026-05-20 12:15:00+08:00,2215.0,2215.0,False,393.4,31.743,2497.5392399999996,11.990955432341382
2026-05-20 12:30:00+08:00,2205.0,2205.0,False,392.73,31.744,2493.364224,12.27509023361744
2026-05-20 12:45:00+08:00,2205.0,2205.0,False,392.45,31.746,2491.74354,12.210312850081653
2026-05-20 13:00:00+08:00,2210.0,2210.0,False,393.39,31.735,2496.84633,12.188472275873083
2026-05-20 13:15:00+08:00,2205.0,2205.0,False,392.59,31.749,2492.8679819999998,12.255260603447063
2026-05-20 13:30:00+08:00,2205.0,2205.0,False,393.73,31.749,2500.106754,12.544104498760536
2026-05-20 17:25:00+08:00,2240.0,2240.0,False,396.45,31.709,2514.20661,11.535325764901923
2026-05-20 17:40:00+08:00,2245.0,2245.0,False,397.25,31.719,2520.0745500000003,11.545445810496302
2026-05-20 17:55:00+08:00,2240.0,2240.0,False,398.19,31.711,2525.400618,11.978032525617142
2026-05-20 18:10:00+08:00,2240.0,2240.0,False,397.99,31.701,2523.336198,11.896544196018136
2026-05-20 18:25:00+08:00,2240.0,2240.0,False,398.35,31.696,2525.2203200000004,11.970918482107049
2026-05-20 18:40:00+08:00,2240.0,2240.0,False,398.32,31.682,2523.914848,11.919392225039193
2026-05-20 18:55:00+08:00,2245.0,2245.0,False,398.17,31.68,2522.80512,11.653375631259022
2026-05-20 19:10:00+08:00,2240.0,2240.0,False,398.66,31.689,2526.627348,12.026421495704472
2026-05-20 19:25:00+08:00,2245.0,2245.0,False,398.17,31.687,2523.3625580000003,11.675394000105317
2026-05-20 19:40:00+08:00,2240.0,2240.0,False,397.69,31.688,2520.400144,11.780528338711862
2026-05-20 19:55:00+08:00,2240.0,2240.0,False,398.23,31.685,2523.58351,11.906310003999485
2026-05-20 20:10:00+08:00,2240.0,2240.0,False,398.35,31.681,2524.02527,11.923751613517368
2026-05-20 20:25:00+08:00,2245.0,2245.0,False,398.24,31.682,2523.407936,11.67718616933365
2026-05-20 20:40:00+08:00,2245.0,2245.0,False,398.17,31.683,2523.044022,11.662812705465413
2026-05-20 20:55:00+08:00,2240.0,2240.0,False,397.4,31.685,2518.3237999999997,11.698396817803767
2026-05-20 21:10:00+08:00,2245.0,2245.0,False,396.72,31.684,2513.9352960000006,11.302330427818472
2026-05-20 21:25:00+08:00,2240.0,2240.0,False,396.88,31.683,2514.869808,11.561612372121544
2026-05-20 21:40:00+08:00,2245.0,2245.0,False,399.4,31.682,2530.75816,11.96702807916052
2026-05-20 21:55:00+08:00,2245.0,2245.0,False,398.5,31.684,2525.2148,11.748519165216637
2026-05-20 22:10:00+08:00,2250.0,2250.0,False,399.85,31.682,2533.6095400000004,11.857553908967258
2026-05-20 22:25:00+08:00,2255.0,2255.0,False,400.92,31.67,2539.4272800000003,11.86491163132212
2026-05-20 22:40:00+08:00,2255.0,2255.0,False,400.92,31.68,2540.22912,11.896370866216294
2026-05-20 22:55:00+08:00,2260.0,2260.0,False,403.41,31.681,2556.0864420000003,12.295727893000317
2026-05-20 23:10:00+08:00,2260.0,2260.0,False,402.59,31.677,2550.5686859999996,12.080429777278919
2026-05-20 23:25:00+08:00,2260.0,2260.0,False,402.45,31.66,2548.3134,11.992288189867157
2026-05-20 23:40:00+08:00,2255.0,2255.0,False,402.24,31.664,2547.305472,12.173547630582714
2026-05-20 23:55:00+08:00,2255.0,2255.0,False,401.79,31.66,2544.13428,12.049434882659721
2026-05-21 00:10:00+08:00,2255.0,2255.0,False,400.58,31.665,2536.8731399999997,11.764632817470611
2026-05-21 00:25:00+08:00,2255.0,2255.0,False,400.8,31.66,2537.8656,11.803610766803061
2026-05-21 00:40:00+08:00,2255.0,2255.0,False,401.83,31.664,2544.709024,12.071941134404911
2026-05-21 00:55:00+08:00,2250.0,2250.0,False,401.65,31.653,2542.68549,12.213840887773333
2026-05-21 01:10:00+08:00,2255.0,2255.0,False,401.79,31.664,2544.455712,12.062022419595564
2026-05-21 01:25:00+08:00,2260.0,2260.0,False,402.65,31.655,2549.17715,12.026055226516245
2026-05-21 01:40:00+08:00,2255.0,2255.0,False,402.14,31.639,2544.661492,12.070080045553352
2026-05-21 01:55:00+08:00,2260.0,2260.0,False,402.6,31.658,2549.1021600000004,12.023124083519171
2026-05-21 02:10:00+08:00,2260.0,2260.0,False,401.91,31.65,2544.0903000000003,11.827017489658772
2026-05-21 02:25:00+08:00,2260.0,2260.0,False,403.16,31.652,2552.164064,12.142730801125072
2026-05-21 02:40:00+08:00,2260.0,2260.0,False,401.96,31.634,2543.120528,11.789024503946404
2026-05-21 02:55:00+08:00,2260.0,2260.0,False,402.2,31.634,2544.6389599999998,11.848505678353812
2026-05-21 03:10:00+08:00,2260.0,2260.0,False,402.82,31.639,2548.964396,12.017739047531926
2026-05-21 03:25:00+08:00,2260.0,2260.0,False,402.85,31.641,2549.31537,12.031457608486997
2026-05-21 03:40:00+08:00,2260.0,2260.0,False,402.05,31.648,2544.81568,11.855425846429146
2026-05-21 03:55:00+08:00,2260.0,2260.0,False,403.01,31.647,2550.811494,12.089914325792956
2026-05-21 04:10:00+08:00,2255.0,2255.0,False,401.37,31.647,2540.431278,11.90430063337465
2026-05-21 04:25:00+08:00,2260.0,2260.0,False,402.59,31.65,2548.3947,11.995467011058798
2026-05-21 04:40:00+08:00,2255.0,2255.0,False,402.67,31.634,2547.612556,12.185557447661829
2026-05-21 04:55:00+08:00,2260.0,2260.0,False,401.74,31.648,2542.8535039999997,11.778560547992084
2026-05-21 08:45:00+08:00,2255.0,2255.0,False,402.14,31.64,2544.74192,12.07322913728661
2026-05-21 09:00:00+08:00,2255.0,2255.0,False,403.66,31.636,2554.0375520000002,12.436482300939215
2026-05-21 09:15:00+08:00,2255.0,2255.0,False,403.81,31.635,2554.90587,12.470342584895535
2026-05-21 09:30:00+08:00,2255.0,2255.0,False,404.76,31.642,2561.4831839999997,12.726430147959993
2026-05-21 09:45:00+08:00,2260.0,2260.0,False,404.81,31.622,2560.180364,12.455150692780169
2026-05-21 10:00:00+08:00,2260.0,2260.0,False,405.19,31.625,2562.8267499999997,12.558060477706345
2026-05-21 10:15:00+08:00,2255.0,2255.0,False,405.04,31.655,2564.3082400000003,12.83620904065685
2026-05-21 10:30:00+08:00,2255.0,2255.0,False,404.28,31.643,2558.5264079999997,12.611394735283636
2026-05-21 10:45:00+08:00,2260.0,2260.0,False,403.6,31.647,2554.5458399999998,12.235664579319897
2026-05-21 11:00:00+08:00,2275.0,2275.0,False,404.39,31.646,2559.465188,11.768217452722306
2026-05-21 11:15:00+08:00,2275.0,2275.0,False,404.97,31.629,2561.759226,11.857494351115344
2026-05-21 11:30:00+08:00,2275.0,2275.0,False,404.87,31.64,2562.0173600000003,11.867534831423482
2026-05-21 11:45:00+08:00,2270.0,2270.0,False,404.23,31.634,2557.4823640000004,11.91023984443086
2026-05-21 12:00:00+08:00,2275.0,2275.0,False,404.4,31.634,2558.55792,11.732885989705908
2026-05-21 12:15:00+08:00,2270.0,2270.0,False,404.67,31.635,2560.34709,12.021789928971758
2026-05-21 12:30:00+08:00,2265.0,2265.0,False,404.52,31.631,2559.074424,12.191952202767254
2026-05-21 12:45:00+08:00,2270.0,2270.0,False,404.7,31.643,2561.18442,12.054369888864647
2026-05-21 13:00:00+08:00,2265.0,2265.0,False,405.07,31.643,2563.526002,12.36509866059949
2026-05-21 13:15:00+08:00,2255.0,2255.0,False,404.59,31.641,2560.3264379999996,12.681442968872284
2026-05-21 13:30:00+08:00,2250.0,2250.0,False,404.72,31.642,2561.2300480000004,12.937649827381536
2026-05-21 17:25:00+08:00,2255.0,2255.0,False,402.27,31.629,2544.679566,12.070787727248867
2026-05-21 17:40:00+08:00,2255.0,2255.0,False,402.38,31.63,2545.45588,12.101179023855543
2026-05-21 17:55:00+08:00,2255.0,2255.0,False,402.66,31.63,2547.22716,12.170484663203641
2026-05-21 18:10:00+08:00,2255.0,2255.0,False,402.67,31.608,2545.518672,12.103636788020815
2026-05-21 18:25:00+08:00,2250.0,2250.0,False,400.4,31.639,2533.6511199999995,11.859189262949409
2026-05-21 18:40:00+08:00,2245.0,2245.0,False,399.78,31.636,2529.488016,11.917006181464455
2026-05-21 18:55:00+08:00,2250.0,2250.0,False,400.18,31.638,2532.178968,11.801271758677526
2026-05-21 19:10:00+08:00,2250.0,2250.0,False,400.54,31.632,2533.9762560000004,11.871975979974444
2026-05-21 19:25:00+08:00,2250.0,2250.0,False,400.24,31.619,2531.0377120000003,11.756347844511637
2026-05-21 19:40:00+08:00,2250.0,2250.0,False,400.38,31.628,2532.643728,11.81956022963875
2026-05-21 19:55:00+08:00,2250.0,2250.0,False,400.2,31.635,2532.0654000000004,11.796802277108146
2026-05-21 20:10:00+08:00,2245.0,2245.0,False,400.0,31.636,2530.88,11.971825087732526
2026-05-21 20:25:00+08:00,2255.0,2255.0,False,401.21,31.636,2538.535912,11.829927519274621
2026-05-21 20:40:00+08:00,2250.0,2250.0,False,400.44,31.641,2534.0644079999997,11.875442459553096
2026-05-21 20:55:00+08:00,2250.0,2250.0,False,400.5,31.646,2534.8446,11.906117076404106
2026-05-21 21:10:00+08:00,2250.0,2250.0,False,399.56,31.645,2528.81524,11.668801826286964
2026-05-21 21:25:00+08:00,2255.0,2255.0,False,404.88,31.642,2562.2425919999996,12.755952648522943
2026-05-21 21:40:00+08:00,2265.0,2265.0,False,407.7,31.633,2579.3548199999996,12.978191386897608
2026-05-21 21:55:00+08:00,2265.0,2265.0,False,407.61,31.64,2579.3560800000005,12.978240030613128
2026-05-21 22:10:00+08:00,2255.0,2255.0,False,403.89,31.634,2555.331252,12.486926004321665
2026-05-21 22:25:00+08:00,2255.0,2255.0,False,404.85,31.64,2561.8908,12.742277653460615
2026-05-21 22:40:00+08:00,2260.0,2260.0,False,404.28,31.64,2558.28384,12.381331191978928
2026-05-21 22:55:00+08:00,2250.0,2250.0,False,403.5,31.621,2551.8147,12.57085992926799
2026-05-21 23:10:00+08:00,2255.0,2255.0,False,404.41,31.64,2559.1064800000004,12.633973978905441
2026-05-21 23:25:00+08:00,2255.0,2255.0,False,404.07,31.628,2555.985192,12.51241398541391
2026-05-21 23:40:00+08:00,2260.0,2260.0,False,404.81,31.639,2561.556718,12.50868695059494
2026-05-21 23:55:00+08:00,2255.0,2255.0,False,404.87,31.642,2562.1793079999998,12.753492795664053
2026-05-22 00:10:00+08:00,2255.0,2255.0,False,404.15,31.647,2558.02701,12.591951359109444
2026-05-22 00:25:00+08:00,2255.0,2255.0,False,404.16,31.628,2556.554496,12.534597550570906
2026-05-22 00:40:00+08:00,2255.0,2255.0,False,404.25,31.63,2557.2855,12.563074239880404
2026-05-22 00:55:00+08:00,2260.0,2260.0,False,405.34,31.63,2564.18084,12.610673193586166
2026-05-22 01:10:00+08:00,2270.0,2270.0,False,408.0,31.615,2579.784,12.77516689403075
2026-05-22 01:25:00+08:00,2270.0,2270.0,False,409.28,31.62,2588.28672,13.102838030934496
2026-05-22 01:40:00+08:00,2275.0,2275.0,False,411.68,31.62,2603.46432,13.465890020079108
2026-05-22 01:55:00+08:00,2275.0,2275.0,False,410.62,31.614,2596.268136,13.190328556366707
2026-05-22 02:10:00+08:00,2270.0,2270.0,False,409.89,31.614,2591.652492,13.232228857545426
2026-05-22 02:25:00+08:00,2275.0,2275.0,False,409.11,31.614,2586.720708,12.823472458508814
2026-05-22 02:40:00+08:00,2265.0,2265.0,False,407.26,31.62,2575.51224,12.829726467131092
2026-05-22 02:55:00+08:00,2265.0,2265.0,False,408.42,31.618,2582.6847119999998,13.106657337413067
2026-05-22 03:10:00+08:00,2260.0,2260.0,False,408.49,31.62,2583.2907600000003,13.350045496752308
2026-05-22 03:25:00+08:00,2265.0,2265.0,False,407.7,31.619,2578.21326,12.934109781488331
2026-05-22 03:40:00+08:00,2265.0,2265.0,False,406.8,31.606,2571.4641600000004,12.67306651560095
2026-05-22 03:55:00+08:00,2265.0,2265.0,False,408.38,31.618,2582.431768,13.096905049618426
2026-05-22 04:10:00+08:00,2265.0,2265.0,False,407.82,31.619,2578.972116,12.963415497910349
2026-05-22 04:25:00+08:00,2265.0,2265.0,False,407.86,31.619,2579.225068,12.973182029700038
2026-05-22 04:40:00+08:00,2270.0,2270.0,False,407.94,31.618,2579.649384,12.769969929026104
2026-05-22 04:55:00+08:00,2270.0,2270.0,False,407.75,31.618,2578.4479,12.723572836577251
2026-05-22 08:45:00+08:00,2265.0,2265.0,False,408.55,31.635,2584.89585,13.191864728394112
2026-05-22 09:00:00+08:00,2255.0,2255.0,False,408.17,31.628,2581.920152,13.517698937611081
2026-05-22 09:15:00+08:00,2250.0,2250.0,False,407.96,31.623,2580.1838159999998,13.671687396503
2026-05-22 09:30:00+08:00,2255.0,2255.0,False,407.27,31.622,2575.7383879999998,13.279062629296737
2026-05-22 09:45:00+08:00,2255.0,2255.0,False,407.67,31.619,2578.023546,13.367348324522311
2026-05-22 10:00:00+08:00,2250.0,2250.0,False,407.58,31.62,2577.53592,13.569486604669315
2026-05-22 10:15:00+08:00,2255.0,2255.0,False,407.52,31.617,2576.911968,13.32441361233011
2026-05-22 10:30:00+08:00,2255.0,2255.0,False,407.76,31.61,2577.8587199999997,13.360983165673822
2026-05-22 10:45:00+08:00,2245.0,2245.0,False,407.7,31.597,2576.4193800000003,13.747793082459475
2026-05-22 11:00:00+08:00,2245.0,2245.0,False,407.53,31.599,2575.508094,13.712583302634728
2026-05-22 11:15:00+08:00,2250.0,2250.0,False,407.16,31.594,2572.762608,13.384967672454012
2026-05-22 11:30:00+08:00,2255.0,2255.0,False,407.95,31.602,2578.4071799999997,13.38216160799429
2026-05-22 11:45:00+08:00,2250.0,2250.0,False,407.69,31.598,2576.437724,13.527066655258055
2026-05-22 12:00:00+08:00,2265.0,2265.0,False,408.39,31.599,2580.9431219999997,13.03948948825486
2026-05-22 12:15:00+08:00,2265.0,2265.0,False,409.28,31.586,2585.5036159999995,13.215271706747226
2026-05-22 12:30:00+08:00,2275.0,2275.0,False,409.17,31.588,2584.972392,12.756137977666116
2026-05-22 12:45:00+08:00,2275.0,2275.0,False,410.04,31.575,2589.4026000000003,12.92666852862879
2026-05-22 13:00:00+08:00,2275.0,2275.0,False,410.06,31.596,2591.251152,12.99773242776516
2026-05-22 13:15:00+08:00,2280.0,2280.0,False,409.8,31.597,2589.69012,12.719089402756504
2026-05-22 13:30:00+08:00,2275.0,2275.0,False,409.55,31.59,2587.5369,12.854890623040827
2026-05-22 17:25:00+08:00,2280.0,2280.0,False,409.26,31.593,2585.9502359999997,12.575148579879544
2026-05-22 17:40:00+08:00,2280.0,2280.0,False,409.85,31.594,2589.76018,12.721783765540595
2026-05-22 17:55:00+08:00,2280.0,2280.0,False,409.17,31.595,2585.54523,12.559547411709095
2026-05-22 18:10:00+08:00,2275.0,2275.0,False,408.36,31.587,2579.7734640000003,12.555620411951743
2026-05-22 18:25:00+08:00,2275.0,2275.0,False,408.14,31.595,2579.0366599999998,12.527167852086215
2026-05-22 18:40:00+08:00,2275.0,2275.0,False,408.14,31.597,2579.199916,12.533472920936866
2026-05-22 18:55:00+08:00,2275.0,2275.0,False,408.3,31.592,2579.80272,12.556749988802848
2026-05-22 19:10:00+08:00,2275.0,2275.0,False,408.14,31.595,2579.0366599999998,12.527167852086215
2026-05-22 19:25:00+08:00,2275.0,2275.0,False,408.28,31.594,2579.839664,12.558176380590766
2026-05-22 19:40:00+08:00,2275.0,2275.0,False,408.72,31.589,2582.211216,12.649695569672758
2026-05-22 19:55:00+08:00,2275.0,2275.0,False,408.27,31.593,2579.694822,12.55258396961291
2026-05-22 20:10:00+08:00,2280.0,2280.0,False,409.22,31.587,2585.2064280000004,12.546494481446507
2026-05-22 20:25:00+08:00,2280.0,2280.0,False,409.66,31.588,2588.068016,12.656684951297532
2026-05-22 20:40:00+08:00,2285.0,2285.0,False,410.07,31.586,2590.4942039999996,12.531825132695806
2026-05-22 20:55:00+08:00,2285.0,2285.0,False,410.34,31.58,2591.7074399999997,12.578463800567855
2026-05-22 21:10:00+08:00,2285.0,2285.0,False,409.5,31.58,2586.4019999999996,12.374343156241247
2026-05-22 21:25:00+08:00,2285.0,2285.0,False,410.24,31.589,2591.814272,12.582569476207443
2026-05-22 21:40:00+08:00,2280.0,2280.0,False,409.44,31.591,2586.923808,12.612640760699579
2026-05-22 21:55:00+08:00,2275.0,2275.0,False,407.37,31.59,2573.76366,12.32329232561523
2026-05-22 22:10:00+08:00,2275.0,2275.0,False,406.05,31.589,2565.34269,11.996782401371666
2026-05-22 22:25:00+08:00,2275.0,2275.0,False,407.61,31.588,2575.116936,12.375657740224014
2026-05-22 22:40:00+08:00,2280.0,2280.0,False,407.34,31.589,2573.492652,12.094080409457677
2026-05-22 22:55:00+08:00,2275.0,2275.0,False,408.51,31.59,2580.96618,12.601660252913868
2026-05-22 23:10:00+08:00,2280.0,2280.0,False,407.29,31.591,2573.3396780000003,12.088157741346546
2026-05-22 23:25:00+08:00,2285.0,2285.0,False,407.61,31.592,2575.443024,11.951298372014417
2026-05-22 23:40:00+08:00,2280.0,2280.0,False,406.88,31.584,2570.179584,11.965725349933765
2026-05-22 23:55:00+08:00,2280.0,2280.0,False,406.79,31.585,2569.69243,11.946837214169479
2026-05-23 00:10:00+08:00,2280.0,2280.0,False,406.74,31.59,2569.78332,11.950361526667134
2026-05-23 00:25:00+08:00,2280.0,2280.0,False,407.4,31.591,2574.0346799999998,12.115063009809388
2026-05-23 00:40:00+08:00,2280.0,2280.0,False,407.24,31.585,2572.53508,12.05700011137272
2026-05-23 00:55:00+08:00,2285.0,2285.0,False,407.9,31.585,2576.7043,12.000084003463556
2026-05-23 01:10:00+08:00,2280.0,2280.0,False,407.48,31.59,2574.45864,12.13147178034253
2026-05-23 01:25:00+08:00,2285.0,2285.0,False,407.56,31.589,2574.882568,11.929612040782134
2026-05-23 01:40:00+08:00,2280.0,2280.0,False,407.11,31.586,2571.795292,12.02834309523048
2026-05-23 01:55:00+08:00,2280.0,2280.0,False,407.45,31.585,2573.86165,12.108365305385242
2026-05-23 02:10:00+08:00,2280.0,2280.0,False,406.95,31.586,2570.7845399999997,11.989175672601599
2026-05-23 02:25:00+08:00,2280.0,2280.0,False,406.34,31.588,2567.0935839999997,11.846009532297066
2026-05-23 02:40:00+08:00,2285.0,2285.0,False,406.07,31.582,2564.900548,11.542527325242798
2026-05-23 02:55:00+08:00,2280.0,2280.0,False,404.95,31.589,2558.39311,11.50766809024329
2026-05-23 03:10:00+08:00,2275.0,2275.0,False,404.61,31.587,2556.083214,11.63644679874066
2026-05-23 03:25:00+08:00,2275.0,2275.0,False,405.1,31.607,2560.79914,11.82014106566056
2026-05-23 03:40:00+08:00,2275.0,2275.0,False,404.11,31.619,2555.5108179999997,11.61412647932506
2026-05-23 03:55:00+08:00,2275.0,2275.0,False,405.03,31.61,2560.59966,11.812378198405279
2026-05-23 04:10:00+08:00,2275.0,2275.0,False,405.12,31.61,2561.16864,11.834518657314641
2026-05-23 04:25:00+08:00,2280.0,2280.0,False,404.98,31.611,2560.364556,11.584439674175648
2026-05-23 04:40:00+08:00,2275.0,2275.0,False,405.25,31.611,2562.07155,11.869642490609845
2026-05-23 04:55:00+08:00,2275.0,2275.0,False,405.41,31.596,2561.866872,11.861681522004892
2026-05-25 08:45:00+08:00,2295.0,2295.0,False,413.41,31.59,2611.92438,12.91743485152302
2026-05-25 09:00:00+08:00,2320.0,2320.0,False,414.6,31.568,2617.6185600000003,12.055145871778329
2026-05-25 09:15:00+08:00,2325.0,2325.0,False,414.24,31.546,2613.523008,11.684586971959698
2026-05-25 09:30:00+08:00,2335.0,2335.0,False,413.69,31.528,2608.563664,11.067468028869298
2026-05-25 09:45:00+08:00,2325.0,2325.0,False,413.47,31.511,2605.770634,11.388509214521292
2026-05-25 10:00:00+08:00,2325.0,2325.0,False,413.47,31.502,2605.026388,11.360036071271438
2026-05-25 10:15:00+08:00,2315.0,2315.0,False,413.33,31.507,2604.557662,11.771695013827044
2026-05-25 10:30:00+08:00,2310.0,2310.0,False,413.46,31.5,2604.798,11.996342474299036
2026-05-25 10:45:00+08:00,2310.0,2310.0,False,413.11,31.487,2601.5189139999998,11.870825262182825
2026-05-25 11:00:00+08:00,2315.0,2315.0,False,413.34,31.486,2602.884648,11.707661671856284
2026-05-25 11:15:00+08:00,2310.0,2310.0,False,413.46,31.486,2603.640312,11.952047498587847
2026-05-25 11:30:00+08:00,2310.0,2310.0,False,413.77,31.473,2604.5166419999996,11.985579191370642
2026-05-25 11:45:00+08:00,2315.0,2315.0,False,413.84,31.472,2604.874496,11.7838166902703
2026-05-25 12:00:00+08:00,2320.0,2320.0,False,413.29,31.472,2601.412576,11.43625215948569
2026-05-25 12:15:00+08:00,2325.0,2325.0,False,413.1,31.462,2599.39044,11.144138278361213
2026-05-25 12:30:00+08:00,2320.0,2320.0,False,413.6,31.462,2602.5366400000003,11.479310796963423
2026-05-25 12:45:00+08:00,2325.0,2325.0,False,414.34,31.476,2608.3531679999996,11.487244409662733
2026-05-25 13:00:00+08:00,2320.0,2320.0,False,414.61,31.486,2610.8820920000003,11.798379542351478
2026-05-25 13:15:00+08:00,2325.0,2325.0,False,414.77,31.5,2613.051,11.666586675593264
2026-05-25 13:30:00+08:00,2330.0,2330.0,False,414.8,31.509,2613.98664,11.488163730151184
2026-05-25 17:25:00+08:00,2345.0,2345.0,False,414.79,31.595,2621.0580099999997,11.117792399690464
2026-05-25 17:40:00+08:00,2340.0,2340.0,False,414.47,31.61,2620.27934,11.300949837232356
2026-05-25 17:55:00+08:00,2340.0,2340.0,False,415.21,31.617,2625.5389139999997,11.500822728221591
2026-05-25 18:10:00+08:00,2340.0,2340.0,False,414.35,31.583,2617.28321,11.186902109633557
2026-05-25 18:25:00+08:00,2345.0,2345.0,False,414.71,31.585,2619.72307,11.06700479066197
2026-05-25 18:40:00+08:00,2340.0,2340.0,False,414.97,31.571,2620.203574,11.29806750145292
2026-05-25 18:55:00+08:00,2345.0,2345.0,False,415.17,31.571,2621.466414,11.133324619720259
2026-05-25 19:10:00+08:00,2345.0,2345.0,False,414.81,31.565,2618.69553,11.02789356622766
2026-05-25 19:25:00+08:00,2345.0,2345.0,False,415.03,31.563,2619.9183779999994,11.074436962274646
2026-05-25 19:40:00+08:00,2355.0,2355.0,False,415.16,31.558,2620.323856,10.665591373716596
2026-05-25 19:55:00+08:00,2350.0,2350.0,False,414.99,31.559,2619.333882,10.839838432896826
2026-05-25 20:10:00+08:00,2350.0,2350.0,False,415.18,31.558,2620.450088,10.882317826827762
2026-05-25 20:25:00+08:00,2350.0,2350.0,False,416.01,31.555,2625.4391100000003,11.071951798039398
2026-05-25 20:40:00+08:00,2350.0,2350.0,False,416.3,31.56,2627.6856,11.157217322042188
2026-05-25 20:55:00+08:00,2350.0,2350.0,False,416.24,31.559,2627.223632,11.139689614010905
2026-05-25 21:10:00+08:00,2350.0,2350.0,False,415.26,31.553,2620.539756,10.885729489375
2026-05-25 21:25:00+08:00,2350.0,2350.0,False,414.69,31.555,2617.10859,10.755093638893037
2026-05-25 21:40:00+08:00,2350.0,2350.0,False,415.07,31.541,2618.3445739999997,10.802172434024893
2026-05-25 21:55:00+08:00,2355.0,2355.0,False,416.07,31.542,2624.735988,10.833344926317402
2026-05-25 22:10:00+08:00,2355.0,2355.0,False,416.01,31.539,2624.107878,10.809481722179301
2026-05-25 22:25:00+08:00,2355.0,2355.0,False,416.52,31.532,2626.741728,10.909506868759134
2026-05-25 22:40:00+08:00,2355.0,2355.0,False,416.7,31.534,2628.0435599999996,10.95890721051612
2026-05-25 22:55:00+08:00,2355.0,2355.0,False,417.4,31.534,2632.4583199999997,11.126241151224287
2026-05-25 23:10:00+08:00,2360.0,2360.0,False,417.16,31.531,2630.6943920000003,10.847965062093119
2026-05-25 23:25:00+08:00,2355.0,2355.0,False,417.28,31.53,2631.36768,11.08492986221184
2026-05-25 23:40:00+08:00,2355.0,2355.0,False,416.88,31.539,2629.595664,11.01777084882526
2026-05-25 23:55:00+08:00,2360.0,2360.0,False,416.46,31.54,2627.0296799999996,10.708966945630838
2026-05-26 00:10:00+08:00,2360.0,2360.0,False,416.55,31.561,2629.34691,10.796880427783291
2026-05-26 00:25:00+08:00,2360.0,2360.0,False,416.62,31.58,2631.37192,10.873640528073494
2026-05-26 00:40:00+08:00,2360.0,2360.0,False,417.04,31.555,2631.93944,10.89514178881946
2026-05-26 00:55:00+08:00,2360.0,2360.0,False,417.33,31.549,2633.2688339999995,10.945488540062835
2026-05-26 01:10:00+08:00,2360.0,2360.0,False,417.13,31.547,2631.840022,10.891375556986944
2026-05-26 01:25:00+08:00,2360.0,2360.0,False,417.1,31.544,2631.4004800000002,10.874722679034571
2026-05-26 01:40:00+08:00,2360.0,2360.0,False,417.28,31.546,2632.7029759999996,10.92406166803381
2026-05-26 01:55:00+08:00,2355.0,2355.0,False,416.84,31.525,2628.1762,10.963939023468603
2026-05-26 02:10:00+08:00,2355.0,2355.0,False,416.75,31.537,2628.60895,10.98035390597811
2026-05-26 02:25:00+08:00,2360.0,2360.0,False,417.34,31.536,2632.2468479999998,10.906786314425442
2026-05-26 02:40:00+08:00,2360.0,2360.0,False,417.26,31.536,2631.7422720000004,10.887672367392625
2026-05-26 02:55:00+08:00,2360.0,2360.0,False,417.3,31.534,2631.82764,10.890906481698956
2026-05-26 03:10:00+08:00,2360.0,2360.0,False,417.39,31.53,2632.0613399999997,10.899759496945594
2026-05-26 03:25:00+08:00,2360.0,2360.0,False,417.46,31.525,2632.0852999999997,10.900667101982402
2026-05-26 03:40:00+08:00,2360.0,2360.0,False,417.96,31.525,2635.2378,11.020007896320767
2026-05-26 03:55:00+08:00,2360.0,2360.0,False,418.04,31.52,2635.32416,11.023275014048343
2026-05-26 04:10:00+08:00,2360.0,2360.0,False,416.63,31.527,2627.018802,10.708554052088774
2026-05-26 04:25:00+08:00,2360.0,2360.0,False,416.54,31.52,2625.86816,10.6648692451587
2026-05-26 04:40:00+08:00,2355.0,2355.0,False,417.12,31.52,2629.52448,11.015071993387021
2026-05-26 04:55:00+08:00,2360.0,2360.0,False,417.25,31.526,2630.8447,10.853661705803033
2026-05-26 08:45:00+08:00,2345.0,2345.0,False,415.15,31.5,2615.4449999999997,10.90406203475695
2026-05-26 09:00:00+08:00,2325.0,2325.0,False,414.45,31.491,2610.28899,11.561186815121033
2026-05-26 09:15:00+08:00,2320.0,2320.0,False,414.11,31.49,2608.0647799999997,11.690787067941088
2026-05-26 09:30:00+08:00,2310.0,2310.0,False,412.42,31.481,2596.678804,11.685248431843354
2026-05-26 09:45:00+08:00,2305.0,2305.0,False,412.57,31.489,2598.283346,11.962732940540945
2026-05-26 10:00:00+08:00,2310.0,2310.0,False,412.68,31.478,2598.068208,11.738557648015478
2026-05-26 10:15:00+08:00,2315.0,2315.0,False,412.88,31.473,2598.914448,11.555530768980129
2026-05-26 10:30:00+08:00,2315.0,2315.0,False,413.24,31.477,2601.511096,11.6550574342485
2026-05-26 10:45:00+08:00,2310.0,2310.0,False,412.75,31.473,2598.09615,11.73962942840881
2026-05-26 11:00:00+08:00,2305.0,2305.0,False,412.09,31.471,2593.7768779999997,11.78975426690171
2026-05-26 11:15:00+08:00,2310.0,2310.0,False,412.36,31.478,2596.053616,11.661251115034702
2026-05-26 11:30:00+08:00,2300.0,2300.0,False,411.81,31.489,2593.497018,11.995389674108923
2026-05-26 11:45:00+08:00,2295.0,2295.0,False,411.47,31.489,2591.355766,12.129929959749889
2026-05-26 12:00:00+08:00,2295.0,2295.0,False,411.64,31.481,2591.767768,12.14576923189693
2026-05-26 12:15:00+08:00,2290.0,2290.0,False,411.8,31.481,2592.77516,12.401765392777174
2026-05-26 12:30:00+08:00,2290.0,2290.0,False,410.46,31.477,2584.009884,12.064394246107362
2026-05-26 12:45:00+08:00,2295.0,2295.0,False,410.55,31.489,2585.56179,11.906899348978438
2026-05-26 13:00:00+08:00,2290.0,2290.0,False,410.68,31.499,2587.2018639999997,12.187392373226555
2026-05-26 13:15:00+08:00,2290.0,2290.0,False,410.43,31.495,2585.29857,12.114071200361373
2026-05-26 13:30:00+08:00,2300.0,2300.0,False,411.8,31.521,2596.0695600000004,12.094172943082139
2026-05-26 17:25:00+08:00,2310.0,2310.0,False,411.92,31.482,2593.613088,11.567514928698227
2026-05-26 17:40:00+08:00,2315.0,2315.0,False,412.32,31.469,2595.059616,11.407585157923263
2026-05-26 17:55:00+08:00,2310.0,2310.0,False,412.47,31.476,2596.581144,11.681500237714207
2026-05-26 18:10:00+08:00,2320.0,2320.0,False,412.93,31.466,2598.651076,11.33038598162193
2026-05-26 18:25:00+08:00,2320.0,2320.0,False,413.14,31.459,2599.394252,11.358888419500476
2026-05-26 18:40:00+08:00,2320.0,2320.0,False,412.96,31.444,2597.0228479999996,11.267909731705995
2026-05-26 18:55:00+08:00,2315.0,2315.0,False,412.97,31.448,2597.416112,11.498053322890001
2026-05-26 19:10:00+08:00,2315.0,2315.0,False,413.23,31.444,2598.720824,11.548105159504681
2026-05-26 19:25:00+08:00,2315.0,2315.0,False,413.01,31.448,2597.667696,11.507706748826267
2026-05-26 19:40:00+08:00,2315.0,2315.0,False,413.17,31.446,2598.508764,11.5399718456674
2026-05-26 19:55:00+08:00,2315.0,2315.0,False,412.94,31.45,2597.3926,11.497151103110127
2026-05-26 20:10:00+08:00,2320.0,2320.0,False,412.76,31.477,2598.4893039999997,11.324180527281664
2026-05-26 20:25:00+08:00,2315.0,2315.0,False,413.58,31.474,2603.403384,11.727520558325972
2026-05-26 20:40:00+08:00,2320.0,2320.0,False,413.2,31.474,2601.01136,11.420878329368456
2026-05-26 20:55:00+08:00,2320.0,2320.0,False,413.34,31.476,2602.057968,11.46097708859816
2026-05-26 21:10:00+08:00,2320.0,2320.0,False,413.79,31.46,2603.5666800000004,11.51875046810579
2026-05-26 21:25:00+08:00,2320.0,2320.0,False,413.28,31.458,2600.192448,11.389491405519909
2026-05-26 21:40:00+08:00,2325.0,2325.0,False,414.65,31.46,2608.9777999999997,11.51110975813469
2026-05-26 21:55:00+08:00,2320.0,2320.0,False,411.66,31.462,2590.329384,11.010641562289138
2026-05-26 22:10:00+08:00,2330.0,2330.0,False,414.3,31.459,2606.69274,11.209639917755949
2026-05-26 22:25:00+08:00,2330.0,2330.0,False,415.08,31.457,2611.4343120000003,11.390794422443404
2026-05-26 22:40:00+08:00,2325.0,2325.0,False,413.9,31.453,2603.6793399999997,11.30847924060727
2026-05-26 22:55:00+08:00,2320.0,2320.0,False,413.31,31.451,2599.802562,11.374544342944299
2026-05-26 23:10:00+08:00,2315.0,2315.0,False,413.61,31.451,2601.6896220000003,11.66189627741364
2026-05-26 23:25:00+08:00,2320.0,2320.0,False,413.43,31.449,2600.392014,11.397141252249826
2026-05-26 23:40:00+08:00,2315.0,2315.0,False,411.9,31.447,2590.6038599999997,11.236286820762562
2026-05-26 23:55:00+08:00,2315.0,2315.0,False,412.91,31.446,2596.8735720000004,11.477232378569878
2026-05-27 00:10:00+08:00,2310.0,2310.0,False,411.98,31.447,2591.107012,11.471164017097774
2026-05-27 00:25:00+08:00,2315.0,2315.0,False,412.17,31.447,2592.301998,11.301607201391558
2026-05-27 00:40:00+08:00,2315.0,2315.0,False,411.89,31.451,2590.870478,11.246545510613043
2026-05-27 00:55:00+08:00,2315.0,2315.0,False,412.5,31.45,2594.625,11.390890342948799
2026-05-27 01:10:00+08:00,2320.0,2320.0,False,412.57,31.45,2595.0652999999998,11.192742444337403
2026-05-27 01:25:00+08:00,2320.0,2320.0,False,412.68,31.45,2595.7572,11.219317341385372
2026-05-27 01:40:00+08:00,2320.0,2320.0,False,412.97,31.44,2596.75536,11.257642072311693
2026-05-27 01:55:00+08:00,2320.0,2320.0,False,413.55,31.44,2600.4024,11.397539355724238
2026-05-27 02:10:00+08:00,2320.0,2320.0,False,413.85,31.445,2602.70265,11.485668345212773
2026-05-27 02:25:00+08:00,2315.0,2315.0,False,413.72,31.445,2601.88508,11.669383169720128
2026-05-27 02:40:00+08:00,2320.0,2320.0,False,413.64,31.44,2600.96832,11.419228969960121
2026-05-27 02:55:00+08:00,2320.0,2320.0,False,414.3,31.445,2605.5327,11.593982514825258
2026-05-27 03:10:00+08:00,2320.0,2320.0,False,414.61,31.445,2607.4822900000004,11.66852656511528
2026-05-27 03:25:00+08:00,2325.0,2325.0,False,414.84,31.435,2608.0990799999995,11.477534726507034
2026-05-27 03:40:00+08:00,2320.0,2320.0,False,414.54,31.432,2605.964256,11.610488470422235
2026-05-27 03:55:00+08:00,2320.0,2320.0,False,413.3,31.444,2599.16104,11.349945152435993
2026-05-27 04:10:00+08:00,2315.0,2315.0,False,413.46,31.444,2600.1672479999997,11.603562345351946
2026-05-27 04:25:00+08:00,2325.0,2325.0,False,413.9,31.444,2602.93432,11.279952286377057
2026-05-27 04:40:00+08:00,2325.0,2325.0,False,413.32,31.438,2598.7908319999997,11.121139842928232
2026-05-27 04:55:00+08:00,2325.0,2325.0,False,413.01,31.444,2597.3372879999997,11.065364767421428
2026-05-27 08:45:00+08:00,2330.0,2330.0,False,415.74,31.437,2613.923676,11.48576291249363
2026-05-27 09:00:00+08:00,2330.0,2330.0,False,415.62,31.439,2613.3354360000003,11.463330363406085
2026-05-27 09:15:00+08:00,2340.0,2340.0,False,417.24,31.44,2623.60512,11.427384457206788
2026-05-27 09:30:00+08:00,2340.0,2340.0,False,417.25,31.443,2623.9183500000004,11.43928364575136
2026-05-27 09:45:00+08:00,2330.0,2330.0,False,416.94,31.443,2621.9688840000003,11.792032253811728
2026-05-27 10:00:00+08:00,2345.0,2345.0,False,417.24,31.441,2623.688568,11.217791744680747
2026-05-27 10:15:00+08:00,2345.0,2345.0,False,417.29,31.441,2624.002978,11.229736799727068
2026-05-27 10:30:00+08:00,2355.0,2355.0,False,419.48,31.44,2637.6902400000004,11.324164985649114
2026-05-27 10:45:00+08:00,2355.0,2355.0,False,418.98,31.431,2633.792076,11.176736642972498
2026-05-27 11:00:00+08:00,2355.0,2355.0,False,419.16,31.44,2635.6780800000006,11.248093966421516
2026-05-27 11:15:00+08:00,2350.0,2350.0,False,418.47,31.434,2630.8371960000004,11.276706503297659
2026-05-27 11:30:00+08:00,2350.0,2350.0,False,418.81,31.434,2632.974708,11.357661821790655
2026-05-27 11:45:00+08:00,2345.0,2345.0,False,417.22,31.448,2624.146912,11.23520463143836
2026-05-27 12:00:00+08:00,2340.0,2340.0,False,417.5,31.435,2624.8224999999998,11.473622672311034
2026-05-27 12:15:00+08:00,2320.0,2320.0,False,415.39,31.456,2613.301568,11.890680671236836
2026-05-27 12:30:00+08:00,2330.0,2330.0,False,416.31,31.45,2618.5899,11.663520551581772
2026-05-27 12:45:00+08:00,2335.0,2335.0,False,416.66,31.442,2620.124744,11.508277136524098
2026-05-27 13:00:00+08:00,2335.0,2335.0,False,416.31,31.464,2619.7555679999996,11.49423272619448
2026-05-27 13:15:00+08:00,2325.0,2325.0,False,416.14,31.465,2618.7690199999997,11.88441526339755
2026-05-27 13:30:00+08:00,2330.0,2330.0,False,416.37,31.457,2619.550218,11.70006183378014
2026-05-27 17:25:00+08:00,2360.0,2360.0,False,422.47,31.424,2655.139456,11.769940141820053
2026-05-27 17:40:00+08:00,2365.0,2365.0,False,423.44,31.446,2663.098848,11.857318521833488
2026-05-27 17:55:00+08:00,2375.0,2375.0,False,424.73,31.431,2669.937726,11.692422861038903
2026-05-27 18:10:00+08:00,2375.0,2375.0,False,425.65,31.439,2676.4020699999996,11.933402482055824
2026-05-27 18:25:00+08:00,2375.0,2375.0,False,427.09,31.449,2686.3106820000003,12.3015835841551
2026-05-27 18:40:00+08:00,2380.0,2380.0,False,427.08,31.46,2687.18736,12.12457081910624
2026-05-27 18:55:00+08:00,2395.0,2395.0,False,429.4,31.459,2701.69892,12.035198657565585
2026-05-27 19:10:00+08:00,2410.0,2410.0,False,431.47,31.449,2713.8600060000003,11.860589697774046
2026-05-27 19:25:00+08:00,2410.0,2410.0,False,431.29,31.451,2712.900358,11.825346457382722
2026-05-27 19:40:00+08:00,2420.0,2420.0,False,434.35,31.45,2732.0615000000003,12.114044057897999
2026-05-27 19:55:00+08:00,2425.0,2425.0,False,433.92,31.449,2729.2700160000004,11.80652216727019
2026-05-27 20:10:00+08:00,2425.0,2425.0,False,432.38,31.446,2719.324296,11.442680479100177
2026-05-27 20:25:00+08:00,2420.0,2420.0,False,430.98,31.443,2710.2608280000004,11.31563628951617
2026-05-27 20:40:00+08:00,2410.0,2410.0,False,429.53,31.444,2701.228264,11.395627389651635
2026-05-27 20:55:00+08:00,2415.0,2415.0,False,429.1,31.436,2697.83752,11.063818042080086
2026-05-27 21:10:00+08:00,2415.0,2415.0,False,429.02,31.437,2697.420348,11.04840090508145
2026-05-27 21:25:00+08:00,2400.0,2400.0,False,424.87,31.436,2671.2426640000003,10.697285930547626
2026-05-27 21:40:00+08:00,2415.0,2415.0,False,427.96,31.436,2690.670112,10.798586902513916
2026-05-27 21:55:00+08:00,2405.0,2405.0,False,425.59,31.436,2675.769448,10.658600071159931
2026-05-27 22:10:00+08:00,2395.0,2395.0,False,422.07,31.427,2652.878778,10.217312631353357
2026-05-27 22:25:00+08:00,2380.0,2380.0,False,418.54,31.43,2630.94244,10.015778189621345
2026-05-27 22:40:00+08:00,2390.0,2390.0,False,421.2,31.434,2648.00016,10.242165613587439
2026-05-27 22:55:00+08:00,2385.0,2385.0,False,419.53,31.429,2637.081674,10.03893167668145
2026-05-27 23:10:00+08:00,2375.0,2375.0,False,417.85,31.43,2626.6050999999998,10.060974226053943
2026-05-27 23:25:00+08:00,2380.0,2380.0,False,417.52,31.437,2625.115248,9.794589569059212
2026-05-27 23:40:00+08:00,2375.0,2375.0,False,417.49,31.433,2624.592634,9.9845188306996
2026-05-27 23:55:00+08:00,2390.0,2390.0,False,419.88,31.426,2639.029776,9.903690655738123
2026-05-28 00:10:00+08:00,2390.0,2390.0,False,421.67,31.434,2650.9549560000005,10.353393683448754
2026-05-28 00:25:00+08:00,2395.0,2395.0,False,420.97,31.427,2645.9648380000003,9.957016010433847
2026-05-28 00:40:00+08:00,2400.0,2400.0,False,422.45,31.434,2655.85866,10.121274236728757
2026-05-28 00:55:00+08:00,2390.0,2390.0,False,418.9,31.431,2633.2891799999998,9.6864493077024
2026-05-28 01:10:00+08:00,2395.0,2395.0,False,420.9,31.429,2645.6932199999997,9.946775534972934
2026-05-28 01:25:00+08:00,2395.0,2395.0,False,421.17,31.429,2647.390386,10.010743583073301
2026-05-28 01:40:00+08:00,2400.0,2400.0,False,421.21,31.429,2647.6418179999996,9.812178713509486
2026-05-28 01:55:00+08:00,2395.0,2395.0,False,421.13,31.429,2647.138954,10.001269552477313
2026-05-28 02:10:00+08:00,2400.0,2400.0,False,421.3,31.429,2648.20754,9.833491909090565
2026-05-28 02:25:00+08:00,2400.0,2400.0,False,421.0,31.429,2646.3217999999997,9.762429340118569
2026-05-28 02:40:00+08:00,2400.0,2400.0,False,422.2,31.429,2653.8647599999995,10.046361430534184
2026-05-28 02:55:00+08:00,2400.0,2400.0,False,423.48,31.425,2661.5718,10.335595753082083
2026-05-28 03:10:00+08:00,2405.0,2405.0,False,424.84,31.425,2670.1194,10.447809365824973
2026-05-28 03:25:00+08:00,2405.0,2405.0,False,425.78,31.426,2676.112456,10.671381841976688
2026-05-28 03:40:00+08:00,2400.0,2400.0,False,424.4,31.426,2667.4388799999997,10.555189172799642
2026-05-28 03:55:00+08:00,2395.0,2395.0,False,424.36,31.426,2667.187472,10.753749184735847
2026-05-28 04:10:00+08:00,2400.0,2400.0,False,424.69,31.429,2669.516402,10.63282493350537
2026-05-28 04:25:00+08:00,2400.0,2400.0,False,424.37,31.429,2667.504946,10.557658999865534
2026-05-28 04:40:00+08:00,2395.0,2395.0,False,424.63,31.429,2669.1392539999997,10.826687034068662
2026-05-28 04:55:00+08:00,2400.0,2400.0,False,424.27,31.429,2666.8763659999995,10.53415740675286
2026-05-28 08:45:00+08:00,2385.0,2385.0,False,422.29,31.458,2656.8797640000003,10.784857105926028
2026-05-28 09:00:00+08:00,2380.0,2380.0,False,421.93,31.463,2655.0367180000003,10.924914093148836
2026-05-28 09:15:00+08:00,2370.0,2370.0,False,421.18,31.478,2651.580808,11.214827313000999
2026-05-28 09:30:00+08:00,2375.0,2375.0,False,421.46,31.472,2652.8378239999997,11.051980343270504
2026-05-28 09:45:00+08:00,2390.0,2390.0,False,422.79,31.45,2659.3491000000004,10.668666185112862
2026-05-28 10:00:00+08:00,2365.0,2365.0,False,419.73,31.44,2639.2622400000005,10.961145793190905
2026-05-28 10:15:00+08:00,2360.0,2360.0,False,419.75,31.44,2639.388,11.176888051097452
2026-05-28 10:30:00+08:00,2360.0,2360.0,False,419.02,31.435,2634.3787399999997,10.987502321459893
2026-05-28 10:45:00+08:00,2365.0,2365.0,False,419.82,31.434,2639.324376,10.963492986810335
2026-05-28 11:00:00+08:00,2370.0,2370.0,False,419.12,31.432,2634.755968,10.58017492532415
2026-05-28 11:15:00+08:00,2340.0,2340.0,False,416.48,31.445,2619.24272,11.261506474520779
2026-05-28 11:30:00+08:00,2310.0,2310.0,False,413.0,31.454,2598.1004000000003,11.73979244597361
2026-05-28 11:45:00+08:00,2310.0,2310.0,False,412.92,31.452,2597.4319680000003,11.714149880192503
2026-05-28 12:00:00+08:00,2305.0,2305.0,False,411.6,31.465,2590.1988,11.652184585435023
2026-05-28 12:15:00+08:00,2305.0,2305.0,False,411.5,31.455,2588.7465,11.596289264268192
2026-05-28 12:30:00+08:00,2305.0,2305.0,False,411.95,31.451,2591.2478899999996,11.692540754916706
2026-05-28 12:45:00+08:00,2295.0,2295.0,False,410.86,31.448,2584.1450560000003,11.852283655491314
2026-05-28 13:00:00+08:00,2295.0,2295.0,False,410.89,31.459,2585.237702,11.894408417075905
2026-05-28 13:15:00+08:00,2305.0,2305.0,False,412.43,31.462,2595.174532,11.843436600270058
2026-05-28 13:30:00+08:00,2305.0,2305.0,False,413.44,31.465,2601.77792,12.096651808525296
2026-05-28 17:25:00+08:00,2325.0,2325.0,False,415.8,31.441,2614.6335599999998,11.726924942181329
2026-05-28 17:40:00+08:00,2335.0,2335.0,False,416.64,31.447,2620.4156159999998,11.519341186174273
2026-05-28 17:55:00+08:00,2330.0,2330.0,False,416.22,31.442,2617.357848,11.616618681269086
2026-05-28 18:10:00+08:00,2330.0,2330.0,False,414.36,31.436,2605.164192,11.151166660110189
2026-05-28 18:25:00+08:00,2330.0,2330.0,False,414.72,31.435,2607.3446400000003,11.234566765021299
2026-05-28 18:40:00+08:00,2330.0,2330.0,False,414.87,31.436,2608.370664,11.273785745945782
2026-05-28 18:55:00+08:00,2330.0,2330.0,False,414.89,31.434,2608.330452,11.27224897990687
2026-05-28 19:10:00+08:00,2330.0,2330.0,False,415.66,31.446,2614.168872,11.495111892691039
2026-05-28 19:25:00+08:00,2335.0,2335.0,False,415.22,31.445,2611.31858,11.172696442047616
2026-05-28 19:40:00+08:00,2335.0,2335.0,False,415.39,31.445,2612.38771,11.213502003868623
2026-05-28 19:55:00+08:00,2340.0,2340.0,False,416.35,31.451,2618.9247700000005,11.249405181034861
2026-05-28 20:10:00+08:00,2340.0,2340.0,False,416.11,31.449,2617.2486780000004,11.185586844993875
2026-05-28 20:25:00+08:00,2350.0,2350.0,False,418.25,31.45,2630.7925,11.275012962294657
2026-05-28 20:40:00+08:00,2355.0,2355.0,False,419.89,31.446,2640.772188,11.440561228409637
2026-05-28 20:55:00+08:00,2355.0,2355.0,False,420.12,31.439,2641.630536,11.47295298040824
2026-05-28 21:10:00+08:00,2355.0,2355.0,False,420.89,31.434,2646.051252,11.639602848845197
2026-05-28 21:25:00+08:00,2355.0,2355.0,False,420.33,31.432,2642.3625119999997,11.500567001491916
2026-05-28 21:40:00+08:00,2345.0,2345.0,False,417.25,31.43,2622.8334999999997,11.185298380068485
2026-05-28 21:55:00+08:00,2350.0,2350.0,False,418.5,31.431,2630.7747,11.274338508023659
2026-05-28 22:10:00+08:00,2355.0,2355.0,False,420.05,31.434,2640.77034,11.440491477836831
2026-05-28 22:25:00+08:00,2360.0,2360.0,False,421.6,31.431,2650.26192,11.586696449593994
2026-05-28 22:40:00+08:00,2365.0,2365.0,False,422.72,31.43,2657.21792,11.63700678285183
2026-05-28 22:55:00+08:00,2365.0,2365.0,False,423.96,31.425,2664.5886,11.913045929840068
2026-05-28 23:10:00+08:00,2370.0,2370.0,False,424.32,31.421,2666.511744,11.774488339205586
2026-05-28 23:25:00+08:00,2370.0,2370.0,False,426.19,31.42,2678.17796,12.209472900594811
2026-05-28 23:40:00+08:00,2370.0,2370.0,False,427.0,31.418,2683.0971999999997,12.39228883228289
2026-05-28 23:55:00+08:00,2370.0,2370.0,False,426.62,31.42,2680.88008,12.30993708328153
2026-05-29 00:10:00+08:00,2375.0,2375.0,False,428.32,31.414,2691.0488960000002,12.477135633236502
2026-05-29 00:25:00+08:00,2370.0,2370.0,False,427.8,31.415,2687.8674,12.5692263106779
2026-05-29 00:40:00+08:00,2365.0,2365.0,False,425.51,31.428,2674.585656,12.286155137830251
2026-05-29 00:55:00+08:00,2370.0,2370.0,False,424.94,31.413,2669.728044,11.894611827590115
2026-05-29 01:10:00+08:00,2365.0,2365.0,False,424.2,31.42,2665.6728,11.953582033798732
2026-05-29 01:25:00+08:00,2365.0,2365.0,False,423.92,31.412,2663.235008,11.862413253378316
2026-05-29 01:40:00+08:00,2370.0,2370.0,False,424.07,31.421,2664.940694,11.715756427934597
2026-05-29 01:55:00+08:00,2365.0,2365.0,False,424.72,31.419,2668.855536,12.07247740134591
2026-05-29 02:10:00+08:00,2365.0,2365.0,False,424.35,31.418,2666.4456600000003,11.982467082830436
2026-05-29 02:25:00+08:00,2355.0,2355.0,False,423.53,31.417,2661.2084019999998,12.208759184642814
2026-05-29 02:40:00+08:00,2360.0,2360.0,False,424.2,31.411,2664.90924,12.13591033934774
2026-05-29 02:55:00+08:00,2360.0,2360.0,False,424.86,31.419,2669.735268,12.316165821711786
2026-05-29 03:10:00+08:00,2360.0,2360.0,False,423.86,31.41,2662.68852,12.05284854096428
2026-05-29 03:25:00+08:00,2365.0,2365.0,False,424.6,31.423,2668.44116,12.057006344343552
2026-05-29 03:40:00+08:00,2360.0,2360.0,False,423.97,31.411,2663.4643340000002,12.081874731192238
2026-05-29 03:55:00+08:00,2365.0,2365.0,False,425.61,31.411,2673.767142,12.25566228001731
2026-05-29 04:10:00+08:00,2360.0,2360.0,False,424.5,31.403,2666.1146999999996,12.180967537410144
2026-05-29 04:25:00+08:00,2365.0,2365.0,False,424.6,31.409,2667.2522799999997,12.012604423719383
2026-05-29 04:40:00+08:00,2365.0,2365.0,False,424.2,31.409,2664.73956,11.91869107433467
2026-05-29 04:55:00+08:00,2365.0,2365.0,False,424.45,31.401,2665.63089,11.95201542604132
2026-05-29 08:45:00+08:00,2370.0,2370.0,False,424.11,31.41,2664.2590200000004,11.690261420041132
2026-05-29 09:00:00+08:00,2370.0,2370.0,False,424.5,31.413,2666.9637,11.791377412547158
2026-05-29 09:15:00+08:00,2375.0,2375.0,False,423.92,31.412,2663.235008,11.441904061335922
2026-05-29 09:30:00+08:00,2395.0,2395.0,False,426.2,31.405,2676.9622,11.118466143142784
2026-05-29 09:45:00+08:00,2395.0,2395.0,False,427.1,31.39,2681.3338000000003,11.281125760484873
2026-05-29 10:00:00+08:00,2405.0,2405.0,False,428.22,31.391,2688.450804,11.130010474525438
2026-05-29 10:15:00+08:00,2395.0,2395.0,False,428.36,31.38,2688.3873599999997,11.542986564769667
2026-05-29 10:30:00+08:00,2395.0,2395.0,False,427.68,31.368,2683.093248,11.346512713742122
2026-05-29 10:45:00+08:00,2395.0,2395.0,False,427.57,31.379,2683.343806,11.355820598807242
2026-05-29 11:00:00+08:00,2400.0,2400.0,False,427.84,31.362,2683.5836159999994,11.156838853105606
2026-05-29 11:15:00+08:00,2390.0,2390.0,False,427.32,31.361,2680.236504,11.448637702443552
2026-05-29 11:30:00+08:00,2390.0,2390.0,False,426.8,31.388,2679.2796800000006,11.413048727270086
2026-05-29 11:45:00+08:00,2395.0,2395.0,False,427.09,31.394,2681.6126919999997,11.291493339708953
2026-05-29 12:00:00+08:00,2395.0,2395.0,False,427.95,31.394,2687.01246,11.492000946412475
2026-05-29 12:15:00+08:00,2395.0,2395.0,False,428.07,31.398,2688.1083719999997,11.532643042378153
2026-05-29 12:30:00+08:00,2405.0,2405.0,False,428.54,31.397,2690.974076,11.223529466008216
2026-05-29 12:45:00+08:00,2400.0,2400.0,False,428.39,31.387,2689.175386,11.364331706684863
2026-05-29 13:00:00+08:00,2400.0,2400.0,False,428.65,31.452,2696.3799599999998,11.630999349585377
2026-05-29 13:15:00+08:00,2390.0,2390.0,False,428.5,31.452,2695.4364,12.012200172240872
2026-05-29 13:30:00+08:00,2385.0,2385.0,False,427.5,31.446,2688.6330000000003,11.969056492655273
2026-05-29 17:25:00+08:00,2405.0,2405.0,False,430.13,31.411,2702.162686,11.637094969173267
2026-05-29 17:40:00+08:00,2410.0,2410.0,False,429.9,31.411,2700.71778,11.376788643570922
2026-05-29 17:55:00+08:00,2395.0,2395.0,False,428.42,31.416,2691.848544,11.671216134403545
2026-05-29 18:10:00+08:00,2395.0,2395.0,False,428.13,31.415,2689.9407899999997,11.600559462954914
2026-05-29 18:25:00+08:00,2400.0,2400.0,False,428.87,31.41,2694.16134,11.548960481098547
2026-05-29 18:40:00+08:00,2400.0,2400.0,False,429.29,31.405,2696.3704900000002,11.630649325104315
2026-05-29 18:55:00+08:00,2400.0,2400.0,False,429.88,31.405,2700.07628,11.767521249701787
2026-05-29 19:10:00+08:00,2405.0,2405.0,False,430.4,31.405,2703.3424,11.680595255321963
2026-05-29 19:25:00+08:00,2400.0,2400.0,False,429.24,31.413,2696.7432240000003,11.644425114558226
2026-05-29 19:40:00+08:00,2400.0,2400.0,False,429.99,31.413,2701.455174,11.81839940636515
2026-05-29 19:55:00+08:00,2395.0,2395.0,False,428.3,31.412,2690.7519199999997,11.630607416651173
2026-05-29 20:10:00+08:00,2400.0,2400.0,False,428.87,31.412,2694.332888,11.55530643446243
2026-05-29 20:25:00+08:00,2400.0,2400.0,False,428.3,31.411,2690.6662600000004,11.419576344413528
2026-05-29 20:40:00+08:00,2400.0,2400.0,False,429.29,31.415,2697.2290700000003,11.662378359621194
2026-05-29 20:55:00+08:00,2405.0,2405.0,False,429.05,31.414,2695.6353400000003,11.396044634706241
2026-05-29 21:10:00+08:00,2405.0,2405.0,False,428.42,31.412,2691.505808,11.243225017040928
2026-05-29 21:25:00+08:00,2405.0,2405.0,False,429.26,31.414,2696.954728,11.444818449592487
2026-05-29 21:40:00+08:00,2410.0,2410.0,False,430.11,31.41,2701.95102,11.422293322364421
2026-05-29 21:55:00+08:00,2400.0,2400.0,False,426.75,31.416,2681.3556,11.074037014846978
2026-05-29 22:10:00+08:00,2390.0,2390.0,False,424.72,31.427,2669.535088,11.049832964415646
2026-05-29 22:25:00+08:00,2380.0,2380.0,False,422.49,31.434,2656.1101320000002,10.965214213468684
2026-05-29 22:40:00+08:00,2385.0,2385.0,False,422.03,31.436,2653.3870159999997,10.65368798179674
2026-05-29 22:55:00+08:00,2385.0,2385.0,False,422.01,31.417,2651.657634,10.588674211243802
2026-05-29 23:10:00+08:00,2380.0,2380.0,False,420.42,31.44,2643.60096,10.494502334038899
2026-05-29 23:25:00+08:00,2380.0,2380.0,False,420.11,31.442,2641.819724,10.427284864437716
2026-05-29 23:40:00+08:00,2380.0,2380.0,False,420.2,31.439,2642.1335599999998,10.439131371886484
2026-05-29 23:55:00+08:00,2385.0,2385.0,False,420.36,31.429,2642.2988880000003,10.236068860523268
2026-05-30 00:10:00+08:00,2380.0,2380.0,False,419.68,31.43,2638.10848,10.2870825144059
2026-05-30 00:25:00+08:00,2380.0,2380.0,False,419.76,31.43,2638.61136,10.30609232112366
2026-05-30 00:40:00+08:00,2380.0,2380.0,False,421.1,31.415,2645.7713,10.576338799976826
2026-05-30 00:55:00+08:00,2380.0,2380.0,False,420.94,31.419,2645.102772,10.551138316102092
2026-05-30 01:10:00+08:00,2380.0,2380.0,False,420.55,31.409,2641.81099,10.426955157067749
2026-05-30 01:25:00+08:00,2385.0,2385.0,False,419.41,31.434,2636.7467880000004,10.026263713717153
2026-05-30 01:40:00+08:00,2380.0,2380.0,False,419.3,31.432,2635.8875199999998,10.203080470991093
2026-05-30 01:55:00+08:00,2385.0,2385.0,False,419.51,31.434,2637.375468,10.050043833162501
2026-05-30 02:10:00+08:00,2380.0,2380.0,False,419.76,31.434,2638.9471679999997,10.318784371790372
2026-05-30 02:25:00+08:00,2385.0,2385.0,False,420.0,31.434,2640.456,10.166480414911607
2026-05-30 02:40:00+08:00,2385.0,2385.0,False,419.2,31.434,2635.42656,9.976306077067678
2026-05-30 02:55:00+08:00,2385.0,2385.0,False,419.54,31.428,2637.060624,10.038135453619335
2026-05-30 03:10:00+08:00,2380.0,2380.0,False,419.4,31.434,2636.68392,10.233210785980711
2026-05-30 03:25:00+08:00,2385.0,2385.0,False,419.46,31.433,2636.9772359999997,10.034981209938712
2026-05-30 03:40:00+08:00,2380.0,2380.0,False,420.18,31.434,2641.5876240000002,10.418522729735015
2026-05-30 03:55:00+08:00,2380.0,2380.0,False,419.79,31.434,2639.1357720000005,10.32591202037722
2026-05-30 04:10:00+08:00,2385.0,2385.0,False,419.6,31.424,2637.10208,10.039703533863657
2026-05-30 04:25:00+08:00,2385.0,2385.0,False,419.31,31.434,2636.118108,10.002477639388765
2026-05-30 04:40:00+08:00,2380.0,2380.0,False,419.59,31.434,2637.878412,10.278384242364142
2026-05-30 04:55:00+08:00,2385.0,2385.0,False,419.94,31.434,2640.0787920000002,10.152230544368358
2026-06-01 08:45:00+08:00,2400.0,2400.0,False,424.18,31.466,2669.449576,10.630328676140282
2026-06-01 09:00:00+08:00,2390.0,2390.0,False,423.1,31.459,2662.0605800000003,10.770281776787414
2026-06-01 09:15:00+08:00,2400.0,2400.0,False,424.94,31.45,2672.8725999999997,10.758109714799449
2026-06-01 09:30:00+08:00,2410.0,2410.0,False,424.95,31.435,2671.66065,10.29823390509163
2026-06-01 09:45:00+08:00,2415.0,2415.0,False,425.45,31.407,2672.42163,10.119925129932659
2026-06-01 10:00:00+08:00,2410.0,2410.0,False,425.68,31.389,2672.333904,10.323363594569527
2026-06-01 10:15:00+08:00,2465.0,2465.0,False,428.6,31.402,2691.7794400000002,8.795390326021012
2026-06-01 10:30:00+08:00,2420.0,2420.0,False,425.47,31.397,2671.696318,9.886540841417078
2026-06-01 10:45:00+08:00,2410.0,2410.0,False,424.87,31.393,2667.588782,10.146106471368828
2026-06-01 11:00:00+08:00,2415.0,2415.0,False,424.76,31.383,2666.048616,9.881763981138024
2026-06-01 11:15:00+08:00,2410.0,2410.0,False,424.74,31.38,2665.66824,10.074269156724867
2026-06-01 11:30:00+08:00,2405.0,2405.0,False,423.46,31.384,2657.973728,9.993088709940071
2026-06-01 11:45:00+08:00,2410.0,2410.0,False,424.35,31.397,2664.66339,10.036661367602559
2026-06-01 12:00:00+08:00,2410.0,2410.0,False,424.95,31.394,2668.17606,10.168062585841097
2026-06-01 12:15:00+08:00,2405.0,2405.0,False,424.6,31.391,2665.72372,10.283491446069162
2026-06-01 12:30:00+08:00,2410.0,2410.0,False,424.67,31.401,2667.0125340000004,10.124557789795695
2026-06-01 12:45:00+08:00,2410.0,2410.0,False,425.02,31.405,2669.55062,10.219432363881038
2026-06-01 13:00:00+08:00,2405.0,2405.0,False,425.11,31.404,2670.0308880000002,10.444503446340413
2026-06-01 13:15:00+08:00,2400.0,2400.0,False,424.17,31.415,2665.06011,10.46621774445239
2026-06-01 13:30:00+08:00,2405.0,2405.0,False,425.22,31.41,2671.23204,10.489356589774799
2026-06-01 17:25:00+08:00,2410.0,2410.0,False,425.59,31.439,2676.024802,10.461010803383806
2026-06-01 17:40:00+08:00,2405.0,2405.0,False,424.71,31.437,2670.3216540000003,10.455363111454938
2026-06-01 17:55:00+08:00,2415.0,2415.0,False,426.71,31.445,2683.57919,10.535452328631965
2026-06-01 18:10:00+08:00,2420.0,2420.0,False,427.73,31.456,2690.934976,10.602168772338533
2026-06-01 18:25:00+08:00,2420.0,2420.0,False,428.41,31.455,2695.12731,10.757398333454182
2026-06-01 18:40:00+08:00,2420.0,2420.0,False,427.33,31.457,2688.503962,10.512038906000159
2026-06-01 18:55:00+08:00,2415.0,2415.0,False,427.33,31.459,2688.6748939999998,10.72462097151754
2026-06-01 19:10:00+08:00,2415.0,2415.0,False,426.97,31.456,2686.1536640000004,10.631072179361832
2026-06-01 19:25:00+08:00,2415.0,2415.0,False,427.07,31.46,2687.12444,10.66710321161826
2026-06-01 19:40:00+08:00,2415.0,2415.0,False,426.0,31.451,2679.6252,10.38840698232325
2026-06-01 19:55:00+08:00,2415.0,2415.0,False,425.52,31.451,2676.605904,10.27596828711667
2026-06-01 20:10:00+08:00,2410.0,2410.0,False,425.41,31.46,2676.67972,10.485414245817704
2026-06-01 20:25:00+08:00,2410.0,2410.0,False,426.05,31.469,2681.4734900000003,10.66384772632884
2026-06-01 20:40:00+08:00,2415.0,2415.0,False,425.74,31.469,2679.5224120000003,10.38458134473706
2026-06-01 20:55:00+08:00,2415.0,2415.0,False,425.79,31.489,2681.540262,10.45965491481876
2026-06-01 21:10:00+08:00,2405.0,2405.0,False,425.46,31.492,2679.717264,10.80560628001911
2026-06-01 21:25:00+08:00,2425.0,2425.0,False,433.67,31.481,2730.4730540000005,11.850437420596807
2026-06-01 21:40:00+08:00,2415.0,2415.0,False,432.67,31.486,2724.6095240000004,12.047978452613686
2026-06-01 21:55:00+08:00,2425.0,2425.0,False,436.67,31.491,2750.234994,12.568897620187947
2026-06-01 22:10:00+08:00,2435.0,2435.0,False,439.48,31.46,2765.20816,12.699805463172078
2026-06-01 22:25:00+08:00,2440.0,2440.0,False,441.91,31.441,2778.818462,12.984489284961843
2026-06-01 22:40:00+08:00,2435.0,2435.0,False,440.79,31.439,2771.599362,12.929720095486768
2026-06-01 22:55:00+08:00,2435.0,2435.0,False,439.4,31.438,2762.7714399999995,12.611998960846943
2026-06-01 23:10:00+08:00,2440.0,2440.0,False,439.88,31.43,2765.0856799999997,12.491078917263842
2026-06-01 23:25:00+08:00,2440.0,2440.0,False,441.63,31.422,2775.3795720000003,12.861175965046337
2026-06-01 23:40:00+08:00,2445.0,2445.0,False,441.75,31.426,2776.4871,12.697037976020273
2026-06-01 23:55:00+08:00,2440.0,2440.0,False,442.46,31.438,2782.011496,13.098841174975462
2026-06-02 00:10:00+08:00,2445.0,2445.0,False,442.58,31.435,2782.5004599999997,12.91249852898147
2026-06-02 00:25:00+08:00,2445.0,2445.0,False,443.29,31.421,2785.723018,13.027759903458918
2026-06-02 00:40:00+08:00,2455.0,2455.0,False,447.95,31.424,2815.27616,13.672003100497864
2026-06-02 00:55:00+08:00,2455.0,2455.0,False,447.0,31.422,2809.1268,13.45434156335292
2026-06-02 01:10:00+08:00,2455.0,2455.0,False,445.36,31.419,2798.553168,13.078888021639221
2026-06-02 01:25:00+08:00,2460.0,2460.0,False,446.28,31.407,2803.263192,13.043740336669824
2026-06-02 01:40:00+08:00,2460.0,2460.0,False,446.14,31.401,2801.8484280000002,12.99347302293673
2026-06-02 01:55:00+08:00,2455.0,2455.0,False,444.61,31.4,2792.1508,12.850814198059638
2026-06-02 02:10:00+08:00,2455.0,2455.0,False,444.0,31.385,2786.9880000000003,12.666492178158373
2026-06-02 02:25:00+08:00,2455.0,2455.0,False,442.91,31.384,2780.057488,12.41848781011896
2026-06-02 02:40:00+08:00,2450.0,2450.0,False,442.24,31.385,2775.94048,12.473945359592008
2026-06-02 02:55:00+08:00,2445.0,2445.0,False,441.5,31.398,2772.4434,12.551871669561384
2026-06-02 03:10:00+08:00,2445.0,2445.0,False,440.04,31.385,2762.13108,12.180645162479763
2026-06-02 03:25:00+08:00,2445.0,2445.0,False,439.47,31.382,2758.2895080000003,12.041978733580793
2026-06-02 03:40:00+08:00,2440.0,2440.0,False,437.55,31.398,2747.63898,11.860462194306367
2026-06-02 03:55:00+08:00,2435.0,2435.0,False,436.52,31.397,2741.0836879999997,11.8268446358242
2026-06-02 04:10:00+08:00,2440.0,2440.0,False,437.26,31.398,2745.8178959999996,11.794393946454907
2026-06-02 04:25:00+08:00,2440.0,2440.0,False,437.63,31.398,2748.141348,11.878679755661896
2026-06-02 04:40:00+08:00,2440.0,2440.0,False,439.21,31.396,2757.887432,12.231408862107116
2026-06-02 04:55:00+08:00,2435.0,2435.0,False,438.71,31.398,2754.923316,12.32863364334148
2026-06-02 08:45:00+08:00,2420.0,2420.0,False,434.28,31.397,2727.0178319999995,11.929930768500961
2026-06-02 09:00:00+08:00,2425.0,2425.0,False,435.92,31.396,2737.228864,12.096668792714732
2026-06-02 09:15:00+08:00,2415.0,2415.0,False,433.69,31.398,2723.399724,12.00372647381062
2026-06-02 09:30:00+08:00,2405.0,2405.0,False,432.57,31.399,2716.453086,12.162684330796193
2026-06-02 09:45:00+08:00,2410.0,2410.0,False,433.48,31.41,2723.12136,12.200037288812517
2026-06-02 10:00:00+08:00,2405.0,2405.0,False,432.48,31.438,2719.261248,12.265621629758087
2026-06-02 10:15:00+08:00,2410.0,2410.0,False,432.89,31.433,2721.406274,12.137268318739244
2026-06-02 10:30:00+08:00,2420.0,2420.0,False,434.13,31.445,2730.2435699999996,12.047724181712814
2026-06-02 10:45:00+08:00,2405.0,2405.0,False,433.38,31.463,2727.086988,12.551891219034808
2026-06-02 11:00:00+08:00,2405.0,2405.0,False,432.94,31.473,2725.184124,12.482363839618008
2026-06-02 11:15:00+08:00,2390.0,2390.0,False,431.25,31.468,2714.1150000000002,12.700144883099235
2026-06-02 11:30:00+08:00,2400.0,2400.0,False,432.7,31.475,2723.8465,12.640757290445768
2026-06-02 11:45:00+08:00,2405.0,2405.0,False,432.88,31.494,2726.624544,12.53499905311856
2026-06-02 12:00:00+08:00,2415.0,2415.0,False,433.91,31.48,2731.89736,12.314112282977408
2026-06-02 12:15:00+08:00,2415.0,2415.0,False,434.32,31.483,2734.739312,12.417689231567074
2026-06-02 12:30:00+08:00,2410.0,2410.0,False,435.47,31.491,2742.677154,12.912788597350572
2026-06-02 12:45:00+08:00,2415.0,2415.0,False,436.41,31.494,2748.859308,12.930612090177421
2026-06-02 13:00:00+08:00,2420.0,2420.0,False,436.82,31.496,2751.6165439999995,12.824483067474675
2026-06-02 13:15:00+08:00,2410.0,2410.0,False,436.1,31.514,2748.65108,13.129443133416968
2026-06-02 13:30:00+08:00,2410.0,2410.0,False,437.16,31.509,2754.8948880000003,13.35534974008169
2026-06-02 17:25:00+08:00,2425.0,2425.0,False,439.2,31.539,2770.38576,13.295865829989884
2026-06-02 17:40:00+08:00,2435.0,2435.0,False,439.79,31.541,2774.283278,13.026102052574915
2026-06-02 17:55:00+08:00,2435.0,2435.0,False,439.68,31.538,2773.325568,12.991721181128751
2026-06-02 18:10:00+08:00,2430.0,2430.0,False,440.03,31.538,2775.533228,13.275613193338732
2026-06-02 18:25:00+08:00,2430.0,2430.0,False,439.33,31.53,2770.41498,13.09183906704307
2026-06-02 18:40:00+08:00,2430.0,2430.0,False,438.15,31.543,2764.11309,12.86506798025839
2026-06-02 18:55:00+08:00,2430.0,2430.0,False,438.16,31.532,2763.212224,12.832605702500938
2026-06-02 19:10:00+08:00,2430.0,2430.0,False,438.57,31.528,2765.446992,12.913113828955417
2026-06-02 19:25:00+08:00,2430.0,2430.0,False,439.61,31.51,2770.4222200000004,13.092099279585048
2026-06-02 19:40:00+08:00,2430.0,2430.0,False,439.0,31.512,2766.7536,12.96015266146157
2026-06-02 19:55:00+08:00,2435.0,2435.0,False,439.04,31.516,2767.356928,12.777167449284255
2026-06-02 20:10:00+08:00,2435.0,2435.0,False,439.05,31.514,2767.24434,12.773115535745875
2026-06-02 20:25:00+08:00,2435.0,2435.0,False,439.25,31.505,2767.71425,12.790025898500959
2026-06-02 20:40:00+08:00,2430.0,2430.0,False,439.8,31.504,2771.09184,13.116162932435357
2026-06-02 20:55:00+08:00,2430.0,2430.0,False,438.44,31.501,2762.259688,12.798269268692252
2026-06-02 21:10:00+08:00,2435.0,2435.0,False,440.39,31.499,2774.3689219999997,13.029175974340781
2026-06-02 21:25:00+08:00,2440.0,2440.0,False,442.28,31.497,2786.098632,13.245009571032535
2026-06-02 21:40:00+08:00,2445.0,2445.0,False,444.36,31.499,2799.379128,13.514626587843443
2026-06-02 21:55:00+08:00,2440.0,2440.0,False,442.64,31.497,2788.366416,13.326013836135079
2026-06-02 22:10:00+08:00,2435.0,2435.0,False,441.4,31.513,2781.96764,13.301506313349487
2026-06-02 22:25:00+08:00,2435.0,2435.0,False,441.76,31.54,2786.62208,13.467925277349835
2026-06-02 22:40:00+08:00,2440.0,2440.0,False,442.91,31.532,2793.167624,13.497279253212783
2026-06-02 22:55:00+08:00,2445.0,2445.0,False,445.71,31.53,2810.64726,13.91445208976982
2026-06-02 23:10:00+08:00,2440.0,2440.0,False,444.9,31.53,2805.5394,13.937152011478556
2026-06-02 23:25:00+08:00,2440.0,2440.0,False,446.0,31.538,2813.1896,14.208114628110899
2026-06-02 23:40:00+08:00,2445.0,2445.0,False,448.0,31.565,2828.224,14.534713488370688
2026-06-02 23:55:00+08:00,2445.0,2445.0,False,447.66,31.559,2825.5403880000003,14.440279743094925
2026-06-03 00:10:00+08:00,2440.0,2440.0,False,446.61,31.559,2818.9129980000002,14.410316281866745
2026-06-03 00:25:00+08:00,2435.0,2435.0,False,444.47,31.55,2804.6057,14.108149397577762
2026-06-03 00:40:00+08:00,2440.0,2440.0,False,445.6,31.555,2812.1816000000003,14.172457403224609
2026-06-03 00:55:00+08:00,2440.0,2440.0,False,445.45,31.552,2810.9676799999997,14.129497746213504
2026-06-03 01:10:00+08:00,2440.0,2440.0,False,444.86,31.541,2806.265852,13.962916189631175
2026-06-03 01:25:00+08:00,2440.0,2440.0,False,443.2,31.54,2795.7056,13.587685296896748
2026-06-03 01:40:00+08:00,2440.0,2440.0,False,444.49,31.549,2804.643002,13.905350730676858
2026-06-03 01:55:00+08:00,2440.0,2440.0,False,445.58,31.549,2811.520684,14.149070578048972
2026-06-03 02:10:00+08:00,2440.0,2440.0,False,445.1,31.549,2808.49198,14.041823114303389
2026-06-03 02:25:00+08:00,2440.0,2440.0,False,445.23,31.546,2809.0451160000002,14.061419090306032
2026-06-03 02:40:00+08:00,2440.0,2440.0,False,444.65,31.546,2805.3857799999996,13.931702846077402
2026-06-03 02:55:00+08:00,2440.0,2440.0,False,446.63,31.543,2817.610018,14.36432206676459
2026-06-03 03:10:00+08:00,2440.0,2440.0,False,447.39,31.544,2822.4940319999996,14.53660677519604
2026-06-03 03:25:00+08:00,2445.0,2445.0,False,446.6,31.562,2819.11784,14.213885455117392
2026-06-03 03:40:00+08:00,2445.0,2445.0,False,447.05,31.58,2823.5678,14.370804908309232
2026-06-03 03:55:00+08:00,2440.0,2440.0,False,448.46,31.596,2833.9084319999997,14.93800800976818
2026-06-03 04:10:00+08:00,2440.0,2440.0,False,448.67,31.599,2835.504666,14.994003077998597
2026-06-03 04:25:00+08:00,2440.0,2440.0,False,448.83,31.597,2836.336302,15.023163017481222
2026-06-03 04:40:00+08:00,2440.0,2440.0,False,448.45,31.597,2833.9349300000003,14.938937822655324
2026-06-03 04:55:00+08:00,2445.0,2445.0,False,448.1,31.597,2831.7231400000005,14.657700612278116
2026-06-03 08:45:00+08:00,2445.0,2445.0,False,447.71,31.586,2828.273612,14.53645838242918
2026-06-03 09:00:00+08:00,2450.0,2450.0,False,446.47,31.549,2817.136406,13.940645455157789
2026-06-03 09:15:00+08:00,2450.0,2450.0,False,446.69,31.549,2818.5245619999996,13.98966855571052
2026-06-03 09:30:00+08:00,2445.0,2445.0,False,446.48,31.537,2816.127952,14.108303595198318
2026-06-03 09:45:00+08:00,2450.0,2450.0,False,447.14,31.535,2820.11198,14.0456969948483
2026-06-03 10:00:00+08:00,2455.0,2455.0,False,447.5,31.545,2823.2775,13.95445768055962
2026-06-03 10:15:00+08:00,2445.0,2445.0,False,448.37,31.513,2825.8967620000003,14.452825741002448
2026-06-03 10:30:00+08:00,2445.0,2445.0,False,448.89,31.478,2826.031884,14.457582211050804
2026-06-03 10:45:00+08:00,2445.0,2445.0,False,448.23,31.483,2822.3250180000005,14.32700722702965
2026-06-03 11:00:00+08:00,2440.0,2440.0,False,447.46,31.481,2817.297652,14.353292393725026
2026-06-03 11:15:00+08:00,2445.0,2445.0,False,447.97,31.501,2822.3005940000003,14.32614627803033
2026-06-03 11:30:00+08:00,2445.0,2445.0,False,447.89,31.586,2829.410708,14.576441967893864
2026-06-03 11:45:00+08:00,2445.0,2445.0,False,447.74,31.522,2822.732056,14.341354191307405
2026-06-03 12:00:00+08:00,2445.0,2445.0,False,446.92,31.523,2817.651832,14.162131332118877
2026-06-03 12:15:00+08:00,2445.0,2445.0,False,447.51,31.518,2820.924036,14.277609529876623
2026-06-03 12:30:00+08:00,2450.0,2450.0,False,448.07,31.512,2823.916368,14.179836838853724
2026-06-03 12:45:00+08:00,2445.0,2445.0,False,447.92,31.514,2823.150176,14.35608945708233
2026-06-03 13:00:00+08:00,2450.0,2450.0,False,448.04,31.58,2829.82064,14.387634198119272
2026-06-03 13:15:00+08:00,2450.0,2450.0,False,448.02,31.554,2827.364616,14.30125236584562
2026-06-03 13:30:00+08:00,2450.0,2450.0,False,448.09,31.541,2826.641338,14.275798329804918
2026-06-03 17:25:00+08:00,2450.0,2450.0,False,449.99,31.499,2834.847002,14.564168152998876
2026-06-03 17:40:00+08:00,2450.0,2450.0,False,449.09,31.498,2829.087364,14.361852262007762
2026-06-03 17:55:00+08:00,2455.0,2455.0,False,449.5,31.499,2831.7601,14.252967521639576
2026-06-03 18:10:00+08:00,2450.0,2450.0,False,447.58,31.485,2818.41126,13.985668233500808
2026-06-03 18:25:00+08:00,2455.0,2455.0,False,448.8,31.481,2825.73456,14.041022353526508
2026-06-03 18:40:00+08:00,2450.0,2450.0,False,448.07,31.491,2822.034474,14.113506876131252
2026-06-03 18:55:00+08:00,2455.0,2455.0,False,448.25,31.491,2823.16815,13.9506032978506
2026-06-03 19:10:00+08:00,2450.0,2450.0,False,447.88,31.492,2820.927392,14.074464109028655
2026-06-03 19:25:00+08:00,2445.0,2445.0,False,447.8,31.492,2820.4235200000003,14.259955294156482
2026-06-03 19:40:00+08:00,2450.0,2450.0,False,448.33,31.495,2824.03067,14.183864046433392
2026-06-03 19:55:00+08:00,2450.0,2450.0,False,448.83,31.481,2825.923446,14.250526939886148
2026-06-03 20:10:00+08:00,2450.0,2450.0,False,448.1,31.483,2821.50646,14.094887782799
2026-06-03 20:25:00+08:00,2440.0,2440.0,False,446.32,31.486,2810.566304,14.115289001024294
2026-06-03 20:40:00+08:00,2445.0,2445.0,False,448.43,31.492,2824.391512,14.399822489409292
2026-06-03 20:55:00+08:00,2445.0,2445.0,False,448.76,31.484,2825.751968,14.447728533296067
2026-06-03 21:10:00+08:00,2445.0,2445.0,False,448.88,31.489,2826.956464,14.490122086865545
2026-06-03 21:25:00+08:00,2440.0,2440.0,False,443.99,31.49,2796.24902,13.60703124084806
2026-06-03 21:40:00+08:00,2430.0,2430.0,False,439.67,31.483,2768.426122,13.02033015599716
2026-06-03 21:55:00+08:00,2435.0,2435.0,False,440.53,31.498,2775.162788,13.057664485396117
2026-06-03 22:10:00+08:00,2435.0,2435.0,False,440.72,31.498,2776.3597120000004,13.100600644164489
2026-06-03 22:25:00+08:00,2440.0,2440.0,False,441.47,31.497,2780.996118,13.06249268504053
2026-06-03 22:40:00+08:00,2440.0,2440.0,False,441.71,31.495,2782.33129,13.110286230041146
2026-06-03 22:55:00+08:00,2445.0,2445.0,False,442.17,31.492,2784.963528,13.000607984354579
2026-06-03 23:10:00+08:00,2440.0,2440.0,False,441.73,31.491,2782.103886,13.10214784953437
2026-06-03 23:25:00+08:00,2440.0,2440.0,False,441.44,31.486,2779.8359680000003,13.02094433937585
2026-06-03 23:40:00+08:00,2440.0,2440.0,False,439.85,31.489,2770.0873300000003,12.671086263730642
2026-06-03 23:55:00+08:00,2440.0,2440.0,False,439.2,31.5,2766.96,12.558575445173384
2026-06-04 00:10:00+08:00,2435.0,2435.0,False,438.54,31.52,2764.55616,12.676318895649743
2026-06-04 00:25:00+08:00,2435.0,2435.0,False,437.6,31.531,2759.59312,12.497345316624145
2026-06-04 00:40:00+08:00,2435.0,2435.0,False,439.65,31.545,2773.7518499999996,13.007025857835774
2026-06-04 00:55:00+08:00,2440.0,2440.0,False,440.92,31.532,2780.6178879999998,13.048949197486248
2026-06-04 01:10:00+08:00,2440.0,2440.0,False,440.1,31.547,2776.7669400000004,12.910944417233269
2026-06-04 01:25:00+08:00,2445.0,2445.0,False,441.02,31.542,2782.130568,12.899259492918794
2026-06-04 01:40:00+08:00,2445.0,2445.0,False,441.1,31.533,2781.84126,12.888903383302678
2026-06-04 01:55:00+08:00,2445.0,2445.0,False,440.55,31.533,2778.3726300000003,12.764650489811993
2026-06-04 02:10:00+08:00,2450.0,2450.0,False,440.63,31.529,2778.524654,12.566629240187947
2026-06-04 02:25:00+08:00,2445.0,2445.0,False,440.4,31.547,2778.6597599999996,12.774942294480512
2026-06-04 02:40:00+08:00,2445.0,2445.0,False,440.75,31.532,2779.5458,12.806694124492118
2026-06-04 02:55:00+08:00,2445.0,2445.0,False,441.5,31.547,2785.6001,13.023366095221087
2026-06-04 03:10:00+08:00,2445.0,2445.0,False,440.63,31.547,2780.110922,12.826940021083052
2026-06-04 03:25:00+08:00,2445.0,2445.0,False,440.99,31.542,2781.9413160000004,12.89248513154726
2026-06-04 03:40:00+08:00,2445.0,2445.0,False,439.84,31.548,2775.2144639999997,12.651375389928795
2026-06-04 03:55:00+08:00,2445.0,2445.0,False,439.94,31.548,2775.845424,12.674017218710135
2026-06-04 04:10:00+08:00,2445.0,2445.0,False,438.48,31.533,2765.3179680000003,12.295524763259525
2026-06-04 04:25:00+08:00,2435.0,2435.0,False,436.53,31.538,2753.456628,12.27558215602761
2026-06-04 04:40:00+08:00,2435.0,2435.0,False,436.45,31.549,2753.91221,12.292064197401402
2026-06-04 04:55:00+08:00,2440.0,2440.0,False,436.74,31.562,2756.877576,12.19492171466153
2026-06-04 08:45:00+08:00,2425.0,2425.0,False,436.47,31.6,2758.4904,12.867406873175655
2026-06-04 09:00:00+08:00,2425.0,2425.0,False,438.55,31.59,2770.7589,13.309274223636505
2026-06-04 09:15:00+08:00,2425.0,2425.0,False,437.95,31.616,2769.2454399999997,13.254877690184763
2026-06-04 09:30:00+08:00,2420.0,2420.0,False,438.16,31.619,2770.836208,13.517521799639884
2026-06-04 09:45:00+08:00,2420.0,2420.0,False,437.84,31.625,2769.3379999999997,13.46368265085064
2026-06-04 10:00:00+08:00,2420.0,2420.0,False,437.04,31.666,2767.8617280000003,13.410601370599995
2026-06-04 10:15:00+08:00,2420.0,2420.0,False,437.28,31.621,2765.446176,13.32368186941528
2026-06-04 10:30:00+08:00,2425.0,2425.0,False,437.25,31.585,2762.10825,12.997926156640368
2026-06-04 10:45:00+08:00,2420.0,2420.0,False,436.84,31.605,2761.26564,13.173060935744655
2026-06-04 11:00:00+08:00,2425.0,2425.0,False,437.23,31.591,2762.5065860000004,13.012285590571024
2026-06-04 11:15:00+08:00,2430.0,2430.0,False,437.99,31.579,2766.257242,12.942286201003295
2026-06-04 11:30:00+08:00,2425.0,2425.0,False,437.87,31.572,2764.8863279999996,13.098025911137052
2026-06-04 11:45:00+08:00,2425.0,2425.0,False,437.91,31.57,2764.96374,13.100813686995053
2026-06-04 12:00:00+08:00,2425.0,2425.0,False,437.79,31.578,2764.906524,13.098753221398097
2026-06-04 12:15:00+08:00,2420.0,2420.0,False,438.35,31.561,2766.95287,13.37790717192308
2026-06-04 12:30:00+08:00,2425.0,2425.0,False,438.88,31.579,2771.8783040000003,13.349487277122135
2026-06-04 12:45:00+08:00,2425.0,2425.0,False,438.48,31.566,2768.211936,13.217713439376958
2026-06-04 13:00:00+08:00,2415.0,2415.0,False,437.26,31.579,2761.6467079999998,13.392712601549233
2026-06-04 13:15:00+08:00,2410.0,2410.0,False,435.63,31.578,2751.264828,13.224077406322149
2026-06-04 13:30:00+08:00,2415.0,2415.0,False,436.8,31.571,2758.0425600000003,13.262700084957366
2026-06-04 17:25:00+08:00,2380.0,2380.0,False,430.06,31.554,2714.0226479999997,13.114297720334738
2026-06-04 17:40:00+08:00,2385.0,2385.0,False,430.93,31.559,2719.9439740000003,13.12233692302615
2026-06-04 17:55:00+08:00,2380.0,2380.0,False,429.83,31.553,2712.485198,13.057875872887312
2026-06-04 18:10:00+08:00,2375.0,2375.0,False,429.65,31.55,2711.0915,13.216101204628346
2026-06-04 18:25:00+08:00,2365.0,2365.0,False,429.04,31.547,2706.984976,13.485251932654787
2026-06-04 18:40:00+08:00,2365.0,2365.0,False,428.08,31.538,2700.157408,13.233839780404313
2026-06-04 18:55:00+08:00,2375.0,2375.0,False,428.83,31.55,2705.9173,13.02588806159077
2026-06-04 19:10:00+08:00,2375.0,2375.0,False,430.6,31.548,2716.91376,13.429675996712087
2026-06-04 19:25:00+08:00,2375.0,2375.0,False,429.2,31.549,2708.1661599999998,13.108607883870544
2026-06-04 19:40:00+08:00,2375.0,2375.0,False,430.29,31.555,2715.56019,13.380067312395344
2026-06-04 19:55:00+08:00,2375.0,2375.0,False,430.16,31.548,2714.137536,13.327898238197672
2026-06-04 20:10:00+08:00,2370.0,2370.0,False,429.5,31.576,2712.3784,13.47315658353971
2026-06-04 20:25:00+08:00,2375.0,2375.0,False,431.13,31.551,2720.516526,13.561589850096384
2026-06-04 20:40:00+08:00,2380.0,2380.0,False,432.2,31.551,2727.26844,13.598989130087702
2026-06-04 20:55:00+08:00,2375.0,2375.0,False,432.14,31.559,2727.581252,13.819721219012543
2026-06-04 21:10:00+08:00,2375.0,2375.0,False,432.23,31.56,2728.23576,13.843599496959163
2026-06-04 21:25:00+08:00,2385.0,2385.0,False,435.75,31.556,2750.1054,14.219976867466046
2026-06-04 21:40:00+08:00,2375.0,2375.0,False,432.64,31.55,2729.9584,13.906416945532799
2026-06-04 21:55:00+08:00,2370.0,2370.0,False,429.93,31.553,2713.116258,13.500232557537542
2026-06-04 22:10:00+08:00,2385.0,2385.0,False,436.62,31.549,2754.984876,14.396341037015922
2026-06-04 22:25:00+08:00,2390.0,2390.0,False,438.69,31.55,2768.1339,14.661655060951398
2026-06-04 22:40:00+08:00,2400.0,2400.0,False,441.27,31.551,2784.501954,14.83274410585746
2026-06-04 22:55:00+08:00,2415.0,2415.0,False,444.64,31.556,2806.211968,14.985484994582778
2026-06-04 23:10:00+08:00,2425.0,2425.0,False,445.76,31.54,2811.85408,14.774292889978714
2026-06-04 23:25:00+08:00,2425.0,2425.0,False,446.95,31.538,2819.18182,15.03311035085354
2026-06-04 23:40:00+08:00,2415.0,2415.0,False,445.51,31.548,2810.989896,15.154636877621702
2026-06-04 23:55:00+08:00,2420.0,2420.0,False,445.92,31.548,2813.5768319999997,15.040453006957968
2026-06-05 00:10:00+08:00,2430.0,2430.0,False,447.31,31.549,2822.436638,14.943031779225057
2026-06-05 00:25:00+08:00,2420.0,2420.0,False,446.57,31.558,2818.571212,15.216790833614798
2026-06-05 00:40:00+08:00,2425.0,2425.0,False,446.27,31.559,2816.7669859999996,14.947897800354443
2026-06-05 00:55:00+08:00,2420.0,2420.0,False,444.59,31.548,2805.185064,14.743403698897191
2026-06-05 01:10:00+08:00,2420.0,2420.0,False,444.54,31.562,2806.114296,14.776343345400122
2026-06-05 01:25:00+08:00,2425.0,2425.0,False,445.47,31.568,2812.519392,14.79782175477624
2026-06-05 01:40:00+08:00,2430.0,2430.0,False,445.49,31.566,2812.467468,14.591124135135972
2026-06-05 01:55:00+08:00,2430.0,2430.0,False,447.44,31.564,2824.599232,15.01919421739831
2026-06-05 02:10:00+08:00,2425.0,2425.0,False,447.21,31.555,2822.34231,15.144516462849172
2026-06-05 02:25:00+08:00,2425.0,2425.0,False,446.96,31.551,2820.4069919999997,15.076313147980786
2026-06-05 02:40:00+08:00,2430.0,2430.0,False,447.92,31.553,2826.6439520000004,15.091147721697562
2026-06-05 02:55:00+08:00,2430.0,2430.0,False,448.02,31.554,2827.364616,15.116494480549447
2026-06-05 03:10:00+08:00,2430.0,2430.0,False,447.99,31.553,2827.0856940000003,15.106685228783729
2026-06-05 03:25:00+08:00,2430.0,2430.0,False,448.2,31.546,2827.78344,15.131221912783847
2026-06-05 03:40:00+08:00,2430.0,2430.0,False,446.88,31.56,2820.7065599999996,14.882056558879562
2026-06-05 03:55:00+08:00,2420.0,2420.0,False,445.27,31.556,2810.188024,14.920611733632775
2026-06-05 04:10:00+08:00,2420.0,2420.0,False,443.55,31.555,2799.2440500000002,14.532527943390585
2026-06-05 04:25:00+08:00,2420.0,2420.0,False,443.48,31.555,2798.8022800000003,14.51682817920438
2026-06-05 04:40:00+08:00,2420.0,2420.0,False,441.99,31.56,2789.84088,14.197780259269654
2026-06-05 04:55:00+08:00,2420.0,2420.0,False,442.4,31.542,2790.83616,14.233268850272193
2026-06-05 08:45:00+08:00,2400.0,2400.0,False,437.92,31.576,2765.552384,14.153467309024972
2026-06-05 09:00:00+08:00,2395.0,2395.0,False,436.8,31.579,2758.7414400000002,14.115626258503191
2026-06-05 09:15:00+08:00,2375.0,2375.0,False,434.82,31.617,2749.540788,14.617535638590365
2026-06-05 09:30:00+08:00,2385.0,2385.0,False,437.36,31.59,2763.24048,14.69397093897991
2026-06-05 09:45:00+08:00,2390.0,2390.0,False,439.0,31.586,2773.2508,14.845329612886509
2026-06-05 10:00:00+08:00,2390.0,2390.0,False,438.63,31.574,2769.860724,14.723681289813051
2026-06-05 10:15:00+08:00,2400.0,2400.0,False,439.15,31.583,2773.9348899999995,14.454564966510414
2026-06-05 10:30:00+08:00,2390.0,2390.0,False,438.6,31.571,2769.4081200000005,14.70742810708297
2026-06-05 10:45:00+08:00,2390.0,2390.0,False,438.71,31.58,2770.89236,14.760717078780534
2026-06-05 11:00:00+08:00,2390.0,2390.0,False,438.88,31.578,2771.790528,14.792949304276767
2026-06-05 11:15:00+08:00,2385.0,2385.0,False,438.7,31.57,2769.9518,14.935224030610716
2026-06-05 11:30:00+08:00,2385.0,2385.0,False,438.3,31.57,2767.4262000000003,14.844509563281093
2026-06-05 11:45:00+08:00,2380.0,2380.0,False,436.78,31.571,2757.916276,14.710877161050878
2026-06-05 12:00:00+08:00,2380.0,2380.0,False,436.88,31.577,2759.0719520000002,14.752545033056983
2026-06-05 12:15:00+08:00,2370.0,2370.0,False,436.62,31.581,2757.7792440000003,15.1246465788768
2026-06-05 12:30:00+08:00,2370.0,2370.0,False,436.9,31.59,2760.3342,15.216716291114126
2026-06-05 12:45:00+08:00,2370.0,2370.0,False,436.71,31.591,2759.221122,15.176616985006634
2026-06-05 13:00:00+08:00,2365.0,2365.0,False,436.13,31.599,2756.254374,15.27963055248152
2026-06-05 13:15:00+08:00,2370.0,2370.0,False,435.94,31.603,2755.402364,15.038911547979303
2026-06-05 13:30:00+08:00,2370.0,2370.0,False,436.88,31.604,2761.4311040000002,15.256215900272963
2026-06-05 17:25:00+08:00,2365.0,2365.0,False,437.74,31.632,2769.3183360000003,15.74964034329796
2026-06-05 17:40:00+08:00,2375.0,2375.0,False,437.93,31.634,2770.6955239999998,15.37967111168701
2026-06-05 17:55:00+08:00,2370.0,2370.0,False,437.27,31.632,2766.344928,15.432956063343259
2026-06-05 18:10:00+08:00,2375.0,2375.0,False,437.97,31.632,2770.773408,15.382465437934028
2026-06-05 18:25:00+08:00,2370.0,2370.0,False,438.02,31.63,2770.91452,15.59701171611777
2026-06-05 18:40:00+08:00,2370.0,2370.0,False,437.9,31.633,2770.4181399999998,15.579205002182947
2026-06-05 18:55:00+08:00,2370.0,2370.0,False,437.24,31.632,2766.1551360000003,15.42613591335261
2026-06-05 19:10:00+08:00,2365.0,2365.0,False,436.54,31.637,2762.1631960000004,15.492512362775996
2026-06-05 19:25:00+08:00,2370.0,2370.0,False,436.82,31.648,2764.895872,15.380871661032975
2026-06-05 19:40:00+08:00,2365.0,2365.0,False,436.17,31.654,2761.305036,15.461625214141868
2026-06-05 19:55:00+08:00,2365.0,2365.0,False,435.17,31.661,2755.583474,15.255428448074548
2026-06-05 20:10:00+08:00,2365.0,2365.0,False,434.67,31.652,2751.6349680000003,15.112861105709438
2026-06-05 20:25:00+08:00,2355.0,2355.0,False,433.1,31.648,2741.34976,15.161822802365906
2026-06-05 20:40:00+08:00,2360.0,2360.0,False,432.45,31.649,2737.32201,14.804715466661284
2026-06-05 20:55:00+08:00,2355.0,2355.0,False,431.62,31.649,2732.068276,14.824580899727636
2026-06-05 21:10:00+08:00,2355.0,2355.0,False,429.92,31.649,2721.307616,14.432049580503595
2026-06-05 21:25:00+08:00,2350.0,2350.0,False,429.48,31.65,2718.6084,14.544757492016943
2026-06-05 21:40:00+08:00,2350.0,2350.0,False,430.47,31.674,2726.9413560000003,14.849151470088412
2026-06-05 21:55:00+08:00,2345.0,2345.0,False,430.24,31.679,2725.914592,15.023506513043635
2026-06-05 22:10:00+08:00,2350.0,2350.0,False,430.82,31.699,2731.312636,15.008430431872371
2026-06-05 22:25:00+08:00,2355.0,2355.0,False,431.56,31.698,2735.917776,14.964601384675744
2026-06-05 22:40:00+08:00,2355.0,2355.0,False,430.31,31.692,2727.476904,14.657298440721064
2026-06-05 22:55:00+08:00,2345.0,2345.0,False,427.91,31.706,2713.4628920000005,14.568176138357266
2026-06-05 23:10:00+08:00,2340.0,2340.0,False,425.76,31.715,2700.59568,14.307661351644052
2026-06-05 23:25:00+08:00,2335.0,2335.0,False,424.64,31.717,2693.6613759999996,14.264685934581392
2026-06-05 23:40:00+08:00,2340.0,2340.0,False,426.26,31.74,2705.89848,14.50280783294712
2026-06-05 23:55:00+08:00,2335.0,2335.0,False,423.27,31.75,2687.7645,14.046627111424403
2026-06-06 00:10:00+08:00,2330.0,2330.0,False,423.35,31.799,2692.42133,14.432135664731263
2026-06-06 00:25:00+08:00,2320.0,2320.0,False,421.26,31.8,2679.2136,14.370804240090884
2026-06-06 00:40:00+08:00,2325.0,2325.0,False,422.3,31.781,2684.2232599999998,14.3424735275225
2026-06-06 00:55:00+08:00,2320.0,2320.0,False,419.58,31.761,2665.2560759999997,13.851086914557111
2026-06-06 01:10:00+08:00,2320.0,2320.0,False,421.23,31.768,2676.326928,14.263555333142921
2026-06-06 01:25:00+08:00,2325.0,2325.0,False,423.12,31.768,2688.3352320000004,14.494751106243212
2026-06-06 01:40:00+08:00,2320.0,2320.0,False,422.03,31.764,2681.0721839999997,14.439790937438692
2026-06-06 01:55:00+08:00,2310.0,2310.0,False,420.74,31.755,2672.11974,14.53677385923286
2026-06-06 02:10:00+08:00,2315.0,2315.0,False,419.3,31.768,2664.06448,14.021287790191462
2026-06-06 02:25:00+08:00,2295.0,2295.0,False,417.3,31.751,2649.9384600000003,14.355626985901873
2026-06-06 02:40:00+08:00,2290.0,2290.0,False,417.07,31.779,2650.813506,14.60542906797988
2026-06-06 02:55:00+08:00,2275.0,2275.0,False,416.57,31.773,2647.135722,15.120904542989358
2026-06-06 03:10:00+08:00,2265.0,2265.0,False,414.82,31.787,2637.1766679999996,15.184139340773331
2026-06-06 03:25:00+08:00,2270.0,2270.0,False,417.62,31.77,2653.55748,15.580501763533794
2026-06-06 03:40:00+08:00,2270.0,2270.0,False,418.74,31.78,2661.51144,15.8779491749491
2026-06-06 03:55:00+08:00,2250.0,2250.0,False,413.89,31.771,2629.939838,15.571496805817784
2026-06-06 04:10:00+08:00,2210.0,2210.0,False,413.0,31.771,2624.2846,17.139437756726196
2026-06-06 04:25:00+08:00,2190.0,2190.0,False,408.87,31.772,2598.123528,17.04732660355876
2026-06-06 04:40:00+08:00,2195.0,2195.0,False,409.68,31.757,2602.041552,16.970524336204463
2026-06-06 04:55:00+08:00,2210.0,2210.0,False,412.31,31.757,2618.745734,16.929685533945328
2026-06-08 08:45:00+08:00,2235.0,2235.0,False,417.51,31.718,2648.516436,16.93519173813629
2026-06-08 09:00:00+08:00,2300.0,2300.0,False,420.72,31.71,2668.2062400000004,14.822502215608521
2026-06-08 09:15:00+08:00,2270.0,2270.0,False,418.43,31.7,2652.8462,15.553855816173984
2026-06-08 09:30:00+08:00,2280.0,2280.0,False,420.64,31.722,2668.708416,15.709489560679746
2026-06-08 09:45:00+08:00,2300.0,2300.0,False,421.62,31.716,2674.419984,15.05381472430174
2026-06-08 10:00:00+08:00,2320.0,2320.0,False,423.21,31.725,2685.2674500000003,14.595321974253354
2026-06-08 10:15:00+08:00,2320.0,2320.0,False,424.48,31.724,2693.2407040000003,14.890196822274914
2026-06-08 10:30:00+08:00,2310.0,2310.0,False,424.03,31.732,2691.063992,15.239316777772594
2026-06-08 10:45:00+08:00,2320.0,2320.0,False,423.92,31.731,2690.2811040000006,14.780851465774386
2026-06-08 11:00:00+08:00,2310.0,2310.0,False,422.4,31.735,2680.9728,14.865751221886045
2026-06-08 11:15:00+08:00,2310.0,2310.0,False,422.17,31.74,2679.93516,14.827253186191703
2026-06-08 11:30:00+08:00,2315.0,2315.0,False,422.1,31.759,2681.0947800000004,14.655237585384654
2026-06-08 11:45:00+08:00,2315.0,2315.0,False,422.26,31.739,2680.422028,14.630276519251476
2026-06-08 12:00:00+08:00,2310.0,2310.0,False,421.61,31.752,2677.392144,14.73283565407966
2026-06-08 12:15:00+08:00,2310.0,2310.0,False,421.44,31.74,2675.3011199999996,14.65512759237298
2026-06-08 12:30:00+08:00,2305.0,2305.0,False,420.54,31.736,2669.2514880000003,14.645479380313967
2026-06-08 12:45:00+08:00,2305.0,2305.0,False,420.09,31.744,2667.067392,14.564058105188288
2026-06-08 13:00:00+08:00,2305.0,2305.0,False,419.87,31.743,2665.586682,14.50881777419932
2026-06-08 13:15:00+08:00,2295.0,2295.0,False,418.03,31.736,2653.320016,14.48249162711388
2026-06-08 13:30:00+08:00,2290.0,2290.0,False,416.15,31.745,2642.1363499999998,14.279262575536858
2026-06-08 17:25:00+08:00,2320.0,2320.0,False,424.35,31.669,2687.74803,14.68716188581877
2026-06-08 17:40:00+08:00,2330.0,2330.0,False,424.99,31.684,2693.0766320000002,14.456344531436574
2026-06-08 17:55:00+08:00,2335.0,2335.0,False,424.96,31.687,2693.141504,14.245482300571316
2026-06-08 18:10:00+08:00,2325.0,2325.0,False,424.12,31.677,2686.9698479999997,14.444214908612905
2026-06-08 18:25:00+08:00,2330.0,2330.0,False,424.64,31.659,2688.7355519999996,14.295853937035638
2026-06-08 18:40:00+08:00,2330.0,2330.0,False,425.64,31.668,2695.8335039999997,14.558122695820991
2026-06-08 18:55:00+08:00,2330.0,2330.0,False,426.91,31.665,2703.6210300000002,14.845020225926712
2026-06-08 19:10:00+08:00,2340.0,2340.0,False,428.34,31.641,2710.6211879999996,14.676261560877911
2026-06-08 19:25:00+08:00,2345.0,2345.0,False,430.44,31.648,2724.513024,14.972366071585807
2026-06-08 19:40:00+08:00,2340.0,2340.0,False,430.03,31.648,2721.917888,15.089849201441647
2026-06-08 19:55:00+08:00,2340.0,2340.0,False,430.52,31.642,2724.502768,15.184225801177401
2026-06-08 20:10:00+08:00,2345.0,2345.0,False,431.98,31.635,2733.1374600000004,15.28660707030173
2026-06-08 20:25:00+08:00,2345.0,2345.0,False,431.36,31.643,2729.904896,15.168950113858449
2026-06-08 20:40:00+08:00,2345.0,2345.0,False,432.0,31.63,2732.832,15.275495526437261
2026-06-08 20:55:00+08:00,2335.0,2335.0,False,426.51,31.632,2698.272864,14.434856754867164
2026-06-08 21:10:00+08:00,2330.0,2330.0,False,424.9,31.622,2687.23756,14.240408421083417
2026-06-08 21:25:00+08:00,2335.0,2335.0,False,427.42,31.638,2704.542792,14.66572692215767
2026-06-08 21:40:00+08:00,2340.0,2340.0,False,430.09,31.621,2719.9751779999997,15.018855414630247
2026-06-08 21:55:00+08:00,2330.0,2330.0,False,427.6,31.608,2703.1161600000005,14.82644739913972
2026-06-08 22:10:00+08:00,2330.0,2330.0,False,427.76,31.621,2705.239792,14.904545066401074
2026-06-08 22:25:00+08:00,2340.0,2340.0,False,431.28,31.615,2726.9834399999995,15.274707114495701
2026-06-08 22:40:00+08:00,2340.0,2340.0,False,431.44,31.614,2727.908832,15.308437655809831
2026-06-08 22:55:00+08:00,2340.0,2340.0,False,432.64,31.61,2735.15008,15.571956445473232
2026-06-08 23:10:00+08:00,2340.0,2340.0,False,433.35,31.61,2739.6387000000004,15.734926186777829
2026-06-08 23:25:00+08:00,2335.0,2335.0,False,431.28,31.614,2726.897184,15.484201664100809
2026-06-08 23:40:00+08:00,2330.0,2330.0,False,430.97,31.605,2724.1613700000003,15.597498423363568
2026-06-08 23:55:00+08:00,2335.0,2335.0,False,430.4,31.615,2721.4191999999994,15.284302377461087
2026-06-09 00:10:00+08:00,2335.0,2335.0,False,430.13,31.611,2719.367886,15.209335555674667
2026-06-09 00:25:00+08:00,2330.0,2330.0,False,429.06,31.617,2713.118004,15.193695792806198
2026-06-09 00:40:00+08:00,2335.0,2335.0,False,430.36,31.617,2721.3384240000005,15.281351507891097
2026-06-09 00:55:00+08:00,2325.0,2325.0,False,428.34,31.61,2707.96548,15.21828359530095
2026-06-09 01:10:00+08:00,2325.0,2325.0,False,427.52,31.614,2703.1234560000003,15.04034096652062
2026-06-09 01:25:00+08:00,2325.0,2325.0,False,428.47,31.616,2709.301504,15.267321740450132
2026-06-09 01:40:00+08:00,2330.0,2330.0,False,429.71,31.615,2717.05633,15.337904104589217
2026-06-09 01:55:00+08:00,2330.0,2330.0,False,430.01,31.612,2718.695224,15.397848622442417
2026-06-09 02:10:00+08:00,2330.0,2330.0,False,429.27,31.605,2713.41567,15.204603193057844
2026-06-09 02:25:00+08:00,2330.0,2330.0,False,428.69,31.604,2709.663752,15.067027114629608
2026-06-09 02:40:00+08:00,2330.0,2330.0,False,428.9,31.603,2710.9053400000003,15.11257658331669
2026-06-09 02:55:00+08:00,2330.0,2330.0,False,427.94,31.609,2705.351092,14.908636364854294
2026-06-09 03:10:00+08:00,2330.0,2330.0,False,427.1,31.613,2700.38246,14.725817090257578
2026-06-09 03:25:00+08:00,2330.0,2330.0,False,427.81,31.609,2704.529258,14.878422144627052
2026-06-09 03:40:00+08:00,2330.0,2330.0,False,427.68,31.608,2703.621888,14.84505178629739
2026-06-09 03:55:00+08:00,2330.0,2330.0,False,427.76,31.609,2704.213168,14.866798663937713
2026-06-09 04:10:00+08:00,2330.0,2330.0,False,427.47,31.609,2702.3798460000003,14.79935368137949
2026-06-09 04:25:00+08:00,2330.0,2330.0,False,427.98,31.603,2705.090388,14.899052811204468
2026-06-09 04:40:00+08:00,2330.0,2330.0,False,428.04,31.603,2705.4696240000003,14.912993306937691
2026-06-09 04:55:00+08:00,2335.0,2335.0,False,427.95,31.604,2704.98636,14.682038147420695
2026-06-09 08:45:00+08:00,2315.0,2315.0,False,424.85,31.604,2685.39188,14.81451409764309
2026-06-09 09:00:00+08:00,2315.0,2315.0,False,424.17,31.602,2680.9240680000003,14.64890430756644
2026-06-09 09:15:00+08:00,2310.0,2310.0,False,425.11,31.602,2686.865244,15.084066733739599
2026-06-09 09:30:00+08:00,2300.0,2300.0,False,425.23,31.627,2689.749842,15.622019313247975
2026-06-09 09:45:00+08:00,2305.0,2305.0,False,425.09,31.649,2690.734682,15.442560766480664
2026-06-09 10:00:00+08:00,2305.0,2305.0,False,425.51,31.65,2693.4782999999998,15.543862619149504
2026-06-09 10:15:00+08:00,2300.0,2300.0,False,424.43,31.628,2684.774408,15.437986817717597
2026-06-09 10:30:00+08:00,2300.0,2300.0,False,424.68,31.64,2687.37504,15.534225394848184
2026-06-09 10:45:00+08:00,2305.0,2305.0,False,425.03,31.63,2688.73978,15.368833655965947
2026-06-09 11:00:00+08:00,2305.0,2305.0,False,425.64,31.63,2692.5986399999997,15.511395288838148
2026-06-09 11:15:00+08:00,2310.0,2310.0,False,426.14,31.63,2695.7616399999997,15.412705108347897
2026-06-09 11:30:00+08:00,2320.0,2320.0,False,426.99,31.62,2700.28476,15.149927869828641
2026-06-09 11:45:00+08:00,2310.0,2310.0,False,427.07,31.611,2700.0219540000003,15.569670455779416
2026-06-09 12:00:00+08:00,2315.0,2315.0,False,427.9,31.608,2705.01264,15.538313066877055
2026-06-09 12:15:00+08:00,2315.0,2315.0,False,428.88,31.611,2711.465136,15.775107367620258
2026-06-09 12:30:00+08:00,2315.0,2315.0,False,428.79,31.61,2710.81038,15.751106789667615
2026-06-09 12:45:00+08:00,2310.0,2310.0,False,428.91,31.6,2710.7112,15.962328205613588
2026-06-09 13:00:00+08:00,2315.0,2315.0,False,428.99,31.615,2712.5037700000003,15.813166461335154
2026-06-09 13:15:00+08:00,2310.0,2310.0,False,428.6,31.628,2711.15216,15.978490482550924
2026-06-09 13:30:00+08:00,2320.0,2320.0,False,430.31,31.626,2721.796812,15.938635648453022
2026-06-09 17:25:00+08:00,2325.0,2325.0,False,431.08,31.688,2732.012608,16.096958404102914
2026-06-09 17:40:00+08:00,2330.0,2330.0,False,431.09,31.685,2731.81733,15.876405796729923
2026-06-09 17:55:00+08:00,2320.0,2320.0,False,425.82,31.686,2698.506504,15.084428154006032
2026-06-09 18:10:00+08:00,2320.0,2320.0,False,427.96,31.676,2711.212192,15.551408967487252
2026-06-09 18:25:00+08:00,2315.0,2315.0,False,426.6,31.68,2702.9376,15.46203364505769
2026-06-09 18:40:00+08:00,2320.0,2320.0,False,427.22,31.672,2706.182368,15.366826737473454
2026-06-09 18:55:00+08:00,2320.0,2320.0,False,427.91,31.685,2711.66567,15.56803236491664
2026-06-09 19:10:00+08:00,2320.0,2320.0,False,428.36,31.69,2714.9456800000003,15.688180373775163
2026-06-09 19:25:00+08:00,2325.0,2325.0,False,428.54,31.69,2716.0865200000003,15.515961428093094
2026-06-09 19:40:00+08:00,2320.0,2320.0,False,429.43,31.69,2721.7273400000004,15.936099392475292
2026-06-09 19:55:00+08:00,2320.0,2320.0,False,429.2,31.695,2720.6988,15.898541686323336
2026-06-09 20:10:00+08:00,2320.0,2320.0,False,427.75,31.692,2711.2506000000003,15.552817027241709
2026-06-09 20:25:00+08:00,2320.0,2320.0,False,429.17,31.692,2720.2511280000003,15.882189908216827
2026-06-09 20:40:00+08:00,2320.0,2320.0,False,428.67,31.698,2717.596332,15.785160453384261
2026-06-09 20:55:00+08:00,2325.0,2325.0,False,430.05,31.699,2726.4309900000003,15.893753306525928
2026-06-09 21:10:00+08:00,2325.0,2325.0,False,430.37,31.677,2726.5660980000002,15.898677368944533
2026-06-09 21:25:00+08:00,2335.0,2335.0,False,435.55,31.68,2759.6448,16.67024166238243
2026-06-09 21:40:00+08:00,2335.0,2335.0,False,436.94,31.677,2768.189676,16.977212429993166
2026-06-09 21:55:00+08:00,2315.0,2315.0,False,431.97,31.685,2737.3938900000003,16.720544723800238
2026-06-09 22:10:00+08:00,2315.0,2315.0,False,431.13,31.693,2732.7606180000002,16.552314961620482
2026-06-09 22:25:00+08:00,2300.0,2300.0,False,429.62,31.698,2723.618952,16.865090925391502
2026-06-09 22:40:00+08:00,2290.0,2290.0,False,427.1,31.708,2708.4973600000003,16.74492671933712
2026-06-09 22:55:00+08:00,2290.0,2290.0,False,428.23,31.721,2716.776766,17.047964626589863
2026-06-09 23:10:00+08:00,2275.0,2275.0,False,423.29,31.728,2686.0290240000004,16.57031321572854
2026-06-09 23:25:00+08:00,2270.0,2270.0,False,420.34,31.72,2666.63696,16.069116008076875
2026-06-09 23:40:00+08:00,2270.0,2270.0,False,419.69,31.729,2663.2688019999996,15.943538363065246
2026-06-09 23:55:00+08:00,2235.0,2235.0,False,412.78,31.734,2619.832104,15.853570041399728
2026-06-10 00:10:00+08:00,2215.0,2215.0,False,411.03,31.719,2607.4921139999997,16.27756374595493
2026-06-10 00:25:00+08:00,2200.0,2200.0,False,406.8,31.719,2580.6578400000003,15.924914634760823
2026-06-10 00:40:00+08:00,2205.0,2205.0,False,407.08,31.749,2584.8765839999996,15.861643920802937
2026-06-10 00:55:00+08:00,2240.0,2240.0,False,414.56,31.733,2631.046496,16.05595414952902
2026-06-10 01:10:00+08:00,2255.0,2255.0,False,417.6,31.725,2649.672,16.09371635860665
2026-06-10 01:25:00+08:00,2265.0,2265.0,False,419.6,31.733,2663.0333600000004,16.153841945582947
2026-06-10 01:40:00+08:00,2260.0,2260.0,False,419.37,31.74,2662.1607599999998,16.340821830451542
2026-06-10 01:55:00+08:00,2270.0,2270.0,False,420.8,31.729,2670.31264,16.205963839567858
2026-06-10 02:10:00+08:00,2275.0,2275.0,False,424.52,31.73,2694.00392,16.864704747506018
2026-06-10 02:25:00+08:00,2285.0,2285.0,False,426.56,31.724,2706.437888,16.886432224797822
2026-06-10 02:40:00+08:00,2285.0,2285.0,False,426.88,31.739,2709.748864,17.007816631639162
2026-06-10 02:55:00+08:00,2295.0,2295.0,False,427.88,31.747,2716.7812719999997,16.8315913687783
2026-06-10 03:10:00+08:00,2270.0,2270.0,False,424.16,31.767,2694.8581440000003,17.11461361744801
2026-06-10 03:25:00+08:00,2285.0,2285.0,False,425.25,31.724,2698.1261999999997,16.581004912137274
2026-06-10 03:40:00+08:00,2290.0,2290.0,False,426.41,31.745,2707.2770900000005,16.70017821645349
2026-06-10 03:55:00+08:00,2290.0,2290.0,False,427.81,31.721,2714.112202,16.950547265127042
2026-06-10 04:10:00+08:00,2295.0,2295.0,False,426.32,31.725,2705.0004,16.40001468799882
2026-06-10 04:25:00+08:00,2290.0,2290.0,False,426.58,31.734,2707.417944,16.7053445870446
2026-06-10 04:40:00+08:00,2290.0,2290.0,False,427.01,31.72,2708.95144,16.76157270293467
2026-06-10 04:55:00+08:00,2295.0,2295.0,False,427.21,31.735,2711.5018699999996,16.6384386070348
2026-06-10 08:45:00+08:00,2290.0,2290.0,False,426.9,31.681,2704.92378,16.61381827932518
2026-06-10 09:00:00+08:00,2295.0,2295.0,False,426.45,31.682,2702.15778,16.295574321449582
2026-06-10 09:15:00+08:00,2285.0,2285.0,False,424.74,31.689,2691.9171720000004,16.35217778143085
2026-06-10 09:30:00+08:00,2275.0,2275.0,False,423.21,31.712,2684.1671039999997,16.501444513534167
2026-06-10 09:45:00+08:00,2280.0,2280.0,False,423.42,31.726,2686.684584,16.376501351026807
2026-06-10 10:00:00+08:00,2275.0,2275.0,False,422.5,31.758,2683.551,16.478644668573537
2026-06-10 10:15:00+08:00,2280.0,2280.0,False,422.35,31.756,2682.42932,16.219044909238132
2026-06-10 10:30:00+08:00,2280.0,2280.0,False,422.31,31.738,2680.654956,16.1533087688512
2026-06-10 10:45:00+08:00,2270.0,2270.0,False,421.52,31.728,2674.7973119999997,16.372655397528245
2026-06-10 11:00:00+08:00,2280.0,2280.0,False,422.37,31.736,2680.866864,16.161161949699125
2026-06-10 11:15:00+08:00,2280.0,2280.0,False,423.56,31.732,2688.0811839999997,16.428120591678304
2026-06-10 11:30:00+08:00,2275.0,2275.0,False,423.28,31.75,2687.828,16.63680466056853
2026-06-10 11:45:00+08:00,2280.0,2280.0,False,422.8,31.8,2689.0080000000003,16.46236029404663
2026-06-10 12:00:00+08:00,2265.0,2265.0,False,421.43,31.761,2677.007646,16.673695206986334
2026-06-10 12:15:00+08:00,2265.0,2265.0,False,420.87,31.768,2674.039632,16.563529045194752
2026-06-10 12:30:00+08:00,2260.0,2260.0,False,419.25,31.747,2661.98595,16.33429896320609
2026-06-10 12:45:00+08:00,2265.0,2265.0,False,420.19,31.714,2665.1811319999997,16.23393223435831
2026-06-10 13:00:00+08:00,2265.0,2265.0,False,419.97,31.737,2665.7175780000002,16.253925383515455
2026-06-10 13:15:00+08:00,2255.0,2255.0,False,420.27,31.747,2668.462338,16.795592597869074
2026-06-10 13:30:00+08:00,2270.0,2270.0,False,421.88,31.744,2678.431744,16.50752259017115
2026-06-10 17:25:00+08:00,2230.0,2230.0,False,416.77,31.738,2645.489252,17.044002376974163
2026-06-10 17:40:00+08:00,2220.0,2220.0,False,416.32,31.731,2642.049984,17.36098910496105
2026-06-10 17:55:00+08:00,2215.0,2215.0,False,415.74,31.727,2638.036596,17.43389268272478
2026-06-10 18:10:00+08:00,2210.0,2210.0,False,414.48,31.722,2629.626912,17.341291782617485
2026-06-10 18:25:00+08:00,2220.0,2220.0,False,415.96,31.7,2637.1863999999996,17.178109532712174
2026-06-10 18:40:00+08:00,2230.0,2230.0,False,416.14,31.721,2640.075388,16.840617663144897
2026-06-10 18:55:00+08:00,2225.0,2225.0,False,414.91,31.721,2632.272022,16.769578485839233
2026-06-10 19:10:00+08:00,2225.0,2225.0,False,414.74,31.722,2631.2764560000005,16.73201514292046
2026-06-10 19:25:00+08:00,2210.0,2210.0,False,412.06,31.73,2614.93276,16.785011528326464
2026-06-10 19:40:00+08:00,2215.0,2215.0,False,413.19,31.736,2622.599568,16.85131488336532
2026-06-10 19:55:00+08:00,2215.0,2215.0,False,412.68,31.741,2619.775176,16.74432259060644
2026-06-10 20:10:00+08:00,2215.0,2215.0,False,413.02,31.739,2621.7683559999996,16.81984027601423
2026-06-10 20:25:00+08:00,2245.0,2245.0,False,418.98,31.726,2658.511896,16.865948518951036
2026-06-10 20:40:00+08:00,2255.0,2255.0,False,418.74,31.724,2656.8215520000003,16.361406771236883
2026-06-10 20:55:00+08:00,2245.0,2245.0,False,418.16,31.723,2653.057936,16.66202978126636
2026-06-10 21:10:00+08:00,2250.0,2250.0,False,415.3,31.724,2634.99544,15.762366402536502
2026-06-10 21:25:00+08:00,2255.0,2255.0,False,418.34,31.721,2654.032628,16.2570778496769
2026-06-10 21:40:00+08:00,2265.0,2265.0,False,418.61,31.72,2655.6618399999998,15.878426630511955
2026-06-10 21:55:00+08:00,2280.0,2280.0,False,421.72,31.715,2674.96996,15.942375561849012
2026-06-10 22:10:00+08:00,2285.0,2285.0,False,423.42,31.722,2686.345848,16.14636600515185
2026-06-10 22:25:00+08:00,2290.0,2290.0,False,424.72,31.716,2694.083904,16.214971970102695
2026-06-10 22:40:00+08:00,2270.0,2270.0,False,420.31,31.71,2665.60602,16.03069687478824
2026-06-10 22:55:00+08:00,2255.0,2255.0,False,416.24,31.704,2639.294592,15.703778543618984
2026-06-10 23:10:00+08:00,2250.0,2250.0,False,416.4,31.711,2640.8920799999996,15.98449009326739
2026-06-10 23:25:00+08:00,2245.0,2245.0,False,415.51,31.705,2634.74891,15.97413789882889
2026-06-10 23:40:00+08:00,2240.0,2240.0,False,414.8,31.706,2630.32976,16.02888425361982
2026-06-10 23:55:00+08:00,2245.0,2245.0,False,415.12,31.701,2631.943824,15.868291207120533
2026-06-11 00:10:00+08:00,2245.0,2245.0,False,414.01,31.717,2626.231034,15.652348711818453
2026-06-11 00:25:00+08:00,2250.0,2250.0,False,416.08,31.717,2639.361872,15.926899345690321
2026-06-11 00:40:00+08:00,2245.0,2245.0,False,414.68,31.717,2630.481112,15.813049138933879
2026-06-11 00:55:00+08:00,2245.0,2245.0,False,414.44,31.716,2628.875808,15.752383652037437
2026-06-11 01:10:00+08:00,2245.0,2245.0,False,413.28,31.725,2622.2616,15.502006302681567
2026-06-11 01:25:00+08:00,2240.0,2240.0,False,412.79,31.721,2618.822318,15.593174362298218
2026-06-11 01:40:00+08:00,2245.0,2245.0,False,414.36,31.714,2628.202608,15.726931089256288
2026-06-11 01:55:00+08:00,2250.0,2250.0,False,413.84,31.716,2625.069888,15.387261992827456
2026-06-11 02:10:00+08:00,2250.0,2250.0,False,413.84,31.717,2625.1526559999998,15.390396259214073
2026-06-11 02:25:00+08:00,2245.0,2245.0,False,412.12,31.717,2614.242008,15.197514649078995
2026-06-11 02:40:00+08:00,2240.0,2240.0,False,410.76,31.709,2604.9577679999998,15.065467460231524
2026-06-11 02:55:00+08:00,2245.0,2245.0,False,411.21,31.717,2608.4695139999994,14.977719050323039
2026-06-11 03:10:00+08:00,2230.0,2230.0,False,409.02,31.716,2594.495664,15.110207963076325
2026-06-11 03:25:00+08:00,2240.0,2240.0,False,411.66,31.714,2611.077048,15.298748889300267
2026-06-11 03:40:00+08:00,2240.0,2240.0,False,409.77,31.715,2599.17111,14.844323618058638
2026-06-11 03:55:00+08:00,2225.0,2225.0,False,408.78,31.713,2592.728028,15.265620054216978
2026-06-11 04:10:00+08:00,2230.0,2230.0,False,410.03,31.714,2600.738284,15.349135564968645
2026-06-11 04:25:00+08:00,2230.0,2230.0,False,410.04,31.713,2600.719704,15.348425357531367
2026-06-11 04:40:00+08:00,2225.0,2225.0,False,409.23,31.705,2594.92743,15.349917000721325
2026-06-11 04:55:00+08:00,2225.0,2225.0,False,409.25,31.714,2595.7909,15.382990371974026
2026-06-11 08:45:00+08:00,2245.0,2245.0,False,411.71,31.728,2612.546976,15.13302816487266
2026-06-11 09:00:00+08:00,2260.0,2260.0,False,416.3,31.745,2643.0887000000002,15.626423401232787
2026-06-11 09:15:00+08:00,2255.0,2255.0,False,415.08,31.76,2636.5881600000002,15.60181059887103
2026-06-11 09:30:00+08:00,2250.0,2250.0,False,414.6,31.741,2631.96372,15.647954057307095
2026-06-11 09:45:00+08:00,2240.0,2240.0,False,413.28,31.76,2625.15456,15.833189069331436
2026-06-11 10:00:00+08:00,2235.0,2235.0,False,412.75,31.783,2623.68665,15.999659084826973
2026-06-11 10:15:00+08:00,2215.0,2215.0,False,410.13,31.779,2606.7042539999998,16.247543746593287
2026-06-11 10:30:00+08:00,2225.0,2225.0,False,410.71,31.79,2611.29418,15.974800771941458
2026-06-11 10:45:00+08:00,2235.0,2235.0,False,412.56,31.777,2621.983824,15.935149797608217
2026-06-11 11:00:00+08:00,2230.0,2230.0,False,411.83,31.785,2618.00331,16.006726282536306
2026-06-11 11:15:00+08:00,2235.0,2235.0,False,412.29,31.777,2620.267866,15.870097248307005
2026-06-11 11:30:00+08:00,2255.0,2255.0,False,414.63,31.789,2636.134614,15.584711690783164
2026-06-11 11:45:00+08:00,2255.0,2255.0,False,415.21,31.795,2640.32039,15.742397199869481
2026-06-11 12:00:00+08:00,2255.0,2255.0,False,414.94,31.796,2638.686448,15.68087584184347
2026-06-11 12:15:00+08:00,2255.0,2255.0,False,414.5,31.787,2635.1423,15.54728990197279
2026-06-11 12:30:00+08:00,2260.0,2260.0,False,415.05,31.797,2639.4689700000004,15.490208115350116
2026-06-11 12:45:00+08:00,2255.0,2255.0,False,415.22,31.796,2640.467024,15.747916270715342
2026-06-11 13:00:00+08:00,2260.0,2260.0,False,414.87,31.792,2637.9094080000004,15.431457649369426
2026-06-11 13:15:00+08:00,2255.0,2255.0,False,414.65,31.795,2636.75935,15.608263722130966
2026-06-11 13:30:00+08:00,2260.0,2260.0,False,415.08,31.799,2639.8257839999997,15.503644445494011
2026-06-11 17:25:00+08:00,2280.0,2280.0,False,419.0,31.679,2654.7002,15.186341006085849
2026-06-11 17:40:00+08:00,2275.0,2275.0,False,418.76,31.68,2653.26336,15.350777033149459
2026-06-11 17:55:00+08:00,2275.0,2275.0,False,418.91,31.67,2653.3759400000004,15.354995016877726
2026-06-11 18:10:00+08:00,2270.0,2270.0,False,418.68,31.688,2653.426368,15.57559062900156
2026-06-11 18:25:00+08:00,2270.0,2270.0,False,418.72,31.69,2653.84736,15.591359030268567
2026-06-11 18:40:00+08:00,2275.0,2275.0,False,418.47,31.687,2652.0117780000005,15.303871595494305
2026-06-11 18:55:00+08:00,2260.0,2260.0,False,415.79,31.687,2635.0275460000003,15.32279614264709
2026-06-11 19:10:00+08:00,2265.0,2265.0,False,415.92,31.684,2635.601856,15.124748628426435
2026-06-11 19:25:00+08:00,2270.0,2270.0,False,416.53,31.681,2639.217386,15.041802265791935
2026-06-11 19:40:00+08:00,2270.0,2270.0,False,417.24,31.675,2643.2154,15.192307668823151
2026-06-11 19:55:00+08:00,2275.0,2275.0,False,417.2,31.673,2642.7951199999998,14.957724387672327
2026-06-11 20:10:00+08:00,2265.0,2265.0,False,414.8,31.672,2627.50912,14.81894508967211
2026-06-11 20:25:00+08:00,2260.0,2260.0,False,413.76,31.673,2621.0040959999997,14.792206230510802
2026-06-11 20:40:00+08:00,2265.0,2265.0,False,414.96,31.671,2628.439632,14.85415819266819
2026-06-11 20:55:00+08:00,2250.0,2250.0,False,412.14,31.671,2610.577188,14.836805344443803
2026-06-11 21:10:00+08:00,2255.0,2255.0,False,414.18,31.67,2623.4161200000003,15.103923525080527
2026-06-11 21:25:00+08:00,2260.0,2260.0,False,416.2,31.668,2636.04432,15.361148528165284
2026-06-11 21:40:00+08:00,2275.0,2275.0,False,419.76,31.668,2658.591936,15.550209298866497
2026-06-11 21:55:00+08:00,2270.0,2270.0,False,420.11,31.665,2660.55663,15.842293651944123
2026-06-11 22:10:00+08:00,2275.0,2275.0,False,418.7,31.662,2651.37588,15.280030966699199
2026-06-11 22:25:00+08:00,2270.0,2270.0,False,417.5,31.664,2643.9440000000004,15.219709463518525
2026-06-11 22:40:00+08:00,2265.0,2265.0,False,414.35,31.656,2623.33272,14.660733649897702
2026-06-11 22:55:00+08:00,2265.0,2265.0,False,413.42,31.659,2617.692756,14.446649569199307
2026-06-11 23:10:00+08:00,2265.0,2265.0,False,414.48,31.656,2624.155776,14.691934250204595
2026-06-11 23:25:00+08:00,2265.0,2265.0,False,413.94,31.65,2620.2401999999997,14.543407712071138
2026-06-11 23:40:00+08:00,2265.0,2265.0,False,413.0,31.651,2614.3725999999997,14.320390289522047
2026-06-11 23:55:00+08:00,2265.0,2265.0,False,413.7,31.653,2618.96922,14.495145405523255
2026-06-12 00:10:00+08:00,2265.0,2265.0,False,413.56,31.653,2618.082936,14.461476105471572
2026-06-12 00:25:00+08:00,2265.0,2265.0,False,412.68,31.655,2612.6770800000004,14.255846555549361
2026-06-12 00:40:00+08:00,2260.0,2260.0,False,410.38,31.652,2597.869552,13.910194515655455
2026-06-12 00:55:00+08:00,2260.0,2260.0,False,411.2,31.648,2602.73152,14.096255102317468
2026-06-12 01:10:00+08:00,2255.0,2255.0,False,410.67,31.652,2599.705368,14.200876958348092
2026-06-12 01:25:00+08:00,2280.0,2280.0,False,417.5,31.646,2642.441,14.726067818791522
2026-06-12 01:40:00+08:00,2280.0,2280.0,False,417.29,31.647,2641.195326,14.679170488995139
2026-06-12 01:55:00+08:00,2275.0,2275.0,False,416.08,31.647,2633.5367519999995,14.60870194580544
2026-06-12 02:10:00+08:00,2280.0,2280.0,False,416.54,31.646,2636.3649680000003,14.497091665062909
2026-06-12 02:25:00+08:00,2285.0,2285.0,False,416.35,31.646,2635.16242,14.233774827295237
2026-06-12 02:40:00+08:00,2285.0,2285.0,False,417.9,31.64,2644.4712,14.584574507707842
2026-06-12 02:55:00+08:00,2285.0,2285.0,False,418.37,31.644,2647.780056,14.708949188145196
2026-06-12 03:10:00+08:00,2290.0,2290.0,False,420.01,31.642,2657.9912839999997,14.874370744748456
2026-06-12 03:25:00+08:00,2295.0,2295.0,False,419.63,31.635,2654.9990100000005,14.545417454538054
2026-06-12 03:40:00+08:00,2290.0,2290.0,False,418.77,31.634,2649.474036,14.55515439012625
2026-06-12 03:55:00+08:00,2295.0,2295.0,False,421.07,31.635,2664.10989,14.886134737377244
2026-06-12 04:10:00+08:00,2300.0,2300.0,False,420.29,31.624,2658.250192,14.450670221443316
2026-06-12 04:25:00+08:00,2295.0,2295.0,False,419.56,31.624,2653.6330879999996,14.494228269606543
2026-06-12 04:40:00+08:00,2295.0,2295.0,False,420.12,31.634,2658.0152160000002,14.658352545630471
2026-06-12 04:55:00+08:00,2300.0,2300.0,False,419.82,31.631,2655.865284,14.361378431690236
2026-06-12 08:45:00+08:00,2325.0,2325.0,False,427.67,31.624,2704.927216,15.106668533551204
2026-06-12 09:00:00+08:00,2310.0,2310.0,False,426.48,31.622,2697.230112,15.466839084227018
2026-06-12 09:15:00+08:00,2295.0,2295.0,False,423.61,31.623,2679.163806,15.446367308475406
2026-06-12 09:30:00+08:00,2300.0,2300.0,False,423.89,31.642,2682.545476,15.355423361117351
2026-06-12 09:45:00+08:00,2305.0,2305.0,False,424.22,31.651,2685.397444,15.24517629181441
2026-06-12 10:00:00+08:00,2300.0,2300.0,False,424.12,31.67,2686.37608,15.497269913102905
2026-06-12 10:15:00+08:00,2300.0,2300.0,False,423.91,31.69,2686.7415800000003,15.51079292141705
2026-06-12 10:30:00+08:00,2300.0,2300.0,False,424.02,31.681,2686.6755239999998,15.50834908503663
2026-06-12 10:45:00+08:00,2305.0,2305.0,False,424.69,31.694,2692.024972,15.49021564505402
2026-06-12 11:00:00+08:00,2300.0,2300.0,False,424.48,31.689,2690.2693440000003,15.64121361381973
2026-06-12 11:15:00+08:00,2300.0,2300.0,False,423.93,31.686,2686.529196,15.502935240409649
2026-06-12 11:30:00+08:00,2300.0,2300.0,False,424.28,31.694,2689.4260639999998,15.610054503455203
2026-06-12 11:45:00+08:00,2300.0,2300.0,False,423.6,31.685,2684.3532,15.422390211030793
2026-06-12 12:00:00+08:00,2305.0,2305.0,False,423.83,31.677,2685.1325819999997,15.235370032899848
2026-06-12 12:15:00+08:00,2305.0,2305.0,False,424.08,31.678,2686.801248,15.297133400612516
2026-06-12 12:30:00+08:00,2305.0,2305.0,False,424.69,31.675,2690.41115,15.430607748873681
2026-06-12 12:45:00+08:00,2305.0,2305.0,False,424.65,31.679,2690.49747,15.43379702682543
2026-06-12 13:00:00+08:00,2300.0,2300.0,False,423.69,31.679,2684.415102,15.424682500691128
2026-06-12 13:15:00+08:00,2310.0,2310.0,False,424.66,31.697,2692.089604,15.277199500562958
2026-06-12 13:30:00+08:00,2310.0,2310.0,False,424.16,31.701,2689.2592320000003,15.172617157853372
2026-06-12 17:25:00+08:00,2325.0,2325.0,False,424.97,31.694,2693.799836,14.696734201455413
2026-06-12 17:40:00+08:00,2320.0,2320.0,False,424.95,31.695,2693.75805,14.909297428103852
2026-06-12 17:55:00+08:00,2325.0,2325.0,False,424.95,31.696,2693.84304,14.698329358393334
2026-06-12 18:10:00+08:00,2320.0,2320.0,False,424.09,31.698,2688.560964,14.71723980796492
2026-06-12 18:25:00+08:00,2320.0,2320.0,False,423.9,31.697,2687.2716599999994,14.669532030143518
2026-06-12 18:40:00+08:00,2315.0,2315.0,False,423.92,31.707,2688.2462880000003,14.92016448981175
2026-06-12 18:55:00+08:00,2325.0,2325.0,False,424.55,31.703,2691.90173,14.62662614282461
2026-06-12 19:10:00+08:00,2320.0,2320.0,False,425.19,31.71,2696.55498,15.012492896071075
2026-06-12 19:25:00+08:00,2325.0,2325.0,False,424.43,31.71,2691.73506,14.620467519765734
2026-06-12 19:40:00+08:00,2325.0,2325.0,False,424.73,31.706,2693.297876,14.67819906671479
2026-06-12 19:55:00+08:00,2320.0,2320.0,False,423.46,31.714,2685.922088,14.619567846538159
2026-06-12 20:10:00+08:00,2320.0,2320.0,False,422.62,31.711,2680.340564,14.412640874674635
2026-06-12 20:25:00+08:00,2315.0,2315.0,False,421.71,31.727,2675.918634,14.463014144982758
2026-06-12 20:40:00+08:00,2310.0,2310.0,False,420.74,31.732,2670.184336,14.464698962901995
2026-06-12 20:55:00+08:00,2315.0,2315.0,False,421.53,31.733,2675.2822979999996,14.439355390551478
2026-06-12 21:10:00+08:00,2315.0,2315.0,False,420.95,31.73,2671.3487,14.292971528445253
2026-06-12 21:25:00+08:00,2310.0,2310.0,False,422.02,31.728,2677.970112,14.754303002527694
2026-06-12 21:40:00+08:00,2305.0,2305.0,False,419.22,31.73,2660.3701200000005,14.313942824467654
2026-06-12 21:55:00+08:00,2320.0,2320.0,False,424.49,31.73,2693.81354,14.911345905376452
2026-06-12 22:10:00+08:00,2315.0,2315.0,False,424.02,31.73,2690.83092,15.01572570093917
2026-06-12 22:25:00+08:00,2315.0,2315.0,False,423.77,31.734,2689.583436,14.969614985553811
2026-06-12 22:40:00+08:00,2310.0,2310.0,False,423.93,31.725,2689.8358500000004,15.19393281681439
2026-06-12 22:55:00+08:00,2315.0,2315.0,False,424.89,31.727,2696.097006,15.210122875038989
2026-06-12 23:10:00+08:00,2320.0,2320.0,False,427.02,31.725,2709.4419000000003,15.486485687407992
2026-06-12 23:25:00+08:00,2310.0,2310.0,False,425.52,31.731,2700.435024,15.584875250544705
2026-06-12 23:40:00+08:00,2315.0,2315.0,False,425.96,31.73,2703.14216,15.469556167376492
2026-06-12 23:55:00+08:00,2310.0,2310.0,False,425.74,31.731,2701.831188,15.636248441015931
2026-06-13 00:10:00+08:00,2315.0,2315.0,False,424.79,31.728,2695.5474240000003,15.189854193464683
2026-06-13 00:25:00+08:00,2315.0,2315.0,False,425.2,31.727,2698.06408,15.282632493299392
2026-06-13 00:40:00+08:00,2315.0,2315.0,False,425.12,31.728,2697.6414720000002,15.26705925956957
2026-06-13 00:55:00+08:00,2320.0,2320.0,False,425.46,31.726,2699.628792,15.125771555260457
2026-06-13 01:10:00+08:00,2320.0,2320.0,False,425.69,31.726,2701.088188,15.179505865313041
2026-06-13 01:25:00+08:00,2320.0,2320.0,False,425.45,31.726,2699.56534,15.123434572125724
2026-06-13 01:40:00+08:00,2320.0,2320.0,False,425.89,31.726,2702.357228,15.226205968318263
2026-06-13 01:55:00+08:00,2315.0,2315.0,False,424.6,31.72,2693.6624,15.120300381994209
2026-06-13 02:10:00+08:00,2320.0,2320.0,False,423.71,31.716,2687.677272,14.68454343317354
2026-06-13 02:25:00+08:00,2320.0,2320.0,False,424.46,31.725,2693.1987,14.88864584601444
2026-06-13 02:40:00+08:00,2320.0,2320.0,False,425.12,31.726,2697.4714240000003,15.04628096911311
2026-06-13 02:55:00+08:00,2320.0,2320.0,False,424.38,31.716,2691.927216,14.841684644288739
2026-06-13 03:10:00+08:00,2320.0,2320.0,False,424.17,31.724,2691.273816,14.81754259025306
2026-06-13 03:25:00+08:00,2320.0,2320.0,False,422.99,31.715,2683.0255700000002,14.51224123965452
2026-06-13 03:40:00+08:00,2320.0,2320.0,False,423.03,31.722,2683.871532,14.543600077381047
2026-06-13 03:55:00+08:00,2320.0,2320.0,False,424.77,31.702,2693.211708,14.889126162553032
2026-06-13 04:10:00+08:00,2320.0,2320.0,False,424.75,31.723,2694.86885,14.950295260463287
2026-06-13 04:25:00+08:00,2320.0,2320.0,False,424.43,31.723,2692.838578,14.875347458275959
2026-06-13 04:40:00+08:00,2325.0,2325.0,False,424.35,31.723,2692.33101,14.642486583718537
2026-06-13 04:55:00+08:00,2325.0,2325.0,False,424.59,31.724,2693.938632,14.701858661817562
2026-06-15 08:45:00+08:00,2365.0,2365.0,False,434.62,31.662,2752.187688,15.132831219303128
2026-06-15 09:00:00+08:00,2360.0,2360.0,False,434.6,31.62,2748.4104,15.206703047977513
2026-06-15 09:15:00+08:00,2355.0,2355.0,False,435.4,31.615,2753.0341999999996,15.584633321366548
2026-06-15 09:30:00+08:00,2365.0,2365.0,False,436.26,31.615,2758.47198,15.359583561145962
2026-06-15 09:45:00+08:00,2360.0,2360.0,False,435.43,31.622,2753.833492,15.402671698877452
2026-06-15 10:00:00+08:00,2360.0,2360.0,False,435.48,31.619,2753.8884239999998,15.404654593222691
2026-06-15 10:15:00+08:00,2360.0,2360.0,False,435.66,31.626,2755.636632,15.467737857890928
2026-06-15 10:30:00+08:00,2360.0,2360.0,False,435.97,31.626,2757.597444,15.538441557811595
2026-06-15 10:45:00+08:00,2365.0,2365.0,False,436.66,31.609,2760.4771880000003,15.431819262639952
2026-06-15 11:00:00+08:00,2370.0,2370.0,False,436.63,31.604,2759.850904,15.199307398817918
2026-06-15 11:15:00+08:00,2365.0,2365.0,False,437.37,31.606,2764.7032440000003,15.583873958694062
2026-06-15 11:30:00+08:00,2370.0,2370.0,False,437.85,31.594,2766.6865800000005,15.445232011800123
2026-06-15 11:45:00+08:00,2365.0,2365.0,False,437.25,31.586,2762.1956999999998,15.493682053134805
2026-06-15 12:00:00+08:00,2370.0,2370.0,False,437.3,31.602,2763.9109200000003,15.345452078860777
2026-06-15 12:15:00+08:00,2375.0,2375.0,False,437.91,31.598,2767.416036,15.261932650056012
2026-06-15 12:30:00+08:00,2370.0,2370.0,False,437.78,31.595,2766.33182,15.432485045329486
2026-06-15 12:45:00+08:00,2370.0,2370.0,False,437.68,31.602,2766.312672,15.431796983873339
2026-06-15 13:00:00+08:00,2370.0,2370.0,False,438.16,31.611,2770.1351520000003,15.569051792123004
2026-06-15 13:15:00+08:00,2380.0,2380.0,False,438.07,31.608,2769.303312,15.120620729129037
2026-06-15 13:30:00+08:00,2375.0,2375.0,False,438.32,31.617,2771.672688,15.414723727229962
2026-06-15 17:25:00+08:00,2390.0,2390.0,False,438.41,31.614,2771.9787480000005,14.799702464795983
2026-06-15 17:40:00+08:00,2390.0,2390.0,False,438.68,31.601,2772.545336,14.820028148998327
2026-06-15 17:55:00+08:00,2390.0,2390.0,False,438.31,31.601,2770.206862,14.736109313750994
2026-06-15 18:10:00+08:00,2390.0,2390.0,False,438.76,31.598,2772.787696,14.828721169246387
2026-06-15 18:25:00+08:00,2390.0,2390.0,False,438.85,31.58,2771.7766,14.792449560874065
2026-06-15 18:40:00+08:00,2395.0,2395.0,False,438.35,31.575,2768.1802500000003,14.455441488799478
2026-06-15 18:55:00+08:00,2395.0,2395.0,False,438.9,31.577,2771.82906,14.586472887879903
2026-06-15 19:10:00+08:00,2405.0,2405.0,False,439.66,31.586,2777.4201519999997,14.372441487835575
2026-06-15 19:25:00+08:00,2405.0,2405.0,False,439.12,31.58,2773.4819199999997,14.231271855053604
2026-06-15 19:40:00+08:00,2405.0,2405.0,False,439.54,31.582,2776.310456,14.332685105561263
2026-06-15 19:55:00+08:00,2400.0,2400.0,False,439.0,31.595,2774.041,14.458370159803533
2026-06-15 20:10:00+08:00,2405.0,2405.0,False,438.11,31.598,2768.679956,14.058850145078436
2026-06-15 20:25:00+08:00,2405.0,2405.0,False,438.68,31.603,2772.720808,14.203964316957432
2026-06-15 20:40:00+08:00,2405.0,2405.0,False,438.22,31.581,2767.8851640000003,14.030281071207643
2026-06-15 20:55:00+08:00,2400.0,2400.0,False,438.74,31.581,2771.1695879999997,14.355343861138122
2026-06-15 21:10:00+08:00,2400.0,2400.0,False,438.92,31.575,2771.7798,14.37724784802322
2026-06-15 21:25:00+08:00,2395.0,2395.0,False,436.02,31.588,2754.599952,13.966131557863584
2026-06-15 21:40:00+08:00,2400.0,2400.0,False,435.54,31.59,2751.74172,13.655254440822393
2026-06-15 21:55:00+08:00,2395.0,2395.0,False,435.23,31.58,2748.91268,13.7604466489505
2026-06-15 22:10:00+08:00,2395.0,2395.0,False,437.17,31.587,2761.777758,14.225075239319636
2026-06-15 22:25:00+08:00,2400.0,2400.0,False,439.27,31.576,2774.0779039999998,14.459693531510451
2026-06-15 22:40:00+08:00,2400.0,2400.0,False,438.75,31.573,2770.53075,14.332406784351873
2026-06-15 22:55:00+08:00,2400.0,2400.0,False,439.83,31.565,2776.64679,14.551767013642428
2026-06-15 23:10:00+08:00,2400.0,2400.0,False,438.88,31.574,2771.439424,14.365030450755992
2026-06-15 23:25:00+08:00,2405.0,2405.0,False,439.4,31.573,2774.63524,14.272635924069437
2026-06-15 23:40:00+08:00,2405.0,2405.0,False,440.06,31.561,2777.746732,14.384138422143531
2026-06-15 23:55:00+08:00,2405.0,2405.0,False,440.37,31.557,2779.351218,14.441583999951904
2026-06-16 00:10:00+08:00,2400.0,2400.0,False,440.31,31.554,2778.7083479999997,14.62559088295658
2026-06-16 00:25:00+08:00,2405.0,2405.0,False,440.54,31.564,2781.040912,14.502041861254023
2026-06-16 00:40:00+08:00,2405.0,2405.0,False,441.73,31.566,2788.729836,14.776657551195735
2026-06-16 00:55:00+08:00,2405.0,2405.0,False,442.09,31.578,2792.063604,14.8954730398947
2026-06-16 01:10:00+08:00,2405.0,2405.0,False,442.52,31.562,2793.363248,14.941751065565404
2026-06-16 01:25:00+08:00,2405.0,2405.0,False,441.45,31.563,2786.6972699999997,14.704142023288647
2026-06-16 01:40:00+08:00,2405.0,2405.0,False,441.6,31.566,2787.90912,14.747383832513512
2026-06-16 01:55:00+08:00,2405.0,2405.0,False,440.97,31.577,2784.901938,14.640043011926366
2026-06-16 02:10:00+08:00,2405.0,2405.0,False,441.31,31.571,2786.5196020000003,14.697800692229777
2026-06-16 02:25:00+08:00,2405.0,2405.0,False,441.98,31.562,2789.954552,14.820324149007114
2026-06-16 02:40:00+08:00,2405.0,2405.0,False,442.04,31.564,2790.5101120000004,14.840125558011824
2026-06-16 02:55:00+08:00,2405.0,2405.0,False,440.08,31.572,2778.841152,14.42332590981368
2026-06-16 03:10:00+08:00,2405.0,2405.0,False,440.27,31.562,2779.1603480000003,14.434752125070663
2026-06-16 03:25:00+08:00,2405.0,2405.0,False,440.58,31.563,2781.2053079999996,14.507921906588725
2026-06-16 03:40:00+08:00,2405.0,2405.0,False,441.66,31.569,2788.552908,14.770347574939931
2026-06-16 03:55:00+08:00,2405.0,2405.0,False,441.32,31.563,2785.876632,14.674848161561934
2026-06-16 04:10:00+08:00,2405.0,2405.0,False,440.77,31.569,2782.9336259999995,14.569717087587101
2026-06-16 04:25:00+08:00,2405.0,2405.0,False,441.27,31.563,2785.5610019999995,14.663578825231557
2026-06-16 04:40:00+08:00,2405.0,2405.0,False,440.84,31.576,2783.9927679999996,14.60756585891621
2026-06-16 04:55:00+08:00,2400.0,2400.0,False,440.6,31.575,2782.389,14.75724805683248
2026-06-16 08:45:00+08:00,2385.0,2385.0,False,438.36,31.596,2770.0845120000004,14.939988320408757
2026-06-16 09:00:00+08:00,2360.0,2360.0,False,436.03,31.598,2755.535188,15.46407847717848
2026-06-16 09:15:00+08:00,2360.0,2360.0,False,435.04,31.593,2748.8437440000002,15.222377644909246
2026-06-16 09:30:00+08:00,2365.0,2365.0,False,435.02,31.6,2749.3264,15.029404458815923
2026-06-16 09:45:00+08:00,2360.0,2360.0,False,434.94,31.589,2747.8639319999997,15.186932822156459
2026-06-16 10:00:00+08:00,2360.0,2360.0,False,434.72,31.603,2747.691232,15.180683968172964
2026-06-16 10:15:00+08:00,2365.0,2365.0,False,435.07,31.61,2750.51254,15.072293811638286
2026-06-16 10:30:00+08:00,2375.0,2375.0,False,435.69,31.61,2754.43218,14.79431510877291
2026-06-16 10:45:00+08:00,2370.0,2370.0,False,434.92,31.616,2750.086144,14.846865201492982
2026-06-16 11:00:00+08:00,2365.0,2365.0,False,435.3,31.621,2752.92426,15.159437314533445
2026-06-16 11:15:00+08:00,2370.0,2370.0,False,436.02,31.622,2757.564888,15.116917931434273
2026-06-16 11:30:00+08:00,2375.0,2375.0,False,437.43,31.624,2766.657264,15.234670219745707
2026-06-16 11:45:00+08:00,2375.0,2375.0,False,437.47,31.62,2766.5602800000006,15.231185036305773
2026-06-16 12:00:00+08:00,2385.0,2385.0,False,438.18,31.626,2771.576136,14.99351995604861
2026-06-16 12:15:00+08:00,2385.0,2385.0,False,438.55,31.621,2773.47791,15.061726221485364
2026-06-16 12:30:00+08:00,2385.0,2385.0,False,438.54,31.615,2772.88842,15.040589807873362
2026-06-16 12:45:00+08:00,2385.0,2385.0,False,438.61,31.622,2773.945084,15.078473512202246
2026-06-16 13:00:00+08:00,2390.0,2390.0,False,438.45,31.616,2772.40704,14.815067352767288
2026-06-16 13:15:00+08:00,2395.0,2395.0,False,439.15,31.624,2777.53592,14.791039672470744
2026-06-16 13:30:00+08:00,2390.0,2390.0,False,438.22,31.608,2770.251552,14.737713778803013
2026-06-16 17:25:00+08:00,2415.0,2415.0,False,441.75,31.583,2790.35805,14.421987743955475
2026-06-16 17:40:00+08:00,2415.0,2415.0,False,442.0,31.591,2792.6444,14.503463408523059
2026-06-16 17:55:00+08:00,2415.0,2415.0,False,441.99,31.59,2792.4928200000004,14.498063964685423
2026-06-16 18:10:00+08:00,2420.0,2420.0,False,441.71,31.588,2790.547096,14.222963123563707
2026-06-16 18:25:00+08:00,2415.0,2415.0,False,441.49,31.586,2788.9806280000003,14.372867799999053
2026-06-16 18:40:00+08:00,2420.0,2420.0,False,440.89,31.58,2784.66124,14.01287127767032
2026-06-16 18:55:00+08:00,2420.0,2420.0,False,440.8,31.597,2785.5915200000004,14.046108635123963
2026-06-16 19:10:00+08:00,2415.0,2415.0,False,441.36,31.599,2789.306928,14.384506262925006
2026-06-16 19:25:00+08:00,2415.0,2415.0,False,441.48,31.599,2790.065304,14.411550368513886
2026-06-16 19:40:00+08:00,2410.0,2410.0,False,441.57,31.597,2790.457458,14.631691964511015
2026-06-16 19:55:00+08:00,2410.0,2410.0,False,441.26,31.597,2788.498444,14.561837348892738
2026-06-16 20:10:00+08:00,2405.0,2405.0,False,439.18,31.602,2775.793272,14.314150460470252
2026-06-16 20:25:00+08:00,2410.0,2410.0,False,439.64,31.606,2779.052368,14.224268395358006
2026-06-16 20:40:00+08:00,2410.0,2410.0,False,438.85,31.602,2773.7075400000003,14.032718365897637
2026-06-16 20:55:00+08:00,2410.0,2410.0,False,438.64,31.608,2772.906624,14.003980790220009
2026-06-16 21:10:00+08:00,2405.0,2405.0,False,437.81,31.606,2767.4845720000003,14.015878325175613
2026-06-16 21:25:00+08:00,2410.0,2410.0,False,439.43,31.601,2777.2854859999998,14.160989866135923
2026-06-16 21:40:00+08:00,2410.0,2410.0,False,439.24,31.59,2775.11832,14.08331681040598
2026-06-16 21:55:00+08:00,2410.0,2410.0,False,438.19,31.6,2769.3608,13.876646708991577
2026-06-16 22:10:00+08:00,2390.0,2390.0,False,434.07,31.598,2743.1487719999996,13.759537768565558
2026-06-16 22:25:00+08:00,2390.0,2390.0,False,434.14,31.598,2743.591144,13.775586488350076
2026-06-16 22:40:00+08:00,2395.0,2395.0,False,434.5,31.59,2745.171,13.624877460302384
2026-06-16 22:55:00+08:00,2390.0,2390.0,False,433.05,31.596,2736.52956,13.519070004153061
2026-06-16 23:10:00+08:00,2390.0,2390.0,False,431.33,31.593,2725.4017379999996,13.113407516303251
2026-06-16 23:25:00+08:00,2390.0,2390.0,False,430.84,31.591,2722.133288,12.993921296208583
2026-06-16 23:40:00+08:00,2390.0,2390.0,False,430.8,31.588,2721.62208,12.975219013061313
2026-06-16 23:55:00+08:00,2395.0,2395.0,False,433.2,31.59,2736.9576,13.326594904057673
2026-06-17 00:10:00+08:00,2390.0,2390.0,False,432.98,31.595,2736.00062,13.499827473684537
2026-06-17 00:25:00+08:00,2390.0,2390.0,False,431.73,31.591,2727.756486,13.199396529473725
2026-06-17 00:40:00+08:00,2390.0,2390.0,False,432.3,31.595,2731.7037,13.343360725845974
2026-06-17 00:55:00+08:00,2390.0,2390.0,False,431.87,31.595,2728.9865299999997,13.244282945983828
2026-06-17 01:10:00+08:00,2390.0,2390.0,False,432.41,31.595,2732.39879,13.368689320653232
2026-06-17 01:25:00+08:00,2390.0,2390.0,False,432.29,31.593,2731.467594,13.334755623565513
2026-06-17 01:40:00+08:00,2395.0,2395.0,False,433.23,31.588,2736.9738480000005,13.327185918270896
2026-06-17 01:55:00+08:00,2390.0,2390.0,False,433.02,31.586,2735.473944,13.480663360094525
2026-06-17 02:10:00+08:00,2390.0,2390.0,False,432.42,31.589,2731.943076,13.35208419641562
2026-06-17 02:25:00+08:00,2390.0,2390.0,False,432.11,31.589,2729.984558,13.28068685163406
2026-06-17 02:40:00+08:00,2390.0,2390.0,False,430.85,31.589,2722.0241300000002,12.989928120703148
2026-06-17 02:55:00+08:00,2385.0,2385.0,False,430.41,31.589,2719.244298,13.096720238526485
2026-06-17 03:10:00+08:00,2385.0,2385.0,False,428.7,31.585,2708.0978999999998,12.687676787049382
2026-06-17 03:25:00+08:00,2385.0,2385.0,False,427.91,31.59,2703.5353800000003,12.5197274348125
2026-06-17 03:40:00+08:00,2385.0,2385.0,False,428.82,31.59,2709.28476,12.731316574458628
2026-06-17 03:55:00+08:00,2380.0,2380.0,False,427.71,31.586,2701.929612,12.669581697464876
2026-06-17 04:10:00+08:00,2380.0,2380.0,False,428.34,31.59,2706.25212,12.828782856324475
2026-06-17 04:25:00+08:00,2385.0,2385.0,False,428.37,31.583,2705.841942,12.604671119447614
2026-06-17 04:40:00+08:00,2385.0,2385.0,False,428.22,31.589,2705.408316,12.588707864274989
2026-06-17 04:55:00+08:00,2385.0,2385.0,False,428.24,31.581,2704.849488,12.568131484205486
2026-06-17 08:45:00+08:00,2380.0,2380.0,False,429.71,31.575,2713.61865,13.099474967565538
2026-06-17 09:00:00+08:00,2385.0,2385.0,False,430.73,31.59,2721.35214,13.173871710304724
2026-06-17 09:15:00+08:00,2385.0,2385.0,False,431.0,31.582,2722.3684000000003,13.211046220985361
2026-06-17 09:30:00+08:00,2380.0,2380.0,False,430.84,31.592,2722.219456,13.41453298711265
2026-06-17 09:45:00+08:00,2385.0,2385.0,False,430.95,31.594,2723.0868600000003,13.237318364629388
2026-06-17 10:00:00+08:00,2385.0,2385.0,False,431.51,31.593,2726.5390859999998,13.363453952076451
2026-06-17 10:15:00+08:00,2380.0,2380.0,False,431.66,31.59,2727.22788,13.59750879179489
2026-06-17 10:30:00+08:00,2380.0,2380.0,False,431.73,31.589,2727.583794,13.610497958283721
2026-06-17 10:45:00+08:00,2385.0,2385.0,False,431.38,31.594,2725.8039440000002,13.336608006656114
2026-06-17 11:00:00+08:00,2375.0,2375.0,False,431.32,31.581,2724.303384,13.70004322927729
2026-06-17 11:15:00+08:00,2375.0,2375.0,False,431.03,31.585,2722.8165099999997,13.645705345326354
2026-06-17 11:30:00+08:00,2380.0,2380.0,False,431.75,31.586,2727.4510999999998,13.605655470690644
2026-06-17 11:45:00+08:00,2380.0,2380.0,False,431.97,31.599,2729.964006,13.697317851518351
2026-06-17 12:00:00+08:00,2385.0,2385.0,False,432.4,31.605,2733.2003999999997,13.606360548133276
2026-06-17 12:15:00+08:00,2395.0,2395.0,False,434.37,31.602,2745.392148,13.632895620087229
2026-06-17 12:30:00+08:00,2390.0,2390.0,False,433.83,31.598,2741.632068,13.70449258015666
2026-06-17 12:45:00+08:00,2390.0,2390.0,False,433.45,31.603,2739.66407,13.633020222316421
2026-06-17 13:00:00+08:00,2400.0,2400.0,False,433.93,31.615,2743.7393899999997,13.365350144615306
2026-06-17 13:15:00+08:00,2405.0,2405.0,False,434.93,31.6,2748.7576,13.340076374566005
2026-06-17 13:30:00+08:00,2410.0,2410.0,False,435.16,31.6,2750.2112000000006,13.18594091652685
2026-06-17 17:25:00+08:00,2420.0,2420.0,False,434.64,31.617,2748.402576,12.708088086054692
2026-06-17 17:40:00+08:00,2420.0,2420.0,False,434.02,31.614,2744.221656,12.55645778191207
2026-06-17 17:55:00+08:00,2415.0,2415.0,False,433.87,31.609,2742.839366,12.712275149981867
2026-06-17 18:10:00+08:00,2415.0,2415.0,False,434.01,31.608,2743.637616,12.74125614021421
2026-06-17 18:25:00+08:00,2420.0,2420.0,False,433.41,31.609,2739.9313380000003,12.400604467113174
2026-06-17 18:40:00+08:00,2420.0,2420.0,False,433.6,31.608,2741.04576,12.441112709684635
2026-06-17 18:55:00+08:00,2415.0,2415.0,False,432.92,31.594,2735.534896,12.446664374565577
2026-06-17 19:10:00+08:00,2420.0,2420.0,False,432.23,31.618,2733.249628,12.157362853061466
2026-06-17 19:25:00+08:00,2420.0,2420.0,False,431.67,31.617,2729.6220780000003,12.025040801450453
2026-06-17 19:40:00+08:00,2415.0,2415.0,False,430.6,31.614,2722.59768,11.974377876937996
2026-06-17 19:55:00+08:00,2415.0,2415.0,False,431.53,31.622,2729.1683319999997,12.214543215690393
2026-06-17 20:10:00+08:00,2415.0,2415.0,False,431.92,31.644,2733.535296,12.37382197797018
2026-06-17 20:25:00+08:00,2420.0,2420.0,False,433.11,31.634,2740.200348,12.410384341922061
2026-06-17 20:40:00+08:00,2420.0,2420.0,False,433.69,31.63,2743.52294,12.531093354646735
2026-06-17 20:55:00+08:00,2420.0,2420.0,False,433.02,31.613,2737.8122519999997,12.323529297785681
2026-06-17 21:10:00+08:00,2420.0,2420.0,False,434.1,31.639,2746.89798,12.653548851374852
2026-06-17 21:25:00+08:00,2425.0,2425.0,False,435.3,31.624,2753.18544,12.675692819529468
2026-06-17 21:40:00+08:00,2430.0,2430.0,False,436.5,31.633,2761.5609,12.773071775003157
2026-06-17 21:55:00+08:00,2430.0,2430.0,False,435.0,31.635,2752.245,12.436501940761191
2026-06-17 22:10:00+08:00,2435.0,2435.0,False,438.53,31.634,2774.491604,13.033579082432084
2026-06-17 22:25:00+08:00,2435.0,2435.0,False,436.57,31.634,2762.0910759999997,12.587467535848884
2026-06-17 22:40:00+08:00,2430.0,2430.0,False,436.47,31.636,2761.6329840000003,12.775671355122908
2026-06-17 22:55:00+08:00,2430.0,2430.0,False,436.08,31.64,2759.51424,12.69923252007494
2026-06-17 23:10:00+08:00,2440.0,2440.0,False,437.11,31.642,2766.206924,12.531462109053892
2026-06-17 23:25:00+08:00,2440.0,2440.0,False,438.06,31.663,2774.058756,12.81377029422949
2026-06-17 23:40:00+08:00,2445.0,2445.0,False,438.88,31.655,2778.54928,12.770982415236261
2026-06-17 23:55:00+08:00,2440.0,2440.0,False,439.43,31.659,2782.382874,13.112132230081293
2026-06-18 00:10:00+08:00,2450.0,2450.0,False,439.48,31.659,2782.6994640000003,12.716169399328617
2026-06-18 00:25:00+08:00,2450.0,2450.0,False,440.9,31.641,2790.1033799999996,12.980788940083835
2026-06-18 00:40:00+08:00,2445.0,2445.0,False,439.57,31.642,2781.7747879999997,12.886523780331654
2026-06-18 00:55:00+08:00,2440.0,2440.0,False,439.92,31.641,2783.901744,13.166470613464117
2026-06-18 01:10:00+08:00,2445.0,2445.0,False,440.4,31.641,2786.9392799999996,13.071225092658171
2026-06-18 01:25:00+08:00,2445.0,2445.0,False,440.59,31.652,2789.110936,13.14878267608809
2026-06-18 01:40:00+08:00,2445.0,2445.0,False,441.4,31.657,2794.67996,13.347378567755118
2026-06-18 01:55:00+08:00,2440.0,2440.0,False,438.14,31.647,2773.1633159999997,12.781618215468916
2026-06-18 02:10:00+08:00,2440.0,2440.0,False,436.84,31.658,2765.896144,12.520270669464198
2026-06-18 02:25:00+08:00,2445.0,2445.0,False,439.64,31.666,2784.3280480000003,12.977883387131511
2026-06-18 02:40:00+08:00,2450.0,2450.0,False,442.7,31.662,2803.3534799999998,13.452492064173827
2026-06-18 02:55:00+08:00,2445.0,2445.0,False,439.75,31.667,2785.11265,13.005939747779621
2026-06-18 03:10:00+08:00,2430.0,2430.0,False,435.73,31.667,2759.652382,12.704218230237533
2026-06-18 03:25:00+08:00,2420.0,2420.0,False,432.84,31.667,2741.348856,12.452126952296053
2026-06-18 03:40:00+08:00,2425.0,2425.0,False,433.61,31.667,2746.225574,12.4235761679036
2026-06-18 03:55:00+08:00,2425.0,2425.0,False,433.4,31.651,2743.50868,12.324974174175129
2026-06-18 04:10:00+08:00,2420.0,2420.0,False,433.82,31.645,2745.64678,12.608170626796127
2026-06-18 04:25:00+08:00,2425.0,2425.0,False,434.61,31.659,2751.863598,12.627862094967252
2026-06-18 04:40:00+08:00,2420.0,2420.0,False,434.23,31.67,2750.4128200000005,12.780906728449605
2026-06-18 04:55:00+08:00,2425.0,2425.0,False,435.83,31.677,2761.157382,12.963639829625206
2026-06-18 08:45:00+08:00,2435.0,2435.0,False,438.54,31.744,2784.202752,13.381459529089401
2026-06-18 09:00:00+08:00,2435.0,2435.0,False,439.01,31.736,2786.484272,13.463002230412545
2026-06-18 09:15:00+08:00,2440.0,2440.0,False,438.78,31.69,2780.9876400000003,13.062189130177687
2026-06-18 09:30:00+08:00,2435.0,2435.0,False,438.8,31.68,2780.2368,13.239544559127214
2026-06-18 09:45:00+08:00,2430.0,2430.0,False,438.51,31.64,2774.89128,13.252583443010929
2026-06-18 10:00:00+08:00,2440.0,2440.0,False,439.32,31.616,2777.908224,12.951865364200005
2026-06-18 10:15:00+08:00,2435.0,2435.0,False,439.57,31.61,2778.96154,13.19386563791185
2026-06-18 10:30:00+08:00,2440.0,2440.0,False,439.83,31.61,2780.60526,13.04849698596058
2026-06-18 10:45:00+08:00,2440.0,2440.0,False,439.24,31.61,2776.8752799999997,12.914829736930178
2026-06-18 11:00:00+08:00,2435.0,2435.0,False,438.93,31.631,2776.7589660000003,13.11491833101018
2026-06-18 11:15:00+08:00,2425.0,2425.0,False,438.87,31.627,2776.028298,13.498419077434528
2026-06-18 11:30:00+08:00,2425.0,2425.0,False,438.76,31.617,2774.454984,13.441985172498224
2026-06-18 11:45:00+08:00,2430.0,2430.0,False,439.37,31.631,2779.5424940000003,13.419316356573718
2026-06-18 12:00:00+08:00,2420.0,2420.0,False,438.76,31.634,2775.946768,13.700939747579794
2026-06-18 12:15:00+08:00,2415.0,2415.0,False,438.38,31.64,2774.06864,13.839425334716712
2026-06-18 12:30:00+08:00,2420.0,2420.0,False,438.43,31.634,2773.858924,13.626050656280785
2026-06-18 12:45:00+08:00,2420.0,2420.0,False,438.85,31.622,2775.4629400000003,13.68359062917309
2026-06-18 13:00:00+08:00,2425.0,2425.0,False,438.92,31.636,2777.134624,13.538081939495758
2026-06-18 13:15:00+08:00,2435.0,2435.0,False,439.74,31.641,2782.762668,13.329953473460662
2026-06-18 13:30:00+08:00,2435.0,2435.0,False,440.76,31.646,2789.658192,13.576321319662698
2026-06-18 17:25:00+08:00,2445.0,2445.0,False,441.07,31.67,2793.73738,13.313795088540973
2026-06-18 17:40:00+08:00,2445.0,2445.0,False,441.06,31.67,2793.6740400000003,13.311537894424916
2026-06-18 17:55:00+08:00,2450.0,2450.0,False,440.6,31.664,2790.2316800000003,12.98536785304883
2026-06-18 18:10:00+08:00,2445.0,2445.0,False,440.35,31.664,2788.6484800000003,13.132272116219784
2026-06-18 18:25:00+08:00,2445.0,2445.0,False,440.6,31.67,2790.7604,13.207647928274186
2026-06-18 18:40:00+08:00,2440.0,2440.0,False,440.24,31.66,2787.5996800000003,13.298634221356453
2026-06-18 18:55:00+08:00,2440.0,2440.0,False,439.79,31.671,2785.717818,13.231400165128477
2026-06-18 19:10:00+08:00,2435.0,2435.0,False,440.71,31.672,2791.633424,13.646773939124458
2026-06-18 19:25:00+08:00,2440.0,2440.0,False,439.78,31.672,2785.742432,13.23227987215119
2026-06-18 19:40:00+08:00,2440.0,2440.0,False,440.44,31.674,2790.099312,13.387864784774846
2026-06-18 19:55:00+08:00,2440.0,2440.0,False,439.48,31.675,2784.1058000000003,13.17376841793672
2026-06-18 20:10:00+08:00,2445.0,2445.0,False,439.65,31.673,2785.0068899999997,13.002158396774108
2026-06-18 20:25:00+08:00,2445.0,2445.0,False,439.85,31.67,2786.0099,13.038013940673293
2026-06-18 20:40:00+08:00,2450.0,2450.0,False,439.68,31.675,2785.3728,12.811802055433382
2026-06-18 20:55:00+08:00,2450.0,2450.0,False,439.85,31.675,2786.44975,12.850299957523712
2026-06-18 21:10:00+08:00,2450.0,2450.0,False,439.52,31.675,2784.3592,12.775554264598421
2026-06-18 21:25:00+08:00,2465.0,2465.0,False,446.68,31.673,2829.539128,13.770381866559317
2026-06-18 21:40:00+08:00,2470.0,2470.0,False,449.14,31.676,2845.3917279999996,14.12470603144979
2026-06-18 21:55:00+08:00,2475.0,2475.0,False,452.2,31.67,2864.2348,14.580171675536732
2026-06-18 22:10:00+08:00,2475.0,2475.0,False,451.41,31.682,2860.314324,14.443922160939207
2026-06-18 22:25:00+08:00,2475.0,2475.0,False,451.39,31.675,2859.55565,14.417532601801605
2026-06-18 22:40:00+08:00,2475.0,2475.0,False,454.05,31.684,2877.22404,15.0301645444573
2026-06-18 22:55:00+08:00,2480.0,2480.0,False,453.87,31.668,2874.6310320000002,14.739802972105146
2026-06-18 23:10:00+08:00,2475.0,2475.0,False,453.08,31.675,2870.2617999999998,14.789240070523757
2026-06-18 23:25:00+08:00,2470.0,2470.0,False,451.86,31.68,2862.9849600000002,14.737898679541756
2026-06-18 23:40:00+08:00,2475.0,2475.0,False,453.24,31.696,2873.179008,14.890264794966267
2026-06-18 23:55:00+08:00,2480.0,2480.0,False,454.33,31.699,2880.361334,14.93784874017973
2026-06-19 00:10:00+08:00,2485.0,2485.0,False,455.92,31.712,2891.6270080000004,15.125728728995751
2026-06-19 00:25:00+08:00,2485.0,2485.0,False,455.78,31.72,2891.4683199999995,15.120272112009747
2026-06-19 00:40:00+08:00,2480.0,2480.0,False,455.63,31.722,2890.698972,15.294060387341336
2026-06-19 00:55:00+08:00,2490.0,2490.0,False,457.38,31.723,2901.893148,15.278238521947806
2026-06-19 01:10:00+08:00,2495.0,2495.0,False,458.5,31.724,2909.0908,15.325086691733599
2026-06-19 01:25:00+08:00,2495.0,2495.0,False,459.88,31.722,2917.662672,15.617550828964715
2026-06-19 01:40:00+08:00,2500.0,2500.0,False,459.79,31.721,2916.999718,15.395966022090166
2026-06-19 01:55:00+08:00,2500.0,2500.0,False,460.37,31.71,2919.66654,15.486802994340687
2026-06-19 02:10:00+08:00,2500.0,2500.0,False,461.19,31.711,2924.959218,15.666817055139749
2026-06-19 02:25:00+08:00,2495.0,2495.0,False,461.35,31.711,2925.97397,15.90024126236489
2026-06-19 02:40:00+08:00,2500.0,2500.0,False,461.69,31.711,2928.130318,15.774504034300527
2026-06-19 02:55:00+08:00,2500.0,2500.0,False,461.62,31.72,2928.51728,15.787636214358702
2026-06-19 03:10:00+08:00,2500.0,2500.0,False,461.2,31.715,2925.3916,15.681507672183514
2026-06-19 03:25:00+08:00,2500.0,2500.0,False,463.27,31.71,2938.05834,16.110836354138858
2026-06-19 03:40:00+08:00,2505.0,2505.0,False,464.46,31.71,2945.6053199999997,16.167206911249984
2026-06-19 03:55:00+08:00,2500.0,2500.0,False,464.05,31.711,2943.09791,16.28109276468995
2026-06-19 04:10:00+08:00,2505.0,2505.0,False,463.79,31.72,2942.28376,16.05511220880477
2026-06-19 04:25:00+08:00,2505.0,2505.0,False,463.53,31.697,2938.502082,15.927323089797616
2026-06-19 04:40:00+08:00,2500.0,2500.0,False,463.76,31.719,2942.000688,16.244051162089825
2026-06-19 04:55:00+08:00,2505.0,2505.0,False,464.0,31.719,2943.5232,16.096956327542117
2026-06-22 08:45:00+08:00,2505.0,2505.0,False,458.88,31.659,2905.536384,14.805792090575839
2026-06-22 09:00:00+08:00,2510.0,2510.0,False,459.99,31.661,2912.7486780000004,14.854041812188163
2026-06-22 09:15:00+08:00,2525.0,2525.0,False,460.95,31.666,2919.28854,14.484483586904087
2026-06-22 09:30:00+08:00,2540.0,2540.0,False,462.67,31.667,2930.2741780000006,14.268907381994866
2026-06-22 09:45:00+08:00,2545.0,2545.0,False,463.52,31.669,2935.842976,14.26214827578377
2026-06-22 10:00:00+08:00,2545.0,2545.0,False,462.0,31.662,2925.5688,13.913317386667362
2026-06-22 10:15:00+08:00,2560.0,2560.0,False,464.8,31.669,2943.95024,13.951806366621517
2026-06-22 10:30:00+08:00,2555.0,2555.0,False,464.0,31.675,2939.44,13.993782805891048
2026-06-22 10:45:00+08:00,2550.0,2550.0,False,462.92,31.666,2931.764944,13.92854118700789
2026-06-22 11:00:00+08:00,2550.0,2550.0,False,462.71,31.651,2929.0468419999997,13.836232940897341
2026-06-22 11:15:00+08:00,2555.0,2555.0,False,462.66,31.666,2930.118312,13.67767441512937
2026-06-22 11:30:00+08:00,2555.0,2555.0,False,463.07,31.654,2931.603556,13.728112562029624
2026-06-22 11:45:00+08:00,2550.0,2550.0,False,461.81,31.654,2923.6267479999997,13.651889878553321
2026-06-22 12:00:00+08:00,2545.0,2545.0,False,461.69,31.666,2923.975108,13.859090616288833
2026-06-22 12:15:00+08:00,2555.0,2555.0,False,461.67,31.669,2924.125446,13.473881904619564
2026-06-22 12:30:00+08:00,2545.0,2545.0,False,460.96,31.672,2919.905024,13.72045890472186
2026-06-22 12:45:00+08:00,2550.0,2550.0,False,462.24,31.67,2927.82816,13.794816082730133
2026-06-22 13:00:00+08:00,2560.0,2560.0,False,462.77,31.675,2931.64795,13.535024582193037
2026-06-22 13:15:00+08:00,2560.0,2560.0,False,463.35,31.668,2934.67356,13.637700435110112
2026-06-22 13:30:00+08:00,2575.0,2575.0,False,463.9,31.68,2939.2704,13.211916484907954
2026-06-22 17:25:00+08:00,2605.0,2605.0,False,471.0,31.66,2982.3720000000003,13.508032040823496
2026-06-22 17:40:00+08:00,2610.0,2610.0,False,471.33,31.656,2984.084496,13.37428836720238
2026-06-22 17:55:00+08:00,2620.0,2620.0,False,473.82,31.635,2997.85914,13.452068860523264
2026-06-22 18:10:00+08:00,2615.0,2615.0,False,473.83,31.652,2999.533432,13.69778759561228
2026-06-22 18:25:00+08:00,2610.0,2610.0,False,472.33,31.65,2989.8489,13.566398193351251
2026-06-22 18:40:00+08:00,2615.0,2615.0,False,472.78,31.646,2992.319176,13.458095184414379
2026-06-22 18:55:00+08:00,2620.0,2620.0,False,473.92,31.637,2998.681408,13.479369286211002
2026-06-22 19:10:00+08:00,2620.0,2620.0,False,473.09,31.636,2993.335048,13.301719737289408
2026-06-22 19:25:00+08:00,2615.0,2615.0,False,474.59,31.652,3004.3445359999996,13.857293622260988
2026-06-22 19:40:00+08:00,2620.0,2620.0,False,474.4,31.652,3003.14176,13.627319969966397
2026-06-22 19:55:00+08:00,2620.0,2620.0,False,475.96,31.647,3012.5412239999996,13.938334701480725
2026-06-22 20:10:00+08:00,2625.0,2625.0,False,477.48,31.627,3020.251992,14.002988442681374
2026-06-22 20:25:00+08:00,2635.0,2635.0,False,477.9,31.64,3024.1512,13.752988257320279
2026-06-22 20:40:00+08:00,2625.0,2625.0,False,476.02,31.64,3012.25456,13.739119136035605
2026-06-22 20:55:00+08:00,2625.0,2625.0,False,475.95,31.648,3012.57312,13.749644102177076
2026-06-22 21:10:00+08:00,2625.0,2625.0,False,476.63,31.646,3016.686596,13.885443274275778
2026-06-22 21:25:00+08:00,2625.0,2625.0,False,473.76,31.644,2998.3322879999996,13.277973588602546
2026-06-22 21:40:00+08:00,2605.0,2605.0,False,468.43,31.641,2964.318726,12.903507365184327
2026-06-22 21:55:00+08:00,2615.0,2615.0,False,471.71,31.638,2984.792196,13.207354239471492
2026-06-22 22:10:00+08:00,2605.0,2605.0,False,470.08,31.632,2973.914112,13.22530171979102
2026-06-22 22:25:00+08:00,2605.0,2605.0,False,469.35,31.63,2969.1081000000004,13.06426403894106
2026-06-22 22:40:00+08:00,2600.0,2600.0,False,468.16,31.627,2961.299264,12.993340111682224
2026-06-22 22:55:00+08:00,2610.0,2610.0,False,469.8,31.62,2971.0152000000003,12.937259156721176
2026-06-22 23:10:00+08:00,2605.0,2605.0,False,469.53,31.62,2969.30772,13.070958343146502
2026-06-22 23:25:00+08:00,2605.0,2605.0,False,469.83,31.615,2970.7350899999997,13.11881156821601
2026-06-22 23:40:00+08:00,2600.0,2600.0,False,470.6,31.62,2976.0744000000004,13.488858756977862
2026-06-22 23:55:00+08:00,2600.0,2600.0,False,468.8,31.63,2965.6288,13.138813713196248
2026-06-23 00:10:00+08:00,2600.0,2600.0,False,469.2,31.635,2968.6284,13.239468447921576
2026-06-23 00:25:00+08:00,2600.0,2600.0,False,468.98,31.626,2966.3922960000004,13.164443916871951
2026-06-23 00:40:00+08:00,2600.0,2600.0,False,469.28,31.627,2968.383712,13.23126174678387
2026-06-23 00:55:00+08:00,2600.0,2600.0,False,468.13,31.627,2961.109502,12.986958874668094
2026-06-23 01:10:00+08:00,2600.0,2600.0,False,468.01,31.627,2960.350454,12.96142957107214
2026-06-23 01:25:00+08:00,2595.0,2595.0,False,468.5,31.627,2963.4499,13.257289590754434
2026-06-23 01:40:00+08:00,2595.0,2595.0,False,468.32,31.625,2962.124,13.212733780998942
2026-06-23 01:55:00+08:00,2600.0,2600.0,False,468.08,31.622,2960.325152,12.960578460789982
2026-06-23 02:10:00+08:00,2600.0,2600.0,False,468.73,31.627,2964.9047419999997,13.114500927426647
2026-06-23 02:25:00+08:00,2595.0,2595.0,False,468.4,31.625,2962.63,13.229740015078374
2026-06-23 02:40:00+08:00,2595.0,2595.0,False,467.56,31.623,2957.129976,13.044722568288813
2026-06-23 02:55:00+08:00,2595.0,2595.0,False,467.47,31.623,2956.560762,13.025553623581146
2026-06-23 03:10:00+08:00,2595.0,2595.0,False,466.92,31.617,2952.521928,12.889428203806826
2026-06-23 03:25:00+08:00,2595.0,2595.0,False,467.08,31.63,2954.74808,12.96448324551697
2026-06-23 03:40:00+08:00,2600.0,2600.0,False,466.04,31.63,2948.1690399999998,12.550772605875748
2026-06-23 03:55:00+08:00,2600.0,2600.0,False,468.31,31.63,2962.52906,13.03468462239368
2026-06-23 04:10:00+08:00,2595.0,2595.0,False,468.41,31.63,2963.16166,13.247605324239533
2026-06-23 04:25:00+08:00,2600.0,2600.0,False,468.49,31.624,2963.105552,13.0540594136115
2026-06-23 04:40:00+08:00,2600.0,2600.0,False,468.26,31.63,2962.21276,13.024052679351298
2026-06-23 04:55:00+08:00,2595.0,2595.0,False,468.39,31.629,2962.941462,13.240206451098452
2026-06-23 08:45:00+08:00,2565.0,2565.0,False,467.04,31.64,2955.4291200000002,14.144882997791308
2026-06-23 09:00:00+08:00,2560.0,2560.0,False,465.56,31.654,2947.367248,14.067238684352215
2026-06-23 09:15:00+08:00,2555.0,2555.0,False,464.36,31.651,2939.491672,13.995532069304048
2026-06-23 09:30:00+08:00,2555.0,2555.0,False,463.3,31.65,2932.689,13.76495643248004
2026-06-23 09:45:00+08:00,2555.0,2555.0,False,462.54,31.64,2926.95312,13.570094886181739
2026-06-23 10:00:00+08:00,2555.0,2555.0,False,460.25,31.631,2911.63355,13.047647944135562
2026-06-23 10:15:00+08:00,2545.0,2545.0,False,459.73,31.621,2907.424466,13.29406645649073
2026-06-23 10:30:00+08:00,2545.0,2545.0,False,459.79,31.627,2908.3556660000004,13.325947847686207
2026-06-23 10:45:00+08:00,2540.0,2540.0,False,458.35,31.638,2900.2554600000003,13.244064094004889
2026-06-23 11:00:00+08:00,2545.0,2545.0,False,456.94,31.626,2890.2368880000004,12.703655612958459
2026-06-23 11:15:00+08:00,2540.0,2540.0,False,455.87,31.632,2884.015968,12.684917228473772
2026-06-23 11:30:00+08:00,2535.0,2535.0,False,455.51,31.632,2881.738464,12.802481282950861
2026-06-23 11:45:00+08:00,2555.0,2555.0,False,458.97,31.629,2903.3524260000004,12.764013710096055
2026-06-23 12:00:00+08:00,2560.0,2560.0,False,458.6,31.629,2901.0118800000005,12.488963126005888
2026-06-23 12:15:00+08:00,2555.0,2555.0,False,458.08,31.633,2898.088928,12.583287473576302
2026-06-23 12:30:00+08:00,2545.0,2545.0,False,456.33,31.635,2887.1999100000003,12.598943914786828
2026-06-23 12:45:00+08:00,2530.0,2530.0,False,453.97,31.639,2872.631366,12.683869869643818
2026-06-23 13:00:00+08:00,2540.0,2540.0,False,454.27,31.65,2875.5290999999997,12.391369109252862
2026-06-23 13:15:00+08:00,2530.0,2530.0,False,452.8,31.653,2866.49568,12.470895927781045
2026-06-23 13:30:00+08:00,2520.0,2520.0,False,452.05,31.654,2861.8381400000003,12.703397282029751
2026-06-23 17:25:00+08:00,2480.0,2480.0,False,447.1,31.716,2836.0447200000003,13.395098753044362
2026-06-23 17:40:00+08:00,2470.0,2470.0,False,445.88,31.696,2826.522496,13.462512290630327
2026-06-23 17:55:00+08:00,2470.0,2470.0,False,445.72,31.696,2825.508224,13.4267839445055
2026-06-23 18:10:00+08:00,2460.0,2460.0,False,444.32,31.7,2816.9888,13.530019241276392
2026-06-23 18:25:00+08:00,2445.0,2445.0,False,442.86,31.695,2807.28954,13.795490033095176
2026-06-23 18:40:00+08:00,2455.0,2455.0,False,443.88,31.712,2815.264512,13.671591290331053
2026-06-23 18:55:00+08:00,2460.0,2460.0,False,444.05,31.708,2815.98748,13.49462944517828
2026-06-23 19:10:00+08:00,2460.0,2460.0,False,444.6,31.706,2819.29752,13.611565502373887
2026-06-23 19:25:00+08:00,2470.0,2470.0,False,447.94,31.7,2839.9396,13.93385340955668
2026-06-23 19:40:00+08:00,2475.0,2475.0,False,447.2,31.702,2835.42688,13.574309114675165
2026-06-23 19:55:00+08:00,2470.0,2470.0,False,446.82,31.7,2832.8388,13.684700353327731
2026-06-23 20:10:00+08:00,2460.0,2460.0,False,445.04,31.699,2821.4645920000003,13.688043750118933
2026-06-23 20:25:00+08:00,2465.0,2465.0,False,445.12,31.697,2821.7937279999996,13.497546768671647
2026-06-23 20:40:00+08:00,2460.0,2460.0,False,443.7,31.698,2812.8805199999997,13.384734156654082
2026-06-23 20:55:00+08:00,2455.0,2455.0,False,442.16,31.695,2802.85224,13.231723681911614
2026-06-23 21:10:00+08:00,2455.0,2455.0,False,441.9,31.698,2801.46924,13.18258413322323
2026-06-23 21:25:00+08:00,2445.0,2445.0,False,443.33,31.692,2810.002872,13.89163358767428
2026-06-23 21:40:00+08:00,2460.0,2460.0,False,444.85,31.692,2819.63724,13.623558727682585
2026-06-23 21:55:00+08:00,2465.0,2465.0,False,445.51,31.69,2823.6423800000002,13.562738950028994
2026-06-23 22:10:00+08:00,2465.0,2465.0,False,447.57,31.691,2836.788174,14.02501049827872
2026-06-23 22:25:00+08:00,2455.0,2455.0,False,444.19,31.693,2815.542734,13.681427215233736
2026-06-23 22:40:00+08:00,2445.0,2445.0,False,441.64,31.683,2798.496024,13.483218920430712
2026-06-23 22:55:00+08:00,2445.0,2445.0,False,441.2,31.687,2796.06088,13.396557988465876
2026-06-23 23:10:00+08:00,2440.0,2440.0,False,440.61,31.689,2792.498058,13.473413810868543
2026-06-23 23:25:00+08:00,2445.0,2445.0,False,440.47,31.677,2790.5536380000003,13.200271141983869
2026-06-23 23:40:00+08:00,2450.0,2450.0,False,442.61,31.673,2803.757306,13.466830894377061
2026-06-23 23:55:00+08:00,2455.0,2455.0,False,444.16,31.66,2812.42112,13.57100986829775
2026-06-24 00:10:00+08:00,2455.0,2455.0,False,444.04,31.65,2810.7732,13.512667047642694
2026-06-24 00:25:00+08:00,2450.0,2450.0,False,442.58,31.65,2801.5314,13.387767233001782
2026-06-24 00:40:00+08:00,2450.0,2450.0,False,443.12,31.66,2805.83584,13.540599471995693
2026-06-24 00:55:00+08:00,2450.0,2450.0,False,442.5,31.647,2800.7594999999997,13.360333871699881
2026-06-24 01:10:00+08:00,2450.0,2450.0,False,444.2,31.644,2811.25296,13.732582818066966
2026-06-24 01:25:00+08:00,2450.0,2450.0,False,443.51,31.642,2806.708684,13.571559903470586
2026-06-24 01:40:00+08:00,2445.0,2445.0,False,441.78,31.643,2795.848908,13.389010603394405
2026-06-24 01:55:00+08:00,2440.0,2440.0,False,440.49,31.642,2787.596916,13.29853550629036
2026-06-24 02:10:00+08:00,2440.0,2440.0,False,440.92,31.642,2790.318128,13.39567190472051
2026-06-24 02:25:00+08:00,2440.0,2440.0,False,439.45,31.649,2781.63061,13.085207879153296
2026-06-24 02:40:00+08:00,2435.0,2435.0,False,437.1,31.649,2766.75558,12.755523588057555
2026-06-24 02:55:00+08:00,2445.0,2445.0,False,438.57,31.638,2775.0955320000003,12.64710693421081
2026-06-24 03:10:00+08:00,2445.0,2445.0,False,439.34,31.634,2779.6163119999997,12.809220506066499
2026-06-24 03:25:00+08:00,2445.0,2445.0,False,440.24,31.634,2785.310432,13.013010849907433
2026-06-24 03:40:00+08:00,2445.0,2445.0,False,439.27,31.634,2779.173436,12.793351526088195
2026-06-24 03:55:00+08:00,2445.0,2445.0,False,438.46,31.634,2774.0487279999998,12.609528868150463
2026-06-24 04:10:00+08:00,2455.0,2455.0,False,439.23,31.634,2778.920364,12.377733762553675
2026-06-24 04:25:00+08:00,2450.0,2450.0,False,439.36,31.639,2780.182208,12.626030790856921
2026-06-24 04:40:00+08:00,2455.0,2455.0,False,439.01,31.634,2777.528468,12.327824682558418
2026-06-24 04:55:00+08:00,2455.0,2455.0,False,439.45,31.639,2780.7517099999995,12.443359732961804
2026-06-24 08:45:00+08:00,2470.0,2470.0,False,447.32,31.645,2831.08828,13.623175503879741
2026-06-24 09:00:00+08:00,2460.0,2460.0,False,446.34,31.646,2824.975128,13.811801159341238
2026-06-24 09:15:00+08:00,2450.0,2450.0,False,445.97,31.662,2824.060428,14.184912482766107
2026-06-24 09:30:00+08:00,2445.0,2445.0,False,445.48,31.691,2823.541336,14.369872488744567
2026-06-24 09:45:00+08:00,2460.0,2460.0,False,446.04,31.681,2826.1986480000005,13.854895450762125
2026-06-24 10:00:00+08:00,2445.0,2445.0,False,446.1,31.677,2826.2219400000004,14.464272016594329
2026-06-24 10:15:00+08:00,2445.0,2445.0,False,446.28,31.696,2829.058176,14.564047766772301
2026-06-24 10:30:00+08:00,2435.0,2435.0,False,444.29,31.694,2816.265452,14.52089807628335
2026-06-24 10:45:00+08:00,2430.0,2430.0,False,441.33,31.697,2797.767402,14.069769127804053
2026-06-24 11:00:00+08:00,2440.0,2440.0,False,442.23,31.72,2805.5071199999998,13.936007010891247
2026-06-24 11:15:00+08:00,2440.0,2440.0,False,443.47,31.719,2813.284986,14.211488125803347
2026-06-24 11:30:00+08:00,2435.0,2435.0,False,443.8,31.734,2816.7098400000004,14.536592905140411
2026-06-24 11:45:00+08:00,2440.0,2440.0,False,443.89,31.744,2818.168832,14.384050572836376
2026-06-24 12:00:00+08:00,2430.0,2430.0,False,442.86,31.734,2810.743848,14.53014530161788
2026-06-24 12:15:00+08:00,2430.0,2430.0,False,442.16,31.741,2806.9201120000002,14.394724530409267
2026-06-24 12:30:00+08:00,2445.0,2445.0,False,444.02,31.735,2818.19494,14.181307903446186
2026-06-24 12:45:00+08:00,2445.0,2445.0,False,444.98,31.743,2825.000028,14.42125335791364
2026-06-24 13:00:00+08:00,2435.0,2435.0,False,445.4,31.748,2828.11184,14.938380636805926
2026-06-24 13:15:00+08:00,2425.0,2425.0,False,443.64,31.748,2816.936544,14.953883577572743
2026-06-24 13:30:00+08:00,2430.0,2430.0,False,445.05,31.748,2825.8894800000003,15.06460444065503
2026-06-24 17:25:00+08:00,2375.0,2375.0,False,439.67,31.75,2791.9045,16.13749586430328
2026-06-24 17:40:00+08:00,2375.0,2375.0,False,439.6,31.795,2795.4164000000005,16.262380724306865
2026-06-24 17:55:00+08:00,2375.0,2375.0,False,439.34,31.776,2792.093568,16.144223537312175
2026-06-24 18:10:00+08:00,2385.0,2385.0,False,439.32,31.787,2792.932968,15.75659517112544
2026-06-24 18:25:00+08:00,2390.0,2390.0,False,439.64,31.77,2793.4725599999997,15.567654900443795
2026-06-24 18:40:00+08:00,2385.0,2385.0,False,438.69,31.785,2788.7523300000003,15.607717735495092
2026-06-24 18:55:00+08:00,2380.0,2380.0,False,436.78,31.786,2776.697816,15.38573056459277
2026-06-24 19:10:00+08:00,2375.0,2375.0,False,435.38,31.787,2767.884812,15.278771598511149
2026-06-24 19:25:00+08:00,2380.0,2380.0,False,436.35,31.79,2774.3133000000003,15.30032332338045
2026-06-24 19:40:00+08:00,2390.0,2390.0,False,437.88,31.793,2784.3037679999998,15.240843432445336
2026-06-24 19:55:00+08:00,2390.0,2390.0,False,437.6,31.794,2782.61088,15.180375601730944
2026-06-24 20:10:00+08:00,2385.0,2385.0,False,438.22,31.785,2785.76454,15.501171515344234
2026-06-24 20:25:00+08:00,2380.0,2380.0,False,436.04,31.785,2771.90628,15.214029863912826
2026-06-24 20:40:00+08:00,2375.0,2375.0,False,435.23,31.796,2767.714616,15.272658326331682
2026-06-24 20:55:00+08:00,2370.0,2370.0,False,434.53,31.796,2763.2631759999995,15.322151330119121
2026-06-24 21:10:00+08:00,2375.0,2375.0,False,435.07,31.793,2766.436102,15.226722426745045
2026-06-24 21:25:00+08:00,2380.0,2380.0,False,437.88,31.793,2784.3037679999998,15.65762922410647
2026-06-24 21:40:00+08:00,2390.0,2390.0,False,440.73,31.793,2802.425778,15.88566868870513
2026-06-24 21:55:00+08:00,2390.0,2390.0,False,440.18,31.791,2798.752476,15.755327620295608
2026-06-24 22:10:00+08:00,2380.0,2380.0,False,439.48,31.79,2794.21384,16.010696612415227
2026-06-24 22:25:00+08:00,2390.0,2390.0,False,440.83,31.792,2802.973472,15.905086911254692
2026-06-24 22:40:00+08:00,2395.0,2395.0,False,442.01,31.792,2810.476384,15.96304942529541
2026-06-24 22:55:00+08:00,2395.0,2395.0,False,441.4,31.794,2806.77432,15.832071699719567
2026-06-24 23:10:00+08:00,2395.0,2395.0,False,440.15,31.795,2798.91385,15.55335192939328
2026-06-24 23:25:00+08:00,2395.0,2395.0,False,441.7,31.799,2809.12366,15.915212130066877
2026-06-24 23:40:00+08:00,2395.0,2395.0,False,443.31,31.796,2819.096952,16.267321298554936
2026-06-24 23:55:00+08:00,2395.0,2395.0,False,443.59,31.795,2820.78881,16.326919110821898
2026-06-25 00:10:00+08:00,2400.0,2400.0,False,443.92,31.79,2822.44336,16.177996806460346
2026-06-25 00:25:00+08:00,2390.0,2390.0,False,442.12,31.791,2811.087384,16.19228260980127
2026-06-25 00:40:00+08:00,2390.0,2390.0,False,441.49,31.799,2807.788102,16.0756111561856
2026-06-25 00:55:00+08:00,2385.0,2385.0,False,440.26,31.796,2799.701392,15.99711769861557
2026-06-25 01:10:00+08:00,2380.0,2380.0,False,438.83,31.848,2795.1715679999998,16.04474605507416
2026-06-25 01:25:00+08:00,2375.0,2375.0,False,437.83,31.845,2788.5392699999998,16.017667277274327
2026-06-25 01:40:00+08:00,2375.0,2375.0,False,438.01,31.84,2789.24768,16.04290520783077
2026-06-25 01:55:00+08:00,2375.0,2375.0,False,438.4,31.848,2792.43264,16.15628762216434
2026-06-25 02:10:00+08:00,2385.0,2385.0,False,439.93,31.849,2802.266114,16.088093605756352
2026-06-25 02:25:00+08:00,2385.0,2385.0,False,438.36,31.847,2792.090184,15.72660199191153
2026-06-25 02:40:00+08:00,2375.0,2375.0,False,437.6,31.848,2787.33696,15.974817730611681
2026-06-25 02:55:00+08:00,2375.0,2375.0,False,436.5,31.847,2780.2431,15.721590316468303
2026-06-25 03:10:00+08:00,2375.0,2375.0,False,437.0,31.845,2783.2529999999997,15.829118889670582
2026-06-25 03:25:00+08:00,2385.0,2385.0,False,438.49,31.845,2792.74281,15.749828640098103
2026-06-25 03:40:00+08:00,2390.0,2390.0,False,439.48,31.848,2799.311808,15.775186504267962
2026-06-25 03:55:00+08:00,2415.0,2415.0,False,447.94,31.82,2850.69016,16.548264207022772
2026-06-25 04:10:00+08:00,2430.0,2430.0,False,451.99,31.8,2874.6564000000003,16.764757845578853
2026-06-25 04:25:00+08:00,2425.0,2425.0,False,452.33,31.837,2880.166042,17.15935140942003
2026-06-25 04:40:00+08:00,2440.0,2440.0,False,455.54,31.794,2896.6877520000003,17.115026144403895
2026-06-25 04:55:00+08:00,2440.0,2440.0,False,453.16,31.792,2881.3725440000003,16.588672954223455
2026-06-25 08:45:00+08:00,2445.0,2445.0,False,452.59,31.847,2882.726746,16.43202689885101
2026-06-25 09:00:00+08:00,2425.0,2425.0,False,450.2,31.846,2867.41384,16.718792345989336
2026-06-25 09:15:00+08:00,2430.0,2430.0,False,448.95,31.843,2859.18297,16.22870573524515
2026-06-25 09:30:00+08:00,2430.0,2430.0,False,448.05,31.835,2852.73435,16.004376597130996
2026-06-25 09:45:00+08:00,2425.0,2425.0,False,448.62,31.849,2857.619676,16.378982494820807
2026-06-25 10:00:00+08:00,2410.0,2410.0,False,447.15,31.869,2850.0446699999998,16.731594410585103
2026-06-25 10:15:00+08:00,2420.0,2420.0,False,448.35,31.869,2857.69323,16.586535477735598
2026-06-25 10:30:00+08:00,2415.0,2415.0,False,448.26,31.859,2856.2230680000002,16.740823232411923
2026-06-25 10:45:00+08:00,2420.0,2420.0,False,449.95,31.855,2866.63145,16.896636515110195
2026-06-25 11:00:00+08:00,2425.0,2425.0,False,449.81,31.856,2865.8294720000004,16.66390777978944
2026-06-25 11:15:00+08:00,2425.0,2425.0,False,449.92,31.87,2867.79008,16.73182096048669
2026-06-25 11:30:00+08:00,2420.0,2420.0,False,449.05,31.861,2861.4364100000003,16.71652844912319
2026-06-25 11:45:00+08:00,2420.0,2420.0,False,449.94,31.875,2868.3675,16.956745158122988
2026-06-25 12:00:00+08:00,2420.0,2420.0,False,450.85,31.865,2873.26705,17.126173522645146
2026-06-25 12:15:00+08:00,2420.0,2420.0,False,450.08,31.874,2869.1699839999997,16.984516865926448
2026-06-25 12:30:00+08:00,2425.0,2425.0,False,450.54,31.865,2871.29142,16.852978229811985
2026-06-25 12:45:00+08:00,2430.0,2430.0,False,450.11,31.872,2869.181184,16.575435666402004
2026-06-25 13:00:00+08:00,2435.0,2435.0,False,452.43,31.888,2885.417568,16.93166230820174
2026-06-25 13:15:00+08:00,2425.0,2425.0,False,452.76,31.888,2887.522176,17.41252688184543
2026-06-25 13:30:00+08:00,2425.0,2425.0,False,452.08,31.889,2883.275824,17.266466144356095
2026-06-25 17:25:00+08:00,2430.0,2430.0,False,453.26,31.882,2890.167064,17.298970444511596
2026-06-25 17:40:00+08:00,2420.0,2420.0,False,452.05,31.88,2882.2708,17.436710324187885
2026-06-25 17:55:00+08:00,2420.0,2420.0,False,451.54,31.878,2878.8384240000005,17.318453113111964
2026-06-25 18:10:00+08:00,2425.0,2425.0,False,452.24,31.879,2883.3917920000004,17.270458171185428
2026-06-25 18:25:00+08:00,2430.0,2430.0,False,452.46,31.879,2884.794468,17.11428243324498
2026-06-25 18:40:00+08:00,2430.0,2430.0,False,452.75,31.87,2885.8285,17.14985726119645
2026-06-25 18:55:00+08:00,2435.0,2435.0,False,453.71,31.873,2892.2197659999997,17.165417838329883
2026-06-25 19:10:00+08:00,2430.0,2430.0,False,452.88,31.873,2886.928848,17.187698427519
2026-06-25 19:25:00+08:00,2425.0,2425.0,False,452.85,31.873,2886.73761,17.38555794362742
2026-06-25 19:40:00+08:00,2435.0,2435.0,False,453.28,31.873,2889.478688,17.071293346493345
2026-06-25 19:55:00+08:00,2435.0,2435.0,False,454.35,31.873,2896.2995100000003,17.305330872322354
2026-06-25 20:10:00+08:00,2435.0,2435.0,False,453.53,31.873,2891.072338,17.126028677682594
2026-06-25 20:25:00+08:00,2450.0,2450.0,False,455.4,31.873,2902.99284,16.92484385986961
2026-06-25 20:40:00+08:00,2455.0,2455.0,False,457.32,31.874,2915.323536,17.143232913779514
2026-06-25 20:55:00+08:00,2450.0,2450.0,False,456.12,31.867,2907.0352080000002,17.062990637712463
2026-06-25 21:10:00+08:00,2450.0,2450.0,False,456.5,31.874,2910.0962,17.16746053923435
2026-06-25 21:25:00+08:00,2435.0,2435.0,False,448.82,31.874,2861.1377359999997,16.092396279778313
2026-06-25 21:40:00+08:00,2390.0,2390.0,False,437.8,31.894,2792.63864,15.537978546001815
2026-06-25 21:55:00+08:00,2395.0,2395.0,False,442.29,31.917,2823.313986,16.41579970653763
2026-06-25 22:10:00+08:00,2390.0,2390.0,False,441.33,31.92,2817.45072,16.416889683019402
2026-06-25 22:25:00+08:00,2395.0,2395.0,False,442.71,31.9,2824.4898,16.457156406359864
2026-06-25 22:40:00+08:00,2400.0,2400.0,False,442.72,31.898,2824.376512,16.24601561641811
2026-06-25 22:55:00+08:00,2400.0,2400.0,False,441.96,31.899,2819.616408,16.07843853647415
2026-06-25 23:10:00+08:00,2395.0,2395.0,False,441.13,31.902,2814.585852,16.10822295361225
2026-06-25 23:25:00+08:00,2395.0,2395.0,False,441.39,31.899,2815.979922,16.15741869289052
2026-06-25 23:40:00+08:00,2400.0,2400.0,False,442.32,31.888,2820.940032,16.125066728213284
2026-06-25 23:55:00+08:00,2405.0,2405.0,False,443.63,31.885,2829.02851,16.202758895556727
2026-06-26 00:10:00+08:00,2415.0,2415.0,False,445.43,31.897,2841.576142,16.230189784246065
2026-06-26 00:25:00+08:00,2405.0,2405.0,False,443.52,31.888,2828.5931520000004,16.187469667493186
2026-06-26 00:40:00+08:00,2400.0,2400.0,False,442.47,31.897,2822.693118,16.186787484916135
2026-06-26 00:55:00+08:00,2400.0,2400.0,False,442.11,31.885,2819.3354700000004,16.068538702303435
2026-06-26 01:10:00+08:00,2400.0,2400.0,False,442.35,31.894,2821.6621800000003,16.150496354017303
2026-06-26 01:25:00+08:00,2395.0,2395.0,False,443.14,31.895,2826.79006,16.53800918989837
2026-06-26 01:40:00+08:00,2400.0,2400.0,False,442.79,31.893,2824.380294,16.24614863842835
2026-06-26 01:55:00+08:00,2400.0,2400.0,False,443.2,31.881,2825.93184,16.300703990812103
2026-06-26 02:10:00+08:00,2400.0,2400.0,False,442.71,31.889,2823.515838,16.215738637911635
2026-06-26 02:25:00+08:00,2395.0,2395.0,False,440.25,31.887,2807.65035,15.863082169263976
2026-06-26 02:40:00+08:00,2400.0,2400.0,False,439.91,31.877,2804.602214,15.547863116671993
2026-06-26 02:55:00+08:00,2395.0,2395.0,False,439.02,31.864,2797.7866559999998,15.513314244658996
2026-06-26 03:10:00+08:00,2385.0,2385.0,False,437.42,31.863,2787.502692,15.563169937930695
2026-06-26 03:25:00+08:00,2385.0,2385.0,False,436.64,31.862,2782.444736,15.382640988151245
2026-06-26 03:40:00+08:00,2385.0,2385.0,False,435.12,31.851,2771.801424,15.001602435176501
2026-06-26 03:55:00+08:00,2390.0,2390.0,False,436.09,31.863,2779.027134,15.052238029130066
2026-06-26 04:10:00+08:00,2395.0,2395.0,False,438.46,31.862,2794.042504,15.380197934104261
2026-06-26 04:25:00+08:00,2390.0,2390.0,False,436.41,31.866,2781.328212,15.134533951719709
2026-06-26 04:40:00+08:00,2390.0,2390.0,False,437.07,31.863,2785.272282,15.275419744572192
2026-06-26 04:55:00+08:00,2385.0,2385.0,False,437.47,31.85,2786.6839000000004,15.53396950652767
2026-06-26 08:45:00+08:00,2380.0,2380.0,False,434.77,31.876,2771.745704,15.208270225598849
2026-06-26 09:00:00+08:00,2380.0,2380.0,False,434.68,31.897,2772.997592,15.253164201362205
2026-06-26 09:15:00+08:00,2385.0,2385.0,False,435.4,31.895,2777.4165999999996,15.202825746376206
2026-06-26 09:30:00+08:00,2370.0,2370.0,False,434.75,31.909,2774.48755,15.72508616528773
2026-06-26 09:45:00+08:00,2370.0,2370.0,False,433.5,31.915,2767.0305,15.457587802914539
2026-06-26 10:00:00+08:00,2370.0,2370.0,False,433.65,31.92,2768.4216,15.507548076631164
2026-06-26 10:15:00+08:00,2365.0,2365.0,False,432.95,31.917,2763.69303,15.54754896297624
2026-06-26 10:30:00+08:00,2355.0,2355.0,False,429.69,31.925,2743.57065,15.242336594865078
2026-06-26 10:45:00+08:00,2355.0,2355.0,False,429.35,31.907,2739.85409,15.107560813385328
2026-06-26 11:00:00+08:00,2345.0,2345.0,False,427.75,31.92,2730.7560000000003,15.199942629235933
2026-06-26 11:15:00+08:00,2355.0,2355.0,False,428.16,31.919,2733.287808,14.868962695279993
2026-06-26 11:30:00+08:00,2355.0,2355.0,False,428.14,31.921,2733.3313879999996,14.870548285916776
2026-06-26 11:45:00+08:00,2375.0,2375.0,False,430.31,31.923,2747.3572259999996,14.538510672781399
2026-06-26 12:00:00+08:00,2370.0,2370.0,False,430.07,31.927,2746.168978,14.7051037453048
2026-06-26 12:15:00+08:00,2360.0,2360.0,False,429.35,31.929,2741.74323,14.965207490460081
2026-06-26 12:30:00+08:00,2355.0,2355.0,False,428.68,31.927,2737.293272,15.014581901715731
2026-06-26 12:45:00+08:00,2350.0,2350.0,False,427.85,31.922,2731.5655400000005,15.017637261449174
2026-06-26 13:00:00+08:00,2345.0,2345.0,False,429.07,31.938,2740.727532,15.562278140542741
2026-06-26 13:15:00+08:00,2340.0,2340.0,False,429.04,31.937,2740.450096,15.764355064339167
2026-06-26 13:30:00+08:00,2340.0,2340.0,False,428.56,31.945,2738.06984,15.677997843369562
2026-06-26 17:25:00+08:00,2345.0,2345.0,False,428.75,31.975,2741.85625,15.603202862278637
2026-06-26 17:40:00+08:00,2350.0,2350.0,False,428.99,31.975,2743.39105,15.447117495523937
2026-06-26 17:55:00+08:00,2345.0,2345.0,False,428.23,31.975,2738.53085,15.482579396562532
2026-06-26 18:10:00+08:00,2345.0,2345.0,False,428.35,31.975,2739.2982500000003,15.510429585833219
2026-06-26 18:25:00+08:00,2340.0,2340.0,False,427.92,31.975,2736.5484000000006,15.622756595800427
2026-06-26 18:40:00+08:00,2330.0,2330.0,False,427.73,31.975,2735.33335,16.00421224004931
2026-06-26 18:55:00+08:00,2335.0,2335.0,False,428.74,31.978,2742.0495440000004,16.034885634750086
2026-06-26 19:10:00+08:00,2335.0,2335.0,False,428.08,31.978,2737.828448,15.881808428148927
2026-06-26 19:25:00+08:00,2335.0,2335.0,False,428.13,31.98,2738.31948,15.89962869832909
2026-06-26 19:40:00+08:00,2335.0,2335.0,False,426.76,31.963,2728.105976,15.528253916208362
2026-06-26 19:55:00+08:00,2340.0,2340.0,False,427.66,31.979,2735.227828,15.574781719927156
2026-06-26 20:10:00+08:00,2340.0,2340.0,False,426.84,31.98,2730.06864,15.387114759061724
2026-06-26 20:25:00+08:00,2335.0,2335.0,False,426.25,31.978,2726.1245000000004,15.456031559784803
2026-06-26 20:40:00+08:00,2335.0,2335.0,False,425.4,31.976,2720.51808,15.25137775790527
2026-06-26 20:55:00+08:00,2335.0,2335.0,False,424.45,31.98,2714.7822,15.04152792966002
2026-06-26 21:10:00+08:00,2335.0,2335.0,False,424.58,31.982,2715.783512,15.078195733208846
2026-06-26 21:25:00+08:00,2325.0,2325.0,False,422.16,31.971,2699.375472,14.90236842713415
2026-06-26 21:40:00+08:00,2330.0,2330.0,False,421.54,31.975,2695.7483,14.554978807832464
2026-06-26 21:55:00+08:00,2355.0,2355.0,False,426.57,31.977,2728.0857779999997,14.679499591163486
2026-06-26 22:10:00+08:00,2355.0,2355.0,False,427.1,31.979,2731.64618,14.809214821385522
2026-06-26 22:25:00+08:00,2345.0,2345.0,False,425.35,31.974,2720.0281800000002,14.80853281254598
2026-06-26 22:40:00+08:00,2350.0,2350.0,False,425.0,31.97,2717.45,14.50236312149108
2026-06-26 22:55:00+08:00,2345.0,2345.0,False,423.57,31.965,2707.88301,14.363404388418644
2026-06-26 23:10:00+08:00,2345.0,2345.0,False,425.83,31.968,2722.586688,14.902031726230627
2026-06-26 23:25:00+08:00,2365.0,2365.0,False,429.87,31.961,2747.815014,14.974725780290074
2026-06-26 23:40:00+08:00,2355.0,2355.0,False,428.47,31.96,2738.7802400000005,15.068582542540174
2026-06-26 23:55:00+08:00,2365.0,2365.0,False,429.65,31.97,2747.1820999999995,14.95181871553439
2026-06-27 00:10:00+08:00,2365.0,2365.0,False,431.15,31.97,2756.7730999999994,15.298338772562941
2026-06-27 00:25:00+08:00,2380.0,2380.0,False,433.32,31.961,2769.868104,15.140896664797385
2026-06-27 00:40:00+08:00,2380.0,2380.0,False,433.97,31.977,2775.4117380000002,15.339676367086714
2026-06-27 00:55:00+08:00,2395.0,2395.0,False,435.73,31.975,2786.49335,15.111216923592119
2026-06-27 01:10:00+08:00,2390.0,2390.0,False,434.69,31.975,2779.8425500000003,15.081409007320746
2026-06-27 01:25:00+08:00,2395.0,2395.0,False,436.29,31.975,2790.0745500000003,15.238914935176787
2026-06-27 01:40:00+08:00,2395.0,2395.0,False,435.35,31.963,2783.01841,14.987139066583586
2026-06-27 01:55:00+08:00,2385.0,2385.0,False,433.75,31.971,2773.48425,15.061953518613535
2026-06-27 02:10:00+08:00,2385.0,2385.0,False,432.59,31.967,2765.7209059999996,14.783208523548746
2026-06-27 02:25:00+08:00,2380.0,2380.0,False,432.28,31.96,2763.1337599999997,14.898844863019848
2026-06-27 02:40:00+08:00,2380.0,2380.0,False,431.79,31.954,2759.483532,14.76738001541281
2026-06-27 02:55:00+08:00,2385.0,2385.0,False,432.78,31.941,2764.6851959999995,14.74595753134264
2026-06-27 03:10:00+08:00,2380.0,2380.0,False,432.0,31.96,2761.344,14.834409057242622
2026-06-27 03:25:00+08:00,2380.0,2380.0,False,431.75,31.944,2758.3644,14.72703648655202
2026-06-27 03:40:00+08:00,2385.0,2385.0,False,433.89,31.961,2773.511658,15.06293612412342
2026-06-27 03:55:00+08:00,2380.0,2380.0,False,433.87,31.965,2773.7309099999998,15.279451600238856
2026-06-27 04:10:00+08:00,2380.0,2380.0,False,433.1,31.958,2768.20196,15.081069585700552
2026-06-27 04:25:00+08:00,2380.0,2380.0,False,432.01,31.965,2761.83993,14.852268261878782
2026-06-27 04:40:00+08:00,2380.0,2380.0,False,432.06,31.953,2761.122636,14.82643628577313
2026-06-27 04:55:00+08:00,2385.0,2385.0,False,430.61,31.954,2751.9423880000004,14.286412433091916
2026-06-29 08:45:00+08:00,2360.0,2360.0,False,430.7,31.868,2745.10952,15.087218736102647
2026-06-29 09:00:00+08:00,2375.0,2375.0,False,431.45,31.9,2752.651,14.729980648058921
2026-06-29 09:15:00+08:00,2375.0,2375.0,False,431.15,31.928,2753.15144,14.748060560395624
2026-06-29 09:30:00+08:00,2405.0,2405.0,False,435.04,31.921,2777.382368,14.371088104165148
2026-06-29 09:45:00+08:00,2405.0,2405.0,False,435.5,31.928,2780.9288,14.498031673709063
2026-06-29 10:00:00+08:00,2385.0,2385.0,False,432.03,31.918,2757.9067079999995,14.501787769936719
2026-06-29 10:15:00+08:00,2400.0,2400.0,False,433.84,31.912,2768.940416,14.275282216756741
2026-06-29 10:30:00+08:00,2400.0,2400.0,False,433.72,31.919,2768.781736,14.269580525386685
2026-06-29 10:45:00+08:00,2400.0,2400.0,False,433.43,31.912,2766.323632,14.181211170396152
2026-06-29 11:00:00+08:00,2400.0,2400.0,False,433.85,31.92,2769.6984,14.3025132762097
2026-06-29 11:15:00+08:00,2400.0,2400.0,False,434.24,31.914,2771.667072,14.373201786799017
2026-06-29 11:30:00+08:00,2390.0,2390.0,False,432.9,31.916,2763.2872799999996,14.487346026631744
2026-06-29 11:45:00+08:00,2400.0,2400.0,False,434.57,31.929,2775.0771059999997,14.495517586206946
2026-06-29 12:00:00+08:00,2395.0,2395.0,False,434.43,31.939,2775.051954,14.702055506655359
2026-06-29 12:15:00+08:00,2390.0,2390.0,False,433.97,31.938,2772.026772,14.801425442897727
2026-06-29 12:30:00+08:00,2385.0,2385.0,False,433.1,31.928,2765.60336,14.77898154440687
2026-06-29 12:45:00+08:00,2385.0,2385.0,False,432.79,31.927,2763.5372660000003,14.704652853531478
2026-06-29 13:00:00+08:00,2390.0,2390.0,False,432.93,31.944,2765.903184,14.581467905235973
2026-06-29 13:15:00+08:00,2390.0,2390.0,False,433.77,31.943,2771.183022,14.771149187121393
2026-06-29 13:30:00+08:00,2400.0,2400.0,False,434.08,31.933,2772.2953279999997,14.39574905882094
2026-06-29 17:25:00+08:00,2420.0,2420.0,False,439.65,31.895,2804.52735,14.72008180797445
2026-06-29 17:40:00+08:00,2415.0,2415.0,False,438.95,31.909,2801.2911099999997,14.810949076804865
2026-06-29 17:55:00+08:00,2420.0,2420.0,False,439.91,31.884,2805.2180880000005,14.744574542627223
2026-06-29 18:10:00+08:00,2420.0,2420.0,False,439.24,31.889,2801.384872,14.60857153224617
2026-06-29 18:25:00+08:00,2425.0,2425.0,False,440.15,31.873,2805.78019,14.559212055133214
2026-06-29 18:40:00+08:00,2430.0,2430.0,False,440.15,31.888,2807.1006399999997,14.401122526451951
2026-06-29 18:55:00+08:00,2430.0,2430.0,False,440.0,31.884,2805.7920000000004,14.354733725098336
2026-06-29 19:10:00+08:00,2430.0,2430.0,False,439.55,31.881,2802.65871,14.243570263347069
2026-06-29 19:25:00+08:00,2430.0,2430.0,False,440.0,31.88,2805.4399999999996,14.342252036123023
2026-06-29 19:40:00+08:00,2425.0,2425.0,False,440.15,31.876,2806.04428,14.568574059174283
2026-06-29 19:55:00+08:00,2430.0,2430.0,False,439.76,31.877,2803.645904,14.2786084826422
2026-06-29 20:10:00+08:00,2430.0,2430.0,False,439.4,31.878,2801.43864,14.200248366097624
2026-06-29 20:25:00+08:00,2430.0,2430.0,False,438.82,31.877,2797.6530279999997,14.065701225035463
2026-06-29 20:40:00+08:00,2430.0,2430.0,False,438.6,31.877,2796.2504400000003,14.015801355282939
2026-06-29 20:55:00+08:00,2430.0,2430.0,False,438.93,31.875,2798.17875,14.084397936853252
2026-06-29 21:10:00+08:00,2430.0,2430.0,False,438.76,31.875,2797.0950000000003,14.045851471993535
2026-06-29 21:25:00+08:00,2435.0,2435.0,False,442.5,31.877,2821.1145,14.692012512284508
2026-06-29 21:40:00+08:00,2440.0,2440.0,False,443.65,31.876,2828.3574799999997,14.74301929868281
2026-06-29 21:55:00+08:00,2420.0,2420.0,False,438.33,31.897,2796.282402,14.427225100225694
2026-06-29 22:10:00+08:00,2415.0,2415.0,False,437.67,31.899,2792.2470660000004,14.489309272962405
2026-06-29 22:25:00+08:00,2425.0,2425.0,False,439.31,31.898,2802.622076,14.44718346162253
2026-06-29 22:40:00+08:00,2435.0,2435.0,False,442.66,31.899,2824.082268,14.796584201295104
2026-06-29 22:55:00+08:00,2435.0,2435.0,False,442.65,31.919,2825.78907,14.8566713015924
2026-06-29 23:10:00+08:00,2425.0,2425.0,False,439.9,31.9,2806.562,14.586924516998934
2026-06-29 23:25:00+08:00,2440.0,2440.0,False,445.1,31.896,2839.3819200000003,15.129874142539787
2026-06-29 23:40:00+08:00,2445.0,2445.0,False,448.87,31.894,2863.2519559999996,15.758557034100196
2026-06-29 23:55:00+08:00,2455.0,2455.0,False,450.11,31.894,2871.1616679999997,15.627076079959492
2026-06-30 00:10:00+08:00,2455.0,2455.0,False,450.21,31.894,2871.799548,15.649154590639384
2026-06-30 00:25:00+08:00,2455.0,2455.0,False,451.0,31.894,2876.8388,15.82338910921313
2026-06-30 00:40:00+08:00,2465.0,2465.0,False,453.53,31.893,2892.886458,15.972210734742672
2026-06-30 00:55:00+08:00,2460.0,2460.0,False,453.78,31.893,2894.481108,16.22869141702087
2026-06-30 01:10:00+08:00,2460.0,2460.0,False,452.53,31.886,2885.874316,15.932821866962874
2026-06-30 01:25:00+08:00,2460.0,2460.0,False,452.47,31.883,2885.220202,15.910296898185672
2026-06-30 01:40:00+08:00,2460.0,2460.0,False,453.41,31.873,2890.3073860000004,16.085333232478334
2026-06-30 01:55:00+08:00,2460.0,2460.0,False,452.9,31.871,2886.87518,15.967276797361107
2026-06-30 02:10:00+08:00,2460.0,2460.0,False,452.74,31.87,2885.76476,15.929049597760454
2026-06-30 02:25:00+08:00,2465.0,2465.0,False,453.24,31.879,2889.767592,15.865024380688384
2026-06-30 02:40:00+08:00,2460.0,2460.0,False,453.0,31.86,2886.516,15.954913442698015
2026-06-30 02:55:00+08:00,2460.0,2460.0,False,452.59,31.876,2885.351768,15.914827927560257
2026-06-30 03:10:00+08:00,2465.0,2465.0,False,454.7,31.864,2897.71216,16.137810387346992
2026-06-30 03:25:00+08:00,2460.0,2460.0,False,455.18,31.874,2901.6814640000002,16.475483184355028
2026-06-30 03:40:00+08:00,2460.0,2460.0,False,452.9,31.856,2885.51648,15.920500164653864
2026-06-30 03:55:00+08:00,2460.0,2460.0,False,455.15,31.862,2900.39786,16.43153629644946
2026-06-30 04:10:00+08:00,2460.0,2460.0,False,454.37,31.862,2895.4273879999996,16.26116298302053
2026-06-30 04:25:00+08:00,2460.0,2460.0,False,454.42,31.855,2895.10982,16.250266927298988
2026-06-30 04:40:00+08:00,2455.0,2455.0,False,454.51,31.862,2896.3195239999995,16.493858085682852
2026-06-30 04:55:00+08:00,2460.0,2460.0,False,454.1,31.851,2892.70782,16.167810183220503
2026-06-30 08:45:00+08:00,2465.0,2465.0,False,452.66,31.875,2885.7075,15.725303616390915
2026-06-30 09:00:00+08:00,2480.0,2480.0,False,452.9,31.882,2887.87156,15.196770468181622
2026-06-30 09:15:00+08:00,2480.0,2480.0,False,454.25,31.883,2896.57055,15.495771742453929
2026-06-30 09:30:00+08:00,2475.0,2475.0,False,453.69,31.883,2892.999654,15.573758604418874
2026-06-30 09:45:00+08:00,2475.0,2475.0,False,453.31,31.891,2891.301842,15.515409093903887
2026-06-30 10:00:00+08:00,2465.0,2465.0,False,451.47,31.892,2879.6562480000002,15.51666669508135
2026-06-30 10:15:00+08:00,2475.0,2475.0,False,452.82,31.893,2888.3576519999997,15.414137143953411
2026-06-30 10:30:00+08:00,2480.0,2480.0,False,452.64,31.892,2887.1189759999997,15.170857132867843
2026-06-30 10:45:00+08:00,2470.0,2470.0,False,452.83,31.894,2888.5120039999997,15.620455965670715
2026-06-30 11:00:00+08:00,2465.0,2465.0,False,452.69,31.895,2887.7095099999997,15.794225679921109
2026-06-30 11:15:00+08:00,2465.0,2465.0,False,452.44,31.89,2885.6623200000004,15.723747635040453
2026-06-30 11:30:00+08:00,2465.0,2465.0,False,453.04,31.9,2890.3952,15.886603476060923
2026-06-30 11:45:00+08:00,2470.0,2470.0,False,452.75,31.897,2888.27335,15.612243821043581
2026-06-30 12:00:00+08:00,2465.0,2465.0,False,453.26,31.906,2892.3427119999997,15.953532748345097
2026-06-30 12:15:00+08:00,2475.0,2475.0,False,453.65,31.917,2895.82941,15.670928189096953
2026-06-30 12:30:00+08:00,2470.0,2470.0,False,454.21,31.915,2899.22243,15.988252883760667
2026-06-30 12:45:00+08:00,2465.0,2465.0,False,454.04,31.906,2897.320048,16.12436572715363
2026-06-30 13:00:00+08:00,2475.0,2475.0,False,454.11,31.917,2898.7657740000004,15.771650340635052
2026-06-30 13:15:00+08:00,2465.0,2465.0,False,453.73,31.917,2896.340082,16.090756243878957
2026-06-30 13:30:00+08:00,2460.0,2460.0,False,453.5,31.917,2894.8719,16.242102822291606
2026-06-30 17:25:00+08:00,2450.0,2450.0,False,452.15,31.892,2883.99356,16.272744056331405
2026-06-30 17:40:00+08:00,2450.0,2450.0,False,452.8,31.899,2888.77344,16.437237688812655
2026-06-30 17:55:00+08:00,2455.0,2455.0,False,453.1,31.9,2890.778,16.303632511488498
2026-06-30 18:10:00+08:00,2450.0,2450.0,False,453.31,31.919,2893.840378,16.611288758820027
2026-06-30 18:25:00+08:00,2455.0,2455.0,False,453.14,31.916,2892.483248,16.362211070548828
2026-06-30 18:40:00+08:00,2455.0,2455.0,False,453.48,31.916,2894.6535360000003,16.436710640844023
2026-06-30 18:55:00+08:00,2465.0,2465.0,False,454.5,31.91,2900.6189999999997,16.237418273641858
2026-06-30 19:10:00+08:00,2465.0,2465.0,False,454.84,31.916,2903.334688,16.330378542896092
2026-06-30 19:25:00+08:00,2460.0,2460.0,False,454.81,31.915,2903.0522300000002,16.522391019115627
2026-06-30 19:40:00+08:00,2465.0,2465.0,False,455.38,31.875,2903.0474999999997,16.320552305097884
2026-06-30 19:55:00+08:00,2460.0,2460.0,False,455.04,31.887,2901.9720960000004,16.485430661965175
2026-06-30 20:10:00+08:00,2460.0,2460.0,False,454.01,31.889,2895.584978,16.266569563897225
2026-06-30 20:25:00+08:00,2460.0,2460.0,False,453.42,31.89,2891.91276,16.140500765561814
2026-06-30 20:40:00+08:00,2460.0,2460.0,False,453.34,31.889,2891.311852,16.11985486657076
2026-06-30 20:55:00+08:00,2455.0,2455.0,False,453.4,31.889,2891.69452,16.33512138636265
2026-06-30 21:10:00+08:00,2460.0,2460.0,False,454.82,31.906,2902.297384,16.496563033587993
2026-06-30 21:25:00+08:00,2465.0,2465.0,False,458.66,31.9,2926.2508000000003,17.111086725922682
2026-06-30 21:40:00+08:00,2480.0,2480.0,False,463.95,31.886,2958.70194,17.603536479147447
2026-06-30 21:55:00+08:00,2485.0,2485.0,False,465.43,31.88,2967.5816800000002,17.701034420817706
2026-06-30 22:10:00+08:00,2500.0,2500.0,False,468.82,31.882,2989.3838480000004,17.830192296656474
2026-06-30 22:25:00+08:00,2500.0,2500.0,False,467.83,31.867,2981.667722,17.5737657380029
2026-06-30 22:40:00+08:00,2490.0,2490.0,False,466.71,31.861,2973.969462,17.71494022306818
2026-06-30 22:55:00+08:00,2500.0,2500.0,False,469.38,31.876,2992.391376,17.9299449835856
2026-06-30 23:10:00+08:00,2500.0,2500.0,False,470.08,31.879,2997.136064,18.08709328683627
2026-06-30 23:25:00+08:00,2500.0,2500.0,False,469.01,31.883,2990.6891659999997,17.873500071302328
2026-06-30 23:40:00+08:00,2500.0,2500.0,False,470.0,31.88,2996.7200000000003,18.073323727604834
2026-06-30 23:55:00+08:00,2500.0,2500.0,False,470.26,31.915,3001.6695799999998,18.236994159871003
2026-07-01 00:10:00+08:00,2505.0,2505.0,False,470.25,31.92,3002.076,18.05226584851925
2026-07-01 00:25:00+08:00,2505.0,2505.0,False,469.16,31.926,2995.680432,17.840717637239393
2026-07-01 00:40:00+08:00,2505.0,2505.0,False,470.03,31.935,3002.0816099999997,18.052451196560344
2026-07-01 00:55:00+08:00,2505.0,2505.0,False,470.16,31.964,3005.638848,18.169902322003885
2026-07-01 01:10:00+08:00,2505.0,2505.0,False,470.48,31.95,3006.3672,18.193931988418413
2026-07-01 01:25:00+08:00,2500.0,2500.0,False,470.9,31.945,3008.5801,18.465016057404707
2026-07-01 01:40:00+08:00,2505.0,2505.0,False,471.78,31.942,3013.919352,18.442717479304086
2026-07-01 01:55:00+08:00,2505.0,2505.0,False,472.1,31.94,3015.7748,18.50373610602628
2026-07-01 02:10:00+08:00,2510.0,2510.0,False,473.05,31.938,3021.65418,18.499138353583774
2026-07-01 02:25:00+08:00,2515.0,2515.0,False,475.24,31.909,3032.886632,18.669690509277885
2026-07-01 02:40:00+08:00,2515.0,2515.0,False,475.28,31.918,3033.9974079999997,18.70598848187459
2026-07-01 02:55:00+08:00,2515.0,2515.0,False,476.0,31.918,3038.5935999999997,18.856028644227756
2026-07-01 03:10:00+08:00,2515.0,2515.0,False,476.41,31.918,3041.210876,18.941357257441865
2026-07-01 03:25:00+08:00,2515.0,2515.0,False,476.75,31.918,3043.3813,19.012056621592333
2026-07-01 03:40:00+08:00,2515.0,2515.0,False,477.9,31.91,3049.9577999999997,19.22594273760709
2026-07-01 03:55:00+08:00,2520.0,2520.0,False,477.88,31.908,3049.639008,19.01879124443248
2026-07-01 04:10:00+08:00,2515.0,2515.0,False,477.51,31.916,3048.041832,19.163682319762927
2026-07-01 04:25:00+08:00,2520.0,2520.0,False,477.32,31.901,3045.397064,18.880847420521075
2026-07-01 04:40:00+08:00,2515.0,2515.0,False,476.88,31.907,3043.1620319999997,19.00491669581466
2026-07-01 04:55:00+08:00,2515.0,2515.0,False,476.78,31.904,3042.237824,18.974815931865358
2026-07-01 08:45:00+08:00,2520.0,2520.0,False,474.05,31.897,3024.1545699999997,18.18688723896815
2026-07-01 09:00:00+08:00,2500.0,2500.0,False,470.97,31.893,3004.129242,18.318219643287946
2026-07-01 09:15:00+08:00,2515.0,2515.0,False,472.59,31.9,3015.1241999999997,18.087268275095873
2026-07-01 09:30:00+08:00,2495.0,2495.0,False,471.65,31.895,3008.65535,18.665970789758845
2026-07-01 09:45:00+08:00,2505.0,2505.0,False,471.41,31.894,3007.030108,18.215797017195825
2026-07-01 10:00:00+08:00,2500.0,2500.0,False,469.97,31.893,2997.750642,18.10742881633954
2026-07-01 10:15:00+08:00,2505.0,2505.0,False,471.25,31.875,3004.21875,18.123032417255168
2026-07-01 10:30:00+08:00,2510.0,2510.0,False,471.92,31.861,3007.1686240000004,18.022600282227675
2026-07-01 10:45:00+08:00,2505.0,2505.0,False,471.78,31.884,3008.446704,18.262503694277115
2026-07-01 11:00:00+08:00,2515.0,2515.0,False,472.83,31.882,3014.953212,18.0816434726826
2026-07-01 11:15:00+08:00,2510.0,2510.0,False,472.08,31.883,3010.265328,18.124684169166443
2026-07-01 11:30:00+08:00,2510.0,2510.0,False,472.14,31.907,3012.914196,18.211914150838645
2026-07-01 11:45:00+08:00,2515.0,2515.0,False,472.71,31.907,3016.5515939999996,18.134210102786565
2026-07-01 12:00:00+08:00,2510.0,2510.0,False,472.48,31.9,3014.4224,18.261543505435064
2026-07-01 12:15:00+08:00,2510.0,2510.0,False,472.8,31.895,3015.9912,18.313138102717208
2026-07-01 12:30:00+08:00,2515.0,2515.0,False,472.7,31.9,3015.826,18.110350967468513
2026-07-01 12:45:00+08:00,2515.0,2515.0,False,472.72,31.916,3017.4663040000005,18.16427887275933
2026-07-01 13:00:00+08:00,2510.0,2510.0,False,472.16,31.919,3014.175008,18.25340461769817
2026-07-01 13:15:00+08:00,2520.0,2520.0,False,471.71,31.935,3012.81177,17.81415274859422
2026-07-01 13:30:00+08:00,2520.0,2520.0,False,474.36,31.929,3029.168088,18.35115029588197
2026-07-01 17:25:00+08:00,2525.0,2525.0,False,474.65,31.906,3028.8365799999997,18.143730833362035
2026-07-01 17:40:00+08:00,2535.0,2535.0,False,476.1,31.909,3038.37498,18.06356047480588
2026-07-01 17:55:00+08:00,2535.0,2535.0,False,475.92,31.912,3037.511808,18.035378849393734
2026-07-01 18:10:00+08:00,2535.0,2535.0,False,476.15,31.907,3038.5036099999998,18.067759356847347
2026-07-01 18:25:00+08:00,2540.0,2540.0,False,477.14,31.909,3045.0120519999996,18.084546543427926
2026-07-01 18:40:00+08:00,2540.0,2540.0,False,477.32,31.91,3046.2562399999997,18.125063307156843
2026-07-01 18:55:00+08:00,2545.0,2545.0,False,478.23,31.913,3052.3507980000004,18.128247319474163
2026-07-01 19:10:00+08:00,2545.0,2545.0,False,477.54,31.912,3047.851296,17.981929766651884
2026-07-01 19:25:00+08:00,2540.0,2540.0,False,476.75,31.912,3042.8092,18.01276676265419
2026-07-01 19:40:00+08:00,2535.0,2535.0,False,476.71,31.915,3042.8399299999996,18.209196978515646
2026-07-01 19:55:00+08:00,2535.0,2535.0,False,475.84,31.909,3036.7157119999997,18.009379441935167
2026-07-01 20:10:00+08:00,2535.0,2535.0,False,476.15,31.913,3039.07499,18.08640862938947
2026-07-01 20:25:00+08:00,2525.0,2525.0,False,472.38,31.914,3015.1070640000003,17.69305388283017
2026-07-01 20:40:00+08:00,2525.0,2525.0,False,470.33,31.916,3002.210456,17.267678146106032
2026-07-01 20:55:00+08:00,2520.0,2520.0,False,469.4,31.923,2996.9312399999994,17.28972935323368
2026-07-01 21:10:00+08:00,2525.0,2525.0,False,469.07,31.917,2994.2614380000005,17.00450117362244
2026-07-01 21:25:00+08:00,2495.0,2495.0,False,458.9,31.911,2928.79158,15.995879399185913
2026-07-01 21:40:00+08:00,2510.0,2510.0,False,462.26,31.921,2951.1602919999996,16.156284320980323
2026-07-01 21:55:00+08:00,2515.0,2515.0,False,461.0,31.92,2943.0240000000003,15.684210989178512
2026-07-01 22:10:00+08:00,2505.0,2505.0,False,458.44,31.917,2926.405896,15.51737815471857
2026-07-01 22:25:00+08:00,2495.0,2495.0,False,455.72,31.916,2908.9519040000005,15.320340053122738
2026-07-01 22:40:00+08:00,2490.0,2490.0,False,451.51,31.907,2881.265914,14.56885286502686
2026-07-01 22:55:00+08:00,2475.0,2475.0,False,449.45,31.904,2867.85056,14.705654054452905
2026-07-01 23:10:00+08:00,2490.0,2490.0,False,451.36,31.904,2880.037888,14.52644827223982
2026-07-01 23:25:00+08:00,2490.0,2490.0,False,450.71,31.9,2875.5298,14.370614435875456
2026-07-01 23:40:00+08:00,2480.0,2480.0,False,447.96,31.897,2857.716024,14.152720837964155
2026-07-01 23:55:00+08:00,2480.0,2480.0,False,447.91,31.9,2857.6657999999998,14.150972134673543
2026-07-02 00:10:00+08:00,2485.0,2485.0,False,449.43,31.917,2868.8914620000005,14.340651644685899
2026-07-02 00:25:00+08:00,2485.0,2485.0,False,448.8,31.91,2864.2416000000003,14.179266085121311
2026-07-02 00:40:00+08:00,2480.0,2480.0,False,446.88,31.908,2851.809408,13.946837913678106
2026-07-02 00:55:00+08:00,2475.0,2475.0,False,446.3,31.896,2847.0369600000004,13.980998733988512
2026-07-02 01:10:00+08:00,2480.0,2480.0,False,446.37,31.901,2847.929874,13.811363238674637
2026-07-02 01:25:00+08:00,2475.0,2475.0,False,446.3,31.901,2847.48326,13.996596769005148
2026-07-02 01:40:00+08:00,2475.0,2475.0,False,446.6,31.899,2849.2186800000004,14.057224261119208
2026-07-02 01:55:00+08:00,2475.0,2475.0,False,447.07,31.894,2851.7701159999997,14.146287817763964
2026-07-02 02:10:00+08:00,2475.0,2475.0,False,447.15,31.899,2852.72757,14.179687870188904
2026-07-02 02:25:00+08:00,2475.0,2475.0,False,446.49,31.899,2848.5169020000003,14.032712166638305
2026-07-02 02:40:00+08:00,2470.0,2470.0,False,444.83,31.899,2837.926434,13.863283094627757
2026-07-02 02:55:00+08:00,2480.0,2480.0,False,449.7,31.884,2867.64696,14.497851593404365
2026-07-02 03:10:00+08:00,2485.0,2485.0,False,449.56,31.899,2868.1028880000003,14.313301874275513
2026-07-02 03:25:00+08:00,2480.0,2480.0,False,447.77,31.882,2855.160628,14.06370507501054
2026-07-02 03:40:00+08:00,2475.0,2475.0,False,448.02,31.899,2858.277996,14.373073981422355
2026-07-02 03:55:00+08:00,2470.0,2470.0,False,446.0,31.88,2843.696,14.065388761419545
2026-07-02 04:10:00+08:00,2475.0,2475.0,False,447.34,31.899,2853.939732,14.221956000909032
2026-07-02 04:25:00+08:00,2475.0,2475.0,False,446.7,31.899,2849.85666,14.079502376689327
2026-07-02 04:40:00+08:00,2485.0,2485.0,False,447.4,31.898,2854.23304,13.830939284118607
2026-07-02 04:55:00+08:00,2480.0,2480.0,False,448.3,31.881,2858.45046,14.17828873137094
2026-07-02 08:45:00+08:00,2470.0,2470.0,False,449.32,31.908,2867.380512,14.890469626685675
2026-07-02 09:00:00+08:00,2475.0,2475.0,False,452.76,31.915,2889.96708,15.469510765385715
2026-07-02 09:15:00+08:00,2475.0,2475.0,False,451.14,31.918,2879.8973039999996,15.12250491517548
2026-07-02 09:30:00+08:00,2485.0,2485.0,False,452.75,31.929,2891.1709499999997,15.110045933342194
2026-07-02 09:45:00+08:00,2490.0,2490.0,False,453.3,31.928,2894.5924800000003,15.02778460961637
2026-07-02 10:00:00+08:00,2495.0,2495.0,False,454.45,31.925,2901.66325,15.070914421054532
2026-07-02 10:15:00+08:00,2490.0,2490.0,False,452.66,31.904,2888.3329280000003,14.812505411342222
2026-07-02 10:30:00+08:00,2495.0,2495.0,False,453.13,31.917,2892.5100420000003,14.7567257935888
2026-07-02 10:45:00+08:00,2495.0,2495.0,False,453.08,31.919,2892.372104,14.751982834263867
2026-07-02 11:00:00+08:00,2485.0,2485.0,False,451.82,31.915,2883.96706,14.861967136002505
2026-07-02 11:15:00+08:00,2480.0,2480.0,False,450.81,31.891,2875.356342,14.764893939899846
2026-07-02 11:30:00+08:00,2480.0,2480.0,False,450.73,31.901,2875.747546,14.778424210662003
2026-07-02 11:45:00+08:00,2475.0,2475.0,False,450.7,31.913,2876.63782,15.00990289361547
2026-07-02 12:00:00+08:00,2475.0,2475.0,False,449.81,31.909,2870.5974579999997,14.800869729087623
2026-07-02 12:15:00+08:00,2485.0,2485.0,False,450.01,31.902,2871.243804,14.42218906135514
2026-07-02 12:30:00+08:00,2475.0,2475.0,False,448.01,31.889,2857.318178,14.339661109397515
2026-07-02 12:45:00+08:00,2485.0,2485.0,False,449.68,31.894,2868.418784,14.32425892575192
2026-07-02 13:00:00+08:00,2490.0,2490.0,False,451.09,31.895,2877.5031099999997,14.4388592631854
2026-07-02 13:15:00+08:00,2490.0,2490.0,False,450.0,31.914,2872.26,14.257421311163585
2026-07-02 13:30:00+08:00,2480.0,2480.0,False,447.45,31.916,2856.16284,14.098626720319501
2026-07-02 17:25:00+08:00,2465.0,2465.0,False,443.69,31.956,2835.711528,13.98723646973757
2026-07-02 17:40:00+08:00,2460.0,2460.0,False,443.58,31.95,2834.4762,14.14592061061678
2026-07-02 17:55:00+08:00,2450.0,2450.0,False,441.2,31.957,2819.8856800000003,14.037711725086238
2026-07-02 18:10:00+08:00,2455.0,2455.0,False,441.95,31.961,2825.0327899999997,14.016306516157062
2026-07-02 18:25:00+08:00,2460.0,2460.0,False,443.79,31.96,2836.70568,14.224149981465462
2026-07-02 18:40:00+08:00,2460.0,2460.0,False,443.74,31.95,2835.4986,14.181803390524921
2026-07-02 18:55:00+08:00,2460.0,2460.0,False,443.7,31.961,2836.21914,14.20708358378087
2026-07-02 19:10:00+08:00,2460.0,2460.0,False,443.62,31.962,2835.796488,14.192255644699916
2026-07-02 19:25:00+08:00,2465.0,2465.0,False,444.06,31.962,2838.609144,14.08886416234748
2026-07-02 19:40:00+08:00,2470.0,2470.0,False,446.12,31.954,2851.063696,14.322839107769259
2026-07-02 19:55:00+08:00,2475.0,2475.0,False,447.63,31.969,2862.056694,14.504499996604302
2026-07-02 20:10:00+08:00,2475.0,2475.0,False,447.55,31.97,2861.6346999999996,14.489831953459346
2026-07-02 20:25:00+08:00,2495.0,2495.0,False,453.5,31.967,2899.4069,14.993563055096937
2026-07-02 20:40:00+08:00,2495.0,2495.0,False,451.81,31.947,2886.794814,14.560005631608231
2026-07-02 20:55:00+08:00,2490.0,2490.0,False,449.8,31.94,2873.3224,14.29421434743509
2026-07-02 21:10:00+08:00,2500.0,2500.0,False,453.34,31.925,2894.5759,14.628616125319502
2026-07-02 21:25:00+08:00,2490.0,2490.0,False,450.42,31.91,2874.58044,14.337763942635567
2026-07-02 21:40:00+08:00,2510.0,2510.0,False,457.88,31.924,2923.472224,15.219447416098545
2026-07-02 21:55:00+08:00,2510.0,2510.0,False,459.6,31.922,2934.2702400000003,15.58593608681704
2026-07-02 22:10:00+08:00,2495.0,2495.0,False,454.97,31.92,2904.5284800000004,15.16904602010731
2026-07-02 22:25:00+08:00,2485.0,2485.0,False,449.72,31.925,2871.4622000000004,14.429755520350742
2026-07-02 22:40:00+08:00,2480.0,2480.0,False,448.33,31.936,2863.573376,14.356437125866831
2026-07-02 22:55:00+08:00,2470.0,2470.0,False,445.93,31.941,2848.6900259999998,14.23997353291142
2026-07-02 23:10:00+08:00,2470.0,2470.0,False,444.78,31.94,2841.25464,13.979922453878057
2026-07-02 23:25:00+08:00,2480.0,2480.0,False,446.45,31.933,2851.2975699999997,13.928975643353548
2026-07-02 23:40:00+08:00,2470.0,2470.0,False,443.85,31.937,2835.04749,13.762270392041295
2026-07-02 23:55:00+08:00,2465.0,2465.0,False,441.5,31.957,2821.8031,13.497877384538876
2026-07-03 00:10:00+08:00,2460.0,2460.0,False,438.7,31.955,2803.7317,13.060380718112963
2026-07-03 00:25:00+08:00,2450.0,2450.0,False,436.31,31.955,2788.4572099999996,12.922018694889733
2026-07-03 00:40:00+08:00,2445.0,2445.0,False,435.82,31.955,2785.32562,13.013553829178234
2026-07-03 00:55:00+08:00,2435.0,2435.0,False,432.56,31.953,2764.317936,12.667736039752734
2026-07-03 01:10:00+08:00,2435.0,2435.0,False,432.15,31.935,2760.1420499999995,12.517157254631739
2026-07-03 01:25:00+08:00,2430.0,2430.0,False,431.74,31.953,2759.077644,12.683473502482823
2026-07-03 01:40:00+08:00,2430.0,2430.0,False,433.4,31.953,2769.6860399999996,13.065636555240925
2026-07-03 01:55:00+08:00,2435.0,2435.0,False,435.5,31.936,2781.6256000000003,13.289264999197961
2026-07-03 02:10:00+08:00,2435.0,2435.0,False,434.38,31.955,2776.1225799999997,13.092095791766994
2026-07-03 02:25:00+08:00,2435.0,2435.0,False,434.78,31.954,2778.592024,13.180625657639682
2026-07-03 02:40:00+08:00,2435.0,2435.0,False,434.78,31.95,2778.2442,13.168161199891617
2026-07-03 02:55:00+08:00,2425.0,2425.0,False,432.03,31.942,2759.980452,12.921184760524524
2026-07-03 03:10:00+08:00,2425.0,2425.0,False,431.85,31.948,2759.34876,12.898389960940818
2026-07-03 03:25:00+08:00,2435.0,2435.0,False,434.3,31.947,2774.91642,13.048824303404086
2026-07-03 03:40:00+08:00,2435.0,2435.0,False,434.15,31.938,2773.1765399999995,12.986370081840565
2026-07-03 03:55:00+08:00,2435.0,2435.0,False,435.79,31.952,2784.872416,13.40540105645372
2026-07-03 04:10:00+08:00,2435.0,2435.0,False,434.3,31.954,2775.52444,13.070639776137394
2026-07-03 04:25:00+08:00,2435.0,2435.0,False,435.11,31.955,2780.7880099999998,13.259281601822606
2026-07-03 04:40:00+08:00,2440.0,2440.0,False,435.03,31.945,2779.40667,13.005565247514994
2026-07-03 04:55:00+08:00,2435.0,2435.0,False,434.74,31.956,2778.510288,13.177696754168178
2026-07-03 08:45:00+08:00,2440.0,2440.0,False,438.2,31.96,2800.9744,13.775087319640411
2026-07-03 09:00:00+08:00,2445.0,2445.0,False,438.79,31.958,2804.5701639999997,13.699032597595348
2026-07-03 09:15:00+08:00,2450.0,2450.0,False,439.25,31.957,2807.42245,13.59687007841647
2026-07-03 09:30:00+08:00,2455.0,2455.0,False,440.31,31.962,2814.637644,13.649425949030203
2026-07-03 09:45:00+08:00,2445.0,2445.0,False,442.6,31.97,2829.9844000000003,14.596608096130115
2026-07-03 10:00:00+08:00,2445.0,2445.0,False,443.1,31.966,2832.8269200000004,14.696462232603883
2026-07-03 10:15:00+08:00,2450.0,2450.0,False,443.22,31.964,2833.416816,14.513971899354303
2026-07-03 10:30:00+08:00,2450.0,2450.0,False,443.2,31.976,2834.35264,14.54682025157201
2026-07-03 10:45:00+08:00,2450.0,2450.0,False,443.59,31.975,2836.75805,14.631199171295531
2026-07-03 11:00:00+08:00,2445.0,2445.0,False,442.25,31.987,2829.25015,14.570797329360644
2026-07-03 11:15:00+08:00,2450.0,2450.0,False,443.09,31.973,2833.3833139999997,14.51279573011877
2026-07-03 11:30:00+08:00,2445.0,2445.0,False,442.45,31.989,2830.70661,14.621988617369311
2026-07-03 11:45:00+08:00,2455.0,2455.0,False,443.82,31.988,2839.3828320000002,14.520401874860124
2026-07-03 12:00:00+08:00,2465.0,2465.0,False,444.28,31.989,2842.4145839999996,14.222163278435895
2026-07-03 12:15:00+08:00,2475.0,2475.0,False,444.39,31.988,2843.029464,13.840820796174519
2026-07-03 12:30:00+08:00,2480.0,2480.0,False,444.97,31.981,2846.117114,13.747993375423178
2026-07-03 12:45:00+08:00,2475.0,2475.0,False,444.6,31.99,2844.5508,13.894060378180804
2026-07-03 13:00:00+08:00,2470.0,2470.0,False,444.76,31.99,2845.5744799999998,14.13109651320321
2026-07-03 13:15:00+08:00,2465.0,2465.0,False,444.79,31.986,2845.410588,14.32697459814571
2026-07-03 13:30:00+08:00,2465.0,2465.0,False,443.99,31.989,2840.5592220000003,14.15719649090745
2026-07-03 17:25:00+08:00,2470.0,2470.0,False,444.32,31.995,2843.20368,14.048160111189265
2026-07-03 17:40:00+08:00,2470.0,2470.0,False,444.56,32.004,2845.539648,14.129878539850557
2026-07-03 17:55:00+08:00,2470.0,2470.0,False,444.79,32.018,2848.2572440000004,14.22485700279903
2026-07-03 18:10:00+08:00,2470.0,2470.0,False,444.77,32.014,2847.773356,14.207952491008728
2026-07-03 18:25:00+08:00,2470.0,2470.0,False,445.08,32.008,2849.2241280000003,14.258625651955242
2026-07-03 18:40:00+08:00,2475.0,2475.0,False,445.22,32.017,2850.921748,14.116683112783884
2026-07-03 18:55:00+08:00,2470.0,2470.0,False,444.75,32.01,2847.2895,14.191046020721643
2026-07-03 19:10:00+08:00,2475.0,2475.0,False,444.85,32.012,2848.10764,14.018414250965632
2026-07-03 19:25:00+08:00,2475.0,2475.0,False,445.12,32.013,2849.925312,14.08189937068548
2026-07-03 19:40:00+08:00,2475.0,2475.0,False,445.97,32.02,2855.9918800000005,14.29347065522075
2026-07-03 19:55:00+08:00,2485.0,2485.0,False,446.26,32.022,2858.0275439999996,13.963152573259489
2026-07-03 20:10:00+08:00,2480.0,2480.0,False,446.2,32.025,2857.9109999999996,14.159509216245816
2026-07-03 20:25:00+08:00,2475.0,2475.0,False,445.67,32.049,2856.6555660000004,14.316587456767472
2026-07-03 20:40:00+08:00,2480.0,2480.0,False,446.38,32.036,2860.045936,14.233807744533229
2026-07-03 20:55:00+08:00,2480.0,2480.0,False,445.78,32.03,2855.66668,14.081339878599755
2026-07-03 21:10:00+08:00,2480.0,2480.0,False,446.6,32.049,2862.61668,14.323194154367073
2026-07-03 21:25:00+08:00,2480.0,2480.0,False,447.05,32.049,2865.50109,14.423384581145045
2026-07-03 21:40:00+08:00,2480.0,2480.0,False,446.89,32.03,2862.77734,14.328777549243707
2026-07-03 21:55:00+08:00,2485.0,2485.0,False,446.25,32.039,2859.48075,14.013737443062176
2026-07-03 22:10:00+08:00,2480.0,2480.0,False,447.14,32.01,2862.5902799999994,14.322276646675569
2026-07-03 22:25:00+08:00,2485.0,2485.0,False,446.8,32.037,2862.82632,14.13008940050993
2026-07-03 22:40:00+08:00,2485.0,2485.0,False,447.04,32.037,2864.3640960000002,14.18352122577226
2026-07-03 22:55:00+08:00,2485.0,2485.0,False,447.52,32.035,2867.2606399999995,14.284081651150665
2026-07-03 23:10:00+08:00,2490.0,2490.0,False,447.09,32.039,2864.863302,14.00085420892039
2026-07-03 23:25:00+08:00,2490.0,2490.0,False,446.59,32.039,2861.6594020000002,13.889501333403437
2026-07-03 23:40:00+08:00,2485.0,2485.0,False,446.3,32.038,2859.71188,14.021780347119472
2026-07-03 23:55:00+08:00,2485.0,2485.0,False,446.75,32.043,2863.04205,14.137587044589525
2026-07-04 00:10:00+08:00,2490.0,2490.0,False,446.18,32.03,2858.22908,13.770131177701911
2026-07-04 00:25:00+08:00,2485.0,2485.0,False,445.79,32.042,2856.8006360000004,13.920423517655234
2026-07-04 00:40:00+08:00,2485.0,2485.0,False,444.84,32.047,2851.1574959999994,13.723639014570772
2026-07-04 00:55:00+08:00,2490.0,2490.0,False,445.8,32.06,2858.4696000000004,13.778505911298453
2026-07-04 01:10:00+08:00,2485.0,2485.0,False,445.41,32.029,2853.2073780000005,13.79516949893963
2026-07-04 01:25:00+08:00,2485.0,2485.0,False,445.61,32.065,2857.69693,13.951640337570115
2026-07-04 01:40:00+08:00,2485.0,2485.0,False,445.58,32.058,2856.8807279999996,13.92321344992784
2026-07-04 01:55:00+08:00,2480.0,2480.0,False,446.34,32.067,2862.556956,14.321118488792761
2026-07-04 02:10:00+08:00,2480.0,2480.0,False,446.0,32.069,2860.5548000000003,14.251508101742552
2026-07-04 02:25:00+08:00,2480.0,2480.0,False,445.25,32.05,2854.0525,14.025077555948307
2026-07-04 02:40:00+08:00,,2480.0,True,445.55,32.07,2857.7577,14.154171891316839
2026-07-04 02:55:00+08:00,2485.0,2485.0,False,445.26,32.057,2854.739964,13.848613096995365
2026-07-04 03:10:00+08:00,2480.0,2480.0,False,445.72,32.064,2858.313216,14.173511395551653
2026-07-04 03:25:00+08:00,2480.0,2480.0,False,446.0,32.032,2857.2544,14.136646737318717
2026-07-04 03:40:00+08:00,2480.0,2480.0,False,445.41,32.06,2855.9689200000003,14.091870685033909
2026-07-04 03:55:00+08:00,2470.0,2470.0,False,444.88,32.057,2852.303632,14.366096278364305
2026-07-04 04:10:00+08:00,2470.0,2470.0,False,444.42,32.039,2847.754476,14.207292860355821
2026-07-04 04:25:00+08:00,2480.0,2480.0,False,444.9,32.049,2851.7200199999997,13.943718672609512
2026-07-04 04:40:00+08:00,2480.0,2480.0,False,445.31,32.042,2853.724604,14.013644563490477
2026-07-04 04:55:00+08:00,2475.0,2475.0,False,445.0,32.055,2852.895,14.185527304873686
2026-07-06 08:45:00+08:00,2483.0,2483.0,False,444.8,31.989,2845.7414400000002,13.614525834452957
2026-07-06 09:00:00+08:00,2482.0,2482.0,False,444.65,31.99,2844.8707,13.624160241021055
2026-07-06 09:15:00+08:00,2481.0,2481.0,False,443.73,32.04,2843.42184,13.613565975456218
2026-07-06 09:30:00+08:00,2505.0,2505.0,False,445.76,32.048,2857.143296,13.134423179726982
2026-07-06 09:45:00+08:00,2496.0,2496.0,False,444.39,32.037,2847.384486,13.152131834070676
2026-07-06 10:00:00+08:00,2484.0,2484.0,False,442.1,32.05,2833.861,13.157959563064919
2026-07-06 10:15:00+08:00,2484.0,2484.0,False,441.57,32.064,2831.700096,13.08200574602168
2026-07-06 10:30:00+08:00,2473.0,2473.0,False,439.45,32.059,2817.66551,13.029192994663532
2026-07-06 10:45:00+08:00,2475.0,2475.0,False,440.55,32.059,2824.71849,13.19762514404799
2026-07-06 11:00:00+08:00,2481.0,2481.0,False,442.1,32.066,2835.2757200000005,13.327966368155206
2026-07-06 11:15:00+08:00,2486.0,2486.0,False,443.45,32.069,2844.19961,13.440382582595255
2026-07-06 11:30:00+08:00,2485.0,2485.0,False,443.56,32.089,2846.679368,13.567183734669022
2026-07-06 11:45:00+08:00,2489.0,2489.0,False,443.15,32.099,2844.9343699999995,13.346034851943614
2026-07-06 12:00:00+08:00,2491.0,2491.0,False,443.87,32.093,2849.023982,13.409077682303192
2026-07-06 12:15:00+08:00,2491.0,2491.0,False,444.13,32.085,2849.98221,13.44255404288269
2026-07-06 12:30:00+08:00,2491.0,2491.0,False,444.99,32.081,2855.144838,13.622707541018556
2026-07-06 12:45:00+08:00,2487.0,2487.0,False,444.72,32.085,2853.7682400000003,13.734662262745942
2026-07-06 13:00:00+08:00,2486.0,2486.0,False,444.59,32.095,2853.8232099999996,13.776606285809962
2026-07-06 13:15:00+08:00,2480.0,2480.0,False,443.43,32.094,2846.288484,13.753985917222433
2026-07-06 13:30:00+08:00,2481.0,2481.0,False,444.6,32.095,2853.8874,13.979204134655218
2026-07-06 17:25:00+08:00,2484.0,2484.0,False,445.4,32.09,2858.5772,14.022341127798779
2026-07-06 17:40:00+08:00,2491.0,2491.0,False,446.49,32.088,2865.394224,13.979337903191652
2026-07-06 17:55:00+08:00,2488.0,2488.0,False,447.05,32.07,2867.3787,14.168137166471539
2026-07-06 18:10:00+08:00,2494.0,2494.0,False,446.3,32.082,2863.63932,13.798589189090848
2026-07-06 18:25:00+08:00,2495.0,2495.0,False,446.67,32.081,2865.924054,13.838064119682455
2026-07-06 18:40:00+08:00,2490.0,2490.0,False,446.58,32.084,2865.614544,14.026944654589018
2026-07-06 18:55:00+08:00,2485.0,2485.0,False,445.63,32.08,2859.1620799999996,14.00264716522219
2026-07-06 19:10:00+08:00,2489.0,2489.0,False,446.2,32.079,2862.7299599999997,13.966697228497669
2026-07-06 19:25:00+08:00,2487.0,2487.0,False,445.94,32.076,2860.794288,13.979381699059104
2026-07-06 19:40:00+08:00,2490.0,2490.0,False,446.86,32.074,2866.517528,14.058295376868962
2026-07-06 19:55:00+08:00,2490.0,2490.0,False,447.39,32.078,2870.2752840000003,14.188647554542285
2026-07-06 20:10:00+08:00,2486.0,2486.0,False,446.96,32.076,2867.337792,14.246730052038526
2026-07-06 20:25:00+08:00,2488.0,2488.0,False,446.62,32.079,2865.424596,14.100304925636047
2026-07-06 20:40:00+08:00,2488.0,2488.0,False,447.36,32.077,2869.993344,14.258821147202976
2026-07-06 20:55:00+08:00,2486.0,2486.0,False,446.96,32.084,2868.052928,14.271540948053923
2026-07-06 21:10:00+08:00,2485.0,2485.0,False,446.44,32.073,2863.7340240000003,14.161632352650344
2026-07-06 21:25:00+08:00,2505.0,2505.0,False,456.5,32.084,2929.2692,15.614581625805366
2026-07-06 21:40:00+08:00,2510.0,2510.0,False,456.1,32.076,2925.97272,15.304444721348794
2026-07-06 21:55:00+08:00,2515.0,2515.0,False,457.91,32.075,2937.4926500000006,15.497229510249797
2026-07-06 22:10:00+08:00,2515.0,2515.0,False,459.47,32.073,2947.3162620000003,15.829045454856539
2026-07-06 22:25:00+08:00,2515.0,2515.0,False,458.0,32.054,2936.1464000000005,15.451663525309117
2026-07-06 22:40:00+08:00,2510.0,2510.0,False,456.65,32.071,2929.0444299999995,15.408751864157855
2026-07-06 22:55:00+08:00,2510.0,2510.0,False,456.08,32.07,2925.29712,15.281487316373246
2026-07-06 23:10:00+08:00,2510.0,2510.0,False,456.21,32.071,2926.2221819999995,15.312920188514825
2026-07-06 23:25:00+08:00,2515.0,2515.0,False,458.07,32.05,2936.2286999999997,15.454449746348
2026-07-06 23:40:00+08:00,2510.0,2510.0,False,457.65,32.058,2934.26874,15.585885277220903
2026-07-06 23:55:00+08:00,2515.0,2515.0,False,459.48,32.042,2944.531632,15.735109198099803
2026-07-07 00:10:00+08:00,2515.0,2515.0,False,458.27,32.05,2937.5107,15.497840288511485
2026-07-07 00:25:00+08:00,2510.0,2510.0,False,456.95,32.045,2928.5925500000003,15.393414606872884
2026-07-07 00:40:00+08:00,2510.0,2510.0,False,455.9,32.045,2921.8631,15.16470840364147
2026-07-07 00:55:00+08:00,2510.0,2510.0,False,456.78,32.03,2926.1326799999997,15.309879449079219
2026-07-07 01:10:00+08:00,2510.0,2510.0,False,456.04,32.049,2923.1251920000004,15.207644860026646
2026-07-07 01:25:00+08:00,2510.0,2510.0,False,454.75,32.061,2915.94795,14.963208410430854
2026-07-07 01:40:00+08:00,2510.0,2510.0,False,455.03,32.054,2917.106324,15.002703086898277
2026-07-07 01:55:00+08:00,2510.0,2510.0,False,455.17,32.02,2914.9086800000005,14.927760221762865
2026-07-07 02:10:00+08:00,2510.0,2510.0,False,455.38,32.021,2916.344596,14.97673392506383
2026-07-07 02:25:00+08:00,2510.0,2510.0,False,454.3,32.032,2910.4275199999997,14.77475784050332
2026-07-07 02:40:00+08:00,2510.0,2510.0,False,455.06,32.006,2912.930072,14.860234841693165
2026-07-07 02:55:00+08:00,2510.0,2510.0,False,455.92,32.026,2920.2587840000006,15.110100653354074
2026-07-07 03:10:00+08:00,2515.0,2515.0,False,457.04,32.015,2926.4271200000003,15.122029972166576
2026-07-07 03:25:00+08:00,2510.0,2510.0,False,455.29,32.025,2916.13245,14.969500053394386
2026-07-07 03:40:00+08:00,2505.0,2505.0,False,454.37,32.026,2910.3307240000004,14.969749574245961
2026-07-07 03:55:00+08:00,2510.0,2510.0,False,453.51,32.026,2904.8222520000004,14.58301800596207
2026-07-07 04:10:00+08:00,2510.0,2510.0,False,452.75,32.025,2899.8637499999995,14.41307093917105
2026-07-07 04:25:00+08:00,2510.0,2510.0,False,453.54,32.023,2904.7422840000004,14.58027966229982
2026-07-07 04:40:00+08:00,2510.0,2510.0,False,453.36,32.015,2902.8640800000003,14.515941069039378
2026-07-07 04:55:00+08:00,2505.0,2505.0,False,454.03,32.0,2905.792,14.814541013589135
2026-07-07 08:45:00+08:00,2497.0,2497.0,False,450.82,32.045,2889.3053800000002,14.566770813132035
2026-07-07 09:00:00+08:00,2510.0,2510.0,False,452.33,32.065,2900.79229,14.444919304045209
2026-07-07 09:15:00+08:00,2500.0,2500.0,False,448.81,32.067,2878.3980540000002,14.071031939280864
2026-07-07 09:30:00+08:00,2510.0,2510.0,False,451.2,32.075,2894.4480000000003,14.227095903226392
2026-07-07 09:45:00+08:00,2505.0,2505.0,False,450.96,32.066,2892.096672,14.344626213877095
2026-07-07 10:00:00+08:00,2505.0,2505.0,False,451.44,32.077,2896.168176,14.48457678981926
2026-07-07 10:15:00+08:00,2500.0,2500.0,False,449.9,32.079,2886.46842,14.349603111568976
2026-07-07 10:30:00+08:00,2500.0,2500.0,False,449.54,32.08,2884.2486400000003,14.273064477200675
2026-07-07 10:45:00+08:00,2500.0,2500.0,False,449.16,32.08,2881.81056,14.188926040533092
2026-07-07 11:00:00+08:00,2498.0,2498.0,False,448.74,32.081,2879.2055880000003,14.178575907557441
2026-07-07 11:15:00+08:00,2479.0,2479.0,False,445.91,32.08,2860.95856,14.30567506126864
2026-07-07 11:30:00+08:00,2482.0,2482.0,False,444.84,32.079,2854.0044719999996,13.943184416431636
2026-07-07 11:45:00+08:00,2481.0,2481.0,False,443.5,32.077,2845.2299,13.67683734417847
2026-07-07 12:00:00+08:00,2476.0,2476.0,False,442.34,32.082,2838.230376,13.632467934995674
2026-07-07 12:15:00+08:00,2458.0,2458.0,False,440.72,32.076,2827.3069440000004,13.974853226613298
2026-07-07 12:30:00+08:00,2468.0,2468.0,False,443.3,32.091,2845.18806,14.198182173886762
2026-07-07 12:45:00+08:00,2466.0,2466.0,False,442.76,32.09,2841.63368,14.15446892710199
2026-07-07 13:00:00+08:00,2454.0,2454.0,False,440.82,32.098,2829.8880719999997,14.227707584945973
2026-07-07 13:15:00+08:00,2447.0,2447.0,False,441.32,32.1,2833.2744000000002,14.630845699988631
2026-07-07 13:30:00+08:00,2451.0,2451.0,False,443.44,32.106,2847.416928,14.963598878189302
2026-07-07 17:25:00+08:00,2453.0,2453.0,False,443.54,32.171,2853.825068,15.106021504909348
2026-07-07 17:40:00+08:00,2456.0,2456.0,False,443.73,32.169,2854.870074,15.020893693209182
2026-07-07 17:55:00+08:00,2462.0,2462.0,False,444.05,32.158,2855.9519800000003,14.815928443189902
2026-07-07 18:10:00+08:00,2462.0,2462.0,False,445.26,32.149,2862.932748,15.058697150704377
2026-07-07 18:25:00+08:00,2460.0,2460.0,False,444.33,32.128,2855.086848,14.866618713809581
2026-07-07 18:40:00+08:00,2455.0,2455.0,False,443.8,32.143,2853.0126800000003,14.996674047131336
2026-07-07 18:55:00+08:00,2453.0,2453.0,False,442.5,32.144,2844.7439999999997,14.789087581430877
2026-07-07 19:10:00+08:00,2454.0,2454.0,False,442.25,32.146,2843.3137,14.698532956430356
2026-07-07 19:25:00+08:00,2442.0,2442.0,False,441.35,32.146,2837.5274200000003,14.983440317088089
2026-07-07 19:40:00+08:00,2450.0,2450.0,False,442.25,32.145,2843.2252500000004,14.85768057952948
2026-07-07 19:55:00+08:00,2458.0,2458.0,False,444.5,32.141,2857.3349,15.025766297434986
2026-07-07 20:10:00+08:00,2457.0,2457.0,False,444.12,32.145,2855.2474800000005,14.993558997368114
2026-07-07 20:25:00+08:00,2461.0,2461.0,False,444.18,32.139,2855.1002040000003,14.826665746573662
2026-07-07 20:40:00+08:00,2458.0,2458.0,False,442.69,32.145,2846.0540100000003,14.632355148284033
2026-07-07 20:55:00+08:00,2456.0,2456.0,False,442.4,32.148,2844.45504,14.657422318216659
2026-07-07 21:10:00+08:00,2453.0,2453.0,False,441.26,32.136,2836.066272,14.485213544323688
2026-07-07 21:25:00+08:00,2446.0,2446.0,False,437.19,32.164,2812.355832,13.934235099516185
2026-07-07 21:40:00+08:00,2439.0,2439.0,False,435.43,32.165,2801.12119,13.821099813151452
2026-07-07 21:55:00+08:00,2438.0,2438.0,False,434.91,32.174,2798.558868,13.770832223555557
2026-07-07 22:10:00+08:00,2426.0,2426.0,False,431.77,32.185,2779.3034900000002,13.574750854728752
2026-07-07 22:25:00+08:00,2418.0,2418.0,False,430.61,32.187,2772.008814,13.641934982656073
2026-07-07 22:40:00+08:00,2417.0,2417.0,False,431.39,32.189,2777.202542,13.869406866113692
2026-07-07 22:55:00+08:00,2419.0,2419.0,False,431.45,32.183,2777.07107,13.782377691766252
2026-07-07 23:10:00+08:00,2409.0,2409.0,False,429.6,32.19,2765.7648,13.788638277820855
2026-07-07 23:25:00+08:00,2409.0,2409.0,False,429.4,32.191,2764.56308,13.74538493111405
2026-07-07 23:40:00+08:00,2420.0,2420.0,False,431.8,32.192,2780.1011200000003,13.849773752091968
2026-07-07 23:55:00+08:00,2425.0,2425.0,False,434.9,32.198,2800.5820400000002,14.374744750921572
2026-07-08 00:10:00+08:00,2434.0,2434.0,False,436.97,32.2,2814.0868000000005,14.484775671012166
2026-07-08 00:25:00+08:00,2434.0,2434.0,False,436.1,32.19,2807.6117999999997,14.255607406866707
2026-07-08 00:40:00+08:00,2435.0,2435.0,False,437.1,32.185,2813.6127000000006,14.427153293288358
2026-07-08 00:55:00+08:00,2437.0,2437.0,False,438.5,32.157,2820.1688999999997,14.57700550575804
2026-07-08 01:10:00+08:00,2435.0,2435.0,False,438.48,32.183,2822.320368,14.73451647944161
2026-07-08 01:25:00+08:00,2435.0,2435.0,False,438.48,32.185,2822.4957600000002,14.74069700438523
2026-07-08 01:40:00+08:00,2433.0,2433.0,False,436.1,32.19,2807.6117999999997,14.296491108156484
2026-07-08 01:55:00+08:00,2429.0,2429.0,False,435.39,32.19,2803.0408199999997,14.298084929696694
2026-07-08 02:10:00+08:00,2430.0,2430.0,False,435.1,32.198,2801.8699600000004,14.215565862420648
2026-07-08 02:25:00+08:00,2428.0,2428.0,False,434.26,32.167,2793.768284,14.00936480160368
2026-07-08 02:40:00+08:00,2418.0,2418.0,False,432.1,32.198,2782.55116,14.019712479859539
2026-07-08 02:55:00+08:00,2418.0,2418.0,False,432.43,32.198,2784.676228,14.0956773756785
2026-07-08 03:10:00+08:00,2413.0,2413.0,False,429.68,32.192,2766.451712,13.648228872608517
2026-07-08 03:25:00+08:00,2423.0,2423.0,False,431.84,32.171,2778.544928,13.670743324203382
2026-07-08 03:40:00+08:00,2425.0,2425.0,False,432.51,32.176,2783.288352,13.758391539992832
2026-07-08 03:55:00+08:00,2432.0,2432.0,False,433.74,32.188,2792.244624,13.79126170107152
2026-07-08 04:10:00+08:00,2429.0,2429.0,False,434.08,32.188,2794.433408,13.992076837442468
2026-07-08 04:25:00+08:00,2431.0,2431.0,False,434.64,32.184,2797.6907519999995,14.026102112072264
2026-07-08 04:40:00+08:00,2431.0,2431.0,False,434.58,32.182,2797.130712,14.00618049428754
2026-07-08 04:55:00+08:00,2430.0,2430.0,False,434.99,32.168,2798.551664,14.097657924567466
2026-07-08 08:45:00+08:00,2452.0,2452.0,False,438.64,32.19,2823.96432,14.100334931757082
2026-07-08 09:00:00+08:00,2447.0,2447.0,False,439.23,32.163,2825.3908979999997,14.353673895595884
2026-07-08 09:15:00+08:00,2430.0,2430.0,False,436.5,32.195,2810.6235,14.525886089699066
2026-07-08 09:30:00+08:00,2441.0,2441.0,False,436.56,32.199,2811.359088,14.102580642140595
2026-07-08 09:45:00+08:00,2445.0,2445.0,False,437.29,32.199,2816.060142,14.105907630204003
2026-07-08 10:00:00+08:00,2439.0,2439.0,False,436.53,32.198,2811.078588,14.17421022422226
2026-07-08 10:15:00+08:00,2449.0,2449.0,False,437.82,32.15,2815.1825999999996,13.912230172258827
2026-07-08 10:30:00+08:00,2449.0,2449.0,False,438.11,32.12,2814.41864,13.88522042396384
2026-07-08 10:45:00+08:00,2451.0,2451.0,False,438.19,32.124,2815.283112,13.834543424751603
2026-07-08 11:00:00+08:00,2454.0,2454.0,False,439.09,32.074,2816.674532,13.761977894786845
2026-07-08 11:15:00+08:00,2462.0,2462.0,False,440.42,32.03,2821.3305200000004,13.602424404067017
2026-07-08 11:30:00+08:00,2456.0,2456.0,False,439.62,32.063,2819.107212,13.766818280924822
2026-07-08 11:45:00+08:00,2446.0,2446.0,False,438.6,32.116,2817.21552,14.106035315840543
2026-07-08 12:00:00+08:00,2448.0,2448.0,False,438.33,32.11,2814.9552599999997,13.94483676458233
2026-07-08 12:15:00+08:00,2449.0,2449.0,False,437.73,32.115,2811.5397900000003,13.783368417407226
2026-07-08 12:30:00+08:00,2447.0,2447.0,False,437.15,32.108,2807.2024399999996,13.71102252390563
2026-07-08 12:45:00+08:00,2445.0,2445.0,False,437.17,32.1,2806.6314,13.772154687017835
2026-07-08 13:00:00+08:00,2450.0,2450.0,False,436.79,32.075,2802.0078500000004,13.404696262973042
2026-07-08 13:15:00+08:00,2466.0,2466.0,False,438.8,32.079,2815.25304,13.22614301396928
2026-07-08 13:30:00+08:00,2465.0,2465.0,False,437.4,32.066,2805.13368,12.907971624734952
2026-07-08 17:25:00+08:00,2419.0,2419.0,False,428.23,32.081,2747.6093260000007,12.720502181046875
2026-07-08 17:40:00+08:00,2421.0,2421.0,False,428.53,32.115,2752.44819,12.813434205861837
2026-07-08 17:55:00+08:00,2417.0,2417.0,False,428.53,32.091,2750.391246,12.903657963119139
2026-07-08 18:10:00+08:00,2420.0,2420.0,False,428.75,32.105,2753.00375,12.874676535852108
2026-07-08 18:25:00+08:00,2429.0,2429.0,False,430.4,32.086,2761.96288,12.828559467564524
2026-07-08 18:40:00+08:00,2430.0,2430.0,False,430.31,32.084,2761.213208,12.760531872957129
2026-07-08 18:55:00+08:00,2427.0,2427.0,False,428.78,32.097,2752.510332,12.569154654984857
2026-07-08 19:10:00+08:00,2426.0,2426.0,False,428.78,32.1,2752.7676,12.619512024443813
2026-07-08 19:25:00+08:00,2428.0,2428.0,False,428.67,32.112,2753.0902080000005,12.549104337077024
2026-07-08 19:40:00+08:00,2435.0,2435.0,False,430.52,32.112,2764.9716479999997,12.691286427567835
2026-07-08 19:55:00+08:00,2441.0,2441.0,False,432.66,32.111,2778.629052,12.93689833650653
2026-07-08 20:10:00+08:00,2438.0,2438.0,False,430.66,32.112,2765.870784,12.60103479156642
2026-07-08 20:25:00+08:00,2440.0,2440.0,False,430.91,32.108,2767.131656,12.56475455630385
2026-07-08 20:40:00+08:00,2443.0,2443.0,False,431.6,32.11,2771.7352,12.607934531364126
2026-07-08 20:55:00+08:00,2439.0,2439.0,False,431.06,32.104,2767.750048,12.627840590361286
2026-07-08 21:10:00+08:00,2435.0,2435.0,False,429.35,32.103,2756.6846100000002,12.392301696462267
2026-07-08 21:25:00+08:00,2453.0,2453.0,False,434.66,32.091,2789.734812,12.84576939612715
2026-07-08 21:40:00+08:00,2456.0,2456.0,False,437.46,32.104,2808.843168,13.403748478002143
2026-07-08 21:55:00+08:00,2452.0,2452.0,False,436.55,32.104,2803.0002400000003,13.358714518346066
2026-07-08 22:10:00+08:00,2455.0,2455.0,False,436.0,32.1,2799.12,13.099053695005058
2026-07-08 22:25:00+08:00,2450.0,2450.0,False,435.06,32.11,2793.95532,13.118163638358386
2026-07-08 22:40:00+08:00,2446.0,2446.0,False,434.75,32.097,2790.83415,13.16956543296297
2026-07-08 22:55:00+08:00,2447.0,2447.0,False,434.99,32.115,2793.94077,13.239637127209896
2026-07-08 23:10:00+08:00,2432.0,2432.0,False,431.02,32.109,2767.924236,12.920351172593502
2026-07-08 23:25:00+08:00,2439.0,2439.0,False,432.5,32.085,2775.3525,12.901026541646349
2026-07-08 23:40:00+08:00,2435.0,2435.0,False,431.55,32.118,2772.10458,12.94787054190489
2026-07-08 23:55:00+08:00,2445.0,2445.0,False,433.56,32.125,2785.623,13.024184690810255
2026-07-09 00:10:00+08:00,2451.0,2451.0,False,435.22,32.125,2796.2885,13.160644778727148
2026-07-09 00:25:00+08:00,2450.0,2450.0,False,435.71,32.12,2799.0010399999996,13.297807995861998
2026-07-09 00:40:00+08:00,2463.0,2463.0,False,439.05,32.123,2820.72063,13.54048236270962
2026-07-09 00:55:00+08:00,2462.0,2462.0,False,439.3,32.123,2822.32678,13.63756614612694
2026-07-09 01:10:00+08:00,2465.0,2465.0,False,439.35,32.121,2822.47227,13.521480652606815
2026-07-09 01:25:00+08:00,2464.0,2464.0,False,439.0,32.12,2820.1359999999995,13.479441104468147
2026-07-09 01:40:00+08:00,2456.0,2456.0,False,436.67,32.113,2804.5567419999998,13.25170544087631
2026-07-09 01:55:00+08:00,2462.0,2462.0,False,437.1,32.12,2807.9304,13.128461810425435
2026-07-09 02:10:00+08:00,2462.0,2462.0,False,437.72,32.12,2811.9132799999998,13.269587929212207
2026-07-09 02:25:00+08:00,2461.0,2461.0,False,437.09,32.11,2806.99198,13.13563047603576
2026-07-09 02:40:00+08:00,2461.0,2461.0,False,436.96,32.115,2806.59408,13.121515240217594
2026-07-09 02:55:00+08:00,2460.0,2460.0,False,437.16,32.115,2807.8786800000003,13.207543344563138
2026-07-09 03:10:00+08:00,2458.0,2458.0,False,437.21,32.106,2807.412852,13.27200209447128
2026-07-09 03:25:00+08:00,2458.0,2458.0,False,436.29,32.106,2801.505348,13.062268227586186
2026-07-09 03:40:00+08:00,2461.0,2461.0,False,436.81,32.115,2805.63063,13.087328662727963
2026-07-09 03:55:00+08:00,2456.0,2456.0,False,437.24,32.115,2808.3925200000003,13.387775271742097
2026-07-09 04:10:00+08:00,2455.0,2455.0,False,436.5,32.102,2802.5045999999998,13.21937407339595
2026-07-09 04:25:00+08:00,2454.0,2454.0,False,435.86,32.113,2799.354436,13.147958707425774
2026-07-09 04:40:00+08:00,2459.0,2459.0,False,436.23,32.121,2802.428766,13.054581988043967
2026-07-09 04:55:00+08:00,2461.0,2461.0,False,436.03,32.121,2801.1439259999997,12.927959811945279
2026-07-09 08:45:00+08:00,2459.0,2459.0,False,439.26,32.118,2821.630536,13.734364997809045
2026-07-09 09:00:00+08:00,2450.0,2450.0,False,440.02,32.119,2826.600476,14.274360081379037
2026-07-09 09:15:00+08:00,2445.0,2445.0,False,438.82,32.12,2818.9796799999995,14.209009256661853
2026-07-09 09:30:00+08:00,2453.0,2453.0,False,439.07,32.122,2820.761308,13.94683174007617
2026-07-09 09:45:00+08:00,2440.0,2440.0,False,437.81,32.124,2812.841688,14.195809055191916
2026-07-09 10:00:00+08:00,2450.0,2450.0,False,439.12,32.108,2819.8529919999996,14.036558232704477
2026-07-09 10:15:00+08:00,2449.0,2449.0,False,439.18,32.114,2820.7653039999996,14.109368541244608
2026-07-09 10:30:00+08:00,2438.0,2438.0,False,437.07,32.129,2808.5244059999995,14.124566182376377
2026-07-09 10:45:00+08:00,2437.0,2437.0,False,436.93,32.13,2807.7121800000004,14.136607206536944
2026-07-09 11:00:00+08:00,2435.0,2435.0,False,436.41,32.125,2803.9342500000002,14.084324497869016
2026-07-09 11:15:00+08:00,2441.0,2441.0,False,437.35,32.127,2810.1486900000004,14.05973099573383
2026-07-09 11:30:00+08:00,2445.0,2445.0,False,438.04,32.125,2814.407,14.047477215587238
2026-07-09 11:45:00+08:00,2449.0,2449.0,False,438.01,32.148,2816.229096,13.949216237484684
2026-07-09 12:00:00+08:00,2450.0,2450.0,False,437.88,32.115,2812.50324,13.776836743572247
2026-07-09 12:15:00+08:00,2442.0,2442.0,False,437.89,32.134,2814.231452,14.16343459755242
2026-07-09 12:30:00+08:00,2447.0,2447.0,False,438.84,32.161,2822.7066480000003,14.259110538632788
2026-07-09 12:45:00+08:00,2447.0,2447.0,False,439.05,32.122,2820.63282,14.185985727076545
2026-07-09 13:00:00+08:00,2444.0,2444.0,False,438.91,32.13,2820.43566,14.30108312882297
2026-07-09 13:15:00+08:00,2429.0,2429.0,False,437.77,32.169,2816.5246259999994,14.775438249939482
2026-07-09 13:30:00+08:00,2436.0,2436.0,False,437.89,32.167,2817.121526,14.510287801782711
2026-07-09 17:25:00+08:00,2449.0,2449.0,False,441.85,32.22,2847.2814000000003,15.04003922450194
2026-07-09 17:40:00+08:00,2449.0,2449.0,False,441.46,32.217,2844.5033639999997,14.942972047197877
2026-07-09 17:55:00+08:00,2449.0,2449.0,False,440.89,32.225,2841.5360499999997,14.839178725565993
2026-07-09 18:10:00+08:00,2448.0,2448.0,False,441.33,32.22,2843.93052,14.963557004523933
2026-07-09 18:25:00+08:00,2448.0,2448.0,False,441.82,32.229,2847.883356,15.101667809467509
2026-07-09 18:40:00+08:00,2441.0,2441.0,False,440.3,32.229,2838.08574,15.043731417023734
2026-07-09 18:55:00+08:00,2445.0,2445.0,False,439.87,32.218,2834.346332,14.749793156779017
2026-07-09 19:10:00+08:00,2445.0,2445.0,False,441.04,32.228,2842.7674240000006,15.04481540525488
2026-07-09 19:25:00+08:00,2450.0,2450.0,False,442.42,32.23,2851.83932,15.158487300214901
2026-07-09 19:40:00+08:00,2456.0,2456.0,False,444.14,32.229,2862.837612,15.297989586375808
2026-07-09 19:55:00+08:00,2456.0,2456.0,False,445.03,32.233,2868.9303979999995,15.509325648842012
2026-07-09 20:10:00+08:00,2455.0,2455.0,False,445.7,32.24,2873.8736,15.720905821447891
2026-07-09 20:25:00+08:00,2461.0,2461.0,False,448.16,32.248,2890.452736,16.04994969351067
2026-07-09 20:40:00+08:00,2458.0,2458.0,False,446.93,32.248,2882.5197279999998,15.898067964219672
2026-07-09 20:55:00+08:00,2458.0,2458.0,False,446.87,32.25,2882.3115000000003,15.890889510845959
2026-07-09 21:10:00+08:00,2462.0,2462.0,False,448.31,32.25,2891.5995,16.048996567636404
2026-07-09 21:25:00+08:00,2462.0,2462.0,False,444.92,32.25,2869.734,15.294611471615047
2026-07-09 21:40:00+08:00,2462.0,2462.0,False,444.19,32.276,2867.335288,15.211476332243116
2026-07-09 21:55:00+08:00,2464.0,2464.0,False,444.46,32.27,2868.54484,15.172674666154332
2026-07-09 22:10:00+08:00,2456.0,2456.0,False,441.36,32.268,2848.360896,14.793898970783761
2026-07-09 22:25:00+08:00,2458.0,2458.0,False,442.48,32.25,2853.996,14.909499178839747
2026-07-09 22:40:00+08:00,2460.0,2460.0,False,442.94,32.259,2857.760292,14.959692432860791
2026-07-09 22:55:00+08:00,2462.0,2462.0,False,444.38,32.261,2867.2286360000003,15.207778223760196
2026-07-09 23:10:00+08:00,2462.0,2462.0,False,444.27,32.257,2866.1634779999995,15.170836242873985
2026-07-09 23:25:00+08:00,2463.0,2463.0,False,444.43,32.251,2866.662386,15.147765721909273
2026-07-09 23:40:00+08:00,2466.0,2466.0,False,445.35,32.259,2873.30913,15.256997490984386
2026-07-09 23:55:00+08:00,2468.0,2468.0,False,444.6,32.258,2868.3813600000003,15.00572515304642
2026-07-10 00:10:00+08:00,2465.0,2465.0,False,443.25,32.261,2859.9376500000003,14.833512651551903
2026-07-10 00:25:00+08:00,2464.0,2464.0,False,442.27,32.263,2853.791402,14.6598981619851
2026-07-10 00:40:00+08:00,2466.0,2466.0,False,442.86,32.271,2858.307012,14.736453443267377
2026-07-10 00:55:00+08:00,2467.0,2467.0,False,443.09,32.271,2859.791478,14.747770008353239
2026-07-10 01:10:00+08:00,2468.0,2468.0,False,443.7,32.27,2863.6398,14.841205139176877
2026-07-10 01:25:00+08:00,2467.0,2467.0,False,443.1,32.262,2859.0584400000002,14.722273306486672
2026-07-10 01:40:00+08:00,2465.0,2465.0,False,441.55,32.259,2848.7922900000003,14.445137071776672
2026-07-10 01:55:00+08:00,2465.0,2465.0,False,441.06,32.253,2845.1016360000003,14.316171781838955
2026-07-10 02:10:00+08:00,2460.0,2460.0,False,439.49,32.258,2835.413684,14.178823653921732
2026-07-10 02:25:00+08:00,2463.0,2463.0,False,440.06,32.252,2838.563024,14.168011294021731
2026-07-10 02:40:00+08:00,2463.0,2463.0,False,440.99,32.244,2843.856312,14.353368156541107
2026-07-10 02:55:00+08:00,2460.0,2460.0,False,439.0,32.257,2832.1645999999996,14.064740163221664
2026-07-10 03:10:00+08:00,2459.0,2459.0,False,439.56,32.259,2835.953208,14.238207334126074
2026-07-10 03:25:00+08:00,2456.0,2456.0,False,439.19,32.247,2832.511986,14.238862916325818
2026-07-10 03:40:00+08:00,2452.0,2452.0,False,437.29,32.26,2821.39508,14.00976313726146
2026-07-10 03:55:00+08:00,2455.0,2455.0,False,438.39,32.249,2827.527822,14.104149927939558
2026-07-10 04:10:00+08:00,2456.0,2456.0,False,439.44,32.245,2833.94856,14.289309459750205
2026-07-10 04:25:00+08:00,2456.0,2456.0,False,439.75,32.264,2837.6188,14.418068788783966
2026-07-10 04:40:00+08:00,2456.0,2456.0,False,439.78,32.263,2837.7244279999995,14.421771786266453
2026-07-10 04:55:00+08:00,2456.0,2456.0,False,439.66,32.265,2837.1259800000003,14.400790060167818
2026-07-13 08:45:00+08:00,2452.0,2452.0,False,436.18,32.221,2810.8311559999997,13.63643048251346
2026-07-13 09:00:00+08:00,2452.0,2452.0,False,434.5,32.224,2800.2655999999997,13.261538030369207
2026-07-13 09:15:00+08:00,2456.0,2456.0,False,436.1,32.229,2811.01338,13.48063330721973
2026-07-13 09:30:00+08:00,2462.0,2462.0,False,438.53,32.185,2822.81761,13.65487464760397
2026-07-13 09:45:00+08:00,2462.0,2462.0,False,436.98,32.19,2813.27724,13.317868389415679
2026-07-13 10:00:00+08:00,2461.0,2461.0,False,437.39,32.203,2817.0540340000002,13.491867711333864
2026-07-13 10:15:00+08:00,2479.0,2479.0,False,438.7,32.223,2827.2460199999996,13.125890457676126
2026-07-13 10:30:00+08:00,2477.0,2477.0,False,438.22,32.216,2823.5391040000004,13.075617298568293
2026-07-13 10:45:00+08:00,2475.0,2475.0,False,437.05,32.181,2812.94121,12.781579695361248
2026-07-13 11:00:00+08:00,2464.0,2464.0,False,436.44,32.222,2812.593936,13.21283919998805
2026-07-13 11:15:00+08:00,2465.0,2465.0,False,436.42,32.201,2810.632084,13.102963910172468
2026-07-13 11:30:00+08:00,2455.0,2455.0,False,436.38,32.203,2810.5490280000004,13.50472765933195
2026-07-13 11:45:00+08:00,2452.0,2452.0,False,435.06,32.169,2799.0890279999994,13.219696948546936
2026-07-13 12:00:00+08:00,2447.0,2447.0,False,434.61,32.184,2797.4976479999996,13.366300131096926
2026-07-13 12:15:00+08:00,2454.0,2454.0,False,435.15,32.185,2801.06055,13.208622305978954
2026-07-13 12:30:00+08:00,2450.0,2450.0,False,432.96,32.159,2784.712128,12.788177069361858
2026-07-13 12:45:00+08:00,2454.0,2454.0,False,433.4,32.176,2789.01568,12.779503264808087
2026-07-13 13:00:00+08:00,2471.0,2471.0,False,436.94,32.198,2813.718824,12.970181968568632
2026-07-13 13:15:00+08:00,2456.0,2456.0,False,433.69,32.195,2792.52991,12.823777925274324
2026-07-13 13:30:00+08:00,2459.0,2459.0,False,434.1,32.193,2794.99626,12.790121780558705
2026-07-13 17:25:00+08:00,2463.0,2463.0,False,435.66,32.25,2810.0070000000005,13.161636235263883
2026-07-13 17:40:00+08:00,2464.0,2464.0,False,435.57,32.24,2808.5553600000003,13.069767369877376
2026-07-13 17:55:00+08:00,2459.0,2459.0,False,434.6,32.248,2802.9961599999997,13.074740062144011
2026-07-13 18:10:00+08:00,2459.0,2459.0,False,434.2,32.229,2798.76636,12.924361287137915
2026-07-13 18:25:00+08:00,2458.0,2458.0,False,434.13,32.243,2799.530718,12.99205791915641
2026-07-13 18:40:00+08:00,2459.0,2459.0,False,434.66,32.224,2801.2967679999997,13.014351968972399
2026-07-13 18:55:00+08:00,2462.0,2462.0,False,435.83,32.241,2810.3190059999997,13.21312331835786
2026-07-13 19:10:00+08:00,2461.0,2461.0,False,435.25,32.239,2806.4049499999996,13.114805232508264
2026-07-13 19:25:00+08:00,2462.0,2462.0,False,435.99,32.235,2810.82753,13.231137488011106
2026-07-13 19:40:00+08:00,2457.0,2457.0,False,434.64,32.238,2802.384864,13.134040308178523
2026-07-13 19:55:00+08:00,2456.0,2456.0,False,434.23,32.238,2799.741348,13.080603676617613
2026-07-13 20:10:00+08:00,2455.0,2455.0,False,434.1,32.223,2797.60086,13.044998816072233
2026-07-13 20:25:00+08:00,2454.0,2454.0,False,434.17,32.235,2799.0939900000003,13.138694668587123
2026-07-13 20:40:00+08:00,2457.0,2457.0,False,435.18,32.236,2805.6924959999997,13.25148662077556
2026-07-13 20:55:00+08:00,2457.0,2457.0,False,435.17,32.223,2804.496582,13.209039541670094
2026-07-13 21:10:00+08:00,2457.0,2457.0,False,435.52,32.219,2806.403776,13.276723233478945
2026-07-13 21:25:00+08:00,2450.0,2450.0,False,431.87,32.219,2782.883906,12.722770540287238
2026-07-13 21:40:00+08:00,2441.0,2441.0,False,427.11,32.208,2751.271776,11.951291819282462
2026-07-13 21:55:00+08:00,2449.0,2449.0,False,429.61,32.2,2766.6884,12.182031426570651
2026-07-13 22:10:00+08:00,2454.0,2454.0,False,430.83,32.196,2774.2005359999994,12.248976824633392
2026-07-13 22:25:00+08:00,2457.0,2457.0,False,434.1,32.187,2794.47534,12.852591629993256
2026-07-13 22:40:00+08:00,2447.0,2447.0,False,430.5,32.185,2771.1285000000003,12.42317049110616
2026-07-13 22:55:00+08:00,2451.0,2451.0,False,431.25,32.178,2775.3525,12.412193781418301
2026-07-13 23:10:00+08:00,2454.0,2454.0,False,431.6,32.199,2779.41768,12.436144022809966
2026-07-13 23:25:00+08:00,2449.0,2449.0,False,430.5,32.195,2771.9895,12.372731260999476
2026-07-13 23:40:00+08:00,2449.0,2449.0,False,429.65,32.184,2765.5711199999996,12.141789332810927
2026-07-13 23:55:00+08:00,2449.0,2449.0,False,429.97,32.197,2768.7488180000005,12.25619818634974
2026-07-14 00:10:00+08:00,2446.0,2446.0,False,428.64,32.201,2760.527328,12.082038878717286
2026-07-14 00:25:00+08:00,2442.0,2442.0,False,427.25,32.233,2754.3098499999996,12.02044754894667
2026-07-14 00:40:00+08:00,2440.0,2440.0,False,425.83,32.22,2744.04852,11.73015718610596
2026-07-14 00:55:00+08:00,2445.0,2445.0,False,426.83,32.231,2751.4315460000003,11.793922167064
2026-07-14 01:10:00+08:00,2438.0,2438.0,False,424.83,32.22,2737.60452,11.577566208632954
2026-07-14 01:25:00+08:00,2440.0,2440.0,False,424.79,32.208,2736.327264,11.449324932018055
2026-07-14 01:40:00+08:00,2437.0,2437.0,False,423.99,32.221,2732.276358,11.424282145141216
2026-07-14 01:55:00+08:00,2441.0,2441.0,False,424.45,32.224,2735.49536,11.378175368440777
2026-07-14 02:10:00+08:00,2437.0,2437.0,False,424.22,32.226,2734.182744,11.493801658617238
2026-07-14 02:25:00+08:00,2436.0,2436.0,False,424.19,32.224,2733.8197119999995,11.521473807247519
2026-07-14 02:40:00+08:00,2436.0,2436.0,False,424.71,32.229,2737.5957179999996,11.659036942167177
2026-07-14 02:55:00+08:00,2436.0,2436.0,False,423.7,32.229,2731.08546,11.421737158572167
2026-07-14 03:10:00+08:00,2434.0,2434.0,False,422.37,32.229,2722.512546,11.190219879278848
2026-07-14 03:25:00+08:00,2432.0,2432.0,False,422.29,32.23,2722.0813399999997,11.256374157261543
2026-07-14 03:40:00+08:00,2434.0,2434.0,False,424.5,32.229,2736.2421,11.691603377721904
2026-07-14 03:55:00+08:00,2431.0,2431.0,False,422.8,32.23,2725.3687999999997,11.41767827002598
2026-07-14 04:10:00+08:00,2430.0,2430.0,False,422.64,32.236,2724.844608,11.439514880523046
2026-07-14 04:25:00+08:00,2429.0,2429.0,False,423.0,32.235,2727.081,11.56230866039537
2026-07-14 04:40:00+08:00,2429.0,2429.0,False,422.9,32.235,2726.4363,11.53874406323282
2026-07-14 04:55:00+08:00,2430.0,2430.0,False,423.3,32.234,2728.93044,11.588853289520223
2026-07-14 08:45:00+08:00,2431.0,2431.0,False,427.02,32.224,2752.0584959999996,12.388766063426642
2026-07-14 09:00:00+08:00,2416.0,2416.0,False,427.0,32.236,2752.9543999999996,13.03762323768999
2026-07-14 09:15:00+08:00,2428.0,2428.0,False,428.03,32.235,2759.5094099999997,12.781062502207574
2026-07-14 09:30:00+08:00,2419.0,2419.0,False,426.64,32.223,2749.524144,12.78988487975611
2026-07-14 09:45:00+08:00,2410.0,2410.0,False,424.51,32.218,2735.3726360000005,12.647194246865837
2026-07-14 10:00:00+08:00,2403.0,2403.0,False,423.9,32.215,2731.1877,12.784405992792196
2026-07-14 10:15:00+08:00,2398.0,2398.0,False,423.83,32.221,2731.245286,12.993930585054104
2026-07-14 10:30:00+08:00,2408.0,2408.0,False,425.7,32.215,2742.7851,12.999381395275064
2026-07-14 10:45:00+08:00,2399.0,2399.0,False,424.6,32.21,2735.2732000000005,13.099154910572366
2026-07-14 11:00:00+08:00,2394.0,2394.0,False,422.71,32.212,2723.266904,12.868857934403339
2026-07-14 11:15:00+08:00,2403.0,2403.0,False,421.86,32.217,2718.212724,12.310081263478482
2026-07-14 11:30:00+08:00,2398.0,2398.0,False,421.89,32.206,2717.4778680000004,12.490636309796283
2026-07-14 11:45:00+08:00,2414.0,2414.0,False,424.28,32.215,2733.6360400000003,12.41875056885336
2026-07-14 12:00:00+08:00,2409.0,2409.0,False,423.54,32.223,2729.545884,12.476132012291286
2026-07-14 12:15:00+08:00,2411.0,2411.0,False,424.45,32.204,2733.79756,12.548503852112693
2026-07-14 12:30:00+08:00,2415.0,2415.0,False,424.3,32.207,2733.08602,12.357447749095698
2026-07-14 12:45:00+08:00,2420.0,2420.0,False,425.54,32.222,2742.3499760000004,12.488497583411435
2026-07-14 13:00:00+08:00,2425.0,2425.0,False,427.12,32.224,2752.7029759999996,12.658237736656124
2026-07-14 13:15:00+08:00,2425.0,2425.0,False,427.77,32.229,2757.319866,12.82513911116423
2026-07-14 13:30:00+08:00,2424.0,2424.0,False,427.64,32.216,2755.3700479999998,12.795766470787598
2026-07-14 17:25:00+08:00,2445.0,2445.0,False,427.97,32.2,2756.1268000000005,11.963822916218865
2026-07-14 17:40:00+08:00,2443.0,2443.0,False,427.9,32.202,2755.84716,12.035251292134538
2026-07-14 17:55:00+08:00,2443.0,2443.0,False,427.7,32.202,2754.55908,11.988669111963226
2026-07-14 18:10:00+08:00,2441.0,2441.0,False,427.07,32.198,2750.159972,11.911016946791944
2026-07-14 18:25:00+08:00,2443.0,2443.0,False,427.94,32.199,2755.8480119999995,12.035282096259886
2026-07-14 18:40:00+08:00,2441.0,2441.0,False,427.36,32.199,2752.112928,11.981750919474708
2026-07-14 18:55:00+08:00,2441.0,2441.0,False,426.89,32.198,2749.0008439999997,11.869009399336417
2026-07-14 19:10:00+08:00,2445.0,2445.0,False,429.03,32.191,2762.180946,12.182443794032116
2026-07-14 19:25:00+08:00,2446.0,2446.0,False,428.99,32.201,2762.781398,12.16335928866716
2026-07-14 19:40:00+08:00,2448.0,2448.0,False,429.6,32.199,2766.53808,12.21730765460245
2026-07-14 19:55:00+08:00,2445.0,2445.0,False,428.69,32.197,2760.506386,12.12202474089905
2026-07-14 20:10:00+08:00,2449.0,2449.0,False,429.65,32.193,2766.3444899999995,12.169646342959005
2026-07-14 20:25:00+08:00,2452.0,2452.0,False,431.28,32.182,2775.890592,12.39087109036425
2026-07-14 20:40:00+08:00,2452.0,2452.0,False,431.54,32.195,2778.68606,12.491136200974754
2026-07-14 20:55:00+08:00,2455.0,2455.0,False,432.92,32.178,2786.0999519999996,12.634750530703087
2026-07-14 21:10:00+08:00,2458.0,2458.0,False,433.39,32.173,2788.691294,12.605708072749447
2026-07-14 21:25:00+08:00,2451.0,2451.0,False,426.48,32.165,2743.5458399999998,11.26357718310172
2026-07-14 21:40:00+08:00,2446.0,2446.0,False,423.98,32.163,2727.2937479999996,10.874841511126176
2026-07-14 21:55:00+08:00,2442.0,2442.0,False,423.13,32.156,2721.233656,10.81623163327164
2026-07-14 22:10:00+08:00,2438.0,2438.0,False,421.84,32.155,2712.85304,10.672136745722412
2026-07-14 22:25:00+08:00,2446.0,2446.0,False,425.01,32.161,2733.749322,11.110550110131378
2026-07-14 22:40:00+08:00,2445.0,2445.0,False,424.52,32.161,2730.5975439999997,11.03631190686722
2026-07-14 22:55:00+08:00,2449.0,2449.0,False,426.01,32.161,2740.181522,11.222637742214634
2026-07-14 23:10:00+08:00,2450.0,2450.0,False,426.48,32.159,2743.034064,11.285659226902386
2026-07-14 23:25:00+08:00,2445.0,2445.0,False,423.16,32.155,2721.34196,10.697780446573466
2026-07-14 23:40:00+08:00,2441.0,2441.0,False,422.81,32.138,2717.653556,10.725804824719273
2026-07-14 23:55:00+08:00,2441.0,2441.0,False,421.4,32.165,2710.8661999999995,10.476444438716188
2026-07-15 00:10:00+08:00,2441.0,2441.0,False,420.57,32.155,2704.68567,10.248805967193867
2026-07-15 00:25:00+08:00,2443.0,2443.0,False,420.56,32.166,2705.5465919999997,10.198862428785405
2026-07-15 00:40:00+08:00,2443.0,2443.0,False,421.0,32.166,2708.3772,10.303155435792972
2026-07-15 00:55:00+08:00,2444.0,2444.0,False,422.43,32.166,2717.5766759999997,10.600508068476854
2026-07-15 01:10:00+08:00,2445.0,2445.0,False,422.75,32.165,2719.55075,10.632125165969173
2026-07-15 01:25:00+08:00,2444.0,2444.0,False,423.37,32.168,2723.793232,10.828344689468798
2026-07-15 01:40:00+08:00,2446.0,2446.0,False,424.21,32.153,2727.9248259999995,10.897909632674647
2026-07-15 01:55:00+08:00,2445.0,2445.0,False,424.28,32.16,2728.9689599999992,10.976832763990888
2026-07-15 02:10:00+08:00,2445.0,2445.0,False,424.27,32.127,2726.1044580000002,10.872124525162716
2026-07-15 02:25:00+08:00,2446.0,2446.0,False,424.56,32.133,2728.477296,10.918099736116806
2026-07-15 02:40:00+08:00,2445.0,2445.0,False,423.95,32.137,2724.89623,10.827924490082069
2026-07-15 02:55:00+08:00,2442.0,2442.0,False,422.43,32.159,2716.9852739999997,10.660440353875671
2026-07-15 03:10:00+08:00,2444.0,2444.0,False,422.86,32.148,2718.8206560000003,10.646143816001667
2026-07-15 03:25:00+08:00,2442.0,2442.0,False,421.9,32.168,2714.3358399999997,10.56315369869313
2026-07-15 03:40:00+08:00,2442.0,2442.0,False,421.91,32.167,2714.3157940000006,10.562417232740984
2026-07-15 03:55:00+08:00,2442.0,2442.0,False,421.85,32.163,2713.59231,10.535833466630336
2026-07-15 04:10:00+08:00,2443.0,2443.0,False,421.84,32.163,2713.5279839999994,10.492640972352353
2026-07-15 04:25:00+08:00,2443.0,2443.0,False,422.81,32.163,2719.767606,10.7216759351457
2026-07-15 04:40:00+08:00,2443.0,2443.0,False,422.84,32.163,2719.9605839999995,10.72875066520165
2026-07-15 04:55:00+08:00,2441.0,2441.0,False,423.01,32.163,2721.054126,10.850491651741352
2026-07-15 08:45:00+08:00,2453.0,2453.0,False,425.44,32.183,2738.387104,10.99463778303518
2026-07-15 09:00:00+08:00,2451.0,2451.0,False,424.67,32.18,2733.17612,10.886054542452547
2026-07-15 09:15:00+08:00,2466.0,2466.0,False,425.79,32.18,2740.3844400000003,10.540306547166935
2026-07-15 09:30:00+08:00,2460.0,2460.0,False,424.84,32.165,2732.99572,10.513997496612607
2026-07-15 09:45:00+08:00,2468.0,2468.0,False,426.69,32.16,2744.47008,10.60802559081548
2026-07-15 10:00:00+08:00,2463.0,2463.0,False,427.33,32.165,2749.0138899999997,10.975177581501024
2026-07-15 10:15:00+08:00,2460.0,2460.0,False,426.96,32.19,2748.7684799999997,11.08778326810946
2026-07-15 10:30:00+08:00,2462.0,2462.0,False,427.4,32.196,2752.11408,11.128029634518462
2026-07-15 10:45:00+08:00,2461.0,2461.0,False,427.02,32.19,2749.15476,11.06127450233359
2026-07-15 11:00:00+08:00,2463.0,2463.0,False,427.27,32.194,2751.106076,11.05102473177993
2026-07-15 11:15:00+08:00,2467.0,2467.0,False,427.86,32.185,2754.13482,10.998942946276962
2026-07-15 11:30:00+08:00,2470.0,2470.0,False,427.97,32.189,2755.185266,10.915795382632082
2026-07-15 11:45:00+08:00,2471.0,2471.0,False,429.1,32.186,2762.20252,11.129036909506029
2026-07-15 12:00:00+08:00,2468.0,2468.0,False,428.36,32.175,2756.4965999999995,11.043996085670704
2026-07-15 12:15:00+08:00,2467.0,2467.0,False,427.96,32.172,2753.6658239999997,10.981964127340389
2026-07-15 12:30:00+08:00,2470.0,2470.0,False,427.99,32.171,2753.773258,10.864685122594581
2026-07-15 12:45:00+08:00,2475.0,2475.0,False,428.61,32.177,2758.2767940000003,10.825981699449942
2026-07-15 13:00:00+08:00,2482.0,2482.0,False,428.88,32.198,2761.8156480000002,10.67221530210439
2026-07-15 13:15:00+08:00,2468.0,2468.0,False,429.02,32.198,2762.717192,11.268710625409016
2026-07-15 13:30:00+08:00,2469.0,2469.0,False,429.45,32.198,2765.48622,11.328188003138912
2026-07-15 17:25:00+08:00,2475.0,2475.0,False,427.98,32.221,2757.988716,10.815567598483614
2026-07-15 17:40:00+08:00,2473.0,2473.0,False,426.98,32.207,2750.3489720000002,10.619584235583035
2026-07-15 17:55:00+08:00,2475.0,2475.0,False,426.99,32.21,2750.66958,10.550593594936029
2026-07-15 18:10:00+08:00,2475.0,2475.0,False,427.04,32.194,2749.6251520000005,10.512721736405272
2026-07-15 18:25:00+08:00,2474.0,2474.0,False,427.34,32.213,2753.180684,10.681883825234916
2026-07-15 18:40:00+08:00,2473.0,2473.0,False,427.43,32.213,2753.760518,10.743194260885401
2026-07-15 18:55:00+08:00,2474.0,2474.0,False,427.56,32.221,2755.2821519999998,10.757964241513346
2026-07-15 19:10:00+08:00,2475.0,2475.0,False,427.34,32.222,2753.949896,10.669442299050864
2026-07-15 19:25:00+08:00,2476.0,2476.0,False,427.19,32.222,2752.983236,10.594152763506777
2026-07-15 19:40:00+08:00,2476.0,2476.0,False,427.24,32.228,2753.818144,10.624390231187352
2026-07-15 19:55:00+08:00,2471.0,2471.0,False,426.55,32.228,2749.3706800000004,10.66478597263137
2026-07-15 20:10:00+08:00,2472.0,2472.0,False,425.73,32.229,2744.170434,10.435641911772706
2026-07-15 20:25:00+08:00,2476.0,2476.0,False,426.14,32.227,2746.6427559999997,10.364207112924719
2026-07-15 20:40:00+08:00,2477.0,2477.0,False,427.28,32.12,2744.8467199999996,10.25869713770532
2026-07-15 20:55:00+08:00,2476.0,2476.0,False,426.32,32.185,2744.22184,10.276262129120557
2026-07-15 21:10:00+08:00,2477.0,2477.0,False,425.91,32.19,2742.00858,10.15551424903004
2026-07-15 21:25:00+08:00,2474.0,2474.0,False,425.82,32.207,2742.876948,10.307965883806393
2026-07-15 21:40:00+08:00,2470.0,2470.0,False,423.63,32.227,2730.4648019999995,10.016981632096797
2026-07-15 21:55:00+08:00,2473.0,2473.0,False,424.3,32.22,2734.1892,10.031869016781638
2026-07-15 22:10:00+08:00,2462.0,2462.0,False,419.74,32.218,2704.6366640000006,9.39244153515342
2026-07-15 22:25:00+08:00,2456.0,2456.0,False,416.7,32.214,2684.71476,8.898169638962807
2026-07-15 22:40:00+08:00,2461.0,2461.0,False,419.67,32.211,2703.598074,9.394654551001949
2026-07-15 22:55:00+08:00,2462.0,2462.0,False,420.76,32.193,2709.1053359999996,9.557157317206876
2026-07-15 23:10:00+08:00,2457.0,2457.0,False,418.94,32.211,2698.8952679999998,9.383249869380386
2026-07-15 23:25:00+08:00,2459.0,2459.0,False,419.88,32.165,2701.0880399999996,9.38309726978998
2026-07-15 23:40:00+08:00,2455.0,2455.0,False,417.63,32.188,2688.534888,9.080715620101772
2026-07-15 23:55:00+08:00,2455.0,2455.0,False,416.05,32.218,2680.8597800000002,8.795402899414835
2026-07-16 00:10:00+08:00,2445.0,2445.0,False,411.88,32.209,2653.248584,8.169416636668258
2026-07-16 00:25:00+08:00,2446.0,2446.0,False,412.15,32.22,2655.8945999999996,8.228104124299222
2026-07-16 00:40:00+08:00,2453.0,2453.0,False,415.69,32.217,2678.456946,8.787248860218725
2026-07-16 00:55:00+08:00,2459.0,2459.0,False,417.71,32.21,2690.88782,9.005548396586235
2026-07-16 01:10:00+08:00,2462.0,2462.0,False,419.13,32.219,2700.789894,9.250420757099283
2026-07-16 01:25:00+08:00,2461.0,2461.0,False,419.14,32.216,2700.602848,9.284048194170555
2026-07-16 01:40:00+08:00,2463.0,2463.0,False,420.7,32.218,2710.82252,9.579861660967843
2026-07-16 01:55:00+08:00,2466.0,2466.0,False,422.4,32.2,2720.2560000000003,9.804992271881693
2026-07-16 02:10:00+08:00,2465.0,2465.0,False,421.97,32.219,2719.090286,9.8026952457286
2026-07-16 02:25:00+08:00,2464.0,2464.0,False,420.13,32.21,2706.47746,9.379306335860134
2026-07-16 02:40:00+08:00,2461.0,2461.0,False,419.27,32.22,2701.77588,9.327380680332773
2026-07-16 02:55:00+08:00,2462.0,2462.0,False,419.27,32.202,2700.2665079999997,9.231081255907903
2026-07-16 03:10:00+08:00,2459.0,2459.0,False,418.7,32.213,2697.51662,9.251075389726946
2026-07-16 03:25:00+08:00,2465.0,2465.0,False,421.04,32.191,2710.7397280000005,9.49583019681551
2026-07-16 03:40:00+08:00,2466.0,2466.0,False,421.3,32.191,2712.41366,9.516955429937598
2026-07-16 03:55:00+08:00,2464.0,2464.0,False,420.88,32.19,2709.62544,9.49529272455409
2026-07-16 04:10:00+08:00,2467.0,2467.0,False,421.78,32.19,2715.4196399999996,9.587013683052483
2026-07-16 04:25:00+08:00,2468.0,2468.0,False,422.48,32.181,2719.165776,9.684123733314816
2026-07-16 04:40:00+08:00,2469.0,2469.0,False,422.78,32.179,2720.9275239999997,9.708325321885544
2026-07-16 04:55:00+08:00,2467.0,2467.0,False,421.23,32.179,2710.9520340000004,9.42272282161509
2026-07-16 08:45:00+08:00,2452.0,2452.0,False,421.38,32.201,2713.771476,10.134845384321832
2026-07-16 09:00:00+08:00,2458.0,2458.0,False,420.66,32.218,2710.564776,9.773110600171771
2026-07-16 09:15:00+08:00,2443.0,2443.0,False,419.72,32.211,2703.920184,10.138885961787825
2026-07-16 09:30:00+08:00,2441.0,2441.0,False,419.77,32.207,2703.906478,10.220068299558307
2026-07-16 09:45:00+08:00,2441.0,2441.0,False,420.52,32.225,2710.2514,10.453824870593584
2026-07-16 10:00:00+08:00,2439.0,2439.0,False,420.54,32.206,2708.7822480000004,10.48149416595138
2026-07-16 10:15:00+08:00,2450.0,2450.0,False,422.37,32.197,2719.8093780000004,10.437884969150613
2026-07-16 10:30:00+08:00,2459.0,2459.0,False,422.36,32.195,2719.5760400000004,10.063617410936015
2026-07-16 10:45:00+08:00,2464.0,2464.0,False,423.22,32.175,2723.4206999999997,10.001914824452147
2026-07-16 11:00:00+08:00,2471.0,2471.0,False,424.02,32.192,2730.010368,9.960001987060073
2026-07-16 11:15:00+08:00,2467.0,2467.0,False,423.1,32.184,2723.41008,9.88014727345012
2026-07-16 11:30:00+08:00,2469.0,2469.0,False,422.62,32.175,2719.5597,9.658160047768162
2026-07-16 11:45:00+08:00,2482.0,2482.0,False,423.53,32.175,2725.4155499999997,9.348804513978138
2026-07-16 12:00:00+08:00,2479.0,2479.0,False,423.49,32.189,2726.343922,9.503461277731114
2026-07-16 12:15:00+08:00,2472.0,2472.0,False,422.42,32.184,2719.0330559999998,9.517683795693392
2026-07-16 12:30:00+08:00,2472.0,2472.0,False,422.35,32.172,2717.56884,9.46393997540651
2026-07-16 12:45:00+08:00,2475.0,2475.0,False,423.12,32.183,2723.454192,9.55877200504531
2026-07-16 13:00:00+08:00,2481.0,2481.0,False,423.92,32.172,2727.6708479999998,9.471546780296752
2026-07-16 13:15:00+08:00,2482.0,2482.0,False,425.24,32.18,2736.8446400000003,9.766324065167046
2026-07-16 13:30:00+08:00,2457.0,2457.0,False,418.99,32.189,2697.373822,9.326984433066603
2026-07-16 17:25:00+08:00,2383.0,2383.0,False,405.28,32.275,2616.0824,9.32500732534434
2026-07-16 17:40:00+08:00,2366.0,2366.0,False,402.77,32.275,2599.88035,9.4194919537278
2026-07-16 17:55:00+08:00,2381.0,2381.0,False,403.88,32.26,2605.83376,9.017094646443558
2026-07-16 18:10:00+08:00,2370.0,2370.0,False,402.96,32.265,2600.30088,9.267080024338478
2026-07-16 18:25:00+08:00,2373.0,2373.0,False,403.0,32.26,2600.156,9.135285520904631
2026-07-16 18:40:00+08:00,2369.0,2369.0,False,402.48,32.265,2597.2034400000002,9.190257417243473
2026-07-16 18:55:00+08:00,2363.0,2363.0,False,400.29,32.27,2583.47166,8.91429993556256
2026-07-16 19:10:00+08:00,2368.0,2368.0,False,400.62,32.27,2585.6014800000003,8.785586845391537
2026-07-16 19:25:00+08:00,2368.0,2368.0,False,400.76,32.275,2586.9057999999995,8.83592176464786
2026-07-16 19:40:00+08:00,2367.0,2367.0,False,399.17,32.273,2576.4826820000003,8.47510532454214
2026-07-16 19:55:00+08:00,2367.0,2367.0,False,399.59,32.273,2579.1936140000003,8.580077148593409
2026-07-16 20:10:00+08:00,2367.0,2367.0,False,400.76,32.28,2587.30656,8.893537665945322
2026-07-16 20:25:00+08:00,2368.0,2368.0,False,402.35,32.299,2599.10053,9.305248750421411
2026-07-16 20:40:00+08:00,2370.0,2370.0,False,402.9,32.295,2602.3311000000003,9.34495693579216
2026-07-16 20:55:00+08:00,2377.0,2377.0,False,404.1,32.3,2610.486,9.362873399544375
2026-07-16 21:10:00+08:00,2387.0,2387.0,False,406.66,32.29,2626.2102800000002,9.54319753768638
2026-07-16 21:25:00+08:00,2393.0,2393.0,False,409.88,32.291,2647.087016,10.08264401758892
2026-07-16 21:40:00+08:00,2393.0,2393.0,False,410.18,32.292,2649.1065120000003,10.158710903487565
2026-07-16 21:55:00+08:00,2405.0,2405.0,False,414.37,32.282,2675.3384679999995,10.642537685345395
2026-07-16 22:10:00+08:00,2399.0,2399.0,False,412.98,32.292,2667.1900320000004,10.587444620356097
2026-07-16 22:25:00+08:00,2407.0,2407.0,False,415.55,32.292,2683.78812,10.87407739138042
2026-07-16 22:40:00+08:00,2397.0,2397.0,False,412.79,32.29,2665.7978200000002,10.618548461016768
2026-07-16 22:55:00+08:00,2394.0,2394.0,False,411.5,32.292,2657.6316,10.437483208395488
2026-07-16 23:10:00+08:00,2391.0,2391.0,False,412.05,32.286,2660.68926,10.677191177827913
2026-07-16 23:25:00+08:00,2397.0,2397.0,False,412.78,32.288,2665.568128,10.609956101710752
2026-07-16 23:40:00+08:00,2391.0,2391.0,False,410.01,32.291,2647.9265819999996,10.19767118329487
2026-07-16 23:55:00+08:00,2389.0,2389.0,False,408.9,32.292,2640.83976,10.013828353052737
2026-07-17 00:10:00+08:00,2378.0,2378.0,False,407.31,32.3,2631.2226,10.110255431651213
2026-07-17 00:25:00+08:00,2382.0,2382.0,False,407.5,32.3,2632.45,9.989131410224445
2026-07-17 00:40:00+08:00,2380.0,2380.0,False,407.02,32.3,2629.3491999999997,9.955353082592033
2026-07-17 00:55:00+08:00,2383.0,2383.0,False,407.51,32.3,2632.5145999999995,9.949710843230305
2026-07-17 01:10:00+08:00,2379.0,2379.0,False,406.13,32.286,2622.462636,9.735657495372728
2026-07-17 01:25:00+08:00,2378.0,2378.0,False,405.48,32.303,2619.644088,9.67032000458853
2026-07-17 01:40:00+08:00,2377.0,2377.0,False,404.78,32.31,2615.68836,9.561516473261316
2026-07-17 01:55:00+08:00,2384.0,2384.0,False,405.17,32.308,2618.046472,9.358028691261627
2026-07-17 02:10:00+08:00,2392.0,2392.0,False,407.08,32.298,2629.5739679999997,9.462131575236798
2026-07-17 02:25:00+08:00,2386.0,2386.0,False,405.53,32.32,2621.3459199999998,9.400026431567154
2026-07-17 02:40:00+08:00,2387.0,2387.0,False,405.97,32.321,2624.2712739999997,9.469504284513006
2026-07-17 02:55:00+08:00,2390.0,2390.0,False,407.65,32.287,2632.35911,9.65120592501797
2026-07-17 03:10:00+08:00,2391.0,2391.0,False,406.66,32.319,2628.568908,9.465709599936831
2026-07-17 03:25:00+08:00,2391.0,2391.0,False,406.67,32.322,2628.8775480000004,9.477424328598397
2026-07-17 03:40:00+08:00,2396.0,2396.0,False,409.29,32.301,2644.0952580000003,9.844863848801497
2026-07-17 03:55:00+08:00,2407.0,2407.0,False,411.99,32.32,2663.10336,10.10249069162961
2026-07-17 04:10:00+08:00,2403.0,2403.0,False,411.55,32.321,2660.3415099999997,10.164888522401869
2026-07-17 04:25:00+08:00,2401.0,2401.0,False,410.95,32.325,2656.7917500000003,10.11476006302554
2026-07-17 04:40:00+08:00,2400.0,2400.0,False,410.76,32.3,2653.5096,10.03301151342425
2026-07-17 04:55:00+08:00,2400.0,2400.0,False,410.08,32.295,2648.70672,9.852294212883102
2026-07-17 08:45:00+08:00,2385.0,2385.0,False,408.37,32.326,2640.1937239999997,10.156572582713022
2026-07-17 09:00:00+08:00,2398.0,2398.0,False,409.37,32.312,2645.512688,9.815091318751128
2026-07-17 09:15:00+08:00,2390.0,2390.0,False,408.96,32.301,2641.963392,10.014516099245904
2026-07-17 09:30:00+08:00,2388.0,2388.0,False,408.01,32.304,2636.071008,9.875298641479706
2026-07-17 09:45:00+08:00,2386.0,2386.0,False,408.09,32.345,2639.93421,10.104955591927652
2026-07-17 10:00:00+08:00,2381.0,2381.0,False,407.1,32.32,2631.4944000000005,9.994800193692006
2026-07-17 10:15:00+08:00,2381.0,2381.0,False,407.14,32.328,2632.4043840000004,10.029288074281158
2026-07-17 10:30:00+08:00,2379.0,2379.0,False,404.87,32.34,2618.6991600000006,9.592380506552962
2026-07-17 10:45:00+08:00,2371.0,2371.0,False,404.91,32.326,2617.824132,9.895082507189901
2026-07-17 11:00:00+08:00,2372.0,2372.0,False,405.89,32.34,2625.2965200000003,10.137342020281011
2026-07-17 11:15:00+08:00,2378.0,2378.0,False,407.25,32.339,2634.01155,10.215920192761734
2026-07-17 11:30:00+08:00,2365.0,2365.0,False,406.19,32.348,2627.886824,10.53045395446761
2026-07-17 11:45:00+08:00,2357.0,2357.0,False,403.92,32.36,2614.1702400000004,10.346466831117832
2026-07-17 12:00:00+08:00,2356.0,2356.0,False,403.28,32.339,2608.334384,10.165889905130927
2026-07-17 12:15:00+08:00,2341.0,2341.0,False,401.76,32.362,2600.351424,10.497185961732558
2026-07-17 12:30:00+08:00,2344.0,2344.0,False,401.8,32.365,2600.8514000000005,10.388639788042992
2026-07-17 12:45:00+08:00,2337.0,2337.0,False,401.36,32.343,2596.2372960000002,10.509824703149663
2026-07-17 13:00:00+08:00,2330.0,2330.0,False,399.55,32.378,2587.32598,10.466094013153063
2026-07-17 13:15:00+08:00,2298.0,2298.0,False,399.29,32.368,2584.8437440000002,11.749044574791958
2026-07-17 13:30:00+08:00,2279.0,2279.0,False,396.35,32.379,2566.68333,11.873798199685485
2026-07-17 17:25:00+08:00,2294.0,2294.0,False,395.38,32.4,2562.0624,11.040319415994317
2026-07-17 17:40:00+08:00,2290.0,2290.0,False,395.29,32.399,2561.400142,11.188528427099177
2026-07-17 17:55:00+08:00,2297.0,2297.0,False,397.26,32.409,2574.959868,11.410597604700957
2026-07-17 18:10:00+08:00,2297.0,2297.0,False,396.86,32.417,2573.002124,11.334784543104238
2026-07-17 18:25:00+08:00,2304.0,2304.0,False,399.29,32.405,2587.79849,11.603032732446023
2026-07-17 18:40:00+08:00,2302.0,2302.0,False,398.25,32.416,2581.9343999999996,11.4634791163452
2026-07-17 18:55:00+08:00,2298.0,2298.0,False,397.06,32.417,2574.298804,11.341619843724184
2026-07-17 19:10:00+08:00,2296.0,2296.0,False,396.7,32.417,2571.96478,11.337994109316451
2026-07-17 19:25:00+08:00,2298.0,2298.0,False,398.57,32.416,2584.009024,11.716857654050905
2026-07-17 19:40:00+08:00,2307.0,2307.0,False,398.02,32.41,2579.9656399999994,11.17117082902181
2026-07-17 19:55:00+08:00,2299.0,2299.0,False,395.83,32.409,2565.690894,10.964351068181143
2026-07-17 20:10:00+08:00,2301.0,2301.0,False,396.4,32.405,2569.0684,11.008814578456438
2026-07-17 20:25:00+08:00,2299.0,2299.0,False,396.07,32.403,2566.771242,11.006322684826284
2026-07-17 20:40:00+08:00,2297.0,2297.0,False,396.39,32.402,2568.765756,11.170523598053773
2026-07-17 20:55:00+08:00,2291.0,2291.0,False,394.45,32.398,2555.87822,10.929848367430202
2026-07-17 21:10:00+08:00,2292.0,2292.0,False,395.47,32.402,2562.803788,11.156116697007082
2026-07-17 21:25:00+08:00,2278.0,2278.0,False,387.83,32.404,2513.4486640000005,9.827869628198961
2026-07-17 21:40:00+08:00,2297.0,2297.0,False,393.83,32.408,2552.648528,10.542971373038034
2026-07-17 21:55:00+08:00,2323.0,2323.0,False,401.11,32.384,2597.909248,11.173107819931083
2026-07-17 22:10:00+08:00,2325.0,2325.0,False,401.35,32.404,2601.06908,11.20849405546705
2026-07-17 22:25:00+08:00,2326.0,2326.0,False,402.44,32.402,2607.972176,11.429824325786802
2026-07-17 22:40:00+08:00,2321.0,2321.0,False,400.63,32.404,2596.402904,11.201152696923693
2026-07-17 22:55:00+08:00,2311.0,2311.0,False,396.55,32.404,2569.96124,10.61107545283437
2026-07-17 23:10:00+08:00,2314.0,2314.0,False,397.28,32.409,2575.0895039999996,10.680495981363796
2026-07-17 23:25:00+08:00,2326.0,2326.0,False,399.96,32.41,2592.5407199999995,10.838203246592194
2026-07-17 23:40:00+08:00,2325.0,2325.0,False,401.25,32.41,2600.9024999999997,11.202109664168127
2026-07-17 23:55:00+08:00,2338.0,2338.0,False,404.1,32.41,2619.3761999999997,11.351819537117223
2026-07-18 00:10:00+08:00,2334.0,2334.0,False,401.92,32.41,2605.2454399999997,10.983274400714928
2026-07-18 00:25:00+08:00,2336.0,2336.0,False,401.88,32.416,2605.4684159999997,10.906410536895748
2026-07-18 00:40:00+08:00,2341.0,2341.0,False,403.48,32.409,2615.276664,11.067851235675088
2026-07-18 00:55:00+08:00,2346.0,2346.0,False,404.87,32.409,2624.286366,11.198001302446475
2026-07-18 01:10:00+08:00,2341.0,2341.0,False,403.03,32.41,2612.4404599999993,10.959673874832419
2026-07-18 01:25:00+08:00,2338.0,2338.0,False,402.55,32.413,2609.5706299999997,10.977938479677638
2026-07-18 01:40:00+08:00,2337.0,2337.0,False,401.19,32.412,2600.674056,10.680091598172508
2026-07-18 01:55:00+08:00,2330.0,2330.0,False,398.95,32.413,2586.2332699999997,10.423967127987794
2026-07-18 02:10:00+08:00,2324.0,2324.0,False,397.71,32.412,2578.115304,10.367577596253126
2026-07-18 02:25:00+08:00,2326.0,2326.0,False,398.38,32.41,2582.2991599999996,10.443501980836865
2026-07-18 02:40:00+08:00,2328.0,2328.0,False,397.92,32.407,2579.078688,10.233326341963894
2026-07-18 02:55:00+08:00,2321.0,2321.0,False,396.34,32.404,2568.600272,10.12762836331911
2026-07-18 03:10:00+08:00,2319.0,2319.0,False,395.43,32.401,2562.465486,9.975098121588974
2026-07-18 03:25:00+08:00,2328.0,2328.0,False,397.4,32.4,2575.1519999999996,10.081351750873708
2026-07-18 03:40:00+08:00,2332.0,2332.0,False,398.37,32.402,2581.596948,10.159439231237485
2026-07-18 03:55:00+08:00,2325.0,2325.0,False,398.42,32.405,2582.1600200000003,10.481012192465663
2026-07-18 04:10:00+08:00,2328.0,2328.0,False,398.17,32.41,2580.93794,10.305200150890471
2026-07-18 04:25:00+08:00,2329.0,2329.0,False,398.2,32.411,2581.21204,10.272959210128118
2026-07-18 04:40:00+08:00,2325.0,2325.0,False,399.05,32.411,2586.72191,10.657032901929913
2026-07-18 04:55:00+08:00,2326.0,2326.0,False,398.62,32.413,2584.094012,10.512793089876995
2026-07-20 08:45:00+08:00,2303.0,2303.0,False,399.56,32.329,2583.4750480000002,11.479647199459116
2026-07-20 09:00:00+08:00,2325.0,2325.0,False,401.15,32.355,2595.8416499999994,11.007940074641475
2026-07-20 09:15:00+08:00,2324.0,2324.0,False,400.28,32.377,2591.973112,10.902139043269859
2026-07-20 09:30:00+08:00,2342.0,2342.0,False,400.57,32.381,2594.171434,10.21728833253484
2026-07-20 09:45:00+08:00,2341.0,2341.0,False,400.67,32.398,2596.1813320000006,10.337126179508958
2026-07-20 10:00:00+08:00,2341.0,2341.0,False,400.94,32.389,2597.2091320000004,10.376601117994143
2026-07-20 10:15:00+08:00,2338.0,2338.0,False,400.25,32.398,2593.4599000000003,10.360416800712514
2026-07-20 10:30:00+08:00,2346.0,2346.0,False,401.94,32.419,2606.098572,10.504579754152758
2026-07-20 10:45:00+08:00,2349.0,2349.0,False,402.24,32.42,2608.1241600000003,10.454616492801353
2026-07-20 11:00:00+08:00,2344.0,2344.0,False,401.85,32.42,2605.5954,10.570375105811685
2026-07-20 11:15:00+08:00,2342.0,2342.0,False,401.68,32.416,2604.171776,10.600997614847095
2026-07-20 11:30:00+08:00,2342.0,2342.0,False,402.08,32.415,2606.68464,10.697171440692166
2026-07-20 11:45:00+08:00,2347.0,2347.0,False,402.64,32.415,2610.31512,10.62329561974669
2026-07-20 12:00:00+08:00,2345.0,2345.0,False,402.06,32.39,2604.54468,10.48761842877232
2026-07-20 12:15:00+08:00,2343.0,2343.0,False,402.56,32.388,2607.622656,10.69047973912072
2026-07-20 12:30:00+08:00,2350.0,2350.0,False,403.33,32.401,2613.659066,10.623576780525005
2026-07-20 12:45:00+08:00,2341.0,2341.0,False,402.45,32.402,2608.03698,10.79147240479904
2026-07-20 13:00:00+08:00,2336.0,2336.0,False,402.45,32.405,2608.2784500000002,11.013880094071169
2026-07-20 13:15:00+08:00,2328.0,2328.0,False,401.82,32.392,2603.150688,11.159694984360623
2026-07-20 13:30:00+08:00,2329.0,2329.0,False,400.99,32.396,2598.094408,10.923046555108751
2026-07-20 17:25:00+08:00,2358.0,2358.0,False,405.26,32.305,2618.3848599999997,10.46482003805468
2026-07-20 17:40:00+08:00,2359.0,2359.0,False,405.85,32.292,2621.1416400000003,10.527477286770514
2026-07-20 17:55:00+08:00,2356.0,2356.0,False,405.0,32.289,2615.409,10.436035337265556
2026-07-20 18:10:00+08:00,2360.0,2360.0,False,406.45,32.29,2624.8540999999996,10.626353136393686
2026-07-20 18:25:00+08:00,2362.0,2362.0,False,406.86,32.307,2628.885204,10.694904534614503
2026-07-20 18:40:00+08:00,2364.0,2364.0,False,407.73,32.308,2634.588168,10.826583783487251
2026-07-20 18:55:00+08:00,2366.0,2366.0,False,408.2,32.308,2637.6251199999997,10.857133117918302
2026-07-20 19:10:00+08:00,2368.0,2368.0,False,407.65,32.308,2634.0712399999998,10.638442646410603
2026-07-20 19:25:00+08:00,2375.0,2375.0,False,409.69,32.306,2647.0890279999994,10.835691142988612
2026-07-20 19:40:00+08:00,2375.0,2375.0,False,409.68,32.306,2647.0244159999997,10.833257406449047
2026-07-20 19:55:00+08:00,2371.0,2371.0,False,408.61,32.309,2640.3560979999997,10.749828698363624
2026-07-20 20:10:00+08:00,2370.0,2370.0,False,409.25,32.31,2644.5735,10.951021058919565
2026-07-20 20:25:00+08:00,2372.0,2372.0,False,409.34,32.309,2645.073212,10.885757510847336
2026-07-20 20:40:00+08:00,2367.0,2367.0,False,408.38,32.296,2637.8080959999998,10.821917276566033
2026-07-20 20:55:00+08:00,2370.0,2370.0,False,409.14,32.296,2642.717088,10.881008571294016
2026-07-20 21:10:00+08:00,2368.0,2368.0,False,408.63,32.305,2640.15843,10.86860305255958
2026-07-20 21:25:00+08:00,2371.0,2371.0,False,408.9,32.291,2640.7579799999994,10.765004259044424
2026-07-20 21:40:00+08:00,2364.0,2364.0,False,405.83,32.3,2621.6617999999994,10.336112248929496
2026-07-20 21:55:00+08:00,2361.0,2361.0,False,405.18,32.299,2617.381764,10.299803275593078
2026-07-20 22:10:00+08:00,2362.0,2362.0,False,404.58,32.3,2613.5867999999996,10.112849403009093
2026-07-20 22:25:00+08:00,2358.0,2358.0,False,403.67,32.302,2607.8696680000003,10.063480707524693
2026-07-20 22:40:00+08:00,2352.0,2352.0,False,401.49,32.304,2593.9465920000002,9.783631404000419
2026-07-20 22:55:00+08:00,2357.0,2357.0,False,404.04,32.293,2609.532744,10.169377995346206
2026-07-20 23:10:00+08:00,2362.0,2362.0,False,405.74,32.292,2620.431216,10.373699296444034
2026-07-20 23:25:00+08:00,2360.0,2360.0,False,404.63,32.299,2613.828874,10.206578490339908
2026-07-20 23:40:00+08:00,2362.0,2362.0,False,405.13,32.283,2615.762358,10.19584061067786
2026-07-20 23:55:00+08:00,2364.0,2364.0,False,406.83,32.297,2627.8777019999998,10.57228232551759
2026-07-21 00:10:00+08:00,2365.0,2365.0,False,406.91,32.298,2628.4758360000005,10.552803083595437
2026-07-21 00:25:00+08:00,2365.0,2365.0,False,407.37,32.3,2631.6102,10.671642947052387
2026-07-21 00:40:00+08:00,2359.0,2359.0,False,404.94,32.3,2615.9123999999997,10.328318544865223
2026-07-21 00:55:00+08:00,2358.0,2358.0,False,404.67,32.284,2612.873256,10.254667253580037
2026-07-21 01:10:00+08:00,2361.0,2361.0,False,404.49,32.299,2612.924502,10.129808037846242
2026-07-21 01:25:00+08:00,2361.0,2361.0,False,404.25,32.298,2611.2933000000003,10.067519548776428
2026-07-21 01:40:00+08:00,2361.0,2361.0,False,404.29,32.28,2610.0962400000003,10.021783042365733
2026-07-21 01:55:00+08:00,2359.0,2359.0,False,404.61,32.296,2613.456912,10.234655282217561
2026-07-21 02:10:00+08:00,2358.0,2358.0,False,403.2,32.282,2603.2204799999995,9.885490112303959
2026-07-21 02:25:00+08:00,2356.0,2356.0,False,403.03,32.296,2603.2513759999997,9.971318542010511
2026-07-21 02:40:00+08:00,2355.0,2355.0,False,403.18,32.297,2604.3008919999997,10.053872407788553
2026-07-21 02:55:00+08:00,2352.0,2352.0,False,402.66,32.298,2601.0225360000004,10.055376659000945
2026-07-21 03:10:00+08:00,2352.0,2352.0,False,401.94,32.283,2595.165804,9.830509573921699
2026-07-21 03:25:00+08:00,2354.0,2354.0,False,402.82,32.284,2600.928176,9.966972970306076
2026-07-21 03:40:00+08:00,2354.0,2354.0,False,403.17,32.292,2603.833128,10.078319360489788
2026-07-21 03:55:00+08:00,2350.0,2350.0,False,402.7,32.298,2601.28092,10.15013787583679
2026-07-21 04:10:00+08:00,2351.0,2351.0,False,402.08,32.296,2597.115136,9.947833841188933
2026-07-21 04:25:00+08:00,2352.0,2352.0,False,402.91,32.295,2602.3956900000003,10.108021468910986
2026-07-21 04:40:00+08:00,2355.0,2355.0,False,403.11,32.293,2603.5262460000004,10.024198064918354
2026-07-21 04:55:00+08:00,2358.0,2358.0,False,403.86,32.282,2607.481704,10.048640549778968
2026-07-21 08:45:00+08:00,2361.0,2361.0,False,404.1,32.3,2610.486,10.036677162522428
2026-07-21 09:00:00+08:00,2380.0,2380.0,False,406.26,32.3,2624.4395999999997,9.768909989442163
2026-07-21 09:15:00+08:00,2386.0,2386.0,False,407.45,32.299,2632.04551,9.806428001088413
2026-07-21 09:30:00+08:00,2386.0,2386.0,False,406.88,32.299,2628.363424,9.666767384270077
2026-07-21 09:45:00+08:00,2389.0,2389.0,False,406.74,32.303,2627.784444,9.519422118507904
2026-07-21 10:00:00+08:00,2389.0,2389.0,False,407.1,32.292,2629.21464,9.573709266449397
2026-07-21 10:15:00+08:00,2388.0,2388.0,False,407.72,32.292,2633.2188480000004,9.76730373334249
2026-07-21 10:30:00+08:00,2392.0,2392.0,False,408.3,32.296,2637.29136,9.754509828199739
2026-07-21 10:45:00+08:00,2390.0,2390.0,False,408.36,32.301,2638.087272,9.868057516882343
2026-07-21 11:00:00+08:00,2393.0,2393.0,False,409.1,32.306,2643.27692,9.938965786654947
2026-07-21 11:15:00+08:00,2393.0,2393.0,False,409.29,32.312,2644.995696,10.003807514169816
2026-07-21 11:30:00+08:00,2397.0,2397.0,False,409.89,32.321,2649.610938,10.011112055335532
2026-07-21 11:45:00+08:00,2397.0,2397.0,False,410.26,32.327,2652.495004,10.119625974383869
2026-07-21 12:00:00+08:00,2397.0,2397.0,False,410.01,32.337,2651.698674,10.08967618969451
2026-07-21 12:15:00+08:00,2396.0,2396.0,False,409.98,32.312,2649.454752,10.046854622946785
2026-07-21 12:30:00+08:00,2398.0,2398.0,False,410.11,32.308,2649.966776,9.982901519794005
2026-07-21 12:45:00+08:00,2398.0,2398.0,False,409.45,32.32,2646.6848,9.85928000893138
2026-07-21 13:00:00+08:00,2403.0,2403.0,False,409.99,32.31,2649.35538,9.752100217463324
2026-07-21 13:15:00+08:00,2417.0,2417.0,False,411.83,32.323,2662.316218,9.659419003315929
2026-07-21 13:30:00+08:00,2421.0,2421.0,False,413.02,32.321,2669.843884,9.776134946195883
2026-07-21 17:25:00+08:00,2434.0,2434.0,False,417.65,32.353,2702.44609,10.452600311434397
2026-07-21 17:40:00+08:00,2436.0,2436.0,False,417.77,32.359,2703.723886,10.417831460917519
2026-07-21 17:55:00+08:00,2435.0,2435.0,False,417.3,32.358,2700.59868,10.343435947763739
2026-07-21 18:10:00+08:00,2435.0,2435.0,False,418.28,32.347,2706.020632,10.543456305662234
2026-07-21 18:25:00+08:00,2436.0,2436.0,False,418.57,32.358,2708.817612,10.605530946856813
2026-07-21 18:40:00+08:00,2435.0,2435.0,False,418.58,32.363,2709.300908,10.664263732062391
2026-07-21 18:55:00+08:00,2432.0,2432.0,False,417.25,32.362,2700.6089,10.466758922543278
2026-07-21 19:10:00+08:00,2434.0,2434.0,False,417.8,32.364,2704.3358399999997,10.522311052365925
2026-07-21 19:25:00+08:00,2436.0,2436.0,False,417.8,32.36,2704.0016,10.428074574918424
2026-07-21 19:40:00+08:00,2434.0,2434.0,False,417.82,32.361,2704.214604,10.517840332696224
2026-07-21 19:55:00+08:00,2435.0,2435.0,False,418.57,32.359,2708.901326,10.64955599422399
2026-07-21 20:10:00+08:00,2433.0,2433.0,False,417.84,32.359,2704.176912,10.55742936812451
2026-07-21 20:25:00+08:00,2431.0,2431.0,False,417.09,32.359,2699.323062,10.460279353066596
2026-07-21 20:40:00+08:00,2432.0,2432.0,False,418.16,32.358,2706.164256,10.671681259696966
2026-07-21 20:55:00+08:00,2431.0,2431.0,False,418.18,32.361,2706.5445959999997,10.726703811565308
2026-07-21 21:10:00+08:00,2434.0,2434.0,False,419.7,32.371,2717.22174,10.996293861735408
2026-07-21 21:25:00+08:00,2434.0,2434.0,False,418.62,32.374,2710.4807760000003,10.74863676388244
2026-07-21 21:40:00+08:00,2431.0,2431.0,False,416.98,32.385,2700.77946,10.51407068845473
2026-07-21 21:55:00+08:00,2425.0,2425.0,False,414.69,32.389,2686.278882,10.223620664492634
2026-07-21 22:10:00+08:00,2430.0,2430.0,False,416.9,32.394,2701.0117199999995,10.563675734500155
2026-07-21 22:25:00+08:00,2432.0,2432.0,False,418.11,32.39,2708.5165800000004,10.758318768033247
2026-07-21 22:40:00+08:00,2433.0,2433.0,False,419.08,32.387,2714.548792,10.939140292854171
2026-07-21 22:55:00+08:00,2438.0,2438.0,False,420.23,32.392,2722.4180320000005,11.023061706873769
2026-07-21 23:10:00+08:00,2444.0,2444.0,False,422.3,32.388,2735.49048,11.255565817740433
2026-07-21 23:25:00+08:00,2439.0,2439.0,False,420.47,32.393,2724.056942,11.042176958427206
2026-07-21 23:40:00+08:00,2439.0,2439.0,False,420.3,32.396,2723.2077600000002,11.011093439602291
2026-07-21 23:55:00+08:00,2440.0,2440.0,False,421.53,32.399,2731.430094,11.270773797682118
2026-07-22 00:10:00+08:00,2442.0,2442.0,False,422.69,32.4,2739.0312,11.466103504645945
2026-07-22 00:25:00+08:00,2442.0,2442.0,False,422.99,32.399,2740.8906020000004,11.533741494935779
2026-07-22 00:40:00+08:00,2442.0,2442.0,False,423.34,32.4,2743.2432,11.619250568613634
2026-07-22 00:55:00+08:00,2444.0,2444.0,False,423.93,32.397,2746.812042,11.667232007242077
2026-07-22 01:10:00+08:00,2444.0,2444.0,False,424.58,32.39,2750.42924,11.798379604069838
2026-07-22 01:25:00+08:00,2447.0,2447.0,False,424.24,32.39,2748.22672,11.596287755464889
2026-07-22 01:40:00+08:00,2446.0,2446.0,False,424.23,32.398,2748.8407080000006,11.659287551729127
2026-07-22 01:55:00+08:00,2448.0,2448.0,False,425.19,32.391,2754.465858,11.781561527356786
2026-07-22 02:10:00+08:00,2444.0,2444.0,False,424.02,32.396,2747.310384,11.685311089655697
2026-07-22 02:25:00+08:00,2444.0,2444.0,False,424.12,32.398,2748.1279520000003,11.714963683930424
2026-07-22 02:40:00+08:00,2445.0,2445.0,False,425.07,32.396,2754.1135440000003,11.891009549377147
2026-07-22 02:55:00+08:00,2446.0,2446.0,False,424.89,32.38,2751.58764,11.758825869456633
2026-07-22 03:10:00+08:00,2447.0,2447.0,False,425.35,32.391,2755.50237,11.859768552109285
2026-07-22 03:25:00+08:00,2444.0,2444.0,False,424.18,32.388,2747.6683679999996,11.698296057264637
2026-07-22 03:40:00+08:00,2445.0,2445.0,False,425.4,32.389,2755.65612,11.946804896609859
2026-07-22 03:55:00+08:00,2446.0,2446.0,False,425.5,32.391,2756.4741,11.935632702140698
2026-07-22 04:10:00+08:00,2445.0,2445.0,False,425.41,32.383,2755.2104060000006,11.930686713832964
2026-07-22 04:25:00+08:00,2445.0,2445.0,False,426.05,32.384,2759.44064,12.08355178780557
2026-07-22 04:40:00+08:00,2447.0,2447.0,False,425.66,32.398,2758.1065360000002,11.953896960544371
2026-07-22 04:55:00+08:00,2445.0,2445.0,False,426.13,32.397,2761.066722,12.142246301391141
2026-07-22 08:45:00+08:00,2446.0,2446.0,False,423.03,32.394,2740.726764,11.364653563231348
2026-07-22 09:00:00+08:00,2427.0,2427.0,False,422.59,32.395,2737.96061,12.041160948950589
2026-07-22 09:15:00+08:00,2412.0,2412.0,False,420.73,32.374,2724.142604,12.154748341952388
2026-07-22 09:30:00+08:00,2413.0,2413.0,False,420.74,32.377,2724.459796,12.12505044779138
2026-07-22 09:45:00+08:00,2408.0,2408.0,False,421.49,32.359,2727.7989820000003,12.453718812626231
2026-07-22 10:00:00+08:00,2409.0,2409.0,False,420.91,32.351,2723.3718820000004,12.250549618298308
2026-07-22 10:15:00+08:00,2409.0,2409.0,False,420.84,32.341,2722.077288,12.203179583055228
2026-07-22 10:30:00+08:00,2404.0,2404.0,False,419.44,32.333,2712.3507039999995,12.053540573711208
2026-07-22 10:45:00+08:00,2403.0,2403.0,False,418.33,32.343,2706.009438,11.861768574795107
2026-07-22 11:00:00+08:00,2403.0,2403.0,False,417.7,32.341,2701.76714,11.70541698793336
2026-07-22 11:15:00+08:00,2411.0,2411.0,False,420.71,32.334,2720.647428,12.068148965591805
2026-07-22 11:30:00+08:00,2405.0,2405.0,False,419.7,32.341,2714.70354,12.098495062469963
2026-07-22 11:45:00+08:00,2405.0,2405.0,False,419.36,32.38,2715.7753600000005,12.137824378220744
2026-07-22 12:00:00+08:00,2410.0,2410.0,False,419.68,32.394,2719.022784,12.04996729451065
2026-07-22 12:15:00+08:00,2411.0,2411.0,False,419.6,32.385,2717.7491999999997,11.961949708907573
2026-07-22 12:30:00+08:00,2409.0,2409.0,False,418.78,32.37,2711.1817199999996,11.80355450353038
2026-07-22 12:45:00+08:00,2408.0,2408.0,False,418.77,32.385,2712.3732899999995,11.888714855787383
2026-07-22 13:00:00+08:00,2399.0,2399.0,False,417.79,32.379,2705.524482,12.009913286963046
2026-07-22 13:15:00+08:00,2403.0,2403.0,False,417.43,32.376,2702.942736,11.748770070812638
2026-07-22 13:30:00+08:00,2403.0,2403.0,False,416.91,32.393,2700.9931260000003,11.676862356338537
2026-07-22 17:25:00+08:00,2399.0,2399.0,False,416.34,32.427,2700.1314359999997,11.81108742849827
2026-07-22 17:40:00+08:00,2398.0,2398.0,False,415.71,32.423,2695.713066,11.689432134966662
2026-07-22 17:55:00+08:00,2404.0,2404.0,False,416.97,32.415,2703.21651,11.71740063943364
2026-07-22 18:10:00+08:00,2407.0,2407.0,False,417.63,32.429,2708.664654,11.793761882500444
2026-07-22 18:25:00+08:00,2407.0,2407.0,False,417.23,32.426,2705.819996,11.689048166521847
2026-07-22 18:40:00+08:00,2409.0,2409.0,False,417.41,32.424,2706.820368,11.643112798209184
2026-07-22 18:55:00+08:00,2404.0,2404.0,False,416.93,32.402,2701.873172,11.667864122967295
2026-07-22 19:10:00+08:00,2402.0,2402.0,False,416.95,32.422,2703.6705799999995,11.81707966752526
2026-07-22 19:25:00+08:00,2400.0,2400.0,False,415.63,32.419,2694.8617939999995,11.574869188689105
2026-07-22 19:40:00+08:00,2394.0,2394.0,False,415.2,32.419,2692.0737599999998,11.721173308347765
2026-07-22 19:55:00+08:00,2389.0,2389.0,False,414.35,32.418,2686.47966,11.722228436632134
2026-07-22 20:10:00+08:00,2385.0,2385.0,False,413.12,32.418,2678.5048319999996,11.59295159136128
2026-07-22 20:25:00+08:00,2392.0,2392.0,False,414.39,32.418,2686.739004,11.606778917674818
2026-07-22 20:40:00+08:00,2390.0,2390.0,False,414.52,32.417,2687.498968,11.71832706909178
2026-07-22 20:55:00+08:00,2392.0,2392.0,False,415.2,32.406,2690.99424,11.764492575934927
2026-07-22 21:10:00+08:00,2393.0,2393.0,False,416.19,32.425,2698.9921499999996,12.018563304344433
2026-07-22 21:25:00+08:00,2397.0,2397.0,False,419.17,32.427,2718.485118,12.569096012762559
2026-07-22 21:40:00+08:00,2403.0,2403.0,False,419.66,32.427,2721.662964,12.436445722911353
2026-07-22 21:55:00+08:00,2404.0,2404.0,False,419.6,32.432,2721.69344,12.396115519542269
2026-07-22 22:10:00+08:00,2404.0,2404.0,False,420.28,32.439,2726.692584,12.578909327224657
2026-07-22 22:25:00+08:00,2408.0,2408.0,False,422.11,32.417,2736.707974,12.77848910613405
2026-07-22 22:40:00+08:00,2407.0,2407.0,False,421.38,32.418,2732.0593679999997,12.65053951406306
2026-07-22 22:55:00+08:00,2413.0,2413.0,False,423.99,32.418,2748.981564,13.017542191283974
2026-07-22 23:10:00+08:00,2415.0,2415.0,False,424.13,32.419,2749.9740939999997,12.970988349743298
2026-07-22 23:25:00+08:00,2413.0,2413.0,False,422.64,32.427,2740.989456,12.727595149352586
2026-07-22 23:40:00+08:00,2413.0,2413.0,False,423.27,32.425,2744.9059499999994,12.869794572349635
2026-07-22 23:55:00+08:00,2414.0,2414.0,False,424.11,32.439,2751.540858,13.0689454320061
2026-07-23 00:10:00+08:00,2414.0,2414.0,False,423.36,32.444,2747.0983680000004,12.908041825565157
2026-07-23 00:25:00+08:00,2414.0,2414.0,False,423.7,32.428,2747.9487199999994,12.938862360492392
2026-07-23 00:40:00+08:00,2413.0,2413.0,False,422.85,32.44,2743.4507999999996,12.8169864434661
2026-07-23 00:55:00+08:00,2416.0,2416.0,False,423.1,32.444,2745.4112800000003,12.764387960185969
2026-07-23 01:10:00+08:00,2418.0,2418.0,False,423.02,32.442,2744.722968,12.657001742108587
2026-07-23 01:25:00+08:00,2419.0,2419.0,False,423.18,32.44,2745.59184,12.64734368631152
2026-07-23 01:40:00+08:00,2416.0,2416.0,False,422.12,32.443,2738.967832,12.530352953713633
2026-07-23 01:55:00+08:00,2416.0,2416.0,False,422.29,32.443,2740.070894,12.570459198965386
2026-07-23 02:10:00+08:00,2417.0,2417.0,False,422.29,32.443,2740.070894,12.529239975191231
2026-07-23 02:25:00+08:00,2415.0,2415.0,False,421.89,32.434,2736.7160519999998,12.489665530968196
2026-07-23 02:40:00+08:00,2416.0,2416.0,False,422.69,32.431,2741.6518779999997,12.627912302071802
2026-07-23 02:55:00+08:00,2417.0,2417.0,False,423.14,32.443,2745.5862039999997,12.729519315160662
2026-07-23 03:10:00+08:00,2417.0,2417.0,False,423.62,32.443,2748.700732,12.84242929309517
2026-07-23 03:25:00+08:00,2415.0,2415.0,False,421.81,32.44,2736.7032799999997,12.489200659087638
2026-07-23 03:40:00+08:00,2417.0,2417.0,False,423.15,32.443,2745.65109,12.73187299589521
2026-07-23 03:55:00+08:00,2413.0,2413.0,False,421.5,32.443,2734.9448999999995,12.507705744869163
2026-07-23 04:10:00+08:00,2419.0,2419.0,False,423.14,32.433,2744.739924,12.616434165711093
2026-07-23 04:25:00+08:00,2416.0,2416.0,False,422.6,32.44,2741.8288000000002,12.634339472453998
2026-07-23 04:40:00+08:00,2416.0,2416.0,False,423.25,32.443,2746.2999499999996,12.796619847709534
2026-07-23 04:55:00+08:00,2420.0,2420.0,False,425.3,32.422,2757.8153199999997,13.04856581868199
2026-07-23 08:45:00+08:00,2407.0,2407.0,False,423.34,32.424,2745.275232,13.131100990064498
2026-07-23 09:00:00+08:00,2388.0,2388.0,False,421.31,32.435,2733.0379700000003,13.475313872746009
2026-07-23 09:15:00+08:00,2387.0,2387.0,False,421.07,32.424,2730.554736,13.426519254722438
2026-07-23 09:30:00+08:00,2384.0,2384.0,False,419.31,32.377,2715.199974,12.990272030464995
2026-07-23 09:45:00+08:00,2383.0,2383.0,False,420.08,32.37,2719.5979199999997,13.193197868116549
2026-07-23 10:00:00+08:00,2386.0,2386.0,False,419.0,32.316,2708.0808,12.645296085605876
2026-07-23 10:15:00+08:00,2381.0,2381.0,False,417.72,32.304,2698.8053760000003,12.512502053779482
2026-07-23 10:30:00+08:00,2381.0,2381.0,False,417.07,32.28,2692.60392,12.283336457214029
2026-07-23 10:45:00+08:00,2384.0,2384.0,False,417.97,32.267,2697.3275980000008,12.332509249091746
2026-07-23 11:00:00+08:00,2383.0,2383.0,False,417.37,32.299,2696.126726,12.329943428940542
2026-07-23 11:15:00+08:00,2385.0,2385.0,False,417.99,32.299,2700.131802,12.394243227916233
2026-07-23 11:30:00+08:00,2386.0,2386.0,False,419.11,32.294,2706.947668,12.603611461259561
2026-07-23 11:45:00+08:00,2384.0,2384.0,False,419.58,32.305,2710.90638,12.832674660451755
2026-07-23 12:00:00+08:00,2385.0,2385.0,False,419.32,32.285,2707.5492399999994,12.66749617132811
2026-07-23 12:15:00+08:00,2383.0,2383.0,False,420.23,32.287,2713.593202,12.973105323386177
2026-07-23 12:30:00+08:00,2386.0,2386.0,False,420.19,32.299,2714.343362,12.875343430652741
2026-07-23 12:45:00+08:00,2384.0,2384.0,False,419.94,32.315,2714.0722199999996,12.948903262104025
2026-07-23 13:00:00+08:00,2395.0,2395.0,False,420.8,32.319,2719.9670400000005,12.706515504741178
2026-07-23 13:15:00+08:00,2415.0,2415.0,False,423.0,32.338,2735.7948,12.456128129973267
2026-07-23 13:30:00+08:00,2414.0,2414.0,False,423.1,32.333,2736.0184600000002,12.505526436501363
2026-07-23 17:25:00+08:00,2408.0,2408.0,False,423.92,32.3,2738.5232,12.844523852530193
2026-07-23 17:40:00+08:00,2405.0,2405.0,False,423.48,32.302,2735.8501920000003,12.871419303945371
2026-07-23 17:55:00+08:00,2404.0,2404.0,False,423.04,32.304,2733.176832,12.815476000340261
2026-07-23 18:10:00+08:00,2405.0,2405.0,False,422.82,32.306,2731.9245839999994,12.728416726937079
2026-07-23 18:25:00+08:00,2409.0,2409.0,False,423.27,32.307,2734.916778,12.671930440006813
2026-07-23 18:40:00+08:00,2408.0,2408.0,False,423.66,32.31,2737.69092,12.814252745674045
2026-07-23 18:55:00+08:00,2405.0,2405.0,False,422.36,32.31,2729.2903200000005,12.632332797261864
2026-07-23 19:10:00+08:00,2400.0,2400.0,False,421.24,32.318,2722.7268639999998,12.599807585603093
2026-07-23 19:25:00+08:00,2397.0,2397.0,False,420.3,32.317,2716.56702,12.498790716934808
2026-07-23 19:40:00+08:00,2399.0,2399.0,False,420.84,32.319,2720.225592,12.549772860254125
2026-07-23 19:55:00+08:00,2396.0,2396.0,False,420.07,32.323,2715.584522,12.504323096860654
2026-07-23 20:10:00+08:00,2393.0,2393.0,False,419.67,32.323,2712.9986820000004,12.534225013730637
2026-07-23 20:25:00+08:00,2385.0,2385.0,False,416.92,32.329,2695.721336,12.231386665446516
2026-07-23 20:40:00+08:00,2379.0,2379.0,False,416.6,32.383,2698.1515600000002,12.57207141557146
2026-07-23 20:55:00+08:00,2374.0,2374.0,False,415.26,32.379,2689.140708,12.448427810906491
2026-07-23 21:10:00+08:00,2373.0,2373.0,False,415.23,32.368,2688.032928,12.449353026615995
2026-07-23 21:25:00+08:00,2389.0,2389.0,False,418.89,32.359,2710.972302,12.626433358225722
2026-07-23 21:40:00+08:00,2390.0,2390.0,False,420.32,32.365,2720.73136,12.94262353871796
2026-07-23 21:55:00+08:00,2388.0,2388.0,False,419.69,32.37,2717.0730599999997,12.892001980477033
2026-07-23 22:10:00+08:00,2389.0,2389.0,False,419.86,32.35,2716.4942,12.829089101697544
2026-07-23 22:25:00+08:00,2389.0,2389.0,False,419.42,32.362,2714.6540080000004,12.761602079198015
2026-07-23 22:40:00+08:00,2382.0,2382.0,False,416.61,32.367,2696.8831739999996,12.399701399392717
2026-07-23 22:55:00+08:00,2379.0,2379.0,False,415.54,32.384,2691.3694720000003,12.321369230585344
2026-07-23 23:10:00+08:00,2375.0,2375.0,False,414.63,32.404,2687.134104,12.332115174639798
2026-07-23 23:25:00+08:00,2377.0,2377.0,False,414.12,32.386,2682.3380640000005,12.070277183991731
2026-07-23 23:40:00+08:00,2382.0,2382.0,False,415.53,32.399,2692.551294,12.239556800507135
2026-07-23 23:55:00+08:00,2386.0,2386.0,False,416.59,32.386,2698.336748,12.28623372056788
2026-07-24 00:10:00+08:00,2389.0,2389.0,False,418.29,32.374,2708.3440920000003,12.529822834648074
2026-07-24 00:25:00+08:00,2392.0,2392.0,False,419.85,32.364,2717.6050800000003,12.74482371541717
2026-07-24 00:40:00+08:00,2386.0,2386.0,False,417.4,32.374,2702.58152,12.442820017944813
2026-07-24 00:55:00+08:00,2385.0,2385.0,False,417.51,32.355,2701.7072099999996,12.452346751052715
2026-07-24 01:10:00+08:00,2389.0,2389.0,False,418.63,32.36,2709.37336,12.567669622375401
2026-07-24 01:25:00+08:00,2387.0,2387.0,False,417.99,32.346,2704.060908,12.455592801955138
2026-07-24 01:40:00+08:00,2385.0,2385.0,False,417.0,32.357,2698.5738,12.336746247295558
2026-07-24 01:55:00+08:00,2382.0,2382.0,False,415.23,32.376,2688.697296,12.09684893799268
2026-07-24 02:10:00+08:00,2384.0,2384.0,False,415.71,32.388,2692.8030959999996,12.165257945233481
2026-07-24 02:25:00+08:00,2385.0,2385.0,False,415.96,32.371,2693.008232,12.131064698124346
2026-07-24 02:40:00+08:00,2383.0,2383.0,False,414.87,32.37,2685.86838,11.950137872784927
2026-07-24 02:55:00+08:00,2382.0,2382.0,False,414.74,32.373,2685.275604,11.969966810591497
2026-07-24 03:10:00+08:00,2386.0,2386.0,False,416.25,32.37,2694.8025,12.155658481115918
2026-07-24 03:25:00+08:00,2387.0,2387.0,False,415.31,32.379,2689.464498,11.916344460565549
2026-07-24 03:40:00+08:00,2383.0,2383.0,False,414.24,32.387,2683.1981760000003,11.851023808035114
2026-07-24 03:55:00+08:00,2393.0,2393.0,False,418.2,32.374,2707.76136,12.341740292668776
2026-07-24 04:10:00+08:00,2393.0,2393.0,False,418.91,32.378,2712.693596,12.523023169681021
2026-07-24 04:25:00+08:00,2392.0,2392.0,False,417.71,32.373,2704.505166,12.263508259926677
2026-07-24 04:40:00+08:00,2390.0,2390.0,False,418.28,32.379,2708.6976239999995,12.501138427972776
2026-07-24 04:55:00+08:00,2389.0,2389.0,False,417.56,32.375,2703.701,12.358903458106024
2026-07-24 08:45:00+08:00,2371.0,2371.0,False,415.16,32.355,2686.50036,12.47653336795808
2026-07-24 09:00:00+08:00,2365.0,2365.0,False,415.2,32.348,2686.1779199999996,12.716951375967355
2026-07-24 09:15:00+08:00,2367.0,2367.0,False,415.07,32.361,2686.416054,12.641589395639336
2026-07-24 09:30:00+08:00,2368.0,2368.0,False,414.78,32.362,2684.622072,12.532980598514081
2026-07-24 09:45:00+08:00,2363.0,2363.0,False,413.64,32.351,2676.333528,12.43551458775364
2026-07-24 10:00:00+08:00,2365.0,2365.0,False,414.13,32.339,2678.510014,12.432215386893052
2026-07-24 10:15:00+08:00,2365.0,2365.0,False,413.91,32.352,2678.163264,12.419318891992937
2026-07-24 10:30:00+08:00,2359.0,2359.0,False,412.43,32.368,2669.906848,12.364788507611667
2026-07-24 10:45:00+08:00,2356.0,2356.0,False,412.43,32.39,2671.72154,12.559229364162439
2026-07-24 11:00:00+08:00,2363.0,2363.0,False,412.48,32.374,2670.7255040000005,12.226550842133504
2026-07-24 11:15:00+08:00,2371.0,2371.0,False,413.33,32.377,2676.4770820000003,12.104149341831537
2026-07-24 11:30:00+08:00,2365.0,2365.0,False,412.87,32.399,2675.315026,12.313318687394291
2026-07-24 11:45:00+08:00,2361.0,2361.0,False,412.47,32.387,2671.733178,12.348486081413313
2026-07-24 12:00:00+08:00,2359.0,2359.0,False,412.23,32.388,2670.261048,12.378003250548304
2026-07-24 12:15:00+08:00,2364.0,2364.0,False,412.97,32.38,2674.3937200000005,12.321137936000781
2026-07-24 12:30:00+08:00,2364.0,2364.0,False,412.57,32.382,2671.9683479999994,12.23074994592875
2026-07-24 12:45:00+08:00,2364.0,2364.0,False,413.05,32.404,2676.8944400000005,12.414242897734653
2026-07-24 13:00:00+08:00,2362.0,2362.0,False,413.61,32.394,2679.696468,12.602760599192822
2026-07-24 13:15:00+08:00,2360.0,2360.0,False,413.66,32.395,2680.10314,12.702245613172119
2026-07-24 13:30:00+08:00,2362.0,2362.0,False,413.71,32.403,2681.0890259999996,12.654506964081488
2026-07-24 17:25:00+08:00,2380.0,2380.0,False,415.88,32.441,2698.312616,12.536156793384778
2026-07-24 17:40:00+08:00,2377.0,2377.0,False,416.29,32.44,2700.8895199999997,12.756855726156079
2026-07-24 17:55:00+08:00,2378.0,2378.0,False,415.85,32.439,2697.9516300000005,12.606567332478717
2026-07-24 18:10:00+08:00,2376.0,2376.0,False,415.32,32.424,2693.267136,12.517278237198818
2026-07-24 18:25:00+08:00,2378.0,2378.0,False,415.31,32.444,2694.8635280000003,12.492491716012129
2026-07-24 18:40:00+08:00,2377.0,2377.0,False,415.0,32.44,2692.5199999999995,12.447726806482647
2026-07-24 18:55:00+08:00,2376.0,2376.0,False,415.32,32.441,2694.6792240000004,12.569488619657177
2026-07-24 19:10:00+08:00,2377.0,2377.0,False,415.37,32.44,2694.9205599999996,12.536496036917407
2026-07-24 19:25:00+08:00,2376.0,2376.0,False,415.98,32.433,2698.295868,12.703077486375697
2026-07-24 19:40:00+08:00,2373.0,2373.0,False,414.98,32.443,2692.639228,12.619897059909613
2026-07-24 19:55:00+08:00,2379.0,2379.0,False,415.96,32.445,2699.1644399999996,12.6094553960525
2026-07-24 20:10:00+08:00,2378.0,2378.0,False,416.18,32.443,2700.425548,12.69785467769548
2026-07-24 20:25:00+08:00,2377.0,2377.0,False,415.89,32.432,2697.628896,12.636545551251288
2026-07-24 20:40:00+08:00,2372.0,2372.0,False,414.12,32.44,2686.81056,12.446030791870566
2026-07-24 20:55:00+08:00,2368.0,2368.0,False,413.32,32.446,2682.1161439999996,12.43995722249669
2026-07-24 21:10:00+08:00,2372.0,2372.0,False,413.49,32.431,2681.978838,12.266724809740884
2026-07-24 21:25:00+08:00,2362.0,2362.0,False,411.43,32.445,2669.76927,12.233043825556802
2026-07-24 21:40:00+08:00,2351.0,2351.0,False,406.56,32.448,2638.411776,11.520868146521964
2026-07-24 21:55:00+08:00,2352.0,2352.0,False,408.31,32.449,2649.850238,11.909602400214846
2026-07-24 22:10:00+08:00,2350.0,2350.0,False,406.98,32.455,2641.7071800000003,11.687671951943315
2026-07-24 22:25:00+08:00,2341.0,2341.0,False,404.42,32.438,2623.7151920000006,11.388979269367141
2026-07-24 22:40:00+08:00,2342.0,2342.0,False,404.67,32.455,2626.71297,11.460230112668391
2026-07-24 22:55:00+08:00,2346.0,2346.0,False,405.65,32.455,2633.0741499999995,11.531226141711487
2026-07-24 23:10:00+08:00,2353.0,2353.0,False,406.94,32.449,2640.9592119999998,11.532301317482197
2026-07-24 23:25:00+08:00,2356.0,2356.0,False,408.2,32.448,2649.05472,11.710350291634777
2026-07-24 23:40:00+08:00,2356.0,2356.0,False,407.43,32.451,2644.302186,11.53139051504516
2026-07-24 23:55:00+08:00,2365.0,2365.0,False,410.74,32.45,2665.7026,11.954695950422513
2026-07-25 00:10:00+08:00,2361.0,2361.0,False,409.04,32.444,2654.1787520000003,11.691657127199452
2026-07-25 00:25:00+08:00,2357.0,2357.0,False,407.5,32.443,2644.1045,11.481643704905583
2026-07-25 00:40:00+08:00,2352.0,2352.0,False,406.83,32.445,2639.91987,11.535436365087333
2026-07-25 00:55:00+08:00,2351.0,2351.0,False,406.82,32.445,2639.85498,11.575370599127288
2026-07-25 01:10:00+08:00,2356.0,2356.0,False,407.0,32.445,2641.023,11.407712151815195
2026-07-25 01:25:00+08:00,2358.0,2358.0,False,407.89,32.442,2646.553476,11.531637233323472
2026-07-25 01:40:00+08:00,2357.0,2357.0,False,407.37,32.437,2642.772138,11.431406476628506
2026-07-25 01:55:00+08:00,2358.0,2358.0,False,408.25,32.441,2648.80765,11.616489800641737
2026-07-25 02:10:00+08:00,2354.0,2354.0,False,407.46,32.442,2643.763464,11.595725411465777
2026-07-25 02:25:00+08:00,2348.0,2348.0,False,406.0,32.442,2634.2904,11.492320881175448
2026-07-25 02:40:00+08:00,2347.0,2347.0,False,405.99,32.442,2634.225516,11.532323323945647
2026-07-25 02:55:00+08:00,2337.0,2337.0,False,403.16,32.442,2615.8633440000003,11.260692033339504
2026-07-25 03:10:00+08:00,2335.0,2335.0,False,401.98,32.442,2608.2070320000003,11.05383732590548
2026-07-25 03:25:00+08:00,2340.0,2340.0,False,402.96,32.433,2613.840336,11.055678723029406
2026-07-25 03:40:00+08:00,2337.0,2337.0,False,402.77,32.442,2613.332868,11.164213614251041
2026-07-25 03:55:00+08:00,2337.0,2337.0,False,404.0,32.433,2620.5864,11.44050258004581
2026-07-25 04:10:00+08:00,2337.0,2337.0,False,403.51,32.433,2617.4079659999998,11.31953476275352
2026-07-25 04:25:00+08:00,2335.0,2335.0,False,403.04,32.443,2615.165344,11.319433777685143
2026-07-25 04:40:00+08:00,2338.0,2338.0,False,403.43,32.442,2617.6152119999997,11.284783020397256
2026-07-25 04:55:00+08:00,2338.0,2338.0,False,403.15,32.442,2615.79846,11.215573755901245
2026-07-27 08:45:00+08:00,2343.0,2343.0,False,408.36,32.379,2644.457688,12.088631397327653
2026-07-27 09:00:00+08:00,2350.0,2350.0,False,408.93,32.391,2649.130326,11.967294568987395
2026-07-27 09:15:00+08:00,2350.0,2350.0,False,407.8,32.399,2642.4624400000002,11.71615985157017
2026-07-27 09:30:00+08:00,2358.0,2358.0,False,408.85,32.415,2650.5745500000003,11.682946797707155
2026-07-27 09:45:00+08:00,2364.0,2364.0,False,409.4,32.419,2654.4677199999996,11.57595251006216
2026-07-27 10:00:00+08:00,2358.0,2358.0,False,408.85,32.404,2649.6750800000004,11.649121611939742
2026-07-27 10:15:00+08:00,2365.0,2365.0,False,409.67,32.411,2655.562874,11.57491226749649
2026-07-27 10:30:00+08:00,2362.0,2362.0,False,409.68,32.409,2655.463824,11.697695660356391
2026-07-27 10:45:00+08:00,2357.0,2357.0,False,409.01,32.406,2650.875612,11.736537996103879
2026-07-27 11:00:00+08:00,2357.0,2357.0,False,409.25,32.4,2651.9399999999996,11.776543540150195
2026-07-27 11:15:00+08:00,2358.0,2358.0,False,409.23,32.407,2652.3833219999997,11.750930141707816
2026-07-27 11:30:00+08:00,2356.0,2356.0,False,409.15,32.403,2651.5374899999997,11.803705537509604
2026-07-27 11:45:00+08:00,2354.0,2354.0,False,408.44,32.412,2647.671456,11.74293268094257
2026-07-27 12:00:00+08:00,2353.0,2353.0,False,408.55,32.406,2647.89426,11.793661080128498
2026-07-27 12:15:00+08:00,2357.0,2357.0,False,408.89,32.403,2649.8525339999997,11.698069076783385
2026-07-27 12:30:00+08:00,2358.0,2358.0,False,409.83,32.408,2656.354128,11.900002288789283
2026-07-27 12:45:00+08:00,2360.0,2360.0,False,409.98,32.407,2657.244372,11.848909479428487
2026-07-27 13:00:00+08:00,2363.0,2363.0,False,410.62,32.408,2661.474592,11.880827996433025
2026-07-27 13:15:00+08:00,2361.0,2361.0,False,410.88,32.413,2663.570688,12.043643399131328
2026-07-27 13:30:00+08:00,2364.0,2364.0,False,410.69,32.415,2662.50327,11.877174010074807
2026-07-27 17:25:00+08:00,2371.0,2371.0,False,412.31,32.322,2665.3367640000006,11.688525918438783
2026-07-27 17:40:00+08:00,2371.0,2371.0,False,412.74,32.319,2667.868812,11.783153047882927
2026-07-27 17:55:00+08:00,2372.0,2372.0,False,412.67,32.319,2667.4163460000004,11.724228589863785
2026-07-27 18:10:00+08:00,2371.0,2371.0,False,412.11,32.301,2662.3130220000003,11.575398578499147
2026-07-27 18:25:00+08:00,2370.0,2370.0,False,411.57,32.303,2658.9891419999994,11.49293163456981
2026-07-27 18:40:00+08:00,2372.0,2372.0,False,411.57,32.318,2660.223852,11.455128407511078
2026-07-27 18:55:00+08:00,2368.0,2368.0,False,410.84,32.299,2653.944232,11.387790018772149
2026-07-27 19:10:00+08:00,2366.0,2366.0,False,410.76,32.309,2654.248968,11.483453105109025
2026-07-27 19:25:00+08:00,2366.0,2366.0,False,410.6,32.294,2651.98328,11.398335308921153
2026-07-27 19:40:00+08:00,2365.0,2365.0,False,409.88,32.286,2646.6771360000002,11.24083329217879
2026-07-27 19:55:00+08:00,2367.0,2367.0,False,410.55,32.288,2651.1676799999996,11.325555386782117
2026-07-27 20:10:00+08:00,2366.0,2366.0,False,409.7,32.286,2645.5148400000003,11.154904212555431
2026-07-27 20:25:00+08:00,2366.0,2366.0,False,410.2,32.271,2647.5128400000003,11.23016331997667
2026-07-27 20:40:00+08:00,2368.0,2368.0,False,410.67,32.271,2650.546314,11.260085942090207
2026-07-27 20:55:00+08:00,2366.0,2366.0,False,408.82,32.277,2639.0966280000002,10.91274148323996
2026-07-27 21:10:00+08:00,2367.0,2367.0,False,409.26,32.278,2642.0188559999997,10.980947123829301
2026-07-27 21:25:00+08:00,2354.0,2354.0,False,404.53,32.279,2611.564774,10.374037424650053
2026-07-27 21:40:00+08:00,2343.0,2343.0,False,402.41,32.266,2596.8322120000003,10.27695683199048
2026-07-27 21:55:00+08:00,2336.0,2336.0,False,399.86,32.277,2581.256244,9.975328997721443
2026-07-27 22:10:00+08:00,2318.0,2318.0,False,396.51,32.273,2559.313446,9.895342945321957
2026-07-27 22:25:00+08:00,2298.0,2298.0,False,391.02,32.274,2523.955896,9.3719602946779
2026-07-27 22:40:00+08:00,2307.0,2307.0,False,394.53,32.28,2547.0856799999997,9.892107219664885
2026-07-27 22:55:00+08:00,2309.0,2309.0,False,394.81,32.28,2548.89336,9.876435821967076
2026-07-27 23:10:00+08:00,2300.0,2300.0,False,391.54,32.287,2528.3303960000003,9.457944145212563
2026-07-27 23:25:00+08:00,2294.0,2294.0,False,390.5,32.293,2522.0833,9.471734012574066
2026-07-27 23:40:00+08:00,2299.0,2299.0,False,391.76,32.299,2530.691248,9.59445381093231
2026-07-27 23:55:00+08:00,2311.0,2311.0,False,396.26,32.285,2558.65082,10.171194163773732
2026-07-28 00:10:00+08:00,2309.0,2309.0,False,396.15,32.291,2558.4159299999997,10.248391901860735
2026-07-28 00:25:00+08:00,2313.0,2313.0,False,397.02,32.279,2563.081716,10.257486669241048
2026-07-28 00:40:00+08:00,2304.0,2304.0,False,394.47,32.287,2547.250578,10.028365844597694
2026-07-28 00:55:00+08:00,2302.0,2302.0,False,393.98,32.287,2544.086452,9.99100838987674
2026-07-28 01:10:00+08:00,2299.0,2299.0,False,391.96,32.288,2531.1208959999994,9.611390729048926
2026-07-28 01:25:00+08:00,2302.0,2302.0,False,392.55,32.29,2535.0879,9.637530051914085
2026-07-28 01:40:00+08:00,2302.0,2302.0,False,393.07,32.297,2538.9963579999994,9.791222321758228
2026-07-28 01:55:00+08:00,2301.0,2301.0,False,392.95,32.288,2537.51392,9.776304208710426
2026-07-28 02:10:00+08:00,2301.0,2301.0,False,393.51,32.29,2541.2875799999997,9.924548099640116
2026-07-28 02:25:00+08:00,2301.0,2301.0,False,392.9,32.297,2537.8982599999995,9.79141313874202
2026-07-28 02:40:00+08:00,2307.0,2307.0,False,393.86,32.298,2544.178056,9.778163294033508
2026-07-28 02:55:00+08:00,2316.0,2316.0,False,397.81,32.3,2569.8525999999997,10.391332722563087
2026-07-28 03:10:00+08:00,2321.0,2321.0,False,399.58,32.3,2581.2867999999994,10.618995200362386
2026-07-28 03:25:00+08:00,2319.0,2319.0,False,398.81,32.3,2576.3125999999997,10.512611595018459
2026-07-28 03:40:00+08:00,2319.0,2319.0,False,398.95,32.296,2576.89784,10.535262312581265
2026-07-28 03:55:00+08:00,2321.0,2321.0,False,399.53,32.3,2580.9637999999995,10.606516514871023
2026-07-28 04:10:00+08:00,2322.0,2322.0,False,399.64,32.304,2581.994112,10.603361507461772
2026-07-28 04:25:00+08:00,2322.0,2322.0,False,400.42,32.297,2586.4729479999996,10.776180323363562
2026-07-28 04:40:00+08:00,2320.0,2320.0,False,399.7,32.299,2581.98206,10.688821655948688
2026-07-28 04:55:00+08:00,2323.0,2323.0,False,399.67,32.31,2582.6675400000004,10.586430404535745
2026-07-28 08:45:00+08:00,2281.0,2281.0,False,393.94,32.38,2551.15544,11.18157076503317
2026-07-28 09:00:00+08:00,2288.0,2288.0,False,392.84,32.376,2543.7175679999996,10.58495511797264
2026-07-28 09:15:00+08:00,2298.0,2298.0,False,394.0,32.381,2551.6228,10.459485632573324
2026-07-28 09:30:00+08:00,2304.0,2304.0,False,394.29,32.38,2553.4220400000004,10.26972900217665
2026-07-28 09:45:00+08:00,2295.0,2295.0,False,392.83,32.382,2544.1242119999997,10.296252011147992
2026-07-28 10:00:00+08:00,2292.0,2292.0,False,392.15,32.392,2540.5045600000003,10.28471083325787
2026-07-28 10:15:00+08:00,2292.0,2292.0,False,392.14,32.409,2541.7730519999996,10.334496440483676
2026-07-28 10:30:00+08:00,2288.0,2288.0,False,391.12,32.417,2535.787408,10.273562536734419
2026-07-28 10:45:00+08:00,2289.0,2289.0,False,391.11,32.41,2535.1750199999997,10.205890913136882
2026-07-28 11:00:00+08:00,2286.0,2286.0,False,390.44,32.405,2530.44164,10.1503000875144
2026-07-28 11:15:00+08:00,2292.0,2292.0,False,391.11,32.43,2536.73946,10.136784642342239
2026-07-28 11:30:00+08:00,2305.0,2305.0,False,393.03,32.409,2547.541854,9.996486843284837
2026-07-28 11:45:00+08:00,2307.0,2307.0,False,393.47,32.415,2550.86601,10.040046781776107
2026-07-28 12:00:00+08:00,2299.0,2299.0,False,392.19,32.431,2543.8227779999997,10.110746943381118
2026-07-28 12:15:00+08:00,2299.0,2299.0,False,392.55,32.416,2544.98016,10.156117567583104
2026-07-28 12:30:00+08:00,2298.0,2298.0,False,391.82,32.431,2541.4228839999996,10.059996401835408
2026-07-28 12:45:00+08:00,2296.0,2296.0,False,391.86,32.437,2542.152564,10.175477550318936
2026-07-28 13:00:00+08:00,2286.0,2286.0,False,391.57,32.436,2540.192904,10.533889094624554
2026-07-28 13:15:00+08:00,2282.0,2282.0,False,391.11,32.437,2537.287014,10.59438930523925
2026-07-28 13:30:00+08:00,2273.0,2273.0,False,389.94,32.428,2528.994864,10.662021566043881
2026-07-28 17:25:00+08:00,2273.0,2273.0,False,389.07,32.403,2521.407042,10.362367643126777
2026-07-28 17:40:00+08:00,2269.0,2269.0,False,387.78,32.407,2513.3572919999997,10.219114845675135
2026-07-28 17:55:00+08:00,2268.0,2268.0,False,387.27,32.406,2509.974324,10.128741076926717
2026-07-28 18:10:00+08:00,2258.0,2258.0,False,386.22,32.402,2502.8600880000004,10.286380337753808
2026-07-28 18:25:00+08:00,2255.0,2255.0,False,385.32,32.406,2497.335984,10.198604846790642
2026-07-28 18:40:00+08:00,2256.0,2256.0,False,385.4,32.406,2497.8544799999995,10.175089751590356
2026-07-28 18:55:00+08:00,2240.0,2240.0,False,383.46,32.413,2485.817796,10.403185506138792
2026-07-28 19:10:00+08:00,2243.0,2243.0,False,384.24,32.41,2490.64368,10.463131437049784
2026-07-28 19:25:00+08:00,2233.0,2233.0,False,382.2,32.416,2477.87904,10.396320428554235
2026-07-28 19:40:00+08:00,2245.0,2245.0,False,383.9,32.418,2489.05404,10.310572627092359
2026-07-28 19:55:00+08:00,2260.0,2260.0,False,385.81,32.425,2501.9778499999998,10.162913714518844
2026-07-28 20:10:00+08:00,2255.0,2255.0,False,385.35,32.42,2498.6094000000003,10.249449607702319
2026-07-28 20:25:00+08:00,2253.0,2253.0,False,383.54,32.424,2487.1801920000003,9.880645144892428
2026-07-28 20:40:00+08:00,2261.0,2261.0,False,385.02,32.418,2496.3156719999997,9.89279199549404
2026-07-28 20:55:00+08:00,2262.0,2262.0,False,385.47,32.417,2499.156198,9.962126346521517
2026-07-28 21:10:00+08:00,2260.0,2260.0,False,385.72,32.416,2500.699904,10.11195449634458
2026-07-28 21:25:00+08:00,2250.0,2250.0,False,384.16,32.416,2490.586112,10.15005766443084
2026-07-28 21:40:00+08:00,2251.0,2251.0,False,385.83,32.416,2501.413056,10.53835401297239
2026-07-28 21:55:00+08:00,2252.0,2252.0,False,385.2,32.418,2497.48272,10.337240262661698
2026-07-28 22:10:00+08:00,2245.0,2245.0,False,383.25,32.407,2483.99655,10.107706676165787
2026-07-28 22:25:00+08:00,2249.0,2249.0,False,383.66,32.41,2486.8841199999997,10.046027899854938
2026-07-28 22:40:00+08:00,2263.0,2263.0,False,387.41,32.413,2511.424066,10.406451650120351
2026-07-28 22:55:00+08:00,2259.0,2259.0,False,386.28,32.422,2504.7940319999993,10.319255213341236
2026-07-28 23:10:00+08:00,2275.0,2275.0,False,390.75,32.409,2532.76335,10.722796911374607
2026-07-28 23:25:00+08:00,2280.0,2280.0,False,392.31,32.406,2542.639572,10.891942807622284
2026-07-28 23:40:00+08:00,2286.0,2286.0,False,392.97,32.414,2547.545916,10.822113642666803
2026-07-28 23:55:00+08:00,2281.0,2281.0,False,392.0,32.412,2541.1007999999997,10.787862418803012
2026-07-29 00:10:00+08:00,2281.0,2281.0,False,391.48,32.409,2537.4950639999997,10.646272771609908
2026-07-29 00:25:00+08:00,2284.0,2284.0,False,392.11,32.403,2541.108066,10.657090472717291
2026-07-29 00:40:00+08:00,2290.0,2290.0,False,393.76,32.4,2551.5647999999997,10.804969500769653
2026-07-29 00:55:00+08:00,2284.0,2284.0,False,392.45,32.409,2543.78241,10.76197673954406
2026-07-29 01:10:00+08:00,2284.0,2284.0,False,392.39,32.403,2542.9226339999996,10.728269484834655
2026-07-29 01:25:00+08:00,2283.0,2283.0,False,392.07,32.401,2540.692014,10.684430649887682
2026-07-29 01:40:00+08:00,2274.0,2274.0,False,390.24,32.401,2528.8332480000004,10.61178828584641
2026-07-29 01:55:00+08:00,2276.0,2276.0,False,390.59,32.399,2530.9450819999997,10.607364038947
2026-07-29 02:10:00+08:00,2278.0,2278.0,False,391.74,32.4,2538.4752,10.816009184475812
2026-07-29 02:25:00+08:00,2281.0,2281.0,False,392.71,32.403,2544.9964259999997,10.940597658867794
2026-07-29 02:40:00+08:00,2282.0,2282.0,False,392.37,32.404,2542.8714960000007,10.813614257551643
2026-07-29 02:55:00+08:00,2288.0,2288.0,False,393.53,32.394,2549.6021639999994,10.8153649321048
2026-07-29 03:10:00+08:00,2294.0,2294.0,False,395.41,32.39,2561.46598,11.017108598915565
2026-07-29 03:25:00+08:00,2290.0,2290.0,False,394.22,32.391,2553.836004,10.89368028901582
2026-07-29 03:40:00+08:00,2292.0,2292.0,False,395.59,32.391,2562.7111379999997,11.152512695596748
2026-07-29 03:55:00+08:00,2284.0,2284.0,False,393.12,32.383,2546.080992,10.852033017006606
2026-07-29 04:10:00+08:00,2288.0,2288.0,False,394.62,32.383,2555.795892,11.05727400455874
2026-07-29 04:25:00+08:00,2288.0,2288.0,False,395.01,32.379,2558.005758,11.14343529428385
2026-07-29 04:40:00+08:00,2285.0,2285.0,False,394.96,32.376,2557.4449919999997,11.252373230882114
2026-07-29 04:55:00+08:00,2286.0,2286.0,False,395.43,32.383,2561.0419380000003,11.348857365714846
2026-07-29 08:45:00+08:00,2272.0,2272.0,False,393.88,32.38,2550.76688,11.560454275990223
2026-07-29 09:00:00+08:00,2259.0,2259.0,False,390.25,32.402,2528.9761000000003,11.27725345162021
2026-07-29 09:15:00+08:00,2279.0,2279.0,False,393.0,32.409,2547.3473999999997,11.120102958191517
2026-07-29 09:30:00+08:00,2270.0,2270.0,False,390.79,32.42,2533.8823600000005,10.98621241008077
2026-07-29 09:45:00+08:00,2248.0,2248.0,False,387.81,32.426,2515.025412,11.212428610070155
2026-07-29 10:00:00+08:00,2254.0,2254.0,False,388.1,32.434,2517.52708,11.045817222942382
2026-07-29 10:15:00+08:00,2257.0,2257.0,False,389.51,32.448,2527.764096,11.317761568490079
2026-07-29 10:30:00+08:00,2238.0,2238.0,False,387.45,32.445,2514.16305,11.622625195909475
2026-07-29 10:45:00+08:00,2219.0,2219.0,False,384.72,32.45,2496.8328000000006,11.782979243878222
2026-07-29 11:00:00+08:00,2230.0,2230.0,False,385.98,32.458,2505.627768,11.640601056632702
2026-07-29 11:15:00+08:00,2222.0,2222.0,False,384.47,32.479,2497.440226,11.67258034046346
2026-07-29 11:30:00+08:00,2216.0,2216.0,False,384.51,32.463,2496.469626,11.903296923234114
2026-07-29 11:45:00+08:00,2200.0,2200.0,False,381.56,32.47,2477.8506399999997,11.879414773277142
2026-07-29 12:00:00+08:00,2198.0,2198.0,False,381.27,32.475,2476.34865,11.909622958912143
2026-07-29 12:15:00+08:00,2193.0,2193.0,False,381.13,32.461,2474.3721859999996,12.056985163685408
2026-07-29 12:30:00+08:00,2184.0,2184.0,False,379.05,32.442,2459.4280200000003,11.863132961841423
2026-07-29 12:45:00+08:00,2209.0,2209.0,False,382.45,32.441,2481.4120900000003,11.615699634613566
2026-07-29 13:00:00+08:00,2226.0,2226.0,False,385.1,32.433,2497.98966,11.515252131182699
2026-07-29 13:15:00+08:00,2208.0,2208.0,False,384.51,32.443,2494.9315859999997,12.202243675164521
2026-07-29 13:30:00+08:00,2217.0,2217.0,False,384.88,32.464,2498.948864,11.957248567825012
2026-07-29 17:25:00+08:00,2245.0,2245.0,False,391.77,32.407,2539.2180779999994,12.29952620065324
2026-07-29 17:40:00+08:00,2257.0,2257.0,False,392.95,32.395,2545.9230500000003,12.031133832135842
2026-07-29 17:55:00+08:00,2255.0,2255.0,False,392.98,32.392,2545.8816320000005,12.11784227551647
2026-07-29 18:10:00+08:00,2248.0,2248.0,False,391.82,32.381,2537.504684,12.099233126568183
2026-07-29 18:25:00+08:00,2245.0,2245.0,False,390.28,32.382,2527.6093919999994,11.842971791226757
2026-07-29 18:40:00+08:00,2237.0,2237.0,False,388.91,32.393,2519.5923260000004,11.882133537294044
2026-07-29 18:55:00+08:00,2244.0,2244.0,False,390.44,32.396,2529.738848,11.971281090071058
2026-07-29 19:10:00+08:00,2250.0,2250.0,False,391.35,32.385,2534.77395,11.903339759655722
2026-07-29 19:25:00+08:00,2244.0,2244.0,False,390.39,32.392,2529.102576,11.946216175346667
2026-07-29 19:40:00+08:00,2245.0,2245.0,False,390.49,32.396,2530.062808,11.939646428206736
2026-07-29 19:55:00+08:00,2244.0,2244.0,False,390.22,32.382,2527.220808,11.872047821602308
2026-07-29 20:10:00+08:00,2240.0,2240.0,False,388.95,32.398,2520.24042,11.774212866332498
2026-07-29 20:25:00+08:00,2240.0,2240.0,False,389.05,32.405,2521.43305,11.821359117923546
2026-07-29 20:40:00+08:00,2244.0,2244.0,False,390.47,32.396,2529.9332240000003,11.978936888456165
2026-07-29 20:55:00+08:00,2242.0,2242.0,False,389.56,32.394,2523.881328,11.829137513094198
2026-07-29 21:10:00+08:00,2237.0,2237.0,False,388.9,32.395,2519.6831,11.885723478194299
2026-07-29 21:25:00+08:00,2242.0,2242.0,False,387.87,32.386,2512.3115640000005,11.371217908679764
2026-07-29 21:40:00+08:00,2232.0,2232.0,False,384.75,32.392,2492.5644,11.030197831571527
2026-07-29 21:55:00+08:00,2232.0,2232.0,False,385.38,32.393,2496.722868,11.196379038891049
2026-07-29 22:10:00+08:00,2224.0,2224.0,False,382.89,32.389,2480.284842,10.895804595499026
2026-07-29 22:25:00+08:00,2214.0,2214.0,False,380.4,32.391,2464.30728,10.700762691244172
2026-07-29 22:40:00+08:00,2216.0,2216.0,False,380.31,32.39,2463.64818,10.584051213867113
2026-07-29 22:55:00+08:00,2219.0,2219.0,False,380.02,32.391,2461.8455639999997,10.376140835224522
2026-07-29 23:10:00+08:00,2214.0,2214.0,False,378.69,32.393,2453.381034,10.257616948614443
2026-07-29 23:25:00+08:00,2205.0,2205.0,False,376.98,32.395,2442.4534200000003,10.218646580862355
2026-07-29 23:40:00+08:00,2200.0,2200.0,False,376.31,32.393,2437.961966,10.261488461718871
2026-07-29 23:55:00+08:00,2201.0,2201.0,False,375.43,32.407,2433.3120019999997,10.025738530325205
2026-07-30 00:10:00+08:00,2208.0,2208.0,False,376.95,32.397,2442.4098299999996,10.081254709544583
2026-07-30 00:25:00+08:00,2214.0,2214.0,False,378.53,32.406,2453.3286359999997,10.255486796194813
2026-07-30 00:40:00+08:00,2216.0,2216.0,False,378.69,32.402,2454.062676,10.195266852559906
2026-07-30 00:55:00+08:00,2225.0,2225.0,False,379.82,32.403,2461.461492,10.091259360762923
2026-07-30 01:10:00+08:00,2226.0,2226.0,False,380.51,32.399,2465.628698,10.215160381389584
2026-07-30 01:25:00+08:00,2224.0,2224.0,False,380.24,32.385,2462.81448,10.190908175226086
2026-07-30 01:40:00+08:00,2229.0,2229.0,False,381.47,32.397,2471.696718,10.325989212222993
2026-07-30 01:55:00+08:00,2244.0,2244.0,False,386.51,32.375,2502.65225,10.898302061205351
2026-07-30 02:10:00+08:00,2232.0,2232.0,False,384.87,32.385,2492.8029899999997,11.039740304600496
2026-07-30 02:25:00+08:00,2244.0,2244.0,False,386.83,32.366,2504.027956,10.953092880230713
2026-07-30 02:40:00+08:00,2256.0,2256.0,False,390.24,32.351,2524.930848,11.250145904641203
2026-07-30 02:55:00+08:00,2240.0,2240.0,False,387.05,32.352,2504.36832,11.144510803916678
2026-07-30 03:10:00+08:00,2227.0,2227.0,False,384.03,32.339,2483.829234,10.90378025789418
2026-07-30 03:25:00+08:00,2210.0,2210.0,False,379.59,32.351,2456.023218,10.54530620640387
2026-07-30 03:40:00+08:00,2198.0,2198.0,False,376.91,32.366,2439.813812,10.427922370420498
2026-07-30 03:55:00+08:00,2187.0,2187.0,False,374.53,32.37,2424.7072199999993,10.308859980057422
2026-07-30 04:10:00+08:00,2182.0,2182.0,False,374.35,32.374,2423.8413800000003,10.50150711008638
2026-07-30 04:25:00+08:00,2186.0,2186.0,False,373.88,32.357,2419.527032,10.141164317456555
2026-07-30 04:40:00+08:00,2179.0,2179.0,False,372.83,32.378,2414.297948,10.245272597761817
2026-07-30 04:55:00+08:00,2186.0,2186.0,False,371.69,32.381,2407.138778,9.629091942930184
2026-07-30 08:45:00+08:00,2215.0,2215.0,False,378.18,32.376,2448.791136,10.025797861973544
2026-07-30 09:00:00+08:00,2216.0,2216.0,False,379.29,32.387,2456.813046,10.306983978575385
2026-07-30 09:15:00+08:00,2223.0,2223.0,False,381.45,32.389,2470.95681,10.564937856767376
2026-07-30 09:30:00+08:00,2254.0,2254.0,False,384.71,32.382,2491.5358439999995,10.010917704913222
2026-07-30 09:45:00+08:00,2241.0,2241.0,False,383.13,32.398,2482.5291480000005,10.226639465208631
2026-07-30 10:00:00+08:00,2239.0,2239.0,False,382.99,32.424,2483.613552,10.359244909904067
2026-07-30 10:15:00+08:00,2232.0,2232.0,False,381.51,32.418,2473.558236,10.26693216341271
2026-07-30 10:30:00+08:00,2247.0,2247.0,False,382.05,32.414,2476.75374,9.72759176899853
2026-07-30 10:45:00+08:00,2237.0,2237.0,False,381.0,32.406,2469.3372,9.873376688776144
2026-07-30 11:00:00+08:00,2238.0,2238.0,False,380.32,32.42,2465.99488,9.69367041487937
2026-07-30 11:15:00+08:00,2234.0,2234.0,False,380.43,32.425,2467.0885499999995,9.916365008695678
2026-07-30 11:30:00+08:00,2240.0,2240.0,False,381.2,32.426,2472.1582399999998,9.853584203912463
2026-07-30 11:45:00+08:00,2234.0,2234.0,False,380.52,32.424,2467.5960959999998,9.936884888888583
2026-07-30 12:00:00+08:00,2233.0,2233.0,False,379.71,32.426,2462.495292,9.775126061397831
2026-07-30 12:15:00+08:00,2241.0,2241.0,False,380.99,32.409,2469.500982,9.701769848819024
2026-07-30 12:30:00+08:00,2230.0,2230.0,False,379.85,32.418,2462.7954600000003,9.921398108410216
2026-07-30 12:45:00+08:00,2219.0,2219.0,False,377.74,32.415,2448.88842,9.849782141964749
2026-07-30 13:00:00+08:00,2218.0,2218.0,False,377.6,32.418,2448.20736,9.867000852701063
2026-07-30 13:15:00+08:00,2211.0,2211.0,False,377.89,32.418,2450.087604,10.258876224288182
2026-07-30 13:30:00+08:00,2213.0,2213.0,False,379.08,32.411,2457.272376,10.460733607542375
2026-07-30 17:25:00+08:00,2215.0,2215.0,False,379.63,32.44,2463.0394399999996,10.604418504004729
2026-07-30 17:40:00+08:00,2218.0,2218.0,False,379.76,32.441,2463.9588320000003,10.506663592124479
2026-07-30 17:55:00+08:00,2218.0,2218.0,False,379.34,32.428,2460.247504,10.35633552063559
2026-07-30 18:10:00+08:00,2225.0,2225.0,False,380.41,32.447,2468.6326540000005,10.381411241988534
2026-07-30 18:25:00+08:00,2231.0,2231.0,False,382.11,32.446,2479.5882119999997,10.55444461762686
2026-07-30 18:40:00+08:00,2231.0,2231.0,False,382.8,32.43,2482.8408,10.68516357192207
2026-07-30 18:55:00+08:00,2238.0,2238.0,False,384.78,32.427,2495.4522119999997,10.877989275874397
2026-07-30 19:10:00+08:00,2237.0,2237.0,False,384.54,32.44,2494.89552,10.900304916284375
2026-07-30 19:25:00+08:00,2238.0,2238.0,False,384.3,32.439,2493.2615400000004,10.790421871288071
2026-07-30 19:40:00+08:00,2244.0,2244.0,False,386.14,32.428,2504.3495839999996,10.965897914394148
2026-07-30 19:55:00+08:00,2245.0,2245.0,False,387.2,32.431,2511.4566399999994,11.20399743620913
2026-07-30 20:10:00+08:00,2245.0,2245.0,False,387.3,32.431,2512.10526,11.229739322606445
2026-07-30 20:25:00+08:00,2252.0,2252.0,False,388.97,32.443,2523.870742,11.385180072363024
2026-07-30 20:40:00+08:00,2251.0,2251.0,False,388.77,32.427,2521.3289579999996,11.329016100067408
2026-07-30 20:55:00+08:00,2249.0,2249.0,False,389.98,32.442,2530.3462320000003,11.773419139055182
2026-07-30 21:10:00+08:00,2255.0,2255.0,False,392.16,32.438,2544.1772160000005,12.051116388697263
2026-07-30 21:25:00+08:00,2261.0,2261.0,False,395.2,32.425,2562.872,12.515754978573224
2026-07-30 21:40:00+08:00,2282.0,2282.0,False,401.79,32.396,2603.2777680000004,13.152896652242124
2026-07-30 21:55:00+08:00,2283.0,2283.0,False,400.0,32.397,2591.7599999999998,12.66770056372005
2026-07-30 22:10:00+08:00,2298.0,2298.0,False,404.69,32.391,2621.6627579999995,13.157924594472764
2026-07-30 22:25:00+08:00,2303.0,2303.0,False,405.02,32.384,2623.2335359999997,13.001151230845737
2026-07-30 22:40:00+08:00,2287.0,2287.0,False,399.65,32.387,2588.6929099999998,12.375386045385692
2026-07-30 22:55:00+08:00,2297.0,2297.0,False,400.81,32.398,2597.0884760000004,12.263304084983211
2026-07-30 23:10:00+08:00,2288.0,2288.0,False,399.87,32.387,2590.1179380000003,12.386659848731206
2026-07-30 23:25:00+08:00,2287.0,2287.0,False,401.08,32.383,2597.634728,12.71885188136426
2026-07-30 23:40:00+08:00,2288.0,2288.0,False,401.93,32.385,2603.30061,12.89230146089916
2026-07-30 23:55:00+08:00,2292.0,2292.0,False,403.23,32.384,2611.640064,13.036848538155683
2026-07-31 00:10:00+08:00,2294.0,2294.0,False,404.09,32.384,2617.2101119999998,13.162137421499093
2026-07-31 00:25:00+08:00,2293.0,2293.0,False,403.66,32.38,2614.1021600000004,13.087241697042653
2026-07-31 00:40:00+08:00,2289.0,2289.0,False,403.24,32.399,2612.914552,13.215838365352239
2026-07-31 00:55:00+08:00,2295.0,2295.0,False,404.85,32.399,2623.34703,13.35192608399574
2026-07-31 01:10:00+08:00,2297.0,2297.0,False,405.04,32.39,2623.84912,13.28425692515441
2026-07-31 01:25:00+08:00,2292.0,2292.0,False,403.72,32.398,2615.944112,13.200806879929692
2026-07-31 01:40:00+08:00,2291.0,2291.0,False,403.59,32.399,2615.1824819999997,13.215263932369961
2026-07-31 01:55:00+08:00,2294.0,2294.0,False,403.89,32.395,2616.8033100000002,13.146660113332873
2026-07-31 02:10:00+08:00,2293.0,2293.0,False,403.21,32.389,2611.913738,13.003846959805603
2026-07-31 02:25:00+08:00,2291.0,2291.0,False,403.37,32.381,2612.304794,13.10564231671543
2026-07-31 02:40:00+08:00,2292.0,2292.0,False,403.81,32.384,2615.396608,13.179966235979435
2026-07-31 02:55:00+08:00,2296.0,2296.0,False,405.19,32.373,2623.4431739999995,13.312204752382797
2026-07-31 03:10:00+08:00,2300.0,2300.0,False,405.59,32.375,2626.1952499999998,13.243293594584978
2026-07-31 03:25:00+08:00,2295.0,2295.0,False,404.93,32.379,2622.245694,13.310121737431334
2026-07-31 03:40:00+08:00,2294.0,2294.0,False,404.23,32.385,2618.19771,13.199701198508961
2026-07-31 03:55:00+08:00,2300.0,2300.0,False,405.41,32.372,2624.786504,13.18987142838386
2026-07-31 04:10:00+08:00,2301.0,2301.0,False,405.38,32.376,2624.9165759999996,13.151525041174372
2026-07-31 04:25:00+08:00,2300.0,2300.0,False,405.88,32.387,2629.0471119999997,13.351347817265486
2026-07-31 04:40:00+08:00,2302.0,2302.0,False,405.48,32.385,2626.29396,13.160495807762246
2026-07-31 04:55:00+08:00,2303.0,2303.0,False,405.2,32.384,2624.39936,13.045395208234142
2026-07-31 08:45:00+08:00,2347.0,2347.0,False,412.89,32.383,2674.123374,13.029887920853936
2026-07-31 09:00:00+08:00,2372.0,2372.0,False,414.22,32.392,2683.4828480000006,12.322575602179178
2026-07-31 09:15:00+08:00,2377.0,2377.0,False,413.36,32.429,2680.9702880000004,12.019457240433692
2026-07-31 09:30:00+08:00,2387.0,2387.0,False,413.1,32.437,2679.94494,11.562980986329798
2026-07-31 09:45:00+08:00,2388.0,2388.0,False,413.03,32.435,2679.32561,11.498199737750813
2026-07-31 10:00:00+08:00,2393.0,2393.0,False,412.92,32.427,2677.951368,11.23857624816409
2026-07-31 10:15:00+08:00,2396.0,2396.0,False,413.66,32.42,2682.1714400000005,11.270649027162444
2026-07-31 10:30:00+08:00,2395.0,2395.0,False,413.36,32.419,2680.143568,11.236867063146695
2026-07-31 10:45:00+08:00,2401.0,2401.0,False,415.46,32.428,2694.5073759999996,11.520241433951348
2026-07-31 11:00:00+08:00,2398.0,2398.0,False,414.93,32.426,2690.9040360000004,11.511478067887872
2026-07-31 11:15:00+08:00,2402.0,2402.0,False,415.23,32.425,2692.76655,11.414322801503037
2026-07-31 11:30:00+08:00,2399.0,2399.0,False,414.54,32.426,2688.374808,11.376193770702809
2026-07-31 11:45:00+08:00,2397.0,2397.0,False,413.73,32.422,2682.790812,11.252070117725161
2026-07-31 12:00:00+08:00,2396.0,2396.0,False,413.41,32.427,2681.129214,11.23190692936341
2026-07-31 12:15:00+08:00,2405.0,2405.0,False,414.87,32.442,2691.842508,11.25569438528942
2026-07-31 12:30:00+08:00,2425.0,2425.0,False,416.51,32.44,2702.3168799999994,10.817231955439409
2026-07-31 12:45:00+08:00,2422.0,2422.0,False,416.8,32.431,2703.44816,10.982382465458393
2026-07-31 13:00:00+08:00,2431.0,2431.0,False,418.38,32.426,2713.2779760000003,10.974444900409102
2026-07-31 13:15:00+08:00,2431.0,2431.0,False,418.69,32.428,2715.455864,11.054437131766687
2026-07-31 13:30:00+08:00,2435.0,2435.0,False,417.75,32.433,2709.77715,10.681790172388707
2026-07-31 17:25:00+08:00,2407.0,2407.0,False,418.79,32.386,2712.5865880000006,11.937940017120795
2026-07-31 17:40:00+08:00,2415.0,2415.0,False,419.4,32.389,2716.7893200000003,11.761563118885025
2026-07-31 17:55:00+08:00,2418.0,2418.0,False,419.43,32.39,2717.06754,11.648046989465694
2026-07-31 18:10:00+08:00,2417.0,2417.0,False,419.1,32.391,2715.01362,11.613906044154271
2026-07-31 18:25:00+08:00,2419.0,2419.0,False,419.67,32.405,2719.8812700000003,11.709991112520889
2026-07-31 18:40:00+08:00,2423.0,2423.0,False,418.57,32.419,2713.924166,11.326784534821565
2026-07-31 18:55:00+08:00,2425.0,2425.0,False,420.32,32.401,2723.757664,11.605038865546428
2026-07-31 19:10:00+08:00,2420.0,2420.0,False,419.67,32.394,2718.957996,11.634965540979296
2026-07-31 19:25:00+08:00,2416.0,2416.0,False,419.53,32.418,2720.064708,11.840376836622982
2026-07-31 19:40:00+08:00,2417.0,2417.0,False,420.61,32.405,2725.97341,12.015360973837897
2026-07-31 19:55:00+08:00,2414.0,2414.0,False,418.58,32.393,2711.812388,11.620104890971279
2026-07-31 20:10:00+08:00,2407.0,2407.0,False,418.29,32.4,2710.5191999999997,11.861966243331329
2026-07-31 20:25:00+08:00,2406.0,2406.0,False,417.42,32.395,2704.4641800000004,11.68051157341251
2026-07-31 20:40:00+08:00,2410.0,2410.0,False,417.86,32.391,2706.9806519999997,11.607651941537954
2026-07-31 20:55:00+08:00,2406.0,2406.0,False,418.48,32.388,2710.746048,11.911712840199177
2026-07-31 21:10:00+08:00,2414.0,2414.0,False,421.46,32.39,2730.2178799999997,12.294109128985792
2026-07-31 21:25:00+08:00,2386.0,2386.0,False,411.97,32.379,2667.835326,11.153324468253553
2026-07-31 21:40:00+08:00,2346.0,2346.0,False,406.29,32.376,2630.8090079999997,11.445446571977419
2026-07-31 21:55:00+08:00,2325.0,2325.0,False,401.19,32.378,2597.945964,11.08872475936037
2026-07-31 22:10:00+08:00,2321.0,2321.0,False,404.11,32.387,2617.582114,12.010820399613987
2026-07-31 22:25:00+08:00,2357.0,2357.0,False,407.91,32.394,2642.767308,11.431224310889467
2026-07-31 22:40:00+08:00,2352.0,2352.0,False,406.95,32.392,2636.3848800000005,11.401882045637205
2026-07-31 22:55:00+08:00,2350.0,2350.0,False,407.39,32.396,2639.561288,11.606683284817079
2026-07-31 23:10:00+08:00,2342.0,2342.0,False,406.47,32.39,2633.1126600000002,11.702756495970492
2026-07-31 23:25:00+08:00,2357.0,2357.0,False,407.53,32.378,2639.001268,11.289079120385843
2026-07-31 23:40:00+08:00,2352.0,2352.0,False,407.23,32.383,2637.465818,11.442740702628063
2026-07-31 23:55:00+08:00,2354.0,2354.0,False,406.29,32.381,2631.215298,11.121497525341184
2026-08-01 00:10:00+08:00,2362.0,2362.0,False,406.68,32.381,2633.741016,10.878907258390191
2026-08-01 00:25:00+08:00,2377.0,2377.0,False,408.51,32.376,2645.183952,10.679973277091937
2026-08-01 00:40:00+08:00,2367.0,2367.0,False,407.31,32.382,2637.9024839999997,10.825485006592576
2026-08-01 00:55:00+08:00,2368.0,2368.0,False,407.52,32.389,2639.8330560000004,10.856314615931971
2026-08-01 01:10:00+08:00,2374.0,2374.0,False,408.85,32.393,2648.77561,10.941185963113336
2026-08-01 01:25:00+08:00,2375.0,2375.0,False,408.75,32.388,2647.719,10.859416981121184
2026-08-01 01:40:00+08:00,2373.0,2373.0,False,408.29,32.382,2644.249356,10.812671914566879
2026-08-01 01:55:00+08:00,2367.0,2367.0,False,407.3,32.382,2637.83772,10.823037035454568
2026-08-01 02:10:00+08:00,2361.0,2361.0,False,406.86,32.38,2634.8253600000003,10.96216702018584
2026-08-01 02:25:00+08:00,2364.0,2364.0,False,407.3,32.387,2638.24502,10.96487752613125
2026-08-01 02:40:00+08:00,2362.0,2362.0,False,406.74,32.38,2634.0482400000005,10.890536957665587
2026-08-01 02:55:00+08:00,2357.0,2357.0,False,406.0,32.383,2629.4996,10.92949450953531
2026-08-01 03:10:00+08:00,2359.0,2359.0,False,406.66,32.383,2633.7741560000004,11.006873029487792
2026-08-01 03:25:00+08:00,2359.0,2359.0,False,406.03,32.375,2629.04425,10.827660560549354
2026-08-01 03:40:00+08:00,2363.0,2363.0,False,406.45,32.385,2632.57665,10.79261390174045
2026-08-01 03:55:00+08:00,2355.0,2355.0,False,405.55,32.385,2626.74735,10.909720261104775
2026-08-01 04:10:00+08:00,2357.0,2357.0,False,405.52,32.379,2626.0664159999997,10.799230575617505
2026-08-01 04:25:00+08:00,2360.0,2360.0,False,405.76,32.379,2627.6206079999997,10.731393946473956
2026-08-01 04:40:00+08:00,2363.0,2363.0,False,405.11,32.379,2623.411338,10.444839799536004
2026-08-01 04:55:00+08:00,2361.0,2361.0,False,405.12,32.38,2623.5571200000004,10.534822399627767
2026-08-03 08:45:00+08:00,2394.0,2394.0,False,410.47,32.45,2663.9503000000004,10.67429626582137
2026-08-03 09:00:00+08:00,2379.0,2379.0,False,409.51,32.433,2656.327566,11.015274075617107
2026-08-03 09:15:00+08:00,2379.0,2379.0,False,409.46,32.371,2650.925932,10.812323508385216
2026-08-03 09:30:00+08:00,2380.0,2380.0,False,410.02,32.324,2650.6972959999994,10.76182008467239
2026-08-03 09:45:00+08:00,2386.0,2386.0,False,411.27,32.344,2660.4233759999997,10.875955327296333
2026-08-03 10:00:00+08:00,2386.0,2386.0,False,412.19,32.377,2669.095126,11.200387685839965
2026-08-03 10:15:00+08:00,2381.0,2381.0,False,411.28,32.443,2668.6314079999997,11.392174388978681
2026-08-03 10:30:00+08:00,2379.0,2379.0,False,411.69,32.448,2671.7034240000003,11.590600335356386
2026-08-03 10:45:00+08:00,2379.0,2379.0,False,411.73,32.451,2672.210046,11.609497262232841
2026-08-03 11:00:00+08:00,2376.0,2376.0,False,411.69,32.461,2672.773818,11.756273055526297
2026-08-03 11:15:00+08:00,2371.0,2371.0,False,411.05,32.467,2669.11207,11.829581003741456
2026-08-03 11:30:00+08:00,2374.0,2374.0,False,411.8,32.442,2671.9231200000004,11.808468457204729
2026-08-03 11:45:00+08:00,2373.0,2373.0,False,412.2,32.445,2674.7658,11.956410497491786
2026-08-03 12:00:00+08:00,2374.0,2374.0,False,411.75,32.457,2672.83395,11.8424324224101
2026-08-03 12:15:00+08:00,2377.0,2377.0,False,412.54,32.475,2679.4473000000003,11.962838018701403
2026-08-03 12:30:00+08:00,2375.0,2375.0,False,412.63,32.45,2677.9687000000004,11.991710932228823
2026-08-03 12:45:00+08:00,2372.0,2372.0,False,412.14,32.473,2676.6844439999995,12.069854924765409
2026-08-03 13:00:00+08:00,2368.0,2368.0,False,410.99,32.476,2669.462248,11.968814182962383
2026-08-03 13:15:00+08:00,2372.0,2372.0,False,410.31,32.465,2664.1428300000002,11.601848472593863
2026-08-03 13:30:00+08:00,2368.0,2368.0,False,410.34,32.479,2665.486572,11.82029862381442
2026-08-03 17:25:00+08:00,2324.0,2324.0,False,403.83,32.508,2625.541128,12.184609449718662
2026-08-03 17:40:00+08:00,2316.0,2316.0,False,402.53,32.518,2617.894108,12.23755927434671
2026-08-03 17:55:00+08:00,2313.0,2313.0,False,401.73,32.514,2612.3698440000003,12.156238149900048
2026-08-03 18:10:00+08:00,2310.0,2310.0,False,399.43,32.515,2597.49329,11.716502622054522
2026-08-03 18:25:00+08:00,2318.0,2318.0,False,401.06,32.521,2608.574452,11.796206667780602
2026-08-03 18:40:00+08:00,2320.0,2320.0,False,401.53,32.522,2611.7117319999998,11.83003986657182
2026-08-03 18:55:00+08:00,2314.0,2314.0,False,399.99,32.525,2601.93495,11.714351509065427
2026-08-03 19:10:00+08:00,2314.0,2314.0,False,400.44,32.523,2604.702024,11.820273827589771
2026-08-03 19:25:00+08:00,2309.0,2309.0,False,399.48,32.506,2597.099376,11.744538947145864
2026-08-03 19:40:00+08:00,2307.0,2307.0,False,398.25,32.524,2590.5366000000004,11.578743485041045
2026-08-03 19:55:00+08:00,2305.0,2305.0,False,398.9,32.524,2594.76472,11.827699351245588
2026-08-03 20:10:00+08:00,2308.0,2308.0,False,399.61,32.515,2598.6638300000004,11.847717311418108
2026-08-03 20:25:00+08:00,2307.0,2307.0,False,399.61,32.51,2598.26422,11.875577214064934
2026-08-03 20:40:00+08:00,2303.0,2303.0,False,400.13,32.511,2601.725286,12.181122023395618
2026-08-03 20:55:00+08:00,2305.0,2305.0,False,399.96,32.512,2600.699904,12.055360490310175
2026-08-03 21:10:00+08:00,2310.0,2310.0,False,401.47,32.515,2610.75941,12.224105465867517
2026-08-03 21:25:00+08:00,2315.0,2315.0,False,403.51,32.519,2624.348338,12.5258765663512
2026-08-03 21:40:00+08:00,2306.0,2306.0,False,400.34,32.514,2603.330952,12.112890937974791
2026-08-03 21:55:00+08:00,2313.0,2313.0,False,401.63,32.511,2611.478586,12.122241199243188
2026-08-03 22:10:00+08:00,2318.0,2318.0,False,404.55,32.512,2630.54592,12.631828624114295
2026-08-03 22:25:00+08:00,2318.0,2318.0,False,404.36,32.511,2629.2295920000006,12.581974869461469
2026-08-03 22:40:00+08:00,2326.0,2326.0,False,406.5,32.511,2643.1443000000004,12.764543786744142
2026-08-03 22:55:00+08:00,2319.0,2319.0,False,404.21,32.51,2628.1734199999996,12.498992606570065
2026-08-03 23:10:00+08:00,2313.0,2313.0,False,404.06,32.511,2627.278932,12.723125002691656
2026-08-03 23:25:00+08:00,2312.0,2312.0,False,403.56,32.511,2624.027832,12.642871661992697
2026-08-03 23:40:00+08:00,2312.0,2312.0,False,404.34,32.511,2629.099548,12.835181518589398
2026-08-03 23:55:00+08:00,2313.0,2313.0,False,404.3,32.511,2628.83946,12.7822630644501
2026-08-04 00:10:00+08:00,2312.0,2312.0,False,404.04,32.511,2627.1488880000006,12.761262927937903
2026-08-04 00:25:00+08:00,2310.0,2310.0,False,403.43,32.513,2623.3439179999996,12.70310455578498
2026-08-04 00:40:00+08:00,2311.0,2311.0,False,402.81,32.513,2619.312306,12.506806338608435
2026-08-04 00:55:00+08:00,2315.0,2315.0,False,403.36,32.51,2622.6467199999997,12.461268999010109
2026-08-04 01:10:00+08:00,2316.0,2316.0,False,404.02,32.511,2627.018844,12.584165823180104
2026-08-04 01:25:00+08:00,2323.0,2323.0,False,405.86,32.512,2639.064064,12.73921738709741
2026-08-04 01:40:00+08:00,2328.0,2328.0,False,407.12,32.512,2647.257088,12.833792600186525
2026-08-04 01:55:00+08:00,2332.0,2332.0,False,407.57,32.51,2650.0201399999996,12.766714347324964
2026-08-04 02:10:00+08:00,2331.0,2331.0,False,407.08,32.505,2646.4270800000004,12.674302402839032
2026-08-04 02:25:00+08:00,2325.0,2325.0,False,406.14,32.512,2640.884736,12.722193638930243
2026-08-04 02:40:00+08:00,2327.0,2327.0,False,406.8,32.512,2645.17632,12.798271803844639
2026-08-04 02:55:00+08:00,2329.0,2329.0,False,407.51,32.511,2649.7115220000005,12.883314109798727
2026-08-04 03:10:00+08:00,2330.0,2330.0,False,407.37,32.511,2648.801214,12.806344350666421
2026-08-04 03:25:00+08:00,2330.0,2330.0,False,407.1,32.514,2647.2898800000003,12.74950375202982
2026-08-04 03:40:00+08:00,2330.0,2330.0,False,407.03,32.506,2646.183436,12.707868995044812
2026-08-04 03:55:00+08:00,2334.0,2334.0,False,407.5,32.501,2648.8315,12.636650466707525
2026-08-04 04:10:00+08:00,2339.0,2339.0,False,407.6,32.511,2650.2967200000003,12.47858114960941
2026-08-04 04:25:00+08:00,2341.0,2341.0,False,407.67,32.511,2650.7518740000005,12.410547712251951
2026-08-04 04:40:00+08:00,2341.0,2341.0,False,407.71,32.494,2649.625748,12.368218479363318
2026-08-04 04:55:00+08:00,2340.0,2340.0,False,407.94,32.499,2651.528412,12.482285435902279
2026-08-04 08:45:00+08:00,2337.0,2337.0,False,405.51,32.512,2636.788224,12.05472410559955
2026-08-04 09:00:00+08:00,2318.0,2318.0,False,404.91,32.511,2632.8058020000003,12.7173561068716
2026-08-04 09:15:00+08:00,2322.0,2322.0,False,405.86,32.509,2638.820548,12.772909035289706
2026-08-04 09:30:00+08:00,2334.0,2334.0,False,407.12,32.458,2642.8601919999996,12.41184924167545
2026-08-04 09:45:00+08:00,2357.0,2357.0,False,409.58,32.471,2659.8944359999996,12.074977453242933
2026-08-04 10:00:00+08:00,2338.0,2338.0,False,407.66,32.471,2647.4255719999996,12.413205955288891
2026-08-04 10:15:00+08:00,2331.0,2331.0,False,406.81,32.471,2641.9055019999996,12.503977880736317
2026-08-04 10:30:00+08:00,2332.0,2332.0,False,407.35,32.47,2645.3309,12.590318236627585
2026-08-04 10:45:00+08:00,2327.0,2327.0,False,406.71,32.471,2641.2560819999994,12.650558941136298
2026-08-04 11:00:00+08:00,2317.0,2317.0,False,404.88,32.471,2629.3716959999997,12.630336545577697
2026-08-04 11:15:00+08:00,2324.0,2324.0,False,405.5,32.471,2633.3980999999994,12.482277749692908
2026-08-04 11:30:00+08:00,2320.0,2320.0,False,405.07,32.471,2630.6055939999997,12.548185796761723
2026-08-04 11:45:00+08:00,2321.0,2321.0,False,405.79,32.471,2635.2814179999996,12.682145806273489
2026-08-04 12:00:00+08:00,2312.0,2312.0,False,404.8,32.47,2628.7712,12.822743137751456
2026-08-04 12:15:00+08:00,2319.0,2319.0,False,406.04,32.471,2636.904968,12.829340758254823
2026-08-04 12:30:00+08:00,2315.0,2315.0,False,405.75,32.467,2634.6970499999998,12.91784312334832
2026-08-04 12:45:00+08:00,2323.0,2323.0,False,406.22,32.466,2637.6677040000004,12.686506042171308
2026-08-04 13:00:00+08:00,2320.0,2320.0,False,405.64,32.471,2634.3072879999995,12.688243571862978
2026-08-04 13:15:00+08:00,2321.0,2321.0,False,406.56,32.474,2640.5258879999997,12.88014595561452
2026-08-04 13:30:00+08:00,2328.0,2328.0,False,408.16,32.475,2650.9992,12.974462819757038
2026-08-04 17:25:00+08:00,2332.0,2332.0,False,410.04,32.509,2665.9980720000003,13.365274143307044
2026-08-04 17:40:00+08:00,2334.0,2334.0,False,410.35,32.509,2668.0136300000004,13.355166727124665
2026-08-04 17:55:00+08:00,2342.0,2342.0,False,411.43,32.507,2674.871002,13.27006422398739
2026-08-04 18:10:00+08:00,2347.0,2347.0,False,412.64,32.509,2682.902752,13.356232458627062
2026-08-04 18:25:00+08:00,2344.0,2344.0,False,412.01,32.509,2678.8066179999996,13.33145563678158
2026-08-04 18:40:00+08:00,2347.0,2347.0,False,413.83,32.5,2689.895,13.615332461764638
2026-08-04 18:55:00+08:00,2353.0,2353.0,False,414.83,32.508,2697.058728,13.625929777504162
2026-08-04 19:10:00+08:00,2357.0,2357.0,False,415.74,32.5,2702.3100000000004,13.650478029612747
2026-08-04 19:25:00+08:00,2357.0,2357.0,False,415.35,32.504,2700.1072799999997,13.569309923755451
2026-08-04 19:40:00+08:00,2364.0,2364.0,False,417.54,32.506,2714.5110480000003,13.803693432469236
2026-08-04 19:55:00+08:00,2361.0,2361.0,False,417.07,32.5,2710.955,13.799609815150172
2026-08-04 20:10:00+08:00,2364.0,2364.0,False,418.93,32.5,2723.045,14.116053622486142
2026-08-04 20:25:00+08:00,2362.0,2362.0,False,417.99,32.506,2717.436588,13.99511862554627
2026-08-04 20:40:00+08:00,2359.0,2359.0,False,417.68,32.508,2715.588288,14.053880542121327
2026-08-04 20:55:00+08:00,2368.0,2368.0,False,418.57,32.5,2720.705,13.862269477204906
2026-08-04 21:10:00+08:00,2370.0,2370.0,False,419.08,32.501,2724.103816,13.90249703540788
2026-08-04 21:25:00+08:00,2362.0,2362.0,False,414.0,32.5,2691.0,13.021967148228775
2026-08-04 21:40:00+08:00,2373.0,2373.0,False,417.0,32.497,2710.2498,13.269062637842433
2026-08-04 21:55:00+08:00,2367.0,2367.0,False,415.56,32.496,2700.807552,13.173647522122806
2026-08-04 22:10:00+08:00,2363.0,2363.0,False,414.96,32.491,2696.4930719999998,13.182865052058315
2026-08-04 22:25:00+08:00,2366.0,2366.0,False,415.17,32.49,2697.77466,13.103847713476258
2026-08-04 22:40:00+08:00,2368.0,2368.0,False,416.55,32.489,2706.65859,13.347049224842532
2026-08-04 22:55:00+08:00,2371.0,2371.0,False,417.8,32.489,2714.78084,13.519294315482142
2026-08-04 23:10:00+08:00,2371.0,2371.0,False,416.95,32.486,2709.0075399999996,13.30736371308613
2026-08-04 23:25:00+08:00,2371.0,2371.0,False,416.98,32.483,2708.952268,13.305332419316345
2026-08-04 23:40:00+08:00,2371.0,2371.0,False,416.55,32.479,2705.82549,13.190348601090093
2026-08-04 23:55:00+08:00,2372.0,2372.0,False,415.83,32.477,2700.9821819999997,12.969971909907244
2026-08-05 00:10:00+08:00,2375.0,2375.0,False,416.9,32.472,2707.51536,13.084677032830449
2026-08-05 00:25:00+08:00,2375.0,2375.0,False,416.94,32.479,2708.358852,13.115692269840165
2026-08-05 00:40:00+08:00,2375.0,2375.0,False,417.29,32.478,2710.548924,13.196173275079879
2026-08-05 00:55:00+08:00,2377.0,2377.0,False,418.9,32.477,2720.9230599999996,13.492673622265286
2026-08-05 01:10:00+08:00,2378.0,2378.0,False,418.82,32.47,2719.81708,13.410331309886853
2026-08-05 01:25:00+08:00,2382.0,2382.0,False,419.78,32.471,2726.1352759999995,13.474007926801804
2026-08-05 01:40:00+08:00,2380.0,2380.0,False,419.26,32.471,2722.7582919999995,13.434235853866289
2026-08-05 01:55:00+08:00,2380.0,2380.0,False,419.31,32.47,2722.99914,13.443041262201739
2026-08-05 02:10:00+08:00,2381.0,2381.0,False,419.79,32.476,2726.6200080000003,13.533505133845514
2026-08-05 02:25:00+08:00,2382.0,2382.0,False,419.33,32.48,2723.9676799999997,13.394823525400762
2026-08-05 02:40:00+08:00,2381.0,2381.0,False,419.45,32.48,2724.7472,13.465108495775107
2026-08-05 02:55:00+08:00,2386.0,2386.0,False,420.26,32.471,2729.2524919999996,13.420744822932178
2026-08-05 03:10:00+08:00,2384.0,2384.0,False,419.43,32.469,2723.694534,13.301286196297823
2026-08-05 03:25:00+08:00,2383.0,2383.0,False,418.47,32.476,2718.046344,13.136377182461445
2026-08-05 03:40:00+08:00,2380.0,2380.0,False,417.12,32.476,2709.277824,12.940060864714145
2026-08-05 03:55:00+08:00,2381.0,2381.0,False,418.71,32.48,2719.9401599999997,13.28932115918018
2026-08-05 04:10:00+08:00,2376.0,2376.0,False,415.29,32.48,2697.7238399999997,12.681961026873692
2026-08-05 04:25:00+08:00,2374.0,2374.0,False,414.99,32.469,2694.862062,12.660122057983125
2026-08-05 04:40:00+08:00,2377.0,2377.0,False,414.66,32.475,2693.2167,12.473498420688802
2026-08-05 04:55:00+08:00,2378.0,2378.0,False,415.34,32.479,2697.965572,12.607082040311365
2026-08-05 08:45:00+08:00,2382.0,2382.0,False,419.08,32.481,2722.427496,13.338518228215413
2026-08-05 09:00:00+08:00,2368.0,2368.0,False,417.42,32.47,2710.72548,13.496515271386556
2026-08-05 09:15:00+08:00,2382.0,2382.0,False,417.67,32.427,2708.7570180000002,12.837266317942353
2026-08-05 09:30:00+08:00,2393.0,2393.0,False,418.71,32.437,2716.3392539999995,12.656793292669446
2026-08-05 09:45:00+08:00,2396.0,2396.0,False,419.51,32.42,2720.10284,12.669911068480399
2026-08-05 10:00:00+08:00,2399.0,2399.0,False,419.42,32.397,2717.589948,12.45321400533697
2026-08-05 10:15:00+08:00,2398.0,2398.0,False,418.7,32.384,2711.83616,12.283609500309295
2026-08-05 10:30:00+08:00,2402.0,2402.0,False,419.32,32.37,2714.67768,12.221902552986288
2026-08-05 10:45:00+08:00,2403.0,2403.0,False,419.78,32.361,2716.900116,12.261962494894883
2026-08-05 11:00:00+08:00,2404.0,2404.0,False,420.16,32.352,2718.603264,12.282944736748595
2026-08-05 11:15:00+08:00,2396.0,2396.0,False,419.65,32.351,2715.21943,12.490930368841555
2026-08-05 11:30:00+08:00,2398.0,2398.0,False,420.11,32.35,2718.1117000000004,12.513866732034032
2026-08-05 11:45:00+08:00,2397.0,2397.0,False,419.57,32.349,2714.5339859999995,12.424214995721227
2026-08-05 12:00:00+08:00,2395.0,2395.0,False,419.58,32.34,2713.84344,12.482020392466756
2026-08-05 12:15:00+08:00,2388.0,2388.0,False,418.26,32.34,2705.3056800000004,12.45971476818962
2026-08-05 12:30:00+08:00,2394.0,2394.0,False,419.19,32.34,2711.32092,12.430988177722629
2026-08-05 12:45:00+08:00,2392.0,2392.0,False,419.49,32.35,2714.1003,12.616293495057276
2026-08-05 13:00:00+08:00,2389.0,2389.0,False,419.86,32.352,2716.662144,12.835245841131782
2026-08-05 13:15:00+08:00,2399.0,2399.0,False,420.41,32.352,2720.220864,12.549599735339722
2026-08-05 13:30:00+08:00,2399.0,2399.0,False,420.68,32.391,2725.249176,12.733540653254128
2026-08-05 17:25:00+08:00,2389.0,2389.0,False,418.71,32.387,2712.152154,12.669771229882038
2026-08-05 17:40:00+08:00,2381.0,2381.0,False,418.67,32.379,2711.223186,12.969705919720075
2026-08-05 17:55:00+08:00,2382.0,2382.0,False,418.45,32.377,2709.63113,12.869397709099175
2026-08-05 18:10:00+08:00,2386.0,2386.0,False,418.47,32.376,2709.676944,12.703982122772493
2026-08-05 18:25:00+08:00,2387.0,2387.0,False,418.35,32.377,2708.9835900000003,12.63675929537286
2026-08-05 18:40:00+08:00,2390.0,2390.0,False,418.23,32.374,2707.955604,12.473847506656325
2026-08-05 18:55:00+08:00,2394.0,2394.0,False,419.29,32.367,2714.231886,12.537875850062774
2026-08-05 19:10:00+08:00,2395.0,2395.0,False,419.43,32.366,2715.054276,12.526453094761605
2026-08-05 19:25:00+08:00,2400.0,2400.0,False,420.24,32.355,2719.3730399999995,12.477037227199194
2026-08-05 19:40:00+08:00,2397.0,2397.0,False,419.44,32.351,2713.8606879999998,12.399504010898594
2026-08-05 19:55:00+08:00,2394.0,2394.0,False,418.17,32.344,2705.058096,12.200610000659234
2026-08-05 20:10:00+08:00,2395.0,2395.0,False,418.71,32.34,2708.21628,12.275250070334078
2026-08-05 20:25:00+08:00,2397.0,2397.0,False,419.05,32.337,2710.1639700000005,12.263713162121187
2026-08-05 20:40:00+08:00,2396.0,2396.0,False,418.91,32.333,2708.923406,12.259670953425463
2026-08-05 20:55:00+08:00,2394.0,2394.0,False,419.05,32.329,2709.49349,12.363824529929982
2026-08-05 21:10:00+08:00,2390.0,2390.0,False,418.15,32.321,2703.0052299999998,12.291573083658497
2026-08-05 21:25:00+08:00,2401.0,2401.0,False,422.52,32.32,2731.16928,12.866655871491444
2026-08-05 21:40:00+08:00,2402.0,2402.0,False,426.4,32.319,2756.1643200000003,13.732184476046328
2026-08-05 21:55:00+08:00,2394.0,2394.0,False,421.28,32.318,2722.9854079999996,12.858563461434033
2026-08-05 22:10:00+08:00,2387.0,2387.0,False,419.17,32.319,2709.4310460000006,12.653209396527194
2026-08-05 22:25:00+08:00,2381.0,2381.0,False,415.81,32.321,2687.8790019999997,12.108357760322
2026-08-05 22:40:00+08:00,2381.0,2381.0,False,414.75,32.334,2682.1053,11.89409590197542
2026-08-05 22:55:00+08:00,2389.0,2389.0,False,416.31,32.347,2693.2759140000003,11.974002165518804
2026-08-05 23:10:00+08:00,2388.0,2388.0,False,415.83,32.348,2690.2537679999996,11.90384655074211
2026-08-05 23:25:00+08:00,2393.0,2393.0,False,418.2,32.35,2705.754,12.267859951666619
2026-08-05 23:40:00+08:00,2388.0,2388.0,False,416.5,32.359,2695.5047000000004,12.098137727697996
2026-08-05 23:55:00+08:00,2386.0,2386.0,False,415.66,32.36,2690.1515200000003,11.983547725147508
2026-08-06 00:10:00+08:00,2389.0,2389.0,False,416.95,32.36,2698.5004,12.167090935265573
2026-08-06 00:25:00+08:00,2392.0,2392.0,False,417.94,32.361,2704.9912679999998,12.281412760701626
2026-08-06 00:40:00+08:00,2391.0,2391.0,False,417.32,32.361,2700.9785039999997,12.175169386771618
2026-08-06 00:55:00+08:00,2386.0,2386.0,False,415.59,32.361,2689.7815979999996,11.969845121771908
2026-08-06 01:10:00+08:00,2384.0,2384.0,False,415.83,32.362,2691.418092,12.114000715903973
2026-08-06 01:25:00+08:00,2385.0,2385.0,False,416.05,32.362,2692.8420200000005,12.124915221368013
2026-08-06 01:40:00+08:00,2387.0,2387.0,False,416.34,32.361,2694.6357479999997,12.107744956772125
2026-08-06 01:55:00+08:00,2387.0,2387.0,False,416.8,32.361,2697.6129599999995,12.217762195217293
2026-08-06 02:10:00+08:00,2387.0,2387.0,False,416.71,32.36,2696.94712,12.193168523751279
2026-08-06 02:25:00+08:00,2386.0,2386.0,False,416.32,32.361,2694.5063039999995,12.144707064219384
2026-08-06 02:40:00+08:00,2388.0,2388.0,False,416.91,32.361,2698.324902,12.202323208962786
2026-08-06 02:55:00+08:00,2390.0,2390.0,False,418.38,32.361,2707.839036,12.469559503761465
2026-08-06 03:10:00+08:00,2390.0,2390.0,False,418.66,32.36,2709.56752,12.533122416624067
2026-08-06 03:25:00+08:00,2388.0,2388.0,False,418.47,32.361,2708.421534,12.574373287702228
2026-08-06 03:40:00+08:00,2385.0,2385.0,False,416.29,32.361,2694.3121380000002,12.179292376459193
2026-08-06 03:55:00+08:00,2375.0,2375.0,False,411.89,32.361,2665.834458,11.539139419206052
2026-08-06 04:10:00+08:00,2376.0,2376.0,False,412.01,32.36,2666.52872,11.523135955485436
2026-08-06 04:25:00+08:00,2380.0,2380.0,False,413.04,32.36,2673.19488,11.604336937822593
2026-08-06 04:40:00+08:00,2380.0,2380.0,False,413.14,32.361,2673.9247079999996,11.63154281007542
2026-08-06 04:55:00+08:00,2380.0,2380.0,False,413.39,32.361,2675.5427579999996,11.69183101190575
2026-08-06 08:45:00+08:00,2387.0,2387.0,False,413.18,32.358,2673.935688,11.339234706354958
2026-08-06 09:00:00+08:00,2372.0,2372.0,False,411.7,32.35,2663.699,11.585243677193576
2026-08-06 09:15:00+08:00,2370.0,2370.0,False,411.09,32.333,2658.3545939999995,11.469143180318818
2026-08-06 09:30:00+08:00,2362.0,2362.0,False,411.68,32.301,2659.535136,11.85036559306074
2026-08-06 09:45:00+08:00,2363.0,2363.0,False,411.99,32.291,2660.7138179999997,11.852339873871362
2026-08-06 10:00:00+08:00,2368.0,2368.0,False,412.18,32.281,2661.116516,11.65677967760173
2026-08-06 10:15:00+08:00,2363.0,2363.0,False,412.44,32.261,2661.1453680000004,11.868500855845475
2026-08-06 10:30:00+08:00,2373.0,2373.0,False,413.7,32.257,2668.9441799999995,11.739288236229523
2026-08-06 10:45:00+08:00,2370.0,2370.0,False,413.55,32.25,2667.3975,11.80758516674533
2026-08-06 11:00:00+08:00,2369.0,2369.0,False,413.55,32.244,2666.90124,11.831099372393576
2026-08-06 11:15:00+08:00,2365.0,2365.0,False,412.74,32.244,2661.6777119999997,11.80412705957862
2026-08-06 11:30:00+08:00,2367.0,2367.0,False,412.57,32.244,2660.581416,11.678832890331456
2026-08-06 11:45:00+08:00,2368.0,2368.0,False,412.86,32.25,2662.947,11.725307382486841
2026-08-06 12:00:00+08:00,2365.0,2365.0,False,412.75,32.277,2664.46635,11.90847414656627
2026-08-06 12:15:00+08:00,2367.0,2367.0,False,413.18,32.273,2666.9116280000003,11.915649306666785
2026-08-06 12:30:00+08:00,2367.0,2367.0,False,412.71,32.276,2664.1255920000003,11.811495720657824
2026-08-06 12:45:00+08:00,2371.0,2371.0,False,413.28,32.282,2668.3009919999995,11.799294881253227
2026-08-06 13:00:00+08:00,2373.0,2373.0,False,413.57,32.276,2669.6770640000004,11.766649350520472
2026-08-06 13:15:00+08:00,2369.0,2369.0,False,412.95,32.28,2666.0052,11.797612443379405
2026-08-06 13:30:00+08:00,2366.0,2366.0,False,412.86,32.28,2665.42416,11.902163303202805
2026-08-06 17:25:00+08:00,2364.0,2364.0,False,412.84,32.266,2664.1390879999994,11.938376514536046
2026-08-06 17:40:00+08:00,2367.0,2367.0,False,413.32,32.265,2667.15396,11.924703232556682
2026-08-06 17:55:00+08:00,2368.0,2368.0,False,413.76,32.266,2670.076032,11.991721843073604
2026-08-06 18:10:00+08:00,2367.0,2367.0,False,413.75,32.264,2669.8460000000005,12.025223721352624
2026-08-06 18:25:00+08:00,2366.0,2366.0,False,413.52,32.263,2668.279152,12.00883554023466
2026-08-06 18:40:00+08:00,2366.0,2366.0,False,412.96,32.259,2664.335328,11.861448931223222
2026-08-06 18:55:00+08:00,2362.0,2362.0,False,411.75,32.255,2656.19925,11.725291697016619
2026-08-06 19:10:00+08:00,2367.0,2367.0,False,412.91,32.249,2663.1869180000003,11.7763782073436
2026-08-06 19:25:00+08:00,2370.0,2370.0,False,413.75,32.243,2668.10825,11.834134369780571
2026-08-06 19:40:00+08:00,2368.0,2368.0,False,413.67,32.249,2668.0887660000003,11.917532829285332
2026-08-06 19:55:00+08:00,2364.0,2364.0,False,413.02,32.265,2665.21806,11.978723388263667
2026-08-06 20:10:00+08:00,2366.0,2366.0,False,412.82,32.264,2663.844896,11.843104595008969
2026-08-06 20:25:00+08:00,2364.0,2364.0,False,413.29,32.266,2667.043028,12.046926504640503
2026-08-06 20:40:00+08:00,2361.0,2361.0,False,412.57,32.26,2661.9016399999996,11.98118782990939
2026-08-06 20:55:00+08:00,2357.0,2357.0,False,411.27,32.252,2652.8560079999997,11.810958539629139
2026-08-06 21:10:00+08:00,2360.0,2360.0,False,411.5,32.259,2654.9157,11.761541674568928
2026-08-06 21:25:00+08:00,2364.0,2364.0,False,413.91,32.261,2670.630102,12.180839338254131
2026-08-06 21:40:00+08:00,2369.0,2369.0,False,416.73,32.26,2688.7419600000003,12.643664407110252
2026-08-06 21:55:00+08:00,2383.0,2383.0,False,421.39,32.245,2717.54411,13.117977328893243
2026-08-06 22:10:00+08:00,2388.0,2388.0,False,422.55,32.26,2726.2925999999998,13.22930174155463
2026-08-06 22:25:00+08:00,2385.0,2385.0,False,420.39,32.249,2711.431422,12.810195800570517
2026-08-06 22:40:00+08:00,2386.0,2386.0,False,422.04,32.243,2721.567144,13.139999320192983
2026-08-06 22:55:00+08:00,2390.0,2390.0,False,423.2,32.25,2729.64,13.268120414716655
2026-08-06 23:10:00+08:00,2386.0,2386.0,False,422.88,32.253,2727.8297279999997,13.36883495077526
2026-08-06 23:25:00+08:00,2385.0,2385.0,False,422.76,32.261,2727.7320720000002,13.407003033739265
2026-08-06 23:40:00+08:00,2381.0,2381.0,False,420.84,32.267,2715.848856,13.139446173916522
2026-08-06 23:55:00+08:00,2383.0,2383.0,False,419.76,32.268,2708.963136,12.803043827849104
2026-08-07 00:10:00+08:00,2382.0,2382.0,False,419.59,32.273,2708.285614,12.819933447451534
2026-08-07 00:25:00+08:00,2383.0,2383.0,False,420.8,32.28,2716.6848,13.086487227602772
2026-08-07 00:40:00+08:00,2384.0,2384.0,False,420.98,32.279,2717.7626840000003,13.08421048461298
2026-08-07 00:55:00+08:00,2388.0,2388.0,False,421.95,32.282,2724.27798,13.15570011316168
2026-08-07 01:10:00+08:00,2387.0,2387.0,False,420.57,32.28,2715.19992,12.86503567661065
2026-08-07 01:25:00+08:00,2387.0,2387.0,False,421.06,32.28,2718.3633600000003,12.980990250221888
2026-08-07 01:40:00+08:00,2386.0,2386.0,False,420.75,32.279,2716.2778500000004,12.946290253479646
2026-08-07 01:55:00+08:00,2385.0,2385.0,False,420.23,32.276,2712.668696,12.855629329427106
2026-08-07 02:10:00+08:00,2387.0,2387.0,False,420.71,32.261,2714.505062,12.839546683566544
2026-08-07 02:25:00+08:00,2386.0,2386.0,False,420.87,32.262,2715.621588,12.92222805295217
2026-08-07 02:40:00+08:00,2384.0,2384.0,False,420.65,32.265,2714.45445,12.962926441364997
2026-08-07 02:55:00+08:00,2386.0,2386.0,False,421.93,32.26,2722.29236,13.166527532108596
2026-08-07 03:10:00+08:00,2384.0,2384.0,False,420.31,32.261,2711.924182,12.870057335558693
2026-08-07 03:25:00+08:00,2384.0,2384.0,False,419.69,32.266,2708.343508,12.738477186013114
2026-08-07 03:40:00+08:00,2384.0,2384.0,False,419.08,32.265,2704.32324,12.590522452736325
2026-08-07 03:55:00+08:00,2381.0,2381.0,False,419.09,32.256,2703.6334079999997,12.69052779665014
2026-08-07 04:10:00+08:00,2380.0,2380.0,False,419.19,32.256,2704.278528,12.756127588767688
2026-08-07 04:25:00+08:00,2378.0,2378.0,False,418.47,32.257,2699.717358,12.671731619450249
2026-08-07 04:40:00+08:00,2380.0,2380.0,False,418.74,32.265,2702.12922,12.676939371486498
2026-08-07 04:55:00+08:00,2384.0,2384.0,False,419.33,32.266,2706.020356,12.653008572761786
2026-08-07 08:45:00+08:00,2385.0,2385.0,False,421.43,32.245,2717.8020699999997,13.043894920266808
2026-08-07 09:00:00+08:00,2379.0,2379.0,False,419.97,32.246,2708.4705240000003,12.952233234403316
2026-08-07 09:15:00+08:00,2378.0,2378.0,False,419.79,32.259,2708.401122,12.991548014997479
2026-08-07 09:30:00+08:00,2368.0,2368.0,False,418.98,32.255,2702.83998,13.206489706661978
2026-08-07 09:45:00+08:00,2364.0,2364.0,False,418.87,32.248,2701.543952,13.327056489825912
2026-08-07 10:00:00+08:00,2373.0,2373.0,False,419.65,32.244,2706.23892,13.121608384588445
2026-08-07 10:15:00+08:00,2376.0,2376.0,False,420.07,32.244,2708.947416,13.095412351851152
2026-08-07 10:30:00+08:00,2376.0,2376.0,False,419.94,32.217,2705.841396,12.981176321623234
2026-08-07 10:45:00+08:00,2380.0,2380.0,False,420.08,32.21,2706.1553599999997,12.825222075009513
2026-08-07 11:00:00+08:00,2378.0,2378.0,False,421.12,32.221,2713.7815039999996,13.189156044351726
2026-08-07 11:15:00+08:00,2367.0,2367.0,False,419.54,32.226,2704.019208,13.29197126559179
2026-08-07 11:30:00+08:00,2370.0,2370.0,False,419.55,32.238,2705.09058,13.205304406606277
2026-08-07 11:45:00+08:00,2366.0,2366.0,False,419.25,32.256,2704.6656,13.357836099465908
2026-08-07 12:00:00+08:00,2366.0,2366.0,False,419.37,32.246,2704.601004,13.355458405537762
2026-08-07 12:15:00+08:00,2366.0,2366.0,False,419.63,32.226,2704.599276,13.355394799295118
2026-08-07 12:30:00+08:00,2362.0,2362.0,False,418.71,32.257,2701.2656939999997,13.401062259167304
2026-08-07 12:45:00+08:00,2362.0,2362.0,False,418.68,32.24,2699.6486400000003,13.341449160722476
2026-08-07 13:00:00+08:00,2366.0,2366.0,False,420.04,32.274,2711.274192,13.600769977876345
2026-08-07 13:15:00+08:00,2369.0,2369.0,False,420.36,32.278,2713.676016,13.562777360389596
2026-08-07 13:30:00+08:00,2374.0,2374.0,False,420.1,32.298,2713.67796,13.352966232163011
2026-08-07 17:25:00+08:00,2389.0,2389.0,False,422.49,32.339,2732.580822,13.416983308127511
2026-08-07 17:40:00+08:00,2389.0,2389.0,False,422.11,32.34,2730.20748,13.330480600094766
2026-08-07 17:55:00+08:00,2388.0,2388.0,False,421.64,32.331,2726.408568,13.23353672279394
2026-08-07 18:10:00+08:00,2386.0,2386.0,False,421.26,32.339,2724.625428,13.25181947965684
2026-08-07 18:25:00+08:00,2387.0,2387.0,False,421.06,32.336,2723.079232,13.153582038236392
2026-08-07 18:40:00+08:00,2386.0,2386.0,False,420.41,32.334,2718.7073880000003,13.035316726757706
2026-08-07 18:55:00+08:00,2393.0,2393.0,False,421.31,32.329,2724.1061980000004,12.941150141828672
2026-08-07 19:10:00+08:00,2393.0,2393.0,False,421.78,32.33,2727.2294799999995,13.055253921939434
2026-08-07 19:25:00+08:00,2395.0,2395.0,False,421.87,32.339,2728.5707859999998,13.021027714166522
2026-08-07 19:40:00+08:00,2393.0,2393.0,False,421.6,32.341,2726.99312,13.04662378140071
2026-08-07 19:55:00+08:00,2394.0,2394.0,False,420.7,32.328,2720.07792,12.752168625541794
2026-08-07 20:10:00+08:00,2394.0,2394.0,False,420.44,32.332,2718.733216,12.702920425566756
2026-08-07 20:25:00+08:00,2407.0,2407.0,False,423.21,32.31,2734.78302,12.74978032814772
2026-08-07 20:40:00+08:00,2417.0,2417.0,False,424.91,32.303,2745.173546,12.714549136159553
2026-08-07 20:55:00+08:00,2412.0,2412.0,False,424.29,32.308,2741.592264,12.790777660170747
2026-08-07 21:10:00+08:00,2411.0,2411.0,False,424.85,32.313,2745.6356100000003,12.978834857016405
2026-08-07 21:25:00+08:00,2407.0,2407.0,False,422.29,32.311,2728.922438,12.53610979862699
2026-08-07 21:40:00+08:00,2407.0,2407.0,False,421.92,32.342,2729.147328,12.544318043362795
2026-08-07 21:55:00+08:00,2394.0,2394.0,False,416.44,32.344,2693.867072,11.78753563159128
2026-08-07 22:10:00+08:00,2394.0,2394.0,False,415.6,32.347,2688.68264,11.595555373884213
2026-08-07 22:25:00+08:00,2391.0,2391.0,False,415.01,32.342,2684.450684,11.563532079036154
2026-08-07 22:40:00+08:00,2393.0,2393.0,False,415.39,32.35,2687.5733,11.596065349554156
2026-08-07 22:55:00+08:00,2398.0,2398.0,False,416.45,32.346,2694.0983399999996,11.629718054502442
2026-08-07 23:10:00+08:00,2399.0,2399.0,False,416.71,32.351,2696.197042,11.665772277310872
2026-08-07 23:25:00+08:00,2400.0,2400.0,False,417.6,32.353,2702.1225600000002,11.843014606062315
2026-08-07 23:40:00+08:00,2403.0,2403.0,False,418.83,32.353,2710.081398,12.011598255412705
2026-08-07 23:55:00+08:00,2406.0,2406.0,False,419.77,32.348,2715.7439919999997,12.095254760246116
2026-08-08 00:10:00+08:00,2400.0,2400.0,False,419.01,32.35,2710.9947,12.169635002752015
2026-08-08 00:25:00+08:00,2401.0,2401.0,False,419.35,32.351,2713.27837,12.212020832960643
2026-08-08 00:40:00+08:00,2399.0,2399.0,False,419.4,32.358,2714.1890399999997,12.328472017533691
2026-08-08 00:55:00+08:00,2404.0,2404.0,False,420.57,32.36,2721.92904,12.404738244289078
2026-08-08 01:10:00+08:00,2403.0,2403.0,False,420.6,32.363,2722.37556,12.46252323410228
2026-08-08 01:25:00+08:00,2403.0,2403.0,False,420.84,32.363,2723.9289839999997,12.519345791663872
2026-08-08 01:40:00+08:00,2402.0,2402.0,False,420.85,32.366,2724.24622,12.572405076555219
2026-08-08 01:55:00+08:00,2404.0,2404.0,False,420.82,32.357,2723.294548,12.454698867438651
2026-08-08 02:10:00+08:00,2400.0,2400.0,False,419.67,32.354,2715.600636,12.338751925982054
2026-08-08 02:25:00+08:00,2400.0,2400.0,False,419.87,32.36,2717.3986400000003,12.404686925074117
2026-08-08 02:40:00+08:00,2401.0,2401.0,False,419.42,32.365,2714.9056600000004,12.271753267631613
2026-08-08 02:55:00+08:00,2405.0,2405.0,False,420.33,32.354,2719.8713639999996,12.287971409851748
2026-08-08 03:10:00+08:00,2405.0,2405.0,False,420.18,32.36,2719.40496,12.270886569433022
2026-08-08 03:25:00+08:00,2404.0,2404.0,False,420.0,32.348,2717.232,12.232681511011412
2026-08-08 03:40:00+08:00,2405.0,2405.0,False,419.29,32.36,2713.6448800000003,12.0596324705378
2026-08-08 03:55:00+08:00,2406.0,2406.0,False,421.23,32.36,2726.20056,12.478100037462301
2026-08-08 04:10:00+08:00,2406.0,2406.0,False,420.98,32.361,2724.6667559999996,12.42204068807776
2026-08-08 04:25:00+08:00,2405.0,2405.0,False,421.35,32.36,2726.9772000000003,12.547881155824319
2026-08-08 04:40:00+08:00,2406.0,2406.0,False,421.43,32.36,2727.49496,12.52538329169802
2026-08-08 04:55:00+08:00,2405.0,2405.0,False,421.67,32.361,2729.132574,12.62657593383759
2026-08-10 08:45:00+08:00,2398.0,2398.0,False,420.35,32.314,2716.6379800000004,12.459844909688032
2026-08-10 09:00:00+08:00,2398.0,2398.0,False,420.89,32.306,2719.4544679999995,12.563061186380425
2026-08-10 09:15:00+08:00,2398.0,2398.0,False,421.31,32.285,2720.3986699999996,12.597638081208693
2026-08-10 09:30:00+08:00,2399.0,2399.0,False,421.31,32.288,2720.6514559999996,12.565365387248722
2026-08-10 09:45:00+08:00,2402.0,2402.0,False,421.86,32.268,2722.515696,12.509111690307911
2026-08-10 10:00:00+08:00,2400.0,2400.0,False,421.73,32.261,2721.086306,12.539773275205574
2026-08-10 10:15:00+08:00,2400.0,2400.0,False,421.97,32.249,2721.6221060000003,12.559384481850728
2026-08-10 10:30:00+08:00,2399.0,2399.0,False,421.48,32.232,2717.028672,12.432638375956307
2026-08-10 10:45:00+08:00,2397.0,2397.0,False,421.48,32.23,2716.86008,12.509535849482994
2026-08-10 11:00:00+08:00,2392.0,2392.0,False,420.63,32.262,2714.073012,12.615292074480028
2026-08-10 11:15:00+08:00,2391.0,2391.0,False,420.8,32.256,2714.66496,12.6786603717922
2026-08-10 11:30:00+08:00,2390.0,2390.0,False,420.96,32.245,2714.7710399999996,12.724215736813916
2026-08-10 11:45:00+08:00,2391.0,2391.0,False,421.18,32.245,2716.18982,12.734589136536151
2026-08-10 12:00:00+08:00,2387.0,2387.0,False,421.01,32.241,2714.756682,12.84877748703266
2026-08-10 12:15:00+08:00,2387.0,2387.0,False,420.98,32.253,2715.573588,12.878739809758926
2026-08-10 12:30:00+08:00,2386.0,2386.0,False,420.42,32.257,2712.297588,12.800256649122066
2026-08-10 12:45:00+08:00,2387.0,2387.0,False,420.15,32.251,2710.0515299999997,12.676015853424175
2026-08-10 13:00:00+08:00,2393.0,2393.0,False,420.41,32.281,2714.2510420000003,12.580193899150819
2026-08-10 13:15:00+08:00,2392.0,2392.0,False,420.91,32.28,2717.3949600000005,12.73712298804164
2026-08-10 13:30:00+08:00,2387.0,2387.0,False,421.28,32.266,2718.604096,12.989808444403128
2026-08-10 17:25:00+08:00,2388.0,2388.0,False,421.6,32.241,2718.56112,12.946525547509744
2026-08-10 17:40:00+08:00,2389.0,2389.0,False,421.23,32.239,2716.006794,12.811218758193876
2026-08-10 17:55:00+08:00,2388.0,2388.0,False,421.01,32.239,2714.5882779999997,12.800886930583733
2026-08-10 18:10:00+08:00,2388.0,2388.0,False,420.87,32.235,2713.34889,12.755406345085337
2026-08-10 18:25:00+08:00,2387.0,2387.0,False,420.51,32.225,2710.1869500000003,12.680992601222925
2026-08-10 18:40:00+08:00,2389.0,2389.0,False,420.99,32.235,2714.12253,12.74210164810603
2026-08-10 18:55:00+08:00,2386.0,2386.0,False,420.07,32.234,2708.107276,12.646269838782253
2026-08-10 19:10:00+08:00,2388.0,2388.0,False,420.52,32.234,2711.008336,12.669457067543805
2026-08-10 19:25:00+08:00,2389.0,2389.0,False,421.11,32.232,2714.643504,12.761216716832822
2026-08-10 19:40:00+08:00,2386.0,2386.0,False,420.86,32.23,2712.86356,12.821035752523638
2026-08-10 19:55:00+08:00,2388.0,2388.0,False,420.47,32.232,2710.517808,12.651434010642962
2026-08-10 20:10:00+08:00,2384.0,2384.0,False,419.6,32.23,2704.7416,12.605929921849437
2026-08-10 20:25:00+08:00,2385.0,2385.0,False,420.21,32.228,2708.505576,12.702668964350226
2026-08-10 20:40:00+08:00,2383.0,2383.0,False,419.85,32.227,2706.10119,12.69777031098884
2026-08-10 20:55:00+08:00,2385.0,2385.0,False,420.75,32.243,2713.24845,12.876910696653084
2026-08-10 21:10:00+08:00,2386.0,2386.0,False,421.28,32.241,2716.4976959999995,12.954349641709253
2026-08-10 21:25:00+08:00,2381.0,2381.0,False,418.48,32.24,2698.3590400000003,12.496027057776182
2026-08-10 21:40:00+08:00,2385.0,2385.0,False,421.05,32.239,2714.8461899999998,12.935534826394429
2026-08-10 21:55:00+08:00,2390.0,2390.0,False,422.43,32.242,2723.997612,13.062094953516382
2026-08-10 22:10:00+08:00,2386.0,2386.0,False,421.96,32.242,2720.9668639999995,13.118035535387785
2026-08-10 22:25:00+08:00,2390.0,2390.0,False,424.09,32.244,2734.871592,13.458740801949054
2026-08-10 22:40:00+08:00,2387.0,2387.0,False,422.73,32.245,2726.18577,13.267101382862528
2026-08-10 22:55:00+08:00,2391.0,2391.0,False,425.63,32.245,2744.8878699999996,13.78098116460629
2026-08-10 23:10:00+08:00,2390.0,2390.0,False,425.43,32.249,2743.938414,13.788183085127292
2026-08-10 23:25:00+08:00,2388.0,2388.0,False,423.88,32.278,2736.399728,13.597679591477796
2026-08-10 23:40:00+08:00,2392.0,2392.0,False,425.79,32.277,2748.6447660000003,13.875487695972819
2026-08-10 23:55:00+08:00,2390.0,2390.0,False,424.54,32.285,2741.2547799999998,13.690794749427734
2026-08-11 00:10:00+08:00,2390.0,2390.0,False,424.69,32.297,2743.2425859999994,13.762941457838185
2026-08-11 00:25:00+08:00,2387.0,2387.0,False,422.29,32.288,2726.979904,13.296098552678231
2026-08-11 00:40:00+08:00,2386.0,2386.0,False,422.01,32.28,2724.49656,13.247110374730397
2026-08-11 00:55:00+08:00,2387.0,2387.0,False,422.81,32.288,2730.3378559999996,13.418612007313188
2026-08-11 01:10:00+08:00,2387.0,2387.0,False,422.86,32.287,2730.576164,13.427300463720076
2026-08-11 01:25:00+08:00,2387.0,2387.0,False,422.29,32.283,2726.5576140000003,13.28068009130679
2026-08-11 01:40:00+08:00,2387.0,2387.0,False,422.48,32.283,2727.784368,13.325463733410709
2026-08-11 01:55:00+08:00,2388.0,2388.0,False,422.29,32.282,2726.4731559999996,13.23589529853814
2026-08-11 02:10:00+08:00,2387.0,2387.0,False,422.39,32.284,2727.2877519999997,13.307336954864393
2026-08-11 02:25:00+08:00,2387.0,2387.0,False,422.58,32.28,2728.17648,13.339773567304174
2026-08-11 02:40:00+08:00,2388.0,2388.0,False,422.89,32.275,2729.7549499999996,13.355659008253202
2026-08-11 02:55:00+08:00,2388.0,2388.0,False,423.37,32.261,2731.6679140000006,13.425398669324728
2026-08-11 03:10:00+08:00,2388.0,2388.0,False,423.36,32.252,2730.8413440000004,13.395271349906498
2026-08-11 03:25:00+08:00,2388.0,2388.0,False,423.12,32.265,2730.39336,13.378938894215823
2026-08-11 03:40:00+08:00,2387.0,2387.0,False,421.25,32.253,2717.31525,12.942588136577188
2026-08-11 03:55:00+08:00,2386.0,2386.0,False,419.67,32.269,2708.466246,12.659471294100314
2026-08-11 04:10:00+08:00,2386.0,2386.0,False,419.8,32.258,2708.3816800000004,12.656361468385322
2026-08-11 04:25:00+08:00,2383.0,2383.0,False,420.26,32.269,2712.273988,12.924682314453781
2026-08-11 04:40:00+08:00,2383.0,2383.0,False,420.32,32.268,2712.577152,12.93581245730493
2026-08-11 04:55:00+08:00,2386.0,2386.0,False,420.13,32.269,2711.434994,12.768578486358631
2026-08-11 08:45:00+08:00,2384.0,2384.0,False,421.11,32.226,2714.138172,12.951323046251872
2026-08-11 09:00:00+08:00,2389.0,2389.0,False,422.16,32.23,2721.24336,13.003034751753972
2026-08-11 09:15:00+08:00,2392.0,2392.0,False,421.87,32.241,2720.302134,12.84361234507585
2026-08-11 09:30:00+08:00,2387.0,2387.0,False,422.15,32.223,2720.58789,13.062443454105685
2026-08-11 09:45:00+08:00,2385.0,2385.0,False,422.3,32.228,2721.97688,13.19672627928561
2026-08-11 10:00:00+08:00,2386.0,2386.0,False,421.81,32.224,2718.4810879999995,13.027027910109071
2026-08-11 10:15:00+08:00,2392.0,2392.0,False,422.29,32.23,2722.0813399999997,12.908724678203875
2026-08-11 10:30:00+08:00,2390.0,2390.0,False,422.6,32.23,2724.0796,13.065091908229196
2026-08-11 10:45:00+08:00,2389.0,2389.0,False,422.39,32.233,2722.9793739999996,13.066538401882042
2026-08-11 11:00:00+08:00,2390.0,2390.0,False,422.08,32.235,2721.14976,12.957936102424036
2026-08-11 11:15:00+08:00,2399.0,2399.0,False,422.95,32.236,2726.8432399999997,12.791777846097366
2026-08-11 11:30:00+08:00,2396.0,2396.0,False,422.97,32.237,2727.0567780000006,12.924189301264876
2026-08-11 11:45:00+08:00,2398.0,2398.0,False,423.02,32.237,2727.379148,12.852869553212612
2026-08-11 12:00:00+08:00,2399.0,2399.0,False,422.95,32.238,2727.01242,12.797956505926688
2026-08-11 12:15:00+08:00,2400.0,2400.0,False,422.91,32.239,2726.839098,12.750121146868102
2026-08-11 12:30:00+08:00,2399.0,2399.0,False,423.16,32.238,2728.366416,12.847391400474464
2026-08-11 12:45:00+08:00,2400.0,2400.0,False,422.71,32.24,2725.6340800000003,12.706099378830423
2026-08-11 13:00:00+08:00,2402.0,2402.0,False,422.79,32.226,2724.966108,12.598722175910279
2026-08-11 13:15:00+08:00,2398.0,2398.0,False,422.15,32.245,2722.4453499999995,12.672544195789511
2026-08-11 13:30:00+08:00,2398.0,2398.0,False,422.48,32.26,2725.84096,12.796687584932378
2026-08-11 17:25:00+08:00,2399.0,2399.0,False,420.94,32.283,2717.841204,12.462423252484417
2026-08-11 17:40:00+08:00,2401.0,2401.0,False,421.49,32.283,2721.392334,12.509480457925429
2026-08-11 17:55:00+08:00,2400.0,2400.0,False,421.59,32.271,2721.026178,12.537572230313254
2026-08-11 18:10:00+08:00,2402.0,2402.0,False,422.29,32.262,2724.783996,12.592065366976312
2026-08-11 18:25:00+08:00,2407.0,2407.0,False,423.35,32.285,2733.57095,12.705629517670594
2026-08-11 18:40:00+08:00,2408.0,2408.0,False,423.25,32.28,2732.502,12.62530391000723
2026-08-11 18:55:00+08:00,2413.0,2413.0,False,424.5,32.289,2741.3361,12.74018975984123
2026-08-11 19:10:00+08:00,2411.0,2411.0,False,424.54,32.281,2740.915148,12.807475997661754
2026-08-11 19:25:00+08:00,2410.0,2410.0,False,424.24,32.291,2739.826768,12.809237392196488
2026-08-11 19:40:00+08:00,2411.0,2411.0,False,424.06,32.293,2738.833916,12.731824806289543
2026-08-11 19:55:00+08:00,2411.0,2411.0,False,424.2,32.284,2738.9745599999997,12.736939034510481
2026-08-11 20:10:00+08:00,2409.0,2409.0,False,423.83,32.289,2737.009374,12.748106354304522
2026-08-11 20:25:00+08:00,2410.0,2410.0,False,423.92,32.29,2737.67536,12.731003300876385
2026-08-11 20:40:00+08:00,2409.0,2409.0,False,423.34,32.29,2733.9297199999996,12.635977456055908
2026-08-11 20:55:00+08:00,2410.0,2410.0,False,423.84,32.281,2736.3958079999998,12.684442478855672
2026-08-11 21:10:00+08:00,2409.0,2409.0,False,424.07,32.293,2738.898502,12.816822315818069
2026-08-11 21:25:00+08:00,2405.0,2405.0,False,421.12,32.293,2719.845632,12.28702890225904
2026-08-11 21:40:00+08:00,2404.0,2404.0,False,421.38,32.294,2721.6091439999996,12.393030177565938
2026-08-11 21:55:00+08:00,2409.0,2409.0,False,423.87,32.294,2737.6915559999998,12.772926157457873
2026-08-11 22:10:00+08:00,2409.0,2409.0,False,423.52,32.285,2734.6686399999994,12.662893463526043
2026-08-11 22:25:00+08:00,2408.0,2408.0,False,423.31,32.272,2732.212064,12.614734955028496
2026-08-11 22:40:00+08:00,2410.0,2410.0,False,424.32,32.275,2738.9856,12.778656829026671
2026-08-11 22:55:00+08:00,2408.0,2408.0,False,424.46,32.277,2740.059084,12.900360255461276
2026-08-11 23:10:00+08:00,2406.0,2406.0,False,423.39,32.276,2733.067128,12.728657550238564
2026-08-11 23:25:00+08:00,2404.0,2404.0,False,421.94,32.275,2723.6227,12.466701186887246
2026-08-11 23:40:00+08:00,2403.0,2403.0,False,422.73,32.272,2728.468512,12.685199616401738
2026-08-11 23:55:00+08:00,2404.0,2404.0,False,422.76,32.274,2728.831248,12.657000875552646
2026-08-12 00:10:00+08:00,2403.0,2403.0,False,421.75,32.278,2722.6493,12.472538844981065
2026-08-12 00:25:00+08:00,2404.0,2404.0,False,422.74,32.282,2729.3785359999997,12.676974188369098
2026-08-12 00:40:00+08:00,2402.0,2402.0,False,422.21,32.285,2726.2099699999994,12.644176892000367
2026-08-12 00:55:00+08:00,2401.0,2401.0,False,421.74,32.285,2723.1751799999997,12.5747137317815
2026-08-12 01:10:00+08:00,2400.0,2400.0,False,421.21,32.286,2719.837212,12.494038335842303
2026-08-12 01:25:00+08:00,2401.0,2401.0,False,421.88,32.293,2724.754168,12.632450070321047
2026-08-12 01:40:00+08:00,2403.0,2403.0,False,422.45,32.286,2727.84414,12.662405293800258
2026-08-12 01:55:00+08:00,2400.0,2400.0,False,422.1,32.291,2726.00622,12.719696621827362
2026-08-12 02:10:00+08:00,2401.0,2401.0,False,421.77,32.287,2723.537598,12.587968839408244
2026-08-12 02:25:00+08:00,2399.0,2399.0,False,421.02,32.281,2718.189324,12.475181346251082
2026-08-12 02:40:00+08:00,2401.0,2401.0,False,421.48,32.28,2721.07488,12.497860242136879
2026-08-12 02:55:00+08:00,2399.0,2399.0,False,420.53,32.279,2714.857574,12.353006294343862
2026-08-12 03:10:00+08:00,2401.0,2401.0,False,421.37,32.279,2720.280446,12.468774142192336
2026-08-12 03:25:00+08:00,2402.0,2402.0,False,422.43,32.279,2727.123594,12.677549606343142
2026-08-12 03:40:00+08:00,2403.0,2403.0,False,422.89,32.265,2728.90917,12.701283643334627
2026-08-12 03:55:00+08:00,2402.0,2402.0,False,422.42,32.257,2725.200388,12.607285206033191
2026-08-12 04:10:00+08:00,2402.0,2402.0,False,423.28,32.26,2731.00256,12.81910757511876
2026-08-12 04:25:00+08:00,2402.0,2402.0,False,422.9,32.256,2728.2124799999997,12.717308738058339
2026-08-12 04:40:00+08:00,2402.0,2402.0,False,422.91,32.239,2726.839098,12.667158855760224
2026-08-12 04:55:00+08:00,2402.0,2402.0,False,422.87,32.24,2726.6657600000003,12.660827403967941
2026-08-12 08:45:00+08:00,2404.0,2404.0,False,423.38,32.26,2731.64776,12.759744254734473
2026-08-12 09:00:00+08:00,2397.0,2397.0,False,422.88,32.23,2725.8844799999997,12.839816368453413
2026-08-12 09:15:00+08:00,2395.0,2395.0,False,422.0,32.251,2721.9844,12.780355554728676
2026-08-12 09:30:00+08:00,2401.0,2401.0,False,422.58,32.242,2724.9648719999996,12.640151857833473
2026-08-12 09:45:00+08:00,2403.0,2403.0,False,422.53,32.243,2724.726958,12.548521426167566
2026-08-12 10:00:00+08:00,2398.0,2398.0,False,422.35,32.243,2723.5662100000004,12.713541000966591
2026-08-12 10:15:00+08:00,2401.0,2401.0,False,422.95,32.243,2727.43537,12.73040787096826
2026-08-12 10:30:00+08:00,2406.0,2406.0,False,423.38,32.236,2729.615536,12.602794493921781
2026-08-12 10:45:00+08:00,2408.0,2408.0,False,423.39,32.227,2728.9179059999997,12.494570163372188
2026-08-12 11:00:00+08:00,2408.0,2408.0,False,423.64,32.227,2730.529256,12.55336848081185
2026-08-12 11:15:00+08:00,2407.0,2407.0,False,423.16,32.229,2727.6047280000003,12.48800034213657
2026-08-12 11:30:00+08:00,2400.0,2400.0,False,422.97,32.229,2726.380026,12.733352749685508
2026-08-12 11:45:00+08:00,2403.0,2403.0,False,422.5,32.225,2723.0125,12.485825970966705
2026-08-12 12:00:00+08:00,2403.0,2403.0,False,422.71,32.21,2723.09782,12.488947001795605
2026-08-12 12:15:00+08:00,2402.0,2402.0,False,422.82,32.242,2726.5124879999994,12.655228538852665
2026-08-12 12:30:00+08:00,2406.0,2406.0,False,423.16,32.227,2727.4354639999997,12.52321047977237
2026-08-12 12:45:00+08:00,2409.0,2409.0,False,423.74,32.235,2731.85178,12.560244637125093
2026-08-12 13:00:00+08:00,2408.0,2408.0,False,423.77,32.245,2732.8927299999996,12.639545194322682
2026-08-12 13:15:00+08:00,2414.0,2414.0,False,423.69,32.244,2732.2920719999997,12.369763221631612
2026-08-12 13:30:00+08:00,2413.0,2413.0,False,424.47,32.243,2737.237242,12.591157524001304
2026-08-12 17:25:00+08:00,2434.0,2434.0,False,428.3,32.245,2762.1067,12.628943897553135
2026-08-12 17:40:00+08:00,2431.0,2431.0,False,427.95,32.244,2759.7639599999998,12.667266804403093
2026-08-12 17:55:00+08:00,2431.0,2431.0,False,427.93,32.243,2759.549398,12.659523021844096
2026-08-12 18:10:00+08:00,2432.0,2432.0,False,428.16,32.243,2761.0325760000005,12.672078258112606
2026-08-12 18:25:00+08:00,2432.0,2432.0,False,428.18,32.246,2761.4184560000003,12.68599704764481
2026-08-12 18:40:00+08:00,2433.0,2433.0,False,428.35,32.244,2762.3434800000005,12.678410244398334
2026-08-12 18:55:00+08:00,2433.0,2433.0,False,428.3,32.239,2761.5927399999996,12.651337898724263
2026-08-12 19:10:00+08:00,2432.0,2432.0,False,427.73,32.271,2760.654966,12.658455766922222
2026-08-12 19:25:00+08:00,2432.0,2432.0,False,427.89,32.267,2761.345326,12.683359388837994
2026-08-12 19:40:00+08:00,2434.0,2434.0,False,428.57,32.259,2765.047926,12.734944194088207
2026-08-12 19:55:00+08:00,2434.0,2434.0,False,428.39,32.258,2763.800924,12.690017521725313
2026-08-12 20:10:00+08:00,2435.0,2435.0,False,429.11,32.283,2770.5916260000004,12.893505680462699
2026-08-12 20:25:00+08:00,2441.0,2441.0,False,431.6,32.289,2787.1864800000003,13.243080801509599
2026-08-12 20:40:00+08:00,2447.0,2447.0,False,432.82,32.284,2794.632176,13.264272056010062
2026-08-12 20:55:00+08:00,2446.0,2446.0,False,432.63,32.246,2790.117396,13.143990860971908
2026-08-12 21:10:00+08:00,2444.0,2444.0,False,432.77,32.245,2790.9337299999997,13.254560530988796
2026-08-12 21:25:00+08:00,2439.0,2439.0,False,428.49,32.25,2763.7605,12.484161052579678
2026-08-12 21:40:00+08:00,2442.0,2442.0,False,430.87,32.249,2779.025326,12.910311862371532
2026-08-12 21:55:00+08:00,2446.0,2446.0,False,431.66,32.248,2784.0343359999997,12.92665838437049
2026-08-12 22:10:00+08:00,2446.0,2446.0,False,431.62,32.247,2783.690028,12.91434200466919
2026-08-12 22:25:00+08:00,2446.0,2446.0,False,431.32,32.249,2781.927736,12.851276948102027
2026-08-12 22:40:00+08:00,2442.0,2442.0,False,430.07,32.253,2774.209542,12.737584229510235
2026-08-12 22:55:00+08:00,2442.0,2442.0,False,431.21,32.272,2783.2018239999998,13.059852441787703
2026-08-12 23:10:00+08:00,2442.0,2442.0,False,430.26,32.276,2777.4143520000002,12.85256656703159
2026-08-12 23:25:00+08:00,2440.0,2440.0,False,429.96,32.273,2775.219816,12.855443407066538
2026-08-12 23:40:00+08:00,2440.0,2440.0,False,429.91,32.27,2774.63914,12.834603930042999
2026-08-12 23:55:00+08:00,2440.0,2440.0,False,429.84,32.3,2776.7663999999995,12.910925051196449
2026-08-13 00:10:00+08:00,2441.0,2441.0,False,429.71,32.3,2775.9266,12.839996637100464
2026-08-13 00:25:00+08:00,2439.0,2439.0,False,428.84,32.292,2769.620256,12.695118467089115
2026-08-13 00:40:00+08:00,2440.0,2440.0,False,429.17,32.298,2772.2665320000006,12.749406806428468
2026-08-13 00:55:00+08:00,2441.0,2441.0,False,429.83,32.298,2776.529868,12.861636693557307
2026-08-13 01:10:00+08:00,2441.0,2441.0,False,430.05,32.281,2776.48881,12.86016404508589
2026-08-13 01:25:00+08:00,2442.0,2442.0,False,430.4,32.287,2779.2649599999995,12.918898488537902
2026-08-13 01:40:00+08:00,2442.0,2442.0,False,430.71,32.287,2781.2667539999998,12.990596497496048
2026-08-13 01:55:00+08:00,2442.0,2442.0,False,430.44,32.275,2778.4901999999997,12.891134246358693
2026-08-13 02:10:00+08:00,2444.0,2444.0,False,432.19,32.287,2790.823706,13.250635569732024
2026-08-13 02:25:00+08:00,2444.0,2444.0,False,431.97,32.287,2789.4030780000003,13.199941714865949
2026-08-13 02:40:00+08:00,2444.0,2444.0,False,432.51,32.285,2792.7170699999997,13.318155834605733
2026-08-13 02:55:00+08:00,2444.0,2444.0,False,431.92,32.286,2788.993824,13.18533274080165
2026-08-13 03:10:00+08:00,2444.0,2444.0,False,432.08,32.288,2790.199808,13.228375709726054
2026-08-13 03:25:00+08:00,2441.0,2441.0,False,430.49,32.288,2779.9322239999997,12.983590265430713
2026-08-13 03:40:00+08:00,2441.0,2441.0,False,429.41,32.288,2772.9580159999996,12.733436478825672
2026-08-13 03:55:00+08:00,2441.0,2441.0,False,430.2,32.288,2778.05952,12.916484999197703
2026-08-13 04:10:00+08:00,2440.0,2440.0,False,429.76,32.273,2773.9288960000003,12.809108166249928
2026-08-13 04:25:00+08:00,2440.0,2440.0,False,429.83,32.288,2775.6702079999995,12.871604016877273
2026-08-13 04:40:00+08:00,2441.0,2441.0,False,430.42,32.273,2778.188932,12.921123814185773
2026-08-13 04:55:00+08:00,2441.0,2441.0,False,430.61,32.28,2780.0181600000005,12.986668485366865
2026-08-13 08:45:00+08:00,2441.0,2441.0,False,431.17,32.24,2780.1841600000002,12.992614303801926
2026-08-13 09:00:00+08:00,2438.0,2438.0,False,430.88,32.23,2777.4524799999995,13.01718235576751
2026-08-13 09:15:00+08:00,2432.0,2432.0,False,430.39,32.212,2772.744536,13.093612324030504
2026-08-13 09:30:00+08:00,2432.0,2432.0,False,430.48,32.202,2772.463392,13.083515680918833
2026-08-13 09:45:00+08:00,2431.0,2431.0,False,430.82,32.205,2774.91162,13.212349540424965
2026-08-13 10:00:00+08:00,2431.0,2431.0,False,430.92,32.22,2776.8484799999997,13.28181806088182
2026-08-13 10:15:00+08:00,2426.0,2426.0,False,430.38,32.197,2771.388972,13.290864850051488
2026-08-13 10:30:00+08:00,2426.0,2426.0,False,430.4,32.231,2774.44448,13.40056533013886
2026-08-13 10:45:00+08:00,2425.0,2425.0,False,430.22,32.221,2772.4237239999998,13.369074466478875
2026-08-13 11:00:00+08:00,2423.0,2423.0,False,429.8,32.209,2768.6856400000006,13.316894125353882
2026-08-13 11:15:00+08:00,2424.0,2424.0,False,429.9,32.217,2770.01766,13.323699788883662
2026-08-13 11:30:00+08:00,2425.0,2425.0,False,429.66,32.207,2767.6119240000003,13.196130541412677
2026-08-13 11:45:00+08:00,2427.0,2427.0,False,430.14,32.211,2771.0479079999996,13.237581264708867
2026-08-13 12:00:00+08:00,2426.0,2426.0,False,430.25,32.205,2771.24025,13.285522061444047
2026-08-13 12:15:00+08:00,2427.0,2427.0,False,429.87,32.2,2768.3628000000003,13.141057252055631
2026-08-13 12:30:00+08:00,2430.0,2430.0,False,429.89,32.21,2769.35138,13.053604390169147
2026-08-13 12:45:00+08:00,2430.0,2430.0,False,430.05,32.199,2769.43599,13.05664655369668
2026-08-13 13:00:00+08:00,2433.0,2433.0,False,430.93,32.215,2776.48199,13.186800171661606
2026-08-13 13:15:00+08:00,2435.0,2435.0,False,431.65,32.224,2781.8979199999994,13.299011225429517
2026-08-13 13:30:00+08:00,2428.0,2428.0,False,431.16,32.226,2778.912432,13.478714558109553
2026-08-13 17:25:00+08:00,2430.0,2430.0,False,428.82,32.221,2763.4018439999995,12.839439504770182
2026-08-13 17:40:00+08:00,2431.0,2431.0,False,429.33,32.216,2766.259056,12.901379453577883
2026-08-13 17:55:00+08:00,2431.0,2431.0,False,429.33,32.211,2765.829726,12.885922520217663
2026-08-13 18:10:00+08:00,2433.0,2433.0,False,429.61,32.211,2767.633542,12.868952957270299
2026-08-13 18:25:00+08:00,2432.0,2432.0,False,429.32,32.211,2765.7653039999996,12.842646194246079
2026-08-13 18:40:00+08:00,2433.0,2433.0,False,429.73,32.212,2768.4925520000006,12.899857056259822
2026-08-13 18:55:00+08:00,2433.0,2433.0,False,429.66,32.206,2767.5259920000003,12.865082974860758
2026-08-13 19:10:00+08:00,2431.0,2431.0,False,429.61,32.207,2767.289854,12.938480286597734
2026-08-13 19:25:00+08:00,2432.0,2432.0,False,429.54,32.211,2767.182588,12.893664814681447
2026-08-13 19:40:00+08:00,2431.0,2431.0,False,429.06,32.21,2764.00452,12.820182108330483
2026-08-13 19:55:00+08:00,2430.0,2430.0,False,428.4,32.209,2759.66712,12.704750126632403
2026-08-13 20:10:00+08:00,2429.0,2429.0,False,428.16,32.209,2758.121088000001,12.689932716681579
2026-08-13 20:25:00+08:00,2431.0,2431.0,False,428.94,32.204,2762.716752,12.77377137951399
2026-08-13 20:40:00+08:00,2431.0,2431.0,False,429.44,32.203,2765.851264,12.886698001907638
2026-08-13 20:55:00+08:00,2434.0,2434.0,False,430.2,32.204,2770.83216,12.943055593170172
2026-08-13 21:10:00+08:00,2434.0,2434.0,False,430.37,32.192,2770.894208,12.945285515397748
2026-08-13 21:25:00+08:00,2436.0,2436.0,False,432.17,32.185,2781.87829,13.257430349146762
2026-08-13 21:40:00+08:00,2440.0,2440.0,False,435.26,32.175,2800.8980999999994,13.772376150568524
2026-08-13 21:55:00+08:00,2440.0,2440.0,False,435.88,32.182,2805.4980320000004,13.935684648828037
2026-08-13 22:10:00+08:00,2440.0,2440.0,False,435.45,32.175,2802.1207499999996,13.815811091341212
2026-08-13 22:25:00+08:00,2442.0,2442.0,False,435.83,32.181,2805.0890459999996,13.839637285240752
2026-08-13 22:40:00+08:00,2441.0,2441.0,False,434.56,32.162,2795.263744,13.531165018413551
2026-08-13 22:55:00+08:00,2439.0,2439.0,False,433.46,32.169,2788.7949479999997,13.382121964589333
2026-08-13 23:10:00+08:00,2439.0,2439.0,False,433.51,32.161,2788.423022,13.368844286350159
2026-08-13 23:25:00+08:00,2436.0,2436.0,False,432.78,32.17,2784.50652,13.351444679356513
2026-08-13 23:40:00+08:00,2436.0,2436.0,False,432.94,32.164,2785.016432,13.369673761639673
2026-08-13 23:55:00+08:00,2438.0,2438.0,False,434.35,32.182,2795.6503400000006,13.667337967404242
2026-08-14 00:10:00+08:00,2438.0,2438.0,False,434.05,32.184,2793.89304,13.604752133847137
2026-08-14 00:25:00+08:00,2439.0,2439.0,False,433.79,32.187,2792.479746,13.513566453937676
2026-08-14 00:40:00+08:00,2439.0,2439.0,False,434.21,32.189,2795.357138,13.616080393634
2026-08-14 00:55:00+08:00,2440.0,2440.0,False,435.18,32.193,2801.949948,13.809744526007824
2026-08-14 01:10:00+08:00,2440.0,2440.0,False,435.41,32.193,2803.430826,13.862329381667324
2026-08-14 01:25:00+08:00,2440.0,2440.0,False,435.21,32.192,2802.056064,13.813513612966954
2026-08-14 01:40:00+08:00,2440.0,2440.0,False,434.64,32.187,2797.9515359999996,13.667615423313057
2026-08-14 01:55:00+08:00,2439.0,2439.0,False,433.67,32.185,2791.5337900000004,13.479839884563688
2026-08-14 02:10:00+08:00,2438.0,2438.0,False,433.78,32.184,2792.1551039999995,13.542814580360849
2026-08-14 02:25:00+08:00,2439.0,2439.0,False,434.21,32.185,2795.00977,13.603710563956401
2026-08-14 02:40:00+08:00,2439.0,2439.0,False,434.25,32.184,2795.1803999999997,13.609786930538343
2026-08-14 02:55:00+08:00,2439.0,2439.0,False,434.14,32.177,2793.8645559999995,13.562917679308631
2026-08-14 03:10:00+08:00,2438.0,2438.0,False,432.93,32.18,2786.33748,13.335182933090309
2026-08-14 03:25:00+08:00,2437.0,2437.0,False,431.93,32.179,2779.8150940000005,13.142696753591338
2026-08-14 03:40:00+08:00,2437.0,2437.0,False,431.32,32.17,2775.11288,12.97411962420891
2026-08-14 03:55:00+08:00,2438.0,2438.0,False,431.98,32.171,2779.445716,13.088615946799825
2026-08-14 04:10:00+08:00,2438.0,2438.0,False,432.21,32.179,2781.617118,13.166372560739237
2026-08-14 04:25:00+08:00,2439.0,2439.0,False,432.79,32.18,2785.4364400000004,13.262155410584356
2026-08-14 04:40:00+08:00,2438.0,2438.0,False,432.72,32.18,2784.98592,13.286879394842407
2026-08-14 04:55:00+08:00,2439.0,2439.0,False,432.46,32.175,2782.8800999999994,13.170739021755764
2026-08-14 08:45:00+08:00,2436.0,2436.0,False,432.18,32.172,2780.8189919999995,13.219511450513426
2026-08-14 09:00:00+08:00,2427.0,2427.0,False,431.31,32.141,2772.546942,13.291425035854592
2026-08-14 09:15:00+08:00,2424.0,2424.0,False,431.42,32.109,2770.4929560000005,13.34078066656254
2026-08-14 09:30:00+08:00,2423.0,2423.0,False,431.75,32.101,2771.9213499999996,13.43317161096191
2026-08-14 09:45:00+08:00,2424.0,2424.0,False,431.87,32.096,2772.2599039999996,13.404252690744531
2026-08-14 10:00:00+08:00,2427.0,2427.0,False,432.08,32.068,2771.188288,13.242624888927452
2026-08-14 10:15:00+08:00,2426.0,2426.0,False,432.39,32.068,2773.176504,13.355057430071815
2026-08-14 10:30:00+08:00,2425.0,2425.0,False,432.48,32.079,2774.705184,13.45096199207897
2026-08-14 10:45:00+08:00,2424.0,2424.0,False,431.98,32.038,2767.955048,13.249538750629023
2026-08-14 11:00:00+08:00,2421.0,2421.0,False,431.57,32.08,2768.9531199999997,13.408719190897035
2026-08-14 11:15:00+08:00,2425.0,2425.0,False,432.04,32.076,2771.623008,13.34031764345373
2026-08-14 11:30:00+08:00,2423.0,2423.0,False,431.81,32.058,2768.5929960000003,13.31356276450298
2026-08-14 11:45:00+08:00,2423.0,2423.0,False,431.32,32.06,2765.62384,13.206732673841323
2026-08-14 12:00:00+08:00,2421.0,2421.0,False,431.19,32.057,2764.531566,13.24961815881848
2026-08-14 12:15:00+08:00,2418.0,2418.0,False,431.23,32.057,2764.788022,13.382296189925096
2026-08-14 12:30:00+08:00,2415.0,2415.0,False,431.14,32.058,2764.297224,13.488209264431275
2026-08-14 12:45:00+08:00,2411.0,2411.0,False,430.65,32.06,2761.3278,13.546233477313638
2026-08-14 13:00:00+08:00,2408.0,2408.0,False,430.08,32.07,2758.53312,13.56937473769645
2026-08-14 13:15:00+08:00,2400.0,2400.0,False,430.24,32.068,2759.387264,13.931393229876374
2026-08-14 13:30:00+08:00,2400.0,2400.0,False,429.87,32.068,2757.014232,13.845772609455928
2026-08-14 17:25:00+08:00,2406.0,2406.0,False,430.39,32.097,2762.845566,13.807553792950756
2026-08-14 17:40:00+08:00,2406.0,2406.0,False,430.39,32.099,2763.0177219999996,13.813754999542239
2026-08-14 17:55:00+08:00,2409.0,2409.0,False,431.11,32.101,2767.812422,13.862291802389743
2026-08-14 18:10:00+08:00,2407.0,2407.0,False,431.35,32.101,2769.35327,14.000330004524598
2026-08-14 18:25:00+08:00,2404.0,2404.0,False,431.03,32.095,2766.7815699999996,14.031982016211902
2026-08-14 18:40:00+08:00,2405.0,2405.0,False,431.1,32.095,2767.2309,14.006756736247022
2026-08-14 18:55:00+08:00,2404.0,2404.0,False,431.12,32.1,2767.7904000000003,14.068257677263965
2026-08-14 19:10:00+08:00,2403.0,2403.0,False,431.1,32.1,2767.6620000000003,14.105041095318171
2026-08-14 19:25:00+08:00,2404.0,2404.0,False,431.37,32.085,2768.10129,14.079433854243023
2026-08-14 19:40:00+08:00,2405.0,2405.0,False,431.07,32.095,2767.03833,13.999831667914181
2026-08-14 19:55:00+08:00,2404.0,2404.0,False,430.9,32.099,2766.2918199999995,14.01436640765857
2026-08-14 20:10:00+08:00,2400.0,2400.0,False,429.68,32.094,2758.029984,13.882431281345564
2026-08-14 20:25:00+08:00,2403.0,2403.0,False,430.57,32.087,2763.1399180000003,13.942321490178433
2026-08-14 20:40:00+08:00,2404.0,2404.0,False,430.86,32.089,2765.173308,13.974122610322818
2026-08-14 20:55:00+08:00,2405.0,2405.0,False,431.37,32.089,2768.446386,14.050455301268105
2026-08-14 21:10:00+08:00,2401.0,2401.0,False,431.03,32.091,2766.436746,14.143830450672725
2026-08-14 21:25:00+08:00,2397.0,2397.0,False,427.48,32.09,2743.5666400000005,13.483596819980157
2026-08-14 21:40:00+08:00,2400.0,2400.0,False,428.96,32.092,2753.2368639999995,13.709319921530374
2026-08-14 21:55:00+08:00,2401.0,2401.0,False,428.97,32.087,2752.8720780000003,13.654668671425272
2026-08-14 22:10:00+08:00,2393.0,2393.0,False,426.61,32.096,2738.4949119999997,13.465663239461072
2026-08-14 22:25:00+08:00,2397.0,2397.0,False,427.39,32.097,2743.587366,13.484348823340287
2026-08-14 22:40:00+08:00,2397.0,2397.0,False,427.19,32.097,2742.303486,13.437754238123615
2026-08-14 22:55:00+08:00,2394.0,2394.0,False,427.38,32.094,2743.266744,13.5973762471229
2026-08-14 23:10:00+08:00,2389.0,2389.0,False,425.31,32.089,2729.554518,13.306667607130093
2026-08-14 23:25:00+08:00,2391.0,2391.0,False,426.49,32.085,2736.78633,13.48676827569763
2026-08-14 23:40:00+08:00,2391.0,2391.0,False,426.11,32.075,2733.4956500000003,13.366999345584391
2026-08-14 23:55:00+08:00,2391.0,2391.0,False,426.01,32.078,2733.1097560000003,13.352944112854411
2026-08-15 00:10:00+08:00,2394.0,2394.0,False,427.33,32.069,2740.809154,13.508161397968871
2026-08-15 00:25:00+08:00,2394.0,2394.0,False,427.25,32.075,2740.80875,13.50814672503626
2026-08-15 00:40:00+08:00,2390.0,2390.0,False,426.28,32.076,2734.671456,13.451455725867318
2026-08-15 00:55:00+08:00,2391.0,2391.0,False,427.0,32.075,2739.2050000000004,13.574701205897247
2026-08-15 01:10:00+08:00,2390.0,2390.0,False,426.35,32.075,2735.0352500000004,13.464697633055318
2026-08-15 01:25:00+08:00,2391.0,2391.0,False,426.35,32.076,2735.12052,13.426157994428111
2026-08-15 01:40:00+08:00,2390.0,2390.0,False,426.2,32.069,2733.56156,13.41104448445429
2026-08-15 01:55:00+08:00,2391.0,2391.0,False,426.72,32.074,2737.323456,13.50630314064184
2026-08-15 02:10:00+08:00,2390.0,2390.0,False,426.4,32.074,2735.2707199999995,13.473267613071553
2026-08-15 02:25:00+08:00,2390.0,2390.0,False,426.61,32.07,2736.27654,13.509865778719766
2026-08-15 02:40:00+08:00,2392.0,2392.0,False,426.79,32.065,2737.00427,13.4530701024353
2026-08-15 02:55:00+08:00,2391.0,2391.0,False,427.02,32.071,2738.9916839999996,13.56694924420075
2026-08-15 03:10:00+08:00,2392.0,2392.0,False,427.6,32.074,2742.96848,13.669742331115536
2026-08-15 03:25:00+08:00,2392.0,2392.0,False,427.61,32.073,2742.947106,13.668966739304134
2026-08-15 03:40:00+08:00,2393.0,2393.0,False,427.65,32.073,2743.20369,13.636674522150807
2026-08-15 03:55:00+08:00,2392.0,2392.0,False,426.97,32.073,2738.8417620000005,13.519877559615157
2026-08-15 04:10:00+08:00,2392.0,2392.0,False,426.83,32.073,2737.943718,13.48723249286923
2026-08-15 04:25:00+08:00,2392.0,2392.0,False,427.0,32.06,2737.924,13.486515589704643
2026-08-15 04:40:00+08:00,2393.0,2393.0,False,426.98,32.059,2737.7103639999996,13.437139871261678
2026-08-15 04:55:00+08:00,2392.0,2392.0,False,426.87,32.059,2737.0050659999997,13.4530990537337
2026-08-17 08:45:00+08:00,2400.0,2400.0,False,427.99,32.064,2744.614272,13.397088830375184
2026-08-17 09:00:00+08:00,2391.0,2391.0,False,428.16,32.04,2743.64928,13.736061053813597
2026-08-17 09:15:00+08:00,2398.0,2398.0,False,428.72,32.017,2745.2656480000005,13.503702579898338
2026-08-17 09:30:00+08:00,2399.0,2399.0,False,428.36,32.017,2742.9604240000003,13.378571425582027
2026-08-17 09:45:00+08:00,2400.0,2400.0,False,428.3,32.016,2742.4905599999997,13.320026784842545
2026-08-17 10:00:00+08:00,2400.0,2400.0,False,428.44,31.994,2741.501872,13.28412905418854
2026-08-17 10:15:00+08:00,2405.0,2405.0,False,429.19,31.938,2741.494044,13.076632018735124
2026-08-17 10:30:00+08:00,2402.0,2402.0,False,428.75,31.936,2738.5119999999997,13.09254797965649
2026-08-17 10:45:00+08:00,2399.0,2399.0,False,428.53,31.921,2735.8212259999996,13.119102347498146
2026-08-17 11:00:00+08:00,2402.0,2402.0,False,428.72,31.941,2738.749104,13.101168611320734
2026-08-17 11:15:00+08:00,2403.0,2403.0,False,428.69,31.933,2737.8715540000003,13.02781252098952
2026-08-17 11:30:00+08:00,2407.0,2407.0,False,429.39,31.934,2742.428052,13.027778953809149
2026-08-17 11:45:00+08:00,2411.0,2411.0,False,429.59,31.934,2743.7054120000003,12.908804108396652
2026-08-17 12:00:00+08:00,2413.0,2413.0,False,429.95,31.935,2746.0906499999996,12.912765934826117
2026-08-17 12:15:00+08:00,2414.0,2414.0,False,430.31,31.931,2748.045722,12.942377498763264
2026-08-17 12:30:00+08:00,2411.0,2411.0,False,429.44,31.939,2743.176832,12.889617210556741
2026-08-17 12:45:00+08:00,2408.0,2408.0,False,428.89,31.929,2738.805762,12.85479877412168
2026-08-17 13:00:00+08:00,2404.0,2404.0,False,429.13,31.943,2741.539918,13.119708461272495
2026-08-17 13:15:00+08:00,2402.0,2402.0,False,428.91,31.955,2741.16381,13.188917270748956
2026-08-17 13:30:00+08:00,2404.0,2404.0,False,429.27,31.955,2743.4645699999996,13.18958354675959
2026-08-17 17:25:00+08:00,2404.0,2404.0,False,430.56,31.853,2742.925536,13.17001901929207
2026-08-17 17:40:00+08:00,2402.0,2402.0,False,430.57,31.852,2742.903128,13.252071789057013
2026-08-17 17:55:00+08:00,2403.0,2403.0,False,430.8,31.851,2744.2821599999997,13.260674250661236
2026-08-17 18:10:00+08:00,2404.0,2404.0,False,430.72,31.848,2743.514112,13.191381494555475
2026-08-17 18:25:00+08:00,2404.0,2404.0,False,431.15,31.842,2745.73566,13.271968992676406
2026-08-17 18:40:00+08:00,2404.0,2404.0,False,430.96,31.845,2744.78424,13.237464384407764
2026-08-17 18:55:00+08:00,2406.0,2406.0,False,431.12,31.839,2745.2859359999998,13.172863638917198
2026-08-17 19:10:00+08:00,2405.0,2405.0,False,430.57,31.832,2741.180848,13.065255883133315
2026-08-17 19:25:00+08:00,2405.0,2405.0,False,430.88,31.838,2743.671488,13.155684482466635
2026-08-17 19:40:00+08:00,2407.0,2407.0,False,431.41,31.836,2746.873752,13.189060048981968
2026-08-17 19:55:00+08:00,2406.0,2406.0,False,430.8,31.835,2742.9036,13.086420961542187
2026-08-17 20:10:00+08:00,2407.0,2407.0,False,431.66,31.839,2748.724548,13.256121222867165
2026-08-17 20:25:00+08:00,2403.0,2403.0,False,429.82,31.841,2737.179724,13.002647453733276
2026-08-17 20:40:00+08:00,2405.0,2405.0,False,430.19,31.839,2739.363882,12.99923137902165
2026-08-17 20:55:00+08:00,2404.0,2404.0,False,430.04,31.821,2736.8605680000005,12.9496049774988
2026-08-17 21:10:00+08:00,2403.0,2403.0,False,429.82,31.824,2735.7183360000004,12.94946771723588
2026-08-17 21:25:00+08:00,2399.0,2399.0,False,428.43,31.825,2726.9569500000002,12.795930718848517
2026-08-17 21:40:00+08:00,2403.0,2403.0,False,429.3,31.826,2732.5803600000004,12.835174873984462
2026-08-17 21:55:00+08:00,2399.0,2399.0,False,428.37,31.832,2727.174768,12.80388526932876
2026-08-17 22:10:00+08:00,2402.0,2402.0,False,430.02,31.831,2737.593324,13.059139229281167
2026-08-17 22:25:00+08:00,2403.0,2403.0,False,430.98,31.835,2744.04966,13.252238953528966
2026-08-17 22:40:00+08:00,2406.0,2406.0,False,431.9,31.835,2749.9073,13.340321304845798
2026-08-17 22:55:00+08:00,2408.0,2408.0,False,433.87,31.837,2762.623838,13.716868567919985
2026-08-17 23:10:00+08:00,2410.0,2410.0,False,433.81,31.84,2762.5020799999998,13.629847781520843
2026-08-17 23:25:00+08:00,2408.0,2408.0,False,433.76,31.84,2762.18368,13.70100955484816
2026-08-17 23:40:00+08:00,2410.0,2410.0,False,434.89,31.839,2769.292542,13.874193785595985
2026-08-17 23:55:00+08:00,2411.0,2411.0,False,435.72,31.845,2775.10068,14.041404225110417
2026-08-18 00:10:00+08:00,2411.0,2411.0,False,435.72,31.85,2775.5364,14.05702657364942
2026-08-18 00:25:00+08:00,2409.0,2409.0,False,433.97,31.843,2763.781342,13.71723715129346
2026-08-18 00:40:00+08:00,2409.0,2409.0,False,433.79,31.849,2763.155542,13.69469804703719
2026-08-18 00:55:00+08:00,2406.0,2406.0,False,432.75,31.85,2756.6175000000003,13.58293540050179
2026-08-18 01:10:00+08:00,2405.0,2405.0,False,431.59,31.85,2749.2282999999998,13.357122733581662
2026-08-18 01:25:00+08:00,2403.0,2403.0,False,431.44,31.85,2748.2728,13.40533935612962
2026-08-18 01:40:00+08:00,2404.0,2404.0,False,432.1,31.85,2752.4770000000003,13.516088600802457
2026-08-18 01:55:00+08:00,2402.0,2402.0,False,431.5,31.85,2748.655,13.460618115560067
2026-08-18 02:10:00+08:00,2403.0,2403.0,False,431.73,31.84,2749.25664,13.440970207571029
2026-08-18 02:25:00+08:00,2403.0,2403.0,False,431.81,31.85,2750.6297000000004,13.490674349381385
2026-08-18 02:40:00+08:00,2405.0,2405.0,False,432.65,31.85,2755.9805,13.601310836187045
2026-08-18 02:55:00+08:00,2403.0,2403.0,False,431.3,31.85,2747.3810000000003,13.37303007292083
2026-08-18 03:10:00+08:00,2403.0,2403.0,False,431.08,31.859,2746.755544,13.350363568247857
2026-08-18 03:25:00+08:00,2403.0,2403.0,False,431.3,31.844,2746.86344,13.354274108674232
2026-08-18 03:40:00+08:00,2401.0,2401.0,False,430.57,31.859,2743.5059260000003,13.315406024473505
2026-08-18 03:55:00+08:00,2403.0,2403.0,False,431.0,31.86,2746.332,13.335011220872916
2026-08-18 04:10:00+08:00,2403.0,2403.0,False,431.54,31.86,2749.77288,13.459660966077742
2026-08-18 04:25:00+08:00,2401.0,2401.0,False,431.33,31.852,2747.744632,13.469094188317085
2026-08-18 04:40:00+08:00,2400.0,2400.0,False,431.24,31.859,2747.7750320000005,13.51166396503865
2026-08-18 04:55:00+08:00,2400.0,2400.0,False,431.54,31.86,2749.77288,13.584011883646408
2026-08-18 08:45:00+08:00,2407.0,2407.0,False,431.95,31.86,2752.3854,13.388625707240251
2026-08-18 09:00:00+08:00,2400.0,2400.0,False,431.55,31.847,2748.71457,13.545694377072454
2026-08-18 09:15:00+08:00,2394.0,2394.0,False,431.22,31.848,2746.6989120000003,13.721827247135234
2026-08-18 09:30:00+08:00,2391.0,2391.0,False,430.4,31.857,2742.2505599999995,13.68530742438567
2026-08-18 09:45:00+08:00,2390.0,2390.0,False,428.5,31.845,2729.1164999999996,13.24902451428873
2026-08-18 10:00:00+08:00,2384.0,2384.0,False,427.8,31.84,2724.2304,13.320871353022756
2026-08-18 10:15:00+08:00,2376.0,2376.0,False,427.07,31.845,2720.0088299999998,13.501108081871191
2026-08-18 10:30:00+08:00,2378.0,2378.0,False,426.24,31.841,2714.381568,13.211169018197177
2026-08-18 10:45:00+08:00,2379.0,2379.0,False,425.76,31.853,2712.346656,13.094635998008938
2026-08-18 11:00:00+08:00,2378.0,2378.0,False,426.03,31.85,2713.8111,13.190241876804892
2026-08-18 11:15:00+08:00,2378.0,2378.0,False,425.64,31.842,2710.645776,13.074039366972038
2026-08-18 11:30:00+08:00,2377.0,2377.0,False,425.57,31.84,2710.02976,13.093289236035446
2026-08-18 11:45:00+08:00,2378.0,2378.0,False,425.88,31.851,2712.940776,13.1583057331563
2026-08-18 12:00:00+08:00,2378.0,2378.0,False,426.11,31.852,2714.491144,13.215188185313027
2026-08-18 12:15:00+08:00,2378.0,2378.0,False,425.86,31.859,2713.494748,13.178634746968418
2026-08-18 12:30:00+08:00,2376.0,2376.0,False,425.74,31.852,2712.134096,13.212470019776
2026-08-18 12:45:00+08:00,2380.0,2380.0,False,426.08,31.859,2714.896544,13.14635306557464
2026-08-18 13:00:00+08:00,2378.0,2378.0,False,425.83,31.858,2713.2184279999997,13.168495233141456
2026-08-18 13:15:00+08:00,2379.0,2379.0,False,425.84,31.858,2713.282144,13.12897182627121
2026-08-18 13:30:00+08:00,2375.0,2375.0,False,425.29,31.86,2709.94788,13.174092946651802
2026-08-18 17:25:00+08:00,2368.0,2368.0,False,420.74,31.929,2686.761492,12.612325725140272
2026-08-18 17:40:00+08:00,2364.0,2364.0,False,420.26,31.927,2683.5282039999997,12.660779339352047
2026-08-18 17:55:00+08:00,2365.0,2365.0,False,420.39,31.931,2684.694618,12.661938678843093
2026-08-18 18:10:00+08:00,2362.0,2362.0,False,419.49,31.94,2679.7021200000004,12.602970680862057
2026-08-18 18:25:00+08:00,2365.0,2365.0,False,420.02,31.948,2683.759792,12.627251251092986
2026-08-18 18:40:00+08:00,2367.0,2367.0,False,420.27,31.947,2685.2731379999996,12.599205518250805
2026-08-18 18:55:00+08:00,2368.0,2368.0,False,421.0,31.927,2688.2534,12.66761669816628
2026-08-18 19:10:00+08:00,2370.0,2370.0,False,421.38,31.949,2692.5339240000003,12.741995563563963
2026-08-18 19:25:00+08:00,2367.0,2367.0,False,420.86,31.963,2690.3896360000003,12.7887965640621
2026-08-18 19:40:00+08:00,2369.0,2369.0,False,421.6,31.951,2694.1083200000003,12.842242332275452
2026-08-18 19:55:00+08:00,2371.0,2371.0,False,421.26,31.966,2693.1994320000003,12.724594926655735
2026-08-18 20:10:00+08:00,2371.0,2371.0,False,421.52,31.979,2695.9576159999997,12.826537761984694
2026-08-18 20:25:00+08:00,2367.0,2367.0,False,420.64,31.972,2689.740416,12.764761069356819
2026-08-18 20:40:00+08:00,2369.0,2369.0,False,420.63,31.965,2689.08759,12.656466868340651
2026-08-18 20:55:00+08:00,2366.0,2366.0,False,419.63,31.966,2682.778516,12.548719061297788
2026-08-18 21:10:00+08:00,2365.0,2365.0,False,419.33,31.956,2680.0218959999997,12.48842532278277
2026-08-18 21:25:00+08:00,2367.0,2367.0,False,419.15,31.978,2680.71574,12.43000819218081
2026-08-18 21:40:00+08:00,2355.0,2355.0,False,415.67,31.974,2658.1265160000003,12.09331202923107
2026-08-18 21:55:00+08:00,2354.0,2354.0,False,415.59,31.967,2657.033106,12.09463595988463
2026-08-18 22:10:00+08:00,2352.0,2352.0,False,415.08,31.965,2653.60644,12.050745243966885
2026-08-18 22:25:00+08:00,2353.0,2353.0,False,415.85,31.961,2658.19637,12.180579145813843
2026-08-18 22:40:00+08:00,2348.0,2348.0,False,413.97,31.963,2646.344622,11.947298177454444
2026-08-18 22:55:00+08:00,2345.0,2345.0,False,412.64,31.965,2638.00752,11.760268023837945
2026-08-18 23:10:00+08:00,2348.0,2348.0,False,413.71,31.956,2644.1033519999996,11.862869460880491
2026-08-18 23:25:00+08:00,2348.0,2348.0,False,413.56,31.964,2643.806368,11.851676374959904
2026-08-18 23:40:00+08:00,2351.0,2351.0,False,414.73,31.964,2651.285944,12.005948774686848
2026-08-18 23:55:00+08:00,2350.0,2350.0,False,415.22,31.966,2654.5845040000004,12.172219442255635
2026-08-19 00:10:00+08:00,2349.0,2349.0,False,414.8,31.966,2651.8993600000003,12.113795467381703
2026-08-19 00:25:00+08:00,2348.0,2348.0,False,414.24,31.961,2647.904928,12.006030231646552
2026-08-19 00:40:00+08:00,2352.0,2352.0,False,414.32,31.964,2648.6648959999998,11.865018039393126
2026-08-19 00:55:00+08:00,2350.0,2350.0,False,413.66,31.958,2643.949256,11.772216373517749
2026-08-19 01:10:00+08:00,2350.0,2350.0,False,413.39,31.957,2642.140846,11.70403059577457
2026-08-19 01:25:00+08:00,2350.0,2350.0,False,413.83,31.965,2645.6151899999995,11.834986433372565
2026-08-19 01:40:00+08:00,2349.0,2349.0,False,413.45,31.963,2643.02047,11.779617962984833
2026-08-19 01:55:00+08:00,2344.0,2344.0,False,411.73,31.963,2632.0251980000003,11.576516859913227
2026-08-19 02:10:00+08:00,2349.0,2349.0,False,412.66,31.965,2638.13538,11.59524889416578
2026-08-19 02:25:00+08:00,2348.0,2348.0,False,413.48,31.967,2643.543032,11.841750340739127
2026-08-19 02:40:00+08:00,2348.0,2348.0,False,413.24,31.97,2642.25656,11.793243752581724
2026-08-19 02:55:00+08:00,2347.0,2347.0,False,413.42,31.976,2643.903584,11.897788807294264
2026-08-19 03:10:00+08:00,2347.0,2347.0,False,413.74,31.97,2645.45356,11.956187730667642
2026-08-19 03:25:00+08:00,2351.0,2351.0,False,414.55,31.966,2650.3010600000002,11.968927941322542
2026-08-19 03:40:00+08:00,2350.0,2350.0,False,414.92,31.969,2652.9154960000005,12.10955876597123
2026-08-19 03:55:00+08:00,2351.0,2351.0,False,414.39,31.967,2649.3610259999996,11.933579373514604
2026-08-19 04:10:00+08:00,2349.0,2349.0,False,414.54,31.96,2649.73968,12.03262019037567
2026-08-19 04:25:00+08:00,2350.0,2350.0,False,414.71,31.964,2651.1580879999997,12.04353402555347
2026-08-19 04:40:00+08:00,2348.0,2348.0,False,414.0,31.967,2646.8676,11.966987873712611
2026-08-19 04:55:00+08:00,2348.0,2348.0,False,413.93,31.965,2646.2544900000003,11.943904364392942
2026-08-19 08:45:00+08:00,2345.0,2345.0,False,412.7,31.962,2638.1434799999997,11.765403953409734
2026-08-19 09:00:00+08:00,2343.0,2343.0,False,413.87,31.998,2648.602452,12.244663109240738
2026-08-19 09:15:00+08:00,2349.0,2349.0,False,414.37,31.999,2651.885126,12.11326068760413
2026-08-19 09:30:00+08:00,2354.0,2354.0,False,414.6,31.985,2652.1962,11.913084828756805
2026-08-19 09:45:00+08:00,2357.0,2357.0,False,414.52,31.968,2650.275072,11.71395890111786
2026-08-19 10:00:00+08:00,2350.0,2350.0,False,413.5,31.959,2643.0093,11.736781663915593
2026-08-19 10:15:00+08:00,2356.0,2356.0,False,414.1,31.939,2645.18798,11.564771456561012
2026-08-19 10:30:00+08:00,2350.0,2350.0,False,413.07,31.934,2638.195476,11.55509952994472
2026-08-19 10:45:00+08:00,2354.0,2354.0,False,413.32,31.926,2639.1308639999997,11.420924937328051
2026-08-19 11:00:00+08:00,2355.0,2355.0,False,413.65,31.926,2641.23798,11.458140350632373
2026-08-19 11:15:00+08:00,2354.0,2354.0,False,413.88,31.918,2642.044368,11.530897117125036
2026-08-19 11:30:00+08:00,2357.0,2357.0,False,413.92,31.922,2642.6308480000002,11.42607751187314
2026-08-19 11:45:00+08:00,2354.0,2354.0,False,413.73,31.918,2641.086828,11.494768274726775
2026-08-19 12:00:00+08:00,2349.0,2349.0,False,412.88,31.901,2634.2569759999997,11.448615930257404
2026-08-19 12:15:00+08:00,2351.0,2351.0,False,412.98,31.912,2635.8035520000003,11.422288808059319
2026-08-19 12:30:00+08:00,2348.0,2348.0,False,412.05,31.902,2629.04382,11.293604403105292
2026-08-19 12:45:00+08:00,2348.0,2348.0,False,412.65,31.903,2632.95459,11.441766225778817
2026-08-19 13:00:00+08:00,2348.0,2348.0,False,412.59,31.921,2634.057078,11.48349260241052
2026-08-19 13:15:00+08:00,2352.0,2352.0,False,413.26,31.933,2639.3263159999997,11.513024707639639
2026-08-19 13:30:00+08:00,2344.0,2344.0,False,412.09,31.932,2631.7715759999996,11.566912652824708
2026-08-19 17:25:00+08:00,2358.0,2358.0,False,415.6,31.997,2659.59064,12.02133301173409
2026-08-19 17:40:00+08:00,2356.0,2356.0,False,415.09,31.997,2656.326946,11.983533765277256
2026-08-19 17:55:00+08:00,2355.0,2355.0,False,413.85,32.0,2648.6400000000003,11.737055423651594
2026-08-19 18:10:00+08:00,2355.0,2355.0,False,412.94,32.006,2643.311528,11.536356883115836
2026-08-19 18:25:00+08:00,2359.0,2359.0,False,414.13,32.012,2651.4259119999997,11.672696778117722
2026-08-19 18:40:00+08:00,2357.0,2357.0,False,413.83,32.003,2648.760298,11.65698238154032
2026-08-19 18:55:00+08:00,2360.0,2360.0,False,415.07,32.003,2656.6970420000002,11.828381882184235
2026-08-19 19:10:00+08:00,2360.0,2360.0,False,415.25,32.011,2658.5135500000006,11.89649273737641
2026-08-19 19:25:00+08:00,2358.0,2358.0,False,414.23,32.034,2653.8887640000003,11.807475302538469
2026-08-19 19:40:00+08:00,2358.0,2358.0,False,414.03,32.025,2651.86215,11.731346739750112
2026-08-19 19:55:00+08:00,2359.0,2359.0,False,414.65,32.028,2656.08204,11.847544571773339
2026-08-19 20:10:00+08:00,2361.0,2361.0,False,415.53,32.029,2661.802074,11.977460770635183
2026-08-19 20:25:00+08:00,2367.0,2367.0,False,417.63,32.012,2673.834312,12.173949509491434
2026-08-19 20:40:00+08:00,2372.0,2372.0,False,418.5,32.0,2678.4,12.133692380801525
2026-08-19 20:55:00+08:00,2371.0,2371.0,False,418.19,31.982,2674.910516,12.045814726057259
2026-08-19 21:10:00+08:00,2373.0,2373.0,False,418.49,31.973,2676.076154,12.00521223114829
2026-08-19 21:25:00+08:00,2361.0,2361.0,False,413.77,31.963,2645.066102,11.34887539285632
2026-08-19 21:40:00+08:00,2352.0,2352.0,False,410.66,31.982,2626.745624,11.036740767617902
2026-08-19 21:55:00+08:00,2350.0,2350.0,False,410.19,31.998,2625.0519240000003,11.057248374559892
2026-08-19 22:10:00+08:00,2347.0,2347.0,False,410.71,31.986,2627.3940119999997,11.273494271808389
2026-08-19 22:25:00+08:00,2357.0,2357.0,False,414.41,31.981,2650.6492420000004,11.728027575778055
2026-08-19 22:40:00+08:00,2356.0,2356.0,False,412.82,31.962,2638.9105680000002,11.327953289593323
2026-08-19 22:55:00+08:00,2355.0,2355.0,False,412.45,31.874,2629.28626,11.006039608969003
2026-08-19 23:10:00+08:00,2357.0,2357.0,False,413.09,31.889,2634.605402,11.122890518900842
2026-08-19 23:25:00+08:00,2356.0,2356.0,False,412.51,31.826,2625.7086520000003,10.827957668368288
2026-08-19 23:40:00+08:00,2356.0,2356.0,False,412.39,31.87,2628.57386,10.936696602585801
2026-08-19 23:55:00+08:00,2363.0,2363.0,False,414.91,31.877,2645.2172140000002,11.270166685705586
2026-08-20 00:10:00+08:00,2363.0,2363.0,False,414.55,31.871,2642.42461,11.164871385406801
2026-08-20 00:25:00+08:00,2363.0,2363.0,False,414.85,31.857,2643.17529,11.193187364400103
2026-08-20 00:40:00+08:00,2360.0,2360.0,False,414.28,31.86,2639.79216,11.192151635359178
2026-08-20 00:55:00+08:00,2359.0,2359.0,False,413.33,31.862,2633.9040919999998,11.011791411754592
2026-08-20 01:10:00+08:00,2357.0,2357.0,False,412.91,31.86,2631.0625200000004,10.988736364114393
2026-08-20 01:25:00+08:00,2358.0,2358.0,False,413.03,31.879,2633.396674,11.034854249694526
2026-08-20 01:40:00+08:00,2358.0,2358.0,False,413.37,31.865,2634.40701,11.073095981411175
2026-08-20 01:55:00+08:00,2356.0,2356.0,False,412.15,31.881,2627.9508299999998,10.913062318473948
2026-08-20 02:10:00+08:00,2356.0,2356.0,False,411.95,31.89,2627.4170999999997,10.892810878704081
2026-08-20 02:25:00+08:00,2357.0,2357.0,False,412.72,31.868,2630.512192,10.967880637513643
2026-08-20 02:40:00+08:00,2359.0,2359.0,False,413.75,31.887,2638.64925,11.191231557516764
2026-08-20 02:55:00+08:00,2359.0,2359.0,False,413.61,31.885,2637.59097,11.151241783555486
2026-08-20 03:10:00+08:00,2359.0,2359.0,False,414.05,31.876,2639.6515600000002,11.229090751026472
2026-08-20 03:25:00+08:00,2358.0,2358.0,False,413.81,31.866,2637.293892,11.18228068411716
2026-08-20 03:40:00+08:00,2358.0,2358.0,False,413.57,31.877,2636.674178,11.158853133102218
2026-08-20 03:55:00+08:00,2358.0,2358.0,False,413.32,31.867,2634.253688,11.067293661940194
2026-08-20 04:10:00+08:00,2357.0,2357.0,False,412.96,31.868,2632.041856,11.025838785827169
2026-08-20 04:25:00+08:00,2357.0,2357.0,False,413.06,31.885,2634.0836200000003,11.103144771595725
2026-08-20 04:40:00+08:00,2357.0,2357.0,False,413.05,31.8,2626.998,10.834595037959488
2026-08-20 04:55:00+08:00,2358.0,2358.0,False,413.46,31.755,2625.8844599999998,10.750026897694164
2026-08-20 08:45:00+08:00,2370.0,2370.0,False,415.91,31.833,2647.932606,11.07757428498233
2026-08-20 09:00:00+08:00,2365.0,2365.0,False,415.17,31.86,2645.46324,11.19510219178856
2026-08-20 09:15:00+08:00,2365.0,2365.0,False,415.11,31.839,2643.337458,11.114964210544615
2026-08-20 09:30:00+08:00,2364.0,2364.0,False,415.5,31.867,2648.1477,11.3383609984199
2026-08-20 09:45:00+08:00,2360.0,2360.0,False,415.41,31.856,2646.6601920000003,11.451154302744431
2026-08-20 10:00:00+08:00,2367.0,2367.0,False,416.37,31.842,2651.6107079999997,11.342211004583849
2026-08-20 10:15:00+08:00,2364.0,2364.0,False,415.52,31.891,2650.269664,11.418199785116302
2026-08-20 10:30:00+08:00,2364.0,2364.0,False,415.67,31.907,2652.556538,11.504167682122507
2026-08-20 10:45:00+08:00,2362.0,2362.0,False,415.02,31.923,2649.7366919999995,11.482514333177164
2026-08-20 11:00:00+08:00,2362.0,2362.0,False,414.9,31.939,2650.2982199999997,11.503633955762501
2026-08-20 11:15:00+08:00,2361.0,2361.0,False,414.87,31.925,2648.94495,11.494934689851236
2026-08-20 11:30:00+08:00,2362.0,2362.0,False,414.89,31.891,2646.2513979999994,11.35132306311591
2026-08-20 11:45:00+08:00,2360.0,2360.0,False,414.86,31.907,2647.387604,11.478544371936742
2026-08-20 12:00:00+08:00,2366.0,2366.0,False,415.06,31.908,2648.746896,11.276616820902065
2026-08-20 12:15:00+08:00,2363.0,2363.0,False,414.89,31.911,2647.910958,11.371623259245307
2026-08-20 12:30:00+08:00,2363.0,2363.0,False,414.74,31.911,2646.953628,11.335579092509724
2026-08-20 12:45:00+08:00,2363.0,2363.0,False,414.76,31.919,2647.744888,11.365371591035196
2026-08-20 13:00:00+08:00,2365.0,2365.0,False,414.63,31.925,2647.41255,11.268527767132817
2026-08-20 13:15:00+08:00,2374.0,2374.0,False,415.54,31.916,2652.474928,11.08032694836512
2026-08-20 13:30:00+08:00,2377.0,2377.0,False,415.75,31.926,2654.6468999999997,11.036024805317709
2026-08-20 17:25:00+08:00,2364.0,2364.0,False,413.59,31.977,2645.073486,11.22257386662743
2026-08-20 17:40:00+08:00,2365.0,2365.0,False,413.96,31.985,2648.10212,11.294488451394246
2026-08-20 17:55:00+08:00,2364.0,2364.0,False,414.1,31.978,2648.41796,11.348533273550085
2026-08-20 18:10:00+08:00,2365.0,2365.0,False,414.21,31.979,2649.2043179999996,11.3359687789252
2026-08-20 18:25:00+08:00,2363.0,2363.0,False,414.25,31.985,2649.95725,11.448621469891847
2026-08-20 18:40:00+08:00,2364.0,2364.0,False,414.22,31.984,2649.6824960000004,11.39611438211026
2026-08-20 18:55:00+08:00,2362.0,2362.0,False,413.7,31.976,2645.69424,11.33033393827974
2026-08-20 19:10:00+08:00,2361.0,2361.0,False,413.46,31.999,2646.061308,11.38637178436561
2026-08-20 19:25:00+08:00,2359.0,2359.0,False,412.54,31.972,2637.945776,11.164650908951549
2026-08-20 19:40:00+08:00,2355.0,2355.0,False,411.23,32.0,2631.8720000000003,11.104034753649193
2026-08-20 19:55:00+08:00,2349.0,2349.0,False,409.71,32.023,2624.028666,11.06081160884264
2026-08-20 20:10:00+08:00,2350.0,2350.0,False,409.8,32.002,2622.88392,10.97487592270202
2026-08-20 20:25:00+08:00,2347.0,2347.0,False,409.94,32.016,2624.927808,11.179881073607088
2026-08-20 20:40:00+08:00,2359.0,2359.0,False,411.41,32.0,2633.0240000000003,10.978472859906136
2026-08-20 20:55:00+08:00,2356.0,2356.0,False,410.43,31.997,2626.5057420000003,10.858220983862552
2026-08-20 21:10:00+08:00,2356.0,2356.0,False,410.21,31.938,2620.257396,10.620728590623731
2026-08-20 21:25:00+08:00,2368.0,2368.0,False,415.17,31.964,2654.098776,11.393594143039603
2026-08-20 21:40:00+08:00,2361.0,2361.0,False,413.61,31.961,2643.877842,11.304085771130792
2026-08-20 21:55:00+08:00,2366.0,2366.0,False,415.5,31.966,2656.3746,11.5632394286161
2026-08-20 22:10:00+08:00,2371.0,2371.0,False,416.57,32.006,2666.547884,11.733799491562316
2026-08-20 22:25:00+08:00,2375.0,2375.0,False,418.25,32.009,2677.55285,11.976236923479188
2026-08-20 22:40:00+08:00,2372.0,2372.0,False,416.57,31.994,2665.548116,11.654404453930576
2026-08-20 22:55:00+08:00,2372.0,2372.0,False,415.88,31.964,2658.637664,11.39567916215561
2026-08-20 23:10:00+08:00,2369.0,2369.0,False,415.53,31.98,2657.72988,11.48778179423478
2026-08-20 23:25:00+08:00,2367.0,2367.0,False,413.98,31.988,2648.4784480000003,11.224390690473179
2026-08-20 23:40:00+08:00,2370.0,2370.0,False,414.6,31.988,2652.44496,11.247309318447954
2026-08-20 23:55:00+08:00,2371.0,2371.0,False,415.04,31.993,2655.674944,11.326570632533022
2026-08-21 00:10:00+08:00,2373.0,2373.0,False,416.21,31.999,2663.6607579999995,11.541804062873497
2026-08-21 00:25:00+08:00,2371.0,2371.0,False,415.98,32.0,2662.272,11.573862886806035
2026-08-21 00:40:00+08:00,2372.0,2372.0,False,416.0,31.989,2661.4848,11.502361147489713
2026-08-21 00:55:00+08:00,2371.0,2371.0,False,415.83,31.997,2661.0625019999998,11.52857310038236
2026-08-21 01:10:00+08:00,2371.0,2371.0,False,415.81,31.992,2660.518704,11.508203428512985
2026-08-21 01:25:00+08:00,2371.0,2371.0,False,415.75,32.0,2660.8,11.518740808458212
2026-08-21 01:40:00+08:00,2372.0,2372.0,False,416.09,32.012,2663.974616,11.595555508653899
2026-08-21 01:55:00+08:00,2371.0,2371.0,False,414.99,32.0,2655.936,11.33636871446146
2026-08-21 02:10:00+08:00,2372.0,2372.0,False,415.69,32.0,2660.416,11.462327438749108
2026-08-21 02:25:00+08:00,2371.0,2371.0,False,415.49,31.99,2658.30502,11.425237437676818
2026-08-21 02:40:00+08:00,2371.0,2371.0,False,416.06,31.985,2661.53582,11.546299137916522
2026-08-21 02:55:00+08:00,2372.0,2372.0,False,415.81,31.997,2660.934514,11.481751379688228
2026-08-21 03:10:00+08:00,2373.0,2373.0,False,416.54,31.999,2665.772692,11.620793788329914
2026-08-21 03:25:00+08:00,2372.0,2372.0,False,416.59,32.001,2666.2593179999994,11.680991367344284
2026-08-21 03:40:00+08:00,2371.0,2371.0,False,415.23,31.99,2656.64154,11.362844296970307
2026-08-21 03:55:00+08:00,2373.0,2373.0,False,416.06,32.0,2662.784,11.508992442884768
2026-08-21 04:10:00+08:00,2373.0,2373.0,False,416.25,31.99,2663.1675,11.523345877594423
2026-08-21 04:25:00+08:00,2373.0,2373.0,False,416.47,31.99,2664.57506,11.576008556783671
2026-08-21 04:40:00+08:00,2372.0,2372.0,False,416.33,31.98,2662.8466799999997,11.553348035614846
2026-08-21 04:55:00+08:00,2375.0,2375.0,False,416.43,31.981,2663.569566,11.454424205919562
2026-08-21 08:45:00+08:00,2372.0,2372.0,False,417.7,31.964,2670.27256,11.830878099140278
2026-08-21 09:00:00+08:00,2383.0,2383.0,False,417.15,31.952,2665.75536,11.200992713578426
2026-08-21 09:15:00+08:00,2389.0,2389.0,False,417.67,31.925,2666.82295,10.99021673612998
2026-08-21 09:30:00+08:00,2392.0,2392.0,False,417.77,31.915,2666.6259099999997,10.857727568156934
2026-08-21 09:45:00+08:00,2394.0,2394.0,False,418.74,31.908,2672.231184,10.983753954170133
2026-08-21 10:00:00+08:00,2399.0,2399.0,False,419.27,31.913,2676.032702,10.917474556994488
2026-08-21 10:15:00+08:00,2398.0,2398.0,False,419.45,31.912,2677.09768,10.998711654353809
2026-08-21 10:30:00+08:00,2403.0,2403.0,False,419.59,31.914,2678.159052,10.830562443885489
2026-08-21 10:45:00+08:00,2404.0,2404.0,False,419.78,31.912,2679.2038719999996,10.827969089176818
2026-08-21 11:00:00+08:00,2399.0,2399.0,False,418.94,31.919,2674.429172,10.857712314979375
2026-08-21 11:15:00+08:00,2401.0,2401.0,False,418.85,31.927,2674.5247900000004,10.778187530042597
2026-08-21 11:30:00+08:00,2399.0,2399.0,False,418.92,31.933,2675.4744720000003,10.896674070410038
2026-08-21 11:45:00+08:00,2397.0,2397.0,False,418.71,31.948,2675.389416,10.976657869439887
2026-08-21 12:00:00+08:00,2399.0,2399.0,False,418.81,31.94,2675.35828,10.892344006895781
2026-08-21 12:15:00+08:00,2399.0,2399.0,False,418.65,31.942,2674.50366,10.860489258028833
2026-08-21 12:30:00+08:00,2399.0,2399.0,False,418.93,31.938,2675.957268,10.914664040477595
2026-08-21 12:45:00+08:00,2399.0,2399.0,False,418.95,31.936,2675.91744,10.913180096975141
2026-08-21 13:00:00+08:00,2403.0,2403.0,False,419.27,31.937,2678.045198,10.826323611853052
2026-08-21 13:15:00+08:00,2408.0,2408.0,False,419.62,31.95,2681.3718,10.742850424093595
2026-08-21 13:30:00+08:00,2407.0,2407.0,False,419.81,31.94,2681.7462800000003,10.798191337611758
2026-08-21 17:25:00+08:00,2415.0,2415.0,False,422.0,31.961,2697.5083999999997,11.051655191412486
2026-08-21 17:40:00+08:00,2416.0,2416.0,False,421.89,31.969,2697.480282,11.009342618992422
2026-08-21 17:55:00+08:00,2417.0,2417.0,False,422.0,31.971,2698.3524,11.00031348768856
2026-08-21 18:10:00+08:00,2415.0,2415.0,False,421.7,31.967,2696.09678,10.999470058948868
2026-08-21 18:25:00+08:00,2416.0,2416.0,False,422.0,31.962,2697.5928,11.013501114128598
2026-08-21 18:40:00+08:00,2417.0,2417.0,False,422.08,31.959,2697.850944,10.981784105730522
2026-08-21 18:55:00+08:00,2416.0,2416.0,False,421.2,31.96,2692.3104,10.818074015236029
2026-08-21 19:10:00+08:00,2420.0,2420.0,False,422.24,31.961,2699.042528,10.902137517854197
2026-08-21 19:25:00+08:00,2421.0,2421.0,False,422.56,31.961,2701.088032,10.93647864894799
2026-08-21 19:40:00+08:00,2421.0,2421.0,False,422.29,31.955,2698.8553899999997,10.854032734701896
2026-08-21 19:55:00+08:00,2419.0,2419.0,False,422.55,31.951,2700.1790100000003,10.985316569345766
2026-08-21 20:10:00+08:00,2419.0,2419.0,False,422.82,31.92,2699.2828799999997,10.952223101822764
2026-08-21 20:25:00+08:00,2420.0,2420.0,False,423.23,31.938,2703.423948,11.06384913201019
2026-08-21 20:40:00+08:00,2420.0,2420.0,False,423.55,31.941,2705.7221099999997,11.14856029524393
2026-08-21 20:55:00+08:00,2421.0,2421.0,False,423.61,31.939,2705.935958,11.115253255909698
2026-08-21 21:10:00+08:00,2419.0,2419.0,False,422.85,31.932,2700.48924,10.996770451264778
2026-08-21 21:25:00+08:00,2412.0,2412.0,False,421.08,31.922,2688.343152,10.836257238560012
2026-08-21 21:40:00+08:00,2413.0,2413.0,False,420.7,31.931,2686.67434,10.733012414278988
2026-08-21 21:55:00+08:00,2409.0,2409.0,False,419.47,31.935,2679.1548900000003,10.618972725494222
2026-08-21 22:10:00+08:00,2408.0,2408.0,False,418.73,31.935,2674.42851,10.484299364989994
2026-08-21 22:25:00+08:00,2408.0,2408.0,False,418.81,31.933,2674.771946,10.497104683594625
2026-08-21 22:40:00+08:00,2406.0,2406.0,False,417.42,31.932,2665.811088,10.245298316205737
2026-08-21 22:55:00+08:00,2409.0,2409.0,False,418.13,31.929,2670.094554,10.28114563428936
2026-08-21 23:10:00+08:00,2409.0,2409.0,False,418.65,31.932,2673.6663599999997,10.414469148826827
2026-08-21 23:25:00+08:00,2413.0,2413.0,False,420.19,31.933,2683.585454,10.618303428529153
2026-08-21 23:40:00+08:00,2413.0,2413.0,False,420.27,31.93,2683.84422,10.627918308242897
2026-08-21 23:55:00+08:00,2409.0,2409.0,False,417.96,31.934,2669.426928,10.256204596117401
2026-08-22 00:10:00+08:00,2409.0,2409.0,False,418.5,31.963,2675.3031,10.475500565652746
2026-08-22 00:25:00+08:00,2410.0,2410.0,False,418.52,31.967,2675.7657679999998,10.451356988252071
2026-08-22 00:40:00+08:00,2408.0,2408.0,False,418.29,31.987,2675.968446,10.541703743689988
2026-08-22 00:55:00+08:00,2409.0,2409.0,False,418.56,31.985,2677.52832,10.55841246156671
2026-08-22 01:10:00+08:00,2408.0,2408.0,False,417.85,31.986,2673.07002,10.433629883337057
2026-08-22 01:25:00+08:00,2410.0,2410.0,False,419.33,31.985,2682.45401,10.700303211967542
2026-08-22 01:40:00+08:00,2411.0,2411.0,False,420.12,31.986,2687.591664,10.849728012264686
2026-08-22 01:55:00+08:00,2410.0,2410.0,False,419.94,31.984,2686.272192,10.84212858307235
2026-08-22 02:10:00+08:00,2412.0,2412.0,False,419.85,31.975,2684.94075,10.709983238474969
2026-08-22 02:25:00+08:00,2410.0,2410.0,False,419.37,31.985,2682.70989,10.709814455973266
2026-08-22 02:40:00+08:00,2411.0,2411.0,False,419.95,31.987,2686.5881299999996,10.812491043681069
2026-08-22 02:55:00+08:00,2411.0,2411.0,False,420.15,31.997,2688.70791,10.891130037288747
2026-08-22 03:10:00+08:00,2411.0,2411.0,False,419.64,31.997,2685.444216,10.770027272677593
2026-08-22 03:25:00+08:00,2410.0,2410.0,False,419.4,31.981,2682.56628,10.704476486460182
2026-08-22 03:40:00+08:00,2409.0,2409.0,False,418.8,31.988,2679.31488,10.624927362985833
2026-08-22 03:55:00+08:00,2411.0,2411.0,False,419.5,31.981,2683.2059,10.686882522750011
2026-08-22 04:10:00+08:00,2409.0,2409.0,False,419.4,31.98,2682.4824,10.742741642394753
2026-08-22 04:25:00+08:00,2410.0,2410.0,False,419.5,31.985,2683.5415000000003,10.740719399262783
2026-08-22 04:40:00+08:00,2411.0,2411.0,False,419.38,31.985,2682.7738600000002,10.670825500682914
2026-08-22 04:55:00+08:00,2412.0,2412.0,False,419.56,31.972,2682.8344640000005,10.631727720054949
2026-08-24 08:45:00+08:00,2410.0,2410.0,False,419.52,31.933,2679.306432,10.58322722745416
2026-08-24 09:00:00+08:00,2400.0,2400.0,False,418.28,31.92,2670.29952,10.662073076108925
2026-08-24 09:15:00+08:00,2402.0,2402.0,False,418.65,31.919,2672.57787,10.664054308816826
2026-08-24 09:30:00+08:00,2401.0,2401.0,False,418.51,31.928,2672.437456,10.700337132528952
2026-08-24 09:45:00+08:00,2391.0,2391.0,False,417.03,31.919,2662.236114,10.735145078558261
2026-08-24 10:00:00+08:00,2395.0,2395.0,False,417.62,31.883,2662.995692,10.596912623863103
2026-08-24 10:15:00+08:00,2393.0,2393.0,False,416.94,31.877,2658.159276,10.498947331155188
2026-08-24 10:30:00+08:00,2396.0,2396.0,False,417.37,31.869,2660.232906,10.451769564904618
2026-08-24 10:45:00+08:00,2399.0,2399.0,False,417.43,31.873,2660.949278,10.353830191101771
2026-08-24 11:00:00+08:00,2396.0,2396.0,False,417.06,31.878,2659.007736,10.405829218695386
2026-08-24 11:15:00+08:00,2393.0,2393.0,False,416.39,31.888,2655.568864,10.401714666994383
2026-08-24 11:30:00+08:00,2394.0,2394.0,False,415.94,31.88,2652.03344,10.227179152423538
2026-08-24 11:45:00+08:00,2394.0,2394.0,False,415.41,31.892,2649.6511440000004,10.137542692821912
2026-08-24 12:00:00+08:00,2396.0,2396.0,False,416.29,31.89,2655.09762,10.259062068968685
2026-08-24 12:15:00+08:00,2396.0,2396.0,False,415.51,31.92,2652.61584,10.165789916786377
2026-08-24 12:30:00+08:00,2397.0,2397.0,False,415.76,31.915,2653.7960799999996,10.168538817746118
2026-08-24 12:45:00+08:00,2392.0,2392.0,False,415.37,31.938,2653.217412,10.355050760694551
2026-08-24 13:00:00+08:00,2391.0,2391.0,False,415.74,31.926,2654.583048,10.448070936201542
2026-08-24 13:15:00+08:00,2382.0,2382.0,False,414.79,31.955,2650.92289,10.68654918335138
2026-08-24 13:30:00+08:00,2386.0,2386.0,False,414.66,31.953,2649.926196,10.481734073451456
2026-08-24 17:25:00+08:00,2390.0,2390.0,False,414.87,31.942,2650.355508,10.330839068266773
2026-08-24 17:40:00+08:00,2391.0,2391.0,False,415.08,31.947,2652.1121519999997,10.35519909651217
2026-08-24 17:55:00+08:00,2391.0,2391.0,False,415.05,31.949,2652.08649,10.354234079376265
2026-08-24 18:10:00+08:00,2389.0,2389.0,False,415.0,31.95,2651.85,10.428796730710093
2026-08-24 18:25:00+08:00,2389.0,2389.0,False,414.97,31.95,2651.6583,10.421587196259665
2026-08-24 18:40:00+08:00,2387.0,2387.0,False,414.41,31.959,2648.825838,10.398526336009486
2026-08-24 18:55:00+08:00,2387.0,2387.0,False,414.91,31.96,2652.1047200000003,10.521897627878639
2026-08-24 19:10:00+08:00,2388.0,2388.0,False,415.62,31.959,2656.559916,10.647506243238372
2026-08-24 19:25:00+08:00,2397.0,2397.0,False,418.25,31.957,2673.20305,10.895147483294581
2026-08-24 19:40:00+08:00,2394.0,2394.0,False,417.1,31.959,2666.01978,10.751727930992399
2026-08-24 19:55:00+08:00,2393.0,2393.0,False,416.86,31.958,2664.402376,10.732876517318266
2026-08-24 20:10:00+08:00,2393.0,2393.0,False,417.28,31.96,2667.25376,10.83952596084826
2026-08-24 20:25:00+08:00,2392.0,2392.0,False,417.28,31.954,2666.753024,10.862480247464246
2026-08-24 20:40:00+08:00,2391.0,2391.0,False,416.95,31.952,2664.47728,10.819048918760053
2026-08-24 20:55:00+08:00,2389.0,2389.0,False,416.48,31.929,2659.557984,10.718228248836926
2026-08-24 21:10:00+08:00,2388.0,2388.0,False,415.72,31.931,2654.871064,10.584092300322194
2026-08-24 21:25:00+08:00,2375.0,2375.0,False,410.76,31.922,2622.456144,9.903284265819872
2026-08-24 21:40:00+08:00,2368.0,2368.0,False,407.44,31.921,2601.1784479999997,9.384989910911715
2026-08-24 21:55:00+08:00,2368.0,2368.0,False,407.6,31.922,2602.28144,9.427290700866234
2026-08-24 22:10:00+08:00,2368.0,2368.0,False,407.19,31.924,2599.826712,9.333123936872138
2026-08-24 22:25:00+08:00,2371.0,2371.0,False,408.08,31.922,2605.345952,9.418394712120696
2026-08-24 22:40:00+08:00,2371.0,2371.0,False,408.29,31.925,2606.93165,9.479103635342199
2026-08-24 22:55:00+08:00,2366.0,2366.0,False,406.43,31.927,2595.2181219999998,9.240396868807526
2026-08-24 23:10:00+08:00,2370.0,2370.0,False,407.76,31.951,2605.6679520000002,9.472816686060092
2026-08-24 23:25:00+08:00,2375.0,2375.0,False,409.56,31.952,2617.2522240000003,9.705127590925194
2026-08-24 23:40:00+08:00,2375.0,2375.0,False,410.44,31.957,2623.286216,9.934853878723937
2026-08-24 23:55:00+08:00,2376.0,2376.0,False,410.42,31.955,2622.99422,9.881756574625527
2026-08-25 00:10:00+08:00,2379.0,2379.0,False,411.6,31.951,2630.2063200000002,10.029785317367413
2026-08-25 00:25:00+08:00,2377.0,2377.0,False,410.62,31.955,2624.2724200000002,9.888380365411098
2026-08-25 00:40:00+08:00,2376.0,2376.0,False,409.97,31.964,2620.856216,9.800410714879778
2026-08-25 00:55:00+08:00,2378.0,2378.0,False,409.79,31.959,2619.295722,9.65705195062698
2026-08-25 01:10:00+08:00,2376.0,2376.0,False,409.07,31.946,2613.630044,9.524956435828292
2026-08-25 01:25:00+08:00,2373.0,2373.0,False,408.36,31.937,2608.3586640000003,9.449577108387082
2026-08-25 01:40:00+08:00,2373.0,2373.0,False,408.86,31.933,2611.225276,9.559169692714352
2026-08-25 01:55:00+08:00,2375.0,2375.0,False,409.91,31.93,2617.68526,9.721632643031866
2026-08-25 02:10:00+08:00,2382.0,2382.0,False,411.3,31.931,2626.64406,9.768873853655316
2026-08-25 02:25:00+08:00,2379.0,2379.0,False,410.74,31.919,2622.082012,9.721176794010946
2026-08-25 02:40:00+08:00,2380.0,2380.0,False,411.08,31.921,2624.416936,9.768048471011733
2026-08-25 02:55:00+08:00,2381.0,2381.0,False,410.87,31.913,2622.418862,9.650155969692229
2026-08-25 03:10:00+08:00,2380.0,2380.0,False,410.67,31.919,2621.635146,9.6622460034193
2026-08-25 03:25:00+08:00,2378.0,2378.0,False,409.63,31.909,2614.1767339999997,9.461873911293289
2026-08-25 03:40:00+08:00,2375.0,2375.0,False,409.81,31.903,2614.833686,9.612892977691919
2026-08-25 03:55:00+08:00,2379.0,2379.0,False,410.38,31.903,2618.470628,9.583673254957649
2026-08-25 04:10:00+08:00,2377.0,2377.0,False,410.23,31.893,2616.6930780000002,9.599832198577914
2026-08-25 04:25:00+08:00,2378.0,2378.0,False,410.22,31.89,2616.3831600000003,9.546050127239349
2026-08-25 04:40:00+08:00,2378.0,2378.0,False,410.19,31.883,2615.617554,9.516850316647213
2026-08-25 04:55:00+08:00,2381.0,2381.0,False,409.86,31.881,2613.3493320000002,9.304488595192254
2026-08-25 08:45:00+08:00,2366.0,2366.0,False,410.46,31.911,2619.637812,10.174738782248307
2026-08-25 09:00:00+08:00,2364.0,2364.0,False,409.32,31.935,2614.3268399999997,10.056665544281529
2026-08-25 09:15:00+08:00,2361.0,2361.0,False,409.5,31.934,2615.3946,10.224052570107688
2026-08-25 09:30:00+08:00,2366.0,2366.0,False,409.8,31.929,2616.90084,10.070472925565975
2026-08-25 09:45:00+08:00,2370.0,2370.0,False,410.29,31.925,2619.70165,10.008680579128413
2026-08-25 10:00:00+08:00,2370.0,2370.0,False,410.46,31.925,2620.7871,10.0500019325609
2026-08-25 10:15:00+08:00,2369.0,2369.0,False,410.52,31.913,2620.184952,10.069177808263383
2026-08-25 10:30:00+08:00,2371.0,2371.0,False,409.76,31.924,2616.235648,9.834532206166966
2026-08-25 10:45:00+08:00,2367.0,2367.0,False,409.4,31.936,2614.91968,9.952777078895016
2026-08-25 11:00:00+08:00,2371.0,2371.0,False,409.86,31.955,2619.41526,9.955694949522105
2026-08-25 11:15:00+08:00,2377.0,2377.0,False,410.49,31.957,2623.605786,9.863036462118755
2026-08-25 11:30:00+08:00,2375.0,2375.0,False,410.6,31.952,2623.8982400000004,9.95812389251598
2026-08-25 11:45:00+08:00,2371.0,2371.0,False,410.51,31.94,2622.33788,10.066928617295973
2026-08-25 12:00:00+08:00,2379.0,2379.0,False,411.57,31.949,2629.849986,10.016270668961502
2026-08-25 12:15:00+08:00,2381.0,2381.0,False,412.08,31.953,2633.438448,10.068463323173685
2026-08-25 12:30:00+08:00,2384.0,2384.0,False,412.09,31.949,2633.172682,9.932792741774714
2026-08-25 12:45:00+08:00,2386.0,2386.0,False,412.13,31.941,2632.768866,9.833840632580344
2026-08-25 13:00:00+08:00,2387.0,2387.0,False,412.01,31.949,2632.6614980000004,9.787970686783565
2026-08-25 13:15:00+08:00,2400.0,2400.0,False,412.75,31.949,2637.3899499999998,9.425117068810597
2026-08-25 13:30:00+08:00,2398.0,2398.0,False,413.04,31.955,2639.73864,9.59710922994608
2026-08-25 17:25:00+08:00,2403.0,2403.0,False,415.79,31.923,2654.652834,9.951368441434624
2026-08-25 17:40:00+08:00,2405.0,2405.0,False,416.38,31.921,2658.253196,10.003576206699346
2026-08-25 17:55:00+08:00,2403.0,2403.0,False,416.93,31.915,2661.26419,10.199475395062274
2026-08-25 18:10:00+08:00,2403.0,2403.0,False,416.32,31.918,2657.620352,10.062811840819942
2026-08-25 18:25:00+08:00,2402.0,2402.0,False,415.8,31.924,2654.79984,9.998411960082649
2026-08-25 18:40:00+08:00,2404.0,2404.0,False,416.06,31.92,2656.1270400000003,9.965245457552793
2026-08-25 18:55:00+08:00,2398.0,2398.0,False,415.22,31.927,2651.345788,10.034796531546238
2026-08-25 19:10:00+08:00,2399.0,2399.0,False,415.92,31.925,2655.6492000000003,10.154975739958386
2026-08-25 19:25:00+08:00,2401.0,2401.0,False,415.86,31.926,2655.349272,10.060589501143937
2026-08-25 19:40:00+08:00,2403.0,2403.0,False,416.43,31.934,2659.655124,10.139151007276864
2026-08-25 19:55:00+08:00,2403.0,2403.0,False,416.59,31.939,2661.093602,10.193081814209323
2026-08-25 20:10:00+08:00,2403.0,2403.0,False,417.46,31.938,2666.5674959999997,10.398026901030915
2026-08-25 20:25:00+08:00,2402.0,2402.0,False,416.64,31.931,2660.746368,10.2215812996461
2026-08-25 20:40:00+08:00,2402.0,2402.0,False,417.24,31.934,2664.8284320000002,10.37447529662083
2026-08-25 20:55:00+08:00,2400.0,2400.0,False,416.66,31.934,2661.124088,10.31881785388859
2026-08-25 21:10:00+08:00,2401.0,2401.0,False,416.72,31.933,2661.423952,10.288508211451356
2026-08-25 21:25:00+08:00,2403.0,2403.0,False,417.88,31.935,2668.9995599999997,10.488942550302577
2026-08-25 21:40:00+08:00,2404.0,2404.0,False,416.97,31.942,2663.7711480000003,10.251889456473155
2026-08-25 21:55:00+08:00,2404.0,2404.0,False,417.33,31.952,2666.905632,10.369178646943512
2026-08-25 22:10:00+08:00,2401.0,2401.0,False,416.22,31.942,2658.979848,10.196872546912166
2026-08-25 22:25:00+08:00,2404.0,2404.0,False,417.27,31.948,2666.188392,10.34235305392968
2026-08-25 22:40:00+08:00,2403.0,2403.0,False,417.08,31.94,2664.30704,10.313448067674232
2026-08-25 22:55:00+08:00,2401.0,2401.0,False,415.59,31.94,2654.78892,10.039537805704118
2026-08-25 23:10:00+08:00,2400.0,2400.0,False,415.63,31.933,2654.462558,10.068827499661543
2026-08-25 23:25:00+08:00,2402.0,2402.0,False,415.84,31.939,2656.302752,10.05486482197814
2026-08-25 23:40:00+08:00,2402.0,2402.0,False,415.57,31.935,2654.2455899999995,9.977584573774612
2026-08-25 23:55:00+08:00,2403.0,2403.0,False,416.99,31.932,2663.0649359999998,10.2669404867652
2026-08-26 00:10:00+08:00,2403.0,2403.0,False,417.11,31.935,2664.08157,10.305007582500782
2026-08-26 00:25:00+08:00,2403.0,2403.0,False,417.1,31.938,2664.26796,10.311985158961285
2026-08-26 00:40:00+08:00,2402.0,2402.0,False,416.15,31.932,2657.70036,10.107332126679527
2026-08-26 00:55:00+08:00,2401.0,2401.0,False,415.69,31.932,2654.762616,10.038549483985502
2026-08-26 01:10:00+08:00,2401.0,2401.0,False,415.51,31.93,2653.44686,9.989099380896448
2026-08-26 01:25:00+08:00,2402.0,2402.0,False,415.98,31.925,2656.0323,10.04470849266818
2026-08-26 01:40:00+08:00,2402.0,2402.0,False,416.06,31.932,2657.125584,10.085758092539175
2026-08-26 01:55:00+08:00,2402.0,2402.0,False,415.66,31.93,2654.4047600000004,9.983566268140304
2026-08-26 02:10:00+08:00,2402.0,2402.0,False,415.96,31.909,2654.573528,9.989908249189407
2026-08-26 02:25:00+08:00,2403.0,2403.0,False,417.05,31.921,2662.5306100000003,10.246926925588166
2026-08-26 02:40:00+08:00,2404.0,2404.0,False,417.55,31.932,2666.6413199999997,10.359293960078396
2026-08-26 02:55:00+08:00,2404.0,2404.0,False,417.41,31.924,2665.079368,10.300859349259262
2026-08-26 03:10:00+08:00,2404.0,2404.0,False,416.86,31.924,2661.567728,10.169352847709076
2026-08-26 03:25:00+08:00,2404.0,2404.0,False,416.23,31.931,2658.1280260000003,10.04036344773396
2026-08-26 03:40:00+08:00,2405.0,2405.0,False,416.99,31.93,2662.8981400000002,10.17771600279244
2026-08-26 03:55:00+08:00,2407.0,2407.0,False,417.89,31.921,2667.893338,10.281726949666972
2026-08-26 04:10:00+08:00,2407.0,2407.0,False,417.9,31.921,2667.95718,10.28411356960454
2026-08-26 04:25:00+08:00,2407.0,2407.0,False,418.0,31.931,2669.4316000000003,10.339215444171467
2026-08-26 04:40:00+08:00,2406.0,2406.0,False,417.51,31.926,2665.884852,10.248058052718587
2026-08-26 04:55:00+08:00,2408.0,2408.0,False,417.66,31.95,2668.8474,10.275959840746841
2026-08-26 08:45:00+08:00,2388.0,2388.0,False,415.57,31.944,2654.9936159999997,10.588695379383552
2026-08-26 09:00:00+08:00,2386.0,2386.0,False,415.14,31.941,2651.997348,10.559646209643057
2026-08-26 09:15:00+08:00,2386.0,2386.0,False,415.46,31.943,2654.2077560000002,10.642726212256568
2026-08-26 09:30:00+08:00,2398.0,2398.0,False,416.23,31.949,2659.626454,10.34581958076733
2026-08-26 09:45:00+08:00,2403.0,2403.0,False,416.84,31.942,2662.9406559999998,10.262285867566618
2026-08-26 10:00:00+08:00,2401.0,2401.0,False,417.19,31.949,2665.760662,10.450884881366836
2026-08-26 10:15:00+08:00,2406.0,2406.0,False,417.74,31.949,2669.275052,10.374809219305341
2026-08-26 10:30:00+08:00,2416.0,2416.0,False,418.65,31.937,2674.08501,10.1406954694456
2026-08-26 10:45:00+08:00,2417.0,2417.0,False,419.0,31.948,2677.2424,10.217118839888737
2026-08-26 11:00:00+08:00,2421.0,2421.0,False,419.31,31.945,2678.97159,10.11658929652979
2026-08-26 11:15:00+08:00,2419.0,2419.0,False,419.65,31.945,2681.14385,10.279861027841397
2026-08-26 11:30:00+08:00,2419.0,2419.0,False,419.4,31.952,2680.1337599999997,10.24227926901842
2026-08-26 11:45:00+08:00,2424.0,2424.0,False,420.06,31.948,2684.0153760000003,10.180681022288304
2026-08-26 12:00:00+08:00,2422.0,2422.0,False,419.85,31.936,2681.6659200000004,10.175662908594155
2026-08-26 12:15:00+08:00,2421.0,2421.0,False,419.73,31.933,2680.647618,10.178971087061857
2026-08-26 12:30:00+08:00,2422.0,2422.0,False,419.22,31.921,2676.384324,9.979017187955721
2026-08-26 12:45:00+08:00,2417.0,2417.0,False,418.95,31.927,2675.16333,10.139632736407137
2026-08-26 13:00:00+08:00,2418.0,2418.0,False,418.86,31.928,2674.6724160000003,10.080067792838781
2026-08-26 13:15:00+08:00,2419.0,2419.0,False,419.28,31.923,2676.9350879999997,10.123170077554164
2026-08-26 13:30:00+08:00,2425.0,2425.0,False,419.71,31.918,2679.2607559999997,9.962686788723287
