timestamp,symbol,open,high,low,close,volume
2026-07-09 17:25:00+08:00,TAIFEX:CCF1!,159.0,160.0,159.0,160.0,199.0
2026-07-09 17:30:00+08:00,TAIFEX:CCF1!,160.0,160.0,159.5,159.5,74.0
2026-07-09 17:35:00+08:00,TAIFEX:CCF1!,159.5,159.5,159.0,159.0,44.0
2026-07-09 17:40:00+08:00,TAIFEX:CCF1!,159.5,159.5,159.0,159.0,50.0
2026-07-09 17:45:00+08:00,TAIFEX:CCF1!,159.5,159.5,159.5,159.5,5.0
2026-07-09 17:50:00+08:00,TAIFEX:CCF1!,159.5,159.5,159.0,159.5,5.0
2026-07-09 17:55:00+08:00,TAIFEX:CCF1!,159.5,159.5,159.5,159.5,1.0
2026-07-09 18:00:00+08:00,TAIFEX:CCF1!,159.5,159.5,159.0,159.0,5.0
2026-07-09 18:05:00+08:00,TAIFEX:CCF1!,159.0,159.5,159.0,159.5,9.0
2026-07-09 18:10:00+08:00,TAIFEX:CCF1!,159.0,159.0,159.0,159.0,7.0
2026-07-09 18:15:00+08:00,TAIFEX:CCF1!,159.0,159.0,159.0,159.0,4.0
2026-07-09 18:20:00+08:00,TAIFEX:CCF1!,159.5,159.5,159.5,159.5,47.0
2026-07-09 18:25:00+08:00,TAIFEX:CCF1!,159.5,159.5,159.5,159.5,11.0
2026-07-09 18:30:00+08:00,TAIFEX:CCF1!,159.0,159.5,159.0,159.5,34.0
2026-07-09 18:35:00+08:00,TAIFEX:CCF1!,159.5,159.5,159.5,159.5,9.0
2026-07-09 18:45:00+08:00,TAIFEX:CCF1!,159.0,159.0,159.0,159.0,20.0
2026-07-09 18:50:00+08:00,TAIFEX:CCF1!,159.0,159.0,159.0,159.0,1.0
2026-07-09 18:55:00+08:00,TAIFEX:CCF1!,159.0,159.0,158.5,158.5,15.0
2026-07-09 19:00:00+08:00,TAIFEX:CCF1!,159.0,159.0,159.0,159.0,62.0
2026-07-09 19:05:00+08:00,TAIFEX:CCF1!,159.0,159.5,159.0,159.0,12.0
2026-07-09 19:10:00+08:00,TAIFEX:CCF1!,159.0,159.0,159.0,159.0,2.0
2026-07-09 19:15:00+08:00,TAIFEX:CCF1!,159.0,159.0,158.5,158.5,6.0
2026-07-09 19:20:00+08:00,TAIFEX:CCF1!,159.0,159.0,159.0,159.0,3.0
2026-07-09 19:25:00+08:00,TAIFEX:CCF1!,159.0,159.0,159.0,159.0,2.0
2026-07-09 19:30:00+08:00,TAIFEX:CCF1!,159.0,159.5,159.0,159.5,15.0
2026-07-09 19:35:00+08:00,TAIFEX:CCF1!,159.5,159.5,159.5,159.5,63.0
2026-07-09 19:40:00+08:00,TAIFEX:CCF1!,160.0,160.0,159.5,159.5,45.0
2026-07-09 19:45:00+08:00,TAIFEX:CCF1!,159.5,160.0,159.5,160.0,32.0
2026-07-09 19:50:00+08:00,TAIFEX:CCF1!,159.5,160.5,159.5,160.5,74.0
2026-07-09 19:55:00+08:00,TAIFEX:CCF1!,160.0,160.5,160.0,160.0,62.0
2026-07-09 20:00:00+08:00,TAIFEX:CCF1!,160.0,160.5,160.0,160.5,121.0
2026-07-09 20:05:00+08:00,TAIFEX:CCF1!,160.0,160.5,160.0,160.5,36.0
2026-07-09 20:10:00+08:00,TAIFEX:CCF1!,160.5,160.5,160.5,160.5,71.0
2026-07-09 20:15:00+08:00,TAIFEX:CCF1!,160.5,160.5,160.5,160.5,8.0
2026-07-09 20:20:00+08:00,TAIFEX:CCF1!,160.0,160.5,160.0,160.5,56.0
2026-07-09 20:25:00+08:00,TAIFEX:CCF1!,160.5,161.0,160.5,160.5,37.0
2026-07-09 20:30:00+08:00,TAIFEX:CCF1!,160.5,161.0,160.5,161.0,79.0
2026-07-09 20:35:00+08:00,TAIFEX:CCF1!,161.0,161.0,161.0,161.0,16.0
2026-07-09 20:40:00+08:00,TAIFEX:CCF1!,161.0,161.0,160.5,160.5,76.0
2026-07-09 20:45:00+08:00,TAIFEX:CCF1!,160.5,160.5,160.0,160.5,47.0
2026-07-09 20:50:00+08:00,TAIFEX:CCF1!,160.0,160.5,160.0,160.5,21.0
2026-07-09 20:55:00+08:00,TAIFEX:CCF1!,160.5,161.0,160.5,161.0,38.0
2026-07-09 21:00:00+08:00,TAIFEX:CCF1!,160.5,160.5,160.5,160.5,65.0
2026-07-09 21:05:00+08:00,TAIFEX:CCF1!,160.5,160.5,160.5,160.5,5.0
2026-07-09 21:10:00+08:00,TAIFEX:CCF1!,161.0,161.0,160.0,160.5,30.0
2026-07-09 21:15:00+08:00,TAIFEX:CCF1!,160.5,161.0,160.5,161.0,12.0
2026-07-09 21:20:00+08:00,TAIFEX:CCF1!,160.5,160.5,160.5,160.5,3.0
2026-07-09 21:25:00+08:00,TAIFEX:CCF1!,160.5,161.0,160.5,161.0,92.0
2026-07-09 21:30:00+08:00,TAIFEX:CCF1!,161.0,162.0,161.0,162.0,228.0
2026-07-09 21:35:00+08:00,TAIFEX:CCF1!,162.0,163.5,162.0,163.0,421.0
2026-07-09 21:40:00+08:00,TAIFEX:CCF1!,163.0,164.0,162.5,164.0,381.0
2026-07-09 21:45:00+08:00,TAIFEX:CCF1!,164.0,164.5,163.0,163.0,333.0
2026-07-09 21:50:00+08:00,TAIFEX:CCF1!,163.0,164.0,162.5,163.5,134.0
2026-07-09 21:55:00+08:00,TAIFEX:CCF1!,163.5,164.0,163.0,163.0,136.0
2026-07-09 22:00:00+08:00,TAIFEX:CCF1!,163.0,163.0,162.5,163.0,220.0
2026-07-09 22:05:00+08:00,TAIFEX:CCF1!,163.0,163.0,162.5,162.5,55.0
2026-07-09 22:10:00+08:00,TAIFEX:CCF1!,162.5,162.5,161.5,162.5,257.0
2026-07-09 22:15:00+08:00,TAIFEX:CCF1!,162.5,162.5,161.0,161.0,246.0
2026-07-09 22:20:00+08:00,TAIFEX:CCF1!,161.0,162.0,160.0,162.0,258.0
2026-07-09 22:25:00+08:00,TAIFEX:CCF1!,162.0,162.0,162.0,162.0,84.0
2026-07-09 22:30:00+08:00,TAIFEX:CCF1!,162.0,162.0,162.0,162.0,46.0
2026-07-09 22:35:00+08:00,TAIFEX:CCF1!,162.0,162.0,162.0,162.0,33.0
2026-07-09 22:40:00+08:00,TAIFEX:CCF1!,162.0,163.0,162.0,162.5,220.0
2026-07-09 22:45:00+08:00,TAIFEX:CCF1!,163.0,163.0,162.5,163.0,14.0
2026-07-09 22:50:00+08:00,TAIFEX:CCF1!,162.5,162.5,162.0,162.5,48.0
2026-07-09 22:55:00+08:00,TAIFEX:CCF1!,162.5,162.5,162.5,162.5,8.0
2026-07-09 23:00:00+08:00,TAIFEX:CCF1!,162.5,162.5,162.0,162.0,38.0
2026-07-09 23:05:00+08:00,TAIFEX:CCF1!,162.0,162.5,162.0,162.5,84.0
2026-07-09 23:10:00+08:00,TAIFEX:CCF1!,163.0,163.0,163.0,163.0,81.0
2026-07-09 23:15:00+08:00,TAIFEX:CCF1!,163.0,163.5,163.0,163.0,283.0
2026-07-09 23:20:00+08:00,TAIFEX:CCF1!,163.5,163.5,163.0,163.5,8.0
2026-07-09 23:25:00+08:00,TAIFEX:CCF1!,163.5,163.5,163.0,163.0,2.0
2026-07-09 23:30:00+08:00,TAIFEX:CCF1!,163.0,163.5,163.0,163.0,5.0
2026-07-09 23:35:00+08:00,TAIFEX:CCF1!,163.0,163.0,163.0,163.0,6.0
2026-07-09 23:40:00+08:00,TAIFEX:CCF1!,163.0,163.5,163.0,163.0,13.0
2026-07-09 23:45:00+08:00,TAIFEX:CCF1!,163.5,164.0,163.0,163.5,117.0
2026-07-09 23:50:00+08:00,TAIFEX:CCF1!,164.0,164.0,163.5,163.5,43.0
2026-07-09 23:55:00+08:00,TAIFEX:CCF1!,163.5,163.5,163.5,163.5,1.0
2026-07-10 00:00:00+08:00,TAIFEX:CCF1!,163.5,163.5,163.0,163.5,6.0
2026-07-10 00:05:00+08:00,TAIFEX:CCF1!,163.5,164.0,163.0,163.5,118.0
2026-07-10 00:10:00+08:00,TAIFEX:CCF1!,163.5,163.5,163.5,163.5,110.0
2026-07-10 00:15:00+08:00,TAIFEX:CCF1!,163.0,163.0,163.0,163.0,74.0
2026-07-10 00:20:00+08:00,TAIFEX:CCF1!,162.5,162.5,162.5,162.5,8.0
2026-07-10 00:25:00+08:00,TAIFEX:CCF1!,162.5,162.5,162.5,162.5,45.0
2026-07-10 00:30:00+08:00,TAIFEX:CCF1!,162.5,163.0,162.5,163.0,88.0
2026-07-10 00:35:00+08:00,TAIFEX:CCF1!,162.5,162.5,162.5,162.5,42.0
2026-07-10 00:45:00+08:00,TAIFEX:CCF1!,162.5,162.5,162.5,162.5,1.0
2026-07-10 00:50:00+08:00,TAIFEX:CCF1!,163.0,163.0,163.0,163.0,2.0
2026-07-10 00:55:00+08:00,TAIFEX:CCF1!,163.0,163.0,163.0,163.0,1.0
2026-07-10 01:00:00+08:00,TAIFEX:CCF1!,163.0,163.0,163.0,163.0,1.0
2026-07-10 01:05:00+08:00,TAIFEX:CCF1!,163.0,163.0,163.0,163.0,1.0
2026-07-10 01:10:00+08:00,TAIFEX:CCF1!,163.0,163.0,163.0,163.0,46.0
2026-07-10 01:15:00+08:00,TAIFEX:CCF1!,163.0,163.0,163.0,163.0,10.0
2026-07-10 01:20:00+08:00,TAIFEX:CCF1!,163.0,163.0,163.0,163.0,4.0
2026-07-10 01:30:00+08:00,TAIFEX:CCF1!,163.0,163.0,163.0,163.0,12.0
2026-07-10 01:35:00+08:00,TAIFEX:CCF1!,163.0,163.0,163.0,163.0,20.0
2026-07-10 01:40:00+08:00,TAIFEX:CCF1!,163.0,163.0,163.0,163.0,3.0
2026-07-10 01:45:00+08:00,TAIFEX:CCF1!,162.5,162.5,162.5,162.5,4.0
2026-07-10 01:50:00+08:00,TAIFEX:CCF1!,162.5,162.5,162.5,162.5,45.0
2026-07-10 01:55:00+08:00,TAIFEX:CCF1!,162.5,162.5,162.5,162.5,30.0
2026-07-10 02:00:00+08:00,TAIFEX:CCF1!,162.5,162.5,162.5,162.5,6.0
2026-07-10 02:05:00+08:00,TAIFEX:CCF1!,162.5,162.5,162.5,162.5,12.0
2026-07-10 02:15:00+08:00,TAIFEX:CCF1!,162.5,162.5,162.5,162.5,2.0
2026-07-10 02:20:00+08:00,TAIFEX:CCF1!,162.5,162.5,162.5,162.5,3.0
2026-07-10 02:25:00+08:00,TAIFEX:CCF1!,162.5,162.5,162.0,162.0,37.0
2026-07-10 02:30:00+08:00,TAIFEX:CCF1!,162.5,163.0,162.5,162.5,51.0
2026-07-10 02:35:00+08:00,TAIFEX:CCF1!,162.5,162.5,162.5,162.5,8.0
2026-07-10 02:40:00+08:00,TAIFEX:CCF1!,162.5,162.5,162.5,162.5,2.0
2026-07-10 02:45:00+08:00,TAIFEX:CCF1!,162.5,162.5,162.5,162.5,3.0
2026-07-10 02:55:00+08:00,TAIFEX:CCF1!,162.5,162.5,162.5,162.5,5.0
2026-07-10 03:00:00+08:00,TAIFEX:CCF1!,162.5,162.5,162.0,162.0,30.0
2026-07-10 03:05:00+08:00,TAIFEX:CCF1!,162.0,162.5,162.0,162.5,34.0
2026-07-10 03:15:00+08:00,TAIFEX:CCF1!,162.0,162.0,161.5,161.5,39.0
2026-07-10 03:25:00+08:00,TAIFEX:CCF1!,162.0,162.0,162.0,162.0,1.0
2026-07-10 03:30:00+08:00,TAIFEX:CCF1!,162.0,162.5,161.5,161.5,21.0
2026-07-10 03:35:00+08:00,TAIFEX:CCF1!,162.0,162.0,162.0,162.0,5.0
2026-07-10 03:40:00+08:00,TAIFEX:CCF1!,162.0,162.0,162.0,162.0,4.0
2026-07-10 03:45:00+08:00,TAIFEX:CCF1!,162.0,162.0,162.0,162.0,8.0
2026-07-10 03:50:00+08:00,TAIFEX:CCF1!,161.5,162.0,161.5,161.5,81.0
2026-07-10 03:55:00+08:00,TAIFEX:CCF1!,161.5,162.0,161.5,161.5,46.0
2026-07-10 04:00:00+08:00,TAIFEX:CCF1!,161.5,161.5,161.5,161.5,14.0
2026-07-10 04:05:00+08:00,TAIFEX:CCF1!,161.5,161.5,161.5,161.5,32.0
2026-07-10 04:10:00+08:00,TAIFEX:CCF1!,161.5,161.5,161.5,161.5,3.0
2026-07-10 04:20:00+08:00,TAIFEX:CCF1!,162.0,162.0,162.0,162.0,1.0
2026-07-10 04:30:00+08:00,TAIFEX:CCF1!,161.5,162.0,161.5,162.0,2.0
2026-07-10 04:35:00+08:00,TAIFEX:CCF1!,161.5,161.5,161.0,161.0,33.0
2026-07-10 04:40:00+08:00,TAIFEX:CCF1!,161.5,161.5,161.5,161.5,6.0
2026-07-10 04:45:00+08:00,TAIFEX:CCF1!,161.5,161.5,161.0,161.0,35.0
2026-07-10 04:50:00+08:00,TAIFEX:CCF1!,161.0,161.5,161.0,161.5,4.0
2026-07-10 04:55:00+08:00,TAIFEX:CCF1!,161.0,161.5,160.5,161.0,65.0
2026-07-13 08:45:00+08:00,TAIFEX:CCF1!,158.5,159.0,157.5,158.5,742.0
2026-07-13 08:50:00+08:00,TAIFEX:CCF1!,158.5,158.5,156.5,157.0,466.0
2026-07-13 08:55:00+08:00,TAIFEX:CCF1!,157.0,157.0,156.0,156.5,293.0
2026-07-13 09:00:00+08:00,TAIFEX:CCF1!,156.5,156.5,154.0,155.5,1354.0
2026-07-13 09:05:00+08:00,TAIFEX:CCF1!,155.5,156.5,155.0,156.0,987.0
2026-07-13 09:10:00+08:00,TAIFEX:CCF1!,156.0,157.5,155.5,156.5,730.0
2026-07-13 09:15:00+08:00,TAIFEX:CCF1!,156.5,159.5,156.5,157.5,793.0
2026-07-13 09:20:00+08:00,TAIFEX:CCF1!,157.0,160.5,157.0,158.0,892.0
2026-07-13 09:25:00+08:00,TAIFEX:CCF1!,158.0,158.0,155.0,157.0,1144.0
2026-07-13 09:30:00+08:00,TAIFEX:CCF1!,156.5,157.0,156.0,156.5,536.0
2026-07-13 09:35:00+08:00,TAIFEX:CCF1!,156.5,158.0,156.0,158.0,408.0
2026-07-13 09:40:00+08:00,TAIFEX:CCF1!,157.5,157.5,155.0,155.0,761.0
2026-07-13 09:45:00+08:00,TAIFEX:CCF1!,155.5,156.0,153.5,155.0,1589.0
2026-07-13 09:50:00+08:00,TAIFEX:CCF1!,155.0,155.5,154.0,155.0,652.0
2026-07-13 09:55:00+08:00,TAIFEX:CCF1!,155.0,156.0,155.0,156.0,479.0
2026-07-13 10:00:00+08:00,TAIFEX:CCF1!,156.0,156.5,155.0,155.5,235.0
2026-07-13 10:05:00+08:00,TAIFEX:CCF1!,155.5,156.5,155.0,156.5,269.0
2026-07-13 10:10:00+08:00,TAIFEX:CCF1!,156.5,157.0,156.0,156.0,405.0
2026-07-13 10:15:00+08:00,TAIFEX:CCF1!,156.0,156.5,155.5,156.0,168.0
2026-07-13 10:20:00+08:00,TAIFEX:CCF1!,156.5,157.0,156.5,157.0,296.0
2026-07-13 10:25:00+08:00,TAIFEX:CCF1!,157.0,157.0,156.5,156.5,165.0
2026-07-13 10:30:00+08:00,TAIFEX:CCF1!,156.0,156.5,156.0,156.5,288.0
2026-07-13 10:35:00+08:00,TAIFEX:CCF1!,156.5,157.0,156.5,156.5,167.0
2026-07-13 10:40:00+08:00,TAIFEX:CCF1!,156.5,157.5,156.5,157.0,123.0
2026-07-13 10:45:00+08:00,TAIFEX:CCF1!,157.0,157.0,156.5,157.0,358.0
2026-07-13 10:50:00+08:00,TAIFEX:CCF1!,157.0,157.5,157.0,157.0,144.0
2026-07-13 10:55:00+08:00,TAIFEX:CCF1!,157.0,157.0,157.0,157.0,159.0
2026-07-13 11:00:00+08:00,TAIFEX:CCF1!,157.0,157.0,155.0,156.0,557.0
2026-07-13 11:05:00+08:00,TAIFEX:CCF1!,156.5,156.5,155.0,155.5,504.0
2026-07-13 11:10:00+08:00,TAIFEX:CCF1!,156.0,156.0,155.0,156.0,452.0
2026-07-13 11:15:00+08:00,TAIFEX:CCF1!,156.0,156.0,155.5,155.5,270.0
2026-07-13 11:20:00+08:00,TAIFEX:CCF1!,155.5,155.5,155.5,155.5,96.0
2026-07-13 11:25:00+08:00,TAIFEX:CCF1!,155.5,156.0,155.5,156.0,210.0
2026-07-13 11:30:00+08:00,TAIFEX:CCF1!,156.0,156.0,155.0,155.5,308.0
2026-07-13 11:35:00+08:00,TAIFEX:CCF1!,155.5,155.5,155.5,155.5,301.0
2026-07-13 11:40:00+08:00,TAIFEX:CCF1!,155.5,156.0,155.0,155.0,416.0
2026-07-13 11:45:00+08:00,TAIFEX:CCF1!,155.0,155.0,154.0,154.5,354.0
2026-07-13 11:50:00+08:00,TAIFEX:CCF1!,154.5,155.0,153.5,154.0,562.0
2026-07-13 11:55:00+08:00,TAIFEX:CCF1!,154.0,154.0,152.5,152.5,406.0
2026-07-13 12:00:00+08:00,TAIFEX:CCF1!,152.5,153.0,151.0,152.0,916.0
2026-07-13 12:05:00+08:00,TAIFEX:CCF1!,152.0,153.0,151.5,152.5,313.0
2026-07-13 12:10:00+08:00,TAIFEX:CCF1!,152.0,152.0,151.0,152.0,391.0
2026-07-13 12:15:00+08:00,TAIFEX:CCF1!,152.5,153.5,152.5,153.5,209.0
2026-07-13 12:20:00+08:00,TAIFEX:CCF1!,153.0,153.0,152.5,153.0,181.0
2026-07-13 12:25:00+08:00,TAIFEX:CCF1!,153.0,153.0,152.0,152.5,74.0
2026-07-13 12:30:00+08:00,TAIFEX:CCF1!,152.5,152.5,151.5,151.5,246.0
2026-07-13 12:35:00+08:00,TAIFEX:CCF1!,151.5,152.0,150.5,151.5,231.0
2026-07-13 12:40:00+08:00,TAIFEX:CCF1!,152.0,152.5,152.0,152.5,179.0
2026-07-13 12:45:00+08:00,TAIFEX:CCF1!,152.5,153.0,152.5,152.5,147.0
2026-07-13 12:50:00+08:00,TAIFEX:CCF1!,152.5,152.5,152.0,152.5,243.0
2026-07-13 12:55:00+08:00,TAIFEX:CCF1!,152.5,152.5,152.0,152.5,214.0
2026-07-13 13:00:00+08:00,TAIFEX:CCF1!,152.5,152.5,152.0,152.0,382.0
2026-07-13 13:05:00+08:00,TAIFEX:CCF1!,152.0,153.0,152.0,152.5,282.0
2026-07-13 13:10:00+08:00,TAIFEX:CCF1!,153.0,155.0,152.5,155.0,809.0
2026-07-13 13:15:00+08:00,TAIFEX:CCF1!,155.0,156.0,155.0,155.5,518.0
2026-07-13 13:20:00+08:00,TAIFEX:CCF1!,155.5,156.0,154.5,155.0,710.0
2026-07-13 13:25:00+08:00,TAIFEX:CCF1!,154.5,154.5,153.0,154.0,415.0
2026-07-13 13:30:00+08:00,TAIFEX:CCF1!,154.0,154.5,154.0,154.5,330.0
2026-07-13 13:35:00+08:00,TAIFEX:CCF1!,155.0,155.0,154.0,154.0,247.0
2026-07-13 13:40:00+08:00,TAIFEX:CCF1!,154.0,154.5,154.0,154.0,133.0
2026-07-13 17:25:00+08:00,TAIFEX:CCF1!,155.5,155.5,155.0,155.0,41.0
2026-07-13 17:30:00+08:00,TAIFEX:CCF1!,155.0,155.0,154.5,154.5,10.0
2026-07-13 17:35:00+08:00,TAIFEX:CCF1!,155.0,155.0,155.0,155.0,11.0
2026-07-13 17:40:00+08:00,TAIFEX:CCF1!,155.0,155.0,155.0,155.0,16.0
2026-07-13 17:45:00+08:00,TAIFEX:CCF1!,155.0,155.0,155.0,155.0,1.0
2026-07-13 17:50:00+08:00,TAIFEX:CCF1!,154.5,154.5,154.5,154.5,8.0
2026-07-13 17:55:00+08:00,TAIFEX:CCF1!,155.0,155.0,155.0,155.0,2.0
2026-07-13 18:00:00+08:00,TAIFEX:CCF1!,155.0,155.0,155.0,155.0,3.0
2026-07-13 18:05:00+08:00,TAIFEX:CCF1!,154.5,154.5,154.5,154.5,22.0
2026-07-13 18:10:00+08:00,TAIFEX:CCF1!,154.5,154.5,154.5,154.5,1.0
2026-07-13 18:15:00+08:00,TAIFEX:CCF1!,154.5,154.5,154.5,154.5,1.0
2026-07-13 18:25:00+08:00,TAIFEX:CCF1!,154.0,154.0,154.0,154.0,3.0
2026-07-13 18:30:00+08:00,TAIFEX:CCF1!,154.0,154.0,154.0,154.0,1.0
2026-07-13 18:40:00+08:00,TAIFEX:CCF1!,154.0,154.0,154.0,154.0,1.0
2026-07-13 18:50:00+08:00,TAIFEX:CCF1!,154.5,154.5,154.5,154.5,2.0
2026-07-13 18:55:00+08:00,TAIFEX:CCF1!,154.5,154.5,154.5,154.5,2.0
2026-07-13 19:00:00+08:00,TAIFEX:CCF1!,154.5,154.5,154.5,154.5,28.0
2026-07-13 19:05:00+08:00,TAIFEX:CCF1!,155.0,155.0,155.0,155.0,6.0
2026-07-13 19:10:00+08:00,TAIFEX:CCF1!,154.5,154.5,154.5,154.5,19.0
2026-07-13 19:15:00+08:00,TAIFEX:CCF1!,154.5,154.5,154.5,154.5,5.0
2026-07-13 19:20:00+08:00,TAIFEX:CCF1!,154.5,154.5,154.5,154.5,16.0
2026-07-13 19:25:00+08:00,TAIFEX:CCF1!,154.5,154.5,154.5,154.5,6.0
2026-07-13 19:30:00+08:00,TAIFEX:CCF1!,154.5,154.5,154.5,154.5,1.0
2026-07-13 19:45:00+08:00,TAIFEX:CCF1!,154.5,154.5,154.0,154.0,14.0
2026-07-13 19:50:00+08:00,TAIFEX:CCF1!,154.0,154.0,154.0,154.0,7.0
2026-07-13 19:55:00+08:00,TAIFEX:CCF1!,154.0,154.0,153.5,153.5,9.0
2026-07-13 20:00:00+08:00,TAIFEX:CCF1!,153.5,153.5,153.5,153.5,22.0
2026-07-13 20:05:00+08:00,TAIFEX:CCF1!,154.0,154.0,154.0,154.0,49.0
2026-07-13 20:10:00+08:00,TAIFEX:CCF1!,154.0,154.0,154.0,154.0,4.0
2026-07-13 20:15:00+08:00,TAIFEX:CCF1!,154.0,154.0,153.5,153.5,7.0
2026-07-13 20:20:00+08:00,TAIFEX:CCF1!,153.5,153.5,153.5,153.5,12.0
2026-07-13 20:25:00+08:00,TAIFEX:CCF1!,153.0,153.5,153.0,153.5,6.0
2026-07-13 20:30:00+08:00,TAIFEX:CCF1!,153.0,153.0,153.0,153.0,34.0
2026-07-13 20:35:00+08:00,TAIFEX:CCF1!,153.0,153.0,153.0,153.0,15.0
2026-07-13 20:40:00+08:00,TAIFEX:CCF1!,153.0,153.0,153.0,153.0,1.0
2026-07-13 20:45:00+08:00,TAIFEX:CCF1!,153.5,154.0,153.5,154.0,10.0
2026-07-13 20:50:00+08:00,TAIFEX:CCF1!,154.0,154.0,154.0,154.0,1.0
2026-07-13 21:05:00+08:00,TAIFEX:CCF1!,154.0,154.0,154.0,154.0,1.0
2026-07-13 21:10:00+08:00,TAIFEX:CCF1!,153.5,153.5,153.5,153.5,2.0
2026-07-13 21:15:00+08:00,TAIFEX:CCF1!,153.5,153.5,153.5,153.5,2.0
2026-07-13 21:20:00+08:00,TAIFEX:CCF1!,153.5,153.5,153.5,153.5,6.0
2026-07-13 21:25:00+08:00,TAIFEX:CCF1!,153.5,154.0,153.5,153.5,9.0
2026-07-13 21:30:00+08:00,TAIFEX:CCF1!,153.5,154.0,153.5,153.5,53.0
2026-07-13 21:35:00+08:00,TAIFEX:CCF1!,153.5,153.5,152.5,153.0,73.0
2026-07-13 21:40:00+08:00,TAIFEX:CCF1!,152.5,152.5,151.0,151.0,178.0
2026-07-13 21:45:00+08:00,TAIFEX:CCF1!,151.0,152.0,151.0,152.0,102.0
2026-07-13 21:50:00+08:00,TAIFEX:CCF1!,152.0,152.0,151.0,152.0,51.0
2026-07-13 21:55:00+08:00,TAIFEX:CCF1!,151.5,152.0,151.5,152.0,68.0
2026-07-13 22:00:00+08:00,TAIFEX:CCF1!,152.0,152.0,151.5,151.5,24.0
2026-07-13 22:05:00+08:00,TAIFEX:CCF1!,151.5,152.0,151.5,152.0,41.0
2026-07-13 22:10:00+08:00,TAIFEX:CCF1!,152.0,152.5,152.0,152.0,116.0
2026-07-13 22:15:00+08:00,TAIFEX:CCF1!,152.0,152.0,151.5,152.0,81.0
2026-07-13 22:20:00+08:00,TAIFEX:CCF1!,152.5,153.0,152.5,153.0,54.0
2026-07-13 22:25:00+08:00,TAIFEX:CCF1!,153.0,153.5,153.0,153.5,38.0
2026-07-13 22:30:00+08:00,TAIFEX:CCF1!,153.5,153.5,153.5,153.5,51.0
2026-07-13 22:35:00+08:00,TAIFEX:CCF1!,153.5,153.5,153.5,153.5,33.0
2026-07-13 22:40:00+08:00,TAIFEX:CCF1!,153.0,153.0,152.5,152.5,67.0
2026-07-13 22:45:00+08:00,TAIFEX:CCF1!,152.0,153.0,152.0,153.0,116.0
2026-07-13 22:50:00+08:00,TAIFEX:CCF1!,153.0,153.0,152.0,152.0,7.0
2026-07-13 22:55:00+08:00,TAIFEX:CCF1!,152.5,152.5,152.5,152.5,26.0
2026-07-13 23:00:00+08:00,TAIFEX:CCF1!,152.5,153.0,152.5,153.0,14.0
2026-07-13 23:05:00+08:00,TAIFEX:CCF1!,153.0,153.0,153.0,153.0,1.0
2026-07-13 23:10:00+08:00,TAIFEX:CCF1!,153.0,153.0,153.0,153.0,2.0
2026-07-13 23:15:00+08:00,TAIFEX:CCF1!,152.5,152.5,152.5,152.5,22.0
2026-07-13 23:20:00+08:00,TAIFEX:CCF1!,152.5,152.5,152.5,152.5,8.0
2026-07-13 23:25:00+08:00,TAIFEX:CCF1!,152.5,152.5,152.5,152.5,11.0
2026-07-13 23:30:00+08:00,TAIFEX:CCF1!,152.5,152.5,152.5,152.5,8.0
2026-07-13 23:35:00+08:00,TAIFEX:CCF1!,152.5,152.5,152.5,152.5,7.0
2026-07-13 23:40:00+08:00,TAIFEX:CCF1!,152.5,152.5,152.0,152.0,13.0
2026-07-13 23:50:00+08:00,TAIFEX:CCF1!,152.0,152.0,152.0,152.0,2.0
2026-07-14 00:00:00+08:00,TAIFEX:CCF1!,152.0,152.0,152.0,152.0,1.0
2026-07-14 00:05:00+08:00,TAIFEX:CCF1!,152.0,152.0,152.0,152.0,1.0
2026-07-14 00:10:00+08:00,TAIFEX:CCF1!,152.5,152.5,152.5,152.5,8.0
2026-07-14 00:15:00+08:00,TAIFEX:CCF1!,152.0,152.0,152.0,152.0,14.0
2026-07-14 00:20:00+08:00,TAIFEX:CCF1!,152.0,152.0,152.0,152.0,3.0
2026-07-14 00:25:00+08:00,TAIFEX:CCF1!,151.5,151.5,151.5,151.5,3.0
2026-07-14 00:30:00+08:00,TAIFEX:CCF1!,151.5,151.5,151.0,151.5,43.0
2026-07-14 00:35:00+08:00,TAIFEX:CCF1!,151.5,151.5,151.0,151.5,37.0
2026-07-14 00:40:00+08:00,TAIFEX:CCF1!,151.5,151.5,151.5,151.5,7.0
2026-07-14 00:45:00+08:00,TAIFEX:CCF1!,151.5,151.5,151.5,151.5,24.0
2026-07-14 00:50:00+08:00,TAIFEX:CCF1!,151.5,152.0,151.5,152.0,27.0
2026-07-14 00:55:00+08:00,TAIFEX:CCF1!,151.5,151.5,151.5,151.5,24.0
2026-07-14 01:00:00+08:00,TAIFEX:CCF1!,152.0,152.0,152.0,152.0,2.0
2026-07-14 01:05:00+08:00,TAIFEX:CCF1!,152.0,152.0,152.0,152.0,4.0
2026-07-14 01:10:00+08:00,TAIFEX:CCF1!,152.5,153.0,152.5,152.5,103.0
2026-07-14 01:15:00+08:00,TAIFEX:CCF1!,152.5,152.5,152.5,152.5,104.0
2026-07-14 01:20:00+08:00,TAIFEX:CCF1!,152.5,152.5,152.5,152.5,23.0
2026-07-14 01:25:00+08:00,TAIFEX:CCF1!,152.0,152.0,152.0,152.0,19.0
2026-07-14 01:30:00+08:00,TAIFEX:CCF1!,152.0,152.0,152.0,152.0,1.0
2026-07-14 01:35:00+08:00,TAIFEX:CCF1!,152.0,152.0,152.0,152.0,1.0
2026-07-14 01:40:00+08:00,TAIFEX:CCF1!,152.0,152.0,152.0,152.0,13.0
2026-07-14 01:50:00+08:00,TAIFEX:CCF1!,151.5,151.5,151.5,151.5,2.0
2026-07-14 01:55:00+08:00,TAIFEX:CCF1!,152.0,152.0,151.5,151.5,7.0
2026-07-14 02:00:00+08:00,TAIFEX:CCF1!,152.0,152.0,152.0,152.0,34.0
2026-07-14 02:05:00+08:00,TAIFEX:CCF1!,152.0,152.0,152.0,152.0,2.0
2026-07-14 02:10:00+08:00,TAIFEX:CCF1!,152.0,152.0,152.0,152.0,1.0
2026-07-14 02:20:00+08:00,TAIFEX:CCF1!,152.0,152.0,152.0,152.0,2.0
2026-07-14 02:30:00+08:00,TAIFEX:CCF1!,151.5,151.5,151.5,151.5,1.0
2026-07-14 02:35:00+08:00,TAIFEX:CCF1!,151.5,151.5,151.5,151.5,1.0
2026-07-14 02:45:00+08:00,TAIFEX:CCF1!,151.5,151.5,151.5,151.5,3.0
2026-07-14 02:50:00+08:00,TAIFEX:CCF1!,152.0,152.0,152.0,152.0,24.0
2026-07-14 02:55:00+08:00,TAIFEX:CCF1!,152.0,152.0,152.0,152.0,1.0
2026-07-14 03:00:00+08:00,TAIFEX:CCF1!,152.0,152.0,152.0,152.0,6.0
2026-07-14 03:20:00+08:00,TAIFEX:CCF1!,151.5,151.5,151.5,151.5,30.0
2026-07-14 03:25:00+08:00,TAIFEX:CCF1!,151.0,151.5,151.0,151.5,4.0
2026-07-14 03:30:00+08:00,TAIFEX:CCF1!,151.5,152.0,151.5,151.5,10.0
2026-07-14 03:35:00+08:00,TAIFEX:CCF1!,151.5,151.5,151.5,151.5,2.0
2026-07-14 03:40:00+08:00,TAIFEX:CCF1!,151.5,151.5,151.5,151.5,7.0
2026-07-14 03:45:00+08:00,TAIFEX:CCF1!,151.5,151.5,151.5,151.5,4.0
2026-07-14 03:50:00+08:00,TAIFEX:CCF1!,152.0,152.0,152.0,152.0,18.0
2026-07-14 03:55:00+08:00,TAIFEX:CCF1!,151.5,151.5,151.5,151.5,3.0
2026-07-14 04:05:00+08:00,TAIFEX:CCF1!,151.5,151.5,151.5,151.5,9.0
2026-07-14 04:10:00+08:00,TAIFEX:CCF1!,151.0,151.0,151.0,151.0,4.0
2026-07-14 04:20:00+08:00,TAIFEX:CCF1!,151.0,151.0,151.0,151.0,2.0
2026-07-14 04:25:00+08:00,TAIFEX:CCF1!,151.0,151.0,151.0,151.0,9.0
2026-07-14 04:30:00+08:00,TAIFEX:CCF1!,151.0,151.0,151.0,151.0,14.0
2026-07-14 04:35:00+08:00,TAIFEX:CCF1!,151.0,151.0,151.0,151.0,3.0
2026-07-14 04:40:00+08:00,TAIFEX:CCF1!,151.0,151.0,150.5,150.5,24.0
2026-07-14 04:45:00+08:00,TAIFEX:CCF1!,150.5,150.5,150.5,150.5,15.0
2026-07-14 04:50:00+08:00,TAIFEX:CCF1!,150.5,150.5,150.5,150.5,3.0
2026-07-14 04:55:00+08:00,TAIFEX:CCF1!,151.0,151.5,151.0,151.5,17.0
2026-07-14 08:45:00+08:00,TAIFEX:CCF1!,151.0,151.5,149.0,150.0,450.0
2026-07-14 08:50:00+08:00,TAIFEX:CCF1!,149.5,151.5,149.5,151.0,173.0
2026-07-14 08:55:00+08:00,TAIFEX:CCF1!,151.5,152.0,151.5,151.5,133.0
2026-07-14 09:00:00+08:00,TAIFEX:CCF1!,151.5,152.0,151.0,151.5,346.0
2026-07-14 09:05:00+08:00,TAIFEX:CCF1!,151.5,152.0,150.5,150.5,455.0
2026-07-14 09:10:00+08:00,TAIFEX:CCF1!,151.0,151.5,146.5,147.0,1174.0
2026-07-14 09:15:00+08:00,TAIFEX:CCF1!,147.0,148.5,147.0,148.5,1613.0
2026-07-14 09:20:00+08:00,TAIFEX:CCF1!,148.5,149.5,147.5,149.0,1313.0
2026-07-14 09:25:00+08:00,TAIFEX:CCF1!,149.0,151.0,149.0,150.5,724.0
2026-07-14 09:30:00+08:00,TAIFEX:CCF1!,150.0,150.0,148.5,149.0,901.0
2026-07-14 09:35:00+08:00,TAIFEX:CCF1!,149.0,150.5,148.5,150.0,807.0
2026-07-14 09:40:00+08:00,TAIFEX:CCF1!,150.0,150.5,148.5,150.5,1286.0
2026-07-14 09:45:00+08:00,TAIFEX:CCF1!,150.0,150.0,148.5,148.5,544.0
2026-07-14 09:50:00+08:00,TAIFEX:CCF1!,148.5,149.0,147.5,147.5,676.0
2026-07-14 09:55:00+08:00,TAIFEX:CCF1!,147.5,148.5,146.5,148.0,1627.0
2026-07-14 10:00:00+08:00,TAIFEX:CCF1!,148.0,148.0,146.5,147.5,744.0
2026-07-14 10:05:00+08:00,TAIFEX:CCF1!,147.5,148.5,147.0,148.0,788.0
2026-07-14 10:10:00+08:00,TAIFEX:CCF1!,147.5,147.5,143.5,144.5,2330.0
2026-07-14 10:15:00+08:00,TAIFEX:CCF1!,144.5,144.5,141.0,142.0,2359.0
2026-07-14 10:20:00+08:00,TAIFEX:CCF1!,142.0,144.5,141.5,143.0,1282.0
2026-07-14 10:25:00+08:00,TAIFEX:CCF1!,143.5,144.0,142.0,143.5,1282.0
2026-07-14 10:30:00+08:00,TAIFEX:CCF1!,143.5,145.5,143.0,144.5,1448.0
2026-07-14 10:35:00+08:00,TAIFEX:CCF1!,144.0,145.5,143.5,145.5,794.0
2026-07-14 10:40:00+08:00,TAIFEX:CCF1!,145.0,146.0,144.5,144.5,841.0
2026-07-14 10:45:00+08:00,TAIFEX:CCF1!,144.5,145.0,144.0,145.0,474.0
2026-07-14 10:50:00+08:00,TAIFEX:CCF1!,145.0,145.0,143.5,143.5,392.0
2026-07-14 10:55:00+08:00,TAIFEX:CCF1!,143.5,144.0,143.0,144.0,501.0
2026-07-14 11:00:00+08:00,TAIFEX:CCF1!,143.5,143.5,142.5,143.0,533.0
2026-07-14 11:05:00+08:00,TAIFEX:CCF1!,143.0,143.0,142.0,142.0,256.0
2026-07-14 11:10:00+08:00,TAIFEX:CCF1!,142.0,142.0,139.5,140.0,1242.0
2026-07-14 11:15:00+08:00,TAIFEX:CCF1!,140.0,140.5,139.5,139.5,2319.0
2026-07-14 11:20:00+08:00,TAIFEX:CCF1!,140.0,141.5,139.5,140.5,560.0
2026-07-14 11:25:00+08:00,TAIFEX:CCF1!,141.0,142.0,141.0,141.5,513.0
2026-07-14 11:30:00+08:00,TAIFEX:CCF1!,141.5,142.5,140.5,141.0,715.0
2026-07-14 11:35:00+08:00,TAIFEX:CCF1!,141.0,141.5,140.5,141.5,240.0
2026-07-14 11:40:00+08:00,TAIFEX:CCF1!,141.5,141.5,139.5,140.5,1169.0
2026-07-14 11:45:00+08:00,TAIFEX:CCF1!,140.5,141.0,139.5,141.0,766.0
2026-07-14 11:50:00+08:00,TAIFEX:CCF1!,141.0,142.5,141.0,142.5,377.0
2026-07-14 11:55:00+08:00,TAIFEX:CCF1!,142.5,145.0,142.5,144.0,1551.0
2026-07-14 12:00:00+08:00,TAIFEX:CCF1!,144.0,145.0,143.5,144.5,687.0
2026-07-14 12:05:00+08:00,TAIFEX:CCF1!,144.5,146.5,144.5,145.5,1062.0
2026-07-14 12:10:00+08:00,TAIFEX:CCF1!,145.5,145.5,143.5,144.0,427.0
2026-07-14 12:15:00+08:00,TAIFEX:CCF1!,144.0,144.0,143.5,143.5,72.0
2026-07-14 12:20:00+08:00,TAIFEX:CCF1!,144.0,145.5,144.0,145.0,347.0
2026-07-14 12:25:00+08:00,TAIFEX:CCF1!,145.5,147.5,145.5,147.0,698.0
2026-07-14 12:30:00+08:00,TAIFEX:CCF1!,147.0,148.0,146.5,148.0,482.0
2026-07-14 12:35:00+08:00,TAIFEX:CCF1!,148.0,149.5,148.0,149.0,484.0
2026-07-14 12:40:00+08:00,TAIFEX:CCF1!,149.0,149.0,148.0,148.5,416.0
2026-07-14 12:45:00+08:00,TAIFEX:CCF1!,148.5,150.5,148.5,150.0,783.0
2026-07-14 12:50:00+08:00,TAIFEX:CCF1!,149.5,149.5,149.0,149.5,590.0
2026-07-14 12:55:00+08:00,TAIFEX:CCF1!,149.5,150.0,149.0,149.5,403.0
2026-07-14 13:00:00+08:00,TAIFEX:CCF1!,149.5,150.0,149.5,149.5,501.0
2026-07-14 13:05:00+08:00,TAIFEX:CCF1!,149.5,150.5,149.5,150.0,359.0
2026-07-14 13:10:00+08:00,TAIFEX:CCF1!,150.5,151.5,150.0,150.5,612.0
2026-07-14 13:15:00+08:00,TAIFEX:CCF1!,150.5,152.0,150.5,152.0,668.0
2026-07-14 13:20:00+08:00,TAIFEX:CCF1!,152.0,152.5,151.5,152.0,351.0
2026-07-14 13:25:00+08:00,TAIFEX:CCF1!,152.0,152.5,151.5,152.0,294.0
2026-07-14 13:30:00+08:00,TAIFEX:CCF1!,151.5,152.0,151.0,151.5,161.0
2026-07-14 13:35:00+08:00,TAIFEX:CCF1!,151.5,152.0,151.5,152.0,227.0
2026-07-14 13:40:00+08:00,TAIFEX:CCF1!,152.0,152.0,151.5,152.0,121.0
2026-07-14 17:25:00+08:00,TAIFEX:CCF1!,153.0,153.5,152.5,153.5,91.0
2026-07-14 17:30:00+08:00,TAIFEX:CCF1!,153.5,154.0,153.5,154.0,73.0
2026-07-14 17:35:00+08:00,TAIFEX:CCF1!,154.5,154.5,154.0,154.5,114.0
2026-07-14 17:40:00+08:00,TAIFEX:CCF1!,154.5,154.5,154.0,154.0,12.0
2026-07-14 17:45:00+08:00,TAIFEX:CCF1!,154.0,154.5,154.0,154.5,11.0
2026-07-14 17:50:00+08:00,TAIFEX:CCF1!,154.5,154.5,154.5,154.5,45.0
2026-07-14 17:55:00+08:00,TAIFEX:CCF1!,154.5,154.5,154.0,154.5,17.0
2026-07-14 18:00:00+08:00,TAIFEX:CCF1!,154.5,154.5,154.5,154.5,6.0
2026-07-14 18:05:00+08:00,TAIFEX:CCF1!,154.5,154.5,154.5,154.5,35.0
2026-07-14 18:10:00+08:00,TAIFEX:CCF1!,154.5,154.5,154.5,154.5,10.0
2026-07-14 18:15:00+08:00,TAIFEX:CCF1!,154.0,154.5,154.0,154.0,18.0
2026-07-14 18:20:00+08:00,TAIFEX:CCF1!,154.0,154.0,153.5,154.0,16.0
2026-07-14 18:25:00+08:00,TAIFEX:CCF1!,154.0,154.0,154.0,154.0,1.0
2026-07-14 18:30:00+08:00,TAIFEX:CCF1!,154.0,154.0,154.0,154.0,15.0
2026-07-14 18:35:00+08:00,TAIFEX:CCF1!,154.0,154.5,154.0,154.5,41.0
2026-07-14 18:40:00+08:00,TAIFEX:CCF1!,154.5,154.5,154.5,154.5,25.0
2026-07-14 18:45:00+08:00,TAIFEX:CCF1!,154.5,155.0,154.5,154.5,15.0
2026-07-14 18:50:00+08:00,TAIFEX:CCF1!,154.5,155.0,154.5,154.5,5.0
2026-07-14 18:55:00+08:00,TAIFEX:CCF1!,154.5,154.5,154.5,154.5,14.0
2026-07-14 19:00:00+08:00,TAIFEX:CCF1!,154.5,154.5,154.0,154.0,12.0
2026-07-14 19:05:00+08:00,TAIFEX:CCF1!,154.0,154.5,154.0,154.0,22.0
2026-07-14 19:10:00+08:00,TAIFEX:CCF1!,154.0,154.5,154.0,154.5,16.0
2026-07-14 19:15:00+08:00,TAIFEX:CCF1!,154.5,155.0,154.5,155.0,17.0
2026-07-14 19:20:00+08:00,TAIFEX:CCF1!,155.0,155.0,155.0,155.0,14.0
2026-07-14 19:25:00+08:00,TAIFEX:CCF1!,155.0,155.0,154.5,155.0,35.0
2026-07-14 19:30:00+08:00,TAIFEX:CCF1!,155.5,155.5,155.0,155.5,36.0
2026-07-14 19:35:00+08:00,TAIFEX:CCF1!,155.0,155.0,155.0,155.0,17.0
2026-07-14 19:40:00+08:00,TAIFEX:CCF1!,155.0,155.0,155.0,155.0,6.0
2026-07-14 19:45:00+08:00,TAIFEX:CCF1!,155.0,155.5,155.0,155.0,9.0
2026-07-14 19:50:00+08:00,TAIFEX:CCF1!,155.5,155.5,155.0,155.5,35.0
2026-07-14 19:55:00+08:00,TAIFEX:CCF1!,155.5,155.5,155.0,155.0,2.0
2026-07-14 20:00:00+08:00,TAIFEX:CCF1!,155.5,155.5,155.0,155.0,7.0
2026-07-14 20:05:00+08:00,TAIFEX:CCF1!,155.0,155.5,155.0,155.5,15.0
2026-07-14 20:10:00+08:00,TAIFEX:CCF1!,155.0,155.5,155.0,155.5,16.0
2026-07-14 20:15:00+08:00,TAIFEX:CCF1!,155.5,156.0,155.5,156.0,53.0
2026-07-14 20:20:00+08:00,TAIFEX:CCF1!,156.0,156.5,156.0,156.5,60.0
2026-07-14 20:25:00+08:00,TAIFEX:CCF1!,156.5,157.0,156.0,157.0,76.0
2026-07-14 20:30:00+08:00,TAIFEX:CCF1!,157.0,157.5,157.0,157.5,163.0
2026-07-14 20:35:00+08:00,TAIFEX:CCF1!,157.0,159.5,157.0,159.5,608.0
2026-07-14 20:40:00+08:00,TAIFEX:CCF1!,159.0,160.0,158.5,159.5,181.0
2026-07-14 20:45:00+08:00,TAIFEX:CCF1!,159.5,159.5,158.5,159.0,291.0
2026-07-14 20:50:00+08:00,TAIFEX:CCF1!,159.0,159.0,158.5,159.0,44.0
2026-07-14 20:55:00+08:00,TAIFEX:CCF1!,158.5,159.0,158.5,159.0,10.0
2026-07-14 21:00:00+08:00,TAIFEX:CCF1!,159.0,159.0,158.5,158.5,7.0
2026-07-14 21:05:00+08:00,TAIFEX:CCF1!,159.0,159.0,159.0,159.0,70.0
2026-07-14 21:10:00+08:00,TAIFEX:CCF1!,159.0,159.0,158.5,159.0,22.0
2026-07-14 21:15:00+08:00,TAIFEX:CCF1!,159.0,159.0,158.5,158.5,158.0
2026-07-14 21:20:00+08:00,TAIFEX:CCF1!,158.5,159.0,158.5,158.5,91.0
2026-07-14 21:25:00+08:00,TAIFEX:CCF1!,158.5,158.5,158.0,158.5,42.0
2026-07-14 21:30:00+08:00,TAIFEX:CCF1!,158.0,158.5,157.5,157.5,133.0
2026-07-14 21:35:00+08:00,TAIFEX:CCF1!,157.5,158.5,157.5,158.0,82.0
2026-07-14 21:40:00+08:00,TAIFEX:CCF1!,158.0,158.0,156.5,157.0,222.0
2026-07-14 21:45:00+08:00,TAIFEX:CCF1!,157.0,158.0,157.0,157.5,214.0
2026-07-14 21:50:00+08:00,TAIFEX:CCF1!,157.5,157.5,157.0,157.0,25.0
2026-07-14 21:55:00+08:00,TAIFEX:CCF1!,157.0,157.5,157.0,157.5,35.0
2026-07-14 22:00:00+08:00,TAIFEX:CCF1!,157.5,157.5,156.5,156.5,34.0
2026-07-14 22:05:00+08:00,TAIFEX:CCF1!,156.5,156.5,156.0,156.0,209.0
2026-07-14 22:10:00+08:00,TAIFEX:CCF1!,156.0,156.5,155.5,156.0,195.0
2026-07-14 22:15:00+08:00,TAIFEX:CCF1!,156.0,156.5,155.0,156.5,223.0
2026-07-14 22:20:00+08:00,TAIFEX:CCF1!,156.5,157.0,156.0,156.5,237.0
2026-07-14 22:25:00+08:00,TAIFEX:CCF1!,156.5,156.5,156.0,156.0,256.0
2026-07-14 22:30:00+08:00,TAIFEX:CCF1!,156.0,157.0,156.0,157.0,43.0
2026-07-14 22:35:00+08:00,TAIFEX:CCF1!,157.0,157.0,156.5,157.0,79.0
2026-07-14 22:40:00+08:00,TAIFEX:CCF1!,157.0,157.0,156.0,156.0,140.0
2026-07-14 22:45:00+08:00,TAIFEX:CCF1!,156.5,156.5,156.0,156.0,30.0
2026-07-14 22:50:00+08:00,TAIFEX:CCF1!,156.0,156.5,156.0,156.5,24.0
2026-07-14 22:55:00+08:00,TAIFEX:CCF1!,156.5,157.0,156.5,157.0,8.0
2026-07-14 23:00:00+08:00,TAIFEX:CCF1!,157.0,157.5,157.0,157.0,67.0
2026-07-14 23:05:00+08:00,TAIFEX:CCF1!,157.0,158.0,157.0,157.5,55.0
2026-07-14 23:10:00+08:00,TAIFEX:CCF1!,157.5,158.0,157.5,158.0,117.0
2026-07-14 23:15:00+08:00,TAIFEX:CCF1!,158.0,158.0,157.0,157.5,212.0
2026-07-14 23:20:00+08:00,TAIFEX:CCF1!,157.5,158.0,157.5,158.0,28.0
2026-07-14 23:25:00+08:00,TAIFEX:CCF1!,158.0,158.0,158.0,158.0,17.0
2026-07-14 23:30:00+08:00,TAIFEX:CCF1!,158.0,158.0,157.0,157.5,34.0
2026-07-14 23:35:00+08:00,TAIFEX:CCF1!,157.5,157.5,157.5,157.5,5.0
2026-07-14 23:40:00+08:00,TAIFEX:CCF1!,157.0,157.5,157.0,157.5,59.0
2026-07-14 23:45:00+08:00,TAIFEX:CCF1!,158.0,158.5,158.0,158.0,38.0
2026-07-14 23:50:00+08:00,TAIFEX:CCF1!,158.0,158.0,157.5,157.5,36.0
2026-07-14 23:55:00+08:00,TAIFEX:CCF1!,157.5,157.5,157.0,157.0,9.0
2026-07-15 00:00:00+08:00,TAIFEX:CCF1!,157.5,157.5,157.0,157.0,24.0
2026-07-15 00:05:00+08:00,TAIFEX:CCF1!,157.0,157.0,157.0,157.0,4.0
2026-07-15 00:10:00+08:00,TAIFEX:CCF1!,157.0,157.0,157.0,157.0,17.0
2026-07-15 00:15:00+08:00,TAIFEX:CCF1!,157.0,157.0,157.0,157.0,9.0
2026-07-15 00:25:00+08:00,TAIFEX:CCF1!,157.5,157.5,157.5,157.5,21.0
2026-07-15 00:30:00+08:00,TAIFEX:CCF1!,157.5,157.5,157.0,157.0,39.0
2026-07-15 00:35:00+08:00,TAIFEX:CCF1!,157.0,157.0,157.0,157.0,9.0
2026-07-15 00:45:00+08:00,TAIFEX:CCF1!,157.0,157.0,157.0,157.0,3.0
2026-07-15 00:50:00+08:00,TAIFEX:CCF1!,157.0,157.0,157.0,157.0,10.0
2026-07-15 00:55:00+08:00,TAIFEX:CCF1!,157.0,157.0,157.0,157.0,21.0
2026-07-15 01:00:00+08:00,TAIFEX:CCF1!,157.0,157.0,157.0,157.0,5.0
2026-07-15 01:05:00+08:00,TAIFEX:CCF1!,157.0,157.0,157.0,157.0,1.0
2026-07-15 01:10:00+08:00,TAIFEX:CCF1!,157.0,157.0,157.0,157.0,3.0
2026-07-15 01:15:00+08:00,TAIFEX:CCF1!,157.0,157.0,156.5,157.0,12.0
2026-07-15 01:20:00+08:00,TAIFEX:CCF1!,157.0,157.0,157.0,157.0,8.0
2026-07-15 01:30:00+08:00,TAIFEX:CCF1!,157.5,157.5,157.5,157.5,1.0
2026-07-15 01:50:00+08:00,TAIFEX:CCF1!,157.0,157.0,157.0,157.0,3.0
2026-07-15 01:55:00+08:00,TAIFEX:CCF1!,157.5,157.5,157.5,157.5,2.0
2026-07-15 02:00:00+08:00,TAIFEX:CCF1!,157.5,157.5,157.5,157.5,11.0
2026-07-15 02:05:00+08:00,TAIFEX:CCF1!,157.5,157.5,157.5,157.5,1.0
2026-07-15 02:10:00+08:00,TAIFEX:CCF1!,157.5,157.5,157.5,157.5,4.0
2026-07-15 02:15:00+08:00,TAIFEX:CCF1!,157.5,157.5,157.5,157.5,1.0
2026-07-15 02:25:00+08:00,TAIFEX:CCF1!,157.5,157.5,157.5,157.5,1.0
2026-07-15 02:30:00+08:00,TAIFEX:CCF1!,157.5,157.5,157.5,157.5,1.0
2026-07-15 02:35:00+08:00,TAIFEX:CCF1!,157.5,157.5,157.5,157.5,4.0
2026-07-15 02:45:00+08:00,TAIFEX:CCF1!,157.5,157.5,157.0,157.0,8.0
2026-07-15 02:55:00+08:00,TAIFEX:CCF1!,157.0,157.0,157.0,157.0,3.0
2026-07-15 03:00:00+08:00,TAIFEX:CCF1!,157.0,157.0,157.0,157.0,37.0
2026-07-15 03:05:00+08:00,TAIFEX:CCF1!,157.0,157.0,156.5,156.5,8.0
2026-07-15 03:15:00+08:00,TAIFEX:CCF1!,157.0,157.0,157.0,157.0,3.0
2026-07-15 03:20:00+08:00,TAIFEX:CCF1!,157.0,157.0,157.0,157.0,3.0
2026-07-15 03:25:00+08:00,TAIFEX:CCF1!,157.0,157.0,157.0,157.0,11.0
2026-07-15 03:30:00+08:00,TAIFEX:CCF1!,156.5,157.0,156.5,157.0,34.0
2026-07-15 03:50:00+08:00,TAIFEX:CCF1!,156.5,157.0,156.5,157.0,16.0
2026-07-15 03:55:00+08:00,TAIFEX:CCF1!,157.0,157.0,157.0,157.0,6.0
2026-07-15 04:10:00+08:00,TAIFEX:CCF1!,157.0,157.0,157.0,157.0,1.0
2026-07-15 04:15:00+08:00,TAIFEX:CCF1!,157.0,157.0,157.0,157.0,2.0
2026-07-15 04:20:00+08:00,TAIFEX:CCF1!,157.0,157.0,157.0,157.0,7.0
2026-07-15 04:45:00+08:00,TAIFEX:CCF1!,157.0,157.0,156.5,156.5,19.0
2026-07-15 04:50:00+08:00,TAIFEX:CCF1!,156.5,157.0,156.5,156.5,8.0
2026-07-15 04:55:00+08:00,TAIFEX:CCF1!,157.0,157.5,157.0,157.0,11.0
2026-07-15 08:45:00+08:00,TAIFEX:CCF1!,159.5,161.5,158.5,160.0,1943.0
2026-07-15 08:50:00+08:00,TAIFEX:CCF1!,160.0,160.0,159.0,159.5,475.0
2026-07-15 08:55:00+08:00,TAIFEX:CCF1!,159.5,161.0,159.0,160.0,893.0
2026-07-15 09:00:00+08:00,TAIFEX:CCF1!,160.0,160.5,158.0,158.5,940.0
2026-07-15 09:05:00+08:00,TAIFEX:CCF1!,158.5,159.0,157.0,157.5,838.0
2026-07-15 09:10:00+08:00,TAIFEX:CCF1!,157.5,158.0,157.0,157.5,265.0
2026-07-15 09:15:00+08:00,TAIFEX:CCF1!,157.0,158.5,157.0,158.5,652.0
2026-07-15 09:20:00+08:00,TAIFEX:CCF1!,159.0,160.0,158.0,159.5,524.0
2026-07-15 09:25:00+08:00,TAIFEX:CCF1!,159.5,161.0,159.5,159.5,980.0
2026-07-15 09:30:00+08:00,TAIFEX:CCF1!,160.0,161.5,160.0,161.0,808.0
2026-07-15 09:35:00+08:00,TAIFEX:CCF1!,161.0,161.5,160.5,160.5,1086.0
2026-07-15 09:40:00+08:00,TAIFEX:CCF1!,160.5,160.5,158.5,159.0,766.0
2026-07-15 09:45:00+08:00,TAIFEX:CCF1!,159.0,159.5,159.0,159.5,340.0
2026-07-15 09:50:00+08:00,TAIFEX:CCF1!,159.5,161.0,159.5,160.5,410.0
2026-07-15 09:55:00+08:00,TAIFEX:CCF1!,160.5,162.0,160.5,161.5,725.0
2026-07-15 10:00:00+08:00,TAIFEX:CCF1!,162.0,165.0,162.0,164.5,1621.0
2026-07-15 10:05:00+08:00,TAIFEX:CCF1!,164.5,165.5,164.0,165.0,1051.0
2026-07-15 10:10:00+08:00,TAIFEX:CCF1!,165.0,165.5,164.0,165.0,1531.0
2026-07-15 10:15:00+08:00,TAIFEX:CCF1!,164.5,164.5,163.5,164.5,1023.0
2026-07-15 10:20:00+08:00,TAIFEX:CCF1!,164.0,165.0,164.0,164.5,821.0
2026-07-15 10:25:00+08:00,TAIFEX:CCF1!,164.5,166.0,164.5,165.5,773.0
2026-07-15 10:30:00+08:00,TAIFEX:CCF1!,166.0,167.5,165.5,167.0,1416.0
2026-07-15 10:35:00+08:00,TAIFEX:CCF1!,167.0,167.5,166.5,166.5,484.0
2026-07-15 10:40:00+08:00,TAIFEX:CCF1!,167.0,168.0,166.5,167.5,1162.0
2026-07-15 10:45:00+08:00,TAIFEX:CCF1!,167.5,168.0,167.5,168.0,3074.0
2026-07-15 10:50:00+08:00,TAIFEX:CCF1!,167.5,167.5,166.0,166.5,1346.0
2026-07-15 10:55:00+08:00,TAIFEX:CCF1!,166.5,167.0,166.0,166.0,970.0
2026-07-15 11:00:00+08:00,TAIFEX:CCF1!,166.0,166.5,165.0,165.5,484.0
2026-07-15 11:05:00+08:00,TAIFEX:CCF1!,165.5,165.5,165.0,165.0,959.0
2026-07-15 11:10:00+08:00,TAIFEX:CCF1!,165.0,165.5,164.0,165.0,1206.0
2026-07-15 11:15:00+08:00,TAIFEX:CCF1!,165.0,165.5,164.5,165.0,410.0
2026-07-15 11:20:00+08:00,TAIFEX:CCF1!,165.5,166.5,165.0,166.5,512.0
2026-07-15 11:25:00+08:00,TAIFEX:CCF1!,166.0,166.5,166.0,166.5,348.0
2026-07-15 11:30:00+08:00,TAIFEX:CCF1!,166.0,167.0,166.0,166.5,399.0
2026-07-15 11:35:00+08:00,TAIFEX:CCF1!,167.0,167.0,166.0,166.0,294.0
2026-07-15 11:40:00+08:00,TAIFEX:CCF1!,166.0,166.5,165.5,166.0,261.0
2026-07-15 11:45:00+08:00,TAIFEX:CCF1!,166.0,166.5,166.0,166.0,258.0
2026-07-15 11:50:00+08:00,TAIFEX:CCF1!,166.0,166.0,165.5,165.5,424.0
2026-07-15 11:55:00+08:00,TAIFEX:CCF1!,165.5,166.0,165.5,165.5,245.0
2026-07-15 12:00:00+08:00,TAIFEX:CCF1!,166.0,166.5,165.5,166.0,497.0
2026-07-15 12:05:00+08:00,TAIFEX:CCF1!,166.0,166.5,165.0,165.0,547.0
2026-07-15 12:10:00+08:00,TAIFEX:CCF1!,165.0,166.0,165.0,165.5,428.0
2026-07-15 12:15:00+08:00,TAIFEX:CCF1!,166.0,166.5,166.0,166.0,144.0
2026-07-15 12:20:00+08:00,TAIFEX:CCF1!,166.0,166.5,166.0,166.0,144.0
2026-07-15 12:25:00+08:00,TAIFEX:CCF1!,166.0,166.5,165.5,166.0,305.0
2026-07-15 12:30:00+08:00,TAIFEX:CCF1!,166.0,166.5,165.5,166.5,319.0
2026-07-15 12:35:00+08:00,TAIFEX:CCF1!,166.5,167.5,166.5,167.0,553.0
2026-07-15 12:40:00+08:00,TAIFEX:CCF1!,167.0,167.5,167.0,167.0,340.0
2026-07-15 12:45:00+08:00,TAIFEX:CCF1!,167.0,168.0,167.0,168.0,878.0
2026-07-15 12:50:00+08:00,TAIFEX:CCF1!,168.0,168.0,167.5,168.0,2345.0
2026-07-15 12:55:00+08:00,TAIFEX:CCF1!,168.0,168.0,167.5,168.0,1109.0
2026-07-15 13:00:00+08:00,TAIFEX:CCF1!,168.0,168.0,167.5,167.5,511.0
2026-07-15 13:05:00+08:00,TAIFEX:CCF1!,167.5,167.5,167.0,167.0,522.0
2026-07-15 13:10:00+08:00,TAIFEX:CCF1!,167.5,168.0,167.0,168.0,680.0
2026-07-15 13:15:00+08:00,TAIFEX:CCF1!,167.5,168.0,167.0,167.5,1010.0
2026-07-15 13:20:00+08:00,TAIFEX:CCF1!,167.5,168.0,167.5,168.0,638.0
2026-07-15 13:25:00+08:00,TAIFEX:CCF1!,168.0,168.0,168.0,168.0,428.0
2026-07-15 13:30:00+08:00,TAIFEX:CCF1!,168.0,168.0,167.5,168.0,369.0
2026-07-15 13:35:00+08:00,TAIFEX:CCF1!,168.0,168.0,167.5,168.0,199.0
2026-07-15 13:40:00+08:00,TAIFEX:CCF1!,168.0,168.0,167.5,168.0,217.0
2026-07-15 17:25:00+08:00,TAIFEX:CCF1!,167.5,168.0,167.0,168.0,222.0
2026-07-15 17:30:00+08:00,TAIFEX:CCF1!,167.5,168.0,167.5,168.0,27.0
2026-07-15 17:35:00+08:00,TAIFEX:CCF1!,167.5,168.0,167.5,168.0,174.0
2026-07-15 17:40:00+08:00,TAIFEX:CCF1!,168.0,169.0,168.0,169.0,228.0
2026-07-15 17:45:00+08:00,TAIFEX:CCF1!,169.0,169.0,168.5,168.5,71.0
2026-07-15 17:50:00+08:00,TAIFEX:CCF1!,168.0,168.5,168.0,168.0,48.0
2026-07-15 17:55:00+08:00,TAIFEX:CCF1!,168.0,168.5,168.0,168.5,14.0
2026-07-15 18:00:00+08:00,TAIFEX:CCF1!,168.0,168.0,168.0,168.0,2.0
2026-07-15 18:05:00+08:00,TAIFEX:CCF1!,168.0,168.0,168.0,168.0,4.0
2026-07-15 18:10:00+08:00,TAIFEX:CCF1!,168.0,168.0,168.0,168.0,83.0
2026-07-15 18:15:00+08:00,TAIFEX:CCF1!,168.5,168.5,168.0,168.0,20.0
2026-07-15 18:20:00+08:00,TAIFEX:CCF1!,168.0,168.0,168.0,168.0,31.0
2026-07-15 18:25:00+08:00,TAIFEX:CCF1!,168.0,168.5,168.0,168.0,34.0
2026-07-15 18:30:00+08:00,TAIFEX:CCF1!,168.0,168.0,168.0,168.0,5.0
2026-07-15 18:35:00+08:00,TAIFEX:CCF1!,168.5,168.5,168.5,168.5,109.0
2026-07-15 18:40:00+08:00,TAIFEX:CCF1!,168.5,168.5,168.5,168.5,17.0
2026-07-15 18:45:00+08:00,TAIFEX:CCF1!,168.5,169.0,168.5,168.5,95.0
2026-07-15 18:50:00+08:00,TAIFEX:CCF1!,168.5,168.5,168.5,168.5,37.0
2026-07-15 18:55:00+08:00,TAIFEX:CCF1!,168.5,168.5,168.5,168.5,56.0
2026-07-15 19:00:00+08:00,TAIFEX:CCF1!,169.0,169.0,168.5,168.5,7.0
2026-07-15 19:05:00+08:00,TAIFEX:CCF1!,169.0,169.0,168.5,168.5,7.0
2026-07-15 19:10:00+08:00,TAIFEX:CCF1!,168.5,168.5,168.5,168.5,15.0
2026-07-15 19:15:00+08:00,TAIFEX:CCF1!,168.5,169.0,168.5,168.5,7.0
2026-07-15 19:20:00+08:00,TAIFEX:CCF1!,168.5,168.5,168.5,168.5,1.0
2026-07-15 19:25:00+08:00,TAIFEX:CCF1!,169.0,169.0,169.0,169.0,7.0
2026-07-15 19:30:00+08:00,TAIFEX:CCF1!,169.0,169.0,168.5,169.0,7.0
2026-07-15 19:35:00+08:00,TAIFEX:CCF1!,168.5,169.0,168.5,169.0,208.0
2026-07-15 19:40:00+08:00,TAIFEX:CCF1!,168.5,168.5,168.5,168.5,5.0
2026-07-15 19:45:00+08:00,TAIFEX:CCF1!,168.5,168.5,168.5,168.5,6.0
2026-07-15 19:50:00+08:00,TAIFEX:CCF1!,168.5,169.0,168.5,169.0,9.0
2026-07-15 19:55:00+08:00,TAIFEX:CCF1!,168.5,169.0,168.5,169.0,22.0
2026-07-15 20:00:00+08:00,TAIFEX:CCF1!,169.0,169.0,168.5,169.0,25.0
2026-07-15 20:05:00+08:00,TAIFEX:CCF1!,168.5,169.0,168.0,168.5,89.0
2026-07-15 20:10:00+08:00,TAIFEX:CCF1!,168.5,168.5,168.0,168.0,32.0
2026-07-15 20:15:00+08:00,TAIFEX:CCF1!,168.0,168.5,168.0,168.5,41.0
2026-07-15 20:20:00+08:00,TAIFEX:CCF1!,168.5,169.0,168.5,168.5,57.0
2026-07-15 20:25:00+08:00,TAIFEX:CCF1!,168.5,169.0,168.5,168.5,85.0
2026-07-15 20:30:00+08:00,TAIFEX:CCF1!,168.5,169.0,168.5,169.0,66.0
2026-07-15 20:35:00+08:00,TAIFEX:CCF1!,168.5,169.0,168.5,168.5,17.0
2026-07-15 20:40:00+08:00,TAIFEX:CCF1!,168.5,169.0,168.5,169.0,79.0
2026-07-15 20:45:00+08:00,TAIFEX:CCF1!,169.0,169.5,168.5,169.5,53.0
2026-07-15 20:50:00+08:00,TAIFEX:CCF1!,169.5,169.5,169.0,169.0,31.0
2026-07-15 20:55:00+08:00,TAIFEX:CCF1!,169.0,169.5,169.0,169.5,9.0
2026-07-15 21:00:00+08:00,TAIFEX:CCF1!,169.5,169.5,169.5,169.5,12.0
2026-07-15 21:05:00+08:00,TAIFEX:CCF1!,169.5,169.5,169.0,169.5,70.0
2026-07-15 21:10:00+08:00,TAIFEX:CCF1!,169.0,169.0,168.5,169.0,91.0
2026-07-15 21:15:00+08:00,TAIFEX:CCF1!,169.0,169.0,168.5,168.5,12.0
2026-07-15 21:20:00+08:00,TAIFEX:CCF1!,169.0,169.0,168.5,168.5,4.0
2026-07-15 21:25:00+08:00,TAIFEX:CCF1!,168.5,169.0,168.5,169.0,17.0
2026-07-15 21:30:00+08:00,TAIFEX:CCF1!,169.0,169.0,169.0,169.0,107.0
2026-07-15 21:35:00+08:00,TAIFEX:CCF1!,169.0,169.0,168.0,168.5,531.0
2026-07-15 21:40:00+08:00,TAIFEX:CCF1!,168.5,168.5,167.5,168.0,329.0
2026-07-15 21:45:00+08:00,TAIFEX:CCF1!,168.0,168.0,167.5,168.0,131.0
2026-07-15 21:50:00+08:00,TAIFEX:CCF1!,167.5,168.0,167.0,167.5,768.0
2026-07-15 21:55:00+08:00,TAIFEX:CCF1!,167.5,168.5,167.5,168.0,307.0
2026-07-15 22:00:00+08:00,TAIFEX:CCF1!,168.5,169.0,168.5,168.5,286.0
2026-07-15 22:05:00+08:00,TAIFEX:CCF1!,168.5,169.0,168.5,169.0,77.0
2026-07-15 22:10:00+08:00,TAIFEX:CCF1!,168.5,168.5,168.0,168.0,295.0
2026-07-15 22:15:00+08:00,TAIFEX:CCF1!,168.0,168.5,167.5,167.5,291.0
2026-07-15 22:20:00+08:00,TAIFEX:CCF1!,167.0,167.0,165.5,165.5,989.0
2026-07-15 22:25:00+08:00,TAIFEX:CCF1!,166.0,167.0,165.5,167.0,258.0
2026-07-15 22:30:00+08:00,TAIFEX:CCF1!,166.5,166.5,165.0,166.0,496.0
2026-07-15 22:35:00+08:00,TAIFEX:CCF1!,166.0,166.0,164.0,164.5,547.0
2026-07-15 22:40:00+08:00,TAIFEX:CCF1!,164.5,165.0,162.0,163.5,683.0
2026-07-15 22:45:00+08:00,TAIFEX:CCF1!,163.5,165.0,163.5,164.5,251.0
2026-07-15 22:50:00+08:00,TAIFEX:CCF1!,164.5,164.5,164.0,164.0,149.0
2026-07-15 22:55:00+08:00,TAIFEX:CCF1!,164.0,164.5,163.5,164.5,200.0
2026-07-15 23:00:00+08:00,TAIFEX:CCF1!,164.5,165.0,164.0,164.5,153.0
2026-07-15 23:05:00+08:00,TAIFEX:CCF1!,164.5,165.0,164.0,165.0,201.0
2026-07-15 23:10:00+08:00,TAIFEX:CCF1!,165.0,165.0,164.5,164.5,109.0
2026-07-15 23:15:00+08:00,TAIFEX:CCF1!,164.0,164.0,163.0,164.0,265.0
2026-07-15 23:20:00+08:00,TAIFEX:CCF1!,164.0,164.0,162.5,163.0,276.0
2026-07-15 23:25:00+08:00,TAIFEX:CCF1!,163.5,164.5,163.5,164.5,104.0
2026-07-15 23:30:00+08:00,TAIFEX:CCF1!,164.5,164.5,164.0,164.0,51.0
2026-07-15 23:35:00+08:00,TAIFEX:CCF1!,164.5,164.5,164.0,164.5,52.0
2026-07-15 23:40:00+08:00,TAIFEX:CCF1!,164.0,164.0,163.5,163.5,53.0
2026-07-15 23:45:00+08:00,TAIFEX:CCF1!,163.5,163.5,162.5,163.5,219.0
2026-07-15 23:50:00+08:00,TAIFEX:CCF1!,163.5,163.5,163.0,163.5,48.0
2026-07-15 23:55:00+08:00,TAIFEX:CCF1!,163.5,163.5,163.0,163.0,7.0
2026-07-16 00:00:00+08:00,TAIFEX:CCF1!,163.0,163.5,162.5,162.5,214.0
2026-07-16 00:05:00+08:00,TAIFEX:CCF1!,162.5,163.0,161.0,161.5,482.0
2026-07-16 00:10:00+08:00,TAIFEX:CCF1!,162.0,162.0,161.5,161.5,75.0
2026-07-16 00:15:00+08:00,TAIFEX:CCF1!,161.5,161.5,160.5,161.0,391.0
2026-07-16 00:20:00+08:00,TAIFEX:CCF1!,161.0,161.0,160.0,160.0,135.0
2026-07-16 00:25:00+08:00,TAIFEX:CCF1!,160.0,161.5,160.0,161.5,139.0
2026-07-16 00:30:00+08:00,TAIFEX:CCF1!,161.5,161.5,160.5,160.5,125.0
2026-07-16 00:35:00+08:00,TAIFEX:CCF1!,160.5,161.0,160.0,160.5,277.0
2026-07-16 00:40:00+08:00,TAIFEX:CCF1!,161.0,161.5,160.5,161.5,86.0
2026-07-16 00:45:00+08:00,TAIFEX:CCF1!,161.5,162.0,161.5,162.0,212.0
2026-07-16 00:50:00+08:00,TAIFEX:CCF1!,162.5,162.5,162.0,162.5,99.0
2026-07-16 00:55:00+08:00,TAIFEX:CCF1!,162.5,162.5,162.0,162.5,69.0
2026-07-16 01:00:00+08:00,TAIFEX:CCF1!,162.5,163.0,162.5,163.0,101.0
2026-07-16 01:05:00+08:00,TAIFEX:CCF1!,163.0,163.0,163.0,163.0,59.0
2026-07-16 01:10:00+08:00,TAIFEX:CCF1!,163.0,163.5,163.0,163.0,67.0
2026-07-16 01:15:00+08:00,TAIFEX:CCF1!,163.0,164.0,163.0,164.0,79.0
2026-07-16 01:20:00+08:00,TAIFEX:CCF1!,164.0,164.0,163.5,164.0,21.0
2026-07-16 01:25:00+08:00,TAIFEX:CCF1!,164.0,164.0,163.5,163.5,34.0
2026-07-16 01:30:00+08:00,TAIFEX:CCF1!,163.5,164.0,163.5,164.0,218.0
2026-07-16 01:35:00+08:00,TAIFEX:CCF1!,164.0,164.5,164.0,164.0,71.0
2026-07-16 01:40:00+08:00,TAIFEX:CCF1!,164.0,164.0,164.0,164.0,11.0
2026-07-16 01:45:00+08:00,TAIFEX:CCF1!,163.5,164.5,163.5,164.0,107.0
2026-07-16 01:50:00+08:00,TAIFEX:CCF1!,164.5,164.5,164.0,164.0,114.0
2026-07-16 01:55:00+08:00,TAIFEX:CCF1!,164.0,164.5,164.0,164.0,39.0
2026-07-16 02:00:00+08:00,TAIFEX:CCF1!,164.0,164.5,164.0,164.5,21.0
2026-07-16 02:05:00+08:00,TAIFEX:CCF1!,164.0,164.5,164.0,164.5,16.0
2026-07-16 02:10:00+08:00,TAIFEX:CCF1!,164.5,164.5,164.0,164.0,43.0
2026-07-16 02:15:00+08:00,TAIFEX:CCF1!,164.0,164.0,163.5,163.5,78.0
2026-07-16 02:20:00+08:00,TAIFEX:CCF1!,164.0,164.5,164.0,164.5,17.0
2026-07-16 02:25:00+08:00,TAIFEX:CCF1!,164.5,164.5,164.0,164.5,6.0
2026-07-16 02:30:00+08:00,TAIFEX:CCF1!,164.5,165.0,164.5,165.0,33.0
2026-07-16 02:35:00+08:00,TAIFEX:CCF1!,164.5,164.5,164.5,164.5,65.0
2026-07-16 02:40:00+08:00,TAIFEX:CCF1!,164.5,164.5,164.0,164.0,23.0
2026-07-16 02:45:00+08:00,TAIFEX:CCF1!,164.0,164.0,164.0,164.0,15.0
2026-07-16 02:50:00+08:00,TAIFEX:CCF1!,163.5,163.5,163.5,163.5,13.0
2026-07-16 02:55:00+08:00,TAIFEX:CCF1!,163.5,163.5,163.5,163.5,22.0
2026-07-16 03:00:00+08:00,TAIFEX:CCF1!,163.5,164.0,163.5,164.0,21.0
2026-07-16 03:05:00+08:00,TAIFEX:CCF1!,164.0,164.0,164.0,164.0,21.0
2026-07-16 03:10:00+08:00,TAIFEX:CCF1!,164.0,164.0,164.0,164.0,6.0
2026-07-16 03:15:00+08:00,TAIFEX:CCF1!,164.5,164.5,164.0,164.0,4.0
2026-07-16 03:20:00+08:00,TAIFEX:CCF1!,163.5,163.5,163.5,163.5,18.0
2026-07-16 03:25:00+08:00,TAIFEX:CCF1!,164.0,164.0,164.0,164.0,12.0
2026-07-16 03:30:00+08:00,TAIFEX:CCF1!,164.0,164.0,164.0,164.0,2.0
2026-07-16 03:40:00+08:00,TAIFEX:CCF1!,164.5,165.0,164.5,164.5,58.0
2026-07-16 03:45:00+08:00,TAIFEX:CCF1!,164.0,164.5,164.0,164.5,36.0
2026-07-16 03:50:00+08:00,TAIFEX:CCF1!,164.5,164.5,164.5,164.5,43.0
2026-07-16 03:55:00+08:00,TAIFEX:CCF1!,164.5,165.0,164.0,164.0,18.0
2026-07-16 04:00:00+08:00,TAIFEX:CCF1!,164.5,164.5,164.0,164.5,14.0
2026-07-16 04:05:00+08:00,TAIFEX:CCF1!,164.5,164.5,164.5,164.5,10.0
2026-07-16 04:15:00+08:00,TAIFEX:CCF1!,164.5,164.5,164.5,164.5,6.0
2026-07-16 04:20:00+08:00,TAIFEX:CCF1!,164.5,164.5,164.5,164.5,4.0
2026-07-16 04:30:00+08:00,TAIFEX:CCF1!,164.5,164.5,164.5,164.5,16.0
2026-07-16 04:40:00+08:00,TAIFEX:CCF1!,165.0,165.0,165.0,165.0,5.0
2026-07-16 04:45:00+08:00,TAIFEX:CCF1!,165.0,165.0,164.5,164.5,94.0
2026-07-16 04:50:00+08:00,TAIFEX:CCF1!,164.5,164.5,164.0,164.5,5.0
2026-07-16 04:55:00+08:00,TAIFEX:CCF1!,164.5,164.5,164.0,164.5,25.0
2026-07-16 08:45:00+08:00,TAIFEX:CCF1!,163.5,164.5,162.0,164.0,1135.0
2026-07-16 08:50:00+08:00,TAIFEX:CCF1!,164.0,165.5,163.0,164.0,674.0
2026-07-16 08:55:00+08:00,TAIFEX:CCF1!,164.0,164.0,163.0,163.5,598.0
2026-07-16 09:00:00+08:00,TAIFEX:CCF1!,163.5,163.5,162.0,162.5,1284.0
2026-07-16 09:05:00+08:00,TAIFEX:CCF1!,162.5,162.5,161.0,162.5,1253.0
2026-07-16 09:10:00+08:00,TAIFEX:CCF1!,162.5,163.5,161.5,163.5,1476.0
2026-07-16 09:15:00+08:00,TAIFEX:CCF1!,163.0,164.0,162.0,163.5,712.0
2026-07-16 09:20:00+08:00,TAIFEX:CCF1!,163.0,163.0,162.0,162.0,753.0
2026-07-16 09:25:00+08:00,TAIFEX:CCF1!,162.0,162.0,161.0,161.5,788.0
2026-07-16 09:30:00+08:00,TAIFEX:CCF1!,161.5,162.0,160.5,161.5,617.0
2026-07-16 09:35:00+08:00,TAIFEX:CCF1!,161.5,163.0,161.5,162.0,631.0
2026-07-16 09:40:00+08:00,TAIFEX:CCF1!,162.0,164.5,162.0,163.0,1117.0
2026-07-16 09:45:00+08:00,TAIFEX:CCF1!,163.0,165.0,162.5,164.5,492.0
2026-07-16 09:50:00+08:00,TAIFEX:CCF1!,164.5,166.5,164.5,166.0,1701.0
2026-07-16 09:55:00+08:00,TAIFEX:CCF1!,166.0,167.5,165.5,166.0,1560.0
2026-07-16 10:00:00+08:00,TAIFEX:CCF1!,166.0,166.0,164.0,165.0,1003.0
2026-07-16 10:05:00+08:00,TAIFEX:CCF1!,165.0,165.5,164.0,164.5,650.0
2026-07-16 10:10:00+08:00,TAIFEX:CCF1!,164.5,165.0,164.0,164.5,249.0
2026-07-16 10:15:00+08:00,TAIFEX:CCF1!,165.0,167.0,165.0,166.5,719.0
2026-07-16 10:20:00+08:00,TAIFEX:CCF1!,167.0,168.5,166.5,168.5,1118.0
2026-07-16 10:25:00+08:00,TAIFEX:CCF1!,168.5,169.0,168.0,168.5,907.0
2026-07-16 10:30:00+08:00,TAIFEX:CCF1!,168.5,168.5,167.0,167.5,720.0
2026-07-16 10:35:00+08:00,TAIFEX:CCF1!,167.5,168.5,167.0,167.0,791.0
2026-07-16 10:40:00+08:00,TAIFEX:CCF1!,167.5,168.5,167.0,167.5,999.0
2026-07-16 10:45:00+08:00,TAIFEX:CCF1!,168.0,169.0,167.5,169.0,1175.0
2026-07-16 10:50:00+08:00,TAIFEX:CCF1!,168.5,169.5,168.0,169.5,1066.0
2026-07-16 10:55:00+08:00,TAIFEX:CCF1!,169.0,170.0,169.0,169.0,498.0
2026-07-16 11:00:00+08:00,TAIFEX:CCF1!,169.0,169.0,168.0,168.5,440.0
2026-07-16 11:05:00+08:00,TAIFEX:CCF1!,168.5,168.5,168.0,168.5,981.0
2026-07-16 11:10:00+08:00,TAIFEX:CCF1!,168.5,169.0,168.5,168.5,680.0
2026-07-16 11:15:00+08:00,TAIFEX:CCF1!,168.5,168.5,167.0,167.0,1214.0
2026-07-16 11:20:00+08:00,TAIFEX:CCF1!,167.0,167.0,166.5,166.5,576.0
2026-07-16 11:25:00+08:00,TAIFEX:CCF1!,166.5,166.5,165.5,166.5,966.0
2026-07-16 11:30:00+08:00,TAIFEX:CCF1!,166.5,167.0,166.0,167.0,652.0
2026-07-16 11:35:00+08:00,TAIFEX:CCF1!,167.0,167.5,166.0,166.0,493.0
2026-07-16 11:40:00+08:00,TAIFEX:CCF1!,166.0,166.5,166.0,166.0,219.0
2026-07-16 11:45:00+08:00,TAIFEX:CCF1!,166.0,166.5,165.5,166.5,233.0
2026-07-16 11:50:00+08:00,TAIFEX:CCF1!,166.0,166.0,165.5,166.0,585.0
2026-07-16 11:55:00+08:00,TAIFEX:CCF1!,166.5,167.0,166.0,167.0,296.0
2026-07-16 12:00:00+08:00,TAIFEX:CCF1!,167.0,167.0,166.5,167.0,89.0
2026-07-16 12:05:00+08:00,TAIFEX:CCF1!,166.5,167.0,166.0,166.5,227.0
2026-07-16 12:10:00+08:00,TAIFEX:CCF1!,166.5,166.5,165.5,166.0,466.0
2026-07-16 12:15:00+08:00,TAIFEX:CCF1!,166.0,166.0,164.5,164.5,575.0
2026-07-16 12:20:00+08:00,TAIFEX:CCF1!,165.0,165.0,163.0,163.5,1454.0
2026-07-16 12:25:00+08:00,TAIFEX:CCF1!,163.5,163.5,162.0,162.5,1487.0
2026-07-16 12:30:00+08:00,TAIFEX:CCF1!,162.5,163.0,162.0,163.0,616.0
2026-07-16 12:35:00+08:00,TAIFEX:CCF1!,163.0,164.5,163.0,163.5,1527.0
2026-07-16 12:40:00+08:00,TAIFEX:CCF1!,163.5,163.5,161.5,161.5,762.0
2026-07-16 12:45:00+08:00,TAIFEX:CCF1!,162.0,162.5,160.5,162.5,1197.0
2026-07-16 12:50:00+08:00,TAIFEX:CCF1!,162.5,162.5,161.5,162.5,410.0
2026-07-16 12:55:00+08:00,TAIFEX:CCF1!,162.5,162.5,162.0,162.0,524.0
2026-07-16 13:00:00+08:00,TAIFEX:CCF1!,162.0,162.5,161.5,162.0,544.0
2026-07-16 13:05:00+08:00,TAIFEX:CCF1!,162.0,162.0,160.5,161.0,1205.0
2026-07-16 13:10:00+08:00,TAIFEX:CCF1!,161.0,162.0,160.5,162.0,365.0
2026-07-16 13:15:00+08:00,TAIFEX:CCF1!,162.0,162.5,161.5,162.0,589.0
2026-07-16 13:20:00+08:00,TAIFEX:CCF1!,162.0,162.5,161.5,162.5,292.0
2026-07-16 13:25:00+08:00,TAIFEX:CCF1!,162.0,162.5,161.0,162.0,448.0
2026-07-16 13:30:00+08:00,TAIFEX:CCF1!,162.0,162.5,161.0,161.5,756.0
2026-07-16 13:35:00+08:00,TAIFEX:CCF1!,161.0,161.5,159.0,159.5,1721.0
2026-07-16 13:40:00+08:00,TAIFEX:CCF1!,159.5,159.5,156.5,157.0,1186.0
2026-07-16 17:25:00+08:00,TAIFEX:CCF1!,152.5,153.0,149.5,151.0,1133.0
2026-07-16 17:30:00+08:00,TAIFEX:CCF1!,151.0,151.5,150.0,150.5,286.0
2026-07-16 17:35:00+08:00,TAIFEX:CCF1!,150.5,151.0,147.0,148.0,751.0
2026-07-16 17:40:00+08:00,TAIFEX:CCF1!,148.0,148.5,145.5,145.5,742.0
2026-07-16 17:45:00+08:00,TAIFEX:CCF1!,145.5,145.5,143.0,143.5,2309.0
2026-07-16 17:50:00+08:00,TAIFEX:CCF1!,143.5,145.5,142.5,145.5,1471.0
2026-07-16 17:55:00+08:00,TAIFEX:CCF1!,145.5,146.0,144.5,145.5,253.0
2026-07-16 18:00:00+08:00,TAIFEX:CCF1!,145.0,147.0,145.0,146.5,225.0
2026-07-16 18:05:00+08:00,TAIFEX:CCF1!,146.5,149.0,146.5,148.5,533.0
2026-07-16 18:10:00+08:00,TAIFEX:CCF1!,148.5,148.5,147.0,147.0,248.0
2026-07-16 18:15:00+08:00,TAIFEX:CCF1!,147.5,147.5,147.0,147.5,90.0
2026-07-16 18:20:00+08:00,TAIFEX:CCF1!,148.0,148.5,145.5,146.0,436.0
2026-07-16 18:25:00+08:00,TAIFEX:CCF1!,146.0,146.0,144.0,145.5,1307.0
2026-07-16 18:30:00+08:00,TAIFEX:CCF1!,145.5,146.0,145.5,145.5,95.0
2026-07-16 18:35:00+08:00,TAIFEX:CCF1!,146.0,146.0,145.0,145.5,91.0
2026-07-16 18:40:00+08:00,TAIFEX:CCF1!,145.5,146.5,145.5,146.5,63.0
2026-07-16 18:45:00+08:00,TAIFEX:CCF1!,146.5,146.5,145.5,145.5,107.0
2026-07-16 18:50:00+08:00,TAIFEX:CCF1!,145.5,146.5,145.5,146.5,39.0
2026-07-16 18:55:00+08:00,TAIFEX:CCF1!,146.5,146.5,146.0,146.5,63.0
2026-07-16 19:00:00+08:00,TAIFEX:CCF1!,146.5,147.5,146.5,147.5,290.0
2026-07-16 19:05:00+08:00,TAIFEX:CCF1!,147.5,147.5,147.0,147.0,239.0
2026-07-16 19:10:00+08:00,TAIFEX:CCF1!,147.0,147.0,146.0,146.5,248.0
2026-07-16 19:15:00+08:00,TAIFEX:CCF1!,146.5,147.0,146.5,146.5,319.0
2026-07-16 19:20:00+08:00,TAIFEX:CCF1!,147.0,147.0,147.0,147.0,161.0
2026-07-16 19:25:00+08:00,TAIFEX:CCF1!,147.0,148.0,147.0,147.0,156.0
2026-07-16 19:30:00+08:00,TAIFEX:CCF1!,147.0,147.0,147.0,147.0,106.0
2026-07-16 19:35:00+08:00,TAIFEX:CCF1!,147.5,147.5,147.0,147.5,63.0
2026-07-16 19:40:00+08:00,TAIFEX:CCF1!,147.5,147.5,147.0,147.5,20.0
2026-07-16 19:45:00+08:00,TAIFEX:CCF1!,147.5,147.5,147.0,147.0,96.0
2026-07-16 19:50:00+08:00,TAIFEX:CCF1!,146.5,147.0,146.5,147.0,70.0
2026-07-16 19:55:00+08:00,TAIFEX:CCF1!,147.0,147.5,147.0,147.5,38.0
2026-07-16 20:00:00+08:00,TAIFEX:CCF1!,148.0,148.0,147.5,147.5,40.0
2026-07-16 20:05:00+08:00,TAIFEX:CCF1!,147.5,147.5,147.0,147.0,68.0
2026-07-16 20:10:00+08:00,TAIFEX:CCF1!,147.0,147.0,146.5,146.5,19.0
2026-07-16 20:15:00+08:00,TAIFEX:CCF1!,146.5,147.0,146.5,146.5,56.0
2026-07-16 20:20:00+08:00,TAIFEX:CCF1!,146.5,147.0,146.0,146.0,337.0
2026-07-16 20:25:00+08:00,TAIFEX:CCF1!,146.5,147.0,146.0,146.5,61.0
2026-07-16 20:30:00+08:00,TAIFEX:CCF1!,147.0,147.0,146.5,147.0,10.0
2026-07-16 20:35:00+08:00,TAIFEX:CCF1!,147.0,147.0,146.0,146.0,40.0
2026-07-16 20:40:00+08:00,TAIFEX:CCF1!,146.0,146.5,146.0,146.5,43.0
2026-07-16 20:45:00+08:00,TAIFEX:CCF1!,146.5,146.5,146.0,146.5,47.0
2026-07-16 20:50:00+08:00,TAIFEX:CCF1!,146.0,146.5,146.0,146.5,39.0
2026-07-16 20:55:00+08:00,TAIFEX:CCF1!,146.0,146.5,146.0,146.5,28.0
2026-07-16 21:00:00+08:00,TAIFEX:CCF1!,146.5,147.0,146.5,147.0,97.0
2026-07-16 21:05:00+08:00,TAIFEX:CCF1!,147.0,148.0,147.0,148.0,78.0
2026-07-16 21:10:00+08:00,TAIFEX:CCF1!,148.0,148.5,147.5,148.5,122.0
2026-07-16 21:15:00+08:00,TAIFEX:CCF1!,148.5,148.5,148.0,148.5,231.0
2026-07-16 21:20:00+08:00,TAIFEX:CCF1!,148.5,149.0,148.0,149.0,134.0
2026-07-16 21:25:00+08:00,TAIFEX:CCF1!,149.0,149.0,147.5,147.5,310.0
2026-07-16 21:30:00+08:00,TAIFEX:CCF1!,148.0,149.5,148.0,148.0,645.0
2026-07-16 21:35:00+08:00,TAIFEX:CCF1!,148.0,148.0,146.5,147.0,302.0
2026-07-16 21:40:00+08:00,TAIFEX:CCF1!,147.0,147.5,146.5,146.5,464.0
2026-07-16 21:45:00+08:00,TAIFEX:CCF1!,146.5,146.5,146.0,146.0,375.0
2026-07-16 21:50:00+08:00,TAIFEX:CCF1!,146.0,148.0,146.0,148.0,675.0
2026-07-16 21:55:00+08:00,TAIFEX:CCF1!,147.5,148.5,147.0,148.0,285.0
2026-07-16 22:00:00+08:00,TAIFEX:CCF1!,148.5,149.0,148.0,148.5,206.0
2026-07-16 22:05:00+08:00,TAIFEX:CCF1!,148.5,150.0,148.5,150.0,415.0
2026-07-16 22:10:00+08:00,TAIFEX:CCF1!,150.0,150.0,149.0,149.5,460.0
2026-07-16 22:15:00+08:00,TAIFEX:CCF1!,150.0,150.0,149.0,149.5,135.0
2026-07-16 22:20:00+08:00,TAIFEX:CCF1!,149.5,149.5,148.5,149.0,208.0
2026-07-16 22:25:00+08:00,TAIFEX:CCF1!,148.5,150.0,148.5,150.0,358.0
2026-07-16 22:30:00+08:00,TAIFEX:CCF1!,150.0,150.5,149.5,150.0,509.0
2026-07-16 22:35:00+08:00,TAIFEX:CCF1!,150.5,151.0,150.0,150.5,161.0
2026-07-16 22:40:00+08:00,TAIFEX:CCF1!,150.0,150.5,149.0,149.0,179.0
2026-07-16 22:45:00+08:00,TAIFEX:CCF1!,149.0,149.5,148.5,148.5,200.0
2026-07-16 22:50:00+08:00,TAIFEX:CCF1!,148.5,148.5,147.5,147.5,185.0
2026-07-16 22:55:00+08:00,TAIFEX:CCF1!,147.5,148.5,147.0,148.0,246.0
2026-07-16 23:00:00+08:00,TAIFEX:CCF1!,148.5,148.5,147.0,147.5,295.0
2026-07-16 23:05:00+08:00,TAIFEX:CCF1!,147.0,147.0,147.0,147.0,92.0
2026-07-16 23:10:00+08:00,TAIFEX:CCF1!,147.0,147.0,147.0,147.0,71.0
2026-07-16 23:15:00+08:00,TAIFEX:CCF1!,147.0,147.5,147.0,147.0,120.0
2026-07-16 23:20:00+08:00,TAIFEX:CCF1!,147.0,147.5,147.0,147.5,17.0
2026-07-16 23:25:00+08:00,TAIFEX:CCF1!,147.5,149.0,147.5,148.0,225.0
2026-07-16 23:30:00+08:00,TAIFEX:CCF1!,148.0,148.5,147.5,148.5,95.0
2026-07-16 23:35:00+08:00,TAIFEX:CCF1!,148.5,149.0,148.5,149.0,125.0
2026-07-16 23:40:00+08:00,TAIFEX:CCF1!,149.0,149.0,147.5,147.5,34.0
2026-07-16 23:45:00+08:00,TAIFEX:CCF1!,147.5,147.5,147.5,147.5,77.0
2026-07-16 23:50:00+08:00,TAIFEX:CCF1!,148.0,148.0,148.0,148.0,40.0
2026-07-16 23:55:00+08:00,TAIFEX:CCF1!,147.5,147.5,147.0,147.5,40.0
2026-07-17 00:00:00+08:00,TAIFEX:CCF1!,147.0,147.0,146.5,146.5,163.0
2026-07-17 00:05:00+08:00,TAIFEX:CCF1!,146.5,146.5,146.5,146.5,150.0
2026-07-17 00:10:00+08:00,TAIFEX:CCF1!,146.0,146.0,145.5,145.5,316.0
2026-07-17 00:15:00+08:00,TAIFEX:CCF1!,145.5,146.0,145.5,146.0,165.0
2026-07-17 00:20:00+08:00,TAIFEX:CCF1!,146.0,146.0,145.5,146.0,90.0
2026-07-17 00:25:00+08:00,TAIFEX:CCF1!,146.5,146.5,146.0,146.0,40.0
2026-07-17 00:30:00+08:00,TAIFEX:CCF1!,146.5,146.5,146.0,146.5,28.0
2026-07-17 00:35:00+08:00,TAIFEX:CCF1!,146.5,146.5,146.0,146.5,14.0
2026-07-17 00:40:00+08:00,TAIFEX:CCF1!,146.5,146.5,145.5,146.0,117.0
2026-07-17 00:45:00+08:00,TAIFEX:CCF1!,146.0,146.0,145.5,145.5,118.0
2026-07-17 00:50:00+08:00,TAIFEX:CCF1!,145.5,145.5,145.5,145.5,108.0
2026-07-17 00:55:00+08:00,TAIFEX:CCF1!,145.5,146.5,145.5,146.5,29.0
2026-07-17 01:00:00+08:00,TAIFEX:CCF1!,146.0,146.0,145.5,145.5,27.0
2026-07-17 01:05:00+08:00,TAIFEX:CCF1!,145.5,145.5,145.0,145.0,257.0
2026-07-17 01:10:00+08:00,TAIFEX:CCF1!,145.0,145.0,144.0,145.0,401.0
2026-07-17 01:15:00+08:00,TAIFEX:CCF1!,145.5,145.5,144.5,144.5,103.0
2026-07-17 01:20:00+08:00,TAIFEX:CCF1!,144.5,145.0,144.5,145.0,25.0
2026-07-17 01:25:00+08:00,TAIFEX:CCF1!,145.0,145.5,145.0,145.5,25.0
2026-07-17 01:30:00+08:00,TAIFEX:CCF1!,145.5,145.5,145.5,145.5,8.0
2026-07-17 01:35:00+08:00,TAIFEX:CCF1!,145.0,145.0,144.5,144.5,150.0
2026-07-17 01:40:00+08:00,TAIFEX:CCF1!,144.5,145.0,144.5,144.5,16.0
2026-07-17 01:45:00+08:00,TAIFEX:CCF1!,144.5,145.0,144.5,145.0,17.0
2026-07-17 01:50:00+08:00,TAIFEX:CCF1!,145.0,145.0,145.0,145.0,11.0
2026-07-17 01:55:00+08:00,TAIFEX:CCF1!,145.0,145.0,145.0,145.0,1.0
2026-07-17 02:00:00+08:00,TAIFEX:CCF1!,145.0,145.5,145.0,145.0,29.0
2026-07-17 02:05:00+08:00,TAIFEX:CCF1!,145.0,145.0,144.5,145.0,14.0
2026-07-17 02:10:00+08:00,TAIFEX:CCF1!,145.0,145.5,145.0,145.5,4.0
2026-07-17 02:15:00+08:00,TAIFEX:CCF1!,145.0,145.5,145.0,145.5,15.0
2026-07-17 02:20:00+08:00,TAIFEX:CCF1!,146.0,146.5,146.0,146.5,71.0
2026-07-17 02:25:00+08:00,TAIFEX:CCF1!,146.5,146.5,146.5,146.5,50.0
2026-07-17 02:30:00+08:00,TAIFEX:CCF1!,146.0,146.0,146.0,146.0,2.0
2026-07-17 02:35:00+08:00,TAIFEX:CCF1!,146.0,146.0,145.5,145.5,13.0
2026-07-17 02:40:00+08:00,TAIFEX:CCF1!,145.5,145.5,145.5,145.5,8.0
2026-07-17 02:45:00+08:00,TAIFEX:CCF1!,145.5,146.0,145.5,145.5,4.0
2026-07-17 02:50:00+08:00,TAIFEX:CCF1!,145.5,146.0,145.5,146.0,3.0
2026-07-17 02:55:00+08:00,TAIFEX:CCF1!,146.0,146.0,145.5,145.5,2.0
2026-07-17 03:00:00+08:00,TAIFEX:CCF1!,146.0,146.5,146.0,146.5,36.0
2026-07-17 03:05:00+08:00,TAIFEX:CCF1!,146.5,146.5,145.5,145.5,38.0
2026-07-17 03:10:00+08:00,TAIFEX:CCF1!,146.0,146.0,145.5,145.5,49.0
2026-07-17 03:15:00+08:00,TAIFEX:CCF1!,145.5,146.0,145.0,145.0,28.0
2026-07-17 03:20:00+08:00,TAIFEX:CCF1!,145.0,145.5,145.0,145.5,31.0
2026-07-17 03:25:00+08:00,TAIFEX:CCF1!,145.5,145.5,145.0,145.5,22.0
2026-07-17 03:30:00+08:00,TAIFEX:CCF1!,145.5,145.5,145.5,145.5,7.0
2026-07-17 03:35:00+08:00,TAIFEX:CCF1!,145.5,145.5,145.5,145.5,3.0
2026-07-17 03:40:00+08:00,TAIFEX:CCF1!,145.5,145.5,145.5,145.5,5.0
2026-07-17 03:45:00+08:00,TAIFEX:CCF1!,145.0,145.5,145.0,145.0,80.0
2026-07-17 03:50:00+08:00,TAIFEX:CCF1!,145.0,145.5,145.0,145.5,13.0
2026-07-17 03:55:00+08:00,TAIFEX:CCF1!,146.0,146.0,145.5,146.0,44.0
2026-07-17 04:00:00+08:00,TAIFEX:CCF1!,146.5,146.5,146.0,146.0,15.0
2026-07-17 04:05:00+08:00,TAIFEX:CCF1!,145.5,146.0,145.5,146.0,6.0
2026-07-17 04:10:00+08:00,TAIFEX:CCF1!,146.0,146.0,146.0,146.0,1.0
2026-07-17 04:15:00+08:00,TAIFEX:CCF1!,145.5,145.5,145.5,145.5,5.0
2026-07-17 04:20:00+08:00,TAIFEX:CCF1!,146.0,146.0,146.0,146.0,1.0
2026-07-17 04:25:00+08:00,TAIFEX:CCF1!,145.5,145.5,145.5,145.5,5.0
2026-07-17 04:30:00+08:00,TAIFEX:CCF1!,145.5,146.0,145.5,146.0,23.0
2026-07-17 04:40:00+08:00,TAIFEX:CCF1!,146.0,146.0,145.5,146.0,9.0
2026-07-17 04:50:00+08:00,TAIFEX:CCF1!,145.5,146.0,145.5,146.0,51.0
2026-07-17 04:55:00+08:00,TAIFEX:CCF1!,146.0,146.0,143.0,146.0,717.0
2026-07-17 08:45:00+08:00,TAIFEX:CCF1!,142.5,145.0,142.5,144.0,4562.0
2026-07-17 08:50:00+08:00,TAIFEX:CCF1!,144.0,144.5,143.5,144.5,1141.0
2026-07-17 08:55:00+08:00,TAIFEX:CCF1!,144.0,144.5,142.5,144.5,1831.0
2026-07-17 09:00:00+08:00,TAIFEX:CCF1!,144.5,147.0,142.5,142.5,10692.0
2026-07-17 09:05:00+08:00,TAIFEX:CCF1!,142.5,144.5,142.5,143.5,5100.0
2026-07-17 09:10:00+08:00,TAIFEX:CCF1!,143.5,145.0,143.5,144.5,3936.0
2026-07-17 09:15:00+08:00,TAIFEX:CCF1!,144.5,145.5,144.0,145.0,1664.0
2026-07-17 09:20:00+08:00,TAIFEX:CCF1!,145.0,145.0,142.5,143.0,4352.0
2026-07-17 09:25:00+08:00,TAIFEX:CCF1!,143.0,143.5,142.5,143.5,1145.0
2026-07-17 09:30:00+08:00,TAIFEX:CCF1!,143.0,143.0,142.5,142.5,1971.0
2026-07-17 09:35:00+08:00,TAIFEX:CCF1!,142.5,142.5,142.5,142.5,78.0
2026-07-17 09:40:00+08:00,TAIFEX:CCF1!,142.5,143.0,142.5,142.5,1208.0
2026-07-17 09:45:00+08:00,TAIFEX:CCF1!,143.0,144.0,142.5,142.5,1405.0
2026-07-17 09:50:00+08:00,TAIFEX:CCF1!,142.5,143.0,142.5,143.0,1614.0
2026-07-17 09:55:00+08:00,TAIFEX:CCF1!,143.0,143.5,142.5,142.5,225.0
2026-07-17 10:00:00+08:00,TAIFEX:CCF1!,142.5,143.0,142.5,142.5,730.0
2026-07-17 10:05:00+08:00,TAIFEX:CCF1!,142.5,143.0,142.5,143.0,336.0
2026-07-17 10:10:00+08:00,TAIFEX:CCF1!,142.5,142.5,142.5,142.5,347.0
2026-07-17 10:15:00+08:00,TAIFEX:CCF1!,142.5,142.5,142.5,142.5,10.0
2026-07-17 10:20:00+08:00,TAIFEX:CCF1!,142.5,142.5,142.5,142.5,18.0
2026-07-17 10:25:00+08:00,TAIFEX:CCF1!,142.5,142.5,142.5,142.5,51.0
2026-07-17 10:30:00+08:00,TAIFEX:CCF1!,142.5,142.5,142.5,142.5,278.0
2026-07-17 10:35:00+08:00,TAIFEX:CCF1!,142.5,142.5,142.5,142.5,33.0
2026-07-17 10:40:00+08:00,TAIFEX:CCF1!,142.5,142.5,142.5,142.5,17.0
2026-07-17 10:45:00+08:00,TAIFEX:CCF1!,142.5,142.5,142.5,142.5,36.0
2026-07-17 10:50:00+08:00,TAIFEX:CCF1!,142.5,142.5,142.5,142.5,10.0
2026-07-17 10:55:00+08:00,TAIFEX:CCF1!,142.5,142.5,142.5,142.5,2.0
2026-07-17 11:00:00+08:00,TAIFEX:CCF1!,142.5,142.5,142.5,142.5,17.0
2026-07-17 11:05:00+08:00,TAIFEX:CCF1!,142.5,142.5,142.5,142.5,61.0
2026-07-17 11:10:00+08:00,TAIFEX:CCF1!,142.5,142.5,142.5,142.5,10.0
2026-07-17 11:15:00+08:00,TAIFEX:CCF1!,142.5,142.5,142.5,142.5,28.0
2026-07-17 11:20:00+08:00,TAIFEX:CCF1!,142.5,142.5,142.5,142.5,27.0
2026-07-17 11:25:00+08:00,TAIFEX:CCF1!,142.5,142.5,142.5,142.5,75.0
2026-07-17 11:30:00+08:00,TAIFEX:CCF1!,142.5,142.5,142.5,142.5,29.0
2026-07-17 11:35:00+08:00,TAIFEX:CCF1!,142.5,142.5,142.5,142.5,3.0
2026-07-17 11:40:00+08:00,TAIFEX:CCF1!,142.5,142.5,142.5,142.5,8.0
2026-07-17 11:45:00+08:00,TAIFEX:CCF1!,142.5,142.5,142.5,142.5,7.0
2026-07-17 11:50:00+08:00,TAIFEX:CCF1!,142.5,142.5,142.5,142.5,2.0
2026-07-17 12:00:00+08:00,TAIFEX:CCF1!,142.5,142.5,142.5,142.5,4.0
2026-07-17 12:05:00+08:00,TAIFEX:CCF1!,142.5,142.5,142.5,142.5,79.0
2026-07-17 12:10:00+08:00,TAIFEX:CCF1!,142.5,142.5,142.5,142.5,13.0
2026-07-17 12:15:00+08:00,TAIFEX:CCF1!,142.5,142.5,142.5,142.5,17.0
2026-07-17 12:20:00+08:00,TAIFEX:CCF1!,142.5,142.5,142.5,142.5,23.0
2026-07-17 12:25:00+08:00,TAIFEX:CCF1!,142.5,142.5,142.5,142.5,16.0
2026-07-17 12:30:00+08:00,TAIFEX:CCF1!,142.5,142.5,142.5,142.5,22.0
2026-07-17 12:35:00+08:00,TAIFEX:CCF1!,142.5,142.5,142.5,142.5,23.0
2026-07-17 12:40:00+08:00,TAIFEX:CCF1!,142.5,142.5,142.5,142.5,20.0
2026-07-17 12:45:00+08:00,TAIFEX:CCF1!,142.5,142.5,142.5,142.5,7.0
2026-07-17 12:50:00+08:00,TAIFEX:CCF1!,142.5,142.5,142.5,142.5,13.0
2026-07-17 12:55:00+08:00,TAIFEX:CCF1!,142.5,142.5,142.5,142.5,7.0
2026-07-17 13:00:00+08:00,TAIFEX:CCF1!,142.5,142.5,142.5,142.5,16.0
2026-07-17 13:05:00+08:00,TAIFEX:CCF1!,142.5,142.5,142.5,142.5,22.0
2026-07-17 13:10:00+08:00,TAIFEX:CCF1!,142.5,142.5,142.5,142.5,16.0
2026-07-17 13:15:00+08:00,TAIFEX:CCF1!,142.5,142.5,142.5,142.5,12.0
2026-07-17 13:20:00+08:00,TAIFEX:CCF1!,142.5,142.5,142.5,142.5,10.0
2026-07-17 13:25:00+08:00,TAIFEX:CCF1!,142.5,142.5,142.5,142.5,61.0
2026-07-17 13:30:00+08:00,TAIFEX:CCF1!,142.5,142.5,142.5,142.5,41.0
2026-07-17 13:35:00+08:00,TAIFEX:CCF1!,142.5,142.5,142.5,142.5,6.0
2026-07-17 13:40:00+08:00,TAIFEX:CCF1!,142.5,142.5,142.5,142.5,2.0
2026-07-17 17:25:00+08:00,TAIFEX:CCF1!,137.5,140.0,137.0,139.0,580.0
2026-07-17 17:30:00+08:00,TAIFEX:CCF1!,139.0,139.5,138.0,138.0,434.0
2026-07-17 17:35:00+08:00,TAIFEX:CCF1!,138.5,138.5,137.0,137.5,275.0
2026-07-17 17:40:00+08:00,TAIFEX:CCF1!,137.5,137.5,135.0,135.0,421.0
2026-07-17 17:45:00+08:00,TAIFEX:CCF1!,135.0,135.5,134.5,135.0,356.0
2026-07-17 17:50:00+08:00,TAIFEX:CCF1!,135.0,135.5,135.0,135.5,121.0
2026-07-17 17:55:00+08:00,TAIFEX:CCF1!,135.5,136.0,135.0,135.5,256.0
2026-07-17 18:00:00+08:00,TAIFEX:CCF1!,135.5,136.5,135.5,136.0,115.0
2026-07-17 18:05:00+08:00,TAIFEX:CCF1!,136.5,138.0,136.0,138.0,164.0
2026-07-17 18:10:00+08:00,TAIFEX:CCF1!,138.0,138.5,137.5,137.5,166.0
2026-07-17 18:15:00+08:00,TAIFEX:CCF1!,137.5,138.0,137.5,137.5,124.0
2026-07-17 18:20:00+08:00,TAIFEX:CCF1!,137.5,137.5,136.0,136.5,134.0
2026-07-17 18:25:00+08:00,TAIFEX:CCF1!,137.0,137.0,136.5,137.0,23.0
2026-07-17 18:30:00+08:00,TAIFEX:CCF1!,137.0,137.0,136.5,137.0,21.0
2026-07-17 18:35:00+08:00,TAIFEX:CCF1!,137.0,137.0,136.5,137.0,52.0
2026-07-17 18:40:00+08:00,TAIFEX:CCF1!,137.0,137.5,137.0,137.5,110.0
2026-07-17 18:45:00+08:00,TAIFEX:CCF1!,137.5,137.5,136.5,136.5,46.0
2026-07-17 18:50:00+08:00,TAIFEX:CCF1!,136.5,137.0,136.5,136.5,28.0
2026-07-17 18:55:00+08:00,TAIFEX:CCF1!,136.5,136.5,136.0,136.5,38.0
2026-07-17 19:00:00+08:00,TAIFEX:CCF1!,136.5,136.5,136.0,136.0,108.0
2026-07-17 19:05:00+08:00,TAIFEX:CCF1!,136.0,136.5,136.0,136.0,51.0
2026-07-17 19:10:00+08:00,TAIFEX:CCF1!,136.0,136.0,136.0,136.0,4.0
2026-07-17 19:15:00+08:00,TAIFEX:CCF1!,136.0,136.0,135.5,135.5,71.0
2026-07-17 19:20:00+08:00,TAIFEX:CCF1!,135.0,135.5,134.5,135.0,169.0
2026-07-17 19:25:00+08:00,TAIFEX:CCF1!,135.0,136.0,135.0,136.0,44.0
2026-07-17 19:30:00+08:00,TAIFEX:CCF1!,135.5,136.0,135.5,135.5,33.0
2026-07-17 19:35:00+08:00,TAIFEX:CCF1!,135.0,135.5,135.0,135.5,49.0
2026-07-17 19:40:00+08:00,TAIFEX:CCF1!,135.5,135.5,135.0,135.0,28.0
2026-07-17 19:45:00+08:00,TAIFEX:CCF1!,135.0,135.0,135.0,135.0,35.0
2026-07-17 19:50:00+08:00,TAIFEX:CCF1!,135.0,136.0,134.5,136.0,149.0
2026-07-17 19:55:00+08:00,TAIFEX:CCF1!,136.0,136.0,135.5,135.5,29.0
2026-07-17 20:00:00+08:00,TAIFEX:CCF1!,135.5,135.5,134.5,134.5,50.0
2026-07-17 20:05:00+08:00,TAIFEX:CCF1!,134.5,135.0,134.0,134.5,72.0
2026-07-17 20:10:00+08:00,TAIFEX:CCF1!,134.5,134.5,134.0,134.5,21.0
2026-07-17 20:15:00+08:00,TAIFEX:CCF1!,134.5,134.5,134.0,134.0,113.0
2026-07-17 20:20:00+08:00,TAIFEX:CCF1!,134.0,134.5,133.5,134.0,88.0
2026-07-17 20:25:00+08:00,TAIFEX:CCF1!,134.5,134.5,133.5,133.5,110.0
2026-07-17 20:30:00+08:00,TAIFEX:CCF1!,133.5,133.5,132.5,132.5,269.0
2026-07-17 20:35:00+08:00,TAIFEX:CCF1!,132.5,133.0,131.5,132.0,322.0
2026-07-17 20:40:00+08:00,TAIFEX:CCF1!,132.5,132.5,131.5,131.5,203.0
2026-07-17 20:45:00+08:00,TAIFEX:CCF1!,132.0,133.0,131.5,132.0,249.0
2026-07-17 20:50:00+08:00,TAIFEX:CCF1!,132.0,132.5,132.0,132.5,80.0
2026-07-17 20:55:00+08:00,TAIFEX:CCF1!,132.5,132.5,132.0,132.5,212.0
2026-07-17 21:00:00+08:00,TAIFEX:CCF1!,132.5,132.5,132.0,132.0,42.0
2026-07-17 21:05:00+08:00,TAIFEX:CCF1!,132.5,132.5,132.0,132.0,89.0
2026-07-17 21:10:00+08:00,TAIFEX:CCF1!,132.0,132.5,132.0,132.0,42.0
2026-07-17 21:15:00+08:00,TAIFEX:CCF1!,132.0,132.0,132.0,132.0,39.0
2026-07-17 21:20:00+08:00,TAIFEX:CCF1!,132.0,133.0,132.0,133.0,160.0
2026-07-17 21:25:00+08:00,TAIFEX:CCF1!,133.0,133.5,132.5,132.5,82.0
2026-07-17 21:30:00+08:00,TAIFEX:CCF1!,132.5,133.5,131.5,131.5,352.0
2026-07-17 21:35:00+08:00,TAIFEX:CCF1!,131.5,133.5,131.5,132.0,376.0
2026-07-17 21:40:00+08:00,TAIFEX:CCF1!,132.0,133.5,131.5,132.0,332.0
2026-07-17 21:45:00+08:00,TAIFEX:CCF1!,132.5,134.0,132.0,133.5,344.0
2026-07-17 21:50:00+08:00,TAIFEX:CCF1!,133.5,135.0,133.5,135.0,360.0
2026-07-17 21:55:00+08:00,TAIFEX:CCF1!,135.0,135.5,134.5,135.5,287.0
2026-07-17 22:00:00+08:00,TAIFEX:CCF1!,135.5,136.5,135.0,135.0,486.0
2026-07-17 22:05:00+08:00,TAIFEX:CCF1!,135.5,137.0,135.0,137.0,586.0
2026-07-17 22:10:00+08:00,TAIFEX:CCF1!,137.0,138.0,136.5,136.5,469.0
2026-07-17 22:15:00+08:00,TAIFEX:CCF1!,136.5,138.0,136.5,137.5,224.0
2026-07-17 22:20:00+08:00,TAIFEX:CCF1!,137.5,137.5,136.5,136.5,112.0
2026-07-17 22:25:00+08:00,TAIFEX:CCF1!,136.5,137.0,136.5,136.5,155.0
2026-07-17 22:30:00+08:00,TAIFEX:CCF1!,137.0,137.0,136.0,136.0,95.0
2026-07-17 22:35:00+08:00,TAIFEX:CCF1!,136.0,137.5,136.0,137.5,252.0
2026-07-17 22:40:00+08:00,TAIFEX:CCF1!,137.5,138.0,137.0,137.0,68.0
2026-07-17 22:45:00+08:00,TAIFEX:CCF1!,137.0,137.5,136.5,136.5,41.0
2026-07-17 22:50:00+08:00,TAIFEX:CCF1!,136.5,137.0,136.5,136.5,42.0
2026-07-17 22:55:00+08:00,TAIFEX:CCF1!,136.5,136.5,136.5,136.5,15.0
2026-07-17 23:00:00+08:00,TAIFEX:CCF1!,136.0,136.0,135.5,135.5,79.0
2026-07-17 23:05:00+08:00,TAIFEX:CCF1!,135.5,136.0,135.5,135.5,99.0
2026-07-17 23:10:00+08:00,TAIFEX:CCF1!,136.0,136.0,135.5,135.5,57.0
2026-07-17 23:15:00+08:00,TAIFEX:CCF1!,135.5,136.0,135.5,136.0,39.0
2026-07-17 23:20:00+08:00,TAIFEX:CCF1!,136.0,136.0,134.5,135.0,382.0
2026-07-17 23:25:00+08:00,TAIFEX:CCF1!,135.0,135.5,135.0,135.5,15.0
2026-07-17 23:30:00+08:00,TAIFEX:CCF1!,135.5,135.5,135.5,135.5,50.0
2026-07-17 23:35:00+08:00,TAIFEX:CCF1!,136.0,137.0,136.0,136.5,108.0
2026-07-17 23:40:00+08:00,TAIFEX:CCF1!,136.5,137.0,136.0,137.0,197.0
2026-07-17 23:45:00+08:00,TAIFEX:CCF1!,137.0,137.0,136.5,136.5,3.0
2026-07-17 23:50:00+08:00,TAIFEX:CCF1!,137.0,137.5,136.5,137.5,128.0
2026-07-17 23:55:00+08:00,TAIFEX:CCF1!,138.0,139.0,137.5,138.5,388.0
2026-07-18 00:00:00+08:00,TAIFEX:CCF1!,138.5,139.0,138.0,138.0,240.0
2026-07-18 00:05:00+08:00,TAIFEX:CCF1!,138.0,138.5,138.0,138.5,334.0
2026-07-18 00:10:00+08:00,TAIFEX:CCF1!,138.5,139.5,138.5,139.5,328.0
2026-07-18 00:15:00+08:00,TAIFEX:CCF1!,139.5,140.0,139.0,139.5,185.0
2026-07-18 00:20:00+08:00,TAIFEX:CCF1!,139.5,139.5,138.0,138.5,123.0
2026-07-18 00:25:00+08:00,TAIFEX:CCF1!,138.5,139.0,138.5,139.0,32.0
2026-07-18 00:30:00+08:00,TAIFEX:CCF1!,139.0,139.0,138.5,138.5,59.0
2026-07-18 00:35:00+08:00,TAIFEX:CCF1!,139.0,139.0,138.5,138.5,177.0
2026-07-18 00:40:00+08:00,TAIFEX:CCF1!,138.5,139.0,138.5,138.5,34.0
2026-07-18 00:45:00+08:00,TAIFEX:CCF1!,139.0,140.0,139.0,140.0,239.0
2026-07-18 00:50:00+08:00,TAIFEX:CCF1!,140.0,141.0,140.0,141.0,130.0
2026-07-18 00:55:00+08:00,TAIFEX:CCF1!,141.0,141.0,140.0,140.5,44.0
2026-07-18 01:00:00+08:00,TAIFEX:CCF1!,140.5,141.5,140.5,141.5,183.0
2026-07-18 01:05:00+08:00,TAIFEX:CCF1!,141.5,142.0,141.0,141.5,129.0
2026-07-18 01:10:00+08:00,TAIFEX:CCF1!,142.0,142.0,141.0,141.0,120.0
2026-07-18 01:15:00+08:00,TAIFEX:CCF1!,140.5,141.5,140.5,141.0,58.0
2026-07-18 01:20:00+08:00,TAIFEX:CCF1!,141.0,141.0,141.0,141.0,2.0
2026-07-18 01:25:00+08:00,TAIFEX:CCF1!,140.5,141.0,140.5,141.0,144.0
2026-07-18 01:30:00+08:00,TAIFEX:CCF1!,141.0,141.0,140.0,140.0,64.0
2026-07-18 01:35:00+08:00,TAIFEX:CCF1!,140.0,140.0,139.5,139.5,95.0
2026-07-18 01:40:00+08:00,TAIFEX:CCF1!,139.5,139.5,139.0,139.0,15.0
2026-07-18 01:45:00+08:00,TAIFEX:CCF1!,139.5,139.5,139.0,139.5,30.0
2026-07-18 01:50:00+08:00,TAIFEX:CCF1!,140.0,140.0,139.0,139.5,18.0
2026-07-18 01:55:00+08:00,TAIFEX:CCF1!,139.0,139.0,138.5,139.0,28.0
2026-07-18 02:00:00+08:00,TAIFEX:CCF1!,138.5,139.0,138.5,139.0,15.0
2026-07-18 02:05:00+08:00,TAIFEX:CCF1!,139.0,139.5,139.0,139.0,23.0
2026-07-18 02:10:00+08:00,TAIFEX:CCF1!,139.0,139.0,139.0,139.0,46.0
2026-07-18 02:15:00+08:00,TAIFEX:CCF1!,139.0,139.0,138.5,138.5,76.0
2026-07-18 02:20:00+08:00,TAIFEX:CCF1!,138.5,139.0,138.5,139.0,71.0
2026-07-18 02:25:00+08:00,TAIFEX:CCF1!,139.0,139.0,138.5,138.5,13.0
2026-07-18 02:30:00+08:00,TAIFEX:CCF1!,139.0,139.5,139.0,139.0,40.0
2026-07-18 02:35:00+08:00,TAIFEX:CCF1!,139.0,139.0,139.0,139.0,7.0
2026-07-18 02:40:00+08:00,TAIFEX:CCF1!,139.0,139.0,138.5,138.5,5.0
2026-07-18 02:45:00+08:00,TAIFEX:CCF1!,139.0,139.0,139.0,139.0,27.0
2026-07-18 02:50:00+08:00,TAIFEX:CCF1!,139.0,139.0,139.0,139.0,22.0
2026-07-18 02:55:00+08:00,TAIFEX:CCF1!,139.5,139.5,139.5,139.5,3.0
2026-07-18 03:00:00+08:00,TAIFEX:CCF1!,139.5,139.5,138.5,139.0,43.0
2026-07-18 03:05:00+08:00,TAIFEX:CCF1!,139.0,139.0,139.0,139.0,5.0
2026-07-18 03:10:00+08:00,TAIFEX:CCF1!,138.5,138.5,138.0,138.0,96.0
2026-07-18 03:15:00+08:00,TAIFEX:CCF1!,138.0,138.0,138.0,138.0,13.0
2026-07-18 03:20:00+08:00,TAIFEX:CCF1!,138.0,138.0,138.0,138.0,2.0
2026-07-18 03:25:00+08:00,TAIFEX:CCF1!,138.0,139.0,138.0,139.0,12.0
2026-07-18 03:30:00+08:00,TAIFEX:CCF1!,139.0,139.0,139.0,139.0,54.0
2026-07-18 03:35:00+08:00,TAIFEX:CCF1!,139.0,139.0,139.0,139.0,27.0
2026-07-18 03:45:00+08:00,TAIFEX:CCF1!,139.0,139.5,139.0,139.5,55.0
2026-07-18 03:50:00+08:00,TAIFEX:CCF1!,139.5,139.5,139.5,139.5,40.0
2026-07-18 03:55:00+08:00,TAIFEX:CCF1!,139.5,139.5,139.0,139.0,30.0
2026-07-18 04:00:00+08:00,TAIFEX:CCF1!,139.0,139.5,139.0,139.0,29.0
2026-07-18 04:05:00+08:00,TAIFEX:CCF1!,138.5,138.5,138.5,138.5,18.0
2026-07-18 04:10:00+08:00,TAIFEX:CCF1!,138.5,138.5,138.5,138.5,7.0
2026-07-18 04:15:00+08:00,TAIFEX:CCF1!,138.5,138.5,138.5,138.5,3.0
2026-07-18 04:20:00+08:00,TAIFEX:CCF1!,138.5,139.0,138.5,138.5,28.0
2026-07-18 04:25:00+08:00,TAIFEX:CCF1!,138.5,138.5,138.5,138.5,5.0
2026-07-18 04:30:00+08:00,TAIFEX:CCF1!,138.5,138.5,138.5,138.5,10.0
2026-07-18 04:35:00+08:00,TAIFEX:CCF1!,138.5,138.5,138.5,138.5,10.0
2026-07-18 04:40:00+08:00,TAIFEX:CCF1!,138.5,138.5,138.5,138.5,14.0
2026-07-18 04:45:00+08:00,TAIFEX:CCF1!,138.5,138.5,138.5,138.5,8.0
2026-07-18 04:50:00+08:00,TAIFEX:CCF1!,139.0,139.0,138.5,138.5,13.0
2026-07-18 04:55:00+08:00,TAIFEX:CCF1!,138.5,139.0,138.0,138.5,21.0
2026-07-20 08:45:00+08:00,TAIFEX:CCF1!,139.5,139.5,137.0,138.5,1597.0
2026-07-20 08:50:00+08:00,TAIFEX:CCF1!,138.5,138.5,136.5,136.5,698.0
2026-07-20 08:55:00+08:00,TAIFEX:CCF1!,137.0,139.5,137.0,139.5,797.0
2026-07-20 09:00:00+08:00,TAIFEX:CCF1!,139.0,140.0,130.5,132.5,6580.0
2026-07-20 09:05:00+08:00,TAIFEX:CCF1!,132.5,137.5,131.5,134.5,4873.0
2026-07-20 09:10:00+08:00,TAIFEX:CCF1!,134.5,136.0,131.5,132.0,6449.0
2026-07-20 09:15:00+08:00,TAIFEX:CCF1!,132.0,133.0,130.0,130.0,4545.0
2026-07-20 09:20:00+08:00,TAIFEX:CCF1!,130.0,131.0,128.5,130.0,7532.0
2026-07-20 09:25:00+08:00,TAIFEX:CCF1!,130.5,131.0,128.5,128.5,3569.0
2026-07-20 09:30:00+08:00,TAIFEX:CCF1!,128.5,129.0,128.5,129.0,626.0
2026-07-20 09:35:00+08:00,TAIFEX:CCF1!,129.0,129.5,128.5,129.0,990.0
2026-07-20 09:40:00+08:00,TAIFEX:CCF1!,129.0,129.5,128.5,128.5,873.0
2026-07-20 09:45:00+08:00,TAIFEX:CCF1!,128.5,130.5,128.5,130.5,2673.0
2026-07-20 09:50:00+08:00,TAIFEX:CCF1!,130.5,130.5,128.5,128.5,2777.0
2026-07-20 09:55:00+08:00,TAIFEX:CCF1!,128.5,128.5,128.5,128.5,102.0
2026-07-20 10:00:00+08:00,TAIFEX:CCF1!,128.5,131.0,128.5,130.5,5497.0
2026-07-20 10:05:00+08:00,TAIFEX:CCF1!,130.0,131.0,129.5,131.0,2347.0
2026-07-20 10:10:00+08:00,TAIFEX:CCF1!,131.0,131.0,129.5,130.0,1519.0
2026-07-20 10:15:00+08:00,TAIFEX:CCF1!,130.0,130.5,129.5,129.5,1669.0
2026-07-20 10:20:00+08:00,TAIFEX:CCF1!,129.5,129.5,128.5,128.5,1291.0
2026-07-20 10:25:00+08:00,TAIFEX:CCF1!,128.5,129.0,128.5,128.5,712.0
2026-07-20 10:30:00+08:00,TAIFEX:CCF1!,128.5,129.5,128.5,129.0,752.0
2026-07-20 10:35:00+08:00,TAIFEX:CCF1!,129.5,130.0,129.0,129.0,243.0
2026-07-20 10:40:00+08:00,TAIFEX:CCF1!,129.0,129.5,128.5,129.5,348.0
2026-07-20 10:45:00+08:00,TAIFEX:CCF1!,129.5,130.0,129.5,129.5,86.0
2026-07-20 10:50:00+08:00,TAIFEX:CCF1!,130.0,130.0,129.0,129.0,165.0
2026-07-20 10:55:00+08:00,TAIFEX:CCF1!,129.0,129.5,128.5,129.0,176.0
2026-07-20 11:00:00+08:00,TAIFEX:CCF1!,128.5,129.0,128.5,128.5,411.0
2026-07-20 11:05:00+08:00,TAIFEX:CCF1!,128.5,129.0,128.5,128.5,346.0
2026-07-20 11:10:00+08:00,TAIFEX:CCF1!,129.0,129.0,128.5,129.0,305.0
2026-07-20 11:15:00+08:00,TAIFEX:CCF1!,129.0,129.0,128.5,128.5,133.0
2026-07-20 11:20:00+08:00,TAIFEX:CCF1!,128.5,129.0,128.5,129.0,100.0
2026-07-20 11:25:00+08:00,TAIFEX:CCF1!,128.5,129.0,128.5,128.5,372.0
2026-07-20 11:30:00+08:00,TAIFEX:CCF1!,128.5,128.5,128.5,128.5,14.0
2026-07-20 11:35:00+08:00,TAIFEX:CCF1!,128.5,128.5,128.5,128.5,143.0
2026-07-20 11:40:00+08:00,TAIFEX:CCF1!,128.5,128.5,128.5,128.5,26.0
2026-07-20 11:45:00+08:00,TAIFEX:CCF1!,128.5,128.5,128.5,128.5,147.0
2026-07-20 11:50:00+08:00,TAIFEX:CCF1!,128.5,130.5,128.5,130.5,3032.0
2026-07-20 11:55:00+08:00,TAIFEX:CCF1!,130.5,130.5,128.5,129.0,1241.0
2026-07-20 12:00:00+08:00,TAIFEX:CCF1!,129.0,129.5,128.5,129.0,460.0
2026-07-20 12:05:00+08:00,TAIFEX:CCF1!,129.0,129.5,128.5,129.0,208.0
2026-07-20 12:10:00+08:00,TAIFEX:CCF1!,129.0,129.0,128.5,129.0,197.0
2026-07-20 12:15:00+08:00,TAIFEX:CCF1!,128.5,129.0,128.5,128.5,626.0
2026-07-20 12:20:00+08:00,TAIFEX:CCF1!,128.5,128.5,128.5,128.5,44.0
2026-07-20 12:25:00+08:00,TAIFEX:CCF1!,128.5,128.5,128.5,128.5,41.0
2026-07-20 12:30:00+08:00,TAIFEX:CCF1!,128.5,128.5,128.5,128.5,45.0
2026-07-20 12:35:00+08:00,TAIFEX:CCF1!,128.5,128.5,128.5,128.5,124.0
2026-07-20 12:40:00+08:00,TAIFEX:CCF1!,128.5,130.0,128.5,130.0,1662.0
2026-07-20 12:45:00+08:00,TAIFEX:CCF1!,130.0,130.5,129.0,129.5,524.0
2026-07-20 12:50:00+08:00,TAIFEX:CCF1!,129.5,130.0,129.0,129.0,304.0
2026-07-20 12:55:00+08:00,TAIFEX:CCF1!,129.0,129.5,128.5,128.5,847.0
2026-07-20 13:00:00+08:00,TAIFEX:CCF1!,128.5,128.5,128.5,128.5,13.0
2026-07-20 13:05:00+08:00,TAIFEX:CCF1!,128.5,128.5,128.5,128.5,29.0
2026-07-20 13:10:00+08:00,TAIFEX:CCF1!,128.5,128.5,128.5,128.5,17.0
2026-07-20 13:15:00+08:00,TAIFEX:CCF1!,128.5,128.5,128.5,128.5,24.0
2026-07-20 13:20:00+08:00,TAIFEX:CCF1!,128.5,128.5,128.5,128.5,21.0
2026-07-20 13:25:00+08:00,TAIFEX:CCF1!,128.5,128.5,128.5,128.5,1.0
2026-07-20 13:30:00+08:00,TAIFEX:CCF1!,128.5,128.5,128.5,128.5,12.0
2026-07-20 13:35:00+08:00,TAIFEX:CCF1!,128.5,128.5,128.5,128.5,5.0
2026-07-20 13:40:00+08:00,TAIFEX:CCF1!,128.5,128.5,128.5,128.5,4.0
2026-07-20 17:25:00+08:00,TAIFEX:CCF1!,129.5,130.0,129.0,129.5,231.0
2026-07-20 17:30:00+08:00,TAIFEX:CCF1!,129.0,129.0,129.0,129.0,225.0
2026-07-20 17:35:00+08:00,TAIFEX:CCF1!,128.5,129.0,128.5,129.0,123.0
2026-07-20 17:40:00+08:00,TAIFEX:CCF1!,129.5,130.0,129.5,130.0,293.0
2026-07-20 17:45:00+08:00,TAIFEX:CCF1!,130.0,130.5,130.0,130.5,45.0
2026-07-20 17:50:00+08:00,TAIFEX:CCF1!,130.5,130.5,130.5,130.5,82.0
2026-07-20 17:55:00+08:00,TAIFEX:CCF1!,130.0,130.5,130.0,130.0,67.0
2026-07-20 18:00:00+08:00,TAIFEX:CCF1!,130.0,130.0,129.5,129.5,87.0
2026-07-20 18:05:00+08:00,TAIFEX:CCF1!,129.5,130.0,129.5,129.5,19.0
2026-07-20 18:10:00+08:00,TAIFEX:CCF1!,129.5,130.0,129.5,129.5,11.0
2026-07-20 18:15:00+08:00,TAIFEX:CCF1!,130.0,130.0,130.0,130.0,6.0
2026-07-20 18:20:00+08:00,TAIFEX:CCF1!,130.0,130.0,129.5,130.0,14.0
2026-07-20 18:25:00+08:00,TAIFEX:CCF1!,130.0,130.0,130.0,130.0,6.0
2026-07-20 18:30:00+08:00,TAIFEX:CCF1!,130.0,130.0,130.0,130.0,62.0
2026-07-20 18:35:00+08:00,TAIFEX:CCF1!,130.0,130.0,130.0,130.0,12.0
2026-07-20 18:40:00+08:00,TAIFEX:CCF1!,130.0,130.0,130.0,130.0,11.0
2026-07-20 18:45:00+08:00,TAIFEX:CCF1!,130.0,130.0,130.0,130.0,38.0
2026-07-20 18:50:00+08:00,TAIFEX:CCF1!,130.0,130.0,130.0,130.0,15.0
2026-07-20 18:55:00+08:00,TAIFEX:CCF1!,130.0,130.0,130.0,130.0,4.0
2026-07-20 19:00:00+08:00,TAIFEX:CCF1!,130.5,130.5,130.5,130.5,48.0
2026-07-20 19:05:00+08:00,TAIFEX:CCF1!,130.5,130.5,130.5,130.5,62.0
2026-07-20 19:10:00+08:00,TAIFEX:CCF1!,131.0,131.5,130.5,131.5,157.0
2026-07-20 19:15:00+08:00,TAIFEX:CCF1!,131.5,131.5,131.0,131.0,85.0
2026-07-20 19:20:00+08:00,TAIFEX:CCF1!,131.0,131.0,130.5,130.5,91.0
2026-07-20 19:25:00+08:00,TAIFEX:CCF1!,130.5,131.0,130.5,131.0,13.0
2026-07-20 19:30:00+08:00,TAIFEX:CCF1!,131.0,132.0,131.0,132.0,79.0
2026-07-20 19:35:00+08:00,TAIFEX:CCF1!,132.0,132.0,132.0,132.0,41.0
2026-07-20 19:40:00+08:00,TAIFEX:CCF1!,131.5,132.0,131.5,132.0,94.0
2026-07-20 19:45:00+08:00,TAIFEX:CCF1!,132.0,132.0,131.0,131.5,119.0
2026-07-20 19:50:00+08:00,TAIFEX:CCF1!,131.0,131.5,131.0,131.5,64.0
2026-07-20 19:55:00+08:00,TAIFEX:CCF1!,131.5,131.5,131.0,131.5,56.0
2026-07-20 20:00:00+08:00,TAIFEX:CCF1!,131.5,131.5,130.5,130.5,81.0
2026-07-20 20:05:00+08:00,TAIFEX:CCF1!,131.0,131.5,130.5,131.0,64.0
2026-07-20 20:10:00+08:00,TAIFEX:CCF1!,131.0,131.0,131.0,131.0,15.0
2026-07-20 20:15:00+08:00,TAIFEX:CCF1!,131.5,131.5,131.0,131.5,40.0
2026-07-20 20:20:00+08:00,TAIFEX:CCF1!,131.5,131.5,131.5,131.5,18.0
2026-07-20 20:25:00+08:00,TAIFEX:CCF1!,132.0,132.0,132.0,132.0,9.0
2026-07-20 20:30:00+08:00,TAIFEX:CCF1!,132.0,132.0,131.5,131.5,34.0
2026-07-20 20:35:00+08:00,TAIFEX:CCF1!,131.5,132.0,131.5,132.0,24.0
2026-07-20 20:40:00+08:00,TAIFEX:CCF1!,132.0,132.0,132.0,132.0,66.0
2026-07-20 20:45:00+08:00,TAIFEX:CCF1!,131.5,132.0,131.5,132.0,16.0
2026-07-20 20:50:00+08:00,TAIFEX:CCF1!,132.0,132.0,131.5,131.5,95.0
2026-07-20 20:55:00+08:00,TAIFEX:CCF1!,131.5,131.5,131.0,131.5,17.0
2026-07-20 21:00:00+08:00,TAIFEX:CCF1!,131.5,132.5,131.5,132.5,141.0
2026-07-20 21:05:00+08:00,TAIFEX:CCF1!,132.0,132.5,132.0,132.5,24.0
2026-07-20 21:10:00+08:00,TAIFEX:CCF1!,132.5,132.5,132.0,132.0,26.0
2026-07-20 21:15:00+08:00,TAIFEX:CCF1!,132.0,132.5,132.0,132.0,38.0
2026-07-20 21:20:00+08:00,TAIFEX:CCF1!,132.5,132.5,132.5,132.5,69.0
2026-07-20 21:25:00+08:00,TAIFEX:CCF1!,132.5,132.5,132.0,132.5,34.0
2026-07-20 21:30:00+08:00,TAIFEX:CCF1!,132.5,135.5,132.5,135.0,830.0
2026-07-20 21:35:00+08:00,TAIFEX:CCF1!,135.0,135.0,134.0,134.5,292.0
2026-07-20 21:40:00+08:00,TAIFEX:CCF1!,134.0,135.0,133.5,134.5,414.0
2026-07-20 21:45:00+08:00,TAIFEX:CCF1!,134.5,135.0,134.0,134.0,407.0
2026-07-20 21:50:00+08:00,TAIFEX:CCF1!,134.0,134.0,132.5,133.0,317.0
2026-07-20 21:55:00+08:00,TAIFEX:CCF1!,133.0,133.5,132.0,132.5,135.0
2026-07-20 22:00:00+08:00,TAIFEX:CCF1!,132.5,133.5,132.0,133.0,283.0
2026-07-20 22:05:00+08:00,TAIFEX:CCF1!,133.0,133.0,132.5,132.5,88.0
2026-07-20 22:10:00+08:00,TAIFEX:CCF1!,132.5,132.5,131.5,132.0,137.0
2026-07-20 22:15:00+08:00,TAIFEX:CCF1!,132.5,132.5,131.5,132.0,139.0
2026-07-20 22:20:00+08:00,TAIFEX:CCF1!,132.0,132.5,131.0,132.0,407.0
2026-07-20 22:25:00+08:00,TAIFEX:CCF1!,132.5,133.0,132.5,132.5,163.0
2026-07-20 22:30:00+08:00,TAIFEX:CCF1!,133.0,133.0,132.0,132.0,61.0
2026-07-20 22:35:00+08:00,TAIFEX:CCF1!,132.0,132.0,132.0,132.0,111.0
2026-07-20 22:40:00+08:00,TAIFEX:CCF1!,132.0,132.0,131.5,132.0,18.0
2026-07-20 22:45:00+08:00,TAIFEX:CCF1!,132.0,132.5,132.0,132.0,63.0
2026-07-20 22:50:00+08:00,TAIFEX:CCF1!,132.0,132.0,131.0,131.0,102.0
2026-07-20 22:55:00+08:00,TAIFEX:CCF1!,131.0,131.5,131.0,131.0,197.0
2026-07-20 23:00:00+08:00,TAIFEX:CCF1!,131.0,132.0,131.0,131.5,75.0
2026-07-20 23:05:00+08:00,TAIFEX:CCF1!,131.5,131.5,131.5,131.5,20.0
2026-07-20 23:10:00+08:00,TAIFEX:CCF1!,132.0,132.0,131.5,131.5,37.0
2026-07-20 23:15:00+08:00,TAIFEX:CCF1!,131.5,132.5,131.5,132.5,58.0
2026-07-20 23:20:00+08:00,TAIFEX:CCF1!,132.0,132.5,132.0,132.5,105.0
2026-07-20 23:25:00+08:00,TAIFEX:CCF1!,132.5,132.5,132.5,132.5,69.0
2026-07-20 23:30:00+08:00,TAIFEX:CCF1!,132.5,133.0,132.5,133.0,24.0
2026-07-20 23:40:00+08:00,TAIFEX:CCF1!,133.0,133.0,132.5,132.5,57.0
2026-07-20 23:45:00+08:00,TAIFEX:CCF1!,132.5,132.5,132.0,132.5,81.0
2026-07-20 23:50:00+08:00,TAIFEX:CCF1!,132.5,132.5,132.5,132.5,13.0
2026-07-20 23:55:00+08:00,TAIFEX:CCF1!,133.0,133.5,133.0,133.5,108.0
2026-07-21 00:00:00+08:00,TAIFEX:CCF1!,133.5,133.5,133.0,133.0,23.0
2026-07-21 00:05:00+08:00,TAIFEX:CCF1!,133.5,133.5,133.5,133.5,10.0
2026-07-21 00:10:00+08:00,TAIFEX:CCF1!,133.5,133.5,133.5,133.5,55.0
2026-07-21 00:15:00+08:00,TAIFEX:CCF1!,133.5,133.5,133.0,133.0,28.0
2026-07-21 00:20:00+08:00,TAIFEX:CCF1!,133.5,133.5,133.0,133.0,5.0
2026-07-21 00:25:00+08:00,TAIFEX:CCF1!,133.0,133.0,133.0,133.0,60.0
2026-07-21 00:30:00+08:00,TAIFEX:CCF1!,133.0,133.0,132.5,132.5,15.0
2026-07-21 00:35:00+08:00,TAIFEX:CCF1!,132.5,132.5,132.5,132.5,5.0
2026-07-21 00:40:00+08:00,TAIFEX:CCF1!,133.0,133.0,132.0,132.0,47.0
2026-07-21 00:45:00+08:00,TAIFEX:CCF1!,132.0,132.0,132.0,132.0,8.0
2026-07-21 00:50:00+08:00,TAIFEX:CCF1!,132.0,132.5,132.0,132.0,50.0
2026-07-21 00:55:00+08:00,TAIFEX:CCF1!,131.5,131.5,131.5,131.5,20.0
2026-07-21 01:00:00+08:00,TAIFEX:CCF1!,132.0,132.0,132.0,132.0,39.0
2026-07-21 01:05:00+08:00,TAIFEX:CCF1!,132.0,132.0,132.0,132.0,15.0
2026-07-21 01:10:00+08:00,TAIFEX:CCF1!,132.0,132.0,132.0,132.0,10.0
2026-07-21 01:15:00+08:00,TAIFEX:CCF1!,131.5,132.0,131.5,132.0,13.0
2026-07-21 01:20:00+08:00,TAIFEX:CCF1!,132.0,132.0,132.0,132.0,3.0
2026-07-21 01:25:00+08:00,TAIFEX:CCF1!,132.0,132.0,132.0,132.0,9.0
2026-07-21 01:35:00+08:00,TAIFEX:CCF1!,131.5,131.5,131.5,131.5,6.0
2026-07-21 01:40:00+08:00,TAIFEX:CCF1!,131.5,131.5,131.5,131.5,22.0
2026-07-21 01:45:00+08:00,TAIFEX:CCF1!,131.5,131.5,131.5,131.5,11.0
2026-07-21 01:50:00+08:00,TAIFEX:CCF1!,131.5,131.5,131.5,131.5,1.0
2026-07-21 01:55:00+08:00,TAIFEX:CCF1!,131.5,131.5,131.5,131.5,3.0
2026-07-21 02:00:00+08:00,TAIFEX:CCF1!,132.0,132.0,132.0,132.0,26.0
2026-07-21 02:05:00+08:00,TAIFEX:CCF1!,132.0,132.0,132.0,132.0,3.0
2026-07-21 02:10:00+08:00,TAIFEX:CCF1!,132.0,132.0,132.0,132.0,1.0
2026-07-21 02:20:00+08:00,TAIFEX:CCF1!,132.0,132.0,132.0,132.0,17.0
2026-07-21 02:25:00+08:00,TAIFEX:CCF1!,132.5,132.5,132.5,132.5,116.0
2026-07-21 02:30:00+08:00,TAIFEX:CCF1!,132.5,132.5,132.0,132.0,27.0
2026-07-21 02:35:00+08:00,TAIFEX:CCF1!,132.0,132.0,132.0,132.0,2.0
2026-07-21 02:40:00+08:00,TAIFEX:CCF1!,132.0,132.0,132.0,132.0,20.0
2026-07-21 02:45:00+08:00,TAIFEX:CCF1!,132.0,132.0,132.0,132.0,46.0
2026-07-21 02:50:00+08:00,TAIFEX:CCF1!,132.0,132.0,132.0,132.0,1.0
2026-07-21 02:55:00+08:00,TAIFEX:CCF1!,132.0,132.0,132.0,132.0,14.0
2026-07-21 03:00:00+08:00,TAIFEX:CCF1!,132.0,132.0,131.5,131.5,8.0
2026-07-21 03:05:00+08:00,TAIFEX:CCF1!,131.5,132.0,131.5,132.0,26.0
2026-07-21 03:10:00+08:00,TAIFEX:CCF1!,132.0,132.0,132.0,132.0,55.0
2026-07-21 03:15:00+08:00,TAIFEX:CCF1!,131.5,131.5,131.5,131.5,21.0
2026-07-21 03:20:00+08:00,TAIFEX:CCF1!,132.0,132.0,131.5,131.5,49.0
2026-07-21 03:25:00+08:00,TAIFEX:CCF1!,131.5,131.5,131.5,131.5,7.0
2026-07-21 03:30:00+08:00,TAIFEX:CCF1!,131.5,131.5,131.5,131.5,1.0
2026-07-21 03:35:00+08:00,TAIFEX:CCF1!,131.5,131.5,131.5,131.5,3.0
2026-07-21 03:40:00+08:00,TAIFEX:CCF1!,131.5,131.5,131.5,131.5,1.0
2026-07-21 03:50:00+08:00,TAIFEX:CCF1!,131.5,131.5,131.5,131.5,26.0
2026-07-21 03:55:00+08:00,TAIFEX:CCF1!,131.5,131.5,131.5,131.5,40.0
2026-07-21 04:00:00+08:00,TAIFEX:CCF1!,131.5,132.0,131.5,131.5,19.0
2026-07-21 04:05:00+08:00,TAIFEX:CCF1!,131.5,131.5,131.5,131.5,2.0
2026-07-21 04:10:00+08:00,TAIFEX:CCF1!,131.5,131.5,131.0,131.0,15.0
2026-07-21 04:15:00+08:00,TAIFEX:CCF1!,131.0,131.5,131.0,131.5,4.0
2026-07-21 04:25:00+08:00,TAIFEX:CCF1!,131.5,131.5,131.5,131.5,1.0
2026-07-21 04:40:00+08:00,TAIFEX:CCF1!,131.0,131.0,131.0,131.0,8.0
2026-07-21 04:45:00+08:00,TAIFEX:CCF1!,131.0,131.0,131.0,131.0,4.0
2026-07-21 04:50:00+08:00,TAIFEX:CCF1!,131.5,131.5,131.0,131.5,8.0
2026-07-21 04:55:00+08:00,TAIFEX:CCF1!,131.0,131.5,131.0,131.0,40.0
2026-07-21 08:45:00+08:00,TAIFEX:CCF1!,131.0,133.5,131.0,132.5,962.0
2026-07-21 08:50:00+08:00,TAIFEX:CCF1!,133.0,133.5,132.5,132.5,415.0
2026-07-21 08:55:00+08:00,TAIFEX:CCF1!,132.5,132.5,131.5,131.5,335.0
2026-07-21 09:00:00+08:00,TAIFEX:CCF1!,131.5,131.5,126.0,131.5,6584.0
2026-07-21 09:05:00+08:00,TAIFEX:CCF1!,131.5,133.0,129.5,131.0,2261.0
2026-07-21 09:10:00+08:00,TAIFEX:CCF1!,131.0,133.5,130.5,132.0,2523.0
2026-07-21 09:15:00+08:00,TAIFEX:CCF1!,132.0,134.5,132.0,134.0,2908.0
2026-07-21 09:20:00+08:00,TAIFEX:CCF1!,134.0,135.0,133.0,135.0,1533.0
2026-07-21 09:25:00+08:00,TAIFEX:CCF1!,134.5,134.5,132.5,133.5,1805.0
2026-07-21 09:30:00+08:00,TAIFEX:CCF1!,133.5,135.5,133.5,134.5,1507.0
2026-07-21 09:35:00+08:00,TAIFEX:CCF1!,134.5,135.5,133.5,134.5,981.0
2026-07-21 09:40:00+08:00,TAIFEX:CCF1!,134.5,135.0,133.0,133.0,1041.0
2026-07-21 09:45:00+08:00,TAIFEX:CCF1!,133.0,135.0,132.5,133.0,1591.0
2026-07-21 09:50:00+08:00,TAIFEX:CCF1!,133.0,133.5,132.5,133.5,547.0
2026-07-21 09:55:00+08:00,TAIFEX:CCF1!,133.5,133.5,133.0,133.0,217.0
2026-07-21 10:00:00+08:00,TAIFEX:CCF1!,133.0,135.0,133.0,134.5,1506.0
2026-07-21 10:05:00+08:00,TAIFEX:CCF1!,134.5,135.0,132.5,133.0,445.0
2026-07-21 10:10:00+08:00,TAIFEX:CCF1!,132.5,132.5,131.0,131.5,1321.0
2026-07-21 10:15:00+08:00,TAIFEX:CCF1!,132.0,132.0,130.0,130.5,956.0
2026-07-21 10:20:00+08:00,TAIFEX:CCF1!,130.0,131.0,130.0,131.0,769.0
2026-07-21 10:25:00+08:00,TAIFEX:CCF1!,131.5,131.5,130.0,130.5,948.0
2026-07-21 10:30:00+08:00,TAIFEX:CCF1!,130.5,131.0,130.5,131.0,583.0
2026-07-21 10:35:00+08:00,TAIFEX:CCF1!,131.0,132.0,130.5,131.5,459.0
2026-07-21 10:40:00+08:00,TAIFEX:CCF1!,131.5,132.5,131.5,132.5,395.0
2026-07-21 10:45:00+08:00,TAIFEX:CCF1!,132.5,132.5,131.5,131.5,208.0
2026-07-21 10:50:00+08:00,TAIFEX:CCF1!,131.0,131.5,130.0,130.5,831.0
2026-07-21 10:55:00+08:00,TAIFEX:CCF1!,130.5,131.0,130.5,131.0,527.0
2026-07-21 11:00:00+08:00,TAIFEX:CCF1!,131.0,132.0,131.0,132.0,711.0
2026-07-21 11:05:00+08:00,TAIFEX:CCF1!,132.0,132.0,131.0,131.0,666.0
2026-07-21 11:10:00+08:00,TAIFEX:CCF1!,131.0,132.5,131.0,131.5,347.0
2026-07-21 11:15:00+08:00,TAIFEX:CCF1!,131.5,132.0,131.5,131.5,7.0
2026-07-21 11:20:00+08:00,TAIFEX:CCF1!,132.0,132.0,131.5,131.5,217.0
2026-07-21 11:25:00+08:00,TAIFEX:CCF1!,131.5,131.5,131.0,131.0,344.0
2026-07-21 11:30:00+08:00,TAIFEX:CCF1!,131.0,131.5,131.0,131.5,114.0
2026-07-21 11:35:00+08:00,TAIFEX:CCF1!,131.5,132.0,131.5,132.0,342.0
2026-07-21 11:40:00+08:00,TAIFEX:CCF1!,132.5,133.0,132.0,133.0,504.0
2026-07-21 11:45:00+08:00,TAIFEX:CCF1!,133.0,134.0,133.0,133.5,443.0
2026-07-21 11:50:00+08:00,TAIFEX:CCF1!,134.0,134.0,133.5,133.5,469.0
2026-07-21 11:55:00+08:00,TAIFEX:CCF1!,134.0,134.5,133.0,134.5,672.0
2026-07-21 12:00:00+08:00,TAIFEX:CCF1!,134.5,135.0,134.0,135.0,990.0
2026-07-21 12:05:00+08:00,TAIFEX:CCF1!,135.0,136.5,135.0,135.5,2331.0
2026-07-21 12:10:00+08:00,TAIFEX:CCF1!,136.0,138.0,135.5,137.5,1991.0
2026-07-21 12:15:00+08:00,TAIFEX:CCF1!,137.5,138.5,136.0,137.0,1976.0
2026-07-21 12:20:00+08:00,TAIFEX:CCF1!,137.0,137.5,136.5,137.0,341.0
2026-07-21 12:25:00+08:00,TAIFEX:CCF1!,137.0,137.0,135.5,136.5,562.0
2026-07-21 12:30:00+08:00,TAIFEX:CCF1!,136.0,136.5,135.5,136.0,495.0
2026-07-21 12:35:00+08:00,TAIFEX:CCF1!,136.0,137.0,136.0,136.0,557.0
2026-07-21 12:40:00+08:00,TAIFEX:CCF1!,136.5,136.5,136.0,136.5,359.0
2026-07-21 12:45:00+08:00,TAIFEX:CCF1!,136.5,137.0,136.0,137.0,628.0
2026-07-21 12:50:00+08:00,TAIFEX:CCF1!,137.0,137.0,136.0,136.5,375.0
2026-07-21 12:55:00+08:00,TAIFEX:CCF1!,136.0,136.5,136.0,136.5,73.0
2026-07-21 13:00:00+08:00,TAIFEX:CCF1!,136.5,137.0,136.0,136.5,522.0
2026-07-21 13:05:00+08:00,TAIFEX:CCF1!,136.5,137.0,136.0,137.0,230.0
2026-07-21 13:10:00+08:00,TAIFEX:CCF1!,137.0,137.5,136.0,136.0,550.0
2026-07-21 13:15:00+08:00,TAIFEX:CCF1!,135.5,136.5,135.5,136.0,767.0
2026-07-21 13:20:00+08:00,TAIFEX:CCF1!,135.5,136.0,135.5,135.5,150.0
2026-07-21 13:25:00+08:00,TAIFEX:CCF1!,135.5,136.0,135.0,136.0,453.0
2026-07-21 13:30:00+08:00,TAIFEX:CCF1!,136.0,136.5,136.0,136.5,184.0
2026-07-21 13:35:00+08:00,TAIFEX:CCF1!,136.0,136.5,136.0,136.0,69.0
2026-07-21 13:40:00+08:00,TAIFEX:CCF1!,136.0,136.5,136.0,136.5,248.0
2026-07-21 17:25:00+08:00,TAIFEX:CCF1!,139.0,139.5,138.5,139.5,331.0
2026-07-21 17:30:00+08:00,TAIFEX:CCF1!,139.0,139.5,138.5,139.5,105.0
2026-07-21 17:35:00+08:00,TAIFEX:CCF1!,139.5,139.5,139.0,139.5,249.0
2026-07-21 17:40:00+08:00,TAIFEX:CCF1!,139.5,141.0,139.5,141.0,294.0
2026-07-21 17:45:00+08:00,TAIFEX:CCF1!,141.0,141.0,140.5,141.0,207.0
2026-07-21 17:50:00+08:00,TAIFEX:CCF1!,141.0,141.5,141.0,141.0,59.0
2026-07-21 17:55:00+08:00,TAIFEX:CCF1!,141.5,141.5,140.5,141.0,66.0
2026-07-21 18:00:00+08:00,TAIFEX:CCF1!,141.0,141.0,141.0,141.0,102.0
2026-07-21 18:05:00+08:00,TAIFEX:CCF1!,141.0,141.0,141.0,141.0,63.0
2026-07-21 18:10:00+08:00,TAIFEX:CCF1!,141.0,141.5,141.0,141.5,46.0
2026-07-21 18:15:00+08:00,TAIFEX:CCF1!,141.5,141.5,141.0,141.5,104.0
2026-07-21 18:20:00+08:00,TAIFEX:CCF1!,141.5,141.5,141.5,141.5,69.0
2026-07-21 18:25:00+08:00,TAIFEX:CCF1!,141.5,142.5,141.5,142.5,305.0
2026-07-21 18:30:00+08:00,TAIFEX:CCF1!,142.5,143.0,142.0,143.0,96.0
2026-07-21 18:35:00+08:00,TAIFEX:CCF1!,143.0,143.0,142.5,143.0,229.0
2026-07-21 18:40:00+08:00,TAIFEX:CCF1!,143.0,143.5,142.5,143.0,131.0
2026-07-21 18:45:00+08:00,TAIFEX:CCF1!,143.0,143.5,142.5,142.5,264.0
2026-07-21 18:50:00+08:00,TAIFEX:CCF1!,142.5,143.0,142.5,143.0,24.0
2026-07-21 18:55:00+08:00,TAIFEX:CCF1!,143.0,143.0,142.5,143.0,89.0
2026-07-21 19:00:00+08:00,TAIFEX:CCF1!,143.0,143.0,142.5,143.0,67.0
2026-07-21 19:05:00+08:00,TAIFEX:CCF1!,143.0,143.0,142.0,142.5,144.0
2026-07-21 19:10:00+08:00,TAIFEX:CCF1!,142.5,142.5,142.0,142.0,109.0
2026-07-21 19:15:00+08:00,TAIFEX:CCF1!,142.0,142.5,142.0,142.5,134.0
2026-07-21 19:20:00+08:00,TAIFEX:CCF1!,142.0,142.5,142.0,142.0,74.0
2026-07-21 19:25:00+08:00,TAIFEX:CCF1!,142.0,142.5,142.0,142.5,5.0
2026-07-21 19:30:00+08:00,TAIFEX:CCF1!,142.5,143.0,142.5,143.0,155.0
2026-07-21 19:35:00+08:00,TAIFEX:CCF1!,142.5,143.0,142.5,143.0,66.0
2026-07-21 19:40:00+08:00,TAIFEX:CCF1!,143.0,143.0,142.5,142.5,65.0
2026-07-21 19:45:00+08:00,TAIFEX:CCF1!,142.5,142.5,142.5,142.5,96.0
2026-07-21 19:50:00+08:00,TAIFEX:CCF1!,142.5,142.5,142.0,142.0,32.0
2026-07-21 19:55:00+08:00,TAIFEX:CCF1!,142.0,142.5,142.0,142.5,15.0
2026-07-21 20:00:00+08:00,TAIFEX:CCF1!,142.5,142.5,142.0,142.0,156.0
2026-07-21 20:05:00+08:00,TAIFEX:CCF1!,142.0,142.5,142.0,142.5,43.0
2026-07-21 20:10:00+08:00,TAIFEX:CCF1!,142.0,142.0,142.0,142.0,5.0
2026-07-21 20:15:00+08:00,TAIFEX:CCF1!,142.0,142.0,141.5,141.5,87.0
2026-07-21 20:20:00+08:00,TAIFEX:CCF1!,142.0,142.0,141.5,141.5,7.0
2026-07-21 20:25:00+08:00,TAIFEX:CCF1!,141.5,141.5,141.5,141.5,18.0
2026-07-21 20:30:00+08:00,TAIFEX:CCF1!,141.5,142.0,141.5,141.5,11.0
2026-07-21 20:35:00+08:00,TAIFEX:CCF1!,141.5,141.5,141.5,141.5,231.0
2026-07-21 20:40:00+08:00,TAIFEX:CCF1!,141.5,141.5,141.5,141.5,47.0
2026-07-21 20:45:00+08:00,TAIFEX:CCF1!,141.5,142.0,141.5,142.0,103.0
2026-07-21 20:50:00+08:00,TAIFEX:CCF1!,142.0,142.0,142.0,142.0,68.0
2026-07-21 20:55:00+08:00,TAIFEX:CCF1!,142.0,142.5,142.0,142.0,35.0
2026-07-21 21:00:00+08:00,TAIFEX:CCF1!,142.0,142.0,142.0,142.0,73.0
2026-07-21 21:05:00+08:00,TAIFEX:CCF1!,142.0,142.0,142.0,142.0,81.0
2026-07-21 21:10:00+08:00,TAIFEX:CCF1!,142.0,142.0,141.5,141.5,34.0
2026-07-21 21:15:00+08:00,TAIFEX:CCF1!,141.5,141.5,141.5,141.5,10.0
2026-07-21 21:20:00+08:00,TAIFEX:CCF1!,141.5,141.5,141.0,141.5,223.0
2026-07-21 21:25:00+08:00,TAIFEX:CCF1!,141.5,142.0,141.0,141.5,302.0
2026-07-21 21:30:00+08:00,TAIFEX:CCF1!,141.5,141.5,138.5,139.0,1131.0
2026-07-21 21:35:00+08:00,TAIFEX:CCF1!,139.0,140.0,139.0,139.5,460.0
2026-07-21 21:40:00+08:00,TAIFEX:CCF1!,139.5,139.5,138.0,138.0,406.0
2026-07-21 21:45:00+08:00,TAIFEX:CCF1!,138.0,138.5,138.0,138.5,201.0
2026-07-21 21:50:00+08:00,TAIFEX:CCF1!,138.5,139.5,138.5,138.5,234.0
2026-07-21 21:55:00+08:00,TAIFEX:CCF1!,138.5,139.0,138.0,138.5,70.0
2026-07-21 22:00:00+08:00,TAIFEX:CCF1!,138.5,139.0,138.5,138.5,261.0
2026-07-21 22:05:00+08:00,TAIFEX:CCF1!,138.5,138.5,138.0,138.0,167.0
2026-07-21 22:10:00+08:00,TAIFEX:CCF1!,138.0,138.0,136.5,138.0,372.0
2026-07-21 22:15:00+08:00,TAIFEX:CCF1!,138.0,138.5,137.0,138.5,164.0
2026-07-21 22:20:00+08:00,TAIFEX:CCF1!,138.5,138.5,138.0,138.0,262.0
2026-07-21 22:25:00+08:00,TAIFEX:CCF1!,138.5,139.0,138.0,139.0,338.0
2026-07-21 22:30:00+08:00,TAIFEX:CCF1!,139.0,139.5,139.0,139.5,312.0
2026-07-21 22:35:00+08:00,TAIFEX:CCF1!,139.5,139.5,139.0,139.5,141.0
2026-07-21 22:40:00+08:00,TAIFEX:CCF1!,139.5,139.5,139.0,139.0,181.0
2026-07-21 22:45:00+08:00,TAIFEX:CCF1!,139.0,139.5,138.5,138.5,215.0
2026-07-21 22:50:00+08:00,TAIFEX:CCF1!,138.5,138.5,138.0,138.0,96.0
2026-07-21 22:55:00+08:00,TAIFEX:CCF1!,138.0,138.5,137.5,137.5,189.0
2026-07-21 23:00:00+08:00,TAIFEX:CCF1!,138.0,138.0,138.0,138.0,115.0
2026-07-21 23:05:00+08:00,TAIFEX:CCF1!,138.0,139.0,138.0,139.0,84.0
2026-07-21 23:10:00+08:00,TAIFEX:CCF1!,138.5,139.0,138.5,138.5,124.0
2026-07-21 23:15:00+08:00,TAIFEX:CCF1!,139.0,139.5,139.0,139.5,39.0
2026-07-21 23:20:00+08:00,TAIFEX:CCF1!,139.5,139.5,139.0,139.5,61.0
2026-07-21 23:25:00+08:00,TAIFEX:CCF1!,139.5,139.5,139.5,139.5,33.0
2026-07-21 23:30:00+08:00,TAIFEX:CCF1!,139.5,139.5,139.0,139.0,53.0
2026-07-21 23:35:00+08:00,TAIFEX:CCF1!,139.0,139.0,138.5,138.5,28.0
2026-07-21 23:40:00+08:00,TAIFEX:CCF1!,138.5,138.5,138.0,138.0,92.0
2026-07-21 23:45:00+08:00,TAIFEX:CCF1!,138.5,139.0,138.5,139.0,36.0
2026-07-21 23:50:00+08:00,TAIFEX:CCF1!,139.0,139.0,139.0,139.0,2.0
2026-07-21 23:55:00+08:00,TAIFEX:CCF1!,138.5,138.5,138.0,138.5,65.0
2026-07-22 00:00:00+08:00,TAIFEX:CCF1!,138.5,139.0,138.5,139.0,13.0
2026-07-22 00:05:00+08:00,TAIFEX:CCF1!,139.0,139.0,139.0,139.0,4.0
2026-07-22 00:10:00+08:00,TAIFEX:CCF1!,139.0,139.5,139.0,139.0,91.0
2026-07-22 00:15:00+08:00,TAIFEX:CCF1!,139.0,139.0,139.0,139.0,39.0
2026-07-22 00:20:00+08:00,TAIFEX:CCF1!,139.0,139.0,139.0,139.0,22.0
2026-07-22 00:25:00+08:00,TAIFEX:CCF1!,139.0,139.0,139.0,139.0,38.0
2026-07-22 00:30:00+08:00,TAIFEX:CCF1!,139.0,139.0,139.0,139.0,13.0
2026-07-22 00:35:00+08:00,TAIFEX:CCF1!,139.0,139.0,139.0,139.0,15.0
2026-07-22 00:40:00+08:00,TAIFEX:CCF1!,139.5,139.5,139.0,139.0,16.0
2026-07-22 00:45:00+08:00,TAIFEX:CCF1!,138.5,139.0,138.5,138.5,111.0
2026-07-22 00:50:00+08:00,TAIFEX:CCF1!,138.5,138.5,138.5,138.5,1.0
2026-07-22 00:55:00+08:00,TAIFEX:CCF1!,138.5,138.5,138.5,138.5,1.0
2026-07-22 01:00:00+08:00,TAIFEX:CCF1!,138.5,139.0,138.5,139.0,6.0
2026-07-22 01:05:00+08:00,TAIFEX:CCF1!,139.0,139.0,139.0,139.0,23.0
2026-07-22 01:10:00+08:00,TAIFEX:CCF1!,139.0,139.0,139.0,139.0,2.0
2026-07-22 01:15:00+08:00,TAIFEX:CCF1!,139.0,139.0,139.0,139.0,13.0
2026-07-22 01:20:00+08:00,TAIFEX:CCF1!,139.0,139.0,139.0,139.0,3.0
2026-07-22 01:25:00+08:00,TAIFEX:CCF1!,138.5,138.5,138.5,138.5,15.0
2026-07-22 01:35:00+08:00,TAIFEX:CCF1!,139.0,139.0,139.0,139.0,11.0
2026-07-22 01:40:00+08:00,TAIFEX:CCF1!,138.5,138.5,138.5,138.5,1.0
2026-07-22 01:45:00+08:00,TAIFEX:CCF1!,139.0,139.5,139.0,139.5,30.0
2026-07-22 01:50:00+08:00,TAIFEX:CCF1!,139.5,139.5,139.5,139.5,12.0
2026-07-22 01:55:00+08:00,TAIFEX:CCF1!,139.5,139.5,139.0,139.0,35.0
2026-07-22 02:00:00+08:00,TAIFEX:CCF1!,139.0,139.5,139.0,139.5,15.0
2026-07-22 02:05:00+08:00,TAIFEX:CCF1!,139.5,139.5,139.5,139.5,2.0
2026-07-22 02:10:00+08:00,TAIFEX:CCF1!,139.5,139.5,139.0,139.0,17.0
2026-07-22 02:20:00+08:00,TAIFEX:CCF1!,139.0,139.0,138.5,138.5,4.0
2026-07-22 02:25:00+08:00,TAIFEX:CCF1!,138.5,139.0,138.5,139.0,35.0
2026-07-22 02:30:00+08:00,TAIFEX:CCF1!,138.5,138.5,138.5,138.5,4.0
2026-07-22 02:35:00+08:00,TAIFEX:CCF1!,139.0,139.0,139.0,139.0,1.0
2026-07-22 02:55:00+08:00,TAIFEX:CCF1!,139.0,139.0,138.5,138.5,10.0
2026-07-22 03:05:00+08:00,TAIFEX:CCF1!,138.5,139.0,138.5,139.0,4.0
2026-07-22 03:10:00+08:00,TAIFEX:CCF1!,138.5,138.5,138.5,138.5,86.0
2026-07-22 03:15:00+08:00,TAIFEX:CCF1!,138.5,138.5,138.5,138.5,55.0
2026-07-22 03:20:00+08:00,TAIFEX:CCF1!,138.5,138.5,138.5,138.5,4.0
2026-07-22 03:25:00+08:00,TAIFEX:CCF1!,138.5,138.5,138.5,138.5,3.0
2026-07-22 03:35:00+08:00,TAIFEX:CCF1!,138.5,138.5,138.5,138.5,1.0
2026-07-22 03:45:00+08:00,TAIFEX:CCF1!,138.5,138.5,138.5,138.5,20.0
2026-07-22 03:50:00+08:00,TAIFEX:CCF1!,138.5,138.5,138.5,138.5,24.0
2026-07-22 03:55:00+08:00,TAIFEX:CCF1!,139.0,139.0,139.0,139.0,1.0
2026-07-22 04:00:00+08:00,TAIFEX:CCF1!,139.0,139.0,139.0,139.0,6.0
2026-07-22 04:05:00+08:00,TAIFEX:CCF1!,138.5,139.0,138.5,139.0,2.0
2026-07-22 04:10:00+08:00,TAIFEX:CCF1!,139.0,139.0,139.0,139.0,20.0
2026-07-22 04:15:00+08:00,TAIFEX:CCF1!,139.0,139.0,139.0,139.0,19.0
2026-07-22 04:20:00+08:00,TAIFEX:CCF1!,139.0,139.0,139.0,139.0,3.0
2026-07-22 04:25:00+08:00,TAIFEX:CCF1!,139.0,139.0,139.0,139.0,5.0
2026-07-22 04:30:00+08:00,TAIFEX:CCF1!,139.0,139.0,139.0,139.0,24.0
2026-07-22 04:35:00+08:00,TAIFEX:CCF1!,139.0,139.0,139.0,139.0,3.0
2026-07-22 04:40:00+08:00,TAIFEX:CCF1!,138.5,139.0,138.5,139.0,2.0
2026-07-22 04:45:00+08:00,TAIFEX:CCF1!,139.0,139.0,139.0,139.0,6.0
2026-07-22 04:50:00+08:00,TAIFEX:CCF1!,139.0,139.0,139.0,139.0,10.0
2026-07-22 04:55:00+08:00,TAIFEX:CCF1!,139.5,139.5,139.0,139.5,18.0
2026-07-22 08:45:00+08:00,TAIFEX:CCF1!,141.5,142.0,140.0,141.0,1053.0
2026-07-22 08:50:00+08:00,TAIFEX:CCF1!,141.0,141.5,140.5,141.0,357.0
2026-07-22 08:55:00+08:00,TAIFEX:CCF1!,141.0,141.5,140.5,141.0,179.0
2026-07-22 09:00:00+08:00,TAIFEX:CCF1!,141.5,144.5,141.0,144.0,5143.0
2026-07-22 09:05:00+08:00,TAIFEX:CCF1!,144.0,146.0,144.0,144.0,4571.0
2026-07-22 09:10:00+08:00,TAIFEX:CCF1!,144.0,144.5,143.5,143.5,1214.0
2026-07-22 09:15:00+08:00,TAIFEX:CCF1!,143.5,144.0,141.5,141.5,1304.0
2026-07-22 09:20:00+08:00,TAIFEX:CCF1!,141.5,142.0,139.0,139.0,2287.0
2026-07-22 09:25:00+08:00,TAIFEX:CCF1!,139.0,140.0,138.0,138.0,2399.0
2026-07-22 09:30:00+08:00,TAIFEX:CCF1!,138.0,143.0,138.0,142.0,2538.0
2026-07-22 09:35:00+08:00,TAIFEX:CCF1!,142.0,143.0,141.0,142.5,2527.0
2026-07-22 09:40:00+08:00,TAIFEX:CCF1!,142.5,142.5,140.5,142.0,663.0
2026-07-22 09:45:00+08:00,TAIFEX:CCF1!,141.5,144.5,141.5,144.0,2286.0
2026-07-22 09:50:00+08:00,TAIFEX:CCF1!,144.0,145.5,143.5,145.0,1998.0
2026-07-22 09:55:00+08:00,TAIFEX:CCF1!,145.0,145.0,142.0,142.0,928.0
2026-07-22 10:00:00+08:00,TAIFEX:CCF1!,142.0,142.5,141.5,142.5,481.0
2026-07-22 10:05:00+08:00,TAIFEX:CCF1!,142.5,142.5,142.0,142.0,78.0
2026-07-22 10:10:00+08:00,TAIFEX:CCF1!,142.5,144.0,142.5,143.0,1373.0
2026-07-22 10:15:00+08:00,TAIFEX:CCF1!,143.0,143.5,142.5,142.5,196.0
2026-07-22 10:20:00+08:00,TAIFEX:CCF1!,142.5,143.0,142.0,142.0,374.0
2026-07-22 10:25:00+08:00,TAIFEX:CCF1!,142.0,142.5,142.0,142.5,439.0
2026-07-22 10:30:00+08:00,TAIFEX:CCF1!,143.0,143.0,141.5,141.5,283.0
2026-07-22 10:35:00+08:00,TAIFEX:CCF1!,141.5,142.5,141.5,142.5,155.0
2026-07-22 10:40:00+08:00,TAIFEX:CCF1!,142.0,142.5,142.0,142.0,49.0
2026-07-22 10:45:00+08:00,TAIFEX:CCF1!,142.5,144.0,142.5,144.0,748.0
2026-07-22 10:50:00+08:00,TAIFEX:CCF1!,144.0,144.0,143.0,143.5,872.0
2026-07-22 10:55:00+08:00,TAIFEX:CCF1!,143.0,143.5,142.0,142.0,333.0
2026-07-22 11:00:00+08:00,TAIFEX:CCF1!,142.0,143.0,142.0,143.0,371.0
2026-07-22 11:05:00+08:00,TAIFEX:CCF1!,142.5,142.5,142.0,142.0,426.0
2026-07-22 11:10:00+08:00,TAIFEX:CCF1!,142.0,142.5,141.5,141.5,331.0
2026-07-22 11:15:00+08:00,TAIFEX:CCF1!,141.5,141.5,141.5,141.5,210.0
2026-07-22 11:20:00+08:00,TAIFEX:CCF1!,141.5,142.0,141.5,142.0,351.0
2026-07-22 11:25:00+08:00,TAIFEX:CCF1!,142.5,143.5,142.5,143.5,438.0
2026-07-22 11:30:00+08:00,TAIFEX:CCF1!,143.0,143.5,142.0,142.5,231.0
2026-07-22 11:35:00+08:00,TAIFEX:CCF1!,142.5,143.0,142.5,142.5,588.0
2026-07-22 11:40:00+08:00,TAIFEX:CCF1!,142.5,143.5,142.5,143.0,485.0
2026-07-22 11:45:00+08:00,TAIFEX:CCF1!,143.0,143.5,143.0,143.5,340.0
2026-07-22 11:50:00+08:00,TAIFEX:CCF1!,143.5,143.5,142.0,142.0,385.0
2026-07-22 11:55:00+08:00,TAIFEX:CCF1!,142.0,142.0,141.5,142.0,597.0
2026-07-22 12:00:00+08:00,TAIFEX:CCF1!,142.0,143.0,142.0,143.0,310.0
2026-07-22 12:05:00+08:00,TAIFEX:CCF1!,143.0,144.0,143.0,143.5,627.0
2026-07-22 12:10:00+08:00,TAIFEX:CCF1!,143.5,144.0,142.5,143.0,466.0
2026-07-22 12:15:00+08:00,TAIFEX:CCF1!,142.5,143.5,142.5,143.0,206.0
2026-07-22 12:20:00+08:00,TAIFEX:CCF1!,143.0,143.5,143.0,143.5,161.0
2026-07-22 12:25:00+08:00,TAIFEX:CCF1!,143.0,143.5,143.0,143.0,146.0
2026-07-22 12:30:00+08:00,TAIFEX:CCF1!,143.0,144.0,143.0,143.5,498.0
2026-07-22 12:35:00+08:00,TAIFEX:CCF1!,143.5,143.5,142.5,142.5,244.0
2026-07-22 12:40:00+08:00,TAIFEX:CCF1!,142.5,142.5,142.5,142.5,55.0
2026-07-22 12:45:00+08:00,TAIFEX:CCF1!,143.0,143.0,142.5,142.5,401.0
2026-07-22 12:50:00+08:00,TAIFEX:CCF1!,142.5,143.0,142.0,142.0,198.0
2026-07-22 12:55:00+08:00,TAIFEX:CCF1!,142.0,142.5,142.0,142.0,266.0
2026-07-22 13:00:00+08:00,TAIFEX:CCF1!,142.5,142.5,141.5,141.5,714.0
2026-07-22 13:05:00+08:00,TAIFEX:CCF1!,141.5,142.5,141.5,142.0,967.0
2026-07-22 13:10:00+08:00,TAIFEX:CCF1!,141.5,141.5,141.0,141.0,667.0
2026-07-22 13:15:00+08:00,TAIFEX:CCF1!,141.0,141.5,140.5,140.5,947.0
2026-07-22 13:20:00+08:00,TAIFEX:CCF1!,140.5,141.0,140.5,140.5,450.0
2026-07-22 13:25:00+08:00,TAIFEX:CCF1!,140.5,140.5,140.0,140.0,744.0
2026-07-22 13:30:00+08:00,TAIFEX:CCF1!,140.0,140.0,139.5,140.0,248.0
2026-07-22 13:35:00+08:00,TAIFEX:CCF1!,140.0,140.0,139.5,139.5,203.0
2026-07-22 13:40:00+08:00,TAIFEX:CCF1!,139.5,139.5,138.5,138.5,795.0
2026-07-22 17:25:00+08:00,TAIFEX:CCF1!,139.5,139.5,139.0,139.5,77.0
2026-07-22 17:30:00+08:00,TAIFEX:CCF1!,139.0,139.0,138.5,138.5,95.0
2026-07-22 17:35:00+08:00,TAIFEX:CCF1!,138.5,138.5,138.0,138.5,33.0
2026-07-22 17:40:00+08:00,TAIFEX:CCF1!,138.5,139.0,138.5,139.0,59.0
2026-07-22 17:45:00+08:00,TAIFEX:CCF1!,139.0,139.0,139.0,139.0,44.0
2026-07-22 17:50:00+08:00,TAIFEX:CCF1!,139.0,139.0,138.5,138.5,7.0
2026-07-22 17:55:00+08:00,TAIFEX:CCF1!,138.5,138.5,138.5,138.5,3.0
2026-07-22 18:00:00+08:00,TAIFEX:CCF1!,139.0,139.0,139.0,139.0,2.0
2026-07-22 18:05:00+08:00,TAIFEX:CCF1!,139.0,139.0,139.0,139.0,3.0
2026-07-22 18:10:00+08:00,TAIFEX:CCF1!,139.0,139.0,139.0,139.0,7.0
2026-07-22 18:15:00+08:00,TAIFEX:CCF1!,139.0,139.0,139.0,139.0,60.0
2026-07-22 18:20:00+08:00,TAIFEX:CCF1!,139.5,139.5,139.5,139.5,9.0
2026-07-22 18:25:00+08:00,TAIFEX:CCF1!,139.5,139.5,139.5,139.5,14.0
2026-07-22 18:30:00+08:00,TAIFEX:CCF1!,139.5,139.5,139.5,139.5,64.0
2026-07-22 18:35:00+08:00,TAIFEX:CCF1!,139.5,140.0,139.5,139.5,37.0
2026-07-22 18:40:00+08:00,TAIFEX:CCF1!,139.5,139.5,139.5,139.5,2.0
2026-07-22 18:45:00+08:00,TAIFEX:CCF1!,139.5,139.5,139.0,139.0,8.0
2026-07-22 18:50:00+08:00,TAIFEX:CCF1!,139.5,139.5,139.0,139.0,9.0
2026-07-22 18:55:00+08:00,TAIFEX:CCF1!,139.0,139.5,139.0,139.5,6.0
2026-07-22 19:00:00+08:00,TAIFEX:CCF1!,139.5,139.5,139.5,139.5,29.0
2026-07-22 19:05:00+08:00,TAIFEX:CCF1!,139.5,140.0,139.5,139.5,32.0
2026-07-22 19:10:00+08:00,TAIFEX:CCF1!,139.5,139.5,139.0,139.0,7.0
2026-07-22 19:15:00+08:00,TAIFEX:CCF1!,139.0,139.5,139.0,139.5,5.0
2026-07-22 19:20:00+08:00,TAIFEX:CCF1!,139.5,139.5,139.5,139.5,1.0
2026-07-22 19:30:00+08:00,TAIFEX:CCF1!,139.5,139.5,139.5,139.5,1.0
2026-07-22 19:40:00+08:00,TAIFEX:CCF1!,139.0,139.0,138.5,138.5,70.0
2026-07-22 19:45:00+08:00,TAIFEX:CCF1!,138.5,138.5,138.5,138.5,13.0
2026-07-22 19:55:00+08:00,TAIFEX:CCF1!,138.5,138.5,138.5,138.5,12.0
2026-07-22 20:00:00+08:00,TAIFEX:CCF1!,138.5,139.0,138.0,138.0,43.0
2026-07-22 20:05:00+08:00,TAIFEX:CCF1!,138.0,138.5,138.0,138.5,12.0
2026-07-22 20:10:00+08:00,TAIFEX:CCF1!,138.5,138.5,138.5,138.5,13.0
2026-07-22 20:15:00+08:00,TAIFEX:CCF1!,138.5,138.5,138.0,138.0,24.0
2026-07-22 20:20:00+08:00,TAIFEX:CCF1!,138.5,138.5,138.0,138.0,23.0
2026-07-22 20:25:00+08:00,TAIFEX:CCF1!,138.0,138.0,138.0,138.0,63.0
2026-07-22 20:30:00+08:00,TAIFEX:CCF1!,138.5,139.0,138.5,139.0,45.0
2026-07-22 20:35:00+08:00,TAIFEX:CCF1!,139.0,139.0,138.5,138.5,19.0
2026-07-22 20:40:00+08:00,TAIFEX:CCF1!,138.5,138.5,138.5,138.5,9.0
2026-07-22 20:45:00+08:00,TAIFEX:CCF1!,138.5,138.5,138.5,138.5,13.0
2026-07-22 20:50:00+08:00,TAIFEX:CCF1!,138.5,138.5,138.5,138.5,26.0
2026-07-22 20:55:00+08:00,TAIFEX:CCF1!,138.5,138.5,138.5,138.5,3.0
2026-07-22 21:00:00+08:00,TAIFEX:CCF1!,138.5,138.5,138.5,138.5,15.0
2026-07-22 21:15:00+08:00,TAIFEX:CCF1!,138.5,138.5,138.5,138.5,2.0
2026-07-22 21:20:00+08:00,TAIFEX:CCF1!,139.0,139.5,139.0,139.5,106.0
2026-07-22 21:25:00+08:00,TAIFEX:CCF1!,139.5,139.5,139.0,139.0,95.0
2026-07-22 21:30:00+08:00,TAIFEX:CCF1!,139.0,139.5,139.0,139.0,70.0
2026-07-22 21:35:00+08:00,TAIFEX:CCF1!,139.0,139.5,139.0,139.0,47.0
2026-07-22 21:40:00+08:00,TAIFEX:CCF1!,139.0,140.0,139.0,140.0,195.0
2026-07-22 21:45:00+08:00,TAIFEX:CCF1!,139.5,140.0,138.5,139.0,125.0
2026-07-22 21:50:00+08:00,TAIFEX:CCF1!,139.0,139.5,139.0,139.5,36.0
2026-07-22 21:55:00+08:00,TAIFEX:CCF1!,140.0,140.0,139.5,140.0,203.0
2026-07-22 22:00:00+08:00,TAIFEX:CCF1!,140.0,140.0,139.5,139.5,68.0
2026-07-22 22:05:00+08:00,TAIFEX:CCF1!,139.5,139.5,139.5,139.5,22.0
2026-07-22 22:10:00+08:00,TAIFEX:CCF1!,139.5,139.5,139.5,139.5,10.0
2026-07-22 22:15:00+08:00,TAIFEX:CCF1!,139.5,139.5,139.0,139.5,120.0
2026-07-22 22:20:00+08:00,TAIFEX:CCF1!,139.5,140.0,139.5,139.5,114.0
2026-07-22 22:25:00+08:00,TAIFEX:CCF1!,140.0,140.0,139.5,139.5,13.0
2026-07-22 22:30:00+08:00,TAIFEX:CCF1!,140.0,141.0,140.0,140.5,387.0
2026-07-22 22:35:00+08:00,TAIFEX:CCF1!,140.5,140.5,140.5,140.5,99.0
2026-07-22 22:40:00+08:00,TAIFEX:CCF1!,140.5,140.5,140.0,140.0,60.0
2026-07-22 22:45:00+08:00,TAIFEX:CCF1!,140.0,140.5,140.0,140.5,47.0
2026-07-22 22:50:00+08:00,TAIFEX:CCF1!,140.5,140.5,140.5,140.5,38.0
2026-07-22 22:55:00+08:00,TAIFEX:CCF1!,140.0,140.0,140.0,140.0,32.0
2026-07-22 23:00:00+08:00,TAIFEX:CCF1!,140.5,141.5,140.5,141.5,115.0
2026-07-22 23:05:00+08:00,TAIFEX:CCF1!,141.5,142.0,141.5,141.5,313.0
2026-07-22 23:10:00+08:00,TAIFEX:CCF1!,142.0,142.0,141.5,141.5,64.0
2026-07-22 23:15:00+08:00,TAIFEX:CCF1!,142.0,142.0,141.5,142.0,99.0
2026-07-22 23:20:00+08:00,TAIFEX:CCF1!,142.0,142.0,142.0,142.0,90.0
2026-07-22 23:25:00+08:00,TAIFEX:CCF1!,142.0,142.5,142.0,142.0,75.0
2026-07-22 23:30:00+08:00,TAIFEX:CCF1!,142.0,142.0,141.0,141.0,60.0
2026-07-22 23:35:00+08:00,TAIFEX:CCF1!,141.5,142.0,141.0,141.5,34.0
2026-07-22 23:40:00+08:00,TAIFEX:CCF1!,141.5,142.0,141.5,141.5,112.0
2026-07-22 23:45:00+08:00,TAIFEX:CCF1!,141.5,141.5,141.0,141.0,32.0
2026-07-22 23:50:00+08:00,TAIFEX:CCF1!,141.5,141.5,141.5,141.5,71.0
2026-07-22 23:55:00+08:00,TAIFEX:CCF1!,141.5,141.5,141.5,141.5,18.0
2026-07-23 00:00:00+08:00,TAIFEX:CCF1!,141.5,141.5,141.5,141.5,91.0
2026-07-23 00:05:00+08:00,TAIFEX:CCF1!,141.5,142.0,141.5,141.5,45.0
2026-07-23 00:10:00+08:00,TAIFEX:CCF1!,141.5,141.5,141.5,141.5,1.0
2026-07-23 00:15:00+08:00,TAIFEX:CCF1!,142.0,142.0,141.5,141.5,11.0
2026-07-23 00:20:00+08:00,TAIFEX:CCF1!,141.5,141.5,141.5,141.5,18.0
2026-07-23 00:25:00+08:00,TAIFEX:CCF1!,141.0,141.5,141.0,141.0,9.0
2026-07-23 00:30:00+08:00,TAIFEX:CCF1!,141.0,141.5,141.0,141.5,47.0
2026-07-23 00:35:00+08:00,TAIFEX:CCF1!,141.5,141.5,141.5,141.5,29.0
2026-07-23 00:40:00+08:00,TAIFEX:CCF1!,141.5,141.5,141.0,141.5,9.0
2026-07-23 00:55:00+08:00,TAIFEX:CCF1!,141.5,141.5,141.5,141.5,51.0
2026-07-23 01:00:00+08:00,TAIFEX:CCF1!,141.5,141.5,141.5,141.5,138.0
2026-07-23 01:05:00+08:00,TAIFEX:CCF1!,141.0,141.5,141.0,141.5,50.0
2026-07-23 01:10:00+08:00,TAIFEX:CCF1!,141.5,141.5,141.5,141.5,2.0
2026-07-23 01:15:00+08:00,TAIFEX:CCF1!,141.5,141.5,141.5,141.5,1.0
2026-07-23 01:20:00+08:00,TAIFEX:CCF1!,141.5,141.5,141.5,141.5,5.0
2026-07-23 01:25:00+08:00,TAIFEX:CCF1!,141.5,141.5,141.5,141.5,5.0
2026-07-23 01:30:00+08:00,TAIFEX:CCF1!,141.5,141.5,141.5,141.5,110.0
2026-07-23 01:35:00+08:00,TAIFEX:CCF1!,141.5,141.5,141.5,141.5,120.0
2026-07-23 01:40:00+08:00,TAIFEX:CCF1!,141.0,141.5,141.0,141.5,32.0
2026-07-23 01:45:00+08:00,TAIFEX:CCF1!,141.0,141.5,141.0,141.5,31.0
2026-07-23 01:50:00+08:00,TAIFEX:CCF1!,141.0,141.0,140.5,140.5,77.0
2026-07-23 01:55:00+08:00,TAIFEX:CCF1!,140.5,140.5,140.5,140.5,38.0
2026-07-23 02:00:00+08:00,TAIFEX:CCF1!,140.5,140.5,140.5,140.5,54.0
2026-07-23 02:05:00+08:00,TAIFEX:CCF1!,140.5,141.0,140.5,141.0,5.0
2026-07-23 02:15:00+08:00,TAIFEX:CCF1!,141.0,141.0,141.0,141.0,2.0
2026-07-23 02:20:00+08:00,TAIFEX:CCF1!,141.0,141.0,141.0,141.0,1.0
2026-07-23 02:25:00+08:00,TAIFEX:CCF1!,140.5,140.5,140.5,140.5,1.0
2026-07-23 02:30:00+08:00,TAIFEX:CCF1!,140.5,140.5,140.5,140.5,39.0
2026-07-23 02:35:00+08:00,TAIFEX:CCF1!,140.5,140.5,140.5,140.5,4.0
2026-07-23 02:50:00+08:00,TAIFEX:CCF1!,140.0,140.5,140.0,140.5,27.0
2026-07-23 02:55:00+08:00,TAIFEX:CCF1!,141.0,141.0,141.0,141.0,5.0
2026-07-23 03:00:00+08:00,TAIFEX:CCF1!,140.5,140.5,140.5,140.5,2.0
2026-07-23 03:05:00+08:00,TAIFEX:CCF1!,141.0,141.0,141.0,141.0,2.0
2026-07-23 03:10:00+08:00,TAIFEX:CCF1!,140.5,140.5,140.5,140.5,3.0
2026-07-23 03:15:00+08:00,TAIFEX:CCF1!,141.0,141.0,141.0,141.0,2.0
2026-07-23 03:20:00+08:00,TAIFEX:CCF1!,141.0,141.0,141.0,141.0,28.0
2026-07-23 03:25:00+08:00,TAIFEX:CCF1!,141.0,141.0,141.0,141.0,15.0
2026-07-23 03:40:00+08:00,TAIFEX:CCF1!,141.0,141.0,141.0,141.0,82.0
2026-07-23 03:45:00+08:00,TAIFEX:CCF1!,141.0,141.0,141.0,141.0,32.0
2026-07-23 03:55:00+08:00,TAIFEX:CCF1!,141.0,141.0,140.5,141.0,31.0
2026-07-23 04:00:00+08:00,TAIFEX:CCF1!,140.5,140.5,140.5,140.5,59.0
2026-07-23 04:05:00+08:00,TAIFEX:CCF1!,140.5,140.5,140.5,140.5,18.0
2026-07-23 04:10:00+08:00,TAIFEX:CCF1!,140.5,141.0,140.5,141.0,7.0
2026-07-23 04:15:00+08:00,TAIFEX:CCF1!,141.5,141.5,141.0,141.0,6.0
2026-07-23 04:20:00+08:00,TAIFEX:CCF1!,141.5,141.5,141.5,141.5,16.0
2026-07-23 04:25:00+08:00,TAIFEX:CCF1!,141.5,141.5,141.5,141.5,2.0
2026-07-23 04:30:00+08:00,TAIFEX:CCF1!,141.5,141.5,141.5,141.5,1.0
2026-07-23 04:35:00+08:00,TAIFEX:CCF1!,141.0,141.0,141.0,141.0,6.0
2026-07-23 04:50:00+08:00,TAIFEX:CCF1!,141.0,141.5,141.0,141.5,10.0
2026-07-23 04:55:00+08:00,TAIFEX:CCF1!,141.5,142.0,141.5,141.5,8.0
2026-07-23 08:45:00+08:00,TAIFEX:CCF1!,141.5,142.5,141.0,142.5,242.0
2026-07-23 08:50:00+08:00,TAIFEX:CCF1!,142.0,142.5,142.0,142.0,83.0
2026-07-23 08:55:00+08:00,TAIFEX:CCF1!,142.5,142.5,141.5,141.5,190.0
2026-07-23 09:00:00+08:00,TAIFEX:CCF1!,141.5,143.0,140.0,140.5,1318.0
2026-07-23 09:05:00+08:00,TAIFEX:CCF1!,140.0,140.5,138.5,139.5,1444.0
2026-07-23 09:10:00+08:00,TAIFEX:CCF1!,140.0,141.0,139.5,140.0,1182.0
2026-07-23 09:15:00+08:00,TAIFEX:CCF1!,140.0,142.0,140.0,142.0,1207.0
2026-07-23 09:20:00+08:00,TAIFEX:CCF1!,142.0,144.0,141.5,142.5,2311.0
2026-07-23 09:25:00+08:00,TAIFEX:CCF1!,143.0,143.0,142.5,142.5,812.0
2026-07-23 09:30:00+08:00,TAIFEX:CCF1!,142.0,142.0,141.5,141.5,442.0
2026-07-23 09:35:00+08:00,TAIFEX:CCF1!,141.5,141.5,140.5,141.0,671.0
2026-07-23 09:40:00+08:00,TAIFEX:CCF1!,140.5,141.0,140.5,140.5,259.0
2026-07-23 09:45:00+08:00,TAIFEX:CCF1!,140.0,140.5,140.0,140.0,180.0
2026-07-23 09:50:00+08:00,TAIFEX:CCF1!,140.0,141.0,139.0,139.5,1268.0
2026-07-23 09:55:00+08:00,TAIFEX:CCF1!,139.5,140.5,139.0,139.0,919.0
2026-07-23 10:00:00+08:00,TAIFEX:CCF1!,139.0,140.5,139.0,140.5,371.0
2026-07-23 10:05:00+08:00,TAIFEX:CCF1!,140.5,141.0,140.0,140.0,430.0
2026-07-23 10:10:00+08:00,TAIFEX:CCF1!,139.5,139.5,139.0,139.0,370.0
2026-07-23 10:15:00+08:00,TAIFEX:CCF1!,139.0,139.0,138.0,138.5,819.0
2026-07-23 10:20:00+08:00,TAIFEX:CCF1!,138.5,139.0,137.0,137.5,1428.0
2026-07-23 10:25:00+08:00,TAIFEX:CCF1!,137.0,139.0,136.5,139.0,2128.0
2026-07-23 10:30:00+08:00,TAIFEX:CCF1!,139.0,140.0,139.0,139.5,809.0
2026-07-23 10:35:00+08:00,TAIFEX:CCF1!,139.5,139.5,138.5,138.5,527.0
2026-07-23 10:40:00+08:00,TAIFEX:CCF1!,138.5,139.0,138.0,138.5,189.0
2026-07-23 10:45:00+08:00,TAIFEX:CCF1!,138.5,140.0,138.5,139.5,746.0
2026-07-23 10:50:00+08:00,TAIFEX:CCF1!,139.5,141.0,139.5,140.0,998.0
2026-07-23 10:55:00+08:00,TAIFEX:CCF1!,139.5,140.0,139.5,140.0,628.0
2026-07-23 11:00:00+08:00,TAIFEX:CCF1!,140.0,140.0,139.5,139.5,82.0
2026-07-23 11:05:00+08:00,TAIFEX:CCF1!,139.5,139.5,139.0,139.0,236.0
2026-07-23 11:10:00+08:00,TAIFEX:CCF1!,139.0,139.5,138.5,139.5,362.0
2026-07-23 11:15:00+08:00,TAIFEX:CCF1!,139.5,139.5,138.5,139.0,385.0
2026-07-23 11:20:00+08:00,TAIFEX:CCF1!,139.0,139.5,139.0,139.0,169.0
2026-07-23 11:25:00+08:00,TAIFEX:CCF1!,139.0,140.0,139.0,140.0,214.0
2026-07-23 11:30:00+08:00,TAIFEX:CCF1!,140.0,140.0,139.5,139.5,577.0
2026-07-23 11:35:00+08:00,TAIFEX:CCF1!,139.5,139.5,139.0,139.0,8.0
2026-07-23 11:40:00+08:00,TAIFEX:CCF1!,139.0,140.0,139.0,140.0,285.0
2026-07-23 11:45:00+08:00,TAIFEX:CCF1!,140.0,140.0,139.5,139.5,600.0
2026-07-23 11:50:00+08:00,TAIFEX:CCF1!,139.5,140.0,139.5,139.5,51.0
2026-07-23 11:55:00+08:00,TAIFEX:CCF1!,139.5,139.5,139.0,139.5,199.0
2026-07-23 12:00:00+08:00,TAIFEX:CCF1!,139.0,139.0,139.0,139.0,938.0
2026-07-23 12:05:00+08:00,TAIFEX:CCF1!,138.5,139.5,138.5,139.0,883.0
2026-07-23 12:10:00+08:00,TAIFEX:CCF1!,138.5,140.0,138.5,139.5,397.0
2026-07-23 12:15:00+08:00,TAIFEX:CCF1!,139.5,139.5,138.5,138.5,107.0
2026-07-23 12:20:00+08:00,TAIFEX:CCF1!,138.5,139.0,138.5,139.0,213.0
2026-07-23 12:25:00+08:00,TAIFEX:CCF1!,139.0,139.5,139.0,139.5,557.0
2026-07-23 12:30:00+08:00,TAIFEX:CCF1!,139.5,140.5,139.5,140.5,405.0
2026-07-23 12:35:00+08:00,TAIFEX:CCF1!,140.5,140.5,140.0,140.0,388.0
2026-07-23 12:40:00+08:00,TAIFEX:CCF1!,139.5,140.0,139.5,139.5,609.0
2026-07-23 12:45:00+08:00,TAIFEX:CCF1!,139.5,140.0,139.0,139.5,394.0
2026-07-23 12:50:00+08:00,TAIFEX:CCF1!,139.5,139.5,139.0,139.5,198.0
2026-07-23 12:55:00+08:00,TAIFEX:CCF1!,139.5,139.5,139.5,139.5,12.0
2026-07-23 13:00:00+08:00,TAIFEX:CCF1!,139.0,139.0,138.5,139.0,492.0
2026-07-23 13:05:00+08:00,TAIFEX:CCF1!,139.0,139.0,138.5,138.5,219.0
2026-07-23 13:10:00+08:00,TAIFEX:CCF1!,139.0,139.0,138.5,138.5,192.0
2026-07-23 13:15:00+08:00,TAIFEX:CCF1!,138.5,139.5,138.5,139.0,636.0
2026-07-23 13:20:00+08:00,TAIFEX:CCF1!,139.0,140.0,139.0,139.5,314.0
2026-07-23 13:25:00+08:00,TAIFEX:CCF1!,139.5,140.0,139.5,139.5,363.0
2026-07-23 13:30:00+08:00,TAIFEX:CCF1!,140.0,141.0,140.0,141.0,591.0
2026-07-23 13:35:00+08:00,TAIFEX:CCF1!,140.5,141.5,140.5,141.0,288.0
2026-07-23 13:40:00+08:00,TAIFEX:CCF1!,141.0,141.5,140.5,141.0,130.0
2026-07-23 17:25:00+08:00,TAIFEX:CCF1!,140.5,140.5,140.0,140.0,105.0
2026-07-23 17:30:00+08:00,TAIFEX:CCF1!,140.0,140.0,140.0,140.0,29.0
2026-07-23 17:35:00+08:00,TAIFEX:CCF1!,140.0,140.0,140.0,140.0,21.0
2026-07-23 17:40:00+08:00,TAIFEX:CCF1!,140.0,140.0,140.0,140.0,46.0
2026-07-23 17:50:00+08:00,TAIFEX:CCF1!,140.0,140.0,140.0,140.0,28.0
2026-07-23 17:55:00+08:00,TAIFEX:CCF1!,140.0,140.0,139.5,139.5,32.0
2026-07-23 18:00:00+08:00,TAIFEX:CCF1!,139.5,140.0,139.5,139.5,4.0
2026-07-23 18:05:00+08:00,TAIFEX:CCF1!,139.5,139.5,139.5,139.5,2.0
2026-07-23 18:10:00+08:00,TAIFEX:CCF1!,139.5,139.5,139.5,139.5,51.0
2026-07-23 18:15:00+08:00,TAIFEX:CCF1!,139.5,139.5,139.5,139.5,8.0
2026-07-23 18:20:00+08:00,TAIFEX:CCF1!,139.5,139.5,139.5,139.5,10.0
2026-07-23 18:25:00+08:00,TAIFEX:CCF1!,139.5,139.5,139.5,139.5,16.0
2026-07-23 18:30:00+08:00,TAIFEX:CCF1!,139.5,140.0,139.5,140.0,16.0
2026-07-23 18:35:00+08:00,TAIFEX:CCF1!,140.0,140.0,140.0,140.0,1.0
2026-07-23 18:50:00+08:00,TAIFEX:CCF1!,140.0,140.0,139.5,139.5,2.0
2026-07-23 19:05:00+08:00,TAIFEX:CCF1!,139.5,139.5,139.5,139.5,1.0
2026-07-23 19:15:00+08:00,TAIFEX:CCF1!,140.0,140.0,140.0,140.0,1.0
2026-07-23 19:20:00+08:00,TAIFEX:CCF1!,139.5,139.5,139.5,139.5,1.0
2026-07-23 19:25:00+08:00,TAIFEX:CCF1!,139.5,139.5,139.5,139.5,78.0
2026-07-23 19:30:00+08:00,TAIFEX:CCF1!,139.5,139.5,139.0,139.0,4.0
2026-07-23 19:35:00+08:00,TAIFEX:CCF1!,139.0,139.0,138.5,139.0,114.0
2026-07-23 19:40:00+08:00,TAIFEX:CCF1!,138.5,139.0,138.5,138.5,66.0
2026-07-23 19:45:00+08:00,TAIFEX:CCF1!,138.5,139.0,138.5,139.0,35.0
2026-07-23 19:50:00+08:00,TAIFEX:CCF1!,139.0,139.0,139.0,139.0,1.0
2026-07-23 19:55:00+08:00,TAIFEX:CCF1!,139.0,139.5,139.0,139.5,6.0
2026-07-23 20:00:00+08:00,TAIFEX:CCF1!,139.5,139.5,139.0,139.0,30.0
2026-07-23 20:05:00+08:00,TAIFEX:CCF1!,139.0,139.0,139.0,139.0,14.0
2026-07-23 20:10:00+08:00,TAIFEX:CCF1!,138.5,138.5,138.0,138.0,138.0
2026-07-23 20:15:00+08:00,TAIFEX:CCF1!,138.0,138.5,138.0,138.0,14.0
2026-07-23 20:20:00+08:00,TAIFEX:CCF1!,138.0,138.5,138.0,138.5,28.0
2026-07-23 20:25:00+08:00,TAIFEX:CCF1!,138.0,138.0,137.5,138.0,66.0
2026-07-23 20:30:00+08:00,TAIFEX:CCF1!,138.0,138.0,138.0,138.0,30.0
2026-07-23 20:35:00+08:00,TAIFEX:CCF1!,138.0,138.0,136.0,136.5,311.0
2026-07-23 20:40:00+08:00,TAIFEX:CCF1!,136.5,137.0,136.0,136.0,113.0
2026-07-23 20:45:00+08:00,TAIFEX:CCF1!,136.5,136.5,135.0,136.0,196.0
2026-07-23 20:50:00+08:00,TAIFEX:CCF1!,136.0,136.5,136.0,136.0,54.0
2026-07-23 20:55:00+08:00,TAIFEX:CCF1!,136.5,136.5,136.0,136.0,8.0
2026-07-23 21:00:00+08:00,TAIFEX:CCF1!,136.0,136.5,135.5,135.5,150.0
2026-07-23 21:05:00+08:00,TAIFEX:CCF1!,135.5,136.0,135.5,135.5,59.0
2026-07-23 21:10:00+08:00,TAIFEX:CCF1!,135.5,135.5,134.5,134.5,248.0
2026-07-23 21:15:00+08:00,TAIFEX:CCF1!,134.5,135.0,134.5,134.5,71.0
2026-07-23 21:20:00+08:00,TAIFEX:CCF1!,135.0,135.0,135.0,135.0,31.0
2026-07-23 21:25:00+08:00,TAIFEX:CCF1!,135.5,135.5,134.5,135.5,87.0
2026-07-23 21:30:00+08:00,TAIFEX:CCF1!,135.5,137.0,135.5,136.0,310.0
2026-07-23 21:35:00+08:00,TAIFEX:CCF1!,136.5,137.0,136.5,136.5,154.0
2026-07-23 21:40:00+08:00,TAIFEX:CCF1!,136.5,138.0,136.5,137.5,395.0
2026-07-23 21:45:00+08:00,TAIFEX:CCF1!,137.5,137.5,136.5,136.5,189.0
2026-07-23 21:50:00+08:00,TAIFEX:CCF1!,136.5,137.5,136.0,137.5,125.0
2026-07-23 21:55:00+08:00,TAIFEX:CCF1!,137.5,137.5,136.5,136.5,140.0
2026-07-23 22:00:00+08:00,TAIFEX:CCF1!,136.5,137.5,136.5,137.5,71.0
2026-07-23 22:05:00+08:00,TAIFEX:CCF1!,137.0,138.0,137.0,137.0,130.0
2026-07-23 22:10:00+08:00,TAIFEX:CCF1!,137.0,137.5,137.0,137.0,83.0
2026-07-23 22:15:00+08:00,TAIFEX:CCF1!,137.0,137.0,137.0,137.0,33.0
2026-07-23 22:20:00+08:00,TAIFEX:CCF1!,137.5,137.5,137.0,137.0,190.0
2026-07-23 22:25:00+08:00,TAIFEX:CCF1!,137.0,137.0,137.0,137.0,8.0
2026-07-23 22:30:00+08:00,TAIFEX:CCF1!,137.0,137.0,136.5,136.5,22.0
2026-07-23 22:35:00+08:00,TAIFEX:CCF1!,136.5,137.5,136.5,137.5,71.0
2026-07-23 22:40:00+08:00,TAIFEX:CCF1!,137.5,137.5,136.5,136.5,46.0
2026-07-23 22:45:00+08:00,TAIFEX:CCF1!,136.5,136.5,136.5,136.5,2.0
2026-07-23 22:50:00+08:00,TAIFEX:CCF1!,136.5,136.5,136.0,136.0,66.0
2026-07-23 22:55:00+08:00,TAIFEX:CCF1!,136.0,136.5,135.5,136.0,84.0
2026-07-23 23:00:00+08:00,TAIFEX:CCF1!,136.0,136.5,136.0,136.5,97.0
2026-07-23 23:05:00+08:00,TAIFEX:CCF1!,136.0,136.0,136.0,136.0,102.0
2026-07-23 23:10:00+08:00,TAIFEX:CCF1!,136.5,136.5,135.5,135.5,177.0
2026-07-23 23:15:00+08:00,TAIFEX:CCF1!,135.5,136.0,135.0,135.5,253.0
2026-07-23 23:20:00+08:00,TAIFEX:CCF1!,135.5,135.5,134.5,135.0,130.0
2026-07-23 23:25:00+08:00,TAIFEX:CCF1!,134.5,134.5,134.0,134.5,184.0
2026-07-23 23:30:00+08:00,TAIFEX:CCF1!,134.5,135.0,134.5,135.0,67.0
2026-07-23 23:35:00+08:00,TAIFEX:CCF1!,135.0,135.5,135.0,135.5,69.0
2026-07-23 23:40:00+08:00,TAIFEX:CCF1!,135.5,135.5,135.0,135.5,10.0
2026-07-23 23:45:00+08:00,TAIFEX:CCF1!,135.0,135.5,135.0,135.5,14.0
2026-07-23 23:50:00+08:00,TAIFEX:CCF1!,135.5,136.0,135.5,136.0,47.0
2026-07-23 23:55:00+08:00,TAIFEX:CCF1!,136.0,136.0,135.5,135.5,9.0
2026-07-24 00:00:00+08:00,TAIFEX:CCF1!,135.5,136.5,135.5,136.5,103.0
2026-07-24 00:05:00+08:00,TAIFEX:CCF1!,136.5,136.5,136.0,136.5,74.0
2026-07-24 00:10:00+08:00,TAIFEX:CCF1!,136.5,136.5,136.5,136.5,21.0
2026-07-24 00:15:00+08:00,TAIFEX:CCF1!,136.5,136.5,136.0,136.0,32.0
2026-07-24 00:20:00+08:00,TAIFEX:CCF1!,136.0,137.0,136.0,137.0,108.0
2026-07-24 00:25:00+08:00,TAIFEX:CCF1!,137.0,137.0,137.0,137.0,2.0
2026-07-24 00:30:00+08:00,TAIFEX:CCF1!,136.5,137.0,136.5,137.0,16.0
2026-07-24 00:35:00+08:00,TAIFEX:CCF1!,137.0,137.5,137.0,137.5,80.0
2026-07-24 00:40:00+08:00,TAIFEX:CCF1!,137.0,137.0,137.0,137.0,28.0
2026-07-24 00:45:00+08:00,TAIFEX:CCF1!,137.0,137.0,136.0,136.5,46.0
2026-07-24 00:50:00+08:00,TAIFEX:CCF1!,136.5,136.5,136.5,136.5,67.0
2026-07-24 00:55:00+08:00,TAIFEX:CCF1!,136.5,136.5,136.5,136.5,7.0
2026-07-24 01:00:00+08:00,TAIFEX:CCF1!,136.5,137.0,136.0,137.0,23.0
2026-07-24 01:05:00+08:00,TAIFEX:CCF1!,136.5,136.5,136.5,136.5,60.0
2026-07-24 01:10:00+08:00,TAIFEX:CCF1!,136.5,136.5,136.5,136.5,29.0
2026-07-24 01:15:00+08:00,TAIFEX:CCF1!,136.5,136.5,136.5,136.5,1.0
2026-07-24 01:20:00+08:00,TAIFEX:CCF1!,137.0,137.0,136.5,136.5,16.0
2026-07-24 01:25:00+08:00,TAIFEX:CCF1!,136.5,136.5,136.5,136.5,1.0
2026-07-24 01:30:00+08:00,TAIFEX:CCF1!,136.5,136.5,136.5,136.5,3.0
2026-07-24 01:35:00+08:00,TAIFEX:CCF1!,136.5,136.5,136.0,136.0,21.0
2026-07-24 01:40:00+08:00,TAIFEX:CCF1!,136.0,136.0,136.0,136.0,51.0
2026-07-24 01:45:00+08:00,TAIFEX:CCF1!,136.5,136.5,136.5,136.5,6.0
2026-07-24 01:55:00+08:00,TAIFEX:CCF1!,136.0,136.0,136.0,136.0,5.0
2026-07-24 02:00:00+08:00,TAIFEX:CCF1!,136.0,136.0,136.0,136.0,3.0
2026-07-24 02:05:00+08:00,TAIFEX:CCF1!,136.0,136.0,136.0,136.0,22.0
2026-07-24 02:10:00+08:00,TAIFEX:CCF1!,136.5,136.5,136.5,136.5,1.0
2026-07-24 02:20:00+08:00,TAIFEX:CCF1!,136.5,136.5,136.5,136.5,1.0
2026-07-24 02:35:00+08:00,TAIFEX:CCF1!,136.5,136.5,136.5,136.5,42.0
2026-07-24 02:40:00+08:00,TAIFEX:CCF1!,136.5,136.5,136.5,136.5,6.0
2026-07-24 02:55:00+08:00,TAIFEX:CCF1!,136.0,136.0,136.0,136.0,1.0
2026-07-24 03:00:00+08:00,TAIFEX:CCF1!,136.5,136.5,136.0,136.0,23.0
2026-07-24 03:05:00+08:00,TAIFEX:CCF1!,136.0,136.0,136.0,136.0,15.0
2026-07-24 03:15:00+08:00,TAIFEX:CCF1!,135.5,136.0,135.5,136.0,19.0
2026-07-24 03:20:00+08:00,TAIFEX:CCF1!,136.0,136.0,136.0,136.0,25.0
2026-07-24 03:25:00+08:00,TAIFEX:CCF1!,136.5,136.5,136.5,136.5,15.0
2026-07-24 03:30:00+08:00,TAIFEX:CCF1!,136.5,136.5,136.5,136.5,23.0
2026-07-24 03:35:00+08:00,TAIFEX:CCF1!,136.5,136.5,136.5,136.5,10.0
2026-07-24 03:40:00+08:00,TAIFEX:CCF1!,136.0,136.0,136.0,136.0,5.0
2026-07-24 03:45:00+08:00,TAIFEX:CCF1!,136.0,136.0,136.0,136.0,5.0
2026-07-24 03:50:00+08:00,TAIFEX:CCF1!,136.0,136.0,136.0,136.0,1.0
2026-07-24 03:55:00+08:00,TAIFEX:CCF1!,136.5,136.5,136.5,136.5,15.0
2026-07-24 04:00:00+08:00,TAIFEX:CCF1!,136.5,137.5,136.5,137.5,197.0
2026-07-24 04:05:00+08:00,TAIFEX:CCF1!,137.5,138.5,137.5,138.5,242.0
2026-07-24 04:10:00+08:00,TAIFEX:CCF1!,138.5,138.5,138.5,138.5,74.0
2026-07-24 04:15:00+08:00,TAIFEX:CCF1!,138.5,139.0,138.5,139.0,176.0
2026-07-24 04:20:00+08:00,TAIFEX:CCF1!,139.5,139.5,139.5,139.5,32.0
2026-07-24 04:25:00+08:00,TAIFEX:CCF1!,139.5,139.5,139.0,139.0,63.0
2026-07-24 04:30:00+08:00,TAIFEX:CCF1!,139.0,139.0,139.0,139.0,20.0
2026-07-24 04:35:00+08:00,TAIFEX:CCF1!,139.0,139.0,139.0,139.0,14.0
2026-07-24 04:40:00+08:00,TAIFEX:CCF1!,139.0,139.0,139.0,139.0,20.0
2026-07-24 04:45:00+08:00,TAIFEX:CCF1!,139.0,139.0,138.5,138.5,7.0
2026-07-24 04:50:00+08:00,TAIFEX:CCF1!,138.5,139.0,138.5,139.0,18.0
2026-07-24 04:55:00+08:00,TAIFEX:CCF1!,138.5,139.5,138.5,138.5,61.0
2026-07-24 08:45:00+08:00,TAIFEX:CCF1!,136.5,138.0,136.5,136.5,330.0
2026-07-24 08:50:00+08:00,TAIFEX:CCF1!,136.5,137.0,135.5,135.5,293.0
2026-07-24 08:55:00+08:00,TAIFEX:CCF1!,135.5,137.0,134.5,135.5,910.0
2026-07-24 09:00:00+08:00,TAIFEX:CCF1!,136.0,136.5,134.0,136.5,1807.0
2026-07-24 09:05:00+08:00,TAIFEX:CCF1!,136.5,138.0,136.0,137.5,1155.0
2026-07-24 09:10:00+08:00,TAIFEX:CCF1!,137.0,137.0,135.5,135.5,2110.0
2026-07-24 09:15:00+08:00,TAIFEX:CCF1!,135.5,137.0,135.5,136.0,704.0
2026-07-24 09:20:00+08:00,TAIFEX:CCF1!,135.5,136.5,135.5,136.5,201.0
2026-07-24 09:25:00+08:00,TAIFEX:CCF1!,136.5,137.5,136.5,137.5,552.0
2026-07-24 09:30:00+08:00,TAIFEX:CCF1!,137.5,139.0,137.0,138.0,901.0
2026-07-24 09:35:00+08:00,TAIFEX:CCF1!,138.5,138.5,137.5,137.5,220.0
2026-07-24 09:40:00+08:00,TAIFEX:CCF1!,137.0,137.5,136.5,137.5,766.0
2026-07-24 09:45:00+08:00,TAIFEX:CCF1!,137.5,137.5,136.0,136.0,359.0
2026-07-24 09:50:00+08:00,TAIFEX:CCF1!,136.0,136.5,135.5,136.5,408.0
2026-07-24 09:55:00+08:00,TAIFEX:CCF1!,136.0,136.5,135.5,135.5,376.0
2026-07-24 10:00:00+08:00,TAIFEX:CCF1!,135.5,136.5,135.0,135.0,1167.0
2026-07-24 10:05:00+08:00,TAIFEX:CCF1!,135.0,135.5,134.5,135.0,974.0
2026-07-24 10:10:00+08:00,TAIFEX:CCF1!,135.0,136.0,134.5,135.0,317.0
2026-07-24 10:15:00+08:00,TAIFEX:CCF1!,135.5,135.5,134.5,135.0,333.0
2026-07-24 10:20:00+08:00,TAIFEX:CCF1!,135.0,135.0,133.0,133.5,1712.0
2026-07-24 10:25:00+08:00,TAIFEX:CCF1!,133.5,134.5,133.5,133.5,777.0
2026-07-24 10:30:00+08:00,TAIFEX:CCF1!,133.5,134.0,133.0,133.0,2010.0
2026-07-24 10:35:00+08:00,TAIFEX:CCF1!,133.0,133.0,131.5,132.0,1383.0
2026-07-24 10:40:00+08:00,TAIFEX:CCF1!,132.0,132.5,131.5,132.5,1021.0
2026-07-24 10:45:00+08:00,TAIFEX:CCF1!,132.5,132.5,131.0,131.5,1926.0
2026-07-24 10:50:00+08:00,TAIFEX:CCF1!,131.5,132.0,131.0,131.5,515.0
2026-07-24 10:55:00+08:00,TAIFEX:CCF1!,132.0,133.0,131.5,132.0,689.0
2026-07-24 11:00:00+08:00,TAIFEX:CCF1!,132.0,133.5,132.0,132.5,450.0
2026-07-24 11:05:00+08:00,TAIFEX:CCF1!,132.5,133.0,131.5,131.5,545.0
2026-07-24 11:10:00+08:00,TAIFEX:CCF1!,131.5,133.0,131.5,133.0,877.0
2026-07-24 11:15:00+08:00,TAIFEX:CCF1!,132.5,133.5,132.5,133.0,482.0
2026-07-24 11:20:00+08:00,TAIFEX:CCF1!,133.0,133.0,132.5,132.5,329.0
2026-07-24 11:25:00+08:00,TAIFEX:CCF1!,132.5,133.5,132.5,133.5,267.0
2026-07-24 11:30:00+08:00,TAIFEX:CCF1!,133.0,133.5,132.0,132.0,1003.0
2026-07-24 11:35:00+08:00,TAIFEX:CCF1!,132.5,132.5,132.0,132.5,334.0
2026-07-24 11:40:00+08:00,TAIFEX:CCF1!,132.0,132.0,132.0,132.0,637.0
2026-07-24 11:45:00+08:00,TAIFEX:CCF1!,132.0,132.5,131.5,132.0,198.0
2026-07-24 11:50:00+08:00,TAIFEX:CCF1!,132.0,132.0,131.5,131.5,396.0
2026-07-24 11:55:00+08:00,TAIFEX:CCF1!,131.5,131.5,130.5,131.0,1402.0
2026-07-24 12:00:00+08:00,TAIFEX:CCF1!,131.0,131.5,130.5,131.5,249.0
2026-07-24 12:05:00+08:00,TAIFEX:CCF1!,131.5,131.5,131.0,131.0,142.0
2026-07-24 12:10:00+08:00,TAIFEX:CCF1!,131.0,131.5,130.5,130.5,264.0
2026-07-24 12:15:00+08:00,TAIFEX:CCF1!,130.5,131.0,130.5,130.5,435.0
2026-07-24 12:20:00+08:00,TAIFEX:CCF1!,130.5,131.0,130.5,130.5,182.0
2026-07-24 12:25:00+08:00,TAIFEX:CCF1!,130.5,131.0,130.5,130.5,164.0
2026-07-24 12:30:00+08:00,TAIFEX:CCF1!,130.5,131.0,130.5,130.5,94.0
2026-07-24 12:35:00+08:00,TAIFEX:CCF1!,130.5,131.5,130.5,130.5,532.0
2026-07-24 12:40:00+08:00,TAIFEX:CCF1!,130.5,130.5,130.0,130.5,441.0
2026-07-24 12:45:00+08:00,TAIFEX:CCF1!,130.0,130.5,130.0,130.0,145.0
2026-07-24 12:50:00+08:00,TAIFEX:CCF1!,130.0,130.5,130.0,130.0,994.0
2026-07-24 12:55:00+08:00,TAIFEX:CCF1!,130.5,130.5,130.0,130.0,922.0
2026-07-24 13:00:00+08:00,TAIFEX:CCF1!,130.0,130.5,129.5,130.0,407.0
2026-07-24 13:05:00+08:00,TAIFEX:CCF1!,129.5,130.5,129.5,130.5,367.0
2026-07-24 13:10:00+08:00,TAIFEX:CCF1!,130.0,130.5,130.0,130.0,269.0
2026-07-24 13:15:00+08:00,TAIFEX:CCF1!,130.0,130.5,129.5,129.5,479.0
2026-07-24 13:20:00+08:00,TAIFEX:CCF1!,129.5,130.0,129.0,129.5,1184.0
2026-07-24 13:25:00+08:00,TAIFEX:CCF1!,129.0,129.0,127.0,128.0,2704.0
2026-07-24 13:30:00+08:00,TAIFEX:CCF1!,128.0,128.5,127.0,128.5,1228.0
2026-07-24 13:35:00+08:00,TAIFEX:CCF1!,128.5,128.5,127.5,128.0,216.0
2026-07-24 13:40:00+08:00,TAIFEX:CCF1!,127.5,128.5,127.0,128.5,488.0
2026-07-24 17:25:00+08:00,TAIFEX:CCF1!,130.0,131.5,130.0,131.5,180.0
2026-07-24 17:30:00+08:00,TAIFEX:CCF1!,131.5,131.5,131.0,131.5,66.0
2026-07-24 17:35:00+08:00,TAIFEX:CCF1!,131.5,132.0,131.5,132.0,131.0
2026-07-24 17:40:00+08:00,TAIFEX:CCF1!,132.0,132.0,131.5,131.5,102.0
2026-07-24 17:45:00+08:00,TAIFEX:CCF1!,131.5,132.0,131.5,131.5,5.0
2026-07-24 17:50:00+08:00,TAIFEX:CCF1!,131.5,132.0,131.5,131.5,45.0
2026-07-24 17:55:00+08:00,TAIFEX:CCF1!,131.5,131.5,131.5,131.5,35.0
2026-07-24 18:00:00+08:00,TAIFEX:CCF1!,132.0,132.0,131.5,131.5,18.0
2026-07-24 18:05:00+08:00,TAIFEX:CCF1!,131.5,132.0,131.5,131.5,7.0
2026-07-24 18:10:00+08:00,TAIFEX:CCF1!,131.5,131.5,131.5,131.5,10.0
2026-07-24 18:15:00+08:00,TAIFEX:CCF1!,131.5,131.5,131.5,131.5,16.0
2026-07-24 18:20:00+08:00,TAIFEX:CCF1!,131.5,132.0,131.5,132.0,29.0
2026-07-24 18:25:00+08:00,TAIFEX:CCF1!,131.5,131.5,131.5,131.5,3.0
2026-07-24 18:30:00+08:00,TAIFEX:CCF1!,132.0,132.0,131.5,132.0,58.0
2026-07-24 18:35:00+08:00,TAIFEX:CCF1!,132.0,132.0,132.0,132.0,31.0
2026-07-24 18:40:00+08:00,TAIFEX:CCF1!,132.0,132.0,132.0,132.0,3.0
2026-07-24 18:45:00+08:00,TAIFEX:CCF1!,131.5,131.5,131.0,131.5,37.0
2026-07-24 18:50:00+08:00,TAIFEX:CCF1!,131.5,131.5,131.0,131.0,3.0
2026-07-24 18:55:00+08:00,TAIFEX:CCF1!,131.5,131.5,131.5,131.5,4.0
2026-07-24 19:00:00+08:00,TAIFEX:CCF1!,131.5,131.5,131.0,131.0,8.0
2026-07-24 19:05:00+08:00,TAIFEX:CCF1!,131.0,131.5,131.0,131.5,94.0
2026-07-24 19:10:00+08:00,TAIFEX:CCF1!,131.5,131.5,131.5,131.5,2.0
2026-07-24 19:15:00+08:00,TAIFEX:CCF1!,131.5,131.5,131.5,131.5,4.0
2026-07-24 19:25:00+08:00,TAIFEX:CCF1!,131.5,131.5,131.5,131.5,1.0
2026-07-24 19:30:00+08:00,TAIFEX:CCF1!,131.5,131.5,131.0,131.0,5.0
2026-07-24 19:35:00+08:00,TAIFEX:CCF1!,131.0,131.0,131.0,131.0,31.0
2026-07-24 19:40:00+08:00,TAIFEX:CCF1!,131.0,131.0,131.0,131.0,8.0
2026-07-24 19:45:00+08:00,TAIFEX:CCF1!,131.0,131.0,130.5,130.5,66.0
2026-07-24 19:50:00+08:00,TAIFEX:CCF1!,130.5,131.0,130.0,130.0,60.0
2026-07-24 19:55:00+08:00,TAIFEX:CCF1!,130.0,131.5,130.0,131.0,75.0
2026-07-24 20:00:00+08:00,TAIFEX:CCF1!,131.0,131.0,130.5,130.5,35.0
2026-07-24 20:05:00+08:00,TAIFEX:CCF1!,131.0,131.0,131.0,131.0,17.0
2026-07-24 20:10:00+08:00,TAIFEX:CCF1!,131.0,131.0,131.0,131.0,33.0
2026-07-24 20:15:00+08:00,TAIFEX:CCF1!,131.5,131.5,131.5,131.5,5.0
2026-07-24 20:20:00+08:00,TAIFEX:CCF1!,131.0,131.5,131.0,131.5,3.0
2026-07-24 20:30:00+08:00,TAIFEX:CCF1!,131.5,131.5,131.0,131.0,15.0
2026-07-24 20:35:00+08:00,TAIFEX:CCF1!,131.0,131.0,131.0,131.0,9.0
2026-07-24 20:40:00+08:00,TAIFEX:CCF1!,131.0,131.0,131.0,131.0,2.0
2026-07-24 20:45:00+08:00,TAIFEX:CCF1!,131.0,131.0,131.0,131.0,2.0
2026-07-24 20:50:00+08:00,TAIFEX:CCF1!,131.0,131.0,130.5,130.5,55.0
2026-07-24 20:55:00+08:00,TAIFEX:CCF1!,130.5,130.5,129.5,129.5,96.0
2026-07-24 21:00:00+08:00,TAIFEX:CCF1!,129.5,130.0,129.5,130.0,32.0
2026-07-24 21:05:00+08:00,TAIFEX:CCF1!,129.5,129.5,129.0,129.5,68.0
2026-07-24 21:10:00+08:00,TAIFEX:CCF1!,129.5,130.0,129.5,130.0,8.0
2026-07-24 21:15:00+08:00,TAIFEX:CCF1!,130.0,130.5,130.0,130.0,14.0
2026-07-24 21:20:00+08:00,TAIFEX:CCF1!,130.5,130.5,130.5,130.5,17.0
2026-07-24 21:25:00+08:00,TAIFEX:CCF1!,130.0,130.0,129.5,129.5,34.0
2026-07-24 21:30:00+08:00,TAIFEX:CCF1!,129.5,130.5,129.0,130.5,144.0
2026-07-24 21:35:00+08:00,TAIFEX:CCF1!,130.5,131.0,130.0,130.0,61.0
2026-07-24 21:40:00+08:00,TAIFEX:CCF1!,129.5,129.5,129.0,129.5,75.0
2026-07-24 21:45:00+08:00,TAIFEX:CCF1!,129.5,129.5,129.0,129.5,134.0
2026-07-24 21:50:00+08:00,TAIFEX:CCF1!,129.5,129.5,127.5,127.5,287.0
2026-07-24 21:55:00+08:00,TAIFEX:CCF1!,127.5,127.5,127.0,127.5,189.0
2026-07-24 22:00:00+08:00,TAIFEX:CCF1!,127.0,127.5,127.0,127.0,75.0
2026-07-24 22:05:00+08:00,TAIFEX:CCF1!,127.0,127.5,127.0,127.5,81.0
2026-07-24 22:10:00+08:00,TAIFEX:CCF1!,127.5,128.5,127.5,128.0,162.0
2026-07-24 22:15:00+08:00,TAIFEX:CCF1!,128.0,128.0,125.5,126.0,363.0
2026-07-24 22:20:00+08:00,TAIFEX:CCF1!,126.0,126.5,125.5,125.5,218.0
2026-07-24 22:25:00+08:00,TAIFEX:CCF1!,125.5,126.0,125.5,126.0,57.0
2026-07-24 22:30:00+08:00,TAIFEX:CCF1!,126.0,126.0,124.0,124.0,351.0
2026-07-24 22:35:00+08:00,TAIFEX:CCF1!,124.0,124.5,123.0,123.5,344.0
2026-07-24 22:40:00+08:00,TAIFEX:CCF1!,123.5,123.5,122.5,123.0,296.0
2026-07-24 22:45:00+08:00,TAIFEX:CCF1!,123.0,124.0,122.5,123.5,162.0
2026-07-24 22:50:00+08:00,TAIFEX:CCF1!,124.0,124.5,124.0,124.5,125.0
2026-07-24 22:55:00+08:00,TAIFEX:CCF1!,124.5,126.0,124.5,126.0,291.0
2026-07-24 23:00:00+08:00,TAIFEX:CCF1!,126.0,126.0,125.0,125.0,51.0
2026-07-24 23:05:00+08:00,TAIFEX:CCF1!,125.0,125.5,124.5,125.0,66.0
2026-07-24 23:10:00+08:00,TAIFEX:CCF1!,125.0,126.5,125.0,126.0,164.0
2026-07-24 23:15:00+08:00,TAIFEX:CCF1!,126.0,126.0,125.5,125.5,73.0
2026-07-24 23:20:00+08:00,TAIFEX:CCF1!,125.5,126.0,125.5,126.0,90.0
2026-07-24 23:25:00+08:00,TAIFEX:CCF1!,126.0,126.0,125.5,125.5,166.0
2026-07-24 23:30:00+08:00,TAIFEX:CCF1!,125.5,126.0,125.5,125.5,24.0
2026-07-24 23:35:00+08:00,TAIFEX:CCF1!,125.5,126.0,125.5,126.0,47.0
2026-07-24 23:40:00+08:00,TAIFEX:CCF1!,126.5,126.5,125.5,126.0,79.0
2026-07-24 23:45:00+08:00,TAIFEX:CCF1!,126.0,126.0,126.0,126.0,15.0
2026-07-24 23:50:00+08:00,TAIFEX:CCF1!,126.5,126.5,126.5,126.5,96.0
2026-07-24 23:55:00+08:00,TAIFEX:CCF1!,126.5,127.0,126.5,127.0,72.0
2026-07-25 00:00:00+08:00,TAIFEX:CCF1!,127.0,127.0,126.5,127.0,45.0
2026-07-25 00:05:00+08:00,TAIFEX:CCF1!,127.0,128.5,127.0,128.5,258.0
2026-07-25 00:10:00+08:00,TAIFEX:CCF1!,128.5,128.5,127.0,127.0,123.0
2026-07-25 00:15:00+08:00,TAIFEX:CCF1!,127.0,127.0,127.0,127.0,50.0
2026-07-25 00:20:00+08:00,TAIFEX:CCF1!,127.0,127.5,127.0,127.5,45.0
2026-07-25 00:25:00+08:00,TAIFEX:CCF1!,127.5,127.5,127.0,127.0,37.0
2026-07-25 00:30:00+08:00,TAIFEX:CCF1!,126.5,127.0,126.5,127.0,33.0
2026-07-25 00:35:00+08:00,TAIFEX:CCF1!,126.5,126.5,126.5,126.5,24.0
2026-07-25 00:40:00+08:00,TAIFEX:CCF1!,126.5,126.5,126.0,126.0,121.0
2026-07-25 00:45:00+08:00,TAIFEX:CCF1!,126.0,126.0,125.5,125.5,43.0
2026-07-25 00:50:00+08:00,TAIFEX:CCF1!,125.5,126.0,125.5,126.0,9.0
2026-07-25 00:55:00+08:00,TAIFEX:CCF1!,126.0,126.5,126.0,126.5,44.0
2026-07-25 01:00:00+08:00,TAIFEX:CCF1!,126.0,126.0,126.0,126.0,43.0
2026-07-25 01:05:00+08:00,TAIFEX:CCF1!,126.0,126.0,125.5,125.5,58.0
2026-07-25 01:10:00+08:00,TAIFEX:CCF1!,125.5,125.5,125.5,125.5,2.0
2026-07-25 01:15:00+08:00,TAIFEX:CCF1!,125.5,126.5,125.5,126.5,18.0
2026-07-25 01:20:00+08:00,TAIFEX:CCF1!,126.0,126.0,126.0,126.0,22.0
2026-07-25 01:30:00+08:00,TAIFEX:CCF1!,126.5,126.5,126.5,126.5,16.0
2026-07-25 01:35:00+08:00,TAIFEX:CCF1!,126.5,126.5,126.5,126.5,36.0
2026-07-25 01:40:00+08:00,TAIFEX:CCF1!,126.5,126.5,126.5,126.5,16.0
2026-07-25 01:45:00+08:00,TAIFEX:CCF1!,126.0,126.0,126.0,126.0,3.0
2026-07-25 01:50:00+08:00,TAIFEX:CCF1!,126.5,126.5,126.5,126.5,23.0
2026-07-25 01:55:00+08:00,TAIFEX:CCF1!,126.5,126.5,126.5,126.5,10.0
2026-07-25 02:00:00+08:00,TAIFEX:CCF1!,126.5,126.5,126.5,126.5,2.0
2026-07-25 02:05:00+08:00,TAIFEX:CCF1!,126.0,126.5,126.0,126.5,12.0
2026-07-25 02:15:00+08:00,TAIFEX:CCF1!,126.0,126.0,126.0,126.0,22.0
2026-07-25 02:20:00+08:00,TAIFEX:CCF1!,126.0,126.0,126.0,126.0,5.0
2026-07-25 02:25:00+08:00,TAIFEX:CCF1!,125.5,125.5,125.5,125.5,24.0
2026-07-25 02:30:00+08:00,TAIFEX:CCF1!,125.5,125.5,125.0,125.0,36.0
2026-07-25 02:35:00+08:00,TAIFEX:CCF1!,125.0,125.5,125.0,125.0,24.0
2026-07-25 02:40:00+08:00,TAIFEX:CCF1!,125.0,125.5,125.0,125.5,23.0
2026-07-25 02:45:00+08:00,TAIFEX:CCF1!,125.5,125.5,125.5,125.5,9.0
2026-07-25 02:50:00+08:00,TAIFEX:CCF1!,125.5,125.5,125.5,125.5,15.0
2026-07-25 02:55:00+08:00,TAIFEX:CCF1!,125.5,126.0,125.5,126.0,5.0
2026-07-25 03:00:00+08:00,TAIFEX:CCF1!,125.5,125.5,125.5,125.5,1.0
2026-07-25 03:05:00+08:00,TAIFEX:CCF1!,126.0,126.5,125.5,125.5,43.0
2026-07-25 03:10:00+08:00,TAIFEX:CCF1!,125.0,125.0,124.5,125.0,70.0
2026-07-25 03:15:00+08:00,TAIFEX:CCF1!,125.0,125.0,124.5,125.0,47.0
2026-07-25 03:20:00+08:00,TAIFEX:CCF1!,125.0,125.0,124.5,124.5,34.0
2026-07-25 03:25:00+08:00,TAIFEX:CCF1!,125.0,125.0,125.0,125.0,18.0
2026-07-25 03:30:00+08:00,TAIFEX:CCF1!,125.5,125.5,125.5,125.5,29.0
2026-07-25 03:35:00+08:00,TAIFEX:CCF1!,125.5,125.5,125.5,125.5,23.0
2026-07-25 03:40:00+08:00,TAIFEX:CCF1!,125.5,125.5,125.5,125.5,5.0
2026-07-25 03:45:00+08:00,TAIFEX:CCF1!,125.5,125.5,125.5,125.5,18.0
2026-07-25 03:50:00+08:00,TAIFEX:CCF1!,125.5,125.5,125.0,125.0,8.0
2026-07-25 03:55:00+08:00,TAIFEX:CCF1!,125.5,125.5,125.0,125.5,20.0
2026-07-25 04:00:00+08:00,TAIFEX:CCF1!,125.5,125.5,125.5,125.5,15.0
2026-07-25 04:05:00+08:00,TAIFEX:CCF1!,125.0,125.0,125.0,125.0,6.0
2026-07-25 04:10:00+08:00,TAIFEX:CCF1!,125.0,125.0,125.0,125.0,11.0
2026-07-25 04:15:00+08:00,TAIFEX:CCF1!,125.0,125.0,125.0,125.0,6.0
2026-07-25 04:20:00+08:00,TAIFEX:CCF1!,125.0,125.5,125.0,125.5,2.0
2026-07-25 04:25:00+08:00,TAIFEX:CCF1!,125.0,125.0,125.0,125.0,3.0
2026-07-25 04:40:00+08:00,TAIFEX:CCF1!,124.5,124.5,124.5,124.5,2.0
2026-07-25 04:45:00+08:00,TAIFEX:CCF1!,124.5,125.0,124.5,125.0,13.0
2026-07-25 04:50:00+08:00,TAIFEX:CCF1!,124.5,124.5,124.5,124.5,3.0
2026-07-25 04:55:00+08:00,TAIFEX:CCF1!,125.0,125.0,124.0,124.0,27.0
2026-07-27 08:45:00+08:00,TAIFEX:CCF1!,127.0,128.0,125.0,125.0,906.0
2026-07-27 08:50:00+08:00,TAIFEX:CCF1!,125.5,126.0,125.0,125.5,756.0
2026-07-27 08:55:00+08:00,TAIFEX:CCF1!,125.0,125.0,122.5,123.0,1136.0
2026-07-27 09:00:00+08:00,TAIFEX:CCF1!,123.0,125.5,121.5,125.0,5554.0
2026-07-27 09:05:00+08:00,TAIFEX:CCF1!,125.0,127.5,125.0,126.5,2796.0
2026-07-27 09:10:00+08:00,TAIFEX:CCF1!,127.0,127.5,125.0,125.0,2212.0
2026-07-27 09:15:00+08:00,TAIFEX:CCF1!,125.0,125.5,124.0,124.0,2237.0
2026-07-27 09:20:00+08:00,TAIFEX:CCF1!,123.5,124.0,123.0,123.5,2343.0
2026-07-27 09:25:00+08:00,TAIFEX:CCF1!,123.5,124.0,121.5,123.5,3517.0
2026-07-27 09:30:00+08:00,TAIFEX:CCF1!,123.5,124.5,123.0,124.5,1840.0
2026-07-27 09:35:00+08:00,TAIFEX:CCF1!,124.5,125.5,123.0,125.0,1679.0
2026-07-27 09:40:00+08:00,TAIFEX:CCF1!,125.0,125.5,124.0,124.5,2054.0
2026-07-27 09:45:00+08:00,TAIFEX:CCF1!,124.0,125.0,124.0,124.0,1104.0
2026-07-27 09:50:00+08:00,TAIFEX:CCF1!,124.0,125.0,123.0,123.0,1637.0
2026-07-27 09:55:00+08:00,TAIFEX:CCF1!,123.5,124.5,123.0,124.0,1641.0
2026-07-27 10:00:00+08:00,TAIFEX:CCF1!,124.0,124.5,123.5,124.0,1075.0
2026-07-27 10:05:00+08:00,TAIFEX:CCF1!,124.0,124.5,123.5,124.0,214.0
2026-07-27 10:10:00+08:00,TAIFEX:CCF1!,124.0,124.5,123.5,124.0,678.0
2026-07-27 10:15:00+08:00,TAIFEX:CCF1!,123.5,124.0,122.5,123.0,1404.0
2026-07-27 10:20:00+08:00,TAIFEX:CCF1!,123.0,123.5,122.5,123.5,811.0
2026-07-27 10:25:00+08:00,TAIFEX:CCF1!,123.5,124.5,123.5,124.0,888.0
2026-07-27 10:30:00+08:00,TAIFEX:CCF1!,124.0,124.0,122.5,122.5,1249.0
2026-07-27 10:35:00+08:00,TAIFEX:CCF1!,122.5,123.5,122.5,123.5,613.0
2026-07-27 10:40:00+08:00,TAIFEX:CCF1!,123.5,124.0,123.0,123.0,645.0
2026-07-27 10:45:00+08:00,TAIFEX:CCF1!,123.0,123.5,123.0,123.5,735.0
2026-07-27 10:50:00+08:00,TAIFEX:CCF1!,123.0,123.5,123.0,123.0,232.0
2026-07-27 10:55:00+08:00,TAIFEX:CCF1!,123.0,123.5,122.0,122.0,476.0
2026-07-27 11:00:00+08:00,TAIFEX:CCF1!,122.0,123.0,122.0,122.0,650.0
2026-07-27 11:05:00+08:00,TAIFEX:CCF1!,122.0,122.5,120.0,120.5,2153.0
2026-07-27 11:10:00+08:00,TAIFEX:CCF1!,120.5,120.5,119.5,120.0,3185.0
2026-07-27 11:15:00+08:00,TAIFEX:CCF1!,120.0,120.5,120.0,120.5,381.0
2026-07-27 11:20:00+08:00,TAIFEX:CCF1!,120.0,121.0,119.5,120.0,1334.0
2026-07-27 11:25:00+08:00,TAIFEX:CCF1!,120.0,120.0,118.5,118.5,2570.0
2026-07-27 11:30:00+08:00,TAIFEX:CCF1!,119.0,119.5,118.0,119.5,1891.0
2026-07-27 11:35:00+08:00,TAIFEX:CCF1!,119.5,119.5,119.0,119.0,1335.0
2026-07-27 11:40:00+08:00,TAIFEX:CCF1!,119.0,120.0,119.0,119.5,851.0
2026-07-27 11:45:00+08:00,TAIFEX:CCF1!,120.0,120.0,119.5,120.0,799.0
2026-07-27 11:50:00+08:00,TAIFEX:CCF1!,120.5,120.5,119.5,120.0,1167.0
2026-07-27 11:55:00+08:00,TAIFEX:CCF1!,120.0,121.0,119.5,121.0,1726.0
2026-07-27 12:00:00+08:00,TAIFEX:CCF1!,120.5,121.0,120.5,120.5,1066.0
2026-07-27 12:05:00+08:00,TAIFEX:CCF1!,120.5,121.0,120.0,120.0,1291.0
2026-07-27 12:10:00+08:00,TAIFEX:CCF1!,120.0,120.5,119.5,120.0,643.0
2026-07-27 12:15:00+08:00,TAIFEX:CCF1!,120.0,120.5,120.0,120.5,756.0
2026-07-27 12:20:00+08:00,TAIFEX:CCF1!,120.5,122.0,120.0,121.5,1886.0
2026-07-27 12:25:00+08:00,TAIFEX:CCF1!,121.5,122.5,121.0,122.5,1681.0
2026-07-27 12:30:00+08:00,TAIFEX:CCF1!,122.0,122.5,121.5,122.0,1220.0
2026-07-27 12:35:00+08:00,TAIFEX:CCF1!,122.5,123.0,122.0,122.5,1016.0
2026-07-27 12:40:00+08:00,TAIFEX:CCF1!,122.5,123.0,122.0,122.5,456.0
2026-07-27 12:45:00+08:00,TAIFEX:CCF1!,123.0,123.0,122.5,123.0,182.0
2026-07-27 12:50:00+08:00,TAIFEX:CCF1!,122.5,123.5,122.5,123.5,591.0
2026-07-27 12:55:00+08:00,TAIFEX:CCF1!,123.5,124.5,123.5,124.5,1217.0
2026-07-27 13:00:00+08:00,TAIFEX:CCF1!,124.5,125.0,124.0,124.5,1612.0
2026-07-27 13:05:00+08:00,TAIFEX:CCF1!,124.5,125.0,124.5,125.0,413.0
2026-07-27 13:10:00+08:00,TAIFEX:CCF1!,124.5,125.5,124.5,125.0,984.0
2026-07-27 13:15:00+08:00,TAIFEX:CCF1!,125.0,125.5,125.0,125.0,474.0
2026-07-27 13:20:00+08:00,TAIFEX:CCF1!,125.5,126.0,125.0,126.0,676.0
2026-07-27 13:25:00+08:00,TAIFEX:CCF1!,126.0,128.0,126.0,127.5,991.0
2026-07-27 13:30:00+08:00,TAIFEX:CCF1!,127.5,127.5,126.5,126.5,465.0
2026-07-27 13:35:00+08:00,TAIFEX:CCF1!,127.0,128.0,127.0,128.0,405.0
2026-07-27 13:40:00+08:00,TAIFEX:CCF1!,128.0,128.5,127.0,127.5,454.0
2026-07-27 17:25:00+08:00,TAIFEX:CCF1!,129.0,129.5,129.0,129.0,199.0
2026-07-27 17:30:00+08:00,TAIFEX:CCF1!,129.5,129.5,129.5,129.5,76.0
2026-07-27 17:35:00+08:00,TAIFEX:CCF1!,129.5,129.5,129.0,129.5,44.0
2026-07-27 17:40:00+08:00,TAIFEX:CCF1!,129.5,130.0,129.5,129.5,26.0
2026-07-27 17:45:00+08:00,TAIFEX:CCF1!,129.5,130.0,129.5,130.0,131.0
2026-07-27 17:50:00+08:00,TAIFEX:CCF1!,130.0,130.0,130.0,130.0,23.0
2026-07-27 17:55:00+08:00,TAIFEX:CCF1!,130.5,131.0,130.0,131.0,81.0
2026-07-27 18:00:00+08:00,TAIFEX:CCF1!,131.0,131.0,130.5,130.5,137.0
2026-07-27 18:05:00+08:00,TAIFEX:CCF1!,130.5,130.5,130.5,130.5,66.0
2026-07-27 18:10:00+08:00,TAIFEX:CCF1!,130.5,130.5,130.0,130.0,56.0
2026-07-27 18:15:00+08:00,TAIFEX:CCF1!,130.0,130.5,130.0,130.0,38.0
2026-07-27 18:20:00+08:00,TAIFEX:CCF1!,130.0,130.0,130.0,130.0,17.0
2026-07-27 18:25:00+08:00,TAIFEX:CCF1!,130.0,130.0,130.0,130.0,57.0
2026-07-27 18:30:00+08:00,TAIFEX:CCF1!,130.0,130.0,129.5,130.0,61.0
2026-07-27 18:35:00+08:00,TAIFEX:CCF1!,130.0,130.0,129.5,129.5,88.0
2026-07-27 18:40:00+08:00,TAIFEX:CCF1!,129.5,130.0,129.5,130.0,26.0
2026-07-27 18:45:00+08:00,TAIFEX:CCF1!,130.0,130.0,130.0,130.0,38.0
2026-07-27 18:50:00+08:00,TAIFEX:CCF1!,130.0,130.0,130.0,130.0,12.0
2026-07-27 18:55:00+08:00,TAIFEX:CCF1!,130.0,130.5,130.0,130.5,20.0
2026-07-27 19:00:00+08:00,TAIFEX:CCF1!,130.0,130.0,130.0,130.0,70.0
2026-07-27 19:05:00+08:00,TAIFEX:CCF1!,130.0,130.0,130.0,130.0,3.0
2026-07-27 19:10:00+08:00,TAIFEX:CCF1!,130.0,130.0,129.5,129.5,2.0
2026-07-27 19:15:00+08:00,TAIFEX:CCF1!,129.5,129.5,129.5,129.5,7.0
2026-07-27 19:20:00+08:00,TAIFEX:CCF1!,129.5,129.5,129.5,129.5,26.0
2026-07-27 19:25:00+08:00,TAIFEX:CCF1!,129.5,129.5,129.0,129.5,31.0
2026-07-27 19:30:00+08:00,TAIFEX:CCF1!,129.0,129.5,129.0,129.0,14.0
2026-07-27 19:35:00+08:00,TAIFEX:CCF1!,129.0,130.0,129.0,129.5,42.0
2026-07-27 19:40:00+08:00,TAIFEX:CCF1!,129.5,129.5,129.5,129.5,2.0
2026-07-27 19:45:00+08:00,TAIFEX:CCF1!,129.5,129.5,129.5,129.5,1.0
2026-07-27 19:50:00+08:00,TAIFEX:CCF1!,129.5,130.0,129.5,130.0,23.0
2026-07-27 19:55:00+08:00,TAIFEX:CCF1!,130.0,130.0,129.5,129.5,5.0
2026-07-27 20:00:00+08:00,TAIFEX:CCF1!,130.0,130.0,130.0,130.0,33.0
2026-07-27 20:05:00+08:00,TAIFEX:CCF1!,130.0,130.5,130.0,130.0,9.0
2026-07-27 20:10:00+08:00,TAIFEX:CCF1!,130.0,130.0,129.5,129.5,26.0
2026-07-27 20:15:00+08:00,TAIFEX:CCF1!,129.5,129.5,129.5,129.5,11.0
2026-07-27 20:20:00+08:00,TAIFEX:CCF1!,129.5,129.5,129.5,129.5,7.0
2026-07-27 20:25:00+08:00,TAIFEX:CCF1!,129.5,130.0,129.5,130.0,10.0
2026-07-27 20:30:00+08:00,TAIFEX:CCF1!,129.5,129.5,129.5,129.5,5.0
2026-07-27 20:35:00+08:00,TAIFEX:CCF1!,129.5,129.5,129.5,129.5,8.0
2026-07-27 20:40:00+08:00,TAIFEX:CCF1!,129.5,129.5,129.5,129.5,8.0
2026-07-27 20:45:00+08:00,TAIFEX:CCF1!,130.0,130.0,130.0,130.0,60.0
2026-07-27 20:50:00+08:00,TAIFEX:CCF1!,130.0,130.5,130.0,130.5,29.0
2026-07-27 20:55:00+08:00,TAIFEX:CCF1!,130.5,130.5,130.5,130.5,59.0
2026-07-27 21:00:00+08:00,TAIFEX:CCF1!,130.5,130.5,130.5,130.5,64.0
2026-07-27 21:05:00+08:00,TAIFEX:CCF1!,130.5,130.5,130.0,130.0,88.0
2026-07-27 21:10:00+08:00,TAIFEX:CCF1!,130.0,130.0,130.0,130.0,1.0
2026-07-27 21:15:00+08:00,TAIFEX:CCF1!,130.0,130.5,130.0,130.0,23.0
2026-07-27 21:20:00+08:00,TAIFEX:CCF1!,130.0,130.0,130.0,130.0,12.0
2026-07-27 21:25:00+08:00,TAIFEX:CCF1!,130.0,130.0,129.5,130.0,61.0
2026-07-27 21:30:00+08:00,TAIFEX:CCF1!,129.5,130.0,128.0,129.5,289.0
2026-07-27 21:35:00+08:00,TAIFEX:CCF1!,129.5,130.0,129.0,129.0,113.0
2026-07-27 21:40:00+08:00,TAIFEX:CCF1!,129.0,129.0,127.5,128.0,470.0
2026-07-27 21:45:00+08:00,TAIFEX:CCF1!,128.0,128.5,128.0,128.5,77.0
2026-07-27 21:50:00+08:00,TAIFEX:CCF1!,128.5,128.5,128.0,128.0,71.0
2026-07-27 21:55:00+08:00,TAIFEX:CCF1!,128.0,128.0,127.0,127.5,215.0
2026-07-27 22:00:00+08:00,TAIFEX:CCF1!,127.0,127.5,126.5,126.5,168.0
2026-07-27 22:05:00+08:00,TAIFEX:CCF1!,127.0,127.0,126.0,126.5,158.0
2026-07-27 22:10:00+08:00,TAIFEX:CCF1!,126.5,126.5,126.0,126.0,206.0
2026-07-27 22:15:00+08:00,TAIFEX:CCF1!,125.5,126.0,125.5,126.0,207.0
2026-07-27 22:20:00+08:00,TAIFEX:CCF1!,126.0,126.0,125.0,125.0,200.0
2026-07-27 22:25:00+08:00,TAIFEX:CCF1!,124.5,125.0,123.5,124.0,392.0
2026-07-27 22:30:00+08:00,TAIFEX:CCF1!,124.0,124.0,122.0,122.5,614.0
2026-07-27 22:35:00+08:00,TAIFEX:CCF1!,122.5,123.0,121.5,121.5,177.0
2026-07-27 22:40:00+08:00,TAIFEX:CCF1!,121.5,122.0,120.5,121.5,293.0
2026-07-27 22:45:00+08:00,TAIFEX:CCF1!,121.5,123.5,121.5,123.5,345.0
2026-07-27 22:50:00+08:00,TAIFEX:CCF1!,123.5,124.0,123.0,123.5,406.0
2026-07-27 22:55:00+08:00,TAIFEX:CCF1!,123.0,124.0,123.0,124.0,183.0
2026-07-27 23:00:00+08:00,TAIFEX:CCF1!,124.0,124.0,123.5,123.5,131.0
2026-07-27 23:05:00+08:00,TAIFEX:CCF1!,123.5,123.5,123.0,123.5,74.0
2026-07-27 23:10:00+08:00,TAIFEX:CCF1!,123.5,123.5,122.0,123.0,182.0
2026-07-27 23:15:00+08:00,TAIFEX:CCF1!,122.5,122.5,122.0,122.5,96.0
2026-07-27 23:20:00+08:00,TAIFEX:CCF1!,123.0,123.5,122.5,122.5,122.0
2026-07-27 23:25:00+08:00,TAIFEX:CCF1!,122.0,122.0,121.5,122.0,75.0
2026-07-27 23:30:00+08:00,TAIFEX:CCF1!,122.5,122.5,121.5,122.0,50.0
2026-07-27 23:35:00+08:00,TAIFEX:CCF1!,122.0,122.0,121.5,121.5,64.0
2026-07-27 23:40:00+08:00,TAIFEX:CCF1!,121.5,122.0,121.5,121.5,89.0
2026-07-27 23:45:00+08:00,TAIFEX:CCF1!,121.5,121.5,121.5,121.5,9.0
2026-07-27 23:50:00+08:00,TAIFEX:CCF1!,121.5,122.0,121.5,121.5,33.0
2026-07-27 23:55:00+08:00,TAIFEX:CCF1!,122.0,123.0,122.0,122.5,53.0
2026-07-28 00:00:00+08:00,TAIFEX:CCF1!,123.0,123.0,123.0,123.0,32.0
2026-07-28 00:05:00+08:00,TAIFEX:CCF1!,123.0,123.5,122.5,123.0,116.0
2026-07-28 00:10:00+08:00,TAIFEX:CCF1!,123.5,123.5,122.5,122.5,30.0
2026-07-28 00:15:00+08:00,TAIFEX:CCF1!,122.5,122.5,122.0,122.0,126.0
2026-07-28 00:20:00+08:00,TAIFEX:CCF1!,122.0,122.5,122.0,122.5,27.0
2026-07-28 00:25:00+08:00,TAIFEX:CCF1!,122.5,123.5,122.5,123.5,78.0
2026-07-28 00:30:00+08:00,TAIFEX:CCF1!,123.5,123.5,123.0,123.0,46.0
2026-07-28 00:35:00+08:00,TAIFEX:CCF1!,123.0,123.5,123.0,123.5,32.0
2026-07-28 00:40:00+08:00,TAIFEX:CCF1!,123.0,123.0,123.0,123.0,10.0
2026-07-28 00:50:00+08:00,TAIFEX:CCF1!,123.0,123.0,122.5,122.5,34.0
2026-07-28 00:55:00+08:00,TAIFEX:CCF1!,122.0,122.0,122.0,122.0,36.0
2026-07-28 01:00:00+08:00,TAIFEX:CCF1!,122.0,122.5,122.0,122.0,54.0
2026-07-28 01:05:00+08:00,TAIFEX:CCF1!,122.0,122.0,122.0,122.0,17.0
2026-07-28 01:10:00+08:00,TAIFEX:CCF1!,122.0,122.0,122.0,122.0,27.0
2026-07-28 01:15:00+08:00,TAIFEX:CCF1!,122.0,122.0,122.0,122.0,5.0
2026-07-28 01:20:00+08:00,TAIFEX:CCF1!,122.0,122.0,122.0,122.0,29.0
2026-07-28 01:25:00+08:00,TAIFEX:CCF1!,121.5,122.0,121.5,122.0,6.0
2026-07-28 01:30:00+08:00,TAIFEX:CCF1!,122.0,122.0,122.0,122.0,7.0
2026-07-28 01:35:00+08:00,TAIFEX:CCF1!,122.0,122.0,122.0,122.0,29.0
2026-07-28 01:40:00+08:00,TAIFEX:CCF1!,122.0,122.0,122.0,122.0,2.0
2026-07-28 01:45:00+08:00,TAIFEX:CCF1!,122.0,122.0,122.0,122.0,14.0
2026-07-28 01:50:00+08:00,TAIFEX:CCF1!,122.0,122.0,122.0,122.0,1.0
2026-07-28 01:55:00+08:00,TAIFEX:CCF1!,122.5,122.5,122.5,122.5,1.0
2026-07-28 02:00:00+08:00,TAIFEX:CCF1!,122.5,122.5,122.5,122.5,22.0
2026-07-28 02:10:00+08:00,TAIFEX:CCF1!,122.5,122.5,122.0,122.5,11.0
2026-07-28 02:20:00+08:00,TAIFEX:CCF1!,122.0,122.5,122.0,122.0,31.0
2026-07-28 02:25:00+08:00,TAIFEX:CCF1!,122.5,122.5,122.5,122.5,2.0
2026-07-28 02:35:00+08:00,TAIFEX:CCF1!,122.0,122.0,122.0,122.0,2.0
2026-07-28 02:40:00+08:00,TAIFEX:CCF1!,122.0,122.0,122.0,122.0,10.0
2026-07-28 02:45:00+08:00,TAIFEX:CCF1!,122.5,122.5,122.5,122.5,1.0
2026-07-28 02:50:00+08:00,TAIFEX:CCF1!,122.5,122.5,122.5,122.5,10.0
2026-07-28 02:55:00+08:00,TAIFEX:CCF1!,123.0,123.0,123.0,123.0,57.0
2026-07-28 03:00:00+08:00,TAIFEX:CCF1!,123.5,123.5,123.5,123.5,70.0
2026-07-28 03:05:00+08:00,TAIFEX:CCF1!,123.5,124.0,123.5,124.0,33.0
2026-07-28 03:10:00+08:00,TAIFEX:CCF1!,124.0,124.5,124.0,124.0,109.0
2026-07-28 03:15:00+08:00,TAIFEX:CCF1!,124.0,124.0,124.0,124.0,40.0
2026-07-28 03:20:00+08:00,TAIFEX:CCF1!,124.0,124.0,124.0,124.0,9.0
2026-07-28 03:25:00+08:00,TAIFEX:CCF1!,124.5,124.5,124.5,124.5,44.0
2026-07-28 03:30:00+08:00,TAIFEX:CCF1!,125.0,125.0,125.0,125.0,23.0
2026-07-28 03:35:00+08:00,TAIFEX:CCF1!,124.5,125.0,124.0,124.0,53.0
2026-07-28 03:40:00+08:00,TAIFEX:CCF1!,124.0,124.0,124.0,124.0,16.0
2026-07-28 03:45:00+08:00,TAIFEX:CCF1!,124.0,124.0,124.0,124.0,22.0
2026-07-28 03:50:00+08:00,TAIFEX:CCF1!,124.0,124.0,123.5,123.5,13.0
2026-07-28 03:55:00+08:00,TAIFEX:CCF1!,124.0,124.5,124.0,124.0,15.0
2026-07-28 04:00:00+08:00,TAIFEX:CCF1!,124.0,124.0,124.0,124.0,20.0
2026-07-28 04:05:00+08:00,TAIFEX:CCF1!,124.0,124.0,124.0,124.0,13.0
2026-07-28 04:10:00+08:00,TAIFEX:CCF1!,124.0,124.0,124.0,124.0,5.0
2026-07-28 04:20:00+08:00,TAIFEX:CCF1!,123.5,123.5,123.5,123.5,12.0
2026-07-28 04:25:00+08:00,TAIFEX:CCF1!,124.0,124.0,123.5,123.5,54.0
2026-07-28 04:30:00+08:00,TAIFEX:CCF1!,123.0,123.0,123.0,123.0,1.0
2026-07-28 04:35:00+08:00,TAIFEX:CCF1!,123.0,123.0,123.0,123.0,34.0
2026-07-28 04:40:00+08:00,TAIFEX:CCF1!,123.0,123.0,123.0,123.0,1.0
2026-07-28 04:45:00+08:00,TAIFEX:CCF1!,123.0,123.5,123.0,123.5,3.0
2026-07-28 04:50:00+08:00,TAIFEX:CCF1!,123.5,123.5,123.0,123.0,4.0
2026-07-28 04:55:00+08:00,TAIFEX:CCF1!,123.0,123.0,123.0,123.0,16.0
2026-07-28 08:45:00+08:00,TAIFEX:CCF1!,120.5,120.5,116.5,117.0,1472.0
2026-07-28 08:50:00+08:00,TAIFEX:CCF1!,117.5,117.5,115.5,115.5,1338.0
2026-07-28 08:55:00+08:00,TAIFEX:CCF1!,115.5,116.0,115.0,115.0,1859.0
2026-07-28 09:00:00+08:00,TAIFEX:CCF1!,115.0,117.0,115.0,117.0,1941.0
2026-07-28 09:05:00+08:00,TAIFEX:CCF1!,117.0,117.5,115.0,115.0,1876.0
2026-07-28 09:10:00+08:00,TAIFEX:CCF1!,115.0,115.5,115.0,115.0,839.0
2026-07-28 09:15:00+08:00,TAIFEX:CCF1!,115.0,115.0,115.0,115.0,284.0
2026-07-28 09:20:00+08:00,TAIFEX:CCF1!,115.0,115.0,115.0,115.0,1074.0
2026-07-28 09:25:00+08:00,TAIFEX:CCF1!,115.0,115.0,115.0,115.0,837.0
2026-07-28 09:30:00+08:00,TAIFEX:CCF1!,115.0,115.0,115.0,115.0,24.0
2026-07-28 09:35:00+08:00,TAIFEX:CCF1!,115.0,115.5,115.0,115.0,2225.0
2026-07-28 09:40:00+08:00,TAIFEX:CCF1!,115.0,115.5,115.0,115.0,889.0
2026-07-28 09:45:00+08:00,TAIFEX:CCF1!,115.5,115.5,115.0,115.0,657.0
2026-07-28 09:50:00+08:00,TAIFEX:CCF1!,115.0,115.0,115.0,115.0,22.0
2026-07-28 09:55:00+08:00,TAIFEX:CCF1!,115.0,115.0,115.0,115.0,3.0
2026-07-28 10:00:00+08:00,TAIFEX:CCF1!,115.0,115.0,115.0,115.0,6.0
2026-07-28 10:05:00+08:00,TAIFEX:CCF1!,115.0,115.0,115.0,115.0,61.0
2026-07-28 10:10:00+08:00,TAIFEX:CCF1!,115.0,115.0,115.0,115.0,4.0
2026-07-28 10:15:00+08:00,TAIFEX:CCF1!,115.0,115.0,115.0,115.0,50.0
2026-07-28 10:20:00+08:00,TAIFEX:CCF1!,115.0,115.0,115.0,115.0,18.0
2026-07-28 10:25:00+08:00,TAIFEX:CCF1!,115.0,115.0,115.0,115.0,9.0
2026-07-28 10:30:00+08:00,TAIFEX:CCF1!,115.0,115.0,115.0,115.0,2.0
2026-07-28 10:40:00+08:00,TAIFEX:CCF1!,115.0,115.0,115.0,115.0,11.0
2026-07-28 10:50:00+08:00,TAIFEX:CCF1!,115.0,115.0,115.0,115.0,1.0
2026-07-28 10:55:00+08:00,TAIFEX:CCF1!,115.0,115.0,115.0,115.0,2.0
2026-07-28 11:00:00+08:00,TAIFEX:CCF1!,115.0,115.0,115.0,115.0,1.0
2026-07-28 11:05:00+08:00,TAIFEX:CCF1!,115.0,115.0,115.0,115.0,13.0
2026-07-28 11:10:00+08:00,TAIFEX:CCF1!,115.0,115.0,115.0,115.0,2.0
2026-07-28 11:15:00+08:00,TAIFEX:CCF1!,115.0,115.0,115.0,115.0,27.0
2026-07-28 11:20:00+08:00,TAIFEX:CCF1!,115.0,115.0,115.0,115.0,103.0
2026-07-28 11:25:00+08:00,TAIFEX:CCF1!,115.0,115.0,115.0,115.0,13.0
2026-07-28 11:30:00+08:00,TAIFEX:CCF1!,115.0,115.0,115.0,115.0,1.0
2026-07-28 11:40:00+08:00,TAIFEX:CCF1!,115.0,115.0,115.0,115.0,27.0
2026-07-28 11:45:00+08:00,TAIFEX:CCF1!,115.0,115.0,115.0,115.0,7.0
2026-07-28 11:50:00+08:00,TAIFEX:CCF1!,115.0,115.0,115.0,115.0,4.0
2026-07-28 11:55:00+08:00,TAIFEX:CCF1!,115.0,115.0,115.0,115.0,1.0
2026-07-28 12:00:00+08:00,TAIFEX:CCF1!,115.0,115.0,115.0,115.0,2.0
2026-07-28 12:05:00+08:00,TAIFEX:CCF1!,115.0,115.0,115.0,115.0,3.0
2026-07-28 12:15:00+08:00,TAIFEX:CCF1!,115.0,115.0,115.0,115.0,16.0
2026-07-28 12:20:00+08:00,TAIFEX:CCF1!,115.0,115.0,115.0,115.0,4.0
2026-07-28 12:25:00+08:00,TAIFEX:CCF1!,115.0,115.0,115.0,115.0,5.0
2026-07-28 12:30:00+08:00,TAIFEX:CCF1!,115.0,115.0,115.0,115.0,2.0
2026-07-28 12:45:00+08:00,TAIFEX:CCF1!,115.0,115.0,115.0,115.0,1.0
2026-07-28 12:55:00+08:00,TAIFEX:CCF1!,115.0,115.0,115.0,115.0,3.0
2026-07-28 13:10:00+08:00,TAIFEX:CCF1!,115.0,115.0,115.0,115.0,12.0
2026-07-28 13:15:00+08:00,TAIFEX:CCF1!,115.0,115.0,115.0,115.0,5.0
2026-07-28 13:20:00+08:00,TAIFEX:CCF1!,115.0,115.0,115.0,115.0,3.0
2026-07-28 13:30:00+08:00,TAIFEX:CCF1!,115.0,115.0,115.0,115.0,14.0
2026-07-28 13:35:00+08:00,TAIFEX:CCF1!,115.0,115.0,115.0,115.0,1.0
2026-07-28 17:25:00+08:00,TAIFEX:CCF1!,112.5,112.5,111.0,112.0,627.0
2026-07-28 17:30:00+08:00,TAIFEX:CCF1!,112.0,112.0,109.5,109.5,504.0
2026-07-28 17:35:00+08:00,TAIFEX:CCF1!,109.5,109.5,108.0,109.0,551.0
2026-07-28 17:40:00+08:00,TAIFEX:CCF1!,109.0,109.0,108.0,108.0,189.0
2026-07-28 17:45:00+08:00,TAIFEX:CCF1!,108.0,108.0,107.0,108.0,264.0
2026-07-28 17:50:00+08:00,TAIFEX:CCF1!,107.5,107.5,105.0,105.5,408.0
2026-07-28 17:55:00+08:00,TAIFEX:CCF1!,105.5,105.5,104.0,104.0,564.0
2026-07-28 18:00:00+08:00,TAIFEX:CCF1!,104.0,105.5,104.0,105.0,695.0
2026-07-28 18:05:00+08:00,TAIFEX:CCF1!,105.0,106.0,105.0,106.0,117.0
2026-07-28 18:10:00+08:00,TAIFEX:CCF1!,106.0,106.0,105.5,105.5,90.0
2026-07-28 18:15:00+08:00,TAIFEX:CCF1!,105.5,106.0,105.0,105.5,245.0
2026-07-28 18:20:00+08:00,TAIFEX:CCF1!,106.0,106.0,104.5,104.5,182.0
2026-07-28 18:25:00+08:00,TAIFEX:CCF1!,105.0,105.0,104.0,104.5,535.0
2026-07-28 18:30:00+08:00,TAIFEX:CCF1!,105.0,105.5,105.0,105.0,268.0
2026-07-28 18:35:00+08:00,TAIFEX:CCF1!,105.0,105.5,104.5,105.0,173.0
2026-07-28 18:40:00+08:00,TAIFEX:CCF1!,105.0,105.5,104.0,104.5,380.0
2026-07-28 18:45:00+08:00,TAIFEX:CCF1!,104.5,105.0,104.5,105.0,68.0
2026-07-28 18:50:00+08:00,TAIFEX:CCF1!,105.0,105.5,105.0,105.5,68.0
2026-07-28 18:55:00+08:00,TAIFEX:CCF1!,105.5,106.0,105.5,105.5,23.0
2026-07-28 19:00:00+08:00,TAIFEX:CCF1!,105.5,106.0,104.5,104.5,256.0
2026-07-28 19:05:00+08:00,TAIFEX:CCF1!,104.5,105.0,103.5,104.0,2006.0
2026-07-28 19:10:00+08:00,TAIFEX:CCF1!,104.0,104.5,103.5,103.5,237.0
2026-07-28 19:15:00+08:00,TAIFEX:CCF1!,103.5,104.5,103.5,104.5,173.0
2026-07-28 19:20:00+08:00,TAIFEX:CCF1!,104.5,105.0,104.5,104.5,82.0
2026-07-28 19:25:00+08:00,TAIFEX:CCF1!,105.0,105.0,104.0,104.0,576.0
2026-07-28 19:30:00+08:00,TAIFEX:CCF1!,104.0,104.0,103.5,104.0,1039.0
2026-07-28 19:35:00+08:00,TAIFEX:CCF1!,104.0,104.0,103.5,103.5,428.0
2026-07-28 19:40:00+08:00,TAIFEX:CCF1!,103.5,104.0,103.5,104.0,115.0
2026-07-28 19:45:00+08:00,TAIFEX:CCF1!,104.0,104.5,103.5,104.5,210.0
2026-07-28 19:50:00+08:00,TAIFEX:CCF1!,104.5,104.5,104.0,104.5,183.0
2026-07-28 19:55:00+08:00,TAIFEX:CCF1!,104.5,105.0,104.5,105.0,200.0
2026-07-28 20:00:00+08:00,TAIFEX:CCF1!,105.0,105.5,105.0,105.5,208.0
2026-07-28 20:05:00+08:00,TAIFEX:CCF1!,105.5,106.0,105.0,105.0,297.0
2026-07-28 20:10:00+08:00,TAIFEX:CCF1!,105.0,105.0,104.5,105.0,96.0
2026-07-28 20:15:00+08:00,TAIFEX:CCF1!,105.0,105.0,104.5,105.0,73.0
2026-07-28 20:20:00+08:00,TAIFEX:CCF1!,105.0,105.5,105.0,105.0,187.0
2026-07-28 20:25:00+08:00,TAIFEX:CCF1!,105.5,106.0,105.5,106.0,188.0
2026-07-28 20:30:00+08:00,TAIFEX:CCF1!,106.0,106.0,105.5,105.5,84.0
2026-07-28 20:35:00+08:00,TAIFEX:CCF1!,105.5,105.5,105.0,105.0,56.0
2026-07-28 20:40:00+08:00,TAIFEX:CCF1!,105.5,106.0,105.5,106.0,30.0
2026-07-28 20:45:00+08:00,TAIFEX:CCF1!,106.0,106.5,105.5,106.0,227.0
2026-07-28 20:50:00+08:00,TAIFEX:CCF1!,106.0,106.0,106.0,106.0,27.0
2026-07-28 20:55:00+08:00,TAIFEX:CCF1!,106.0,106.0,105.5,105.5,26.0
2026-07-28 21:00:00+08:00,TAIFEX:CCF1!,105.5,106.5,105.5,106.5,269.0
2026-07-28 21:05:00+08:00,TAIFEX:CCF1!,106.5,107.0,106.0,107.0,51.0
2026-07-28 21:10:00+08:00,TAIFEX:CCF1!,107.0,107.0,106.5,106.5,143.0
2026-07-28 21:15:00+08:00,TAIFEX:CCF1!,106.5,107.0,106.5,106.5,19.0
2026-07-28 21:20:00+08:00,TAIFEX:CCF1!,107.0,107.0,106.0,106.0,101.0
2026-07-28 21:25:00+08:00,TAIFEX:CCF1!,106.0,106.0,105.0,105.5,238.0
2026-07-28 21:30:00+08:00,TAIFEX:CCF1!,105.5,108.0,105.5,107.5,1975.0
2026-07-28 21:35:00+08:00,TAIFEX:CCF1!,107.0,107.5,106.5,106.5,727.0
2026-07-28 21:40:00+08:00,TAIFEX:CCF1!,106.5,107.0,106.0,107.0,437.0
2026-07-28 21:45:00+08:00,TAIFEX:CCF1!,107.0,108.5,106.5,108.0,707.0
2026-07-28 21:50:00+08:00,TAIFEX:CCF1!,108.0,108.0,107.0,107.5,251.0
2026-07-28 21:55:00+08:00,TAIFEX:CCF1!,107.5,108.5,107.0,107.0,330.0
2026-07-28 22:00:00+08:00,TAIFEX:CCF1!,107.5,108.0,107.0,108.0,75.0
2026-07-28 22:05:00+08:00,TAIFEX:CCF1!,108.0,108.5,108.0,108.0,384.0
2026-07-28 22:10:00+08:00,TAIFEX:CCF1!,108.0,108.5,108.0,108.0,173.0
2026-07-28 22:15:00+08:00,TAIFEX:CCF1!,108.0,108.0,107.0,108.0,233.0
2026-07-28 22:20:00+08:00,TAIFEX:CCF1!,108.0,108.0,107.5,108.0,336.0
2026-07-28 22:25:00+08:00,TAIFEX:CCF1!,108.0,108.5,108.0,108.0,44.0
2026-07-28 22:30:00+08:00,TAIFEX:CCF1!,108.0,108.5,108.0,108.5,366.0
2026-07-28 22:35:00+08:00,TAIFEX:CCF1!,108.0,109.0,108.0,109.0,355.0
2026-07-28 22:40:00+08:00,TAIFEX:CCF1!,109.0,109.5,109.0,109.0,32.0
2026-07-28 22:45:00+08:00,TAIFEX:CCF1!,109.0,110.0,108.5,110.0,410.0
2026-07-28 22:50:00+08:00,TAIFEX:CCF1!,110.0,110.5,109.5,110.0,288.0
2026-07-28 22:55:00+08:00,TAIFEX:CCF1!,110.5,110.5,110.0,110.0,341.0
2026-07-28 23:00:00+08:00,TAIFEX:CCF1!,110.0,110.5,110.0,110.0,145.0
2026-07-28 23:05:00+08:00,TAIFEX:CCF1!,110.0,110.5,109.5,110.0,108.0
2026-07-28 23:10:00+08:00,TAIFEX:CCF1!,110.0,110.5,110.0,110.5,64.0
2026-07-28 23:15:00+08:00,TAIFEX:CCF1!,110.5,111.5,110.5,111.5,235.0
2026-07-28 23:20:00+08:00,TAIFEX:CCF1!,111.5,112.0,111.5,112.0,193.0
2026-07-28 23:25:00+08:00,TAIFEX:CCF1!,112.0,112.5,111.0,111.0,282.0
2026-07-28 23:30:00+08:00,TAIFEX:CCF1!,111.5,112.0,111.0,112.0,143.0
2026-07-28 23:35:00+08:00,TAIFEX:CCF1!,112.0,112.5,112.0,112.0,64.0
2026-07-28 23:40:00+08:00,TAIFEX:CCF1!,112.0,113.0,112.0,113.0,146.0
2026-07-28 23:45:00+08:00,TAIFEX:CCF1!,113.0,113.5,113.0,113.5,268.0
2026-07-28 23:50:00+08:00,TAIFEX:CCF1!,113.0,113.0,112.0,113.0,146.0
2026-07-28 23:55:00+08:00,TAIFEX:CCF1!,113.0,113.0,112.5,113.0,36.0
2026-07-29 00:00:00+08:00,TAIFEX:CCF1!,113.0,113.0,113.0,113.0,73.0
2026-07-29 00:05:00+08:00,TAIFEX:CCF1!,112.5,113.0,111.0,111.0,266.0
2026-07-29 00:10:00+08:00,TAIFEX:CCF1!,111.0,112.0,111.0,111.5,166.0
2026-07-29 00:15:00+08:00,TAIFEX:CCF1!,111.5,111.5,111.0,111.5,182.0
2026-07-29 00:20:00+08:00,TAIFEX:CCF1!,111.5,112.0,111.0,111.0,108.0
2026-07-29 00:25:00+08:00,TAIFEX:CCF1!,111.0,111.5,111.0,111.5,48.0
2026-07-29 00:30:00+08:00,TAIFEX:CCF1!,111.5,111.5,110.5,111.0,156.0
2026-07-29 00:35:00+08:00,TAIFEX:CCF1!,110.5,111.5,110.5,111.5,47.0
2026-07-29 00:40:00+08:00,TAIFEX:CCF1!,111.5,111.5,111.0,111.0,29.0
2026-07-29 00:45:00+08:00,TAIFEX:CCF1!,111.0,111.0,110.5,110.5,115.0
2026-07-29 00:50:00+08:00,TAIFEX:CCF1!,111.0,111.5,111.0,111.0,150.0
2026-07-29 00:55:00+08:00,TAIFEX:CCF1!,110.5,111.5,110.5,111.0,133.0
2026-07-29 01:00:00+08:00,TAIFEX:CCF1!,110.5,111.0,110.5,110.5,6.0
2026-07-29 01:05:00+08:00,TAIFEX:CCF1!,110.5,110.5,110.0,110.0,122.0
2026-07-29 01:10:00+08:00,TAIFEX:CCF1!,110.0,110.0,109.5,110.0,38.0
2026-07-29 01:15:00+08:00,TAIFEX:CCF1!,110.0,110.0,110.0,110.0,3.0
2026-07-29 01:20:00+08:00,TAIFEX:CCF1!,110.5,110.5,110.5,110.5,49.0
2026-07-29 01:25:00+08:00,TAIFEX:CCF1!,110.0,110.0,110.0,110.0,29.0
2026-07-29 01:30:00+08:00,TAIFEX:CCF1!,109.5,110.0,109.5,110.0,24.0
2026-07-29 01:35:00+08:00,TAIFEX:CCF1!,110.0,110.0,109.5,109.5,9.0
2026-07-29 01:40:00+08:00,TAIFEX:CCF1!,109.5,109.5,109.0,109.0,72.0
2026-07-29 01:45:00+08:00,TAIFEX:CCF1!,109.0,110.0,109.0,110.0,56.0
2026-07-29 01:50:00+08:00,TAIFEX:CCF1!,110.0,110.0,110.0,110.0,1.0
2026-07-29 02:00:00+08:00,TAIFEX:CCF1!,110.0,110.5,110.0,110.0,21.0
2026-07-29 02:05:00+08:00,TAIFEX:CCF1!,109.5,109.5,109.5,109.5,5.0
2026-07-29 02:10:00+08:00,TAIFEX:CCF1!,109.5,109.5,109.5,109.5,33.0
2026-07-29 02:15:00+08:00,TAIFEX:CCF1!,109.5,109.5,109.5,109.5,9.0
2026-07-29 02:25:00+08:00,TAIFEX:CCF1!,109.5,109.5,109.5,109.5,7.0
2026-07-29 02:30:00+08:00,TAIFEX:CCF1!,109.5,109.5,109.5,109.5,1.0
2026-07-29 02:35:00+08:00,TAIFEX:CCF1!,109.5,109.5,109.5,109.5,1.0
2026-07-29 02:40:00+08:00,TAIFEX:CCF1!,110.0,110.0,110.0,110.0,80.0
2026-07-29 02:45:00+08:00,TAIFEX:CCF1!,110.0,110.0,110.0,110.0,15.0
2026-07-29 02:50:00+08:00,TAIFEX:CCF1!,110.0,110.0,110.0,110.0,8.0
2026-07-29 02:55:00+08:00,TAIFEX:CCF1!,110.0,110.5,110.0,110.5,3.0
2026-07-29 03:00:00+08:00,TAIFEX:CCF1!,110.0,110.5,110.0,110.5,11.0
2026-07-29 03:05:00+08:00,TAIFEX:CCF1!,110.5,111.5,110.5,110.5,129.0
2026-07-29 03:10:00+08:00,TAIFEX:CCF1!,110.5,110.5,110.5,110.5,22.0
2026-07-29 03:15:00+08:00,TAIFEX:CCF1!,111.0,111.0,110.5,111.0,65.0
2026-07-29 03:20:00+08:00,TAIFEX:CCF1!,111.5,112.0,111.5,112.0,58.0
2026-07-29 03:25:00+08:00,TAIFEX:CCF1!,112.0,112.0,111.5,111.5,55.0
2026-07-29 03:30:00+08:00,TAIFEX:CCF1!,111.5,112.0,111.5,112.0,36.0
2026-07-29 03:35:00+08:00,TAIFEX:CCF1!,111.5,111.5,111.0,111.0,45.0
2026-07-29 03:40:00+08:00,TAIFEX:CCF1!,111.0,111.5,111.0,111.5,45.0
2026-07-29 03:45:00+08:00,TAIFEX:CCF1!,111.0,111.0,111.0,111.0,1.0
2026-07-29 03:50:00+08:00,TAIFEX:CCF1!,111.5,111.5,111.0,111.5,54.0
2026-07-29 03:55:00+08:00,TAIFEX:CCF1!,111.5,111.5,111.5,111.5,13.0
2026-07-29 04:00:00+08:00,TAIFEX:CCF1!,111.0,111.0,111.0,111.0,10.0
2026-07-29 04:05:00+08:00,TAIFEX:CCF1!,111.0,111.0,111.0,111.0,11.0
2026-07-29 04:10:00+08:00,TAIFEX:CCF1!,111.0,111.0,111.0,111.0,15.0
2026-07-29 04:15:00+08:00,TAIFEX:CCF1!,111.0,111.0,111.0,111.0,8.0
2026-07-29 04:20:00+08:00,TAIFEX:CCF1!,111.0,111.0,111.0,111.0,18.0
2026-07-29 04:25:00+08:00,TAIFEX:CCF1!,111.0,111.0,111.0,111.0,33.0
2026-07-29 04:30:00+08:00,TAIFEX:CCF1!,111.0,111.0,111.0,111.0,8.0
2026-07-29 04:35:00+08:00,TAIFEX:CCF1!,111.5,111.5,111.0,111.0,7.0
2026-07-29 04:40:00+08:00,TAIFEX:CCF1!,111.0,111.0,111.0,111.0,10.0
2026-07-29 04:45:00+08:00,TAIFEX:CCF1!,111.0,111.0,110.5,110.5,3.0
2026-07-29 04:50:00+08:00,TAIFEX:CCF1!,110.5,110.5,110.5,110.5,9.0
2026-07-29 04:55:00+08:00,TAIFEX:CCF1!,111.0,112.0,111.0,112.0,48.0
2026-07-29 08:45:00+08:00,TAIFEX:CCF1!,113.5,113.5,110.5,110.5,1354.0
2026-07-29 08:50:00+08:00,TAIFEX:CCF1!,110.5,112.0,110.0,111.5,627.0
2026-07-29 08:55:00+08:00,TAIFEX:CCF1!,111.0,111.5,109.5,109.5,322.0
2026-07-29 09:00:00+08:00,TAIFEX:CCF1!,109.0,112.0,107.5,110.0,3731.0
2026-07-29 09:05:00+08:00,TAIFEX:CCF1!,110.0,110.5,107.0,107.5,7709.0
2026-07-29 09:10:00+08:00,TAIFEX:CCF1!,107.5,107.5,104.5,105.5,4829.0
2026-07-29 09:15:00+08:00,TAIFEX:CCF1!,105.5,106.5,103.5,106.5,6645.0
2026-07-29 09:20:00+08:00,TAIFEX:CCF1!,106.5,111.0,106.5,110.5,4406.0
2026-07-29 09:25:00+08:00,TAIFEX:CCF1!,110.0,110.5,108.5,109.0,2832.0
2026-07-29 09:30:00+08:00,TAIFEX:CCF1!,109.5,109.5,107.5,109.0,2330.0
2026-07-29 09:35:00+08:00,TAIFEX:CCF1!,109.0,109.0,107.5,107.5,1296.0
2026-07-29 09:40:00+08:00,TAIFEX:CCF1!,107.5,107.5,105.5,107.5,1806.0
2026-07-29 09:45:00+08:00,TAIFEX:CCF1!,107.5,107.5,105.0,105.5,813.0
2026-07-29 09:50:00+08:00,TAIFEX:CCF1!,105.5,106.0,103.5,104.0,7161.0
2026-07-29 09:55:00+08:00,TAIFEX:CCF1!,104.0,104.0,103.5,103.5,1629.0
2026-07-29 10:00:00+08:00,TAIFEX:CCF1!,103.5,104.0,103.5,103.5,1179.0
2026-07-29 10:05:00+08:00,TAIFEX:CCF1!,103.5,103.5,103.5,103.5,15.0
2026-07-29 10:10:00+08:00,TAIFEX:CCF1!,103.5,103.5,103.5,103.5,12.0
2026-07-29 10:15:00+08:00,TAIFEX:CCF1!,103.5,103.5,103.5,103.5,17.0
2026-07-29 10:20:00+08:00,TAIFEX:CCF1!,103.5,103.5,103.5,103.5,5.0
2026-07-29 10:25:00+08:00,TAIFEX:CCF1!,103.5,103.5,103.5,103.5,8.0
2026-07-29 10:30:00+08:00,TAIFEX:CCF1!,103.5,103.5,103.5,103.5,15.0
2026-07-29 10:35:00+08:00,TAIFEX:CCF1!,103.5,103.5,103.5,103.5,2.0
2026-07-29 10:40:00+08:00,TAIFEX:CCF1!,103.5,103.5,103.5,103.5,3.0
2026-07-29 10:45:00+08:00,TAIFEX:CCF1!,103.5,103.5,103.5,103.5,2.0
2026-07-29 10:50:00+08:00,TAIFEX:CCF1!,103.5,103.5,103.5,103.5,1.0
2026-07-29 10:55:00+08:00,TAIFEX:CCF1!,103.5,103.5,103.5,103.5,1.0
2026-07-29 11:00:00+08:00,TAIFEX:CCF1!,103.5,103.5,103.5,103.5,3.0
2026-07-29 11:05:00+08:00,TAIFEX:CCF1!,103.5,103.5,103.5,103.5,6.0
2026-07-29 11:10:00+08:00,TAIFEX:CCF1!,103.5,103.5,103.5,103.5,22.0
2026-07-29 11:15:00+08:00,TAIFEX:CCF1!,103.5,103.5,103.5,103.5,9.0
2026-07-29 11:20:00+08:00,TAIFEX:CCF1!,103.5,103.5,103.5,103.5,25.0
2026-07-29 11:25:00+08:00,TAIFEX:CCF1!,103.5,103.5,103.5,103.5,1.0
2026-07-29 11:30:00+08:00,TAIFEX:CCF1!,103.5,103.5,103.5,103.5,1.0
2026-07-29 11:35:00+08:00,TAIFEX:CCF1!,103.5,103.5,103.5,103.5,1.0
2026-07-29 11:40:00+08:00,TAIFEX:CCF1!,103.5,103.5,103.5,103.5,11.0
2026-07-29 11:50:00+08:00,TAIFEX:CCF1!,103.5,103.5,103.5,103.5,4.0
2026-07-29 11:55:00+08:00,TAIFEX:CCF1!,103.5,103.5,103.5,103.5,1.0
2026-07-29 12:00:00+08:00,TAIFEX:CCF1!,103.5,103.5,103.5,103.5,3.0
2026-07-29 12:10:00+08:00,TAIFEX:CCF1!,103.5,103.5,103.5,103.5,2.0
2026-07-29 12:20:00+08:00,TAIFEX:CCF1!,103.5,103.5,103.5,103.5,1.0
2026-07-29 12:25:00+08:00,TAIFEX:CCF1!,103.5,103.5,103.5,103.5,2.0
2026-07-29 12:30:00+08:00,TAIFEX:CCF1!,103.5,103.5,103.5,103.5,1.0
2026-07-29 12:35:00+08:00,TAIFEX:CCF1!,103.5,103.5,103.5,103.5,1.0
2026-07-29 12:40:00+08:00,TAIFEX:CCF1!,103.5,103.5,103.5,103.5,1.0
2026-07-29 12:50:00+08:00,TAIFEX:CCF1!,103.5,103.5,103.5,103.5,51.0
2026-07-29 12:55:00+08:00,TAIFEX:CCF1!,103.5,103.5,103.5,103.5,344.0
2026-07-29 13:00:00+08:00,TAIFEX:CCF1!,103.5,103.5,103.5,103.5,10.0
2026-07-29 13:05:00+08:00,TAIFEX:CCF1!,103.5,103.5,103.5,103.5,21.0
2026-07-29 13:10:00+08:00,TAIFEX:CCF1!,103.5,103.5,103.5,103.5,795.0
2026-07-29 13:15:00+08:00,TAIFEX:CCF1!,103.5,103.5,103.5,103.5,48.0
2026-07-29 13:20:00+08:00,TAIFEX:CCF1!,103.5,103.5,103.5,103.5,5.0
2026-07-29 13:25:00+08:00,TAIFEX:CCF1!,103.5,103.5,103.5,103.5,18.0
2026-07-29 13:30:00+08:00,TAIFEX:CCF1!,103.5,103.5,103.5,103.5,10.0
2026-07-29 13:35:00+08:00,TAIFEX:CCF1!,103.5,103.5,103.5,103.5,953.0
2026-07-29 13:40:00+08:00,TAIFEX:CCF1!,103.5,105.0,103.5,104.5,1877.0
2026-07-29 17:25:00+08:00,TAIFEX:CCF1!,109.5,110.0,107.5,107.5,1062.0
2026-07-29 17:30:00+08:00,TAIFEX:CCF1!,107.5,108.0,106.5,107.5,468.0
2026-07-29 17:35:00+08:00,TAIFEX:CCF1!,107.5,108.0,107.0,108.0,218.0
2026-07-29 17:40:00+08:00,TAIFEX:CCF1!,108.5,109.0,108.0,109.0,216.0
2026-07-29 17:45:00+08:00,TAIFEX:CCF1!,108.5,109.5,108.5,109.5,509.0
2026-07-29 17:50:00+08:00,TAIFEX:CCF1!,110.0,111.5,110.0,111.0,636.0
2026-07-29 17:55:00+08:00,TAIFEX:CCF1!,111.5,111.5,110.5,111.5,240.0
2026-07-29 18:00:00+08:00,TAIFEX:CCF1!,111.0,111.0,110.0,110.0,510.0
2026-07-29 18:05:00+08:00,TAIFEX:CCF1!,110.0,111.5,110.0,111.5,344.0
2026-07-29 18:10:00+08:00,TAIFEX:CCF1!,111.5,111.5,111.0,111.0,172.0
2026-07-29 18:15:00+08:00,TAIFEX:CCF1!,111.0,111.5,110.5,111.0,124.0
2026-07-29 18:20:00+08:00,TAIFEX:CCF1!,111.0,111.0,110.5,111.0,164.0
2026-07-29 18:25:00+08:00,TAIFEX:CCF1!,111.0,111.5,110.5,111.0,154.0
2026-07-29 18:30:00+08:00,TAIFEX:CCF1!,111.0,111.0,110.0,110.0,112.0
2026-07-29 18:35:00+08:00,TAIFEX:CCF1!,110.0,110.0,109.5,109.5,120.0
2026-07-29 18:40:00+08:00,TAIFEX:CCF1!,110.0,110.0,109.5,109.5,175.0
2026-07-29 18:45:00+08:00,TAIFEX:CCF1!,109.5,110.0,109.0,109.0,104.0
2026-07-29 18:50:00+08:00,TAIFEX:CCF1!,109.0,109.5,109.0,109.0,75.0
2026-07-29 18:55:00+08:00,TAIFEX:CCF1!,109.0,109.5,108.0,108.0,235.0
2026-07-29 19:00:00+08:00,TAIFEX:CCF1!,108.0,108.5,107.5,108.5,221.0
2026-07-29 19:05:00+08:00,TAIFEX:CCF1!,108.5,108.5,108.0,108.0,118.0
2026-07-29 19:10:00+08:00,TAIFEX:CCF1!,108.5,109.0,108.5,108.5,95.0
2026-07-29 19:15:00+08:00,TAIFEX:CCF1!,108.5,109.5,108.5,109.5,152.0
2026-07-29 19:20:00+08:00,TAIFEX:CCF1!,109.5,109.5,109.5,109.5,21.0
2026-07-29 19:25:00+08:00,TAIFEX:CCF1!,109.5,109.5,109.5,109.5,28.0
2026-07-29 19:30:00+08:00,TAIFEX:CCF1!,109.0,109.5,109.0,109.0,71.0
2026-07-29 19:35:00+08:00,TAIFEX:CCF1!,109.0,109.0,109.0,109.0,42.0
2026-07-29 19:40:00+08:00,TAIFEX:CCF1!,108.5,109.0,108.5,109.0,10.0
2026-07-29 19:45:00+08:00,TAIFEX:CCF1!,109.0,109.5,108.5,109.5,156.0
2026-07-29 19:50:00+08:00,TAIFEX:CCF1!,109.5,109.5,109.0,109.5,88.0
2026-07-29 19:55:00+08:00,TAIFEX:CCF1!,109.5,110.0,109.5,109.5,90.0
2026-07-29 20:00:00+08:00,TAIFEX:CCF1!,109.5,109.5,109.5,109.5,125.0
2026-07-29 20:05:00+08:00,TAIFEX:CCF1!,109.0,109.5,109.0,109.5,37.0
2026-07-29 20:10:00+08:00,TAIFEX:CCF1!,109.5,109.5,109.5,109.5,32.0
2026-07-29 20:15:00+08:00,TAIFEX:CCF1!,109.5,109.5,108.0,108.5,256.0
2026-07-29 20:20:00+08:00,TAIFEX:CCF1!,108.5,109.0,108.5,108.5,65.0
2026-07-29 20:25:00+08:00,TAIFEX:CCF1!,108.5,110.0,108.5,109.5,117.0
2026-07-29 20:30:00+08:00,TAIFEX:CCF1!,109.5,109.5,109.0,109.0,46.0
2026-07-29 20:35:00+08:00,TAIFEX:CCF1!,109.0,109.5,109.0,109.0,23.0
2026-07-29 20:40:00+08:00,TAIFEX:CCF1!,109.0,109.0,109.0,109.0,13.0
2026-07-29 20:45:00+08:00,TAIFEX:CCF1!,109.0,109.0,109.0,109.0,111.0
2026-07-29 20:50:00+08:00,TAIFEX:CCF1!,109.0,109.5,109.0,109.0,30.0
2026-07-29 20:55:00+08:00,TAIFEX:CCF1!,109.0,109.0,108.5,108.5,151.0
2026-07-29 21:00:00+08:00,TAIFEX:CCF1!,108.5,108.5,108.0,108.0,27.0
2026-07-29 21:05:00+08:00,TAIFEX:CCF1!,108.5,108.5,108.5,108.5,13.0
2026-07-29 21:10:00+08:00,TAIFEX:CCF1!,108.5,108.5,108.5,108.5,13.0
2026-07-29 21:15:00+08:00,TAIFEX:CCF1!,108.5,108.5,108.0,108.5,48.0
2026-07-29 21:20:00+08:00,TAIFEX:CCF1!,108.5,108.5,108.5,108.5,7.0
2026-07-29 21:25:00+08:00,TAIFEX:CCF1!,108.5,109.0,108.5,109.0,220.0
2026-07-29 21:30:00+08:00,TAIFEX:CCF1!,109.0,110.0,108.0,110.0,627.0
2026-07-29 21:35:00+08:00,TAIFEX:CCF1!,110.0,111.5,110.0,111.0,1109.0
2026-07-29 21:40:00+08:00,TAIFEX:CCF1!,111.0,112.0,110.5,111.5,755.0
2026-07-29 21:45:00+08:00,TAIFEX:CCF1!,111.5,112.0,110.5,111.0,684.0
2026-07-29 21:50:00+08:00,TAIFEX:CCF1!,111.0,111.0,110.0,110.5,618.0
2026-07-29 21:55:00+08:00,TAIFEX:CCF1!,110.5,110.5,109.0,110.0,793.0
2026-07-29 22:00:00+08:00,TAIFEX:CCF1!,110.5,111.5,110.5,111.0,463.0
2026-07-29 22:05:00+08:00,TAIFEX:CCF1!,111.5,111.5,110.5,110.5,409.0
2026-07-29 22:10:00+08:00,TAIFEX:CCF1!,110.5,111.0,109.5,110.0,470.0
2026-07-29 22:15:00+08:00,TAIFEX:CCF1!,110.0,110.5,109.5,110.5,143.0
2026-07-29 22:20:00+08:00,TAIFEX:CCF1!,110.5,110.5,110.0,110.0,299.0
2026-07-29 22:25:00+08:00,TAIFEX:CCF1!,110.0,110.0,108.5,109.5,709.0
2026-07-29 22:30:00+08:00,TAIFEX:CCF1!,109.5,110.0,109.0,109.5,195.0
2026-07-29 22:35:00+08:00,TAIFEX:CCF1!,109.5,109.5,108.5,108.5,302.0
2026-07-29 22:40:00+08:00,TAIFEX:CCF1!,108.5,109.0,108.0,108.5,361.0
2026-07-29 22:45:00+08:00,TAIFEX:CCF1!,108.5,109.0,108.5,109.0,252.0
2026-07-29 22:50:00+08:00,TAIFEX:CCF1!,109.0,109.5,109.0,109.0,189.0
2026-07-29 22:55:00+08:00,TAIFEX:CCF1!,109.5,110.0,109.0,110.0,196.0
2026-07-29 23:00:00+08:00,TAIFEX:CCF1!,110.0,110.5,109.5,110.0,232.0
2026-07-29 23:05:00+08:00,TAIFEX:CCF1!,110.5,110.5,110.0,110.0,326.0
2026-07-29 23:10:00+08:00,TAIFEX:CCF1!,110.0,110.0,109.0,109.5,310.0
2026-07-29 23:15:00+08:00,TAIFEX:CCF1!,109.5,109.5,109.5,109.5,52.0
2026-07-29 23:20:00+08:00,TAIFEX:CCF1!,109.0,109.5,109.0,109.5,26.0
2026-07-29 23:25:00+08:00,TAIFEX:CCF1!,109.5,109.5,109.5,109.5,80.0
2026-07-29 23:30:00+08:00,TAIFEX:CCF1!,109.5,109.5,109.0,109.0,29.0
2026-07-29 23:35:00+08:00,TAIFEX:CCF1!,109.0,109.0,109.0,109.0,140.0
2026-07-29 23:40:00+08:00,TAIFEX:CCF1!,109.0,109.0,109.0,109.0,147.0
2026-07-29 23:50:00+08:00,TAIFEX:CCF1!,109.0,109.0,108.5,108.5,100.0
2026-07-29 23:55:00+08:00,TAIFEX:CCF1!,108.0,109.0,108.0,109.0,247.0
2026-07-30 00:00:00+08:00,TAIFEX:CCF1!,109.0,109.0,108.0,108.0,127.0
2026-07-30 00:05:00+08:00,TAIFEX:CCF1!,108.0,108.5,107.5,108.5,110.0
2026-07-30 00:10:00+08:00,TAIFEX:CCF1!,108.5,108.5,108.5,108.5,43.0
2026-07-30 00:15:00+08:00,TAIFEX:CCF1!,108.5,109.0,108.5,109.0,11.0
2026-07-30 00:20:00+08:00,TAIFEX:CCF1!,109.0,109.5,109.0,109.5,50.0
2026-07-30 00:25:00+08:00,TAIFEX:CCF1!,109.5,109.5,109.0,109.5,15.0
2026-07-30 00:30:00+08:00,TAIFEX:CCF1!,109.5,110.5,109.5,109.5,378.0
2026-07-30 00:35:00+08:00,TAIFEX:CCF1!,110.0,110.0,109.5,110.0,91.0
2026-07-30 00:40:00+08:00,TAIFEX:CCF1!,110.0,110.0,109.5,109.5,108.0
2026-07-30 00:45:00+08:00,TAIFEX:CCF1!,109.5,110.0,109.5,110.0,34.0
2026-07-30 00:50:00+08:00,TAIFEX:CCF1!,110.5,111.0,110.0,111.0,300.0
2026-07-30 00:55:00+08:00,TAIFEX:CCF1!,111.0,111.0,110.5,110.5,143.0
2026-07-30 01:00:00+08:00,TAIFEX:CCF1!,110.5,110.5,110.5,110.5,4.0
2026-07-30 01:05:00+08:00,TAIFEX:CCF1!,110.5,111.0,110.5,110.5,40.0
2026-07-30 01:10:00+08:00,TAIFEX:CCF1!,110.5,111.5,110.5,111.5,128.0
2026-07-30 01:15:00+08:00,TAIFEX:CCF1!,111.5,111.5,110.5,111.0,104.0
2026-07-30 01:20:00+08:00,TAIFEX:CCF1!,111.0,111.0,111.0,111.0,33.0
2026-07-30 01:25:00+08:00,TAIFEX:CCF1!,110.5,110.5,110.0,110.5,132.0
2026-07-30 01:30:00+08:00,TAIFEX:CCF1!,110.5,111.0,110.5,110.5,8.0
2026-07-30 01:35:00+08:00,TAIFEX:CCF1!,110.5,110.5,110.5,110.5,2.0
2026-07-30 01:40:00+08:00,TAIFEX:CCF1!,110.5,110.5,110.5,110.5,160.0
2026-07-30 01:45:00+08:00,TAIFEX:CCF1!,110.5,110.5,110.5,110.5,33.0
2026-07-30 01:50:00+08:00,TAIFEX:CCF1!,111.0,111.5,111.0,111.0,174.0
2026-07-30 01:55:00+08:00,TAIFEX:CCF1!,111.0,111.0,111.0,111.0,88.0
2026-07-30 02:00:00+08:00,TAIFEX:CCF1!,111.5,112.5,111.5,112.0,1180.0
2026-07-30 02:05:00+08:00,TAIFEX:CCF1!,112.0,113.0,112.0,112.5,615.0
2026-07-30 02:10:00+08:00,TAIFEX:CCF1!,112.5,113.0,111.5,111.5,278.0
2026-07-30 02:15:00+08:00,TAIFEX:CCF1!,111.5,112.0,111.0,111.0,202.0
2026-07-30 02:20:00+08:00,TAIFEX:CCF1!,110.5,111.0,110.5,111.0,192.0
2026-07-30 02:25:00+08:00,TAIFEX:CCF1!,111.0,111.0,110.5,111.0,54.0
2026-07-30 02:30:00+08:00,TAIFEX:CCF1!,111.5,111.5,111.0,111.0,156.0
2026-07-30 02:35:00+08:00,TAIFEX:CCF1!,111.5,112.0,111.5,112.0,129.0
2026-07-30 02:40:00+08:00,TAIFEX:CCF1!,112.5,113.0,112.5,113.0,147.0
2026-07-30 02:45:00+08:00,TAIFEX:CCF1!,113.0,113.0,112.5,113.0,178.0
2026-07-30 02:50:00+08:00,TAIFEX:CCF1!,113.0,113.5,113.0,113.5,91.0
2026-07-30 02:55:00+08:00,TAIFEX:CCF1!,113.5,113.5,113.0,113.5,262.0
2026-07-30 03:00:00+08:00,TAIFEX:CCF1!,113.0,114.0,113.0,113.0,541.0
2026-07-30 03:05:00+08:00,TAIFEX:CCF1!,113.0,113.0,112.5,112.5,285.0
2026-07-30 03:10:00+08:00,TAIFEX:CCF1!,112.5,112.5,112.0,112.0,54.0
2026-07-30 03:15:00+08:00,TAIFEX:CCF1!,112.5,112.5,111.5,111.5,250.0
2026-07-30 03:20:00+08:00,TAIFEX:CCF1!,111.5,111.5,110.5,111.0,188.0
2026-07-30 03:25:00+08:00,TAIFEX:CCF1!,111.0,111.5,110.5,111.5,182.0
2026-07-30 03:30:00+08:00,TAIFEX:CCF1!,111.0,111.5,110.0,111.0,363.0
2026-07-30 03:35:00+08:00,TAIFEX:CCF1!,111.0,111.0,110.5,110.5,299.0
2026-07-30 03:40:00+08:00,TAIFEX:CCF1!,110.0,110.5,110.0,110.0,316.0
2026-07-30 03:45:00+08:00,TAIFEX:CCF1!,109.5,109.5,109.5,109.5,178.0
2026-07-30 03:50:00+08:00,TAIFEX:CCF1!,109.5,109.5,109.0,109.0,232.0
2026-07-30 03:55:00+08:00,TAIFEX:CCF1!,109.0,109.0,108.5,108.5,158.0
2026-07-30 04:00:00+08:00,TAIFEX:CCF1!,108.5,108.5,108.0,108.5,284.0
2026-07-30 04:05:00+08:00,TAIFEX:CCF1!,108.0,109.0,108.0,108.5,23.0
2026-07-30 04:10:00+08:00,TAIFEX:CCF1!,108.5,108.5,108.0,108.5,56.0
2026-07-30 04:15:00+08:00,TAIFEX:CCF1!,108.5,108.5,108.0,108.0,44.0
2026-07-30 04:20:00+08:00,TAIFEX:CCF1!,108.0,108.0,108.0,108.0,35.0
2026-07-30 04:25:00+08:00,TAIFEX:CCF1!,107.5,108.0,107.5,107.5,86.0
2026-07-30 04:30:00+08:00,TAIFEX:CCF1!,107.5,107.5,107.0,107.5,69.0
2026-07-30 04:35:00+08:00,TAIFEX:CCF1!,107.5,108.0,107.5,108.0,30.0
2026-07-30 04:40:00+08:00,TAIFEX:CCF1!,108.5,108.5,108.0,108.0,30.0
2026-07-30 04:45:00+08:00,TAIFEX:CCF1!,108.0,108.5,108.0,108.0,76.0
2026-07-30 04:50:00+08:00,TAIFEX:CCF1!,108.0,108.0,107.0,107.0,144.0
2026-07-30 04:55:00+08:00,TAIFEX:CCF1!,107.0,107.5,106.5,107.0,117.0
2026-07-30 08:45:00+08:00,TAIFEX:CCF1!,105.5,109.5,105.5,109.5,2334.0
2026-07-30 08:50:00+08:00,TAIFEX:CCF1!,109.5,110.5,107.5,108.5,1761.0
2026-07-30 08:55:00+08:00,TAIFEX:CCF1!,108.5,109.5,107.0,107.5,853.0
2026-07-30 09:00:00+08:00,TAIFEX:CCF1!,108.0,109.5,105.5,109.5,4769.0
2026-07-30 09:05:00+08:00,TAIFEX:CCF1!,109.5,114.5,109.5,114.0,8469.0
2026-07-30 09:10:00+08:00,TAIFEX:CCF1!,113.5,114.5,112.0,112.5,3295.0
2026-07-30 09:15:00+08:00,TAIFEX:CCF1!,112.5,113.5,109.5,113.0,8807.0
2026-07-30 09:20:00+08:00,TAIFEX:CCF1!,113.5,114.5,112.0,114.5,3261.0
2026-07-30 09:25:00+08:00,TAIFEX:CCF1!,114.0,114.5,113.5,114.0,645.0
2026-07-30 09:30:00+08:00,TAIFEX:CCF1!,114.5,114.5,114.0,114.5,676.0
2026-07-30 09:35:00+08:00,TAIFEX:CCF1!,114.5,114.5,114.5,114.5,19.0
2026-07-30 09:40:00+08:00,TAIFEX:CCF1!,114.5,114.5,114.0,114.5,956.0
2026-07-30 09:45:00+08:00,TAIFEX:CCF1!,114.5,114.5,114.0,114.5,430.0
2026-07-30 09:50:00+08:00,TAIFEX:CCF1!,114.5,114.5,113.5,114.0,372.0
2026-07-30 09:55:00+08:00,TAIFEX:CCF1!,114.5,114.5,114.0,114.5,277.0
2026-07-30 10:00:00+08:00,TAIFEX:CCF1!,114.5,114.5,114.0,114.0,100.0
2026-07-30 10:05:00+08:00,TAIFEX:CCF1!,114.0,114.5,113.5,114.5,792.0
2026-07-30 10:10:00+08:00,TAIFEX:CCF1!,114.5,114.5,114.0,114.0,378.0
2026-07-30 10:15:00+08:00,TAIFEX:CCF1!,113.5,114.0,113.5,113.5,347.0
2026-07-30 10:20:00+08:00,TAIFEX:CCF1!,113.0,113.5,113.0,113.5,744.0
2026-07-30 10:25:00+08:00,TAIFEX:CCF1!,113.5,113.5,111.5,111.5,2275.0
2026-07-30 10:30:00+08:00,TAIFEX:CCF1!,111.5,113.5,111.0,113.5,3512.0
2026-07-30 10:35:00+08:00,TAIFEX:CCF1!,113.5,114.5,113.0,114.0,2210.0
2026-07-30 10:40:00+08:00,TAIFEX:CCF1!,114.0,114.5,114.0,114.5,445.0
2026-07-30 10:45:00+08:00,TAIFEX:CCF1!,114.5,114.5,114.5,114.5,15.0
2026-07-30 10:50:00+08:00,TAIFEX:CCF1!,114.5,114.5,114.5,114.5,482.0
2026-07-30 10:55:00+08:00,TAIFEX:CCF1!,114.0,114.5,113.0,113.5,599.0
2026-07-30 11:00:00+08:00,TAIFEX:CCF1!,113.5,114.5,113.5,114.0,473.0
2026-07-30 11:05:00+08:00,TAIFEX:CCF1!,114.0,114.5,114.0,114.0,329.0
2026-07-30 11:10:00+08:00,TAIFEX:CCF1!,113.5,113.5,112.5,113.0,475.0
2026-07-30 11:15:00+08:00,TAIFEX:CCF1!,113.0,113.5,111.5,112.0,1730.0
2026-07-30 11:20:00+08:00,TAIFEX:CCF1!,112.0,113.0,111.5,112.0,2856.0
2026-07-30 11:25:00+08:00,TAIFEX:CCF1!,112.0,114.0,112.0,113.5,790.0
2026-07-30 11:30:00+08:00,TAIFEX:CCF1!,113.5,114.0,113.0,114.0,400.0
2026-07-30 11:35:00+08:00,TAIFEX:CCF1!,114.0,114.0,113.5,113.5,358.0
2026-07-30 11:40:00+08:00,TAIFEX:CCF1!,113.0,114.0,113.0,114.0,418.0
2026-07-30 11:45:00+08:00,TAIFEX:CCF1!,114.0,114.0,113.5,114.0,336.0
2026-07-30 11:50:00+08:00,TAIFEX:CCF1!,114.0,114.0,113.5,114.0,66.0
2026-07-30 11:55:00+08:00,TAIFEX:CCF1!,114.0,114.0,113.0,113.5,328.0
2026-07-30 12:00:00+08:00,TAIFEX:CCF1!,113.5,113.5,113.0,113.5,76.0
2026-07-30 12:05:00+08:00,TAIFEX:CCF1!,113.5,113.5,112.5,112.5,309.0
2026-07-30 12:10:00+08:00,TAIFEX:CCF1!,113.0,113.0,112.5,113.0,219.0
2026-07-30 12:15:00+08:00,TAIFEX:CCF1!,113.0,113.0,112.5,112.5,77.0
2026-07-30 12:20:00+08:00,TAIFEX:CCF1!,112.5,113.5,112.5,113.5,309.0
2026-07-30 12:25:00+08:00,TAIFEX:CCF1!,113.5,114.0,113.5,114.0,250.0
2026-07-30 12:30:00+08:00,TAIFEX:CCF1!,113.5,113.5,113.0,113.5,106.0
2026-07-30 12:35:00+08:00,TAIFEX:CCF1!,113.5,113.5,113.5,113.5,747.0
2026-07-30 12:40:00+08:00,TAIFEX:CCF1!,113.5,113.5,113.0,113.0,533.0
2026-07-30 12:45:00+08:00,TAIFEX:CCF1!,113.0,113.5,113.0,113.5,620.0
2026-07-30 12:50:00+08:00,TAIFEX:CCF1!,113.0,113.0,110.0,110.0,3285.0
2026-07-30 12:55:00+08:00,TAIFEX:CCF1!,110.0,111.0,109.5,110.5,3921.0
2026-07-30 13:00:00+08:00,TAIFEX:CCF1!,110.5,111.0,108.5,109.0,2768.0
2026-07-30 13:05:00+08:00,TAIFEX:CCF1!,109.5,111.0,108.5,109.0,2890.0
2026-07-30 13:10:00+08:00,TAIFEX:CCF1!,109.0,109.5,108.0,109.5,1231.0
2026-07-30 13:15:00+08:00,TAIFEX:CCF1!,110.0,111.0,109.5,111.0,1747.0
2026-07-30 13:20:00+08:00,TAIFEX:CCF1!,111.5,111.5,109.0,109.0,1729.0
2026-07-30 13:25:00+08:00,TAIFEX:CCF1!,109.5,110.0,109.0,110.0,548.0
2026-07-30 13:30:00+08:00,TAIFEX:CCF1!,109.5,110.0,109.0,109.5,467.0
2026-07-30 13:35:00+08:00,TAIFEX:CCF1!,109.5,110.5,109.5,110.5,162.0
2026-07-30 13:40:00+08:00,TAIFEX:CCF1!,110.5,111.0,110.0,110.5,447.0
2026-07-30 17:25:00+08:00,TAIFEX:CCF1!,111.0,111.5,110.5,110.5,516.0
2026-07-30 17:30:00+08:00,TAIFEX:CCF1!,110.5,111.0,110.5,111.0,99.0
2026-07-30 17:35:00+08:00,TAIFEX:CCF1!,110.5,110.5,110.5,110.5,13.0
2026-07-30 17:40:00+08:00,TAIFEX:CCF1!,110.5,111.0,110.5,110.5,9.0
2026-07-30 17:45:00+08:00,TAIFEX:CCF1!,110.5,110.5,110.0,110.5,75.0
2026-07-30 17:50:00+08:00,TAIFEX:CCF1!,110.5,110.5,110.0,110.5,30.0
2026-07-30 17:55:00+08:00,TAIFEX:CCF1!,110.5,110.5,110.0,110.0,35.0
2026-07-30 18:00:00+08:00,TAIFEX:CCF1!,110.0,110.0,109.5,110.0,72.0
2026-07-30 18:05:00+08:00,TAIFEX:CCF1!,109.5,110.0,109.5,110.0,47.0
2026-07-30 18:10:00+08:00,TAIFEX:CCF1!,110.0,110.0,110.0,110.0,5.0
2026-07-30 18:15:00+08:00,TAIFEX:CCF1!,110.5,110.5,110.5,110.5,84.0
2026-07-30 18:20:00+08:00,TAIFEX:CCF1!,110.5,111.0,110.5,110.5,119.0
2026-07-30 18:25:00+08:00,TAIFEX:CCF1!,111.0,111.0,110.5,111.0,117.0
2026-07-30 18:30:00+08:00,TAIFEX:CCF1!,111.0,111.0,111.0,111.0,42.0
2026-07-30 18:35:00+08:00,TAIFEX:CCF1!,111.0,111.0,111.0,111.0,13.0
2026-07-30 18:40:00+08:00,TAIFEX:CCF1!,111.0,111.0,111.0,111.0,19.0
2026-07-30 18:45:00+08:00,TAIFEX:CCF1!,111.0,111.5,111.0,111.5,73.0
2026-07-30 18:50:00+08:00,TAIFEX:CCF1!,111.5,111.5,111.0,111.0,123.0
2026-07-30 18:55:00+08:00,TAIFEX:CCF1!,111.0,111.0,111.0,111.0,9.0
2026-07-30 19:00:00+08:00,TAIFEX:CCF1!,111.0,111.5,111.0,111.5,59.0
2026-07-30 19:05:00+08:00,TAIFEX:CCF1!,111.5,112.0,111.5,112.0,260.0
2026-07-30 19:10:00+08:00,TAIFEX:CCF1!,112.0,112.0,111.5,112.0,103.0
2026-07-30 19:15:00+08:00,TAIFEX:CCF1!,112.0,112.0,111.5,112.0,19.0
2026-07-30 19:20:00+08:00,TAIFEX:CCF1!,112.0,112.0,112.0,112.0,98.0
2026-07-30 19:25:00+08:00,TAIFEX:CCF1!,112.0,112.5,112.0,112.0,53.0
2026-07-30 19:30:00+08:00,TAIFEX:CCF1!,112.0,112.0,111.5,111.5,18.0
2026-07-30 19:35:00+08:00,TAIFEX:CCF1!,111.5,112.0,111.5,112.0,71.0
2026-07-30 19:40:00+08:00,TAIFEX:CCF1!,112.0,112.0,111.5,112.0,22.0
2026-07-30 19:45:00+08:00,TAIFEX:CCF1!,112.0,112.0,111.5,111.5,232.0
2026-07-30 19:50:00+08:00,TAIFEX:CCF1!,112.0,112.0,111.5,112.0,109.0
2026-07-30 19:55:00+08:00,TAIFEX:CCF1!,112.0,112.0,111.5,112.0,16.0
2026-07-30 20:00:00+08:00,TAIFEX:CCF1!,112.0,112.0,111.5,112.0,8.0
2026-07-30 20:05:00+08:00,TAIFEX:CCF1!,112.0,112.5,112.0,112.5,193.0
2026-07-30 20:10:00+08:00,TAIFEX:CCF1!,112.5,112.5,112.5,112.5,22.0
2026-07-30 20:15:00+08:00,TAIFEX:CCF1!,112.5,112.5,112.0,112.5,31.0
2026-07-30 20:20:00+08:00,TAIFEX:CCF1!,112.5,112.5,112.5,112.5,24.0
2026-07-30 20:25:00+08:00,TAIFEX:CCF1!,112.5,113.0,112.5,112.5,155.0
2026-07-30 20:30:00+08:00,TAIFEX:CCF1!,112.5,113.0,112.5,112.5,245.0
2026-07-30 20:35:00+08:00,TAIFEX:CCF1!,112.5,113.0,112.5,112.5,143.0
2026-07-30 20:40:00+08:00,TAIFEX:CCF1!,112.5,113.0,112.5,112.5,6.0
2026-07-30 20:45:00+08:00,TAIFEX:CCF1!,113.0,113.0,112.0,112.5,104.0
2026-07-30 20:50:00+08:00,TAIFEX:CCF1!,112.5,112.5,112.0,112.5,51.0
2026-07-30 20:55:00+08:00,TAIFEX:CCF1!,112.5,113.5,112.5,113.0,310.0
2026-07-30 21:00:00+08:00,TAIFEX:CCF1!,113.0,113.5,113.0,113.0,73.0
2026-07-30 21:05:00+08:00,TAIFEX:CCF1!,113.5,114.0,113.5,113.5,139.0
2026-07-30 21:10:00+08:00,TAIFEX:CCF1!,113.0,113.5,113.0,113.5,100.0
2026-07-30 21:15:00+08:00,TAIFEX:CCF1!,113.5,113.5,113.5,113.5,14.0
2026-07-30 21:20:00+08:00,TAIFEX:CCF1!,113.5,113.5,113.0,113.0,42.0
2026-07-30 21:25:00+08:00,TAIFEX:CCF1!,113.0,114.0,113.0,114.0,104.0
2026-07-30 21:30:00+08:00,TAIFEX:CCF1!,114.0,115.0,114.0,114.5,717.0
2026-07-30 21:35:00+08:00,TAIFEX:CCF1!,114.5,115.0,114.5,115.0,217.0
2026-07-30 21:40:00+08:00,TAIFEX:CCF1!,114.5,117.0,114.5,117.0,417.0
2026-07-30 21:45:00+08:00,TAIFEX:CCF1!,117.0,119.5,116.5,119.0,1129.0
2026-07-30 21:50:00+08:00,TAIFEX:CCF1!,119.5,119.5,118.0,119.0,864.0
2026-07-30 21:55:00+08:00,TAIFEX:CCF1!,119.5,119.5,118.5,119.5,509.0
2026-07-30 22:00:00+08:00,TAIFEX:CCF1!,119.5,121.0,119.5,120.0,722.0
2026-07-30 22:05:00+08:00,TAIFEX:CCF1!,120.0,120.0,118.5,119.0,486.0
2026-07-30 22:10:00+08:00,TAIFEX:CCF1!,118.5,119.5,118.5,119.0,311.0
2026-07-30 22:15:00+08:00,TAIFEX:CCF1!,119.0,120.0,119.0,119.5,222.0
2026-07-30 22:20:00+08:00,TAIFEX:CCF1!,119.5,120.5,119.5,120.0,659.0
2026-07-30 22:25:00+08:00,TAIFEX:CCF1!,120.0,121.0,119.5,120.5,561.0
2026-07-30 22:30:00+08:00,TAIFEX:CCF1!,120.5,121.0,120.0,120.5,417.0
2026-07-30 22:35:00+08:00,TAIFEX:CCF1!,120.5,120.5,120.0,120.5,259.0
2026-07-30 22:40:00+08:00,TAIFEX:CCF1!,120.0,120.5,119.5,120.0,211.0
2026-07-30 22:45:00+08:00,TAIFEX:CCF1!,120.0,120.5,119.5,120.0,430.0
2026-07-30 22:50:00+08:00,TAIFEX:CCF1!,120.5,120.5,119.5,119.5,333.0
2026-07-30 22:55:00+08:00,TAIFEX:CCF1!,119.5,119.5,119.0,119.5,160.0
2026-07-30 23:00:00+08:00,TAIFEX:CCF1!,119.5,120.0,119.0,120.0,292.0
2026-07-30 23:05:00+08:00,TAIFEX:CCF1!,120.0,120.0,119.5,120.0,190.0
2026-07-30 23:10:00+08:00,TAIFEX:CCF1!,120.0,120.0,119.5,119.5,51.0
2026-07-30 23:15:00+08:00,TAIFEX:CCF1!,120.0,120.0,120.0,120.0,165.0
2026-07-30 23:20:00+08:00,TAIFEX:CCF1!,119.5,120.0,119.5,120.0,181.0
2026-07-30 23:25:00+08:00,TAIFEX:CCF1!,120.0,120.0,119.5,120.0,87.0
2026-07-30 23:30:00+08:00,TAIFEX:CCF1!,120.0,120.0,119.5,120.0,29.0
2026-07-30 23:35:00+08:00,TAIFEX:CCF1!,120.0,120.5,120.0,120.0,169.0
2026-07-30 23:40:00+08:00,TAIFEX:CCF1!,120.0,120.0,120.0,120.0,111.0
2026-07-30 23:45:00+08:00,TAIFEX:CCF1!,120.0,120.0,120.0,120.0,30.0
2026-07-30 23:50:00+08:00,TAIFEX:CCF1!,120.5,120.5,120.5,120.5,2.0
2026-07-30 23:55:00+08:00,TAIFEX:CCF1!,120.5,120.5,120.0,120.5,98.0
2026-07-31 00:00:00+08:00,TAIFEX:CCF1!,120.5,121.0,120.5,121.0,159.0
2026-07-31 00:05:00+08:00,TAIFEX:CCF1!,121.0,121.0,120.5,121.0,28.0
2026-07-31 00:10:00+08:00,TAIFEX:CCF1!,121.0,121.0,120.5,121.0,35.0
2026-07-31 00:15:00+08:00,TAIFEX:CCF1!,121.0,121.0,120.5,121.0,300.0
2026-07-31 00:20:00+08:00,TAIFEX:CCF1!,121.0,121.0,120.5,120.5,41.0
2026-07-31 00:25:00+08:00,TAIFEX:CCF1!,120.5,121.0,120.5,121.0,78.0
2026-07-31 00:30:00+08:00,TAIFEX:CCF1!,121.0,121.0,120.5,120.5,7.0
2026-07-31 00:35:00+08:00,TAIFEX:CCF1!,120.5,121.0,120.5,120.5,6.0
2026-07-31 00:40:00+08:00,TAIFEX:CCF1!,120.5,120.5,120.0,120.5,227.0
2026-07-31 00:45:00+08:00,TAIFEX:CCF1!,120.0,120.5,120.0,120.0,6.0
2026-07-31 00:50:00+08:00,TAIFEX:CCF1!,120.5,120.5,120.5,120.5,57.0
2026-07-31 00:55:00+08:00,TAIFEX:CCF1!,120.5,120.5,120.5,120.5,36.0
2026-07-31 01:00:00+08:00,TAIFEX:CCF1!,120.5,121.0,120.5,121.0,154.0
2026-07-31 01:05:00+08:00,TAIFEX:CCF1!,121.0,121.5,121.0,121.5,46.0
2026-07-31 01:10:00+08:00,TAIFEX:CCF1!,121.0,121.0,121.0,121.0,11.0
2026-07-31 01:15:00+08:00,TAIFEX:CCF1!,121.0,121.5,121.0,121.5,20.0
2026-07-31 01:20:00+08:00,TAIFEX:CCF1!,121.5,121.5,121.0,121.0,14.0
2026-07-31 01:25:00+08:00,TAIFEX:CCF1!,121.5,121.5,121.0,121.0,121.0
2026-07-31 01:30:00+08:00,TAIFEX:CCF1!,121.0,121.5,121.0,121.0,155.0
2026-07-31 01:35:00+08:00,TAIFEX:CCF1!,121.0,121.0,121.0,121.0,14.0
2026-07-31 01:40:00+08:00,TAIFEX:CCF1!,121.0,121.0,121.0,121.0,62.0
2026-07-31 01:45:00+08:00,TAIFEX:CCF1!,121.5,121.5,121.0,121.0,3.0
2026-07-31 01:50:00+08:00,TAIFEX:CCF1!,121.5,121.5,121.0,121.0,3.0
2026-07-31 01:55:00+08:00,TAIFEX:CCF1!,121.0,121.0,121.0,121.0,22.0
2026-07-31 02:00:00+08:00,TAIFEX:CCF1!,121.0,121.5,121.0,121.0,10.0
2026-07-31 02:05:00+08:00,TAIFEX:CCF1!,121.0,121.5,121.0,121.5,2.0
2026-07-31 02:10:00+08:00,TAIFEX:CCF1!,121.0,121.5,121.0,121.0,28.0
2026-07-31 02:15:00+08:00,TAIFEX:CCF1!,121.0,121.0,121.0,121.0,9.0
2026-07-31 02:20:00+08:00,TAIFEX:CCF1!,121.0,121.0,121.0,121.0,2.0
2026-07-31 02:25:00+08:00,TAIFEX:CCF1!,121.0,121.0,121.0,121.0,6.0
2026-07-31 02:30:00+08:00,TAIFEX:CCF1!,121.0,121.0,121.0,121.0,1.0
2026-07-31 02:35:00+08:00,TAIFEX:CCF1!,120.5,120.5,120.5,120.5,3.0
2026-07-31 02:40:00+08:00,TAIFEX:CCF1!,120.5,120.5,120.5,120.5,2.0
2026-07-31 02:45:00+08:00,TAIFEX:CCF1!,120.5,120.5,120.5,120.5,68.0
2026-07-31 02:50:00+08:00,TAIFEX:CCF1!,120.5,120.5,120.5,120.5,1.0
2026-07-31 03:00:00+08:00,TAIFEX:CCF1!,121.0,121.0,121.0,121.0,33.0
2026-07-31 03:05:00+08:00,TAIFEX:CCF1!,121.0,121.5,121.0,121.0,53.0
2026-07-31 03:10:00+08:00,TAIFEX:CCF1!,121.5,121.5,121.5,121.5,10.0
2026-07-31 03:15:00+08:00,TAIFEX:CCF1!,121.0,121.5,121.0,121.5,35.0
2026-07-31 03:30:00+08:00,TAIFEX:CCF1!,121.0,121.0,121.0,121.0,7.0
2026-07-31 03:35:00+08:00,TAIFEX:CCF1!,121.0,121.0,121.0,121.0,2.0
2026-07-31 03:40:00+08:00,TAIFEX:CCF1!,121.0,121.0,121.0,121.0,1.0
2026-07-31 03:45:00+08:00,TAIFEX:CCF1!,121.0,121.0,121.0,121.0,1.0
2026-07-31 03:50:00+08:00,TAIFEX:CCF1!,121.5,121.5,121.5,121.5,6.0
2026-07-31 03:55:00+08:00,TAIFEX:CCF1!,121.0,121.5,121.0,121.5,33.0
2026-07-31 04:00:00+08:00,TAIFEX:CCF1!,121.5,121.5,121.5,121.5,48.0
2026-07-31 04:05:00+08:00,TAIFEX:CCF1!,121.5,121.5,121.0,121.0,10.0
2026-07-31 04:10:00+08:00,TAIFEX:CCF1!,121.0,121.5,121.0,121.5,33.0
2026-07-31 04:15:00+08:00,TAIFEX:CCF1!,121.5,121.5,121.0,121.0,12.0
2026-07-31 04:20:00+08:00,TAIFEX:CCF1!,121.0,121.5,121.0,121.5,13.0
2026-07-31 04:25:00+08:00,TAIFEX:CCF1!,121.5,121.5,121.5,121.5,15.0
2026-07-31 04:30:00+08:00,TAIFEX:CCF1!,121.0,121.0,121.0,121.0,9.0
2026-07-31 04:35:00+08:00,TAIFEX:CCF1!,121.0,121.5,121.0,121.5,20.0
2026-07-31 04:40:00+08:00,TAIFEX:CCF1!,121.5,121.5,121.5,121.5,9.0
2026-07-31 04:45:00+08:00,TAIFEX:CCF1!,121.0,121.5,121.0,121.5,14.0
2026-07-31 04:50:00+08:00,TAIFEX:CCF1!,121.5,121.5,121.0,121.5,43.0
2026-07-31 04:55:00+08:00,TAIFEX:CCF1!,121.5,121.5,121.0,121.0,229.0
2026-07-31 08:45:00+08:00,TAIFEX:CCF1!,122.0,122.0,122.0,122.0,163.0
2026-07-31 08:50:00+08:00,TAIFEX:CCF1!,122.0,122.0,122.0,122.0,27.0
2026-07-31 08:55:00+08:00,TAIFEX:CCF1!,122.0,122.0,122.0,122.0,11.0
2026-07-31 09:00:00+08:00,TAIFEX:CCF1!,122.0,122.0,122.0,122.0,11.0
2026-07-31 09:05:00+08:00,TAIFEX:CCF1!,122.0,122.0,122.0,122.0,4.0
2026-07-31 09:10:00+08:00,TAIFEX:CCF1!,122.0,122.0,122.0,122.0,17.0
2026-07-31 09:15:00+08:00,TAIFEX:CCF1!,122.0,122.0,122.0,122.0,10.0
2026-07-31 09:20:00+08:00,TAIFEX:CCF1!,122.0,122.0,122.0,122.0,4.0
2026-07-31 09:25:00+08:00,TAIFEX:CCF1!,122.0,122.0,122.0,122.0,9.0
2026-07-31 09:30:00+08:00,TAIFEX:CCF1!,122.0,122.0,122.0,122.0,1.0
2026-07-31 09:40:00+08:00,TAIFEX:CCF1!,122.0,122.0,122.0,122.0,2.0
2026-07-31 09:45:00+08:00,TAIFEX:CCF1!,122.0,122.0,122.0,122.0,1.0
2026-07-31 09:50:00+08:00,TAIFEX:CCF1!,122.0,122.0,122.0,122.0,9.0
2026-07-31 09:55:00+08:00,TAIFEX:CCF1!,122.0,122.0,122.0,122.0,1.0
2026-07-31 10:05:00+08:00,TAIFEX:CCF1!,122.0,122.0,122.0,122.0,6.0
2026-07-31 10:10:00+08:00,TAIFEX:CCF1!,122.0,122.0,122.0,122.0,1.0
2026-07-31 10:15:00+08:00,TAIFEX:CCF1!,122.0,122.0,122.0,122.0,3.0
2026-07-31 10:30:00+08:00,TAIFEX:CCF1!,122.0,122.0,122.0,122.0,3.0
2026-07-31 10:50:00+08:00,TAIFEX:CCF1!,122.0,122.0,122.0,122.0,1.0
2026-07-31 10:55:00+08:00,TAIFEX:CCF1!,122.0,122.0,122.0,122.0,2.0
2026-07-31 11:00:00+08:00,TAIFEX:CCF1!,122.0,122.0,122.0,122.0,1.0
2026-07-31 11:05:00+08:00,TAIFEX:CCF1!,122.0,122.0,122.0,122.0,1.0
2026-07-31 11:10:00+08:00,TAIFEX:CCF1!,122.0,122.0,122.0,122.0,1.0
2026-07-31 11:15:00+08:00,TAIFEX:CCF1!,122.0,122.0,122.0,122.0,6.0
2026-07-31 11:20:00+08:00,TAIFEX:CCF1!,122.0,122.0,122.0,122.0,1.0
2026-07-31 11:35:00+08:00,TAIFEX:CCF1!,122.0,122.0,122.0,122.0,1.0
2026-07-31 11:55:00+08:00,TAIFEX:CCF1!,122.0,122.0,122.0,122.0,1.0
2026-07-31 12:35:00+08:00,TAIFEX:CCF1!,122.0,122.0,122.0,122.0,1.0
2026-07-31 12:40:00+08:00,TAIFEX:CCF1!,122.0,122.0,122.0,122.0,1.0
2026-07-31 12:55:00+08:00,TAIFEX:CCF1!,122.0,122.0,122.0,122.0,4.0
2026-07-31 13:05:00+08:00,TAIFEX:CCF1!,122.0,122.0,122.0,122.0,3.0
2026-07-31 13:10:00+08:00,TAIFEX:CCF1!,122.0,122.0,122.0,122.0,3.0
2026-07-31 13:20:00+08:00,TAIFEX:CCF1!,122.0,122.0,122.0,122.0,9.0
2026-07-31 13:30:00+08:00,TAIFEX:CCF1!,122.0,122.0,122.0,122.0,23.0
2026-07-31 17:25:00+08:00,TAIFEX:CCF1!,126.0,128.5,126.0,127.0,1007.0
2026-07-31 17:30:00+08:00,TAIFEX:CCF1!,127.0,128.0,127.0,127.0,185.0
2026-07-31 17:35:00+08:00,TAIFEX:CCF1!,127.0,127.0,126.5,126.5,173.0
2026-07-31 17:40:00+08:00,TAIFEX:CCF1!,126.5,126.5,126.0,126.5,166.0
2026-07-31 17:45:00+08:00,TAIFEX:CCF1!,127.0,127.5,127.0,127.5,157.0
2026-07-31 17:50:00+08:00,TAIFEX:CCF1!,127.5,128.5,127.0,127.0,500.0
2026-07-31 17:55:00+08:00,TAIFEX:CCF1!,127.0,127.5,127.0,127.0,172.0
2026-07-31 18:00:00+08:00,TAIFEX:CCF1!,127.0,127.5,127.0,127.5,129.0
2026-07-31 18:05:00+08:00,TAIFEX:CCF1!,127.5,128.0,127.5,127.5,43.0
2026-07-31 18:10:00+08:00,TAIFEX:CCF1!,127.5,128.0,127.5,128.0,43.0
2026-07-31 18:15:00+08:00,TAIFEX:CCF1!,128.0,128.0,127.5,127.5,20.0
2026-07-31 18:20:00+08:00,TAIFEX:CCF1!,128.0,128.0,128.0,128.0,8.0
2026-07-31 18:25:00+08:00,TAIFEX:CCF1!,128.0,128.0,127.5,128.0,13.0
2026-07-31 18:30:00+08:00,TAIFEX:CCF1!,128.0,128.5,128.0,128.5,178.0
2026-07-31 18:35:00+08:00,TAIFEX:CCF1!,128.5,128.5,128.0,128.0,28.0
2026-07-31 18:40:00+08:00,TAIFEX:CCF1!,128.0,128.5,128.0,128.5,33.0
2026-07-31 18:45:00+08:00,TAIFEX:CCF1!,128.5,128.5,128.0,128.0,75.0
2026-07-31 18:50:00+08:00,TAIFEX:CCF1!,128.0,128.0,128.0,128.0,92.0
2026-07-31 18:55:00+08:00,TAIFEX:CCF1!,127.5,127.5,127.0,127.5,157.0
2026-07-31 19:00:00+08:00,TAIFEX:CCF1!,127.5,128.0,127.0,128.0,54.0
2026-07-31 19:05:00+08:00,TAIFEX:CCF1!,128.0,128.0,127.5,128.0,30.0
2026-07-31 19:10:00+08:00,TAIFEX:CCF1!,128.0,128.0,127.5,128.0,18.0
2026-07-31 19:15:00+08:00,TAIFEX:CCF1!,128.0,128.0,127.5,127.5,10.0
2026-07-31 19:20:00+08:00,TAIFEX:CCF1!,127.5,127.5,127.5,127.5,2.0
2026-07-31 19:25:00+08:00,TAIFEX:CCF1!,128.0,128.0,127.5,128.0,6.0
2026-07-31 19:30:00+08:00,TAIFEX:CCF1!,128.0,128.0,127.5,127.5,11.0
2026-07-31 19:35:00+08:00,TAIFEX:CCF1!,127.5,127.5,127.5,127.5,2.0
2026-07-31 19:40:00+08:00,TAIFEX:CCF1!,127.5,128.0,127.5,127.5,6.0
2026-07-31 19:45:00+08:00,TAIFEX:CCF1!,128.0,128.0,128.0,128.0,11.0
2026-07-31 19:50:00+08:00,TAIFEX:CCF1!,127.5,128.0,127.5,127.5,8.0
2026-07-31 19:55:00+08:00,TAIFEX:CCF1!,128.0,128.0,127.5,128.0,11.0
2026-07-31 20:00:00+08:00,TAIFEX:CCF1!,128.0,128.0,127.5,127.5,19.0
2026-07-31 20:05:00+08:00,TAIFEX:CCF1!,127.5,127.5,127.5,127.5,3.0
2026-07-31 20:10:00+08:00,TAIFEX:CCF1!,127.5,127.5,127.5,127.5,19.0
2026-07-31 20:15:00+08:00,TAIFEX:CCF1!,127.5,127.5,127.0,127.0,155.0
2026-07-31 20:20:00+08:00,TAIFEX:CCF1!,127.0,127.5,127.0,127.0,52.0
2026-07-31 20:25:00+08:00,TAIFEX:CCF1!,127.0,127.5,127.0,127.5,167.0
2026-07-31 20:30:00+08:00,TAIFEX:CCF1!,127.5,127.5,127.0,127.0,9.0
2026-07-31 20:35:00+08:00,TAIFEX:CCF1!,127.0,127.0,127.0,127.0,16.0
2026-07-31 20:40:00+08:00,TAIFEX:CCF1!,127.0,127.0,126.5,126.5,123.0
2026-07-31 20:45:00+08:00,TAIFEX:CCF1!,126.5,127.0,126.5,126.5,29.0
2026-07-31 20:50:00+08:00,TAIFEX:CCF1!,126.5,127.0,126.5,127.0,86.0
2026-07-31 20:55:00+08:00,TAIFEX:CCF1!,127.0,127.0,127.0,127.0,7.0
2026-07-31 21:00:00+08:00,TAIFEX:CCF1!,127.0,127.5,127.0,127.5,3.0
2026-07-31 21:05:00+08:00,TAIFEX:CCF1!,127.5,127.5,127.0,127.0,11.0
2026-07-31 21:10:00+08:00,TAIFEX:CCF1!,127.5,127.5,127.5,127.5,1.0
2026-07-31 21:15:00+08:00,TAIFEX:CCF1!,127.5,127.5,127.0,127.5,115.0
2026-07-31 21:20:00+08:00,TAIFEX:CCF1!,127.5,128.0,127.5,128.0,37.0
2026-07-31 21:25:00+08:00,TAIFEX:CCF1!,128.0,128.0,128.0,128.0,188.0
2026-07-31 21:30:00+08:00,TAIFEX:CCF1!,128.0,128.5,127.5,128.0,189.0
2026-07-31 21:35:00+08:00,TAIFEX:CCF1!,128.0,128.5,126.5,127.0,346.0
2026-07-31 21:40:00+08:00,TAIFEX:CCF1!,126.5,127.0,124.5,125.0,866.0
2026-07-31 21:45:00+08:00,TAIFEX:CCF1!,125.0,126.0,121.5,122.5,1043.0
2026-07-31 21:50:00+08:00,TAIFEX:CCF1!,122.5,124.5,122.0,122.5,545.0
2026-07-31 21:55:00+08:00,TAIFEX:CCF1!,123.0,124.5,123.0,123.5,354.0
2026-07-31 22:00:00+08:00,TAIFEX:CCF1!,123.5,123.5,121.0,121.0,649.0
2026-07-31 22:05:00+08:00,TAIFEX:CCF1!,121.0,122.0,121.0,121.5,541.0
2026-07-31 22:10:00+08:00,TAIFEX:CCF1!,121.0,122.5,120.5,121.5,561.0
2026-07-31 22:15:00+08:00,TAIFEX:CCF1!,121.5,124.0,121.0,124.0,886.0
2026-07-31 22:20:00+08:00,TAIFEX:CCF1!,123.5,124.5,123.0,123.5,572.0
2026-07-31 22:25:00+08:00,TAIFEX:CCF1!,123.5,124.5,123.0,124.5,415.0
2026-07-31 22:30:00+08:00,TAIFEX:CCF1!,124.5,125.0,123.5,124.0,442.0
2026-07-31 22:35:00+08:00,TAIFEX:CCF1!,124.5,125.0,124.0,124.0,251.0
2026-07-31 22:40:00+08:00,TAIFEX:CCF1!,124.0,124.5,123.5,124.0,430.0
2026-07-31 22:45:00+08:00,TAIFEX:CCF1!,124.0,125.0,123.5,125.0,284.0
2026-07-31 22:50:00+08:00,TAIFEX:CCF1!,125.0,125.0,124.0,124.0,126.0
2026-07-31 22:55:00+08:00,TAIFEX:CCF1!,124.5,124.5,123.0,124.0,409.0
2026-07-31 23:00:00+08:00,TAIFEX:CCF1!,124.0,124.5,124.0,124.5,148.0
2026-07-31 23:05:00+08:00,TAIFEX:CCF1!,124.5,124.5,124.0,124.0,74.0
2026-07-31 23:10:00+08:00,TAIFEX:CCF1!,123.5,124.0,123.0,124.0,269.0
2026-07-31 23:15:00+08:00,TAIFEX:CCF1!,124.0,124.0,123.5,123.5,30.0
2026-07-31 23:20:00+08:00,TAIFEX:CCF1!,123.5,123.5,123.0,123.0,39.0
2026-07-31 23:25:00+08:00,TAIFEX:CCF1!,123.0,123.0,122.0,122.5,356.0
2026-07-31 23:30:00+08:00,TAIFEX:CCF1!,123.0,123.0,122.0,122.5,186.0
2026-07-31 23:35:00+08:00,TAIFEX:CCF1!,123.0,124.0,123.0,124.0,291.0
2026-07-31 23:40:00+08:00,TAIFEX:CCF1!,124.0,124.0,122.5,123.0,195.0
2026-07-31 23:45:00+08:00,TAIFEX:CCF1!,123.0,123.0,122.5,123.0,172.0
2026-07-31 23:50:00+08:00,TAIFEX:CCF1!,123.0,123.5,123.0,123.5,64.0
2026-07-31 23:55:00+08:00,TAIFEX:CCF1!,123.5,123.5,123.5,123.5,135.0
2026-08-01 00:00:00+08:00,TAIFEX:CCF1!,123.5,123.5,123.5,123.5,47.0
2026-08-01 00:05:00+08:00,TAIFEX:CCF1!,123.5,123.5,123.0,123.5,12.0
2026-08-01 00:10:00+08:00,TAIFEX:CCF1!,123.5,123.5,123.0,123.0,86.0
2026-08-01 00:15:00+08:00,TAIFEX:CCF1!,123.0,123.0,122.5,122.5,53.0
2026-08-01 00:20:00+08:00,TAIFEX:CCF1!,123.0,123.5,123.0,123.5,191.0
2026-08-01 00:25:00+08:00,TAIFEX:CCF1!,124.0,124.0,123.0,123.5,192.0
2026-08-01 00:30:00+08:00,TAIFEX:CCF1!,123.5,124.0,123.5,123.5,148.0
2026-08-01 00:35:00+08:00,TAIFEX:CCF1!,124.0,124.5,123.5,124.0,154.0
2026-08-01 00:40:00+08:00,TAIFEX:CCF1!,124.5,124.5,123.5,124.0,36.0
2026-08-01 00:45:00+08:00,TAIFEX:CCF1!,123.5,123.5,123.5,123.5,40.0
2026-08-01 00:50:00+08:00,TAIFEX:CCF1!,123.5,124.0,123.5,123.5,9.0
2026-08-01 00:55:00+08:00,TAIFEX:CCF1!,124.0,124.0,124.0,124.0,16.0
2026-08-01 01:00:00+08:00,TAIFEX:CCF1!,124.0,124.0,124.0,124.0,67.0
2026-08-01 01:05:00+08:00,TAIFEX:CCF1!,124.0,124.5,124.0,124.0,29.0
2026-08-01 01:10:00+08:00,TAIFEX:CCF1!,124.0,124.0,124.0,124.0,42.0
2026-08-01 01:15:00+08:00,TAIFEX:CCF1!,124.5,124.5,124.5,124.5,13.0
2026-08-01 01:20:00+08:00,TAIFEX:CCF1!,124.5,124.5,123.5,124.0,133.0
2026-08-01 01:25:00+08:00,TAIFEX:CCF1!,124.0,124.5,124.0,124.5,3.0
2026-08-01 01:30:00+08:00,TAIFEX:CCF1!,124.5,124.5,124.5,124.5,101.0
2026-08-01 01:35:00+08:00,TAIFEX:CCF1!,125.0,125.0,124.5,124.5,32.0
2026-08-01 01:40:00+08:00,TAIFEX:CCF1!,124.5,124.5,124.0,124.0,18.0
2026-08-01 01:45:00+08:00,TAIFEX:CCF1!,124.5,124.5,124.0,124.5,20.0
2026-08-01 01:50:00+08:00,TAIFEX:CCF1!,124.5,124.5,124.0,124.0,7.0
2026-08-01 01:55:00+08:00,TAIFEX:CCF1!,124.0,124.5,124.0,124.5,17.0
2026-08-01 02:00:00+08:00,TAIFEX:CCF1!,124.5,124.5,124.5,124.5,2.0
2026-08-01 02:10:00+08:00,TAIFEX:CCF1!,124.0,124.0,123.5,123.5,98.0
2026-08-01 02:15:00+08:00,TAIFEX:CCF1!,123.5,123.5,123.5,123.5,11.0
2026-08-01 02:25:00+08:00,TAIFEX:CCF1!,124.0,124.0,124.0,124.0,32.0
2026-08-01 02:30:00+08:00,TAIFEX:CCF1!,124.0,124.0,124.0,124.0,2.0
2026-08-01 02:35:00+08:00,TAIFEX:CCF1!,124.0,124.0,124.0,124.0,26.0
2026-08-01 02:45:00+08:00,TAIFEX:CCF1!,124.0,124.5,124.0,124.0,30.0
2026-08-01 02:55:00+08:00,TAIFEX:CCF1!,124.0,124.5,124.0,124.0,51.0
2026-08-01 03:00:00+08:00,TAIFEX:CCF1!,124.0,124.0,123.5,123.5,47.0
2026-08-01 03:05:00+08:00,TAIFEX:CCF1!,123.5,123.5,123.5,123.5,2.0
2026-08-01 03:10:00+08:00,TAIFEX:CCF1!,124.0,124.0,124.0,124.0,1.0
2026-08-01 03:15:00+08:00,TAIFEX:CCF1!,124.0,124.0,124.0,124.0,11.0
2026-08-01 03:20:00+08:00,TAIFEX:CCF1!,124.0,124.0,124.0,124.0,53.0
2026-08-01 03:25:00+08:00,TAIFEX:CCF1!,124.0,124.0,124.0,124.0,16.0
2026-08-01 03:30:00+08:00,TAIFEX:CCF1!,124.0,124.0,123.5,123.5,66.0
2026-08-01 03:35:00+08:00,TAIFEX:CCF1!,123.5,123.5,123.5,123.5,12.0
2026-08-01 03:40:00+08:00,TAIFEX:CCF1!,123.5,123.5,123.5,123.5,48.0
2026-08-01 03:45:00+08:00,TAIFEX:CCF1!,123.5,124.0,123.5,124.0,6.0
2026-08-01 03:50:00+08:00,TAIFEX:CCF1!,124.0,124.0,124.0,124.0,2.0
2026-08-01 03:55:00+08:00,TAIFEX:CCF1!,123.5,123.5,123.0,123.0,38.0
2026-08-01 04:00:00+08:00,TAIFEX:CCF1!,123.5,123.5,123.5,123.5,35.0
2026-08-01 04:05:00+08:00,TAIFEX:CCF1!,123.5,124.0,123.5,123.5,64.0
2026-08-01 04:10:00+08:00,TAIFEX:CCF1!,123.5,123.5,123.5,123.5,29.0
2026-08-01 04:15:00+08:00,TAIFEX:CCF1!,123.0,123.5,123.0,123.5,7.0
2026-08-01 04:20:00+08:00,TAIFEX:CCF1!,123.5,123.5,123.5,123.5,5.0
2026-08-01 04:25:00+08:00,TAIFEX:CCF1!,123.5,123.5,123.5,123.5,2.0
2026-08-01 04:30:00+08:00,TAIFEX:CCF1!,123.5,123.5,123.0,123.0,5.0
2026-08-01 04:35:00+08:00,TAIFEX:CCF1!,123.0,123.5,123.0,123.0,6.0
2026-08-01 04:45:00+08:00,TAIFEX:CCF1!,123.0,124.0,123.0,123.5,65.0
2026-08-01 04:50:00+08:00,TAIFEX:CCF1!,124.0,124.0,123.5,123.5,22.0
2026-08-01 04:55:00+08:00,TAIFEX:CCF1!,123.0,124.0,123.0,123.5,47.0
2026-08-03 08:45:00+08:00,TAIFEX:CCF1!,123.5,126.5,123.0,126.0,1458.0
2026-08-03 08:50:00+08:00,TAIFEX:CCF1!,126.0,126.5,125.0,126.0,505.0
2026-08-03 08:55:00+08:00,TAIFEX:CCF1!,125.5,126.0,125.0,125.5,434.0
2026-08-03 09:00:00+08:00,TAIFEX:CCF1!,125.0,126.0,120.5,121.0,4976.0
2026-08-03 09:05:00+08:00,TAIFEX:CCF1!,121.0,122.5,119.5,121.5,3802.0
2026-08-03 09:10:00+08:00,TAIFEX:CCF1!,121.5,123.5,119.0,119.0,3864.0
2026-08-03 09:15:00+08:00,TAIFEX:CCF1!,119.0,120.5,118.5,119.0,3245.0
2026-08-03 09:20:00+08:00,TAIFEX:CCF1!,119.0,120.5,118.5,120.5,1938.0
2026-08-03 09:25:00+08:00,TAIFEX:CCF1!,120.0,121.0,119.0,119.0,2673.0
2026-08-03 09:30:00+08:00,TAIFEX:CCF1!,119.0,121.0,119.0,120.0,1117.0
2026-08-03 09:35:00+08:00,TAIFEX:CCF1!,120.5,120.5,117.5,118.5,2662.0
2026-08-03 09:40:00+08:00,TAIFEX:CCF1!,118.5,119.5,118.5,119.0,863.0
2026-08-03 09:45:00+08:00,TAIFEX:CCF1!,119.0,120.5,119.0,119.5,1204.0
2026-08-03 09:50:00+08:00,TAIFEX:CCF1!,120.0,121.5,120.0,120.0,1212.0
2026-08-03 09:55:00+08:00,TAIFEX:CCF1!,120.0,121.5,120.0,121.0,1623.0
2026-08-03 10:00:00+08:00,TAIFEX:CCF1!,121.5,121.5,120.5,121.0,1379.0
2026-08-03 10:05:00+08:00,TAIFEX:CCF1!,120.5,121.0,120.5,120.5,1020.0
2026-08-03 10:10:00+08:00,TAIFEX:CCF1!,120.5,121.5,120.5,121.5,735.0
2026-08-03 10:15:00+08:00,TAIFEX:CCF1!,121.5,122.5,121.0,122.0,1244.0
2026-08-03 10:20:00+08:00,TAIFEX:CCF1!,122.0,122.0,120.5,121.0,1413.0
2026-08-03 10:25:00+08:00,TAIFEX:CCF1!,120.5,121.0,119.0,119.5,1839.0
2026-08-03 10:30:00+08:00,TAIFEX:CCF1!,119.5,120.0,119.0,120.0,817.0
2026-08-03 10:35:00+08:00,TAIFEX:CCF1!,119.5,120.0,119.0,119.5,351.0
2026-08-03 10:40:00+08:00,TAIFEX:CCF1!,119.5,119.5,118.5,118.5,463.0
2026-08-03 10:45:00+08:00,TAIFEX:CCF1!,118.5,119.0,118.5,118.5,438.0
2026-08-03 10:50:00+08:00,TAIFEX:CCF1!,118.5,120.0,118.5,119.5,594.0
2026-08-03 10:55:00+08:00,TAIFEX:CCF1!,119.5,120.0,119.0,119.5,466.0
2026-08-03 11:00:00+08:00,TAIFEX:CCF1!,119.5,120.0,119.5,119.5,133.0
2026-08-03 11:05:00+08:00,TAIFEX:CCF1!,119.5,120.0,119.0,119.5,474.0
2026-08-03 11:10:00+08:00,TAIFEX:CCF1!,119.5,120.0,119.5,119.5,89.0
2026-08-03 11:15:00+08:00,TAIFEX:CCF1!,120.0,120.0,119.5,119.5,584.0
2026-08-03 11:20:00+08:00,TAIFEX:CCF1!,120.0,120.0,118.0,118.5,591.0
2026-08-03 11:25:00+08:00,TAIFEX:CCF1!,118.5,119.0,118.0,118.0,252.0
2026-08-03 11:30:00+08:00,TAIFEX:CCF1!,118.5,120.0,118.5,119.5,450.0
2026-08-03 11:35:00+08:00,TAIFEX:CCF1!,119.5,119.5,119.0,119.0,248.0
2026-08-03 11:40:00+08:00,TAIFEX:CCF1!,119.5,119.5,119.0,119.5,195.0
2026-08-03 11:45:00+08:00,TAIFEX:CCF1!,119.5,119.5,119.5,119.5,286.0
2026-08-03 11:50:00+08:00,TAIFEX:CCF1!,119.5,120.0,119.5,120.0,276.0
2026-08-03 11:55:00+08:00,TAIFEX:CCF1!,120.0,120.0,119.0,119.0,241.0
2026-08-03 12:00:00+08:00,TAIFEX:CCF1!,119.0,119.5,118.5,118.5,477.0
2026-08-03 12:05:00+08:00,TAIFEX:CCF1!,118.5,119.0,118.5,118.5,114.0
2026-08-03 12:10:00+08:00,TAIFEX:CCF1!,118.5,119.0,118.0,118.5,576.0
2026-08-03 12:15:00+08:00,TAIFEX:CCF1!,118.5,119.0,118.5,118.5,65.0
2026-08-03 12:20:00+08:00,TAIFEX:CCF1!,118.5,119.0,118.5,118.5,106.0
2026-08-03 12:25:00+08:00,TAIFEX:CCF1!,119.0,119.0,118.5,118.5,347.0
2026-08-03 12:30:00+08:00,TAIFEX:CCF1!,118.5,118.5,116.5,117.0,1596.0
2026-08-03 12:35:00+08:00,TAIFEX:CCF1!,117.5,117.5,116.5,117.5,655.0
2026-08-03 12:40:00+08:00,TAIFEX:CCF1!,117.5,117.5,116.5,117.0,536.0
2026-08-03 12:45:00+08:00,TAIFEX:CCF1!,117.5,118.0,117.5,117.5,222.0
2026-08-03 12:50:00+08:00,TAIFEX:CCF1!,118.0,118.0,117.5,117.5,112.0
2026-08-03 12:55:00+08:00,TAIFEX:CCF1!,117.0,117.5,117.0,117.0,46.0
2026-08-03 13:00:00+08:00,TAIFEX:CCF1!,117.0,118.0,117.0,117.5,581.0
2026-08-03 13:05:00+08:00,TAIFEX:CCF1!,117.5,117.5,116.5,117.0,1221.0
2026-08-03 13:10:00+08:00,TAIFEX:CCF1!,117.0,117.5,117.0,117.0,1280.0
2026-08-03 13:15:00+08:00,TAIFEX:CCF1!,117.0,118.0,117.0,118.0,2070.0
2026-08-03 13:20:00+08:00,TAIFEX:CCF1!,117.5,118.0,116.5,117.0,721.0
2026-08-03 13:25:00+08:00,TAIFEX:CCF1!,117.0,118.5,117.0,118.0,326.0
2026-08-03 13:30:00+08:00,TAIFEX:CCF1!,118.0,119.0,118.0,118.5,228.0
2026-08-03 13:35:00+08:00,TAIFEX:CCF1!,118.0,118.5,118.0,118.5,84.0
2026-08-03 13:40:00+08:00,TAIFEX:CCF1!,118.5,118.5,118.0,118.0,134.0
2026-08-03 17:25:00+08:00,TAIFEX:CCF1!,116.0,116.5,115.0,115.0,297.0
2026-08-03 17:30:00+08:00,TAIFEX:CCF1!,115.5,115.5,115.0,115.5,90.0
2026-08-03 17:35:00+08:00,TAIFEX:CCF1!,116.0,116.0,115.0,115.0,83.0
2026-08-03 17:40:00+08:00,TAIFEX:CCF1!,115.0,115.0,114.0,114.0,363.0
2026-08-03 17:45:00+08:00,TAIFEX:CCF1!,114.0,114.5,113.5,114.0,73.0
2026-08-03 17:50:00+08:00,TAIFEX:CCF1!,114.0,114.0,111.5,112.5,399.0
2026-08-03 17:55:00+08:00,TAIFEX:CCF1!,112.5,113.5,112.0,113.5,106.0
2026-08-03 18:00:00+08:00,TAIFEX:CCF1!,113.5,113.5,113.0,113.0,112.0
2026-08-03 18:05:00+08:00,TAIFEX:CCF1!,113.0,113.5,113.0,113.5,38.0
2026-08-03 18:10:00+08:00,TAIFEX:CCF1!,113.0,113.0,112.5,113.0,70.0
2026-08-03 18:15:00+08:00,TAIFEX:CCF1!,113.0,113.0,112.5,113.0,45.0
2026-08-03 18:20:00+08:00,TAIFEX:CCF1!,113.0,113.0,111.0,111.0,185.0
2026-08-03 18:25:00+08:00,TAIFEX:CCF1!,111.5,112.5,111.0,112.5,75.0
2026-08-03 18:30:00+08:00,TAIFEX:CCF1!,112.5,112.5,112.0,112.5,30.0
2026-08-03 18:35:00+08:00,TAIFEX:CCF1!,112.5,112.5,112.0,112.5,12.0
2026-08-03 18:40:00+08:00,TAIFEX:CCF1!,112.5,112.5,111.5,111.5,141.0
2026-08-03 18:45:00+08:00,TAIFEX:CCF1!,112.0,112.0,112.0,112.0,28.0
2026-08-03 18:50:00+08:00,TAIFEX:CCF1!,112.0,112.5,112.0,112.5,12.0
2026-08-03 18:55:00+08:00,TAIFEX:CCF1!,112.5,113.0,112.5,113.0,128.0
2026-08-03 19:00:00+08:00,TAIFEX:CCF1!,113.0,113.0,111.5,112.0,106.0
2026-08-03 19:05:00+08:00,TAIFEX:CCF1!,112.0,112.0,111.5,112.0,185.0
2026-08-03 19:10:00+08:00,TAIFEX:CCF1!,112.0,112.0,111.5,112.0,10.0
2026-08-03 19:15:00+08:00,TAIFEX:CCF1!,111.5,112.0,111.5,112.0,21.0
2026-08-03 19:20:00+08:00,TAIFEX:CCF1!,112.0,112.0,112.0,112.0,24.0
2026-08-03 19:25:00+08:00,TAIFEX:CCF1!,112.0,112.0,110.5,110.5,249.0
2026-08-03 19:30:00+08:00,TAIFEX:CCF1!,110.0,111.5,110.0,111.5,180.0
2026-08-03 19:35:00+08:00,TAIFEX:CCF1!,111.0,111.0,110.0,110.0,87.0
2026-08-03 19:40:00+08:00,TAIFEX:CCF1!,110.0,111.0,110.0,111.0,174.0
2026-08-03 19:45:00+08:00,TAIFEX:CCF1!,111.0,111.0,110.5,110.5,29.0
2026-08-03 19:50:00+08:00,TAIFEX:CCF1!,110.5,111.0,110.5,110.5,26.0
2026-08-03 19:55:00+08:00,TAIFEX:CCF1!,110.5,111.0,110.5,111.0,63.0
2026-08-03 20:00:00+08:00,TAIFEX:CCF1!,111.0,111.5,111.0,111.0,32.0
2026-08-03 20:05:00+08:00,TAIFEX:CCF1!,111.0,111.5,110.5,111.5,79.0
2026-08-03 20:10:00+08:00,TAIFEX:CCF1!,111.5,112.0,111.5,112.0,108.0
2026-08-03 20:15:00+08:00,TAIFEX:CCF1!,111.5,112.0,111.5,111.5,26.0
2026-08-03 20:20:00+08:00,TAIFEX:CCF1!,112.0,112.0,112.0,112.0,8.0
2026-08-03 20:25:00+08:00,TAIFEX:CCF1!,111.5,112.0,111.5,112.0,27.0
2026-08-03 20:30:00+08:00,TAIFEX:CCF1!,112.0,112.5,111.5,112.0,29.0
2026-08-03 20:35:00+08:00,TAIFEX:CCF1!,112.0,112.0,111.5,111.5,17.0
2026-08-03 20:40:00+08:00,TAIFEX:CCF1!,111.5,112.5,111.5,112.5,54.0
2026-08-03 20:45:00+08:00,TAIFEX:CCF1!,112.0,112.0,111.5,111.5,54.0
2026-08-03 20:50:00+08:00,TAIFEX:CCF1!,111.5,111.5,111.0,111.5,30.0
2026-08-03 20:55:00+08:00,TAIFEX:CCF1!,111.5,111.5,111.0,111.0,89.0
2026-08-03 21:00:00+08:00,TAIFEX:CCF1!,111.0,111.0,110.5,111.0,13.0
2026-08-03 21:05:00+08:00,TAIFEX:CCF1!,111.0,111.5,111.0,111.5,62.0
2026-08-03 21:10:00+08:00,TAIFEX:CCF1!,111.5,111.5,111.0,111.5,115.0
2026-08-03 21:15:00+08:00,TAIFEX:CCF1!,111.5,111.5,111.5,111.5,20.0
2026-08-03 21:20:00+08:00,TAIFEX:CCF1!,112.0,112.0,112.0,112.0,120.0
2026-08-03 21:25:00+08:00,TAIFEX:CCF1!,112.0,112.0,111.5,112.0,41.0
2026-08-03 21:30:00+08:00,TAIFEX:CCF1!,112.5,112.5,111.5,112.0,266.0
2026-08-03 21:35:00+08:00,TAIFEX:CCF1!,112.5,114.0,112.5,113.5,446.0
2026-08-03 21:40:00+08:00,TAIFEX:CCF1!,113.5,113.5,112.0,113.0,764.0
2026-08-03 21:45:00+08:00,TAIFEX:CCF1!,113.0,113.0,112.5,113.0,276.0
2026-08-03 21:50:00+08:00,TAIFEX:CCF1!,112.5,113.0,112.5,113.0,63.0
2026-08-03 21:55:00+08:00,TAIFEX:CCF1!,113.0,114.0,112.5,114.0,280.0
2026-08-03 22:00:00+08:00,TAIFEX:CCF1!,113.5,114.0,113.5,113.5,371.0
2026-08-03 22:05:00+08:00,TAIFEX:CCF1!,113.5,114.5,113.0,114.5,272.0
2026-08-03 22:10:00+08:00,TAIFEX:CCF1!,114.5,115.0,114.0,114.5,254.0
2026-08-03 22:15:00+08:00,TAIFEX:CCF1!,114.5,115.5,114.5,115.5,265.0
2026-08-03 22:20:00+08:00,TAIFEX:CCF1!,115.0,116.5,115.0,115.5,490.0
2026-08-03 22:25:00+08:00,TAIFEX:CCF1!,116.0,116.5,115.5,116.5,471.0
2026-08-03 22:30:00+08:00,TAIFEX:CCF1!,116.5,117.0,116.0,116.5,160.0
2026-08-03 22:35:00+08:00,TAIFEX:CCF1!,116.5,117.0,116.0,117.0,351.0
2026-08-03 22:40:00+08:00,TAIFEX:CCF1!,117.0,117.0,116.0,116.5,354.0
2026-08-03 22:45:00+08:00,TAIFEX:CCF1!,116.0,118.0,116.0,118.0,247.0
2026-08-03 22:50:00+08:00,TAIFEX:CCF1!,118.0,118.5,117.5,117.5,425.0
2026-08-03 22:55:00+08:00,TAIFEX:CCF1!,118.0,118.0,117.5,117.5,195.0
2026-08-03 23:00:00+08:00,TAIFEX:CCF1!,117.5,117.5,116.5,117.5,229.0
2026-08-03 23:05:00+08:00,TAIFEX:CCF1!,117.5,117.5,116.5,116.5,169.0
2026-08-03 23:10:00+08:00,TAIFEX:CCF1!,116.5,116.5,116.0,116.5,188.0
2026-08-03 23:15:00+08:00,TAIFEX:CCF1!,116.5,117.0,116.5,117.0,75.0
2026-08-03 23:20:00+08:00,TAIFEX:CCF1!,116.5,117.0,116.0,116.5,51.0
2026-08-03 23:25:00+08:00,TAIFEX:CCF1!,116.5,116.5,115.5,115.5,255.0
2026-08-03 23:30:00+08:00,TAIFEX:CCF1!,115.5,116.5,115.5,116.5,92.0
2026-08-03 23:35:00+08:00,TAIFEX:CCF1!,116.5,116.5,116.0,116.0,15.0
2026-08-03 23:40:00+08:00,TAIFEX:CCF1!,116.5,116.5,116.5,116.5,31.0
2026-08-03 23:45:00+08:00,TAIFEX:CCF1!,116.5,116.5,116.5,116.5,84.0
2026-08-03 23:50:00+08:00,TAIFEX:CCF1!,117.0,117.0,116.5,117.0,96.0
2026-08-03 23:55:00+08:00,TAIFEX:CCF1!,117.0,117.0,116.5,116.5,68.0
2026-08-04 00:00:00+08:00,TAIFEX:CCF1!,117.0,117.5,117.0,117.5,51.0
2026-08-04 00:05:00+08:00,TAIFEX:CCF1!,117.5,117.5,117.0,117.0,5.0
2026-08-04 00:10:00+08:00,TAIFEX:CCF1!,117.0,117.5,117.0,117.0,70.0
2026-08-04 00:15:00+08:00,TAIFEX:CCF1!,117.0,118.0,117.0,117.5,150.0
2026-08-04 00:20:00+08:00,TAIFEX:CCF1!,118.0,118.0,117.5,117.5,324.0
2026-08-04 00:25:00+08:00,TAIFEX:CCF1!,117.5,117.5,117.0,117.0,50.0
2026-08-04 00:30:00+08:00,TAIFEX:CCF1!,117.5,117.5,117.0,117.5,13.0
2026-08-04 00:40:00+08:00,TAIFEX:CCF1!,117.0,117.0,116.5,117.0,58.0
2026-08-04 00:45:00+08:00,TAIFEX:CCF1!,117.0,117.5,117.0,117.5,122.0
2026-08-04 00:50:00+08:00,TAIFEX:CCF1!,117.5,117.5,117.0,117.0,46.0
2026-08-04 00:55:00+08:00,TAIFEX:CCF1!,117.5,117.5,117.5,117.5,3.0
2026-08-04 01:00:00+08:00,TAIFEX:CCF1!,117.5,117.5,117.5,117.5,1.0
2026-08-04 01:05:00+08:00,TAIFEX:CCF1!,117.5,117.5,117.5,117.5,10.0
2026-08-04 01:10:00+08:00,TAIFEX:CCF1!,117.5,118.0,117.5,118.0,8.0
2026-08-04 01:15:00+08:00,TAIFEX:CCF1!,117.5,117.5,117.5,117.5,4.0
2026-08-04 01:20:00+08:00,TAIFEX:CCF1!,117.5,118.0,117.5,118.0,12.0
2026-08-04 01:25:00+08:00,TAIFEX:CCF1!,118.0,118.0,118.0,118.0,71.0
2026-08-04 01:30:00+08:00,TAIFEX:CCF1!,118.0,118.0,118.0,118.0,12.0
2026-08-04 01:35:00+08:00,TAIFEX:CCF1!,118.0,118.5,118.0,118.5,4.0
2026-08-04 01:40:00+08:00,TAIFEX:CCF1!,118.5,118.5,118.5,118.5,5.0
2026-08-04 01:45:00+08:00,TAIFEX:CCF1!,118.5,118.5,118.0,118.0,5.0
2026-08-04 01:50:00+08:00,TAIFEX:CCF1!,118.5,118.5,118.5,118.5,3.0
2026-08-04 01:55:00+08:00,TAIFEX:CCF1!,118.5,118.5,118.5,118.5,168.0
2026-08-04 02:00:00+08:00,TAIFEX:CCF1!,119.0,119.5,119.0,119.5,103.0
2026-08-04 02:05:00+08:00,TAIFEX:CCF1!,119.5,119.5,119.0,119.5,13.0
2026-08-04 02:10:00+08:00,TAIFEX:CCF1!,119.0,119.0,119.0,119.0,21.0
2026-08-04 02:15:00+08:00,TAIFEX:CCF1!,119.0,119.0,119.0,119.0,71.0
2026-08-04 02:20:00+08:00,TAIFEX:CCF1!,119.0,119.0,119.0,119.0,42.0
2026-08-04 02:25:00+08:00,TAIFEX:CCF1!,118.5,118.5,118.0,118.5,50.0
2026-08-04 02:30:00+08:00,TAIFEX:CCF1!,118.5,119.0,118.5,119.0,14.0
2026-08-04 02:35:00+08:00,TAIFEX:CCF1!,119.0,119.0,118.5,118.5,33.0
2026-08-04 02:40:00+08:00,TAIFEX:CCF1!,118.5,119.0,118.5,119.0,39.0
2026-08-04 02:45:00+08:00,TAIFEX:CCF1!,119.0,119.0,118.5,119.0,79.0
2026-08-04 02:50:00+08:00,TAIFEX:CCF1!,119.5,119.5,119.0,119.0,14.0
2026-08-04 02:55:00+08:00,TAIFEX:CCF1!,119.5,119.5,119.0,119.0,42.0
2026-08-04 03:00:00+08:00,TAIFEX:CCF1!,119.0,119.5,119.0,119.5,60.0
2026-08-04 03:05:00+08:00,TAIFEX:CCF1!,119.5,119.5,119.0,119.0,7.0
2026-08-04 03:10:00+08:00,TAIFEX:CCF1!,119.5,119.5,119.0,119.0,45.0
2026-08-04 03:15:00+08:00,TAIFEX:CCF1!,119.0,119.0,119.0,119.0,12.0
2026-08-04 03:20:00+08:00,TAIFEX:CCF1!,119.0,119.0,119.0,119.0,2.0
2026-08-04 03:25:00+08:00,TAIFEX:CCF1!,119.0,119.0,119.0,119.0,10.0
2026-08-04 03:30:00+08:00,TAIFEX:CCF1!,119.0,119.0,119.0,119.0,17.0
2026-08-04 03:35:00+08:00,TAIFEX:CCF1!,119.5,119.5,119.0,119.0,25.0
2026-08-04 03:40:00+08:00,TAIFEX:CCF1!,119.0,119.0,119.0,119.0,30.0
2026-08-04 03:45:00+08:00,TAIFEX:CCF1!,119.0,119.0,119.0,119.0,5.0
2026-08-04 03:50:00+08:00,TAIFEX:CCF1!,119.0,119.0,119.0,119.0,6.0
2026-08-04 03:55:00+08:00,TAIFEX:CCF1!,119.0,119.0,118.5,119.0,53.0
2026-08-04 04:00:00+08:00,TAIFEX:CCF1!,119.0,119.0,119.0,119.0,2.0
2026-08-04 04:05:00+08:00,TAIFEX:CCF1!,119.0,119.0,119.0,119.0,1.0
2026-08-04 04:10:00+08:00,TAIFEX:CCF1!,119.5,120.0,119.5,120.0,19.0
2026-08-04 04:15:00+08:00,TAIFEX:CCF1!,120.0,120.0,120.0,120.0,5.0
2026-08-04 04:20:00+08:00,TAIFEX:CCF1!,120.0,120.0,119.5,120.0,10.0
2026-08-04 04:25:00+08:00,TAIFEX:CCF1!,120.0,120.0,119.5,119.5,7.0
2026-08-04 04:30:00+08:00,TAIFEX:CCF1!,119.5,120.0,119.5,120.0,4.0
2026-08-04 04:35:00+08:00,TAIFEX:CCF1!,119.5,119.5,119.5,119.5,3.0
2026-08-04 04:40:00+08:00,TAIFEX:CCF1!,119.5,119.5,119.5,119.5,5.0
2026-08-04 04:45:00+08:00,TAIFEX:CCF1!,120.0,120.0,119.5,120.0,6.0
2026-08-04 04:50:00+08:00,TAIFEX:CCF1!,120.0,120.0,120.0,120.0,23.0
2026-08-04 04:55:00+08:00,TAIFEX:CCF1!,120.0,120.0,118.5,119.5,98.0
2026-08-04 08:45:00+08:00,TAIFEX:CCF1!,119.0,119.0,117.0,118.0,944.0
2026-08-04 08:50:00+08:00,TAIFEX:CCF1!,118.0,118.0,117.0,117.5,322.0
2026-08-04 08:55:00+08:00,TAIFEX:CCF1!,118.0,118.5,117.5,118.5,249.0
2026-08-04 09:00:00+08:00,TAIFEX:CCF1!,118.5,119.5,118.0,119.0,2817.0
2026-08-04 09:05:00+08:00,TAIFEX:CCF1!,119.0,119.5,117.0,118.0,2787.0
2026-08-04 09:10:00+08:00,TAIFEX:CCF1!,118.0,118.5,116.0,116.5,1986.0
2026-08-04 09:15:00+08:00,TAIFEX:CCF1!,116.5,117.5,115.5,117.0,1424.0
2026-08-04 09:20:00+08:00,TAIFEX:CCF1!,117.0,118.5,117.0,117.5,1106.0
2026-08-04 09:25:00+08:00,TAIFEX:CCF1!,117.5,118.0,117.5,118.0,999.0
2026-08-04 09:30:00+08:00,TAIFEX:CCF1!,118.0,119.5,118.0,119.5,1246.0
2026-08-04 09:35:00+08:00,TAIFEX:CCF1!,119.5,119.5,117.5,118.0,862.0
2026-08-04 09:40:00+08:00,TAIFEX:CCF1!,118.0,119.0,118.0,119.0,578.0
2026-08-04 09:45:00+08:00,TAIFEX:CCF1!,119.0,119.5,118.5,119.0,544.0
2026-08-04 09:50:00+08:00,TAIFEX:CCF1!,119.0,120.0,119.0,120.0,653.0
2026-08-04 09:55:00+08:00,TAIFEX:CCF1!,120.0,120.0,119.0,120.0,1258.0
2026-08-04 10:00:00+08:00,TAIFEX:CCF1!,119.5,120.0,118.0,118.5,823.0
2026-08-04 10:05:00+08:00,TAIFEX:CCF1!,118.5,119.5,118.0,119.0,573.0
2026-08-04 10:10:00+08:00,TAIFEX:CCF1!,119.0,119.0,118.5,118.5,446.0
2026-08-04 10:15:00+08:00,TAIFEX:CCF1!,118.5,118.5,117.5,118.5,1074.0
2026-08-04 10:20:00+08:00,TAIFEX:CCF1!,118.5,119.0,118.5,118.5,573.0
2026-08-04 10:25:00+08:00,TAIFEX:CCF1!,118.5,119.0,118.5,118.5,227.0
2026-08-04 10:30:00+08:00,TAIFEX:CCF1!,119.0,119.0,118.5,118.5,249.0
2026-08-04 10:35:00+08:00,TAIFEX:CCF1!,119.0,119.0,118.5,118.5,471.0
2026-08-04 10:40:00+08:00,TAIFEX:CCF1!,118.5,119.0,118.5,119.0,63.0
2026-08-04 10:45:00+08:00,TAIFEX:CCF1!,118.5,118.5,118.0,118.0,610.0
2026-08-04 10:50:00+08:00,TAIFEX:CCF1!,118.5,119.0,118.0,119.0,235.0
2026-08-04 10:55:00+08:00,TAIFEX:CCF1!,118.5,119.0,118.0,118.0,353.0
2026-08-04 11:00:00+08:00,TAIFEX:CCF1!,118.0,119.0,118.0,118.0,1376.0
2026-08-04 11:05:00+08:00,TAIFEX:CCF1!,118.0,118.5,117.5,117.5,570.0
2026-08-04 11:10:00+08:00,TAIFEX:CCF1!,117.5,118.0,117.0,117.0,337.0
2026-08-04 11:15:00+08:00,TAIFEX:CCF1!,117.0,117.5,117.0,117.5,1319.0
2026-08-04 11:20:00+08:00,TAIFEX:CCF1!,117.0,118.0,117.0,117.5,466.0
2026-08-04 11:25:00+08:00,TAIFEX:CCF1!,118.0,118.0,117.5,118.0,782.0
2026-08-04 11:30:00+08:00,TAIFEX:CCF1!,118.5,119.5,118.0,119.0,1027.0
2026-08-04 11:35:00+08:00,TAIFEX:CCF1!,119.0,119.0,118.5,118.5,541.0
2026-08-04 11:40:00+08:00,TAIFEX:CCF1!,118.5,118.5,118.0,118.5,22.0
2026-08-04 11:45:00+08:00,TAIFEX:CCF1!,118.5,118.5,117.5,117.5,297.0
2026-08-04 11:50:00+08:00,TAIFEX:CCF1!,118.0,118.0,117.5,118.0,14.0
2026-08-04 11:55:00+08:00,TAIFEX:CCF1!,118.0,118.0,118.0,118.0,10.0
2026-08-04 12:00:00+08:00,TAIFEX:CCF1!,118.0,118.0,117.5,117.5,20.0
2026-08-04 12:05:00+08:00,TAIFEX:CCF1!,117.5,118.0,117.5,118.0,150.0
2026-08-04 12:10:00+08:00,TAIFEX:CCF1!,118.0,118.0,117.0,117.0,120.0
2026-08-04 12:15:00+08:00,TAIFEX:CCF1!,117.0,117.5,117.0,117.5,197.0
2026-08-04 12:20:00+08:00,TAIFEX:CCF1!,118.0,118.0,117.5,117.5,471.0
2026-08-04 12:25:00+08:00,TAIFEX:CCF1!,117.5,118.0,117.5,118.0,121.0
2026-08-04 12:30:00+08:00,TAIFEX:CCF1!,117.5,118.0,117.5,117.5,418.0
2026-08-04 12:35:00+08:00,TAIFEX:CCF1!,118.0,118.0,117.5,117.5,154.0
2026-08-04 12:40:00+08:00,TAIFEX:CCF1!,117.0,117.5,117.0,117.5,13.0
2026-08-04 12:45:00+08:00,TAIFEX:CCF1!,117.5,118.0,117.5,117.5,161.0
2026-08-04 12:50:00+08:00,TAIFEX:CCF1!,118.0,119.0,118.0,118.5,906.0
2026-08-04 12:55:00+08:00,TAIFEX:CCF1!,119.0,119.5,118.5,119.0,500.0
2026-08-04 13:00:00+08:00,TAIFEX:CCF1!,119.0,119.5,118.5,118.5,293.0
2026-08-04 13:05:00+08:00,TAIFEX:CCF1!,118.5,118.5,118.0,118.0,475.0
2026-08-04 13:10:00+08:00,TAIFEX:CCF1!,118.0,118.0,117.5,118.0,564.0
2026-08-04 13:15:00+08:00,TAIFEX:CCF1!,118.0,118.0,117.5,117.5,412.0
2026-08-04 13:20:00+08:00,TAIFEX:CCF1!,117.5,118.0,117.5,118.0,190.0
2026-08-04 13:25:00+08:00,TAIFEX:CCF1!,118.0,118.5,117.5,118.5,338.0
2026-08-04 13:30:00+08:00,TAIFEX:CCF1!,118.5,119.0,118.5,119.0,318.0
2026-08-04 13:35:00+08:00,TAIFEX:CCF1!,119.5,121.0,119.5,120.5,916.0
2026-08-04 13:40:00+08:00,TAIFEX:CCF1!,120.5,121.0,120.0,121.0,269.0
2026-08-04 17:25:00+08:00,TAIFEX:CCF1!,120.5,121.5,120.5,121.5,234.0
2026-08-04 17:30:00+08:00,TAIFEX:CCF1!,122.0,123.5,122.0,123.5,335.0
2026-08-04 17:35:00+08:00,TAIFEX:CCF1!,123.5,123.5,122.5,123.0,158.0
2026-08-04 17:40:00+08:00,TAIFEX:CCF1!,123.5,124.5,123.0,124.5,310.0
2026-08-04 17:45:00+08:00,TAIFEX:CCF1!,124.5,124.5,123.5,124.0,237.0
2026-08-04 17:50:00+08:00,TAIFEX:CCF1!,123.5,124.0,123.5,124.0,116.0
2026-08-04 17:55:00+08:00,TAIFEX:CCF1!,124.0,124.5,124.0,124.0,217.0
2026-08-04 18:00:00+08:00,TAIFEX:CCF1!,124.0,124.5,124.0,124.0,68.0
2026-08-04 18:05:00+08:00,TAIFEX:CCF1!,124.0,124.5,124.0,124.5,11.0
2026-08-04 18:10:00+08:00,TAIFEX:CCF1!,124.5,124.5,124.0,124.0,213.0
2026-08-04 18:15:00+08:00,TAIFEX:CCF1!,124.5,124.5,124.0,124.0,54.0
2026-08-04 18:20:00+08:00,TAIFEX:CCF1!,124.0,124.5,124.0,124.5,83.0
2026-08-04 18:25:00+08:00,TAIFEX:CCF1!,124.5,125.5,124.5,125.5,247.0
2026-08-04 18:30:00+08:00,TAIFEX:CCF1!,125.5,126.5,125.5,126.5,247.0
2026-08-04 18:35:00+08:00,TAIFEX:CCF1!,126.5,127.0,125.5,127.0,215.0
2026-08-04 18:40:00+08:00,TAIFEX:CCF1!,127.0,127.5,126.5,127.5,242.0
2026-08-04 18:45:00+08:00,TAIFEX:CCF1!,127.5,129.0,127.0,128.0,495.0
2026-08-04 18:50:00+08:00,TAIFEX:CCF1!,127.5,128.5,127.0,127.5,268.0
2026-08-04 18:55:00+08:00,TAIFEX:CCF1!,127.5,127.5,127.0,127.5,67.0
2026-08-04 19:00:00+08:00,TAIFEX:CCF1!,127.5,128.5,127.5,128.0,148.0
2026-08-04 19:05:00+08:00,TAIFEX:CCF1!,128.0,128.0,127.5,127.5,116.0
2026-08-04 19:10:00+08:00,TAIFEX:CCF1!,127.5,128.0,127.5,128.0,82.0
2026-08-04 19:15:00+08:00,TAIFEX:CCF1!,128.0,129.5,128.0,129.0,471.0
2026-08-04 19:20:00+08:00,TAIFEX:CCF1!,129.0,129.0,128.5,128.5,107.0
2026-08-04 19:25:00+08:00,TAIFEX:CCF1!,128.5,131.0,128.5,130.5,803.0
2026-08-04 19:30:00+08:00,TAIFEX:CCF1!,130.5,131.0,130.0,130.5,468.0
2026-08-04 19:35:00+08:00,TAIFEX:CCF1!,130.5,130.5,129.5,129.5,293.0
2026-08-04 19:40:00+08:00,TAIFEX:CCF1!,130.0,130.5,129.5,130.5,289.0
2026-08-04 19:45:00+08:00,TAIFEX:CCF1!,130.5,131.0,130.0,130.5,246.0
2026-08-04 19:50:00+08:00,TAIFEX:CCF1!,130.5,131.0,130.0,130.5,258.0
2026-08-04 19:55:00+08:00,TAIFEX:CCF1!,130.5,130.5,130.0,130.5,129.0
2026-08-04 20:00:00+08:00,TAIFEX:CCF1!,130.0,130.5,129.5,130.0,179.0
2026-08-04 20:05:00+08:00,TAIFEX:CCF1!,130.0,130.0,129.5,129.5,10.0
2026-08-04 20:10:00+08:00,TAIFEX:CCF1!,129.5,129.5,129.5,129.5,18.0
2026-08-04 20:15:00+08:00,TAIFEX:CCF1!,129.5,129.5,129.0,129.5,161.0
2026-08-04 20:20:00+08:00,TAIFEX:CCF1!,129.5,130.0,129.5,130.0,133.0
2026-08-04 20:25:00+08:00,TAIFEX:CCF1!,130.0,130.0,129.5,130.0,83.0
2026-08-04 20:30:00+08:00,TAIFEX:CCF1!,129.5,130.0,129.0,129.0,58.0
2026-08-04 20:35:00+08:00,TAIFEX:CCF1!,129.0,129.0,129.0,129.0,74.0
2026-08-04 20:40:00+08:00,TAIFEX:CCF1!,129.0,129.0,129.0,129.0,12.0
2026-08-04 20:45:00+08:00,TAIFEX:CCF1!,129.0,129.5,129.0,129.0,27.0
2026-08-04 20:50:00+08:00,TAIFEX:CCF1!,129.0,129.0,129.0,129.0,43.0
2026-08-04 20:55:00+08:00,TAIFEX:CCF1!,129.0,129.5,129.0,129.5,114.0
2026-08-04 21:00:00+08:00,TAIFEX:CCF1!,129.5,130.0,129.5,130.0,73.0
2026-08-04 21:05:00+08:00,TAIFEX:CCF1!,130.0,130.0,129.5,130.0,105.0
2026-08-04 21:10:00+08:00,TAIFEX:CCF1!,129.5,130.0,129.5,130.0,13.0
2026-08-04 21:15:00+08:00,TAIFEX:CCF1!,130.0,130.0,129.5,129.5,16.0
2026-08-04 21:20:00+08:00,TAIFEX:CCF1!,129.5,130.0,129.5,129.5,145.0
2026-08-04 21:25:00+08:00,TAIFEX:CCF1!,129.5,129.5,129.0,129.5,93.0
2026-08-04 21:30:00+08:00,TAIFEX:CCF1!,129.5,129.5,128.0,129.0,683.0
2026-08-04 21:35:00+08:00,TAIFEX:CCF1!,129.0,130.0,129.0,129.5,135.0
2026-08-04 21:40:00+08:00,TAIFEX:CCF1!,129.5,130.5,129.5,130.5,156.0
2026-08-04 21:45:00+08:00,TAIFEX:CCF1!,130.0,130.5,129.5,130.5,321.0
2026-08-04 21:50:00+08:00,TAIFEX:CCF1!,130.5,131.0,130.5,131.0,282.0
2026-08-04 21:55:00+08:00,TAIFEX:CCF1!,131.0,131.0,129.5,130.0,427.0
2026-08-04 22:00:00+08:00,TAIFEX:CCF1!,130.0,130.5,130.0,130.5,143.0
2026-08-04 22:05:00+08:00,TAIFEX:CCF1!,130.0,131.0,130.0,130.0,289.0
2026-08-04 22:10:00+08:00,TAIFEX:CCF1!,130.0,130.5,130.0,130.0,142.0
2026-08-04 22:15:00+08:00,TAIFEX:CCF1!,130.0,130.5,129.5,130.0,48.0
2026-08-04 22:20:00+08:00,TAIFEX:CCF1!,129.5,130.0,129.0,129.5,201.0
2026-08-04 22:25:00+08:00,TAIFEX:CCF1!,129.5,130.0,129.5,130.0,133.0
2026-08-04 22:30:00+08:00,TAIFEX:CCF1!,130.0,130.0,130.0,130.0,79.0
2026-08-04 22:35:00+08:00,TAIFEX:CCF1!,130.0,130.0,130.0,130.0,122.0
2026-08-04 22:40:00+08:00,TAIFEX:CCF1!,130.5,130.5,130.0,130.0,11.0
2026-08-04 22:45:00+08:00,TAIFEX:CCF1!,130.5,130.5,130.0,130.0,17.0
2026-08-04 22:50:00+08:00,TAIFEX:CCF1!,130.0,130.0,130.0,130.0,3.0
2026-08-04 22:55:00+08:00,TAIFEX:CCF1!,130.0,130.0,130.0,130.0,228.0
2026-08-04 23:00:00+08:00,TAIFEX:CCF1!,130.0,130.5,130.0,130.0,69.0
2026-08-04 23:05:00+08:00,TAIFEX:CCF1!,130.0,131.0,130.0,130.5,396.0
2026-08-04 23:10:00+08:00,TAIFEX:CCF1!,130.5,131.0,130.5,131.0,29.0
2026-08-04 23:15:00+08:00,TAIFEX:CCF1!,131.0,131.5,130.5,131.0,298.0
2026-08-04 23:20:00+08:00,TAIFEX:CCF1!,130.5,131.0,130.5,130.5,58.0
2026-08-04 23:25:00+08:00,TAIFEX:CCF1!,130.5,131.0,130.5,130.5,8.0
2026-08-04 23:30:00+08:00,TAIFEX:CCF1!,130.5,130.5,130.5,130.5,7.0
2026-08-04 23:35:00+08:00,TAIFEX:CCF1!,130.5,131.0,130.5,131.0,5.0
2026-08-04 23:40:00+08:00,TAIFEX:CCF1!,131.0,131.0,131.0,131.0,28.0
2026-08-04 23:45:00+08:00,TAIFEX:CCF1!,131.0,131.0,131.0,131.0,103.0
2026-08-04 23:50:00+08:00,TAIFEX:CCF1!,130.5,131.0,130.5,131.0,10.0
2026-08-04 23:55:00+08:00,TAIFEX:CCF1!,131.0,131.0,130.5,131.0,20.0
2026-08-05 00:00:00+08:00,TAIFEX:CCF1!,131.0,131.0,131.0,131.0,163.0
2026-08-05 00:05:00+08:00,TAIFEX:CCF1!,131.0,131.0,131.0,131.0,35.0
2026-08-05 00:10:00+08:00,TAIFEX:CCF1!,131.0,131.0,130.5,130.5,181.0
2026-08-05 00:15:00+08:00,TAIFEX:CCF1!,130.5,131.0,130.5,131.0,156.0
2026-08-05 00:20:00+08:00,TAIFEX:CCF1!,131.0,131.0,130.5,131.0,76.0
2026-08-05 00:25:00+08:00,TAIFEX:CCF1!,131.0,131.0,131.0,131.0,33.0
2026-08-05 00:30:00+08:00,TAIFEX:CCF1!,131.0,131.0,131.0,131.0,74.0
2026-08-05 00:35:00+08:00,TAIFEX:CCF1!,131.0,131.0,131.0,131.0,5.0
2026-08-05 00:40:00+08:00,TAIFEX:CCF1!,131.0,131.0,130.5,131.0,9.0
2026-08-05 00:45:00+08:00,TAIFEX:CCF1!,131.0,131.0,130.5,130.5,3.0
2026-08-05 00:50:00+08:00,TAIFEX:CCF1!,130.5,131.0,130.5,130.5,30.0
2026-08-05 00:55:00+08:00,TAIFEX:CCF1!,131.0,131.0,131.0,131.0,83.0
2026-08-05 01:00:00+08:00,TAIFEX:CCF1!,131.0,131.5,131.0,131.5,40.0
2026-08-05 01:05:00+08:00,TAIFEX:CCF1!,131.5,131.5,131.5,131.5,32.0
2026-08-05 01:10:00+08:00,TAIFEX:CCF1!,131.0,131.0,131.0,131.0,6.0
2026-08-05 01:15:00+08:00,TAIFEX:CCF1!,131.0,131.5,131.0,131.5,11.0
2026-08-05 01:20:00+08:00,TAIFEX:CCF1!,131.5,131.5,131.0,131.5,338.0
2026-08-05 01:25:00+08:00,TAIFEX:CCF1!,131.5,132.0,131.5,132.0,133.0
2026-08-05 01:30:00+08:00,TAIFEX:CCF1!,132.0,132.0,131.5,131.5,3.0
2026-08-05 01:35:00+08:00,TAIFEX:CCF1!,131.5,132.0,131.5,132.0,17.0
2026-08-05 01:40:00+08:00,TAIFEX:CCF1!,131.5,132.0,131.5,132.0,46.0
2026-08-05 01:45:00+08:00,TAIFEX:CCF1!,132.0,132.0,132.0,132.0,45.0
2026-08-05 01:50:00+08:00,TAIFEX:CCF1!,132.0,132.0,131.5,131.5,37.0
2026-08-05 01:55:00+08:00,TAIFEX:CCF1!,131.5,131.5,131.5,131.5,328.0
2026-08-05 02:00:00+08:00,TAIFEX:CCF1!,131.0,131.5,131.0,131.5,102.0
2026-08-05 02:05:00+08:00,TAIFEX:CCF1!,131.5,131.5,131.5,131.5,3.0
2026-08-05 02:15:00+08:00,TAIFEX:CCF1!,131.5,131.5,131.0,131.0,4.0
2026-08-05 02:20:00+08:00,TAIFEX:CCF1!,131.5,132.0,131.0,132.0,36.0
2026-08-05 02:25:00+08:00,TAIFEX:CCF1!,132.0,132.0,131.5,132.0,6.0
2026-08-05 02:30:00+08:00,TAIFEX:CCF1!,132.0,132.0,132.0,132.0,4.0
2026-08-05 02:35:00+08:00,TAIFEX:CCF1!,131.5,131.5,131.5,131.5,4.0
2026-08-05 02:40:00+08:00,TAIFEX:CCF1!,131.0,131.0,131.0,131.0,31.0
2026-08-05 02:45:00+08:00,TAIFEX:CCF1!,131.5,131.5,131.5,131.5,3.0
2026-08-05 02:50:00+08:00,TAIFEX:CCF1!,131.0,131.5,131.0,131.5,7.0
2026-08-05 02:55:00+08:00,TAIFEX:CCF1!,131.5,131.5,131.5,131.5,98.0
2026-08-05 03:00:00+08:00,TAIFEX:CCF1!,131.5,131.5,131.5,131.5,53.0
2026-08-05 03:05:00+08:00,TAIFEX:CCF1!,132.0,132.0,131.5,131.5,2.0
2026-08-05 03:10:00+08:00,TAIFEX:CCF1!,131.5,132.0,131.5,132.0,146.0
2026-08-05 03:15:00+08:00,TAIFEX:CCF1!,132.0,132.0,132.0,132.0,20.0
2026-08-05 03:20:00+08:00,TAIFEX:CCF1!,131.5,132.0,131.5,132.0,21.0
2026-08-05 03:25:00+08:00,TAIFEX:CCF1!,131.5,131.5,131.5,131.5,34.0
2026-08-05 03:30:00+08:00,TAIFEX:CCF1!,131.5,131.5,131.5,131.5,29.0
2026-08-05 03:35:00+08:00,TAIFEX:CCF1!,131.5,131.5,131.5,131.5,60.0
2026-08-05 03:40:00+08:00,TAIFEX:CCF1!,132.0,132.0,131.5,131.5,2.0
2026-08-05 03:45:00+08:00,TAIFEX:CCF1!,132.0,132.0,131.0,131.0,50.0
2026-08-05 03:55:00+08:00,TAIFEX:CCF1!,131.5,131.5,131.5,131.5,15.0
2026-08-05 04:00:00+08:00,TAIFEX:CCF1!,131.0,131.0,131.0,131.0,4.0
2026-08-05 04:05:00+08:00,TAIFEX:CCF1!,131.0,131.5,131.0,131.5,15.0
2026-08-05 04:10:00+08:00,TAIFEX:CCF1!,131.5,131.5,131.5,131.5,5.0
2026-08-05 04:15:00+08:00,TAIFEX:CCF1!,131.0,131.0,130.5,130.5,148.0
2026-08-05 04:20:00+08:00,TAIFEX:CCF1!,130.5,131.0,130.5,131.0,60.0
2026-08-05 04:25:00+08:00,TAIFEX:CCF1!,131.0,131.0,130.5,130.5,7.0
2026-08-05 04:30:00+08:00,TAIFEX:CCF1!,130.5,131.0,130.5,130.5,5.0
2026-08-05 04:35:00+08:00,TAIFEX:CCF1!,131.0,131.0,130.5,130.5,29.0
2026-08-05 04:40:00+08:00,TAIFEX:CCF1!,131.0,131.0,131.0,131.0,69.0
2026-08-05 04:45:00+08:00,TAIFEX:CCF1!,131.0,131.0,131.0,131.0,2.0
2026-08-05 04:50:00+08:00,TAIFEX:CCF1!,131.5,131.5,131.0,131.5,20.0
2026-08-05 04:55:00+08:00,TAIFEX:CCF1!,131.0,132.0,131.0,131.5,464.0
2026-08-05 08:45:00+08:00,TAIFEX:CCF1!,131.0,131.0,129.0,129.5,2625.0
2026-08-05 08:50:00+08:00,TAIFEX:CCF1!,129.5,129.5,128.5,129.0,943.0
2026-08-05 08:55:00+08:00,TAIFEX:CCF1!,129.0,129.5,128.5,129.0,590.0
2026-08-05 09:00:00+08:00,TAIFEX:CCF1!,128.5,129.0,126.5,128.0,3900.0
2026-08-05 09:05:00+08:00,TAIFEX:CCF1!,128.0,129.0,127.0,127.0,1974.0
2026-08-05 09:10:00+08:00,TAIFEX:CCF1!,127.0,127.5,124.0,124.5,2774.0
2026-08-05 09:15:00+08:00,TAIFEX:CCF1!,124.5,124.5,122.5,123.0,3761.0
2026-08-05 09:20:00+08:00,TAIFEX:CCF1!,123.0,124.5,122.0,123.0,3855.0
2026-08-05 09:25:00+08:00,TAIFEX:CCF1!,123.0,123.0,122.0,122.5,2964.0
2026-08-05 09:30:00+08:00,TAIFEX:CCF1!,122.5,123.0,122.0,123.0,1667.0
2026-08-05 09:35:00+08:00,TAIFEX:CCF1!,123.0,123.5,123.0,123.5,902.0
2026-08-05 09:40:00+08:00,TAIFEX:CCF1!,123.0,123.5,122.0,123.0,1689.0
2026-08-05 09:45:00+08:00,TAIFEX:CCF1!,123.5,124.5,123.0,124.0,1456.0
2026-08-05 09:50:00+08:00,TAIFEX:CCF1!,124.0,124.5,124.0,124.0,1902.0
2026-08-05 09:55:00+08:00,TAIFEX:CCF1!,124.0,124.0,123.5,123.5,1067.0
2026-08-05 10:00:00+08:00,TAIFEX:CCF1!,123.5,124.5,123.5,124.5,1096.0
2026-08-05 10:05:00+08:00,TAIFEX:CCF1!,124.5,124.5,124.0,124.5,100.0
2026-08-05 10:10:00+08:00,TAIFEX:CCF1!,124.5,125.5,124.5,125.5,1793.0
2026-08-05 10:15:00+08:00,TAIFEX:CCF1!,125.5,125.5,124.0,125.0,826.0
2026-08-05 10:20:00+08:00,TAIFEX:CCF1!,124.5,125.0,124.5,124.5,524.0
2026-08-05 10:25:00+08:00,TAIFEX:CCF1!,124.5,124.5,123.5,123.5,737.0
2026-08-05 10:30:00+08:00,TAIFEX:CCF1!,123.5,123.5,123.0,123.5,411.0
2026-08-05 10:35:00+08:00,TAIFEX:CCF1!,123.5,124.0,123.0,123.0,318.0
2026-08-05 10:40:00+08:00,TAIFEX:CCF1!,123.0,123.5,123.0,123.5,520.0
2026-08-05 10:45:00+08:00,TAIFEX:CCF1!,123.5,123.5,123.0,123.0,746.0
2026-08-05 10:50:00+08:00,TAIFEX:CCF1!,123.0,123.0,122.5,122.5,1218.0
2026-08-05 10:55:00+08:00,TAIFEX:CCF1!,122.5,123.0,122.0,122.5,304.0
2026-08-05 11:00:00+08:00,TAIFEX:CCF1!,123.0,123.0,122.5,123.0,19.0
2026-08-05 11:05:00+08:00,TAIFEX:CCF1!,123.0,123.5,123.0,123.0,576.0
2026-08-05 11:10:00+08:00,TAIFEX:CCF1!,123.0,123.0,122.5,123.0,299.0
2026-08-05 11:15:00+08:00,TAIFEX:CCF1!,123.0,123.0,122.5,123.0,373.0
2026-08-05 11:20:00+08:00,TAIFEX:CCF1!,123.0,123.0,122.5,122.5,77.0
2026-08-05 11:25:00+08:00,TAIFEX:CCF1!,123.0,123.0,122.0,122.0,278.0
2026-08-05 11:30:00+08:00,TAIFEX:CCF1!,122.0,122.0,121.0,121.5,1635.0
2026-08-05 11:35:00+08:00,TAIFEX:CCF1!,122.0,122.5,121.5,122.0,1099.0
2026-08-05 11:40:00+08:00,TAIFEX:CCF1!,122.5,124.0,122.5,123.5,1123.0
2026-08-05 11:45:00+08:00,TAIFEX:CCF1!,123.5,124.0,123.0,123.0,289.0
2026-08-05 11:50:00+08:00,TAIFEX:CCF1!,123.0,124.0,123.0,123.0,638.0
2026-08-05 11:55:00+08:00,TAIFEX:CCF1!,123.0,124.0,123.0,123.5,355.0
2026-08-05 12:00:00+08:00,TAIFEX:CCF1!,123.5,124.5,123.5,123.5,421.0
2026-08-05 12:05:00+08:00,TAIFEX:CCF1!,123.5,124.0,123.5,123.5,26.0
2026-08-05 12:10:00+08:00,TAIFEX:CCF1!,123.5,123.5,123.0,123.5,519.0
2026-08-05 12:15:00+08:00,TAIFEX:CCF1!,123.0,123.5,122.5,122.5,223.0
2026-08-05 12:20:00+08:00,TAIFEX:CCF1!,122.5,123.0,122.0,122.5,471.0
2026-08-05 12:25:00+08:00,TAIFEX:CCF1!,123.0,123.0,122.0,122.5,211.0
2026-08-05 12:30:00+08:00,TAIFEX:CCF1!,122.5,123.0,122.5,123.0,552.0
2026-08-05 12:35:00+08:00,TAIFEX:CCF1!,123.0,123.0,122.5,123.0,471.0
2026-08-05 12:40:00+08:00,TAIFEX:CCF1!,123.0,123.5,123.0,123.0,39.0
2026-08-05 12:45:00+08:00,TAIFEX:CCF1!,123.0,124.0,123.0,123.5,743.0
2026-08-05 12:50:00+08:00,TAIFEX:CCF1!,123.5,124.0,123.0,123.0,258.0
2026-08-05 12:55:00+08:00,TAIFEX:CCF1!,123.0,124.0,123.0,123.5,218.0
2026-08-05 13:00:00+08:00,TAIFEX:CCF1!,123.5,124.0,123.5,123.5,133.0
2026-08-05 13:05:00+08:00,TAIFEX:CCF1!,123.5,123.5,122.5,123.0,354.0
2026-08-05 13:10:00+08:00,TAIFEX:CCF1!,123.0,123.0,122.5,123.0,41.0
2026-08-05 13:15:00+08:00,TAIFEX:CCF1!,123.0,123.0,122.0,122.5,386.0
2026-08-05 13:20:00+08:00,TAIFEX:CCF1!,122.0,122.5,121.5,121.5,294.0
2026-08-05 13:25:00+08:00,TAIFEX:CCF1!,121.5,122.5,121.5,122.0,560.0
2026-08-05 13:30:00+08:00,TAIFEX:CCF1!,122.0,122.5,122.0,122.0,141.0
2026-08-05 13:35:00+08:00,TAIFEX:CCF1!,122.5,122.5,122.0,122.5,43.0
2026-08-05 13:40:00+08:00,TAIFEX:CCF1!,122.5,122.5,122.0,122.5,275.0
2026-08-05 17:25:00+08:00,TAIFEX:CCF1!,120.5,122.0,120.0,122.0,108.0
2026-08-05 17:30:00+08:00,TAIFEX:CCF1!,122.0,122.0,122.0,122.0,42.0
2026-08-05 17:35:00+08:00,TAIFEX:CCF1!,122.5,123.5,122.5,123.5,133.0
2026-08-05 17:40:00+08:00,TAIFEX:CCF1!,123.5,124.0,123.0,123.0,78.0
2026-08-05 17:45:00+08:00,TAIFEX:CCF1!,123.0,123.5,123.0,123.0,45.0
2026-08-05 17:50:00+08:00,TAIFEX:CCF1!,123.0,123.0,123.0,123.0,18.0
2026-08-05 17:55:00+08:00,TAIFEX:CCF1!,123.0,123.0,123.0,123.0,18.0
2026-08-05 18:00:00+08:00,TAIFEX:CCF1!,123.0,123.5,123.0,123.5,52.0
2026-08-05 18:05:00+08:00,TAIFEX:CCF1!,123.5,124.0,123.5,123.5,133.0
2026-08-05 18:10:00+08:00,TAIFEX:CCF1!,124.0,124.0,124.0,124.0,32.0
2026-08-05 18:15:00+08:00,TAIFEX:CCF1!,124.0,124.0,123.5,124.0,28.0
2026-08-05 18:20:00+08:00,TAIFEX:CCF1!,124.0,124.0,124.0,124.0,15.0
2026-08-05 18:25:00+08:00,TAIFEX:CCF1!,124.0,124.5,124.0,124.0,32.0
2026-08-05 18:30:00+08:00,TAIFEX:CCF1!,124.5,125.0,124.5,125.0,111.0
2026-08-05 18:35:00+08:00,TAIFEX:CCF1!,125.0,125.0,124.5,124.5,68.0
2026-08-05 18:40:00+08:00,TAIFEX:CCF1!,124.0,124.5,124.0,124.5,6.0
2026-08-05 18:45:00+08:00,TAIFEX:CCF1!,124.5,124.5,124.0,124.0,28.0
2026-08-05 18:50:00+08:00,TAIFEX:CCF1!,124.0,124.0,123.5,124.0,35.0
2026-08-05 18:55:00+08:00,TAIFEX:CCF1!,124.5,124.5,124.0,124.0,31.0
2026-08-05 19:00:00+08:00,TAIFEX:CCF1!,124.0,124.0,124.0,124.0,48.0
2026-08-05 19:05:00+08:00,TAIFEX:CCF1!,124.5,124.5,124.0,124.5,15.0
2026-08-05 19:10:00+08:00,TAIFEX:CCF1!,124.5,124.5,124.5,124.5,7.0
2026-08-05 19:15:00+08:00,TAIFEX:CCF1!,124.0,124.5,124.0,124.5,3.0
2026-08-05 19:20:00+08:00,TAIFEX:CCF1!,124.5,124.5,124.5,124.5,4.0
2026-08-05 19:25:00+08:00,TAIFEX:CCF1!,124.5,124.5,124.5,124.5,3.0
2026-08-05 19:30:00+08:00,TAIFEX:CCF1!,124.5,125.0,124.5,125.0,94.0
2026-08-05 19:35:00+08:00,TAIFEX:CCF1!,124.5,125.0,124.5,125.0,39.0
2026-08-05 19:40:00+08:00,TAIFEX:CCF1!,125.0,125.0,124.5,125.0,8.0
2026-08-05 19:45:00+08:00,TAIFEX:CCF1!,124.5,125.0,124.5,125.0,115.0
2026-08-05 19:50:00+08:00,TAIFEX:CCF1!,125.0,125.5,124.5,124.5,87.0
2026-08-05 19:55:00+08:00,TAIFEX:CCF1!,124.5,124.5,124.0,124.0,29.0
2026-08-05 20:00:00+08:00,TAIFEX:CCF1!,124.0,124.5,124.0,124.0,63.0
2026-08-05 20:05:00+08:00,TAIFEX:CCF1!,124.0,124.0,123.5,124.0,21.0
2026-08-05 20:10:00+08:00,TAIFEX:CCF1!,124.0,124.0,123.5,124.0,41.0
2026-08-05 20:15:00+08:00,TAIFEX:CCF1!,124.0,124.5,124.0,124.0,16.0
2026-08-05 20:20:00+08:00,TAIFEX:CCF1!,124.0,124.0,123.5,124.0,43.0
2026-08-05 20:25:00+08:00,TAIFEX:CCF1!,124.5,124.5,124.5,124.5,1.0
2026-08-05 20:30:00+08:00,TAIFEX:CCF1!,124.5,124.5,123.5,124.0,40.0
2026-08-05 20:35:00+08:00,TAIFEX:CCF1!,124.0,124.5,124.0,124.5,32.0
2026-08-05 20:40:00+08:00,TAIFEX:CCF1!,124.5,124.5,124.0,124.0,9.0
2026-08-05 20:50:00+08:00,TAIFEX:CCF1!,124.5,124.5,124.5,124.5,20.0
2026-08-05 20:55:00+08:00,TAIFEX:CCF1!,124.0,124.0,124.0,124.0,8.0
2026-08-05 21:00:00+08:00,TAIFEX:CCF1!,124.5,124.5,124.5,124.5,2.0
2026-08-05 21:05:00+08:00,TAIFEX:CCF1!,124.5,124.5,124.0,124.0,12.0
2026-08-05 21:10:00+08:00,TAIFEX:CCF1!,124.0,124.0,124.0,124.0,60.0
2026-08-05 21:15:00+08:00,TAIFEX:CCF1!,123.5,123.5,123.5,123.5,50.0
2026-08-05 21:20:00+08:00,TAIFEX:CCF1!,123.5,123.5,123.5,123.5,23.0
2026-08-05 21:25:00+08:00,TAIFEX:CCF1!,124.0,124.5,123.5,124.5,70.0
2026-08-05 21:30:00+08:00,TAIFEX:CCF1!,124.5,125.5,124.5,124.5,288.0
2026-08-05 21:35:00+08:00,TAIFEX:CCF1!,124.5,124.5,124.0,124.5,179.0
2026-08-05 21:40:00+08:00,TAIFEX:CCF1!,124.5,125.0,124.5,125.0,200.0
2026-08-05 21:45:00+08:00,TAIFEX:CCF1!,125.0,125.5,125.0,125.5,138.0
2026-08-05 21:50:00+08:00,TAIFEX:CCF1!,125.5,126.0,124.5,125.5,425.0
2026-08-05 21:55:00+08:00,TAIFEX:CCF1!,126.0,126.0,125.5,125.5,92.0
2026-08-05 22:00:00+08:00,TAIFEX:CCF1!,125.5,125.5,124.0,124.5,261.0
2026-08-05 22:05:00+08:00,TAIFEX:CCF1!,124.5,125.5,124.5,125.0,69.0
2026-08-05 22:10:00+08:00,TAIFEX:CCF1!,124.5,125.5,124.5,125.0,93.0
2026-08-05 22:15:00+08:00,TAIFEX:CCF1!,125.0,125.0,125.0,125.0,29.0
2026-08-05 22:20:00+08:00,TAIFEX:CCF1!,125.0,125.0,124.0,124.5,187.0
2026-08-05 22:25:00+08:00,TAIFEX:CCF1!,124.5,124.5,124.0,124.0,35.0
2026-08-05 22:30:00+08:00,TAIFEX:CCF1!,124.0,124.0,122.5,123.0,391.0
2026-08-05 22:35:00+08:00,TAIFEX:CCF1!,123.0,124.0,123.0,123.0,97.0
2026-08-05 22:40:00+08:00,TAIFEX:CCF1!,123.0,123.5,122.5,123.0,159.0
2026-08-05 22:45:00+08:00,TAIFEX:CCF1!,123.0,124.0,123.0,123.5,46.0
2026-08-05 22:50:00+08:00,TAIFEX:CCF1!,123.5,123.5,122.5,122.5,98.0
2026-08-05 22:55:00+08:00,TAIFEX:CCF1!,123.0,123.5,122.5,123.0,98.0
2026-08-05 23:00:00+08:00,TAIFEX:CCF1!,123.0,123.5,123.0,123.5,77.0
2026-08-05 23:05:00+08:00,TAIFEX:CCF1!,123.5,123.5,123.5,123.5,101.0
2026-08-05 23:10:00+08:00,TAIFEX:CCF1!,124.0,124.0,123.5,123.5,55.0
2026-08-05 23:15:00+08:00,TAIFEX:CCF1!,123.5,124.0,123.0,123.5,20.0
2026-08-05 23:20:00+08:00,TAIFEX:CCF1!,123.5,124.0,123.5,123.5,18.0
2026-08-05 23:25:00+08:00,TAIFEX:CCF1!,123.5,123.5,123.5,123.5,11.0
2026-08-05 23:30:00+08:00,TAIFEX:CCF1!,123.5,124.5,123.5,124.0,79.0
2026-08-05 23:35:00+08:00,TAIFEX:CCF1!,124.0,124.5,124.0,124.0,29.0
2026-08-05 23:40:00+08:00,TAIFEX:CCF1!,124.0,124.0,123.5,123.5,27.0
2026-08-05 23:45:00+08:00,TAIFEX:CCF1!,123.5,124.0,123.5,124.0,18.0
2026-08-05 23:50:00+08:00,TAIFEX:CCF1!,123.5,123.5,123.5,123.5,46.0
2026-08-05 23:55:00+08:00,TAIFEX:CCF1!,123.5,123.5,123.5,123.5,27.0
2026-08-06 00:00:00+08:00,TAIFEX:CCF1!,123.5,123.5,123.5,123.5,35.0
2026-08-06 00:05:00+08:00,TAIFEX:CCF1!,123.5,124.0,123.0,123.0,34.0
2026-08-06 00:10:00+08:00,TAIFEX:CCF1!,123.0,123.0,123.0,123.0,5.0
2026-08-06 00:15:00+08:00,TAIFEX:CCF1!,123.0,123.5,123.0,123.5,99.0
2026-08-06 00:20:00+08:00,TAIFEX:CCF1!,123.5,124.0,123.5,123.5,18.0
2026-08-06 00:25:00+08:00,TAIFEX:CCF1!,124.0,124.0,124.0,124.0,66.0
2026-08-06 00:30:00+08:00,TAIFEX:CCF1!,124.0,124.0,124.0,124.0,9.0
2026-08-06 00:40:00+08:00,TAIFEX:CCF1!,124.0,124.0,124.0,124.0,5.0
2026-08-06 00:45:00+08:00,TAIFEX:CCF1!,123.5,124.0,123.5,124.0,3.0
2026-08-06 00:50:00+08:00,TAIFEX:CCF1!,124.0,124.0,124.0,124.0,2.0
2026-08-06 00:55:00+08:00,TAIFEX:CCF1!,123.5,123.5,123.5,123.5,1.0
2026-08-06 01:00:00+08:00,TAIFEX:CCF1!,123.5,123.5,123.5,123.5,2.0
2026-08-06 01:05:00+08:00,TAIFEX:CCF1!,123.5,123.5,123.0,123.0,46.0
2026-08-06 01:10:00+08:00,TAIFEX:CCF1!,123.0,123.0,123.0,123.0,2.0
2026-08-06 01:15:00+08:00,TAIFEX:CCF1!,123.5,123.5,123.5,123.5,15.0
2026-08-06 01:25:00+08:00,TAIFEX:CCF1!,123.5,123.5,123.0,123.0,20.0
2026-08-06 01:30:00+08:00,TAIFEX:CCF1!,123.0,123.0,123.0,123.0,1.0
2026-08-06 01:35:00+08:00,TAIFEX:CCF1!,123.5,123.5,123.5,123.5,78.0
2026-08-06 01:40:00+08:00,TAIFEX:CCF1!,123.5,123.5,123.5,123.5,7.0
2026-08-06 01:45:00+08:00,TAIFEX:CCF1!,123.5,123.5,123.5,123.5,11.0
2026-08-06 01:50:00+08:00,TAIFEX:CCF1!,123.5,123.5,123.5,123.5,1.0
2026-08-06 02:05:00+08:00,TAIFEX:CCF1!,123.5,123.5,123.5,123.5,1.0
2026-08-06 02:10:00+08:00,TAIFEX:CCF1!,123.5,123.5,123.5,123.5,1.0
2026-08-06 02:20:00+08:00,TAIFEX:CCF1!,123.5,123.5,123.5,123.5,1.0
2026-08-06 02:25:00+08:00,TAIFEX:CCF1!,123.5,123.5,123.5,123.5,12.0
2026-08-06 02:30:00+08:00,TAIFEX:CCF1!,123.0,123.0,123.0,123.0,1.0
2026-08-06 02:35:00+08:00,TAIFEX:CCF1!,123.5,123.5,123.5,123.5,1.0
2026-08-06 02:40:00+08:00,TAIFEX:CCF1!,123.0,123.0,123.0,123.0,15.0
2026-08-06 02:45:00+08:00,TAIFEX:CCF1!,123.0,123.0,123.0,123.0,123.0
2026-08-06 03:00:00+08:00,TAIFEX:CCF1!,123.5,123.5,123.5,123.5,11.0
2026-08-06 03:05:00+08:00,TAIFEX:CCF1!,123.5,123.5,123.5,123.5,24.0
2026-08-06 03:10:00+08:00,TAIFEX:CCF1!,123.5,123.5,123.5,123.5,1.0
2026-08-06 03:15:00+08:00,TAIFEX:CCF1!,123.5,123.5,123.5,123.5,1.0
2026-08-06 03:25:00+08:00,TAIFEX:CCF1!,123.5,124.0,123.5,124.0,55.0
2026-08-06 03:30:00+08:00,TAIFEX:CCF1!,124.0,124.0,124.0,124.0,3.0
2026-08-06 03:35:00+08:00,TAIFEX:CCF1!,123.5,123.5,123.5,123.5,1.0
2026-08-06 03:45:00+08:00,TAIFEX:CCF1!,123.5,123.5,123.0,123.5,5.0
2026-08-06 03:55:00+08:00,TAIFEX:CCF1!,123.0,123.0,123.0,123.0,34.0
2026-08-06 04:00:00+08:00,TAIFEX:CCF1!,123.0,124.0,122.5,123.0,80.0
2026-08-06 04:05:00+08:00,TAIFEX:CCF1!,123.0,123.0,123.0,123.0,16.0
2026-08-06 04:10:00+08:00,TAIFEX:CCF1!,122.5,122.5,122.5,122.5,6.0
2026-08-06 04:15:00+08:00,TAIFEX:CCF1!,123.0,123.0,122.5,122.5,60.0
2026-08-06 04:20:00+08:00,TAIFEX:CCF1!,122.5,122.5,122.5,122.5,24.0
2026-08-06 04:25:00+08:00,TAIFEX:CCF1!,122.5,122.5,122.5,122.5,4.0
2026-08-06 04:35:00+08:00,TAIFEX:CCF1!,122.5,123.0,122.5,123.0,4.0
2026-08-06 04:40:00+08:00,TAIFEX:CCF1!,122.5,122.5,122.5,122.5,2.0
2026-08-06 04:45:00+08:00,TAIFEX:CCF1!,123.0,123.0,123.0,123.0,2.0
2026-08-06 04:50:00+08:00,TAIFEX:CCF1!,123.0,123.0,123.0,123.0,3.0
2026-08-06 04:55:00+08:00,TAIFEX:CCF1!,123.0,123.5,123.0,123.0,32.0
2026-08-06 08:45:00+08:00,TAIFEX:CCF1!,122.0,122.5,121.5,122.5,191.0
2026-08-06 08:50:00+08:00,TAIFEX:CCF1!,122.5,122.5,121.5,121.5,143.0
2026-08-06 08:55:00+08:00,TAIFEX:CCF1!,121.0,121.5,120.0,121.5,466.0
2026-08-06 09:00:00+08:00,TAIFEX:CCF1!,121.5,123.5,121.0,123.0,1774.0
2026-08-06 09:05:00+08:00,TAIFEX:CCF1!,123.0,123.0,121.0,121.0,804.0
2026-08-06 09:10:00+08:00,TAIFEX:CCF1!,121.0,121.5,119.0,120.0,1008.0
2026-08-06 09:15:00+08:00,TAIFEX:CCF1!,120.0,120.5,118.5,119.0,877.0
2026-08-06 09:20:00+08:00,TAIFEX:CCF1!,119.0,119.0,118.0,118.5,1470.0
2026-08-06 09:25:00+08:00,TAIFEX:CCF1!,119.0,120.5,118.5,120.0,1158.0
2026-08-06 09:30:00+08:00,TAIFEX:CCF1!,120.0,123.0,119.5,121.5,1627.0
2026-08-06 09:35:00+08:00,TAIFEX:CCF1!,121.5,122.0,120.0,120.5,1325.0
2026-08-06 09:40:00+08:00,TAIFEX:CCF1!,120.5,120.5,119.5,120.0,428.0
2026-08-06 09:45:00+08:00,TAIFEX:CCF1!,119.5,120.5,119.5,119.5,318.0
2026-08-06 09:50:00+08:00,TAIFEX:CCF1!,120.0,120.0,119.0,119.0,278.0
2026-08-06 09:55:00+08:00,TAIFEX:CCF1!,119.5,119.5,118.0,118.0,1152.0
2026-08-06 10:00:00+08:00,TAIFEX:CCF1!,118.0,118.5,118.0,118.5,882.0
2026-08-06 10:05:00+08:00,TAIFEX:CCF1!,118.5,119.5,118.5,119.5,299.0
2026-08-06 10:10:00+08:00,TAIFEX:CCF1!,119.0,119.5,119.0,119.5,171.0
2026-08-06 10:15:00+08:00,TAIFEX:CCF1!,119.0,119.5,119.0,119.5,371.0
2026-08-06 10:20:00+08:00,TAIFEX:CCF1!,119.5,120.0,119.5,120.0,529.0
2026-08-06 10:25:00+08:00,TAIFEX:CCF1!,120.0,120.0,119.0,119.5,362.0
2026-08-06 10:30:00+08:00,TAIFEX:CCF1!,119.5,120.5,119.0,120.5,280.0
2026-08-06 10:35:00+08:00,TAIFEX:CCF1!,120.0,120.5,120.0,120.5,306.0
2026-08-06 10:40:00+08:00,TAIFEX:CCF1!,120.5,121.0,120.5,121.0,190.0
2026-08-06 10:45:00+08:00,TAIFEX:CCF1!,121.0,121.5,120.0,120.0,298.0
2026-08-06 10:50:00+08:00,TAIFEX:CCF1!,120.5,121.0,120.0,121.0,520.0
2026-08-06 10:55:00+08:00,TAIFEX:CCF1!,120.5,121.0,120.5,120.5,50.0
2026-08-06 11:00:00+08:00,TAIFEX:CCF1!,121.0,121.0,120.5,120.5,89.0
2026-08-06 11:05:00+08:00,TAIFEX:CCF1!,120.5,120.5,119.5,119.5,378.0
2026-08-06 11:10:00+08:00,TAIFEX:CCF1!,120.0,120.5,119.5,120.5,369.0
2026-08-06 11:15:00+08:00,TAIFEX:CCF1!,120.5,120.5,120.0,120.0,90.0
2026-08-06 11:20:00+08:00,TAIFEX:CCF1!,120.0,120.5,120.0,120.5,201.0
2026-08-06 11:25:00+08:00,TAIFEX:CCF1!,120.5,120.5,120.0,120.0,216.0
2026-08-06 11:30:00+08:00,TAIFEX:CCF1!,120.0,120.5,120.0,120.0,125.0
2026-08-06 11:35:00+08:00,TAIFEX:CCF1!,120.0,120.0,120.0,120.0,23.0
2026-08-06 11:40:00+08:00,TAIFEX:CCF1!,120.5,120.5,120.0,120.0,96.0
2026-08-06 11:45:00+08:00,TAIFEX:CCF1!,120.0,120.0,120.0,120.0,63.0
2026-08-06 11:50:00+08:00,TAIFEX:CCF1!,120.0,120.0,120.0,120.0,122.0
2026-08-06 11:55:00+08:00,TAIFEX:CCF1!,120.0,121.0,120.0,121.0,236.0
2026-08-06 12:00:00+08:00,TAIFEX:CCF1!,120.5,120.5,120.0,120.5,248.0
2026-08-06 12:05:00+08:00,TAIFEX:CCF1!,120.0,121.0,120.0,121.0,269.0
2026-08-06 12:10:00+08:00,TAIFEX:CCF1!,121.0,121.0,119.5,119.5,273.0
2026-08-06 12:15:00+08:00,TAIFEX:CCF1!,119.5,120.0,119.5,120.0,911.0
2026-08-06 12:20:00+08:00,TAIFEX:CCF1!,120.0,120.5,120.0,120.0,248.0
2026-08-06 12:25:00+08:00,TAIFEX:CCF1!,120.5,120.5,120.5,120.5,243.0
2026-08-06 12:30:00+08:00,TAIFEX:CCF1!,120.5,121.0,120.5,120.5,66.0
2026-08-06 12:35:00+08:00,TAIFEX:CCF1!,120.5,120.5,120.0,120.0,86.0
2026-08-06 12:40:00+08:00,TAIFEX:CCF1!,120.0,120.0,120.0,120.0,4.0
2026-08-06 12:45:00+08:00,TAIFEX:CCF1!,120.5,120.5,120.5,120.5,67.0
2026-08-06 12:50:00+08:00,TAIFEX:CCF1!,120.0,120.5,120.0,120.5,167.0
2026-08-06 12:55:00+08:00,TAIFEX:CCF1!,120.5,120.5,120.0,120.5,12.0
2026-08-06 13:00:00+08:00,TAIFEX:CCF1!,120.5,121.0,120.0,121.0,164.0
2026-08-06 13:05:00+08:00,TAIFEX:CCF1!,121.0,121.5,121.0,121.0,1188.0
2026-08-06 13:10:00+08:00,TAIFEX:CCF1!,121.0,121.0,120.5,121.0,80.0
2026-08-06 13:15:00+08:00,TAIFEX:CCF1!,121.0,121.5,121.0,121.5,476.0
2026-08-06 13:20:00+08:00,TAIFEX:CCF1!,121.0,121.5,121.0,121.5,69.0
2026-08-06 13:25:00+08:00,TAIFEX:CCF1!,121.5,122.0,121.5,122.0,104.0
2026-08-06 13:30:00+08:00,TAIFEX:CCF1!,122.0,122.5,121.5,122.0,159.0
2026-08-06 13:35:00+08:00,TAIFEX:CCF1!,122.0,122.5,121.5,121.5,284.0
2026-08-06 13:40:00+08:00,TAIFEX:CCF1!,121.5,122.5,121.5,122.5,140.0
2026-08-06 17:25:00+08:00,TAIFEX:CCF1!,122.0,122.0,122.0,122.0,41.0
2026-08-06 17:30:00+08:00,TAIFEX:CCF1!,122.0,122.5,122.0,122.0,36.0
2026-08-06 17:35:00+08:00,TAIFEX:CCF1!,122.0,122.0,121.5,121.5,22.0
2026-08-06 17:45:00+08:00,TAIFEX:CCF1!,121.5,122.0,121.5,122.0,29.0
2026-08-06 17:50:00+08:00,TAIFEX:CCF1!,122.0,122.0,121.5,122.0,17.0
2026-08-06 17:55:00+08:00,TAIFEX:CCF1!,122.0,122.5,122.0,122.5,40.0
2026-08-06 18:00:00+08:00,TAIFEX:CCF1!,122.5,122.5,122.0,122.5,100.0
2026-08-06 18:05:00+08:00,TAIFEX:CCF1!,122.5,123.0,122.5,123.0,6.0
2026-08-06 18:10:00+08:00,TAIFEX:CCF1!,123.0,123.0,122.5,122.5,15.0
2026-08-06 18:15:00+08:00,TAIFEX:CCF1!,123.0,123.0,122.5,123.0,181.0
2026-08-06 18:20:00+08:00,TAIFEX:CCF1!,122.5,123.0,122.5,123.0,73.0
2026-08-06 18:25:00+08:00,TAIFEX:CCF1!,123.0,123.0,122.5,122.5,3.0
2026-08-06 18:30:00+08:00,TAIFEX:CCF1!,122.5,122.5,122.5,122.5,88.0
2026-08-06 18:35:00+08:00,TAIFEX:CCF1!,122.5,122.5,122.5,122.5,28.0
2026-08-06 18:40:00+08:00,TAIFEX:CCF1!,122.5,122.5,122.5,122.5,13.0
2026-08-06 18:45:00+08:00,TAIFEX:CCF1!,122.5,122.5,122.5,122.5,12.0
2026-08-06 18:50:00+08:00,TAIFEX:CCF1!,122.5,122.5,122.5,122.5,3.0
2026-08-06 18:55:00+08:00,TAIFEX:CCF1!,122.5,122.5,122.5,122.5,38.0
2026-08-06 19:00:00+08:00,TAIFEX:CCF1!,122.0,122.5,121.5,121.5,122.0
2026-08-06 19:05:00+08:00,TAIFEX:CCF1!,122.0,122.5,121.5,122.5,127.0
2026-08-06 19:10:00+08:00,TAIFEX:CCF1!,122.0,122.0,122.0,122.0,34.0
2026-08-06 19:15:00+08:00,TAIFEX:CCF1!,122.0,122.0,122.0,122.0,60.0
2026-08-06 19:20:00+08:00,TAIFEX:CCF1!,122.0,122.0,122.0,122.0,50.0
2026-08-06 19:25:00+08:00,TAIFEX:CCF1!,122.0,122.0,122.0,122.0,94.0
2026-08-06 19:30:00+08:00,TAIFEX:CCF1!,122.0,122.0,122.0,122.0,11.0
2026-08-06 19:35:00+08:00,TAIFEX:CCF1!,122.5,122.5,122.5,122.5,8.0
2026-08-06 19:40:00+08:00,TAIFEX:CCF1!,122.5,122.5,122.5,122.5,4.0
2026-08-06 19:45:00+08:00,TAIFEX:CCF1!,122.5,122.5,122.0,122.0,7.0
2026-08-06 19:50:00+08:00,TAIFEX:CCF1!,122.0,122.5,122.0,122.5,39.0
2026-08-06 19:55:00+08:00,TAIFEX:CCF1!,122.0,122.0,122.0,122.0,6.0
2026-08-06 20:00:00+08:00,TAIFEX:CCF1!,122.0,122.0,121.5,122.0,34.0
2026-08-06 20:05:00+08:00,TAIFEX:CCF1!,122.0,122.0,122.0,122.0,12.0
2026-08-06 20:10:00+08:00,TAIFEX:CCF1!,122.0,122.0,121.5,121.5,15.0
2026-08-06 20:15:00+08:00,TAIFEX:CCF1!,121.5,121.5,121.0,121.5,127.0
2026-08-06 20:25:00+08:00,TAIFEX:CCF1!,122.0,122.0,121.5,121.5,8.0
2026-08-06 20:35:00+08:00,TAIFEX:CCF1!,122.0,122.0,122.0,122.0,39.0
2026-08-06 20:40:00+08:00,TAIFEX:CCF1!,122.0,122.0,122.0,122.0,13.0
2026-08-06 20:45:00+08:00,TAIFEX:CCF1!,122.0,122.0,122.0,122.0,6.0
2026-08-06 20:50:00+08:00,TAIFEX:CCF1!,122.0,122.0,121.5,122.0,42.0
2026-08-06 20:55:00+08:00,TAIFEX:CCF1!,122.0,122.0,121.5,121.5,39.0
2026-08-06 21:00:00+08:00,TAIFEX:CCF1!,121.5,121.5,121.5,121.5,4.0
2026-08-06 21:05:00+08:00,TAIFEX:CCF1!,121.5,121.5,121.0,121.5,57.0
2026-08-06 21:10:00+08:00,TAIFEX:CCF1!,121.0,121.0,121.0,121.0,95.0
2026-08-06 21:15:00+08:00,TAIFEX:CCF1!,121.0,121.5,121.0,121.0,14.0
2026-08-06 21:20:00+08:00,TAIFEX:CCF1!,121.0,121.5,121.0,121.5,11.0
2026-08-06 21:25:00+08:00,TAIFEX:CCF1!,121.5,122.0,121.0,122.0,75.0
2026-08-06 21:30:00+08:00,TAIFEX:CCF1!,121.5,121.5,120.0,121.0,316.0
2026-08-06 21:35:00+08:00,TAIFEX:CCF1!,121.5,122.0,121.0,122.0,64.0
2026-08-06 21:40:00+08:00,TAIFEX:CCF1!,122.0,122.5,121.5,122.0,273.0
2026-08-06 21:45:00+08:00,TAIFEX:CCF1!,122.5,122.5,122.0,122.5,289.0
2026-08-06 21:50:00+08:00,TAIFEX:CCF1!,122.5,122.5,122.0,122.5,82.0
2026-08-06 21:55:00+08:00,TAIFEX:CCF1!,122.5,123.0,122.5,123.0,96.0
2026-08-06 22:00:00+08:00,TAIFEX:CCF1!,123.0,123.0,122.0,122.5,99.0
2026-08-06 22:05:00+08:00,TAIFEX:CCF1!,122.5,123.0,122.5,123.0,390.0
2026-08-06 22:10:00+08:00,TAIFEX:CCF1!,123.0,123.0,123.0,123.0,226.0
2026-08-06 22:15:00+08:00,TAIFEX:CCF1!,123.0,123.5,122.5,123.0,157.0
2026-08-06 22:20:00+08:00,TAIFEX:CCF1!,123.0,123.0,123.0,123.0,96.0
2026-08-06 22:25:00+08:00,TAIFEX:CCF1!,123.0,123.0,123.0,123.0,58.0
2026-08-06 22:30:00+08:00,TAIFEX:CCF1!,123.0,123.5,123.0,123.0,69.0
2026-08-06 22:35:00+08:00,TAIFEX:CCF1!,123.0,123.0,122.5,122.5,364.0
2026-08-06 22:40:00+08:00,TAIFEX:CCF1!,122.5,123.0,122.5,122.5,205.0
2026-08-06 22:45:00+08:00,TAIFEX:CCF1!,122.5,122.5,121.5,121.5,521.0
2026-08-06 22:50:00+08:00,TAIFEX:CCF1!,121.5,121.5,121.5,121.5,228.0
2026-08-06 22:55:00+08:00,TAIFEX:CCF1!,121.5,121.5,121.5,121.5,117.0
2026-08-06 23:00:00+08:00,TAIFEX:CCF1!,122.0,122.5,122.0,122.0,186.0
2026-08-06 23:05:00+08:00,TAIFEX:CCF1!,122.0,122.5,122.0,122.5,364.0
2026-08-06 23:10:00+08:00,TAIFEX:CCF1!,122.5,122.5,122.0,122.5,47.0
2026-08-06 23:15:00+08:00,TAIFEX:CCF1!,122.5,122.5,122.5,122.5,151.0
2026-08-06 23:20:00+08:00,TAIFEX:CCF1!,122.5,122.5,122.0,122.0,114.0
2026-08-06 23:25:00+08:00,TAIFEX:CCF1!,122.0,122.0,122.0,122.0,10.0
2026-08-06 23:30:00+08:00,TAIFEX:CCF1!,122.5,122.5,121.5,121.5,168.0
2026-08-06 23:35:00+08:00,TAIFEX:CCF1!,121.5,122.0,121.5,121.5,157.0
2026-08-06 23:40:00+08:00,TAIFEX:CCF1!,121.5,121.5,121.5,121.5,149.0
2026-08-06 23:45:00+08:00,TAIFEX:CCF1!,121.5,122.0,121.5,122.0,168.0
2026-08-06 23:50:00+08:00,TAIFEX:CCF1!,122.0,122.0,121.0,121.0,176.0
2026-08-06 23:55:00+08:00,TAIFEX:CCF1!,121.0,121.0,120.5,121.0,98.0
2026-08-07 00:00:00+08:00,TAIFEX:CCF1!,121.0,121.0,121.0,121.0,78.0
2026-08-07 00:05:00+08:00,TAIFEX:CCF1!,121.0,121.0,121.0,121.0,19.0
2026-08-07 00:10:00+08:00,TAIFEX:CCF1!,121.0,121.0,121.0,121.0,30.0
2026-08-07 00:15:00+08:00,TAIFEX:CCF1!,121.0,121.0,120.5,121.0,40.0
2026-08-07 00:20:00+08:00,TAIFEX:CCF1!,121.0,121.0,120.5,120.5,118.0
2026-08-07 00:25:00+08:00,TAIFEX:CCF1!,120.5,120.5,120.5,120.5,78.0
2026-08-07 00:30:00+08:00,TAIFEX:CCF1!,121.0,121.0,121.0,121.0,2.0
2026-08-07 00:35:00+08:00,TAIFEX:CCF1!,121.0,121.5,121.0,121.0,48.0
2026-08-07 00:40:00+08:00,TAIFEX:CCF1!,121.0,121.0,121.0,121.0,24.0
2026-08-07 00:45:00+08:00,TAIFEX:CCF1!,121.0,121.0,121.0,121.0,9.0
2026-08-07 00:50:00+08:00,TAIFEX:CCF1!,121.0,121.0,121.0,121.0,72.0
2026-08-07 00:55:00+08:00,TAIFEX:CCF1!,121.0,121.0,120.5,121.0,41.0
2026-08-07 01:00:00+08:00,TAIFEX:CCF1!,121.0,121.0,121.0,121.0,39.0
2026-08-07 01:05:00+08:00,TAIFEX:CCF1!,121.0,121.5,121.0,121.5,9.0
2026-08-07 01:10:00+08:00,TAIFEX:CCF1!,121.5,121.5,121.0,121.0,33.0
2026-08-07 01:15:00+08:00,TAIFEX:CCF1!,121.0,121.0,121.0,121.0,6.0
2026-08-07 01:20:00+08:00,TAIFEX:CCF1!,121.0,121.0,121.0,121.0,2.0
2026-08-07 01:25:00+08:00,TAIFEX:CCF1!,121.0,121.0,121.0,121.0,11.0
2026-08-07 01:30:00+08:00,TAIFEX:CCF1!,121.0,121.0,121.0,121.0,2.0
2026-08-07 01:35:00+08:00,TAIFEX:CCF1!,121.0,121.0,121.0,121.0,1.0
2026-08-07 01:45:00+08:00,TAIFEX:CCF1!,121.0,121.0,121.0,121.0,1.0
2026-08-07 01:50:00+08:00,TAIFEX:CCF1!,121.0,121.0,121.0,121.0,4.0
2026-08-07 01:55:00+08:00,TAIFEX:CCF1!,121.0,121.0,121.0,121.0,51.0
2026-08-07 02:00:00+08:00,TAIFEX:CCF1!,121.0,121.0,121.0,121.0,1.0
2026-08-07 02:05:00+08:00,TAIFEX:CCF1!,121.0,121.0,121.0,121.0,1.0
2026-08-07 02:10:00+08:00,TAIFEX:CCF1!,121.0,121.0,121.0,121.0,3.0
2026-08-07 02:15:00+08:00,TAIFEX:CCF1!,120.5,121.0,120.5,121.0,120.0
2026-08-07 02:20:00+08:00,TAIFEX:CCF1!,121.0,121.0,121.0,121.0,41.0
2026-08-07 02:25:00+08:00,TAIFEX:CCF1!,121.0,121.0,121.0,121.0,63.0
2026-08-07 02:30:00+08:00,TAIFEX:CCF1!,121.0,121.0,121.0,121.0,1.0
2026-08-07 02:35:00+08:00,TAIFEX:CCF1!,121.0,121.0,121.0,121.0,1.0
2026-08-07 02:45:00+08:00,TAIFEX:CCF1!,121.0,121.0,121.0,121.0,2.0
2026-08-07 02:55:00+08:00,TAIFEX:CCF1!,121.0,121.0,121.0,121.0,1.0
2026-08-07 03:00:00+08:00,TAIFEX:CCF1!,121.0,121.0,121.0,121.0,1.0
2026-08-07 03:05:00+08:00,TAIFEX:CCF1!,121.0,121.0,121.0,121.0,53.0
2026-08-07 03:10:00+08:00,TAIFEX:CCF1!,121.0,121.0,121.0,121.0,1.0
2026-08-07 03:25:00+08:00,TAIFEX:CCF1!,121.0,121.0,121.0,121.0,6.0
2026-08-07 03:30:00+08:00,TAIFEX:CCF1!,121.0,121.0,121.0,121.0,4.0
2026-08-07 03:40:00+08:00,TAIFEX:CCF1!,121.0,121.0,121.0,121.0,10.0
2026-08-07 03:45:00+08:00,TAIFEX:CCF1!,121.0,121.0,121.0,121.0,1.0
2026-08-07 03:55:00+08:00,TAIFEX:CCF1!,121.0,121.0,121.0,121.0,31.0
2026-08-07 04:00:00+08:00,TAIFEX:CCF1!,120.5,121.0,120.5,121.0,10.0
2026-08-07 04:05:00+08:00,TAIFEX:CCF1!,121.0,121.0,121.0,121.0,2.0
2026-08-07 04:10:00+08:00,TAIFEX:CCF1!,121.0,121.0,121.0,121.0,7.0
2026-08-07 04:15:00+08:00,TAIFEX:CCF1!,121.0,121.0,121.0,121.0,1.0
2026-08-07 04:20:00+08:00,TAIFEX:CCF1!,121.0,121.0,121.0,121.0,1.0
2026-08-07 04:25:00+08:00,TAIFEX:CCF1!,121.0,121.0,121.0,121.0,1.0
2026-08-07 04:30:00+08:00,TAIFEX:CCF1!,121.0,121.0,121.0,121.0,1.0
2026-08-07 04:40:00+08:00,TAIFEX:CCF1!,120.5,121.0,120.5,121.0,5.0
2026-08-07 04:45:00+08:00,TAIFEX:CCF1!,121.0,121.0,121.0,121.0,4.0
2026-08-07 04:50:00+08:00,TAIFEX:CCF1!,121.0,121.0,121.0,121.0,1.0
2026-08-07 04:55:00+08:00,TAIFEX:CCF1!,121.0,122.0,121.0,122.0,111.0
2026-08-07 08:45:00+08:00,TAIFEX:CCF1!,122.0,122.0,119.5,120.5,508.0
2026-08-07 08:50:00+08:00,TAIFEX:CCF1!,120.5,120.5,120.0,120.5,209.0
2026-08-07 08:55:00+08:00,TAIFEX:CCF1!,120.5,121.0,120.0,121.0,274.0
2026-08-07 09:00:00+08:00,TAIFEX:CCF1!,120.5,121.0,119.5,120.0,1952.0
2026-08-07 09:05:00+08:00,TAIFEX:CCF1!,120.0,121.0,119.5,119.5,687.0
2026-08-07 09:10:00+08:00,TAIFEX:CCF1!,119.5,120.0,118.0,118.0,1557.0
2026-08-07 09:15:00+08:00,TAIFEX:CCF1!,118.0,118.5,117.0,118.0,2495.0
2026-08-07 09:20:00+08:00,TAIFEX:CCF1!,118.0,118.5,117.5,118.0,1929.0
2026-08-07 09:25:00+08:00,TAIFEX:CCF1!,118.0,119.0,117.5,118.5,973.0
2026-08-07 09:30:00+08:00,TAIFEX:CCF1!,118.5,119.0,118.0,118.5,851.0
2026-08-07 09:35:00+08:00,TAIFEX:CCF1!,118.5,118.5,117.5,117.5,755.0
2026-08-07 09:40:00+08:00,TAIFEX:CCF1!,117.0,118.0,117.0,117.5,988.0
2026-08-07 09:45:00+08:00,TAIFEX:CCF1!,118.0,118.0,117.0,118.0,467.0
2026-08-07 09:50:00+08:00,TAIFEX:CCF1!,118.0,118.0,117.5,118.0,91.0
2026-08-07 09:55:00+08:00,TAIFEX:CCF1!,118.0,118.0,117.5,117.5,262.0
2026-08-07 10:00:00+08:00,TAIFEX:CCF1!,117.5,118.0,117.5,118.0,257.0
2026-08-07 10:05:00+08:00,TAIFEX:CCF1!,118.0,118.5,117.0,117.0,929.0
2026-08-07 10:10:00+08:00,TAIFEX:CCF1!,117.0,118.0,116.5,117.5,726.0
2026-08-07 10:15:00+08:00,TAIFEX:CCF1!,117.5,118.0,117.5,117.5,33.0
2026-08-07 10:20:00+08:00,TAIFEX:CCF1!,117.5,117.5,117.0,117.5,369.0
2026-08-07 10:25:00+08:00,TAIFEX:CCF1!,117.5,118.0,117.0,117.0,165.0
2026-08-07 10:30:00+08:00,TAIFEX:CCF1!,117.0,117.5,117.0,117.0,272.0
2026-08-07 10:35:00+08:00,TAIFEX:CCF1!,117.0,117.0,117.0,117.0,425.0
2026-08-07 10:40:00+08:00,TAIFEX:CCF1!,117.0,117.5,116.0,116.0,1076.0
2026-08-07 10:45:00+08:00,TAIFEX:CCF1!,116.0,116.5,115.5,116.5,1051.0
2026-08-07 10:50:00+08:00,TAIFEX:CCF1!,116.5,116.5,116.0,116.5,75.0
2026-08-07 10:55:00+08:00,TAIFEX:CCF1!,116.0,116.5,115.5,115.5,319.0
2026-08-07 11:00:00+08:00,TAIFEX:CCF1!,116.0,117.0,116.0,116.5,655.0
2026-08-07 11:05:00+08:00,TAIFEX:CCF1!,116.5,116.5,116.0,116.0,191.0
2026-08-07 11:10:00+08:00,TAIFEX:CCF1!,116.0,116.5,115.5,115.5,207.0
2026-08-07 11:15:00+08:00,TAIFEX:CCF1!,116.0,116.0,115.5,115.5,310.0
2026-08-07 11:20:00+08:00,TAIFEX:CCF1!,115.5,115.5,115.5,115.5,175.0
2026-08-07 11:25:00+08:00,TAIFEX:CCF1!,115.5,116.0,115.0,115.5,540.0
2026-08-07 11:30:00+08:00,TAIFEX:CCF1!,115.5,116.0,115.0,115.5,703.0
2026-08-07 11:35:00+08:00,TAIFEX:CCF1!,115.5,116.0,115.5,116.0,176.0
2026-08-07 11:40:00+08:00,TAIFEX:CCF1!,116.0,116.0,115.5,115.5,327.0
2026-08-07 11:45:00+08:00,TAIFEX:CCF1!,115.5,116.0,115.5,115.5,106.0
2026-08-07 11:50:00+08:00,TAIFEX:CCF1!,115.5,115.5,115.0,115.5,279.0
2026-08-07 11:55:00+08:00,TAIFEX:CCF1!,115.5,115.5,115.0,115.0,584.0
2026-08-07 12:00:00+08:00,TAIFEX:CCF1!,115.0,115.5,114.5,115.0,758.0
2026-08-07 12:05:00+08:00,TAIFEX:CCF1!,115.0,115.5,115.0,115.5,295.0
2026-08-07 12:10:00+08:00,TAIFEX:CCF1!,115.5,116.0,115.5,116.0,181.0
2026-08-07 12:15:00+08:00,TAIFEX:CCF1!,115.5,115.5,115.0,115.0,250.0
2026-08-07 12:20:00+08:00,TAIFEX:CCF1!,115.5,115.5,115.0,115.5,594.0
2026-08-07 12:25:00+08:00,TAIFEX:CCF1!,115.0,115.5,115.0,115.0,23.0
2026-08-07 12:30:00+08:00,TAIFEX:CCF1!,115.5,116.0,115.5,115.5,289.0
2026-08-07 12:35:00+08:00,TAIFEX:CCF1!,115.5,115.5,115.0,115.0,123.0
2026-08-07 12:40:00+08:00,TAIFEX:CCF1!,115.0,115.0,114.5,115.0,1122.0
2026-08-07 12:45:00+08:00,TAIFEX:CCF1!,114.5,115.0,114.5,115.0,29.0
2026-08-07 12:50:00+08:00,TAIFEX:CCF1!,114.5,115.0,114.0,114.5,956.0
2026-08-07 12:55:00+08:00,TAIFEX:CCF1!,114.5,115.0,114.0,115.0,755.0
2026-08-07 13:00:00+08:00,TAIFEX:CCF1!,115.0,116.0,115.0,116.0,838.0
2026-08-07 13:05:00+08:00,TAIFEX:CCF1!,116.0,116.5,115.5,115.5,609.0
2026-08-07 13:10:00+08:00,TAIFEX:CCF1!,115.5,116.0,115.5,115.5,726.0
2026-08-07 13:15:00+08:00,TAIFEX:CCF1!,116.0,116.0,115.5,116.0,167.0
2026-08-07 13:20:00+08:00,TAIFEX:CCF1!,116.0,116.0,115.5,116.0,107.0
2026-08-07 13:25:00+08:00,TAIFEX:CCF1!,116.0,116.5,116.0,116.0,165.0
2026-08-07 13:30:00+08:00,TAIFEX:CCF1!,116.0,116.5,116.0,116.5,27.0
2026-08-07 13:35:00+08:00,TAIFEX:CCF1!,116.5,117.0,116.0,116.5,186.0
2026-08-07 13:40:00+08:00,TAIFEX:CCF1!,116.5,117.0,116.0,116.5,105.0
2026-08-07 17:25:00+08:00,TAIFEX:CCF1!,118.0,118.5,118.0,118.0,147.0
2026-08-07 17:30:00+08:00,TAIFEX:CCF1!,118.0,118.5,118.0,118.5,25.0
2026-08-07 17:35:00+08:00,TAIFEX:CCF1!,118.0,118.5,118.0,118.5,12.0
2026-08-07 17:40:00+08:00,TAIFEX:CCF1!,118.5,118.5,117.5,118.0,49.0
2026-08-07 17:45:00+08:00,TAIFEX:CCF1!,118.0,118.0,118.0,118.0,10.0
2026-08-07 17:50:00+08:00,TAIFEX:CCF1!,118.0,118.0,118.0,118.0,4.0
2026-08-07 17:55:00+08:00,TAIFEX:CCF1!,118.0,118.0,118.0,118.0,70.0
2026-08-07 18:00:00+08:00,TAIFEX:CCF1!,118.0,118.0,117.5,118.0,14.0
2026-08-07 18:05:00+08:00,TAIFEX:CCF1!,118.0,118.0,118.0,118.0,4.0
2026-08-07 18:15:00+08:00,TAIFEX:CCF1!,117.5,118.0,117.5,117.5,5.0
2026-08-07 18:20:00+08:00,TAIFEX:CCF1!,117.5,117.5,117.5,117.5,8.0
2026-08-07 18:25:00+08:00,TAIFEX:CCF1!,117.5,117.5,117.0,117.0,39.0
2026-08-07 18:30:00+08:00,TAIFEX:CCF1!,117.0,117.5,117.0,117.5,23.0
2026-08-07 18:35:00+08:00,TAIFEX:CCF1!,117.0,117.0,116.5,116.5,57.0
2026-08-07 18:40:00+08:00,TAIFEX:CCF1!,116.5,116.5,116.5,116.5,5.0
2026-08-07 18:45:00+08:00,TAIFEX:CCF1!,116.5,116.5,116.5,116.5,6.0
2026-08-07 18:50:00+08:00,TAIFEX:CCF1!,117.0,117.0,117.0,117.0,4.0
2026-08-07 18:55:00+08:00,TAIFEX:CCF1!,117.0,117.0,116.5,116.5,27.0
2026-08-07 19:00:00+08:00,TAIFEX:CCF1!,116.5,117.0,116.5,117.0,14.0
2026-08-07 19:05:00+08:00,TAIFEX:CCF1!,117.0,117.5,117.0,117.5,56.0
2026-08-07 19:10:00+08:00,TAIFEX:CCF1!,117.5,117.5,117.5,117.5,16.0
2026-08-07 19:15:00+08:00,TAIFEX:CCF1!,117.5,117.5,117.5,117.5,52.0
2026-08-07 19:20:00+08:00,TAIFEX:CCF1!,117.5,117.5,117.5,117.5,6.0
2026-08-07 19:25:00+08:00,TAIFEX:CCF1!,117.5,117.5,117.0,117.0,5.0
2026-08-07 19:35:00+08:00,TAIFEX:CCF1!,117.5,117.5,117.0,117.5,4.0
2026-08-07 19:40:00+08:00,TAIFEX:CCF1!,117.5,117.5,117.5,117.5,1.0
2026-08-07 19:45:00+08:00,TAIFEX:CCF1!,117.5,117.5,117.0,117.0,2.0
2026-08-07 19:50:00+08:00,TAIFEX:CCF1!,117.0,117.0,117.0,117.0,2.0
2026-08-07 19:55:00+08:00,TAIFEX:CCF1!,117.0,117.0,117.0,117.0,3.0
2026-08-07 20:00:00+08:00,TAIFEX:CCF1!,117.0,117.0,117.0,117.0,6.0
2026-08-07 20:05:00+08:00,TAIFEX:CCF1!,117.0,117.0,117.0,117.0,74.0
2026-08-07 20:10:00+08:00,TAIFEX:CCF1!,117.0,117.0,117.0,117.0,5.0
2026-08-07 20:15:00+08:00,TAIFEX:CCF1!,117.0,117.0,117.0,117.0,19.0
2026-08-07 20:20:00+08:00,TAIFEX:CCF1!,117.5,117.5,117.0,117.0,3.0
2026-08-07 20:25:00+08:00,TAIFEX:CCF1!,117.0,117.0,117.0,117.0,7.0
2026-08-07 20:30:00+08:00,TAIFEX:CCF1!,117.5,118.0,117.5,118.0,144.0
2026-08-07 20:35:00+08:00,TAIFEX:CCF1!,118.0,118.5,117.5,118.5,84.0
2026-08-07 20:40:00+08:00,TAIFEX:CCF1!,118.5,118.5,118.0,118.5,58.0
2026-08-07 20:45:00+08:00,TAIFEX:CCF1!,118.5,119.5,118.5,119.5,281.0
2026-08-07 20:50:00+08:00,TAIFEX:CCF1!,119.5,120.0,119.0,119.5,596.0
2026-08-07 20:55:00+08:00,TAIFEX:CCF1!,120.0,120.0,119.5,119.5,123.0
2026-08-07 21:00:00+08:00,TAIFEX:CCF1!,119.5,119.5,119.0,119.0,42.0
2026-08-07 21:05:00+08:00,TAIFEX:CCF1!,119.0,119.0,118.5,118.5,66.0
2026-08-07 21:10:00+08:00,TAIFEX:CCF1!,118.5,118.5,118.0,118.5,79.0
2026-08-07 21:15:00+08:00,TAIFEX:CCF1!,118.5,118.5,118.0,118.5,186.0
2026-08-07 21:20:00+08:00,TAIFEX:CCF1!,118.5,118.5,118.5,118.5,6.0
2026-08-07 21:25:00+08:00,TAIFEX:CCF1!,118.5,119.0,118.5,118.5,73.0
2026-08-07 21:30:00+08:00,TAIFEX:CCF1!,118.5,119.0,118.5,118.5,160.0
2026-08-07 21:35:00+08:00,TAIFEX:CCF1!,118.5,118.5,118.0,118.0,229.0
2026-08-07 21:40:00+08:00,TAIFEX:CCF1!,118.0,118.5,118.0,118.0,152.0
2026-08-07 21:45:00+08:00,TAIFEX:CCF1!,118.0,118.0,118.0,118.0,101.0
2026-08-07 21:50:00+08:00,TAIFEX:CCF1!,118.0,118.0,118.0,118.0,68.0
2026-08-07 21:55:00+08:00,TAIFEX:CCF1!,117.5,117.5,116.5,116.5,342.0
2026-08-07 22:00:00+08:00,TAIFEX:CCF1!,116.5,116.5,115.5,116.0,116.0
2026-08-07 22:05:00+08:00,TAIFEX:CCF1!,116.0,117.0,115.5,116.5,204.0
2026-08-07 22:10:00+08:00,TAIFEX:CCF1!,116.0,116.5,115.5,116.0,67.0
2026-08-07 22:15:00+08:00,TAIFEX:CCF1!,116.0,117.0,116.0,117.0,123.0
2026-08-07 22:20:00+08:00,TAIFEX:CCF1!,117.0,117.0,117.0,117.0,55.0
2026-08-07 22:25:00+08:00,TAIFEX:CCF1!,117.0,117.5,117.0,117.5,104.0
2026-08-07 22:30:00+08:00,TAIFEX:CCF1!,117.5,117.5,117.0,117.0,44.0
2026-08-07 22:35:00+08:00,TAIFEX:CCF1!,117.0,117.0,117.0,117.0,55.0
2026-08-07 22:40:00+08:00,TAIFEX:CCF1!,117.0,117.0,116.5,116.5,14.0
2026-08-07 22:45:00+08:00,TAIFEX:CCF1!,116.5,117.0,116.5,117.0,19.0
2026-08-07 22:50:00+08:00,TAIFEX:CCF1!,117.0,117.0,117.0,117.0,28.0
2026-08-07 22:55:00+08:00,TAIFEX:CCF1!,117.0,117.0,117.0,117.0,20.0
2026-08-07 23:00:00+08:00,TAIFEX:CCF1!,117.0,117.5,117.0,117.5,40.0
2026-08-07 23:05:00+08:00,TAIFEX:CCF1!,117.5,117.5,117.5,117.5,9.0
2026-08-07 23:15:00+08:00,TAIFEX:CCF1!,117.5,117.5,117.0,117.0,4.0
2026-08-07 23:20:00+08:00,TAIFEX:CCF1!,117.0,117.5,117.0,117.5,60.0
2026-08-07 23:25:00+08:00,TAIFEX:CCF1!,117.5,118.0,117.5,118.0,7.0
2026-08-07 23:30:00+08:00,TAIFEX:CCF1!,118.0,118.0,117.5,117.5,10.0
2026-08-07 23:35:00+08:00,TAIFEX:CCF1!,117.5,117.5,117.5,117.5,13.0
2026-08-07 23:40:00+08:00,TAIFEX:CCF1!,117.5,117.5,117.5,117.5,47.0
2026-08-07 23:45:00+08:00,TAIFEX:CCF1!,117.5,118.0,117.5,117.5,27.0
2026-08-07 23:50:00+08:00,TAIFEX:CCF1!,118.0,118.0,118.0,118.0,8.0
2026-08-08 00:05:00+08:00,TAIFEX:CCF1!,118.0,118.0,118.0,118.0,100.0
2026-08-08 00:10:00+08:00,TAIFEX:CCF1!,118.0,118.0,118.0,118.0,29.0
2026-08-08 00:15:00+08:00,TAIFEX:CCF1!,118.0,118.0,118.0,118.0,28.0
2026-08-08 00:20:00+08:00,TAIFEX:CCF1!,117.5,117.5,117.5,117.5,14.0
2026-08-08 00:25:00+08:00,TAIFEX:CCF1!,117.5,117.5,117.0,117.0,3.0
2026-08-08 00:30:00+08:00,TAIFEX:CCF1!,117.0,117.0,117.0,117.0,6.0
2026-08-08 00:35:00+08:00,TAIFEX:CCF1!,117.5,117.5,117.5,117.5,25.0
2026-08-08 00:40:00+08:00,TAIFEX:CCF1!,117.5,117.5,117.5,117.5,1.0
2026-08-08 00:45:00+08:00,TAIFEX:CCF1!,117.5,117.5,117.5,117.5,1.0
2026-08-08 00:55:00+08:00,TAIFEX:CCF1!,117.5,118.0,117.5,118.0,9.0
2026-08-08 01:00:00+08:00,TAIFEX:CCF1!,117.5,118.0,117.5,118.0,3.0
2026-08-08 01:05:00+08:00,TAIFEX:CCF1!,117.5,118.0,117.5,118.0,4.0
2026-08-08 01:10:00+08:00,TAIFEX:CCF1!,118.0,118.0,118.0,118.0,4.0
2026-08-08 01:20:00+08:00,TAIFEX:CCF1!,118.0,118.0,118.0,118.0,13.0
2026-08-08 01:40:00+08:00,TAIFEX:CCF1!,117.5,117.5,117.5,117.5,2.0
2026-08-08 01:45:00+08:00,TAIFEX:CCF1!,117.5,117.5,117.5,117.5,2.0
2026-08-08 01:55:00+08:00,TAIFEX:CCF1!,117.5,117.5,117.5,117.5,2.0
2026-08-08 02:05:00+08:00,TAIFEX:CCF1!,118.0,118.0,118.0,118.0,1.0
2026-08-08 02:15:00+08:00,TAIFEX:CCF1!,117.5,117.5,117.5,117.5,36.0
2026-08-08 02:25:00+08:00,TAIFEX:CCF1!,117.5,117.5,117.5,117.5,3.0
2026-08-08 02:30:00+08:00,TAIFEX:CCF1!,117.5,117.5,117.5,117.5,9.0
2026-08-08 02:35:00+08:00,TAIFEX:CCF1!,117.5,117.5,117.5,117.5,1.0
2026-08-08 02:40:00+08:00,TAIFEX:CCF1!,117.5,117.5,117.5,117.5,1.0
2026-08-08 02:45:00+08:00,TAIFEX:CCF1!,117.5,117.5,117.5,117.5,1.0
2026-08-08 02:50:00+08:00,TAIFEX:CCF1!,117.5,117.5,117.5,117.5,1.0
2026-08-08 02:55:00+08:00,TAIFEX:CCF1!,117.5,117.5,117.5,117.5,30.0
2026-08-08 03:00:00+08:00,TAIFEX:CCF1!,117.5,117.5,117.5,117.5,2.0
2026-08-08 03:20:00+08:00,TAIFEX:CCF1!,117.5,117.5,117.5,117.5,1.0
2026-08-08 03:30:00+08:00,TAIFEX:CCF1!,117.5,117.5,117.5,117.5,16.0
2026-08-08 03:35:00+08:00,TAIFEX:CCF1!,117.5,118.0,117.5,118.0,4.0
2026-08-08 03:45:00+08:00,TAIFEX:CCF1!,118.0,118.0,118.0,118.0,1.0
2026-08-08 03:50:00+08:00,TAIFEX:CCF1!,118.0,118.0,118.0,118.0,1.0
2026-08-08 03:55:00+08:00,TAIFEX:CCF1!,117.5,118.0,117.5,118.0,54.0
2026-08-08 04:00:00+08:00,TAIFEX:CCF1!,118.0,118.0,118.0,118.0,22.0
2026-08-08 04:05:00+08:00,TAIFEX:CCF1!,118.0,118.0,117.5,118.0,9.0
2026-08-08 04:10:00+08:00,TAIFEX:CCF1!,118.0,118.0,118.0,118.0,8.0
2026-08-08 04:15:00+08:00,TAIFEX:CCF1!,118.0,118.0,118.0,118.0,9.0
2026-08-08 04:20:00+08:00,TAIFEX:CCF1!,118.0,118.0,118.0,118.0,3.0
2026-08-08 04:30:00+08:00,TAIFEX:CCF1!,118.0,118.0,118.0,118.0,1.0
2026-08-08 04:35:00+08:00,TAIFEX:CCF1!,118.0,118.0,118.0,118.0,1.0
2026-08-08 04:40:00+08:00,TAIFEX:CCF1!,118.5,118.5,118.0,118.0,8.0
2026-08-08 04:45:00+08:00,TAIFEX:CCF1!,118.0,118.5,118.0,118.5,2.0
2026-08-08 04:50:00+08:00,TAIFEX:CCF1!,118.5,118.5,118.5,118.5,6.0
2026-08-08 04:55:00+08:00,TAIFEX:CCF1!,118.0,118.5,118.0,118.5,68.0
2026-08-10 08:45:00+08:00,TAIFEX:CCF1!,118.5,118.5,117.5,118.0,288.0
2026-08-10 08:50:00+08:00,TAIFEX:CCF1!,118.0,118.5,117.5,117.5,107.0
2026-08-10 08:55:00+08:00,TAIFEX:CCF1!,117.5,118.0,117.0,117.5,129.0
2026-08-10 09:00:00+08:00,TAIFEX:CCF1!,117.0,118.5,117.0,118.0,606.0
2026-08-10 09:05:00+08:00,TAIFEX:CCF1!,118.0,119.5,118.0,119.0,654.0
2026-08-10 09:10:00+08:00,TAIFEX:CCF1!,119.0,119.0,118.5,119.0,234.0
2026-08-10 09:15:00+08:00,TAIFEX:CCF1!,119.0,121.0,119.0,120.0,1597.0
2026-08-10 09:20:00+08:00,TAIFEX:CCF1!,120.5,122.5,120.0,122.0,2468.0
2026-08-10 09:25:00+08:00,TAIFEX:CCF1!,122.0,122.0,120.5,120.5,649.0
2026-08-10 09:30:00+08:00,TAIFEX:CCF1!,120.5,121.0,120.0,120.5,1110.0
2026-08-10 09:35:00+08:00,TAIFEX:CCF1!,120.5,121.0,120.0,120.5,424.0
2026-08-10 09:40:00+08:00,TAIFEX:CCF1!,120.0,120.5,120.0,120.5,80.0
2026-08-10 09:45:00+08:00,TAIFEX:CCF1!,120.5,122.0,120.5,121.5,416.0
2026-08-10 09:50:00+08:00,TAIFEX:CCF1!,121.5,121.5,121.0,121.5,75.0
2026-08-10 09:55:00+08:00,TAIFEX:CCF1!,121.0,121.5,121.0,121.5,547.0
2026-08-10 10:00:00+08:00,TAIFEX:CCF1!,121.0,122.0,121.0,121.5,615.0
2026-08-10 10:05:00+08:00,TAIFEX:CCF1!,121.5,121.5,121.0,121.5,145.0
2026-08-10 10:10:00+08:00,TAIFEX:CCF1!,121.5,122.0,121.0,121.0,486.0
2026-08-10 10:15:00+08:00,TAIFEX:CCF1!,121.0,121.5,121.0,121.5,1040.0
2026-08-10 10:20:00+08:00,TAIFEX:CCF1!,121.5,121.5,121.0,121.5,54.0
2026-08-10 10:25:00+08:00,TAIFEX:CCF1!,121.0,123.0,121.0,123.0,1045.0
2026-08-10 10:30:00+08:00,TAIFEX:CCF1!,123.0,123.5,122.5,123.0,1182.0
2026-08-10 10:35:00+08:00,TAIFEX:CCF1!,123.0,123.0,122.0,122.5,574.0
2026-08-10 10:40:00+08:00,TAIFEX:CCF1!,123.0,123.0,122.0,123.0,517.0
2026-08-10 10:45:00+08:00,TAIFEX:CCF1!,123.0,123.5,122.5,123.5,588.0
2026-08-10 10:50:00+08:00,TAIFEX:CCF1!,123.5,124.0,123.0,124.0,399.0
2026-08-10 10:55:00+08:00,TAIFEX:CCF1!,124.0,124.0,123.0,123.0,437.0
2026-08-10 11:00:00+08:00,TAIFEX:CCF1!,123.0,123.5,122.5,123.0,626.0
2026-08-10 11:05:00+08:00,TAIFEX:CCF1!,123.0,123.0,123.0,123.0,375.0
2026-08-10 11:10:00+08:00,TAIFEX:CCF1!,122.5,123.0,122.5,123.0,678.0
2026-08-10 11:15:00+08:00,TAIFEX:CCF1!,123.0,123.5,123.0,123.0,148.0
2026-08-10 11:20:00+08:00,TAIFEX:CCF1!,123.0,124.0,123.0,123.5,463.0
2026-08-10 11:25:00+08:00,TAIFEX:CCF1!,123.5,123.5,123.0,123.0,877.0
2026-08-10 11:30:00+08:00,TAIFEX:CCF1!,123.0,123.0,122.5,122.5,16.0
2026-08-10 11:35:00+08:00,TAIFEX:CCF1!,122.5,123.0,122.5,123.0,279.0
2026-08-10 11:40:00+08:00,TAIFEX:CCF1!,122.5,123.0,122.5,123.0,310.0
2026-08-10 11:45:00+08:00,TAIFEX:CCF1!,123.0,123.0,123.0,123.0,39.0
2026-08-10 11:50:00+08:00,TAIFEX:CCF1!,123.0,123.0,122.5,123.0,430.0
2026-08-10 11:55:00+08:00,TAIFEX:CCF1!,122.5,123.0,122.5,122.5,277.0
2026-08-10 12:00:00+08:00,TAIFEX:CCF1!,123.0,123.0,122.5,122.5,224.0
2026-08-10 12:05:00+08:00,TAIFEX:CCF1!,122.5,123.0,122.5,123.0,35.0
2026-08-10 12:10:00+08:00,TAIFEX:CCF1!,123.0,123.0,122.5,122.5,327.0
2026-08-10 12:15:00+08:00,TAIFEX:CCF1!,122.5,122.5,122.5,122.5,78.0
2026-08-10 12:20:00+08:00,TAIFEX:CCF1!,122.5,122.5,122.0,122.5,258.0
2026-08-10 12:25:00+08:00,TAIFEX:CCF1!,122.0,122.5,122.0,122.5,29.0
2026-08-10 12:30:00+08:00,TAIFEX:CCF1!,122.5,122.5,122.0,122.0,24.0
2026-08-10 12:35:00+08:00,TAIFEX:CCF1!,122.5,122.5,121.5,122.0,381.0
2026-08-10 12:40:00+08:00,TAIFEX:CCF1!,122.0,122.0,122.0,122.0,105.0
2026-08-10 12:45:00+08:00,TAIFEX:CCF1!,122.5,122.5,122.0,122.0,24.0
2026-08-10 12:50:00+08:00,TAIFEX:CCF1!,122.0,122.5,122.0,122.0,214.0
2026-08-10 12:55:00+08:00,TAIFEX:CCF1!,122.0,122.5,122.0,122.0,305.0
2026-08-10 13:00:00+08:00,TAIFEX:CCF1!,122.0,122.5,122.0,122.0,142.0
2026-08-10 13:05:00+08:00,TAIFEX:CCF1!,122.0,122.5,122.0,122.0,287.0
2026-08-10 13:10:00+08:00,TAIFEX:CCF1!,122.5,122.5,122.0,122.0,78.0
2026-08-10 13:15:00+08:00,TAIFEX:CCF1!,122.0,123.0,122.0,122.5,341.0
2026-08-10 13:20:00+08:00,TAIFEX:CCF1!,123.0,123.0,122.5,122.5,282.0
2026-08-10 13:25:00+08:00,TAIFEX:CCF1!,123.0,123.5,122.5,123.5,247.0
2026-08-10 13:30:00+08:00,TAIFEX:CCF1!,123.5,123.5,122.0,122.5,474.0
2026-08-10 13:35:00+08:00,TAIFEX:CCF1!,122.5,123.0,122.5,123.0,17.0
2026-08-10 13:40:00+08:00,TAIFEX:CCF1!,123.0,123.0,122.5,122.5,82.0
2026-08-10 17:25:00+08:00,TAIFEX:CCF1!,123.0,123.0,123.0,123.0,42.0
2026-08-10 17:30:00+08:00,TAIFEX:CCF1!,123.0,123.0,122.5,123.0,16.0
2026-08-10 17:35:00+08:00,TAIFEX:CCF1!,123.0,123.0,123.0,123.0,17.0
2026-08-10 17:40:00+08:00,TAIFEX:CCF1!,122.5,122.5,122.5,122.5,11.0
2026-08-10 17:45:00+08:00,TAIFEX:CCF1!,122.5,123.0,122.5,123.0,4.0
2026-08-10 17:50:00+08:00,TAIFEX:CCF1!,122.5,123.0,122.5,123.0,5.0
2026-08-10 17:55:00+08:00,TAIFEX:CCF1!,123.0,123.0,123.0,123.0,1.0
2026-08-10 18:00:00+08:00,TAIFEX:CCF1!,123.0,123.0,122.5,122.5,2.0
2026-08-10 18:05:00+08:00,TAIFEX:CCF1!,123.0,123.0,122.5,123.0,3.0
2026-08-10 18:10:00+08:00,TAIFEX:CCF1!,123.0,123.0,122.0,122.0,50.0
2026-08-10 18:15:00+08:00,TAIFEX:CCF1!,122.0,122.5,122.0,122.5,21.0
2026-08-10 18:20:00+08:00,TAIFEX:CCF1!,122.5,122.5,122.5,122.5,38.0
2026-08-10 18:25:00+08:00,TAIFEX:CCF1!,122.5,122.5,122.5,122.5,2.0
2026-08-10 18:30:00+08:00,TAIFEX:CCF1!,122.5,122.5,122.5,122.5,46.0
2026-08-10 18:45:00+08:00,TAIFEX:CCF1!,122.5,122.5,122.5,122.5,4.0
2026-08-10 18:50:00+08:00,TAIFEX:CCF1!,122.5,122.5,122.5,122.5,3.0
2026-08-10 18:55:00+08:00,TAIFEX:CCF1!,122.5,122.5,122.5,122.5,1.0
2026-08-10 19:00:00+08:00,TAIFEX:CCF1!,122.0,122.0,122.0,122.0,10.0
2026-08-10 19:05:00+08:00,TAIFEX:CCF1!,122.0,122.0,122.0,122.0,72.0
2026-08-10 19:10:00+08:00,TAIFEX:CCF1!,122.0,122.0,121.5,121.5,37.0
2026-08-10 19:15:00+08:00,TAIFEX:CCF1!,122.0,122.0,122.0,122.0,13.0
2026-08-10 19:20:00+08:00,TAIFEX:CCF1!,122.0,122.5,122.0,122.5,46.0
2026-08-10 19:25:00+08:00,TAIFEX:CCF1!,122.0,122.5,122.0,122.5,2.0
2026-08-10 19:30:00+08:00,TAIFEX:CCF1!,122.5,122.5,122.5,122.5,31.0
2026-08-10 19:35:00+08:00,TAIFEX:CCF1!,122.5,122.5,122.5,122.5,4.0
2026-08-10 19:50:00+08:00,TAIFEX:CCF1!,122.5,122.5,122.5,122.5,1.0
2026-08-10 19:55:00+08:00,TAIFEX:CCF1!,122.5,122.5,122.5,122.5,2.0
2026-08-10 20:00:00+08:00,TAIFEX:CCF1!,122.5,122.5,122.5,122.5,1.0
2026-08-10 20:05:00+08:00,TAIFEX:CCF1!,122.5,122.5,122.5,122.5,10.0
2026-08-10 20:10:00+08:00,TAIFEX:CCF1!,122.5,122.5,122.0,122.5,5.0
2026-08-10 20:15:00+08:00,TAIFEX:CCF1!,122.0,122.0,122.0,122.0,1.0
2026-08-10 20:20:00+08:00,TAIFEX:CCF1!,122.5,122.5,122.5,122.5,2.0
2026-08-10 20:25:00+08:00,TAIFEX:CCF1!,122.5,122.5,122.5,122.5,1.0
2026-08-10 20:30:00+08:00,TAIFEX:CCF1!,122.5,122.5,122.5,122.5,2.0
2026-08-10 20:40:00+08:00,TAIFEX:CCF1!,122.0,122.0,122.0,122.0,9.0
2026-08-10 20:45:00+08:00,TAIFEX:CCF1!,122.0,122.5,122.0,122.5,4.0
2026-08-10 20:50:00+08:00,TAIFEX:CCF1!,122.0,122.0,122.0,122.0,19.0
2026-08-10 20:55:00+08:00,TAIFEX:CCF1!,122.0,122.0,121.5,121.5,29.0
2026-08-10 21:00:00+08:00,TAIFEX:CCF1!,122.0,122.5,122.0,122.0,36.0
2026-08-10 21:05:00+08:00,TAIFEX:CCF1!,122.0,122.5,122.0,122.5,23.0
2026-08-10 21:10:00+08:00,TAIFEX:CCF1!,122.5,122.5,122.5,122.5,11.0
2026-08-10 21:15:00+08:00,TAIFEX:CCF1!,122.5,122.5,122.5,122.5,2.0
2026-08-10 21:20:00+08:00,TAIFEX:CCF1!,122.0,122.5,122.0,122.0,8.0
2026-08-10 21:25:00+08:00,TAIFEX:CCF1!,122.0,122.0,122.0,122.0,11.0
2026-08-10 21:30:00+08:00,TAIFEX:CCF1!,122.5,122.5,121.5,121.5,118.0
2026-08-10 21:35:00+08:00,TAIFEX:CCF1!,122.0,122.0,121.5,121.5,39.0
2026-08-10 21:40:00+08:00,TAIFEX:CCF1!,121.5,122.0,121.5,122.0,62.0
2026-08-10 21:45:00+08:00,TAIFEX:CCF1!,122.0,122.0,122.0,122.0,88.0
2026-08-10 21:50:00+08:00,TAIFEX:CCF1!,122.0,122.0,122.0,122.0,47.0
2026-08-10 21:55:00+08:00,TAIFEX:CCF1!,122.0,122.0,121.5,122.0,36.0
2026-08-10 22:00:00+08:00,TAIFEX:CCF1!,122.0,122.0,122.0,122.0,24.0
2026-08-10 22:05:00+08:00,TAIFEX:CCF1!,122.5,122.5,122.5,122.5,7.0
2026-08-10 22:10:00+08:00,TAIFEX:CCF1!,122.5,122.5,122.5,122.5,44.0
2026-08-10 22:15:00+08:00,TAIFEX:CCF1!,122.5,123.0,122.5,122.5,23.0
2026-08-10 22:20:00+08:00,TAIFEX:CCF1!,122.0,122.5,122.0,122.0,4.0
2026-08-10 22:25:00+08:00,TAIFEX:CCF1!,122.0,122.0,122.0,122.0,2.0
2026-08-10 22:30:00+08:00,TAIFEX:CCF1!,122.0,122.5,122.0,122.5,7.0
2026-08-10 22:35:00+08:00,TAIFEX:CCF1!,122.5,122.5,122.5,122.5,12.0
2026-08-10 22:40:00+08:00,TAIFEX:CCF1!,122.5,122.5,122.5,122.5,10.0
2026-08-10 22:45:00+08:00,TAIFEX:CCF1!,122.5,122.5,122.0,122.5,8.0
2026-08-10 22:50:00+08:00,TAIFEX:CCF1!,122.0,122.0,122.0,122.0,59.0
2026-08-10 22:55:00+08:00,TAIFEX:CCF1!,121.5,122.0,121.5,122.0,24.0
2026-08-10 23:00:00+08:00,TAIFEX:CCF1!,122.0,122.0,121.5,122.0,20.0
2026-08-10 23:05:00+08:00,TAIFEX:CCF1!,122.0,122.0,122.0,122.0,34.0
2026-08-10 23:10:00+08:00,TAIFEX:CCF1!,122.0,122.0,122.0,122.0,5.0
2026-08-10 23:15:00+08:00,TAIFEX:CCF1!,122.0,122.0,122.0,122.0,9.0
2026-08-10 23:20:00+08:00,TAIFEX:CCF1!,122.0,122.0,122.0,122.0,15.0
2026-08-10 23:25:00+08:00,TAIFEX:CCF1!,121.5,121.5,121.5,121.5,222.0
2026-08-10 23:30:00+08:00,TAIFEX:CCF1!,121.5,121.5,121.5,121.5,24.0
2026-08-10 23:35:00+08:00,TAIFEX:CCF1!,121.5,121.5,121.5,121.5,14.0
2026-08-10 23:40:00+08:00,TAIFEX:CCF1!,121.5,121.5,121.5,121.5,46.0
2026-08-10 23:45:00+08:00,TAIFEX:CCF1!,121.5,121.5,121.5,121.5,31.0
2026-08-10 23:50:00+08:00,TAIFEX:CCF1!,121.5,121.5,121.5,121.5,6.0
2026-08-11 00:00:00+08:00,TAIFEX:CCF1!,122.0,122.0,122.0,122.0,1.0
2026-08-11 00:05:00+08:00,TAIFEX:CCF1!,122.0,122.0,121.5,121.5,4.0
2026-08-11 00:10:00+08:00,TAIFEX:CCF1!,121.5,121.5,121.5,121.5,44.0
2026-08-11 00:15:00+08:00,TAIFEX:CCF1!,121.5,121.5,121.5,121.5,33.0
2026-08-11 00:20:00+08:00,TAIFEX:CCF1!,121.5,121.5,121.5,121.5,1.0
2026-08-11 00:25:00+08:00,TAIFEX:CCF1!,121.5,121.5,121.0,121.0,9.0
2026-08-11 00:30:00+08:00,TAIFEX:CCF1!,121.5,121.5,121.0,121.0,159.0
2026-08-11 00:35:00+08:00,TAIFEX:CCF1!,121.0,121.0,121.0,121.0,7.0
2026-08-11 00:40:00+08:00,TAIFEX:CCF1!,121.0,121.0,120.5,120.5,15.0
2026-08-11 00:45:00+08:00,TAIFEX:CCF1!,120.5,121.0,120.5,121.0,15.0
2026-08-11 00:50:00+08:00,TAIFEX:CCF1!,121.0,121.0,120.5,120.5,15.0
2026-08-11 00:55:00+08:00,TAIFEX:CCF1!,120.5,120.5,120.5,120.5,3.0
2026-08-11 01:05:00+08:00,TAIFEX:CCF1!,120.5,121.0,120.5,121.0,46.0
2026-08-11 01:10:00+08:00,TAIFEX:CCF1!,121.0,121.0,121.0,121.0,14.0
2026-08-11 01:15:00+08:00,TAIFEX:CCF1!,121.5,121.5,121.0,121.0,19.0
2026-08-11 01:25:00+08:00,TAIFEX:CCF1!,121.0,121.0,121.0,121.0,23.0
2026-08-11 01:30:00+08:00,TAIFEX:CCF1!,121.0,121.0,121.0,121.0,4.0
2026-08-11 01:35:00+08:00,TAIFEX:CCF1!,121.0,121.0,121.0,121.0,2.0
2026-08-11 01:40:00+08:00,TAIFEX:CCF1!,121.0,121.5,121.0,121.5,280.0
2026-08-11 01:45:00+08:00,TAIFEX:CCF1!,121.5,121.5,121.5,121.5,94.0
2026-08-11 01:50:00+08:00,TAIFEX:CCF1!,121.0,121.0,121.0,121.0,6.0
2026-08-11 01:55:00+08:00,TAIFEX:CCF1!,121.5,121.5,121.5,121.5,20.0
2026-08-11 02:00:00+08:00,TAIFEX:CCF1!,121.5,121.5,121.5,121.5,2.0
2026-08-11 02:10:00+08:00,TAIFEX:CCF1!,121.5,121.5,121.5,121.5,1.0
2026-08-11 02:15:00+08:00,TAIFEX:CCF1!,121.5,121.5,121.5,121.5,5.0
2026-08-11 02:20:00+08:00,TAIFEX:CCF1!,121.5,121.5,121.5,121.5,1.0
2026-08-11 02:25:00+08:00,TAIFEX:CCF1!,121.5,121.5,121.5,121.5,2.0
2026-08-11 02:30:00+08:00,TAIFEX:CCF1!,121.5,121.5,121.5,121.5,42.0
2026-08-11 02:35:00+08:00,TAIFEX:CCF1!,121.5,121.5,121.5,121.5,1.0
2026-08-11 02:45:00+08:00,TAIFEX:CCF1!,121.5,121.5,121.5,121.5,10.0
2026-08-11 02:50:00+08:00,TAIFEX:CCF1!,121.5,121.5,121.5,121.5,1.0
2026-08-11 02:55:00+08:00,TAIFEX:CCF1!,121.5,121.5,121.5,121.5,1.0
2026-08-11 03:10:00+08:00,TAIFEX:CCF1!,121.5,122.0,121.5,121.5,3.0
2026-08-11 03:35:00+08:00,TAIFEX:CCF1!,122.0,122.0,122.0,122.0,2.0
2026-08-11 03:40:00+08:00,TAIFEX:CCF1!,121.5,121.5,121.5,121.5,28.0
2026-08-11 03:50:00+08:00,TAIFEX:CCF1!,121.5,121.5,121.5,121.5,1.0
2026-08-11 03:55:00+08:00,TAIFEX:CCF1!,121.5,121.5,121.0,121.0,66.0
2026-08-11 04:00:00+08:00,TAIFEX:CCF1!,121.0,121.0,121.0,121.0,10.0
2026-08-11 04:15:00+08:00,TAIFEX:CCF1!,121.0,121.0,121.0,121.0,10.0
2026-08-11 04:35:00+08:00,TAIFEX:CCF1!,121.0,121.0,121.0,121.0,1.0
2026-08-11 04:40:00+08:00,TAIFEX:CCF1!,121.5,121.5,121.5,121.5,1.0
2026-08-11 04:50:00+08:00,TAIFEX:CCF1!,121.5,121.5,121.5,121.5,14.0
2026-08-11 04:55:00+08:00,TAIFEX:CCF1!,121.0,121.0,120.5,120.5,13.0
2026-08-11 08:45:00+08:00,TAIFEX:CCF1!,121.5,121.5,120.5,121.0,345.0
2026-08-11 08:50:00+08:00,TAIFEX:CCF1!,121.0,121.5,121.0,121.0,173.0
2026-08-11 08:55:00+08:00,TAIFEX:CCF1!,120.5,121.0,120.5,121.0,206.0
2026-08-11 09:00:00+08:00,TAIFEX:CCF1!,121.0,122.0,121.0,122.0,1114.0
2026-08-11 09:05:00+08:00,TAIFEX:CCF1!,121.5,122.5,121.0,122.0,497.0
2026-08-11 09:10:00+08:00,TAIFEX:CCF1!,122.0,123.5,122.0,123.5,1150.0
2026-08-11 09:15:00+08:00,TAIFEX:CCF1!,123.5,124.5,123.0,123.0,1656.0
2026-08-11 09:20:00+08:00,TAIFEX:CCF1!,122.5,123.0,122.5,123.0,473.0
2026-08-11 09:25:00+08:00,TAIFEX:CCF1!,123.0,123.0,122.0,122.5,300.0
2026-08-11 09:30:00+08:00,TAIFEX:CCF1!,122.5,122.5,121.0,121.0,1551.0
2026-08-11 09:35:00+08:00,TAIFEX:CCF1!,121.0,121.5,120.5,121.0,424.0
2026-08-11 09:40:00+08:00,TAIFEX:CCF1!,121.0,121.5,120.5,121.5,316.0
2026-08-11 09:45:00+08:00,TAIFEX:CCF1!,121.0,121.5,121.0,121.5,603.0
2026-08-11 09:50:00+08:00,TAIFEX:CCF1!,121.5,122.0,121.0,121.5,480.0
2026-08-11 09:55:00+08:00,TAIFEX:CCF1!,121.5,121.5,121.0,121.0,267.0
2026-08-11 10:00:00+08:00,TAIFEX:CCF1!,121.0,121.0,121.0,121.0,214.0
2026-08-11 10:05:00+08:00,TAIFEX:CCF1!,121.0,121.0,120.0,120.5,485.0
2026-08-11 10:10:00+08:00,TAIFEX:CCF1!,120.5,121.0,120.5,120.5,584.0
2026-08-11 10:15:00+08:00,TAIFEX:CCF1!,121.0,121.0,120.5,121.0,18.0
2026-08-11 10:20:00+08:00,TAIFEX:CCF1!,121.0,121.0,121.0,121.0,90.0
2026-08-11 10:25:00+08:00,TAIFEX:CCF1!,121.5,121.5,121.0,121.0,146.0
2026-08-11 10:30:00+08:00,TAIFEX:CCF1!,121.0,122.0,121.0,122.0,255.0
2026-08-11 10:35:00+08:00,TAIFEX:CCF1!,121.5,122.0,121.5,121.5,15.0
2026-08-11 10:40:00+08:00,TAIFEX:CCF1!,121.5,122.0,121.5,122.0,19.0
2026-08-11 10:45:00+08:00,TAIFEX:CCF1!,121.5,122.0,121.5,122.0,175.0
2026-08-11 10:50:00+08:00,TAIFEX:CCF1!,122.0,122.0,121.5,121.5,253.0
2026-08-11 10:55:00+08:00,TAIFEX:CCF1!,121.5,121.5,121.0,121.0,355.0
2026-08-11 11:00:00+08:00,TAIFEX:CCF1!,121.0,121.5,121.0,121.5,159.0
2026-08-11 11:05:00+08:00,TAIFEX:CCF1!,121.5,121.5,121.5,121.5,152.0
2026-08-11 11:10:00+08:00,TAIFEX:CCF1!,121.5,121.5,121.5,121.5,2.0
2026-08-11 11:15:00+08:00,TAIFEX:CCF1!,122.0,122.0,122.0,122.0,11.0
2026-08-11 11:20:00+08:00,TAIFEX:CCF1!,121.5,122.0,121.5,122.0,95.0
2026-08-11 11:25:00+08:00,TAIFEX:CCF1!,122.0,122.5,122.0,122.5,86.0
2026-08-11 11:30:00+08:00,TAIFEX:CCF1!,122.5,122.5,122.5,122.5,46.0
2026-08-11 11:35:00+08:00,TAIFEX:CCF1!,122.5,122.5,122.0,122.5,579.0
2026-08-11 11:40:00+08:00,TAIFEX:CCF1!,122.5,123.0,122.5,122.5,600.0
2026-08-11 11:45:00+08:00,TAIFEX:CCF1!,122.5,123.0,122.5,122.5,167.0
2026-08-11 11:50:00+08:00,TAIFEX:CCF1!,122.5,123.0,122.5,122.5,32.0
2026-08-11 11:55:00+08:00,TAIFEX:CCF1!,122.5,122.5,122.5,122.5,204.0
2026-08-11 12:00:00+08:00,TAIFEX:CCF1!,122.5,122.5,122.5,122.5,210.0
2026-08-11 12:05:00+08:00,TAIFEX:CCF1!,122.5,122.5,122.5,122.5,22.0
2026-08-11 12:10:00+08:00,TAIFEX:CCF1!,122.5,122.5,122.5,122.5,29.0
2026-08-11 12:15:00+08:00,TAIFEX:CCF1!,122.5,122.5,122.5,122.5,276.0
2026-08-11 12:20:00+08:00,TAIFEX:CCF1!,122.5,122.5,122.5,122.5,134.0
2026-08-11 12:25:00+08:00,TAIFEX:CCF1!,122.5,122.5,122.5,122.5,5.0
2026-08-11 12:30:00+08:00,TAIFEX:CCF1!,122.5,122.5,122.5,122.5,13.0
2026-08-11 12:35:00+08:00,TAIFEX:CCF1!,123.0,123.0,123.0,123.0,3.0
2026-08-11 12:40:00+08:00,TAIFEX:CCF1!,123.0,123.0,122.5,122.5,19.0
2026-08-11 12:45:00+08:00,TAIFEX:CCF1!,122.5,123.0,122.5,123.0,53.0
2026-08-11 12:50:00+08:00,TAIFEX:CCF1!,122.5,123.0,122.5,123.0,10.0
2026-08-11 12:55:00+08:00,TAIFEX:CCF1!,123.0,123.0,122.5,122.5,16.0
2026-08-11 13:00:00+08:00,TAIFEX:CCF1!,123.0,123.0,122.5,122.5,23.0
2026-08-11 13:05:00+08:00,TAIFEX:CCF1!,122.5,122.5,122.5,122.5,21.0
2026-08-11 13:10:00+08:00,TAIFEX:CCF1!,122.5,122.5,122.5,122.5,50.0
2026-08-11 13:15:00+08:00,TAIFEX:CCF1!,122.5,123.0,122.5,122.5,210.0
2026-08-11 13:20:00+08:00,TAIFEX:CCF1!,122.5,123.0,122.5,122.5,49.0
2026-08-11 13:25:00+08:00,TAIFEX:CCF1!,122.5,123.0,122.5,123.0,92.0
2026-08-11 13:30:00+08:00,TAIFEX:CCF1!,123.0,123.0,122.5,122.5,128.0
2026-08-11 13:35:00+08:00,TAIFEX:CCF1!,123.0,123.5,123.0,123.0,407.0
2026-08-11 13:40:00+08:00,TAIFEX:CCF1!,123.0,123.5,122.5,123.0,140.0
2026-08-11 17:25:00+08:00,TAIFEX:CCF1!,122.5,122.5,122.5,122.5,47.0
2026-08-11 17:30:00+08:00,TAIFEX:CCF1!,122.5,123.0,122.5,123.0,5.0
2026-08-11 17:35:00+08:00,TAIFEX:CCF1!,123.0,123.0,123.0,123.0,8.0
2026-08-11 17:40:00+08:00,TAIFEX:CCF1!,123.0,123.0,123.0,123.0,61.0
2026-08-11 17:45:00+08:00,TAIFEX:CCF1!,123.5,123.5,123.5,123.5,5.0
2026-08-11 17:50:00+08:00,TAIFEX:CCF1!,123.0,123.5,123.0,123.5,9.0
2026-08-11 17:55:00+08:00,TAIFEX:CCF1!,123.5,123.5,123.5,123.5,7.0
2026-08-11 18:00:00+08:00,TAIFEX:CCF1!,123.0,123.0,123.0,123.0,41.0
2026-08-11 18:05:00+08:00,TAIFEX:CCF1!,122.5,122.5,122.5,122.5,18.0
2026-08-11 18:10:00+08:00,TAIFEX:CCF1!,122.5,123.0,122.5,123.0,6.0
2026-08-11 18:15:00+08:00,TAIFEX:CCF1!,123.0,123.0,123.0,123.0,2.0
2026-08-11 18:20:00+08:00,TAIFEX:CCF1!,123.0,123.5,123.0,123.5,25.0
2026-08-11 18:25:00+08:00,TAIFEX:CCF1!,123.5,123.5,123.5,123.5,109.0
2026-08-11 18:30:00+08:00,TAIFEX:CCF1!,123.5,123.5,123.5,123.5,26.0
2026-08-11 18:35:00+08:00,TAIFEX:CCF1!,123.5,123.5,123.5,123.5,3.0
2026-08-11 18:40:00+08:00,TAIFEX:CCF1!,123.5,123.5,123.5,123.5,35.0
2026-08-11 18:45:00+08:00,TAIFEX:CCF1!,124.0,124.0,124.0,124.0,5.0
2026-08-11 18:50:00+08:00,TAIFEX:CCF1!,124.0,124.0,123.5,123.5,6.0
2026-08-11 18:55:00+08:00,TAIFEX:CCF1!,123.5,123.5,123.5,123.5,3.0
2026-08-11 19:00:00+08:00,TAIFEX:CCF1!,124.0,125.0,124.0,125.0,231.0
2026-08-11 19:05:00+08:00,TAIFEX:CCF1!,125.0,125.5,124.5,125.0,205.0
2026-08-11 19:10:00+08:00,TAIFEX:CCF1!,125.0,125.5,124.5,125.0,52.0
2026-08-11 19:15:00+08:00,TAIFEX:CCF1!,125.0,125.0,124.5,124.5,115.0
2026-08-11 19:20:00+08:00,TAIFEX:CCF1!,124.5,125.0,124.5,125.0,24.0
2026-08-11 19:25:00+08:00,TAIFEX:CCF1!,124.5,125.0,124.5,125.0,21.0
2026-08-11 19:30:00+08:00,TAIFEX:CCF1!,125.0,125.0,125.0,125.0,2.0
2026-08-11 19:35:00+08:00,TAIFEX:CCF1!,125.0,125.0,125.0,125.0,14.0
2026-08-11 19:40:00+08:00,TAIFEX:CCF1!,124.5,124.5,124.5,124.5,75.0
2026-08-11 19:45:00+08:00,TAIFEX:CCF1!,124.5,124.5,124.5,124.5,34.0
2026-08-11 19:50:00+08:00,TAIFEX:CCF1!,124.5,124.5,124.5,124.5,12.0
2026-08-11 19:55:00+08:00,TAIFEX:CCF1!,124.5,124.5,124.5,124.5,7.0
2026-08-11 20:00:00+08:00,TAIFEX:CCF1!,124.5,124.5,124.5,124.5,34.0
2026-08-11 20:05:00+08:00,TAIFEX:CCF1!,124.5,125.0,124.5,124.5,60.0
2026-08-11 20:10:00+08:00,TAIFEX:CCF1!,124.5,124.5,124.5,124.5,16.0
2026-08-11 20:15:00+08:00,TAIFEX:CCF1!,124.5,124.5,124.5,124.5,9.0
2026-08-11 20:20:00+08:00,TAIFEX:CCF1!,124.5,124.5,124.5,124.5,66.0
2026-08-11 20:25:00+08:00,TAIFEX:CCF1!,124.5,125.0,124.5,124.5,78.0
2026-08-11 20:30:00+08:00,TAIFEX:CCF1!,124.5,124.5,124.5,124.5,4.0
2026-08-11 20:35:00+08:00,TAIFEX:CCF1!,124.5,124.5,124.5,124.5,14.0
2026-08-11 20:40:00+08:00,TAIFEX:CCF1!,124.5,124.5,124.5,124.5,5.0
2026-08-11 20:45:00+08:00,TAIFEX:CCF1!,124.5,125.0,124.5,125.0,4.0
2026-08-11 20:50:00+08:00,TAIFEX:CCF1!,124.5,124.5,124.0,124.5,38.0
2026-08-11 20:55:00+08:00,TAIFEX:CCF1!,124.5,124.5,124.5,124.5,11.0
2026-08-11 21:00:00+08:00,TAIFEX:CCF1!,124.5,125.0,124.5,124.5,61.0
2026-08-11 21:05:00+08:00,TAIFEX:CCF1!,124.5,124.5,124.5,124.5,3.0
2026-08-11 21:10:00+08:00,TAIFEX:CCF1!,124.5,124.5,124.5,124.5,14.0
2026-08-11 21:15:00+08:00,TAIFEX:CCF1!,124.5,124.5,124.5,124.5,37.0
2026-08-11 21:20:00+08:00,TAIFEX:CCF1!,124.5,124.5,124.5,124.5,70.0
2026-08-11 21:25:00+08:00,TAIFEX:CCF1!,124.5,124.5,124.5,124.5,10.0
2026-08-11 21:30:00+08:00,TAIFEX:CCF1!,124.5,124.5,123.0,123.0,615.0
2026-08-11 21:35:00+08:00,TAIFEX:CCF1!,123.0,123.5,122.5,123.0,316.0
2026-08-11 21:40:00+08:00,TAIFEX:CCF1!,123.5,124.0,123.0,123.5,130.0
2026-08-11 21:45:00+08:00,TAIFEX:CCF1!,123.5,123.5,122.5,122.5,180.0
2026-08-11 21:50:00+08:00,TAIFEX:CCF1!,123.0,123.0,122.5,122.5,189.0
2026-08-11 21:55:00+08:00,TAIFEX:CCF1!,122.5,123.0,122.5,123.0,88.0
2026-08-11 22:00:00+08:00,TAIFEX:CCF1!,123.0,123.0,123.0,123.0,156.0
2026-08-11 22:05:00+08:00,TAIFEX:CCF1!,123.0,123.0,123.0,123.0,121.0
2026-08-11 22:10:00+08:00,TAIFEX:CCF1!,123.0,123.0,123.0,123.0,99.0
2026-08-11 22:15:00+08:00,TAIFEX:CCF1!,123.0,123.0,123.0,123.0,38.0
2026-08-11 22:20:00+08:00,TAIFEX:CCF1!,123.0,123.0,123.0,123.0,89.0
2026-08-11 22:25:00+08:00,TAIFEX:CCF1!,123.0,123.0,123.0,123.0,70.0
2026-08-11 22:30:00+08:00,TAIFEX:CCF1!,123.0,123.5,122.5,123.0,95.0
2026-08-11 22:35:00+08:00,TAIFEX:CCF1!,123.0,123.0,123.0,123.0,58.0
2026-08-11 22:40:00+08:00,TAIFEX:CCF1!,123.0,123.0,123.0,123.0,16.0
2026-08-11 22:45:00+08:00,TAIFEX:CCF1!,123.0,123.0,123.0,123.0,5.0
2026-08-11 22:50:00+08:00,TAIFEX:CCF1!,123.0,123.5,123.0,123.0,44.0
2026-08-11 22:55:00+08:00,TAIFEX:CCF1!,123.5,123.5,123.0,123.0,37.0
2026-08-11 23:00:00+08:00,TAIFEX:CCF1!,123.0,123.0,123.0,123.0,62.0
2026-08-11 23:05:00+08:00,TAIFEX:CCF1!,123.0,123.0,122.5,122.5,6.0
2026-08-11 23:10:00+08:00,TAIFEX:CCF1!,122.5,123.0,122.5,122.5,63.0
2026-08-11 23:15:00+08:00,TAIFEX:CCF1!,122.5,122.5,122.5,122.5,104.0
2026-08-11 23:20:00+08:00,TAIFEX:CCF1!,122.5,122.5,122.5,122.5,16.0
2026-08-11 23:25:00+08:00,TAIFEX:CCF1!,122.5,122.5,122.0,122.0,11.0
2026-08-11 23:30:00+08:00,TAIFEX:CCF1!,122.0,122.0,122.0,122.0,2.0
2026-08-11 23:35:00+08:00,TAIFEX:CCF1!,122.0,122.0,122.0,122.0,1.0
2026-08-11 23:40:00+08:00,TAIFEX:CCF1!,122.0,122.5,122.0,122.0,23.0
2026-08-11 23:45:00+08:00,TAIFEX:CCF1!,122.5,122.5,122.0,122.0,179.0
2026-08-11 23:50:00+08:00,TAIFEX:CCF1!,122.0,122.0,122.0,122.0,50.0
2026-08-11 23:55:00+08:00,TAIFEX:CCF1!,122.0,122.0,122.0,122.0,11.0
2026-08-12 00:00:00+08:00,TAIFEX:CCF1!,122.0,122.0,122.0,122.0,6.0
2026-08-12 00:05:00+08:00,TAIFEX:CCF1!,122.0,122.0,122.0,122.0,8.0
2026-08-12 00:10:00+08:00,TAIFEX:CCF1!,122.0,122.0,122.0,122.0,23.0
2026-08-12 00:15:00+08:00,TAIFEX:CCF1!,122.0,122.0,122.0,122.0,8.0
2026-08-12 00:20:00+08:00,TAIFEX:CCF1!,121.5,122.0,121.5,122.0,5.0
2026-08-12 00:25:00+08:00,TAIFEX:CCF1!,122.0,122.0,121.5,122.0,21.0
2026-08-12 00:30:00+08:00,TAIFEX:CCF1!,122.0,122.0,122.0,122.0,4.0
2026-08-12 00:35:00+08:00,TAIFEX:CCF1!,122.0,122.5,122.0,122.5,5.0
2026-08-12 00:40:00+08:00,TAIFEX:CCF1!,122.5,122.5,122.0,122.0,38.0
2026-08-12 00:45:00+08:00,TAIFEX:CCF1!,121.5,121.5,121.5,121.5,222.0
2026-08-12 00:50:00+08:00,TAIFEX:CCF1!,121.5,121.5,121.5,121.5,10.0
2026-08-12 00:55:00+08:00,TAIFEX:CCF1!,121.5,121.5,121.5,121.5,10.0
2026-08-12 01:00:00+08:00,TAIFEX:CCF1!,121.5,121.5,121.0,121.5,54.0
2026-08-12 01:05:00+08:00,TAIFEX:CCF1!,121.5,121.5,121.5,121.5,12.0
2026-08-12 01:10:00+08:00,TAIFEX:CCF1!,121.5,121.5,121.0,121.5,12.0
2026-08-12 01:15:00+08:00,TAIFEX:CCF1!,121.5,121.5,121.5,121.5,18.0
2026-08-12 01:25:00+08:00,TAIFEX:CCF1!,122.0,122.0,122.0,122.0,1.0
2026-08-12 01:30:00+08:00,TAIFEX:CCF1!,121.5,121.5,121.5,121.5,21.0
2026-08-12 01:35:00+08:00,TAIFEX:CCF1!,121.5,121.5,121.5,121.5,30.0
2026-08-12 01:40:00+08:00,TAIFEX:CCF1!,122.0,122.0,121.5,121.5,2.0
2026-08-12 01:45:00+08:00,TAIFEX:CCF1!,122.0,122.0,122.0,122.0,12.0
2026-08-12 01:55:00+08:00,TAIFEX:CCF1!,122.0,122.0,122.0,122.0,1.0
2026-08-12 02:05:00+08:00,TAIFEX:CCF1!,121.5,121.5,121.5,121.5,3.0
2026-08-12 02:15:00+08:00,TAIFEX:CCF1!,122.0,122.0,122.0,122.0,1.0
2026-08-12 02:20:00+08:00,TAIFEX:CCF1!,121.5,121.5,121.0,121.5,142.0
2026-08-12 02:25:00+08:00,TAIFEX:CCF1!,121.5,121.5,121.5,121.5,16.0
2026-08-12 02:35:00+08:00,TAIFEX:CCF1!,121.0,121.0,121.0,121.0,2.0
2026-08-12 02:40:00+08:00,TAIFEX:CCF1!,121.0,121.0,121.0,121.0,10.0
2026-08-12 02:45:00+08:00,TAIFEX:CCF1!,121.0,121.5,121.0,121.5,2.0
2026-08-12 02:50:00+08:00,TAIFEX:CCF1!,121.5,121.5,121.5,121.5,8.0
2026-08-12 02:55:00+08:00,TAIFEX:CCF1!,121.5,121.5,121.5,121.5,1.0
2026-08-12 03:00:00+08:00,TAIFEX:CCF1!,121.5,121.5,121.5,121.5,10.0
2026-08-12 03:05:00+08:00,TAIFEX:CCF1!,121.5,121.5,121.5,121.5,9.0
2026-08-12 03:10:00+08:00,TAIFEX:CCF1!,121.5,121.5,121.5,121.5,2.0
2026-08-12 03:20:00+08:00,TAIFEX:CCF1!,121.5,121.5,121.5,121.5,16.0
2026-08-12 03:25:00+08:00,TAIFEX:CCF1!,121.5,121.5,121.5,121.5,9.0
2026-08-12 03:40:00+08:00,TAIFEX:CCF1!,121.5,121.5,121.0,121.0,23.0
2026-08-12 03:50:00+08:00,TAIFEX:CCF1!,121.5,121.5,121.5,121.5,1.0
2026-08-12 03:55:00+08:00,TAIFEX:CCF1!,121.5,121.5,121.0,121.5,20.0
2026-08-12 04:00:00+08:00,TAIFEX:CCF1!,121.5,122.0,121.5,121.5,14.0
2026-08-12 04:05:00+08:00,TAIFEX:CCF1!,121.5,121.5,121.5,121.5,4.0
2026-08-12 04:10:00+08:00,TAIFEX:CCF1!,121.5,121.5,121.5,121.5,1.0
2026-08-12 04:30:00+08:00,TAIFEX:CCF1!,121.5,121.5,121.5,121.5,4.0
2026-08-12 04:35:00+08:00,TAIFEX:CCF1!,121.5,121.5,121.5,121.5,6.0
2026-08-12 04:40:00+08:00,TAIFEX:CCF1!,122.0,122.0,122.0,122.0,2.0
2026-08-12 04:45:00+08:00,TAIFEX:CCF1!,122.0,122.0,121.5,122.0,8.0
2026-08-12 04:50:00+08:00,TAIFEX:CCF1!,122.0,122.0,121.5,121.5,7.0
2026-08-12 04:55:00+08:00,TAIFEX:CCF1!,122.0,122.0,121.5,121.5,15.0
2026-08-12 08:45:00+08:00,TAIFEX:CCF1!,122.5,122.5,121.5,122.0,246.0
2026-08-12 08:50:00+08:00,TAIFEX:CCF1!,122.0,122.5,121.5,121.5,256.0
2026-08-12 08:55:00+08:00,TAIFEX:CCF1!,122.0,122.5,121.0,122.5,231.0
2026-08-12 09:00:00+08:00,TAIFEX:CCF1!,122.5,124.0,122.5,124.0,1761.0
2026-08-12 09:05:00+08:00,TAIFEX:CCF1!,124.0,125.5,124.0,125.0,1802.0
2026-08-12 09:10:00+08:00,TAIFEX:CCF1!,125.0,125.0,123.0,123.0,535.0
2026-08-12 09:15:00+08:00,TAIFEX:CCF1!,123.0,123.0,122.5,122.5,707.0
2026-08-12 09:20:00+08:00,TAIFEX:CCF1!,122.5,123.0,122.5,123.0,644.0
2026-08-12 09:25:00+08:00,TAIFEX:CCF1!,123.0,123.0,123.0,123.0,136.0
2026-08-12 09:30:00+08:00,TAIFEX:CCF1!,122.5,123.0,122.5,122.5,476.0
2026-08-12 09:35:00+08:00,TAIFEX:CCF1!,122.5,123.0,122.0,123.0,160.0
2026-08-12 09:40:00+08:00,TAIFEX:CCF1!,122.5,123.0,122.5,123.0,395.0
2026-08-12 09:45:00+08:00,TAIFEX:CCF1!,123.0,123.0,123.0,123.0,210.0
2026-08-12 09:50:00+08:00,TAIFEX:CCF1!,123.0,123.5,122.5,123.5,145.0
2026-08-12 09:55:00+08:00,TAIFEX:CCF1!,123.5,123.5,123.0,123.0,116.0
2026-08-12 10:00:00+08:00,TAIFEX:CCF1!,122.5,122.5,122.0,122.0,496.0
2026-08-12 10:05:00+08:00,TAIFEX:CCF1!,121.5,121.5,121.0,121.5,1028.0
2026-08-12 10:10:00+08:00,TAIFEX:CCF1!,121.5,121.5,121.0,121.5,255.0
2026-08-12 10:15:00+08:00,TAIFEX:CCF1!,121.5,122.5,121.5,122.0,365.0
2026-08-12 10:20:00+08:00,TAIFEX:CCF1!,122.0,122.5,122.0,122.0,127.0
2026-08-12 10:25:00+08:00,TAIFEX:CCF1!,122.0,122.5,122.0,122.5,180.0
2026-08-12 10:30:00+08:00,TAIFEX:CCF1!,122.5,122.5,122.0,122.5,39.0
2026-08-12 10:35:00+08:00,TAIFEX:CCF1!,122.5,123.0,122.5,122.5,691.0
2026-08-12 10:40:00+08:00,TAIFEX:CCF1!,123.0,123.0,122.5,122.5,39.0
2026-08-12 10:45:00+08:00,TAIFEX:CCF1!,123.0,123.5,122.5,123.5,880.0
2026-08-12 10:50:00+08:00,TAIFEX:CCF1!,123.5,123.5,123.0,123.5,573.0
2026-08-12 10:55:00+08:00,TAIFEX:CCF1!,123.5,123.5,123.0,123.0,48.0
2026-08-12 11:00:00+08:00,TAIFEX:CCF1!,123.0,123.5,123.0,123.5,307.0
2026-08-12 11:05:00+08:00,TAIFEX:CCF1!,123.5,123.5,123.0,123.0,47.0
2026-08-12 11:10:00+08:00,TAIFEX:CCF1!,123.0,123.0,123.0,123.0,701.0
2026-08-12 11:15:00+08:00,TAIFEX:CCF1!,123.5,123.5,123.0,123.0,80.0
2026-08-12 11:20:00+08:00,TAIFEX:CCF1!,123.0,123.5,123.0,123.5,657.0
2026-08-12 11:25:00+08:00,TAIFEX:CCF1!,123.5,123.5,123.0,123.0,30.0
2026-08-12 11:30:00+08:00,TAIFEX:CCF1!,123.0,123.5,123.0,123.0,372.0
2026-08-12 11:35:00+08:00,TAIFEX:CCF1!,123.0,123.0,122.5,122.5,157.0
2026-08-12 11:40:00+08:00,TAIFEX:CCF1!,122.5,123.0,122.0,122.5,509.0
2026-08-12 11:45:00+08:00,TAIFEX:CCF1!,122.5,123.0,122.5,123.0,545.0
2026-08-12 11:50:00+08:00,TAIFEX:CCF1!,123.0,123.0,122.5,122.5,304.0
2026-08-12 11:55:00+08:00,TAIFEX:CCF1!,123.0,123.0,122.5,122.5,208.0
2026-08-12 12:00:00+08:00,TAIFEX:CCF1!,123.0,123.0,122.5,122.5,10.0
2026-08-12 12:05:00+08:00,TAIFEX:CCF1!,123.0,123.0,122.5,122.5,5.0
2026-08-12 12:10:00+08:00,TAIFEX:CCF1!,122.5,123.0,122.5,122.5,10.0
2026-08-12 12:15:00+08:00,TAIFEX:CCF1!,122.5,123.0,122.5,122.5,5.0
2026-08-12 12:20:00+08:00,TAIFEX:CCF1!,123.0,123.0,122.5,123.0,13.0
2026-08-12 12:25:00+08:00,TAIFEX:CCF1!,123.0,123.0,122.5,122.5,23.0
2026-08-12 12:30:00+08:00,TAIFEX:CCF1!,122.5,123.0,122.5,123.0,37.0
2026-08-12 12:35:00+08:00,TAIFEX:CCF1!,122.5,124.0,122.5,123.5,867.0
2026-08-12 12:40:00+08:00,TAIFEX:CCF1!,123.5,123.5,123.0,123.5,375.0
2026-08-12 12:45:00+08:00,TAIFEX:CCF1!,123.5,123.5,123.5,123.5,65.0
2026-08-12 12:50:00+08:00,TAIFEX:CCF1!,123.5,123.5,123.5,123.5,216.0
2026-08-12 12:55:00+08:00,TAIFEX:CCF1!,124.0,124.0,123.5,123.5,256.0
2026-08-12 13:00:00+08:00,TAIFEX:CCF1!,123.5,123.5,123.0,123.0,235.0
2026-08-12 13:05:00+08:00,TAIFEX:CCF1!,123.0,123.0,123.0,123.0,396.0
2026-08-12 13:10:00+08:00,TAIFEX:CCF1!,123.0,123.5,123.0,123.5,75.0
2026-08-12 13:15:00+08:00,TAIFEX:CCF1!,123.5,123.5,123.0,123.0,60.0
2026-08-12 13:20:00+08:00,TAIFEX:CCF1!,123.0,123.5,123.0,123.5,73.0
2026-08-12 13:25:00+08:00,TAIFEX:CCF1!,123.5,124.0,123.5,123.5,364.0
2026-08-12 13:30:00+08:00,TAIFEX:CCF1!,123.5,124.0,123.5,124.0,210.0
2026-08-12 13:35:00+08:00,TAIFEX:CCF1!,124.0,124.0,123.5,124.0,236.0
2026-08-12 13:40:00+08:00,TAIFEX:CCF1!,124.0,124.5,123.5,124.0,137.0
2026-08-12 17:25:00+08:00,TAIFEX:CCF1!,125.5,126.5,125.5,126.0,464.0
2026-08-12 17:30:00+08:00,TAIFEX:CCF1!,126.0,126.0,125.5,125.5,9.0
2026-08-12 17:35:00+08:00,TAIFEX:CCF1!,126.0,126.0,125.5,126.0,30.0
2026-08-12 17:40:00+08:00,TAIFEX:CCF1!,126.0,126.0,125.5,126.0,30.0
2026-08-12 17:45:00+08:00,TAIFEX:CCF1!,126.0,126.0,125.5,125.5,33.0
2026-08-12 17:50:00+08:00,TAIFEX:CCF1!,125.5,125.5,125.5,125.5,74.0
2026-08-12 17:55:00+08:00,TAIFEX:CCF1!,125.5,125.5,125.0,125.5,75.0
2026-08-12 18:00:00+08:00,TAIFEX:CCF1!,125.5,126.5,125.5,126.0,174.0
2026-08-12 18:05:00+08:00,TAIFEX:CCF1!,126.0,126.5,126.0,126.0,32.0
2026-08-12 18:10:00+08:00,TAIFEX:CCF1!,126.0,126.5,126.0,126.0,20.0
2026-08-12 18:15:00+08:00,TAIFEX:CCF1!,126.5,126.5,126.0,126.0,10.0
2026-08-12 18:20:00+08:00,TAIFEX:CCF1!,126.0,126.5,126.0,126.5,33.0
2026-08-12 18:25:00+08:00,TAIFEX:CCF1!,126.0,126.5,126.0,126.5,71.0
2026-08-12 18:30:00+08:00,TAIFEX:CCF1!,126.0,126.5,126.0,126.0,8.0
2026-08-12 18:35:00+08:00,TAIFEX:CCF1!,126.5,126.5,126.0,126.0,5.0
2026-08-12 18:40:00+08:00,TAIFEX:CCF1!,126.5,126.5,126.0,126.0,17.0
2026-08-12 18:45:00+08:00,TAIFEX:CCF1!,126.0,126.0,126.0,126.0,44.0
2026-08-12 18:50:00+08:00,TAIFEX:CCF1!,126.0,126.0,126.0,126.0,16.0
2026-08-12 18:55:00+08:00,TAIFEX:CCF1!,126.5,126.5,126.0,126.0,14.0
2026-08-12 19:00:00+08:00,TAIFEX:CCF1!,126.0,126.5,126.0,126.0,36.0
2026-08-12 19:05:00+08:00,TAIFEX:CCF1!,126.0,126.0,126.0,126.0,1.0
2026-08-12 19:10:00+08:00,TAIFEX:CCF1!,126.5,126.5,126.0,126.0,3.0
2026-08-12 19:15:00+08:00,TAIFEX:CCF1!,126.0,126.0,126.0,126.0,13.0
2026-08-12 19:20:00+08:00,TAIFEX:CCF1!,126.0,126.5,126.0,126.5,6.0
2026-08-12 19:25:00+08:00,TAIFEX:CCF1!,126.5,126.5,126.5,126.5,1.0
2026-08-12 19:30:00+08:00,TAIFEX:CCF1!,126.5,126.5,126.0,126.0,16.0
2026-08-12 19:35:00+08:00,TAIFEX:CCF1!,126.0,126.0,126.0,126.0,17.0
2026-08-12 19:40:00+08:00,TAIFEX:CCF1!,126.0,126.0,126.0,126.0,1.0
2026-08-12 19:45:00+08:00,TAIFEX:CCF1!,126.0,126.5,126.0,126.5,132.0
2026-08-12 19:50:00+08:00,TAIFEX:CCF1!,126.5,126.5,126.5,126.5,12.0
2026-08-12 19:55:00+08:00,TAIFEX:CCF1!,126.5,126.5,126.5,126.5,16.0
2026-08-12 20:00:00+08:00,TAIFEX:CCF1!,127.0,127.0,127.0,127.0,9.0
2026-08-12 20:05:00+08:00,TAIFEX:CCF1!,127.0,127.0,127.0,127.0,195.0
2026-08-12 20:10:00+08:00,TAIFEX:CCF1!,127.0,127.0,126.5,126.5,7.0
2026-08-12 20:15:00+08:00,TAIFEX:CCF1!,126.5,127.0,126.5,127.0,24.0
2026-08-12 20:20:00+08:00,TAIFEX:CCF1!,127.0,127.0,126.5,127.0,5.0
2026-08-12 20:25:00+08:00,TAIFEX:CCF1!,127.0,127.5,127.0,127.0,91.0
2026-08-12 20:30:00+08:00,TAIFEX:CCF1!,127.5,127.5,126.5,126.5,196.0
2026-08-12 20:35:00+08:00,TAIFEX:CCF1!,126.5,127.0,126.5,126.5,31.0
2026-08-12 20:40:00+08:00,TAIFEX:CCF1!,127.0,127.5,127.0,127.5,85.0
2026-08-12 20:45:00+08:00,TAIFEX:CCF1!,127.5,127.5,127.0,127.5,20.0
2026-08-12 20:50:00+08:00,TAIFEX:CCF1!,127.5,127.5,127.0,127.5,241.0
2026-08-12 20:55:00+08:00,TAIFEX:CCF1!,127.5,127.5,127.0,127.0,60.0
2026-08-12 21:00:00+08:00,TAIFEX:CCF1!,127.0,127.5,127.0,127.5,202.0
2026-08-12 21:05:00+08:00,TAIFEX:CCF1!,127.5,128.0,127.5,127.5,57.0
2026-08-12 21:10:00+08:00,TAIFEX:CCF1!,127.5,127.5,127.0,127.0,49.0
2026-08-12 21:15:00+08:00,TAIFEX:CCF1!,127.5,127.5,127.0,127.5,43.0
2026-08-12 21:20:00+08:00,TAIFEX:CCF1!,127.5,127.5,127.0,127.5,200.0
2026-08-12 21:25:00+08:00,TAIFEX:CCF1!,127.5,127.5,127.5,127.5,28.0
2026-08-12 21:30:00+08:00,TAIFEX:CCF1!,127.5,127.5,125.5,126.0,940.0
2026-08-12 21:35:00+08:00,TAIFEX:CCF1!,126.0,126.5,125.5,125.5,436.0
2026-08-12 21:40:00+08:00,TAIFEX:CCF1!,126.0,126.5,125.5,126.5,172.0
2026-08-12 21:45:00+08:00,TAIFEX:CCF1!,126.0,126.5,126.0,126.0,287.0
2026-08-12 21:50:00+08:00,TAIFEX:CCF1!,126.0,126.0,126.0,126.0,70.0
2026-08-12 21:55:00+08:00,TAIFEX:CCF1!,126.0,126.0,125.5,126.0,33.0
2026-08-12 22:00:00+08:00,TAIFEX:CCF1!,126.0,126.0,125.5,125.5,121.0
2026-08-12 22:05:00+08:00,TAIFEX:CCF1!,125.5,125.5,125.5,125.5,64.0
2026-08-12 22:10:00+08:00,TAIFEX:CCF1!,125.5,126.0,125.5,126.0,12.0
2026-08-12 22:15:00+08:00,TAIFEX:CCF1!,126.0,126.0,126.0,126.0,27.0
2026-08-12 22:20:00+08:00,TAIFEX:CCF1!,126.0,126.0,125.5,125.5,250.0
2026-08-12 22:25:00+08:00,TAIFEX:CCF1!,125.5,126.0,125.5,126.0,71.0
2026-08-12 22:30:00+08:00,TAIFEX:CCF1!,126.0,126.0,125.0,125.5,248.0
2026-08-12 22:35:00+08:00,TAIFEX:CCF1!,125.5,125.5,125.5,125.5,40.0
2026-08-12 22:40:00+08:00,TAIFEX:CCF1!,126.0,126.0,125.5,125.5,134.0
2026-08-12 22:45:00+08:00,TAIFEX:CCF1!,125.5,125.5,125.5,125.5,96.0
2026-08-12 22:50:00+08:00,TAIFEX:CCF1!,125.5,125.5,125.5,125.5,2.0
2026-08-12 22:55:00+08:00,TAIFEX:CCF1!,125.0,125.0,125.0,125.0,20.0
2026-08-12 23:00:00+08:00,TAIFEX:CCF1!,125.0,125.5,125.0,125.5,202.0
2026-08-12 23:05:00+08:00,TAIFEX:CCF1!,125.5,126.0,125.5,125.5,5.0
2026-08-12 23:10:00+08:00,TAIFEX:CCF1!,126.0,126.0,125.5,125.5,78.0
2026-08-12 23:15:00+08:00,TAIFEX:CCF1!,126.0,126.0,126.0,126.0,85.0
2026-08-12 23:20:00+08:00,TAIFEX:CCF1!,126.0,126.0,126.0,126.0,4.0
2026-08-12 23:25:00+08:00,TAIFEX:CCF1!,125.5,125.5,125.5,125.5,6.0
2026-08-12 23:30:00+08:00,TAIFEX:CCF1!,125.5,125.5,125.5,125.5,3.0
2026-08-12 23:35:00+08:00,TAIFEX:CCF1!,125.5,125.5,125.5,125.5,3.0
2026-08-12 23:40:00+08:00,TAIFEX:CCF1!,125.5,125.5,125.5,125.5,78.0
2026-08-12 23:45:00+08:00,TAIFEX:CCF1!,125.5,125.5,125.5,125.5,40.0
2026-08-12 23:50:00+08:00,TAIFEX:CCF1!,125.5,125.5,125.5,125.5,10.0
2026-08-12 23:55:00+08:00,TAIFEX:CCF1!,125.5,126.0,125.5,125.5,5.0
2026-08-13 00:00:00+08:00,TAIFEX:CCF1!,126.0,126.0,126.0,126.0,4.0
2026-08-13 00:05:00+08:00,TAIFEX:CCF1!,126.0,126.0,126.0,126.0,3.0
2026-08-13 00:20:00+08:00,TAIFEX:CCF1!,126.0,126.0,126.0,126.0,4.0
2026-08-13 00:30:00+08:00,TAIFEX:CCF1!,125.5,125.5,125.5,125.5,1.0
2026-08-13 00:35:00+08:00,TAIFEX:CCF1!,125.5,125.5,125.5,125.5,11.0
2026-08-13 00:40:00+08:00,TAIFEX:CCF1!,125.5,125.5,125.5,125.5,10.0
2026-08-13 00:50:00+08:00,TAIFEX:CCF1!,126.0,126.0,125.5,125.5,2.0
2026-08-13 00:55:00+08:00,TAIFEX:CCF1!,125.5,125.5,125.5,125.5,2.0
2026-08-13 01:00:00+08:00,TAIFEX:CCF1!,126.0,126.0,126.0,126.0,8.0
2026-08-13 01:05:00+08:00,TAIFEX:CCF1!,126.0,126.0,126.0,126.0,2.0
2026-08-13 01:10:00+08:00,TAIFEX:CCF1!,126.0,126.0,126.0,126.0,2.0
2026-08-13 01:15:00+08:00,TAIFEX:CCF1!,126.0,126.0,125.5,126.0,118.0
2026-08-13 01:20:00+08:00,TAIFEX:CCF1!,126.0,126.0,126.0,126.0,2.0
2026-08-13 01:25:00+08:00,TAIFEX:CCF1!,125.5,125.5,125.5,125.5,106.0
2026-08-13 01:30:00+08:00,TAIFEX:CCF1!,125.5,125.5,125.5,125.5,1.0
2026-08-13 01:45:00+08:00,TAIFEX:CCF1!,125.5,126.0,125.5,126.0,14.0
2026-08-13 01:50:00+08:00,TAIFEX:CCF1!,126.0,126.0,126.0,126.0,5.0
2026-08-13 01:55:00+08:00,TAIFEX:CCF1!,126.0,126.0,126.0,126.0,1.0
2026-08-13 02:00:00+08:00,TAIFEX:CCF1!,125.5,125.5,125.5,125.5,1.0
2026-08-13 02:15:00+08:00,TAIFEX:CCF1!,126.0,126.0,126.0,126.0,5.0
2026-08-13 02:20:00+08:00,TAIFEX:CCF1!,126.0,126.0,126.0,126.0,12.0
2026-08-13 02:25:00+08:00,TAIFEX:CCF1!,126.0,126.0,126.0,126.0,27.0
2026-08-13 02:45:00+08:00,TAIFEX:CCF1!,126.0,126.0,126.0,126.0,1.0
2026-08-13 02:55:00+08:00,TAIFEX:CCF1!,126.0,126.0,126.0,126.0,8.0
2026-08-13 03:00:00+08:00,TAIFEX:CCF1!,126.0,126.0,126.0,126.0,1.0
2026-08-13 03:05:00+08:00,TAIFEX:CCF1!,126.0,126.0,126.0,126.0,1.0
2026-08-13 03:10:00+08:00,TAIFEX:CCF1!,126.0,126.0,126.0,126.0,3.0
2026-08-13 03:15:00+08:00,TAIFEX:CCF1!,126.0,126.0,126.0,126.0,6.0
2026-08-13 03:20:00+08:00,TAIFEX:CCF1!,126.0,126.0,126.0,126.0,5.0
2026-08-13 03:30:00+08:00,TAIFEX:CCF1!,125.5,125.5,125.5,125.5,2.0
2026-08-13 03:40:00+08:00,TAIFEX:CCF1!,125.5,126.0,125.5,125.5,32.0
2026-08-13 03:45:00+08:00,TAIFEX:CCF1!,126.0,126.0,125.5,126.0,12.0
2026-08-13 03:50:00+08:00,TAIFEX:CCF1!,125.5,125.5,125.5,125.5,9.0
2026-08-13 03:55:00+08:00,TAIFEX:CCF1!,125.5,125.5,125.0,125.0,88.0
2026-08-13 04:00:00+08:00,TAIFEX:CCF1!,125.5,125.5,125.5,125.5,6.0
2026-08-13 04:05:00+08:00,TAIFEX:CCF1!,126.0,126.0,126.0,126.0,1.0
2026-08-13 04:15:00+08:00,TAIFEX:CCF1!,125.5,125.5,125.5,125.5,3.0
2026-08-13 04:25:00+08:00,TAIFEX:CCF1!,125.5,125.5,125.5,125.5,3.0
2026-08-13 04:45:00+08:00,TAIFEX:CCF1!,125.5,125.5,125.5,125.5,17.0
2026-08-13 04:50:00+08:00,TAIFEX:CCF1!,125.5,125.5,125.5,125.5,19.0
2026-08-13 04:55:00+08:00,TAIFEX:CCF1!,125.5,126.0,125.0,125.5,44.0
2026-08-13 08:45:00+08:00,TAIFEX:CCF1!,126.0,126.0,125.0,125.5,469.0
2026-08-13 08:50:00+08:00,TAIFEX:CCF1!,125.5,126.0,125.0,125.0,266.0
2026-08-13 08:55:00+08:00,TAIFEX:CCF1!,125.0,126.0,125.0,125.5,314.0
2026-08-13 09:00:00+08:00,TAIFEX:CCF1!,125.5,127.0,125.0,125.5,967.0
2026-08-13 09:05:00+08:00,TAIFEX:CCF1!,125.5,125.5,125.0,125.5,459.0
2026-08-13 09:10:00+08:00,TAIFEX:CCF1!,125.5,125.5,124.0,125.0,830.0
2026-08-13 09:15:00+08:00,TAIFEX:CCF1!,124.5,125.0,123.5,125.0,1039.0
2026-08-13 09:20:00+08:00,TAIFEX:CCF1!,124.5,127.0,124.5,126.5,1611.0
2026-08-13 09:25:00+08:00,TAIFEX:CCF1!,126.5,129.0,126.5,128.0,2962.0
2026-08-13 09:30:00+08:00,TAIFEX:CCF1!,127.5,130.0,127.5,129.0,2339.0
2026-08-13 09:35:00+08:00,TAIFEX:CCF1!,129.5,131.0,127.5,129.0,4619.0
2026-08-13 09:40:00+08:00,TAIFEX:CCF1!,128.5,128.5,127.5,128.0,1410.0
2026-08-13 09:45:00+08:00,TAIFEX:CCF1!,128.0,129.0,128.0,128.5,706.0
2026-08-13 09:50:00+08:00,TAIFEX:CCF1!,128.5,129.0,128.0,129.0,715.0
2026-08-13 09:55:00+08:00,TAIFEX:CCF1!,128.5,128.5,127.0,127.0,581.0
2026-08-13 10:00:00+08:00,TAIFEX:CCF1!,127.5,127.5,127.0,127.5,918.0
2026-08-13 10:05:00+08:00,TAIFEX:CCF1!,127.5,127.5,127.0,127.5,80.0
2026-08-13 10:10:00+08:00,TAIFEX:CCF1!,127.5,127.5,126.5,127.0,498.0
2026-08-13 10:15:00+08:00,TAIFEX:CCF1!,127.0,127.5,126.5,127.0,610.0
2026-08-13 10:20:00+08:00,TAIFEX:CCF1!,127.0,127.0,126.0,126.0,397.0
2026-08-13 10:25:00+08:00,TAIFEX:CCF1!,126.0,126.5,125.0,125.0,976.0
2026-08-13 10:30:00+08:00,TAIFEX:CCF1!,125.5,125.5,124.5,124.5,530.0
2026-08-13 10:35:00+08:00,TAIFEX:CCF1!,124.5,125.5,124.5,125.5,302.0
2026-08-13 10:40:00+08:00,TAIFEX:CCF1!,125.0,125.5,124.5,125.0,348.0
2026-08-13 10:45:00+08:00,TAIFEX:CCF1!,125.0,125.0,124.5,125.0,579.0
2026-08-13 10:50:00+08:00,TAIFEX:CCF1!,125.0,125.0,124.5,124.5,961.0
2026-08-13 10:55:00+08:00,TAIFEX:CCF1!,124.5,125.0,124.0,124.0,382.0
2026-08-13 11:00:00+08:00,TAIFEX:CCF1!,124.5,125.5,124.0,125.0,291.0
2026-08-13 11:05:00+08:00,TAIFEX:CCF1!,124.5,125.0,124.5,125.0,116.0
2026-08-13 11:10:00+08:00,TAIFEX:CCF1!,124.5,125.0,124.5,125.0,154.0
2026-08-13 11:15:00+08:00,TAIFEX:CCF1!,125.0,125.0,124.5,125.0,117.0
2026-08-13 11:20:00+08:00,TAIFEX:CCF1!,125.0,125.0,125.0,125.0,273.0
2026-08-13 11:25:00+08:00,TAIFEX:CCF1!,125.0,125.0,124.0,124.0,359.0
2026-08-13 11:30:00+08:00,TAIFEX:CCF1!,124.5,124.5,124.0,124.5,45.0
2026-08-13 11:35:00+08:00,TAIFEX:CCF1!,124.5,124.5,123.5,124.0,1128.0
2026-08-13 11:40:00+08:00,TAIFEX:CCF1!,124.0,124.0,123.5,124.0,633.0
2026-08-13 11:45:00+08:00,TAIFEX:CCF1!,124.0,124.0,123.5,124.0,655.0
2026-08-13 11:50:00+08:00,TAIFEX:CCF1!,124.0,124.0,124.0,124.0,10.0
2026-08-13 11:55:00+08:00,TAIFEX:CCF1!,124.0,124.0,123.5,124.0,43.0
2026-08-13 12:00:00+08:00,TAIFEX:CCF1!,124.0,124.0,124.0,124.0,571.0
2026-08-13 12:05:00+08:00,TAIFEX:CCF1!,124.0,124.5,124.0,124.5,137.0
2026-08-13 12:10:00+08:00,TAIFEX:CCF1!,124.0,125.0,124.0,124.5,908.0
2026-08-13 12:15:00+08:00,TAIFEX:CCF1!,124.5,124.5,124.0,124.0,28.0
2026-08-13 12:20:00+08:00,TAIFEX:CCF1!,124.0,124.5,123.5,124.0,550.0
2026-08-13 12:25:00+08:00,TAIFEX:CCF1!,124.0,124.0,123.5,124.0,321.0
2026-08-13 12:30:00+08:00,TAIFEX:CCF1!,124.0,124.5,124.0,124.5,160.0
2026-08-13 12:35:00+08:00,TAIFEX:CCF1!,124.5,124.5,124.0,124.0,72.0
2026-08-13 12:40:00+08:00,TAIFEX:CCF1!,124.0,125.0,124.0,124.5,302.0
2026-08-13 12:45:00+08:00,TAIFEX:CCF1!,124.5,124.5,124.5,124.5,25.0
2026-08-13 12:50:00+08:00,TAIFEX:CCF1!,124.5,125.0,124.5,125.0,148.0
2026-08-13 12:55:00+08:00,TAIFEX:CCF1!,125.0,125.0,124.5,124.5,37.0
2026-08-13 13:00:00+08:00,TAIFEX:CCF1!,124.5,125.5,124.5,125.0,752.0
2026-08-13 13:05:00+08:00,TAIFEX:CCF1!,125.0,125.5,124.5,125.0,101.0
2026-08-13 13:10:00+08:00,TAIFEX:CCF1!,124.5,125.0,124.5,125.0,164.0
2026-08-13 13:15:00+08:00,TAIFEX:CCF1!,124.5,125.0,124.5,124.5,130.0
2026-08-13 13:20:00+08:00,TAIFEX:CCF1!,124.5,125.0,124.5,124.5,183.0
2026-08-13 13:25:00+08:00,TAIFEX:CCF1!,124.5,125.0,124.5,125.0,8.0
2026-08-13 13:30:00+08:00,TAIFEX:CCF1!,125.0,125.5,125.0,125.0,262.0
2026-08-13 13:35:00+08:00,TAIFEX:CCF1!,125.5,125.5,125.0,125.0,172.0
2026-08-13 13:40:00+08:00,TAIFEX:CCF1!,124.5,125.0,124.5,124.5,61.0
2026-08-13 17:25:00+08:00,TAIFEX:CCF1!,124.0,124.5,124.0,124.5,23.0
2026-08-13 17:30:00+08:00,TAIFEX:CCF1!,124.5,125.0,124.5,125.0,22.0
2026-08-13 17:35:00+08:00,TAIFEX:CCF1!,125.0,125.0,125.0,125.0,14.0
2026-08-13 17:40:00+08:00,TAIFEX:CCF1!,125.0,125.0,124.5,124.5,35.0
2026-08-13 17:45:00+08:00,TAIFEX:CCF1!,124.5,124.5,124.5,124.5,1.0
2026-08-13 17:50:00+08:00,TAIFEX:CCF1!,124.5,124.5,124.5,124.5,2.0
2026-08-13 17:55:00+08:00,TAIFEX:CCF1!,125.0,125.0,125.0,125.0,56.0
2026-08-13 18:00:00+08:00,TAIFEX:CCF1!,125.0,125.0,125.0,125.0,10.0
2026-08-13 18:05:00+08:00,TAIFEX:CCF1!,125.0,125.5,125.0,125.5,73.0
2026-08-13 18:10:00+08:00,TAIFEX:CCF1!,125.5,125.5,125.5,125.5,38.0
2026-08-13 18:15:00+08:00,TAIFEX:CCF1!,125.5,125.5,125.5,125.5,16.0
2026-08-13 18:20:00+08:00,TAIFEX:CCF1!,125.5,125.5,125.0,125.5,11.0
2026-08-13 18:25:00+08:00,TAIFEX:CCF1!,125.5,125.5,125.5,125.5,11.0
2026-08-13 18:30:00+08:00,TAIFEX:CCF1!,125.5,125.5,125.5,125.5,2.0
2026-08-13 18:35:00+08:00,TAIFEX:CCF1!,125.0,125.0,125.0,125.0,1.0
2026-08-13 18:45:00+08:00,TAIFEX:CCF1!,125.5,125.5,125.5,125.5,6.0
2026-08-13 18:50:00+08:00,TAIFEX:CCF1!,125.5,125.5,125.5,125.5,1.0
2026-08-13 18:55:00+08:00,TAIFEX:CCF1!,125.5,125.5,125.5,125.5,2.0
2026-08-13 19:00:00+08:00,TAIFEX:CCF1!,125.5,125.5,125.0,125.0,6.0
2026-08-13 19:05:00+08:00,TAIFEX:CCF1!,125.0,125.0,125.0,125.0,57.0
2026-08-13 19:15:00+08:00,TAIFEX:CCF1!,125.0,125.0,125.0,125.0,4.0
2026-08-13 19:30:00+08:00,TAIFEX:CCF1!,125.0,125.0,124.5,125.0,4.0
2026-08-13 19:35:00+08:00,TAIFEX:CCF1!,125.0,125.0,125.0,125.0,7.0
2026-08-13 19:40:00+08:00,TAIFEX:CCF1!,125.0,125.0,125.0,125.0,59.0
2026-08-13 19:55:00+08:00,TAIFEX:CCF1!,125.5,125.5,125.5,125.5,6.0
2026-08-13 20:00:00+08:00,TAIFEX:CCF1!,125.0,125.0,125.0,125.0,40.0
2026-08-13 20:05:00+08:00,TAIFEX:CCF1!,125.0,125.0,125.0,125.0,12.0
2026-08-13 20:10:00+08:00,TAIFEX:CCF1!,125.0,125.0,125.0,125.0,1.0
2026-08-13 20:15:00+08:00,TAIFEX:CCF1!,125.0,125.0,124.5,124.5,13.0
2026-08-13 20:20:00+08:00,TAIFEX:CCF1!,125.0,125.0,125.0,125.0,2.0
2026-08-13 20:25:00+08:00,TAIFEX:CCF1!,125.0,125.0,125.0,125.0,31.0
2026-08-13 20:30:00+08:00,TAIFEX:CCF1!,125.5,125.5,125.0,125.0,20.0
2026-08-13 20:35:00+08:00,TAIFEX:CCF1!,125.0,125.0,125.0,125.0,1.0
2026-08-13 20:40:00+08:00,TAIFEX:CCF1!,125.0,125.0,125.0,125.0,14.0
2026-08-13 20:45:00+08:00,TAIFEX:CCF1!,125.0,125.0,125.0,125.0,2.0
2026-08-13 20:50:00+08:00,TAIFEX:CCF1!,125.0,125.0,125.0,125.0,1.0
2026-08-13 20:55:00+08:00,TAIFEX:CCF1!,125.0,125.0,125.0,125.0,25.0
2026-08-13 21:00:00+08:00,TAIFEX:CCF1!,125.0,125.0,125.0,125.0,48.0
2026-08-13 21:05:00+08:00,TAIFEX:CCF1!,125.5,125.5,125.5,125.5,3.0
2026-08-13 21:10:00+08:00,TAIFEX:CCF1!,125.5,125.5,125.5,125.5,11.0
2026-08-13 21:15:00+08:00,TAIFEX:CCF1!,125.5,125.5,125.5,125.5,1.0
2026-08-13 21:20:00+08:00,TAIFEX:CCF1!,125.5,125.5,125.5,125.5,53.0
2026-08-13 21:25:00+08:00,TAIFEX:CCF1!,125.5,125.5,125.5,125.5,3.0
2026-08-13 21:30:00+08:00,TAIFEX:CCF1!,125.0,125.0,125.0,125.0,136.0
2026-08-13 21:35:00+08:00,TAIFEX:CCF1!,125.5,126.0,125.5,125.5,165.0
2026-08-13 21:40:00+08:00,TAIFEX:CCF1!,125.5,125.5,125.5,125.5,71.0
2026-08-13 21:45:00+08:00,TAIFEX:CCF1!,125.5,126.0,125.5,126.0,28.0
2026-08-13 21:50:00+08:00,TAIFEX:CCF1!,126.0,126.0,125.5,126.0,42.0
2026-08-13 21:55:00+08:00,TAIFEX:CCF1!,126.0,126.0,125.5,126.0,42.0
2026-08-13 22:00:00+08:00,TAIFEX:CCF1!,126.0,126.5,125.5,126.0,324.0
2026-08-13 22:05:00+08:00,TAIFEX:CCF1!,126.0,126.5,126.0,126.0,67.0
2026-08-13 22:10:00+08:00,TAIFEX:CCF1!,126.0,126.0,126.0,126.0,14.0
2026-08-13 22:15:00+08:00,TAIFEX:CCF1!,126.0,126.0,125.5,126.0,35.0
2026-08-13 22:20:00+08:00,TAIFEX:CCF1!,125.5,126.0,125.5,126.0,16.0
2026-08-13 22:25:00+08:00,TAIFEX:CCF1!,126.0,126.0,125.5,126.0,20.0
2026-08-13 22:30:00+08:00,TAIFEX:CCF1!,126.0,126.5,126.0,126.5,163.0
2026-08-13 22:35:00+08:00,TAIFEX:CCF1!,126.5,126.5,126.0,126.0,34.0
2026-08-13 22:40:00+08:00,TAIFEX:CCF1!,126.0,126.5,126.0,126.5,23.0
2026-08-13 22:45:00+08:00,TAIFEX:CCF1!,126.5,126.5,126.0,126.0,21.0
2026-08-13 22:50:00+08:00,TAIFEX:CCF1!,126.0,126.0,126.0,126.0,8.0
2026-08-13 22:55:00+08:00,TAIFEX:CCF1!,126.0,126.0,126.0,126.0,119.0
2026-08-13 23:00:00+08:00,TAIFEX:CCF1!,126.0,126.5,126.0,126.0,29.0
2026-08-13 23:05:00+08:00,TAIFEX:CCF1!,126.0,126.0,126.0,126.0,58.0
2026-08-13 23:10:00+08:00,TAIFEX:CCF1!,126.0,126.5,126.0,126.5,252.0
2026-08-13 23:15:00+08:00,TAIFEX:CCF1!,126.5,126.5,126.0,126.0,53.0
2026-08-13 23:20:00+08:00,TAIFEX:CCF1!,126.5,126.5,126.0,126.5,64.0
2026-08-13 23:25:00+08:00,TAIFEX:CCF1!,126.5,126.5,126.0,126.0,8.0
2026-08-13 23:30:00+08:00,TAIFEX:CCF1!,126.0,126.0,125.5,125.5,57.0
2026-08-13 23:35:00+08:00,TAIFEX:CCF1!,125.5,125.5,125.5,125.5,24.0
2026-08-13 23:40:00+08:00,TAIFEX:CCF1!,126.0,126.0,125.5,126.0,44.0
2026-08-13 23:45:00+08:00,TAIFEX:CCF1!,126.0,126.0,125.5,125.5,19.0
2026-08-13 23:50:00+08:00,TAIFEX:CCF1!,126.0,126.0,125.5,125.5,22.0
2026-08-13 23:55:00+08:00,TAIFEX:CCF1!,125.5,125.5,125.5,125.5,1.0
2026-08-14 00:00:00+08:00,TAIFEX:CCF1!,126.0,126.5,126.0,126.0,59.0
2026-08-14 00:05:00+08:00,TAIFEX:CCF1!,126.0,126.0,126.0,126.0,12.0
2026-08-14 00:10:00+08:00,TAIFEX:CCF1!,126.5,126.5,125.5,126.0,7.0
2026-08-14 00:15:00+08:00,TAIFEX:CCF1!,126.0,126.0,126.0,126.0,4.0
2026-08-14 00:20:00+08:00,TAIFEX:CCF1!,126.0,126.0,126.0,126.0,5.0
2026-08-14 00:25:00+08:00,TAIFEX:CCF1!,126.0,126.0,126.0,126.0,19.0
2026-08-14 00:30:00+08:00,TAIFEX:CCF1!,126.0,126.0,126.0,126.0,5.0
2026-08-14 00:35:00+08:00,TAIFEX:CCF1!,126.5,126.5,126.5,126.5,1.0
2026-08-14 00:40:00+08:00,TAIFEX:CCF1!,126.5,126.5,126.5,126.5,1.0
2026-08-14 00:55:00+08:00,TAIFEX:CCF1!,126.0,126.0,126.0,126.0,2.0
2026-08-14 01:00:00+08:00,TAIFEX:CCF1!,126.5,126.5,126.0,126.5,37.0
2026-08-14 01:05:00+08:00,TAIFEX:CCF1!,126.0,126.0,126.0,126.0,2.0
2026-08-14 01:15:00+08:00,TAIFEX:CCF1!,126.0,126.5,126.0,126.5,6.0
2026-08-14 01:25:00+08:00,TAIFEX:CCF1!,126.5,126.5,126.5,126.5,6.0
2026-08-14 02:10:00+08:00,TAIFEX:CCF1!,126.5,126.5,126.5,126.5,1.0
2026-08-14 02:20:00+08:00,TAIFEX:CCF1!,126.0,126.0,126.0,126.0,44.0
2026-08-14 02:25:00+08:00,TAIFEX:CCF1!,126.0,126.0,126.0,126.0,4.0
2026-08-14 02:30:00+08:00,TAIFEX:CCF1!,126.0,126.0,126.0,126.0,1.0
2026-08-14 02:35:00+08:00,TAIFEX:CCF1!,126.0,126.0,126.0,126.0,2.0
2026-08-14 02:40:00+08:00,TAIFEX:CCF1!,126.0,126.0,126.0,126.0,1.0
2026-08-14 02:50:00+08:00,TAIFEX:CCF1!,126.0,126.0,126.0,126.0,1.0
2026-08-14 02:55:00+08:00,TAIFEX:CCF1!,126.0,126.0,126.0,126.0,3.0
2026-08-14 03:00:00+08:00,TAIFEX:CCF1!,126.0,126.0,126.0,126.0,12.0
2026-08-14 03:05:00+08:00,TAIFEX:CCF1!,126.0,126.0,126.0,126.0,13.0
2026-08-14 03:10:00+08:00,TAIFEX:CCF1!,126.0,126.0,126.0,126.0,8.0
2026-08-14 03:15:00+08:00,TAIFEX:CCF1!,126.0,126.0,126.0,126.0,3.0
2026-08-14 03:20:00+08:00,TAIFEX:CCF1!,126.0,126.0,126.0,126.0,21.0
2026-08-14 03:25:00+08:00,TAIFEX:CCF1!,126.0,126.0,126.0,126.0,4.0
2026-08-14 03:30:00+08:00,TAIFEX:CCF1!,125.5,125.5,125.5,125.5,20.0
2026-08-14 03:40:00+08:00,TAIFEX:CCF1!,125.5,125.5,125.5,125.5,10.0
2026-08-14 03:45:00+08:00,TAIFEX:CCF1!,125.5,125.5,125.5,125.5,15.0
2026-08-14 03:50:00+08:00,TAIFEX:CCF1!,125.5,125.5,125.5,125.5,25.0
2026-08-14 03:55:00+08:00,TAIFEX:CCF1!,125.5,125.5,125.0,125.0,109.0
2026-08-14 04:00:00+08:00,TAIFEX:CCF1!,125.5,125.5,125.5,125.5,14.0
2026-08-14 04:30:00+08:00,TAIFEX:CCF1!,125.5,125.5,125.5,125.5,2.0
2026-08-14 04:35:00+08:00,TAIFEX:CCF1!,126.0,126.0,126.0,126.0,4.0
2026-08-14 04:40:00+08:00,TAIFEX:CCF1!,126.0,126.0,126.0,126.0,1.0
2026-08-14 04:50:00+08:00,TAIFEX:CCF1!,126.0,126.0,126.0,126.0,2.0
2026-08-14 04:55:00+08:00,TAIFEX:CCF1!,126.0,126.5,125.5,125.5,41.0
2026-08-14 08:45:00+08:00,TAIFEX:CCF1!,126.0,126.0,125.0,125.0,223.0
2026-08-14 08:50:00+08:00,TAIFEX:CCF1!,125.0,125.5,124.5,124.5,212.0
2026-08-14 08:55:00+08:00,TAIFEX:CCF1!,125.0,125.5,125.0,125.0,163.0
2026-08-14 09:00:00+08:00,TAIFEX:CCF1!,125.0,125.5,123.0,123.0,1741.0
2026-08-14 09:05:00+08:00,TAIFEX:CCF1!,123.0,125.0,123.0,124.5,1101.0
2026-08-14 09:10:00+08:00,TAIFEX:CCF1!,124.5,124.5,123.5,124.0,182.0
2026-08-14 09:15:00+08:00,TAIFEX:CCF1!,124.0,124.5,123.5,124.0,938.0
2026-08-14 09:20:00+08:00,TAIFEX:CCF1!,124.0,124.0,123.5,123.5,309.0
2026-08-14 09:25:00+08:00,TAIFEX:CCF1!,123.5,124.0,123.0,124.0,995.0
2026-08-14 09:30:00+08:00,TAIFEX:CCF1!,124.0,124.0,122.5,123.0,1050.0
2026-08-14 09:35:00+08:00,TAIFEX:CCF1!,122.5,124.0,122.5,124.0,1397.0
2026-08-14 09:40:00+08:00,TAIFEX:CCF1!,124.0,124.5,124.0,124.0,438.0
2026-08-14 09:45:00+08:00,TAIFEX:CCF1!,124.0,124.5,124.0,124.0,388.0
2026-08-14 09:50:00+08:00,TAIFEX:CCF1!,124.0,124.0,124.0,124.0,459.0
2026-08-14 09:55:00+08:00,TAIFEX:CCF1!,124.0,124.0,123.5,123.5,264.0
2026-08-14 10:00:00+08:00,TAIFEX:CCF1!,124.0,125.0,124.0,125.0,904.0
2026-08-14 10:05:00+08:00,TAIFEX:CCF1!,124.5,125.0,124.0,124.0,242.0
2026-08-14 10:10:00+08:00,TAIFEX:CCF1!,124.0,124.0,123.5,123.5,14.0
2026-08-14 10:15:00+08:00,TAIFEX:CCF1!,123.5,123.5,123.0,123.5,242.0
2026-08-14 10:20:00+08:00,TAIFEX:CCF1!,123.0,123.5,122.5,123.0,372.0
2026-08-14 10:25:00+08:00,TAIFEX:CCF1!,123.0,123.0,122.5,123.0,622.0
2026-08-14 10:30:00+08:00,TAIFEX:CCF1!,123.0,123.0,123.0,123.0,308.0
2026-08-14 10:35:00+08:00,TAIFEX:CCF1!,122.5,123.0,122.5,123.0,232.0
2026-08-14 10:40:00+08:00,TAIFEX:CCF1!,123.0,123.0,122.5,123.0,63.0
2026-08-14 10:45:00+08:00,TAIFEX:CCF1!,123.0,123.0,122.5,123.0,363.0
2026-08-14 10:50:00+08:00,TAIFEX:CCF1!,123.0,123.0,122.0,122.0,301.0
2026-08-14 10:55:00+08:00,TAIFEX:CCF1!,122.0,122.0,120.5,121.5,1735.0
2026-08-14 11:00:00+08:00,TAIFEX:CCF1!,121.0,121.5,120.5,120.5,692.0
2026-08-14 11:05:00+08:00,TAIFEX:CCF1!,120.5,121.5,120.5,121.0,449.0
2026-08-14 11:10:00+08:00,TAIFEX:CCF1!,120.5,121.0,120.5,121.0,99.0
2026-08-14 11:15:00+08:00,TAIFEX:CCF1!,121.0,121.5,121.0,121.5,332.0
2026-08-14 11:20:00+08:00,TAIFEX:CCF1!,121.5,122.0,121.5,122.0,71.0
2026-08-14 11:25:00+08:00,TAIFEX:CCF1!,121.5,122.0,121.5,121.5,80.0
2026-08-14 11:30:00+08:00,TAIFEX:CCF1!,122.0,122.0,121.5,121.5,86.0
2026-08-14 11:35:00+08:00,TAIFEX:CCF1!,121.0,121.5,121.0,121.5,30.0
2026-08-14 11:40:00+08:00,TAIFEX:CCF1!,121.0,121.5,121.0,121.5,227.0
2026-08-14 11:45:00+08:00,TAIFEX:CCF1!,121.0,121.5,121.0,121.5,110.0
2026-08-14 11:50:00+08:00,TAIFEX:CCF1!,121.5,121.5,121.5,121.5,13.0
2026-08-14 11:55:00+08:00,TAIFEX:CCF1!,121.5,121.5,121.0,121.0,8.0
2026-08-14 12:00:00+08:00,TAIFEX:CCF1!,121.0,121.5,121.0,121.5,5.0
2026-08-14 12:05:00+08:00,TAIFEX:CCF1!,121.5,121.5,120.5,121.0,256.0
2026-08-14 12:10:00+08:00,TAIFEX:CCF1!,121.0,121.0,120.5,121.0,323.0
2026-08-14 12:15:00+08:00,TAIFEX:CCF1!,120.5,121.0,120.5,121.0,50.0
2026-08-14 12:20:00+08:00,TAIFEX:CCF1!,120.5,121.0,120.5,121.0,42.0
2026-08-14 12:25:00+08:00,TAIFEX:CCF1!,120.5,121.0,120.5,121.0,45.0
2026-08-14 12:30:00+08:00,TAIFEX:CCF1!,120.5,120.5,120.5,120.5,613.0
2026-08-14 12:35:00+08:00,TAIFEX:CCF1!,120.5,121.5,120.5,121.5,402.0
2026-08-14 12:40:00+08:00,TAIFEX:CCF1!,121.5,122.0,121.5,121.5,71.0
2026-08-14 12:45:00+08:00,TAIFEX:CCF1!,121.5,121.5,121.0,121.5,195.0
2026-08-14 12:50:00+08:00,TAIFEX:CCF1!,121.5,121.5,121.0,121.5,271.0
2026-08-14 12:55:00+08:00,TAIFEX:CCF1!,121.5,121.5,121.5,121.5,136.0
2026-08-14 13:00:00+08:00,TAIFEX:CCF1!,121.5,121.5,121.0,121.5,245.0
2026-08-14 13:05:00+08:00,TAIFEX:CCF1!,121.5,121.5,121.0,121.0,624.0
2026-08-14 13:10:00+08:00,TAIFEX:CCF1!,121.0,121.5,121.0,121.5,452.0
2026-08-14 13:15:00+08:00,TAIFEX:CCF1!,121.5,122.0,121.5,122.0,309.0
2026-08-14 13:20:00+08:00,TAIFEX:CCF1!,122.0,122.0,121.5,122.0,152.0
2026-08-14 13:25:00+08:00,TAIFEX:CCF1!,121.5,121.5,121.0,121.5,225.0
2026-08-14 13:30:00+08:00,TAIFEX:CCF1!,121.5,121.5,121.5,121.5,59.0
2026-08-14 13:35:00+08:00,TAIFEX:CCF1!,121.5,121.5,121.0,121.5,185.0
2026-08-14 13:40:00+08:00,TAIFEX:CCF1!,121.5,121.5,121.0,121.5,37.0
2026-08-14 17:25:00+08:00,TAIFEX:CCF1!,122.0,122.5,122.0,122.5,50.0
2026-08-14 17:30:00+08:00,TAIFEX:CCF1!,122.5,122.5,122.0,122.0,57.0
2026-08-14 17:35:00+08:00,TAIFEX:CCF1!,122.0,122.0,122.0,122.0,22.0
2026-08-14 17:40:00+08:00,TAIFEX:CCF1!,122.0,122.5,122.0,122.5,30.0
2026-08-14 17:45:00+08:00,TAIFEX:CCF1!,122.0,122.0,122.0,122.0,2.0
2026-08-14 17:50:00+08:00,TAIFEX:CCF1!,122.0,122.0,122.0,122.0,2.0
2026-08-14 17:55:00+08:00,TAIFEX:CCF1!,122.0,122.0,122.0,122.0,3.0
2026-08-14 18:00:00+08:00,TAIFEX:CCF1!,122.0,122.0,122.0,122.0,52.0
2026-08-14 18:10:00+08:00,TAIFEX:CCF1!,122.0,122.0,122.0,122.0,4.0
2026-08-14 18:15:00+08:00,TAIFEX:CCF1!,122.0,122.5,122.0,122.0,9.0
2026-08-14 18:20:00+08:00,TAIFEX:CCF1!,122.0,122.0,122.0,122.0,8.0
2026-08-14 18:25:00+08:00,TAIFEX:CCF1!,122.0,122.0,122.0,122.0,2.0
2026-08-14 18:45:00+08:00,TAIFEX:CCF1!,122.0,122.0,122.0,122.0,1.0
2026-08-14 18:50:00+08:00,TAIFEX:CCF1!,122.0,122.0,122.0,122.0,3.0
2026-08-14 19:00:00+08:00,TAIFEX:CCF1!,122.0,122.0,121.5,121.5,4.0
2026-08-14 19:05:00+08:00,TAIFEX:CCF1!,122.0,122.0,122.0,122.0,1.0
2026-08-14 19:10:00+08:00,TAIFEX:CCF1!,122.0,122.0,122.0,122.0,3.0
2026-08-14 19:15:00+08:00,TAIFEX:CCF1!,122.0,122.0,122.0,122.0,3.0
2026-08-14 19:20:00+08:00,TAIFEX:CCF1!,122.0,122.0,122.0,122.0,2.0
2026-08-14 19:30:00+08:00,TAIFEX:CCF1!,121.5,121.5,121.5,121.5,4.0
2026-08-14 19:35:00+08:00,TAIFEX:CCF1!,122.0,122.0,122.0,122.0,19.0
2026-08-14 19:40:00+08:00,TAIFEX:CCF1!,122.0,122.0,122.0,122.0,2.0
2026-08-14 19:45:00+08:00,TAIFEX:CCF1!,122.0,122.0,122.0,122.0,2.0
2026-08-14 19:50:00+08:00,TAIFEX:CCF1!,122.0,122.0,122.0,122.0,9.0
2026-08-14 19:55:00+08:00,TAIFEX:CCF1!,122.0,122.0,121.5,121.5,3.0
2026-08-14 20:00:00+08:00,TAIFEX:CCF1!,121.5,121.5,121.5,121.5,10.0
2026-08-14 20:05:00+08:00,TAIFEX:CCF1!,121.5,121.5,121.5,121.5,2.0
2026-08-14 20:10:00+08:00,TAIFEX:CCF1!,121.5,121.5,121.5,121.5,58.0
2026-08-14 20:15:00+08:00,TAIFEX:CCF1!,121.0,121.5,121.0,121.5,7.0
2026-08-14 20:20:00+08:00,TAIFEX:CCF1!,121.0,121.0,121.0,121.0,2.0
2026-08-14 20:25:00+08:00,TAIFEX:CCF1!,121.0,121.0,121.0,121.0,9.0
2026-08-14 20:30:00+08:00,TAIFEX:CCF1!,121.5,122.0,121.5,121.5,27.0
2026-08-14 20:35:00+08:00,TAIFEX:CCF1!,121.5,121.5,121.5,121.5,7.0
2026-08-14 20:40:00+08:00,TAIFEX:CCF1!,121.5,121.5,121.5,121.5,1.0
2026-08-14 20:50:00+08:00,TAIFEX:CCF1!,121.5,121.5,121.0,121.0,12.0
2026-08-14 21:00:00+08:00,TAIFEX:CCF1!,121.5,121.5,121.0,121.0,4.0
2026-08-14 21:05:00+08:00,TAIFEX:CCF1!,121.5,121.5,121.5,121.5,1.0
2026-08-14 21:15:00+08:00,TAIFEX:CCF1!,121.0,121.0,121.0,121.0,1.0
2026-08-14 21:20:00+08:00,TAIFEX:CCF1!,121.0,121.5,121.0,121.5,2.0
2026-08-14 21:25:00+08:00,TAIFEX:CCF1!,121.0,121.0,121.0,121.0,14.0
2026-08-14 21:30:00+08:00,TAIFEX:CCF1!,121.0,121.5,121.0,121.0,94.0
2026-08-14 21:35:00+08:00,TAIFEX:CCF1!,121.0,121.0,120.5,121.0,60.0
2026-08-14 21:40:00+08:00,TAIFEX:CCF1!,121.5,122.0,121.5,122.0,55.0
2026-08-14 21:45:00+08:00,TAIFEX:CCF1!,122.0,122.0,121.0,121.5,49.0
2026-08-14 21:50:00+08:00,TAIFEX:CCF1!,121.5,121.5,121.5,121.5,18.0
2026-08-14 21:55:00+08:00,TAIFEX:CCF1!,121.5,121.5,121.5,121.5,18.0
2026-08-14 22:00:00+08:00,TAIFEX:CCF1!,121.5,121.5,121.5,121.5,31.0
2026-08-14 22:05:00+08:00,TAIFEX:CCF1!,121.5,121.5,121.5,121.5,22.0
2026-08-14 22:15:00+08:00,TAIFEX:CCF1!,121.5,121.5,121.0,121.0,7.0
2026-08-14 22:20:00+08:00,TAIFEX:CCF1!,121.0,121.0,121.0,121.0,62.0
2026-08-14 22:25:00+08:00,TAIFEX:CCF1!,121.0,121.0,121.0,121.0,13.0
2026-08-14 22:30:00+08:00,TAIFEX:CCF1!,121.0,121.0,121.0,121.0,24.0
2026-08-14 22:35:00+08:00,TAIFEX:CCF1!,121.0,121.0,121.0,121.0,24.0
2026-08-14 22:40:00+08:00,TAIFEX:CCF1!,121.0,121.0,120.5,120.5,9.0
2026-08-14 22:50:00+08:00,TAIFEX:CCF1!,120.5,120.5,120.5,120.5,1.0
2026-08-14 23:00:00+08:00,TAIFEX:CCF1!,121.0,121.0,120.5,120.5,2.0
2026-08-14 23:05:00+08:00,TAIFEX:CCF1!,120.5,121.0,120.5,121.0,4.0
2026-08-14 23:10:00+08:00,TAIFEX:CCF1!,121.0,121.0,121.0,121.0,3.0
2026-08-14 23:15:00+08:00,TAIFEX:CCF1!,121.0,121.0,121.0,121.0,4.0
2026-08-14 23:20:00+08:00,TAIFEX:CCF1!,120.5,120.5,120.0,120.0,62.0
2026-08-14 23:25:00+08:00,TAIFEX:CCF1!,120.0,120.5,120.0,120.5,73.0
2026-08-14 23:30:00+08:00,TAIFEX:CCF1!,120.5,120.5,120.5,120.5,6.0
2026-08-14 23:35:00+08:00,TAIFEX:CCF1!,120.5,120.5,120.5,120.5,17.0
2026-08-14 23:40:00+08:00,TAIFEX:CCF1!,120.5,120.5,120.0,120.0,10.0
2026-08-14 23:45:00+08:00,TAIFEX:CCF1!,120.0,120.0,119.5,120.0,91.0
2026-08-14 23:50:00+08:00,TAIFEX:CCF1!,120.0,120.0,120.0,120.0,6.0
2026-08-15 00:00:00+08:00,TAIFEX:CCF1!,120.0,120.0,120.0,120.0,1.0
2026-08-15 00:05:00+08:00,TAIFEX:CCF1!,120.0,120.0,120.0,120.0,11.0
2026-08-15 00:10:00+08:00,TAIFEX:CCF1!,120.5,120.5,120.5,120.5,1.0
2026-08-15 00:15:00+08:00,TAIFEX:CCF1!,120.5,121.0,120.5,120.5,31.0
2026-08-15 00:20:00+08:00,TAIFEX:CCF1!,120.5,120.5,120.5,120.5,3.0
2026-08-15 00:25:00+08:00,TAIFEX:CCF1!,120.5,120.5,120.5,120.5,3.0
2026-08-15 00:50:00+08:00,TAIFEX:CCF1!,120.5,120.5,120.5,120.5,7.0
2026-08-15 00:55:00+08:00,TAIFEX:CCF1!,120.5,120.5,120.5,120.5,5.0
2026-08-15 01:15:00+08:00,TAIFEX:CCF1!,120.5,120.5,120.5,120.5,1.0
2026-08-15 01:20:00+08:00,TAIFEX:CCF1!,120.5,120.5,120.5,120.5,1.0
2026-08-15 01:25:00+08:00,TAIFEX:CCF1!,120.5,120.5,120.5,120.5,4.0
2026-08-15 01:30:00+08:00,TAIFEX:CCF1!,120.5,120.5,120.5,120.5,14.0
2026-08-15 01:40:00+08:00,TAIFEX:CCF1!,120.5,120.5,120.5,120.5,6.0
2026-08-15 01:45:00+08:00,TAIFEX:CCF1!,120.5,120.5,120.5,120.5,6.0
2026-08-15 02:05:00+08:00,TAIFEX:CCF1!,120.5,120.5,120.5,120.5,8.0
2026-08-15 02:35:00+08:00,TAIFEX:CCF1!,120.5,120.5,120.5,120.5,2.0
2026-08-15 02:40:00+08:00,TAIFEX:CCF1!,121.0,121.0,121.0,121.0,17.0
2026-08-15 02:45:00+08:00,TAIFEX:CCF1!,121.0,121.0,120.5,120.5,71.0
2026-08-15 02:50:00+08:00,TAIFEX:CCF1!,120.5,120.5,120.5,120.5,49.0
2026-08-15 03:25:00+08:00,TAIFEX:CCF1!,121.0,121.0,121.0,121.0,45.0
2026-08-15 03:30:00+08:00,TAIFEX:CCF1!,121.0,121.0,121.0,121.0,7.0
2026-08-15 03:35:00+08:00,TAIFEX:CCF1!,121.0,121.0,121.0,121.0,21.0
2026-08-15 03:45:00+08:00,TAIFEX:CCF1!,121.0,121.0,121.0,121.0,5.0
2026-08-15 03:55:00+08:00,TAIFEX:CCF1!,121.0,121.5,121.0,121.5,54.0
2026-08-15 04:00:00+08:00,TAIFEX:CCF1!,121.0,121.0,121.0,121.0,8.0
2026-08-15 04:15:00+08:00,TAIFEX:CCF1!,121.0,121.0,121.0,121.0,1.0
2026-08-15 04:30:00+08:00,TAIFEX:CCF1!,121.0,121.0,121.0,121.0,1.0
2026-08-15 04:45:00+08:00,TAIFEX:CCF1!,121.0,121.0,121.0,121.0,1.0
2026-08-15 04:50:00+08:00,TAIFEX:CCF1!,121.5,121.5,121.5,121.5,8.0
2026-08-15 04:55:00+08:00,TAIFEX:CCF1!,121.5,121.5,121.0,121.5,24.0
2026-08-17 08:45:00+08:00,TAIFEX:CCF1!,121.5,122.5,121.5,122.5,480.0
2026-08-17 08:50:00+08:00,TAIFEX:CCF1!,122.0,122.5,122.0,122.0,134.0
2026-08-17 08:55:00+08:00,TAIFEX:CCF1!,122.0,122.5,122.0,122.5,215.0
2026-08-17 09:00:00+08:00,TAIFEX:CCF1!,122.0,123.5,122.0,123.5,864.0
2026-08-17 09:05:00+08:00,TAIFEX:CCF1!,123.5,124.5,123.0,124.0,1669.0
2026-08-17 09:10:00+08:00,TAIFEX:CCF1!,124.0,124.0,123.0,123.0,886.0
2026-08-17 09:15:00+08:00,TAIFEX:CCF1!,123.0,123.0,122.0,123.0,1423.0
2026-08-17 09:20:00+08:00,TAIFEX:CCF1!,123.0,123.0,122.5,123.0,121.0
2026-08-17 09:25:00+08:00,TAIFEX:CCF1!,122.5,124.0,122.5,123.5,838.0
2026-08-17 09:30:00+08:00,TAIFEX:CCF1!,123.0,123.0,122.0,122.5,488.0
2026-08-17 09:35:00+08:00,TAIFEX:CCF1!,122.5,123.0,122.5,123.0,186.0
2026-08-17 09:40:00+08:00,TAIFEX:CCF1!,123.0,123.0,122.5,123.0,123.0
2026-08-17 09:45:00+08:00,TAIFEX:CCF1!,123.0,123.0,123.0,123.0,55.0
2026-08-17 09:50:00+08:00,TAIFEX:CCF1!,122.5,123.0,122.5,123.0,333.0
2026-08-17 09:55:00+08:00,TAIFEX:CCF1!,123.0,124.0,123.0,123.5,638.0
2026-08-17 10:00:00+08:00,TAIFEX:CCF1!,123.5,124.0,123.5,123.5,432.0
2026-08-17 10:05:00+08:00,TAIFEX:CCF1!,123.5,123.5,123.0,123.0,371.0
2026-08-17 10:10:00+08:00,TAIFEX:CCF1!,123.5,123.5,123.0,123.5,12.0
2026-08-17 10:15:00+08:00,TAIFEX:CCF1!,123.5,123.5,123.0,123.0,11.0
2026-08-17 10:20:00+08:00,TAIFEX:CCF1!,123.0,123.0,123.0,123.0,105.0
2026-08-17 10:25:00+08:00,TAIFEX:CCF1!,123.0,124.0,123.0,123.5,882.0
2026-08-17 10:30:00+08:00,TAIFEX:CCF1!,123.5,123.5,123.0,123.5,264.0
2026-08-17 10:35:00+08:00,TAIFEX:CCF1!,123.0,123.0,123.0,123.0,645.0
2026-08-17 10:40:00+08:00,TAIFEX:CCF1!,123.0,123.0,122.5,123.0,82.0
2026-08-17 10:45:00+08:00,TAIFEX:CCF1!,123.0,123.0,123.0,123.0,340.0
2026-08-17 10:50:00+08:00,TAIFEX:CCF1!,123.0,123.0,122.5,122.5,15.0
2026-08-17 10:55:00+08:00,TAIFEX:CCF1!,122.5,122.5,122.0,122.5,789.0
2026-08-17 11:00:00+08:00,TAIFEX:CCF1!,122.5,123.0,122.5,122.5,156.0
2026-08-17 11:05:00+08:00,TAIFEX:CCF1!,122.5,122.5,122.5,122.5,35.0
2026-08-17 11:10:00+08:00,TAIFEX:CCF1!,123.0,123.0,122.5,122.5,37.0
2026-08-17 11:15:00+08:00,TAIFEX:CCF1!,123.0,123.0,123.0,123.0,20.0
2026-08-17 11:20:00+08:00,TAIFEX:CCF1!,122.5,122.5,122.5,122.5,28.0
2026-08-17 11:25:00+08:00,TAIFEX:CCF1!,122.5,122.5,122.0,122.5,79.0
2026-08-17 11:30:00+08:00,TAIFEX:CCF1!,122.5,122.5,122.5,122.5,247.0
2026-08-17 11:35:00+08:00,TAIFEX:CCF1!,122.5,122.5,122.5,122.5,1.0
2026-08-17 11:40:00+08:00,TAIFEX:CCF1!,122.5,122.5,122.5,122.5,1.0
2026-08-17 11:45:00+08:00,TAIFEX:CCF1!,122.5,122.5,122.5,122.5,10.0
2026-08-17 11:50:00+08:00,TAIFEX:CCF1!,122.5,122.5,122.0,122.5,230.0
2026-08-17 11:55:00+08:00,TAIFEX:CCF1!,122.0,123.0,122.0,123.0,283.0
2026-08-17 12:00:00+08:00,TAIFEX:CCF1!,122.5,123.0,122.5,123.0,105.0
2026-08-17 12:05:00+08:00,TAIFEX:CCF1!,122.5,123.0,122.5,123.0,34.0
2026-08-17 12:10:00+08:00,TAIFEX:CCF1!,123.0,123.0,123.0,123.0,144.0
2026-08-17 12:15:00+08:00,TAIFEX:CCF1!,123.0,123.5,122.5,123.5,198.0
2026-08-17 12:20:00+08:00,TAIFEX:CCF1!,123.0,123.0,123.0,123.0,35.0
2026-08-17 12:25:00+08:00,TAIFEX:CCF1!,123.0,123.0,123.0,123.0,61.0
2026-08-17 12:30:00+08:00,TAIFEX:CCF1!,123.0,123.0,123.0,123.0,43.0
2026-08-17 12:35:00+08:00,TAIFEX:CCF1!,123.0,123.5,123.0,123.5,7.0
2026-08-17 12:40:00+08:00,TAIFEX:CCF1!,123.0,123.0,123.0,123.0,276.0
2026-08-17 12:50:00+08:00,TAIFEX:CCF1!,123.0,123.0,122.5,123.0,263.0
2026-08-17 12:55:00+08:00,TAIFEX:CCF1!,123.0,123.0,122.5,122.5,4.0
2026-08-17 13:00:00+08:00,TAIFEX:CCF1!,122.5,123.0,122.5,122.5,28.0
2026-08-17 13:05:00+08:00,TAIFEX:CCF1!,122.5,123.0,122.5,123.0,187.0
2026-08-17 13:10:00+08:00,TAIFEX:CCF1!,123.0,123.0,122.5,122.5,35.0
2026-08-17 13:15:00+08:00,TAIFEX:CCF1!,122.5,123.0,122.5,122.5,192.0
2026-08-17 13:20:00+08:00,TAIFEX:CCF1!,122.0,122.5,122.0,122.5,286.0
2026-08-17 13:25:00+08:00,TAIFEX:CCF1!,122.5,122.5,122.0,122.0,75.0
2026-08-17 13:30:00+08:00,TAIFEX:CCF1!,122.0,122.0,122.0,122.0,123.0
2026-08-17 13:35:00+08:00,TAIFEX:CCF1!,122.0,122.0,122.0,122.0,20.0
2026-08-17 13:40:00+08:00,TAIFEX:CCF1!,122.0,122.5,122.0,122.0,72.0
2026-08-17 17:25:00+08:00,TAIFEX:CCF1!,122.0,122.5,122.0,122.5,22.0
2026-08-17 17:30:00+08:00,TAIFEX:CCF1!,122.5,122.5,122.5,122.5,2.0
2026-08-17 17:35:00+08:00,TAIFEX:CCF1!,122.0,122.0,122.0,122.0,5.0
2026-08-17 17:50:00+08:00,TAIFEX:CCF1!,122.0,122.0,122.0,122.0,3.0
2026-08-17 17:55:00+08:00,TAIFEX:CCF1!,122.0,122.0,122.0,122.0,1.0
2026-08-17 18:05:00+08:00,TAIFEX:CCF1!,122.5,122.5,122.5,122.5,2.0
2026-08-17 18:10:00+08:00,TAIFEX:CCF1!,122.5,122.5,122.5,122.5,4.0
2026-08-17 18:15:00+08:00,TAIFEX:CCF1!,122.5,122.5,122.5,122.5,10.0
2026-08-17 18:20:00+08:00,TAIFEX:CCF1!,122.5,122.5,122.5,122.5,3.0
2026-08-17 18:25:00+08:00,TAIFEX:CCF1!,122.5,122.5,122.5,122.5,53.0
2026-08-17 18:30:00+08:00,TAIFEX:CCF1!,123.0,123.0,123.0,123.0,27.0
2026-08-17 18:35:00+08:00,TAIFEX:CCF1!,123.0,123.0,123.0,123.0,3.0
2026-08-17 18:40:00+08:00,TAIFEX:CCF1!,123.0,123.0,123.0,123.0,1.0
2026-08-17 18:50:00+08:00,TAIFEX:CCF1!,123.0,123.0,123.0,123.0,5.0
2026-08-17 19:05:00+08:00,TAIFEX:CCF1!,122.5,122.5,122.5,122.5,34.0
2026-08-17 19:10:00+08:00,TAIFEX:CCF1!,122.5,122.5,122.5,122.5,7.0
2026-08-17 19:40:00+08:00,TAIFEX:CCF1!,123.0,123.0,123.0,123.0,1.0
2026-08-17 19:45:00+08:00,TAIFEX:CCF1!,123.0,123.0,123.0,123.0,1.0
2026-08-17 20:00:00+08:00,TAIFEX:CCF1!,123.0,123.0,123.0,123.0,3.0
2026-08-17 20:10:00+08:00,TAIFEX:CCF1!,123.0,123.0,123.0,123.0,1.0
2026-08-17 20:20:00+08:00,TAIFEX:CCF1!,123.0,123.0,123.0,123.0,2.0
2026-08-17 20:25:00+08:00,TAIFEX:CCF1!,122.5,122.5,122.5,122.5,4.0
2026-08-17 20:35:00+08:00,TAIFEX:CCF1!,122.5,122.5,122.5,122.5,11.0
2026-08-17 20:40:00+08:00,TAIFEX:CCF1!,122.5,122.5,122.0,122.0,33.0
2026-08-17 20:45:00+08:00,TAIFEX:CCF1!,122.0,122.0,122.0,122.0,127.0
2026-08-17 20:55:00+08:00,TAIFEX:CCF1!,122.0,122.5,122.0,122.5,3.0
2026-08-17 21:05:00+08:00,TAIFEX:CCF1!,122.5,122.5,122.5,122.5,2.0
2026-08-17 21:25:00+08:00,TAIFEX:CCF1!,122.5,122.5,122.5,122.5,1.0
2026-08-17 21:30:00+08:00,TAIFEX:CCF1!,122.5,122.5,122.5,122.5,86.0
2026-08-17 21:35:00+08:00,TAIFEX:CCF1!,122.5,122.5,122.0,122.0,12.0
2026-08-17 21:40:00+08:00,TAIFEX:CCF1!,122.0,122.5,122.0,122.5,6.0
2026-08-17 21:45:00+08:00,TAIFEX:CCF1!,122.5,122.5,122.5,122.5,35.0
2026-08-17 21:50:00+08:00,TAIFEX:CCF1!,122.5,122.5,122.5,122.5,2.0
2026-08-17 22:00:00+08:00,TAIFEX:CCF1!,123.0,123.0,123.0,123.0,165.0
2026-08-17 22:05:00+08:00,TAIFEX:CCF1!,123.0,123.0,122.5,122.5,11.0
2026-08-17 22:10:00+08:00,TAIFEX:CCF1!,123.0,123.0,123.0,123.0,40.0
2026-08-17 22:15:00+08:00,TAIFEX:CCF1!,123.0,123.0,123.0,123.0,21.0
2026-08-17 22:20:00+08:00,TAIFEX:CCF1!,123.0,123.0,122.5,123.0,35.0
2026-08-17 22:25:00+08:00,TAIFEX:CCF1!,123.0,123.0,123.0,123.0,1.0
2026-08-17 22:30:00+08:00,TAIFEX:CCF1!,123.0,123.0,123.0,123.0,2.0
2026-08-17 22:35:00+08:00,TAIFEX:CCF1!,123.0,123.5,123.0,123.5,5.0
2026-08-17 22:40:00+08:00,TAIFEX:CCF1!,123.5,123.5,123.5,123.5,1.0
2026-08-17 22:45:00+08:00,TAIFEX:CCF1!,123.5,123.5,123.5,123.5,111.0
2026-08-17 22:50:00+08:00,TAIFEX:CCF1!,123.5,123.5,123.5,123.5,4.0
2026-08-17 22:55:00+08:00,TAIFEX:CCF1!,123.5,124.0,123.5,124.0,207.0
2026-08-17 23:00:00+08:00,TAIFEX:CCF1!,124.0,124.5,124.0,124.0,47.0
2026-08-17 23:05:00+08:00,TAIFEX:CCF1!,124.5,124.5,124.0,124.0,25.0
2026-08-17 23:10:00+08:00,TAIFEX:CCF1!,124.0,124.5,124.0,124.5,15.0
2026-08-17 23:15:00+08:00,TAIFEX:CCF1!,124.0,124.0,124.0,124.0,133.0
2026-08-17 23:20:00+08:00,TAIFEX:CCF1!,124.0,124.0,124.0,124.0,50.0
2026-08-17 23:25:00+08:00,TAIFEX:CCF1!,124.0,124.0,124.0,124.0,5.0
2026-08-17 23:30:00+08:00,TAIFEX:CCF1!,124.0,124.0,124.0,124.0,19.0
2026-08-17 23:40:00+08:00,TAIFEX:CCF1!,123.5,124.0,123.5,124.0,5.0
2026-08-17 23:45:00+08:00,TAIFEX:CCF1!,124.0,124.0,124.0,124.0,3.0
2026-08-17 23:50:00+08:00,TAIFEX:CCF1!,124.0,124.0,124.0,124.0,3.0
2026-08-17 23:55:00+08:00,TAIFEX:CCF1!,124.0,124.0,123.5,123.5,3.0
2026-08-18 00:00:00+08:00,TAIFEX:CCF1!,123.5,123.5,123.5,123.5,30.0
2026-08-18 00:10:00+08:00,TAIFEX:CCF1!,123.5,123.5,123.5,123.5,3.0
2026-08-18 00:20:00+08:00,TAIFEX:CCF1!,123.5,123.5,123.5,123.5,1.0
2026-08-18 00:30:00+08:00,TAIFEX:CCF1!,124.0,124.0,124.0,124.0,5.0
2026-08-18 00:35:00+08:00,TAIFEX:CCF1!,123.5,123.5,123.5,123.5,1.0
2026-08-18 00:40:00+08:00,TAIFEX:CCF1!,123.5,123.5,123.5,123.5,1.0
2026-08-18 00:50:00+08:00,TAIFEX:CCF1!,123.5,123.5,123.5,123.5,5.0
2026-08-18 00:55:00+08:00,TAIFEX:CCF1!,123.5,123.5,123.5,123.5,1.0
2026-08-18 01:00:00+08:00,TAIFEX:CCF1!,123.5,123.5,123.5,123.5,17.0
2026-08-18 01:05:00+08:00,TAIFEX:CCF1!,123.5,123.5,123.5,123.5,15.0
2026-08-18 01:10:00+08:00,TAIFEX:CCF1!,123.5,123.5,123.5,123.5,2.0
2026-08-18 01:15:00+08:00,TAIFEX:CCF1!,123.5,123.5,123.5,123.5,5.0
2026-08-18 01:25:00+08:00,TAIFEX:CCF1!,123.5,123.5,123.5,123.5,1.0
2026-08-18 01:30:00+08:00,TAIFEX:CCF1!,123.5,123.5,123.5,123.5,2.0
2026-08-18 01:40:00+08:00,TAIFEX:CCF1!,123.5,123.5,123.5,123.5,1.0
2026-08-18 01:50:00+08:00,TAIFEX:CCF1!,123.5,123.5,123.5,123.5,1.0
2026-08-18 01:55:00+08:00,TAIFEX:CCF1!,123.5,123.5,123.5,123.5,3.0
2026-08-18 02:00:00+08:00,TAIFEX:CCF1!,123.5,123.5,123.5,123.5,11.0
2026-08-18 02:05:00+08:00,TAIFEX:CCF1!,123.5,123.5,123.5,123.5,8.0
2026-08-18 02:15:00+08:00,TAIFEX:CCF1!,123.5,123.5,123.5,123.5,1.0
2026-08-18 02:30:00+08:00,TAIFEX:CCF1!,123.5,123.5,123.5,123.5,1.0
2026-08-18 02:40:00+08:00,TAIFEX:CCF1!,123.5,123.5,123.5,123.5,2.0
2026-08-18 02:50:00+08:00,TAIFEX:CCF1!,123.5,123.5,123.5,123.5,1.0
2026-08-18 03:20:00+08:00,TAIFEX:CCF1!,123.0,123.0,123.0,123.0,4.0
2026-08-18 03:25:00+08:00,TAIFEX:CCF1!,123.0,123.0,123.0,123.0,2.0
2026-08-18 03:30:00+08:00,TAIFEX:CCF1!,123.0,123.0,123.0,123.0,2.0
2026-08-18 03:40:00+08:00,TAIFEX:CCF1!,123.0,123.0,123.0,123.0,1.0
2026-08-18 03:45:00+08:00,TAIFEX:CCF1!,123.5,123.5,123.5,123.5,1.0
2026-08-18 03:55:00+08:00,TAIFEX:CCF1!,123.5,123.5,123.5,123.5,1.0
2026-08-18 04:10:00+08:00,TAIFEX:CCF1!,123.5,123.5,123.5,123.5,2.0
2026-08-18 04:15:00+08:00,TAIFEX:CCF1!,123.0,123.0,123.0,123.0,1.0
2026-08-18 04:25:00+08:00,TAIFEX:CCF1!,123.0,123.0,123.0,123.0,1.0
2026-08-18 04:40:00+08:00,TAIFEX:CCF1!,123.0,123.0,123.0,123.0,5.0
2026-08-18 04:45:00+08:00,TAIFEX:CCF1!,123.0,123.0,123.0,123.0,3.0
2026-08-18 04:50:00+08:00,TAIFEX:CCF1!,123.0,123.0,123.0,123.0,1.0
2026-08-18 04:55:00+08:00,TAIFEX:CCF1!,123.5,124.0,123.5,124.0,59.0
2026-08-18 08:45:00+08:00,TAIFEX:CCF1!,123.0,123.5,123.0,123.0,54.0
2026-08-18 08:50:00+08:00,TAIFEX:CCF1!,123.0,123.0,122.5,123.0,174.0
2026-08-18 08:55:00+08:00,TAIFEX:CCF1!,123.5,123.5,122.5,123.0,131.0
2026-08-18 09:00:00+08:00,TAIFEX:CCF1!,123.0,123.5,122.0,123.5,683.0
2026-08-18 09:05:00+08:00,TAIFEX:CCF1!,123.5,123.5,123.0,123.0,577.0
2026-08-18 09:10:00+08:00,TAIFEX:CCF1!,123.0,123.5,122.5,123.0,443.0
2026-08-18 09:15:00+08:00,TAIFEX:CCF1!,123.5,123.5,123.0,123.0,758.0
2026-08-18 09:20:00+08:00,TAIFEX:CCF1!,123.0,123.5,122.5,123.0,194.0
2026-08-18 09:25:00+08:00,TAIFEX:CCF1!,123.5,123.5,122.5,123.0,361.0
2026-08-18 09:30:00+08:00,TAIFEX:CCF1!,122.5,123.0,122.0,122.0,291.0
2026-08-18 09:35:00+08:00,TAIFEX:CCF1!,122.5,122.5,121.5,122.0,819.0
2026-08-18 09:40:00+08:00,TAIFEX:CCF1!,121.5,122.0,120.5,120.5,1139.0
2026-08-18 09:45:00+08:00,TAIFEX:CCF1!,120.5,121.0,120.0,120.5,379.0
2026-08-18 09:50:00+08:00,TAIFEX:CCF1!,120.5,120.5,120.0,120.0,980.0
2026-08-18 09:55:00+08:00,TAIFEX:CCF1!,120.0,120.5,120.0,120.5,210.0
2026-08-18 10:00:00+08:00,TAIFEX:CCF1!,121.0,121.0,120.0,120.0,208.0
2026-08-18 10:05:00+08:00,TAIFEX:CCF1!,120.5,120.5,120.0,120.5,82.0
2026-08-18 10:10:00+08:00,TAIFEX:CCF1!,120.5,120.5,120.0,120.0,646.0
2026-08-18 10:15:00+08:00,TAIFEX:CCF1!,119.5,120.0,119.5,119.5,333.0
2026-08-18 10:20:00+08:00,TAIFEX:CCF1!,119.5,119.5,119.0,119.0,425.0
2026-08-18 10:25:00+08:00,TAIFEX:CCF1!,119.0,119.0,118.5,119.0,598.0
2026-08-18 10:30:00+08:00,TAIFEX:CCF1!,119.0,119.5,119.0,119.5,312.0
2026-08-18 10:35:00+08:00,TAIFEX:CCF1!,119.5,120.0,119.5,120.0,714.0
2026-08-18 10:40:00+08:00,TAIFEX:CCF1!,120.0,120.5,120.0,120.0,428.0
2026-08-18 10:45:00+08:00,TAIFEX:CCF1!,120.0,120.0,119.5,119.5,139.0
2026-08-18 10:50:00+08:00,TAIFEX:CCF1!,119.5,119.5,119.0,119.0,131.0
2026-08-18 10:55:00+08:00,TAIFEX:CCF1!,119.0,120.0,119.0,119.5,188.0
2026-08-18 11:00:00+08:00,TAIFEX:CCF1!,119.5,120.0,119.5,119.5,323.0
2026-08-18 11:05:00+08:00,TAIFEX:CCF1!,119.5,119.5,119.0,119.5,158.0
2026-08-18 11:10:00+08:00,TAIFEX:CCF1!,119.5,119.5,119.5,119.5,80.0
2026-08-18 11:15:00+08:00,TAIFEX:CCF1!,119.5,119.5,119.5,119.5,142.0
2026-08-18 11:20:00+08:00,TAIFEX:CCF1!,119.5,119.5,119.0,119.0,5.0
2026-08-18 11:25:00+08:00,TAIFEX:CCF1!,119.5,119.5,119.0,119.0,77.0
2026-08-18 11:30:00+08:00,TAIFEX:CCF1!,119.5,119.5,118.5,118.5,290.0
2026-08-18 11:35:00+08:00,TAIFEX:CCF1!,119.0,119.5,118.5,119.0,411.0
2026-08-18 11:40:00+08:00,TAIFEX:CCF1!,119.0,119.0,118.5,119.0,157.0
2026-08-18 11:45:00+08:00,TAIFEX:CCF1!,119.0,119.0,118.5,119.0,262.0
2026-08-18 11:50:00+08:00,TAIFEX:CCF1!,119.0,119.0,119.0,119.0,147.0
2026-08-18 11:55:00+08:00,TAIFEX:CCF1!,119.0,119.0,119.0,119.0,84.0
2026-08-18 12:00:00+08:00,TAIFEX:CCF1!,119.0,119.0,119.0,119.0,67.0
2026-08-18 12:05:00+08:00,TAIFEX:CCF1!,118.5,119.0,118.5,119.0,14.0
2026-08-18 12:10:00+08:00,TAIFEX:CCF1!,119.0,119.0,118.5,118.5,206.0
2026-08-18 12:15:00+08:00,TAIFEX:CCF1!,118.5,118.5,118.5,118.5,182.0
2026-08-18 12:20:00+08:00,TAIFEX:CCF1!,118.5,118.5,118.0,118.0,254.0
2026-08-18 12:25:00+08:00,TAIFEX:CCF1!,117.5,119.5,117.5,119.5,598.0
2026-08-18 12:30:00+08:00,TAIFEX:CCF1!,119.5,119.5,119.0,119.0,247.0
2026-08-18 12:35:00+08:00,TAIFEX:CCF1!,119.0,119.0,119.0,119.0,98.0
2026-08-18 12:40:00+08:00,TAIFEX:CCF1!,119.0,119.0,118.5,119.0,17.0
2026-08-18 12:45:00+08:00,TAIFEX:CCF1!,119.0,119.0,118.5,119.0,206.0
2026-08-18 12:50:00+08:00,TAIFEX:CCF1!,119.0,119.0,118.5,119.0,7.0
2026-08-18 12:55:00+08:00,TAIFEX:CCF1!,119.0,119.0,118.5,119.0,7.0
2026-08-18 13:00:00+08:00,TAIFEX:CCF1!,119.0,119.0,118.0,118.0,137.0
2026-08-18 13:05:00+08:00,TAIFEX:CCF1!,118.0,118.5,118.0,118.5,100.0
2026-08-18 13:10:00+08:00,TAIFEX:CCF1!,118.5,118.5,118.5,118.5,96.0
2026-08-18 13:15:00+08:00,TAIFEX:CCF1!,118.5,118.5,118.0,118.5,106.0
2026-08-18 13:20:00+08:00,TAIFEX:CCF1!,118.5,118.5,118.0,118.5,122.0
2026-08-18 13:25:00+08:00,TAIFEX:CCF1!,118.5,119.0,118.0,119.0,414.0
2026-08-18 13:30:00+08:00,TAIFEX:CCF1!,119.0,119.0,118.0,118.0,182.0
2026-08-18 13:35:00+08:00,TAIFEX:CCF1!,118.0,118.5,118.0,118.0,85.0
2026-08-18 13:40:00+08:00,TAIFEX:CCF1!,118.0,118.5,118.0,118.0,129.0
2026-08-18 17:25:00+08:00,TAIFEX:CCF1!,118.0,118.0,117.0,117.5,87.0
2026-08-18 17:30:00+08:00,TAIFEX:CCF1!,117.5,117.5,117.5,117.5,21.0
2026-08-18 17:35:00+08:00,TAIFEX:CCF1!,117.5,117.5,117.5,117.5,39.0
2026-08-18 17:40:00+08:00,TAIFEX:CCF1!,117.5,117.5,117.5,117.5,17.0
2026-08-18 17:45:00+08:00,TAIFEX:CCF1!,117.5,117.5,117.5,117.5,7.0
2026-08-18 17:50:00+08:00,TAIFEX:CCF1!,117.0,117.0,117.0,117.0,1.0
2026-08-18 17:55:00+08:00,TAIFEX:CCF1!,117.5,117.5,117.5,117.5,1.0
2026-08-18 18:00:00+08:00,TAIFEX:CCF1!,117.5,117.5,117.5,117.5,1.0
2026-08-18 18:05:00+08:00,TAIFEX:CCF1!,117.5,117.5,117.5,117.5,14.0
2026-08-18 18:10:00+08:00,TAIFEX:CCF1!,117.5,117.5,117.5,117.5,1.0
2026-08-18 18:15:00+08:00,TAIFEX:CCF1!,117.5,117.5,117.5,117.5,5.0
2026-08-18 18:20:00+08:00,TAIFEX:CCF1!,117.5,117.5,117.5,117.5,4.0
2026-08-18 18:25:00+08:00,TAIFEX:CCF1!,117.5,118.0,117.5,118.0,11.0
2026-08-18 18:30:00+08:00,TAIFEX:CCF1!,117.5,118.0,117.5,118.0,4.0
2026-08-18 18:45:00+08:00,TAIFEX:CCF1!,117.5,117.5,117.5,117.5,5.0
2026-08-18 18:55:00+08:00,TAIFEX:CCF1!,117.5,117.5,117.5,117.5,1.0
2026-08-18 19:00:00+08:00,TAIFEX:CCF1!,117.5,117.5,117.5,117.5,5.0
2026-08-18 19:05:00+08:00,TAIFEX:CCF1!,117.5,117.5,117.5,117.5,10.0
2026-08-18 19:20:00+08:00,TAIFEX:CCF1!,118.0,118.0,118.0,118.0,1.0
2026-08-18 19:30:00+08:00,TAIFEX:CCF1!,118.0,118.0,118.0,118.0,1.0
2026-08-18 19:35:00+08:00,TAIFEX:CCF1!,117.5,117.5,117.5,117.5,1.0
2026-08-18 19:40:00+08:00,TAIFEX:CCF1!,117.5,117.5,117.5,117.5,3.0
2026-08-18 19:45:00+08:00,TAIFEX:CCF1!,117.5,118.0,117.5,118.0,5.0
2026-08-18 19:50:00+08:00,TAIFEX:CCF1!,118.0,118.0,118.0,118.0,94.0
2026-08-18 19:55:00+08:00,TAIFEX:CCF1!,118.0,118.0,118.0,118.0,6.0
2026-08-18 20:00:00+08:00,TAIFEX:CCF1!,118.0,118.0,118.0,118.0,1.0
2026-08-18 20:05:00+08:00,TAIFEX:CCF1!,118.5,118.5,118.5,118.5,19.0
2026-08-18 20:10:00+08:00,TAIFEX:CCF1!,118.0,118.5,118.0,118.5,2.0
2026-08-18 20:15:00+08:00,TAIFEX:CCF1!,118.0,118.0,118.0,118.0,1.0
2026-08-18 20:20:00+08:00,TAIFEX:CCF1!,118.5,118.5,118.5,118.5,2.0
2026-08-18 20:25:00+08:00,TAIFEX:CCF1!,118.5,118.5,118.0,118.0,3.0
2026-08-18 20:30:00+08:00,TAIFEX:CCF1!,118.0,118.5,118.0,118.5,6.0
2026-08-18 20:35:00+08:00,TAIFEX:CCF1!,118.5,118.5,118.5,118.5,1.0
2026-08-18 20:45:00+08:00,TAIFEX:CCF1!,118.0,118.0,118.0,118.0,2.0
2026-08-18 20:50:00+08:00,TAIFEX:CCF1!,118.0,118.0,118.0,118.0,9.0
2026-08-18 20:55:00+08:00,TAIFEX:CCF1!,118.0,118.0,118.0,118.0,35.0
2026-08-18 21:00:00+08:00,TAIFEX:CCF1!,117.5,117.5,117.5,117.5,27.0
2026-08-18 21:05:00+08:00,TAIFEX:CCF1!,117.5,117.5,117.5,117.5,14.0
2026-08-18 21:10:00+08:00,TAIFEX:CCF1!,117.5,117.5,117.5,117.5,6.0
2026-08-18 21:15:00+08:00,TAIFEX:CCF1!,117.5,117.5,117.5,117.5,15.0
2026-08-18 21:20:00+08:00,TAIFEX:CCF1!,117.5,117.5,117.5,117.5,7.0
2026-08-18 21:25:00+08:00,TAIFEX:CCF1!,117.5,117.5,117.5,117.5,19.0
2026-08-18 21:30:00+08:00,TAIFEX:CCF1!,117.5,118.0,117.5,118.0,65.0
2026-08-18 21:35:00+08:00,TAIFEX:CCF1!,118.0,118.0,118.0,118.0,19.0
2026-08-18 21:40:00+08:00,TAIFEX:CCF1!,118.0,118.0,117.5,117.5,22.0
2026-08-18 21:45:00+08:00,TAIFEX:CCF1!,117.5,117.5,117.0,117.0,13.0
2026-08-18 21:50:00+08:00,TAIFEX:CCF1!,117.0,117.5,117.0,117.0,60.0
2026-08-18 21:55:00+08:00,TAIFEX:CCF1!,117.0,117.0,117.0,117.0,138.0
2026-08-18 22:00:00+08:00,TAIFEX:CCF1!,117.0,117.5,117.0,117.0,9.0
2026-08-18 22:05:00+08:00,TAIFEX:CCF1!,117.0,117.0,117.0,117.0,40.0
2026-08-18 22:10:00+08:00,TAIFEX:CCF1!,117.0,117.0,116.5,116.5,89.0
2026-08-18 22:15:00+08:00,TAIFEX:CCF1!,116.5,117.0,116.0,116.5,259.0
2026-08-18 22:20:00+08:00,TAIFEX:CCF1!,116.5,116.5,116.5,116.5,47.0
2026-08-18 22:25:00+08:00,TAIFEX:CCF1!,116.5,116.5,116.5,116.5,8.0
2026-08-18 22:30:00+08:00,TAIFEX:CCF1!,117.0,117.0,117.0,117.0,5.0
2026-08-18 22:35:00+08:00,TAIFEX:CCF1!,117.0,117.0,116.5,116.5,63.0
2026-08-18 22:40:00+08:00,TAIFEX:CCF1!,116.5,116.5,116.5,116.5,12.0
2026-08-18 22:45:00+08:00,TAIFEX:CCF1!,116.0,116.0,116.0,116.0,15.0
2026-08-18 22:50:00+08:00,TAIFEX:CCF1!,116.0,116.0,116.0,116.0,74.0
2026-08-18 22:55:00+08:00,TAIFEX:CCF1!,116.0,116.0,116.0,116.0,44.0
2026-08-18 23:00:00+08:00,TAIFEX:CCF1!,115.5,116.0,115.5,116.0,131.0
2026-08-18 23:05:00+08:00,TAIFEX:CCF1!,116.0,116.0,115.5,115.5,49.0
2026-08-18 23:10:00+08:00,TAIFEX:CCF1!,115.5,115.5,115.0,115.5,47.0
2026-08-18 23:15:00+08:00,TAIFEX:CCF1!,115.5,115.5,115.5,115.5,5.0
2026-08-18 23:20:00+08:00,TAIFEX:CCF1!,115.5,116.0,115.5,116.0,3.0
2026-08-18 23:25:00+08:00,TAIFEX:CCF1!,116.0,116.0,116.0,116.0,1.0
2026-08-18 23:30:00+08:00,TAIFEX:CCF1!,116.0,116.0,116.0,116.0,17.0
2026-08-18 23:35:00+08:00,TAIFEX:CCF1!,115.5,115.5,115.5,115.5,5.0
2026-08-18 23:40:00+08:00,TAIFEX:CCF1!,115.5,115.5,115.5,115.5,12.0
2026-08-18 23:45:00+08:00,TAIFEX:CCF1!,116.0,116.0,116.0,116.0,19.0
2026-08-18 23:50:00+08:00,TAIFEX:CCF1!,116.0,116.0,116.0,116.0,15.0
2026-08-18 23:55:00+08:00,TAIFEX:CCF1!,116.0,116.0,116.0,116.0,4.0
2026-08-19 00:00:00+08:00,TAIFEX:CCF1!,116.0,116.0,116.0,116.0,1.0
2026-08-19 00:05:00+08:00,TAIFEX:CCF1!,116.0,116.0,116.0,116.0,7.0
2026-08-19 00:15:00+08:00,TAIFEX:CCF1!,115.5,115.5,115.5,115.5,3.0
2026-08-19 00:25:00+08:00,TAIFEX:CCF1!,115.5,115.5,115.5,115.5,10.0
2026-08-19 00:30:00+08:00,TAIFEX:CCF1!,115.5,115.5,115.5,115.5,3.0
2026-08-19 00:35:00+08:00,TAIFEX:CCF1!,115.5,115.5,115.5,115.5,42.0
2026-08-19 00:40:00+08:00,TAIFEX:CCF1!,115.5,115.5,115.5,115.5,13.0
2026-08-19 00:45:00+08:00,TAIFEX:CCF1!,115.5,115.5,115.5,115.5,11.0
2026-08-19 00:50:00+08:00,TAIFEX:CCF1!,115.5,115.5,115.5,115.5,1.0
2026-08-19 01:00:00+08:00,TAIFEX:CCF1!,115.5,116.0,115.5,116.0,22.0
2026-08-19 01:05:00+08:00,TAIFEX:CCF1!,116.0,116.0,116.0,116.0,2.0
2026-08-19 01:10:00+08:00,TAIFEX:CCF1!,116.0,116.0,116.0,116.0,1.0
2026-08-19 01:20:00+08:00,TAIFEX:CCF1!,115.5,115.5,115.5,115.5,11.0
2026-08-19 01:25:00+08:00,TAIFEX:CCF1!,115.5,115.5,115.5,115.5,5.0
2026-08-19 01:30:00+08:00,TAIFEX:CCF1!,115.5,115.5,115.5,115.5,1.0
2026-08-19 01:35:00+08:00,TAIFEX:CCF1!,115.5,115.5,115.5,115.5,1.0
2026-08-19 01:45:00+08:00,TAIFEX:CCF1!,115.5,115.5,115.5,115.5,7.0
2026-08-19 01:50:00+08:00,TAIFEX:CCF1!,115.5,115.5,115.5,115.5,7.0
2026-08-19 01:55:00+08:00,TAIFEX:CCF1!,115.5,115.5,115.5,115.5,2.0
2026-08-19 02:00:00+08:00,TAIFEX:CCF1!,115.5,115.5,115.5,115.5,6.0
2026-08-19 02:10:00+08:00,TAIFEX:CCF1!,115.5,115.5,115.5,115.5,1.0
2026-08-19 02:15:00+08:00,TAIFEX:CCF1!,115.0,115.5,115.0,115.5,17.0
2026-08-19 02:20:00+08:00,TAIFEX:CCF1!,116.0,116.0,116.0,116.0,2.0
2026-08-19 02:25:00+08:00,TAIFEX:CCF1!,116.0,116.0,116.0,116.0,8.0
2026-08-19 02:40:00+08:00,TAIFEX:CCF1!,115.5,115.5,115.5,115.5,1.0
2026-08-19 02:45:00+08:00,TAIFEX:CCF1!,116.0,116.0,116.0,116.0,1.0
2026-08-19 02:50:00+08:00,TAIFEX:CCF1!,115.5,115.5,115.5,115.5,3.0
2026-08-19 03:10:00+08:00,TAIFEX:CCF1!,115.5,115.5,115.5,115.5,1.0
2026-08-19 03:15:00+08:00,TAIFEX:CCF1!,115.5,115.5,115.5,115.5,6.0
2026-08-19 03:20:00+08:00,TAIFEX:CCF1!,115.5,115.5,115.5,115.5,5.0
2026-08-19 03:25:00+08:00,TAIFEX:CCF1!,116.0,116.0,116.0,116.0,26.0
2026-08-19 03:30:00+08:00,TAIFEX:CCF1!,115.5,115.5,115.5,115.5,1.0
2026-08-19 03:35:00+08:00,TAIFEX:CCF1!,116.0,116.0,116.0,116.0,17.0
2026-08-19 03:40:00+08:00,TAIFEX:CCF1!,116.0,116.0,116.0,116.0,19.0
2026-08-19 03:45:00+08:00,TAIFEX:CCF1!,116.0,117.0,116.0,117.0,61.0
2026-08-19 03:50:00+08:00,TAIFEX:CCF1!,116.5,116.5,116.5,116.5,5.0
2026-08-19 03:55:00+08:00,TAIFEX:CCF1!,116.5,116.5,116.5,116.5,1.0
2026-08-19 04:00:00+08:00,TAIFEX:CCF1!,116.5,116.5,116.5,116.5,2.0
2026-08-19 04:05:00+08:00,TAIFEX:CCF1!,116.5,116.5,116.5,116.5,13.0
2026-08-19 04:25:00+08:00,TAIFEX:CCF1!,116.5,116.5,116.5,116.5,2.0
2026-08-19 04:30:00+08:00,TAIFEX:CCF1!,116.5,116.5,116.5,116.5,1.0
2026-08-19 04:45:00+08:00,TAIFEX:CCF1!,116.5,116.5,116.5,116.5,5.0
2026-08-19 04:55:00+08:00,TAIFEX:CCF1!,116.5,116.5,116.5,116.5,8.0
2026-08-19 08:45:00+08:00,TAIFEX:CCF1!,114.5,114.5,113.0,113.5,809.0
2026-08-19 08:50:00+08:00,TAIFEX:CCF1!,113.5,114.5,113.0,114.5,407.0
2026-08-19 08:55:00+08:00,TAIFEX:CCF1!,114.5,114.5,114.0,114.5,214.0
2026-08-19 09:00:00+08:00,TAIFEX:CCF1!,114.5,115.5,114.0,114.5,1217.0
2026-08-19 09:05:00+08:00,TAIFEX:CCF1!,114.5,116.0,114.5,115.5,391.0
2026-08-19 09:10:00+08:00,TAIFEX:CCF1!,115.0,116.0,115.0,116.0,312.0
2026-08-19 09:15:00+08:00,TAIFEX:CCF1!,115.5,116.5,115.5,116.0,520.0
2026-08-19 09:20:00+08:00,TAIFEX:CCF1!,116.0,116.5,115.5,116.0,870.0
2026-08-19 09:25:00+08:00,TAIFEX:CCF1!,116.0,116.5,115.5,116.5,689.0
2026-08-19 09:30:00+08:00,TAIFEX:CCF1!,116.5,116.5,115.5,115.5,356.0
2026-08-19 09:35:00+08:00,TAIFEX:CCF1!,115.5,116.5,115.5,116.5,677.0
2026-08-19 09:40:00+08:00,TAIFEX:CCF1!,116.5,116.5,116.0,116.5,452.0
2026-08-19 09:45:00+08:00,TAIFEX:CCF1!,116.5,117.5,116.0,116.5,703.0
2026-08-19 09:50:00+08:00,TAIFEX:CCF1!,116.0,116.0,115.5,115.5,109.0
2026-08-19 09:55:00+08:00,TAIFEX:CCF1!,115.5,117.0,115.5,117.0,365.0
2026-08-19 10:00:00+08:00,TAIFEX:CCF1!,117.0,117.0,116.0,116.0,435.0
2026-08-19 10:05:00+08:00,TAIFEX:CCF1!,115.5,115.5,115.0,115.0,212.0
2026-08-19 10:10:00+08:00,TAIFEX:CCF1!,115.0,116.0,115.0,115.5,588.0
2026-08-19 10:15:00+08:00,TAIFEX:CCF1!,116.0,116.5,115.5,116.0,284.0
2026-08-19 10:20:00+08:00,TAIFEX:CCF1!,116.0,116.5,116.0,116.5,915.0
2026-08-19 10:25:00+08:00,TAIFEX:CCF1!,116.5,117.0,116.5,117.0,274.0
2026-08-19 10:30:00+08:00,TAIFEX:CCF1!,116.5,116.5,115.5,115.5,423.0
2026-08-19 10:35:00+08:00,TAIFEX:CCF1!,115.5,116.0,115.5,116.0,360.0
2026-08-19 10:40:00+08:00,TAIFEX:CCF1!,115.5,115.5,115.5,115.5,673.0
2026-08-19 10:45:00+08:00,TAIFEX:CCF1!,116.0,116.5,116.0,116.0,650.0
2026-08-19 10:50:00+08:00,TAIFEX:CCF1!,116.0,116.0,115.5,115.5,270.0
2026-08-19 10:55:00+08:00,TAIFEX:CCF1!,115.5,116.0,115.5,116.0,399.0
2026-08-19 11:00:00+08:00,TAIFEX:CCF1!,116.0,116.5,116.0,116.0,143.0
2026-08-19 11:05:00+08:00,TAIFEX:CCF1!,116.0,116.0,116.0,116.0,133.0
2026-08-19 11:10:00+08:00,TAIFEX:CCF1!,116.0,116.0,115.5,116.0,219.0
2026-08-19 11:15:00+08:00,TAIFEX:CCF1!,116.0,116.0,116.0,116.0,184.0
2026-08-19 11:20:00+08:00,TAIFEX:CCF1!,116.0,116.0,116.0,116.0,4.0
2026-08-19 11:25:00+08:00,TAIFEX:CCF1!,115.5,116.0,115.5,115.5,60.0
2026-08-19 11:30:00+08:00,TAIFEX:CCF1!,116.0,116.5,116.0,116.0,228.0
2026-08-19 11:35:00+08:00,TAIFEX:CCF1!,116.0,116.5,116.0,116.5,64.0
2026-08-19 11:40:00+08:00,TAIFEX:CCF1!,116.0,116.5,116.0,116.5,2.0
2026-08-19 11:45:00+08:00,TAIFEX:CCF1!,116.5,116.5,116.0,116.5,45.0
2026-08-19 11:50:00+08:00,TAIFEX:CCF1!,116.5,117.0,116.5,116.5,734.0
2026-08-19 11:55:00+08:00,TAIFEX:CCF1!,116.5,117.0,116.5,116.5,227.0
2026-08-19 12:00:00+08:00,TAIFEX:CCF1!,116.5,116.5,115.5,116.0,272.0
2026-08-19 12:05:00+08:00,TAIFEX:CCF1!,116.0,116.0,115.5,116.0,52.0
2026-08-19 12:10:00+08:00,TAIFEX:CCF1!,116.0,116.0,115.5,116.0,40.0
2026-08-19 12:15:00+08:00,TAIFEX:CCF1!,115.5,116.0,115.5,115.5,28.0
2026-08-19 12:20:00+08:00,TAIFEX:CCF1!,115.5,116.0,115.5,116.0,23.0
2026-08-19 12:25:00+08:00,TAIFEX:CCF1!,115.5,116.0,115.5,116.0,51.0
2026-08-19 12:30:00+08:00,TAIFEX:CCF1!,116.0,116.0,115.0,115.0,454.0
2026-08-19 12:35:00+08:00,TAIFEX:CCF1!,115.5,115.5,115.0,115.0,862.0
2026-08-19 12:40:00+08:00,TAIFEX:CCF1!,115.0,115.0,114.5,115.0,157.0
2026-08-19 12:45:00+08:00,TAIFEX:CCF1!,115.0,115.0,115.0,115.0,62.0
2026-08-19 12:50:00+08:00,TAIFEX:CCF1!,115.0,115.0,114.5,115.0,29.0
2026-08-19 12:55:00+08:00,TAIFEX:CCF1!,115.0,115.5,114.5,115.0,395.0
2026-08-19 13:00:00+08:00,TAIFEX:CCF1!,115.0,115.5,115.0,115.5,621.0
2026-08-19 13:05:00+08:00,TAIFEX:CCF1!,115.5,115.5,115.0,115.5,53.0
2026-08-19 13:10:00+08:00,TAIFEX:CCF1!,115.0,115.5,114.5,115.0,277.0
2026-08-19 13:15:00+08:00,TAIFEX:CCF1!,115.0,115.0,114.5,115.0,95.0
2026-08-19 13:20:00+08:00,TAIFEX:CCF1!,115.0,115.0,114.5,115.0,151.0
2026-08-19 13:25:00+08:00,TAIFEX:CCF1!,115.0,116.0,115.0,116.0,291.0
2026-08-19 13:30:00+08:00,TAIFEX:CCF1!,116.0,116.5,115.5,116.0,292.0
2026-08-19 13:35:00+08:00,TAIFEX:CCF1!,116.0,116.0,115.5,115.5,222.0
2026-08-19 13:40:00+08:00,TAIFEX:CCF1!,115.5,116.0,115.5,116.0,30.0
2026-08-19 17:25:00+08:00,TAIFEX:CCF1!,117.5,117.5,117.0,117.0,251.0
2026-08-19 17:30:00+08:00,TAIFEX:CCF1!,117.0,117.0,116.5,117.0,87.0
2026-08-19 17:35:00+08:00,TAIFEX:CCF1!,117.0,117.0,116.5,117.0,21.0
2026-08-19 17:40:00+08:00,TAIFEX:CCF1!,117.0,117.0,116.5,116.5,12.0
2026-08-19 17:45:00+08:00,TAIFEX:CCF1!,117.0,117.0,116.5,116.5,12.0
2026-08-19 17:50:00+08:00,TAIFEX:CCF1!,117.0,117.0,117.0,117.0,12.0
2026-08-19 17:55:00+08:00,TAIFEX:CCF1!,117.0,117.0,116.5,116.5,22.0
2026-08-19 18:00:00+08:00,TAIFEX:CCF1!,116.5,116.5,116.5,116.5,22.0
2026-08-19 18:05:00+08:00,TAIFEX:CCF1!,116.5,117.0,116.5,117.0,11.0
2026-08-19 18:10:00+08:00,TAIFEX:CCF1!,117.0,117.0,116.5,116.5,5.0
2026-08-19 18:15:00+08:00,TAIFEX:CCF1!,117.0,117.0,116.5,117.0,6.0
2026-08-19 18:20:00+08:00,TAIFEX:CCF1!,116.5,116.5,116.5,116.5,4.0
2026-08-19 18:25:00+08:00,TAIFEX:CCF1!,117.0,117.0,116.5,116.5,5.0
2026-08-19 18:30:00+08:00,TAIFEX:CCF1!,116.5,116.5,116.5,116.5,2.0
2026-08-19 18:35:00+08:00,TAIFEX:CCF1!,116.5,116.5,116.5,116.5,2.0
2026-08-19 18:45:00+08:00,TAIFEX:CCF1!,117.0,117.0,117.0,117.0,7.0
2026-08-19 18:50:00+08:00,TAIFEX:CCF1!,116.5,116.5,116.5,116.5,1.0
2026-08-19 18:55:00+08:00,TAIFEX:CCF1!,116.5,116.5,116.5,116.5,2.0
2026-08-19 19:00:00+08:00,TAIFEX:CCF1!,117.0,117.0,117.0,117.0,6.0
2026-08-19 19:05:00+08:00,TAIFEX:CCF1!,117.0,117.0,117.0,117.0,78.0
2026-08-19 19:10:00+08:00,TAIFEX:CCF1!,117.0,117.0,117.0,117.0,39.0
2026-08-19 19:15:00+08:00,TAIFEX:CCF1!,117.0,117.0,117.0,117.0,6.0
2026-08-19 19:20:00+08:00,TAIFEX:CCF1!,117.0,117.0,117.0,117.0,11.0
2026-08-19 19:25:00+08:00,TAIFEX:CCF1!,117.0,117.0,117.0,117.0,6.0
2026-08-19 19:30:00+08:00,TAIFEX:CCF1!,117.0,117.0,117.0,117.0,40.0
2026-08-19 19:35:00+08:00,TAIFEX:CCF1!,117.0,117.0,117.0,117.0,46.0
2026-08-19 19:40:00+08:00,TAIFEX:CCF1!,117.0,117.0,117.0,117.0,8.0
2026-08-19 19:45:00+08:00,TAIFEX:CCF1!,117.0,117.0,117.0,117.0,2.0
2026-08-19 19:50:00+08:00,TAIFEX:CCF1!,117.0,117.0,117.0,117.0,1.0
2026-08-19 20:00:00+08:00,TAIFEX:CCF1!,117.0,117.0,117.0,117.0,25.0
2026-08-19 20:05:00+08:00,TAIFEX:CCF1!,117.0,117.5,117.0,117.0,25.0
2026-08-19 20:10:00+08:00,TAIFEX:CCF1!,117.0,117.0,117.0,117.0,9.0
2026-08-19 20:15:00+08:00,TAIFEX:CCF1!,117.0,117.0,116.5,117.0,17.0
2026-08-19 20:20:00+08:00,TAIFEX:CCF1!,117.0,117.5,117.0,117.0,21.0
2026-08-19 20:25:00+08:00,TAIFEX:CCF1!,117.0,117.0,117.0,117.0,16.0
2026-08-19 20:30:00+08:00,TAIFEX:CCF1!,117.0,117.5,117.0,117.5,52.0
2026-08-19 20:35:00+08:00,TAIFEX:CCF1!,117.5,118.0,117.5,118.0,43.0
2026-08-19 20:40:00+08:00,TAIFEX:CCF1!,118.0,118.0,118.0,118.0,20.0
2026-08-19 20:45:00+08:00,TAIFEX:CCF1!,118.0,118.0,118.0,118.0,53.0
2026-08-19 20:50:00+08:00,TAIFEX:CCF1!,118.0,118.5,118.0,118.5,12.0
2026-08-19 20:55:00+08:00,TAIFEX:CCF1!,118.0,118.5,118.0,118.5,24.0
2026-08-19 21:00:00+08:00,TAIFEX:CCF1!,118.5,118.5,118.0,118.5,62.0
2026-08-19 21:05:00+08:00,TAIFEX:CCF1!,118.5,118.5,118.5,118.5,40.0
2026-08-19 21:10:00+08:00,TAIFEX:CCF1!,118.5,119.0,118.5,119.0,63.0
2026-08-19 21:15:00+08:00,TAIFEX:CCF1!,119.0,119.0,118.5,118.5,11.0
2026-08-19 21:20:00+08:00,TAIFEX:CCF1!,118.5,118.5,118.5,118.5,10.0
2026-08-19 21:25:00+08:00,TAIFEX:CCF1!,118.5,119.0,118.5,118.5,12.0
2026-08-19 21:30:00+08:00,TAIFEX:CCF1!,118.5,118.5,117.5,117.5,284.0
2026-08-19 21:35:00+08:00,TAIFEX:CCF1!,117.5,117.5,116.5,116.5,418.0
2026-08-19 21:40:00+08:00,TAIFEX:CCF1!,116.5,117.0,116.0,117.0,339.0
2026-08-19 21:45:00+08:00,TAIFEX:CCF1!,117.0,117.0,116.0,116.0,189.0
2026-08-19 21:50:00+08:00,TAIFEX:CCF1!,116.0,116.5,115.5,116.0,489.0
2026-08-19 21:55:00+08:00,TAIFEX:CCF1!,116.0,116.0,116.0,116.0,79.0
2026-08-19 22:00:00+08:00,TAIFEX:CCF1!,116.5,116.5,116.0,116.0,33.0
2026-08-19 22:05:00+08:00,TAIFEX:CCF1!,116.0,116.0,115.5,115.5,114.0
2026-08-19 22:10:00+08:00,TAIFEX:CCF1!,115.5,115.5,115.0,115.5,192.0
2026-08-19 22:15:00+08:00,TAIFEX:CCF1!,115.5,116.0,115.0,115.5,146.0
2026-08-19 22:20:00+08:00,TAIFEX:CCF1!,115.5,116.0,115.5,115.5,123.0
2026-08-19 22:25:00+08:00,TAIFEX:CCF1!,115.5,116.0,115.5,116.0,119.0
2026-08-19 22:30:00+08:00,TAIFEX:CCF1!,116.5,116.5,116.0,116.0,39.0
2026-08-19 22:35:00+08:00,TAIFEX:CCF1!,116.0,116.5,116.0,116.5,13.0
2026-08-19 22:40:00+08:00,TAIFEX:CCF1!,116.0,116.5,116.0,116.5,5.0
2026-08-19 22:45:00+08:00,TAIFEX:CCF1!,116.0,116.0,116.0,116.0,10.0
2026-08-19 22:50:00+08:00,TAIFEX:CCF1!,116.0,116.5,116.0,116.5,30.0
2026-08-19 22:55:00+08:00,TAIFEX:CCF1!,116.5,116.5,116.5,116.5,53.0
2026-08-19 23:00:00+08:00,TAIFEX:CCF1!,116.5,116.5,116.5,116.5,23.0
2026-08-19 23:05:00+08:00,TAIFEX:CCF1!,116.5,116.5,116.5,116.5,2.0
2026-08-19 23:10:00+08:00,TAIFEX:CCF1!,116.0,116.5,116.0,116.5,11.0
2026-08-19 23:15:00+08:00,TAIFEX:CCF1!,116.0,116.0,116.0,116.0,2.0
2026-08-19 23:20:00+08:00,TAIFEX:CCF1!,116.0,116.5,116.0,116.5,9.0
2026-08-19 23:25:00+08:00,TAIFEX:CCF1!,116.5,116.5,116.5,116.5,1.0
2026-08-19 23:35:00+08:00,TAIFEX:CCF1!,116.0,116.0,116.0,116.0,5.0
2026-08-19 23:40:00+08:00,TAIFEX:CCF1!,116.0,116.0,116.0,116.0,92.0
2026-08-19 23:45:00+08:00,TAIFEX:CCF1!,116.5,116.5,116.5,116.5,1.0
2026-08-19 23:50:00+08:00,TAIFEX:CCF1!,116.5,116.5,116.0,116.0,16.0
2026-08-19 23:55:00+08:00,TAIFEX:CCF1!,116.0,116.0,116.0,116.0,2.0
2026-08-20 00:00:00+08:00,TAIFEX:CCF1!,116.0,117.0,116.0,116.5,70.0
2026-08-20 00:05:00+08:00,TAIFEX:CCF1!,116.5,117.0,116.5,116.5,9.0
2026-08-20 00:10:00+08:00,TAIFEX:CCF1!,116.5,116.5,116.5,116.5,29.0
2026-08-20 00:15:00+08:00,TAIFEX:CCF1!,116.5,117.0,116.5,117.0,184.0
2026-08-20 00:20:00+08:00,TAIFEX:CCF1!,117.0,117.0,117.0,117.0,2.0
2026-08-20 00:25:00+08:00,TAIFEX:CCF1!,116.5,116.5,116.5,116.5,9.0
2026-08-20 00:30:00+08:00,TAIFEX:CCF1!,116.5,116.5,116.5,116.5,3.0
2026-08-20 00:45:00+08:00,TAIFEX:CCF1!,116.5,116.5,116.5,116.5,1.0
2026-08-20 00:50:00+08:00,TAIFEX:CCF1!,116.5,116.5,116.5,116.5,6.0
2026-08-20 00:55:00+08:00,TAIFEX:CCF1!,116.5,116.5,116.5,116.5,3.0
2026-08-20 01:00:00+08:00,TAIFEX:CCF1!,116.5,116.5,116.5,116.5,1.0
2026-08-20 01:05:00+08:00,TAIFEX:CCF1!,116.5,116.5,116.5,116.5,2.0
2026-08-20 01:10:00+08:00,TAIFEX:CCF1!,116.5,116.5,116.5,116.5,2.0
2026-08-20 01:15:00+08:00,TAIFEX:CCF1!,116.5,116.5,116.5,116.5,7.0
2026-08-20 01:20:00+08:00,TAIFEX:CCF1!,116.5,116.5,116.0,116.0,82.0
2026-08-20 01:25:00+08:00,TAIFEX:CCF1!,116.5,116.5,116.5,116.5,23.0
2026-08-20 01:30:00+08:00,TAIFEX:CCF1!,116.5,116.5,116.0,116.0,7.0
2026-08-20 01:35:00+08:00,TAIFEX:CCF1!,116.0,116.0,116.0,116.0,1.0
2026-08-20 01:40:00+08:00,TAIFEX:CCF1!,116.5,116.5,116.5,116.5,1.0
2026-08-20 01:50:00+08:00,TAIFEX:CCF1!,116.5,116.5,116.5,116.5,11.0
2026-08-20 02:00:00+08:00,TAIFEX:CCF1!,116.5,116.5,116.5,116.5,40.0
2026-08-20 02:05:00+08:00,TAIFEX:CCF1!,116.5,116.5,116.5,116.5,20.0
2026-08-20 02:15:00+08:00,TAIFEX:CCF1!,116.0,116.0,116.0,116.0,1.0
2026-08-20 02:20:00+08:00,TAIFEX:CCF1!,116.5,116.5,116.5,116.5,1.0
2026-08-20 02:30:00+08:00,TAIFEX:CCF1!,116.5,116.5,116.5,116.5,1.0
2026-08-20 02:40:00+08:00,TAIFEX:CCF1!,116.5,116.5,116.5,116.5,1.0
2026-08-20 02:45:00+08:00,TAIFEX:CCF1!,116.5,116.5,116.5,116.5,1.0
2026-08-20 02:50:00+08:00,TAIFEX:CCF1!,116.5,116.5,116.5,116.5,1.0
2026-08-20 03:10:00+08:00,TAIFEX:CCF1!,116.5,116.5,116.5,116.5,2.0
2026-08-20 03:35:00+08:00,TAIFEX:CCF1!,116.0,116.0,116.0,116.0,8.0
2026-08-20 03:50:00+08:00,TAIFEX:CCF1!,116.0,116.0,116.0,116.0,1.0
2026-08-20 03:55:00+08:00,TAIFEX:CCF1!,116.5,116.5,116.5,116.5,9.0
2026-08-20 04:25:00+08:00,TAIFEX:CCF1!,116.5,116.5,116.5,116.5,1.0
2026-08-20 04:30:00+08:00,TAIFEX:CCF1!,116.5,116.5,116.5,116.5,1.0
2026-08-20 04:35:00+08:00,TAIFEX:CCF1!,116.5,116.5,116.5,116.5,1.0
2026-08-20 04:40:00+08:00,TAIFEX:CCF1!,116.5,116.5,116.5,116.5,1.0
2026-08-20 04:50:00+08:00,TAIFEX:CCF1!,116.5,116.5,116.5,116.5,1.0
2026-08-20 04:55:00+08:00,TAIFEX:CCF1!,116.5,116.5,116.0,116.0,10.0
2026-08-20 08:45:00+08:00,TAIFEX:CCF1!,116.5,117.0,116.0,117.0,265.0
2026-08-20 08:50:00+08:00,TAIFEX:CCF1!,117.0,117.0,116.5,116.5,236.0
2026-08-20 08:55:00+08:00,TAIFEX:CCF1!,116.5,117.5,116.5,117.0,200.0
2026-08-20 09:00:00+08:00,TAIFEX:CCF1!,117.0,118.0,116.5,117.0,1078.0
2026-08-20 09:05:00+08:00,TAIFEX:CCF1!,117.5,117.5,116.5,116.5,445.0
2026-08-20 09:10:00+08:00,TAIFEX:CCF1!,116.5,116.5,115.5,116.0,732.0
2026-08-20 09:15:00+08:00,TAIFEX:CCF1!,116.0,116.5,115.0,116.5,1275.0
2026-08-20 09:20:00+08:00,TAIFEX:CCF1!,116.0,116.0,115.0,115.5,826.0
2026-08-20 09:25:00+08:00,TAIFEX:CCF1!,115.5,115.5,113.5,114.0,1940.0
2026-08-20 09:30:00+08:00,TAIFEX:CCF1!,113.5,114.5,113.5,114.5,661.0
2026-08-20 09:35:00+08:00,TAIFEX:CCF1!,114.5,115.5,114.5,115.5,272.0
2026-08-20 09:40:00+08:00,TAIFEX:CCF1!,115.5,115.5,115.0,115.0,162.0
2026-08-20 09:45:00+08:00,TAIFEX:CCF1!,115.0,115.5,115.0,115.0,420.0
2026-08-20 09:50:00+08:00,TAIFEX:CCF1!,114.5,115.0,114.0,114.5,544.0
2026-08-20 09:55:00+08:00,TAIFEX:CCF1!,114.5,114.5,113.5,114.0,292.0
2026-08-20 10:00:00+08:00,TAIFEX:CCF1!,113.5,114.5,113.5,114.0,986.0
2026-08-20 10:05:00+08:00,TAIFEX:CCF1!,114.5,114.5,114.0,114.5,28.0
2026-08-20 10:10:00+08:00,TAIFEX:CCF1!,114.0,114.5,113.5,114.0,638.0
2026-08-20 10:15:00+08:00,TAIFEX:CCF1!,114.0,114.0,113.5,114.0,342.0
2026-08-20 10:20:00+08:00,TAIFEX:CCF1!,113.5,113.5,112.5,113.0,704.0
2026-08-20 10:25:00+08:00,TAIFEX:CCF1!,113.0,113.0,112.5,113.0,409.0
2026-08-20 10:30:00+08:00,TAIFEX:CCF1!,113.0,114.0,113.0,113.5,280.0
2026-08-20 10:35:00+08:00,TAIFEX:CCF1!,113.5,114.0,113.5,113.5,379.0
2026-08-20 10:40:00+08:00,TAIFEX:CCF1!,113.5,114.0,113.5,113.5,259.0
2026-08-20 10:45:00+08:00,TAIFEX:CCF1!,113.5,113.5,113.0,113.0,175.0
2026-08-20 10:50:00+08:00,TAIFEX:CCF1!,113.5,113.5,112.0,113.0,658.0
2026-08-20 10:55:00+08:00,TAIFEX:CCF1!,112.5,113.5,112.5,113.0,516.0
2026-08-20 11:00:00+08:00,TAIFEX:CCF1!,113.0,114.0,113.0,113.5,339.0
2026-08-20 11:05:00+08:00,TAIFEX:CCF1!,113.5,114.0,113.5,113.5,243.0
2026-08-20 11:10:00+08:00,TAIFEX:CCF1!,113.5,113.5,113.0,113.5,223.0
2026-08-20 11:15:00+08:00,TAIFEX:CCF1!,113.5,114.0,113.5,114.0,469.0
2026-08-20 11:20:00+08:00,TAIFEX:CCF1!,114.0,114.0,113.5,114.0,258.0
2026-08-20 11:25:00+08:00,TAIFEX:CCF1!,113.5,114.0,113.5,113.5,22.0
2026-08-20 11:30:00+08:00,TAIFEX:CCF1!,114.0,114.0,113.5,113.5,97.0
2026-08-20 11:35:00+08:00,TAIFEX:CCF1!,113.5,113.5,113.0,113.0,71.0
2026-08-20 11:40:00+08:00,TAIFEX:CCF1!,113.0,114.5,113.0,114.0,379.0
2026-08-20 11:45:00+08:00,TAIFEX:CCF1!,114.0,114.0,114.0,114.0,348.0
2026-08-20 11:50:00+08:00,TAIFEX:CCF1!,114.0,114.0,114.0,114.0,267.0
2026-08-20 11:55:00+08:00,TAIFEX:CCF1!,114.0,114.0,113.5,113.5,460.0
2026-08-20 12:00:00+08:00,TAIFEX:CCF1!,113.5,114.0,113.5,113.5,408.0
2026-08-20 12:05:00+08:00,TAIFEX:CCF1!,114.0,114.5,114.0,114.5,272.0
2026-08-20 12:10:00+08:00,TAIFEX:CCF1!,114.5,115.0,114.5,115.0,20.0
2026-08-20 12:15:00+08:00,TAIFEX:CCF1!,114.5,115.0,114.5,115.0,199.0
2026-08-20 12:20:00+08:00,TAIFEX:CCF1!,115.0,115.5,114.5,115.0,591.0
2026-08-20 12:25:00+08:00,TAIFEX:CCF1!,115.0,115.5,115.0,115.0,118.0
2026-08-20 12:30:00+08:00,TAIFEX:CCF1!,115.0,115.0,114.5,114.5,325.0
2026-08-20 12:35:00+08:00,TAIFEX:CCF1!,114.5,115.0,114.5,114.5,434.0
2026-08-20 12:40:00+08:00,TAIFEX:CCF1!,115.0,115.0,114.5,115.0,359.0
2026-08-20 12:45:00+08:00,TAIFEX:CCF1!,115.0,115.5,115.0,115.0,102.0
2026-08-20 12:50:00+08:00,TAIFEX:CCF1!,115.0,115.0,115.0,115.0,564.0
2026-08-20 12:55:00+08:00,TAIFEX:CCF1!,115.0,115.0,115.0,115.0,50.0
2026-08-20 13:00:00+08:00,TAIFEX:CCF1!,114.5,115.5,114.5,115.0,600.0
2026-08-20 13:05:00+08:00,TAIFEX:CCF1!,115.0,115.5,115.0,115.0,129.0
2026-08-20 13:10:00+08:00,TAIFEX:CCF1!,115.0,115.5,115.0,115.0,14.0
2026-08-20 13:15:00+08:00,TAIFEX:CCF1!,115.0,115.5,115.0,115.5,44.0
2026-08-20 13:20:00+08:00,TAIFEX:CCF1!,115.5,116.0,115.0,116.0,1128.0
2026-08-20 13:25:00+08:00,TAIFEX:CCF1!,116.0,116.5,116.0,116.0,112.0
2026-08-20 13:30:00+08:00,TAIFEX:CCF1!,116.0,116.5,116.0,116.5,15.0
2026-08-20 13:35:00+08:00,TAIFEX:CCF1!,116.5,116.5,116.0,116.0,12.0
2026-08-20 13:40:00+08:00,TAIFEX:CCF1!,116.0,117.0,116.0,117.0,381.0
2026-08-20 17:25:00+08:00,TAIFEX:CCF1!,116.0,116.0,115.0,115.0,111.0
2026-08-20 17:30:00+08:00,TAIFEX:CCF1!,115.0,115.5,115.0,115.0,47.0
2026-08-20 17:35:00+08:00,TAIFEX:CCF1!,115.0,115.0,114.5,115.0,96.0
2026-08-20 17:40:00+08:00,TAIFEX:CCF1!,115.0,115.0,115.0,115.0,1.0
2026-08-20 17:45:00+08:00,TAIFEX:CCF1!,115.0,115.0,115.0,115.0,1.0
2026-08-20 17:50:00+08:00,TAIFEX:CCF1!,115.0,115.0,115.0,115.0,4.0
2026-08-20 17:55:00+08:00,TAIFEX:CCF1!,115.0,115.5,115.0,115.0,39.0
2026-08-20 18:00:00+08:00,TAIFEX:CCF1!,115.0,115.0,114.5,114.5,4.0
2026-08-20 18:05:00+08:00,TAIFEX:CCF1!,115.0,115.0,115.0,115.0,47.0
2026-08-20 18:10:00+08:00,TAIFEX:CCF1!,115.0,115.0,115.0,115.0,38.0
2026-08-20 18:15:00+08:00,TAIFEX:CCF1!,115.0,115.5,115.0,115.5,33.0
2026-08-20 18:20:00+08:00,TAIFEX:CCF1!,115.5,115.5,115.5,115.5,1.0
2026-08-20 18:30:00+08:00,TAIFEX:CCF1!,115.5,115.5,115.5,115.5,2.0
2026-08-20 18:35:00+08:00,TAIFEX:CCF1!,115.0,115.0,115.0,115.0,2.0
2026-08-20 18:40:00+08:00,TAIFEX:CCF1!,115.0,115.0,115.0,115.0,7.0
2026-08-20 18:50:00+08:00,TAIFEX:CCF1!,115.0,115.0,115.0,115.0,16.0
2026-08-20 18:55:00+08:00,TAIFEX:CCF1!,115.0,115.0,115.0,115.0,1.0
2026-08-20 19:00:00+08:00,TAIFEX:CCF1!,115.5,115.5,115.0,115.0,11.0
2026-08-20 19:05:00+08:00,TAIFEX:CCF1!,115.0,115.0,115.0,115.0,6.0
2026-08-20 19:10:00+08:00,TAIFEX:CCF1!,115.0,115.0,115.0,115.0,11.0
2026-08-20 19:15:00+08:00,TAIFEX:CCF1!,115.0,115.0,115.0,115.0,13.0
2026-08-20 19:20:00+08:00,TAIFEX:CCF1!,115.0,115.0,115.0,115.0,11.0
2026-08-20 19:25:00+08:00,TAIFEX:CCF1!,115.0,115.0,114.5,114.5,6.0
2026-08-20 19:30:00+08:00,TAIFEX:CCF1!,114.5,115.0,114.5,115.0,134.0
2026-08-20 19:35:00+08:00,TAIFEX:CCF1!,115.0,115.0,115.0,115.0,11.0
2026-08-20 19:40:00+08:00,TAIFEX:CCF1!,114.5,114.5,114.5,114.5,12.0
2026-08-20 19:45:00+08:00,TAIFEX:CCF1!,114.5,114.5,114.5,114.5,54.0
2026-08-20 19:50:00+08:00,TAIFEX:CCF1!,114.0,114.5,114.0,114.5,18.0
2026-08-20 19:55:00+08:00,TAIFEX:CCF1!,114.0,114.5,114.0,114.5,8.0
2026-08-20 20:00:00+08:00,TAIFEX:CCF1!,114.5,114.5,114.0,114.0,113.0
2026-08-20 20:05:00+08:00,TAIFEX:CCF1!,114.0,114.0,113.0,113.5,193.0
2026-08-20 20:10:00+08:00,TAIFEX:CCF1!,113.5,113.5,112.5,112.5,113.0
2026-08-20 20:15:00+08:00,TAIFEX:CCF1!,112.5,113.0,112.5,113.0,68.0
2026-08-20 20:20:00+08:00,TAIFEX:CCF1!,113.0,113.5,113.0,113.5,6.0
2026-08-20 20:25:00+08:00,TAIFEX:CCF1!,113.0,113.5,113.0,113.0,4.0
2026-08-20 20:30:00+08:00,TAIFEX:CCF1!,113.0,113.5,113.0,113.5,69.0
2026-08-20 20:35:00+08:00,TAIFEX:CCF1!,113.0,113.5,113.0,113.0,13.0
2026-08-20 20:40:00+08:00,TAIFEX:CCF1!,113.0,113.5,113.0,113.5,29.0
2026-08-20 20:45:00+08:00,TAIFEX:CCF1!,114.0,114.0,113.5,113.5,14.0
2026-08-20 20:50:00+08:00,TAIFEX:CCF1!,114.0,114.5,114.0,114.5,135.0
2026-08-20 20:55:00+08:00,TAIFEX:CCF1!,114.5,114.5,114.5,114.5,76.0
2026-08-20 21:00:00+08:00,TAIFEX:CCF1!,114.5,114.5,114.5,114.5,6.0
2026-08-20 21:05:00+08:00,TAIFEX:CCF1!,114.5,114.5,114.5,114.5,23.0
2026-08-20 21:15:00+08:00,TAIFEX:CCF1!,114.5,114.5,114.5,114.5,1.0
2026-08-20 21:20:00+08:00,TAIFEX:CCF1!,114.5,114.5,114.5,114.5,1.0
2026-08-20 21:25:00+08:00,TAIFEX:CCF1!,114.5,114.5,114.5,114.5,49.0
2026-08-20 21:30:00+08:00,TAIFEX:CCF1!,114.5,115.0,114.5,114.5,225.0
2026-08-20 21:35:00+08:00,TAIFEX:CCF1!,115.0,115.0,114.5,115.0,69.0
2026-08-20 21:40:00+08:00,TAIFEX:CCF1!,115.0,115.5,115.0,115.0,81.0
2026-08-20 21:45:00+08:00,TAIFEX:CCF1!,114.5,114.5,114.0,114.0,83.0
2026-08-20 21:50:00+08:00,TAIFEX:CCF1!,114.5,114.5,114.0,114.5,49.0
2026-08-20 21:55:00+08:00,TAIFEX:CCF1!,114.5,114.5,114.0,114.5,35.0
2026-08-20 22:00:00+08:00,TAIFEX:CCF1!,114.5,114.5,114.5,114.5,20.0
2026-08-20 22:05:00+08:00,TAIFEX:CCF1!,114.5,114.5,114.5,114.5,13.0
2026-08-20 22:10:00+08:00,TAIFEX:CCF1!,115.0,115.0,115.0,115.0,15.0
2026-08-20 22:15:00+08:00,TAIFEX:CCF1!,115.0,115.0,114.5,115.0,3.0
2026-08-20 22:20:00+08:00,TAIFEX:CCF1!,115.0,115.5,114.5,115.0,65.0
2026-08-20 22:25:00+08:00,TAIFEX:CCF1!,115.0,115.5,115.0,115.0,81.0
2026-08-20 22:30:00+08:00,TAIFEX:CCF1!,115.0,115.0,115.0,115.0,8.0
2026-08-20 22:35:00+08:00,TAIFEX:CCF1!,115.0,115.5,115.0,115.5,137.0
2026-08-20 22:40:00+08:00,TAIFEX:CCF1!,115.5,116.0,115.5,116.0,17.0
2026-08-20 22:45:00+08:00,TAIFEX:CCF1!,116.0,116.0,115.5,115.5,35.0
2026-08-20 22:50:00+08:00,TAIFEX:CCF1!,115.5,115.5,115.5,115.5,5.0
2026-08-20 22:55:00+08:00,TAIFEX:CCF1!,115.5,116.0,115.5,116.0,2.0
2026-08-20 23:00:00+08:00,TAIFEX:CCF1!,116.0,116.5,116.0,116.5,62.0
2026-08-20 23:05:00+08:00,TAIFEX:CCF1!,116.0,116.0,115.5,115.5,49.0
2026-08-20 23:10:00+08:00,TAIFEX:CCF1!,115.5,116.0,115.5,116.0,144.0
2026-08-20 23:15:00+08:00,TAIFEX:CCF1!,116.0,116.0,116.0,116.0,57.0
2026-08-20 23:20:00+08:00,TAIFEX:CCF1!,116.0,116.0,115.5,115.5,17.0
2026-08-20 23:25:00+08:00,TAIFEX:CCF1!,115.5,116.0,115.5,116.0,10.0
2026-08-20 23:30:00+08:00,TAIFEX:CCF1!,115.5,115.5,115.0,115.0,121.0
2026-08-20 23:35:00+08:00,TAIFEX:CCF1!,115.5,115.5,115.0,115.0,19.0
2026-08-20 23:40:00+08:00,TAIFEX:CCF1!,115.0,115.5,115.0,115.5,4.0
2026-08-20 23:45:00+08:00,TAIFEX:CCF1!,115.0,115.0,115.0,115.0,74.0
2026-08-20 23:50:00+08:00,TAIFEX:CCF1!,115.5,115.5,115.5,115.5,4.0
2026-08-20 23:55:00+08:00,TAIFEX:CCF1!,115.5,115.5,115.5,115.5,1.0
2026-08-21 00:00:00+08:00,TAIFEX:CCF1!,115.5,115.5,115.5,115.5,6.0
2026-08-21 00:05:00+08:00,TAIFEX:CCF1!,115.5,115.5,115.5,115.5,1.0
2026-08-21 00:10:00+08:00,TAIFEX:CCF1!,115.0,115.0,115.0,115.0,3.0
2026-08-21 00:25:00+08:00,TAIFEX:CCF1!,115.5,115.5,115.5,115.5,45.0
2026-08-21 00:30:00+08:00,TAIFEX:CCF1!,115.0,115.0,115.0,115.0,59.0
2026-08-21 00:40:00+08:00,TAIFEX:CCF1!,115.5,115.5,115.5,115.5,30.0
2026-08-21 00:45:00+08:00,TAIFEX:CCF1!,115.5,115.5,115.5,115.5,5.0
2026-08-21 00:50:00+08:00,TAIFEX:CCF1!,115.5,115.5,115.5,115.5,1.0
2026-08-21 01:00:00+08:00,TAIFEX:CCF1!,115.5,115.5,115.5,115.5,2.0
2026-08-21 01:05:00+08:00,TAIFEX:CCF1!,115.5,115.5,115.5,115.5,17.0
2026-08-21 01:10:00+08:00,TAIFEX:CCF1!,115.5,115.5,115.5,115.5,12.0
2026-08-21 01:15:00+08:00,TAIFEX:CCF1!,115.5,115.5,115.5,115.5,2.0
2026-08-21 01:20:00+08:00,TAIFEX:CCF1!,115.5,115.5,115.5,115.5,5.0
2026-08-21 01:30:00+08:00,TAIFEX:CCF1!,115.0,115.0,115.0,115.0,5.0
2026-08-21 01:50:00+08:00,TAIFEX:CCF1!,115.0,115.0,115.0,115.0,2.0
2026-08-21 02:05:00+08:00,TAIFEX:CCF1!,115.0,115.0,115.0,115.0,10.0
2026-08-21 02:10:00+08:00,TAIFEX:CCF1!,115.0,115.0,115.0,115.0,16.0
2026-08-21 02:15:00+08:00,TAIFEX:CCF1!,115.0,115.0,115.0,115.0,3.0
2026-08-21 02:25:00+08:00,TAIFEX:CCF1!,115.0,115.0,115.0,115.0,3.0
2026-08-21 02:35:00+08:00,TAIFEX:CCF1!,115.0,115.5,115.0,115.5,2.0
2026-08-21 03:00:00+08:00,TAIFEX:CCF1!,115.5,115.5,115.5,115.5,1.0
2026-08-21 03:20:00+08:00,TAIFEX:CCF1!,115.5,115.5,115.5,115.5,2.0
2026-08-21 03:30:00+08:00,TAIFEX:CCF1!,115.5,115.5,115.5,115.5,3.0
2026-08-21 03:40:00+08:00,TAIFEX:CCF1!,115.5,115.5,115.5,115.5,3.0
2026-08-21 03:55:00+08:00,TAIFEX:CCF1!,115.5,115.5,115.5,115.5,2.0
2026-08-21 04:15:00+08:00,TAIFEX:CCF1!,115.5,115.5,115.5,115.5,35.0
2026-08-21 04:20:00+08:00,TAIFEX:CCF1!,115.5,115.5,115.5,115.5,1.0
2026-08-21 04:30:00+08:00,TAIFEX:CCF1!,115.5,115.5,115.5,115.5,1.0
2026-08-21 04:50:00+08:00,TAIFEX:CCF1!,115.5,115.5,115.5,115.5,10.0
2026-08-21 04:55:00+08:00,TAIFEX:CCF1!,115.0,115.0,115.0,115.0,12.0
2026-08-21 08:45:00+08:00,TAIFEX:CCF1!,115.5,116.0,115.5,116.0,94.0
2026-08-21 08:50:00+08:00,TAIFEX:CCF1!,116.0,116.5,115.0,115.5,279.0
2026-08-21 08:55:00+08:00,TAIFEX:CCF1!,115.5,116.0,115.5,115.5,84.0
2026-08-21 09:00:00+08:00,TAIFEX:CCF1!,115.0,115.5,114.5,115.0,172.0
2026-08-21 09:05:00+08:00,TAIFEX:CCF1!,115.0,115.5,114.0,115.5,524.0
2026-08-21 09:10:00+08:00,TAIFEX:CCF1!,115.0,115.5,114.5,115.5,505.0
2026-08-21 09:15:00+08:00,TAIFEX:CCF1!,115.0,116.0,115.0,115.5,155.0
2026-08-21 09:20:00+08:00,TAIFEX:CCF1!,115.5,115.5,114.5,114.5,221.0
2026-08-21 09:25:00+08:00,TAIFEX:CCF1!,115.0,115.5,114.5,115.0,480.0
2026-08-21 09:30:00+08:00,TAIFEX:CCF1!,115.0,115.5,115.0,115.5,72.0
2026-08-21 09:35:00+08:00,TAIFEX:CCF1!,115.0,115.5,115.0,115.0,448.0
2026-08-21 09:40:00+08:00,TAIFEX:CCF1!,115.0,115.5,115.0,115.5,420.0
2026-08-21 09:45:00+08:00,TAIFEX:CCF1!,115.5,115.5,115.0,115.5,132.0
2026-08-21 09:50:00+08:00,TAIFEX:CCF1!,115.5,115.5,115.0,115.5,183.0
2026-08-21 09:55:00+08:00,TAIFEX:CCF1!,115.0,115.0,115.0,115.0,281.0
2026-08-21 10:00:00+08:00,TAIFEX:CCF1!,115.0,115.0,115.0,115.0,195.0
2026-08-21 10:05:00+08:00,TAIFEX:CCF1!,115.0,115.0,115.0,115.0,457.0
2026-08-21 10:10:00+08:00,TAIFEX:CCF1!,115.0,115.5,115.0,115.5,209.0
2026-08-21 10:15:00+08:00,TAIFEX:CCF1!,115.5,115.5,115.5,115.5,23.0
2026-08-21 10:20:00+08:00,TAIFEX:CCF1!,115.5,116.0,115.5,116.0,321.0
2026-08-21 10:25:00+08:00,TAIFEX:CCF1!,116.0,117.5,115.5,117.5,1022.0
2026-08-21 10:30:00+08:00,TAIFEX:CCF1!,117.0,117.5,116.5,117.0,348.0
2026-08-21 10:35:00+08:00,TAIFEX:CCF1!,117.5,117.5,116.5,116.5,153.0
2026-08-21 10:40:00+08:00,TAIFEX:CCF1!,116.5,117.0,116.5,117.0,55.0
2026-08-21 10:45:00+08:00,TAIFEX:CCF1!,116.5,117.5,116.0,117.0,850.0
2026-08-21 10:50:00+08:00,TAIFEX:CCF1!,117.0,117.5,116.5,116.5,293.0
2026-08-21 10:55:00+08:00,TAIFEX:CCF1!,117.0,117.0,117.0,117.0,320.0
2026-08-21 11:00:00+08:00,TAIFEX:CCF1!,117.0,117.0,116.5,116.5,281.0
2026-08-21 11:05:00+08:00,TAIFEX:CCF1!,116.0,116.5,116.0,116.5,510.0
2026-08-21 11:10:00+08:00,TAIFEX:CCF1!,116.5,116.5,116.0,116.0,380.0
2026-08-21 11:15:00+08:00,TAIFEX:CCF1!,116.0,116.0,115.5,116.0,167.0
2026-08-21 11:20:00+08:00,TAIFEX:CCF1!,116.0,116.5,116.0,116.0,80.0
2026-08-21 11:25:00+08:00,TAIFEX:CCF1!,116.0,116.5,116.0,116.5,10.0
2026-08-21 11:30:00+08:00,TAIFEX:CCF1!,116.5,117.5,116.0,117.0,900.0
2026-08-21 11:35:00+08:00,TAIFEX:CCF1!,116.5,117.0,116.5,116.5,24.0
2026-08-21 11:40:00+08:00,TAIFEX:CCF1!,116.5,117.0,116.5,116.5,336.0
2026-08-21 11:45:00+08:00,TAIFEX:CCF1!,116.5,116.5,116.5,116.5,148.0
2026-08-21 11:50:00+08:00,TAIFEX:CCF1!,116.5,117.0,116.5,116.5,406.0
2026-08-21 11:55:00+08:00,TAIFEX:CCF1!,116.0,116.5,116.0,116.5,139.0
2026-08-21 12:00:00+08:00,TAIFEX:CCF1!,116.5,117.5,116.5,117.5,268.0
2026-08-21 12:05:00+08:00,TAIFEX:CCF1!,117.5,117.5,117.0,117.0,22.0
2026-08-21 12:10:00+08:00,TAIFEX:CCF1!,117.0,117.0,116.5,117.0,254.0
2026-08-21 12:15:00+08:00,TAIFEX:CCF1!,117.0,117.0,117.0,117.0,88.0
2026-08-21 12:20:00+08:00,TAIFEX:CCF1!,117.0,117.0,116.5,116.5,27.0
2026-08-21 12:25:00+08:00,TAIFEX:CCF1!,116.5,117.0,116.5,117.0,217.0
2026-08-21 12:30:00+08:00,TAIFEX:CCF1!,117.0,117.5,117.0,117.0,54.0
2026-08-21 12:35:00+08:00,TAIFEX:CCF1!,117.0,117.0,116.5,116.5,396.0
2026-08-21 12:40:00+08:00,TAIFEX:CCF1!,116.5,117.0,116.5,116.5,56.0
2026-08-21 12:45:00+08:00,TAIFEX:CCF1!,116.5,117.5,116.5,117.0,140.0
2026-08-21 12:50:00+08:00,TAIFEX:CCF1!,117.0,117.0,116.5,117.0,408.0
2026-08-21 12:55:00+08:00,TAIFEX:CCF1!,117.0,117.0,117.0,117.0,390.0
2026-08-21 13:00:00+08:00,TAIFEX:CCF1!,117.0,117.0,117.0,117.0,120.0
2026-08-21 13:05:00+08:00,TAIFEX:CCF1!,116.5,117.0,116.5,117.0,168.0
2026-08-21 13:10:00+08:00,TAIFEX:CCF1!,117.0,117.0,117.0,117.0,32.0
2026-08-21 13:15:00+08:00,TAIFEX:CCF1!,117.0,117.0,116.5,117.0,81.0
2026-08-21 13:20:00+08:00,TAIFEX:CCF1!,117.0,117.0,116.5,116.5,167.0
2026-08-21 13:25:00+08:00,TAIFEX:CCF1!,116.5,117.0,116.5,117.0,146.0
2026-08-21 13:30:00+08:00,TAIFEX:CCF1!,117.0,117.5,117.0,117.0,110.0
2026-08-21 13:35:00+08:00,TAIFEX:CCF1!,117.0,117.5,117.0,117.5,22.0
2026-08-21 13:40:00+08:00,TAIFEX:CCF1!,117.5,117.5,117.0,117.5,145.0
2026-08-21 17:25:00+08:00,TAIFEX:CCF1!,119.0,119.0,118.5,118.5,50.0
2026-08-21 17:30:00+08:00,TAIFEX:CCF1!,118.5,119.0,118.5,119.0,25.0
2026-08-21 17:35:00+08:00,TAIFEX:CCF1!,119.0,119.0,118.0,118.5,212.0
2026-08-21 17:40:00+08:00,TAIFEX:CCF1!,118.5,118.5,118.0,118.0,59.0
2026-08-21 17:45:00+08:00,TAIFEX:CCF1!,118.0,118.0,118.0,118.0,57.0
2026-08-21 17:50:00+08:00,TAIFEX:CCF1!,118.0,118.5,118.0,118.5,4.0
2026-08-21 17:55:00+08:00,TAIFEX:CCF1!,118.5,118.5,118.0,118.0,10.0
2026-08-21 18:00:00+08:00,TAIFEX:CCF1!,118.0,118.5,118.0,118.5,6.0
2026-08-21 18:05:00+08:00,TAIFEX:CCF1!,118.5,118.5,118.5,118.5,60.0
2026-08-21 18:10:00+08:00,TAIFEX:CCF1!,118.5,118.5,118.5,118.5,6.0
2026-08-21 18:15:00+08:00,TAIFEX:CCF1!,118.5,118.5,118.5,118.5,4.0
2026-08-21 18:20:00+08:00,TAIFEX:CCF1!,118.5,118.5,118.0,118.0,4.0
2026-08-21 18:25:00+08:00,TAIFEX:CCF1!,118.0,118.0,118.0,118.0,1.0
2026-08-21 18:30:00+08:00,TAIFEX:CCF1!,118.0,118.5,118.0,118.5,3.0
2026-08-21 18:35:00+08:00,TAIFEX:CCF1!,118.5,118.5,118.0,118.5,15.0
2026-08-21 18:45:00+08:00,TAIFEX:CCF1!,118.5,118.5,118.5,118.5,1.0
2026-08-21 18:50:00+08:00,TAIFEX:CCF1!,118.5,118.5,118.5,118.5,3.0
2026-08-21 18:55:00+08:00,TAIFEX:CCF1!,118.5,118.5,118.0,118.0,4.0
2026-08-21 19:00:00+08:00,TAIFEX:CCF1!,118.0,118.0,118.0,118.0,18.0
2026-08-21 19:05:00+08:00,TAIFEX:CCF1!,118.0,118.5,118.0,118.5,11.0
2026-08-21 19:10:00+08:00,TAIFEX:CCF1!,118.0,118.0,118.0,118.0,2.0
2026-08-21 19:15:00+08:00,TAIFEX:CCF1!,118.0,118.0,118.0,118.0,6.0
2026-08-21 19:20:00+08:00,TAIFEX:CCF1!,118.5,118.5,118.5,118.5,1.0
2026-08-21 19:30:00+08:00,TAIFEX:CCF1!,118.5,118.5,118.5,118.5,2.0
2026-08-21 19:35:00+08:00,TAIFEX:CCF1!,118.5,118.5,118.5,118.5,15.0
2026-08-21 19:40:00+08:00,TAIFEX:CCF1!,118.5,118.5,118.5,118.5,14.0
2026-08-21 19:45:00+08:00,TAIFEX:CCF1!,118.5,118.5,118.5,118.5,4.0
2026-08-21 19:55:00+08:00,TAIFEX:CCF1!,118.5,118.5,118.5,118.5,8.0
2026-08-21 20:00:00+08:00,TAIFEX:CCF1!,118.5,118.5,118.5,118.5,1.0
2026-08-21 20:05:00+08:00,TAIFEX:CCF1!,118.5,118.5,118.5,118.5,12.0
2026-08-21 20:10:00+08:00,TAIFEX:CCF1!,118.5,118.5,118.5,118.5,2.0
2026-08-21 20:15:00+08:00,TAIFEX:CCF1!,118.0,118.0,118.0,118.0,3.0
2026-08-21 20:20:00+08:00,TAIFEX:CCF1!,118.0,118.5,118.0,118.5,3.0
2026-08-21 20:25:00+08:00,TAIFEX:CCF1!,118.5,118.5,118.0,118.0,3.0
2026-08-21 20:35:00+08:00,TAIFEX:CCF1!,118.5,118.5,118.5,118.5,5.0
2026-08-21 20:40:00+08:00,TAIFEX:CCF1!,118.5,118.5,118.5,118.5,3.0
2026-08-21 20:45:00+08:00,TAIFEX:CCF1!,118.5,118.5,118.5,118.5,16.0
2026-08-21 20:50:00+08:00,TAIFEX:CCF1!,118.5,119.0,118.5,119.0,16.0
2026-08-21 21:00:00+08:00,TAIFEX:CCF1!,118.5,118.5,118.5,118.5,6.0
2026-08-21 21:05:00+08:00,TAIFEX:CCF1!,118.5,118.5,118.5,118.5,1.0
2026-08-21 21:10:00+08:00,TAIFEX:CCF1!,118.5,118.5,118.5,118.5,73.0
2026-08-21 21:15:00+08:00,TAIFEX:CCF1!,118.5,118.5,118.5,118.5,3.0
2026-08-21 21:20:00+08:00,TAIFEX:CCF1!,118.5,118.5,118.5,118.5,1.0
2026-08-21 21:25:00+08:00,TAIFEX:CCF1!,118.5,118.5,118.5,118.5,21.0
2026-08-21 21:30:00+08:00,TAIFEX:CCF1!,118.5,118.5,118.0,118.5,242.0
2026-08-21 21:35:00+08:00,TAIFEX:CCF1!,118.5,118.5,118.0,118.5,206.0
2026-08-21 21:40:00+08:00,TAIFEX:CCF1!,118.0,118.0,118.0,118.0,15.0
2026-08-21 21:45:00+08:00,TAIFEX:CCF1!,118.0,118.5,118.0,118.0,28.0
2026-08-21 21:50:00+08:00,TAIFEX:CCF1!,118.0,118.5,117.5,118.0,144.0
2026-08-21 21:55:00+08:00,TAIFEX:CCF1!,118.0,118.0,118.0,118.0,9.0
2026-08-21 22:00:00+08:00,TAIFEX:CCF1!,118.0,118.0,117.5,118.0,63.0
2026-08-21 22:05:00+08:00,TAIFEX:CCF1!,118.0,118.0,118.0,118.0,34.0
2026-08-21 22:10:00+08:00,TAIFEX:CCF1!,118.0,118.0,117.5,117.5,28.0
2026-08-21 22:15:00+08:00,TAIFEX:CCF1!,117.5,117.5,117.5,117.5,111.0
2026-08-21 22:20:00+08:00,TAIFEX:CCF1!,117.5,117.5,117.5,117.5,18.0
2026-08-21 22:25:00+08:00,TAIFEX:CCF1!,117.5,118.0,117.5,118.0,16.0
2026-08-21 22:35:00+08:00,TAIFEX:CCF1!,118.0,118.0,118.0,118.0,1.0
2026-08-21 22:45:00+08:00,TAIFEX:CCF1!,118.0,118.0,118.0,118.0,2.0
2026-08-21 22:50:00+08:00,TAIFEX:CCF1!,118.0,118.0,118.0,118.0,1.0
2026-08-21 22:55:00+08:00,TAIFEX:CCF1!,118.0,118.0,117.0,117.5,99.0
2026-08-21 23:00:00+08:00,TAIFEX:CCF1!,117.5,117.5,117.5,117.5,16.0
2026-08-21 23:05:00+08:00,TAIFEX:CCF1!,117.5,117.5,117.5,117.5,23.0
2026-08-21 23:15:00+08:00,TAIFEX:CCF1!,118.0,118.0,117.5,117.5,27.0
2026-08-21 23:25:00+08:00,TAIFEX:CCF1!,118.0,118.0,118.0,118.0,5.0
2026-08-21 23:30:00+08:00,TAIFEX:CCF1!,118.0,118.0,118.0,118.0,22.0
2026-08-21 23:35:00+08:00,TAIFEX:CCF1!,118.0,118.5,118.0,118.0,42.0
2026-08-21 23:40:00+08:00,TAIFEX:CCF1!,118.0,118.5,118.0,118.5,5.0
2026-08-21 23:45:00+08:00,TAIFEX:CCF1!,118.0,118.0,118.0,118.0,38.0
2026-08-21 23:50:00+08:00,TAIFEX:CCF1!,118.0,118.5,118.0,118.5,6.0
2026-08-21 23:55:00+08:00,TAIFEX:CCF1!,118.0,118.0,117.5,117.5,19.0
2026-08-22 00:15:00+08:00,TAIFEX:CCF1!,117.5,117.5,117.5,117.5,1.0
2026-08-22 00:20:00+08:00,TAIFEX:CCF1!,118.0,118.0,118.0,118.0,7.0
2026-08-22 00:25:00+08:00,TAIFEX:CCF1!,118.0,118.0,118.0,118.0,16.0
2026-08-22 00:30:00+08:00,TAIFEX:CCF1!,118.0,118.0,118.0,118.0,26.0
2026-08-22 00:35:00+08:00,TAIFEX:CCF1!,118.0,118.0,118.0,118.0,1.0
2026-08-22 01:25:00+08:00,TAIFEX:CCF1!,117.5,117.5,117.5,117.5,1.0
2026-08-22 01:30:00+08:00,TAIFEX:CCF1!,118.0,118.0,118.0,118.0,1.0
2026-08-22 01:50:00+08:00,TAIFEX:CCF1!,118.0,118.0,118.0,118.0,1.0
2026-08-22 02:00:00+08:00,TAIFEX:CCF1!,118.0,118.0,118.0,118.0,1.0
2026-08-22 02:10:00+08:00,TAIFEX:CCF1!,118.0,118.0,118.0,118.0,1.0
2026-08-22 02:20:00+08:00,TAIFEX:CCF1!,118.0,118.0,118.0,118.0,3.0
2026-08-22 02:25:00+08:00,TAIFEX:CCF1!,118.0,118.0,118.0,118.0,1.0
2026-08-22 02:40:00+08:00,TAIFEX:CCF1!,118.0,118.0,118.0,118.0,1.0
2026-08-22 02:45:00+08:00,TAIFEX:CCF1!,117.5,117.5,117.5,117.5,34.0
2026-08-22 03:05:00+08:00,TAIFEX:CCF1!,117.5,117.5,117.5,117.5,3.0
2026-08-22 03:35:00+08:00,TAIFEX:CCF1!,118.0,118.0,118.0,118.0,2.0
2026-08-22 03:45:00+08:00,TAIFEX:CCF1!,117.5,117.5,117.5,117.5,3.0
2026-08-22 03:50:00+08:00,TAIFEX:CCF1!,117.5,117.5,117.5,117.5,71.0
2026-08-22 03:55:00+08:00,TAIFEX:CCF1!,117.5,117.5,117.5,117.5,1.0
2026-08-22 04:00:00+08:00,TAIFEX:CCF1!,117.5,117.5,117.5,117.5,17.0
2026-08-22 04:10:00+08:00,TAIFEX:CCF1!,117.5,117.5,117.5,117.5,1.0
2026-08-22 04:15:00+08:00,TAIFEX:CCF1!,117.5,117.5,117.5,117.5,1.0
2026-08-22 04:25:00+08:00,TAIFEX:CCF1!,117.5,117.5,117.5,117.5,4.0
2026-08-22 04:30:00+08:00,TAIFEX:CCF1!,117.5,117.5,117.5,117.5,1.0
2026-08-22 04:35:00+08:00,TAIFEX:CCF1!,117.5,117.5,117.5,117.5,2.0
2026-08-22 04:40:00+08:00,TAIFEX:CCF1!,117.5,117.5,117.5,117.5,4.0
2026-08-22 04:50:00+08:00,TAIFEX:CCF1!,117.5,117.5,117.5,117.5,15.0
2026-08-22 04:55:00+08:00,TAIFEX:CCF1!,117.5,118.0,117.5,117.5,35.0
2026-08-24 08:45:00+08:00,TAIFEX:CCF1!,118.0,118.0,117.0,117.5,137.0
2026-08-24 08:50:00+08:00,TAIFEX:CCF1!,117.5,117.5,117.5,117.5,55.0
2026-08-24 08:55:00+08:00,TAIFEX:CCF1!,117.0,118.0,117.0,118.0,212.0
2026-08-24 09:00:00+08:00,TAIFEX:CCF1!,118.0,122.0,118.0,121.5,2338.0
2026-08-24 09:05:00+08:00,TAIFEX:CCF1!,121.5,125.0,121.0,123.0,4174.0
2026-08-24 09:10:00+08:00,TAIFEX:CCF1!,123.0,125.0,123.0,123.5,2021.0
2026-08-24 09:15:00+08:00,TAIFEX:CCF1!,123.0,125.5,123.0,125.0,1539.0
2026-08-24 09:20:00+08:00,TAIFEX:CCF1!,125.0,127.5,125.0,125.5,4525.0
2026-08-24 09:25:00+08:00,TAIFEX:CCF1!,126.0,127.0,126.0,126.5,1366.0
2026-08-24 09:30:00+08:00,TAIFEX:CCF1!,126.0,127.0,125.0,125.0,1404.0
2026-08-24 09:35:00+08:00,TAIFEX:CCF1!,125.5,126.5,125.0,126.0,875.0
2026-08-24 09:40:00+08:00,TAIFEX:CCF1!,126.0,128.5,126.0,127.5,3360.0
2026-08-24 09:45:00+08:00,TAIFEX:CCF1!,127.0,127.5,126.0,126.0,1213.0
2026-08-24 09:50:00+08:00,TAIFEX:CCF1!,126.5,126.5,125.0,125.0,457.0
2026-08-24 09:55:00+08:00,TAIFEX:CCF1!,125.0,125.5,124.0,124.0,1620.0
2026-08-24 10:00:00+08:00,TAIFEX:CCF1!,124.0,125.0,123.5,125.0,1535.0
2026-08-24 10:05:00+08:00,TAIFEX:CCF1!,125.0,125.5,124.0,124.5,1012.0
2026-08-24 10:10:00+08:00,TAIFEX:CCF1!,124.5,125.5,124.0,125.5,582.0
2026-08-24 10:15:00+08:00,TAIFEX:CCF1!,125.5,125.5,125.0,125.5,147.0
2026-08-24 10:20:00+08:00,TAIFEX:CCF1!,125.5,125.5,125.0,125.5,497.0
2026-08-24 10:25:00+08:00,TAIFEX:CCF1!,125.5,126.0,125.5,125.5,298.0
2026-08-24 10:30:00+08:00,TAIFEX:CCF1!,126.0,126.0,125.5,125.5,143.0
2026-08-24 10:35:00+08:00,TAIFEX:CCF1!,125.5,126.0,125.5,126.0,18.0
2026-08-24 10:40:00+08:00,TAIFEX:CCF1!,126.0,126.0,125.5,126.0,54.0
2026-08-24 10:45:00+08:00,TAIFEX:CCF1!,126.0,126.0,125.0,125.0,105.0
2026-08-24 10:50:00+08:00,TAIFEX:CCF1!,125.0,125.5,124.5,125.0,628.0
2026-08-24 10:55:00+08:00,TAIFEX:CCF1!,125.0,125.5,125.0,125.5,603.0
2026-08-24 11:00:00+08:00,TAIFEX:CCF1!,126.0,126.0,125.5,126.0,373.0
2026-08-24 11:05:00+08:00,TAIFEX:CCF1!,126.5,126.5,125.5,125.5,507.0
2026-08-24 11:10:00+08:00,TAIFEX:CCF1!,125.5,125.5,125.0,125.0,66.0
2026-08-24 11:15:00+08:00,TAIFEX:CCF1!,125.0,125.5,124.0,124.5,1033.0
2026-08-24 11:20:00+08:00,TAIFEX:CCF1!,124.5,125.0,124.5,125.0,529.0
2026-08-24 11:25:00+08:00,TAIFEX:CCF1!,124.5,125.5,124.5,125.5,216.0
2026-08-24 11:30:00+08:00,TAIFEX:CCF1!,125.0,125.0,124.5,124.5,161.0
2026-08-24 11:35:00+08:00,TAIFEX:CCF1!,125.0,126.0,125.0,125.5,584.0
2026-08-24 11:40:00+08:00,TAIFEX:CCF1!,125.5,126.0,125.0,125.5,149.0
2026-08-24 11:45:00+08:00,TAIFEX:CCF1!,125.5,125.5,124.5,125.0,531.0
2026-08-24 11:50:00+08:00,TAIFEX:CCF1!,125.0,125.5,124.5,124.5,408.0
2026-08-24 11:55:00+08:00,TAIFEX:CCF1!,125.0,125.0,124.5,124.5,274.0
2026-08-24 12:00:00+08:00,TAIFEX:CCF1!,125.0,125.0,124.5,124.5,5.0
2026-08-24 12:05:00+08:00,TAIFEX:CCF1!,124.5,125.0,124.5,125.0,690.0
2026-08-24 12:10:00+08:00,TAIFEX:CCF1!,124.5,125.5,124.5,125.5,102.0
2026-08-24 12:15:00+08:00,TAIFEX:CCF1!,125.5,125.5,125.5,125.5,364.0
2026-08-24 12:20:00+08:00,TAIFEX:CCF1!,125.5,125.5,125.0,125.5,18.0
2026-08-24 12:25:00+08:00,TAIFEX:CCF1!,125.5,125.5,125.0,125.0,110.0
2026-08-24 12:30:00+08:00,TAIFEX:CCF1!,125.0,125.0,125.0,125.0,139.0
2026-08-24 12:35:00+08:00,TAIFEX:CCF1!,125.0,125.5,125.0,125.5,232.0
2026-08-24 12:40:00+08:00,TAIFEX:CCF1!,125.5,125.5,125.0,125.0,10.0
2026-08-24 12:45:00+08:00,TAIFEX:CCF1!,125.0,125.5,125.0,125.0,57.0
2026-08-24 12:50:00+08:00,TAIFEX:CCF1!,125.0,125.5,124.5,125.0,748.0
2026-08-24 12:55:00+08:00,TAIFEX:CCF1!,125.0,125.0,124.5,125.0,89.0
2026-08-24 13:00:00+08:00,TAIFEX:CCF1!,124.5,125.0,124.0,124.5,450.0
2026-08-24 13:05:00+08:00,TAIFEX:CCF1!,124.0,124.5,124.0,124.0,366.0
2026-08-24 13:10:00+08:00,TAIFEX:CCF1!,124.5,124.5,124.0,124.5,145.0
2026-08-24 13:15:00+08:00,TAIFEX:CCF1!,124.5,124.5,124.0,124.0,59.0
2026-08-24 13:20:00+08:00,TAIFEX:CCF1!,124.0,124.0,123.5,124.0,744.0
2026-08-24 13:25:00+08:00,TAIFEX:CCF1!,124.0,124.0,123.0,123.5,377.0
2026-08-24 13:30:00+08:00,TAIFEX:CCF1!,123.5,124.0,123.0,123.5,139.0
2026-08-24 13:35:00+08:00,TAIFEX:CCF1!,123.0,123.5,123.0,123.5,89.0
2026-08-24 13:40:00+08:00,TAIFEX:CCF1!,123.5,124.0,123.0,124.0,327.0
2026-08-24 17:25:00+08:00,TAIFEX:CCF1!,124.0,124.5,123.5,124.5,110.0
2026-08-24 17:30:00+08:00,TAIFEX:CCF1!,124.5,124.5,124.0,124.0,30.0
2026-08-24 17:35:00+08:00,TAIFEX:CCF1!,124.5,125.0,124.5,124.5,138.0
2026-08-24 17:40:00+08:00,TAIFEX:CCF1!,124.5,124.5,124.5,124.5,19.0
2026-08-24 17:45:00+08:00,TAIFEX:CCF1!,124.5,124.5,124.5,124.5,67.0
2026-08-24 17:50:00+08:00,TAIFEX:CCF1!,124.5,124.5,124.5,124.5,9.0
2026-08-24 17:55:00+08:00,TAIFEX:CCF1!,124.5,124.5,124.5,124.5,9.0
2026-08-24 18:00:00+08:00,TAIFEX:CCF1!,124.5,124.5,124.5,124.5,1.0
2026-08-24 18:05:00+08:00,TAIFEX:CCF1!,124.5,124.5,124.5,124.5,2.0
2026-08-24 18:10:00+08:00,TAIFEX:CCF1!,124.5,124.5,124.5,124.5,7.0
2026-08-24 18:15:00+08:00,TAIFEX:CCF1!,124.5,124.5,124.5,124.5,4.0
2026-08-24 18:20:00+08:00,TAIFEX:CCF1!,124.5,124.5,124.0,124.0,32.0
2026-08-24 18:30:00+08:00,TAIFEX:CCF1!,124.5,124.5,124.5,124.5,37.0
2026-08-24 18:35:00+08:00,TAIFEX:CCF1!,124.5,124.5,124.5,124.5,2.0
2026-08-24 18:40:00+08:00,TAIFEX:CCF1!,124.5,124.5,124.5,124.5,5.0
2026-08-24 18:50:00+08:00,TAIFEX:CCF1!,124.0,124.0,124.0,124.0,1.0
2026-08-24 19:00:00+08:00,TAIFEX:CCF1!,124.0,124.0,124.0,124.0,13.0
2026-08-24 19:05:00+08:00,TAIFEX:CCF1!,124.0,124.0,124.0,124.0,26.0
2026-08-24 19:10:00+08:00,TAIFEX:CCF1!,124.0,124.0,124.0,124.0,8.0
2026-08-24 19:15:00+08:00,TAIFEX:CCF1!,124.0,124.0,124.0,124.0,3.0
2026-08-24 19:20:00+08:00,TAIFEX:CCF1!,124.5,124.5,124.5,124.5,4.0
2026-08-24 19:25:00+08:00,TAIFEX:CCF1!,124.5,124.5,124.5,124.5,4.0
2026-08-24 19:30:00+08:00,TAIFEX:CCF1!,124.5,124.5,124.5,124.5,30.0
2026-08-24 19:35:00+08:00,TAIFEX:CCF1!,124.5,125.0,124.5,125.0,173.0
2026-08-24 19:40:00+08:00,TAIFEX:CCF1!,125.0,125.0,125.0,125.0,9.0
2026-08-24 19:45:00+08:00,TAIFEX:CCF1!,125.0,125.0,125.0,125.0,145.0
2026-08-24 19:50:00+08:00,TAIFEX:CCF1!,125.0,125.0,125.0,125.0,3.0
2026-08-24 19:55:00+08:00,TAIFEX:CCF1!,125.0,125.0,125.0,125.0,2.0
2026-08-24 20:00:00+08:00,TAIFEX:CCF1!,125.0,125.0,124.5,124.5,136.0
2026-08-24 20:05:00+08:00,TAIFEX:CCF1!,124.5,124.5,124.5,124.5,2.0
2026-08-24 20:10:00+08:00,TAIFEX:CCF1!,124.5,124.5,124.0,124.0,7.0
2026-08-24 20:15:00+08:00,TAIFEX:CCF1!,124.5,124.5,124.5,124.5,3.0
2026-08-24 20:25:00+08:00,TAIFEX:CCF1!,124.5,124.5,124.5,124.5,2.0
2026-08-24 20:30:00+08:00,TAIFEX:CCF1!,124.5,124.5,124.0,124.0,10.0
2026-08-24 20:35:00+08:00,TAIFEX:CCF1!,124.0,124.0,124.0,124.0,1.0
2026-08-24 20:40:00+08:00,TAIFEX:CCF1!,124.5,124.5,124.5,124.5,3.0
2026-08-24 20:45:00+08:00,TAIFEX:CCF1!,124.5,124.5,124.5,124.5,4.0
2026-08-24 20:50:00+08:00,TAIFEX:CCF1!,124.5,124.5,124.5,124.5,5.0
2026-08-24 20:55:00+08:00,TAIFEX:CCF1!,124.5,124.5,124.0,124.0,65.0
2026-08-24 21:10:00+08:00,TAIFEX:CCF1!,124.5,124.5,124.5,124.5,5.0
2026-08-24 21:15:00+08:00,TAIFEX:CCF1!,124.5,124.5,124.5,124.5,2.0
2026-08-24 21:20:00+08:00,TAIFEX:CCF1!,124.0,124.5,124.0,124.5,3.0
2026-08-24 21:25:00+08:00,TAIFEX:CCF1!,124.5,124.5,124.5,124.5,4.0
2026-08-24 21:30:00+08:00,TAIFEX:CCF1!,124.5,124.5,123.5,123.5,370.0
2026-08-24 21:35:00+08:00,TAIFEX:CCF1!,123.5,124.0,123.0,123.0,129.0
2026-08-24 21:40:00+08:00,TAIFEX:CCF1!,123.0,123.0,122.5,122.5,409.0
2026-08-24 21:45:00+08:00,TAIFEX:CCF1!,122.5,123.0,122.0,122.5,127.0
2026-08-24 21:50:00+08:00,TAIFEX:CCF1!,122.0,122.5,121.0,121.5,390.0
2026-08-24 21:55:00+08:00,TAIFEX:CCF1!,121.5,122.0,121.0,122.0,135.0
2026-08-24 22:00:00+08:00,TAIFEX:CCF1!,122.0,122.0,121.0,121.0,95.0
2026-08-24 22:05:00+08:00,TAIFEX:CCF1!,121.0,122.0,121.0,121.5,77.0
2026-08-24 22:10:00+08:00,TAIFEX:CCF1!,121.5,122.0,121.5,121.5,67.0
2026-08-24 22:15:00+08:00,TAIFEX:CCF1!,122.0,122.0,121.5,121.5,75.0
2026-08-24 22:20:00+08:00,TAIFEX:CCF1!,121.5,122.0,121.0,121.5,157.0
2026-08-24 22:25:00+08:00,TAIFEX:CCF1!,121.0,121.0,121.0,121.0,247.0
2026-08-24 22:30:00+08:00,TAIFEX:CCF1!,121.0,122.0,121.0,122.0,258.0
2026-08-24 22:35:00+08:00,TAIFEX:CCF1!,122.0,122.0,121.5,121.5,58.0
2026-08-24 22:40:00+08:00,TAIFEX:CCF1!,121.5,121.5,121.5,121.5,2.0
2026-08-24 22:45:00+08:00,TAIFEX:CCF1!,121.5,121.5,121.0,121.5,12.0
2026-08-24 22:50:00+08:00,TAIFEX:CCF1!,121.5,121.5,121.0,121.5,19.0
2026-08-24 22:55:00+08:00,TAIFEX:CCF1!,121.5,121.5,121.5,121.5,2.0
2026-08-24 23:00:00+08:00,TAIFEX:CCF1!,121.0,121.0,121.0,121.0,169.0
2026-08-24 23:05:00+08:00,TAIFEX:CCF1!,121.0,121.0,120.5,120.5,13.0
2026-08-24 23:10:00+08:00,TAIFEX:CCF1!,120.5,121.0,120.5,121.0,10.0
2026-08-24 23:15:00+08:00,TAIFEX:CCF1!,121.0,121.0,121.0,121.0,6.0
2026-08-24 23:20:00+08:00,TAIFEX:CCF1!,120.5,121.0,120.5,121.0,350.0
2026-08-24 23:25:00+08:00,TAIFEX:CCF1!,121.0,122.0,121.0,122.0,113.0
2026-08-24 23:30:00+08:00,TAIFEX:CCF1!,122.0,122.0,121.0,121.5,89.0
2026-08-24 23:35:00+08:00,TAIFEX:CCF1!,121.5,121.5,121.5,121.5,16.0
2026-08-24 23:40:00+08:00,TAIFEX:CCF1!,121.5,122.0,121.5,122.0,98.0
2026-08-24 23:45:00+08:00,TAIFEX:CCF1!,121.5,122.0,121.5,122.0,313.0
2026-08-24 23:50:00+08:00,TAIFEX:CCF1!,121.5,121.5,121.5,121.5,14.0
2026-08-24 23:55:00+08:00,TAIFEX:CCF1!,121.5,121.5,121.5,121.5,57.0
2026-08-25 00:00:00+08:00,TAIFEX:CCF1!,121.5,121.5,121.5,121.5,7.0
2026-08-25 00:05:00+08:00,TAIFEX:CCF1!,122.0,122.0,122.0,122.0,1.0
2026-08-25 00:10:00+08:00,TAIFEX:CCF1!,122.0,122.0,122.0,122.0,1.0
2026-08-25 00:15:00+08:00,TAIFEX:CCF1!,122.0,122.0,122.0,122.0,19.0
2026-08-25 00:20:00+08:00,TAIFEX:CCF1!,122.0,122.0,122.0,122.0,58.0
2026-08-25 00:25:00+08:00,TAIFEX:CCF1!,122.0,122.0,122.0,122.0,8.0
2026-08-25 00:30:00+08:00,TAIFEX:CCF1!,122.0,122.0,122.0,122.0,51.0
2026-08-25 00:35:00+08:00,TAIFEX:CCF1!,122.0,122.0,122.0,122.0,1.0
2026-08-25 00:40:00+08:00,TAIFEX:CCF1!,121.5,122.0,121.5,122.0,2.0
2026-08-25 00:55:00+08:00,TAIFEX:CCF1!,121.5,121.5,121.5,121.5,10.0
2026-08-25 01:00:00+08:00,TAIFEX:CCF1!,122.0,122.0,122.0,122.0,1.0
2026-08-25 01:05:00+08:00,TAIFEX:CCF1!,122.0,122.0,122.0,122.0,19.0
2026-08-25 01:10:00+08:00,TAIFEX:CCF1!,122.5,122.5,122.5,122.5,12.0
2026-08-25 01:15:00+08:00,TAIFEX:CCF1!,122.0,122.0,122.0,122.0,40.0
2026-08-25 01:20:00+08:00,TAIFEX:CCF1!,121.5,122.0,121.5,122.0,15.0
2026-08-25 01:25:00+08:00,TAIFEX:CCF1!,122.0,122.0,122.0,122.0,11.0
2026-08-25 01:30:00+08:00,TAIFEX:CCF1!,121.5,121.5,121.5,121.5,31.0
2026-08-25 01:35:00+08:00,TAIFEX:CCF1!,121.5,121.5,121.5,121.5,11.0
2026-08-25 01:40:00+08:00,TAIFEX:CCF1!,122.0,122.0,122.0,122.0,1.0
2026-08-25 01:55:00+08:00,TAIFEX:CCF1!,121.5,121.5,121.5,121.5,1.0
2026-08-25 02:05:00+08:00,TAIFEX:CCF1!,122.0,122.5,122.0,122.0,33.0
2026-08-25 02:10:00+08:00,TAIFEX:CCF1!,122.5,122.5,122.0,122.0,5.0
2026-08-25 02:15:00+08:00,TAIFEX:CCF1!,122.0,122.0,122.0,122.0,1.0
2026-08-25 02:20:00+08:00,TAIFEX:CCF1!,122.5,122.5,122.5,122.5,8.0
2026-08-25 02:25:00+08:00,TAIFEX:CCF1!,122.5,122.5,122.5,122.5,1.0
2026-08-25 02:30:00+08:00,TAIFEX:CCF1!,122.5,122.5,122.5,122.5,4.0
2026-08-25 02:45:00+08:00,TAIFEX:CCF1!,122.5,122.5,122.5,122.5,1.0
2026-08-25 02:50:00+08:00,TAIFEX:CCF1!,122.5,122.5,122.0,122.5,5.0
2026-08-25 03:15:00+08:00,TAIFEX:CCF1!,122.0,122.0,122.0,122.0,5.0
2026-08-25 03:25:00+08:00,TAIFEX:CCF1!,122.0,122.0,122.0,122.0,1.0
2026-08-25 03:30:00+08:00,TAIFEX:CCF1!,122.0,122.5,122.0,122.5,56.0
2026-08-25 03:50:00+08:00,TAIFEX:CCF1!,122.0,122.0,122.0,122.0,9.0
2026-08-25 03:55:00+08:00,TAIFEX:CCF1!,122.0,122.0,122.0,122.0,10.0
2026-08-25 04:00:00+08:00,TAIFEX:CCF1!,122.0,122.0,122.0,122.0,1.0
2026-08-25 04:10:00+08:00,TAIFEX:CCF1!,122.0,122.0,122.0,122.0,2.0
2026-08-25 04:15:00+08:00,TAIFEX:CCF1!,122.0,122.0,122.0,122.0,3.0
2026-08-25 04:30:00+08:00,TAIFEX:CCF1!,122.5,122.5,122.5,122.5,1.0
2026-08-25 04:35:00+08:00,TAIFEX:CCF1!,122.5,122.5,122.5,122.5,1.0
2026-08-25 04:45:00+08:00,TAIFEX:CCF1!,122.0,122.0,122.0,122.0,1.0
2026-08-25 04:50:00+08:00,TAIFEX:CCF1!,122.5,122.5,122.0,122.0,6.0
2026-08-25 04:55:00+08:00,TAIFEX:CCF1!,122.0,122.5,121.5,122.0,31.0
2026-08-25 08:45:00+08:00,TAIFEX:CCF1!,122.0,122.0,121.0,122.0,200.0
2026-08-25 08:50:00+08:00,TAIFEX:CCF1!,121.5,122.5,121.0,122.0,289.0
2026-08-25 08:55:00+08:00,TAIFEX:CCF1!,122.0,123.0,122.0,123.0,260.0
2026-08-25 09:00:00+08:00,TAIFEX:CCF1!,123.0,123.5,121.5,122.0,1390.0
2026-08-25 09:05:00+08:00,TAIFEX:CCF1!,121.5,122.5,120.5,122.0,1439.0
2026-08-25 09:10:00+08:00,TAIFEX:CCF1!,122.0,122.5,121.0,122.0,1109.0
2026-08-25 09:15:00+08:00,TAIFEX:CCF1!,122.0,122.5,121.5,122.0,557.0
2026-08-25 09:20:00+08:00,TAIFEX:CCF1!,122.0,122.0,120.0,120.0,898.0
2026-08-25 09:25:00+08:00,TAIFEX:CCF1!,120.0,120.5,119.5,120.5,689.0
2026-08-25 09:30:00+08:00,TAIFEX:CCF1!,120.0,120.5,119.5,120.0,1496.0
2026-08-25 09:35:00+08:00,TAIFEX:CCF1!,120.0,121.0,119.5,121.0,724.0
2026-08-25 09:40:00+08:00,TAIFEX:CCF1!,121.0,121.0,119.5,120.5,625.0
2026-08-25 09:45:00+08:00,TAIFEX:CCF1!,120.5,121.5,120.5,121.5,582.0
2026-08-25 09:50:00+08:00,TAIFEX:CCF1!,121.0,121.5,120.5,121.5,221.0
2026-08-25 09:55:00+08:00,TAIFEX:CCF1!,121.5,121.5,121.0,121.0,252.0
2026-08-25 10:00:00+08:00,TAIFEX:CCF1!,121.0,121.5,120.5,121.5,580.0
2026-08-25 10:05:00+08:00,TAIFEX:CCF1!,121.5,121.5,120.0,120.0,402.0
2026-08-25 10:10:00+08:00,TAIFEX:CCF1!,120.0,120.5,120.0,120.5,308.0
2026-08-25 10:15:00+08:00,TAIFEX:CCF1!,121.0,121.0,121.0,121.0,73.0
2026-08-25 10:20:00+08:00,TAIFEX:CCF1!,121.0,121.0,121.0,121.0,187.0
2026-08-25 10:25:00+08:00,TAIFEX:CCF1!,121.0,121.5,120.5,120.5,149.0
2026-08-25 10:30:00+08:00,TAIFEX:CCF1!,121.0,121.5,120.5,120.5,235.0
2026-08-25 10:35:00+08:00,TAIFEX:CCF1!,121.0,121.0,119.0,119.5,1772.0
2026-08-25 10:40:00+08:00,TAIFEX:CCF1!,119.5,120.5,119.5,120.0,355.0
2026-08-25 10:45:00+08:00,TAIFEX:CCF1!,120.0,120.0,119.5,119.5,372.0
2026-08-25 10:50:00+08:00,TAIFEX:CCF1!,119.5,120.0,119.5,120.0,449.0
2026-08-25 10:55:00+08:00,TAIFEX:CCF1!,120.0,120.0,119.5,119.5,149.0
2026-08-25 11:00:00+08:00,TAIFEX:CCF1!,119.5,120.0,119.5,120.0,387.0
2026-08-25 11:05:00+08:00,TAIFEX:CCF1!,120.0,121.5,120.0,121.0,539.0
2026-08-25 11:10:00+08:00,TAIFEX:CCF1!,121.0,121.5,121.0,121.0,169.0
2026-08-25 11:15:00+08:00,TAIFEX:CCF1!,121.0,121.0,121.0,121.0,260.0
2026-08-25 11:20:00+08:00,TAIFEX:CCF1!,121.5,121.5,121.0,121.0,219.0
2026-08-25 11:25:00+08:00,TAIFEX:CCF1!,121.0,122.0,121.0,122.0,118.0
2026-08-25 11:30:00+08:00,TAIFEX:CCF1!,122.0,122.5,122.0,122.0,310.0
2026-08-25 11:35:00+08:00,TAIFEX:CCF1!,122.5,122.5,121.5,121.5,114.0
2026-08-25 11:40:00+08:00,TAIFEX:CCF1!,122.0,122.5,122.0,122.0,464.0
2026-08-25 11:45:00+08:00,TAIFEX:CCF1!,122.5,122.5,122.0,122.0,92.0
2026-08-25 11:50:00+08:00,TAIFEX:CCF1!,122.0,122.0,121.5,121.5,375.0
2026-08-25 11:55:00+08:00,TAIFEX:CCF1!,121.5,121.5,121.5,121.5,75.0
2026-08-25 12:00:00+08:00,TAIFEX:CCF1!,122.0,122.0,121.5,122.0,66.0
2026-08-25 12:05:00+08:00,TAIFEX:CCF1!,122.5,123.0,122.0,122.0,515.0
2026-08-25 12:10:00+08:00,TAIFEX:CCF1!,122.0,122.5,122.0,122.5,44.0
2026-08-25 12:15:00+08:00,TAIFEX:CCF1!,122.5,123.5,122.0,123.0,1365.0
2026-08-25 12:20:00+08:00,TAIFEX:CCF1!,122.5,123.5,122.5,123.0,283.0
2026-08-25 12:25:00+08:00,TAIFEX:CCF1!,123.0,123.5,123.0,123.0,304.0
2026-08-25 12:30:00+08:00,TAIFEX:CCF1!,122.5,123.5,122.5,123.0,99.0
2026-08-25 12:35:00+08:00,TAIFEX:CCF1!,123.0,123.5,122.5,123.0,259.0
2026-08-25 12:40:00+08:00,TAIFEX:CCF1!,123.0,123.5,122.5,123.0,449.0
2026-08-25 12:45:00+08:00,TAIFEX:CCF1!,123.0,123.5,123.0,123.0,750.0
2026-08-25 12:50:00+08:00,TAIFEX:CCF1!,123.0,123.0,122.5,123.0,485.0
2026-08-25 12:55:00+08:00,TAIFEX:CCF1!,123.0,123.5,123.0,123.5,93.0
2026-08-25 13:00:00+08:00,TAIFEX:CCF1!,123.0,124.0,123.0,123.5,288.0
2026-08-25 13:05:00+08:00,TAIFEX:CCF1!,123.5,124.0,123.5,123.5,454.0
2026-08-25 13:10:00+08:00,TAIFEX:CCF1!,123.5,125.0,123.5,125.0,649.0
2026-08-25 13:15:00+08:00,TAIFEX:CCF1!,124.5,125.0,124.5,125.0,102.0
2026-08-25 13:20:00+08:00,TAIFEX:CCF1!,125.0,125.5,125.0,125.5,605.0
2026-08-25 13:25:00+08:00,TAIFEX:CCF1!,125.5,126.0,125.5,125.5,182.0
2026-08-25 13:30:00+08:00,TAIFEX:CCF1!,125.5,126.0,125.5,126.0,497.0
2026-08-25 13:35:00+08:00,TAIFEX:CCF1!,126.0,126.0,125.5,126.0,193.0
2026-08-25 13:40:00+08:00,TAIFEX:CCF1!,126.0,126.5,126.0,126.0,111.0
2026-08-25 17:25:00+08:00,TAIFEX:CCF1!,126.5,126.5,125.5,125.5,188.0
2026-08-25 17:30:00+08:00,TAIFEX:CCF1!,125.5,126.0,125.5,126.0,92.0
2026-08-25 17:35:00+08:00,TAIFEX:CCF1!,126.0,126.0,125.5,126.0,13.0
2026-08-25 17:40:00+08:00,TAIFEX:CCF1!,126.0,126.0,125.5,126.0,16.0
2026-08-25 17:45:00+08:00,TAIFEX:CCF1!,126.0,126.0,126.0,126.0,4.0
2026-08-25 17:50:00+08:00,TAIFEX:CCF1!,126.0,126.0,125.5,126.0,20.0
2026-08-25 17:55:00+08:00,TAIFEX:CCF1!,126.0,126.5,126.0,126.0,107.0
2026-08-25 18:00:00+08:00,TAIFEX:CCF1!,126.0,126.0,125.5,126.0,49.0
2026-08-25 18:05:00+08:00,TAIFEX:CCF1!,126.0,126.0,126.0,126.0,22.0
2026-08-25 18:10:00+08:00,TAIFEX:CCF1!,126.0,126.0,126.0,126.0,7.0
2026-08-25 18:15:00+08:00,TAIFEX:CCF1!,126.0,126.0,125.5,126.0,22.0
2026-08-25 18:20:00+08:00,TAIFEX:CCF1!,126.0,126.0,126.0,126.0,11.0
2026-08-25 18:25:00+08:00,TAIFEX:CCF1!,126.0,126.0,126.0,126.0,11.0
2026-08-25 18:30:00+08:00,TAIFEX:CCF1!,126.0,126.0,125.5,125.5,2.0
2026-08-25 18:35:00+08:00,TAIFEX:CCF1!,126.0,126.0,126.0,126.0,11.0
2026-08-25 18:45:00+08:00,TAIFEX:CCF1!,126.0,126.0,126.0,126.0,54.0
2026-08-25 18:50:00+08:00,TAIFEX:CCF1!,126.0,126.0,126.0,126.0,22.0
2026-08-25 18:55:00+08:00,TAIFEX:CCF1!,126.0,126.0,126.0,126.0,3.0
2026-08-25 19:00:00+08:00,TAIFEX:CCF1!,126.0,126.0,126.0,126.0,1.0
2026-08-25 19:05:00+08:00,TAIFEX:CCF1!,126.0,126.0,126.0,126.0,3.0
2026-08-25 19:10:00+08:00,TAIFEX:CCF1!,126.0,126.0,126.0,126.0,2.0
2026-08-25 19:15:00+08:00,TAIFEX:CCF1!,126.0,126.0,126.0,126.0,2.0
2026-08-25 19:20:00+08:00,TAIFEX:CCF1!,126.0,126.0,125.5,126.0,3.0
2026-08-25 19:30:00+08:00,TAIFEX:CCF1!,126.0,126.0,126.0,126.0,1.0
2026-08-25 19:35:00+08:00,TAIFEX:CCF1!,126.0,126.0,126.0,126.0,2.0
2026-08-25 19:40:00+08:00,TAIFEX:CCF1!,126.0,126.0,126.0,126.0,90.0
2026-08-25 19:45:00+08:00,TAIFEX:CCF1!,126.0,126.0,126.0,126.0,15.0
2026-08-25 19:50:00+08:00,TAIFEX:CCF1!,126.0,126.0,126.0,126.0,5.0
2026-08-25 19:55:00+08:00,TAIFEX:CCF1!,126.0,126.0,126.0,126.0,2.0
2026-08-25 20:00:00+08:00,TAIFEX:CCF1!,126.5,126.5,126.5,126.5,12.0
2026-08-25 20:05:00+08:00,TAIFEX:CCF1!,126.5,126.5,126.5,126.5,1.0
2026-08-25 20:10:00+08:00,TAIFEX:CCF1!,126.5,126.5,126.5,126.5,5.0
2026-08-25 20:15:00+08:00,TAIFEX:CCF1!,126.5,126.5,126.0,126.5,93.0
2026-08-25 20:20:00+08:00,TAIFEX:CCF1!,126.5,126.5,126.5,126.5,23.0
2026-08-25 20:25:00+08:00,TAIFEX:CCF1!,126.5,126.5,126.5,126.5,2.0
2026-08-25 20:30:00+08:00,TAIFEX:CCF1!,126.5,126.5,126.0,126.0,5.0
2026-08-25 20:35:00+08:00,TAIFEX:CCF1!,126.0,126.0,126.0,126.0,2.0
2026-08-25 20:40:00+08:00,TAIFEX:CCF1!,126.0,126.0,126.0,126.0,23.0
2026-08-25 20:45:00+08:00,TAIFEX:CCF1!,126.0,126.0,126.0,126.0,51.0
2026-08-25 20:55:00+08:00,TAIFEX:CCF1!,126.5,126.5,126.5,126.5,18.0
2026-08-25 21:00:00+08:00,TAIFEX:CCF1!,126.5,126.5,126.0,126.0,5.0
2026-08-25 21:05:00+08:00,TAIFEX:CCF1!,126.5,126.5,126.0,126.0,105.0
2026-08-25 21:15:00+08:00,TAIFEX:CCF1!,126.0,126.0,126.0,126.0,3.0
2026-08-25 21:20:00+08:00,TAIFEX:CCF1!,126.5,126.5,126.5,126.5,9.0
2026-08-25 21:25:00+08:00,TAIFEX:CCF1!,126.5,126.5,126.5,126.5,56.0
2026-08-25 21:30:00+08:00,TAIFEX:CCF1!,126.0,126.5,126.0,126.5,97.0
2026-08-25 21:35:00+08:00,TAIFEX:CCF1!,127.0,127.0,126.5,126.5,119.0
2026-08-25 21:40:00+08:00,TAIFEX:CCF1!,126.5,127.0,126.5,127.0,218.0
2026-08-25 21:45:00+08:00,TAIFEX:CCF1!,127.0,128.0,127.0,127.5,186.0
2026-08-25 21:50:00+08:00,TAIFEX:CCF1!,127.5,128.5,127.5,128.0,441.0
2026-08-25 21:55:00+08:00,TAIFEX:CCF1!,127.5,128.0,127.0,127.5,304.0
2026-08-25 22:00:00+08:00,TAIFEX:CCF1!,127.0,127.5,126.5,126.5,75.0
2026-08-25 22:05:00+08:00,TAIFEX:CCF1!,126.5,127.5,126.5,127.5,38.0
2026-08-25 22:10:00+08:00,TAIFEX:CCF1!,127.5,127.5,127.5,127.5,1.0
2026-08-25 22:15:00+08:00,TAIFEX:CCF1!,127.0,127.0,127.0,127.0,46.0
2026-08-25 22:20:00+08:00,TAIFEX:CCF1!,126.5,126.5,126.0,126.5,91.0
2026-08-25 22:25:00+08:00,TAIFEX:CCF1!,126.5,127.0,126.5,126.5,38.0
2026-08-25 22:30:00+08:00,TAIFEX:CCF1!,126.5,126.5,126.5,126.5,36.0
2026-08-25 22:35:00+08:00,TAIFEX:CCF1!,126.5,127.0,126.5,127.0,41.0
2026-08-25 22:40:00+08:00,TAIFEX:CCF1!,126.5,126.5,126.5,126.5,30.0
2026-08-25 22:45:00+08:00,TAIFEX:CCF1!,126.5,127.0,126.5,127.0,2.0
2026-08-25 22:50:00+08:00,TAIFEX:CCF1!,126.5,127.0,126.5,127.0,7.0
2026-08-25 22:55:00+08:00,TAIFEX:CCF1!,126.5,126.5,126.0,126.5,53.0
2026-08-25 23:00:00+08:00,TAIFEX:CCF1!,126.5,126.5,126.0,126.0,2.0
2026-08-25 23:05:00+08:00,TAIFEX:CCF1!,126.5,126.5,126.5,126.5,2.0
2026-08-25 23:10:00+08:00,TAIFEX:CCF1!,126.0,126.0,126.0,126.0,243.0
2026-08-25 23:15:00+08:00,TAIFEX:CCF1!,126.0,126.0,126.0,126.0,6.0
2026-08-25 23:20:00+08:00,TAIFEX:CCF1!,126.0,126.0,125.5,126.0,64.0
2026-08-25 23:25:00+08:00,TAIFEX:CCF1!,126.0,126.0,126.0,126.0,100.0
2026-08-25 23:30:00+08:00,TAIFEX:CCF1!,126.5,126.5,126.5,126.5,58.0
2026-08-25 23:35:00+08:00,TAIFEX:CCF1!,126.5,126.5,126.5,126.5,57.0
2026-08-25 23:40:00+08:00,TAIFEX:CCF1!,126.5,126.5,126.5,126.5,16.0
2026-08-25 23:45:00+08:00,TAIFEX:CCF1!,126.5,126.5,126.5,126.5,1.0
2026-08-25 23:50:00+08:00,TAIFEX:CCF1!,126.5,126.5,126.5,126.5,2.0
2026-08-25 23:55:00+08:00,TAIFEX:CCF1!,126.0,126.0,126.0,126.0,5.0
