timestamp,symbol,open,high,low,close,volume
2025-01-01 00:25:00+08:00,TAIFEX:CCF1!,42.9,42.9,42.85,42.85,6.0
2025-01-01 01:25:00+08:00,TAIFEX:CCF1!,42.8,42.8,42.7,42.75,14.0
2025-01-01 02:25:00+08:00,TAIFEX:CCF1!,42.7,42.7,42.65,42.65,17.0
2025-01-02 08:45:00+08:00,TAIFEX:CCF1!,42.65,43.3,42.65,43.25,1356.0
2025-01-02 09:45:00+08:00,TAIFEX:CCF1!,43.25,43.4,42.8,43.2,1158.0
2025-01-02 10:45:00+08:00,TAIFEX:CCF1!,43.2,43.6,43.2,43.4,998.0
2025-01-02 11:45:00+08:00,TAIFEX:CCF1!,43.4,43.5,43.25,43.35,958.0
2025-01-02 12:45:00+08:00,TAIFEX:CCF1!,43.3,43.6,43.3,43.6,666.0
2025-01-02 18:25:00+08:00,TAIFEX:CCF1!,43.6,43.6,43.6,43.6,2.0
2025-01-02 19:25:00+08:00,TAIFEX:CCF1!,43.6,43.6,43.6,43.6,4.0
2025-01-02 21:25:00+08:00,TAIFEX:CCF1!,43.65,43.65,43.6,43.6,2.0
2025-01-02 22:25:00+08:00,TAIFEX:CCF1!,43.55,43.75,43.4,43.65,24.0
2025-01-02 23:25:00+08:00,TAIFEX:CCF1!,43.55,43.55,43.3,43.3,13.0
2025-01-03 00:25:00+08:00,TAIFEX:CCF1!,43.35,43.35,43.35,43.35,3.0
2025-01-03 01:25:00+08:00,TAIFEX:CCF1!,43.35,43.35,43.1,43.1,36.0
2025-01-03 02:25:00+08:00,TAIFEX:CCF1!,43.1,43.15,43.1,43.15,5.0
2025-01-03 03:25:00+08:00,TAIFEX:CCF1!,43.2,43.2,43.2,43.2,1.0
2025-01-03 04:25:00+08:00,TAIFEX:CCF1!,43.3,43.55,43.2,43.2,21.0
2025-01-03 08:45:00+08:00,TAIFEX:CCF1!,43.45,44.05,43.3,43.45,957.0
2025-01-03 09:45:00+08:00,TAIFEX:CCF1!,43.5,43.6,43.2,43.3,580.0
2025-01-03 10:45:00+08:00,TAIFEX:CCF1!,43.3,43.45,43.25,43.45,548.0
2025-01-03 11:45:00+08:00,TAIFEX:CCF1!,43.45,43.45,43.25,43.3,500.0
2025-01-03 12:45:00+08:00,TAIFEX:CCF1!,43.35,43.4,42.6,42.85,537.0
2025-01-03 17:25:00+08:00,TAIFEX:CCF1!,43.2,43.2,42.9,42.9,14.0
2025-01-03 18:25:00+08:00,TAIFEX:CCF1!,42.9,42.9,42.9,42.9,1.0
2025-01-03 19:25:00+08:00,TAIFEX:CCF1!,42.9,42.9,42.9,42.9,1.0
2025-01-03 21:25:00+08:00,TAIFEX:CCF1!,43.0,43.0,43.0,43.0,1.0
2025-01-03 22:25:00+08:00,TAIFEX:CCF1!,43.0,43.25,43.0,43.2,45.0
2025-01-03 23:25:00+08:00,TAIFEX:CCF1!,43.2,43.25,43.2,43.25,6.0
2025-01-04 00:25:00+08:00,TAIFEX:CCF1!,43.3,43.3,43.25,43.25,13.0
2025-01-04 01:25:00+08:00,TAIFEX:CCF1!,43.25,43.25,43.25,43.25,1.0
2025-01-04 02:25:00+08:00,TAIFEX:CCF1!,43.3,43.4,43.3,43.4,15.0
2025-01-04 03:25:00+08:00,TAIFEX:CCF1!,43.4,43.4,43.25,43.25,27.0
2025-01-04 04:25:00+08:00,TAIFEX:CCF1!,43.25,43.25,43.25,43.25,1.0
2025-01-06 08:45:00+08:00,TAIFEX:CCF1!,43.4,43.6,43.35,43.55,1137.0
2025-01-06 09:45:00+08:00,TAIFEX:CCF1!,43.5,43.65,43.35,43.55,543.0
2025-01-06 10:45:00+08:00,TAIFEX:CCF1!,43.55,43.8,43.55,43.65,816.0
2025-01-06 11:45:00+08:00,TAIFEX:CCF1!,43.65,43.7,43.45,43.5,383.0
2025-01-06 12:45:00+08:00,TAIFEX:CCF1!,43.45,43.6,43.3,43.6,466.0
2025-01-06 17:25:00+08:00,TAIFEX:CCF1!,43.7,43.7,43.45,43.45,10.0
2025-01-06 18:25:00+08:00,TAIFEX:CCF1!,43.65,43.7,43.65,43.65,32.0
2025-01-06 19:25:00+08:00,TAIFEX:CCF1!,43.7,43.7,43.6,43.6,7.0
2025-01-06 20:25:00+08:00,TAIFEX:CCF1!,43.75,43.75,43.7,43.7,4.0
2025-01-06 21:25:00+08:00,TAIFEX:CCF1!,43.75,43.85,43.75,43.75,18.0
2025-01-06 22:25:00+08:00,TAIFEX:CCF1!,43.75,44.0,43.7,43.8,47.0
2025-01-06 23:25:00+08:00,TAIFEX:CCF1!,43.85,43.9,43.8,43.9,5.0
2025-01-07 00:25:00+08:00,TAIFEX:CCF1!,43.75,43.75,43.75,43.75,2.0
2025-01-07 01:25:00+08:00,TAIFEX:CCF1!,43.95,43.95,43.95,43.95,2.0
2025-01-07 02:25:00+08:00,TAIFEX:CCF1!,43.8,43.8,43.75,43.75,18.0
2025-01-07 03:25:00+08:00,TAIFEX:CCF1!,43.7,43.7,43.6,43.6,6.0
2025-01-07 04:25:00+08:00,TAIFEX:CCF1!,43.6,43.6,43.6,43.6,4.0
2025-01-07 08:45:00+08:00,TAIFEX:CCF1!,43.5,43.65,42.25,42.35,2270.0
2025-01-07 09:45:00+08:00,TAIFEX:CCF1!,42.4,42.75,42.25,42.7,711.0
2025-01-07 10:45:00+08:00,TAIFEX:CCF1!,42.7,42.75,42.6,42.65,246.0
2025-01-07 11:45:00+08:00,TAIFEX:CCF1!,42.65,42.75,42.5,42.5,317.0
2025-01-07 12:45:00+08:00,TAIFEX:CCF1!,42.5,42.55,42.0,42.15,585.0
2025-01-07 17:25:00+08:00,TAIFEX:CCF1!,42.35,42.45,42.35,42.4,8.0
2025-01-07 18:25:00+08:00,TAIFEX:CCF1!,42.35,42.4,42.3,42.4,6.0
2025-01-07 19:25:00+08:00,TAIFEX:CCF1!,42.3,42.3,42.3,42.3,1.0
2025-01-07 20:25:00+08:00,TAIFEX:CCF1!,42.3,42.4,42.25,42.3,23.0
2025-01-07 21:25:00+08:00,TAIFEX:CCF1!,42.3,42.4,42.3,42.4,20.0
2025-01-07 22:25:00+08:00,TAIFEX:CCF1!,42.25,42.4,42.15,42.15,25.0
2025-01-07 23:25:00+08:00,TAIFEX:CCF1!,42.15,42.15,42.0,42.1,70.0
2025-01-08 00:25:00+08:00,TAIFEX:CCF1!,42.05,42.05,42.05,42.05,1.0
2025-01-08 01:25:00+08:00,TAIFEX:CCF1!,42.05,42.05,41.95,41.95,15.0
2025-01-08 02:25:00+08:00,TAIFEX:CCF1!,42.1,42.2,42.05,42.05,3.0
2025-01-08 03:25:00+08:00,TAIFEX:CCF1!,41.95,41.95,41.85,41.85,21.0
2025-01-08 04:25:00+08:00,TAIFEX:CCF1!,41.8,41.8,41.65,41.65,12.0
2025-01-08 08:45:00+08:00,TAIFEX:CCF1!,41.8,42.75,41.8,42.6,1083.0
2025-01-08 09:45:00+08:00,TAIFEX:CCF1!,42.6,42.6,42.45,42.45,212.0
2025-01-08 10:45:00+08:00,TAIFEX:CCF1!,42.45,42.7,42.45,42.6,371.0
2025-01-08 11:45:00+08:00,TAIFEX:CCF1!,42.55,42.6,42.45,42.5,195.0
2025-01-08 12:45:00+08:00,TAIFEX:CCF1!,42.5,42.8,42.1,42.1,747.0
2025-01-08 17:25:00+08:00,TAIFEX:CCF1!,42.35,42.35,42.3,42.3,13.0
2025-01-08 18:25:00+08:00,TAIFEX:CCF1!,42.35,42.35,42.35,42.35,5.0
2025-01-08 19:25:00+08:00,TAIFEX:CCF1!,42.25,42.25,42.15,42.2,28.0
2025-01-08 20:25:00+08:00,TAIFEX:CCF1!,42.2,42.2,42.0,42.1,43.0
2025-01-08 22:25:00+08:00,TAIFEX:CCF1!,42.15,42.15,41.75,42.05,90.0
2025-01-09 00:25:00+08:00,TAIFEX:CCF1!,42.15,42.15,41.95,41.95,7.0
2025-01-09 01:25:00+08:00,TAIFEX:CCF1!,41.9,41.9,41.8,41.85,10.0
2025-01-09 02:25:00+08:00,TAIFEX:CCF1!,41.85,41.95,41.85,41.95,3.0
2025-01-09 03:25:00+08:00,TAIFEX:CCF1!,41.9,42.05,41.9,41.95,21.0
2025-01-09 04:25:00+08:00,TAIFEX:CCF1!,41.95,42.1,41.95,42.1,5.0
2025-01-09 08:45:00+08:00,TAIFEX:CCF1!,42.05,42.7,42.0,42.05,2024.0
2025-01-09 09:45:00+08:00,TAIFEX:CCF1!,42.0,42.15,41.9,42.05,1001.0
2025-01-09 10:45:00+08:00,TAIFEX:CCF1!,42.05,42.1,41.85,42.05,541.0
2025-01-09 11:45:00+08:00,TAIFEX:CCF1!,42.05,42.05,41.55,41.6,769.0
2025-01-09 12:45:00+08:00,TAIFEX:CCF1!,41.6,41.7,41.0,41.1,678.0
2025-01-09 17:25:00+08:00,TAIFEX:CCF1!,41.2,41.25,41.2,41.25,5.0
2025-01-09 18:25:00+08:00,TAIFEX:CCF1!,41.25,41.25,41.25,41.25,1.0
2025-01-09 19:25:00+08:00,TAIFEX:CCF1!,41.25,41.25,41.25,41.25,1.0
2025-01-09 21:25:00+08:00,TAIFEX:CCF1!,41.3,41.3,41.3,41.3,2.0
2025-01-09 22:25:00+08:00,TAIFEX:CCF1!,41.35,41.35,41.35,41.35,2.0
2025-01-09 23:25:00+08:00,TAIFEX:CCF1!,41.35,41.35,41.35,41.35,1.0
2025-01-10 00:25:00+08:00,TAIFEX:CCF1!,41.4,41.4,41.4,41.4,1.0
2025-01-10 02:25:00+08:00,TAIFEX:CCF1!,41.4,41.4,41.4,41.4,1.0
2025-01-10 03:25:00+08:00,TAIFEX:CCF1!,41.4,41.4,41.4,41.4,1.0
2025-01-10 04:25:00+08:00,TAIFEX:CCF1!,41.4,41.4,41.4,41.4,2.0
2025-01-10 08:45:00+08:00,TAIFEX:CCF1!,41.5,41.55,41.1,41.3,817.0
2025-01-10 09:45:00+08:00,TAIFEX:CCF1!,41.25,41.25,40.65,41.1,986.0
2025-01-10 10:45:00+08:00,TAIFEX:CCF1!,41.1,41.25,41.0,41.2,410.0
2025-01-10 11:45:00+08:00,TAIFEX:CCF1!,41.2,41.6,41.05,41.45,615.0
2025-01-10 12:45:00+08:00,TAIFEX:CCF1!,41.45,41.55,40.9,41.05,510.0
2025-01-10 17:25:00+08:00,TAIFEX:CCF1!,41.8,41.8,41.25,41.35,45.0
2025-01-10 19:25:00+08:00,TAIFEX:CCF1!,41.4,41.4,41.35,41.35,9.0
2025-01-10 20:25:00+08:00,TAIFEX:CCF1!,41.4,41.4,41.4,41.4,2.0
2025-01-10 21:25:00+08:00,TAIFEX:CCF1!,41.3,41.3,41.15,41.2,24.0
2025-01-10 22:25:00+08:00,TAIFEX:CCF1!,41.2,41.2,40.5,40.8,124.0
2025-01-10 23:25:00+08:00,TAIFEX:CCF1!,40.8,40.95,40.7,40.75,35.0
2025-01-11 00:25:00+08:00,TAIFEX:CCF1!,40.7,40.7,40.65,40.65,3.0
2025-01-11 01:25:00+08:00,TAIFEX:CCF1!,40.6,40.7,40.6,40.7,4.0
2025-01-11 04:25:00+08:00,TAIFEX:CCF1!,40.65,40.65,40.5,40.55,11.0
2025-01-13 08:45:00+08:00,TAIFEX:CCF1!,40.45,41.55,40.45,40.9,1664.0
2025-01-13 09:45:00+08:00,TAIFEX:CCF1!,40.85,40.95,40.65,40.85,1368.0
2025-01-13 10:45:00+08:00,TAIFEX:CCF1!,40.85,40.9,40.65,40.7,313.0
2025-01-13 11:45:00+08:00,TAIFEX:CCF1!,40.7,40.95,40.6,40.85,411.0
2025-01-13 12:45:00+08:00,TAIFEX:CCF1!,40.8,40.95,40.75,40.85,620.0
2025-01-13 17:25:00+08:00,TAIFEX:CCF1!,40.75,40.75,40.6,40.6,13.0
2025-01-13 18:25:00+08:00,TAIFEX:CCF1!,40.6,40.6,40.6,40.6,1.0
2025-01-13 19:25:00+08:00,TAIFEX:CCF1!,40.5,40.5,40.5,40.5,8.0
2025-01-13 20:25:00+08:00,TAIFEX:CCF1!,40.6,40.6,40.6,40.6,1.0
2025-01-13 21:25:00+08:00,TAIFEX:CCF1!,40.65,40.65,40.45,40.45,40.0
2025-01-13 22:25:00+08:00,TAIFEX:CCF1!,40.45,40.75,40.4,40.75,29.0
2025-01-13 23:25:00+08:00,TAIFEX:CCF1!,40.75,40.9,40.75,40.9,24.0
2025-01-14 00:25:00+08:00,TAIFEX:CCF1!,40.85,40.9,40.8,40.9,9.0
2025-01-14 01:25:00+08:00,TAIFEX:CCF1!,40.9,40.95,40.9,40.95,2.0
2025-01-14 03:25:00+08:00,TAIFEX:CCF1!,41.0,41.0,41.0,41.0,2.0
2025-01-14 04:25:00+08:00,TAIFEX:CCF1!,40.95,41.0,40.95,41.0,5.0
2025-01-14 08:45:00+08:00,TAIFEX:CCF1!,41.0,41.8,40.95,41.6,1598.0
2025-01-14 09:45:00+08:00,TAIFEX:CCF1!,41.55,41.65,41.45,41.55,495.0
2025-01-14 10:45:00+08:00,TAIFEX:CCF1!,41.55,41.8,41.55,41.75,410.0
2025-01-14 11:45:00+08:00,TAIFEX:CCF1!,41.75,41.95,41.7,41.9,410.0
2025-01-14 12:45:00+08:00,TAIFEX:CCF1!,41.9,42.1,41.8,42.05,439.0
2025-01-14 19:25:00+08:00,TAIFEX:CCF1!,42.05,42.05,42.05,42.05,4.0
2025-01-14 20:25:00+08:00,TAIFEX:CCF1!,42.05,42.05,42.05,42.05,1.0
2025-01-14 21:25:00+08:00,TAIFEX:CCF1!,42.05,42.1,42.05,42.1,4.0
2025-01-14 22:25:00+08:00,TAIFEX:CCF1!,42.1,42.15,41.85,41.85,20.0
2025-01-14 23:25:00+08:00,TAIFEX:CCF1!,41.95,41.95,41.85,41.85,14.0
2025-01-15 00:25:00+08:00,TAIFEX:CCF1!,41.8,41.8,41.75,41.75,3.0
2025-01-15 01:25:00+08:00,TAIFEX:CCF1!,41.8,41.8,41.75,41.75,9.0
2025-01-15 02:25:00+08:00,TAIFEX:CCF1!,41.95,42.0,41.9,41.9,10.0
2025-01-15 03:25:00+08:00,TAIFEX:CCF1!,41.9,41.9,41.75,41.75,5.0
2025-01-15 04:25:00+08:00,TAIFEX:CCF1!,41.7,41.7,41.7,41.7,9.0
2025-01-15 08:45:00+08:00,TAIFEX:CCF1!,41.8,41.9,41.55,41.7,560.0
2025-01-15 09:45:00+08:00,TAIFEX:CCF1!,41.7,42.4,41.55,41.8,1374.0
2025-01-15 10:45:00+08:00,TAIFEX:CCF1!,41.75,41.85,41.75,41.75,419.0
2025-01-15 11:45:00+08:00,TAIFEX:CCF1!,41.7,41.75,41.55,41.6,487.0
2025-01-15 12:45:00+08:00,TAIFEX:CCF1!,41.65,41.65,41.4,41.45,514.0
2025-01-15 17:25:00+08:00,TAIFEX:CCF1!,41.6,41.6,41.55,41.55,13.0
2025-01-15 18:25:00+08:00,TAIFEX:CCF1!,41.55,41.55,41.55,41.55,2.0
2025-01-15 19:25:00+08:00,TAIFEX:CCF1!,41.55,41.55,41.5,41.55,5.0
2025-01-15 20:25:00+08:00,TAIFEX:CCF1!,41.55,41.55,41.55,41.55,2.0
2025-01-15 21:25:00+08:00,TAIFEX:CCF1!,41.65,41.8,41.4,41.65,111.0
2025-01-15 22:25:00+08:00,TAIFEX:CCF1!,41.75,41.95,41.6,41.95,62.0
2025-01-15 23:25:00+08:00,TAIFEX:CCF1!,41.9,42.05,41.9,42.05,63.0
2025-01-16 00:25:00+08:00,TAIFEX:CCF1!,42.05,42.1,41.95,42.05,23.0
2025-01-16 01:25:00+08:00,TAIFEX:CCF1!,42.05,42.15,42.05,42.15,12.0
2025-01-16 02:25:00+08:00,TAIFEX:CCF1!,42.15,42.15,42.15,42.15,33.0
2025-01-16 03:25:00+08:00,TAIFEX:CCF1!,42.15,42.15,42.15,42.15,1.0
2025-01-16 04:25:00+08:00,TAIFEX:CCF1!,42.15,42.15,42.1,42.1,25.0
2025-01-16 08:45:00+08:00,TAIFEX:CCF1!,42.0,42.25,41.85,42.05,1224.0
2025-01-16 09:45:00+08:00,TAIFEX:CCF1!,42.05,42.15,42.0,42.05,516.0
2025-01-16 10:45:00+08:00,TAIFEX:CCF1!,42.05,42.1,41.8,42.1,643.0
2025-01-16 11:45:00+08:00,TAIFEX:CCF1!,42.05,42.05,41.9,41.9,505.0
2025-01-16 12:45:00+08:00,TAIFEX:CCF1!,41.9,41.95,41.5,41.5,752.0
2025-01-16 17:25:00+08:00,TAIFEX:CCF1!,41.75,41.85,41.6,41.75,9.0
2025-01-16 18:25:00+08:00,TAIFEX:CCF1!,41.75,41.8,41.75,41.8,11.0
2025-01-16 19:25:00+08:00,TAIFEX:CCF1!,41.8,41.85,41.8,41.85,2.0
2025-01-16 20:25:00+08:00,TAIFEX:CCF1!,41.7,41.7,41.7,41.7,1.0
2025-01-16 21:25:00+08:00,TAIFEX:CCF1!,41.75,41.9,41.75,41.9,35.0
2025-01-16 22:25:00+08:00,TAIFEX:CCF1!,41.95,41.95,41.6,41.6,85.0
2025-01-16 23:25:00+08:00,TAIFEX:CCF1!,41.55,41.6,41.5,41.5,46.0
2025-01-17 00:25:00+08:00,TAIFEX:CCF1!,41.5,41.5,41.35,41.35,19.0
2025-01-17 03:25:00+08:00,TAIFEX:CCF1!,41.4,41.4,41.35,41.35,5.0
2025-01-17 04:25:00+08:00,TAIFEX:CCF1!,41.35,41.35,41.35,41.35,1.0
2025-01-17 08:45:00+08:00,TAIFEX:CCF1!,41.4,41.5,41.2,41.5,657.0
2025-01-17 09:45:00+08:00,TAIFEX:CCF1!,41.45,41.75,41.45,41.65,400.0
2025-01-17 10:45:00+08:00,TAIFEX:CCF1!,41.65,41.8,41.6,41.7,218.0
2025-01-17 11:45:00+08:00,TAIFEX:CCF1!,41.7,41.8,41.6,41.65,516.0
2025-01-17 12:45:00+08:00,TAIFEX:CCF1!,41.65,41.7,41.2,41.35,625.0
2025-01-17 17:25:00+08:00,TAIFEX:CCF1!,41.4,41.4,41.2,41.2,11.0
2025-01-17 18:25:00+08:00,TAIFEX:CCF1!,41.25,41.25,41.25,41.25,19.0
2025-01-17 20:25:00+08:00,TAIFEX:CCF1!,41.3,41.35,41.3,41.35,14.0
2025-01-17 21:25:00+08:00,TAIFEX:CCF1!,41.4,41.4,41.3,41.3,9.0
2025-01-17 22:25:00+08:00,TAIFEX:CCF1!,41.4,41.5,41.35,41.5,23.0
2025-01-17 23:25:00+08:00,TAIFEX:CCF1!,41.5,41.5,41.35,41.35,2.0
2025-01-18 00:25:00+08:00,TAIFEX:CCF1!,41.4,41.45,41.4,41.45,2.0
2025-01-18 01:25:00+08:00,TAIFEX:CCF1!,41.45,41.5,41.45,41.5,7.0
2025-01-18 03:25:00+08:00,TAIFEX:CCF1!,41.5,41.5,41.5,41.5,4.0
2025-01-18 04:25:00+08:00,TAIFEX:CCF1!,41.5,41.5,41.5,41.5,1.0
2025-01-20 08:45:00+08:00,TAIFEX:CCF1!,41.5,42.35,41.5,42.25,1099.0
2025-01-20 09:45:00+08:00,TAIFEX:CCF1!,42.25,42.65,42.25,42.6,2136.0
2025-01-20 10:45:00+08:00,TAIFEX:CCF1!,42.6,42.7,42.5,42.55,440.0
2025-01-20 11:45:00+08:00,TAIFEX:CCF1!,42.55,42.7,42.5,42.55,352.0
2025-01-20 12:45:00+08:00,TAIFEX:CCF1!,42.6,43.1,42.6,43.1,387.0
2025-01-20 17:25:00+08:00,TAIFEX:CCF1!,42.7,42.8,42.7,42.8,2.0
2025-01-20 19:25:00+08:00,TAIFEX:CCF1!,42.8,42.85,42.8,42.8,3.0
2025-01-20 21:25:00+08:00,TAIFEX:CCF1!,42.85,43.0,42.85,43.0,8.0
2025-01-20 22:25:00+08:00,TAIFEX:CCF1!,43.0,43.1,43.0,43.1,6.0
2025-01-20 23:25:00+08:00,TAIFEX:CCF1!,43.1,43.1,42.9,42.9,11.0
2025-01-21 01:25:00+08:00,TAIFEX:CCF1!,42.9,42.9,42.85,42.85,4.0
2025-01-21 08:45:00+08:00,TAIFEX:CCF1!,42.85,42.95,42.5,42.65,930.0
2025-01-21 09:45:00+08:00,TAIFEX:CCF1!,42.65,42.75,42.4,42.65,610.0
2025-01-21 10:45:00+08:00,TAIFEX:CCF1!,42.7,43.15,42.65,43.15,674.0
2025-01-21 11:45:00+08:00,TAIFEX:CCF1!,43.15,43.25,43.05,43.2,395.0
2025-01-21 12:45:00+08:00,TAIFEX:CCF1!,43.15,43.2,42.65,43.0,1068.0
2025-01-21 17:25:00+08:00,TAIFEX:CCF1!,42.65,42.8,42.5,42.5,123.0
2025-01-21 18:25:00+08:00,TAIFEX:CCF1!,42.6,42.6,42.45,42.45,19.0
2025-01-21 19:25:00+08:00,TAIFEX:CCF1!,42.5,42.55,42.4,42.4,46.0
2025-01-21 20:25:00+08:00,TAIFEX:CCF1!,42.4,42.4,41.8,41.8,83.0
2025-01-21 21:25:00+08:00,TAIFEX:CCF1!,41.8,41.9,41.7,41.7,39.0
2025-01-21 22:25:00+08:00,TAIFEX:CCF1!,41.7,41.7,39.1,39.65,497.0
2025-01-21 23:25:00+08:00,TAIFEX:CCF1!,39.7,40.55,39.7,40.45,103.0
2025-01-22 00:25:00+08:00,TAIFEX:CCF1!,40.45,40.6,39.75,39.85,113.0
2025-01-22 01:25:00+08:00,TAIFEX:CCF1!,39.85,39.85,39.85,39.85,1.0
2025-01-22 02:25:00+08:00,TAIFEX:CCF1!,40.2,40.2,40.2,40.2,2.0
2025-01-22 03:25:00+08:00,TAIFEX:CCF1!,40.2,40.35,40.2,40.35,6.0
2025-01-22 04:25:00+08:00,TAIFEX:CCF1!,40.35,40.4,40.05,40.15,12.0
2025-01-22 08:45:00+08:00,TAIFEX:CCF1!,40.1,40.55,39.5,40.15,4293.0
2025-01-22 09:45:00+08:00,TAIFEX:CCF1!,40.15,40.4,39.95,39.95,1352.0
2025-01-22 10:45:00+08:00,TAIFEX:CCF1!,39.95,40.15,39.95,40.15,462.0
2025-01-22 11:45:00+08:00,TAIFEX:CCF1!,40.15,40.3,40.05,40.3,657.0
2025-01-22 12:45:00+08:00,TAIFEX:CCF1!,40.3,40.3,39.65,39.8,1312.0
2025-01-22 17:25:00+08:00,TAIFEX:CCF1!,40.05,40.1,39.85,39.85,7.0
2025-01-22 18:25:00+08:00,TAIFEX:CCF1!,39.85,39.9,39.85,39.9,4.0
2025-01-22 19:25:00+08:00,TAIFEX:CCF1!,39.9,39.9,39.8,39.8,6.0
2025-01-22 21:25:00+08:00,TAIFEX:CCF1!,39.9,40.0,39.9,40.0,17.0
2025-01-22 22:25:00+08:00,TAIFEX:CCF1!,39.9,40.2,39.85,39.85,81.0
2025-01-22 23:25:00+08:00,TAIFEX:CCF1!,39.8,39.8,39.55,39.65,38.0
2025-01-23 00:25:00+08:00,TAIFEX:CCF1!,39.6,39.6,39.0,39.0,132.0
2025-01-23 01:25:00+08:00,TAIFEX:CCF1!,39.0,39.0,38.7,38.7,29.0
2025-01-23 02:25:00+08:00,TAIFEX:CCF1!,38.6,38.6,38.4,38.6,19.0
2025-01-23 03:25:00+08:00,TAIFEX:CCF1!,38.65,38.65,38.05,38.1,39.0
2025-01-23 04:25:00+08:00,TAIFEX:CCF1!,38.1,38.3,38.0,38.1,38.0
2025-02-03 08:45:00+08:00,TAIFEX:CCF1!,37.45,41.5,37.4,40.25,3761.0
2025-02-03 09:45:00+08:00,TAIFEX:CCF1!,40.2,40.35,40.05,40.15,1165.0
2025-02-03 10:45:00+08:00,TAIFEX:CCF1!,40.2,40.35,40.05,40.3,908.0
2025-02-03 11:45:00+08:00,TAIFEX:CCF1!,40.3,40.55,40.2,40.4,847.0
2025-02-03 12:45:00+08:00,TAIFEX:CCF1!,40.4,40.5,40.05,40.05,842.0
2025-02-03 17:25:00+08:00,TAIFEX:CCF1!,40.0,40.0,39.95,40.0,9.0
2025-02-03 18:25:00+08:00,TAIFEX:CCF1!,40.15,40.2,40.0,40.2,25.0
2025-02-03 19:25:00+08:00,TAIFEX:CCF1!,40.1,40.15,39.9,39.9,14.0
2025-02-03 20:25:00+08:00,TAIFEX:CCF1!,40.1,40.1,40.1,40.1,1.0
2025-02-03 21:25:00+08:00,TAIFEX:CCF1!,40.1,40.1,40.0,40.1,11.0
2025-02-03 22:25:00+08:00,TAIFEX:CCF1!,39.95,40.15,39.65,40.15,59.0
2025-02-03 23:25:00+08:00,TAIFEX:CCF1!,40.2,40.8,40.2,40.65,66.0
2025-02-04 00:25:00+08:00,TAIFEX:CCF1!,40.65,40.65,40.35,40.4,24.0
2025-02-04 01:25:00+08:00,TAIFEX:CCF1!,40.35,40.35,40.3,40.3,16.0
2025-02-04 02:25:00+08:00,TAIFEX:CCF1!,40.3,40.75,40.3,40.75,6.0
2025-02-04 03:25:00+08:00,TAIFEX:CCF1!,40.75,40.8,40.75,40.8,4.0
2025-02-04 08:45:00+08:00,TAIFEX:CCF1!,40.75,40.8,39.95,40.0,853.0
2025-02-04 09:45:00+08:00,TAIFEX:CCF1!,40.0,40.25,39.95,40.05,440.0
2025-02-04 10:45:00+08:00,TAIFEX:CCF1!,40.05,40.1,39.95,39.95,461.0
2025-02-04 11:45:00+08:00,TAIFEX:CCF1!,39.95,40.2,39.9,40.2,459.0
2025-02-04 12:45:00+08:00,TAIFEX:CCF1!,40.15,40.25,39.9,40.05,601.0
2025-02-04 20:25:00+08:00,TAIFEX:CCF1!,40.2,40.2,40.2,40.2,1.0
2025-02-04 22:25:00+08:00,TAIFEX:CCF1!,40.15,40.35,40.15,40.25,20.0
2025-02-04 23:25:00+08:00,TAIFEX:CCF1!,40.25,40.25,40.1,40.1,5.0
2025-02-05 00:25:00+08:00,TAIFEX:CCF1!,40.1,40.1,40.1,40.1,1.0
2025-02-05 08:45:00+08:00,TAIFEX:CCF1!,40.35,40.65,40.2,40.3,925.0
2025-02-05 09:45:00+08:00,TAIFEX:CCF1!,40.3,40.3,40.1,40.15,293.0
2025-02-05 10:45:00+08:00,TAIFEX:CCF1!,40.15,40.25,40.1,40.15,276.0
2025-02-05 11:45:00+08:00,TAIFEX:CCF1!,40.15,40.15,40.05,40.1,173.0
2025-02-05 12:45:00+08:00,TAIFEX:CCF1!,40.1,40.2,39.9,40.0,350.0
2025-02-05 17:25:00+08:00,TAIFEX:CCF1!,39.6,39.6,39.6,39.6,2.0
2025-02-05 19:25:00+08:00,TAIFEX:CCF1!,40.0,40.0,40.0,40.0,1.0
2025-02-05 20:25:00+08:00,TAIFEX:CCF1!,39.95,39.95,39.95,39.95,1.0
2025-02-05 21:25:00+08:00,TAIFEX:CCF1!,40.1,40.1,40.1,40.1,3.0
2025-02-05 22:25:00+08:00,TAIFEX:CCF1!,40.1,40.15,40.1,40.15,15.0
2025-02-06 00:25:00+08:00,TAIFEX:CCF1!,40.2,40.3,40.2,40.3,13.0
2025-02-06 01:25:00+08:00,TAIFEX:CCF1!,40.25,40.25,40.25,40.25,4.0
2025-02-06 04:25:00+08:00,TAIFEX:CCF1!,40.25,40.25,40.15,40.15,3.0
2025-02-06 08:45:00+08:00,TAIFEX:CCF1!,40.05,40.25,39.95,40.0,407.0
2025-02-06 09:45:00+08:00,TAIFEX:CCF1!,40.0,40.0,39.85,39.85,448.0
2025-02-06 10:45:00+08:00,TAIFEX:CCF1!,39.85,40.0,39.8,39.95,591.0
2025-02-06 11:45:00+08:00,TAIFEX:CCF1!,40.0,40.2,40.0,40.1,154.0
2025-02-06 12:45:00+08:00,TAIFEX:CCF1!,40.05,40.1,40.0,40.05,213.0
2025-02-06 17:25:00+08:00,TAIFEX:CCF1!,40.1,40.1,40.1,40.1,4.0
2025-02-06 20:25:00+08:00,TAIFEX:CCF1!,40.1,40.1,40.1,40.1,1.0
2025-02-06 21:25:00+08:00,TAIFEX:CCF1!,40.1,40.1,40.1,40.1,1.0
2025-02-06 22:25:00+08:00,TAIFEX:CCF1!,40.0,40.0,39.8,39.85,7.0
2025-02-06 23:25:00+08:00,TAIFEX:CCF1!,39.85,39.85,39.85,39.85,1.0
2025-02-07 01:25:00+08:00,TAIFEX:CCF1!,39.9,39.9,39.9,39.9,1.0
2025-02-07 08:45:00+08:00,TAIFEX:CCF1!,40.1,40.2,40.0,40.1,325.0
2025-02-07 09:45:00+08:00,TAIFEX:CCF1!,40.1,40.2,40.05,40.15,125.0
2025-02-07 10:45:00+08:00,TAIFEX:CCF1!,40.1,40.15,40.05,40.1,34.0
2025-02-07 11:45:00+08:00,TAIFEX:CCF1!,40.1,40.2,40.05,40.2,184.0
2025-02-07 12:45:00+08:00,TAIFEX:CCF1!,40.2,40.25,40.0,40.05,385.0
2025-02-07 17:25:00+08:00,TAIFEX:CCF1!,40.15,40.15,39.8,39.8,5.0
2025-02-07 22:25:00+08:00,TAIFEX:CCF1!,40.1,40.3,40.0,40.0,25.0
2025-02-07 23:25:00+08:00,TAIFEX:CCF1!,40.0,40.1,39.9,39.9,6.0
2025-02-08 00:25:00+08:00,TAIFEX:CCF1!,40.0,40.0,40.0,40.0,2.0
2025-02-08 01:25:00+08:00,TAIFEX:CCF1!,39.9,40.0,39.85,40.0,5.0
2025-02-08 03:25:00+08:00,TAIFEX:CCF1!,40.0,40.0,40.0,40.0,1.0
2025-02-08 04:25:00+08:00,TAIFEX:CCF1!,40.0,40.0,40.0,40.0,1.0
2025-02-10 08:45:00+08:00,TAIFEX:CCF1!,40.0,40.05,39.75,39.85,591.0
2025-02-10 09:45:00+08:00,TAIFEX:CCF1!,39.85,40.2,39.85,40.1,441.0
2025-02-10 10:45:00+08:00,TAIFEX:CCF1!,40.1,40.2,40.0,40.1,250.0
2025-02-10 11:45:00+08:00,TAIFEX:CCF1!,40.1,40.15,40.05,40.15,97.0
2025-02-10 12:45:00+08:00,TAIFEX:CCF1!,40.15,40.3,40.15,40.25,249.0
2025-02-10 17:25:00+08:00,TAIFEX:CCF1!,40.25,40.3,40.25,40.3,2.0
2025-02-10 21:25:00+08:00,TAIFEX:CCF1!,40.3,40.3,40.3,40.3,1.0
2025-02-10 22:25:00+08:00,TAIFEX:CCF1!,40.3,40.7,40.3,40.7,38.0
2025-02-10 23:25:00+08:00,TAIFEX:CCF1!,40.5,40.5,40.5,40.5,4.0
2025-02-11 02:25:00+08:00,TAIFEX:CCF1!,40.4,40.4,40.4,40.4,1.0
2025-02-11 04:25:00+08:00,TAIFEX:CCF1!,40.35,40.35,40.35,40.35,3.0
2025-02-11 08:45:00+08:00,TAIFEX:CCF1!,40.3,40.4,40.15,40.2,522.0
2025-02-11 09:45:00+08:00,TAIFEX:CCF1!,40.2,40.25,40.05,40.1,328.0
2025-02-11 10:45:00+08:00,TAIFEX:CCF1!,40.1,40.45,40.1,40.25,420.0
2025-02-11 11:45:00+08:00,TAIFEX:CCF1!,40.25,40.35,40.2,40.3,332.0
2025-02-11 12:45:00+08:00,TAIFEX:CCF1!,40.3,40.45,40.3,40.4,257.0
2025-02-11 18:25:00+08:00,TAIFEX:CCF1!,40.3,40.3,40.3,40.3,1.0
2025-02-11 22:25:00+08:00,TAIFEX:CCF1!,40.2,40.25,40.1,40.2,13.0
2025-02-11 23:25:00+08:00,TAIFEX:CCF1!,40.25,40.25,40.25,40.25,1.0
2025-02-12 00:25:00+08:00,TAIFEX:CCF1!,40.2,40.2,40.15,40.15,2.0
2025-02-12 04:25:00+08:00,TAIFEX:CCF1!,40.3,40.3,40.3,40.3,1.0
2025-02-12 08:45:00+08:00,TAIFEX:CCF1!,40.3,40.5,40.3,40.3,193.0
2025-02-12 09:45:00+08:00,TAIFEX:CCF1!,40.25,40.3,40.15,40.2,149.0
2025-02-12 10:45:00+08:00,TAIFEX:CCF1!,40.2,40.2,40.0,40.0,327.0
2025-02-12 11:45:00+08:00,TAIFEX:CCF1!,40.0,40.05,39.95,40.05,74.0
2025-02-12 12:45:00+08:00,TAIFEX:CCF1!,40.0,40.1,40.0,40.1,142.0
2025-02-12 21:25:00+08:00,TAIFEX:CCF1!,39.95,39.95,39.9,39.9,8.0
2025-02-12 22:25:00+08:00,TAIFEX:CCF1!,39.9,39.95,39.85,39.95,23.0
2025-02-12 23:25:00+08:00,TAIFEX:CCF1!,39.95,39.95,39.95,39.95,1.0
2025-02-13 00:25:00+08:00,TAIFEX:CCF1!,39.95,40.25,39.95,40.25,18.0
2025-02-13 08:45:00+08:00,TAIFEX:CCF1!,39.85,41.2,39.85,41.15,1501.0
2025-02-13 09:45:00+08:00,TAIFEX:CCF1!,41.15,41.3,41.0,41.15,787.0
2025-02-13 10:45:00+08:00,TAIFEX:CCF1!,41.15,41.65,41.15,41.6,682.0
2025-02-13 11:45:00+08:00,TAIFEX:CCF1!,41.65,41.75,41.4,41.55,418.0
2025-02-13 12:45:00+08:00,TAIFEX:CCF1!,41.55,41.55,41.35,41.35,254.0
2025-02-13 17:25:00+08:00,TAIFEX:CCF1!,41.35,41.35,41.35,41.35,12.0
2025-02-13 18:25:00+08:00,TAIFEX:CCF1!,41.35,41.35,41.35,41.35,3.0
2025-02-13 19:25:00+08:00,TAIFEX:CCF1!,41.3,41.3,41.25,41.25,13.0
2025-02-13 20:25:00+08:00,TAIFEX:CCF1!,41.25,41.25,41.25,41.25,1.0
2025-02-13 22:25:00+08:00,TAIFEX:CCF1!,41.35,41.6,41.35,41.55,30.0
2025-02-13 23:25:00+08:00,TAIFEX:CCF1!,41.65,41.8,41.65,41.8,8.0
2025-02-14 00:25:00+08:00,TAIFEX:CCF1!,41.75,41.75,41.6,41.6,10.0
2025-02-14 01:25:00+08:00,TAIFEX:CCF1!,41.55,41.55,41.5,41.5,7.0
2025-02-14 02:25:00+08:00,TAIFEX:CCF1!,41.5,41.5,41.5,41.5,3.0
2025-02-14 04:25:00+08:00,TAIFEX:CCF1!,41.65,41.8,41.65,41.8,3.0
2025-02-14 08:45:00+08:00,TAIFEX:CCF1!,41.8,41.8,41.05,41.2,757.0
2025-02-14 09:45:00+08:00,TAIFEX:CCF1!,41.25,41.4,41.15,41.35,352.0
2025-02-14 10:45:00+08:00,TAIFEX:CCF1!,41.35,41.7,41.35,41.45,380.0
2025-02-14 11:45:00+08:00,TAIFEX:CCF1!,41.45,41.55,41.3,41.35,235.0
2025-02-14 12:45:00+08:00,TAIFEX:CCF1!,41.35,41.45,41.3,41.4,217.0
2025-02-14 18:25:00+08:00,TAIFEX:CCF1!,41.2,41.2,41.2,41.2,1.0
2025-02-14 19:25:00+08:00,TAIFEX:CCF1!,41.35,41.4,41.35,41.4,4.0
2025-02-14 20:25:00+08:00,TAIFEX:CCF1!,41.35,41.35,41.3,41.3,2.0
2025-02-14 21:25:00+08:00,TAIFEX:CCF1!,41.4,41.4,41.4,41.4,1.0
2025-02-14 22:25:00+08:00,TAIFEX:CCF1!,41.4,41.55,41.4,41.45,15.0
2025-02-14 23:25:00+08:00,TAIFEX:CCF1!,41.3,41.5,41.3,41.5,3.0
2025-02-15 02:25:00+08:00,TAIFEX:CCF1!,41.5,41.5,41.5,41.5,14.0
2025-02-17 08:45:00+08:00,TAIFEX:CCF1!,41.5,42.0,41.4,41.7,700.0
2025-02-17 09:45:00+08:00,TAIFEX:CCF1!,41.7,42.0,41.55,41.95,516.0
2025-02-17 10:45:00+08:00,TAIFEX:CCF1!,41.95,42.2,41.95,42.2,297.0
2025-02-17 11:45:00+08:00,TAIFEX:CCF1!,42.2,42.2,41.95,42.15,180.0
2025-02-17 12:45:00+08:00,TAIFEX:CCF1!,42.15,42.15,42.0,42.0,146.0
2025-02-17 17:25:00+08:00,TAIFEX:CCF1!,42.0,42.0,42.0,42.0,21.0
2025-02-17 18:25:00+08:00,TAIFEX:CCF1!,42.05,42.05,42.05,42.05,2.0
2025-02-17 19:25:00+08:00,TAIFEX:CCF1!,42.05,42.05,42.05,42.05,1.0
2025-02-17 23:25:00+08:00,TAIFEX:CCF1!,42.05,42.05,42.05,42.05,5.0
2025-02-18 00:25:00+08:00,TAIFEX:CCF1!,42.05,42.05,42.05,42.05,1.0
2025-02-18 04:25:00+08:00,TAIFEX:CCF1!,42.05,42.05,42.05,42.05,1.0
2025-02-18 08:45:00+08:00,TAIFEX:CCF1!,42.05,42.25,41.7,42.1,698.0
2025-02-18 09:45:00+08:00,TAIFEX:CCF1!,42.05,42.2,42.05,42.1,268.0
2025-02-18 10:45:00+08:00,TAIFEX:CCF1!,42.05,42.15,42.0,42.05,178.0
2025-02-18 11:45:00+08:00,TAIFEX:CCF1!,42.0,42.15,42.0,42.0,218.0
2025-02-18 12:45:00+08:00,TAIFEX:CCF1!,42.05,42.05,41.8,41.9,448.0
2025-02-18 18:25:00+08:00,TAIFEX:CCF1!,41.9,41.9,41.9,41.9,1.0
2025-02-18 21:25:00+08:00,TAIFEX:CCF1!,41.9,41.9,41.9,41.9,1.0
2025-02-18 22:25:00+08:00,TAIFEX:CCF1!,41.9,42.45,41.9,42.15,18.0
2025-02-18 23:25:00+08:00,TAIFEX:CCF1!,42.1,42.1,42.0,42.0,3.0
2025-02-19 00:25:00+08:00,TAIFEX:CCF1!,42.15,42.3,42.15,42.3,6.0
2025-02-19 01:25:00+08:00,TAIFEX:CCF1!,42.3,42.35,42.2,42.35,7.0
2025-02-19 02:25:00+08:00,TAIFEX:CCF1!,42.35,42.35,42.35,42.35,2.0
2025-02-19 03:25:00+08:00,TAIFEX:CCF1!,42.35,42.45,42.35,42.45,9.0
2025-02-19 08:45:00+08:00,TAIFEX:CCF1!,42.1,42.85,42.1,42.6,881.0
2025-02-19 09:45:00+08:00,TAIFEX:CCF1!,42.6,42.75,42.4,42.45,341.0
2025-02-19 10:45:00+08:00,TAIFEX:CCF1!,42.5,43.05,42.45,42.95,553.0
2025-02-19 11:45:00+08:00,TAIFEX:CCF1!,42.9,42.95,42.65,42.65,216.0
2025-02-19 12:45:00+08:00,TAIFEX:CCF1!,42.65,42.8,42.5,42.55,374.0
2025-02-19 18:25:00+08:00,TAIFEX:CCF1!,42.65,42.65,42.55,42.55,13.0
2025-02-19 19:25:00+08:00,TAIFEX:CCF1!,42.55,42.6,42.55,42.6,9.0
2025-02-19 20:25:00+08:00,TAIFEX:CCF1!,42.6,42.6,42.6,42.6,1.0
2025-02-19 21:25:00+08:00,TAIFEX:CCF1!,42.6,42.6,42.6,42.6,4.0
2025-02-19 22:25:00+08:00,TAIFEX:CCF1!,42.6,42.6,42.5,42.6,22.0
2025-02-19 23:25:00+08:00,TAIFEX:CCF1!,42.6,42.85,42.6,42.85,36.0
2025-02-20 00:25:00+08:00,TAIFEX:CCF1!,42.9,42.95,42.9,42.9,5.0
2025-02-20 01:25:00+08:00,TAIFEX:CCF1!,42.8,42.8,42.8,42.8,5.0
2025-02-20 02:25:00+08:00,TAIFEX:CCF1!,42.7,42.7,42.65,42.65,2.0
2025-02-20 08:45:00+08:00,TAIFEX:CCF1!,42.85,43.3,42.75,42.9,1004.0
2025-02-20 09:45:00+08:00,TAIFEX:CCF1!,42.95,43.35,42.85,43.15,555.0
2025-02-20 10:45:00+08:00,TAIFEX:CCF1!,43.15,43.35,43.05,43.3,243.0
2025-02-20 11:45:00+08:00,TAIFEX:CCF1!,43.25,43.3,43.2,43.3,138.0
2025-02-20 12:45:00+08:00,TAIFEX:CCF1!,43.25,43.3,43.1,43.2,163.0
2025-02-20 17:25:00+08:00,TAIFEX:CCF1!,43.45,43.45,43.45,43.45,1.0
2025-02-20 18:25:00+08:00,TAIFEX:CCF1!,43.5,43.5,43.45,43.5,4.0
2025-02-20 19:25:00+08:00,TAIFEX:CCF1!,43.5,43.5,43.3,43.3,11.0
2025-02-20 20:25:00+08:00,TAIFEX:CCF1!,43.3,43.4,43.3,43.4,6.0
2025-02-20 21:25:00+08:00,TAIFEX:CCF1!,43.45,43.45,43.4,43.4,3.0
2025-02-20 22:25:00+08:00,TAIFEX:CCF1!,43.3,43.3,43.15,43.2,20.0
2025-02-21 00:25:00+08:00,TAIFEX:CCF1!,43.3,43.3,43.3,43.3,3.0
2025-02-21 01:25:00+08:00,TAIFEX:CCF1!,43.3,43.3,43.3,43.3,2.0
2025-02-21 03:25:00+08:00,TAIFEX:CCF1!,43.35,43.35,43.3,43.3,2.0
2025-02-21 08:45:00+08:00,TAIFEX:CCF1!,43.45,43.65,43.25,43.6,778.0
2025-02-21 09:45:00+08:00,TAIFEX:CCF1!,43.6,43.7,43.45,43.5,470.0
2025-02-21 10:45:00+08:00,TAIFEX:CCF1!,43.5,43.55,43.4,43.5,340.0
2025-02-21 11:45:00+08:00,TAIFEX:CCF1!,43.5,43.65,43.45,43.6,127.0
2025-02-21 12:45:00+08:00,TAIFEX:CCF1!,43.6,43.7,43.55,43.7,339.0
2025-02-21 17:25:00+08:00,TAIFEX:CCF1!,43.6,43.6,43.1,43.1,23.0
2025-02-21 18:25:00+08:00,TAIFEX:CCF1!,43.4,43.6,43.4,43.6,4.0
2025-02-21 19:25:00+08:00,TAIFEX:CCF1!,43.5,43.6,43.5,43.6,7.0
2025-02-21 20:25:00+08:00,TAIFEX:CCF1!,43.7,43.75,43.7,43.75,2.0
2025-02-21 21:25:00+08:00,TAIFEX:CCF1!,43.75,43.75,43.7,43.7,3.0
2025-02-21 22:25:00+08:00,TAIFEX:CCF1!,43.7,43.7,43.3,43.3,31.0
2025-02-21 23:25:00+08:00,TAIFEX:CCF1!,43.3,43.3,43.2,43.25,31.0
2025-02-22 00:25:00+08:00,TAIFEX:CCF1!,43.2,43.3,43.15,43.2,16.0
2025-02-22 01:25:00+08:00,TAIFEX:CCF1!,43.15,43.15,43.0,43.0,50.0
2025-02-22 02:25:00+08:00,TAIFEX:CCF1!,43.05,43.05,43.05,43.05,3.0
2025-02-22 03:25:00+08:00,TAIFEX:CCF1!,43.05,43.05,42.9,42.9,7.0
2025-02-22 04:25:00+08:00,TAIFEX:CCF1!,43.05,43.05,43.05,43.05,2.0
2025-02-24 08:45:00+08:00,TAIFEX:CCF1!,43.05,43.4,42.85,43.15,713.0
2025-02-24 09:45:00+08:00,TAIFEX:CCF1!,43.2,43.5,43.15,43.45,461.0
2025-02-24 10:45:00+08:00,TAIFEX:CCF1!,43.5,43.7,43.45,43.6,307.0
2025-02-24 11:45:00+08:00,TAIFEX:CCF1!,43.6,43.65,43.5,43.6,174.0
2025-02-24 12:45:00+08:00,TAIFEX:CCF1!,43.6,43.6,43.5,43.55,162.0
2025-02-24 17:25:00+08:00,TAIFEX:CCF1!,43.25,43.35,43.05,43.35,26.0
2025-02-24 18:25:00+08:00,TAIFEX:CCF1!,43.35,43.35,43.35,43.35,1.0
2025-02-24 19:25:00+08:00,TAIFEX:CCF1!,43.4,43.4,43.4,43.4,2.0
2025-02-24 21:25:00+08:00,TAIFEX:CCF1!,43.4,43.4,43.4,43.4,2.0
2025-02-24 22:25:00+08:00,TAIFEX:CCF1!,43.45,43.45,43.2,43.3,66.0
2025-02-24 23:25:00+08:00,TAIFEX:CCF1!,43.3,43.35,43.2,43.35,29.0
2025-02-25 00:25:00+08:00,TAIFEX:CCF1!,43.4,43.4,43.35,43.35,4.0
2025-02-25 02:25:00+08:00,TAIFEX:CCF1!,43.3,43.3,43.3,43.3,1.0
2025-02-25 03:25:00+08:00,TAIFEX:CCF1!,43.25,43.25,43.25,43.25,1.0
2025-02-25 04:25:00+08:00,TAIFEX:CCF1!,43.2,43.2,43.2,43.2,1.0
2025-02-25 08:45:00+08:00,TAIFEX:CCF1!,43.0,43.35,42.85,43.1,701.0
2025-02-25 09:45:00+08:00,TAIFEX:CCF1!,43.15,43.3,43.05,43.3,400.0
2025-02-25 10:45:00+08:00,TAIFEX:CCF1!,43.3,43.45,43.3,43.4,143.0
2025-02-25 11:45:00+08:00,TAIFEX:CCF1!,43.45,43.6,43.4,43.55,437.0
2025-02-25 12:45:00+08:00,TAIFEX:CCF1!,43.55,43.6,43.4,43.45,221.0
2025-02-25 17:25:00+08:00,TAIFEX:CCF1!,43.2,43.2,43.2,43.2,2.0
2025-02-25 18:25:00+08:00,TAIFEX:CCF1!,43.2,43.2,43.15,43.15,6.0
2025-02-25 19:25:00+08:00,TAIFEX:CCF1!,43.25,43.25,43.25,43.25,1.0
2025-02-25 20:25:00+08:00,TAIFEX:CCF1!,43.3,43.3,43.3,43.3,1.0
2025-02-25 21:25:00+08:00,TAIFEX:CCF1!,43.4,43.4,43.25,43.25,27.0
2025-02-25 22:25:00+08:00,TAIFEX:CCF1!,43.35,43.6,43.2,43.2,18.0
2025-02-26 00:25:00+08:00,TAIFEX:CCF1!,43.2,43.2,43.2,43.2,2.0
2025-02-26 02:25:00+08:00,TAIFEX:CCF1!,43.3,43.3,43.3,43.3,1.0
2025-02-26 03:25:00+08:00,TAIFEX:CCF1!,43.25,43.25,43.25,43.25,1.0
2025-02-26 04:25:00+08:00,TAIFEX:CCF1!,43.25,43.25,43.15,43.15,7.0
2025-02-26 08:45:00+08:00,TAIFEX:CCF1!,43.4,43.85,43.15,43.75,657.0
2025-02-26 09:45:00+08:00,TAIFEX:CCF1!,43.75,43.8,43.65,43.7,225.0
2025-02-26 10:45:00+08:00,TAIFEX:CCF1!,43.7,43.8,43.7,43.75,120.0
2025-02-26 11:45:00+08:00,TAIFEX:CCF1!,43.7,43.8,43.65,43.75,181.0
2025-02-26 12:45:00+08:00,TAIFEX:CCF1!,43.8,43.9,43.6,43.6,228.0
2025-02-26 17:25:00+08:00,TAIFEX:CCF1!,43.85,43.95,43.85,43.95,6.0
2025-02-26 18:25:00+08:00,TAIFEX:CCF1!,43.85,43.85,43.85,43.85,1.0
2025-02-26 19:25:00+08:00,TAIFEX:CCF1!,43.85,43.85,43.85,43.85,1.0
2025-02-26 20:25:00+08:00,TAIFEX:CCF1!,43.85,43.85,43.8,43.85,6.0
2025-02-26 21:25:00+08:00,TAIFEX:CCF1!,43.8,43.9,43.8,43.9,9.0
2025-02-26 22:25:00+08:00,TAIFEX:CCF1!,43.8,43.85,43.8,43.85,7.0
2025-02-26 23:25:00+08:00,TAIFEX:CCF1!,43.85,43.95,43.85,43.95,3.0
2025-02-27 00:25:00+08:00,TAIFEX:CCF1!,43.9,43.9,43.9,43.9,3.0
2025-02-27 01:25:00+08:00,TAIFEX:CCF1!,43.85,43.85,43.8,43.8,4.0
2025-02-27 02:25:00+08:00,TAIFEX:CCF1!,43.75,43.75,43.75,43.75,1.0
2025-02-27 03:25:00+08:00,TAIFEX:CCF1!,43.75,43.75,43.75,43.75,1.0
2025-02-27 04:25:00+08:00,TAIFEX:CCF1!,43.85,43.95,43.85,43.95,2.0
2025-02-27 08:45:00+08:00,TAIFEX:CCF1!,43.7,44.1,43.65,43.7,832.0
2025-02-27 09:45:00+08:00,TAIFEX:CCF1!,43.65,43.65,43.3,43.45,673.0
2025-02-27 10:45:00+08:00,TAIFEX:CCF1!,43.45,43.65,43.35,43.55,317.0
2025-02-27 11:45:00+08:00,TAIFEX:CCF1!,43.55,43.55,43.45,43.5,121.0
2025-02-27 12:45:00+08:00,TAIFEX:CCF1!,43.5,43.65,43.35,43.65,330.0
2025-02-27 17:25:00+08:00,TAIFEX:CCF1!,43.7,43.7,43.7,43.7,2.0
2025-02-27 18:25:00+08:00,TAIFEX:CCF1!,43.7,43.7,43.7,43.7,2.0
2025-02-27 19:25:00+08:00,TAIFEX:CCF1!,43.7,43.7,43.7,43.7,6.0
2025-02-27 21:25:00+08:00,TAIFEX:CCF1!,43.6,43.6,43.55,43.55,2.0
2025-02-27 22:25:00+08:00,TAIFEX:CCF1!,43.7,43.7,43.15,43.4,70.0
2025-02-28 02:25:00+08:00,TAIFEX:CCF1!,43.35,43.45,43.1,43.1,20.0
2025-02-28 03:25:00+08:00,TAIFEX:CCF1!,43.15,43.15,42.55,42.6,42.0
2025-02-28 04:25:00+08:00,TAIFEX:CCF1!,42.65,42.65,42.5,42.5,11.0
2025-03-03 08:45:00+08:00,TAIFEX:CCF1!,42.8,43.3,42.7,42.8,845.0
2025-03-03 09:45:00+08:00,TAIFEX:CCF1!,42.85,43.5,42.85,43.35,414.0
2025-03-03 10:45:00+08:00,TAIFEX:CCF1!,43.35,43.4,43.05,43.2,213.0
2025-03-03 11:45:00+08:00,TAIFEX:CCF1!,43.25,43.5,43.2,43.45,160.0
2025-03-03 12:45:00+08:00,TAIFEX:CCF1!,43.45,43.55,43.3,43.3,157.0
2025-03-03 17:25:00+08:00,TAIFEX:CCF1!,43.45,43.45,43.45,43.45,1.0
2025-03-03 18:25:00+08:00,TAIFEX:CCF1!,43.4,43.4,43.4,43.4,1.0
2025-03-03 19:25:00+08:00,TAIFEX:CCF1!,43.4,43.4,43.15,43.25,35.0
2025-03-03 20:25:00+08:00,TAIFEX:CCF1!,43.2,43.3,43.2,43.3,21.0
2025-03-03 22:25:00+08:00,TAIFEX:CCF1!,43.45,43.75,43.4,43.7,72.0
2025-03-03 23:25:00+08:00,TAIFEX:CCF1!,43.75,43.9,43.7,43.7,46.0
2025-03-04 00:25:00+08:00,TAIFEX:CCF1!,43.7,43.7,43.6,43.6,8.0
2025-03-04 01:25:00+08:00,TAIFEX:CCF1!,43.55,43.55,43.35,43.35,14.0
2025-03-04 02:25:00+08:00,TAIFEX:CCF1!,43.45,43.45,43.25,43.35,20.0
2025-03-04 03:25:00+08:00,TAIFEX:CCF1!,43.35,43.4,42.85,42.85,63.0
2025-03-04 04:25:00+08:00,TAIFEX:CCF1!,42.8,42.9,42.8,42.9,4.0
2025-03-04 08:45:00+08:00,TAIFEX:CCF1!,42.95,43.3,42.9,43.1,462.0
2025-03-04 09:45:00+08:00,TAIFEX:CCF1!,43.15,43.45,43.05,43.4,323.0
2025-03-04 10:45:00+08:00,TAIFEX:CCF1!,43.4,43.55,43.35,43.45,230.0
2025-03-04 11:45:00+08:00,TAIFEX:CCF1!,43.45,43.75,43.4,43.7,352.0
2025-03-04 12:45:00+08:00,TAIFEX:CCF1!,43.7,43.75,43.25,43.25,322.0
2025-03-04 17:25:00+08:00,TAIFEX:CCF1!,43.4,43.4,43.4,43.4,1.0
2025-03-04 18:25:00+08:00,TAIFEX:CCF1!,43.3,43.3,43.3,43.3,1.0
2025-03-04 19:25:00+08:00,TAIFEX:CCF1!,43.3,43.3,43.3,43.3,25.0
2025-03-04 20:25:00+08:00,TAIFEX:CCF1!,43.25,43.25,43.15,43.2,27.0
2025-03-04 21:25:00+08:00,TAIFEX:CCF1!,43.2,43.3,43.2,43.3,3.0
2025-03-04 22:25:00+08:00,TAIFEX:CCF1!,43.3,44.25,43.3,43.6,163.0
2025-03-04 23:25:00+08:00,TAIFEX:CCF1!,43.75,43.8,43.7,43.7,6.0
2025-03-05 00:25:00+08:00,TAIFEX:CCF1!,43.9,44.1,43.8,44.1,19.0
2025-03-05 01:25:00+08:00,TAIFEX:CCF1!,44.15,44.25,44.05,44.05,53.0
2025-03-05 02:25:00+08:00,TAIFEX:CCF1!,44.1,44.75,44.05,44.75,44.0
2025-03-05 03:25:00+08:00,TAIFEX:CCF1!,44.75,44.75,44.4,44.65,10.0
2025-03-05 04:25:00+08:00,TAIFEX:CCF1!,44.65,44.65,44.1,44.1,8.0
2025-03-05 08:45:00+08:00,TAIFEX:CCF1!,44.1,44.35,43.65,44.05,702.0
2025-03-05 09:45:00+08:00,TAIFEX:CCF1!,44.1,44.15,43.95,43.95,310.0
2025-03-05 10:45:00+08:00,TAIFEX:CCF1!,44.0,44.25,43.95,44.2,286.0
2025-03-05 11:45:00+08:00,TAIFEX:CCF1!,44.25,44.4,44.2,44.35,469.0
2025-03-05 12:45:00+08:00,TAIFEX:CCF1!,44.3,44.4,43.95,43.95,338.0
2025-03-05 18:25:00+08:00,TAIFEX:CCF1!,44.1,44.1,44.1,44.1,1.0
2025-03-05 19:25:00+08:00,TAIFEX:CCF1!,44.15,44.15,44.1,44.1,2.0
2025-03-05 20:25:00+08:00,TAIFEX:CCF1!,44.1,44.1,44.1,44.1,1.0
2025-03-05 21:25:00+08:00,TAIFEX:CCF1!,44.15,44.15,44.15,44.15,1.0
2025-03-05 22:25:00+08:00,TAIFEX:CCF1!,44.15,44.35,44.15,44.3,30.0
2025-03-05 23:25:00+08:00,TAIFEX:CCF1!,44.3,44.4,44.15,44.15,16.0
2025-03-06 00:25:00+08:00,TAIFEX:CCF1!,44.2,44.8,44.1,44.8,80.0
2025-03-06 01:25:00+08:00,TAIFEX:CCF1!,44.8,44.85,44.75,44.75,26.0
2025-03-06 02:25:00+08:00,TAIFEX:CCF1!,44.75,44.8,44.75,44.8,10.0
2025-03-06 03:25:00+08:00,TAIFEX:CCF1!,44.75,45.0,44.7,44.9,37.0
2025-03-06 04:25:00+08:00,TAIFEX:CCF1!,44.9,44.9,44.9,44.9,1.0
2025-03-06 08:45:00+08:00,TAIFEX:CCF1!,44.5,44.55,44.05,44.1,747.0
2025-03-06 09:45:00+08:00,TAIFEX:CCF1!,44.05,44.25,43.95,43.95,368.0
2025-03-06 10:45:00+08:00,TAIFEX:CCF1!,43.95,44.15,43.95,43.95,173.0
2025-03-06 11:45:00+08:00,TAIFEX:CCF1!,43.95,44.05,43.85,43.95,161.0
2025-03-06 12:45:00+08:00,TAIFEX:CCF1!,44.0,44.2,43.95,44.05,241.0
2025-03-06 17:25:00+08:00,TAIFEX:CCF1!,43.35,44.15,43.35,44.15,4.0
2025-03-06 18:25:00+08:00,TAIFEX:CCF1!,44.0,44.0,44.0,44.0,1.0
2025-03-06 21:25:00+08:00,TAIFEX:CCF1!,43.75,43.75,43.75,43.75,1.0
2025-03-06 22:25:00+08:00,TAIFEX:CCF1!,43.9,44.4,43.75,44.4,67.0
2025-03-06 23:25:00+08:00,TAIFEX:CCF1!,44.35,44.35,44.05,44.05,9.0
2025-03-07 00:25:00+08:00,TAIFEX:CCF1!,44.05,44.05,43.95,43.95,4.0
2025-03-07 01:25:00+08:00,TAIFEX:CCF1!,44.0,44.0,44.0,44.0,3.0
2025-03-07 02:25:00+08:00,TAIFEX:CCF1!,44.0,44.0,44.0,44.0,1.0
2025-03-07 03:25:00+08:00,TAIFEX:CCF1!,43.8,44.0,43.7,44.0,20.0
2025-03-07 08:45:00+08:00,TAIFEX:CCF1!,43.95,44.6,43.8,44.4,728.0
2025-03-07 09:45:00+08:00,TAIFEX:CCF1!,44.35,44.45,44.25,44.45,185.0
2025-03-07 10:45:00+08:00,TAIFEX:CCF1!,44.45,44.45,44.35,44.35,47.0
2025-03-07 11:45:00+08:00,TAIFEX:CCF1!,44.35,44.45,44.25,44.3,173.0
2025-03-07 12:45:00+08:00,TAIFEX:CCF1!,44.3,44.3,44.05,44.2,128.0
2025-03-07 17:25:00+08:00,TAIFEX:CCF1!,44.1,44.1,43.9,43.9,7.0
2025-03-07 22:25:00+08:00,TAIFEX:CCF1!,44.05,44.45,44.05,44.2,42.0
2025-03-07 23:25:00+08:00,TAIFEX:CCF1!,44.3,44.3,44.15,44.15,25.0
2025-03-08 00:25:00+08:00,TAIFEX:CCF1!,44.1,44.1,44.1,44.1,16.0
2025-03-08 01:25:00+08:00,TAIFEX:CCF1!,44.25,44.25,44.25,44.25,1.0
2025-03-08 02:25:00+08:00,TAIFEX:CCF1!,44.3,44.55,44.3,44.55,37.0
2025-03-08 03:25:00+08:00,TAIFEX:CCF1!,44.55,44.6,44.5,44.5,6.0
2025-03-10 08:45:00+08:00,TAIFEX:CCF1!,44.4,44.9,44.35,44.9,705.0
2025-03-10 09:45:00+08:00,TAIFEX:CCF1!,44.9,45.05,44.75,44.9,650.0
2025-03-10 10:45:00+08:00,TAIFEX:CCF1!,44.9,45.2,44.85,45.15,365.0
2025-03-10 11:45:00+08:00,TAIFEX:CCF1!,45.1,45.2,45.0,45.15,213.0
2025-03-10 12:45:00+08:00,TAIFEX:CCF1!,45.15,45.25,45.1,45.15,210.0
2025-03-10 20:25:00+08:00,TAIFEX:CCF1!,44.95,45.15,44.8,45.15,11.0
2025-03-10 21:25:00+08:00,TAIFEX:CCF1!,45.0,45.2,45.0,45.2,23.0
2025-03-10 22:25:00+08:00,TAIFEX:CCF1!,45.2,45.2,45.0,45.05,13.0
2025-03-10 23:25:00+08:00,TAIFEX:CCF1!,45.0,45.0,44.95,45.0,36.0
2025-03-11 00:25:00+08:00,TAIFEX:CCF1!,45.1,45.2,44.95,44.95,10.0
2025-03-11 01:25:00+08:00,TAIFEX:CCF1!,44.95,45.0,44.95,45.0,3.0
2025-03-11 02:25:00+08:00,TAIFEX:CCF1!,44.9,44.9,44.6,44.6,36.0
2025-03-11 08:45:00+08:00,TAIFEX:CCF1!,44.55,44.9,44.15,44.7,1722.0
2025-03-11 09:45:00+08:00,TAIFEX:CCF1!,44.7,44.75,44.4,44.45,336.0
2025-03-11 10:45:00+08:00,TAIFEX:CCF1!,44.45,44.5,44.15,44.25,490.0
2025-03-11 11:45:00+08:00,TAIFEX:CCF1!,44.25,44.8,44.2,44.75,455.0
2025-03-11 12:45:00+08:00,TAIFEX:CCF1!,44.75,44.85,44.6,44.75,442.0
2025-03-11 17:25:00+08:00,TAIFEX:CCF1!,44.9,45.0,44.9,45.0,2.0
2025-03-11 18:25:00+08:00,TAIFEX:CCF1!,44.75,44.75,44.75,44.75,1.0
2025-03-11 19:25:00+08:00,TAIFEX:CCF1!,44.9,44.9,44.8,44.8,2.0
2025-03-11 20:25:00+08:00,TAIFEX:CCF1!,44.95,44.95,44.95,44.95,2.0
2025-03-11 21:25:00+08:00,TAIFEX:CCF1!,44.8,44.9,44.7,44.7,34.0
2025-03-11 22:25:00+08:00,TAIFEX:CCF1!,44.7,44.7,44.25,44.25,85.0
2025-03-11 23:25:00+08:00,TAIFEX:CCF1!,44.5,44.85,44.5,44.65,37.0
2025-03-12 00:25:00+08:00,TAIFEX:CCF1!,44.5,44.5,44.2,44.2,89.0
2025-03-12 01:25:00+08:00,TAIFEX:CCF1!,44.25,44.4,44.25,44.4,6.0
2025-03-12 02:25:00+08:00,TAIFEX:CCF1!,44.5,44.85,44.5,44.85,11.0
2025-03-12 03:25:00+08:00,TAIFEX:CCF1!,44.75,44.75,44.65,44.65,6.0
2025-03-12 08:45:00+08:00,TAIFEX:CCF1!,44.65,44.65,43.85,44.1,980.0
2025-03-12 09:45:00+08:00,TAIFEX:CCF1!,44.2,44.4,44.2,44.3,196.0
2025-03-12 10:45:00+08:00,TAIFEX:CCF1!,44.35,44.7,44.3,44.65,299.0
2025-03-12 11:45:00+08:00,TAIFEX:CCF1!,44.65,44.75,44.6,44.65,183.0
2025-03-12 12:45:00+08:00,TAIFEX:CCF1!,44.65,44.8,44.65,44.75,313.0
2025-03-12 18:25:00+08:00,TAIFEX:CCF1!,44.65,44.65,44.6,44.6,5.0
2025-03-12 19:25:00+08:00,TAIFEX:CCF1!,44.7,44.7,44.65,44.65,3.0
2025-03-12 20:25:00+08:00,TAIFEX:CCF1!,44.65,44.85,44.65,44.7,24.0
2025-03-12 21:25:00+08:00,TAIFEX:CCF1!,44.75,44.75,44.4,44.4,33.0
2025-03-12 22:25:00+08:00,TAIFEX:CCF1!,44.4,44.4,44.25,44.25,33.0
2025-03-12 23:25:00+08:00,TAIFEX:CCF1!,44.35,44.6,44.35,44.45,21.0
2025-03-13 00:25:00+08:00,TAIFEX:CCF1!,44.55,44.55,44.55,44.55,2.0
2025-03-13 01:25:00+08:00,TAIFEX:CCF1!,44.5,44.5,44.5,44.5,10.0
2025-03-13 02:25:00+08:00,TAIFEX:CCF1!,44.5,44.55,44.5,44.55,3.0
2025-03-13 03:25:00+08:00,TAIFEX:CCF1!,44.55,44.55,44.4,44.4,4.0
2025-03-13 08:45:00+08:00,TAIFEX:CCF1!,44.55,44.55,44.05,44.35,331.0
2025-03-13 09:45:00+08:00,TAIFEX:CCF1!,44.35,44.5,44.25,44.3,191.0
2025-03-13 10:45:00+08:00,TAIFEX:CCF1!,44.3,44.35,44.2,44.25,234.0
2025-03-13 11:45:00+08:00,TAIFEX:CCF1!,44.2,44.25,43.85,43.9,411.0
2025-03-13 12:45:00+08:00,TAIFEX:CCF1!,43.9,43.9,43.4,43.6,659.0
2025-03-13 18:25:00+08:00,TAIFEX:CCF1!,43.95,43.95,43.85,43.85,6.0
2025-03-13 19:25:00+08:00,TAIFEX:CCF1!,43.8,43.9,43.8,43.9,7.0
2025-03-13 20:25:00+08:00,TAIFEX:CCF1!,43.9,43.9,43.9,43.9,2.0
2025-03-13 21:25:00+08:00,TAIFEX:CCF1!,43.9,43.9,43.45,43.5,21.0
2025-03-13 22:25:00+08:00,TAIFEX:CCF1!,43.6,43.6,43.5,43.5,31.0
2025-03-13 23:25:00+08:00,TAIFEX:CCF1!,43.45,43.45,43.1,43.1,23.0
2025-03-14 01:25:00+08:00,TAIFEX:CCF1!,43.1,43.5,43.05,43.2,25.0
2025-03-14 02:25:00+08:00,TAIFEX:CCF1!,43.6,43.6,43.45,43.55,8.0
2025-03-14 08:45:00+08:00,TAIFEX:CCF1!,43.65,44.0,43.3,44.0,675.0
2025-03-14 09:45:00+08:00,TAIFEX:CCF1!,44.05,44.4,43.85,44.3,595.0
2025-03-14 10:45:00+08:00,TAIFEX:CCF1!,44.3,44.35,44.15,44.25,188.0
2025-03-14 11:45:00+08:00,TAIFEX:CCF1!,44.2,45.05,44.15,44.7,545.0
2025-03-14 12:45:00+08:00,TAIFEX:CCF1!,44.7,44.9,44.7,44.8,406.0
2025-03-14 21:25:00+08:00,TAIFEX:CCF1!,45.0,45.25,44.9,44.95,24.0
2025-03-14 22:25:00+08:00,TAIFEX:CCF1!,45.1,45.3,45.05,45.3,37.0
2025-03-14 23:25:00+08:00,TAIFEX:CCF1!,45.35,45.4,45.35,45.4,9.0
2025-03-15 00:25:00+08:00,TAIFEX:CCF1!,45.3,45.45,45.3,45.45,20.0
2025-03-15 01:25:00+08:00,TAIFEX:CCF1!,45.35,45.35,45.35,45.35,1.0
2025-03-17 08:45:00+08:00,TAIFEX:CCF1!,45.15,45.45,44.5,44.65,561.0
2025-03-17 09:45:00+08:00,TAIFEX:CCF1!,44.7,44.75,44.15,44.35,450.0
2025-03-17 10:45:00+08:00,TAIFEX:CCF1!,44.4,44.4,44.2,44.2,248.0
2025-03-17 11:45:00+08:00,TAIFEX:CCF1!,44.2,44.4,44.2,44.3,460.0
2025-03-17 12:45:00+08:00,TAIFEX:CCF1!,44.3,44.4,44.1,44.1,502.0
2025-03-17 18:25:00+08:00,TAIFEX:CCF1!,44.45,44.45,44.45,44.45,4.0
2025-03-17 19:25:00+08:00,TAIFEX:CCF1!,44.45,44.45,44.45,44.45,1.0
2025-03-17 20:25:00+08:00,TAIFEX:CCF1!,44.4,44.4,44.4,44.4,4.0
2025-03-17 21:25:00+08:00,TAIFEX:CCF1!,44.35,44.5,44.2,44.35,14.0
2025-03-17 22:25:00+08:00,TAIFEX:CCF1!,44.3,44.3,44.3,44.3,3.0
2025-03-17 23:25:00+08:00,TAIFEX:CCF1!,44.35,44.35,44.35,44.35,1.0
2025-03-18 01:25:00+08:00,TAIFEX:CCF1!,44.4,44.55,44.4,44.55,10.0
2025-03-18 02:25:00+08:00,TAIFEX:CCF1!,44.55,44.7,44.55,44.7,28.0
2025-03-18 03:25:00+08:00,TAIFEX:CCF1!,44.5,44.5,44.5,44.5,1.0
2025-03-18 08:45:00+08:00,TAIFEX:CCF1!,44.65,45.0,44.25,44.65,602.0
2025-03-18 09:45:00+08:00,TAIFEX:CCF1!,44.65,44.65,44.2,44.2,256.0
2025-03-18 10:45:00+08:00,TAIFEX:CCF1!,44.2,44.5,44.1,44.45,211.0
2025-03-18 11:45:00+08:00,TAIFEX:CCF1!,44.45,44.5,44.35,44.35,237.0
2025-03-18 12:45:00+08:00,TAIFEX:CCF1!,44.4,44.45,44.25,44.3,118.0
2025-03-18 17:25:00+08:00,TAIFEX:CCF1!,44.5,44.5,44.5,44.5,1.0
2025-03-18 18:25:00+08:00,TAIFEX:CCF1!,44.5,44.55,44.5,44.55,3.0
2025-03-18 20:25:00+08:00,TAIFEX:CCF1!,44.45,44.45,44.45,44.45,1.0
2025-03-18 21:25:00+08:00,TAIFEX:CCF1!,44.6,44.7,44.5,44.7,13.0
2025-03-18 22:25:00+08:00,TAIFEX:CCF1!,44.6,44.7,44.45,44.7,13.0
2025-03-18 23:25:00+08:00,TAIFEX:CCF1!,44.7,44.7,44.7,44.7,2.0
2025-03-19 00:25:00+08:00,TAIFEX:CCF1!,44.7,44.85,44.7,44.85,14.0
2025-03-19 01:25:00+08:00,TAIFEX:CCF1!,44.85,44.85,44.85,44.85,1.0
2025-03-19 02:25:00+08:00,TAIFEX:CCF1!,44.9,45.0,44.9,45.0,11.0
2025-03-19 04:25:00+08:00,TAIFEX:CCF1!,45.0,45.0,45.0,45.0,1.0
2025-03-19 08:45:00+08:00,TAIFEX:CCF1!,44.35,44.9,44.35,44.75,433.0
2025-03-19 09:45:00+08:00,TAIFEX:CCF1!,44.7,44.75,44.55,44.65,162.0
2025-03-19 10:45:00+08:00,TAIFEX:CCF1!,44.65,44.9,44.65,44.7,286.0
2025-03-19 11:45:00+08:00,TAIFEX:CCF1!,44.75,44.75,44.55,44.55,207.0
2025-03-19 12:45:00+08:00,TAIFEX:CCF1!,44.55,44.6,44.35,44.55,291.0
2025-03-19 17:25:00+08:00,TAIFEX:CCF1!,44.85,44.85,44.85,44.85,1.0
2025-03-19 18:25:00+08:00,TAIFEX:CCF1!,44.8,44.8,44.8,44.8,2.0
2025-03-19 21:25:00+08:00,TAIFEX:CCF1!,44.7,45.1,44.7,45.05,113.0
2025-03-19 22:25:00+08:00,TAIFEX:CCF1!,45.05,45.1,45.0,45.1,17.0
2025-03-19 23:25:00+08:00,TAIFEX:CCF1!,45.1,45.1,45.1,45.1,13.0
2025-03-20 00:25:00+08:00,TAIFEX:CCF1!,45.1,45.1,45.1,45.1,5.0
2025-03-20 01:25:00+08:00,TAIFEX:CCF1!,45.1,45.45,45.1,45.4,75.0
2025-03-20 02:25:00+08:00,TAIFEX:CCF1!,45.35,45.45,45.3,45.45,72.0
2025-03-20 03:25:00+08:00,TAIFEX:CCF1!,45.35,45.35,45.3,45.3,3.0
2025-03-20 04:25:00+08:00,TAIFEX:CCF1!,45.3,45.3,45.3,45.3,3.0
2025-03-20 08:45:00+08:00,TAIFEX:CCF1!,45.0,45.3,44.8,44.85,718.0
2025-03-20 09:45:00+08:00,TAIFEX:CCF1!,44.85,45.05,44.8,44.95,160.0
2025-03-20 10:45:00+08:00,TAIFEX:CCF1!,44.95,45.15,44.95,45.05,301.0
2025-03-20 11:45:00+08:00,TAIFEX:CCF1!,45.1,45.15,45.05,45.1,140.0
2025-03-20 12:45:00+08:00,TAIFEX:CCF1!,45.1,45.15,45.0,45.0,217.0
2025-03-20 17:25:00+08:00,TAIFEX:CCF1!,44.95,45.1,44.85,44.9,23.0
2025-03-20 18:25:00+08:00,TAIFEX:CCF1!,44.9,44.95,44.8,44.95,22.0
2025-03-20 19:25:00+08:00,TAIFEX:CCF1!,44.9,45.0,44.9,45.0,2.0
2025-03-20 20:25:00+08:00,TAIFEX:CCF1!,45.0,45.0,44.9,45.0,3.0
2025-03-20 21:25:00+08:00,TAIFEX:CCF1!,45.0,45.1,44.55,44.7,102.0
2025-03-20 22:25:00+08:00,TAIFEX:CCF1!,44.7,44.8,44.7,44.8,13.0
2025-03-20 23:25:00+08:00,TAIFEX:CCF1!,44.8,44.9,44.8,44.9,7.0
2025-03-21 08:45:00+08:00,TAIFEX:CCF1!,45.0,45.0,44.55,44.65,336.0
2025-03-21 09:45:00+08:00,TAIFEX:CCF1!,44.65,44.75,44.55,44.65,154.0
2025-03-21 10:45:00+08:00,TAIFEX:CCF1!,44.7,44.75,44.6,44.65,68.0
2025-03-21 11:45:00+08:00,TAIFEX:CCF1!,44.65,44.75,44.65,44.75,76.0
2025-03-21 12:45:00+08:00,TAIFEX:CCF1!,44.75,44.9,44.5,44.85,357.0
2025-03-21 18:25:00+08:00,TAIFEX:CCF1!,44.8,44.8,44.8,44.8,7.0
2025-03-21 20:25:00+08:00,TAIFEX:CCF1!,44.7,44.7,44.7,44.7,2.0
2025-03-21 21:25:00+08:00,TAIFEX:CCF1!,44.65,44.65,44.5,44.6,62.0
2025-03-21 22:25:00+08:00,TAIFEX:CCF1!,44.6,44.6,44.45,44.45,53.0
2025-03-21 23:25:00+08:00,TAIFEX:CCF1!,44.45,44.55,44.45,44.55,3.0
2025-03-22 00:25:00+08:00,TAIFEX:CCF1!,44.7,44.7,44.7,44.7,2.0
2025-03-22 03:25:00+08:00,TAIFEX:CCF1!,44.8,45.05,44.8,45.05,18.0
2025-03-22 04:25:00+08:00,TAIFEX:CCF1!,44.8,44.8,44.8,44.8,13.0
2025-03-24 08:45:00+08:00,TAIFEX:CCF1!,45.0,45.25,44.8,44.85,624.0
2025-03-24 09:45:00+08:00,TAIFEX:CCF1!,44.85,44.9,44.7,44.75,141.0
2025-03-24 10:45:00+08:00,TAIFEX:CCF1!,44.75,44.85,44.7,44.7,151.0
2025-03-24 11:45:00+08:00,TAIFEX:CCF1!,44.75,44.85,44.75,44.75,73.0
2025-03-24 12:45:00+08:00,TAIFEX:CCF1!,44.75,44.9,44.65,44.9,162.0
2025-03-24 18:25:00+08:00,TAIFEX:CCF1!,44.95,44.95,44.9,44.9,8.0
2025-03-24 20:25:00+08:00,TAIFEX:CCF1!,44.9,45.0,44.9,45.0,10.0
2025-03-24 21:25:00+08:00,TAIFEX:CCF1!,45.0,45.1,44.8,44.85,32.0
2025-03-24 22:25:00+08:00,TAIFEX:CCF1!,45.0,45.15,45.0,45.15,32.0
2025-03-24 23:25:00+08:00,TAIFEX:CCF1!,45.2,45.2,45.1,45.15,6.0
2025-03-25 00:25:00+08:00,TAIFEX:CCF1!,45.15,45.15,45.15,45.15,1.0
2025-03-25 01:25:00+08:00,TAIFEX:CCF1!,45.15,45.15,45.15,45.15,3.0
2025-03-25 04:25:00+08:00,TAIFEX:CCF1!,45.05,45.05,45.05,45.05,8.0
2025-03-25 08:45:00+08:00,TAIFEX:CCF1!,45.1,45.15,44.7,44.9,485.0
2025-03-25 09:45:00+08:00,TAIFEX:CCF1!,44.95,44.95,44.45,44.45,428.0
2025-03-25 10:45:00+08:00,TAIFEX:CCF1!,44.4,44.55,44.35,44.5,230.0
2025-03-25 11:45:00+08:00,TAIFEX:CCF1!,44.5,44.65,44.45,44.6,222.0
2025-03-25 12:45:00+08:00,TAIFEX:CCF1!,44.6,44.75,44.55,44.75,205.0
2025-03-25 18:25:00+08:00,TAIFEX:CCF1!,44.8,45.15,44.8,44.9,38.0
2025-03-25 19:25:00+08:00,TAIFEX:CCF1!,44.85,44.85,44.85,44.85,5.0
2025-03-25 20:25:00+08:00,TAIFEX:CCF1!,44.85,44.9,44.85,44.9,12.0
2025-03-25 21:25:00+08:00,TAIFEX:CCF1!,44.85,44.85,44.65,44.65,15.0
2025-03-25 22:25:00+08:00,TAIFEX:CCF1!,44.65,44.65,44.65,44.65,2.0
2025-03-26 01:25:00+08:00,TAIFEX:CCF1!,44.75,44.8,44.75,44.8,3.0
2025-03-26 03:25:00+08:00,TAIFEX:CCF1!,44.7,44.7,44.65,44.7,36.0
2025-03-26 04:25:00+08:00,TAIFEX:CCF1!,44.8,44.8,44.8,44.8,1.0
2025-03-26 08:45:00+08:00,TAIFEX:CCF1!,44.8,44.85,44.35,44.5,400.0
2025-03-26 09:45:00+08:00,TAIFEX:CCF1!,44.55,44.55,44.3,44.3,121.0
2025-03-26 10:45:00+08:00,TAIFEX:CCF1!,44.4,44.45,44.25,44.35,113.0
2025-03-26 11:45:00+08:00,TAIFEX:CCF1!,44.3,44.45,44.3,44.45,103.0
2025-03-26 12:45:00+08:00,TAIFEX:CCF1!,44.5,44.55,44.45,44.55,324.0
2025-03-26 19:25:00+08:00,TAIFEX:CCF1!,44.5,44.5,44.5,44.5,1.0
2025-03-26 21:25:00+08:00,TAIFEX:CCF1!,44.45,44.45,44.1,44.1,12.0
2025-03-26 22:25:00+08:00,TAIFEX:CCF1!,44.1,44.2,44.1,44.2,9.0
2025-03-26 23:25:00+08:00,TAIFEX:CCF1!,44.15,44.15,44.05,44.05,29.0
2025-03-27 00:25:00+08:00,TAIFEX:CCF1!,44.1,44.15,44.05,44.05,31.0
2025-03-27 01:25:00+08:00,TAIFEX:CCF1!,44.0,44.0,43.9,43.9,12.0
2025-03-27 02:25:00+08:00,TAIFEX:CCF1!,44.0,44.0,44.0,44.0,3.0
2025-03-27 03:25:00+08:00,TAIFEX:CCF1!,43.9,44.25,43.9,44.25,4.0
2025-03-27 08:45:00+08:00,TAIFEX:CCF1!,43.95,44.2,43.85,44.15,336.0
2025-03-27 09:45:00+08:00,TAIFEX:CCF1!,44.15,44.25,44.0,44.1,77.0
2025-03-27 10:45:00+08:00,TAIFEX:CCF1!,44.1,44.1,44.0,44.0,135.0
2025-03-27 11:45:00+08:00,TAIFEX:CCF1!,44.0,44.35,44.0,44.3,159.0
2025-03-27 12:45:00+08:00,TAIFEX:CCF1!,44.35,44.65,44.2,44.6,316.0
2025-03-27 17:25:00+08:00,TAIFEX:CCF1!,44.55,44.6,44.55,44.6,2.0
2025-03-27 18:25:00+08:00,TAIFEX:CCF1!,44.4,44.4,44.4,44.4,1.0
2025-03-27 20:25:00+08:00,TAIFEX:CCF1!,44.4,44.4,44.4,44.4,2.0
2025-03-27 21:25:00+08:00,TAIFEX:CCF1!,44.5,44.75,44.4,44.6,42.0
2025-03-27 22:25:00+08:00,TAIFEX:CCF1!,44.7,44.7,44.45,44.45,7.0
2025-03-27 23:25:00+08:00,TAIFEX:CCF1!,44.4,44.4,44.35,44.4,11.0
2025-03-28 00:25:00+08:00,TAIFEX:CCF1!,44.35,44.35,44.35,44.35,9.0
2025-03-28 01:25:00+08:00,TAIFEX:CCF1!,44.35,44.35,44.35,44.35,10.0
2025-03-28 08:45:00+08:00,TAIFEX:CCF1!,44.4,44.5,44.05,44.2,449.0
2025-03-28 09:45:00+08:00,TAIFEX:CCF1!,44.2,44.5,44.15,44.45,219.0
2025-03-28 10:45:00+08:00,TAIFEX:CCF1!,44.4,44.45,44.25,44.25,138.0
2025-03-28 11:45:00+08:00,TAIFEX:CCF1!,44.2,44.45,44.2,44.4,250.0
2025-03-28 12:45:00+08:00,TAIFEX:CCF1!,44.35,44.35,44.15,44.3,286.0
2025-03-28 20:25:00+08:00,TAIFEX:CCF1!,44.3,44.3,44.3,44.3,3.0
2025-03-28 21:25:00+08:00,TAIFEX:CCF1!,44.3,44.3,44.2,44.2,22.0
2025-03-28 22:25:00+08:00,TAIFEX:CCF1!,44.15,44.15,44.0,44.0,49.0
2025-03-28 23:25:00+08:00,TAIFEX:CCF1!,44.05,44.05,44.0,44.0,18.0
2025-03-29 00:25:00+08:00,TAIFEX:CCF1!,44.0,44.0,43.85,43.85,12.0
2025-03-29 01:25:00+08:00,TAIFEX:CCF1!,43.8,43.95,43.8,43.95,18.0
2025-03-29 03:25:00+08:00,TAIFEX:CCF1!,43.85,43.85,43.75,43.75,11.0
2025-03-29 04:25:00+08:00,TAIFEX:CCF1!,43.75,43.75,43.75,43.75,1.0
2025-03-31 08:45:00+08:00,TAIFEX:CCF1!,43.1,43.85,43.1,43.5,956.0
2025-03-31 09:45:00+08:00,TAIFEX:CCF1!,43.5,43.65,43.25,43.45,528.0
2025-03-31 10:45:00+08:00,TAIFEX:CCF1!,43.45,43.55,43.35,43.55,484.0
2025-03-31 11:45:00+08:00,TAIFEX:CCF1!,43.55,44.1,43.5,44.0,566.0
2025-03-31 12:45:00+08:00,TAIFEX:CCF1!,44.0,44.25,43.8,44.2,454.0
2025-03-31 17:25:00+08:00,TAIFEX:CCF1!,44.0,44.0,43.65,43.65,5.0
2025-03-31 20:25:00+08:00,TAIFEX:CCF1!,43.95,44.1,43.95,44.1,6.0
2025-03-31 21:25:00+08:00,TAIFEX:CCF1!,44.15,45.35,44.1,45.0,174.0
2025-03-31 22:25:00+08:00,TAIFEX:CCF1!,45.0,48.6,45.0,48.6,637.0
2025-03-31 23:25:00+08:00,TAIFEX:CCF1!,48.6,48.6,47.75,48.0,591.0
2025-04-01 00:25:00+08:00,TAIFEX:CCF1!,48.05,48.2,47.2,47.5,127.0
2025-04-01 01:25:00+08:00,TAIFEX:CCF1!,47.5,47.6,47.2,47.3,44.0
2025-04-01 02:25:00+08:00,TAIFEX:CCF1!,47.4,47.85,47.4,47.7,34.0
2025-04-01 03:25:00+08:00,TAIFEX:CCF1!,47.65,47.7,47.45,47.45,105.0
2025-04-01 04:25:00+08:00,TAIFEX:CCF1!,47.45,47.45,47.45,47.45,2.0
2025-04-01 08:45:00+08:00,TAIFEX:CCF1!,47.2,48.0,45.3,45.65,5156.0
2025-04-01 09:45:00+08:00,TAIFEX:CCF1!,45.65,45.8,45.25,45.45,1346.0
2025-04-01 10:45:00+08:00,TAIFEX:CCF1!,45.5,45.5,45.25,45.4,619.0
2025-04-01 11:45:00+08:00,TAIFEX:CCF1!,45.4,45.65,45.3,45.35,448.0
2025-04-01 12:45:00+08:00,TAIFEX:CCF1!,45.35,46.0,45.35,45.7,1002.0
2025-04-01 18:25:00+08:00,TAIFEX:CCF1!,45.8,45.8,45.8,45.8,6.0
2025-04-01 20:25:00+08:00,TAIFEX:CCF1!,45.85,45.85,45.85,45.85,4.0
2025-04-01 21:25:00+08:00,TAIFEX:CCF1!,45.7,46.5,45.7,45.95,91.0
2025-04-01 22:25:00+08:00,TAIFEX:CCF1!,46.1,46.3,46.1,46.3,11.0
2025-04-01 23:25:00+08:00,TAIFEX:CCF1!,46.3,46.3,46.25,46.25,11.0
2025-04-02 00:25:00+08:00,TAIFEX:CCF1!,46.25,46.25,46.1,46.1,13.0
2025-04-02 01:25:00+08:00,TAIFEX:CCF1!,46.1,46.1,45.7,45.7,64.0
2025-04-02 02:25:00+08:00,TAIFEX:CCF1!,45.6,45.6,45.6,45.6,7.0
2025-04-02 08:45:00+08:00,TAIFEX:CCF1!,45.7,45.8,45.1,45.5,1310.0
2025-04-02 09:45:00+08:00,TAIFEX:CCF1!,45.5,45.7,45.35,45.4,579.0
2025-04-02 10:45:00+08:00,TAIFEX:CCF1!,45.35,45.6,45.25,45.4,411.0
2025-04-02 11:45:00+08:00,TAIFEX:CCF1!,45.35,45.35,45.1,45.15,421.0
2025-04-02 12:45:00+08:00,TAIFEX:CCF1!,45.25,45.4,45.2,45.25,252.0
2025-04-02 17:25:00+08:00,TAIFEX:CCF1!,44.65,45.3,44.65,45.25,6.0
2025-04-02 18:25:00+08:00,TAIFEX:CCF1!,45.2,45.2,45.2,45.2,1.0
2025-04-02 19:25:00+08:00,TAIFEX:CCF1!,45.25,45.25,45.2,45.2,3.0
2025-04-02 20:25:00+08:00,TAIFEX:CCF1!,45.25,45.25,45.2,45.25,5.0
2025-04-02 21:25:00+08:00,TAIFEX:CCF1!,45.2,45.2,44.3,44.6,136.0
2025-04-02 22:25:00+08:00,TAIFEX:CCF1!,44.5,44.6,44.25,44.45,150.0
2025-04-02 23:25:00+08:00,TAIFEX:CCF1!,44.45,44.9,44.45,44.9,64.0
2025-04-03 00:25:00+08:00,TAIFEX:CCF1!,44.95,45.15,44.95,45.15,35.0
2025-04-03 01:25:00+08:00,TAIFEX:CCF1!,45.1,45.1,44.8,44.8,21.0
2025-04-03 02:25:00+08:00,TAIFEX:CCF1!,44.75,44.75,44.65,44.65,13.0
2025-04-03 03:25:00+08:00,TAIFEX:CCF1!,44.65,45.05,44.65,44.95,26.0
2025-04-03 04:25:00+08:00,TAIFEX:CCF1!,44.65,44.65,44.35,44.35,110.0
2025-04-07 08:45:00+08:00,TAIFEX:CCF1!,40.75,40.75,40.75,40.75,115.0
2025-04-07 09:45:00+08:00,TAIFEX:CCF1!,40.75,40.75,40.75,40.75,9.0
2025-04-07 10:45:00+08:00,TAIFEX:CCF1!,40.75,40.75,40.75,40.75,2.0
2025-04-07 11:45:00+08:00,TAIFEX:CCF1!,40.75,40.75,40.75,40.75,1.0
2025-04-07 12:45:00+08:00,TAIFEX:CCF1!,40.75,40.75,40.75,40.75,1.0
2025-04-07 17:25:00+08:00,TAIFEX:CCF1!,38.05,38.1,36.75,37.85,280.0
2025-04-07 18:25:00+08:00,TAIFEX:CCF1!,37.85,38.55,37.6,37.8,128.0
2025-04-07 19:25:00+08:00,TAIFEX:CCF1!,38.2,38.2,37.65,37.7,49.0
2025-04-07 20:25:00+08:00,TAIFEX:CCF1!,37.7,38.1,37.7,38.05,93.0
2025-04-07 21:25:00+08:00,TAIFEX:CCF1!,38.0,41.45,38.0,40.1,330.0
2025-04-07 22:25:00+08:00,TAIFEX:CCF1!,40.15,41.4,39.5,40.7,95.0
2025-04-07 23:25:00+08:00,TAIFEX:CCF1!,40.15,40.7,39.75,39.85,69.0
2025-04-08 00:25:00+08:00,TAIFEX:CCF1!,40.0,40.45,40.0,40.45,25.0
2025-04-08 01:25:00+08:00,TAIFEX:CCF1!,40.5,40.9,40.5,40.85,85.0
2025-04-08 02:25:00+08:00,TAIFEX:CCF1!,40.4,40.4,40.1,40.1,8.0
2025-04-08 03:25:00+08:00,TAIFEX:CCF1!,40.2,40.5,40.1,40.5,6.0
2025-04-08 04:25:00+08:00,TAIFEX:CCF1!,40.4,40.4,40.0,40.05,36.0
2025-04-08 08:45:00+08:00,TAIFEX:CCF1!,39.9,42.0,39.45,41.75,2784.0
2025-04-08 09:45:00+08:00,TAIFEX:CCF1!,41.7,41.85,40.55,40.65,1957.0
2025-04-08 10:45:00+08:00,TAIFEX:CCF1!,40.65,40.8,40.15,40.65,1123.0
2025-04-08 11:45:00+08:00,TAIFEX:CCF1!,40.65,40.95,40.45,40.85,691.0
2025-04-08 12:45:00+08:00,TAIFEX:CCF1!,40.85,41.65,40.75,41.4,829.0
2025-04-08 17:25:00+08:00,TAIFEX:CCF1!,41.15,41.2,40.85,41.0,24.0
2025-04-08 18:25:00+08:00,TAIFEX:CCF1!,41.25,43.25,41.25,43.25,291.0
2025-04-08 19:25:00+08:00,TAIFEX:CCF1!,43.25,43.3,43.0,43.0,78.0
2025-04-08 20:25:00+08:00,TAIFEX:CCF1!,43.0,43.1,42.8,43.1,38.0
2025-04-08 21:25:00+08:00,TAIFEX:CCF1!,43.15,43.6,42.4,43.1,258.0
2025-04-08 22:25:00+08:00,TAIFEX:CCF1!,43.1,43.1,42.35,42.6,148.0
2025-04-08 23:25:00+08:00,TAIFEX:CCF1!,42.6,42.7,42.2,42.2,70.0
2025-04-09 00:25:00+08:00,TAIFEX:CCF1!,42.2,42.35,41.2,41.3,181.0
2025-04-09 01:25:00+08:00,TAIFEX:CCF1!,41.3,41.75,41.3,41.45,47.0
2025-04-09 02:25:00+08:00,TAIFEX:CCF1!,41.4,41.4,40.7,40.7,34.0
2025-04-09 03:25:00+08:00,TAIFEX:CCF1!,40.75,41.0,40.0,41.0,86.0
2025-04-09 04:25:00+08:00,TAIFEX:CCF1!,41.05,41.35,41.05,41.35,3.0
2025-04-09 08:45:00+08:00,TAIFEX:CCF1!,41.2,41.35,40.55,41.05,1528.0
2025-04-09 09:45:00+08:00,TAIFEX:CCF1!,41.0,41.35,40.85,41.05,633.0
2025-04-09 10:45:00+08:00,TAIFEX:CCF1!,41.1,41.1,40.15,40.2,998.0
2025-04-09 11:45:00+08:00,TAIFEX:CCF1!,40.2,40.45,39.65,40.15,1469.0
2025-04-09 12:45:00+08:00,TAIFEX:CCF1!,40.15,40.55,39.7,40.1,750.0
2025-04-09 17:25:00+08:00,TAIFEX:CCF1!,40.9,40.9,40.75,40.85,29.0
2025-04-09 18:25:00+08:00,TAIFEX:CCF1!,40.8,40.95,40.3,40.35,25.0
2025-04-09 19:25:00+08:00,TAIFEX:CCF1!,40.3,40.3,39.65,39.85,27.0
2025-04-09 20:25:00+08:00,TAIFEX:CCF1!,39.85,40.8,39.85,40.6,16.0
2025-04-09 21:25:00+08:00,TAIFEX:CCF1!,40.65,41.05,40.4,40.85,82.0
2025-04-09 22:25:00+08:00,TAIFEX:CCF1!,40.8,40.95,40.4,40.65,38.0
2025-04-09 23:25:00+08:00,TAIFEX:CCF1!,40.55,40.65,40.5,40.65,8.0
2025-04-10 00:25:00+08:00,TAIFEX:CCF1!,40.8,42.0,40.8,42.0,56.0
2025-04-10 01:25:00+08:00,TAIFEX:CCF1!,42.1,44.1,41.9,44.0,372.0
2025-04-10 02:25:00+08:00,TAIFEX:CCF1!,44.0,44.1,43.4,44.1,260.0
2025-04-10 03:25:00+08:00,TAIFEX:CCF1!,44.1,44.1,44.1,44.1,12.0
2025-04-10 04:25:00+08:00,TAIFEX:CCF1!,44.1,44.1,44.1,44.1,9.0
2025-04-10 08:45:00+08:00,TAIFEX:CCF1!,44.1,44.1,43.4,43.7,1075.0
2025-04-10 09:45:00+08:00,TAIFEX:CCF1!,43.75,44.05,43.7,43.95,307.0
2025-04-10 10:45:00+08:00,TAIFEX:CCF1!,44.0,44.1,44.0,44.0,121.0
2025-04-10 11:45:00+08:00,TAIFEX:CCF1!,44.05,44.1,44.05,44.1,55.0
2025-04-10 12:45:00+08:00,TAIFEX:CCF1!,44.1,44.1,44.1,44.1,51.0
2025-04-10 17:25:00+08:00,TAIFEX:CCF1!,44.0,44.0,43.05,43.15,150.0
2025-04-10 18:25:00+08:00,TAIFEX:CCF1!,43.15,43.2,43.15,43.15,14.0
2025-04-10 19:25:00+08:00,TAIFEX:CCF1!,43.25,43.7,43.25,43.5,39.0
2025-04-10 20:25:00+08:00,TAIFEX:CCF1!,43.5,43.55,43.0,43.2,90.0
2025-04-10 21:25:00+08:00,TAIFEX:CCF1!,43.3,43.85,43.25,43.5,233.0
2025-04-10 22:25:00+08:00,TAIFEX:CCF1!,43.55,43.75,43.2,43.2,99.0
2025-04-10 23:25:00+08:00,TAIFEX:CCF1!,43.2,43.2,42.7,42.8,187.0
2025-04-11 00:25:00+08:00,TAIFEX:CCF1!,42.75,43.65,42.65,42.8,140.0
2025-04-11 01:25:00+08:00,TAIFEX:CCF1!,42.9,43.55,42.9,43.45,26.0
2025-04-11 02:25:00+08:00,TAIFEX:CCF1!,43.55,43.65,43.5,43.5,12.0
2025-04-11 03:25:00+08:00,TAIFEX:CCF1!,43.5,43.65,42.85,43.65,36.0
2025-04-11 04:25:00+08:00,TAIFEX:CCF1!,43.6,43.6,43.15,43.15,6.0
2025-04-11 08:45:00+08:00,TAIFEX:CCF1!,42.85,44.2,42.15,43.85,1600.0
2025-04-11 09:45:00+08:00,TAIFEX:CCF1!,43.85,43.95,43.45,43.75,851.0
2025-04-11 10:45:00+08:00,TAIFEX:CCF1!,43.8,43.85,43.6,43.65,403.0
2025-04-11 11:45:00+08:00,TAIFEX:CCF1!,43.65,43.9,43.45,43.8,381.0
2025-04-11 12:45:00+08:00,TAIFEX:CCF1!,43.8,44.05,43.75,43.85,330.0
2025-04-11 17:25:00+08:00,TAIFEX:CCF1!,43.55,43.85,43.55,43.85,8.0
2025-04-11 18:25:00+08:00,TAIFEX:CCF1!,43.9,43.95,43.85,43.9,8.0
2025-04-11 19:25:00+08:00,TAIFEX:CCF1!,43.9,43.95,43.85,43.95,6.0
2025-04-11 20:25:00+08:00,TAIFEX:CCF1!,43.9,44.05,43.9,43.9,13.0
2025-04-11 21:25:00+08:00,TAIFEX:CCF1!,44.0,44.8,44.0,44.15,136.0
2025-04-11 22:25:00+08:00,TAIFEX:CCF1!,44.15,44.55,44.15,44.35,29.0
2025-04-11 23:25:00+08:00,TAIFEX:CCF1!,44.4,44.75,44.4,44.7,27.0
2025-04-12 00:25:00+08:00,TAIFEX:CCF1!,44.7,44.95,44.7,44.8,12.0
2025-04-12 01:25:00+08:00,TAIFEX:CCF1!,44.85,45.05,44.85,45.0,9.0
2025-04-12 02:25:00+08:00,TAIFEX:CCF1!,45.0,45.2,45.0,45.2,10.0
2025-04-12 03:25:00+08:00,TAIFEX:CCF1!,45.3,45.3,45.0,45.3,12.0
2025-04-12 04:25:00+08:00,TAIFEX:CCF1!,45.1,45.1,44.9,44.9,9.0
2025-04-14 08:45:00+08:00,TAIFEX:CCF1!,44.8,45.2,44.3,44.5,1246.0
2025-04-14 09:45:00+08:00,TAIFEX:CCF1!,44.5,44.6,44.2,44.55,644.0
2025-04-14 10:45:00+08:00,TAIFEX:CCF1!,44.6,44.6,44.35,44.35,175.0
2025-04-14 11:45:00+08:00,TAIFEX:CCF1!,44.35,44.7,44.3,44.3,334.0
2025-04-14 12:45:00+08:00,TAIFEX:CCF1!,44.3,44.5,44.2,44.3,237.0
2025-04-14 17:25:00+08:00,TAIFEX:CCF1!,44.35,44.35,44.0,44.25,22.0
2025-04-14 18:25:00+08:00,TAIFEX:CCF1!,44.25,44.3,44.25,44.3,2.0
2025-04-14 19:25:00+08:00,TAIFEX:CCF1!,44.35,44.35,44.35,44.35,11.0
2025-04-14 20:25:00+08:00,TAIFEX:CCF1!,44.4,44.65,44.4,44.6,11.0
2025-04-14 21:25:00+08:00,TAIFEX:CCF1!,44.6,44.9,44.6,44.85,74.0
2025-04-14 22:25:00+08:00,TAIFEX:CCF1!,44.85,44.9,44.7,44.7,18.0
2025-04-14 23:25:00+08:00,TAIFEX:CCF1!,44.6,44.65,44.45,44.65,16.0
2025-04-15 00:25:00+08:00,TAIFEX:CCF1!,44.7,44.85,44.7,44.85,8.0
2025-04-15 01:25:00+08:00,TAIFEX:CCF1!,44.65,44.65,44.6,44.6,5.0
2025-04-15 02:25:00+08:00,TAIFEX:CCF1!,44.9,45.2,44.8,45.2,33.0
2025-04-15 03:25:00+08:00,TAIFEX:CCF1!,45.1,45.1,44.65,44.65,6.0
2025-04-15 08:45:00+08:00,TAIFEX:CCF1!,44.65,44.8,44.4,44.65,634.0
2025-04-15 09:45:00+08:00,TAIFEX:CCF1!,44.6,44.75,44.6,44.7,252.0
2025-04-15 10:45:00+08:00,TAIFEX:CCF1!,44.7,44.95,44.65,44.9,339.0
2025-04-15 11:45:00+08:00,TAIFEX:CCF1!,44.9,45.0,44.8,44.95,426.0
2025-04-15 12:45:00+08:00,TAIFEX:CCF1!,44.95,45.0,44.75,44.8,216.0
2025-04-15 19:25:00+08:00,TAIFEX:CCF1!,44.65,44.65,44.65,44.65,2.0
2025-04-15 21:25:00+08:00,TAIFEX:CCF1!,44.75,45.2,44.75,45.2,31.0
2025-04-15 22:25:00+08:00,TAIFEX:CCF1!,45.1,45.15,44.95,45.15,3.0
2025-04-15 23:25:00+08:00,TAIFEX:CCF1!,45.1,45.25,45.1,45.25,32.0
2025-04-16 00:25:00+08:00,TAIFEX:CCF1!,45.2,45.25,44.95,45.0,6.0
2025-04-16 02:25:00+08:00,TAIFEX:CCF1!,44.9,45.15,44.9,45.15,3.0
2025-04-16 03:25:00+08:00,TAIFEX:CCF1!,45.2,45.2,44.95,44.95,60.0
2025-04-16 08:45:00+08:00,TAIFEX:CCF1!,44.35,44.65,44.3,44.65,716.0
2025-04-16 09:45:00+08:00,TAIFEX:CCF1!,44.6,44.6,44.15,44.4,874.0
2025-04-16 10:45:00+08:00,TAIFEX:CCF1!,44.45,44.5,44.2,44.45,329.0
2025-04-16 11:45:00+08:00,TAIFEX:CCF1!,44.45,44.75,44.45,44.75,220.0
2025-04-16 12:45:00+08:00,TAIFEX:CCF1!,44.8,44.8,44.3,44.5,381.0
2025-04-16 17:25:00+08:00,TAIFEX:CCF1!,44.85,44.85,44.55,44.65,6.0
2025-04-16 18:25:00+08:00,TAIFEX:CCF1!,44.6,44.6,44.3,44.3,21.0
2025-04-16 19:25:00+08:00,TAIFEX:CCF1!,44.4,44.45,44.4,44.45,3.0
2025-04-16 21:25:00+08:00,TAIFEX:CCF1!,44.4,45.05,44.4,45.05,53.0
2025-04-16 22:25:00+08:00,TAIFEX:CCF1!,45.05,45.05,44.8,45.0,16.0
2025-04-16 23:25:00+08:00,TAIFEX:CCF1!,45.05,45.1,44.8,44.8,11.0
2025-04-17 01:25:00+08:00,TAIFEX:CCF1!,44.7,44.7,44.35,44.35,25.0
2025-04-17 02:25:00+08:00,TAIFEX:CCF1!,44.4,44.4,44.25,44.25,35.0
2025-04-17 03:25:00+08:00,TAIFEX:CCF1!,44.2,44.6,44.1,44.6,17.0
2025-04-17 08:45:00+08:00,TAIFEX:CCF1!,44.65,44.9,43.9,44.1,646.0
2025-04-17 09:45:00+08:00,TAIFEX:CCF1!,44.15,44.3,44.05,44.25,361.0
2025-04-17 10:45:00+08:00,TAIFEX:CCF1!,44.25,44.35,44.15,44.2,228.0
2025-04-17 11:45:00+08:00,TAIFEX:CCF1!,44.25,44.3,44.1,44.2,258.0
2025-04-17 12:45:00+08:00,TAIFEX:CCF1!,44.2,44.3,44.1,44.25,182.0
2025-04-17 17:25:00+08:00,TAIFEX:CCF1!,44.5,44.6,44.0,44.05,38.0
2025-04-17 18:25:00+08:00,TAIFEX:CCF1!,44.15,44.2,44.15,44.15,13.0
2025-04-17 19:25:00+08:00,TAIFEX:CCF1!,44.2,44.35,44.2,44.35,7.0
2025-04-17 20:25:00+08:00,TAIFEX:CCF1!,44.25,44.25,44.25,44.25,5.0
2025-04-17 21:25:00+08:00,TAIFEX:CCF1!,44.4,44.9,44.2,44.45,108.0
2025-04-17 22:25:00+08:00,TAIFEX:CCF1!,44.4,44.5,44.35,44.35,18.0
2025-04-17 23:25:00+08:00,TAIFEX:CCF1!,44.35,44.45,44.3,44.45,12.0
2025-04-18 00:25:00+08:00,TAIFEX:CCF1!,44.5,44.65,44.5,44.65,31.0
2025-04-18 02:25:00+08:00,TAIFEX:CCF1!,44.6,44.65,44.6,44.65,5.0
2025-04-18 03:25:00+08:00,TAIFEX:CCF1!,44.35,44.65,44.3,44.65,9.0
2025-04-18 08:45:00+08:00,TAIFEX:CCF1!,44.35,44.4,44.0,44.25,368.0
2025-04-18 09:45:00+08:00,TAIFEX:CCF1!,44.25,44.25,44.1,44.25,149.0
2025-04-18 10:45:00+08:00,TAIFEX:CCF1!,44.2,44.25,44.05,44.2,436.0
2025-04-18 11:45:00+08:00,TAIFEX:CCF1!,44.15,44.2,44.1,44.1,256.0
2025-04-18 12:45:00+08:00,TAIFEX:CCF1!,44.15,44.25,44.1,44.25,110.0
2025-04-18 17:25:00+08:00,TAIFEX:CCF1!,44.25,44.25,44.25,44.25,2.0
2025-04-18 19:25:00+08:00,TAIFEX:CCF1!,44.05,44.05,44.05,44.05,3.0
2025-04-18 20:25:00+08:00,TAIFEX:CCF1!,44.05,44.05,44.05,44.05,1.0
2025-04-18 21:25:00+08:00,TAIFEX:CCF1!,44.15,44.15,44.15,44.15,3.0
2025-04-18 23:25:00+08:00,TAIFEX:CCF1!,44.15,44.15,44.15,44.15,1.0
2025-04-19 01:25:00+08:00,TAIFEX:CCF1!,44.15,44.15,44.15,44.15,2.0
2025-04-21 08:45:00+08:00,TAIFEX:CCF1!,44.15,44.3,43.65,43.85,366.0
2025-04-21 09:45:00+08:00,TAIFEX:CCF1!,43.8,43.9,43.6,43.65,182.0
2025-04-21 10:45:00+08:00,TAIFEX:CCF1!,43.65,43.75,43.6,43.65,177.0
2025-04-21 11:45:00+08:00,TAIFEX:CCF1!,43.65,43.75,43.65,43.7,46.0
2025-04-21 12:45:00+08:00,TAIFEX:CCF1!,43.7,43.85,43.6,43.75,87.0
2025-04-21 17:25:00+08:00,TAIFEX:CCF1!,43.65,43.65,43.55,43.55,5.0
2025-04-21 18:25:00+08:00,TAIFEX:CCF1!,43.55,43.55,43.55,43.55,1.0
2025-04-21 19:25:00+08:00,TAIFEX:CCF1!,43.65,43.65,43.65,43.65,1.0
2025-04-21 20:25:00+08:00,TAIFEX:CCF1!,43.7,43.7,43.55,43.55,2.0
2025-04-21 21:25:00+08:00,TAIFEX:CCF1!,43.65,44.05,43.55,43.65,16.0
2025-04-21 22:25:00+08:00,TAIFEX:CCF1!,43.45,43.65,43.25,43.65,21.0
2025-04-21 23:25:00+08:00,TAIFEX:CCF1!,43.4,43.45,43.2,43.25,30.0
2025-04-22 00:25:00+08:00,TAIFEX:CCF1!,43.25,43.45,43.25,43.45,2.0
2025-04-22 01:25:00+08:00,TAIFEX:CCF1!,43.4,43.4,43.25,43.35,13.0
2025-04-22 02:25:00+08:00,TAIFEX:CCF1!,43.35,43.4,43.35,43.4,8.0
2025-04-22 03:25:00+08:00,TAIFEX:CCF1!,43.4,43.8,43.35,43.8,21.0
2025-04-22 08:45:00+08:00,TAIFEX:CCF1!,43.55,44.25,43.45,44.25,457.0
2025-04-22 09:45:00+08:00,TAIFEX:CCF1!,44.25,44.5,44.15,44.25,295.0
2025-04-22 10:45:00+08:00,TAIFEX:CCF1!,44.25,44.3,44.15,44.2,298.0
2025-04-22 11:45:00+08:00,TAIFEX:CCF1!,44.15,44.35,44.15,44.35,93.0
2025-04-22 12:45:00+08:00,TAIFEX:CCF1!,44.35,44.35,44.2,44.35,182.0
2025-04-22 18:25:00+08:00,TAIFEX:CCF1!,44.4,44.4,44.4,44.4,1.0
2025-04-22 20:25:00+08:00,TAIFEX:CCF1!,44.45,44.55,44.45,44.55,3.0
2025-04-22 21:25:00+08:00,TAIFEX:CCF1!,44.55,44.7,44.45,44.55,30.0
2025-04-22 22:25:00+08:00,TAIFEX:CCF1!,44.55,44.65,44.55,44.65,20.0
2025-04-22 23:25:00+08:00,TAIFEX:CCF1!,44.6,44.75,44.55,44.75,12.0
2025-04-23 00:25:00+08:00,TAIFEX:CCF1!,44.65,44.65,44.55,44.55,8.0
2025-04-23 01:25:00+08:00,TAIFEX:CCF1!,44.55,44.55,44.45,44.5,10.0
2025-04-23 02:25:00+08:00,TAIFEX:CCF1!,44.5,44.5,44.4,44.4,4.0
2025-04-23 03:25:00+08:00,TAIFEX:CCF1!,44.45,44.75,44.45,44.75,16.0
2025-04-23 04:25:00+08:00,TAIFEX:CCF1!,44.75,44.75,44.75,44.75,1.0
2025-04-23 08:45:00+08:00,TAIFEX:CCF1!,44.7,45.15,44.65,44.7,703.0
2025-04-23 09:45:00+08:00,TAIFEX:CCF1!,44.7,44.85,44.55,44.85,219.0
2025-04-23 10:45:00+08:00,TAIFEX:CCF1!,44.8,44.95,44.8,44.9,257.0
2025-04-23 11:45:00+08:00,TAIFEX:CCF1!,44.9,44.95,44.55,44.6,326.0
2025-04-23 12:45:00+08:00,TAIFEX:CCF1!,44.6,45.0,44.6,45.0,266.0
2025-04-23 17:25:00+08:00,TAIFEX:CCF1!,44.85,45.45,43.7,45.3,205.0
2025-04-23 18:25:00+08:00,TAIFEX:CCF1!,45.25,45.65,45.2,45.6,136.0
2025-04-23 19:25:00+08:00,TAIFEX:CCF1!,45.6,45.65,45.5,45.6,21.0
2025-04-23 20:25:00+08:00,TAIFEX:CCF1!,45.6,45.8,45.5,45.8,84.0
2025-04-23 21:25:00+08:00,TAIFEX:CCF1!,45.85,46.65,45.05,45.35,481.0
2025-04-23 22:25:00+08:00,TAIFEX:CCF1!,45.4,45.75,45.35,45.65,28.0
2025-04-23 23:25:00+08:00,TAIFEX:CCF1!,45.65,46.05,45.55,45.55,54.0
2025-04-24 00:25:00+08:00,TAIFEX:CCF1!,45.5,45.75,45.45,45.75,10.0
2025-04-24 01:25:00+08:00,TAIFEX:CCF1!,45.75,45.75,45.75,45.75,2.0
2025-04-24 02:25:00+08:00,TAIFEX:CCF1!,45.75,45.75,45.55,45.55,2.0
2025-04-24 03:25:00+08:00,TAIFEX:CCF1!,45.45,45.65,45.45,45.6,6.0
2025-04-24 08:45:00+08:00,TAIFEX:CCF1!,45.45,45.45,44.0,44.2,868.0
2025-04-24 09:45:00+08:00,TAIFEX:CCF1!,44.2,44.2,43.8,43.9,557.0
2025-04-24 10:45:00+08:00,TAIFEX:CCF1!,43.9,43.9,43.7,43.75,305.0
2025-04-24 11:45:00+08:00,TAIFEX:CCF1!,43.75,43.8,43.35,43.6,328.0
2025-04-24 12:45:00+08:00,TAIFEX:CCF1!,43.6,43.65,43.35,43.45,297.0
2025-04-24 17:25:00+08:00,TAIFEX:CCF1!,43.45,43.5,43.3,43.3,7.0
2025-04-24 18:25:00+08:00,TAIFEX:CCF1!,43.4,43.8,43.4,43.65,28.0
2025-04-24 19:25:00+08:00,TAIFEX:CCF1!,43.6,43.75,43.55,43.7,11.0
2025-04-24 20:25:00+08:00,TAIFEX:CCF1!,43.6,43.8,43.6,43.8,27.0
2025-04-24 21:25:00+08:00,TAIFEX:CCF1!,43.75,44.85,43.65,44.5,533.0
2025-04-24 22:25:00+08:00,TAIFEX:CCF1!,44.4,44.45,44.2,44.4,37.0
2025-04-24 23:25:00+08:00,TAIFEX:CCF1!,44.45,44.45,44.3,44.4,5.0
2025-04-25 00:25:00+08:00,TAIFEX:CCF1!,44.45,44.5,44.45,44.5,9.0
2025-04-25 01:25:00+08:00,TAIFEX:CCF1!,44.55,44.55,44.55,44.55,11.0
2025-04-25 02:25:00+08:00,TAIFEX:CCF1!,44.4,44.6,44.4,44.6,3.0
2025-04-25 03:25:00+08:00,TAIFEX:CCF1!,44.4,44.7,44.4,44.5,36.0
2025-04-25 04:25:00+08:00,TAIFEX:CCF1!,44.5,44.5,44.5,44.5,4.0
2025-04-25 08:45:00+08:00,TAIFEX:CCF1!,44.35,44.5,43.95,44.2,786.0
2025-04-25 09:45:00+08:00,TAIFEX:CCF1!,44.2,44.7,44.2,44.55,563.0
2025-04-25 10:45:00+08:00,TAIFEX:CCF1!,44.55,44.6,44.45,44.55,223.0
2025-04-25 11:45:00+08:00,TAIFEX:CCF1!,44.55,44.6,44.45,44.55,145.0
2025-04-25 12:45:00+08:00,TAIFEX:CCF1!,44.5,44.6,44.45,44.6,198.0
2025-04-25 18:25:00+08:00,TAIFEX:CCF1!,44.6,44.6,44.3,44.55,22.0
2025-04-25 20:25:00+08:00,TAIFEX:CCF1!,44.55,44.6,44.55,44.6,9.0
2025-04-25 21:25:00+08:00,TAIFEX:CCF1!,44.6,44.6,44.15,44.15,66.0
2025-04-25 22:25:00+08:00,TAIFEX:CCF1!,44.2,44.35,44.15,44.25,24.0
2025-04-25 23:25:00+08:00,TAIFEX:CCF1!,44.3,44.45,44.3,44.45,9.0
2025-04-26 00:25:00+08:00,TAIFEX:CCF1!,44.5,44.65,44.45,44.65,48.0
2025-04-26 01:25:00+08:00,TAIFEX:CCF1!,44.65,44.65,44.55,44.55,28.0
2025-04-26 02:25:00+08:00,TAIFEX:CCF1!,44.55,44.6,44.55,44.6,3.0
2025-04-26 03:25:00+08:00,TAIFEX:CCF1!,44.5,44.65,44.45,44.65,4.0
2025-04-26 04:25:00+08:00,TAIFEX:CCF1!,44.65,44.65,44.65,44.65,5.0
2025-04-28 08:45:00+08:00,TAIFEX:CCF1!,44.65,44.65,44.1,44.4,327.0
2025-04-28 09:45:00+08:00,TAIFEX:CCF1!,44.4,44.7,44.4,44.65,368.0
2025-04-28 10:45:00+08:00,TAIFEX:CCF1!,44.6,44.75,44.55,44.7,265.0
2025-04-28 11:45:00+08:00,TAIFEX:CCF1!,44.7,44.9,44.65,44.8,223.0
2025-04-28 12:45:00+08:00,TAIFEX:CCF1!,44.85,44.9,44.7,44.8,165.0
2025-04-28 17:25:00+08:00,TAIFEX:CCF1!,44.85,44.85,44.8,44.85,4.0
2025-04-28 18:25:00+08:00,TAIFEX:CCF1!,44.85,44.85,44.85,44.85,2.0
2025-04-28 19:25:00+08:00,TAIFEX:CCF1!,44.85,44.85,44.85,44.85,1.0
2025-04-28 20:25:00+08:00,TAIFEX:CCF1!,44.85,44.95,44.85,44.95,5.0
2025-04-28 21:25:00+08:00,TAIFEX:CCF1!,44.9,44.9,44.85,44.9,12.0
2025-04-28 22:25:00+08:00,TAIFEX:CCF1!,44.85,44.95,44.7,44.7,15.0
2025-04-28 23:25:00+08:00,TAIFEX:CCF1!,44.65,44.7,44.6,44.6,28.0
2025-04-29 00:25:00+08:00,TAIFEX:CCF1!,44.6,44.6,44.6,44.6,4.0
2025-04-29 01:25:00+08:00,TAIFEX:CCF1!,44.7,44.7,44.7,44.7,1.0
2025-04-29 02:25:00+08:00,TAIFEX:CCF1!,44.7,44.7,44.7,44.7,4.0
2025-04-29 03:25:00+08:00,TAIFEX:CCF1!,44.8,45.0,44.8,44.85,22.0
2025-04-29 08:45:00+08:00,TAIFEX:CCF1!,44.85,44.9,44.6,44.65,180.0
2025-04-29 09:45:00+08:00,TAIFEX:CCF1!,44.65,45.0,44.65,45.0,549.0
2025-04-29 10:45:00+08:00,TAIFEX:CCF1!,44.95,45.0,44.85,44.9,125.0
2025-04-29 11:45:00+08:00,TAIFEX:CCF1!,44.9,45.0,44.85,44.85,138.0
2025-04-29 12:45:00+08:00,TAIFEX:CCF1!,44.85,44.95,44.8,44.8,230.0
2025-04-29 17:25:00+08:00,TAIFEX:CCF1!,44.9,44.9,44.9,44.9,1.0
2025-04-29 20:25:00+08:00,TAIFEX:CCF1!,44.75,44.75,44.75,44.75,1.0
2025-04-29 21:25:00+08:00,TAIFEX:CCF1!,44.85,44.95,44.85,44.95,6.0
2025-04-29 23:25:00+08:00,TAIFEX:CCF1!,44.8,44.8,44.75,44.75,6.0
2025-04-30 01:25:00+08:00,TAIFEX:CCF1!,44.85,44.9,44.85,44.85,9.0
2025-04-30 02:25:00+08:00,TAIFEX:CCF1!,44.95,44.95,44.95,44.95,1.0
2025-04-30 03:25:00+08:00,TAIFEX:CCF1!,44.95,44.95,44.75,44.75,22.0
2025-04-30 08:45:00+08:00,TAIFEX:CCF1!,44.75,45.05,44.7,44.8,312.0
2025-04-30 09:45:00+08:00,TAIFEX:CCF1!,44.8,45.2,44.75,45.05,351.0
2025-04-30 10:45:00+08:00,TAIFEX:CCF1!,45.05,45.1,44.9,44.95,424.0
2025-04-30 11:45:00+08:00,TAIFEX:CCF1!,44.95,45.0,44.85,44.9,292.0
2025-04-30 12:45:00+08:00,TAIFEX:CCF1!,44.95,45.1,44.8,45.05,192.0
2025-04-30 17:25:00+08:00,TAIFEX:CCF1!,45.1,45.1,45.0,45.0,3.0
2025-04-30 18:25:00+08:00,TAIFEX:CCF1!,45.0,45.0,45.0,45.0,1.0
2025-04-30 19:25:00+08:00,TAIFEX:CCF1!,44.95,45.0,44.95,44.95,3.0
2025-04-30 20:25:00+08:00,TAIFEX:CCF1!,44.9,44.9,44.65,44.7,31.0
2025-04-30 21:25:00+08:00,TAIFEX:CCF1!,44.7,44.85,44.6,44.85,40.0
2025-04-30 22:25:00+08:00,TAIFEX:CCF1!,44.9,44.9,44.85,44.85,3.0
2025-04-30 23:25:00+08:00,TAIFEX:CCF1!,44.8,44.9,44.8,44.8,10.0
2025-05-01 00:25:00+08:00,TAIFEX:CCF1!,44.7,44.85,44.6,44.6,12.0
2025-05-01 01:25:00+08:00,TAIFEX:CCF1!,44.75,44.9,44.75,44.9,10.0
2025-05-01 03:25:00+08:00,TAIFEX:CCF1!,44.75,45.2,44.75,45.2,60.0
2025-05-01 04:25:00+08:00,TAIFEX:CCF1!,45.2,45.5,45.2,45.35,28.0
2025-05-02 08:45:00+08:00,TAIFEX:CCF1!,45.15,45.55,44.95,45.25,502.0
2025-05-02 09:45:00+08:00,TAIFEX:CCF1!,45.25,45.8,45.1,45.7,577.0
2025-05-02 10:45:00+08:00,TAIFEX:CCF1!,45.65,45.8,45.55,45.55,206.0
2025-05-02 11:45:00+08:00,TAIFEX:CCF1!,45.5,45.55,45.4,45.45,104.0
2025-05-02 12:45:00+08:00,TAIFEX:CCF1!,45.45,45.6,45.4,45.45,128.0
2025-05-02 17:25:00+08:00,TAIFEX:CCF1!,45.7,45.75,45.6,45.6,7.0
2025-05-02 19:25:00+08:00,TAIFEX:CCF1!,45.5,45.5,45.45,45.45,4.0
2025-05-02 20:25:00+08:00,TAIFEX:CCF1!,45.6,45.65,45.4,45.65,44.0
2025-05-02 21:25:00+08:00,TAIFEX:CCF1!,45.55,45.55,45.35,45.35,45.0
2025-05-02 22:25:00+08:00,TAIFEX:CCF1!,45.35,45.45,45.25,45.3,27.0
2025-05-02 23:25:00+08:00,TAIFEX:CCF1!,45.45,45.55,45.45,45.55,10.0
2025-05-03 00:25:00+08:00,TAIFEX:CCF1!,45.6,45.65,45.5,45.5,30.0
2025-05-03 01:25:00+08:00,TAIFEX:CCF1!,45.45,45.45,45.45,45.45,11.0
2025-05-03 02:25:00+08:00,TAIFEX:CCF1!,45.45,45.45,45.4,45.4,8.0
2025-05-03 03:25:00+08:00,TAIFEX:CCF1!,45.55,45.55,45.45,45.45,3.0
2025-05-03 04:25:00+08:00,TAIFEX:CCF1!,45.4,45.4,45.4,45.4,1.0
2025-05-05 08:45:00+08:00,TAIFEX:CCF1!,45.55,45.65,44.65,44.7,1321.0
2025-05-05 09:45:00+08:00,TAIFEX:CCF1!,44.65,44.9,44.3,44.8,693.0
2025-05-05 10:45:00+08:00,TAIFEX:CCF1!,44.85,45.05,44.7,44.85,859.0
2025-05-05 11:45:00+08:00,TAIFEX:CCF1!,44.95,45.2,44.9,45.1,220.0
2025-05-05 12:45:00+08:00,TAIFEX:CCF1!,45.1,45.1,44.8,44.95,274.0
2025-05-05 17:25:00+08:00,TAIFEX:CCF1!,44.85,44.85,44.55,44.65,11.0
2025-05-05 18:25:00+08:00,TAIFEX:CCF1!,44.7,44.7,44.7,44.7,1.0
2025-05-05 19:25:00+08:00,TAIFEX:CCF1!,44.65,44.65,44.6,44.6,4.0
2025-05-05 20:25:00+08:00,TAIFEX:CCF1!,44.65,44.8,44.65,44.8,3.0
2025-05-05 21:25:00+08:00,TAIFEX:CCF1!,44.6,44.75,43.35,43.45,327.0
2025-05-05 22:25:00+08:00,TAIFEX:CCF1!,43.4,43.4,43.25,43.25,113.0
2025-05-05 23:25:00+08:00,TAIFEX:CCF1!,43.3,43.3,43.1,43.15,55.0
2025-05-06 00:25:00+08:00,TAIFEX:CCF1!,43.2,43.2,43.2,43.2,2.0
2025-05-06 01:25:00+08:00,TAIFEX:CCF1!,43.35,43.6,43.35,43.6,9.0
2025-05-06 02:25:00+08:00,TAIFEX:CCF1!,43.5,43.5,43.4,43.4,4.0
2025-05-06 03:25:00+08:00,TAIFEX:CCF1!,43.3,43.3,43.2,43.2,7.0
2025-05-06 04:25:00+08:00,TAIFEX:CCF1!,43.4,43.45,43.4,43.45,2.0
2025-05-06 08:45:00+08:00,TAIFEX:CCF1!,43.6,45.35,43.6,45.0,3026.0
2025-05-06 09:45:00+08:00,TAIFEX:CCF1!,45.0,45.25,44.9,45.2,507.0
2025-05-06 10:45:00+08:00,TAIFEX:CCF1!,45.2,45.5,45.1,45.25,291.0
2025-05-06 11:45:00+08:00,TAIFEX:CCF1!,45.3,45.4,45.25,45.4,105.0
2025-05-06 12:45:00+08:00,TAIFEX:CCF1!,45.4,45.45,45.3,45.3,238.0
2025-05-06 17:25:00+08:00,TAIFEX:CCF1!,45.0,45.15,45.0,45.15,14.0
2025-05-06 18:25:00+08:00,TAIFEX:CCF1!,45.05,45.1,45.05,45.1,2.0
2025-05-06 19:25:00+08:00,TAIFEX:CCF1!,45.05,45.1,45.05,45.1,6.0
2025-05-06 20:25:00+08:00,TAIFEX:CCF1!,45.1,45.1,45.05,45.05,3.0
2025-05-06 21:25:00+08:00,TAIFEX:CCF1!,45.0,45.0,44.0,44.3,151.0
2025-05-06 22:25:00+08:00,TAIFEX:CCF1!,44.3,44.7,44.3,44.6,54.0
2025-05-06 23:25:00+08:00,TAIFEX:CCF1!,44.6,44.8,44.6,44.8,21.0
2025-05-07 00:25:00+08:00,TAIFEX:CCF1!,44.8,44.8,44.65,44.65,14.0
2025-05-07 01:25:00+08:00,TAIFEX:CCF1!,44.65,44.7,44.45,44.6,14.0
2025-05-07 03:25:00+08:00,TAIFEX:CCF1!,44.7,44.7,44.7,44.7,1.0
2025-05-07 04:25:00+08:00,TAIFEX:CCF1!,44.55,44.55,44.55,44.55,2.0
2025-05-07 08:45:00+08:00,TAIFEX:CCF1!,44.75,45.65,44.75,45.2,531.0
2025-05-07 09:45:00+08:00,TAIFEX:CCF1!,45.2,45.35,45.1,45.35,249.0
2025-05-07 10:45:00+08:00,TAIFEX:CCF1!,45.3,45.6,45.3,45.35,456.0
2025-05-07 11:45:00+08:00,TAIFEX:CCF1!,45.35,45.4,45.2,45.2,197.0
2025-05-07 12:45:00+08:00,TAIFEX:CCF1!,45.2,45.45,45.2,45.4,368.0
2025-05-07 17:25:00+08:00,TAIFEX:CCF1!,45.1,45.35,45.1,45.35,5.0
2025-05-07 18:25:00+08:00,TAIFEX:CCF1!,45.3,45.45,45.3,45.45,11.0
2025-05-07 19:25:00+08:00,TAIFEX:CCF1!,45.45,45.45,45.4,45.4,4.0
2025-05-07 20:25:00+08:00,TAIFEX:CCF1!,45.4,45.45,45.35,45.35,4.0
2025-05-07 21:25:00+08:00,TAIFEX:CCF1!,45.3,45.3,45.15,45.2,14.0
2025-05-07 22:25:00+08:00,TAIFEX:CCF1!,45.25,45.3,45.05,45.1,24.0
2025-05-07 23:25:00+08:00,TAIFEX:CCF1!,45.1,45.1,45.1,45.1,2.0
2025-05-08 00:25:00+08:00,TAIFEX:CCF1!,45.2,45.2,45.2,45.2,1.0
2025-05-08 01:25:00+08:00,TAIFEX:CCF1!,45.1,45.1,44.9,44.9,17.0
2025-05-08 02:25:00+08:00,TAIFEX:CCF1!,44.9,44.9,44.9,44.9,6.0
2025-05-08 03:25:00+08:00,TAIFEX:CCF1!,45.0,45.5,45.0,45.5,16.0
2025-05-08 04:25:00+08:00,TAIFEX:CCF1!,45.6,45.6,45.6,45.6,1.0
2025-05-08 08:45:00+08:00,TAIFEX:CCF1!,45.45,45.45,44.9,45.45,333.0
2025-05-08 09:45:00+08:00,TAIFEX:CCF1!,45.45,45.5,45.3,45.35,101.0
2025-05-08 10:45:00+08:00,TAIFEX:CCF1!,45.35,45.45,45.3,45.35,115.0
2025-05-08 11:45:00+08:00,TAIFEX:CCF1!,45.35,45.35,45.25,45.3,70.0
2025-05-08 12:45:00+08:00,TAIFEX:CCF1!,45.3,45.35,45.0,45.0,200.0
2025-05-08 17:25:00+08:00,TAIFEX:CCF1!,44.95,45.1,44.7,44.8,17.0
2025-05-08 18:25:00+08:00,TAIFEX:CCF1!,44.9,44.9,44.9,44.9,4.0
2025-05-08 19:25:00+08:00,TAIFEX:CCF1!,44.9,44.9,44.9,44.9,2.0
2025-05-08 20:25:00+08:00,TAIFEX:CCF1!,44.9,44.9,44.85,44.85,4.0
2025-05-08 21:25:00+08:00,TAIFEX:CCF1!,44.9,45.3,44.9,44.9,34.0
2025-05-08 22:25:00+08:00,TAIFEX:CCF1!,45.0,45.0,45.0,45.0,1.0
2025-05-08 23:25:00+08:00,TAIFEX:CCF1!,45.15,45.35,45.15,45.3,15.0
2025-05-09 00:25:00+08:00,TAIFEX:CCF1!,45.3,45.35,45.25,45.35,10.0
2025-05-09 01:25:00+08:00,TAIFEX:CCF1!,45.25,45.25,45.25,45.25,1.0
2025-05-09 03:25:00+08:00,TAIFEX:CCF1!,45.2,45.2,45.1,45.1,3.0
2025-05-09 08:45:00+08:00,TAIFEX:CCF1!,45.0,45.3,45.0,45.25,274.0
2025-05-09 09:45:00+08:00,TAIFEX:CCF1!,45.25,45.45,45.25,45.4,79.0
2025-05-09 10:45:00+08:00,TAIFEX:CCF1!,45.4,45.6,45.35,45.4,277.0
2025-05-09 11:45:00+08:00,TAIFEX:CCF1!,45.4,45.65,45.4,45.5,127.0
2025-05-09 12:45:00+08:00,TAIFEX:CCF1!,45.45,45.5,45.3,45.3,80.0
2025-05-09 18:25:00+08:00,TAIFEX:CCF1!,45.35,45.35,45.3,45.3,3.0
2025-05-09 19:25:00+08:00,TAIFEX:CCF1!,45.3,45.4,45.3,45.4,3.0
2025-05-09 21:25:00+08:00,TAIFEX:CCF1!,45.3,45.3,45.15,45.2,22.0
2025-05-09 22:25:00+08:00,TAIFEX:CCF1!,45.2,45.2,45.1,45.2,16.0
2025-05-09 23:25:00+08:00,TAIFEX:CCF1!,45.15,45.2,45.15,45.2,2.0
2025-05-10 00:25:00+08:00,TAIFEX:CCF1!,45.2,45.2,45.15,45.2,4.0
2025-05-10 01:25:00+08:00,TAIFEX:CCF1!,45.25,45.25,45.25,45.25,1.0
2025-05-10 03:25:00+08:00,TAIFEX:CCF1!,45.3,45.35,45.3,45.35,5.0
2025-05-12 08:45:00+08:00,TAIFEX:CCF1!,45.55,45.8,45.55,45.65,179.0
2025-05-12 09:45:00+08:00,TAIFEX:CCF1!,45.7,45.75,45.7,45.7,44.0
2025-05-12 10:45:00+08:00,TAIFEX:CCF1!,45.7,45.9,45.65,45.85,162.0
2025-05-12 11:45:00+08:00,TAIFEX:CCF1!,45.9,46.2,45.9,46.2,221.0
2025-05-12 12:45:00+08:00,TAIFEX:CCF1!,46.15,46.25,46.0,46.0,203.0
2025-05-12 17:25:00+08:00,TAIFEX:CCF1!,46.85,46.95,46.6,46.65,38.0
2025-05-12 18:25:00+08:00,TAIFEX:CCF1!,46.7,46.8,46.35,46.8,49.0
2025-05-12 19:25:00+08:00,TAIFEX:CCF1!,46.8,46.8,46.7,46.8,9.0
2025-05-12 20:25:00+08:00,TAIFEX:CCF1!,46.85,46.85,46.75,46.8,15.0
2025-05-12 21:25:00+08:00,TAIFEX:CCF1!,46.8,46.8,46.15,46.45,101.0
2025-05-12 22:25:00+08:00,TAIFEX:CCF1!,46.45,46.65,46.45,46.65,22.0
2025-05-12 23:25:00+08:00,TAIFEX:CCF1!,46.65,46.65,46.65,46.65,1.0
2025-05-13 00:25:00+08:00,TAIFEX:CCF1!,46.65,46.75,46.65,46.7,4.0
2025-05-13 01:25:00+08:00,TAIFEX:CCF1!,46.75,46.75,46.75,46.75,2.0
2025-05-13 02:25:00+08:00,TAIFEX:CCF1!,46.75,46.8,46.7,46.7,7.0
2025-05-13 03:25:00+08:00,TAIFEX:CCF1!,46.7,46.85,46.55,46.55,54.0
2025-05-13 04:25:00+08:00,TAIFEX:CCF1!,46.7,46.7,46.7,46.7,1.0
2025-05-13 08:45:00+08:00,TAIFEX:CCF1!,46.75,46.75,46.25,46.4,356.0
2025-05-13 09:45:00+08:00,TAIFEX:CCF1!,46.45,46.5,46.25,46.4,194.0
2025-05-13 10:45:00+08:00,TAIFEX:CCF1!,46.4,46.5,46.35,46.5,122.0
2025-05-13 11:45:00+08:00,TAIFEX:CCF1!,46.5,46.55,46.3,46.3,186.0
2025-05-13 12:45:00+08:00,TAIFEX:CCF1!,46.35,46.5,46.3,46.45,70.0
2025-05-13 18:25:00+08:00,TAIFEX:CCF1!,46.5,46.5,46.5,46.5,4.0
2025-05-13 19:25:00+08:00,TAIFEX:CCF1!,46.7,46.7,46.7,46.7,4.0
2025-05-13 20:25:00+08:00,TAIFEX:CCF1!,46.7,46.7,46.45,46.6,12.0
2025-05-13 21:25:00+08:00,TAIFEX:CCF1!,46.65,47.0,46.65,46.9,61.0
2025-05-13 22:25:00+08:00,TAIFEX:CCF1!,46.9,47.0,46.85,47.0,21.0
2025-05-13 23:25:00+08:00,TAIFEX:CCF1!,47.0,47.0,47.0,47.0,1.0
2025-05-14 00:25:00+08:00,TAIFEX:CCF1!,47.0,47.0,47.0,47.0,1.0
2025-05-14 01:25:00+08:00,TAIFEX:CCF1!,47.0,47.05,47.0,47.0,22.0
2025-05-14 02:25:00+08:00,TAIFEX:CCF1!,46.95,46.95,46.95,46.95,5.0
2025-05-14 03:25:00+08:00,TAIFEX:CCF1!,46.95,47.05,46.95,47.05,7.0
2025-05-14 04:25:00+08:00,TAIFEX:CCF1!,47.05,47.05,47.05,47.05,1.0
2025-05-14 08:45:00+08:00,TAIFEX:CCF1!,46.8,47.05,46.75,46.95,395.0
2025-05-14 09:45:00+08:00,TAIFEX:CCF1!,46.9,46.9,46.75,46.75,168.0
2025-05-14 10:45:00+08:00,TAIFEX:CCF1!,46.7,46.85,46.7,46.85,105.0
2025-05-14 11:45:00+08:00,TAIFEX:CCF1!,46.85,46.95,46.8,46.85,138.0
2025-05-14 12:45:00+08:00,TAIFEX:CCF1!,46.8,46.9,46.8,46.85,146.0
2025-05-14 18:25:00+08:00,TAIFEX:CCF1!,47.15,47.2,47.15,47.15,5.0
2025-05-14 20:25:00+08:00,TAIFEX:CCF1!,47.15,47.15,47.15,47.15,9.0
2025-05-14 21:25:00+08:00,TAIFEX:CCF1!,47.05,47.1,46.9,46.9,9.0
2025-05-14 22:25:00+08:00,TAIFEX:CCF1!,46.85,46.85,46.85,46.85,1.0
2025-05-15 00:25:00+08:00,TAIFEX:CCF1!,46.85,46.85,46.85,46.85,5.0
2025-05-15 02:25:00+08:00,TAIFEX:CCF1!,46.85,46.85,46.85,46.85,1.0
2025-05-15 03:25:00+08:00,TAIFEX:CCF1!,46.85,46.85,46.85,46.85,5.0
2025-05-15 04:25:00+08:00,TAIFEX:CCF1!,46.9,46.9,46.8,46.8,7.0
2025-05-15 08:45:00+08:00,TAIFEX:CCF1!,46.8,47.15,46.6,46.9,196.0
2025-05-15 09:45:00+08:00,TAIFEX:CCF1!,46.9,47.25,46.85,47.15,188.0
2025-05-15 10:45:00+08:00,TAIFEX:CCF1!,47.2,47.45,47.2,47.25,250.0
2025-05-15 11:45:00+08:00,TAIFEX:CCF1!,47.25,47.3,47.2,47.25,15.0
2025-05-15 12:45:00+08:00,TAIFEX:CCF1!,47.25,47.35,47.2,47.25,167.0
2025-05-15 17:25:00+08:00,TAIFEX:CCF1!,47.1,47.1,46.9,47.05,18.0
2025-05-15 18:25:00+08:00,TAIFEX:CCF1!,47.1,47.1,47.1,47.1,1.0
2025-05-15 19:25:00+08:00,TAIFEX:CCF1!,47.15,47.25,47.15,47.15,7.0
2025-05-15 21:25:00+08:00,TAIFEX:CCF1!,47.15,47.25,47.1,47.25,7.0
2025-05-15 23:25:00+08:00,TAIFEX:CCF1!,47.25,47.3,47.25,47.3,12.0
2025-05-16 00:25:00+08:00,TAIFEX:CCF1!,47.3,47.35,47.3,47.35,30.0
2025-05-16 01:25:00+08:00,TAIFEX:CCF1!,47.45,47.45,47.45,47.45,1.0
2025-05-16 02:25:00+08:00,TAIFEX:CCF1!,47.3,47.3,47.3,47.3,3.0
2025-05-16 03:25:00+08:00,TAIFEX:CCF1!,47.3,47.4,47.3,47.4,15.0
2025-05-16 08:45:00+08:00,TAIFEX:CCF1!,47.35,47.55,47.3,47.5,138.0
2025-05-16 09:45:00+08:00,TAIFEX:CCF1!,47.5,47.55,47.15,47.45,207.0
2025-05-16 10:45:00+08:00,TAIFEX:CCF1!,47.4,47.5,47.4,47.45,62.0
2025-05-16 11:45:00+08:00,TAIFEX:CCF1!,47.4,47.75,47.4,47.65,171.0
2025-05-16 12:45:00+08:00,TAIFEX:CCF1!,47.6,47.75,47.5,47.75,132.0
2025-05-16 17:25:00+08:00,TAIFEX:CCF1!,47.65,47.7,47.65,47.7,5.0
2025-05-16 18:25:00+08:00,TAIFEX:CCF1!,47.85,48.0,47.8,48.0,4.0
2025-05-16 19:25:00+08:00,TAIFEX:CCF1!,48.0,48.0,47.85,47.85,9.0
2025-05-16 21:25:00+08:00,TAIFEX:CCF1!,47.75,47.75,47.7,47.7,28.0
2025-05-16 22:25:00+08:00,TAIFEX:CCF1!,47.7,47.7,47.5,47.5,24.0
2025-05-16 23:25:00+08:00,TAIFEX:CCF1!,47.5,47.5,47.5,47.5,1.0
2025-05-17 02:25:00+08:00,TAIFEX:CCF1!,47.6,47.6,47.6,47.6,1.0
2025-05-17 03:25:00+08:00,TAIFEX:CCF1!,47.65,47.65,47.65,47.65,2.0
2025-05-19 08:45:00+08:00,TAIFEX:CCF1!,47.5,47.95,47.4,47.65,272.0
2025-05-19 09:45:00+08:00,TAIFEX:CCF1!,47.65,47.8,47.65,47.7,153.0
2025-05-19 10:45:00+08:00,TAIFEX:CCF1!,47.7,47.9,47.55,47.6,175.0
2025-05-19 11:45:00+08:00,TAIFEX:CCF1!,47.6,47.7,47.55,47.6,93.0
2025-05-19 12:45:00+08:00,TAIFEX:CCF1!,47.6,47.65,47.55,47.55,89.0
2025-05-19 19:25:00+08:00,TAIFEX:CCF1!,47.5,47.5,47.5,47.5,1.0
2025-05-19 21:25:00+08:00,TAIFEX:CCF1!,47.55,47.95,47.45,47.8,7.0
2025-05-19 22:25:00+08:00,TAIFEX:CCF1!,47.75,47.75,47.75,47.75,1.0
2025-05-20 03:25:00+08:00,TAIFEX:CCF1!,47.95,48.0,47.95,48.0,5.0
2025-05-20 08:45:00+08:00,TAIFEX:CCF1!,48.05,48.05,47.5,47.5,145.0
2025-05-20 09:45:00+08:00,TAIFEX:CCF1!,47.5,47.65,47.45,47.65,177.0
2025-05-20 10:45:00+08:00,TAIFEX:CCF1!,47.6,47.65,47.45,47.45,110.0
2025-05-20 11:45:00+08:00,TAIFEX:CCF1!,47.45,47.5,47.35,47.4,82.0
2025-05-20 12:45:00+08:00,TAIFEX:CCF1!,47.4,47.6,47.25,47.6,273.0
2025-05-20 17:25:00+08:00,TAIFEX:CCF1!,47.75,47.75,47.75,47.75,1.0
2025-05-21 08:45:00+08:00,TAIFEX:CCF1!,47.5,48.1,47.5,48.0,543.0
2025-05-21 09:45:00+08:00,TAIFEX:CCF1!,48.0,48.5,48.0,48.35,526.0
2025-05-21 10:45:00+08:00,TAIFEX:CCF1!,48.4,48.65,48.35,48.6,355.0
2025-05-21 11:45:00+08:00,TAIFEX:CCF1!,48.65,49.15,48.6,49.1,450.0
2025-05-21 12:45:00+08:00,TAIFEX:CCF1!,49.1,49.35,49.0,49.1,568.0
2025-05-21 17:25:00+08:00,TAIFEX:CCF1!,49.0,49.0,48.85,48.85,10.0
2025-05-21 18:25:00+08:00,TAIFEX:CCF1!,48.85,48.9,48.75,48.9,9.0
2025-05-21 19:25:00+08:00,TAIFEX:CCF1!,48.9,48.9,48.8,48.85,6.0
2025-05-21 21:25:00+08:00,TAIFEX:CCF1!,48.95,49.15,48.95,49.1,13.0
2025-05-21 22:25:00+08:00,TAIFEX:CCF1!,49.1,49.3,49.1,49.2,14.0
2025-05-22 00:25:00+08:00,TAIFEX:CCF1!,49.35,49.5,49.15,49.15,31.0
2025-05-22 01:25:00+08:00,TAIFEX:CCF1!,49.0,49.0,48.95,49.0,6.0
2025-05-22 02:25:00+08:00,TAIFEX:CCF1!,49.0,49.0,48.85,48.85,8.0
2025-05-22 03:25:00+08:00,TAIFEX:CCF1!,48.8,49.0,48.75,48.75,6.0
2025-05-22 04:25:00+08:00,TAIFEX:CCF1!,48.8,49.0,48.8,49.0,3.0
2025-05-22 08:45:00+08:00,TAIFEX:CCF1!,48.9,49.45,48.6,49.1,823.0
2025-05-22 09:45:00+08:00,TAIFEX:CCF1!,49.15,49.15,48.85,49.05,216.0
2025-05-22 10:45:00+08:00,TAIFEX:CCF1!,49.0,49.15,48.95,49.15,147.0
2025-05-22 11:45:00+08:00,TAIFEX:CCF1!,49.15,49.4,49.15,49.35,346.0
2025-05-22 12:45:00+08:00,TAIFEX:CCF1!,49.35,49.4,49.15,49.2,393.0
2025-05-22 17:25:00+08:00,TAIFEX:CCF1!,49.1,49.1,49.1,49.1,2.0
2025-05-22 19:25:00+08:00,TAIFEX:CCF1!,49.1,49.1,49.0,49.0,13.0
2025-05-22 20:25:00+08:00,TAIFEX:CCF1!,48.95,49.0,48.95,49.0,7.0
2025-05-22 21:25:00+08:00,TAIFEX:CCF1!,49.05,49.2,49.0,49.2,9.0
2025-05-22 22:25:00+08:00,TAIFEX:CCF1!,49.15,49.25,49.15,49.15,19.0
2025-05-22 23:25:00+08:00,TAIFEX:CCF1!,49.15,49.25,49.1,49.25,14.0
2025-05-23 00:25:00+08:00,TAIFEX:CCF1!,49.2,49.2,49.15,49.15,5.0
2025-05-23 01:25:00+08:00,TAIFEX:CCF1!,49.2,49.2,49.2,49.2,1.0
2025-05-23 03:25:00+08:00,TAIFEX:CCF1!,49.2,49.2,49.2,49.2,4.0
2025-05-23 08:45:00+08:00,TAIFEX:CCF1!,48.8,48.9,47.85,48.9,1884.0
2025-05-23 09:45:00+08:00,TAIFEX:CCF1!,48.85,49.1,48.55,48.55,487.0
2025-05-23 10:45:00+08:00,TAIFEX:CCF1!,48.55,48.65,48.3,48.5,451.0
2025-05-23 11:45:00+08:00,TAIFEX:CCF1!,48.45,48.45,48.05,48.15,257.0
2025-05-23 12:45:00+08:00,TAIFEX:CCF1!,48.15,48.25,48.0,48.1,485.0
2025-05-23 17:25:00+08:00,TAIFEX:CCF1!,48.1,48.1,48.1,48.1,4.0
2025-05-23 19:25:00+08:00,TAIFEX:CCF1!,48.05,48.05,47.3,47.35,64.0
2025-05-23 20:25:00+08:00,TAIFEX:CCF1!,47.45,47.45,46.85,46.9,55.0
2025-05-23 21:25:00+08:00,TAIFEX:CCF1!,46.95,47.3,46.95,47.1,91.0
2025-05-23 22:25:00+08:00,TAIFEX:CCF1!,47.1,47.15,47.05,47.1,15.0
2025-05-23 23:25:00+08:00,TAIFEX:CCF1!,47.05,47.25,46.95,46.95,18.0
2025-05-24 00:25:00+08:00,TAIFEX:CCF1!,47.05,47.05,47.05,47.05,1.0
2025-05-24 01:25:00+08:00,TAIFEX:CCF1!,47.2,47.3,47.15,47.15,25.0
2025-05-24 02:25:00+08:00,TAIFEX:CCF1!,47.15,47.15,47.15,47.15,6.0
2025-05-24 03:25:00+08:00,TAIFEX:CCF1!,47.2,47.2,47.1,47.15,12.0
2025-05-24 04:25:00+08:00,TAIFEX:CCF1!,47.1,47.1,46.9,47.0,22.0
2025-05-26 08:45:00+08:00,TAIFEX:CCF1!,47.6,48.35,47.4,48.35,2216.0
2025-05-26 09:45:00+08:00,TAIFEX:CCF1!,48.35,48.55,48.0,48.25,978.0
2025-05-26 10:45:00+08:00,TAIFEX:CCF1!,48.25,48.25,47.65,47.75,1073.0
2025-05-26 11:45:00+08:00,TAIFEX:CCF1!,47.8,48.05,47.45,47.85,725.0
2025-05-26 12:45:00+08:00,TAIFEX:CCF1!,47.85,47.9,47.1,47.15,503.0
2025-05-26 18:25:00+08:00,TAIFEX:CCF1!,47.15,47.15,47.1,47.1,2.0
2025-05-26 19:25:00+08:00,TAIFEX:CCF1!,47.1,47.1,47.1,47.1,1.0
2025-05-26 20:25:00+08:00,TAIFEX:CCF1!,47.15,47.15,47.15,47.15,2.0
2025-05-26 22:25:00+08:00,TAIFEX:CCF1!,47.1,47.1,47.1,47.1,2.0
2025-05-26 23:25:00+08:00,TAIFEX:CCF1!,47.2,47.2,47.2,47.2,3.0
2025-05-27 00:25:00+08:00,TAIFEX:CCF1!,47.15,47.15,47.15,47.15,1.0
2025-05-27 08:45:00+08:00,TAIFEX:CCF1!,47.05,47.4,46.7,47.2,969.0
2025-05-27 09:45:00+08:00,TAIFEX:CCF1!,47.15,47.2,46.45,46.5,1083.0
2025-05-27 10:45:00+08:00,TAIFEX:CCF1!,46.5,46.6,46.05,46.25,552.0
2025-05-27 11:45:00+08:00,TAIFEX:CCF1!,46.2,46.55,45.8,46.5,804.0
2025-05-27 12:45:00+08:00,TAIFEX:CCF1!,46.5,46.5,46.0,46.1,338.0
2025-05-27 17:25:00+08:00,TAIFEX:CCF1!,46.35,46.35,46.25,46.25,10.0
2025-05-27 18:25:00+08:00,TAIFEX:CCF1!,46.15,46.15,46.15,46.15,5.0
2025-05-27 19:25:00+08:00,TAIFEX:CCF1!,46.15,46.25,46.15,46.25,4.0
2025-05-27 20:25:00+08:00,TAIFEX:CCF1!,46.15,46.15,46.15,46.15,5.0
2025-05-27 21:25:00+08:00,TAIFEX:CCF1!,46.2,46.45,46.2,46.35,30.0
2025-05-27 22:25:00+08:00,TAIFEX:CCF1!,46.35,46.45,46.35,46.45,14.0
2025-05-27 23:25:00+08:00,TAIFEX:CCF1!,46.45,46.55,46.45,46.55,9.0
2025-05-28 00:25:00+08:00,TAIFEX:CCF1!,46.55,46.55,46.55,46.55,1.0
2025-05-28 01:25:00+08:00,TAIFEX:CCF1!,46.5,46.5,46.5,46.5,1.0
2025-05-28 02:25:00+08:00,TAIFEX:CCF1!,46.5,46.5,46.5,46.5,2.0
2025-05-28 03:25:00+08:00,TAIFEX:CCF1!,46.45,46.45,46.4,46.45,6.0
2025-05-28 04:25:00+08:00,TAIFEX:CCF1!,46.45,46.45,46.45,46.45,1.0
2025-05-28 08:45:00+08:00,TAIFEX:CCF1!,46.25,46.75,45.95,46.55,732.0
2025-05-28 09:45:00+08:00,TAIFEX:CCF1!,46.55,47.1,46.4,46.95,654.0
2025-05-28 10:45:00+08:00,TAIFEX:CCF1!,46.95,47.15,46.75,46.75,458.0
2025-05-28 11:45:00+08:00,TAIFEX:CCF1!,46.75,46.85,46.45,46.55,456.0
2025-05-28 12:45:00+08:00,TAIFEX:CCF1!,46.5,46.95,46.5,46.8,367.0
2025-05-28 17:25:00+08:00,TAIFEX:CCF1!,46.75,46.8,46.75,46.8,4.0
2025-05-28 18:25:00+08:00,TAIFEX:CCF1!,46.85,46.85,46.8,46.8,4.0
2025-05-28 19:25:00+08:00,TAIFEX:CCF1!,46.85,46.85,46.85,46.85,1.0
2025-05-28 20:25:00+08:00,TAIFEX:CCF1!,46.8,46.8,46.8,46.8,3.0
2025-05-28 21:25:00+08:00,TAIFEX:CCF1!,46.8,46.8,46.6,46.75,15.0
2025-05-29 00:25:00+08:00,TAIFEX:CCF1!,46.75,46.75,46.75,46.75,1.0
2025-05-29 01:25:00+08:00,TAIFEX:CCF1!,46.8,46.8,46.8,46.8,4.0
2025-05-29 08:45:00+08:00,TAIFEX:CCF1!,47.2,47.9,47.05,47.75,931.0
2025-05-29 09:45:00+08:00,TAIFEX:CCF1!,47.75,47.8,47.25,47.35,422.0
2025-05-29 10:45:00+08:00,TAIFEX:CCF1!,47.3,47.75,47.15,47.4,205.0
2025-05-29 11:45:00+08:00,TAIFEX:CCF1!,47.4,47.5,47.2,47.3,137.0
2025-05-29 12:45:00+08:00,TAIFEX:CCF1!,47.3,47.3,46.75,46.8,345.0
2025-05-29 17:25:00+08:00,TAIFEX:CCF1!,46.8,46.8,46.6,46.6,10.0
2025-05-29 18:25:00+08:00,TAIFEX:CCF1!,46.6,46.6,46.6,46.6,7.0
2025-05-29 19:25:00+08:00,TAIFEX:CCF1!,46.55,46.55,46.5,46.5,19.0
2025-05-29 20:25:00+08:00,TAIFEX:CCF1!,46.55,46.6,46.55,46.6,6.0
2025-05-29 21:25:00+08:00,TAIFEX:CCF1!,46.6,46.65,46.2,46.3,104.0
2025-05-29 22:25:00+08:00,TAIFEX:CCF1!,46.35,46.4,46.25,46.4,12.0
2025-05-29 23:25:00+08:00,TAIFEX:CCF1!,46.4,46.4,46.4,46.4,1.0
2025-05-30 00:25:00+08:00,TAIFEX:CCF1!,46.4,46.4,46.4,46.4,1.0
2025-05-30 02:25:00+08:00,TAIFEX:CCF1!,46.4,46.4,46.4,46.4,2.0
2025-06-02 08:45:00+08:00,TAIFEX:CCF1!,46.5,46.65,46.0,46.0,1295.0
2025-06-02 09:45:00+08:00,TAIFEX:CCF1!,46.05,46.25,45.65,45.7,829.0
2025-06-02 10:45:00+08:00,TAIFEX:CCF1!,45.7,46.0,45.65,45.95,452.0
2025-06-02 11:45:00+08:00,TAIFEX:CCF1!,46.0,46.15,45.9,46.05,535.0
2025-06-02 12:45:00+08:00,TAIFEX:CCF1!,46.05,46.3,45.85,46.1,889.0
2025-06-02 17:25:00+08:00,TAIFEX:CCF1!,46.2,46.2,46.2,46.2,1.0
2025-06-02 18:25:00+08:00,TAIFEX:CCF1!,46.2,46.2,46.2,46.2,1.0
2025-06-02 19:25:00+08:00,TAIFEX:CCF1!,46.25,46.25,46.2,46.25,3.0
2025-06-02 20:25:00+08:00,TAIFEX:CCF1!,46.25,46.3,46.25,46.3,5.0
2025-06-02 21:25:00+08:00,TAIFEX:CCF1!,46.3,46.45,46.3,46.3,45.0
2025-06-02 22:25:00+08:00,TAIFEX:CCF1!,46.35,46.35,46.3,46.3,2.0
2025-06-02 23:25:00+08:00,TAIFEX:CCF1!,46.35,46.35,46.35,46.35,1.0
2025-06-03 00:25:00+08:00,TAIFEX:CCF1!,46.4,46.45,46.4,46.45,6.0
2025-06-03 01:25:00+08:00,TAIFEX:CCF1!,46.45,46.45,46.45,46.45,5.0
2025-06-03 02:25:00+08:00,TAIFEX:CCF1!,46.5,46.55,46.5,46.55,8.0
2025-06-03 03:25:00+08:00,TAIFEX:CCF1!,46.55,46.55,46.55,46.55,3.0
2025-06-03 04:25:00+08:00,TAIFEX:CCF1!,46.55,46.55,46.55,46.55,1.0
2025-06-03 08:45:00+08:00,TAIFEX:CCF1!,46.55,46.95,46.3,46.8,881.0
2025-06-03 09:45:00+08:00,TAIFEX:CCF1!,46.75,46.8,46.5,46.55,615.0
2025-06-03 10:45:00+08:00,TAIFEX:CCF1!,46.6,47.0,46.6,46.95,374.0
2025-06-03 11:45:00+08:00,TAIFEX:CCF1!,46.95,47.15,46.85,47.0,382.0
2025-06-03 12:45:00+08:00,TAIFEX:CCF1!,47.05,47.15,46.8,46.85,483.0
2025-06-03 17:25:00+08:00,TAIFEX:CCF1!,46.95,47.25,46.95,46.95,7.0
2025-06-03 19:25:00+08:00,TAIFEX:CCF1!,47.15,47.15,47.0,47.1,4.0
2025-06-03 20:25:00+08:00,TAIFEX:CCF1!,47.1,47.1,47.1,47.1,6.0
2025-06-03 21:25:00+08:00,TAIFEX:CCF1!,47.1,47.1,46.95,47.1,9.0
2025-06-03 22:25:00+08:00,TAIFEX:CCF1!,47.1,47.3,47.1,47.3,21.0
2025-06-03 23:25:00+08:00,TAIFEX:CCF1!,47.3,47.3,47.3,47.3,3.0
2025-06-04 00:25:00+08:00,TAIFEX:CCF1!,47.3,47.35,47.3,47.35,8.0
2025-06-04 01:25:00+08:00,TAIFEX:CCF1!,47.35,47.35,47.2,47.2,7.0
2025-06-04 03:25:00+08:00,TAIFEX:CCF1!,47.25,47.3,47.25,47.3,3.0
2025-06-04 08:45:00+08:00,TAIFEX:CCF1!,47.3,47.35,46.35,46.45,1156.0
2025-06-04 09:45:00+08:00,TAIFEX:CCF1!,46.5,46.6,46.1,46.15,693.0
2025-06-04 10:45:00+08:00,TAIFEX:CCF1!,46.15,46.15,45.85,45.95,714.0
2025-06-04 11:45:00+08:00,TAIFEX:CCF1!,45.95,46.0,45.85,45.9,442.0
2025-06-04 12:45:00+08:00,TAIFEX:CCF1!,45.95,45.95,45.7,45.8,425.0
2025-06-04 17:25:00+08:00,TAIFEX:CCF1!,45.85,46.0,45.7,45.75,31.0
2025-06-04 18:25:00+08:00,TAIFEX:CCF1!,45.75,45.8,45.6,45.8,26.0
2025-06-04 19:25:00+08:00,TAIFEX:CCF1!,45.85,45.9,45.8,45.8,10.0
2025-06-04 20:25:00+08:00,TAIFEX:CCF1!,45.8,45.8,45.8,45.8,2.0
2025-06-04 21:25:00+08:00,TAIFEX:CCF1!,45.85,45.85,45.7,45.8,65.0
2025-06-04 22:25:00+08:00,TAIFEX:CCF1!,45.85,45.9,45.85,45.9,19.0
2025-06-04 23:25:00+08:00,TAIFEX:CCF1!,45.85,45.85,45.75,45.75,4.0
2025-06-05 00:25:00+08:00,TAIFEX:CCF1!,45.85,45.85,45.85,45.85,2.0
2025-06-05 01:25:00+08:00,TAIFEX:CCF1!,45.85,45.85,45.85,45.85,3.0
2025-06-05 02:25:00+08:00,TAIFEX:CCF1!,45.85,45.85,45.85,45.85,1.0
2025-06-05 03:25:00+08:00,TAIFEX:CCF1!,45.85,45.9,45.85,45.9,2.0
2025-06-05 04:25:00+08:00,TAIFEX:CCF1!,45.8,45.8,45.8,45.8,1.0
2025-06-05 08:45:00+08:00,TAIFEX:CCF1!,45.7,45.7,44.9,45.05,608.0
2025-06-05 09:45:00+08:00,TAIFEX:CCF1!,45.1,45.8,45.1,45.8,683.0
2025-06-05 10:45:00+08:00,TAIFEX:CCF1!,45.85,45.95,45.55,45.6,323.0
2025-06-05 11:45:00+08:00,TAIFEX:CCF1!,45.65,45.75,45.4,45.45,228.0
2025-06-05 12:45:00+08:00,TAIFEX:CCF1!,45.55,45.6,45.15,45.25,459.0
2025-06-05 19:25:00+08:00,TAIFEX:CCF1!,45.1,45.2,45.1,45.2,8.0
2025-06-05 20:25:00+08:00,TAIFEX:CCF1!,45.2,45.35,45.2,45.35,13.0
2025-06-05 21:25:00+08:00,TAIFEX:CCF1!,45.35,45.5,45.35,45.4,48.0
2025-06-05 22:25:00+08:00,TAIFEX:CCF1!,45.4,45.55,45.4,45.55,21.0
2025-06-05 23:25:00+08:00,TAIFEX:CCF1!,45.55,45.55,45.5,45.55,13.0
2025-06-06 00:25:00+08:00,TAIFEX:CCF1!,45.55,45.55,45.45,45.45,33.0
2025-06-06 01:25:00+08:00,TAIFEX:CCF1!,45.45,45.5,45.45,45.45,6.0
2025-06-06 02:25:00+08:00,TAIFEX:CCF1!,45.45,45.45,45.35,45.35,15.0
2025-06-06 03:25:00+08:00,TAIFEX:CCF1!,45.3,45.3,45.3,45.3,4.0
2025-06-06 04:25:00+08:00,TAIFEX:CCF1!,45.35,45.35,45.25,45.25,2.0
2025-06-06 08:45:00+08:00,TAIFEX:CCF1!,45.2,45.55,45.1,45.35,463.0
2025-06-06 09:45:00+08:00,TAIFEX:CCF1!,45.35,45.5,45.15,45.35,211.0
2025-06-06 10:45:00+08:00,TAIFEX:CCF1!,45.4,45.55,45.1,45.15,438.0
2025-06-06 11:45:00+08:00,TAIFEX:CCF1!,45.15,45.3,45.15,45.25,189.0
2025-06-06 12:45:00+08:00,TAIFEX:CCF1!,45.3,45.35,44.85,44.95,641.0
2025-06-06 18:25:00+08:00,TAIFEX:CCF1!,44.95,45.0,44.95,45.0,3.0
2025-06-06 20:25:00+08:00,TAIFEX:CCF1!,45.05,45.1,44.9,45.0,12.0
2025-06-06 21:25:00+08:00,TAIFEX:CCF1!,45.1,45.5,45.05,45.45,66.0
2025-06-06 22:25:00+08:00,TAIFEX:CCF1!,45.35,45.35,45.35,45.35,1.0
2025-06-06 23:25:00+08:00,TAIFEX:CCF1!,45.4,45.4,45.4,45.4,1.0
2025-06-07 00:25:00+08:00,TAIFEX:CCF1!,45.35,45.4,45.35,45.4,5.0
2025-06-07 01:25:00+08:00,TAIFEX:CCF1!,45.4,45.45,45.4,45.45,17.0
2025-06-07 02:25:00+08:00,TAIFEX:CCF1!,45.45,45.45,45.45,45.45,2.0
2025-06-07 03:25:00+08:00,TAIFEX:CCF1!,45.4,45.4,45.4,45.4,1.0
2025-06-07 04:25:00+08:00,TAIFEX:CCF1!,45.35,45.45,45.35,45.45,2.0
2025-06-09 08:45:00+08:00,TAIFEX:CCF1!,45.1,45.35,44.75,45.2,887.0
2025-06-09 09:45:00+08:00,TAIFEX:CCF1!,45.25,45.45,45.2,45.4,296.0
2025-06-09 10:45:00+08:00,TAIFEX:CCF1!,45.4,45.55,45.4,45.5,151.0
2025-06-09 11:45:00+08:00,TAIFEX:CCF1!,45.5,45.55,45.45,45.5,63.0
2025-06-09 12:45:00+08:00,TAIFEX:CCF1!,45.5,45.5,45.15,45.45,230.0
2025-06-09 17:25:00+08:00,TAIFEX:CCF1!,45.55,45.65,45.5,45.5,4.0
2025-06-09 18:25:00+08:00,TAIFEX:CCF1!,45.5,45.55,45.5,45.55,2.0
2025-06-09 19:25:00+08:00,TAIFEX:CCF1!,45.55,45.55,45.5,45.5,2.0
2025-06-09 20:25:00+08:00,TAIFEX:CCF1!,45.55,45.55,45.55,45.55,12.0
2025-06-09 21:25:00+08:00,TAIFEX:CCF1!,45.5,46.75,45.5,46.7,263.0
2025-06-09 22:25:00+08:00,TAIFEX:CCF1!,46.7,46.7,46.55,46.55,10.0
2025-06-09 23:25:00+08:00,TAIFEX:CCF1!,46.45,46.5,46.45,46.5,15.0
2025-06-10 00:25:00+08:00,TAIFEX:CCF1!,46.45,46.45,46.45,46.45,3.0
2025-06-10 01:25:00+08:00,TAIFEX:CCF1!,46.45,46.45,46.45,46.45,2.0
2025-06-10 02:25:00+08:00,TAIFEX:CCF1!,46.45,46.45,46.4,46.45,13.0
2025-06-10 03:25:00+08:00,TAIFEX:CCF1!,46.4,46.4,46.25,46.25,8.0
2025-06-10 04:25:00+08:00,TAIFEX:CCF1!,46.25,46.25,46.25,46.25,1.0
2025-06-10 08:45:00+08:00,TAIFEX:CCF1!,46.25,46.25,45.75,46.15,626.0
2025-06-10 09:45:00+08:00,TAIFEX:CCF1!,46.1,46.45,46.1,46.25,583.0
2025-06-10 10:45:00+08:00,TAIFEX:CCF1!,46.2,46.3,46.05,46.1,203.0
2025-06-10 11:45:00+08:00,TAIFEX:CCF1!,46.15,46.25,45.9,45.95,210.0
2025-06-10 12:45:00+08:00,TAIFEX:CCF1!,45.95,46.1,45.65,45.95,415.0
2025-06-10 17:25:00+08:00,TAIFEX:CCF1!,46.0,46.0,45.95,45.95,12.0
2025-06-10 18:25:00+08:00,TAIFEX:CCF1!,46.0,46.0,46.0,46.0,1.0
2025-06-10 19:25:00+08:00,TAIFEX:CCF1!,46.1,46.1,46.05,46.05,3.0
2025-06-10 20:25:00+08:00,TAIFEX:CCF1!,46.1,46.25,46.1,46.25,9.0
2025-06-10 21:25:00+08:00,TAIFEX:CCF1!,46.3,46.9,46.3,46.65,144.0
2025-06-10 22:25:00+08:00,TAIFEX:CCF1!,46.7,46.8,46.65,46.8,17.0
2025-06-10 23:25:00+08:00,TAIFEX:CCF1!,46.65,46.7,46.65,46.7,5.0
2025-06-11 00:25:00+08:00,TAIFEX:CCF1!,46.7,46.95,46.65,46.95,67.0
2025-06-11 02:25:00+08:00,TAIFEX:CCF1!,46.85,46.85,46.65,46.85,12.0
2025-06-11 03:25:00+08:00,TAIFEX:CCF1!,46.85,47.05,46.85,47.0,30.0
2025-06-11 04:25:00+08:00,TAIFEX:CCF1!,46.95,47.1,46.95,47.1,11.0
2025-06-11 08:45:00+08:00,TAIFEX:CCF1!,46.5,46.95,46.5,46.9,1500.0
2025-06-11 09:45:00+08:00,TAIFEX:CCF1!,46.9,47.05,46.8,46.9,303.0
2025-06-11 10:45:00+08:00,TAIFEX:CCF1!,46.9,47.25,46.9,47.1,579.0
2025-06-11 11:45:00+08:00,TAIFEX:CCF1!,47.1,47.2,47.05,47.15,157.0
2025-06-11 12:45:00+08:00,TAIFEX:CCF1!,47.1,47.25,46.95,47.1,234.0
2025-06-11 17:25:00+08:00,TAIFEX:CCF1!,47.35,47.35,47.35,47.35,1.0
2025-06-11 18:25:00+08:00,TAIFEX:CCF1!,47.3,47.3,47.3,47.3,1.0
2025-06-11 19:25:00+08:00,TAIFEX:CCF1!,47.3,47.3,47.3,47.3,2.0
2025-06-11 20:25:00+08:00,TAIFEX:CCF1!,47.15,47.6,47.15,47.4,22.0
2025-06-11 21:25:00+08:00,TAIFEX:CCF1!,47.5,47.7,47.45,47.7,46.0
2025-06-11 22:25:00+08:00,TAIFEX:CCF1!,47.65,47.7,47.65,47.7,9.0
2025-06-11 23:25:00+08:00,TAIFEX:CCF1!,47.7,47.7,47.5,47.5,12.0
2025-06-12 00:25:00+08:00,TAIFEX:CCF1!,47.45,47.45,47.4,47.4,5.0
2025-06-12 01:25:00+08:00,TAIFEX:CCF1!,47.35,47.35,47.2,47.2,11.0
2025-06-12 02:25:00+08:00,TAIFEX:CCF1!,47.2,47.2,47.15,47.15,5.0
2025-06-12 03:25:00+08:00,TAIFEX:CCF1!,47.25,47.4,47.25,47.4,7.0
2025-06-12 04:25:00+08:00,TAIFEX:CCF1!,47.3,47.4,47.3,47.4,4.0
2025-06-12 08:45:00+08:00,TAIFEX:CCF1!,47.2,47.3,46.9,46.95,370.0
2025-06-12 09:45:00+08:00,TAIFEX:CCF1!,47.0,47.15,47.0,47.15,210.0
2025-06-12 10:45:00+08:00,TAIFEX:CCF1!,47.1,47.25,47.1,47.15,265.0
2025-06-12 11:45:00+08:00,TAIFEX:CCF1!,47.2,47.25,47.1,47.2,312.0
2025-06-12 12:45:00+08:00,TAIFEX:CCF1!,47.2,47.35,47.1,47.3,494.0
2025-06-12 17:25:00+08:00,TAIFEX:CCF1!,46.95,47.0,46.95,47.0,2.0
2025-06-12 18:25:00+08:00,TAIFEX:CCF1!,47.0,47.05,46.95,47.05,6.0
2025-06-12 19:25:00+08:00,TAIFEX:CCF1!,47.0,47.05,47.0,47.05,3.0
2025-06-12 20:25:00+08:00,TAIFEX:CCF1!,47.05,47.1,47.05,47.1,5.0
2025-06-12 21:25:00+08:00,TAIFEX:CCF1!,47.05,47.2,47.0,47.2,7.0
2025-06-12 22:25:00+08:00,TAIFEX:CCF1!,47.3,47.3,47.3,47.3,3.0
2025-06-12 23:25:00+08:00,TAIFEX:CCF1!,47.25,47.25,47.2,47.2,3.0
2025-06-13 00:25:00+08:00,TAIFEX:CCF1!,47.3,47.35,47.3,47.35,3.0
2025-06-13 01:25:00+08:00,TAIFEX:CCF1!,47.35,47.5,47.35,47.45,19.0
2025-06-13 02:25:00+08:00,TAIFEX:CCF1!,47.5,47.5,47.5,47.5,1.0
2025-06-13 03:25:00+08:00,TAIFEX:CCF1!,47.45,47.55,47.45,47.55,15.0
2025-06-13 08:45:00+08:00,TAIFEX:CCF1!,47.25,47.55,46.7,47.4,694.0
2025-06-13 09:45:00+08:00,TAIFEX:CCF1!,47.45,47.65,47.2,47.2,507.0
2025-06-13 10:45:00+08:00,TAIFEX:CCF1!,47.25,47.7,47.25,47.65,496.0
2025-06-13 11:45:00+08:00,TAIFEX:CCF1!,47.65,47.75,47.6,47.7,340.0
2025-06-13 12:45:00+08:00,TAIFEX:CCF1!,47.6,47.8,47.4,47.4,422.0
2025-06-13 18:25:00+08:00,TAIFEX:CCF1!,47.35,47.35,47.3,47.3,3.0
2025-06-13 20:25:00+08:00,TAIFEX:CCF1!,47.3,47.3,47.3,47.3,3.0
2025-06-13 21:25:00+08:00,TAIFEX:CCF1!,47.5,47.85,47.5,47.65,33.0
2025-06-13 22:25:00+08:00,TAIFEX:CCF1!,47.6,47.7,47.6,47.7,9.0
2025-06-13 23:25:00+08:00,TAIFEX:CCF1!,47.75,47.75,47.75,47.75,4.0
2025-06-14 00:25:00+08:00,TAIFEX:CCF1!,47.7,47.7,47.55,47.6,11.0
2025-06-14 01:25:00+08:00,TAIFEX:CCF1!,47.6,47.6,47.55,47.55,5.0
2025-06-14 02:25:00+08:00,TAIFEX:CCF1!,47.55,47.55,47.55,47.55,1.0
2025-06-14 03:25:00+08:00,TAIFEX:CCF1!,47.5,47.6,47.4,47.5,19.0
2025-06-16 08:45:00+08:00,TAIFEX:CCF1!,47.9,47.9,47.25,47.7,595.0
2025-06-16 09:45:00+08:00,TAIFEX:CCF1!,47.7,47.95,47.65,47.9,278.0
2025-06-16 10:45:00+08:00,TAIFEX:CCF1!,47.9,47.95,47.8,47.9,76.0
2025-06-16 11:45:00+08:00,TAIFEX:CCF1!,47.95,47.95,47.7,47.8,130.0
2025-06-16 12:45:00+08:00,TAIFEX:CCF1!,47.8,48.0,47.8,47.9,155.0
2025-06-16 19:25:00+08:00,TAIFEX:CCF1!,48.15,48.15,48.15,48.15,1.0
2025-06-16 21:25:00+08:00,TAIFEX:CCF1!,48.15,48.4,48.15,48.4,16.0
2025-06-16 22:25:00+08:00,TAIFEX:CCF1!,48.45,48.55,48.45,48.5,19.0
2025-06-16 23:25:00+08:00,TAIFEX:CCF1!,48.5,48.5,48.45,48.45,7.0
2025-06-17 00:25:00+08:00,TAIFEX:CCF1!,48.45,48.45,48.45,48.45,1.0
2025-06-17 02:25:00+08:00,TAIFEX:CCF1!,48.4,48.4,48.4,48.4,1.0
2025-06-17 03:25:00+08:00,TAIFEX:CCF1!,48.5,48.55,48.5,48.55,4.0
2025-06-17 08:45:00+08:00,TAIFEX:CCF1!,48.35,48.55,48.3,48.5,524.0
2025-06-17 09:45:00+08:00,TAIFEX:CCF1!,48.55,48.7,48.55,48.7,265.0
2025-06-17 10:45:00+08:00,TAIFEX:CCF1!,48.7,48.75,47.7,47.85,671.0
2025-06-17 11:45:00+08:00,TAIFEX:CCF1!,47.85,47.9,47.65,47.65,269.0
2025-06-17 12:45:00+08:00,TAIFEX:CCF1!,47.65,47.9,47.55,47.8,287.0
2025-06-17 21:25:00+08:00,TAIFEX:CCF1!,47.75,48.2,47.7,48.2,64.0
2025-06-17 22:25:00+08:00,TAIFEX:CCF1!,48.0,48.0,47.85,47.85,4.0
2025-06-17 23:25:00+08:00,TAIFEX:CCF1!,47.85,47.85,47.8,47.8,2.0
2025-06-18 00:25:00+08:00,TAIFEX:CCF1!,47.7,47.7,47.7,47.7,3.0
2025-06-18 01:25:00+08:00,TAIFEX:CCF1!,47.5,47.5,47.5,47.5,1.0
2025-06-18 02:25:00+08:00,TAIFEX:CCF1!,47.5,47.5,47.5,47.5,1.0
2025-06-18 08:45:00+08:00,TAIFEX:CCF1!,47.8,47.9,47.55,47.65,299.0
2025-06-18 09:45:00+08:00,TAIFEX:CCF1!,47.65,48.0,47.65,47.95,296.0
2025-06-18 10:45:00+08:00,TAIFEX:CCF1!,47.95,47.95,47.75,47.85,208.0
2025-06-18 11:45:00+08:00,TAIFEX:CCF1!,47.85,47.95,47.8,47.9,128.0
2025-06-18 12:45:00+08:00,TAIFEX:CCF1!,47.95,48.15,47.85,48.15,284.0
2025-06-18 17:25:00+08:00,TAIFEX:CCF1!,48.15,48.15,47.85,47.85,5.0
2025-06-18 18:25:00+08:00,TAIFEX:CCF1!,47.85,47.85,47.6,47.6,12.0
2025-06-18 19:25:00+08:00,TAIFEX:CCF1!,47.8,47.9,47.8,47.85,17.0
2025-06-18 20:25:00+08:00,TAIFEX:CCF1!,47.8,47.8,47.75,47.75,6.0
2025-06-18 21:25:00+08:00,TAIFEX:CCF1!,47.8,48.45,47.8,48.15,135.0
2025-06-18 22:25:00+08:00,TAIFEX:CCF1!,48.15,48.25,48.15,48.2,18.0
2025-06-18 23:25:00+08:00,TAIFEX:CCF1!,48.2,48.2,48.15,48.2,6.0
2025-06-19 00:25:00+08:00,TAIFEX:CCF1!,48.2,48.4,48.2,48.4,17.0
2025-06-19 01:25:00+08:00,TAIFEX:CCF1!,48.2,48.3,48.2,48.3,2.0
2025-06-19 02:25:00+08:00,TAIFEX:CCF1!,48.4,48.4,48.2,48.25,6.0
2025-06-19 03:25:00+08:00,TAIFEX:CCF1!,48.25,48.55,48.25,48.55,38.0
2025-06-19 04:25:00+08:00,TAIFEX:CCF1!,48.5,48.5,48.5,48.5,1.0
2025-06-19 08:45:00+08:00,TAIFEX:CCF1!,48.2,48.35,47.6,47.9,896.0
2025-06-19 09:45:00+08:00,TAIFEX:CCF1!,47.9,48.05,47.7,47.85,858.0
2025-06-19 10:45:00+08:00,TAIFEX:CCF1!,47.8,48.15,47.8,48.1,778.0
2025-06-19 11:45:00+08:00,TAIFEX:CCF1!,48.1,48.2,48.1,48.15,744.0
2025-06-19 12:45:00+08:00,TAIFEX:CCF1!,48.15,48.2,47.75,47.75,384.0
2025-06-19 17:25:00+08:00,TAIFEX:CCF1!,47.45,47.5,47.45,47.45,18.0
2025-06-19 18:25:00+08:00,TAIFEX:CCF1!,47.45,47.5,47.45,47.5,5.0
2025-06-19 19:25:00+08:00,TAIFEX:CCF1!,47.45,47.5,47.45,47.5,4.0
2025-06-19 20:25:00+08:00,TAIFEX:CCF1!,47.5,47.55,47.5,47.55,19.0
2025-06-19 21:25:00+08:00,TAIFEX:CCF1!,47.5,47.55,47.5,47.5,6.0
2025-06-19 22:25:00+08:00,TAIFEX:CCF1!,47.5,47.55,47.25,47.35,34.0
2025-06-19 23:25:00+08:00,TAIFEX:CCF1!,47.3,47.6,47.3,47.5,48.0
2025-06-20 00:25:00+08:00,TAIFEX:CCF1!,47.35,47.35,47.35,47.35,1.0
2025-06-20 01:25:00+08:00,TAIFEX:CCF1!,47.45,47.5,47.45,47.5,9.0
2025-06-20 02:25:00+08:00,TAIFEX:CCF1!,47.45,47.45,47.4,47.4,5.0
2025-06-20 08:45:00+08:00,TAIFEX:CCF1!,47.3,47.85,46.75,46.95,1342.0
2025-06-20 09:45:00+08:00,TAIFEX:CCF1!,46.9,47.4,46.9,47.35,569.0
2025-06-20 10:45:00+08:00,TAIFEX:CCF1!,47.3,47.45,47.3,47.45,268.0
2025-06-20 11:45:00+08:00,TAIFEX:CCF1!,47.5,47.9,47.45,47.7,612.0
2025-06-20 12:45:00+08:00,TAIFEX:CCF1!,47.7,47.75,47.3,47.4,511.0
2025-06-20 17:25:00+08:00,TAIFEX:CCF1!,47.65,47.65,47.55,47.55,4.0
2025-06-20 18:25:00+08:00,TAIFEX:CCF1!,47.5,47.5,47.5,47.5,1.0
2025-06-20 19:25:00+08:00,TAIFEX:CCF1!,47.45,47.65,47.45,47.55,31.0
2025-06-20 20:25:00+08:00,TAIFEX:CCF1!,47.65,47.65,47.55,47.55,2.0
2025-06-20 21:25:00+08:00,TAIFEX:CCF1!,47.55,47.85,47.5,47.5,92.0
2025-06-20 22:25:00+08:00,TAIFEX:CCF1!,47.5,47.5,47.25,47.35,30.0
2025-06-20 23:25:00+08:00,TAIFEX:CCF1!,47.4,47.45,47.35,47.35,8.0
2025-06-21 00:25:00+08:00,TAIFEX:CCF1!,47.3,47.4,47.3,47.4,3.0
2025-06-21 01:25:00+08:00,TAIFEX:CCF1!,47.25,47.3,47.15,47.3,32.0
2025-06-21 02:25:00+08:00,TAIFEX:CCF1!,47.25,47.3,47.2,47.25,16.0
2025-06-21 03:25:00+08:00,TAIFEX:CCF1!,47.2,47.25,47.2,47.25,3.0
2025-06-21 04:25:00+08:00,TAIFEX:CCF1!,47.3,47.4,47.3,47.4,9.0
2025-06-23 08:45:00+08:00,TAIFEX:CCF1!,46.75,46.75,46.15,46.4,2410.0
2025-06-23 09:45:00+08:00,TAIFEX:CCF1!,46.4,46.9,46.35,46.9,1184.0
2025-06-23 10:45:00+08:00,TAIFEX:CCF1!,46.85,47.1,46.7,47.05,1284.0
2025-06-23 11:45:00+08:00,TAIFEX:CCF1!,47.1,47.1,46.85,46.95,1249.0
2025-06-23 12:45:00+08:00,TAIFEX:CCF1!,46.9,46.95,46.55,46.65,1717.0
2025-06-23 17:25:00+08:00,TAIFEX:CCF1!,44.0,44.2,43.3,44.0,241.0
2025-06-23 18:25:00+08:00,TAIFEX:CCF1!,44.0,44.1,43.95,44.0,61.0
2025-06-23 19:25:00+08:00,TAIFEX:CCF1!,43.95,44.0,43.85,43.9,88.0
2025-06-23 20:25:00+08:00,TAIFEX:CCF1!,43.9,43.95,43.9,43.9,11.0
2025-06-23 21:25:00+08:00,TAIFEX:CCF1!,43.95,44.5,43.85,44.2,328.0
2025-06-23 22:25:00+08:00,TAIFEX:CCF1!,44.2,44.2,44.05,44.1,25.0
2025-06-23 23:25:00+08:00,TAIFEX:CCF1!,44.05,44.1,43.95,44.0,40.0
2025-06-24 00:25:00+08:00,TAIFEX:CCF1!,43.95,43.95,43.75,43.85,45.0
2025-06-24 01:25:00+08:00,TAIFEX:CCF1!,43.9,44.1,43.9,43.9,65.0
2025-06-24 02:25:00+08:00,TAIFEX:CCF1!,43.9,43.9,43.9,43.9,6.0
2025-06-24 03:25:00+08:00,TAIFEX:CCF1!,43.95,44.1,43.95,44.1,13.0
2025-06-24 04:25:00+08:00,TAIFEX:CCF1!,44.1,44.1,44.1,44.1,3.0
2025-06-24 08:45:00+08:00,TAIFEX:CCF1!,44.4,44.45,43.05,43.65,6343.0
2025-06-24 09:45:00+08:00,TAIFEX:CCF1!,43.65,44.35,43.6,44.2,2260.0
2025-06-24 10:45:00+08:00,TAIFEX:CCF1!,44.2,44.35,44.15,44.35,692.0
2025-06-24 11:45:00+08:00,TAIFEX:CCF1!,44.35,44.4,44.25,44.3,450.0
2025-06-24 12:45:00+08:00,TAIFEX:CCF1!,44.35,44.8,44.25,44.7,753.0
2025-06-24 17:25:00+08:00,TAIFEX:CCF1!,44.8,44.85,44.75,44.75,9.0
2025-06-24 18:25:00+08:00,TAIFEX:CCF1!,44.7,44.75,44.65,44.75,9.0
2025-06-24 19:25:00+08:00,TAIFEX:CCF1!,44.75,44.8,44.75,44.8,9.0
2025-06-24 20:25:00+08:00,TAIFEX:CCF1!,44.75,44.8,44.75,44.75,12.0
2025-06-24 21:25:00+08:00,TAIFEX:CCF1!,44.8,45.15,44.7,45.15,81.0
2025-06-24 22:25:00+08:00,TAIFEX:CCF1!,45.15,45.2,45.05,45.15,18.0
2025-06-24 23:25:00+08:00,TAIFEX:CCF1!,45.15,45.15,45.0,45.0,14.0
2025-06-25 00:25:00+08:00,TAIFEX:CCF1!,45.0,45.05,45.0,45.05,8.0
2025-06-25 01:25:00+08:00,TAIFEX:CCF1!,45.05,45.05,45.05,45.05,2.0
2025-06-25 02:25:00+08:00,TAIFEX:CCF1!,45.05,45.15,45.05,45.15,7.0
2025-06-25 03:25:00+08:00,TAIFEX:CCF1!,45.2,45.25,45.2,45.25,8.0
2025-06-25 04:25:00+08:00,TAIFEX:CCF1!,45.3,45.3,45.3,45.3,12.0
2025-06-25 08:45:00+08:00,TAIFEX:CCF1!,45.15,45.45,44.35,44.4,1414.0
2025-06-25 09:45:00+08:00,TAIFEX:CCF1!,44.4,44.4,43.85,43.85,1158.0
2025-06-25 10:45:00+08:00,TAIFEX:CCF1!,43.85,43.95,43.75,43.75,742.0
2025-06-25 11:45:00+08:00,TAIFEX:CCF1!,43.75,43.95,43.7,43.95,1060.0
2025-06-25 12:45:00+08:00,TAIFEX:CCF1!,43.9,44.05,43.8,43.8,525.0
2025-06-25 17:25:00+08:00,TAIFEX:CCF1!,43.7,43.7,43.65,43.65,4.0
2025-06-25 19:25:00+08:00,TAIFEX:CCF1!,43.75,43.8,43.75,43.8,3.0
2025-06-25 20:25:00+08:00,TAIFEX:CCF1!,43.75,43.75,43.75,43.75,2.0
2025-06-25 21:25:00+08:00,TAIFEX:CCF1!,43.7,43.7,43.6,43.6,56.0
2025-06-25 22:25:00+08:00,TAIFEX:CCF1!,43.6,43.75,43.55,43.75,29.0
2025-06-25 23:25:00+08:00,TAIFEX:CCF1!,43.6,43.6,43.6,43.6,18.0
2025-06-26 00:25:00+08:00,TAIFEX:CCF1!,43.6,43.6,43.6,43.6,1.0
2025-06-26 01:25:00+08:00,TAIFEX:CCF1!,43.6,43.6,43.6,43.6,11.0
2025-06-26 02:25:00+08:00,TAIFEX:CCF1!,43.6,43.6,43.6,43.6,13.0
2025-06-26 03:25:00+08:00,TAIFEX:CCF1!,43.6,43.6,43.6,43.6,11.0
2025-06-26 08:45:00+08:00,TAIFEX:CCF1!,43.65,44.15,43.5,43.7,1479.0
2025-06-26 09:45:00+08:00,TAIFEX:CCF1!,43.7,43.8,43.35,43.4,1550.0
2025-06-26 10:45:00+08:00,TAIFEX:CCF1!,43.4,43.45,43.15,43.25,1029.0
2025-06-26 11:45:00+08:00,TAIFEX:CCF1!,43.25,43.25,43.1,43.15,734.0
2025-06-26 12:45:00+08:00,TAIFEX:CCF1!,43.1,43.2,42.95,43.2,704.0
2025-06-26 17:25:00+08:00,TAIFEX:CCF1!,43.05,43.05,43.05,43.05,2.0
2025-06-26 18:25:00+08:00,TAIFEX:CCF1!,43.1,43.1,43.1,43.1,2.0
2025-06-26 19:25:00+08:00,TAIFEX:CCF1!,43.05,43.2,43.05,43.2,3.0
2025-06-26 20:25:00+08:00,TAIFEX:CCF1!,43.05,43.05,43.05,43.05,1.0
2025-06-26 21:25:00+08:00,TAIFEX:CCF1!,43.05,43.1,43.0,43.05,11.0
2025-06-26 22:25:00+08:00,TAIFEX:CCF1!,43.15,43.15,43.1,43.1,4.0
2025-06-26 23:25:00+08:00,TAIFEX:CCF1!,43.1,43.1,43.1,43.1,1.0
2025-06-27 00:25:00+08:00,TAIFEX:CCF1!,43.05,43.05,43.0,43.0,11.0
2025-06-27 01:25:00+08:00,TAIFEX:CCF1!,43.05,43.1,43.05,43.1,5.0
2025-06-27 02:25:00+08:00,TAIFEX:CCF1!,43.1,43.1,43.05,43.05,20.0
2025-06-27 03:25:00+08:00,TAIFEX:CCF1!,43.05,43.05,42.95,43.05,31.0
2025-06-27 04:25:00+08:00,TAIFEX:CCF1!,43.05,43.05,43.05,43.05,1.0
2025-06-27 08:45:00+08:00,TAIFEX:CCF1!,43.2,43.9,43.2,43.75,1171.0
2025-06-27 09:45:00+08:00,TAIFEX:CCF1!,43.7,43.95,43.7,43.75,1036.0
2025-06-27 10:45:00+08:00,TAIFEX:CCF1!,43.8,43.95,43.75,43.85,442.0
2025-06-27 11:45:00+08:00,TAIFEX:CCF1!,43.9,43.95,43.85,43.9,310.0
2025-06-27 12:45:00+08:00,TAIFEX:CCF1!,43.9,43.95,43.8,43.95,368.0
2025-06-27 17:25:00+08:00,TAIFEX:CCF1!,43.9,44.0,43.9,44.0,8.0
2025-06-27 18:25:00+08:00,TAIFEX:CCF1!,44.05,44.05,44.0,44.0,4.0
2025-06-27 20:25:00+08:00,TAIFEX:CCF1!,44.0,44.0,43.95,43.95,12.0
2025-06-27 21:25:00+08:00,TAIFEX:CCF1!,43.9,43.9,43.75,43.9,25.0
2025-06-27 22:25:00+08:00,TAIFEX:CCF1!,43.9,43.95,43.9,43.95,7.0
2025-06-27 23:25:00+08:00,TAIFEX:CCF1!,43.9,44.0,43.9,44.0,2.0
2025-06-28 00:25:00+08:00,TAIFEX:CCF1!,44.0,44.0,44.0,44.0,1.0
2025-06-28 01:25:00+08:00,TAIFEX:CCF1!,43.9,43.9,43.8,43.8,6.0
2025-06-28 02:25:00+08:00,TAIFEX:CCF1!,43.8,43.8,43.7,43.7,16.0
2025-06-28 03:25:00+08:00,TAIFEX:CCF1!,43.85,43.9,43.85,43.9,2.0
2025-06-28 04:25:00+08:00,TAIFEX:CCF1!,43.85,43.9,43.85,43.9,2.0
2025-06-30 08:45:00+08:00,TAIFEX:CCF1!,44.1,44.15,43.9,44.0,311.0
2025-06-30 09:45:00+08:00,TAIFEX:CCF1!,44.05,44.2,43.95,44.0,352.0
2025-06-30 10:45:00+08:00,TAIFEX:CCF1!,44.0,44.0,43.7,43.85,214.0
2025-06-30 11:45:00+08:00,TAIFEX:CCF1!,43.85,43.85,43.8,43.85,152.0
2025-06-30 12:45:00+08:00,TAIFEX:CCF1!,43.85,44.15,43.75,44.1,269.0
2025-06-30 17:25:00+08:00,TAIFEX:CCF1!,44.0,44.05,44.0,44.05,3.0
2025-06-30 18:25:00+08:00,TAIFEX:CCF1!,44.05,44.05,44.05,44.05,4.0
2025-06-30 19:25:00+08:00,TAIFEX:CCF1!,44.0,44.0,43.95,43.95,2.0
2025-06-30 20:25:00+08:00,TAIFEX:CCF1!,43.9,43.9,43.9,43.9,1.0
2025-06-30 21:25:00+08:00,TAIFEX:CCF1!,43.85,43.85,43.55,43.6,27.0
2025-06-30 23:25:00+08:00,TAIFEX:CCF1!,43.65,43.65,43.6,43.6,9.0
2025-07-01 00:25:00+08:00,TAIFEX:CCF1!,43.7,43.7,43.7,43.7,1.0
2025-07-01 02:25:00+08:00,TAIFEX:CCF1!,43.7,43.7,43.7,43.7,1.0
2025-07-01 04:25:00+08:00,TAIFEX:CCF1!,43.75,43.85,43.75,43.85,4.0
2025-07-01 08:45:00+08:00,TAIFEX:CCF1!,44.1,44.6,44.0,44.5,936.0
2025-07-01 09:45:00+08:00,TAIFEX:CCF1!,44.5,44.5,43.95,44.0,682.0
2025-07-01 10:45:00+08:00,TAIFEX:CCF1!,44.0,44.0,43.6,43.65,553.0
2025-07-01 11:45:00+08:00,TAIFEX:CCF1!,43.65,43.7,43.55,43.6,352.0
2025-07-01 12:45:00+08:00,TAIFEX:CCF1!,43.55,43.85,43.55,43.75,178.0
2025-07-01 17:25:00+08:00,TAIFEX:CCF1!,42.95,43.75,42.95,43.75,6.0
2025-07-01 20:25:00+08:00,TAIFEX:CCF1!,43.75,43.75,43.75,43.75,1.0
2025-07-01 21:25:00+08:00,TAIFEX:CCF1!,43.75,43.75,43.65,43.65,16.0
2025-07-01 22:25:00+08:00,TAIFEX:CCF1!,43.7,43.7,43.65,43.65,3.0
2025-07-01 23:25:00+08:00,TAIFEX:CCF1!,43.6,43.6,43.6,43.6,2.0
2025-07-02 08:45:00+08:00,TAIFEX:CCF1!,43.7,44.15,43.55,44.15,654.0
2025-07-02 09:45:00+08:00,TAIFEX:CCF1!,44.1,44.15,44.05,44.1,236.0
2025-07-02 10:45:00+08:00,TAIFEX:CCF1!,44.1,44.15,43.9,43.9,269.0
2025-07-02 11:45:00+08:00,TAIFEX:CCF1!,43.9,44.05,43.9,43.95,121.0
2025-07-02 12:45:00+08:00,TAIFEX:CCF1!,43.9,44.2,43.85,44.1,136.0
2025-07-02 20:25:00+08:00,TAIFEX:CCF1!,43.95,43.95,43.9,43.9,5.0
2025-07-02 21:25:00+08:00,TAIFEX:CCF1!,44.1,44.15,44.1,44.15,17.0
2025-07-02 22:25:00+08:00,TAIFEX:CCF1!,44.15,44.2,44.1,44.2,20.0
2025-07-02 23:25:00+08:00,TAIFEX:CCF1!,44.2,44.25,44.2,44.25,8.0
2025-07-03 00:25:00+08:00,TAIFEX:CCF1!,44.25,44.25,44.25,44.25,15.0
2025-07-03 01:25:00+08:00,TAIFEX:CCF1!,44.3,44.3,44.3,44.3,1.0
2025-07-03 02:25:00+08:00,TAIFEX:CCF1!,44.3,44.35,44.3,44.35,4.0
2025-07-03 03:25:00+08:00,TAIFEX:CCF1!,44.3,44.3,44.3,44.3,2.0
2025-07-03 04:25:00+08:00,TAIFEX:CCF1!,44.3,44.4,44.3,44.4,7.0
2025-07-03 08:45:00+08:00,TAIFEX:CCF1!,44.5,44.9,44.4,44.7,594.0
2025-07-03 09:45:00+08:00,TAIFEX:CCF1!,44.7,44.75,44.55,44.55,253.0
2025-07-03 10:45:00+08:00,TAIFEX:CCF1!,44.5,44.5,44.25,44.45,389.0
2025-07-03 11:45:00+08:00,TAIFEX:CCF1!,44.45,44.45,44.25,44.35,168.0
2025-07-03 12:45:00+08:00,TAIFEX:CCF1!,44.35,44.4,44.3,44.4,126.0
2025-07-03 18:25:00+08:00,TAIFEX:CCF1!,44.4,44.4,44.4,44.4,1.0
2025-07-03 20:25:00+08:00,TAIFEX:CCF1!,44.4,44.4,44.4,44.4,1.0
2025-07-03 21:25:00+08:00,TAIFEX:CCF1!,44.4,44.5,44.4,44.5,4.0
2025-07-03 22:25:00+08:00,TAIFEX:CCF1!,44.55,44.55,44.5,44.5,4.0
2025-07-03 23:25:00+08:00,TAIFEX:CCF1!,44.55,44.55,44.5,44.5,4.0
2025-07-04 00:25:00+08:00,TAIFEX:CCF1!,44.45,44.45,44.45,44.45,5.0
2025-07-04 02:25:00+08:00,TAIFEX:CCF1!,44.55,44.55,44.55,44.55,1.0
2025-07-04 08:45:00+08:00,TAIFEX:CCF1!,44.5,44.65,44.0,44.0,514.0
2025-07-04 09:45:00+08:00,TAIFEX:CCF1!,43.95,44.15,43.8,44.05,400.0
2025-07-04 10:45:00+08:00,TAIFEX:CCF1!,44.0,44.05,43.9,43.9,211.0
2025-07-04 11:45:00+08:00,TAIFEX:CCF1!,43.85,43.85,43.65,43.65,493.0
2025-07-04 12:45:00+08:00,TAIFEX:CCF1!,43.65,43.8,43.6,43.8,364.0
2025-07-04 18:25:00+08:00,TAIFEX:CCF1!,43.7,43.7,43.65,43.65,4.0
2025-07-04 19:25:00+08:00,TAIFEX:CCF1!,43.65,43.65,43.65,43.65,1.0
2025-07-04 20:25:00+08:00,TAIFEX:CCF1!,43.7,43.7,43.7,43.7,1.0
2025-07-04 21:25:00+08:00,TAIFEX:CCF1!,43.7,43.7,43.7,43.7,1.0
2025-07-05 00:25:00+08:00,TAIFEX:CCF1!,43.7,43.7,43.65,43.65,2.0
2025-07-05 01:25:00+08:00,TAIFEX:CCF1!,43.7,43.7,43.65,43.65,3.0
2025-07-05 03:25:00+08:00,TAIFEX:CCF1!,43.7,43.7,43.7,43.7,1.0
2025-07-07 08:45:00+08:00,TAIFEX:CCF1!,43.5,43.85,43.15,43.35,677.0
2025-07-07 09:45:00+08:00,TAIFEX:CCF1!,43.35,43.35,43.25,43.3,220.0
2025-07-07 10:45:00+08:00,TAIFEX:CCF1!,43.3,43.4,43.1,43.3,265.0
2025-07-07 11:45:00+08:00,TAIFEX:CCF1!,43.3,43.35,43.2,43.25,534.0
2025-07-07 12:45:00+08:00,TAIFEX:CCF1!,43.2,43.4,43.2,43.3,480.0
2025-07-07 20:25:00+08:00,TAIFEX:CCF1!,43.25,43.25,43.25,43.25,1.0
2025-07-07 21:25:00+08:00,TAIFEX:CCF1!,43.25,43.3,43.2,43.3,4.0
2025-07-07 22:25:00+08:00,TAIFEX:CCF1!,43.15,43.15,43.15,43.15,1.0
2025-07-07 23:25:00+08:00,TAIFEX:CCF1!,43.2,43.25,43.15,43.15,3.0
2025-07-08 00:25:00+08:00,TAIFEX:CCF1!,43.15,43.15,43.15,43.15,5.0
2025-07-08 01:25:00+08:00,TAIFEX:CCF1!,43.15,43.15,43.0,43.0,9.0
2025-07-08 02:25:00+08:00,TAIFEX:CCF1!,43.0,43.0,42.8,42.8,25.0
2025-07-08 03:25:00+08:00,TAIFEX:CCF1!,42.85,43.0,42.85,43.0,4.0
2025-07-08 08:45:00+08:00,TAIFEX:CCF1!,43.0,43.6,43.0,43.3,464.0
2025-07-08 09:45:00+08:00,TAIFEX:CCF1!,43.3,43.45,43.15,43.35,387.0
2025-07-08 10:45:00+08:00,TAIFEX:CCF1!,43.35,43.65,43.35,43.55,471.0
2025-07-08 11:45:00+08:00,TAIFEX:CCF1!,43.6,43.75,43.5,43.6,269.0
2025-07-08 12:45:00+08:00,TAIFEX:CCF1!,43.6,43.75,43.55,43.6,115.0
2025-07-08 18:25:00+08:00,TAIFEX:CCF1!,43.4,43.4,43.4,43.4,1.0
2025-07-08 21:25:00+08:00,TAIFEX:CCF1!,43.45,43.45,43.4,43.4,5.0
2025-07-08 22:25:00+08:00,TAIFEX:CCF1!,43.65,43.8,43.6,43.8,23.0
2025-07-08 23:25:00+08:00,TAIFEX:CCF1!,43.75,43.75,43.7,43.7,2.0
2025-07-09 00:25:00+08:00,TAIFEX:CCF1!,43.7,43.7,43.7,43.7,1.0
2025-07-09 03:25:00+08:00,TAIFEX:CCF1!,43.75,43.75,43.75,43.75,1.0
2025-07-09 08:45:00+08:00,TAIFEX:CCF1!,43.55,43.9,43.55,43.75,540.0
2025-07-09 09:45:00+08:00,TAIFEX:CCF1!,43.75,43.8,43.65,43.65,169.0
2025-07-09 10:45:00+08:00,TAIFEX:CCF1!,43.7,43.75,43.65,43.75,75.0
2025-07-09 11:45:00+08:00,TAIFEX:CCF1!,43.7,43.75,43.7,43.75,31.0
2025-07-09 12:45:00+08:00,TAIFEX:CCF1!,43.75,43.95,43.7,43.9,612.0
2025-07-09 17:25:00+08:00,TAIFEX:CCF1!,43.9,44.5,43.9,44.4,3.0
2025-07-09 18:25:00+08:00,TAIFEX:CCF1!,44.05,44.05,43.9,44.0,4.0
2025-07-09 19:25:00+08:00,TAIFEX:CCF1!,44.05,44.05,44.05,44.05,1.0
2025-07-09 20:25:00+08:00,TAIFEX:CCF1!,44.0,44.1,43.95,43.95,12.0
2025-07-09 21:25:00+08:00,TAIFEX:CCF1!,44.05,44.1,44.05,44.1,5.0
2025-07-09 22:25:00+08:00,TAIFEX:CCF1!,44.0,44.0,43.95,43.95,12.0
2025-07-10 00:25:00+08:00,TAIFEX:CCF1!,43.95,43.95,43.95,43.95,1.0
2025-07-10 01:25:00+08:00,TAIFEX:CCF1!,43.95,43.95,43.95,43.95,1.0
2025-07-10 03:25:00+08:00,TAIFEX:CCF1!,44.0,44.0,44.0,44.0,1.0
2025-07-10 08:45:00+08:00,TAIFEX:CCF1!,43.8,44.05,43.7,43.85,345.0
2025-07-10 09:45:00+08:00,TAIFEX:CCF1!,43.8,43.95,43.3,43.35,380.0
2025-07-10 10:45:00+08:00,TAIFEX:CCF1!,43.35,43.4,43.2,43.25,527.0
2025-07-10 11:45:00+08:00,TAIFEX:CCF1!,43.25,43.5,43.2,43.45,254.0
2025-07-10 12:45:00+08:00,TAIFEX:CCF1!,43.45,43.55,43.4,43.55,84.0
2025-07-10 18:25:00+08:00,TAIFEX:CCF1!,43.65,43.65,43.65,43.65,3.0
2025-07-10 20:25:00+08:00,TAIFEX:CCF1!,43.65,43.7,43.65,43.7,4.0
2025-07-10 21:25:00+08:00,TAIFEX:CCF1!,43.6,43.6,43.6,43.6,5.0
2025-07-10 22:25:00+08:00,TAIFEX:CCF1!,43.6,43.6,43.6,43.6,3.0
2025-07-10 23:25:00+08:00,TAIFEX:CCF1!,43.6,43.6,43.6,43.6,1.0
2025-07-11 03:25:00+08:00,TAIFEX:CCF1!,43.5,43.5,43.5,43.5,1.0
2025-07-11 08:45:00+08:00,TAIFEX:CCF1!,43.5,43.5,43.15,43.4,220.0
2025-07-11 09:45:00+08:00,TAIFEX:CCF1!,43.35,43.45,43.3,43.3,139.0
2025-07-11 10:45:00+08:00,TAIFEX:CCF1!,43.3,43.4,43.3,43.35,112.0
2025-07-11 11:45:00+08:00,TAIFEX:CCF1!,43.35,43.35,43.3,43.3,52.0
2025-07-11 12:45:00+08:00,TAIFEX:CCF1!,43.3,43.4,43.3,43.3,115.0
2025-07-11 18:25:00+08:00,TAIFEX:CCF1!,43.2,43.2,43.2,43.2,1.0
2025-07-11 19:25:00+08:00,TAIFEX:CCF1!,43.15,43.15,43.15,43.15,1.0
2025-07-11 21:25:00+08:00,TAIFEX:CCF1!,43.15,43.15,43.05,43.15,8.0
2025-07-11 22:25:00+08:00,TAIFEX:CCF1!,43.15,43.15,43.15,43.15,1.0
2025-07-11 23:25:00+08:00,TAIFEX:CCF1!,43.1,43.1,43.1,43.1,1.0
2025-07-12 03:25:00+08:00,TAIFEX:CCF1!,43.25,43.25,43.25,43.25,1.0
2025-07-12 04:25:00+08:00,TAIFEX:CCF1!,43.2,43.2,43.1,43.1,5.0
2025-07-14 08:45:00+08:00,TAIFEX:CCF1!,43.1,43.4,42.85,43.05,359.0
2025-07-14 09:45:00+08:00,TAIFEX:CCF1!,43.05,43.1,42.85,42.95,352.0
2025-07-14 10:45:00+08:00,TAIFEX:CCF1!,42.9,42.95,42.9,42.95,90.0
2025-07-14 11:45:00+08:00,TAIFEX:CCF1!,42.95,43.05,42.95,43.05,144.0
2025-07-14 12:45:00+08:00,TAIFEX:CCF1!,43.05,43.05,42.95,43.05,235.0
2025-07-15 02:25:00+08:00,TAIFEX:CCF1!,43.05,43.05,43.05,43.05,2.0
2025-07-15 04:25:00+08:00,TAIFEX:CCF1!,43.05,43.05,43.05,43.05,1.0
2025-07-15 08:45:00+08:00,TAIFEX:CCF1!,43.25,43.35,42.95,43.3,550.0
2025-07-15 09:45:00+08:00,TAIFEX:CCF1!,43.3,43.45,43.2,43.25,187.0
2025-07-15 10:45:00+08:00,TAIFEX:CCF1!,43.25,43.4,43.25,43.35,149.0
2025-07-15 11:45:00+08:00,TAIFEX:CCF1!,43.35,43.35,43.25,43.3,71.0
2025-07-15 12:45:00+08:00,TAIFEX:CCF1!,43.25,43.55,43.25,43.5,304.0
2025-07-15 23:25:00+08:00,TAIFEX:CCF1!,43.5,43.65,43.5,43.65,6.0
2025-07-16 00:25:00+08:00,TAIFEX:CCF1!,43.65,43.65,43.55,43.55,4.0
2025-07-16 01:25:00+08:00,TAIFEX:CCF1!,43.6,43.6,43.6,43.6,1.0
2025-07-16 04:25:00+08:00,TAIFEX:CCF1!,43.45,43.45,43.45,43.45,1.0
2025-07-16 08:45:00+08:00,TAIFEX:CCF1!,43.5,43.5,43.15,43.25,471.0
2025-07-16 09:45:00+08:00,TAIFEX:CCF1!,43.25,43.4,43.2,43.2,328.0
2025-07-16 10:45:00+08:00,TAIFEX:CCF1!,43.2,43.25,43.15,43.2,348.0
2025-07-16 11:45:00+08:00,TAIFEX:CCF1!,43.2,43.5,43.2,43.5,192.0
2025-07-16 12:45:00+08:00,TAIFEX:CCF1!,43.45,43.5,43.35,43.35,416.0
2025-07-16 18:25:00+08:00,TAIFEX:CCF1!,43.5,43.5,43.5,43.5,1.0
2025-07-16 19:25:00+08:00,TAIFEX:CCF1!,43.4,43.4,43.4,43.4,2.0
2025-07-16 20:25:00+08:00,TAIFEX:CCF1!,43.4,43.45,43.4,43.45,4.0
2025-07-16 21:25:00+08:00,TAIFEX:CCF1!,43.4,43.4,43.1,43.15,69.0
2025-07-16 22:25:00+08:00,TAIFEX:CCF1!,43.2,43.25,43.2,43.2,4.0
2025-07-16 23:25:00+08:00,TAIFEX:CCF1!,43.25,43.25,43.2,43.25,6.0
2025-07-17 00:25:00+08:00,TAIFEX:CCF1!,43.3,43.35,43.3,43.35,3.0
2025-07-17 01:25:00+08:00,TAIFEX:CCF1!,43.4,43.4,43.4,43.4,1.0
2025-07-17 02:25:00+08:00,TAIFEX:CCF1!,43.45,43.45,43.45,43.45,4.0
2025-07-17 03:25:00+08:00,TAIFEX:CCF1!,43.45,43.5,43.4,43.4,10.0
2025-07-17 04:25:00+08:00,TAIFEX:CCF1!,43.45,43.45,43.45,43.45,1.0
2025-07-17 08:45:00+08:00,TAIFEX:CCF1!,43.35,43.55,43.1,43.25,200.0
2025-07-17 09:45:00+08:00,TAIFEX:CCF1!,43.2,43.3,43.15,43.3,149.0
2025-07-17 10:45:00+08:00,TAIFEX:CCF1!,43.3,43.5,43.2,43.5,440.0
2025-07-17 11:45:00+08:00,TAIFEX:CCF1!,43.45,43.55,43.4,43.55,164.0
2025-07-17 12:45:00+08:00,TAIFEX:CCF1!,43.55,43.6,43.45,43.6,207.0
2025-07-17 17:25:00+08:00,TAIFEX:CCF1!,43.65,44.05,43.65,43.75,27.0
2025-07-17 18:25:00+08:00,TAIFEX:CCF1!,43.7,43.7,43.65,43.65,4.0
2025-07-17 19:25:00+08:00,TAIFEX:CCF1!,43.7,43.7,43.7,43.7,1.0
2025-07-17 20:25:00+08:00,TAIFEX:CCF1!,43.75,43.75,43.75,43.75,1.0
2025-07-17 21:25:00+08:00,TAIFEX:CCF1!,43.75,43.8,43.75,43.8,2.0
2025-07-17 22:25:00+08:00,TAIFEX:CCF1!,43.8,43.9,43.8,43.85,12.0
2025-07-17 23:25:00+08:00,TAIFEX:CCF1!,43.9,43.9,43.9,43.9,1.0
2025-07-18 02:25:00+08:00,TAIFEX:CCF1!,43.85,43.85,43.85,43.85,1.0
2025-07-18 03:25:00+08:00,TAIFEX:CCF1!,43.85,43.9,43.85,43.9,4.0
2025-07-18 04:25:00+08:00,TAIFEX:CCF1!,43.85,43.85,43.85,43.85,1.0
2025-07-18 08:45:00+08:00,TAIFEX:CCF1!,43.7,44.05,43.7,43.7,237.0
2025-07-18 09:45:00+08:00,TAIFEX:CCF1!,43.7,43.75,43.7,43.7,58.0
2025-07-18 10:45:00+08:00,TAIFEX:CCF1!,43.65,43.65,43.55,43.6,172.0
2025-07-18 11:45:00+08:00,TAIFEX:CCF1!,43.6,43.6,43.4,43.4,198.0
2025-07-18 12:45:00+08:00,TAIFEX:CCF1!,43.45,43.5,43.35,43.5,128.0
2025-07-18 17:25:00+08:00,TAIFEX:CCF1!,43.4,43.4,43.4,43.4,3.0
2025-07-18 19:25:00+08:00,TAIFEX:CCF1!,43.45,43.45,43.4,43.4,2.0
2025-07-18 21:25:00+08:00,TAIFEX:CCF1!,43.5,43.55,43.5,43.55,6.0
2025-07-18 22:25:00+08:00,TAIFEX:CCF1!,43.4,43.4,43.4,43.4,6.0
2025-07-19 04:25:00+08:00,TAIFEX:CCF1!,43.4,43.4,43.4,43.4,4.0
2025-07-21 08:45:00+08:00,TAIFEX:CCF1!,43.45,43.7,43.4,43.55,354.0
2025-07-21 09:45:00+08:00,TAIFEX:CCF1!,43.55,43.6,43.5,43.5,121.0
2025-07-21 10:45:00+08:00,TAIFEX:CCF1!,43.5,43.5,43.4,43.4,52.0
2025-07-21 11:45:00+08:00,TAIFEX:CCF1!,43.4,43.55,43.4,43.55,43.0
2025-07-21 12:45:00+08:00,TAIFEX:CCF1!,43.5,43.55,43.45,43.45,75.0
2025-07-21 19:25:00+08:00,TAIFEX:CCF1!,43.4,43.4,43.4,43.4,8.0
2025-07-21 20:25:00+08:00,TAIFEX:CCF1!,43.4,43.4,43.4,43.4,2.0
2025-07-21 21:25:00+08:00,TAIFEX:CCF1!,43.4,43.55,43.35,43.55,40.0
2025-07-21 22:25:00+08:00,TAIFEX:CCF1!,43.55,43.55,43.55,43.55,5.0
2025-07-21 23:25:00+08:00,TAIFEX:CCF1!,43.6,43.6,43.6,43.6,4.0
2025-07-22 00:25:00+08:00,TAIFEX:CCF1!,43.65,43.65,43.65,43.65,3.0
2025-07-22 02:25:00+08:00,TAIFEX:CCF1!,43.55,43.55,43.55,43.55,1.0
2025-07-22 08:45:00+08:00,TAIFEX:CCF1!,43.65,43.8,43.6,43.65,174.0
2025-07-22 09:45:00+08:00,TAIFEX:CCF1!,43.65,43.65,43.4,43.5,160.0
2025-07-22 10:45:00+08:00,TAIFEX:CCF1!,43.5,43.5,43.25,43.3,226.0
2025-07-22 11:45:00+08:00,TAIFEX:CCF1!,43.25,43.3,43.05,43.1,283.0
2025-07-22 12:45:00+08:00,TAIFEX:CCF1!,43.1,43.2,43.0,43.2,365.0
2025-07-22 17:25:00+08:00,TAIFEX:CCF1!,43.2,43.2,43.15,43.15,3.0
2025-07-22 18:25:00+08:00,TAIFEX:CCF1!,43.05,43.05,43.05,43.05,1.0
2025-07-22 19:25:00+08:00,TAIFEX:CCF1!,43.1,43.1,43.1,43.1,1.0
2025-07-22 20:25:00+08:00,TAIFEX:CCF1!,43.1,43.15,43.1,43.15,3.0
2025-07-22 21:25:00+08:00,TAIFEX:CCF1!,43.05,43.05,42.7,42.8,32.0
2025-07-22 22:25:00+08:00,TAIFEX:CCF1!,42.85,42.85,42.85,42.85,8.0
2025-07-22 23:25:00+08:00,TAIFEX:CCF1!,42.85,42.9,42.85,42.9,4.0
2025-07-23 00:25:00+08:00,TAIFEX:CCF1!,42.8,42.8,42.8,42.8,4.0
2025-07-23 02:25:00+08:00,TAIFEX:CCF1!,42.85,42.85,42.85,42.85,1.0
2025-07-23 03:25:00+08:00,TAIFEX:CCF1!,42.85,42.85,42.85,42.85,1.0
2025-07-23 08:45:00+08:00,TAIFEX:CCF1!,42.6,43.7,42.6,43.65,456.0
2025-07-23 09:45:00+08:00,TAIFEX:CCF1!,43.65,43.75,43.55,43.7,311.0
2025-07-23 10:45:00+08:00,TAIFEX:CCF1!,43.75,43.8,43.7,43.7,102.0
2025-07-23 11:45:00+08:00,TAIFEX:CCF1!,43.75,43.8,43.75,43.8,146.0
2025-07-23 12:45:00+08:00,TAIFEX:CCF1!,43.8,43.85,43.75,43.75,157.0
2025-07-23 18:25:00+08:00,TAIFEX:CCF1!,43.7,43.7,43.7,43.7,2.0
2025-07-23 19:25:00+08:00,TAIFEX:CCF1!,43.7,43.75,43.7,43.75,13.0
2025-07-23 20:25:00+08:00,TAIFEX:CCF1!,43.75,43.75,43.75,43.75,1.0
2025-07-23 21:25:00+08:00,TAIFEX:CCF1!,43.75,43.8,43.7,43.7,17.0
2025-07-23 22:25:00+08:00,TAIFEX:CCF1!,43.7,43.75,43.7,43.75,6.0
2025-07-23 23:25:00+08:00,TAIFEX:CCF1!,43.7,43.8,43.7,43.7,6.0
2025-07-24 00:25:00+08:00,TAIFEX:CCF1!,43.8,43.8,43.75,43.75,2.0
2025-07-24 03:25:00+08:00,TAIFEX:CCF1!,43.85,43.85,43.85,43.85,1.0
2025-07-24 04:25:00+08:00,TAIFEX:CCF1!,43.95,44.0,43.95,43.95,6.0
2025-07-24 08:45:00+08:00,TAIFEX:CCF1!,44.0,44.0,43.45,43.45,215.0
2025-07-24 09:45:00+08:00,TAIFEX:CCF1!,43.45,43.65,43.4,43.65,161.0
2025-07-24 10:45:00+08:00,TAIFEX:CCF1!,43.65,43.65,43.6,43.6,71.0
2025-07-24 11:45:00+08:00,TAIFEX:CCF1!,43.6,43.65,43.5,43.6,64.0
2025-07-24 12:45:00+08:00,TAIFEX:CCF1!,43.65,43.65,43.5,43.5,105.0
2025-07-24 20:25:00+08:00,TAIFEX:CCF1!,43.6,43.6,43.6,43.6,2.0
2025-07-24 21:25:00+08:00,TAIFEX:CCF1!,43.5,43.5,43.2,43.2,23.0
2025-07-24 22:25:00+08:00,TAIFEX:CCF1!,43.2,43.25,43.15,43.15,5.0
2025-07-24 23:25:00+08:00,TAIFEX:CCF1!,43.15,43.2,43.15,43.15,10.0
2025-07-25 00:25:00+08:00,TAIFEX:CCF1!,43.15,43.15,43.15,43.15,1.0
2025-07-25 01:25:00+08:00,TAIFEX:CCF1!,43.1,43.25,43.1,43.2,8.0
2025-07-25 03:25:00+08:00,TAIFEX:CCF1!,43.15,43.15,43.15,43.15,2.0
2025-07-25 08:45:00+08:00,TAIFEX:CCF1!,43.35,43.65,43.2,43.65,440.0
2025-07-25 09:45:00+08:00,TAIFEX:CCF1!,43.6,43.6,43.5,43.5,129.0
2025-07-25 10:45:00+08:00,TAIFEX:CCF1!,43.5,43.55,43.45,43.55,87.0
2025-07-25 11:45:00+08:00,TAIFEX:CCF1!,43.55,43.55,43.45,43.45,49.0
2025-07-25 12:45:00+08:00,TAIFEX:CCF1!,43.45,43.5,43.35,43.45,214.0
2025-07-25 21:25:00+08:00,TAIFEX:CCF1!,43.3,43.3,43.0,43.05,54.0
2025-07-25 22:25:00+08:00,TAIFEX:CCF1!,43.05,43.05,42.65,42.85,60.0
2025-07-25 23:25:00+08:00,TAIFEX:CCF1!,43.0,43.15,42.9,43.15,10.0
2025-07-26 00:25:00+08:00,TAIFEX:CCF1!,43.1,43.1,43.1,43.1,1.0
2025-07-26 02:25:00+08:00,TAIFEX:CCF1!,43.1,43.1,43.1,43.1,1.0
2025-07-26 04:25:00+08:00,TAIFEX:CCF1!,43.2,43.2,43.2,43.2,3.0
2025-07-28 08:45:00+08:00,TAIFEX:CCF1!,43.35,43.4,42.95,43.0,439.0
2025-07-28 09:45:00+08:00,TAIFEX:CCF1!,43.0,43.2,42.95,43.05,195.0
2025-07-28 10:45:00+08:00,TAIFEX:CCF1!,43.0,43.25,43.0,43.25,240.0
2025-07-28 11:45:00+08:00,TAIFEX:CCF1!,43.25,43.55,43.25,43.5,169.0
2025-07-28 12:45:00+08:00,TAIFEX:CCF1!,43.55,43.55,43.4,43.5,94.0
2025-07-28 18:25:00+08:00,TAIFEX:CCF1!,43.25,43.25,43.25,43.25,2.0
2025-07-28 19:25:00+08:00,TAIFEX:CCF1!,43.3,43.35,43.25,43.25,9.0
2025-07-28 20:25:00+08:00,TAIFEX:CCF1!,43.25,43.25,43.2,43.2,2.0
2025-07-28 21:25:00+08:00,TAIFEX:CCF1!,43.2,43.2,42.95,43.0,64.0
2025-07-28 22:25:00+08:00,TAIFEX:CCF1!,42.95,43.0,42.95,42.95,13.0
2025-07-28 23:25:00+08:00,TAIFEX:CCF1!,42.9,42.9,42.85,42.9,30.0
2025-07-29 00:25:00+08:00,TAIFEX:CCF1!,42.95,42.95,42.75,42.75,40.0
2025-07-29 01:25:00+08:00,TAIFEX:CCF1!,42.75,42.75,42.75,42.75,14.0
2025-07-29 02:25:00+08:00,TAIFEX:CCF1!,42.8,42.8,42.8,42.8,1.0
2025-07-29 03:25:00+08:00,TAIFEX:CCF1!,42.9,42.95,42.9,42.95,4.0
2025-07-29 04:25:00+08:00,TAIFEX:CCF1!,43.0,43.0,43.0,43.0,2.0
2025-07-29 08:45:00+08:00,TAIFEX:CCF1!,43.15,43.25,43.0,43.1,295.0
2025-07-29 09:45:00+08:00,TAIFEX:CCF1!,43.1,43.1,42.95,43.0,614.0
2025-07-29 10:45:00+08:00,TAIFEX:CCF1!,43.0,43.0,42.9,42.95,222.0
2025-07-29 11:45:00+08:00,TAIFEX:CCF1!,42.9,42.95,42.85,42.95,559.0
2025-07-29 12:45:00+08:00,TAIFEX:CCF1!,42.95,42.95,42.85,42.85,395.0
2025-07-29 17:25:00+08:00,TAIFEX:CCF1!,42.85,42.85,42.85,42.85,1.0
2025-07-29 18:25:00+08:00,TAIFEX:CCF1!,42.95,42.95,42.95,42.95,1.0
2025-07-29 21:25:00+08:00,TAIFEX:CCF1!,42.9,43.05,42.9,43.05,11.0
2025-07-29 22:25:00+08:00,TAIFEX:CCF1!,42.9,42.9,42.6,42.6,21.0
2025-07-29 23:25:00+08:00,TAIFEX:CCF1!,42.6,42.6,42.4,42.5,30.0
2025-07-30 00:25:00+08:00,TAIFEX:CCF1!,42.45,42.55,42.45,42.55,5.0
2025-07-30 01:25:00+08:00,TAIFEX:CCF1!,42.55,42.55,42.5,42.5,4.0
2025-07-30 02:25:00+08:00,TAIFEX:CCF1!,42.45,42.45,42.45,42.45,1.0
2025-07-30 03:25:00+08:00,TAIFEX:CCF1!,42.5,42.5,42.5,42.5,1.0
2025-07-30 04:25:00+08:00,TAIFEX:CCF1!,42.5,42.55,42.5,42.55,3.0
2025-07-30 08:45:00+08:00,TAIFEX:CCF1!,42.6,42.95,42.55,42.6,588.0
2025-07-30 09:45:00+08:00,TAIFEX:CCF1!,42.6,42.6,42.1,42.1,443.0
2025-07-30 10:45:00+08:00,TAIFEX:CCF1!,42.15,42.45,42.15,42.3,328.0
2025-07-30 11:45:00+08:00,TAIFEX:CCF1!,42.25,42.45,42.2,42.35,213.0
2025-07-30 12:45:00+08:00,TAIFEX:CCF1!,42.35,42.5,42.25,42.35,260.0
2025-07-30 17:25:00+08:00,TAIFEX:CCF1!,42.5,42.6,42.5,42.5,26.0
2025-07-30 18:25:00+08:00,TAIFEX:CCF1!,42.45,42.45,42.2,42.2,36.0
2025-07-30 19:25:00+08:00,TAIFEX:CCF1!,42.2,42.2,42.2,42.2,1.0
2025-07-30 20:25:00+08:00,TAIFEX:CCF1!,42.25,42.3,42.25,42.3,32.0
2025-07-30 21:25:00+08:00,TAIFEX:CCF1!,42.2,42.35,41.65,42.35,104.0
2025-07-30 22:25:00+08:00,TAIFEX:CCF1!,42.3,42.9,42.15,42.6,114.0
2025-07-30 23:25:00+08:00,TAIFEX:CCF1!,42.75,42.75,42.4,42.4,9.0
2025-07-31 00:25:00+08:00,TAIFEX:CCF1!,42.6,42.9,42.6,42.75,20.0
2025-07-31 01:25:00+08:00,TAIFEX:CCF1!,42.6,42.6,42.6,42.6,1.0
2025-07-31 02:25:00+08:00,TAIFEX:CCF1!,42.6,42.6,42.35,42.35,7.0
2025-07-31 03:25:00+08:00,TAIFEX:CCF1!,42.3,42.5,42.2,42.5,11.0
2025-07-31 04:25:00+08:00,TAIFEX:CCF1!,42.5,42.5,42.4,42.4,4.0
2025-07-31 08:45:00+08:00,TAIFEX:CCF1!,42.2,42.5,41.45,41.65,798.0
2025-07-31 09:45:00+08:00,TAIFEX:CCF1!,41.65,42.05,41.65,41.8,412.0
2025-07-31 10:45:00+08:00,TAIFEX:CCF1!,41.85,41.85,41.7,41.8,145.0
2025-07-31 11:45:00+08:00,TAIFEX:CCF1!,41.8,41.8,41.7,41.8,75.0
2025-07-31 12:45:00+08:00,TAIFEX:CCF1!,41.75,41.75,41.45,41.5,569.0
2025-07-31 17:25:00+08:00,TAIFEX:CCF1!,41.5,41.9,41.5,41.5,14.0
2025-07-31 18:25:00+08:00,TAIFEX:CCF1!,41.55,41.55,41.55,41.55,3.0
2025-07-31 19:25:00+08:00,TAIFEX:CCF1!,41.55,41.6,41.55,41.6,7.0
2025-07-31 20:25:00+08:00,TAIFEX:CCF1!,41.6,41.6,41.55,41.55,8.0
2025-07-31 21:25:00+08:00,TAIFEX:CCF1!,41.5,41.5,41.1,41.1,58.0
2025-07-31 22:25:00+08:00,TAIFEX:CCF1!,41.1,41.1,41.0,41.05,64.0
2025-07-31 23:25:00+08:00,TAIFEX:CCF1!,41.05,41.3,41.05,41.25,15.0
2025-08-01 00:25:00+08:00,TAIFEX:CCF1!,41.2,41.2,41.2,41.2,2.0
2025-08-01 01:25:00+08:00,TAIFEX:CCF1!,41.1,41.1,40.9,40.9,12.0
2025-08-01 02:25:00+08:00,TAIFEX:CCF1!,40.9,40.95,40.9,40.95,5.0
2025-08-01 03:25:00+08:00,TAIFEX:CCF1!,40.95,40.95,40.95,40.95,1.0
2025-08-01 04:25:00+08:00,TAIFEX:CCF1!,41.05,41.05,40.95,40.95,2.0
2025-08-01 08:45:00+08:00,TAIFEX:CCF1!,40.35,41.4,40.3,41.35,1421.0
2025-08-01 09:45:00+08:00,TAIFEX:CCF1!,41.35,41.4,41.2,41.4,416.0
2025-08-01 10:45:00+08:00,TAIFEX:CCF1!,41.35,41.35,41.25,41.25,51.0
2025-08-01 11:45:00+08:00,TAIFEX:CCF1!,41.25,41.25,41.15,41.2,116.0
2025-08-01 12:45:00+08:00,TAIFEX:CCF1!,41.2,41.2,40.75,40.9,132.0
2025-08-01 17:25:00+08:00,TAIFEX:CCF1!,40.65,40.7,40.6,40.7,8.0
2025-08-01 18:25:00+08:00,TAIFEX:CCF1!,40.75,40.75,40.75,40.75,1.0
2025-08-01 19:25:00+08:00,TAIFEX:CCF1!,40.75,40.75,40.75,40.75,1.0
2025-08-01 20:25:00+08:00,TAIFEX:CCF1!,40.75,40.75,40.6,40.6,14.0
2025-08-01 21:25:00+08:00,TAIFEX:CCF1!,40.7,40.9,40.5,40.6,29.0
2025-08-01 22:25:00+08:00,TAIFEX:CCF1!,40.6,40.6,40.6,40.6,6.0
2025-08-01 23:25:00+08:00,TAIFEX:CCF1!,40.7,40.75,40.7,40.75,3.0
2025-08-02 00:25:00+08:00,TAIFEX:CCF1!,40.7,40.7,40.7,40.7,2.0
2025-08-02 01:25:00+08:00,TAIFEX:CCF1!,40.6,40.65,40.6,40.6,4.0
2025-08-02 02:25:00+08:00,TAIFEX:CCF1!,40.7,40.7,40.6,40.6,4.0
2025-08-02 03:25:00+08:00,TAIFEX:CCF1!,40.7,40.7,40.7,40.7,1.0
2025-08-04 08:45:00+08:00,TAIFEX:CCF1!,40.55,41.05,40.45,40.85,523.0
2025-08-04 09:45:00+08:00,TAIFEX:CCF1!,40.9,41.4,40.9,41.4,527.0
2025-08-04 10:45:00+08:00,TAIFEX:CCF1!,41.4,41.55,41.3,41.45,249.0
2025-08-04 11:45:00+08:00,TAIFEX:CCF1!,41.45,41.45,41.2,41.3,234.0
2025-08-04 12:45:00+08:00,TAIFEX:CCF1!,41.3,41.3,41.15,41.2,151.0
2025-08-04 17:25:00+08:00,TAIFEX:CCF1!,41.45,41.45,41.45,41.45,1.0
2025-08-04 20:25:00+08:00,TAIFEX:CCF1!,41.2,41.2,41.2,41.2,5.0
2025-08-04 21:25:00+08:00,TAIFEX:CCF1!,41.2,41.2,40.9,41.0,42.0
2025-08-04 22:25:00+08:00,TAIFEX:CCF1!,41.0,41.0,40.85,40.85,15.0
2025-08-04 23:25:00+08:00,TAIFEX:CCF1!,40.9,40.9,40.9,40.9,6.0
2025-08-05 00:25:00+08:00,TAIFEX:CCF1!,40.85,40.85,40.85,40.85,3.0
2025-08-05 01:25:00+08:00,TAIFEX:CCF1!,40.85,40.85,40.85,40.85,6.0
2025-08-05 02:25:00+08:00,TAIFEX:CCF1!,40.9,40.95,40.85,40.85,6.0
2025-08-05 03:25:00+08:00,TAIFEX:CCF1!,40.95,40.95,40.95,40.95,1.0
2025-08-05 08:45:00+08:00,TAIFEX:CCF1!,41.1,41.6,41.05,41.25,371.0
2025-08-05 09:45:00+08:00,TAIFEX:CCF1!,41.25,41.45,41.25,41.35,141.0
2025-08-05 10:45:00+08:00,TAIFEX:CCF1!,41.4,41.55,41.35,41.5,146.0
2025-08-05 11:45:00+08:00,TAIFEX:CCF1!,41.5,41.55,41.4,41.45,71.0
2025-08-05 12:45:00+08:00,TAIFEX:CCF1!,41.45,41.45,41.2,41.2,90.0
2025-08-05 20:25:00+08:00,TAIFEX:CCF1!,41.1,41.1,41.1,41.1,3.0
2025-08-05 21:25:00+08:00,TAIFEX:CCF1!,41.0,41.1,40.8,40.8,29.0
2025-08-05 22:25:00+08:00,TAIFEX:CCF1!,40.85,40.85,40.75,40.8,27.0
2025-08-05 23:25:00+08:00,TAIFEX:CCF1!,40.8,40.85,40.8,40.85,3.0
2025-08-06 01:25:00+08:00,TAIFEX:CCF1!,40.9,40.95,40.9,40.95,5.0
2025-08-06 02:25:00+08:00,TAIFEX:CCF1!,40.95,40.95,40.85,40.9,15.0
2025-08-06 03:25:00+08:00,TAIFEX:CCF1!,40.95,40.95,40.95,40.95,3.0
2025-08-06 08:45:00+08:00,TAIFEX:CCF1!,40.9,40.95,40.35,40.75,497.0
2025-08-06 09:45:00+08:00,TAIFEX:CCF1!,40.7,40.9,40.65,40.8,118.0
2025-08-06 10:45:00+08:00,TAIFEX:CCF1!,40.8,41.0,40.7,40.9,199.0
2025-08-06 11:45:00+08:00,TAIFEX:CCF1!,40.9,40.9,40.75,40.75,110.0
2025-08-06 12:45:00+08:00,TAIFEX:CCF1!,40.75,40.8,40.65,40.7,126.0
2025-08-06 18:25:00+08:00,TAIFEX:CCF1!,40.7,40.7,40.7,40.7,3.0
2025-08-06 20:25:00+08:00,TAIFEX:CCF1!,40.65,40.7,40.65,40.7,7.0
2025-08-06 21:25:00+08:00,TAIFEX:CCF1!,40.5,40.5,40.25,40.45,40.0
2025-08-06 22:25:00+08:00,TAIFEX:CCF1!,40.35,40.35,40.25,40.3,12.0
2025-08-06 23:25:00+08:00,TAIFEX:CCF1!,40.35,40.35,40.35,40.35,2.0
2025-08-07 00:25:00+08:00,TAIFEX:CCF1!,40.4,40.4,40.4,40.4,7.0
2025-08-07 01:25:00+08:00,TAIFEX:CCF1!,40.45,40.45,40.45,40.45,2.0
2025-08-07 02:25:00+08:00,TAIFEX:CCF1!,40.45,40.45,40.4,40.45,9.0
2025-08-07 04:25:00+08:00,TAIFEX:CCF1!,40.5,40.55,40.5,40.55,3.0
2025-08-07 08:45:00+08:00,TAIFEX:CCF1!,39.9,40.75,39.55,40.35,1101.0
2025-08-07 09:45:00+08:00,TAIFEX:CCF1!,40.35,40.75,40.35,40.7,342.0
2025-08-07 10:45:00+08:00,TAIFEX:CCF1!,40.65,40.65,40.45,40.55,101.0
2025-08-07 11:45:00+08:00,TAIFEX:CCF1!,40.5,40.6,40.5,40.5,40.0
2025-08-07 12:45:00+08:00,TAIFEX:CCF1!,40.5,40.5,40.25,40.25,245.0
2025-08-07 17:25:00+08:00,TAIFEX:CCF1!,40.45,40.45,40.45,40.45,2.0
2025-08-07 18:25:00+08:00,TAIFEX:CCF1!,40.3,40.3,40.3,40.3,1.0
2025-08-07 19:25:00+08:00,TAIFEX:CCF1!,40.45,40.45,40.45,40.45,13.0
2025-08-07 20:25:00+08:00,TAIFEX:CCF1!,40.45,40.45,40.45,40.45,8.0
2025-08-07 21:25:00+08:00,TAIFEX:CCF1!,40.4,40.45,40.2,40.2,52.0
2025-08-07 22:25:00+08:00,TAIFEX:CCF1!,40.15,40.2,40.15,40.15,14.0
2025-08-07 23:25:00+08:00,TAIFEX:CCF1!,40.15,40.15,40.1,40.15,14.0
2025-08-08 00:25:00+08:00,TAIFEX:CCF1!,40.15,40.15,40.1,40.1,8.0
2025-08-08 01:25:00+08:00,TAIFEX:CCF1!,40.1,40.1,40.0,40.0,12.0
2025-08-08 02:25:00+08:00,TAIFEX:CCF1!,40.0,40.05,40.0,40.05,7.0
2025-08-08 03:25:00+08:00,TAIFEX:CCF1!,40.05,40.05,40.05,40.05,2.0
2025-08-08 04:25:00+08:00,TAIFEX:CCF1!,40.05,40.05,40.05,40.05,3.0
2025-08-08 08:45:00+08:00,TAIFEX:CCF1!,40.15,40.4,40.0,40.25,360.0
2025-08-08 09:45:00+08:00,TAIFEX:CCF1!,40.3,40.35,40.15,40.3,128.0
2025-08-08 10:45:00+08:00,TAIFEX:CCF1!,40.35,40.4,40.3,40.4,100.0
2025-08-08 11:45:00+08:00,TAIFEX:CCF1!,40.4,40.6,40.4,40.6,127.0
2025-08-08 12:45:00+08:00,TAIFEX:CCF1!,40.6,40.65,40.45,40.45,187.0
2025-08-08 17:25:00+08:00,TAIFEX:CCF1!,40.45,40.45,40.45,40.45,2.0
2025-08-08 19:25:00+08:00,TAIFEX:CCF1!,40.35,40.35,40.35,40.35,4.0
2025-08-08 20:25:00+08:00,TAIFEX:CCF1!,40.4,40.4,40.4,40.4,3.0
2025-08-08 21:25:00+08:00,TAIFEX:CCF1!,40.45,40.45,40.4,40.4,2.0
2025-08-08 23:25:00+08:00,TAIFEX:CCF1!,40.35,40.35,40.35,40.35,7.0
2025-08-09 02:25:00+08:00,TAIFEX:CCF1!,40.35,40.35,40.3,40.3,8.0
2025-08-09 03:25:00+08:00,TAIFEX:CCF1!,40.25,40.35,40.2,40.35,18.0
2025-08-11 08:45:00+08:00,TAIFEX:CCF1!,40.25,40.55,40.2,40.5,232.0
2025-08-11 09:45:00+08:00,TAIFEX:CCF1!,40.5,40.6,40.4,40.45,142.0
2025-08-11 10:45:00+08:00,TAIFEX:CCF1!,40.45,40.6,40.4,40.55,149.0
2025-08-11 11:45:00+08:00,TAIFEX:CCF1!,40.55,40.6,40.45,40.55,91.0
2025-08-11 12:45:00+08:00,TAIFEX:CCF1!,40.5,40.55,40.3,40.4,214.0
2025-08-11 17:25:00+08:00,TAIFEX:CCF1!,40.2,40.2,40.2,40.2,2.0
2025-08-11 19:25:00+08:00,TAIFEX:CCF1!,40.3,40.3,40.3,40.3,1.0
2025-08-11 21:25:00+08:00,TAIFEX:CCF1!,40.3,40.55,40.3,40.55,38.0
2025-08-11 22:25:00+08:00,TAIFEX:CCF1!,40.55,40.55,40.45,40.5,4.0
2025-08-11 23:25:00+08:00,TAIFEX:CCF1!,40.55,40.6,40.45,40.6,15.0
2025-08-12 00:25:00+08:00,TAIFEX:CCF1!,40.5,40.5,40.5,40.5,4.0
2025-08-12 01:25:00+08:00,TAIFEX:CCF1!,40.45,40.45,40.45,40.45,2.0
2025-08-12 02:25:00+08:00,TAIFEX:CCF1!,40.5,40.5,40.5,40.5,3.0
2025-08-12 03:25:00+08:00,TAIFEX:CCF1!,40.4,40.4,40.4,40.4,5.0
2025-08-12 08:45:00+08:00,TAIFEX:CCF1!,40.5,40.85,40.5,40.6,265.0
2025-08-12 09:45:00+08:00,TAIFEX:CCF1!,40.55,40.6,40.5,40.5,92.0
2025-08-12 10:45:00+08:00,TAIFEX:CCF1!,40.5,40.55,40.4,40.4,69.0
2025-08-12 11:45:00+08:00,TAIFEX:CCF1!,40.45,40.65,40.45,40.65,88.0
2025-08-12 12:45:00+08:00,TAIFEX:CCF1!,40.65,40.7,40.55,40.65,99.0
2025-08-12 22:25:00+08:00,TAIFEX:CCF1!,40.65,40.65,40.65,40.65,1.0
2025-08-13 00:25:00+08:00,TAIFEX:CCF1!,40.65,40.65,40.65,40.65,2.0
2025-08-13 03:25:00+08:00,TAIFEX:CCF1!,40.8,40.8,40.8,40.8,1.0
2025-08-13 08:45:00+08:00,TAIFEX:CCF1!,40.85,41.05,40.7,40.85,258.0
2025-08-13 09:45:00+08:00,TAIFEX:CCF1!,40.75,40.75,40.6,40.6,100.0
2025-08-13 10:45:00+08:00,TAIFEX:CCF1!,40.6,40.6,40.45,40.45,178.0
2025-08-13 11:45:00+08:00,TAIFEX:CCF1!,40.5,40.5,40.45,40.5,82.0
2025-08-13 12:45:00+08:00,TAIFEX:CCF1!,40.5,40.8,40.45,40.75,125.0
2025-08-13 21:25:00+08:00,TAIFEX:CCF1!,40.85,41.1,40.85,41.1,14.0
2025-08-13 23:25:00+08:00,TAIFEX:CCF1!,40.8,40.8,40.8,40.8,1.0
2025-08-14 00:25:00+08:00,TAIFEX:CCF1!,40.75,40.9,40.75,40.9,4.0
2025-08-14 02:25:00+08:00,TAIFEX:CCF1!,40.85,40.85,40.85,40.85,1.0
2025-08-14 03:25:00+08:00,TAIFEX:CCF1!,40.7,40.95,40.7,40.95,4.0
2025-08-14 08:45:00+08:00,TAIFEX:CCF1!,40.8,40.9,40.65,40.75,282.0
2025-08-14 09:45:00+08:00,TAIFEX:CCF1!,40.75,40.95,40.75,40.9,260.0
2025-08-14 10:45:00+08:00,TAIFEX:CCF1!,40.9,40.95,40.8,40.9,132.0
2025-08-14 11:45:00+08:00,TAIFEX:CCF1!,40.9,40.9,40.75,40.85,139.0
2025-08-14 12:45:00+08:00,TAIFEX:CCF1!,40.85,41.1,40.8,40.85,838.0
2025-08-14 20:25:00+08:00,TAIFEX:CCF1!,40.8,40.8,40.8,40.8,2.0
2025-08-14 21:25:00+08:00,TAIFEX:CCF1!,40.8,40.85,40.8,40.85,4.0
2025-08-14 22:25:00+08:00,TAIFEX:CCF1!,40.9,41.35,40.9,41.35,26.0
2025-08-14 23:25:00+08:00,TAIFEX:CCF1!,41.35,41.4,41.25,41.25,21.0
2025-08-15 01:25:00+08:00,TAIFEX:CCF1!,41.3,41.3,41.3,41.3,1.0
2025-08-15 02:25:00+08:00,TAIFEX:CCF1!,41.3,41.4,41.3,41.4,8.0
2025-08-15 03:25:00+08:00,TAIFEX:CCF1!,41.4,41.4,41.4,41.4,2.0
2025-08-15 04:25:00+08:00,TAIFEX:CCF1!,41.35,41.35,41.35,41.35,1.0
2025-08-15 08:45:00+08:00,TAIFEX:CCF1!,41.05,41.6,41.0,41.05,844.0
2025-08-15 09:45:00+08:00,TAIFEX:CCF1!,41.1,41.3,41.0,41.25,177.0
2025-08-15 10:45:00+08:00,TAIFEX:CCF1!,41.25,41.25,41.15,41.15,144.0
2025-08-15 11:45:00+08:00,TAIFEX:CCF1!,41.15,41.25,41.15,41.25,204.0
2025-08-15 12:45:00+08:00,TAIFEX:CCF1!,41.25,41.4,41.05,41.25,159.0
2025-08-15 18:25:00+08:00,TAIFEX:CCF1!,41.25,41.25,41.25,41.25,1.0
2025-08-15 19:25:00+08:00,TAIFEX:CCF1!,41.25,41.25,41.25,41.25,1.0
2025-08-15 20:25:00+08:00,TAIFEX:CCF1!,41.25,41.25,41.25,41.25,1.0
2025-08-15 21:25:00+08:00,TAIFEX:CCF1!,41.25,41.25,40.95,41.05,13.0
2025-08-15 23:25:00+08:00,TAIFEX:CCF1!,41.05,41.2,41.05,41.2,7.0
2025-08-16 01:25:00+08:00,TAIFEX:CCF1!,41.25,41.35,41.25,41.35,3.0
2025-08-16 02:25:00+08:00,TAIFEX:CCF1!,41.4,41.4,41.4,41.4,1.0
2025-08-16 03:25:00+08:00,TAIFEX:CCF1!,41.35,41.35,41.3,41.3,2.0
2025-08-16 04:25:00+08:00,TAIFEX:CCF1!,41.15,41.15,41.15,41.15,1.0
2025-08-18 08:45:00+08:00,TAIFEX:CCF1!,41.0,41.1,40.4,40.5,700.0
2025-08-18 09:45:00+08:00,TAIFEX:CCF1!,40.55,40.55,40.15,40.2,405.0
2025-08-18 10:45:00+08:00,TAIFEX:CCF1!,40.15,40.25,40.1,40.2,161.0
2025-08-18 11:45:00+08:00,TAIFEX:CCF1!,40.2,40.4,40.2,40.35,121.0
2025-08-18 12:45:00+08:00,TAIFEX:CCF1!,40.35,40.4,40.2,40.4,234.0
2025-08-18 17:25:00+08:00,TAIFEX:CCF1!,40.4,40.4,40.4,40.4,6.0
2025-08-18 18:25:00+08:00,TAIFEX:CCF1!,40.3,40.3,40.3,40.3,5.0
2025-08-18 19:25:00+08:00,TAIFEX:CCF1!,40.4,40.4,40.4,40.4,1.0
2025-08-18 20:25:00+08:00,TAIFEX:CCF1!,40.45,40.55,40.45,40.55,23.0
2025-08-18 21:25:00+08:00,TAIFEX:CCF1!,40.5,40.55,40.5,40.55,11.0
2025-08-18 22:25:00+08:00,TAIFEX:CCF1!,40.6,40.75,40.55,40.75,82.0
2025-08-19 01:25:00+08:00,TAIFEX:CCF1!,40.7,40.7,40.7,40.7,1.0
2025-08-19 08:45:00+08:00,TAIFEX:CCF1!,40.6,40.6,40.1,40.2,364.0
2025-08-19 09:45:00+08:00,TAIFEX:CCF1!,40.25,40.5,40.15,40.45,295.0
2025-08-19 10:45:00+08:00,TAIFEX:CCF1!,40.45,40.55,40.45,40.55,149.0
2025-08-19 11:45:00+08:00,TAIFEX:CCF1!,40.55,40.8,40.55,40.75,293.0
2025-08-19 12:45:00+08:00,TAIFEX:CCF1!,40.75,41.15,40.75,41.15,370.0
2025-08-19 18:25:00+08:00,TAIFEX:CCF1!,41.3,41.3,41.3,41.3,1.0
2025-08-19 21:25:00+08:00,TAIFEX:CCF1!,41.2,41.25,41.2,41.25,3.0
2025-08-19 22:25:00+08:00,TAIFEX:CCF1!,41.1,41.1,41.0,41.0,9.0
2025-08-19 23:25:00+08:00,TAIFEX:CCF1!,41.05,41.05,41.05,41.05,1.0
2025-08-20 01:25:00+08:00,TAIFEX:CCF1!,40.95,40.95,40.95,40.95,1.0
2025-08-20 02:25:00+08:00,TAIFEX:CCF1!,40.95,40.95,40.8,40.8,6.0
2025-08-20 08:45:00+08:00,TAIFEX:CCF1!,41.5,42.45,41.15,41.95,3484.0
2025-08-20 09:45:00+08:00,TAIFEX:CCF1!,42.0,42.3,41.75,41.8,772.0
2025-08-20 10:45:00+08:00,TAIFEX:CCF1!,41.85,41.85,41.6,41.7,565.0
2025-08-20 11:45:00+08:00,TAIFEX:CCF1!,41.7,42.1,41.6,42.0,724.0
2025-08-20 12:45:00+08:00,TAIFEX:CCF1!,42.05,42.15,41.9,42.15,487.0
2025-08-20 17:25:00+08:00,TAIFEX:CCF1!,42.2,42.2,42.0,42.0,13.0
2025-08-20 18:25:00+08:00,TAIFEX:CCF1!,42.0,42.0,41.9,41.9,40.0
2025-08-20 19:25:00+08:00,TAIFEX:CCF1!,41.95,41.95,41.85,41.85,42.0
2025-08-20 20:25:00+08:00,TAIFEX:CCF1!,41.9,41.95,41.85,41.9,10.0
2025-08-20 21:25:00+08:00,TAIFEX:CCF1!,41.85,41.85,41.55,41.65,73.0
2025-08-20 22:25:00+08:00,TAIFEX:CCF1!,41.65,41.65,41.25,41.5,111.0
2025-08-20 23:25:00+08:00,TAIFEX:CCF1!,41.6,41.7,41.55,41.7,11.0
2025-08-21 02:25:00+08:00,TAIFEX:CCF1!,41.65,41.65,41.65,41.65,1.0
2025-08-21 03:25:00+08:00,TAIFEX:CCF1!,41.7,41.7,41.7,41.7,11.0
2025-08-21 08:45:00+08:00,TAIFEX:CCF1!,41.7,42.05,41.5,41.7,975.0
2025-08-21 09:45:00+08:00,TAIFEX:CCF1!,41.7,41.85,41.55,41.6,296.0
2025-08-21 10:45:00+08:00,TAIFEX:CCF1!,41.6,41.7,41.6,41.65,77.0
2025-08-21 11:45:00+08:00,TAIFEX:CCF1!,41.65,41.7,41.65,41.7,87.0
2025-08-21 12:45:00+08:00,TAIFEX:CCF1!,41.7,41.75,41.45,41.5,243.0
2025-08-21 17:25:00+08:00,TAIFEX:CCF1!,41.6,41.7,41.6,41.7,4.0
2025-08-21 18:25:00+08:00,TAIFEX:CCF1!,41.75,41.75,41.75,41.75,1.0
2025-08-21 19:25:00+08:00,TAIFEX:CCF1!,41.65,41.65,41.65,41.65,3.0
2025-08-21 20:25:00+08:00,TAIFEX:CCF1!,41.6,41.6,41.6,41.6,3.0
2025-08-21 21:25:00+08:00,TAIFEX:CCF1!,41.6,41.6,41.3,41.3,26.0
2025-08-21 22:25:00+08:00,TAIFEX:CCF1!,41.55,41.55,41.4,41.4,3.0
2025-08-21 23:25:00+08:00,TAIFEX:CCF1!,41.4,41.4,41.35,41.35,10.0
2025-08-22 00:25:00+08:00,TAIFEX:CCF1!,41.35,41.35,41.35,41.35,2.0
2025-08-22 01:25:00+08:00,TAIFEX:CCF1!,41.35,41.4,41.35,41.4,6.0
2025-08-22 02:25:00+08:00,TAIFEX:CCF1!,41.4,41.4,41.35,41.35,5.0
2025-08-22 03:25:00+08:00,TAIFEX:CCF1!,41.35,41.35,41.35,41.35,6.0
2025-08-22 08:45:00+08:00,TAIFEX:CCF1!,41.5,41.5,40.65,40.9,737.0
2025-08-22 09:45:00+08:00,TAIFEX:CCF1!,40.85,40.85,40.7,40.7,103.0
2025-08-22 10:45:00+08:00,TAIFEX:CCF1!,40.75,40.75,40.65,40.7,121.0
2025-08-22 11:45:00+08:00,TAIFEX:CCF1!,40.7,40.7,40.6,40.65,294.0
2025-08-22 12:45:00+08:00,TAIFEX:CCF1!,40.65,40.8,40.65,40.65,210.0
2025-08-22 17:25:00+08:00,TAIFEX:CCF1!,40.85,41.05,40.8,41.05,5.0
2025-08-22 18:25:00+08:00,TAIFEX:CCF1!,40.9,41.0,40.9,41.0,23.0
2025-08-22 19:25:00+08:00,TAIFEX:CCF1!,41.0,41.0,41.0,41.0,1.0
2025-08-22 20:25:00+08:00,TAIFEX:CCF1!,41.0,41.0,41.0,41.0,5.0
2025-08-22 21:25:00+08:00,TAIFEX:CCF1!,41.0,41.55,40.95,41.3,53.0
2025-08-22 22:25:00+08:00,TAIFEX:CCF1!,41.3,41.45,41.25,41.3,7.0
2025-08-22 23:25:00+08:00,TAIFEX:CCF1!,41.35,41.35,41.3,41.3,3.0
2025-08-23 00:25:00+08:00,TAIFEX:CCF1!,41.25,41.25,41.2,41.25,11.0
2025-08-23 01:25:00+08:00,TAIFEX:CCF1!,41.25,41.25,41.25,41.25,4.0
2025-08-23 02:25:00+08:00,TAIFEX:CCF1!,41.25,41.25,41.25,41.25,1.0
2025-08-23 03:25:00+08:00,TAIFEX:CCF1!,41.25,41.25,41.25,41.25,2.0
2025-08-23 04:25:00+08:00,TAIFEX:CCF1!,41.3,41.3,41.3,41.3,1.0
2025-08-25 08:45:00+08:00,TAIFEX:CCF1!,41.3,41.3,40.65,40.65,428.0
2025-08-25 09:45:00+08:00,TAIFEX:CCF1!,40.65,40.8,40.6,40.75,255.0
2025-08-25 10:45:00+08:00,TAIFEX:CCF1!,40.75,40.8,40.65,40.65,59.0
2025-08-25 11:45:00+08:00,TAIFEX:CCF1!,40.65,40.7,40.6,40.65,65.0
2025-08-25 12:45:00+08:00,TAIFEX:CCF1!,40.65,40.75,40.55,40.6,368.0
2025-08-25 17:25:00+08:00,TAIFEX:CCF1!,40.65,40.95,40.65,40.85,20.0
2025-08-25 18:25:00+08:00,TAIFEX:CCF1!,40.85,40.85,40.75,40.75,6.0
2025-08-25 19:25:00+08:00,TAIFEX:CCF1!,40.75,40.75,40.75,40.75,2.0
2025-08-25 20:25:00+08:00,TAIFEX:CCF1!,40.75,40.75,40.75,40.75,1.0
2025-08-25 21:25:00+08:00,TAIFEX:CCF1!,40.85,40.85,40.6,40.6,12.0
2025-08-25 22:25:00+08:00,TAIFEX:CCF1!,40.65,40.7,40.65,40.7,3.0
2025-08-26 02:25:00+08:00,TAIFEX:CCF1!,40.65,40.65,40.65,40.65,1.0
2025-08-26 08:45:00+08:00,TAIFEX:CCF1!,40.55,40.65,40.35,40.45,229.0
2025-08-26 09:45:00+08:00,TAIFEX:CCF1!,40.5,40.5,40.4,40.5,70.0
2025-08-26 10:45:00+08:00,TAIFEX:CCF1!,40.5,40.5,40.45,40.5,6.0
2025-08-26 11:45:00+08:00,TAIFEX:CCF1!,40.5,40.7,40.5,40.7,146.0
2025-08-26 12:45:00+08:00,TAIFEX:CCF1!,40.65,41.65,40.6,41.25,585.0
2025-08-26 17:25:00+08:00,TAIFEX:CCF1!,41.4,41.4,41.4,41.4,3.0
2025-08-26 18:25:00+08:00,TAIFEX:CCF1!,41.4,41.4,41.3,41.3,3.0
2025-08-26 19:25:00+08:00,TAIFEX:CCF1!,41.3,41.35,41.3,41.35,3.0
2025-08-26 21:25:00+08:00,TAIFEX:CCF1!,41.35,41.35,41.25,41.3,11.0
2025-08-26 22:25:00+08:00,TAIFEX:CCF1!,41.3,41.35,41.25,41.3,8.0
2025-08-27 00:25:00+08:00,TAIFEX:CCF1!,41.3,41.3,41.3,41.3,2.0
2025-08-27 03:25:00+08:00,TAIFEX:CCF1!,41.3,41.35,41.3,41.35,15.0
2025-08-27 04:25:00+08:00,TAIFEX:CCF1!,41.35,41.35,41.35,41.35,4.0
2025-08-27 08:45:00+08:00,TAIFEX:CCF1!,41.3,41.45,40.9,41.25,734.0
2025-08-27 09:45:00+08:00,TAIFEX:CCF1!,41.25,41.25,40.95,41.0,121.0
2025-08-27 10:45:00+08:00,TAIFEX:CCF1!,41.0,41.0,40.95,41.0,27.0
2025-08-27 11:45:00+08:00,TAIFEX:CCF1!,41.0,41.0,40.95,41.0,110.0
2025-08-27 12:45:00+08:00,TAIFEX:CCF1!,41.0,41.1,40.95,41.05,137.0
2025-08-27 18:25:00+08:00,TAIFEX:CCF1!,41.1,41.25,41.1,41.25,7.0
2025-08-27 19:25:00+08:00,TAIFEX:CCF1!,41.3,41.3,41.25,41.25,11.0
2025-08-27 20:25:00+08:00,TAIFEX:CCF1!,41.25,41.25,41.2,41.2,4.0
2025-08-27 21:25:00+08:00,TAIFEX:CCF1!,41.1,41.1,40.95,41.0,7.0
2025-08-27 23:25:00+08:00,TAIFEX:CCF1!,41.0,41.0,41.0,41.0,1.0
2025-08-28 03:25:00+08:00,TAIFEX:CCF1!,41.05,41.05,41.05,41.05,2.0
2025-08-28 08:45:00+08:00,TAIFEX:CCF1!,41.05,41.15,40.7,40.75,305.0
2025-08-28 09:45:00+08:00,TAIFEX:CCF1!,40.75,40.8,40.7,40.75,154.0
2025-08-28 10:45:00+08:00,TAIFEX:CCF1!,40.75,40.85,40.75,40.8,170.0
2025-08-28 11:45:00+08:00,TAIFEX:CCF1!,40.8,40.8,40.65,40.65,156.0
2025-08-28 12:45:00+08:00,TAIFEX:CCF1!,40.7,40.7,40.6,40.6,58.0
2025-08-28 17:25:00+08:00,TAIFEX:CCF1!,40.55,40.75,40.55,40.75,7.0
2025-08-28 18:25:00+08:00,TAIFEX:CCF1!,40.7,40.7,40.7,40.7,6.0
2025-08-28 20:25:00+08:00,TAIFEX:CCF1!,40.75,40.75,40.65,40.65,4.0
2025-08-28 21:25:00+08:00,TAIFEX:CCF1!,40.75,40.75,40.75,40.75,1.0
2025-08-29 08:45:00+08:00,TAIFEX:CCF1!,40.75,40.85,40.6,40.6,145.0
2025-08-29 09:45:00+08:00,TAIFEX:CCF1!,40.6,40.6,40.5,40.55,199.0
2025-08-29 10:45:00+08:00,TAIFEX:CCF1!,40.55,40.85,40.55,40.6,163.0
2025-08-29 11:45:00+08:00,TAIFEX:CCF1!,40.6,40.6,40.55,40.6,49.0
2025-08-29 12:45:00+08:00,TAIFEX:CCF1!,40.6,40.75,40.55,40.75,62.0
2025-08-29 17:25:00+08:00,TAIFEX:CCF1!,40.7,40.7,40.7,40.7,11.0
2025-08-29 18:25:00+08:00,TAIFEX:CCF1!,40.7,40.7,40.7,40.7,1.0
2025-08-29 21:25:00+08:00,TAIFEX:CCF1!,40.6,40.6,40.35,40.35,12.0
2025-08-29 22:25:00+08:00,TAIFEX:CCF1!,40.3,40.3,40.25,40.25,3.0
2025-08-29 23:25:00+08:00,TAIFEX:CCF1!,40.3,40.3,40.3,40.3,1.0
2025-08-30 03:25:00+08:00,TAIFEX:CCF1!,40.3,40.3,40.3,40.3,3.0
2025-08-30 04:25:00+08:00,TAIFEX:CCF1!,40.4,40.45,40.4,40.45,3.0
2025-09-01 08:45:00+08:00,TAIFEX:CCF1!,40.15,40.8,40.1,40.7,188.0
2025-09-01 09:45:00+08:00,TAIFEX:CCF1!,40.7,40.8,40.4,40.6,377.0
2025-09-01 10:45:00+08:00,TAIFEX:CCF1!,40.5,40.6,40.4,40.6,343.0
2025-09-01 11:45:00+08:00,TAIFEX:CCF1!,40.55,40.6,40.5,40.55,123.0
2025-09-01 12:45:00+08:00,TAIFEX:CCF1!,40.55,40.7,40.5,40.7,88.0
2025-09-02 08:45:00+08:00,TAIFEX:CCF1!,40.8,41.0,40.7,40.9,263.0
2025-09-02 09:45:00+08:00,TAIFEX:CCF1!,40.9,40.9,40.65,40.75,159.0
2025-09-02 10:45:00+08:00,TAIFEX:CCF1!,40.65,40.85,40.55,40.8,229.0
2025-09-02 11:45:00+08:00,TAIFEX:CCF1!,40.85,40.85,40.7,40.7,133.0
2025-09-02 12:45:00+08:00,TAIFEX:CCF1!,40.7,40.9,40.65,40.9,124.0
2025-09-02 20:25:00+08:00,TAIFEX:CCF1!,40.6,40.6,40.45,40.55,9.0
2025-09-02 21:25:00+08:00,TAIFEX:CCF1!,40.55,40.6,40.45,40.6,5.0
2025-09-02 22:25:00+08:00,TAIFEX:CCF1!,40.5,40.5,40.45,40.45,5.0
2025-09-02 23:25:00+08:00,TAIFEX:CCF1!,40.55,40.55,40.45,40.45,11.0
2025-09-03 00:25:00+08:00,TAIFEX:CCF1!,40.45,40.5,40.45,40.5,2.0
2025-09-03 01:25:00+08:00,TAIFEX:CCF1!,40.55,40.55,40.55,40.55,1.0
2025-09-03 02:25:00+08:00,TAIFEX:CCF1!,40.65,40.85,40.65,40.85,4.0
2025-09-03 08:45:00+08:00,TAIFEX:CCF1!,40.9,40.9,40.7,40.85,97.0
2025-09-03 09:45:00+08:00,TAIFEX:CCF1!,40.8,40.9,40.75,40.75,69.0
2025-09-03 10:45:00+08:00,TAIFEX:CCF1!,40.75,40.75,40.75,40.75,53.0
2025-09-03 11:45:00+08:00,TAIFEX:CCF1!,40.7,40.7,40.7,40.7,23.0
2025-09-03 12:45:00+08:00,TAIFEX:CCF1!,40.75,40.9,40.7,40.8,80.0
2025-09-03 20:25:00+08:00,TAIFEX:CCF1!,41.0,41.0,40.9,40.9,2.0
2025-09-03 21:25:00+08:00,TAIFEX:CCF1!,40.9,40.9,40.9,40.9,2.0
2025-09-03 22:25:00+08:00,TAIFEX:CCF1!,40.9,41.0,40.9,41.0,4.0
2025-09-04 01:25:00+08:00,TAIFEX:CCF1!,41.0,41.0,41.0,41.0,7.0
2025-09-04 02:25:00+08:00,TAIFEX:CCF1!,41.0,41.0,41.0,41.0,3.0
2025-09-04 03:25:00+08:00,TAIFEX:CCF1!,41.0,41.0,41.0,41.0,2.0
2025-09-04 08:45:00+08:00,TAIFEX:CCF1!,41.1,41.85,41.0,41.65,1169.0
2025-09-04 09:45:00+08:00,TAIFEX:CCF1!,41.65,42.85,41.6,42.5,3726.0
2025-09-04 10:45:00+08:00,TAIFEX:CCF1!,42.5,42.55,41.9,42.05,1353.0
2025-09-04 11:45:00+08:00,TAIFEX:CCF1!,42.0,42.15,41.95,42.0,924.0
2025-09-04 12:45:00+08:00,TAIFEX:CCF1!,42.0,42.15,41.75,42.15,765.0
2025-09-04 17:25:00+08:00,TAIFEX:CCF1!,41.8,41.8,41.8,41.8,8.0
2025-09-04 18:25:00+08:00,TAIFEX:CCF1!,41.85,41.85,41.85,41.85,1.0
2025-09-04 21:25:00+08:00,TAIFEX:CCF1!,42.15,42.2,42.15,42.15,4.0
2025-09-04 22:25:00+08:00,TAIFEX:CCF1!,42.25,42.25,42.1,42.15,8.0
2025-09-04 23:25:00+08:00,TAIFEX:CCF1!,42.2,42.2,42.15,42.2,11.0
2025-09-05 00:25:00+08:00,TAIFEX:CCF1!,42.15,42.15,42.15,42.15,12.0
2025-09-05 01:25:00+08:00,TAIFEX:CCF1!,42.15,42.15,42.15,42.15,1.0
2025-09-05 02:25:00+08:00,TAIFEX:CCF1!,42.25,42.25,42.25,42.25,2.0
2025-09-05 03:25:00+08:00,TAIFEX:CCF1!,42.3,42.3,42.3,42.3,1.0
2025-09-05 04:25:00+08:00,TAIFEX:CCF1!,42.4,42.5,42.35,42.5,4.0
2025-09-05 08:45:00+08:00,TAIFEX:CCF1!,42.5,42.5,41.0,41.15,2143.0
2025-09-05 09:45:00+08:00,TAIFEX:CCF1!,41.15,41.35,41.05,41.2,304.0
2025-09-05 10:45:00+08:00,TAIFEX:CCF1!,41.2,41.2,41.05,41.15,203.0
2025-09-05 11:45:00+08:00,TAIFEX:CCF1!,41.15,41.2,41.1,41.15,145.0
2025-09-05 12:45:00+08:00,TAIFEX:CCF1!,41.1,41.35,41.1,41.35,358.0
2025-09-05 20:25:00+08:00,TAIFEX:CCF1!,41.2,41.4,41.2,41.4,7.0
2025-09-05 21:25:00+08:00,TAIFEX:CCF1!,41.4,41.45,41.4,41.45,16.0
2025-09-05 22:25:00+08:00,TAIFEX:CCF1!,41.3,41.3,41.25,41.25,2.0
2025-09-05 23:25:00+08:00,TAIFEX:CCF1!,41.35,41.4,41.35,41.4,5.0
2025-09-06 01:25:00+08:00,TAIFEX:CCF1!,41.35,41.35,41.35,41.35,2.0
2025-09-06 02:25:00+08:00,TAIFEX:CCF1!,41.35,41.45,41.35,41.45,14.0
2025-09-06 03:25:00+08:00,TAIFEX:CCF1!,41.5,41.5,41.45,41.45,6.0
2025-09-08 08:45:00+08:00,TAIFEX:CCF1!,41.4,41.6,40.85,41.25,505.0
2025-09-08 09:45:00+08:00,TAIFEX:CCF1!,41.25,41.35,41.2,41.35,384.0
2025-09-08 10:45:00+08:00,TAIFEX:CCF1!,41.4,41.7,41.35,41.65,867.0
2025-09-08 11:45:00+08:00,TAIFEX:CCF1!,41.65,41.75,41.5,41.5,196.0
2025-09-08 12:45:00+08:00,TAIFEX:CCF1!,41.5,41.55,41.45,41.55,87.0
2025-09-08 21:25:00+08:00,TAIFEX:CCF1!,41.8,41.8,41.8,41.8,2.0
2025-09-08 23:25:00+08:00,TAIFEX:CCF1!,41.75,41.8,41.75,41.8,4.0
2025-09-09 04:25:00+08:00,TAIFEX:CCF1!,41.8,41.8,41.8,41.8,1.0
2025-09-09 08:45:00+08:00,TAIFEX:CCF1!,41.8,41.85,41.35,41.5,394.0
2025-09-09 09:45:00+08:00,TAIFEX:CCF1!,41.45,41.6,41.4,41.5,620.0
2025-09-09 10:45:00+08:00,TAIFEX:CCF1!,41.5,41.5,41.4,41.5,76.0
2025-09-09 11:45:00+08:00,TAIFEX:CCF1!,41.45,41.65,41.4,41.55,193.0
2025-09-09 12:45:00+08:00,TAIFEX:CCF1!,41.5,41.6,41.4,41.4,190.0
2025-09-09 21:25:00+08:00,TAIFEX:CCF1!,41.6,41.65,41.55,41.65,7.0
2025-09-09 22:25:00+08:00,TAIFEX:CCF1!,41.55,41.65,41.55,41.65,6.0
2025-09-10 01:25:00+08:00,TAIFEX:CCF1!,41.65,41.65,41.65,41.65,1.0
2025-09-10 08:45:00+08:00,TAIFEX:CCF1!,41.55,41.6,41.05,41.1,526.0
2025-09-10 09:45:00+08:00,TAIFEX:CCF1!,41.1,41.4,41.1,41.4,238.0
2025-09-10 10:45:00+08:00,TAIFEX:CCF1!,41.4,41.5,41.35,41.4,126.0
2025-09-10 11:45:00+08:00,TAIFEX:CCF1!,41.4,41.45,41.3,41.3,213.0
2025-09-10 12:45:00+08:00,TAIFEX:CCF1!,41.35,41.45,41.25,41.25,216.0
2025-09-10 18:25:00+08:00,TAIFEX:CCF1!,41.05,41.05,41.05,41.05,1.0
2025-09-10 19:25:00+08:00,TAIFEX:CCF1!,41.3,41.3,41.3,41.3,2.0
2025-09-10 20:25:00+08:00,TAIFEX:CCF1!,41.2,41.35,41.2,41.35,2.0
2025-09-10 21:25:00+08:00,TAIFEX:CCF1!,41.35,41.35,41.35,41.35,4.0
2025-09-10 23:25:00+08:00,TAIFEX:CCF1!,41.35,41.35,41.35,41.35,1.0
2025-09-11 02:25:00+08:00,TAIFEX:CCF1!,41.3,41.3,41.3,41.3,1.0
2025-09-11 08:45:00+08:00,TAIFEX:CCF1!,41.3,41.35,41.05,41.1,353.0
2025-09-11 09:45:00+08:00,TAIFEX:CCF1!,41.05,41.1,40.95,41.1,256.0
2025-09-11 10:45:00+08:00,TAIFEX:CCF1!,41.05,41.15,41.05,41.1,361.0
2025-09-11 11:45:00+08:00,TAIFEX:CCF1!,41.1,41.1,40.85,40.95,554.0
2025-09-11 12:45:00+08:00,TAIFEX:CCF1!,40.95,41.05,40.9,40.95,390.0
2025-09-11 17:25:00+08:00,TAIFEX:CCF1!,41.05,41.1,41.05,41.1,3.0
2025-09-11 21:25:00+08:00,TAIFEX:CCF1!,41.15,41.15,41.15,41.15,1.0
2025-09-12 00:25:00+08:00,TAIFEX:CCF1!,41.05,41.05,41.05,41.05,1.0
2025-09-12 08:45:00+08:00,TAIFEX:CCF1!,41.15,41.15,40.95,41.15,351.0
2025-09-12 09:45:00+08:00,TAIFEX:CCF1!,41.15,41.35,41.1,41.35,119.0
2025-09-12 10:45:00+08:00,TAIFEX:CCF1!,41.35,41.35,41.25,41.25,202.0
2025-09-12 11:45:00+08:00,TAIFEX:CCF1!,41.25,41.25,41.2,41.2,68.0
2025-09-12 12:45:00+08:00,TAIFEX:CCF1!,41.2,41.3,41.1,41.15,240.0
2025-09-12 19:25:00+08:00,TAIFEX:CCF1!,41.05,41.05,41.05,41.05,1.0
2025-09-12 21:25:00+08:00,TAIFEX:CCF1!,41.05,41.05,40.9,40.9,13.0
2025-09-12 22:25:00+08:00,TAIFEX:CCF1!,40.85,40.85,40.85,40.85,8.0
2025-09-12 23:25:00+08:00,TAIFEX:CCF1!,40.8,40.8,40.8,40.8,3.0
2025-09-13 00:25:00+08:00,TAIFEX:CCF1!,40.85,40.9,40.85,40.9,2.0
2025-09-13 01:25:00+08:00,TAIFEX:CCF1!,40.95,40.95,40.95,40.95,1.0
2025-09-15 08:45:00+08:00,TAIFEX:CCF1!,41.05,41.5,40.65,41.35,533.0
2025-09-15 09:45:00+08:00,TAIFEX:CCF1!,41.4,41.45,41.3,41.3,298.0
2025-09-15 10:45:00+08:00,TAIFEX:CCF1!,41.25,41.35,41.2,41.25,119.0
2025-09-15 11:45:00+08:00,TAIFEX:CCF1!,41.25,41.35,41.25,41.25,79.0
2025-09-15 12:45:00+08:00,TAIFEX:CCF1!,41.25,41.25,41.1,41.1,140.0
2025-09-15 21:25:00+08:00,TAIFEX:CCF1!,41.25,41.9,41.25,41.6,19.0
2025-09-15 22:25:00+08:00,TAIFEX:CCF1!,41.4,41.4,41.4,41.4,1.0
2025-09-16 08:45:00+08:00,TAIFEX:CCF1!,41.55,41.55,41.2,41.4,142.0
2025-09-16 09:45:00+08:00,TAIFEX:CCF1!,41.4,41.55,41.4,41.45,103.0
2025-09-16 10:45:00+08:00,TAIFEX:CCF1!,41.4,41.4,41.15,41.2,90.0
2025-09-16 11:45:00+08:00,TAIFEX:CCF1!,41.2,41.3,41.2,41.25,71.0
2025-09-16 12:45:00+08:00,TAIFEX:CCF1!,41.25,41.25,41.05,41.05,104.0
2025-09-16 17:25:00+08:00,TAIFEX:CCF1!,41.25,41.25,41.25,41.25,1.0
2025-09-16 19:25:00+08:00,TAIFEX:CCF1!,41.2,41.2,41.2,41.2,2.0
2025-09-16 20:25:00+08:00,TAIFEX:CCF1!,41.2,41.2,41.2,41.2,2.0
2025-09-16 23:25:00+08:00,TAIFEX:CCF1!,41.15,41.15,41.15,41.15,1.0
2025-09-17 08:45:00+08:00,TAIFEX:CCF1!,41.2,41.4,41.1,41.35,330.0
2025-09-17 09:45:00+08:00,TAIFEX:CCF1!,41.4,41.5,41.25,41.25,184.0
2025-09-17 10:45:00+08:00,TAIFEX:CCF1!,41.3,41.3,41.25,41.3,196.0
2025-09-17 11:45:00+08:00,TAIFEX:CCF1!,41.3,41.45,41.25,41.45,210.0
2025-09-17 12:45:00+08:00,TAIFEX:CCF1!,41.35,41.45,41.35,41.45,316.0
2025-09-17 19:25:00+08:00,TAIFEX:CCF1!,41.4,41.45,41.35,41.45,40.0
2025-09-17 20:25:00+08:00,TAIFEX:CCF1!,41.4,41.5,41.4,41.5,17.0
2025-09-17 21:25:00+08:00,TAIFEX:CCF1!,41.5,41.7,41.5,41.7,12.0
2025-09-17 22:25:00+08:00,TAIFEX:CCF1!,41.7,41.7,41.6,41.6,3.0
2025-09-17 23:25:00+08:00,TAIFEX:CCF1!,41.6,41.6,41.6,41.6,1.0
2025-09-18 00:25:00+08:00,TAIFEX:CCF1!,41.5,41.5,41.4,41.4,20.0
2025-09-18 02:25:00+08:00,TAIFEX:CCF1!,41.45,41.45,41.4,41.4,5.0
2025-09-18 08:45:00+08:00,TAIFEX:CCF1!,41.7,42.1,41.65,41.9,876.0
2025-09-18 09:45:00+08:00,TAIFEX:CCF1!,41.9,42.2,41.85,42.05,542.0
2025-09-18 10:45:00+08:00,TAIFEX:CCF1!,42.05,42.2,42.0,42.05,325.0
2025-09-18 11:45:00+08:00,TAIFEX:CCF1!,42.05,42.05,41.9,41.9,260.0
2025-09-18 12:45:00+08:00,TAIFEX:CCF1!,41.95,41.95,41.75,41.8,221.0
2025-09-18 18:25:00+08:00,TAIFEX:CCF1!,41.85,41.85,41.8,41.8,3.0
2025-09-18 19:25:00+08:00,TAIFEX:CCF1!,41.9,42.2,41.9,42.2,41.0
2025-09-18 20:25:00+08:00,TAIFEX:CCF1!,42.2,42.25,42.1,42.1,11.0
2025-09-18 21:25:00+08:00,TAIFEX:CCF1!,42.15,42.15,41.85,41.85,32.0
2025-09-18 22:25:00+08:00,TAIFEX:CCF1!,42.0,42.1,41.95,42.1,17.0
2025-09-18 23:25:00+08:00,TAIFEX:CCF1!,42.15,42.2,42.15,42.2,11.0
2025-09-19 00:25:00+08:00,TAIFEX:CCF1!,42.2,42.2,42.2,42.2,4.0
2025-09-19 01:25:00+08:00,TAIFEX:CCF1!,42.25,42.25,42.25,42.25,1.0
2025-09-19 02:25:00+08:00,TAIFEX:CCF1!,42.2,42.2,42.2,42.2,1.0
2025-09-19 03:25:00+08:00,TAIFEX:CCF1!,42.2,42.2,42.2,42.2,1.0
2025-09-19 04:25:00+08:00,TAIFEX:CCF1!,42.2,42.2,42.2,42.2,3.0
2025-09-19 08:45:00+08:00,TAIFEX:CCF1!,42.4,42.9,42.2,42.65,2469.0
2025-09-19 09:45:00+08:00,TAIFEX:CCF1!,42.65,43.5,42.65,43.1,1375.0
2025-09-19 10:45:00+08:00,TAIFEX:CCF1!,43.1,43.35,43.1,43.3,364.0
2025-09-19 11:45:00+08:00,TAIFEX:CCF1!,43.25,43.3,43.1,43.2,228.0
2025-09-19 12:45:00+08:00,TAIFEX:CCF1!,43.2,43.4,43.1,43.3,522.0
2025-09-19 18:25:00+08:00,TAIFEX:CCF1!,43.15,43.2,43.15,43.2,8.0
2025-09-19 19:25:00+08:00,TAIFEX:CCF1!,43.2,43.2,43.2,43.2,1.0
2025-09-19 20:25:00+08:00,TAIFEX:CCF1!,43.25,43.3,43.25,43.3,4.0
2025-09-19 21:25:00+08:00,TAIFEX:CCF1!,43.2,43.25,43.05,43.25,47.0
2025-09-19 22:25:00+08:00,TAIFEX:CCF1!,43.3,43.3,43.2,43.2,10.0
2025-09-19 23:25:00+08:00,TAIFEX:CCF1!,43.2,43.2,43.2,43.2,1.0
2025-09-20 00:25:00+08:00,TAIFEX:CCF1!,43.2,43.2,43.2,43.2,1.0
2025-09-20 01:25:00+08:00,TAIFEX:CCF1!,43.25,43.25,43.25,43.25,1.0
2025-09-20 02:25:00+08:00,TAIFEX:CCF1!,43.3,43.3,43.3,43.3,1.0
2025-09-20 03:25:00+08:00,TAIFEX:CCF1!,43.35,43.35,43.35,43.35,1.0
2025-09-20 04:25:00+08:00,TAIFEX:CCF1!,43.4,43.4,43.4,43.4,2.0
2025-09-22 08:45:00+08:00,TAIFEX:CCF1!,43.8,43.9,42.95,43.3,1448.0
2025-09-22 09:45:00+08:00,TAIFEX:CCF1!,43.3,43.3,42.95,43.1,282.0
2025-09-22 10:45:00+08:00,TAIFEX:CCF1!,43.05,43.45,43.0,43.4,405.0
2025-09-22 11:45:00+08:00,TAIFEX:CCF1!,43.4,43.45,43.25,43.3,192.0
2025-09-22 12:45:00+08:00,TAIFEX:CCF1!,43.3,43.35,43.1,43.1,276.0
2025-09-22 17:25:00+08:00,TAIFEX:CCF1!,43.4,43.4,42.6,42.95,24.0
2025-09-22 18:25:00+08:00,TAIFEX:CCF1!,42.9,42.9,42.9,42.9,2.0
2025-09-22 21:25:00+08:00,TAIFEX:CCF1!,43.35,43.85,43.35,43.6,102.0
2025-09-22 22:25:00+08:00,TAIFEX:CCF1!,43.5,43.65,43.45,43.65,37.0
2025-09-22 23:25:00+08:00,TAIFEX:CCF1!,43.65,43.85,43.65,43.85,45.0
2025-09-23 00:25:00+08:00,TAIFEX:CCF1!,43.8,43.85,43.8,43.85,7.0
2025-09-23 01:25:00+08:00,TAIFEX:CCF1!,43.8,44.05,43.8,44.05,57.0
2025-09-23 02:25:00+08:00,TAIFEX:CCF1!,43.95,43.95,43.85,43.85,2.0
2025-09-23 03:25:00+08:00,TAIFEX:CCF1!,43.8,43.85,43.8,43.8,8.0
2025-09-23 08:45:00+08:00,TAIFEX:CCF1!,43.55,43.9,43.3,43.7,1473.0
2025-09-23 09:45:00+08:00,TAIFEX:CCF1!,43.7,44.0,43.6,43.7,417.0
2025-09-23 10:45:00+08:00,TAIFEX:CCF1!,43.7,44.55,43.65,44.4,1058.0
2025-09-23 11:45:00+08:00,TAIFEX:CCF1!,44.4,44.4,43.9,43.95,678.0
2025-09-23 12:45:00+08:00,TAIFEX:CCF1!,44.0,44.1,43.9,44.1,311.0
2025-09-23 17:25:00+08:00,TAIFEX:CCF1!,44.25,44.6,44.25,44.6,29.0
2025-09-23 18:25:00+08:00,TAIFEX:CCF1!,44.6,44.65,44.6,44.6,17.0
2025-09-23 19:25:00+08:00,TAIFEX:CCF1!,44.6,44.65,44.6,44.65,12.0
2025-09-23 20:25:00+08:00,TAIFEX:CCF1!,44.6,44.6,44.5,44.5,18.0
2025-09-23 21:25:00+08:00,TAIFEX:CCF1!,44.5,44.55,44.3,44.55,13.0
2025-09-23 22:25:00+08:00,TAIFEX:CCF1!,44.5,44.5,44.4,44.4,12.0
2025-09-23 23:25:00+08:00,TAIFEX:CCF1!,44.5,44.5,44.35,44.45,19.0
2025-09-24 00:25:00+08:00,TAIFEX:CCF1!,44.45,44.55,44.45,44.55,4.0
2025-09-24 01:25:00+08:00,TAIFEX:CCF1!,44.35,44.4,44.35,44.4,4.0
2025-09-24 02:25:00+08:00,TAIFEX:CCF1!,44.5,44.55,44.5,44.55,12.0
2025-09-24 04:25:00+08:00,TAIFEX:CCF1!,44.45,44.45,44.45,44.45,2.0
2025-09-24 08:45:00+08:00,TAIFEX:CCF1!,44.25,45.35,44.05,45.1,2106.0
2025-09-24 09:45:00+08:00,TAIFEX:CCF1!,45.1,45.2,44.65,44.95,1141.0
2025-09-24 10:45:00+08:00,TAIFEX:CCF1!,44.95,45.15,44.8,44.9,492.0
2025-09-24 11:45:00+08:00,TAIFEX:CCF1!,44.9,45.1,44.85,45.0,324.0
2025-09-24 12:45:00+08:00,TAIFEX:CCF1!,45.0,45.15,44.9,45.1,217.0
2025-09-24 17:25:00+08:00,TAIFEX:CCF1!,45.1,45.25,45.0,45.25,3.0
2025-09-24 19:25:00+08:00,TAIFEX:CCF1!,45.15,45.15,45.15,45.15,8.0
2025-09-24 20:25:00+08:00,TAIFEX:CCF1!,45.2,45.25,45.2,45.2,10.0
2025-09-24 21:25:00+08:00,TAIFEX:CCF1!,45.1,45.1,44.95,45.05,23.0
2025-09-24 22:25:00+08:00,TAIFEX:CCF1!,45.15,45.15,45.15,45.15,1.0
2025-09-24 23:25:00+08:00,TAIFEX:CCF1!,45.05,45.05,44.85,44.85,17.0
2025-09-25 00:25:00+08:00,TAIFEX:CCF1!,44.9,45.0,44.9,45.0,2.0
2025-09-25 01:25:00+08:00,TAIFEX:CCF1!,45.1,45.15,45.1,45.15,4.0
2025-09-25 02:25:00+08:00,TAIFEX:CCF1!,45.25,45.25,45.25,45.25,2.0
2025-09-25 04:25:00+08:00,TAIFEX:CCF1!,45.3,45.3,45.3,45.3,1.0
2025-09-25 08:45:00+08:00,TAIFEX:CCF1!,45.1,45.3,44.65,44.7,796.0
2025-09-25 09:45:00+08:00,TAIFEX:CCF1!,44.65,44.8,44.5,44.6,377.0
2025-09-25 10:45:00+08:00,TAIFEX:CCF1!,44.55,44.55,44.0,44.4,593.0
2025-09-25 11:45:00+08:00,TAIFEX:CCF1!,44.35,44.4,44.25,44.3,196.0
2025-09-25 12:45:00+08:00,TAIFEX:CCF1!,44.3,44.4,44.25,44.4,286.0
2025-09-25 18:25:00+08:00,TAIFEX:CCF1!,44.55,44.55,44.55,44.55,6.0
2025-09-25 19:25:00+08:00,TAIFEX:CCF1!,44.4,44.4,44.4,44.4,7.0
2025-09-25 20:25:00+08:00,TAIFEX:CCF1!,44.4,44.5,44.1,44.3,19.0
2025-09-25 21:25:00+08:00,TAIFEX:CCF1!,44.45,44.55,44.15,44.55,39.0
2025-09-25 22:25:00+08:00,TAIFEX:CCF1!,44.5,44.55,44.5,44.55,16.0
2025-09-25 23:25:00+08:00,TAIFEX:CCF1!,44.55,44.9,44.55,44.9,33.0
2025-09-26 00:25:00+08:00,TAIFEX:CCF1!,44.85,44.9,44.85,44.9,4.0
2025-09-26 01:25:00+08:00,TAIFEX:CCF1!,44.7,45.2,44.7,45.1,65.0
2025-09-26 02:25:00+08:00,TAIFEX:CCF1!,45.1,45.1,45.1,45.1,5.0
2025-09-26 03:25:00+08:00,TAIFEX:CCF1!,45.1,45.1,45.1,45.1,1.0
2025-09-26 04:25:00+08:00,TAIFEX:CCF1!,45.0,45.0,45.0,45.0,1.0
2025-09-26 08:45:00+08:00,TAIFEX:CCF1!,44.8,45.3,44.2,44.6,888.0
2025-09-26 09:45:00+08:00,TAIFEX:CCF1!,44.6,44.7,44.4,44.55,345.0
2025-09-26 10:45:00+08:00,TAIFEX:CCF1!,44.55,44.6,44.4,44.45,97.0
2025-09-26 11:45:00+08:00,TAIFEX:CCF1!,44.45,44.85,44.45,44.8,223.0
2025-09-26 12:45:00+08:00,TAIFEX:CCF1!,44.8,44.95,44.7,44.9,193.0
2025-09-26 18:25:00+08:00,TAIFEX:CCF1!,44.95,44.95,44.75,44.75,3.0
2025-09-26 19:25:00+08:00,TAIFEX:CCF1!,44.75,44.75,44.75,44.75,2.0
2025-09-26 20:25:00+08:00,TAIFEX:CCF1!,44.75,45.1,44.75,45.1,7.0
2025-09-26 21:25:00+08:00,TAIFEX:CCF1!,45.2,45.6,45.2,45.6,32.0
2025-09-26 22:25:00+08:00,TAIFEX:CCF1!,45.6,45.8,45.5,45.8,29.0
2025-09-26 23:25:00+08:00,TAIFEX:CCF1!,45.7,45.7,45.6,45.7,9.0
2025-09-27 00:25:00+08:00,TAIFEX:CCF1!,45.75,45.75,45.6,45.65,6.0
2025-09-27 01:25:00+08:00,TAIFEX:CCF1!,45.65,45.65,45.6,45.6,8.0
2025-09-27 02:25:00+08:00,TAIFEX:CCF1!,45.6,45.6,45.6,45.6,2.0
2025-09-27 04:25:00+08:00,TAIFEX:CCF1!,45.6,45.6,45.6,45.6,1.0
2025-09-30 08:45:00+08:00,TAIFEX:CCF1!,45.8,47.25,45.45,46.3,2351.0
2025-09-30 09:45:00+08:00,TAIFEX:CCF1!,46.3,46.5,45.5,45.55,949.0
2025-09-30 10:45:00+08:00,TAIFEX:CCF1!,45.55,45.7,45.35,45.5,359.0
2025-09-30 11:45:00+08:00,TAIFEX:CCF1!,45.5,45.6,45.4,45.45,337.0
2025-09-30 12:45:00+08:00,TAIFEX:CCF1!,45.45,45.6,45.25,45.55,395.0
2025-09-30 17:25:00+08:00,TAIFEX:CCF1!,45.5,45.55,45.5,45.55,2.0
2025-09-30 18:25:00+08:00,TAIFEX:CCF1!,45.55,45.55,45.55,45.55,2.0
2025-09-30 19:25:00+08:00,TAIFEX:CCF1!,45.65,45.65,45.6,45.6,3.0
2025-09-30 20:25:00+08:00,TAIFEX:CCF1!,45.75,45.85,45.75,45.85,7.0
2025-09-30 21:25:00+08:00,TAIFEX:CCF1!,45.75,45.75,45.15,45.25,59.0
2025-09-30 22:25:00+08:00,TAIFEX:CCF1!,45.25,45.4,45.25,45.4,6.0
2025-09-30 23:25:00+08:00,TAIFEX:CCF1!,45.35,45.4,45.35,45.4,2.0
2025-10-01 01:25:00+08:00,TAIFEX:CCF1!,45.4,45.4,45.4,45.4,2.0
2025-10-01 02:25:00+08:00,TAIFEX:CCF1!,45.45,45.55,45.45,45.55,2.0
2025-10-01 03:25:00+08:00,TAIFEX:CCF1!,45.6,45.6,45.6,45.6,7.0
2025-10-01 08:45:00+08:00,TAIFEX:CCF1!,45.6,45.85,45.05,45.1,542.0
2025-10-01 09:45:00+08:00,TAIFEX:CCF1!,45.1,45.25,44.4,44.5,967.0
2025-10-01 10:45:00+08:00,TAIFEX:CCF1!,44.55,44.65,44.05,44.55,650.0
2025-10-01 11:45:00+08:00,TAIFEX:CCF1!,44.5,44.75,44.45,44.5,217.0
2025-10-01 12:45:00+08:00,TAIFEX:CCF1!,44.5,44.6,44.35,44.4,280.0
2025-10-01 17:25:00+08:00,TAIFEX:CCF1!,44.85,44.9,44.85,44.9,6.0
2025-10-01 18:25:00+08:00,TAIFEX:CCF1!,44.65,44.95,44.65,44.95,10.0
2025-10-01 19:25:00+08:00,TAIFEX:CCF1!,44.95,44.95,44.95,44.95,2.0
2025-10-01 20:25:00+08:00,TAIFEX:CCF1!,44.95,44.95,44.75,44.75,9.0
2025-10-01 21:25:00+08:00,TAIFEX:CCF1!,44.7,44.7,44.1,44.25,96.0
2025-10-01 22:25:00+08:00,TAIFEX:CCF1!,44.35,44.55,44.25,44.3,28.0
2025-10-01 23:25:00+08:00,TAIFEX:CCF1!,44.35,44.45,44.35,44.45,9.0
2025-10-02 00:25:00+08:00,TAIFEX:CCF1!,44.45,44.45,44.35,44.35,8.0
2025-10-02 01:25:00+08:00,TAIFEX:CCF1!,44.4,44.45,44.4,44.45,4.0
2025-10-02 02:25:00+08:00,TAIFEX:CCF1!,44.55,44.65,44.55,44.65,2.0
2025-10-02 03:25:00+08:00,TAIFEX:CCF1!,44.75,44.8,44.75,44.8,7.0
2025-10-02 08:45:00+08:00,TAIFEX:CCF1!,44.8,44.8,43.35,43.55,1037.0
2025-10-02 09:45:00+08:00,TAIFEX:CCF1!,43.55,43.85,43.4,43.85,254.0
2025-10-02 10:45:00+08:00,TAIFEX:CCF1!,43.85,43.95,43.55,43.55,237.0
2025-10-02 11:45:00+08:00,TAIFEX:CCF1!,43.55,43.85,43.5,43.8,177.0
2025-10-02 12:45:00+08:00,TAIFEX:CCF1!,43.75,43.9,43.7,43.85,380.0
2025-10-02 19:25:00+08:00,TAIFEX:CCF1!,43.9,43.9,43.9,43.9,5.0
2025-10-02 20:25:00+08:00,TAIFEX:CCF1!,43.9,43.95,43.9,43.9,9.0
2025-10-02 21:25:00+08:00,TAIFEX:CCF1!,43.9,44.05,43.7,44.05,22.0
2025-10-02 22:25:00+08:00,TAIFEX:CCF1!,44.0,44.0,43.7,43.8,9.0
2025-10-02 23:25:00+08:00,TAIFEX:CCF1!,43.8,43.8,43.8,43.8,1.0
2025-10-03 00:25:00+08:00,TAIFEX:CCF1!,43.8,43.8,43.8,43.8,1.0
2025-10-03 01:25:00+08:00,TAIFEX:CCF1!,43.9,43.9,43.9,43.9,2.0
2025-10-03 02:25:00+08:00,TAIFEX:CCF1!,43.9,43.95,43.9,43.95,8.0
2025-10-03 03:25:00+08:00,TAIFEX:CCF1!,44.0,44.0,44.0,44.0,11.0
2025-10-03 08:45:00+08:00,TAIFEX:CCF1!,43.7,44.5,43.3,43.8,519.0
2025-10-03 09:45:00+08:00,TAIFEX:CCF1!,43.75,43.75,43.3,43.5,259.0
2025-10-03 10:45:00+08:00,TAIFEX:CCF1!,43.45,43.65,43.4,43.5,79.0
2025-10-03 11:45:00+08:00,TAIFEX:CCF1!,43.45,43.85,43.45,43.85,153.0
2025-10-03 12:45:00+08:00,TAIFEX:CCF1!,43.85,43.95,43.75,43.8,440.0
2025-10-03 20:25:00+08:00,TAIFEX:CCF1!,43.8,43.8,43.8,43.8,1.0
2025-10-03 21:25:00+08:00,TAIFEX:CCF1!,43.8,43.8,43.75,43.75,6.0
2025-10-03 23:25:00+08:00,TAIFEX:CCF1!,43.75,43.75,43.75,43.75,3.0
2025-10-04 00:25:00+08:00,TAIFEX:CCF1!,43.75,43.75,43.7,43.7,8.0
2025-10-04 01:25:00+08:00,TAIFEX:CCF1!,43.65,43.65,43.6,43.6,5.0
2025-10-04 03:25:00+08:00,TAIFEX:CCF1!,43.6,43.7,43.6,43.7,6.0
2025-10-07 08:45:00+08:00,TAIFEX:CCF1!,44.2,44.3,43.65,44.2,511.0
2025-10-07 09:45:00+08:00,TAIFEX:CCF1!,44.25,44.55,44.2,44.25,301.0
2025-10-07 10:45:00+08:00,TAIFEX:CCF1!,44.25,44.3,44.05,44.15,157.0
2025-10-07 11:45:00+08:00,TAIFEX:CCF1!,44.2,44.35,44.15,44.25,92.0
2025-10-07 12:45:00+08:00,TAIFEX:CCF1!,44.25,44.45,44.25,44.4,184.0
2025-10-07 17:25:00+08:00,TAIFEX:CCF1!,44.45,44.5,44.45,44.5,2.0
2025-10-07 18:25:00+08:00,TAIFEX:CCF1!,44.45,44.45,44.45,44.45,1.0
2025-10-07 21:25:00+08:00,TAIFEX:CCF1!,44.75,44.85,44.75,44.85,8.0
2025-10-07 22:25:00+08:00,TAIFEX:CCF1!,44.85,44.85,44.55,44.55,13.0
2025-10-07 23:25:00+08:00,TAIFEX:CCF1!,44.5,44.5,44.3,44.3,8.0
2025-10-08 00:25:00+08:00,TAIFEX:CCF1!,44.3,44.3,44.3,44.3,6.0
2025-10-08 01:25:00+08:00,TAIFEX:CCF1!,44.2,44.2,44.15,44.15,8.0
2025-10-08 02:25:00+08:00,TAIFEX:CCF1!,44.1,44.1,44.1,44.1,3.0
2025-10-08 03:25:00+08:00,TAIFEX:CCF1!,44.0,44.0,44.0,44.0,2.0
2025-10-08 08:45:00+08:00,TAIFEX:CCF1!,44.55,44.9,44.35,44.45,418.0
2025-10-08 09:45:00+08:00,TAIFEX:CCF1!,44.4,44.5,44.3,44.5,139.0
2025-10-08 10:45:00+08:00,TAIFEX:CCF1!,44.5,44.55,44.4,44.5,78.0
2025-10-08 11:45:00+08:00,TAIFEX:CCF1!,44.5,44.85,44.45,44.7,171.0
2025-10-08 12:45:00+08:00,TAIFEX:CCF1!,44.75,45.05,44.75,45.05,238.0
2025-10-08 18:25:00+08:00,TAIFEX:CCF1!,45.05,45.05,45.05,45.05,1.0
2025-10-08 21:25:00+08:00,TAIFEX:CCF1!,45.05,45.35,45.05,45.3,10.0
2025-10-08 22:25:00+08:00,TAIFEX:CCF1!,45.3,45.45,45.3,45.45,4.0
2025-10-08 23:25:00+08:00,TAIFEX:CCF1!,45.5,45.65,45.5,45.65,16.0
2025-10-09 00:25:00+08:00,TAIFEX:CCF1!,45.6,45.6,45.6,45.6,3.0
2025-10-09 02:25:00+08:00,TAIFEX:CCF1!,45.6,45.6,45.6,45.6,1.0
2025-10-09 03:25:00+08:00,TAIFEX:CCF1!,45.6,45.6,45.6,45.6,1.0
2025-10-09 04:25:00+08:00,TAIFEX:CCF1!,45.65,45.65,45.65,45.65,4.0
2025-10-09 08:45:00+08:00,TAIFEX:CCF1!,45.6,46.4,45.4,46.15,853.0
2025-10-09 09:45:00+08:00,TAIFEX:CCF1!,46.2,46.25,45.9,46.0,255.0
2025-10-09 10:45:00+08:00,TAIFEX:CCF1!,45.95,46.0,45.85,46.0,52.0
2025-10-09 11:45:00+08:00,TAIFEX:CCF1!,46.0,46.15,45.95,45.95,307.0
2025-10-09 12:45:00+08:00,TAIFEX:CCF1!,45.9,45.95,45.6,45.7,290.0
2025-10-09 21:25:00+08:00,TAIFEX:CCF1!,45.3,45.3,45.2,45.2,2.0
2025-10-09 22:25:00+08:00,TAIFEX:CCF1!,45.55,45.55,45.15,45.15,2.0
2025-10-09 23:25:00+08:00,TAIFEX:CCF1!,45.1,45.1,45.05,45.1,8.0
2025-10-10 00:25:00+08:00,TAIFEX:CCF1!,45.05,45.1,45.0,45.1,5.0
2025-10-10 01:25:00+08:00,TAIFEX:CCF1!,45.05,45.05,44.95,44.95,8.0
2025-10-13 08:45:00+08:00,TAIFEX:CCF1!,44.2,45.05,43.5,44.9,1226.0
2025-10-13 09:45:00+08:00,TAIFEX:CCF1!,44.95,45.4,44.8,45.35,378.0
2025-10-13 10:45:00+08:00,TAIFEX:CCF1!,45.35,45.45,45.2,45.3,195.0
2025-10-13 11:45:00+08:00,TAIFEX:CCF1!,45.25,45.5,45.15,45.45,185.0
2025-10-13 12:45:00+08:00,TAIFEX:CCF1!,45.45,45.5,45.15,45.15,193.0
2025-10-13 18:25:00+08:00,TAIFEX:CCF1!,45.2,45.2,45.2,45.2,1.0
2025-10-13 21:25:00+08:00,TAIFEX:CCF1!,45.7,45.85,45.5,45.85,11.0
2025-10-13 22:25:00+08:00,TAIFEX:CCF1!,45.8,46.05,45.8,46.05,56.0
2025-10-13 23:25:00+08:00,TAIFEX:CCF1!,46.05,46.3,46.05,46.3,29.0
2025-10-14 00:25:00+08:00,TAIFEX:CCF1!,46.3,46.35,46.3,46.35,2.0
2025-10-14 01:25:00+08:00,TAIFEX:CCF1!,46.3,46.4,46.3,46.4,12.0
2025-10-14 02:25:00+08:00,TAIFEX:CCF1!,46.5,46.5,46.5,46.5,4.0
2025-10-14 08:45:00+08:00,TAIFEX:CCF1!,47.1,47.1,45.65,46.15,651.0
2025-10-14 09:45:00+08:00,TAIFEX:CCF1!,46.15,46.15,45.45,45.6,322.0
2025-10-14 10:45:00+08:00,TAIFEX:CCF1!,45.55,45.7,45.45,45.5,250.0
2025-10-14 11:45:00+08:00,TAIFEX:CCF1!,45.5,45.55,45.05,45.2,286.0
2025-10-14 12:45:00+08:00,TAIFEX:CCF1!,45.25,45.3,44.3,44.75,475.0
2025-10-14 18:25:00+08:00,TAIFEX:CCF1!,44.6,45.05,44.55,45.05,15.0
2025-10-14 20:25:00+08:00,TAIFEX:CCF1!,44.9,45.15,44.9,45.15,8.0
2025-10-14 21:25:00+08:00,TAIFEX:CCF1!,45.05,45.2,44.95,45.2,43.0
2025-10-14 22:25:00+08:00,TAIFEX:CCF1!,45.15,45.15,45.15,45.15,2.0
2025-10-14 23:25:00+08:00,TAIFEX:CCF1!,45.2,45.25,45.2,45.25,4.0
2025-10-15 00:25:00+08:00,TAIFEX:CCF1!,45.3,45.3,45.15,45.15,7.0
2025-10-15 03:25:00+08:00,TAIFEX:CCF1!,45.2,45.2,45.05,45.05,8.0
2025-10-15 04:25:00+08:00,TAIFEX:CCF1!,45.0,45.0,45.0,45.0,1.0
2025-10-15 08:45:00+08:00,TAIFEX:CCF1!,45.05,45.05,44.5,44.55,360.0
2025-10-15 09:45:00+08:00,TAIFEX:CCF1!,44.6,44.8,44.55,44.7,155.0
2025-10-15 10:45:00+08:00,TAIFEX:CCF1!,44.65,44.8,44.6,44.7,153.0
2025-10-15 11:45:00+08:00,TAIFEX:CCF1!,44.65,44.7,44.35,44.4,253.0
2025-10-15 12:45:00+08:00,TAIFEX:CCF1!,44.4,44.55,44.25,44.25,432.0
2025-10-15 17:25:00+08:00,TAIFEX:CCF1!,44.5,45.2,44.5,45.2,10.0
2025-10-15 18:25:00+08:00,TAIFEX:CCF1!,45.0,45.0,44.9,44.95,4.0
2025-10-15 19:25:00+08:00,TAIFEX:CCF1!,44.95,44.95,44.8,44.8,3.0
2025-10-15 20:25:00+08:00,TAIFEX:CCF1!,44.95,44.95,44.9,44.95,4.0
2025-10-15 21:25:00+08:00,TAIFEX:CCF1!,44.95,44.95,44.6,44.65,22.0
2025-10-15 23:25:00+08:00,TAIFEX:CCF1!,44.7,44.7,44.7,44.7,1.0
2025-10-16 00:25:00+08:00,TAIFEX:CCF1!,44.75,44.75,44.7,44.7,11.0
2025-10-16 01:25:00+08:00,TAIFEX:CCF1!,44.9,44.95,44.9,44.95,8.0
2025-10-16 08:45:00+08:00,TAIFEX:CCF1!,44.95,45.3,44.35,44.95,435.0
2025-10-16 09:45:00+08:00,TAIFEX:CCF1!,44.95,45.15,44.75,44.8,257.0
2025-10-16 10:45:00+08:00,TAIFEX:CCF1!,44.95,44.95,44.7,44.75,186.0
2025-10-16 11:45:00+08:00,TAIFEX:CCF1!,44.75,45.15,44.7,45.1,165.0
2025-10-16 12:45:00+08:00,TAIFEX:CCF1!,45.1,45.15,44.7,44.7,176.0
2025-10-16 21:25:00+08:00,TAIFEX:CCF1!,45.35,45.6,45.3,45.3,25.0
2025-10-16 22:25:00+08:00,TAIFEX:CCF1!,45.25,45.3,45.2,45.2,8.0
2025-10-16 23:25:00+08:00,TAIFEX:CCF1!,45.2,45.2,45.15,45.15,4.0
2025-10-17 00:25:00+08:00,TAIFEX:CCF1!,45.1,45.1,44.85,45.05,5.0
2025-10-17 01:25:00+08:00,TAIFEX:CCF1!,44.85,44.85,44.85,44.85,1.0
2025-10-17 02:25:00+08:00,TAIFEX:CCF1!,45.0,45.0,45.0,45.0,2.0
2025-10-17 03:25:00+08:00,TAIFEX:CCF1!,44.95,44.95,44.95,44.95,1.0
2025-10-17 04:25:00+08:00,TAIFEX:CCF1!,44.9,44.9,44.9,44.9,2.0
2025-10-17 08:45:00+08:00,TAIFEX:CCF1!,45.0,46.05,44.8,45.85,673.0
2025-10-17 09:45:00+08:00,TAIFEX:CCF1!,45.8,45.9,45.65,45.75,144.0
2025-10-17 10:45:00+08:00,TAIFEX:CCF1!,45.8,45.85,45.7,45.85,108.0
2025-10-17 11:45:00+08:00,TAIFEX:CCF1!,45.85,45.85,45.8,45.85,33.0
2025-10-17 12:45:00+08:00,TAIFEX:CCF1!,45.85,45.95,45.8,45.95,183.0
2025-10-17 17:25:00+08:00,TAIFEX:CCF1!,45.55,45.55,45.1,45.3,18.0
2025-10-17 18:25:00+08:00,TAIFEX:CCF1!,45.3,45.3,45.3,45.3,3.0
2025-10-17 19:25:00+08:00,TAIFEX:CCF1!,45.5,45.5,45.5,45.5,1.0
2025-10-17 20:25:00+08:00,TAIFEX:CCF1!,45.6,45.6,45.5,45.5,3.0
2025-10-17 21:25:00+08:00,TAIFEX:CCF1!,45.5,45.75,45.5,45.7,25.0
2025-10-17 22:25:00+08:00,TAIFEX:CCF1!,45.7,45.7,45.35,45.35,9.0
2025-10-17 23:25:00+08:00,TAIFEX:CCF1!,45.35,45.4,45.35,45.4,4.0
2025-10-18 00:25:00+08:00,TAIFEX:CCF1!,45.4,45.4,45.4,45.4,1.0
2025-10-18 01:25:00+08:00,TAIFEX:CCF1!,45.6,45.6,45.6,45.6,1.0
2025-10-18 02:25:00+08:00,TAIFEX:CCF1!,45.8,45.85,45.8,45.85,18.0
2025-10-20 08:45:00+08:00,TAIFEX:CCF1!,46.1,46.4,45.95,46.15,211.0
2025-10-20 09:45:00+08:00,TAIFEX:CCF1!,46.15,46.2,46.0,46.15,196.0
2025-10-20 10:45:00+08:00,TAIFEX:CCF1!,46.1,46.1,46.05,46.1,33.0
2025-10-20 11:45:00+08:00,TAIFEX:CCF1!,46.15,46.15,46.0,46.05,67.0
2025-10-20 12:45:00+08:00,TAIFEX:CCF1!,46.1,46.2,46.1,46.2,135.0
2025-10-20 18:25:00+08:00,TAIFEX:CCF1!,45.8,45.8,45.8,45.8,1.0
2025-10-20 21:25:00+08:00,TAIFEX:CCF1!,45.95,46.0,45.95,46.0,2.0
2025-10-20 22:25:00+08:00,TAIFEX:CCF1!,46.15,46.2,46.15,46.2,10.0
2025-10-20 23:25:00+08:00,TAIFEX:CCF1!,46.15,46.3,46.15,46.3,12.0
2025-10-21 00:25:00+08:00,TAIFEX:CCF1!,46.3,46.3,46.3,46.3,4.0
2025-10-21 01:25:00+08:00,TAIFEX:CCF1!,46.3,46.3,46.25,46.25,19.0
2025-10-21 02:25:00+08:00,TAIFEX:CCF1!,46.25,46.25,46.15,46.2,20.0
2025-10-21 03:25:00+08:00,TAIFEX:CCF1!,46.2,46.2,46.15,46.15,18.0
2025-10-21 08:45:00+08:00,TAIFEX:CCF1!,46.2,46.35,45.75,45.75,257.0
2025-10-21 09:45:00+08:00,TAIFEX:CCF1!,45.75,45.85,45.7,45.75,197.0
2025-10-21 10:45:00+08:00,TAIFEX:CCF1!,45.75,45.95,45.75,45.85,162.0
2025-10-21 11:45:00+08:00,TAIFEX:CCF1!,45.85,45.9,45.75,45.8,214.0
2025-10-21 12:45:00+08:00,TAIFEX:CCF1!,45.8,45.8,45.55,45.55,161.0
2025-10-21 17:25:00+08:00,TAIFEX:CCF1!,45.75,45.85,45.75,45.8,4.0
2025-10-21 20:25:00+08:00,TAIFEX:CCF1!,45.8,45.8,45.8,45.8,4.0
2025-10-21 21:25:00+08:00,TAIFEX:CCF1!,45.7,45.7,45.25,45.5,32.0
2025-10-21 22:25:00+08:00,TAIFEX:CCF1!,45.5,45.5,45.5,45.5,1.0
2025-10-21 23:25:00+08:00,TAIFEX:CCF1!,45.5,45.55,45.45,45.45,3.0
2025-10-22 00:25:00+08:00,TAIFEX:CCF1!,45.4,45.4,45.4,45.4,1.0
2025-10-22 03:25:00+08:00,TAIFEX:CCF1!,45.45,45.45,45.45,45.45,2.0
2025-10-22 08:45:00+08:00,TAIFEX:CCF1!,45.45,45.75,45.15,45.15,240.0
2025-10-22 09:45:00+08:00,TAIFEX:CCF1!,45.15,45.35,45.1,45.25,198.0
2025-10-22 10:45:00+08:00,TAIFEX:CCF1!,45.2,45.3,45.15,45.25,55.0
2025-10-22 11:45:00+08:00,TAIFEX:CCF1!,45.4,45.6,45.4,45.5,121.0
2025-10-22 12:45:00+08:00,TAIFEX:CCF1!,45.5,45.6,45.45,45.45,72.0
2025-10-22 18:25:00+08:00,TAIFEX:CCF1!,45.3,45.3,45.3,45.3,2.0
2025-10-22 22:25:00+08:00,TAIFEX:CCF1!,45.5,45.55,45.5,45.55,11.0
2025-10-22 23:25:00+08:00,TAIFEX:CCF1!,45.35,45.35,45.35,45.35,1.0
2025-10-23 00:25:00+08:00,TAIFEX:CCF1!,45.3,45.3,45.15,45.2,8.0
2025-10-23 01:25:00+08:00,TAIFEX:CCF1!,45.15,45.15,44.9,44.9,11.0
2025-10-23 02:25:00+08:00,TAIFEX:CCF1!,45.0,45.1,45.0,45.1,4.0
2025-10-23 03:25:00+08:00,TAIFEX:CCF1!,45.15,45.15,45.15,45.15,2.0
2025-10-23 08:45:00+08:00,TAIFEX:CCF1!,45.15,45.5,45.05,45.15,180.0
2025-10-23 09:45:00+08:00,TAIFEX:CCF1!,45.15,45.3,45.05,45.2,67.0
2025-10-23 10:45:00+08:00,TAIFEX:CCF1!,45.2,45.25,45.15,45.25,20.0
2025-10-23 11:45:00+08:00,TAIFEX:CCF1!,45.25,45.4,45.25,45.4,35.0
2025-10-23 12:45:00+08:00,TAIFEX:CCF1!,45.4,45.5,45.3,45.4,42.0
2025-10-23 22:25:00+08:00,TAIFEX:CCF1!,45.75,45.75,45.75,45.75,1.0
2025-10-23 23:25:00+08:00,TAIFEX:CCF1!,45.75,45.75,45.75,45.75,2.0
2025-10-24 00:25:00+08:00,TAIFEX:CCF1!,45.8,45.8,45.8,45.8,6.0
2025-10-24 01:25:00+08:00,TAIFEX:CCF1!,45.85,46.0,45.85,46.0,7.0
2025-10-24 02:25:00+08:00,TAIFEX:CCF1!,46.05,46.2,46.05,46.2,15.0
2025-10-24 03:25:00+08:00,TAIFEX:CCF1!,46.15,46.15,46.15,46.15,4.0
2025-10-27 08:45:00+08:00,TAIFEX:CCF1!,46.1,46.45,45.8,46.15,361.0
2025-10-27 09:45:00+08:00,TAIFEX:CCF1!,46.2,46.2,45.85,45.95,196.0
2025-10-27 10:45:00+08:00,TAIFEX:CCF1!,45.95,46.05,45.9,45.95,89.0
2025-10-27 11:45:00+08:00,TAIFEX:CCF1!,46.0,46.0,45.75,45.9,163.0
2025-10-27 12:45:00+08:00,TAIFEX:CCF1!,45.95,46.0,45.8,46.0,88.0
2025-10-27 17:25:00+08:00,TAIFEX:CCF1!,46.0,46.35,46.0,46.35,6.0
2025-10-27 19:25:00+08:00,TAIFEX:CCF1!,46.3,46.3,46.3,46.3,2.0
2025-10-27 20:25:00+08:00,TAIFEX:CCF1!,46.1,46.25,46.05,46.25,4.0
2025-10-27 21:25:00+08:00,TAIFEX:CCF1!,46.25,46.25,45.75,45.75,10.0
2025-10-27 22:25:00+08:00,TAIFEX:CCF1!,45.85,45.9,45.85,45.9,7.0
2025-10-27 23:25:00+08:00,TAIFEX:CCF1!,46.05,46.05,46.05,46.05,1.0
2025-10-28 00:25:00+08:00,TAIFEX:CCF1!,46.25,46.25,46.25,46.25,1.0
2025-10-28 02:25:00+08:00,TAIFEX:CCF1!,46.3,46.3,46.3,46.3,5.0
2025-10-28 03:25:00+08:00,TAIFEX:CCF1!,46.35,46.4,46.35,46.4,7.0
2025-10-28 04:25:00+08:00,TAIFEX:CCF1!,46.4,46.4,46.35,46.35,2.0
2025-10-28 08:45:00+08:00,TAIFEX:CCF1!,46.0,46.25,45.7,45.9,248.0
2025-10-28 09:45:00+08:00,TAIFEX:CCF1!,45.9,46.25,45.9,45.95,183.0
2025-10-28 10:45:00+08:00,TAIFEX:CCF1!,45.9,46.0,45.85,45.95,39.0
2025-10-28 11:45:00+08:00,TAIFEX:CCF1!,45.95,46.05,45.9,46.0,63.0
2025-10-28 12:45:00+08:00,TAIFEX:CCF1!,46.0,46.05,45.9,46.05,52.0
2025-10-28 17:25:00+08:00,TAIFEX:CCF1!,46.1,46.1,46.1,46.1,2.0
2025-10-28 19:25:00+08:00,TAIFEX:CCF1!,46.1,46.1,45.95,45.95,6.0
2025-10-28 20:25:00+08:00,TAIFEX:CCF1!,46.0,46.0,46.0,46.0,1.0
2025-10-28 21:25:00+08:00,TAIFEX:CCF1!,46.1,46.1,46.1,46.1,11.0
2025-10-28 22:25:00+08:00,TAIFEX:CCF1!,46.15,46.15,46.15,46.15,1.0
2025-10-28 23:25:00+08:00,TAIFEX:CCF1!,46.2,46.5,46.2,46.5,12.0
2025-10-29 01:25:00+08:00,TAIFEX:CCF1!,46.45,46.45,46.45,46.45,1.0
2025-10-29 08:45:00+08:00,TAIFEX:CCF1!,46.45,46.6,45.95,46.0,243.0
2025-10-29 09:45:00+08:00,TAIFEX:CCF1!,46.0,46.05,45.85,45.9,146.0
2025-10-29 10:45:00+08:00,TAIFEX:CCF1!,45.95,45.95,45.75,45.8,90.0
2025-10-29 11:45:00+08:00,TAIFEX:CCF1!,45.8,45.8,45.6,45.8,254.0
2025-10-29 12:45:00+08:00,TAIFEX:CCF1!,45.8,45.95,45.75,45.85,311.0
2025-10-29 17:25:00+08:00,TAIFEX:CCF1!,46.25,46.8,46.15,46.35,66.0
2025-10-29 18:25:00+08:00,TAIFEX:CCF1!,46.3,46.5,46.25,46.5,16.0
2025-10-29 19:25:00+08:00,TAIFEX:CCF1!,46.45,46.75,46.45,46.6,90.0
2025-10-29 20:25:00+08:00,TAIFEX:CCF1!,46.55,46.55,46.55,46.55,4.0
2025-10-29 21:25:00+08:00,TAIFEX:CCF1!,46.6,46.6,44.55,45.3,186.0
2025-10-29 22:25:00+08:00,TAIFEX:CCF1!,45.3,45.5,45.05,45.5,87.0
2025-10-29 23:25:00+08:00,TAIFEX:CCF1!,45.65,45.65,44.9,45.0,96.0
2025-10-30 00:25:00+08:00,TAIFEX:CCF1!,45.1,45.1,44.9,44.9,23.0
2025-10-30 01:25:00+08:00,TAIFEX:CCF1!,44.85,44.85,44.7,44.7,14.0
2025-10-30 02:25:00+08:00,TAIFEX:CCF1!,44.65,44.85,44.65,44.65,7.0
2025-10-30 08:45:00+08:00,TAIFEX:CCF1!,45.0,46.25,44.9,46.0,1408.0
2025-10-30 09:45:00+08:00,TAIFEX:CCF1!,46.0,46.15,45.85,45.9,164.0
2025-10-30 10:45:00+08:00,TAIFEX:CCF1!,45.8,46.05,45.75,45.95,122.0
2025-10-30 11:45:00+08:00,TAIFEX:CCF1!,46.0,46.05,45.65,45.65,195.0
2025-10-30 12:45:00+08:00,TAIFEX:CCF1!,45.6,46.0,45.6,45.9,123.0
2025-10-30 19:25:00+08:00,TAIFEX:CCF1!,45.9,45.9,45.75,45.75,6.0
2025-10-30 20:25:00+08:00,TAIFEX:CCF1!,45.8,45.8,45.8,45.8,1.0
2025-10-30 21:25:00+08:00,TAIFEX:CCF1!,45.75,46.3,45.3,46.2,18.0
2025-10-30 22:25:00+08:00,TAIFEX:CCF1!,46.15,46.15,45.85,45.95,6.0
2025-10-30 23:25:00+08:00,TAIFEX:CCF1!,45.9,45.9,45.9,45.9,1.0
2025-10-31 00:25:00+08:00,TAIFEX:CCF1!,45.85,45.85,45.8,45.8,5.0
2025-10-31 08:45:00+08:00,TAIFEX:CCF1!,46.2,46.85,46.0,46.1,757.0
2025-10-31 09:45:00+08:00,TAIFEX:CCF1!,46.1,46.3,46.05,46.2,190.0
2025-10-31 10:45:00+08:00,TAIFEX:CCF1!,46.2,46.25,46.15,46.25,49.0
2025-10-31 11:45:00+08:00,TAIFEX:CCF1!,46.25,46.35,46.15,46.25,115.0
2025-10-31 12:45:00+08:00,TAIFEX:CCF1!,46.2,46.5,46.2,46.45,100.0
2025-10-31 18:25:00+08:00,TAIFEX:CCF1!,46.4,46.4,46.4,46.4,1.0
2025-10-31 19:25:00+08:00,TAIFEX:CCF1!,46.3,46.3,46.3,46.3,1.0
2025-10-31 21:25:00+08:00,TAIFEX:CCF1!,46.7,46.7,46.7,46.7,1.0
2025-10-31 22:25:00+08:00,TAIFEX:CCF1!,46.7,47.3,46.7,47.3,20.0
2025-10-31 23:25:00+08:00,TAIFEX:CCF1!,47.2,47.85,47.05,47.05,13.0
2025-11-01 00:25:00+08:00,TAIFEX:CCF1!,47.2,47.2,47.05,47.05,5.0
2025-11-03 08:45:00+08:00,TAIFEX:CCF1!,47.05,48.75,46.9,48.1,2348.0
2025-11-03 09:45:00+08:00,TAIFEX:CCF1!,48.1,48.15,47.75,47.85,479.0
2025-11-03 10:45:00+08:00,TAIFEX:CCF1!,47.85,48.15,47.85,48.0,208.0
2025-11-03 11:45:00+08:00,TAIFEX:CCF1!,48.0,48.0,47.65,47.8,183.0
2025-11-03 12:45:00+08:00,TAIFEX:CCF1!,47.7,47.95,47.65,47.95,191.0
2025-11-03 18:25:00+08:00,TAIFEX:CCF1!,47.95,47.95,47.95,47.95,1.0
2025-11-03 19:25:00+08:00,TAIFEX:CCF1!,47.95,47.95,47.85,47.85,5.0
2025-11-03 20:25:00+08:00,TAIFEX:CCF1!,47.75,47.75,47.55,47.55,22.0
2025-11-03 21:25:00+08:00,TAIFEX:CCF1!,47.7,47.7,47.55,47.7,4.0
2025-11-03 22:25:00+08:00,TAIFEX:CCF1!,48.0,48.0,47.95,48.0,7.0
2025-11-03 23:25:00+08:00,TAIFEX:CCF1!,47.95,47.95,47.95,47.95,4.0
2025-11-04 01:25:00+08:00,TAIFEX:CCF1!,48.45,48.55,48.45,48.55,6.0
2025-11-04 04:25:00+08:00,TAIFEX:CCF1!,48.1,48.1,48.1,48.1,1.0
2025-11-04 08:45:00+08:00,TAIFEX:CCF1!,48.0,48.7,47.85,48.25,1707.0
2025-11-04 09:45:00+08:00,TAIFEX:CCF1!,48.2,48.2,47.75,47.8,754.0
2025-11-04 10:45:00+08:00,TAIFEX:CCF1!,47.8,47.85,47.55,47.65,499.0
2025-11-04 11:45:00+08:00,TAIFEX:CCF1!,47.65,47.75,47.2,47.3,416.0
2025-11-04 12:45:00+08:00,TAIFEX:CCF1!,47.25,47.45,47.15,47.35,283.0
2025-11-04 17:25:00+08:00,TAIFEX:CCF1!,47.45,47.45,47.05,47.05,15.0
2025-11-04 18:25:00+08:00,TAIFEX:CCF1!,47.25,47.3,47.25,47.3,5.0
2025-11-04 19:25:00+08:00,TAIFEX:CCF1!,47.35,47.35,47.25,47.25,3.0
2025-11-04 20:25:00+08:00,TAIFEX:CCF1!,47.3,47.3,47.25,47.25,6.0
2025-11-04 21:25:00+08:00,TAIFEX:CCF1!,47.25,47.3,47.25,47.3,7.0
2025-11-04 22:25:00+08:00,TAIFEX:CCF1!,47.35,47.45,47.25,47.35,19.0
2025-11-04 23:25:00+08:00,TAIFEX:CCF1!,47.4,47.4,47.15,47.15,9.0
2025-11-05 00:25:00+08:00,TAIFEX:CCF1!,47.25,47.25,47.25,47.25,1.0
2025-11-05 01:25:00+08:00,TAIFEX:CCF1!,47.4,47.4,47.4,47.4,1.0
2025-11-05 02:25:00+08:00,TAIFEX:CCF1!,47.35,47.35,47.35,47.35,1.0
2025-11-05 04:25:00+08:00,TAIFEX:CCF1!,47.05,47.05,47.0,47.0,4.0
2025-11-05 08:45:00+08:00,TAIFEX:CCF1!,47.0,47.2,45.9,46.05,1294.0
2025-11-05 09:45:00+08:00,TAIFEX:CCF1!,46.1,46.4,46.05,46.35,320.0
2025-11-05 10:45:00+08:00,TAIFEX:CCF1!,46.4,46.7,46.4,46.7,266.0
2025-11-05 11:45:00+08:00,TAIFEX:CCF1!,46.7,47.0,46.6,46.8,268.0
2025-11-05 12:45:00+08:00,TAIFEX:CCF1!,46.8,47.2,46.7,47.15,160.0
2025-11-05 19:25:00+08:00,TAIFEX:CCF1!,47.25,47.25,47.25,47.25,1.0
2025-11-05 20:25:00+08:00,TAIFEX:CCF1!,47.25,47.25,47.25,47.25,1.0
2025-11-05 22:25:00+08:00,TAIFEX:CCF1!,47.3,47.6,47.3,47.6,3.0
2025-11-06 00:25:00+08:00,TAIFEX:CCF1!,47.7,47.8,47.7,47.8,3.0
2025-11-06 01:25:00+08:00,TAIFEX:CCF1!,47.8,48.0,47.8,48.0,14.0
2025-11-06 02:25:00+08:00,TAIFEX:CCF1!,48.0,48.0,48.0,48.0,4.0
2025-11-06 03:25:00+08:00,TAIFEX:CCF1!,48.1,48.1,48.1,48.1,1.0
2025-11-06 04:25:00+08:00,TAIFEX:CCF1!,48.15,48.15,48.15,48.15,2.0
2025-11-06 08:45:00+08:00,TAIFEX:CCF1!,47.85,47.85,46.3,46.35,675.0
2025-11-06 09:45:00+08:00,TAIFEX:CCF1!,46.35,46.6,46.1,46.45,589.0
2025-11-06 10:45:00+08:00,TAIFEX:CCF1!,46.55,46.55,46.2,46.4,269.0
2025-11-06 11:45:00+08:00,TAIFEX:CCF1!,46.35,46.4,45.85,45.95,237.0
2025-11-06 12:45:00+08:00,TAIFEX:CCF1!,46.0,46.0,45.8,45.95,209.0
2025-11-06 17:25:00+08:00,TAIFEX:CCF1!,45.9,45.9,45.9,45.9,1.0
2025-11-06 19:25:00+08:00,TAIFEX:CCF1!,46.2,46.35,46.2,46.35,3.0
2025-11-06 20:25:00+08:00,TAIFEX:CCF1!,46.2,46.2,46.2,46.2,2.0
2025-11-06 21:25:00+08:00,TAIFEX:CCF1!,46.3,46.3,46.0,46.05,24.0
2025-11-06 22:25:00+08:00,TAIFEX:CCF1!,45.95,45.95,44.25,45.0,81.0
2025-11-06 23:25:00+08:00,TAIFEX:CCF1!,45.0,45.0,44.65,44.8,11.0
2025-11-07 00:25:00+08:00,TAIFEX:CCF1!,44.8,44.8,44.8,44.8,1.0
2025-11-07 01:25:00+08:00,TAIFEX:CCF1!,44.95,45.2,44.95,45.2,6.0
2025-11-07 02:25:00+08:00,TAIFEX:CCF1!,45.3,45.3,45.2,45.2,3.0
2025-11-07 03:25:00+08:00,TAIFEX:CCF1!,45.25,45.3,45.1,45.1,4.0
2025-11-07 08:45:00+08:00,TAIFEX:CCF1!,45.15,45.65,44.8,45.05,618.0
2025-11-07 09:45:00+08:00,TAIFEX:CCF1!,45.05,45.3,44.9,45.2,167.0
2025-11-07 10:45:00+08:00,TAIFEX:CCF1!,45.25,45.3,45.2,45.2,52.0
2025-11-07 11:45:00+08:00,TAIFEX:CCF1!,45.2,45.25,45.05,45.1,90.0
2025-11-07 12:45:00+08:00,TAIFEX:CCF1!,45.1,45.25,45.0,45.05,215.0
2025-11-07 18:25:00+08:00,TAIFEX:CCF1!,45.0,45.0,45.0,45.0,1.0
2025-11-07 22:25:00+08:00,TAIFEX:CCF1!,45.0,45.3,44.5,45.1,22.0
2025-11-07 23:25:00+08:00,TAIFEX:CCF1!,44.95,45.05,44.6,44.7,52.0
2025-11-08 00:25:00+08:00,TAIFEX:CCF1!,44.75,44.8,44.75,44.8,2.0
2025-11-08 01:25:00+08:00,TAIFEX:CCF1!,44.85,44.9,44.85,44.9,4.0
2025-11-08 04:25:00+08:00,TAIFEX:CCF1!,45.15,45.2,45.15,45.2,2.0
2025-11-10 08:45:00+08:00,TAIFEX:CCF1!,45.15,45.65,45.1,45.35,356.0
2025-11-10 09:45:00+08:00,TAIFEX:CCF1!,45.4,45.45,45.15,45.2,140.0
2025-11-10 10:45:00+08:00,TAIFEX:CCF1!,45.25,45.35,45.2,45.2,140.0
2025-11-10 11:45:00+08:00,TAIFEX:CCF1!,45.2,45.3,45.1,45.2,296.0
2025-11-10 12:45:00+08:00,TAIFEX:CCF1!,45.2,45.2,44.95,45.1,250.0
2025-11-10 17:25:00+08:00,TAIFEX:CCF1!,45.25,45.65,45.25,45.6,7.0
2025-11-10 19:25:00+08:00,TAIFEX:CCF1!,45.3,45.3,45.3,45.3,1.0
2025-11-10 20:25:00+08:00,TAIFEX:CCF1!,45.3,45.3,45.3,45.3,1.0
2025-11-10 21:25:00+08:00,TAIFEX:CCF1!,45.3,45.35,45.3,45.35,5.0
2025-11-10 22:25:00+08:00,TAIFEX:CCF1!,45.3,45.3,45.0,45.05,14.0
2025-11-10 23:25:00+08:00,TAIFEX:CCF1!,45.05,45.15,45.05,45.1,19.0
2025-11-11 00:25:00+08:00,TAIFEX:CCF1!,45.1,45.45,45.1,45.45,15.0
2025-11-11 04:25:00+08:00,TAIFEX:CCF1!,45.45,45.45,45.45,45.45,1.0
2025-11-11 08:45:00+08:00,TAIFEX:CCF1!,45.6,45.95,45.4,45.6,401.0
2025-11-11 09:45:00+08:00,TAIFEX:CCF1!,45.6,45.6,45.15,45.3,262.0
2025-11-11 10:45:00+08:00,TAIFEX:CCF1!,45.3,45.35,45.15,45.2,171.0
2025-11-11 11:45:00+08:00,TAIFEX:CCF1!,45.15,45.35,45.15,45.2,69.0
2025-11-11 12:45:00+08:00,TAIFEX:CCF1!,45.2,45.25,45.1,45.2,200.0
2025-11-11 21:25:00+08:00,TAIFEX:CCF1!,45.1,45.15,45.1,45.15,2.0
2025-11-11 22:25:00+08:00,TAIFEX:CCF1!,45.05,45.05,44.95,45.0,51.0
2025-11-11 23:25:00+08:00,TAIFEX:CCF1!,45.05,45.05,45.05,45.05,12.0
2025-11-12 01:25:00+08:00,TAIFEX:CCF1!,45.15,45.15,45.15,45.15,1.0
2025-11-12 08:45:00+08:00,TAIFEX:CCF1!,45.05,45.4,44.65,45.05,586.0
2025-11-12 09:45:00+08:00,TAIFEX:CCF1!,45.05,45.3,45.05,45.15,260.0
2025-11-12 10:45:00+08:00,TAIFEX:CCF1!,45.15,45.25,45.05,45.05,188.0
2025-11-12 11:45:00+08:00,TAIFEX:CCF1!,45.1,45.15,45.05,45.1,105.0
2025-11-12 12:45:00+08:00,TAIFEX:CCF1!,45.1,45.2,45.0,45.05,120.0
2025-11-12 18:25:00+08:00,TAIFEX:CCF1!,44.95,44.95,44.95,44.95,1.0
2025-11-12 19:25:00+08:00,TAIFEX:CCF1!,44.9,45.0,44.9,45.0,8.0
2025-11-12 20:25:00+08:00,TAIFEX:CCF1!,44.95,44.95,44.95,44.95,1.0
2025-11-12 21:25:00+08:00,TAIFEX:CCF1!,44.95,44.95,44.75,44.8,30.0
2025-11-12 22:25:00+08:00,TAIFEX:CCF1!,44.8,44.8,44.55,44.55,40.0
2025-11-12 23:25:00+08:00,TAIFEX:CCF1!,44.55,44.55,44.55,44.55,4.0
2025-11-13 00:25:00+08:00,TAIFEX:CCF1!,44.55,44.55,44.45,44.5,19.0
2025-11-13 01:25:00+08:00,TAIFEX:CCF1!,44.6,44.6,44.6,44.6,3.0
2025-11-13 02:25:00+08:00,TAIFEX:CCF1!,44.65,44.65,44.65,44.65,4.0
2025-11-13 04:25:00+08:00,TAIFEX:CCF1!,44.7,44.8,44.7,44.8,3.0
2025-11-13 08:45:00+08:00,TAIFEX:CCF1!,44.6,45.05,44.45,44.95,340.0
2025-11-13 09:45:00+08:00,TAIFEX:CCF1!,44.9,45.15,44.85,44.95,125.0
2025-11-13 10:45:00+08:00,TAIFEX:CCF1!,45.0,45.05,44.7,44.7,163.0
2025-11-13 11:45:00+08:00,TAIFEX:CCF1!,44.7,44.75,44.65,44.7,77.0
2025-11-13 12:45:00+08:00,TAIFEX:CCF1!,44.75,44.75,44.5,44.7,124.0
2025-11-13 18:25:00+08:00,TAIFEX:CCF1!,44.6,44.6,44.6,44.6,6.0
2025-11-13 19:25:00+08:00,TAIFEX:CCF1!,44.65,44.65,44.65,44.65,3.0
2025-11-13 20:25:00+08:00,TAIFEX:CCF1!,44.6,44.65,44.6,44.65,7.0
2025-11-13 21:25:00+08:00,TAIFEX:CCF1!,44.6,44.6,44.5,44.5,19.0
2025-11-13 22:25:00+08:00,TAIFEX:CCF1!,44.45,44.6,44.45,44.45,49.0
2025-11-13 23:25:00+08:00,TAIFEX:CCF1!,44.45,44.45,44.05,44.05,34.0
2025-11-14 00:25:00+08:00,TAIFEX:CCF1!,44.0,44.0,43.85,43.9,14.0
2025-11-14 01:25:00+08:00,TAIFEX:CCF1!,43.85,43.85,43.85,43.85,4.0
2025-11-14 02:25:00+08:00,TAIFEX:CCF1!,43.9,43.9,43.85,43.85,2.0
2025-11-14 03:25:00+08:00,TAIFEX:CCF1!,43.9,43.95,43.9,43.95,2.0
2025-11-14 08:45:00+08:00,TAIFEX:CCF1!,43.7,44.8,43.7,44.45,545.0
2025-11-14 09:45:00+08:00,TAIFEX:CCF1!,44.45,44.7,44.4,44.7,242.0
2025-11-14 10:45:00+08:00,TAIFEX:CCF1!,44.7,44.75,44.55,44.55,122.0
2025-11-14 11:45:00+08:00,TAIFEX:CCF1!,44.5,44.5,44.2,44.25,153.0
2025-11-14 12:45:00+08:00,TAIFEX:CCF1!,44.25,44.6,44.15,44.3,402.0
2025-11-14 17:25:00+08:00,TAIFEX:CCF1!,43.2,43.2,43.2,43.2,1.0
2025-11-14 19:25:00+08:00,TAIFEX:CCF1!,43.7,43.95,43.65,43.95,3.0
2025-11-14 20:25:00+08:00,TAIFEX:CCF1!,43.95,44.0,43.95,44.0,2.0
2025-11-14 21:25:00+08:00,TAIFEX:CCF1!,43.75,43.75,43.75,43.75,2.0
2025-11-14 22:25:00+08:00,TAIFEX:CCF1!,43.8,44.0,43.8,43.85,28.0
2025-11-14 23:25:00+08:00,TAIFEX:CCF1!,43.9,43.95,43.9,43.95,2.0
2025-11-15 00:25:00+08:00,TAIFEX:CCF1!,44.2,44.4,44.15,44.4,6.0
2025-11-15 01:25:00+08:00,TAIFEX:CCF1!,44.3,44.3,44.2,44.2,2.0
2025-11-15 02:25:00+08:00,TAIFEX:CCF1!,44.15,44.15,44.05,44.05,3.0
2025-11-15 03:25:00+08:00,TAIFEX:CCF1!,44.0,44.05,43.85,44.05,7.0
2025-11-15 04:25:00+08:00,TAIFEX:CCF1!,44.1,44.1,44.1,44.1,1.0
2025-11-17 08:45:00+08:00,TAIFEX:CCF1!,44.1,44.3,43.8,44.0,475.0
2025-11-17 09:45:00+08:00,TAIFEX:CCF1!,44.0,44.15,43.85,44.05,589.0
2025-11-17 10:45:00+08:00,TAIFEX:CCF1!,44.05,44.05,43.75,43.8,313.0
2025-11-17 11:45:00+08:00,TAIFEX:CCF1!,43.8,44.15,43.8,43.95,266.0
2025-11-17 12:45:00+08:00,TAIFEX:CCF1!,43.95,44.05,43.85,44.05,108.0
2025-11-17 18:25:00+08:00,TAIFEX:CCF1!,44.0,44.0,44.0,44.0,4.0
2025-11-17 19:25:00+08:00,TAIFEX:CCF1!,44.0,44.0,44.0,44.0,5.0
2025-11-17 20:25:00+08:00,TAIFEX:CCF1!,44.0,44.0,43.9,43.9,3.0
2025-11-17 22:25:00+08:00,TAIFEX:CCF1!,44.0,44.0,44.0,44.0,7.0
2025-11-18 03:25:00+08:00,TAIFEX:CCF1!,43.9,43.9,43.85,43.85,8.0
2025-11-18 08:45:00+08:00,TAIFEX:CCF1!,43.85,44.35,43.55,44.1,437.0
2025-11-18 09:45:00+08:00,TAIFEX:CCF1!,44.15,44.35,43.9,43.9,207.0
2025-11-18 10:45:00+08:00,TAIFEX:CCF1!,43.9,44.0,43.75,43.85,260.0
2025-11-18 11:45:00+08:00,TAIFEX:CCF1!,43.85,44.05,43.85,44.0,263.0
2025-11-18 12:45:00+08:00,TAIFEX:CCF1!,44.0,44.0,43.8,43.8,141.0
2025-11-18 17:25:00+08:00,TAIFEX:CCF1!,44.1,44.1,44.0,44.0,5.0
2025-11-18 18:25:00+08:00,TAIFEX:CCF1!,43.9,43.9,43.9,43.9,2.0
2025-11-18 19:25:00+08:00,TAIFEX:CCF1!,43.9,43.9,43.85,43.85,5.0
2025-11-18 20:25:00+08:00,TAIFEX:CCF1!,43.85,43.85,43.85,43.85,2.0
2025-11-18 21:25:00+08:00,TAIFEX:CCF1!,43.8,43.8,43.8,43.8,3.0
2025-11-18 22:25:00+08:00,TAIFEX:CCF1!,43.8,44.0,43.75,44.0,20.0
2025-11-18 23:25:00+08:00,TAIFEX:CCF1!,44.0,44.0,43.9,43.95,4.0
2025-11-19 00:25:00+08:00,TAIFEX:CCF1!,44.0,44.0,44.0,44.0,3.0
2025-11-19 01:25:00+08:00,TAIFEX:CCF1!,44.1,44.2,44.05,44.1,14.0
2025-11-19 04:25:00+08:00,TAIFEX:CCF1!,44.15,44.15,44.1,44.1,3.0
2025-11-19 08:45:00+08:00,TAIFEX:CCF1!,44.1,45.15,44.1,44.85,585.0
2025-11-19 09:45:00+08:00,TAIFEX:CCF1!,44.8,44.85,44.65,44.7,155.0
2025-11-19 10:45:00+08:00,TAIFEX:CCF1!,44.7,44.7,44.4,44.4,90.0
2025-11-19 11:45:00+08:00,TAIFEX:CCF1!,44.4,44.5,44.3,44.5,113.0
2025-11-19 12:45:00+08:00,TAIFEX:CCF1!,44.45,44.55,44.3,44.5,224.0
2025-11-19 17:25:00+08:00,TAIFEX:CCF1!,44.3,44.45,44.3,44.45,2.0
2025-11-19 18:25:00+08:00,TAIFEX:CCF1!,44.55,44.6,44.55,44.6,3.0
2025-11-19 19:25:00+08:00,TAIFEX:CCF1!,44.65,44.7,44.6,44.6,17.0
2025-11-19 20:25:00+08:00,TAIFEX:CCF1!,44.65,44.65,44.55,44.55,8.0
2025-11-19 21:25:00+08:00,TAIFEX:CCF1!,44.55,44.55,44.45,44.45,7.0
2025-11-19 22:25:00+08:00,TAIFEX:CCF1!,44.6,44.8,44.6,44.8,8.0
2025-11-19 23:25:00+08:00,TAIFEX:CCF1!,44.85,44.85,44.7,44.7,3.0
2025-11-20 00:25:00+08:00,TAIFEX:CCF1!,44.8,44.8,44.8,44.8,1.0
2025-11-20 01:25:00+08:00,TAIFEX:CCF1!,44.7,44.85,44.7,44.85,2.0
2025-11-20 02:25:00+08:00,TAIFEX:CCF1!,44.9,44.9,44.9,44.9,4.0
2025-11-20 04:25:00+08:00,TAIFEX:CCF1!,44.95,45.1,44.95,45.1,5.0
2025-11-20 08:45:00+08:00,TAIFEX:CCF1!,45.2,45.2,44.2,44.75,408.0
2025-11-20 09:45:00+08:00,TAIFEX:CCF1!,44.7,44.9,44.5,44.65,166.0
2025-11-20 10:45:00+08:00,TAIFEX:CCF1!,44.65,44.9,44.65,44.85,72.0
2025-11-20 11:45:00+08:00,TAIFEX:CCF1!,44.8,44.85,44.75,44.75,80.0
2025-11-20 12:45:00+08:00,TAIFEX:CCF1!,44.7,44.85,44.6,44.75,186.0
2025-11-20 22:25:00+08:00,TAIFEX:CCF1!,44.9,45.1,44.85,44.95,34.0
2025-11-20 23:25:00+08:00,TAIFEX:CCF1!,44.9,44.9,44.9,44.9,1.0
2025-11-21 00:25:00+08:00,TAIFEX:CCF1!,44.7,44.7,44.5,44.5,11.0
2025-11-21 01:25:00+08:00,TAIFEX:CCF1!,44.5,44.65,44.2,44.65,56.0
2025-11-21 02:25:00+08:00,TAIFEX:CCF1!,44.55,44.55,44.1,44.1,7.0
2025-11-21 03:25:00+08:00,TAIFEX:CCF1!,44.1,44.1,44.1,44.1,4.0
2025-11-21 04:25:00+08:00,TAIFEX:CCF1!,44.05,44.05,43.8,43.8,24.0
2025-11-21 08:45:00+08:00,TAIFEX:CCF1!,43.7,44.8,43.4,44.5,533.0
2025-11-21 09:45:00+08:00,TAIFEX:CCF1!,44.55,44.65,44.4,44.6,137.0
2025-11-21 10:45:00+08:00,TAIFEX:CCF1!,44.6,44.65,44.5,44.65,107.0
2025-11-21 11:45:00+08:00,TAIFEX:CCF1!,44.65,44.7,44.5,44.55,122.0
2025-11-21 12:45:00+08:00,TAIFEX:CCF1!,44.5,45.05,44.5,45.05,165.0
2025-11-21 17:25:00+08:00,TAIFEX:CCF1!,44.55,44.55,44.45,44.5,11.0
2025-11-21 18:25:00+08:00,TAIFEX:CCF1!,44.6,44.6,44.55,44.55,2.0
2025-11-21 19:25:00+08:00,TAIFEX:CCF1!,44.65,44.65,44.55,44.55,7.0
2025-11-21 20:25:00+08:00,TAIFEX:CCF1!,44.7,44.9,44.6,44.9,6.0
2025-11-21 21:25:00+08:00,TAIFEX:CCF1!,44.8,44.8,44.8,44.8,2.0
2025-11-21 22:25:00+08:00,TAIFEX:CCF1!,45.0,45.05,44.55,44.55,26.0
2025-11-21 23:25:00+08:00,TAIFEX:CCF1!,44.5,44.6,44.45,44.6,4.0
2025-11-22 00:25:00+08:00,TAIFEX:CCF1!,44.65,45.2,44.65,45.2,12.0
2025-11-22 01:25:00+08:00,TAIFEX:CCF1!,45.1,45.1,45.1,45.1,1.0
2025-11-22 02:25:00+08:00,TAIFEX:CCF1!,45.3,45.5,45.3,45.45,32.0
2025-11-22 03:25:00+08:00,TAIFEX:CCF1!,45.45,45.45,45.4,45.4,7.0
2025-11-22 04:25:00+08:00,TAIFEX:CCF1!,45.25,45.25,45.2,45.2,2.0
2025-11-24 08:45:00+08:00,TAIFEX:CCF1!,45.2,46.0,45.2,45.6,604.0
2025-11-24 09:45:00+08:00,TAIFEX:CCF1!,45.55,45.6,45.25,45.4,227.0
2025-11-24 10:45:00+08:00,TAIFEX:CCF1!,45.4,45.45,45.1,45.25,153.0
2025-11-24 11:45:00+08:00,TAIFEX:CCF1!,45.25,45.45,45.15,45.45,110.0
2025-11-24 12:45:00+08:00,TAIFEX:CCF1!,45.4,46.15,45.4,45.6,779.0
2025-11-24 17:25:00+08:00,TAIFEX:CCF1!,46.15,46.15,45.7,45.7,8.0
2025-11-24 18:25:00+08:00,TAIFEX:CCF1!,45.7,45.7,45.7,45.7,1.0
2025-11-24 19:25:00+08:00,TAIFEX:CCF1!,45.75,45.8,45.75,45.75,6.0
2025-11-24 20:25:00+08:00,TAIFEX:CCF1!,45.8,45.8,45.75,45.75,5.0
2025-11-24 21:25:00+08:00,TAIFEX:CCF1!,45.8,45.8,45.8,45.8,2.0
2025-11-24 22:25:00+08:00,TAIFEX:CCF1!,45.85,46.1,45.85,46.1,19.0
2025-11-24 23:25:00+08:00,TAIFEX:CCF1!,46.1,46.25,46.1,46.25,13.0
2025-11-25 00:25:00+08:00,TAIFEX:CCF1!,46.2,46.25,46.15,46.25,8.0
2025-11-25 01:25:00+08:00,TAIFEX:CCF1!,46.2,46.3,46.2,46.3,7.0
2025-11-25 02:25:00+08:00,TAIFEX:CCF1!,46.3,46.35,46.3,46.35,6.0
2025-11-25 03:25:00+08:00,TAIFEX:CCF1!,46.25,46.25,46.25,46.25,1.0
2025-11-25 04:25:00+08:00,TAIFEX:CCF1!,46.35,46.35,46.35,46.35,2.0
2025-11-25 08:45:00+08:00,TAIFEX:CCF1!,46.05,46.05,45.2,45.4,999.0
2025-11-25 09:45:00+08:00,TAIFEX:CCF1!,45.4,45.45,45.2,45.3,417.0
2025-11-25 10:45:00+08:00,TAIFEX:CCF1!,45.25,45.45,45.05,45.1,375.0
2025-11-25 11:45:00+08:00,TAIFEX:CCF1!,45.05,45.45,45.0,45.4,276.0
2025-11-25 12:45:00+08:00,TAIFEX:CCF1!,45.4,45.45,45.15,45.25,240.0
2025-11-25 19:25:00+08:00,TAIFEX:CCF1!,45.35,45.35,45.35,45.35,1.0
2025-11-25 20:25:00+08:00,TAIFEX:CCF1!,45.4,45.45,45.4,45.45,7.0
2025-11-25 22:25:00+08:00,TAIFEX:CCF1!,45.3,45.3,44.75,44.9,20.0
2025-11-25 23:25:00+08:00,TAIFEX:CCF1!,44.95,45.0,44.95,45.0,4.0
2025-11-26 01:25:00+08:00,TAIFEX:CCF1!,45.1,45.1,45.0,45.1,3.0
2025-11-26 04:25:00+08:00,TAIFEX:CCF1!,45.2,45.25,45.2,45.25,2.0
2025-11-26 08:45:00+08:00,TAIFEX:CCF1!,45.4,45.8,45.25,45.3,336.0
2025-11-26 09:45:00+08:00,TAIFEX:CCF1!,45.3,45.3,44.75,45.0,524.0
2025-11-26 10:45:00+08:00,TAIFEX:CCF1!,45.05,45.2,44.95,45.1,184.0
2025-11-26 11:45:00+08:00,TAIFEX:CCF1!,45.1,45.2,45.05,45.1,132.0
2025-11-26 12:45:00+08:00,TAIFEX:CCF1!,45.1,45.35,45.0,45.35,129.0
2025-11-26 20:25:00+08:00,TAIFEX:CCF1!,45.4,45.4,45.4,45.4,1.0
2025-11-26 22:25:00+08:00,TAIFEX:CCF1!,45.4,45.45,45.4,45.45,27.0
2025-11-26 23:25:00+08:00,TAIFEX:CCF1!,45.5,45.65,45.45,45.55,31.0
2025-11-27 00:25:00+08:00,TAIFEX:CCF1!,45.55,45.6,45.55,45.55,5.0
2025-11-27 01:25:00+08:00,TAIFEX:CCF1!,45.55,45.65,45.55,45.65,5.0
2025-11-27 03:25:00+08:00,TAIFEX:CCF1!,45.7,45.85,45.7,45.85,10.0
2025-11-27 04:25:00+08:00,TAIFEX:CCF1!,45.8,45.8,45.7,45.7,21.0
2025-11-27 08:45:00+08:00,TAIFEX:CCF1!,45.75,45.75,45.25,45.4,215.0
2025-11-27 09:45:00+08:00,TAIFEX:CCF1!,45.4,45.6,45.35,45.55,166.0
2025-11-27 10:45:00+08:00,TAIFEX:CCF1!,45.55,45.65,45.5,45.5,161.0
2025-11-27 11:45:00+08:00,TAIFEX:CCF1!,45.5,45.6,45.5,45.6,65.0
2025-11-27 12:45:00+08:00,TAIFEX:CCF1!,45.6,45.95,45.55,45.95,200.0
2025-11-27 17:25:00+08:00,TAIFEX:CCF1!,46.0,46.05,46.0,46.05,3.0
2025-11-27 20:25:00+08:00,TAIFEX:CCF1!,45.85,45.9,45.85,45.9,3.0
2025-11-27 21:25:00+08:00,TAIFEX:CCF1!,45.9,45.9,45.9,45.9,1.0
2025-11-27 23:25:00+08:00,TAIFEX:CCF1!,45.9,45.9,45.9,45.9,1.0
2025-11-28 08:45:00+08:00,TAIFEX:CCF1!,45.7,45.8,45.15,45.65,523.0
2025-11-28 09:45:00+08:00,TAIFEX:CCF1!,45.65,45.85,45.6,45.85,246.0
2025-11-28 10:45:00+08:00,TAIFEX:CCF1!,45.8,45.9,45.75,45.85,137.0
2025-11-28 11:45:00+08:00,TAIFEX:CCF1!,45.85,45.85,45.8,45.85,119.0
2025-11-28 12:45:00+08:00,TAIFEX:CCF1!,45.85,46.05,45.85,46.0,288.0
2025-11-28 19:25:00+08:00,TAIFEX:CCF1!,45.85,45.85,45.85,45.85,1.0
2025-11-28 22:25:00+08:00,TAIFEX:CCF1!,45.9,46.2,45.85,46.2,17.0
2025-11-28 23:25:00+08:00,TAIFEX:CCF1!,46.25,46.25,46.25,46.25,3.0
2025-11-29 00:25:00+08:00,TAIFEX:CCF1!,46.3,46.3,46.3,46.3,1.0
2025-11-29 01:25:00+08:00,TAIFEX:CCF1!,46.2,46.2,46.2,46.2,1.0
2025-12-01 08:45:00+08:00,TAIFEX:CCF1!,46.05,46.65,45.9,46.35,584.0
2025-12-01 09:45:00+08:00,TAIFEX:CCF1!,46.4,46.45,46.2,46.4,205.0
2025-12-01 10:45:00+08:00,TAIFEX:CCF1!,46.4,46.5,46.4,46.45,238.0
2025-12-01 11:45:00+08:00,TAIFEX:CCF1!,46.45,46.55,46.4,46.45,236.0
2025-12-01 12:45:00+08:00,TAIFEX:CCF1!,46.45,46.55,46.3,46.3,98.0
2025-12-01 22:25:00+08:00,TAIFEX:CCF1!,46.7,46.95,46.55,46.95,14.0
2025-12-01 23:25:00+08:00,TAIFEX:CCF1!,46.75,46.8,46.75,46.8,7.0
2025-12-02 00:25:00+08:00,TAIFEX:CCF1!,46.85,46.9,46.8,46.9,80.0
2025-12-02 01:25:00+08:00,TAIFEX:CCF1!,47.0,47.0,47.0,47.0,2.0
2025-12-02 02:25:00+08:00,TAIFEX:CCF1!,47.05,47.05,47.05,47.05,2.0
2025-12-02 03:25:00+08:00,TAIFEX:CCF1!,47.1,47.15,47.1,47.1,7.0
2025-12-02 08:45:00+08:00,TAIFEX:CCF1!,46.8,47.7,46.6,47.35,1024.0
2025-12-02 09:45:00+08:00,TAIFEX:CCF1!,47.4,47.45,47.0,47.1,359.0
2025-12-02 10:45:00+08:00,TAIFEX:CCF1!,47.1,47.1,46.75,46.85,229.0
2025-12-02 11:45:00+08:00,TAIFEX:CCF1!,46.85,47.0,46.85,46.95,72.0
2025-12-02 12:45:00+08:00,TAIFEX:CCF1!,47.0,47.25,47.0,47.2,213.0
2025-12-02 17:25:00+08:00,TAIFEX:CCF1!,46.9,46.9,46.9,46.9,2.0
2025-12-02 18:25:00+08:00,TAIFEX:CCF1!,47.5,47.55,47.3,47.3,10.0
2025-12-02 19:25:00+08:00,TAIFEX:CCF1!,47.3,47.3,47.3,47.3,1.0
2025-12-02 21:25:00+08:00,TAIFEX:CCF1!,47.45,47.45,47.45,47.45,1.0
2025-12-02 22:25:00+08:00,TAIFEX:CCF1!,47.3,47.4,47.15,47.4,5.0
2025-12-02 23:25:00+08:00,TAIFEX:CCF1!,47.4,47.5,47.4,47.5,5.0
2025-12-03 00:25:00+08:00,TAIFEX:CCF1!,47.5,47.75,47.5,47.75,14.0
2025-12-03 01:25:00+08:00,TAIFEX:CCF1!,47.8,47.9,47.75,47.9,7.0
2025-12-03 02:25:00+08:00,TAIFEX:CCF1!,47.8,47.8,47.8,47.8,1.0
2025-12-03 03:25:00+08:00,TAIFEX:CCF1!,47.9,48.0,47.9,48.0,9.0
2025-12-03 04:25:00+08:00,TAIFEX:CCF1!,48.15,48.3,48.15,48.3,11.0
2025-12-03 08:45:00+08:00,TAIFEX:CCF1!,47.65,48.35,47.55,47.7,695.0
2025-12-03 09:45:00+08:00,TAIFEX:CCF1!,47.7,47.75,47.45,47.65,332.0
2025-12-03 10:45:00+08:00,TAIFEX:CCF1!,47.65,47.9,47.55,47.85,134.0
2025-12-03 11:45:00+08:00,TAIFEX:CCF1!,47.85,47.95,47.75,47.85,129.0
2025-12-03 12:45:00+08:00,TAIFEX:CCF1!,47.8,47.8,47.4,47.4,245.0
2025-12-03 18:25:00+08:00,TAIFEX:CCF1!,47.55,47.55,47.55,47.55,1.0
2025-12-03 19:25:00+08:00,TAIFEX:CCF1!,47.6,47.6,47.6,47.6,1.0
2025-12-03 21:25:00+08:00,TAIFEX:CCF1!,47.65,47.65,47.4,47.4,8.0
2025-12-03 22:25:00+08:00,TAIFEX:CCF1!,47.45,48.2,47.45,48.1,100.0
2025-12-03 23:25:00+08:00,TAIFEX:CCF1!,48.15,48.2,48.15,48.15,18.0
2025-12-04 00:25:00+08:00,TAIFEX:CCF1!,48.2,48.2,48.15,48.2,15.0
2025-12-04 01:25:00+08:00,TAIFEX:CCF1!,48.2,48.2,48.2,48.2,11.0
2025-12-04 02:25:00+08:00,TAIFEX:CCF1!,48.25,48.45,48.25,48.45,57.0
2025-12-04 03:25:00+08:00,TAIFEX:CCF1!,48.35,48.35,48.35,48.35,3.0
2025-12-04 04:25:00+08:00,TAIFEX:CCF1!,48.25,48.25,48.0,48.0,24.0
2025-12-04 08:45:00+08:00,TAIFEX:CCF1!,47.9,48.4,47.8,48.0,702.0
2025-12-04 09:45:00+08:00,TAIFEX:CCF1!,47.95,48.0,47.85,47.85,445.0
2025-12-04 10:45:00+08:00,TAIFEX:CCF1!,47.9,47.95,47.9,47.9,65.0
2025-12-04 11:45:00+08:00,TAIFEX:CCF1!,47.9,47.95,47.9,47.95,55.0
2025-12-04 12:45:00+08:00,TAIFEX:CCF1!,47.95,48.15,47.95,48.15,125.0
2025-12-04 17:25:00+08:00,TAIFEX:CCF1!,48.5,48.5,48.3,48.3,2.0
2025-12-04 18:25:00+08:00,TAIFEX:CCF1!,48.3,48.35,48.3,48.35,9.0
2025-12-04 19:25:00+08:00,TAIFEX:CCF1!,48.3,48.3,48.3,48.3,1.0
2025-12-04 21:25:00+08:00,TAIFEX:CCF1!,48.25,48.25,48.05,48.15,17.0
2025-12-04 22:25:00+08:00,TAIFEX:CCF1!,48.1,48.2,48.0,48.2,6.0
2025-12-04 23:25:00+08:00,TAIFEX:CCF1!,48.35,48.65,48.35,48.65,24.0
2025-12-05 00:25:00+08:00,TAIFEX:CCF1!,48.65,48.75,48.65,48.75,5.0
2025-12-05 01:25:00+08:00,TAIFEX:CCF1!,48.7,48.7,48.4,48.4,2.0
2025-12-05 08:45:00+08:00,TAIFEX:CCF1!,48.15,49.45,48.1,48.8,1583.0
2025-12-05 09:45:00+08:00,TAIFEX:CCF1!,48.9,49.05,48.75,49.0,305.0
2025-12-05 10:45:00+08:00,TAIFEX:CCF1!,48.95,49.05,48.75,48.85,309.0
2025-12-05 11:45:00+08:00,TAIFEX:CCF1!,48.85,48.9,48.8,48.85,122.0
2025-12-05 12:45:00+08:00,TAIFEX:CCF1!,48.8,49.1,48.8,48.8,202.0
2025-12-05 17:25:00+08:00,TAIFEX:CCF1!,49.1,49.1,49.1,49.1,1.0
2025-12-05 19:25:00+08:00,TAIFEX:CCF1!,49.2,49.25,49.2,49.2,8.0
2025-12-05 20:25:00+08:00,TAIFEX:CCF1!,49.2,49.2,49.2,49.2,1.0
2025-12-05 21:25:00+08:00,TAIFEX:CCF1!,49.2,49.2,49.05,49.05,26.0
2025-12-05 22:25:00+08:00,TAIFEX:CCF1!,49.0,49.55,48.85,49.35,72.0
2025-12-05 23:25:00+08:00,TAIFEX:CCF1!,49.4,49.45,49.35,49.35,10.0
2025-12-06 03:25:00+08:00,TAIFEX:CCF1!,49.4,49.4,49.4,49.4,2.0
2025-12-06 04:25:00+08:00,TAIFEX:CCF1!,49.35,49.35,49.3,49.3,15.0
2025-12-08 08:45:00+08:00,TAIFEX:CCF1!,49.05,50.1,49.05,49.4,740.0
2025-12-08 09:45:00+08:00,TAIFEX:CCF1!,49.35,49.75,49.25,49.4,243.0
2025-12-08 10:45:00+08:00,TAIFEX:CCF1!,49.4,49.65,49.4,49.5,58.0
2025-12-08 11:45:00+08:00,TAIFEX:CCF1!,49.5,49.6,49.25,49.3,195.0
2025-12-08 12:45:00+08:00,TAIFEX:CCF1!,49.3,49.4,48.6,49.2,516.0
2025-12-08 18:25:00+08:00,TAIFEX:CCF1!,49.3,49.3,49.3,49.3,1.0
2025-12-08 19:25:00+08:00,TAIFEX:CCF1!,49.3,49.3,49.3,49.3,3.0
2025-12-08 21:25:00+08:00,TAIFEX:CCF1!,49.25,49.25,49.25,49.25,1.0
2025-12-08 22:25:00+08:00,TAIFEX:CCF1!,49.2,49.35,49.2,49.35,13.0
2025-12-08 23:25:00+08:00,TAIFEX:CCF1!,49.2,49.2,49.15,49.15,3.0
2025-12-09 00:25:00+08:00,TAIFEX:CCF1!,49.15,49.15,49.1,49.1,3.0
2025-12-09 04:25:00+08:00,TAIFEX:CCF1!,49.1,49.1,49.1,49.1,1.0
2025-12-09 08:45:00+08:00,TAIFEX:CCF1!,49.15,49.95,48.7,49.1,669.0
2025-12-09 09:45:00+08:00,TAIFEX:CCF1!,49.05,49.25,48.9,49.15,188.0
2025-12-09 10:45:00+08:00,TAIFEX:CCF1!,49.2,49.5,49.2,49.3,191.0
2025-12-09 11:45:00+08:00,TAIFEX:CCF1!,49.3,49.55,49.3,49.35,201.0
2025-12-09 12:45:00+08:00,TAIFEX:CCF1!,49.4,49.75,49.35,49.6,212.0
2025-12-09 18:25:00+08:00,TAIFEX:CCF1!,49.45,49.5,49.45,49.5,9.0
2025-12-09 21:25:00+08:00,TAIFEX:CCF1!,49.6,49.6,49.5,49.5,4.0
2025-12-09 22:25:00+08:00,TAIFEX:CCF1!,49.45,49.45,49.2,49.2,89.0
2025-12-09 23:25:00+08:00,TAIFEX:CCF1!,49.2,49.3,49.2,49.3,6.0
2025-12-10 00:25:00+08:00,TAIFEX:CCF1!,49.25,49.35,49.25,49.35,2.0
2025-12-10 02:25:00+08:00,TAIFEX:CCF1!,49.4,49.5,49.4,49.5,21.0
2025-12-10 08:45:00+08:00,TAIFEX:CCF1!,49.6,49.6,49.25,49.35,413.0
2025-12-10 09:45:00+08:00,TAIFEX:CCF1!,49.35,49.45,49.2,49.2,170.0
2025-12-10 10:45:00+08:00,TAIFEX:CCF1!,49.2,49.3,49.0,49.25,195.0
2025-12-10 11:45:00+08:00,TAIFEX:CCF1!,49.25,49.3,49.1,49.2,139.0
2025-12-10 12:45:00+08:00,TAIFEX:CCF1!,49.15,49.4,49.15,49.35,80.0
2025-12-10 17:25:00+08:00,TAIFEX:CCF1!,49.5,49.6,49.5,49.6,2.0
2025-12-10 18:25:00+08:00,TAIFEX:CCF1!,49.4,49.45,49.4,49.45,3.0
2025-12-10 21:25:00+08:00,TAIFEX:CCF1!,49.4,49.4,49.4,49.4,1.0
2025-12-10 22:25:00+08:00,TAIFEX:CCF1!,49.4,49.4,49.15,49.3,100.0
2025-12-10 23:25:00+08:00,TAIFEX:CCF1!,49.3,49.3,49.25,49.25,44.0
2025-12-11 02:25:00+08:00,TAIFEX:CCF1!,49.25,49.25,49.2,49.2,2.0
2025-12-11 03:25:00+08:00,TAIFEX:CCF1!,49.3,49.6,49.3,49.5,47.0
2025-12-11 04:25:00+08:00,TAIFEX:CCF1!,49.45,49.45,49.25,49.25,33.0
2025-12-11 08:45:00+08:00,TAIFEX:CCF1!,49.4,49.6,48.65,48.75,455.0
2025-12-11 09:45:00+08:00,TAIFEX:CCF1!,48.75,48.75,48.15,48.15,360.0
2025-12-11 10:45:00+08:00,TAIFEX:CCF1!,48.15,48.3,47.9,48.25,246.0
2025-12-11 11:45:00+08:00,TAIFEX:CCF1!,48.15,48.6,48.1,48.4,175.0
2025-12-11 12:45:00+08:00,TAIFEX:CCF1!,48.35,48.75,48.15,48.75,206.0
2025-12-11 19:25:00+08:00,TAIFEX:CCF1!,48.9,49.05,48.9,49.05,12.0
2025-12-11 20:25:00+08:00,TAIFEX:CCF1!,49.05,49.2,49.05,49.1,24.0
2025-12-11 21:25:00+08:00,TAIFEX:CCF1!,49.1,49.15,49.1,49.1,3.0
2025-12-11 22:25:00+08:00,TAIFEX:CCF1!,49.1,49.1,48.45,48.75,47.0
2025-12-11 23:25:00+08:00,TAIFEX:CCF1!,48.65,48.75,48.65,48.7,7.0
2025-12-12 01:25:00+08:00,TAIFEX:CCF1!,48.7,48.75,48.7,48.7,5.0
2025-12-12 02:25:00+08:00,TAIFEX:CCF1!,48.7,48.75,48.7,48.75,3.0
2025-12-12 04:25:00+08:00,TAIFEX:CCF1!,48.8,48.85,48.8,48.85,7.0
2025-12-12 08:45:00+08:00,TAIFEX:CCF1!,48.85,49.0,48.5,48.6,334.0
2025-12-12 09:45:00+08:00,TAIFEX:CCF1!,48.6,48.65,48.4,48.55,227.0
2025-12-12 10:45:00+08:00,TAIFEX:CCF1!,48.55,48.7,48.45,48.5,137.0
2025-12-12 11:45:00+08:00,TAIFEX:CCF1!,48.5,48.5,48.35,48.45,203.0
2025-12-12 12:45:00+08:00,TAIFEX:CCF1!,48.4,48.65,48.4,48.65,356.0
2025-12-12 17:25:00+08:00,TAIFEX:CCF1!,48.65,48.65,48.65,48.65,1.0
2025-12-12 18:25:00+08:00,TAIFEX:CCF1!,48.55,48.55,48.35,48.55,45.0
2025-12-12 19:25:00+08:00,TAIFEX:CCF1!,48.5,48.5,48.5,48.5,2.0
2025-12-12 20:25:00+08:00,TAIFEX:CCF1!,48.55,48.65,48.5,48.5,41.0
2025-12-12 21:25:00+08:00,TAIFEX:CCF1!,48.5,48.55,48.35,48.55,46.0
2025-12-12 22:25:00+08:00,TAIFEX:CCF1!,48.55,48.6,48.45,48.45,83.0
2025-12-12 23:25:00+08:00,TAIFEX:CCF1!,48.35,48.55,48.15,48.15,55.0
2025-12-13 00:25:00+08:00,TAIFEX:CCF1!,48.2,48.4,48.15,48.4,24.0
2025-12-13 01:25:00+08:00,TAIFEX:CCF1!,48.3,48.45,48.3,48.45,9.0
2025-12-13 03:25:00+08:00,TAIFEX:CCF1!,48.3,48.3,48.3,48.3,1.0
2025-12-13 04:25:00+08:00,TAIFEX:CCF1!,48.2,48.3,48.05,48.3,16.0
2025-12-15 08:45:00+08:00,TAIFEX:CCF1!,47.35,48.65,47.35,48.5,679.0
2025-12-15 09:45:00+08:00,TAIFEX:CCF1!,48.45,48.6,48.3,48.35,170.0
2025-12-15 10:45:00+08:00,TAIFEX:CCF1!,48.3,48.65,48.25,48.5,174.0
2025-12-15 11:45:00+08:00,TAIFEX:CCF1!,48.45,48.45,48.25,48.25,96.0
2025-12-15 12:45:00+08:00,TAIFEX:CCF1!,48.3,48.75,48.3,48.75,150.0
2025-12-15 17:25:00+08:00,TAIFEX:CCF1!,48.35,48.7,48.35,48.7,2.0
2025-12-15 20:25:00+08:00,TAIFEX:CCF1!,48.75,48.75,48.75,48.75,2.0
2025-12-15 22:25:00+08:00,TAIFEX:CCF1!,48.8,48.8,48.45,48.45,14.0
2025-12-15 23:25:00+08:00,TAIFEX:CCF1!,48.45,48.45,48.45,48.45,2.0
2025-12-16 00:25:00+08:00,TAIFEX:CCF1!,48.6,48.6,48.6,48.6,1.0
2025-12-16 04:25:00+08:00,TAIFEX:CCF1!,48.6,48.6,48.25,48.25,3.0
2025-12-16 08:45:00+08:00,TAIFEX:CCF1!,48.45,48.85,48.25,48.65,791.0
2025-12-16 09:45:00+08:00,TAIFEX:CCF1!,48.65,48.75,48.3,48.55,855.0
2025-12-16 10:45:00+08:00,TAIFEX:CCF1!,48.55,48.65,47.9,48.3,1054.0
2025-12-16 11:45:00+08:00,TAIFEX:CCF1!,48.3,48.95,48.25,48.85,693.0
2025-12-16 12:45:00+08:00,TAIFEX:CCF1!,48.9,49.2,48.75,49.1,169.0
2025-12-16 17:25:00+08:00,TAIFEX:CCF1!,49.3,49.3,49.3,49.3,1.0
2025-12-16 18:25:00+08:00,TAIFEX:CCF1!,49.25,49.25,49.25,49.25,1.0
2025-12-16 19:25:00+08:00,TAIFEX:CCF1!,49.2,49.2,49.2,49.2,1.0
2025-12-16 20:25:00+08:00,TAIFEX:CCF1!,49.3,49.35,49.3,49.35,13.0
2025-12-16 21:25:00+08:00,TAIFEX:CCF1!,49.45,49.5,49.35,49.35,16.0
2025-12-16 22:25:00+08:00,TAIFEX:CCF1!,49.3,49.5,49.1,49.15,42.0
2025-12-16 23:25:00+08:00,TAIFEX:CCF1!,49.15,49.15,49.1,49.1,4.0
2025-12-17 01:25:00+08:00,TAIFEX:CCF1!,49.15,49.15,49.15,49.15,3.0
2025-12-17 02:25:00+08:00,TAIFEX:CCF1!,49.1,49.1,49.1,49.1,8.0
2025-12-17 03:25:00+08:00,TAIFEX:CCF1!,49.05,49.05,49.05,49.05,1.0
2025-12-17 04:25:00+08:00,TAIFEX:CCF1!,49.4,49.4,49.4,49.4,1.0
2025-12-17 08:45:00+08:00,TAIFEX:CCF1!,49.3,51.0,49.3,50.5,1324.0
2025-12-17 09:45:00+08:00,TAIFEX:CCF1!,50.5,50.7,49.95,50.2,863.0
2025-12-17 10:45:00+08:00,TAIFEX:CCF1!,50.3,50.5,50.2,50.5,308.0
2025-12-17 11:45:00+08:00,TAIFEX:CCF1!,50.5,50.7,50.4,50.5,574.0
2025-12-17 12:45:00+08:00,TAIFEX:CCF1!,50.4,50.9,50.3,50.7,530.0
2025-12-17 17:25:00+08:00,TAIFEX:CCF1!,50.8,50.8,50.6,50.7,9.0
2025-12-17 18:25:00+08:00,TAIFEX:CCF1!,50.8,50.8,50.8,50.8,3.0
2025-12-17 19:25:00+08:00,TAIFEX:CCF1!,50.8,50.8,50.6,50.6,11.0
2025-12-17 20:25:00+08:00,TAIFEX:CCF1!,50.7,50.8,50.7,50.8,3.0
2025-12-17 21:25:00+08:00,TAIFEX:CCF1!,50.8,50.9,50.6,50.8,14.0
2025-12-17 22:25:00+08:00,TAIFEX:CCF1!,50.7,51.0,50.7,50.9,22.0
2025-12-17 23:25:00+08:00,TAIFEX:CCF1!,50.8,50.8,50.2,50.4,71.0
2025-12-18 00:25:00+08:00,TAIFEX:CCF1!,50.3,50.3,50.2,50.2,5.0
2025-12-18 01:25:00+08:00,TAIFEX:CCF1!,50.3,50.3,50.3,50.3,1.0
2025-12-18 02:25:00+08:00,TAIFEX:CCF1!,50.2,50.2,50.1,50.1,13.0
2025-12-18 03:25:00+08:00,TAIFEX:CCF1!,50.1,50.2,50.1,50.2,11.0
2025-12-18 04:25:00+08:00,TAIFEX:CCF1!,50.1,50.2,50.1,50.2,7.0
2025-12-18 08:45:00+08:00,TAIFEX:CCF1!,50.7,50.9,49.9,50.3,762.0
2025-12-18 09:45:00+08:00,TAIFEX:CCF1!,50.3,50.6,50.3,50.5,350.0
2025-12-18 10:45:00+08:00,TAIFEX:CCF1!,50.5,50.5,50.0,50.1,228.0
2025-12-18 11:45:00+08:00,TAIFEX:CCF1!,50.1,50.4,50.0,50.2,233.0
2025-12-18 12:45:00+08:00,TAIFEX:CCF1!,50.2,50.6,50.0,50.5,287.0
2025-12-18 17:25:00+08:00,TAIFEX:CCF1!,50.5,50.6,50.5,50.6,5.0
2025-12-18 18:25:00+08:00,TAIFEX:CCF1!,50.6,50.7,50.6,50.7,6.0
2025-12-18 19:25:00+08:00,TAIFEX:CCF1!,50.6,50.6,50.6,50.6,1.0
2025-12-18 20:25:00+08:00,TAIFEX:CCF1!,50.7,50.7,50.7,50.7,5.0
2025-12-18 21:25:00+08:00,TAIFEX:CCF1!,50.7,50.8,50.7,50.7,24.0
2025-12-18 22:25:00+08:00,TAIFEX:CCF1!,50.7,50.7,50.4,50.4,51.0
2025-12-18 23:25:00+08:00,TAIFEX:CCF1!,50.5,50.7,50.5,50.7,9.0
2025-12-19 00:25:00+08:00,TAIFEX:CCF1!,50.7,50.7,50.5,50.5,10.0
2025-12-19 01:25:00+08:00,TAIFEX:CCF1!,50.7,50.8,50.7,50.7,7.0
2025-12-19 03:25:00+08:00,TAIFEX:CCF1!,50.8,50.8,50.8,50.8,2.0
2025-12-19 04:25:00+08:00,TAIFEX:CCF1!,50.8,50.8,50.8,50.8,5.0
2025-12-19 08:45:00+08:00,TAIFEX:CCF1!,50.8,50.8,50.3,50.5,333.0
2025-12-19 09:45:00+08:00,TAIFEX:CCF1!,50.5,50.7,50.4,50.5,407.0
2025-12-19 10:45:00+08:00,TAIFEX:CCF1!,50.5,50.6,50.5,50.5,115.0
2025-12-19 11:45:00+08:00,TAIFEX:CCF1!,50.4,50.6,50.4,50.4,63.0
2025-12-19 12:45:00+08:00,TAIFEX:CCF1!,50.5,50.9,50.5,50.8,160.0
2025-12-19 17:25:00+08:00,TAIFEX:CCF1!,50.7,50.7,50.7,50.7,2.0
2025-12-19 18:25:00+08:00,TAIFEX:CCF1!,50.7,50.7,50.6,50.7,5.0
2025-12-19 21:25:00+08:00,TAIFEX:CCF1!,50.6,50.7,50.6,50.7,3.0
2025-12-19 22:25:00+08:00,TAIFEX:CCF1!,50.8,51.1,50.8,51.1,32.0
2025-12-19 23:25:00+08:00,TAIFEX:CCF1!,51.0,51.1,51.0,51.0,7.0
2025-12-20 01:25:00+08:00,TAIFEX:CCF1!,51.2,51.2,51.1,51.1,2.0
2025-12-20 03:25:00+08:00,TAIFEX:CCF1!,51.2,51.2,51.2,51.2,11.0
2025-12-20 04:25:00+08:00,TAIFEX:CCF1!,51.3,51.3,51.1,51.1,12.0
2025-12-22 08:45:00+08:00,TAIFEX:CCF1!,51.3,51.3,50.6,50.8,359.0
2025-12-22 09:45:00+08:00,TAIFEX:CCF1!,50.7,51.2,50.7,51.1,261.0
2025-12-22 10:45:00+08:00,TAIFEX:CCF1!,51.1,51.2,51.0,51.1,64.0
2025-12-22 11:45:00+08:00,TAIFEX:CCF1!,51.0,51.1,50.9,51.0,122.0
2025-12-22 12:45:00+08:00,TAIFEX:CCF1!,51.0,51.3,51.0,51.2,107.0
2025-12-22 17:25:00+08:00,TAIFEX:CCF1!,51.2,51.2,51.2,51.2,1.0
2025-12-22 21:25:00+08:00,TAIFEX:CCF1!,51.2,51.3,51.2,51.3,8.0
2025-12-22 22:25:00+08:00,TAIFEX:CCF1!,51.3,51.3,50.9,51.1,37.0
2025-12-23 00:25:00+08:00,TAIFEX:CCF1!,51.1,51.1,51.1,51.1,1.0
2025-12-23 08:45:00+08:00,TAIFEX:CCF1!,51.2,51.3,50.4,50.4,360.0
2025-12-23 09:45:00+08:00,TAIFEX:CCF1!,50.4,50.5,50.2,50.2,257.0
2025-12-23 10:45:00+08:00,TAIFEX:CCF1!,50.2,50.3,50.0,50.0,204.0
2025-12-23 11:45:00+08:00,TAIFEX:CCF1!,50.0,50.1,49.9,50.0,113.0
2025-12-23 12:45:00+08:00,TAIFEX:CCF1!,50.0,50.2,49.9,50.0,302.0
2025-12-23 17:25:00+08:00,TAIFEX:CCF1!,51.5,51.5,50.5,50.5,2.0
2025-12-23 18:25:00+08:00,TAIFEX:CCF1!,50.4,50.4,50.4,50.4,1.0
2025-12-23 19:25:00+08:00,TAIFEX:CCF1!,50.4,50.4,50.2,50.2,5.0
2025-12-23 20:25:00+08:00,TAIFEX:CCF1!,50.2,50.2,49.95,49.95,28.0
2025-12-23 21:25:00+08:00,TAIFEX:CCF1!,49.95,49.95,49.95,49.95,12.0
2025-12-23 22:25:00+08:00,TAIFEX:CCF1!,50.0,50.2,50.0,50.0,10.0
2025-12-23 23:25:00+08:00,TAIFEX:CCF1!,50.1,50.1,50.1,50.1,2.0
2025-12-24 01:25:00+08:00,TAIFEX:CCF1!,50.0,50.0,49.95,49.95,8.0
2025-12-24 02:25:00+08:00,TAIFEX:CCF1!,49.95,49.95,49.85,49.85,4.0
2025-12-24 04:25:00+08:00,TAIFEX:CCF1!,50.0,50.0,50.0,50.0,1.0
2025-12-24 08:45:00+08:00,TAIFEX:CCF1!,50.2,50.3,49.8,50.2,219.0
2025-12-24 09:45:00+08:00,TAIFEX:CCF1!,50.2,50.2,49.8,49.85,282.0
2025-12-24 10:45:00+08:00,TAIFEX:CCF1!,49.85,49.9,49.8,49.8,85.0
2025-12-24 11:45:00+08:00,TAIFEX:CCF1!,49.75,49.75,49.6,49.6,152.0
2025-12-24 12:45:00+08:00,TAIFEX:CCF1!,49.6,49.9,49.55,49.9,136.0
2025-12-24 22:25:00+08:00,TAIFEX:CCF1!,49.7,49.95,49.7,49.95,4.0
2025-12-25 00:25:00+08:00,TAIFEX:CCF1!,49.75,49.75,49.75,49.75,1.0
2025-12-25 01:25:00+08:00,TAIFEX:CCF1!,49.85,49.85,49.85,49.85,1.0
2025-12-26 08:45:00+08:00,TAIFEX:CCF1!,49.8,50.3,49.8,50.0,256.0
2025-12-26 09:45:00+08:00,TAIFEX:CCF1!,50.0,50.1,49.95,50.0,102.0
2025-12-26 10:45:00+08:00,TAIFEX:CCF1!,50.0,50.2,50.0,50.1,152.0
2025-12-26 11:45:00+08:00,TAIFEX:CCF1!,50.0,50.1,49.95,50.0,110.0
2025-12-26 12:45:00+08:00,TAIFEX:CCF1!,50.0,50.1,49.95,49.95,114.0
2025-12-26 19:25:00+08:00,TAIFEX:CCF1!,50.1,50.1,50.1,50.1,1.0
2025-12-26 21:25:00+08:00,TAIFEX:CCF1!,49.95,49.95,49.95,49.95,1.0
2025-12-26 22:25:00+08:00,TAIFEX:CCF1!,49.9,50.2,49.8,50.2,9.0
2025-12-26 23:25:00+08:00,TAIFEX:CCF1!,50.2,50.2,50.2,50.2,9.0
2025-12-27 01:25:00+08:00,TAIFEX:CCF1!,50.2,50.2,50.2,50.2,2.0
2025-12-27 03:25:00+08:00,TAIFEX:CCF1!,50.2,50.2,50.2,50.2,3.0
2025-12-29 08:45:00+08:00,TAIFEX:CCF1!,50.1,50.1,49.55,49.9,226.0
2025-12-29 09:45:00+08:00,TAIFEX:CCF1!,49.95,50.1,49.8,50.0,145.0
2025-12-29 10:45:00+08:00,TAIFEX:CCF1!,50.0,50.1,49.9,50.0,104.0
2025-12-29 11:45:00+08:00,TAIFEX:CCF1!,50.0,50.0,49.85,49.85,80.0
2025-12-29 12:45:00+08:00,TAIFEX:CCF1!,49.85,49.85,49.6,49.7,156.0
2025-12-29 20:25:00+08:00,TAIFEX:CCF1!,49.55,49.55,49.2,49.2,10.0
2025-12-29 21:25:00+08:00,TAIFEX:CCF1!,49.4,49.4,48.9,48.95,43.0
2025-12-29 22:25:00+08:00,TAIFEX:CCF1!,48.95,49.25,48.95,49.1,44.0
2025-12-29 23:25:00+08:00,TAIFEX:CCF1!,49.1,49.15,49.05,49.15,3.0
2025-12-30 08:45:00+08:00,TAIFEX:CCF1!,49.5,50.1,49.2,49.95,440.0
2025-12-30 09:45:00+08:00,TAIFEX:CCF1!,49.95,50.0,49.6,49.7,305.0
2025-12-30 10:45:00+08:00,TAIFEX:CCF1!,49.75,49.75,49.45,49.5,160.0
2025-12-30 11:45:00+08:00,TAIFEX:CCF1!,49.6,49.8,49.6,49.6,119.0
2025-12-30 12:45:00+08:00,TAIFEX:CCF1!,49.65,49.75,49.5,49.55,100.0
2025-12-30 17:25:00+08:00,TAIFEX:CCF1!,49.5,49.5,49.5,49.5,1.0
2025-12-30 18:25:00+08:00,TAIFEX:CCF1!,49.5,49.5,49.5,49.5,1.0
2025-12-30 19:25:00+08:00,TAIFEX:CCF1!,49.55,49.55,49.55,49.55,1.0
2025-12-30 20:25:00+08:00,TAIFEX:CCF1!,49.45,49.45,49.45,49.45,4.0
2025-12-30 21:25:00+08:00,TAIFEX:CCF1!,49.4,49.4,49.4,49.4,1.0
2025-12-30 22:25:00+08:00,TAIFEX:CCF1!,49.45,49.5,49.4,49.4,9.0
2025-12-30 23:25:00+08:00,TAIFEX:CCF1!,49.4,49.4,49.35,49.35,18.0
2025-12-31 00:25:00+08:00,TAIFEX:CCF1!,49.35,49.35,49.3,49.35,16.0
2025-12-31 01:25:00+08:00,TAIFEX:CCF1!,49.35,49.35,49.35,49.35,1.0
2025-12-31 02:25:00+08:00,TAIFEX:CCF1!,49.35,49.55,49.35,49.55,12.0
2025-12-31 04:25:00+08:00,TAIFEX:CCF1!,49.4,49.4,49.35,49.35,4.0
2025-12-31 08:45:00+08:00,TAIFEX:CCF1!,49.3,49.65,49.15,49.25,355.0
2025-12-31 09:45:00+08:00,TAIFEX:CCF1!,49.2,49.7,49.0,49.65,226.0
2025-12-31 10:45:00+08:00,TAIFEX:CCF1!,49.65,49.75,49.55,49.6,61.0
2025-12-31 11:45:00+08:00,TAIFEX:CCF1!,49.55,49.65,49.3,49.3,66.0
2025-12-31 12:45:00+08:00,TAIFEX:CCF1!,49.3,49.35,49.15,49.35,101.0
2025-12-31 17:25:00+08:00,TAIFEX:CCF1!,48.85,48.9,48.85,48.9,48.0
2025-12-31 18:25:00+08:00,TAIFEX:CCF1!,48.9,48.9,48.9,48.9,5.0
2025-12-31 19:25:00+08:00,TAIFEX:CCF1!,48.9,48.9,48.9,48.9,38.0
2025-12-31 20:25:00+08:00,TAIFEX:CCF1!,48.9,49.0,48.9,49.0,8.0
2025-12-31 21:25:00+08:00,TAIFEX:CCF1!,49.1,49.25,49.1,49.25,3.0
2025-12-31 22:25:00+08:00,TAIFEX:CCF1!,49.35,49.45,49.2,49.2,29.0
2025-12-31 23:25:00+08:00,TAIFEX:CCF1!,49.25,49.25,49.25,49.25,1.0
2026-01-01 02:25:00+08:00,TAIFEX:CCF1!,49.3,49.3,49.3,49.3,1.0
2026-01-01 03:25:00+08:00,TAIFEX:CCF1!,49.15,49.15,49.05,49.05,2.0
2026-01-01 04:25:00+08:00,TAIFEX:CCF1!,49.0,49.0,49.0,49.0,3.0
2026-01-02 08:45:00+08:00,TAIFEX:CCF1!,49.1,49.25,48.75,48.95,357.0
2026-01-02 09:45:00+08:00,TAIFEX:CCF1!,48.95,49.15,48.8,49.1,168.0
2026-01-02 10:45:00+08:00,TAIFEX:CCF1!,49.1,49.1,48.75,48.95,163.0
2026-01-02 11:45:00+08:00,TAIFEX:CCF1!,48.9,49.0,48.6,48.6,228.0
2026-01-02 12:45:00+08:00,TAIFEX:CCF1!,48.6,48.9,48.6,48.75,233.0
2026-01-02 17:25:00+08:00,TAIFEX:CCF1!,49.2,49.2,49.2,49.2,4.0
2026-01-02 19:25:00+08:00,TAIFEX:CCF1!,48.95,49.0,48.5,48.65,32.0
2026-01-02 20:25:00+08:00,TAIFEX:CCF1!,48.75,48.75,48.65,48.65,4.0
2026-01-02 21:25:00+08:00,TAIFEX:CCF1!,48.7,48.75,48.65,48.7,8.0
2026-01-02 22:25:00+08:00,TAIFEX:CCF1!,48.8,48.95,48.65,48.65,82.0
2026-01-02 23:25:00+08:00,TAIFEX:CCF1!,48.6,48.7,48.6,48.7,10.0
2026-01-03 01:25:00+08:00,TAIFEX:CCF1!,48.8,48.8,48.8,48.8,1.0
2026-01-03 02:25:00+08:00,TAIFEX:CCF1!,48.9,49.0,48.9,49.0,5.0
2026-01-03 03:25:00+08:00,TAIFEX:CCF1!,49.1,49.15,49.1,49.15,3.0
2026-01-03 04:25:00+08:00,TAIFEX:CCF1!,48.95,49.05,48.95,49.05,2.0
2026-01-05 08:45:00+08:00,TAIFEX:CCF1!,48.8,49.1,48.65,49.0,391.0
2026-01-05 09:45:00+08:00,TAIFEX:CCF1!,48.95,48.95,48.55,48.7,372.0
2026-01-05 10:45:00+08:00,TAIFEX:CCF1!,48.65,48.75,48.5,48.65,181.0
2026-01-05 11:45:00+08:00,TAIFEX:CCF1!,48.55,48.7,48.35,48.45,138.0
2026-01-05 12:45:00+08:00,TAIFEX:CCF1!,48.45,48.7,48.3,48.65,219.0
2026-01-05 17:25:00+08:00,TAIFEX:CCF1!,49.0,49.0,49.0,49.0,1.0
2026-01-05 22:25:00+08:00,TAIFEX:CCF1!,48.7,48.7,48.3,48.4,49.0
2026-01-05 23:25:00+08:00,TAIFEX:CCF1!,48.45,48.5,48.45,48.5,2.0
2026-01-06 01:25:00+08:00,TAIFEX:CCF1!,48.55,48.55,48.5,48.5,3.0
2026-01-06 08:45:00+08:00,TAIFEX:CCF1!,48.5,49.3,48.5,48.75,431.0
2026-01-06 09:45:00+08:00,TAIFEX:CCF1!,48.75,49.4,48.75,49.2,402.0
2026-01-06 10:45:00+08:00,TAIFEX:CCF1!,49.2,49.3,48.85,48.9,316.0
2026-01-06 11:45:00+08:00,TAIFEX:CCF1!,48.9,49.05,48.8,48.8,412.0
2026-01-06 12:45:00+08:00,TAIFEX:CCF1!,48.85,49.35,48.8,49.35,299.0
2026-01-06 20:25:00+08:00,TAIFEX:CCF1!,49.55,49.55,49.55,49.55,1.0
2026-01-06 21:25:00+08:00,TAIFEX:CCF1!,49.3,49.3,49.25,49.25,11.0
2026-01-06 22:25:00+08:00,TAIFEX:CCF1!,49.3,49.95,49.3,49.95,51.0
2026-01-06 23:25:00+08:00,TAIFEX:CCF1!,49.95,50.6,49.95,50.4,47.0
2026-01-07 00:25:00+08:00,TAIFEX:CCF1!,50.5,50.5,50.3,50.4,46.0
2026-01-07 01:25:00+08:00,TAIFEX:CCF1!,50.4,50.5,50.4,50.4,18.0
2026-01-07 02:25:00+08:00,TAIFEX:CCF1!,50.4,50.4,50.4,50.4,2.0
2026-01-07 03:25:00+08:00,TAIFEX:CCF1!,50.4,50.4,50.4,50.4,3.0
2026-01-07 04:25:00+08:00,TAIFEX:CCF1!,50.5,50.6,50.5,50.6,8.0
2026-01-07 08:45:00+08:00,TAIFEX:CCF1!,50.5,53.9,50.2,53.7,5516.0
2026-01-07 09:45:00+08:00,TAIFEX:CCF1!,53.7,54.2,53.5,54.2,1510.0
2026-01-07 10:45:00+08:00,TAIFEX:CCF1!,54.2,54.2,54.1,54.2,1064.0
2026-01-07 11:45:00+08:00,TAIFEX:CCF1!,54.2,54.2,54.2,54.2,13.0
2026-01-07 12:45:00+08:00,TAIFEX:CCF1!,54.2,54.2,54.2,54.2,56.0
2026-01-07 17:25:00+08:00,TAIFEX:CCF1!,55.5,55.8,55.0,55.8,22.0
2026-01-07 18:25:00+08:00,TAIFEX:CCF1!,55.8,56.0,55.4,55.7,28.0
2026-01-07 19:25:00+08:00,TAIFEX:CCF1!,55.7,55.7,55.5,55.6,25.0
2026-01-07 20:25:00+08:00,TAIFEX:CCF1!,55.7,55.8,55.5,55.6,27.0
2026-01-07 21:25:00+08:00,TAIFEX:CCF1!,55.9,56.3,55.6,55.6,64.0
2026-01-07 22:25:00+08:00,TAIFEX:CCF1!,55.6,56.9,55.6,56.1,152.0
2026-01-07 23:25:00+08:00,TAIFEX:CCF1!,56.2,56.2,56.0,56.1,32.0
2026-01-08 00:25:00+08:00,TAIFEX:CCF1!,56.1,56.4,55.9,55.9,132.0
2026-01-08 01:25:00+08:00,TAIFEX:CCF1!,55.9,55.9,55.7,55.7,62.0
2026-01-08 02:25:00+08:00,TAIFEX:CCF1!,55.8,56.0,55.8,55.8,10.0
2026-01-08 03:25:00+08:00,TAIFEX:CCF1!,55.8,56.0,55.8,55.8,31.0
2026-01-08 04:25:00+08:00,TAIFEX:CCF1!,55.8,56.0,55.7,56.0,61.0
2026-01-08 08:45:00+08:00,TAIFEX:CCF1!,57.2,59.0,54.1,54.3,26246.0
2026-01-08 09:45:00+08:00,TAIFEX:CCF1!,54.3,54.9,52.4,53.5,10820.0
2026-01-08 10:45:00+08:00,TAIFEX:CCF1!,53.6,54.0,52.4,53.3,3922.0
2026-01-08 11:45:00+08:00,TAIFEX:CCF1!,53.3,53.9,52.7,53.0,2497.0
2026-01-08 12:45:00+08:00,TAIFEX:CCF1!,53.0,53.2,52.6,53.1,3695.0
2026-01-08 17:25:00+08:00,TAIFEX:CCF1!,53.7,54.7,53.5,54.3,80.0
2026-01-08 18:25:00+08:00,TAIFEX:CCF1!,54.3,54.5,54.0,54.5,121.0
2026-01-08 19:25:00+08:00,TAIFEX:CCF1!,54.3,54.5,54.2,54.3,73.0
2026-01-08 20:25:00+08:00,TAIFEX:CCF1!,54.2,54.3,54.1,54.2,47.0
2026-01-08 21:25:00+08:00,TAIFEX:CCF1!,54.3,54.4,54.2,54.3,140.0
2026-01-08 22:25:00+08:00,TAIFEX:CCF1!,54.3,55.1,54.1,54.7,306.0
2026-01-08 23:25:00+08:00,TAIFEX:CCF1!,54.7,55.0,54.5,54.5,164.0
2026-01-09 00:25:00+08:00,TAIFEX:CCF1!,54.4,54.4,54.2,54.4,40.0
2026-01-09 01:25:00+08:00,TAIFEX:CCF1!,54.5,54.6,54.4,54.4,12.0
2026-01-09 02:25:00+08:00,TAIFEX:CCF1!,54.3,54.4,54.3,54.4,19.0
2026-01-09 03:25:00+08:00,TAIFEX:CCF1!,54.4,54.4,54.1,54.1,28.0
2026-01-09 04:25:00+08:00,TAIFEX:CCF1!,54.1,54.5,54.0,54.5,50.0
2026-01-09 08:45:00+08:00,TAIFEX:CCF1!,54.5,56.9,54.0,54.7,9913.0
2026-01-09 09:45:00+08:00,TAIFEX:CCF1!,54.9,55.6,53.8,55.0,3768.0
2026-01-09 10:45:00+08:00,TAIFEX:CCF1!,54.9,56.8,54.5,56.4,7084.0
2026-01-09 11:45:00+08:00,TAIFEX:CCF1!,56.4,56.5,55.1,55.2,3248.0
2026-01-09 12:45:00+08:00,TAIFEX:CCF1!,55.2,55.9,54.8,55.1,2130.0
2026-01-09 17:25:00+08:00,TAIFEX:CCF1!,55.4,56.2,55.4,56.2,86.0
2026-01-09 18:25:00+08:00,TAIFEX:CCF1!,56.2,56.2,56.0,56.1,35.0
2026-01-09 19:25:00+08:00,TAIFEX:CCF1!,56.1,56.1,56.0,56.1,23.0
2026-01-09 20:25:00+08:00,TAIFEX:CCF1!,56.0,56.1,55.9,56.1,20.0
2026-01-09 21:25:00+08:00,TAIFEX:CCF1!,56.1,56.2,55.9,55.9,63.0
2026-01-09 22:25:00+08:00,TAIFEX:CCF1!,56.0,56.2,55.3,55.3,147.0
2026-01-09 23:25:00+08:00,TAIFEX:CCF1!,55.2,55.9,55.2,55.8,104.0
2026-01-10 00:25:00+08:00,TAIFEX:CCF1!,55.9,55.9,55.8,55.9,30.0
2026-01-10 01:25:00+08:00,TAIFEX:CCF1!,55.9,56.0,55.9,56.0,13.0
2026-01-10 02:25:00+08:00,TAIFEX:CCF1!,56.0,56.1,56.0,56.1,3.0
2026-01-10 03:25:00+08:00,TAIFEX:CCF1!,56.1,56.4,56.0,56.4,75.0
2026-01-10 04:25:00+08:00,TAIFEX:CCF1!,56.4,56.5,56.3,56.4,69.0
2026-01-12 08:45:00+08:00,TAIFEX:CCF1!,56.4,57.8,56.0,56.8,8027.0
2026-01-12 09:45:00+08:00,TAIFEX:CCF1!,56.8,56.9,56.0,56.6,3397.0
2026-01-12 10:45:00+08:00,TAIFEX:CCF1!,56.6,56.6,56.1,56.3,1799.0
2026-01-12 11:45:00+08:00,TAIFEX:CCF1!,56.3,57.0,55.5,55.5,2731.0
2026-01-12 12:45:00+08:00,TAIFEX:CCF1!,55.5,55.8,55.3,55.8,1491.0
2026-01-12 17:25:00+08:00,TAIFEX:CCF1!,55.6,55.7,55.3,55.3,20.0
2026-01-12 18:25:00+08:00,TAIFEX:CCF1!,55.3,55.4,55.3,55.3,21.0
2026-01-12 19:25:00+08:00,TAIFEX:CCF1!,55.3,55.3,55.1,55.2,30.0
2026-01-12 20:25:00+08:00,TAIFEX:CCF1!,55.4,55.6,55.4,55.6,6.0
2026-01-12 21:25:00+08:00,TAIFEX:CCF1!,55.6,55.6,55.5,55.5,9.0
2026-01-12 22:25:00+08:00,TAIFEX:CCF1!,55.5,56.1,55.5,56.0,99.0
2026-01-12 23:25:00+08:00,TAIFEX:CCF1!,56.1,56.5,56.1,56.3,41.0
2026-01-13 00:25:00+08:00,TAIFEX:CCF1!,56.3,56.3,56.0,56.1,11.0
2026-01-13 01:25:00+08:00,TAIFEX:CCF1!,56.2,56.5,56.2,56.5,29.0
2026-01-13 02:25:00+08:00,TAIFEX:CCF1!,56.4,56.4,56.2,56.3,13.0
2026-01-13 03:25:00+08:00,TAIFEX:CCF1!,56.3,56.3,56.2,56.2,8.0
2026-01-13 04:25:00+08:00,TAIFEX:CCF1!,56.3,56.3,56.3,56.3,10.0
2026-01-13 08:45:00+08:00,TAIFEX:CCF1!,55.8,56.9,53.9,54.4,5228.0
2026-01-13 09:45:00+08:00,TAIFEX:CCF1!,54.3,55.1,54.1,54.7,1000.0
2026-01-13 10:45:00+08:00,TAIFEX:CCF1!,55.2,55.4,54.9,54.9,152.0
2026-01-13 11:45:00+08:00,TAIFEX:CCF1!,55.0,55.1,54.7,54.8,333.0
2026-01-13 12:45:00+08:00,TAIFEX:CCF1!,54.8,55.1,54.8,55.0,428.0
2026-01-13 17:25:00+08:00,TAIFEX:CCF1!,55.1,55.6,55.1,55.5,32.0
2026-01-13 18:25:00+08:00,TAIFEX:CCF1!,55.5,55.6,55.4,55.6,26.0
2026-01-13 19:25:00+08:00,TAIFEX:CCF1!,55.6,55.6,55.5,55.5,4.0
2026-01-13 20:25:00+08:00,TAIFEX:CCF1!,55.5,55.5,55.5,55.5,11.0
2026-01-13 21:25:00+08:00,TAIFEX:CCF1!,55.5,55.6,55.4,55.6,53.0
2026-01-13 22:25:00+08:00,TAIFEX:CCF1!,55.6,55.8,55.5,55.6,51.0
2026-01-13 23:25:00+08:00,TAIFEX:CCF1!,55.5,55.6,55.5,55.6,7.0
2026-01-14 00:25:00+08:00,TAIFEX:CCF1!,55.6,55.6,55.5,55.6,17.0
2026-01-14 01:25:00+08:00,TAIFEX:CCF1!,55.6,55.6,55.2,55.2,50.0
2026-01-14 03:25:00+08:00,TAIFEX:CCF1!,55.3,55.3,55.3,55.3,2.0
2026-01-14 04:25:00+08:00,TAIFEX:CCF1!,55.3,55.4,55.2,55.4,42.0
2026-01-14 08:45:00+08:00,TAIFEX:CCF1!,55.2,55.7,53.8,54.7,3458.0
2026-01-14 09:45:00+08:00,TAIFEX:CCF1!,54.7,55.7,54.3,54.4,3076.0
2026-01-14 10:45:00+08:00,TAIFEX:CCF1!,54.5,54.7,53.9,54.2,1040.0
2026-01-14 11:45:00+08:00,TAIFEX:CCF1!,54.2,54.5,54.1,54.2,652.0
2026-01-14 12:45:00+08:00,TAIFEX:CCF1!,54.1,54.2,53.7,54.1,1990.0
2026-01-14 17:25:00+08:00,TAIFEX:CCF1!,54.5,54.7,53.6,54.0,53.0
2026-01-14 18:25:00+08:00,TAIFEX:CCF1!,53.9,53.9,53.0,53.3,76.0
2026-01-14 19:25:00+08:00,TAIFEX:CCF1!,53.3,53.4,53.0,53.0,33.0
2026-01-14 20:25:00+08:00,TAIFEX:CCF1!,53.0,53.4,53.0,53.3,21.0
2026-01-14 21:25:00+08:00,TAIFEX:CCF1!,53.3,53.6,53.3,53.4,25.0
2026-01-14 22:25:00+08:00,TAIFEX:CCF1!,53.7,54.5,53.6,54.4,434.0
2026-01-14 23:25:00+08:00,TAIFEX:CCF1!,54.4,54.5,54.2,54.3,145.0
2026-01-15 00:25:00+08:00,TAIFEX:CCF1!,54.3,54.3,54.2,54.3,40.0
2026-01-15 01:25:00+08:00,TAIFEX:CCF1!,54.3,54.3,54.1,54.1,45.0
2026-01-15 02:25:00+08:00,TAIFEX:CCF1!,54.2,54.3,54.2,54.3,49.0
2026-01-15 03:25:00+08:00,TAIFEX:CCF1!,54.3,54.3,54.3,54.3,10.0
2026-01-15 04:25:00+08:00,TAIFEX:CCF1!,54.3,54.5,54.1,54.5,67.0
2026-01-15 08:45:00+08:00,TAIFEX:CCF1!,54.2,55.3,53.8,54.8,1677.0
2026-01-15 09:45:00+08:00,TAIFEX:CCF1!,54.7,55.3,54.7,54.9,1231.0
2026-01-15 10:45:00+08:00,TAIFEX:CCF1!,54.8,55.1,54.8,55.1,774.0
2026-01-15 11:45:00+08:00,TAIFEX:CCF1!,55.1,55.1,54.2,54.5,939.0
2026-01-15 12:45:00+08:00,TAIFEX:CCF1!,54.5,55.2,54.3,55.2,725.0
2026-01-15 17:25:00+08:00,TAIFEX:CCF1!,55.8,55.9,55.1,55.7,107.0
2026-01-15 18:25:00+08:00,TAIFEX:CCF1!,55.8,56.0,55.7,55.8,75.0
2026-01-15 19:25:00+08:00,TAIFEX:CCF1!,55.8,55.9,55.6,55.8,75.0
2026-01-15 20:25:00+08:00,TAIFEX:CCF1!,55.9,55.9,55.8,55.9,21.0
2026-01-15 21:25:00+08:00,TAIFEX:CCF1!,55.8,55.8,55.8,55.8,14.0
2026-01-15 22:25:00+08:00,TAIFEX:CCF1!,55.8,55.9,55.4,55.5,117.0
2026-01-15 23:25:00+08:00,TAIFEX:CCF1!,55.4,55.7,55.4,55.7,21.0
2026-01-16 00:25:00+08:00,TAIFEX:CCF1!,55.7,55.8,55.6,55.6,7.0
2026-01-16 01:25:00+08:00,TAIFEX:CCF1!,55.7,55.7,55.6,55.6,14.0
2026-01-16 02:25:00+08:00,TAIFEX:CCF1!,55.5,55.5,55.5,55.5,8.0
2026-01-16 03:25:00+08:00,TAIFEX:CCF1!,55.4,55.4,55.4,55.4,6.0
2026-01-16 04:25:00+08:00,TAIFEX:CCF1!,55.3,55.3,55.1,55.3,87.0
2026-01-16 08:45:00+08:00,TAIFEX:CCF1!,55.4,56.0,54.0,55.7,3820.0
2026-01-16 09:45:00+08:00,TAIFEX:CCF1!,55.6,57.6,55.4,57.1,5731.0
2026-01-16 10:45:00+08:00,TAIFEX:CCF1!,57.0,58.8,56.9,58.3,6733.0
2026-01-16 11:45:00+08:00,TAIFEX:CCF1!,58.4,59.2,58.2,58.8,4696.0
2026-01-16 12:45:00+08:00,TAIFEX:CCF1!,58.7,58.8,58.1,58.8,1803.0
2026-01-16 17:25:00+08:00,TAIFEX:CCF1!,58.5,58.8,58.4,58.8,27.0
2026-01-16 18:25:00+08:00,TAIFEX:CCF1!,58.8,58.9,58.7,58.9,16.0
2026-01-16 19:25:00+08:00,TAIFEX:CCF1!,58.9,58.9,58.6,58.8,28.0
2026-01-16 20:25:00+08:00,TAIFEX:CCF1!,58.9,58.9,58.7,58.8,14.0
2026-01-16 21:25:00+08:00,TAIFEX:CCF1!,58.7,58.8,58.6,58.7,21.0
2026-01-16 22:25:00+08:00,TAIFEX:CCF1!,58.7,58.8,58.3,58.6,76.0
2026-01-16 23:25:00+08:00,TAIFEX:CCF1!,58.5,58.8,58.3,58.8,31.0
2026-01-17 00:25:00+08:00,TAIFEX:CCF1!,58.8,59.0,58.8,58.9,19.0
2026-01-17 01:25:00+08:00,TAIFEX:CCF1!,58.9,58.9,58.8,58.9,8.0
2026-01-17 02:25:00+08:00,TAIFEX:CCF1!,58.9,59.1,58.9,59.0,54.0
2026-01-17 03:25:00+08:00,TAIFEX:CCF1!,59.0,59.0,58.9,58.9,2.0
2026-01-17 04:25:00+08:00,TAIFEX:CCF1!,59.0,59.5,58.9,59.0,142.0
2026-01-19 08:45:00+08:00,TAIFEX:CCF1!,58.7,61.3,58.7,59.6,7616.0
2026-01-19 09:45:00+08:00,TAIFEX:CCF1!,59.6,59.9,58.8,59.8,3533.0
2026-01-19 10:45:00+08:00,TAIFEX:CCF1!,59.8,63.6,59.5,63.2,10735.0
2026-01-19 11:45:00+08:00,TAIFEX:CCF1!,63.2,63.9,62.8,63.1,3868.0
2026-01-19 12:45:00+08:00,TAIFEX:CCF1!,63.1,63.6,62.4,63.2,2440.0
2026-01-19 17:25:00+08:00,TAIFEX:CCF1!,63.4,63.4,63.0,63.0,30.0
2026-01-19 18:25:00+08:00,TAIFEX:CCF1!,63.0,63.0,63.0,63.0,7.0
2026-01-19 19:25:00+08:00,TAIFEX:CCF1!,63.1,63.3,63.1,63.3,25.0
2026-01-19 20:25:00+08:00,TAIFEX:CCF1!,63.3,63.3,63.2,63.3,6.0
2026-01-19 21:25:00+08:00,TAIFEX:CCF1!,63.4,63.4,63.3,63.3,15.0
2026-01-19 22:25:00+08:00,TAIFEX:CCF1!,63.2,63.8,63.2,63.7,55.0
2026-01-19 23:25:00+08:00,TAIFEX:CCF1!,63.8,63.8,63.6,63.7,10.0
2026-01-20 00:25:00+08:00,TAIFEX:CCF1!,63.7,63.7,63.6,63.6,4.0
2026-01-20 01:25:00+08:00,TAIFEX:CCF1!,63.6,63.6,63.6,63.6,3.0
2026-01-20 02:25:00+08:00,TAIFEX:CCF1!,63.6,63.6,63.6,63.6,2.0
2026-01-20 03:25:00+08:00,TAIFEX:CCF1!,63.6,63.7,63.6,63.7,3.0
2026-01-20 04:25:00+08:00,TAIFEX:CCF1!,63.6,63.8,63.6,63.8,17.0
2026-01-20 08:45:00+08:00,TAIFEX:CCF1!,63.2,64.1,61.4,63.7,4954.0
2026-01-20 09:45:00+08:00,TAIFEX:CCF1!,63.9,69.3,63.9,68.8,10837.0
2026-01-20 10:45:00+08:00,TAIFEX:CCF1!,68.9,69.4,66.7,67.4,7272.0
2026-01-20 11:45:00+08:00,TAIFEX:CCF1!,67.3,67.8,67.0,67.3,2195.0
2026-01-20 12:45:00+08:00,TAIFEX:CCF1!,67.4,68.6,67.1,68.1,2060.0
2026-01-20 17:25:00+08:00,TAIFEX:CCF1!,67.7,67.8,67.1,67.7,197.0
2026-01-20 18:25:00+08:00,TAIFEX:CCF1!,67.7,67.8,67.0,67.0,265.0
2026-01-20 19:25:00+08:00,TAIFEX:CCF1!,67.0,67.0,66.5,66.6,190.0
2026-01-20 20:25:00+08:00,TAIFEX:CCF1!,66.6,67.7,66.6,67.6,174.0
2026-01-20 21:25:00+08:00,TAIFEX:CCF1!,67.6,67.9,67.6,67.6,167.0
2026-01-20 22:25:00+08:00,TAIFEX:CCF1!,67.6,68.8,67.6,68.7,698.0
2026-01-20 23:25:00+08:00,TAIFEX:CCF1!,68.7,72.3,68.7,71.9,1597.0
2026-01-21 00:25:00+08:00,TAIFEX:CCF1!,71.8,72.4,71.8,72.1,477.0
2026-01-21 01:25:00+08:00,TAIFEX:CCF1!,72.1,72.2,71.0,71.0,301.0
2026-01-21 02:25:00+08:00,TAIFEX:CCF1!,71.0,71.7,70.6,70.7,203.0
2026-01-21 03:25:00+08:00,TAIFEX:CCF1!,70.7,71.6,70.6,71.5,183.0
2026-01-21 04:25:00+08:00,TAIFEX:CCF1!,71.5,72.0,71.5,72.0,347.0
2026-01-21 08:45:00+08:00,TAIFEX:CCF1!,72.4,74.0,69.2,71.9,18491.0
2026-01-21 09:45:00+08:00,TAIFEX:CCF1!,71.9,72.0,68.1,68.5,8591.0
2026-01-21 10:45:00+08:00,TAIFEX:CCF1!,68.5,70.0,68.1,69.5,5117.0
2026-01-21 11:45:00+08:00,TAIFEX:CCF1!,69.5,69.6,68.1,68.1,2566.0
2026-01-21 12:45:00+08:00,TAIFEX:CCF1!,68.2,69.5,67.6,69.2,3419.0
2026-01-21 17:25:00+08:00,TAIFEX:CCF1!,69.9,70.6,69.1,70.3,336.0
2026-01-21 18:25:00+08:00,TAIFEX:CCF1!,70.3,70.4,70.0,70.1,194.0
2026-01-21 19:25:00+08:00,TAIFEX:CCF1!,70.1,70.2,69.7,70.1,195.0
2026-01-21 20:25:00+08:00,TAIFEX:CCF1!,70.1,70.1,69.9,70.0,92.0
2026-01-21 21:25:00+08:00,TAIFEX:CCF1!,70.0,70.8,69.8,70.7,247.0
2026-01-21 22:25:00+08:00,TAIFEX:CCF1!,70.8,72.4,70.7,72.1,1611.0
2026-01-21 23:25:00+08:00,TAIFEX:CCF1!,72.0,72.5,71.8,72.2,662.0
2026-01-22 00:25:00+08:00,TAIFEX:CCF1!,72.2,72.3,71.0,71.2,546.0
2026-01-22 01:25:00+08:00,TAIFEX:CCF1!,71.2,71.4,70.7,71.4,216.0
2026-01-22 02:25:00+08:00,TAIFEX:CCF1!,71.4,71.6,71.2,71.6,51.0
2026-01-22 03:25:00+08:00,TAIFEX:CCF1!,71.7,72.5,71.5,72.3,513.0
2026-01-22 04:25:00+08:00,TAIFEX:CCF1!,72.3,72.4,72.2,72.2,38.0
2026-01-22 08:45:00+08:00,TAIFEX:CCF1!,72.1,72.9,69.6,70.0,12607.0
2026-01-22 09:45:00+08:00,TAIFEX:CCF1!,70.0,70.5,68.5,68.7,4853.0
2026-01-22 10:45:00+08:00,TAIFEX:CCF1!,68.8,69.4,68.5,68.6,1740.0
2026-01-22 11:45:00+08:00,TAIFEX:CCF1!,68.6,69.0,67.8,68.4,3329.0
2026-01-22 12:45:00+08:00,TAIFEX:CCF1!,68.3,68.4,67.7,67.7,2037.0
2026-01-22 17:25:00+08:00,TAIFEX:CCF1!,68.6,68.9,68.6,68.7,210.0
2026-01-22 18:25:00+08:00,TAIFEX:CCF1!,68.7,68.9,68.7,68.8,104.0
2026-01-22 19:25:00+08:00,TAIFEX:CCF1!,68.8,69.0,68.7,68.8,83.0
2026-01-22 20:25:00+08:00,TAIFEX:CCF1!,68.8,68.9,68.6,68.6,95.0
2026-01-22 21:25:00+08:00,TAIFEX:CCF1!,68.6,68.9,68.6,68.8,161.0
2026-01-22 22:25:00+08:00,TAIFEX:CCF1!,68.8,69.4,68.6,68.6,501.0
2026-01-22 23:25:00+08:00,TAIFEX:CCF1!,68.6,69.3,68.6,69.2,447.0
2026-01-23 00:25:00+08:00,TAIFEX:CCF1!,69.0,69.2,68.9,69.2,73.0
2026-01-23 01:25:00+08:00,TAIFEX:CCF1!,69.2,69.3,69.2,69.2,68.0
2026-01-23 02:25:00+08:00,TAIFEX:CCF1!,69.2,69.2,69.1,69.1,31.0
2026-01-23 03:25:00+08:00,TAIFEX:CCF1!,69.1,69.1,69.1,69.1,22.0
2026-01-23 04:25:00+08:00,TAIFEX:CCF1!,69.1,69.2,69.0,69.2,60.0
2026-01-23 08:45:00+08:00,TAIFEX:CCF1!,68.1,69.9,64.3,65.3,13678.0
2026-01-23 09:45:00+08:00,TAIFEX:CCF1!,65.3,65.6,63.3,64.5,8394.0
2026-01-23 10:45:00+08:00,TAIFEX:CCF1!,64.4,65.2,63.7,64.9,2848.0
2026-01-23 11:45:00+08:00,TAIFEX:CCF1!,65.0,65.8,64.7,65.2,3881.0
2026-01-23 12:45:00+08:00,TAIFEX:CCF1!,65.2,65.8,64.9,65.3,3290.0
2026-01-23 17:25:00+08:00,TAIFEX:CCF1!,65.5,65.8,64.6,65.2,115.0
2026-01-23 18:25:00+08:00,TAIFEX:CCF1!,65.2,65.6,65.2,65.5,38.0
2026-01-23 19:25:00+08:00,TAIFEX:CCF1!,65.6,65.7,65.5,65.6,23.0
2026-01-23 20:25:00+08:00,TAIFEX:CCF1!,65.6,65.7,65.5,65.5,30.0
2026-01-23 21:25:00+08:00,TAIFEX:CCF1!,65.5,65.6,65.4,65.4,26.0
2026-01-23 22:25:00+08:00,TAIFEX:CCF1!,65.4,66.4,65.4,66.2,439.0
2026-01-23 23:25:00+08:00,TAIFEX:CCF1!,66.2,66.3,65.8,66.1,278.0
2026-01-24 00:25:00+08:00,TAIFEX:CCF1!,66.1,66.2,65.9,65.9,61.0
2026-01-24 01:25:00+08:00,TAIFEX:CCF1!,65.9,65.9,65.5,65.8,41.0
2026-01-24 02:25:00+08:00,TAIFEX:CCF1!,65.9,66.1,65.7,66.1,34.0
2026-01-24 03:25:00+08:00,TAIFEX:CCF1!,66.0,66.0,65.8,66.0,11.0
2026-01-24 04:25:00+08:00,TAIFEX:CCF1!,66.0,66.2,66.0,66.1,54.0
2026-01-26 08:45:00+08:00,TAIFEX:CCF1!,66.1,68.9,65.6,68.5,9667.0
2026-01-26 09:45:00+08:00,TAIFEX:CCF1!,68.4,68.8,67.4,67.7,4654.0
2026-01-26 10:45:00+08:00,TAIFEX:CCF1!,67.7,70.2,67.2,69.5,4985.0
2026-01-26 11:45:00+08:00,TAIFEX:CCF1!,69.5,69.6,68.9,69.0,2224.0
2026-01-26 12:45:00+08:00,TAIFEX:CCF1!,69.0,70.1,68.8,70.0,2689.0
2026-01-26 17:25:00+08:00,TAIFEX:CCF1!,69.7,70.9,69.6,70.2,158.0
2026-01-26 18:25:00+08:00,TAIFEX:CCF1!,70.3,70.5,70.3,70.3,80.0
2026-01-26 19:25:00+08:00,TAIFEX:CCF1!,70.2,70.6,70.2,70.5,62.0
2026-01-26 20:25:00+08:00,TAIFEX:CCF1!,70.5,70.8,70.5,70.7,74.0
2026-01-26 21:25:00+08:00,TAIFEX:CCF1!,70.6,71.4,70.6,71.2,202.0
2026-01-26 22:25:00+08:00,TAIFEX:CCF1!,71.1,71.7,70.5,71.4,581.0
2026-01-26 23:25:00+08:00,TAIFEX:CCF1!,71.4,71.6,71.1,71.1,282.0
2026-01-27 00:25:00+08:00,TAIFEX:CCF1!,71.1,71.8,71.0,71.8,263.0
2026-01-27 01:25:00+08:00,TAIFEX:CCF1!,71.8,72.0,71.8,71.8,129.0
2026-01-27 02:25:00+08:00,TAIFEX:CCF1!,71.8,71.9,71.7,71.7,14.0
2026-01-27 03:25:00+08:00,TAIFEX:CCF1!,71.7,71.7,71.5,71.5,25.0
2026-01-27 04:25:00+08:00,TAIFEX:CCF1!,71.4,71.6,71.4,71.5,37.0
2026-01-27 08:45:00+08:00,TAIFEX:CCF1!,71.8,72.0,69.8,72.0,12889.0
2026-01-27 09:45:00+08:00,TAIFEX:CCF1!,72.0,75.6,71.8,75.0,22497.0
2026-01-27 10:45:00+08:00,TAIFEX:CCF1!,75.0,76.3,74.4,75.5,8582.0
2026-01-27 11:45:00+08:00,TAIFEX:CCF1!,75.5,77.1,74.8,76.8,9257.0
2026-01-27 12:45:00+08:00,TAIFEX:CCF1!,76.8,77.1,76.4,77.1,5947.0
2026-01-27 17:25:00+08:00,TAIFEX:CCF1!,78.6,79.3,78.2,79.3,443.0
2026-01-27 18:25:00+08:00,TAIFEX:CCF1!,79.3,79.8,79.3,79.7,277.0
2026-01-27 19:25:00+08:00,TAIFEX:CCF1!,79.6,79.8,79.4,79.5,229.0
2026-01-27 20:25:00+08:00,TAIFEX:CCF1!,79.4,79.5,79.3,79.4,147.0
2026-01-27 21:25:00+08:00,TAIFEX:CCF1!,79.4,79.6,79.3,79.3,169.0
2026-01-27 22:25:00+08:00,TAIFEX:CCF1!,79.4,79.6,78.5,79.1,913.0
2026-01-27 23:25:00+08:00,TAIFEX:CCF1!,79.0,79.5,79.0,79.3,348.0
2026-01-28 00:25:00+08:00,TAIFEX:CCF1!,79.3,79.7,79.1,79.1,342.0
2026-01-28 01:25:00+08:00,TAIFEX:CCF1!,79.0,79.2,78.8,78.9,147.0
2026-01-28 02:25:00+08:00,TAIFEX:CCF1!,78.9,79.1,78.9,79.1,56.0
2026-01-28 03:25:00+08:00,TAIFEX:CCF1!,79.2,79.3,79.0,79.3,82.0
2026-01-28 04:25:00+08:00,TAIFEX:CCF1!,79.2,79.3,79.2,79.2,54.0
2026-01-28 08:45:00+08:00,TAIFEX:CCF1!,79.8,79.9,76.4,77.8,21848.0
2026-01-28 09:45:00+08:00,TAIFEX:CCF1!,77.8,78.8,77.3,78.1,8935.0
2026-01-28 10:45:00+08:00,TAIFEX:CCF1!,78.1,78.4,76.1,76.1,6369.0
2026-01-28 11:45:00+08:00,TAIFEX:CCF1!,76.1,77.0,75.5,76.3,7396.0
2026-01-28 12:45:00+08:00,TAIFEX:CCF1!,76.3,76.9,75.8,76.9,5213.0
2026-01-28 17:25:00+08:00,TAIFEX:CCF1!,76.9,77.0,69.2,72.1,2565.0
2026-01-28 18:25:00+08:00,TAIFEX:CCF1!,72.2,73.0,70.5,71.5,1345.0
2026-01-28 19:25:00+08:00,TAIFEX:CCF1!,71.4,71.8,71.2,71.4,780.0
2026-01-28 20:25:00+08:00,TAIFEX:CCF1!,71.4,73.1,71.3,72.8,1208.0
2026-01-28 21:25:00+08:00,TAIFEX:CCF1!,72.8,73.0,71.8,72.6,889.0
2026-01-28 22:25:00+08:00,TAIFEX:CCF1!,72.6,73.7,71.8,71.9,1863.0
2026-01-28 23:25:00+08:00,TAIFEX:CCF1!,71.9,72.3,71.4,71.7,650.0
2026-01-29 00:25:00+08:00,TAIFEX:CCF1!,71.7,72.1,71.1,71.9,411.0
2026-01-29 01:25:00+08:00,TAIFEX:CCF1!,71.9,72.5,71.8,72.1,120.0
2026-01-29 02:25:00+08:00,TAIFEX:CCF1!,72.4,72.4,71.9,71.9,62.0
2026-01-29 03:25:00+08:00,TAIFEX:CCF1!,72.0,72.0,71.6,71.7,87.0
2026-01-29 04:25:00+08:00,TAIFEX:CCF1!,71.8,71.9,71.7,71.8,47.0
2026-01-29 08:45:00+08:00,TAIFEX:CCF1!,72.1,72.1,69.2,69.2,15863.0
2026-01-29 09:45:00+08:00,TAIFEX:CCF1!,69.2,69.2,69.2,69.2,82.0
2026-01-29 10:45:00+08:00,TAIFEX:CCF1!,69.2,69.2,69.2,69.2,30.0
2026-01-29 11:45:00+08:00,TAIFEX:CCF1!,69.2,69.2,69.2,69.2,23.0
2026-01-29 12:45:00+08:00,TAIFEX:CCF1!,69.2,69.2,69.2,69.2,57.0
2026-01-29 17:25:00+08:00,TAIFEX:CCF1!,66.3,67.3,65.3,66.1,1590.0
2026-01-29 18:25:00+08:00,TAIFEX:CCF1!,66.2,66.2,63.1,63.8,2293.0
2026-01-29 19:25:00+08:00,TAIFEX:CCF1!,63.9,64.3,63.1,64.0,1235.0
2026-01-29 20:25:00+08:00,TAIFEX:CCF1!,64.0,64.2,63.6,64.2,473.0
2026-01-29 21:25:00+08:00,TAIFEX:CCF1!,64.2,65.8,64.1,65.5,1118.0
2026-01-29 22:25:00+08:00,TAIFEX:CCF1!,65.5,66.2,63.3,63.8,2740.0
2026-01-29 23:25:00+08:00,TAIFEX:CCF1!,63.8,64.0,62.3,63.3,3260.0
2026-01-30 00:25:00+08:00,TAIFEX:CCF1!,63.3,63.4,62.8,63.1,551.0
2026-01-30 01:25:00+08:00,TAIFEX:CCF1!,63.1,63.5,63.1,63.4,121.0
2026-01-30 02:25:00+08:00,TAIFEX:CCF1!,63.3,63.7,63.1,63.7,107.0
2026-01-30 03:25:00+08:00,TAIFEX:CCF1!,63.7,63.8,63.4,63.7,58.0
2026-01-30 04:25:00+08:00,TAIFEX:CCF1!,63.8,63.9,63.2,63.7,106.0
2026-01-30 08:45:00+08:00,TAIFEX:CCF1!,64.7,65.4,62.3,62.3,21957.0
2026-01-30 09:45:00+08:00,TAIFEX:CCF1!,62.3,62.8,62.3,62.3,5533.0
2026-01-30 10:45:00+08:00,TAIFEX:CCF1!,62.3,63.5,62.3,62.3,7477.0
2026-01-30 11:45:00+08:00,TAIFEX:CCF1!,62.3,62.8,62.3,62.5,3535.0
2026-01-30 12:45:00+08:00,TAIFEX:CCF1!,62.5,62.8,62.3,62.3,4555.0
2026-01-30 17:25:00+08:00,TAIFEX:CCF1!,61.3,62.1,60.3,61.9,402.0
2026-01-30 18:25:00+08:00,TAIFEX:CCF1!,61.8,62.9,61.8,62.7,163.0
2026-01-30 19:25:00+08:00,TAIFEX:CCF1!,62.7,63.2,62.4,62.9,345.0
2026-01-30 20:25:00+08:00,TAIFEX:CCF1!,63.0,63.0,62.5,62.7,270.0
2026-01-30 21:25:00+08:00,TAIFEX:CCF1!,62.7,62.9,62.5,62.8,111.0
2026-01-30 22:25:00+08:00,TAIFEX:CCF1!,62.8,63.5,62.7,63.1,554.0
2026-01-30 23:25:00+08:00,TAIFEX:CCF1!,63.0,63.2,62.1,62.2,259.0
2026-01-31 00:25:00+08:00,TAIFEX:CCF1!,62.2,62.9,62.2,62.5,245.0
2026-01-31 01:25:00+08:00,TAIFEX:CCF1!,62.5,63.1,62.1,62.5,440.0
2026-01-31 02:25:00+08:00,TAIFEX:CCF1!,62.6,63.5,62.4,63.1,212.0
2026-01-31 03:25:00+08:00,TAIFEX:CCF1!,63.0,63.0,62.5,62.5,90.0
2026-01-31 04:25:00+08:00,TAIFEX:CCF1!,62.4,62.7,62.3,62.7,80.0
2026-02-02 08:45:00+08:00,TAIFEX:CCF1!,62.0,62.7,59.5,59.7,8853.0
2026-02-02 09:45:00+08:00,TAIFEX:CCF1!,59.7,60.2,58.9,59.7,5332.0
2026-02-02 10:45:00+08:00,TAIFEX:CCF1!,59.6,59.9,58.9,59.6,2245.0
2026-02-02 11:45:00+08:00,TAIFEX:CCF1!,59.6,60.6,59.4,60.3,1938.0
2026-02-02 12:45:00+08:00,TAIFEX:CCF1!,60.3,61.0,60.1,60.9,1664.0
2026-02-02 17:25:00+08:00,TAIFEX:CCF1!,61.0,61.6,61.0,61.4,258.0
2026-02-02 18:25:00+08:00,TAIFEX:CCF1!,61.4,61.5,61.0,61.2,139.0
2026-02-02 19:25:00+08:00,TAIFEX:CCF1!,61.2,61.4,61.0,61.2,118.0
2026-02-02 20:25:00+08:00,TAIFEX:CCF1!,61.2,61.4,61.2,61.4,112.0
2026-02-02 21:25:00+08:00,TAIFEX:CCF1!,61.3,61.4,61.2,61.3,76.0
2026-02-02 22:25:00+08:00,TAIFEX:CCF1!,61.3,62.5,61.3,62.5,601.0
2026-02-02 23:25:00+08:00,TAIFEX:CCF1!,62.4,62.4,62.0,62.4,206.0
2026-02-03 00:25:00+08:00,TAIFEX:CCF1!,62.4,62.6,62.3,62.4,89.0
2026-02-03 01:25:00+08:00,TAIFEX:CCF1!,62.5,62.6,62.4,62.4,80.0
2026-02-03 02:25:00+08:00,TAIFEX:CCF1!,62.4,62.6,62.4,62.4,41.0
2026-02-03 03:25:00+08:00,TAIFEX:CCF1!,62.4,62.6,62.2,62.3,58.0
2026-02-03 04:25:00+08:00,TAIFEX:CCF1!,62.3,62.3,62.2,62.2,21.0
2026-02-03 08:45:00+08:00,TAIFEX:CCF1!,62.4,62.6,60.2,60.7,5547.0
2026-02-03 09:45:00+08:00,TAIFEX:CCF1!,60.6,60.6,58.7,59.4,4847.0
2026-02-03 10:45:00+08:00,TAIFEX:CCF1!,59.4,60.2,59.1,60.0,1423.0
2026-02-03 11:45:00+08:00,TAIFEX:CCF1!,60.0,61.4,59.8,61.1,2184.0
2026-02-03 12:45:00+08:00,TAIFEX:CCF1!,61.1,61.2,60.4,60.9,1084.0
2026-02-03 17:25:00+08:00,TAIFEX:CCF1!,61.0,61.0,60.4,60.8,69.0
2026-02-03 18:25:00+08:00,TAIFEX:CCF1!,60.8,60.8,60.4,60.4,61.0
2026-02-03 19:25:00+08:00,TAIFEX:CCF1!,60.4,60.6,60.4,60.4,61.0
2026-02-03 20:25:00+08:00,TAIFEX:CCF1!,60.4,60.7,60.4,60.6,50.0
2026-02-03 21:25:00+08:00,TAIFEX:CCF1!,60.6,60.7,60.5,60.7,23.0
2026-02-03 22:25:00+08:00,TAIFEX:CCF1!,60.7,61.1,59.5,59.5,748.0
2026-02-03 23:25:00+08:00,TAIFEX:CCF1!,59.6,60.2,59.6,59.9,217.0
2026-02-04 00:25:00+08:00,TAIFEX:CCF1!,59.9,60.1,59.7,59.9,99.0
2026-02-04 01:25:00+08:00,TAIFEX:CCF1!,59.9,59.9,59.5,59.8,99.0
2026-02-04 02:25:00+08:00,TAIFEX:CCF1!,59.6,59.7,59.2,59.7,79.0
2026-02-04 03:25:00+08:00,TAIFEX:CCF1!,59.7,59.7,59.4,59.4,65.0
2026-02-04 04:25:00+08:00,TAIFEX:CCF1!,59.4,60.2,59.4,60.2,94.0
2026-02-04 08:45:00+08:00,TAIFEX:CCF1!,60.6,61.1,59.8,60.9,3465.0
2026-02-04 09:45:00+08:00,TAIFEX:CCF1!,60.9,61.7,60.7,61.1,2198.0
2026-02-04 10:45:00+08:00,TAIFEX:CCF1!,61.1,61.8,60.8,61.6,827.0
2026-02-04 11:45:00+08:00,TAIFEX:CCF1!,61.5,61.9,61.2,61.9,711.0
2026-02-04 12:45:00+08:00,TAIFEX:CCF1!,62.0,62.0,61.5,61.9,775.0
2026-02-04 17:25:00+08:00,TAIFEX:CCF1!,62.0,62.4,62.0,62.4,84.0
2026-02-04 18:25:00+08:00,TAIFEX:CCF1!,62.3,62.4,62.2,62.3,70.0
2026-02-04 19:25:00+08:00,TAIFEX:CCF1!,62.3,62.5,62.3,62.5,67.0
2026-02-04 20:25:00+08:00,TAIFEX:CCF1!,62.4,62.5,62.3,62.3,138.0
2026-02-04 21:25:00+08:00,TAIFEX:CCF1!,62.3,62.4,62.2,62.2,153.0
2026-02-04 22:25:00+08:00,TAIFEX:CCF1!,62.2,62.5,62.0,62.1,434.0
2026-02-04 23:25:00+08:00,TAIFEX:CCF1!,62.2,62.3,60.7,61.1,368.0
2026-02-05 00:25:00+08:00,TAIFEX:CCF1!,61.2,61.5,60.8,61.2,135.0
2026-02-05 01:25:00+08:00,TAIFEX:CCF1!,61.2,61.2,60.8,60.9,60.0
2026-02-05 02:25:00+08:00,TAIFEX:CCF1!,60.9,61.3,60.9,61.0,36.0
2026-02-05 03:25:00+08:00,TAIFEX:CCF1!,61.2,61.7,61.2,61.5,63.0
2026-02-05 04:25:00+08:00,TAIFEX:CCF1!,61.5,61.5,61.0,61.2,64.0
2026-02-05 08:45:00+08:00,TAIFEX:CCF1!,61.4,61.7,60.4,61.2,1562.0
2026-02-05 09:45:00+08:00,TAIFEX:CCF1!,61.2,61.4,60.5,60.6,1648.0
2026-02-05 10:45:00+08:00,TAIFEX:CCF1!,60.5,60.8,60.1,60.5,1284.0
2026-02-05 11:45:00+08:00,TAIFEX:CCF1!,60.5,61.5,60.4,61.5,1174.0
2026-02-05 12:45:00+08:00,TAIFEX:CCF1!,61.5,61.8,61.4,61.6,1051.0
2026-02-05 17:25:00+08:00,TAIFEX:CCF1!,61.6,61.8,61.6,61.6,19.0
2026-02-05 18:25:00+08:00,TAIFEX:CCF1!,61.7,61.7,61.4,61.5,33.0
2026-02-05 19:25:00+08:00,TAIFEX:CCF1!,61.4,61.7,61.4,61.6,49.0
2026-02-05 20:25:00+08:00,TAIFEX:CCF1!,61.5,61.6,61.3,61.4,238.0
2026-02-05 21:25:00+08:00,TAIFEX:CCF1!,61.4,61.6,61.0,61.0,103.0
2026-02-05 22:25:00+08:00,TAIFEX:CCF1!,61.1,62.1,60.8,61.1,307.0
2026-02-05 23:25:00+08:00,TAIFEX:CCF1!,61.3,61.7,60.9,61.6,82.0
2026-02-06 00:25:00+08:00,TAIFEX:CCF1!,61.6,62.0,61.6,62.0,129.0
2026-02-06 01:25:00+08:00,TAIFEX:CCF1!,61.9,62.0,61.7,61.7,48.0
2026-02-06 02:25:00+08:00,TAIFEX:CCF1!,61.7,61.8,61.6,61.8,28.0
2026-02-06 03:25:00+08:00,TAIFEX:CCF1!,61.9,62.0,61.9,62.0,27.0
2026-02-06 04:25:00+08:00,TAIFEX:CCF1!,61.9,61.9,61.6,61.7,22.0
2026-02-06 08:45:00+08:00,TAIFEX:CCF1!,61.0,61.5,60.0,60.6,2502.0
2026-02-06 09:45:00+08:00,TAIFEX:CCF1!,60.6,62.1,60.5,61.7,2464.0
2026-02-06 10:45:00+08:00,TAIFEX:CCF1!,61.7,62.8,61.4,62.2,2794.0
2026-02-06 11:45:00+08:00,TAIFEX:CCF1!,62.3,62.7,61.9,62.0,1472.0
2026-02-06 12:45:00+08:00,TAIFEX:CCF1!,62.0,62.3,61.6,62.2,995.0
2026-02-06 17:25:00+08:00,TAIFEX:CCF1!,62.6,63.3,62.6,63.2,436.0
2026-02-06 18:25:00+08:00,TAIFEX:CCF1!,63.1,63.4,63.1,63.4,176.0
2026-02-06 19:25:00+08:00,TAIFEX:CCF1!,63.3,63.4,63.1,63.1,85.0
2026-02-06 20:25:00+08:00,TAIFEX:CCF1!,63.1,63.1,62.7,63.0,170.0
2026-02-06 21:25:00+08:00,TAIFEX:CCF1!,63.0,63.0,62.8,63.0,130.0
2026-02-06 22:25:00+08:00,TAIFEX:CCF1!,63.0,63.1,62.7,62.8,527.0
2026-02-06 23:25:00+08:00,TAIFEX:CCF1!,62.8,63.1,62.7,63.0,205.0
2026-02-07 00:25:00+08:00,TAIFEX:CCF1!,63.0,63.0,62.8,63.0,89.0
2026-02-07 01:25:00+08:00,TAIFEX:CCF1!,63.0,63.2,62.9,63.2,98.0
2026-02-07 02:25:00+08:00,TAIFEX:CCF1!,63.2,63.2,62.8,63.1,133.0
2026-02-07 03:25:00+08:00,TAIFEX:CCF1!,62.9,63.2,62.7,63.0,302.0
2026-02-07 04:25:00+08:00,TAIFEX:CCF1!,63.0,63.2,62.8,63.1,134.0
2026-02-09 08:45:00+08:00,TAIFEX:CCF1!,63.3,64.2,61.7,63.5,6988.0
2026-02-09 09:45:00+08:00,TAIFEX:CCF1!,63.5,63.8,62.7,63.0,2341.0
2026-02-09 10:45:00+08:00,TAIFEX:CCF1!,63.0,63.4,62.5,63.0,1120.0
2026-02-09 11:45:00+08:00,TAIFEX:CCF1!,62.9,63.0,62.3,62.7,977.0
2026-02-09 12:45:00+08:00,TAIFEX:CCF1!,62.7,62.9,62.5,62.9,650.0
2026-02-09 17:25:00+08:00,TAIFEX:CCF1!,62.6,62.6,62.4,62.5,32.0
2026-02-09 18:25:00+08:00,TAIFEX:CCF1!,62.5,62.6,62.5,62.5,16.0
2026-02-09 19:25:00+08:00,TAIFEX:CCF1!,62.5,62.7,62.5,62.7,24.0
2026-02-09 20:25:00+08:00,TAIFEX:CCF1!,62.8,62.8,62.8,62.8,8.0
2026-02-09 21:25:00+08:00,TAIFEX:CCF1!,62.8,62.8,62.7,62.7,7.0
2026-02-09 22:25:00+08:00,TAIFEX:CCF1!,62.7,63.0,62.4,62.9,193.0
2026-02-09 23:25:00+08:00,TAIFEX:CCF1!,62.9,63.1,62.9,63.1,29.0
2026-02-10 00:25:00+08:00,TAIFEX:CCF1!,63.1,63.3,63.1,63.3,62.0
2026-02-10 01:25:00+08:00,TAIFEX:CCF1!,63.3,63.3,63.0,63.0,33.0
2026-02-10 02:25:00+08:00,TAIFEX:CCF1!,63.0,63.2,63.0,63.2,4.0
2026-02-10 03:25:00+08:00,TAIFEX:CCF1!,63.3,63.3,63.2,63.2,20.0
2026-02-10 04:25:00+08:00,TAIFEX:CCF1!,63.2,63.2,63.1,63.1,14.0
2026-02-10 08:45:00+08:00,TAIFEX:CCF1!,62.8,63.9,62.1,62.2,2768.0
2026-02-10 09:45:00+08:00,TAIFEX:CCF1!,62.2,62.7,62.0,62.5,1168.0
2026-02-10 10:45:00+08:00,TAIFEX:CCF1!,62.5,62.6,62.0,62.0,730.0
2026-02-10 11:45:00+08:00,TAIFEX:CCF1!,62.0,62.4,61.9,62.0,1502.0
2026-02-10 12:45:00+08:00,TAIFEX:CCF1!,62.1,62.2,61.5,62.0,1146.0
2026-02-10 17:25:00+08:00,TAIFEX:CCF1!,62.2,62.2,61.9,62.1,66.0
2026-02-10 18:25:00+08:00,TAIFEX:CCF1!,62.1,62.1,61.9,62.0,36.0
2026-02-10 19:25:00+08:00,TAIFEX:CCF1!,62.0,62.2,62.0,62.2,25.0
2026-02-10 20:25:00+08:00,TAIFEX:CCF1!,62.0,62.0,61.8,62.0,63.0
2026-02-10 21:25:00+08:00,TAIFEX:CCF1!,62.0,62.1,62.0,62.0,26.0
2026-02-10 22:25:00+08:00,TAIFEX:CCF1!,62.0,62.3,61.8,62.2,127.0
2026-02-10 23:25:00+08:00,TAIFEX:CCF1!,62.1,62.1,62.1,62.1,5.0
2026-02-11 00:25:00+08:00,TAIFEX:CCF1!,62.1,62.1,62.1,62.1,3.0
2026-02-11 01:25:00+08:00,TAIFEX:CCF1!,62.2,62.2,62.2,62.2,7.0
2026-02-11 02:25:00+08:00,TAIFEX:CCF1!,62.1,62.1,62.1,62.1,8.0
2026-02-11 03:25:00+08:00,TAIFEX:CCF1!,62.1,62.1,62.0,62.0,21.0
2026-02-11 04:25:00+08:00,TAIFEX:CCF1!,61.9,62.1,61.9,62.1,15.0
2026-02-11 08:45:00+08:00,TAIFEX:CCF1!,62.1,63.2,62.0,63.0,2483.0
2026-02-11 09:45:00+08:00,TAIFEX:CCF1!,63.0,63.2,62.2,62.6,1063.0
2026-02-11 10:45:00+08:00,TAIFEX:CCF1!,62.7,63.1,62.7,63.1,581.0
2026-02-11 11:45:00+08:00,TAIFEX:CCF1!,63.1,63.6,63.0,63.3,723.0
2026-02-11 12:45:00+08:00,TAIFEX:CCF1!,63.3,63.3,62.8,62.8,540.0
2026-02-11 17:25:00+08:00,TAIFEX:CCF1!,62.9,62.9,62.6,62.8,28.0
2026-02-11 18:25:00+08:00,TAIFEX:CCF1!,62.9,62.9,62.8,62.8,6.0
2026-02-11 19:25:00+08:00,TAIFEX:CCF1!,62.8,62.8,62.7,62.8,4.0
2026-02-11 20:25:00+08:00,TAIFEX:CCF1!,62.8,62.8,62.8,62.8,3.0
2026-02-11 21:25:00+08:00,TAIFEX:CCF1!,62.8,62.9,62.6,62.9,51.0
2026-02-11 22:25:00+08:00,TAIFEX:CCF1!,62.9,63.3,62.9,62.9,73.0
2026-02-11 23:25:00+08:00,TAIFEX:CCF1!,62.8,63.1,62.8,63.1,20.0
2026-02-12 00:25:00+08:00,TAIFEX:CCF1!,63.3,63.3,63.2,63.2,5.0
2026-02-12 01:25:00+08:00,TAIFEX:CCF1!,63.2,63.3,63.1,63.3,8.0
2026-02-12 02:25:00+08:00,TAIFEX:CCF1!,63.3,63.4,63.2,63.4,24.0
2026-02-12 03:25:00+08:00,TAIFEX:CCF1!,63.4,63.4,63.3,63.3,12.0
2026-02-12 04:25:00+08:00,TAIFEX:CCF1!,63.3,63.6,63.2,63.6,23.0
2026-02-23 08:45:00+08:00,TAIFEX:CCF1!,63.9,65.3,63.2,65.2,3822.0
2026-02-23 09:45:00+08:00,TAIFEX:CCF1!,65.2,65.2,63.6,64.0,1662.0
2026-02-23 10:45:00+08:00,TAIFEX:CCF1!,64.0,64.1,63.2,63.3,968.0
2026-02-23 11:45:00+08:00,TAIFEX:CCF1!,63.3,64.5,63.2,63.9,5307.0
2026-02-23 12:45:00+08:00,TAIFEX:CCF1!,63.9,67.4,63.7,66.5,7237.0
2026-02-23 17:25:00+08:00,TAIFEX:CCF1!,66.1,66.1,65.3,65.7,135.0
2026-02-23 18:25:00+08:00,TAIFEX:CCF1!,65.8,66.3,65.7,66.0,123.0
2026-02-23 19:25:00+08:00,TAIFEX:CCF1!,66.1,66.1,65.6,65.7,144.0
2026-02-23 20:25:00+08:00,TAIFEX:CCF1!,65.7,65.7,65.6,65.6,34.0
2026-02-23 21:25:00+08:00,TAIFEX:CCF1!,65.7,65.7,65.5,65.5,96.0
2026-02-23 22:25:00+08:00,TAIFEX:CCF1!,65.5,66.0,65.4,65.6,127.0
2026-02-23 23:25:00+08:00,TAIFEX:CCF1!,65.7,65.7,64.9,65.2,212.0
2026-02-24 00:25:00+08:00,TAIFEX:CCF1!,65.3,65.3,65.0,65.0,48.0
2026-02-24 01:25:00+08:00,TAIFEX:CCF1!,65.0,65.1,64.9,65.1,23.0
2026-02-24 02:25:00+08:00,TAIFEX:CCF1!,65.1,65.2,65.0,65.1,28.0
2026-02-24 03:25:00+08:00,TAIFEX:CCF1!,65.0,65.0,64.8,64.9,26.0
2026-02-24 04:25:00+08:00,TAIFEX:CCF1!,64.9,65.1,64.8,65.1,19.0
2026-02-24 08:45:00+08:00,TAIFEX:CCF1!,65.3,69.9,64.6,69.7,10120.0
2026-02-24 09:45:00+08:00,TAIFEX:CCF1!,69.7,69.7,68.5,69.2,2927.0
2026-02-24 10:45:00+08:00,TAIFEX:CCF1!,69.1,69.6,68.8,69.0,1313.0
2026-02-24 11:45:00+08:00,TAIFEX:CCF1!,69.1,69.1,68.4,68.5,834.0
2026-02-24 12:45:00+08:00,TAIFEX:CCF1!,68.6,69.0,68.1,68.3,1501.0
2026-02-24 17:25:00+08:00,TAIFEX:CCF1!,68.9,69.1,68.5,69.1,149.0
2026-02-24 18:25:00+08:00,TAIFEX:CCF1!,69.0,69.5,69.0,69.4,77.0
2026-02-24 19:25:00+08:00,TAIFEX:CCF1!,69.4,69.6,69.4,69.4,92.0
2026-02-24 20:25:00+08:00,TAIFEX:CCF1!,69.4,69.4,69.1,69.2,81.0
2026-02-24 21:25:00+08:00,TAIFEX:CCF1!,69.3,69.6,69.3,69.5,153.0
2026-02-24 22:25:00+08:00,TAIFEX:CCF1!,69.5,69.5,69.2,69.4,369.0
2026-02-24 23:25:00+08:00,TAIFEX:CCF1!,69.4,69.6,69.3,69.6,229.0
2026-02-25 00:25:00+08:00,TAIFEX:CCF1!,69.5,69.5,69.3,69.4,111.0
2026-02-25 01:25:00+08:00,TAIFEX:CCF1!,69.4,69.5,69.4,69.4,34.0
2026-02-25 02:25:00+08:00,TAIFEX:CCF1!,69.4,69.4,69.1,69.1,98.0
2026-02-25 03:25:00+08:00,TAIFEX:CCF1!,69.2,69.3,69.2,69.3,20.0
2026-02-25 04:25:00+08:00,TAIFEX:CCF1!,69.3,69.5,69.1,69.4,32.0
2026-02-25 08:45:00+08:00,TAIFEX:CCF1!,69.3,69.5,67.7,68.1,3752.0
2026-02-25 09:45:00+08:00,TAIFEX:CCF1!,68.1,68.3,67.2,67.4,1454.0
2026-02-25 10:45:00+08:00,TAIFEX:CCF1!,67.3,67.5,66.3,66.5,4541.0
2026-02-25 11:45:00+08:00,TAIFEX:CCF1!,66.5,66.5,65.4,65.7,5147.0
2026-02-25 12:45:00+08:00,TAIFEX:CCF1!,65.8,66.1,64.6,65.0,4950.0
2026-02-25 17:25:00+08:00,TAIFEX:CCF1!,65.6,65.8,65.2,65.5,122.0
2026-02-25 18:25:00+08:00,TAIFEX:CCF1!,65.6,65.6,65.5,65.5,35.0
2026-02-25 19:25:00+08:00,TAIFEX:CCF1!,65.5,65.6,65.5,65.5,66.0
2026-02-25 20:25:00+08:00,TAIFEX:CCF1!,65.6,65.6,65.3,65.3,82.0
2026-02-25 21:25:00+08:00,TAIFEX:CCF1!,65.3,65.5,65.3,65.4,53.0
2026-02-25 22:25:00+08:00,TAIFEX:CCF1!,65.4,65.7,65.4,65.5,275.0
2026-02-25 23:25:00+08:00,TAIFEX:CCF1!,65.4,65.5,65.3,65.5,39.0
2026-02-26 00:25:00+08:00,TAIFEX:CCF1!,65.5,65.7,65.5,65.7,71.0
2026-02-26 01:25:00+08:00,TAIFEX:CCF1!,65.8,65.8,65.3,65.3,245.0
2026-02-26 02:25:00+08:00,TAIFEX:CCF1!,65.4,65.4,65.4,65.4,2.0
2026-02-26 03:25:00+08:00,TAIFEX:CCF1!,65.3,65.5,65.3,65.5,44.0
2026-02-26 04:25:00+08:00,TAIFEX:CCF1!,65.5,65.6,65.4,65.6,93.0
2026-02-26 08:45:00+08:00,TAIFEX:CCF1!,65.5,67.2,65.0,67.0,6325.0
2026-02-26 09:45:00+08:00,TAIFEX:CCF1!,66.9,67.4,66.1,66.3,2141.0
2026-02-26 10:45:00+08:00,TAIFEX:CCF1!,66.4,66.6,66.0,66.1,1042.0
2026-02-26 11:45:00+08:00,TAIFEX:CCF1!,66.1,66.2,65.7,66.0,664.0
2026-02-26 12:45:00+08:00,TAIFEX:CCF1!,66.0,66.2,65.0,65.3,2210.0
2026-02-26 17:25:00+08:00,TAIFEX:CCF1!,65.9,66.0,65.8,65.8,87.0
2026-02-26 18:25:00+08:00,TAIFEX:CCF1!,65.7,65.8,65.6,65.8,55.0
2026-02-26 19:25:00+08:00,TAIFEX:CCF1!,65.8,65.8,65.5,65.8,34.0
2026-02-26 20:25:00+08:00,TAIFEX:CCF1!,65.8,65.8,65.7,65.7,18.0
2026-02-26 21:25:00+08:00,TAIFEX:CCF1!,65.8,65.9,65.5,65.7,61.0
2026-02-26 22:25:00+08:00,TAIFEX:CCF1!,65.6,65.6,63.4,63.4,627.0
2026-02-26 23:25:00+08:00,TAIFEX:CCF1!,63.3,64.5,63.3,64.0,346.0
2026-02-27 00:25:00+08:00,TAIFEX:CCF1!,64.1,64.1,63.5,63.7,134.0
2026-02-27 01:25:00+08:00,TAIFEX:CCF1!,63.6,63.9,63.5,63.9,60.0
2026-02-27 02:25:00+08:00,TAIFEX:CCF1!,63.9,64.0,63.7,63.9,49.0
2026-02-27 03:25:00+08:00,TAIFEX:CCF1!,63.8,63.9,63.4,63.8,63.0
2026-02-27 04:25:00+08:00,TAIFEX:CCF1!,63.7,63.9,63.6,63.9,22.0
2026-03-02 08:45:00+08:00,TAIFEX:CCF1!,64.0,65.7,62.4,64.9,4170.0
2026-03-02 09:45:00+08:00,TAIFEX:CCF1!,64.8,65.2,64.4,64.8,993.0
2026-03-02 10:45:00+08:00,TAIFEX:CCF1!,64.8,65.5,64.7,65.3,2595.0
2026-03-02 11:45:00+08:00,TAIFEX:CCF1!,65.3,65.5,65.0,65.1,1623.0
2026-03-02 12:45:00+08:00,TAIFEX:CCF1!,65.1,65.1,64.6,64.6,667.0
2026-03-02 17:25:00+08:00,TAIFEX:CCF1!,64.4,64.6,64.0,64.3,62.0
2026-03-02 18:25:00+08:00,TAIFEX:CCF1!,64.3,64.3,64.1,64.2,17.0
2026-03-02 19:25:00+08:00,TAIFEX:CCF1!,64.3,64.5,64.2,64.2,16.0
2026-03-02 20:25:00+08:00,TAIFEX:CCF1!,64.2,64.3,64.2,64.3,14.0
2026-03-02 21:25:00+08:00,TAIFEX:CCF1!,64.3,64.3,64.0,64.0,44.0
2026-03-02 22:25:00+08:00,TAIFEX:CCF1!,64.0,65.5,64.0,65.0,343.0
2026-03-02 23:25:00+08:00,TAIFEX:CCF1!,64.9,65.4,64.7,65.2,46.0
2026-03-03 00:25:00+08:00,TAIFEX:CCF1!,65.2,65.6,65.1,65.5,29.0
2026-03-03 01:25:00+08:00,TAIFEX:CCF1!,65.4,65.6,65.4,65.6,4.0
2026-03-03 02:25:00+08:00,TAIFEX:CCF1!,65.3,65.5,65.3,65.5,4.0
2026-03-03 03:25:00+08:00,TAIFEX:CCF1!,65.5,65.6,65.4,65.5,8.0
2026-03-03 04:25:00+08:00,TAIFEX:CCF1!,65.3,65.6,65.3,65.6,10.0
2026-03-03 08:45:00+08:00,TAIFEX:CCF1!,65.5,65.5,63.7,64.4,3169.0
2026-03-03 09:45:00+08:00,TAIFEX:CCF1!,64.3,64.3,62.5,62.8,3575.0
2026-03-03 10:45:00+08:00,TAIFEX:CCF1!,62.9,63.4,61.9,62.9,2748.0
2026-03-03 11:45:00+08:00,TAIFEX:CCF1!,62.9,62.9,62.4,62.5,583.0
2026-03-03 12:45:00+08:00,TAIFEX:CCF1!,62.5,62.8,62.0,62.1,1512.0
2026-03-03 17:25:00+08:00,TAIFEX:CCF1!,61.9,61.9,59.6,59.8,356.0
2026-03-03 18:25:00+08:00,TAIFEX:CCF1!,59.9,60.4,59.4,60.1,294.0
2026-03-03 19:25:00+08:00,TAIFEX:CCF1!,60.2,60.9,60.1,60.6,143.0
2026-03-03 20:25:00+08:00,TAIFEX:CCF1!,60.7,60.7,60.2,60.5,121.0
2026-03-03 21:25:00+08:00,TAIFEX:CCF1!,60.4,60.5,60.2,60.4,57.0
2026-03-03 22:25:00+08:00,TAIFEX:CCF1!,60.4,62.1,60.4,61.3,866.0
2026-03-03 23:25:00+08:00,TAIFEX:CCF1!,61.3,61.6,61.0,61.5,402.0
2026-03-04 00:25:00+08:00,TAIFEX:CCF1!,61.5,61.6,61.1,61.6,158.0
2026-03-04 01:25:00+08:00,TAIFEX:CCF1!,61.6,61.6,61.5,61.5,6.0
2026-03-04 02:25:00+08:00,TAIFEX:CCF1!,61.5,61.8,61.2,61.3,53.0
2026-03-04 03:25:00+08:00,TAIFEX:CCF1!,61.2,61.6,61.1,61.3,24.0
2026-03-04 04:25:00+08:00,TAIFEX:CCF1!,61.1,61.1,61.0,61.0,3.0
2026-03-04 08:45:00+08:00,TAIFEX:CCF1!,60.6,62.1,59.7,62.0,4878.0
2026-03-04 09:45:00+08:00,TAIFEX:CCF1!,61.9,62.0,60.3,60.6,1794.0
2026-03-04 10:45:00+08:00,TAIFEX:CCF1!,60.6,61.1,60.2,60.4,845.0
2026-03-04 11:45:00+08:00,TAIFEX:CCF1!,60.5,60.9,60.1,60.3,911.0
2026-03-04 12:45:00+08:00,TAIFEX:CCF1!,60.3,61.4,59.7,60.0,3443.0
2026-03-04 17:25:00+08:00,TAIFEX:CCF1!,60.9,61.6,60.8,61.5,163.0
2026-03-04 18:25:00+08:00,TAIFEX:CCF1!,61.5,61.6,61.3,61.3,58.0
2026-03-04 19:25:00+08:00,TAIFEX:CCF1!,61.4,61.5,61.0,61.2,76.0
2026-03-04 20:25:00+08:00,TAIFEX:CCF1!,61.2,61.5,61.0,61.3,74.0
2026-03-04 21:25:00+08:00,TAIFEX:CCF1!,61.3,61.3,61.1,61.3,44.0
2026-03-04 22:25:00+08:00,TAIFEX:CCF1!,61.3,61.3,60.8,61.3,160.0
2026-03-04 23:25:00+08:00,TAIFEX:CCF1!,61.3,61.7,61.2,61.4,182.0
2026-03-05 00:25:00+08:00,TAIFEX:CCF1!,61.3,61.6,61.3,61.4,20.0
2026-03-05 01:25:00+08:00,TAIFEX:CCF1!,61.4,61.5,61.3,61.3,31.0
2026-03-05 02:25:00+08:00,TAIFEX:CCF1!,61.3,61.4,61.3,61.4,3.0
2026-03-05 03:25:00+08:00,TAIFEX:CCF1!,61.7,61.8,61.7,61.7,44.0
2026-03-05 04:25:00+08:00,TAIFEX:CCF1!,61.8,61.9,61.7,61.9,23.0
2026-03-05 08:45:00+08:00,TAIFEX:CCF1!,61.9,64.0,61.6,62.5,3006.0
2026-03-05 09:45:00+08:00,TAIFEX:CCF1!,62.5,62.6,61.3,62.0,1877.0
2026-03-05 10:45:00+08:00,TAIFEX:CCF1!,62.0,62.4,61.6,61.8,584.0
2026-03-05 11:45:00+08:00,TAIFEX:CCF1!,61.8,62.0,61.6,61.8,723.0
2026-03-05 12:45:00+08:00,TAIFEX:CCF1!,61.8,62.1,61.8,61.9,888.0
2026-03-05 17:25:00+08:00,TAIFEX:CCF1!,61.7,62.0,61.7,62.0,40.0
2026-03-05 18:25:00+08:00,TAIFEX:CCF1!,62.0,62.1,61.8,62.1,32.0
2026-03-05 19:25:00+08:00,TAIFEX:CCF1!,62.1,62.1,61.9,61.9,10.0
2026-03-05 20:25:00+08:00,TAIFEX:CCF1!,62.0,62.0,61.8,61.9,46.0
2026-03-05 21:25:00+08:00,TAIFEX:CCF1!,61.9,62.0,61.8,61.8,36.0
2026-03-05 22:25:00+08:00,TAIFEX:CCF1!,61.9,62.6,61.9,62.1,175.0
2026-03-05 23:25:00+08:00,TAIFEX:CCF1!,62.0,62.2,61.5,61.6,148.0
2026-03-06 00:25:00+08:00,TAIFEX:CCF1!,61.7,62.0,61.6,61.9,115.0
2026-03-06 01:25:00+08:00,TAIFEX:CCF1!,61.6,61.6,60.6,60.6,116.0
2026-03-06 02:25:00+08:00,TAIFEX:CCF1!,60.5,61.1,60.5,61.1,60.0
2026-03-06 03:25:00+08:00,TAIFEX:CCF1!,61.0,61.0,60.8,60.9,10.0
2026-03-06 04:25:00+08:00,TAIFEX:CCF1!,61.2,61.6,61.2,61.6,20.0
2026-03-06 08:45:00+08:00,TAIFEX:CCF1!,61.7,62.2,61.0,61.7,993.0
2026-03-06 09:45:00+08:00,TAIFEX:CCF1!,61.7,62.3,61.7,62.0,989.0
2026-03-06 10:45:00+08:00,TAIFEX:CCF1!,61.9,62.0,61.4,61.7,738.0
2026-03-06 11:45:00+08:00,TAIFEX:CCF1!,61.8,62.0,61.6,62.0,376.0
2026-03-06 12:45:00+08:00,TAIFEX:CCF1!,61.9,62.2,61.8,62.1,548.0
2026-03-06 17:25:00+08:00,TAIFEX:CCF1!,61.7,61.7,61.2,61.3,48.0
2026-03-06 18:25:00+08:00,TAIFEX:CCF1!,61.3,61.5,61.3,61.4,6.0
2026-03-06 19:25:00+08:00,TAIFEX:CCF1!,61.4,61.4,60.8,61.3,63.0
2026-03-06 20:25:00+08:00,TAIFEX:CCF1!,61.2,61.2,60.8,60.9,39.0
2026-03-06 21:25:00+08:00,TAIFEX:CCF1!,60.8,60.9,60.3,60.5,146.0
2026-03-06 22:25:00+08:00,TAIFEX:CCF1!,60.5,60.9,60.2,60.9,270.0
2026-03-06 23:25:00+08:00,TAIFEX:CCF1!,60.9,61.0,60.5,60.7,53.0
2026-03-07 00:25:00+08:00,TAIFEX:CCF1!,60.7,60.8,60.4,60.5,19.0
2026-03-07 01:25:00+08:00,TAIFEX:CCF1!,60.4,60.6,60.4,60.6,26.0
2026-03-07 02:25:00+08:00,TAIFEX:CCF1!,60.6,60.6,60.4,60.4,14.0
2026-03-07 03:25:00+08:00,TAIFEX:CCF1!,60.4,60.5,60.4,60.4,8.0
2026-03-07 04:25:00+08:00,TAIFEX:CCF1!,60.3,60.3,60.1,60.2,65.0
2026-03-09 08:45:00+08:00,TAIFEX:CCF1!,58.3,58.9,55.9,58.3,7308.0
2026-03-09 09:45:00+08:00,TAIFEX:CCF1!,58.2,58.5,57.7,58.4,2828.0
2026-03-09 10:45:00+08:00,TAIFEX:CCF1!,58.5,59.2,58.3,59.0,1310.0
2026-03-09 11:45:00+08:00,TAIFEX:CCF1!,59.0,59.4,58.8,59.2,829.0
2026-03-09 12:45:00+08:00,TAIFEX:CCF1!,59.2,59.8,58.8,59.5,856.0
2026-03-09 17:25:00+08:00,TAIFEX:CCF1!,60.0,60.4,59.7,60.2,64.0
2026-03-09 18:25:00+08:00,TAIFEX:CCF1!,60.1,60.1,59.9,60.0,32.0
2026-03-09 19:25:00+08:00,TAIFEX:CCF1!,60.1,60.1,60.0,60.1,17.0
2026-03-09 20:25:00+08:00,TAIFEX:CCF1!,60.1,60.3,60.0,60.3,50.0
2026-03-09 21:25:00+08:00,TAIFEX:CCF1!,60.2,60.2,59.4,60.0,181.0
2026-03-09 22:25:00+08:00,TAIFEX:CCF1!,60.0,60.4,60.0,60.3,42.0
2026-03-09 23:25:00+08:00,TAIFEX:CCF1!,60.4,60.6,60.3,60.5,59.0
2026-03-10 00:25:00+08:00,TAIFEX:CCF1!,60.6,60.8,60.6,60.6,30.0
2026-03-10 01:25:00+08:00,TAIFEX:CCF1!,60.5,60.5,60.4,60.4,7.0
2026-03-10 02:25:00+08:00,TAIFEX:CCF1!,60.6,60.9,60.6,60.9,10.0
2026-03-10 03:25:00+08:00,TAIFEX:CCF1!,60.9,61.5,60.9,61.5,87.0
2026-03-10 04:25:00+08:00,TAIFEX:CCF1!,61.5,61.8,61.2,61.8,26.0
2026-03-10 08:45:00+08:00,TAIFEX:CCF1!,62.0,62.0,59.9,60.4,1631.0
2026-03-10 09:45:00+08:00,TAIFEX:CCF1!,60.5,60.8,60.5,60.5,713.0
2026-03-10 10:45:00+08:00,TAIFEX:CCF1!,60.4,60.4,59.5,59.5,1023.0
2026-03-10 11:45:00+08:00,TAIFEX:CCF1!,59.4,59.8,59.0,59.7,1281.0
2026-03-10 12:45:00+08:00,TAIFEX:CCF1!,59.7,60.4,59.6,60.3,787.0
2026-03-10 17:25:00+08:00,TAIFEX:CCF1!,60.9,61.0,60.7,60.7,27.0
2026-03-10 18:25:00+08:00,TAIFEX:CCF1!,60.7,60.7,60.2,60.2,34.0
2026-03-10 19:25:00+08:00,TAIFEX:CCF1!,60.3,60.4,60.1,60.1,16.0
2026-03-10 20:25:00+08:00,TAIFEX:CCF1!,60.2,60.4,60.2,60.4,10.0
2026-03-10 21:25:00+08:00,TAIFEX:CCF1!,60.4,60.5,60.1,60.2,29.0
2026-03-10 22:25:00+08:00,TAIFEX:CCF1!,60.4,60.8,60.3,60.7,70.0
2026-03-10 23:25:00+08:00,TAIFEX:CCF1!,60.6,60.7,60.5,60.6,36.0
2026-03-11 00:25:00+08:00,TAIFEX:CCF1!,60.5,60.8,60.4,60.7,60.0
2026-03-11 01:25:00+08:00,TAIFEX:CCF1!,60.7,60.8,60.4,60.4,39.0
2026-03-11 02:25:00+08:00,TAIFEX:CCF1!,60.6,60.7,60.4,60.4,9.0
2026-03-11 03:25:00+08:00,TAIFEX:CCF1!,60.3,60.3,59.9,59.9,58.0
2026-03-11 04:25:00+08:00,TAIFEX:CCF1!,60.2,60.4,60.1,60.4,4.0
2026-03-11 08:45:00+08:00,TAIFEX:CCF1!,60.8,62.6,60.6,62.2,3837.0
2026-03-11 09:45:00+08:00,TAIFEX:CCF1!,62.2,62.3,61.7,61.9,866.0
2026-03-11 10:45:00+08:00,TAIFEX:CCF1!,61.9,62.3,61.9,62.3,399.0
2026-03-11 11:45:00+08:00,TAIFEX:CCF1!,62.3,62.6,62.1,62.4,887.0
2026-03-11 12:45:00+08:00,TAIFEX:CCF1!,62.4,62.5,62.2,62.4,622.0
2026-03-11 17:25:00+08:00,TAIFEX:CCF1!,61.9,61.9,61.3,61.8,54.0
2026-03-11 18:25:00+08:00,TAIFEX:CCF1!,61.8,62.0,61.7,61.8,26.0
2026-03-11 19:25:00+08:00,TAIFEX:CCF1!,61.7,61.7,61.5,61.6,46.0
2026-03-11 20:25:00+08:00,TAIFEX:CCF1!,61.6,61.8,61.4,61.8,44.0
2026-03-11 21:25:00+08:00,TAIFEX:CCF1!,61.8,62.3,61.8,62.3,253.0
2026-03-11 22:25:00+08:00,TAIFEX:CCF1!,62.3,62.4,62.0,62.0,200.0
2026-03-11 23:25:00+08:00,TAIFEX:CCF1!,62.1,62.1,61.6,61.6,93.0
2026-03-12 00:25:00+08:00,TAIFEX:CCF1!,61.6,62.1,61.6,61.9,51.0
2026-03-12 01:25:00+08:00,TAIFEX:CCF1!,61.9,61.9,61.6,61.7,38.0
2026-03-12 02:25:00+08:00,TAIFEX:CCF1!,61.7,61.7,61.7,61.7,7.0
2026-03-12 03:25:00+08:00,TAIFEX:CCF1!,61.8,61.8,61.6,61.6,24.0
2026-03-12 04:25:00+08:00,TAIFEX:CCF1!,61.8,61.8,61.7,61.7,4.0
2026-03-12 08:45:00+08:00,TAIFEX:CCF1!,62.1,62.3,61.1,61.6,1488.0
2026-03-12 09:45:00+08:00,TAIFEX:CCF1!,61.6,61.8,60.7,60.7,1624.0
2026-03-12 10:45:00+08:00,TAIFEX:CCF1!,60.7,61.0,60.5,60.6,739.0
2026-03-12 11:45:00+08:00,TAIFEX:CCF1!,60.6,60.6,60.2,60.4,722.0
2026-03-12 12:45:00+08:00,TAIFEX:CCF1!,60.3,60.7,60.2,60.6,644.0
2026-03-12 17:25:00+08:00,TAIFEX:CCF1!,60.8,61.2,60.5,60.6,72.0
2026-03-12 18:25:00+08:00,TAIFEX:CCF1!,60.6,60.8,60.6,60.6,44.0
2026-03-12 19:25:00+08:00,TAIFEX:CCF1!,60.7,60.8,60.3,60.5,59.0
2026-03-12 20:25:00+08:00,TAIFEX:CCF1!,60.5,60.5,60.2,60.2,52.0
2026-03-12 21:25:00+08:00,TAIFEX:CCF1!,60.3,60.3,59.2,59.2,223.0
2026-03-12 22:25:00+08:00,TAIFEX:CCF1!,59.2,59.2,58.5,58.8,127.0
2026-03-12 23:25:00+08:00,TAIFEX:CCF1!,58.9,59.3,58.9,59.0,68.0
2026-03-13 00:25:00+08:00,TAIFEX:CCF1!,58.9,59.0,58.7,59.0,63.0
2026-03-13 01:25:00+08:00,TAIFEX:CCF1!,59.0,59.0,59.0,59.0,4.0
2026-03-13 02:25:00+08:00,TAIFEX:CCF1!,59.0,59.0,58.7,59.0,26.0
2026-03-13 03:25:00+08:00,TAIFEX:CCF1!,58.9,59.0,58.9,59.0,12.0
2026-03-13 04:25:00+08:00,TAIFEX:CCF1!,58.9,59.1,58.6,58.9,12.0
2026-03-13 08:45:00+08:00,TAIFEX:CCF1!,58.8,60.0,58.4,59.3,1686.0
2026-03-13 09:45:00+08:00,TAIFEX:CCF1!,59.3,60.2,59.2,59.9,1453.0
2026-03-13 10:45:00+08:00,TAIFEX:CCF1!,59.9,60.2,59.6,59.7,1009.0
2026-03-13 11:45:00+08:00,TAIFEX:CCF1!,59.8,60.1,59.5,59.6,1328.0
2026-03-13 12:45:00+08:00,TAIFEX:CCF1!,59.6,59.8,59.5,59.6,605.0
2026-03-13 17:25:00+08:00,TAIFEX:CCF1!,59.0,59.4,59.0,59.4,19.0
2026-03-13 18:25:00+08:00,TAIFEX:CCF1!,59.4,59.9,59.3,59.7,31.0
2026-03-13 19:25:00+08:00,TAIFEX:CCF1!,59.8,59.9,59.6,59.6,22.0
2026-03-13 20:25:00+08:00,TAIFEX:CCF1!,59.7,60.1,59.7,60.1,32.0
2026-03-13 21:25:00+08:00,TAIFEX:CCF1!,60.1,60.4,59.8,60.0,223.0
2026-03-13 22:25:00+08:00,TAIFEX:CCF1!,59.9,60.0,59.3,59.6,105.0
2026-03-13 23:25:00+08:00,TAIFEX:CCF1!,59.5,59.5,59.3,59.5,29.0
2026-03-14 00:25:00+08:00,TAIFEX:CCF1!,59.5,59.6,59.5,59.5,12.0
2026-03-14 01:25:00+08:00,TAIFEX:CCF1!,59.4,59.4,59.2,59.2,19.0
2026-03-14 02:25:00+08:00,TAIFEX:CCF1!,59.3,59.4,59.1,59.1,16.0
2026-03-14 03:25:00+08:00,TAIFEX:CCF1!,59.1,59.1,58.9,59.0,23.0
2026-03-14 04:25:00+08:00,TAIFEX:CCF1!,59.2,59.3,58.9,58.9,4.0
2026-03-16 08:45:00+08:00,TAIFEX:CCF1!,59.6,61.1,59.6,60.4,1986.0
2026-03-16 09:45:00+08:00,TAIFEX:CCF1!,60.5,60.7,60.2,60.3,792.0
2026-03-16 10:45:00+08:00,TAIFEX:CCF1!,60.2,60.6,60.2,60.6,449.0
2026-03-16 11:45:00+08:00,TAIFEX:CCF1!,60.6,60.6,60.4,60.4,253.0
2026-03-16 12:45:00+08:00,TAIFEX:CCF1!,60.3,60.8,60.3,60.5,526.0
2026-03-16 17:25:00+08:00,TAIFEX:CCF1!,60.2,60.7,60.2,60.7,7.0
2026-03-16 18:25:00+08:00,TAIFEX:CCF1!,60.8,60.8,60.7,60.7,15.0
2026-03-16 19:25:00+08:00,TAIFEX:CCF1!,60.8,61.0,60.8,60.9,18.0
2026-03-16 20:25:00+08:00,TAIFEX:CCF1!,61.0,61.1,60.9,60.9,32.0
2026-03-16 21:25:00+08:00,TAIFEX:CCF1!,60.9,61.0,60.8,60.9,110.0
2026-03-16 22:25:00+08:00,TAIFEX:CCF1!,60.9,60.9,60.6,60.9,65.0
2026-03-16 23:25:00+08:00,TAIFEX:CCF1!,60.8,60.8,60.6,60.7,24.0
2026-03-17 00:25:00+08:00,TAIFEX:CCF1!,60.7,60.8,60.7,60.8,4.0
2026-03-17 02:25:00+08:00,TAIFEX:CCF1!,60.9,61.0,60.8,60.8,24.0
2026-03-17 03:25:00+08:00,TAIFEX:CCF1!,60.7,60.7,60.5,60.6,52.0
2026-03-17 04:25:00+08:00,TAIFEX:CCF1!,60.6,60.9,60.6,60.9,7.0
2026-03-17 08:45:00+08:00,TAIFEX:CCF1!,60.5,61.4,60.5,60.9,765.0
2026-03-17 09:45:00+08:00,TAIFEX:CCF1!,60.9,60.9,60.2,60.3,408.0
2026-03-17 10:45:00+08:00,TAIFEX:CCF1!,60.3,60.5,60.1,60.4,563.0
2026-03-17 11:45:00+08:00,TAIFEX:CCF1!,60.4,60.5,60.2,60.3,153.0
2026-03-17 12:45:00+08:00,TAIFEX:CCF1!,60.3,60.8,60.3,60.6,277.0
2026-03-17 17:25:00+08:00,TAIFEX:CCF1!,60.8,60.8,60.7,60.8,14.0
2026-03-17 18:25:00+08:00,TAIFEX:CCF1!,60.8,61.1,60.8,61.1,17.0
2026-03-17 19:25:00+08:00,TAIFEX:CCF1!,61.1,61.2,61.1,61.2,11.0
2026-03-17 20:25:00+08:00,TAIFEX:CCF1!,61.2,61.5,61.2,61.4,38.0
2026-03-17 21:25:00+08:00,TAIFEX:CCF1!,61.4,61.4,60.7,60.8,122.0
2026-03-17 22:25:00+08:00,TAIFEX:CCF1!,60.8,60.9,60.6,60.7,106.0
2026-03-17 23:25:00+08:00,TAIFEX:CCF1!,60.6,60.7,60.5,60.7,34.0
2026-03-18 00:25:00+08:00,TAIFEX:CCF1!,60.7,60.7,60.6,60.6,29.0
2026-03-18 01:25:00+08:00,TAIFEX:CCF1!,60.6,60.7,60.5,60.7,36.0
2026-03-18 02:25:00+08:00,TAIFEX:CCF1!,60.7,60.8,60.6,60.7,45.0
2026-03-18 03:25:00+08:00,TAIFEX:CCF1!,60.7,60.7,60.7,60.7,3.0
2026-03-18 04:25:00+08:00,TAIFEX:CCF1!,60.8,60.8,60.8,60.8,1.0
2026-03-18 08:45:00+08:00,TAIFEX:CCF1!,61.0,61.7,60.4,60.8,1508.0
2026-03-18 09:45:00+08:00,TAIFEX:CCF1!,60.8,61.4,60.6,61.2,1626.0
2026-03-18 10:45:00+08:00,TAIFEX:CCF1!,61.2,61.4,60.9,61.0,450.0
2026-03-18 11:45:00+08:00,TAIFEX:CCF1!,61.0,61.0,60.5,60.7,457.0
2026-03-18 12:45:00+08:00,TAIFEX:CCF1!,60.6,61.3,60.6,61.3,723.0
2026-03-18 17:25:00+08:00,TAIFEX:CCF1!,61.3,61.4,61.3,61.4,12.0
2026-03-18 18:25:00+08:00,TAIFEX:CCF1!,61.4,61.6,61.4,61.6,31.0
2026-03-18 19:25:00+08:00,TAIFEX:CCF1!,61.5,61.5,61.0,61.0,54.0
2026-03-18 20:25:00+08:00,TAIFEX:CCF1!,61.1,61.2,60.7,60.9,103.0
2026-03-18 21:25:00+08:00,TAIFEX:CCF1!,60.9,60.9,60.3,60.3,287.0
2026-03-18 22:25:00+08:00,TAIFEX:CCF1!,60.4,60.4,60.1,60.2,260.0
2026-03-18 23:25:00+08:00,TAIFEX:CCF1!,60.2,60.2,60.1,60.1,46.0
2026-03-19 00:25:00+08:00,TAIFEX:CCF1!,60.1,60.2,60.1,60.1,31.0
2026-03-19 01:25:00+08:00,TAIFEX:CCF1!,60.1,60.3,60.1,60.2,16.0
2026-03-19 02:25:00+08:00,TAIFEX:CCF1!,60.2,60.2,60.0,60.0,49.0
2026-03-19 03:25:00+08:00,TAIFEX:CCF1!,59.9,59.9,59.8,59.9,15.0
2026-03-19 04:25:00+08:00,TAIFEX:CCF1!,59.9,60.1,59.9,60.1,5.0
2026-03-19 08:45:00+08:00,TAIFEX:CCF1!,60.3,60.4,59.4,59.7,1695.0
2026-03-19 09:45:00+08:00,TAIFEX:CCF1!,59.7,60.2,59.6,60.1,675.0
2026-03-19 10:45:00+08:00,TAIFEX:CCF1!,60.0,60.0,59.7,59.7,215.0
2026-03-19 11:45:00+08:00,TAIFEX:CCF1!,59.7,59.7,58.7,58.9,887.0
2026-03-19 12:45:00+08:00,TAIFEX:CCF1!,58.9,59.1,58.3,58.3,959.0
2026-03-19 17:25:00+08:00,TAIFEX:CCF1!,58.4,59.3,58.0,58.6,188.0
2026-03-19 18:25:00+08:00,TAIFEX:CCF1!,58.5,58.7,58.4,58.5,32.0
2026-03-19 19:25:00+08:00,TAIFEX:CCF1!,58.6,58.6,58.1,58.1,76.0
2026-03-19 20:25:00+08:00,TAIFEX:CCF1!,58.2,58.2,57.4,57.7,116.0
2026-03-19 21:25:00+08:00,TAIFEX:CCF1!,57.5,58.5,57.2,58.3,174.0
2026-03-19 22:25:00+08:00,TAIFEX:CCF1!,58.4,58.7,58.3,58.5,57.0
2026-03-19 23:25:00+08:00,TAIFEX:CCF1!,58.4,58.8,58.3,58.8,79.0
2026-03-20 00:25:00+08:00,TAIFEX:CCF1!,58.8,59.1,58.4,58.5,80.0
2026-03-20 01:25:00+08:00,TAIFEX:CCF1!,58.6,58.6,58.6,58.6,2.0
2026-03-20 02:25:00+08:00,TAIFEX:CCF1!,58.6,59.0,58.6,59.0,29.0
2026-03-20 03:25:00+08:00,TAIFEX:CCF1!,58.9,59.2,58.9,59.2,8.0
2026-03-20 04:25:00+08:00,TAIFEX:CCF1!,59.1,59.7,59.1,59.7,54.0
2026-03-20 08:45:00+08:00,TAIFEX:CCF1!,59.1,59.3,57.8,58.7,1501.0
2026-03-20 09:45:00+08:00,TAIFEX:CCF1!,58.8,58.8,58.3,58.7,359.0
2026-03-20 10:45:00+08:00,TAIFEX:CCF1!,58.7,58.8,58.1,58.2,550.0
2026-03-20 11:45:00+08:00,TAIFEX:CCF1!,58.2,58.3,57.9,58.2,789.0
2026-03-20 12:45:00+08:00,TAIFEX:CCF1!,58.1,58.3,57.9,57.9,249.0
2026-03-20 17:25:00+08:00,TAIFEX:CCF1!,58.1,58.1,57.4,57.4,24.0
2026-03-20 18:25:00+08:00,TAIFEX:CCF1!,57.3,57.4,56.9,57.2,68.0
2026-03-20 19:25:00+08:00,TAIFEX:CCF1!,57.1,57.2,56.6,57.0,98.0
2026-03-20 20:25:00+08:00,TAIFEX:CCF1!,57.0,57.3,57.0,57.3,29.0
2026-03-20 21:25:00+08:00,TAIFEX:CCF1!,57.3,57.7,57.1,57.2,105.0
2026-03-20 22:25:00+08:00,TAIFEX:CCF1!,57.1,57.4,57.0,57.2,53.0
2026-03-20 23:25:00+08:00,TAIFEX:CCF1!,57.1,57.4,57.1,57.3,13.0
2026-03-21 00:25:00+08:00,TAIFEX:CCF1!,57.1,57.2,57.1,57.1,22.0
2026-03-21 01:25:00+08:00,TAIFEX:CCF1!,57.0,57.0,56.9,56.9,21.0
2026-03-21 02:25:00+08:00,TAIFEX:CCF1!,56.9,57.0,56.9,57.0,5.0
2026-03-21 03:25:00+08:00,TAIFEX:CCF1!,56.9,57.3,56.7,57.0,38.0
2026-03-21 04:25:00+08:00,TAIFEX:CCF1!,56.9,57.3,56.9,57.0,22.0
2026-03-23 08:45:00+08:00,TAIFEX:CCF1!,56.4,57.1,55.4,56.3,2591.0
2026-03-23 09:45:00+08:00,TAIFEX:CCF1!,56.2,56.7,56.2,56.2,566.0
2026-03-23 10:45:00+08:00,TAIFEX:CCF1!,56.2,56.5,56.0,56.5,502.0
2026-03-23 11:45:00+08:00,TAIFEX:CCF1!,56.5,56.8,56.4,56.6,352.0
2026-03-23 12:45:00+08:00,TAIFEX:CCF1!,56.6,56.8,56.4,56.4,586.0
2026-03-23 17:25:00+08:00,TAIFEX:CCF1!,56.4,56.6,56.4,56.6,8.0
2026-03-23 18:25:00+08:00,TAIFEX:CCF1!,56.6,58.0,56.4,57.4,121.0
2026-03-23 19:25:00+08:00,TAIFEX:CCF1!,57.5,57.8,57.1,57.6,72.0
2026-03-23 20:25:00+08:00,TAIFEX:CCF1!,57.5,58.0,57.4,57.8,71.0
2026-03-23 21:25:00+08:00,TAIFEX:CCF1!,57.8,58.2,57.7,58.2,43.0
2026-03-23 22:25:00+08:00,TAIFEX:CCF1!,58.2,58.2,57.9,58.1,33.0
2026-03-23 23:25:00+08:00,TAIFEX:CCF1!,58.0,58.0,57.2,57.4,47.0
2026-03-24 00:25:00+08:00,TAIFEX:CCF1!,57.3,57.6,57.3,57.4,22.0
2026-03-24 02:25:00+08:00,TAIFEX:CCF1!,57.6,57.9,57.6,57.7,22.0
2026-03-24 03:25:00+08:00,TAIFEX:CCF1!,57.7,57.8,57.2,57.2,44.0
2026-03-24 04:25:00+08:00,TAIFEX:CCF1!,57.4,58.1,57.4,58.1,26.0
2026-03-24 08:45:00+08:00,TAIFEX:CCF1!,58.0,58.0,56.1,56.2,798.0
2026-03-24 09:45:00+08:00,TAIFEX:CCF1!,56.1,56.8,55.7,56.7,1001.0
2026-03-24 10:45:00+08:00,TAIFEX:CCF1!,56.7,56.9,56.4,56.9,293.0
2026-03-24 11:45:00+08:00,TAIFEX:CCF1!,56.8,57.3,56.8,56.9,374.0
2026-03-24 12:45:00+08:00,TAIFEX:CCF1!,57.0,57.1,56.2,56.4,464.0
2026-03-24 17:25:00+08:00,TAIFEX:CCF1!,56.6,56.8,56.6,56.8,25.0
2026-03-24 18:25:00+08:00,TAIFEX:CCF1!,56.8,56.8,56.8,56.8,6.0
2026-03-24 19:25:00+08:00,TAIFEX:CCF1!,56.8,56.8,56.7,56.7,8.0
2026-03-24 20:25:00+08:00,TAIFEX:CCF1!,56.6,56.6,56.4,56.5,25.0
2026-03-24 21:25:00+08:00,TAIFEX:CCF1!,56.3,56.9,56.1,56.8,101.0
2026-03-24 22:25:00+08:00,TAIFEX:CCF1!,56.8,57.3,56.8,57.2,40.0
2026-03-24 23:25:00+08:00,TAIFEX:CCF1!,57.3,57.3,57.1,57.1,13.0
2026-03-25 00:25:00+08:00,TAIFEX:CCF1!,57.1,57.1,56.8,56.8,4.0
2026-03-25 01:25:00+08:00,TAIFEX:CCF1!,56.8,56.8,56.8,56.8,1.0
2026-03-25 02:25:00+08:00,TAIFEX:CCF1!,57.0,57.1,57.0,57.1,4.0
2026-03-25 03:25:00+08:00,TAIFEX:CCF1!,57.2,57.2,57.0,57.0,2.0
2026-03-25 04:25:00+08:00,TAIFEX:CCF1!,57.2,57.4,57.1,57.4,18.0
2026-03-25 08:45:00+08:00,TAIFEX:CCF1!,57.7,58.8,57.3,58.5,1282.0
2026-03-25 09:45:00+08:00,TAIFEX:CCF1!,58.4,58.9,58.2,58.8,508.0
2026-03-25 10:45:00+08:00,TAIFEX:CCF1!,58.8,59.0,58.6,59.0,710.0
2026-03-25 11:45:00+08:00,TAIFEX:CCF1!,59.0,59.3,59.0,59.0,915.0
2026-03-25 12:45:00+08:00,TAIFEX:CCF1!,58.9,59.6,58.9,59.5,846.0
2026-03-25 17:25:00+08:00,TAIFEX:CCF1!,59.6,59.6,59.4,59.5,59.0
2026-03-25 18:25:00+08:00,TAIFEX:CCF1!,59.4,59.4,59.3,59.4,21.0
2026-03-25 19:25:00+08:00,TAIFEX:CCF1!,59.5,59.6,59.0,59.0,70.0
2026-03-25 20:25:00+08:00,TAIFEX:CCF1!,59.1,59.2,59.0,59.1,19.0
2026-03-25 21:25:00+08:00,TAIFEX:CCF1!,59.2,59.5,59.0,59.3,56.0
2026-03-25 22:25:00+08:00,TAIFEX:CCF1!,59.3,59.4,59.0,59.1,47.0
2026-03-25 23:25:00+08:00,TAIFEX:CCF1!,59.3,59.5,59.3,59.5,78.0
2026-03-26 00:25:00+08:00,TAIFEX:CCF1!,59.6,59.6,59.5,59.5,7.0
2026-03-26 01:25:00+08:00,TAIFEX:CCF1!,59.6,59.7,59.5,59.5,6.0
2026-03-26 02:25:00+08:00,TAIFEX:CCF1!,59.5,59.5,59.4,59.4,18.0
2026-03-26 03:25:00+08:00,TAIFEX:CCF1!,59.5,59.6,59.5,59.6,5.0
2026-03-26 04:25:00+08:00,TAIFEX:CCF1!,59.6,59.7,59.6,59.7,6.0
2026-03-26 08:45:00+08:00,TAIFEX:CCF1!,59.4,59.6,58.8,58.9,797.0
2026-03-26 09:45:00+08:00,TAIFEX:CCF1!,59.0,59.0,58.2,58.2,791.0
2026-03-26 10:45:00+08:00,TAIFEX:CCF1!,58.2,58.7,58.2,58.7,177.0
2026-03-26 11:45:00+08:00,TAIFEX:CCF1!,58.6,58.6,58.3,58.4,232.0
2026-03-26 12:45:00+08:00,TAIFEX:CCF1!,58.4,58.5,58.0,58.1,422.0
2026-03-26 17:25:00+08:00,TAIFEX:CCF1!,58.0,58.0,57.7,57.9,119.0
2026-03-26 18:25:00+08:00,TAIFEX:CCF1!,58.0,58.0,57.9,57.9,3.0
2026-03-26 19:25:00+08:00,TAIFEX:CCF1!,57.9,57.9,57.7,57.8,6.0
2026-03-26 20:25:00+08:00,TAIFEX:CCF1!,57.7,57.9,57.7,57.9,23.0
2026-03-26 21:25:00+08:00,TAIFEX:CCF1!,57.9,57.9,57.1,57.9,168.0
2026-03-26 22:25:00+08:00,TAIFEX:CCF1!,57.9,57.9,57.4,57.6,45.0
2026-03-26 23:25:00+08:00,TAIFEX:CCF1!,57.6,57.8,57.6,57.7,22.0
2026-03-27 00:25:00+08:00,TAIFEX:CCF1!,57.7,57.7,57.5,57.5,26.0
2026-03-27 01:25:00+08:00,TAIFEX:CCF1!,57.4,57.5,57.3,57.4,24.0
2026-03-27 02:25:00+08:00,TAIFEX:CCF1!,57.4,57.4,57.2,57.2,28.0
2026-03-27 03:25:00+08:00,TAIFEX:CCF1!,57.2,57.5,57.1,57.5,29.0
2026-03-27 04:25:00+08:00,TAIFEX:CCF1!,57.4,57.4,57.2,57.3,13.0
2026-03-27 08:45:00+08:00,TAIFEX:CCF1!,57.1,58.6,57.1,58.3,1125.0
2026-03-27 09:45:00+08:00,TAIFEX:CCF1!,58.3,58.3,57.7,58.2,378.0
2026-03-27 10:45:00+08:00,TAIFEX:CCF1!,58.2,58.3,58.1,58.3,217.0
2026-03-27 11:45:00+08:00,TAIFEX:CCF1!,58.3,58.4,58.0,58.1,196.0
2026-03-27 12:45:00+08:00,TAIFEX:CCF1!,58.1,58.2,57.9,57.9,214.0
2026-03-27 17:25:00+08:00,TAIFEX:CCF1!,57.5,57.7,57.5,57.7,13.0
2026-03-27 18:25:00+08:00,TAIFEX:CCF1!,57.6,57.6,57.1,57.1,37.0
2026-03-27 19:25:00+08:00,TAIFEX:CCF1!,57.2,57.4,57.1,57.1,49.0
2026-03-27 20:25:00+08:00,TAIFEX:CCF1!,57.2,57.2,57.0,57.1,28.0
2026-03-27 21:25:00+08:00,TAIFEX:CCF1!,57.2,57.4,57.1,57.2,42.0
2026-03-27 22:25:00+08:00,TAIFEX:CCF1!,57.1,57.2,57.1,57.1,11.0
2026-03-27 23:25:00+08:00,TAIFEX:CCF1!,57.3,57.3,57.3,57.3,10.0
2026-03-28 00:25:00+08:00,TAIFEX:CCF1!,57.2,57.2,57.2,57.2,5.0
2026-03-28 01:25:00+08:00,TAIFEX:CCF1!,57.1,57.1,56.9,56.9,32.0
2026-03-28 02:25:00+08:00,TAIFEX:CCF1!,57.0,57.0,56.9,56.9,5.0
2026-03-28 03:25:00+08:00,TAIFEX:CCF1!,56.9,56.9,56.6,56.7,37.0
2026-03-28 04:25:00+08:00,TAIFEX:CCF1!,56.6,56.7,56.6,56.7,4.0
2026-03-30 08:45:00+08:00,TAIFEX:CCF1!,56.6,56.8,55.8,56.7,980.0
2026-03-30 09:45:00+08:00,TAIFEX:CCF1!,56.8,56.9,56.3,56.5,564.0
2026-03-30 10:45:00+08:00,TAIFEX:CCF1!,56.5,57.2,56.5,57.2,370.0
2026-03-30 11:45:00+08:00,TAIFEX:CCF1!,57.2,57.4,57.0,57.0,371.0
2026-03-30 12:45:00+08:00,TAIFEX:CCF1!,57.0,57.2,56.8,57.2,441.0
2026-03-30 18:25:00+08:00,TAIFEX:CCF1!,57.2,57.4,57.2,57.4,7.0
2026-03-30 19:25:00+08:00,TAIFEX:CCF1!,57.5,57.5,57.5,57.5,15.0
2026-03-30 20:25:00+08:00,TAIFEX:CCF1!,57.5,57.5,57.4,57.5,23.0
2026-03-30 21:25:00+08:00,TAIFEX:CCF1!,57.4,57.4,56.2,56.5,82.0
2026-03-30 22:25:00+08:00,TAIFEX:CCF1!,56.5,56.5,55.9,56.0,96.0
2026-03-30 23:25:00+08:00,TAIFEX:CCF1!,56.0,56.3,55.7,55.7,55.0
2026-03-31 00:25:00+08:00,TAIFEX:CCF1!,55.6,56.0,55.6,55.6,30.0
2026-03-31 01:25:00+08:00,TAIFEX:CCF1!,55.6,55.6,55.5,55.6,19.0
2026-03-31 02:25:00+08:00,TAIFEX:CCF1!,55.5,55.6,55.4,55.5,21.0
2026-03-31 03:25:00+08:00,TAIFEX:CCF1!,55.5,55.5,55.1,55.3,42.0
2026-03-31 04:25:00+08:00,TAIFEX:CCF1!,55.4,55.7,55.4,55.7,6.0
2026-03-31 08:45:00+08:00,TAIFEX:CCF1!,55.3,56.6,55.3,56.3,1189.0
2026-03-31 09:45:00+08:00,TAIFEX:CCF1!,56.4,56.7,56.3,56.5,369.0
2026-03-31 10:45:00+08:00,TAIFEX:CCF1!,56.5,56.9,56.4,56.6,430.0
2026-03-31 11:45:00+08:00,TAIFEX:CCF1!,56.5,56.8,56.3,56.6,703.0
2026-03-31 12:45:00+08:00,TAIFEX:CCF1!,56.6,56.7,56.0,56.6,744.0
2026-03-31 18:25:00+08:00,TAIFEX:CCF1!,56.8,57.1,56.6,57.1,18.0
2026-03-31 19:25:00+08:00,TAIFEX:CCF1!,57.0,57.3,57.0,57.1,22.0
2026-03-31 20:25:00+08:00,TAIFEX:CCF1!,57.2,57.2,57.1,57.1,10.0
2026-03-31 21:25:00+08:00,TAIFEX:CCF1!,57.1,57.1,56.7,57.0,172.0
2026-03-31 22:25:00+08:00,TAIFEX:CCF1!,57.1,57.1,56.7,57.0,40.0
2026-03-31 23:25:00+08:00,TAIFEX:CCF1!,56.9,57.1,56.9,57.1,15.0
2026-04-01 00:25:00+08:00,TAIFEX:CCF1!,57.2,57.9,57.2,57.6,96.0
2026-04-01 01:25:00+08:00,TAIFEX:CCF1!,57.5,57.7,57.5,57.7,37.0
2026-04-01 02:25:00+08:00,TAIFEX:CCF1!,57.8,58.3,57.8,58.3,55.0
2026-04-01 03:25:00+08:00,TAIFEX:CCF1!,58.3,58.3,58.1,58.1,48.0
2026-04-01 04:25:00+08:00,TAIFEX:CCF1!,58.2,58.3,58.1,58.2,10.0
2026-04-01 08:45:00+08:00,TAIFEX:CCF1!,58.6,58.6,57.3,57.3,1984.0
2026-04-01 09:45:00+08:00,TAIFEX:CCF1!,57.2,57.9,56.9,57.7,758.0
2026-04-01 10:45:00+08:00,TAIFEX:CCF1!,57.7,57.9,57.4,57.9,302.0
2026-04-01 11:45:00+08:00,TAIFEX:CCF1!,57.8,57.8,57.0,57.2,311.0
2026-04-01 12:45:00+08:00,TAIFEX:CCF1!,57.2,57.5,57.0,57.5,382.0
2026-04-01 17:25:00+08:00,TAIFEX:CCF1!,57.5,57.5,57.5,57.5,1.0
2026-04-01 18:25:00+08:00,TAIFEX:CCF1!,57.6,57.6,57.6,57.6,12.0
2026-04-01 19:25:00+08:00,TAIFEX:CCF1!,57.6,57.7,57.6,57.7,6.0
2026-04-01 20:25:00+08:00,TAIFEX:CCF1!,57.6,57.6,57.5,57.5,14.0
2026-04-01 21:25:00+08:00,TAIFEX:CCF1!,57.6,58.2,57.6,57.9,91.0
2026-04-01 22:25:00+08:00,TAIFEX:CCF1!,57.8,57.9,57.6,57.7,47.0
2026-04-01 23:25:00+08:00,TAIFEX:CCF1!,57.7,57.9,57.7,57.9,26.0
2026-04-02 00:25:00+08:00,TAIFEX:CCF1!,57.8,57.9,57.8,57.9,6.0
2026-04-02 01:25:00+08:00,TAIFEX:CCF1!,57.8,57.8,57.5,57.5,36.0
2026-04-02 02:25:00+08:00,TAIFEX:CCF1!,57.5,57.6,57.5,57.6,8.0
2026-04-02 03:25:00+08:00,TAIFEX:CCF1!,57.7,57.7,57.4,57.4,19.0
2026-04-02 04:25:00+08:00,TAIFEX:CCF1!,57.4,57.8,57.3,57.8,6.0
2026-04-02 08:45:00+08:00,TAIFEX:CCF1!,57.7,57.8,55.3,55.3,1099.0
2026-04-02 09:45:00+08:00,TAIFEX:CCF1!,55.4,55.6,52.9,53.2,2548.0
2026-04-02 10:45:00+08:00,TAIFEX:CCF1!,53.1,53.4,52.7,52.9,1025.0
2026-04-02 11:45:00+08:00,TAIFEX:CCF1!,52.9,53.6,52.7,53.5,477.0
2026-04-02 12:45:00+08:00,TAIFEX:CCF1!,53.4,53.5,53.1,53.1,300.0
2026-04-02 17:25:00+08:00,TAIFEX:CCF1!,53.4,53.7,53.3,53.3,26.0
2026-04-02 18:25:00+08:00,TAIFEX:CCF1!,53.3,53.6,53.3,53.3,16.0
2026-04-02 19:25:00+08:00,TAIFEX:CCF1!,53.2,53.3,53.2,53.2,11.0
2026-04-02 20:25:00+08:00,TAIFEX:CCF1!,53.4,53.4,53.3,53.3,18.0
2026-04-02 21:25:00+08:00,TAIFEX:CCF1!,53.3,54.1,53.2,54.0,48.0
2026-04-02 22:25:00+08:00,TAIFEX:CCF1!,54.0,55.0,54.0,54.6,177.0
2026-04-02 23:25:00+08:00,TAIFEX:CCF1!,54.6,54.7,54.5,54.5,27.0
2026-04-03 00:25:00+08:00,TAIFEX:CCF1!,54.6,54.7,54.5,54.5,14.0
2026-04-03 01:25:00+08:00,TAIFEX:CCF1!,54.6,54.6,54.5,54.6,15.0
2026-04-03 02:25:00+08:00,TAIFEX:CCF1!,54.5,54.8,54.5,54.8,16.0
2026-04-03 03:25:00+08:00,TAIFEX:CCF1!,54.8,54.9,54.8,54.9,9.0
2026-04-03 04:25:00+08:00,TAIFEX:CCF1!,54.7,54.9,54.7,54.8,3.0
2026-04-07 08:45:00+08:00,TAIFEX:CCF1!,54.8,58.4,54.5,58.4,2649.0
2026-04-07 09:45:00+08:00,TAIFEX:CCF1!,58.4,58.4,58.4,58.4,314.0
2026-04-07 10:45:00+08:00,TAIFEX:CCF1!,58.4,58.4,58.1,58.2,689.0
2026-04-07 11:45:00+08:00,TAIFEX:CCF1!,58.2,58.4,58.2,58.4,597.0
2026-04-07 12:45:00+08:00,TAIFEX:CCF1!,58.4,58.4,58.2,58.4,327.0
2026-04-07 17:25:00+08:00,TAIFEX:CCF1!,59.3,59.3,58.7,59.0,79.0
2026-04-07 18:25:00+08:00,TAIFEX:CCF1!,59.0,59.0,58.3,58.7,37.0
2026-04-07 19:25:00+08:00,TAIFEX:CCF1!,58.4,58.6,58.2,58.6,24.0
2026-04-07 20:25:00+08:00,TAIFEX:CCF1!,58.7,58.8,58.2,58.2,60.0
2026-04-07 21:25:00+08:00,TAIFEX:CCF1!,58.3,58.3,57.4,57.9,180.0
2026-04-07 22:25:00+08:00,TAIFEX:CCF1!,57.9,58.3,57.5,58.2,207.0
2026-04-07 23:25:00+08:00,TAIFEX:CCF1!,58.2,58.6,58.2,58.4,86.0
2026-04-08 00:25:00+08:00,TAIFEX:CCF1!,58.3,59.0,58.3,58.9,34.0
2026-04-08 01:25:00+08:00,TAIFEX:CCF1!,58.9,59.1,58.9,59.1,18.0
2026-04-08 02:25:00+08:00,TAIFEX:CCF1!,59.0,59.1,58.6,59.0,14.0
2026-04-08 03:25:00+08:00,TAIFEX:CCF1!,58.7,59.3,58.7,59.2,23.0
2026-04-08 04:25:00+08:00,TAIFEX:CCF1!,59.2,59.3,59.2,59.3,18.0
2026-04-08 08:45:00+08:00,TAIFEX:CCF1!,60.6,61.8,59.6,60.7,5129.0
2026-04-08 09:45:00+08:00,TAIFEX:CCF1!,60.7,61.5,60.7,60.8,2204.0
2026-04-08 10:45:00+08:00,TAIFEX:CCF1!,60.9,61.3,60.7,60.9,618.0
2026-04-08 11:45:00+08:00,TAIFEX:CCF1!,60.9,61.0,59.9,60.0,830.0
2026-04-08 12:45:00+08:00,TAIFEX:CCF1!,60.1,60.4,60.1,60.4,632.0
2026-04-08 17:25:00+08:00,TAIFEX:CCF1!,60.5,61.0,59.9,60.6,33.0
2026-04-08 18:25:00+08:00,TAIFEX:CCF1!,60.7,60.9,60.7,60.8,18.0
2026-04-08 19:25:00+08:00,TAIFEX:CCF1!,60.8,61.2,60.8,61.0,66.0
2026-04-08 20:25:00+08:00,TAIFEX:CCF1!,61.0,61.0,60.9,61.0,29.0
2026-04-08 21:25:00+08:00,TAIFEX:CCF1!,61.0,61.0,60.3,60.7,240.0
2026-04-08 22:25:00+08:00,TAIFEX:CCF1!,60.7,60.7,60.3,60.6,62.0
2026-04-08 23:25:00+08:00,TAIFEX:CCF1!,60.6,60.7,60.4,60.5,45.0
2026-04-09 00:25:00+08:00,TAIFEX:CCF1!,60.6,60.6,60.4,60.4,34.0
2026-04-09 01:25:00+08:00,TAIFEX:CCF1!,60.3,60.5,60.3,60.3,26.0
2026-04-09 02:25:00+08:00,TAIFEX:CCF1!,60.2,60.3,59.8,60.0,74.0
2026-04-09 03:25:00+08:00,TAIFEX:CCF1!,60.1,60.3,60.0,60.3,18.0
2026-04-09 04:25:00+08:00,TAIFEX:CCF1!,60.3,60.5,60.3,60.4,13.0
2026-04-09 08:45:00+08:00,TAIFEX:CCF1!,60.6,60.7,59.0,59.5,1984.0
2026-04-09 09:45:00+08:00,TAIFEX:CCF1!,59.5,59.7,59.0,59.1,826.0
2026-04-09 10:45:00+08:00,TAIFEX:CCF1!,59.0,59.5,59.0,59.5,330.0
2026-04-09 11:45:00+08:00,TAIFEX:CCF1!,59.5,60.0,59.4,59.8,340.0
2026-04-09 12:45:00+08:00,TAIFEX:CCF1!,59.9,60.3,59.6,60.1,571.0
2026-04-09 17:25:00+08:00,TAIFEX:CCF1!,60.0,60.4,60.0,60.0,9.0
2026-04-09 18:25:00+08:00,TAIFEX:CCF1!,60.0,60.0,59.1,59.3,114.0
2026-04-09 19:25:00+08:00,TAIFEX:CCF1!,59.3,59.5,59.3,59.5,44.0
2026-04-09 20:25:00+08:00,TAIFEX:CCF1!,59.5,59.7,59.4,59.7,14.0
2026-04-09 21:25:00+08:00,TAIFEX:CCF1!,59.8,60.4,59.8,59.8,73.0
2026-04-09 22:25:00+08:00,TAIFEX:CCF1!,59.8,60.1,59.8,60.1,13.0
2026-04-09 23:25:00+08:00,TAIFEX:CCF1!,60.0,60.4,60.0,60.3,26.0
2026-04-10 00:25:00+08:00,TAIFEX:CCF1!,60.4,60.4,60.3,60.3,5.0
2026-04-10 01:25:00+08:00,TAIFEX:CCF1!,60.3,60.4,60.2,60.2,11.0
2026-04-10 02:25:00+08:00,TAIFEX:CCF1!,60.3,60.3,60.3,60.3,1.0
2026-04-10 03:25:00+08:00,TAIFEX:CCF1!,60.3,60.5,60.3,60.4,8.0
2026-04-10 08:45:00+08:00,TAIFEX:CCF1!,60.5,63.8,59.6,62.6,5119.0
2026-04-10 09:45:00+08:00,TAIFEX:CCF1!,62.6,63.6,62.6,62.8,2463.0
2026-04-10 10:45:00+08:00,TAIFEX:CCF1!,62.8,63.2,62.5,63.1,585.0
2026-04-10 11:45:00+08:00,TAIFEX:CCF1!,63.1,63.1,62.6,62.7,510.0
2026-04-10 12:45:00+08:00,TAIFEX:CCF1!,62.6,62.9,62.2,62.3,475.0
2026-04-10 17:25:00+08:00,TAIFEX:CCF1!,62.3,62.4,62.1,62.4,12.0
2026-04-10 18:25:00+08:00,TAIFEX:CCF1!,62.5,62.5,62.5,62.5,1.0
2026-04-10 19:25:00+08:00,TAIFEX:CCF1!,62.5,62.5,62.2,62.3,9.0
2026-04-10 20:25:00+08:00,TAIFEX:CCF1!,62.4,62.5,62.4,62.5,13.0
2026-04-10 21:25:00+08:00,TAIFEX:CCF1!,62.5,62.6,62.3,62.5,47.0
2026-04-10 22:25:00+08:00,TAIFEX:CCF1!,62.5,62.5,62.4,62.5,23.0
2026-04-10 23:25:00+08:00,TAIFEX:CCF1!,62.4,62.4,62.1,62.2,30.0
2026-04-11 00:25:00+08:00,TAIFEX:CCF1!,62.2,62.3,62.1,62.1,20.0
2026-04-11 02:25:00+08:00,TAIFEX:CCF1!,62.2,62.2,62.2,62.2,2.0
2026-04-11 03:25:00+08:00,TAIFEX:CCF1!,62.2,62.2,62.1,62.2,7.0
2026-04-11 04:25:00+08:00,TAIFEX:CCF1!,62.2,62.2,62.1,62.2,4.0
2026-04-13 08:45:00+08:00,TAIFEX:CCF1!,61.6,62.2,58.6,59.2,3758.0
2026-04-13 09:45:00+08:00,TAIFEX:CCF1!,59.2,59.8,59.0,59.6,713.0
2026-04-13 10:45:00+08:00,TAIFEX:CCF1!,59.7,60.2,59.4,60.0,601.0
2026-04-13 11:45:00+08:00,TAIFEX:CCF1!,60.0,60.2,59.9,60.2,358.0
2026-04-13 12:45:00+08:00,TAIFEX:CCF1!,60.2,60.4,59.8,59.8,744.0
2026-04-13 17:25:00+08:00,TAIFEX:CCF1!,60.3,60.4,60.1,60.1,15.0
2026-04-13 18:25:00+08:00,TAIFEX:CCF1!,60.1,60.2,60.1,60.2,11.0
2026-04-13 19:25:00+08:00,TAIFEX:CCF1!,60.1,60.1,60.0,60.0,17.0
2026-04-13 20:25:00+08:00,TAIFEX:CCF1!,60.1,60.1,60.1,60.1,2.0
2026-04-13 21:25:00+08:00,TAIFEX:CCF1!,60.2,61.0,60.2,60.6,107.0
2026-04-13 22:25:00+08:00,TAIFEX:CCF1!,60.7,60.9,60.7,60.8,16.0
2026-04-13 23:25:00+08:00,TAIFEX:CCF1!,60.8,60.9,60.8,60.9,27.0
2026-04-14 00:25:00+08:00,TAIFEX:CCF1!,60.9,61.1,60.9,61.1,20.0
2026-04-14 01:25:00+08:00,TAIFEX:CCF1!,61.1,61.1,61.1,61.1,2.0
2026-04-14 02:25:00+08:00,TAIFEX:CCF1!,61.1,61.1,61.1,61.1,5.0
2026-04-14 03:25:00+08:00,TAIFEX:CCF1!,61.2,61.3,61.2,61.3,13.0
2026-04-14 04:25:00+08:00,TAIFEX:CCF1!,61.5,61.5,61.4,61.4,5.0
2026-04-14 08:45:00+08:00,TAIFEX:CCF1!,61.1,61.1,59.1,59.2,1874.0
2026-04-14 09:45:00+08:00,TAIFEX:CCF1!,59.1,60.1,58.9,60.0,637.0
2026-04-14 10:45:00+08:00,TAIFEX:CCF1!,60.1,60.2,59.8,60.0,285.0
2026-04-14 11:45:00+08:00,TAIFEX:CCF1!,60.0,60.1,59.3,59.5,422.0
2026-04-14 12:45:00+08:00,TAIFEX:CCF1!,59.5,59.9,59.4,59.9,515.0
2026-04-14 17:25:00+08:00,TAIFEX:CCF1!,60.4,60.4,60.2,60.2,7.0
2026-04-14 18:25:00+08:00,TAIFEX:CCF1!,60.3,60.4,60.3,60.4,13.0
2026-04-14 19:25:00+08:00,TAIFEX:CCF1!,60.4,60.4,60.4,60.4,5.0
2026-04-14 20:25:00+08:00,TAIFEX:CCF1!,60.4,60.4,60.4,60.4,2.0
2026-04-14 21:25:00+08:00,TAIFEX:CCF1!,60.4,60.4,60.3,60.4,15.0
2026-04-14 22:25:00+08:00,TAIFEX:CCF1!,60.4,60.4,60.2,60.3,36.0
2026-04-14 23:25:00+08:00,TAIFEX:CCF1!,60.3,60.4,60.3,60.4,47.0
2026-04-15 00:25:00+08:00,TAIFEX:CCF1!,60.4,60.4,60.3,60.3,32.0
2026-04-15 01:25:00+08:00,TAIFEX:CCF1!,60.4,60.4,60.3,60.3,4.0
2026-04-15 02:25:00+08:00,TAIFEX:CCF1!,60.3,60.5,60.3,60.5,6.0
2026-04-15 04:25:00+08:00,TAIFEX:CCF1!,60.5,60.6,60.4,60.6,10.0
2026-04-15 08:45:00+08:00,TAIFEX:CCF1!,60.5,63.0,60.4,61.3,3451.0
2026-04-15 09:45:00+08:00,TAIFEX:CCF1!,61.4,63.5,61.0,63.4,2170.0
2026-04-15 10:45:00+08:00,TAIFEX:CCF1!,63.4,63.9,62.6,62.8,2425.0
2026-04-15 11:45:00+08:00,TAIFEX:CCF1!,62.8,62.9,62.2,62.5,3180.0
2026-04-15 12:45:00+08:00,TAIFEX:CCF1!,62.5,63.0,62.1,62.8,1529.0
2026-04-15 17:25:00+08:00,TAIFEX:CCF1!,62.8,63.1,62.7,62.9,22.0
2026-04-15 18:25:00+08:00,TAIFEX:CCF1!,62.8,63.0,62.8,62.9,16.0
2026-04-15 19:25:00+08:00,TAIFEX:CCF1!,62.9,62.9,62.8,62.9,11.0
2026-04-15 20:25:00+08:00,TAIFEX:CCF1!,62.9,62.9,62.8,62.9,18.0
2026-04-15 21:25:00+08:00,TAIFEX:CCF1!,62.9,62.9,62.4,62.5,97.0
2026-04-15 22:25:00+08:00,TAIFEX:CCF1!,62.6,63.0,62.6,62.9,97.0
2026-04-15 23:25:00+08:00,TAIFEX:CCF1!,63.0,63.3,62.9,63.3,117.0
2026-04-16 00:25:00+08:00,TAIFEX:CCF1!,63.2,63.2,62.7,62.9,125.0
2026-04-16 01:25:00+08:00,TAIFEX:CCF1!,62.9,63.0,62.9,63.0,5.0
2026-04-16 02:25:00+08:00,TAIFEX:CCF1!,63.0,63.2,63.0,63.1,46.0
2026-04-16 03:25:00+08:00,TAIFEX:CCF1!,63.1,63.7,63.1,63.7,71.0
2026-04-16 04:25:00+08:00,TAIFEX:CCF1!,63.5,63.7,63.4,63.6,10.0
2026-04-16 08:45:00+08:00,TAIFEX:CCF1!,64.4,69.0,64.3,69.0,12193.0
2026-04-16 09:45:00+08:00,TAIFEX:CCF1!,69.0,69.0,68.5,69.0,2228.0
2026-04-16 10:45:00+08:00,TAIFEX:CCF1!,69.0,69.0,68.8,69.0,808.0
2026-04-16 11:45:00+08:00,TAIFEX:CCF1!,69.0,69.0,69.0,69.0,14.0
2026-04-16 12:45:00+08:00,TAIFEX:CCF1!,69.0,69.0,69.0,69.0,8.0
2026-04-16 17:25:00+08:00,TAIFEX:CCF1!,69.1,69.3,68.1,68.4,729.0
2026-04-16 18:25:00+08:00,TAIFEX:CCF1!,68.4,68.7,68.1,68.7,196.0
2026-04-16 19:25:00+08:00,TAIFEX:CCF1!,68.7,68.7,68.6,68.6,31.0
2026-04-16 20:25:00+08:00,TAIFEX:CCF1!,68.7,68.8,68.4,68.4,119.0
2026-04-16 21:25:00+08:00,TAIFEX:CCF1!,68.5,68.6,67.3,67.7,577.0
2026-04-16 22:25:00+08:00,TAIFEX:CCF1!,67.7,69.0,67.7,68.8,488.0
2026-04-16 23:25:00+08:00,TAIFEX:CCF1!,68.9,69.1,68.8,68.9,411.0
2026-04-17 00:25:00+08:00,TAIFEX:CCF1!,68.9,68.9,68.4,68.7,232.0
2026-04-17 01:25:00+08:00,TAIFEX:CCF1!,68.7,68.7,68.4,68.4,43.0
2026-04-17 02:25:00+08:00,TAIFEX:CCF1!,68.4,68.5,68.3,68.3,116.0
2026-04-17 03:25:00+08:00,TAIFEX:CCF1!,68.3,68.3,67.8,68.1,85.0
2026-04-17 04:25:00+08:00,TAIFEX:CCF1!,68.0,68.1,67.9,68.1,23.0
2026-04-17 08:45:00+08:00,TAIFEX:CCF1!,68.8,75.4,68.3,74.1,27734.0
2026-04-17 09:45:00+08:00,TAIFEX:CCF1!,74.1,74.7,73.0,74.1,6953.0
2026-04-17 10:45:00+08:00,TAIFEX:CCF1!,74.1,74.7,73.5,74.0,3661.0
2026-04-17 11:45:00+08:00,TAIFEX:CCF1!,74.0,75.2,73.6,73.8,5311.0
2026-04-17 12:45:00+08:00,TAIFEX:CCF1!,73.7,73.7,72.7,73.2,4199.0
2026-04-17 17:25:00+08:00,TAIFEX:CCF1!,73.9,76.8,73.9,76.2,415.0
2026-04-17 18:25:00+08:00,TAIFEX:CCF1!,76.3,76.4,76.0,76.2,141.0
2026-04-17 19:25:00+08:00,TAIFEX:CCF1!,76.2,76.3,75.9,76.1,139.0
2026-04-17 20:25:00+08:00,TAIFEX:CCF1!,76.1,77.0,75.6,76.7,325.0
2026-04-17 21:25:00+08:00,TAIFEX:CCF1!,76.7,76.9,74.4,75.4,981.0
2026-04-17 22:25:00+08:00,TAIFEX:CCF1!,75.4,75.6,75.0,75.3,259.0
2026-04-17 23:25:00+08:00,TAIFEX:CCF1!,75.3,75.8,75.2,75.6,245.0
2026-04-18 00:25:00+08:00,TAIFEX:CCF1!,75.6,76.1,75.5,75.6,275.0
2026-04-18 01:25:00+08:00,TAIFEX:CCF1!,75.6,75.8,75.4,75.4,67.0
2026-04-18 02:25:00+08:00,TAIFEX:CCF1!,75.6,75.6,75.3,75.3,49.0
2026-04-18 03:25:00+08:00,TAIFEX:CCF1!,75.5,75.5,75.0,75.5,196.0
2026-04-18 04:25:00+08:00,TAIFEX:CCF1!,75.5,75.6,75.4,75.6,45.0
2026-04-20 08:45:00+08:00,TAIFEX:CCF1!,77.3,80.5,76.4,78.6,15666.0
2026-04-20 09:45:00+08:00,TAIFEX:CCF1!,78.6,80.2,76.9,79.8,7706.0
2026-04-20 10:45:00+08:00,TAIFEX:CCF1!,79.7,80.2,78.9,79.1,4472.0
2026-04-20 11:45:00+08:00,TAIFEX:CCF1!,79.0,79.2,77.0,77.7,8007.0
2026-04-20 12:45:00+08:00,TAIFEX:CCF1!,77.6,78.4,77.4,77.5,5396.0
2026-04-20 17:25:00+08:00,TAIFEX:CCF1!,78.2,79.2,78.2,79.1,145.0
2026-04-20 18:25:00+08:00,TAIFEX:CCF1!,79.0,79.3,78.8,79.2,63.0
2026-04-20 19:25:00+08:00,TAIFEX:CCF1!,79.2,79.6,78.7,79.0,198.0
2026-04-20 20:25:00+08:00,TAIFEX:CCF1!,79.0,79.0,78.6,78.7,98.0
2026-04-20 21:25:00+08:00,TAIFEX:CCF1!,78.7,79.7,78.6,79.7,529.0
2026-04-20 22:25:00+08:00,TAIFEX:CCF1!,79.7,80.2,79.0,79.5,415.0
2026-04-20 23:25:00+08:00,TAIFEX:CCF1!,79.6,80.2,79.4,80.2,279.0
2026-04-21 00:25:00+08:00,TAIFEX:CCF1!,80.1,80.2,79.8,79.8,41.0
2026-04-21 01:25:00+08:00,TAIFEX:CCF1!,79.8,80.3,79.8,80.3,77.0
2026-04-21 02:25:00+08:00,TAIFEX:CCF1!,80.3,81.1,80.3,80.8,142.0
2026-04-21 03:25:00+08:00,TAIFEX:CCF1!,80.7,81.3,80.6,81.3,132.0
2026-04-21 04:25:00+08:00,TAIFEX:CCF1!,81.3,82.0,81.3,82.0,67.0
2026-04-21 08:45:00+08:00,TAIFEX:CCF1!,81.3,82.0,74.8,76.3,12528.0
2026-04-21 09:45:00+08:00,TAIFEX:CCF1!,76.1,78.0,75.7,76.3,5094.0
2026-04-21 10:45:00+08:00,TAIFEX:CCF1!,76.3,76.6,75.1,75.5,3751.0
2026-04-21 11:45:00+08:00,TAIFEX:CCF1!,75.5,76.1,74.8,75.5,3944.0
2026-04-21 12:45:00+08:00,TAIFEX:CCF1!,75.6,77.3,75.5,77.3,5126.0
2026-04-21 17:25:00+08:00,TAIFEX:CCF1!,77.3,77.8,77.2,77.5,272.0
2026-04-21 18:25:00+08:00,TAIFEX:CCF1!,77.6,77.7,76.7,77.2,165.0
2026-04-21 19:25:00+08:00,TAIFEX:CCF1!,77.3,77.4,77.2,77.4,79.0
2026-04-21 20:25:00+08:00,TAIFEX:CCF1!,77.4,77.4,76.8,77.1,186.0
2026-04-21 21:25:00+08:00,TAIFEX:CCF1!,77.1,78.3,77.0,77.7,724.0
2026-04-21 22:25:00+08:00,TAIFEX:CCF1!,77.7,77.9,76.8,77.5,382.0
2026-04-21 23:25:00+08:00,TAIFEX:CCF1!,77.4,77.5,77.2,77.4,124.0
2026-04-22 00:25:00+08:00,TAIFEX:CCF1!,77.4,77.7,77.2,77.2,114.0
2026-04-22 01:25:00+08:00,TAIFEX:CCF1!,77.3,77.8,77.3,77.7,110.0
2026-04-22 02:25:00+08:00,TAIFEX:CCF1!,77.7,77.9,77.7,77.9,26.0
2026-04-22 03:25:00+08:00,TAIFEX:CCF1!,77.8,77.9,77.3,77.6,51.0
2026-04-22 04:25:00+08:00,TAIFEX:CCF1!,77.6,77.8,77.6,77.8,13.0
2026-04-22 08:45:00+08:00,TAIFEX:CCF1!,78.5,81.0,76.4,80.2,10063.0
2026-04-22 09:45:00+08:00,TAIFEX:CCF1!,80.2,80.6,78.8,79.2,4146.0
2026-04-22 10:45:00+08:00,TAIFEX:CCF1!,79.2,79.8,78.0,79.3,3463.0
2026-04-22 11:45:00+08:00,TAIFEX:CCF1!,79.3,79.4,78.4,79.1,2572.0
2026-04-22 12:45:00+08:00,TAIFEX:CCF1!,79.2,80.3,79.2,79.5,2422.0
2026-04-22 17:25:00+08:00,TAIFEX:CCF1!,80.0,80.2,79.3,79.9,171.0
2026-04-22 18:25:00+08:00,TAIFEX:CCF1!,79.9,79.9,79.7,79.7,60.0
2026-04-22 19:25:00+08:00,TAIFEX:CCF1!,79.7,80.2,79.7,80.2,86.0
2026-04-22 20:25:00+08:00,TAIFEX:CCF1!,80.2,80.3,79.8,79.9,107.0
2026-04-22 21:25:00+08:00,TAIFEX:CCF1!,79.9,80.5,79.8,80.3,272.0
2026-04-22 22:25:00+08:00,TAIFEX:CCF1!,80.3,80.4,80.2,80.4,177.0
2026-04-22 23:25:00+08:00,TAIFEX:CCF1!,80.4,80.6,80.3,80.5,149.0
2026-04-23 00:25:00+08:00,TAIFEX:CCF1!,80.5,80.8,80.4,80.8,58.0
2026-04-23 01:25:00+08:00,TAIFEX:CCF1!,80.9,81.0,80.7,80.8,55.0
2026-04-23 02:25:00+08:00,TAIFEX:CCF1!,80.9,81.0,80.6,81.0,57.0
2026-04-23 03:25:00+08:00,TAIFEX:CCF1!,81.0,81.1,80.9,81.1,22.0
2026-04-23 04:25:00+08:00,TAIFEX:CCF1!,81.1,81.3,81.1,81.3,29.0
2026-04-23 08:45:00+08:00,TAIFEX:CCF1!,81.4,81.4,76.6,77.0,8215.0
2026-04-23 09:45:00+08:00,TAIFEX:CCF1!,76.9,77.5,72.6,73.2,9386.0
2026-04-23 10:45:00+08:00,TAIFEX:CCF1!,73.2,74.3,71.8,72.5,7685.0
2026-04-23 11:45:00+08:00,TAIFEX:CCF1!,72.5,74.4,72.5,74.2,1738.0
2026-04-23 12:45:00+08:00,TAIFEX:CCF1!,74.2,74.3,73.3,73.6,1478.0
2026-04-23 17:25:00+08:00,TAIFEX:CCF1!,73.8,74.7,73.8,74.4,264.0
2026-04-23 18:25:00+08:00,TAIFEX:CCF1!,74.4,74.9,74.4,74.6,207.0
2026-04-23 19:25:00+08:00,TAIFEX:CCF1!,74.6,75.9,74.5,75.7,352.0
2026-04-23 20:25:00+08:00,TAIFEX:CCF1!,75.7,76.0,75.2,76.0,172.0
2026-04-23 21:25:00+08:00,TAIFEX:CCF1!,76.0,76.8,75.9,76.4,372.0
2026-04-23 22:25:00+08:00,TAIFEX:CCF1!,76.3,77.3,76.3,77.2,308.0
2026-04-23 23:25:00+08:00,TAIFEX:CCF1!,77.2,77.2,76.8,76.9,81.0
2026-04-24 00:25:00+08:00,TAIFEX:CCF1!,76.9,77.0,75.8,75.9,118.0
2026-04-24 01:25:00+08:00,TAIFEX:CCF1!,75.8,76.3,74.9,76.1,253.0
2026-04-24 02:25:00+08:00,TAIFEX:CCF1!,76.3,76.5,75.7,75.7,84.0
2026-04-24 03:25:00+08:00,TAIFEX:CCF1!,75.7,76.4,75.5,76.0,147.0
2026-04-24 04:25:00+08:00,TAIFEX:CCF1!,76.0,76.1,75.9,76.0,38.0
2026-04-24 08:45:00+08:00,TAIFEX:CCF1!,76.0,78.9,75.7,75.8,6655.0
2026-04-24 09:45:00+08:00,TAIFEX:CCF1!,75.8,76.3,73.6,74.1,3893.0
2026-04-24 10:45:00+08:00,TAIFEX:CCF1!,74.1,75.1,73.7,74.5,2053.0
2026-04-24 11:45:00+08:00,TAIFEX:CCF1!,74.6,75.2,74.4,74.8,1145.0
2026-04-24 12:45:00+08:00,TAIFEX:CCF1!,74.8,75.8,74.6,75.7,1615.0
2026-04-24 17:25:00+08:00,TAIFEX:CCF1!,75.4,76.0,75.3,75.7,106.0
2026-04-24 18:25:00+08:00,TAIFEX:CCF1!,75.8,76.8,75.8,76.5,202.0
2026-04-24 19:25:00+08:00,TAIFEX:CCF1!,76.6,77.1,76.5,76.7,219.0
2026-04-24 20:25:00+08:00,TAIFEX:CCF1!,76.7,76.8,76.5,76.6,66.0
2026-04-24 21:25:00+08:00,TAIFEX:CCF1!,76.6,77.5,76.6,76.8,519.0
2026-04-24 22:25:00+08:00,TAIFEX:CCF1!,76.8,77.1,76.7,77.0,152.0
2026-04-24 23:25:00+08:00,TAIFEX:CCF1!,77.0,77.7,76.9,77.5,239.0
2026-04-25 00:25:00+08:00,TAIFEX:CCF1!,77.5,77.5,77.2,77.2,74.0
2026-04-25 01:25:00+08:00,TAIFEX:CCF1!,77.2,77.3,77.1,77.3,23.0
2026-04-25 02:25:00+08:00,TAIFEX:CCF1!,77.2,77.4,77.1,77.4,31.0
2026-04-25 03:25:00+08:00,TAIFEX:CCF1!,77.3,77.4,77.3,77.3,13.0
2026-04-25 04:25:00+08:00,TAIFEX:CCF1!,77.2,77.4,77.2,77.4,16.0
2026-04-27 08:45:00+08:00,TAIFEX:CCF1!,77.5,78.3,72.3,72.6,7558.0
2026-04-27 09:45:00+08:00,TAIFEX:CCF1!,72.6,73.1,70.8,71.3,8012.0
2026-04-27 10:45:00+08:00,TAIFEX:CCF1!,71.3,72.1,70.8,71.5,5115.0
2026-04-27 11:45:00+08:00,TAIFEX:CCF1!,71.5,72.6,70.8,72.5,5868.0
2026-04-27 12:45:00+08:00,TAIFEX:CCF1!,72.5,73.2,71.7,73.0,4266.0
2026-04-27 17:25:00+08:00,TAIFEX:CCF1!,73.0,73.5,73.0,73.5,59.0
2026-04-27 18:25:00+08:00,TAIFEX:CCF1!,73.5,73.6,72.6,73.2,124.0
2026-04-27 19:25:00+08:00,TAIFEX:CCF1!,73.3,73.4,73.2,73.3,21.0
2026-04-27 20:25:00+08:00,TAIFEX:CCF1!,73.1,73.2,72.4,72.8,87.0
2026-04-27 21:25:00+08:00,TAIFEX:CCF1!,72.7,73.7,71.9,72.4,433.0
2026-04-27 22:25:00+08:00,TAIFEX:CCF1!,72.3,72.6,72.1,72.3,91.0
2026-04-27 23:25:00+08:00,TAIFEX:CCF1!,72.5,72.7,72.5,72.7,67.0
2026-04-28 00:25:00+08:00,TAIFEX:CCF1!,72.7,72.9,72.5,72.8,73.0
2026-04-28 01:25:00+08:00,TAIFEX:CCF1!,72.8,73.0,72.8,73.0,17.0
2026-04-28 02:25:00+08:00,TAIFEX:CCF1!,72.9,73.3,72.9,73.3,47.0
2026-04-28 03:25:00+08:00,TAIFEX:CCF1!,73.3,73.4,73.2,73.3,32.0
2026-04-28 04:25:00+08:00,TAIFEX:CCF1!,73.2,73.4,73.2,73.3,10.0
2026-04-28 08:45:00+08:00,TAIFEX:CCF1!,73.1,78.1,71.8,77.3,5550.0
2026-04-28 09:45:00+08:00,TAIFEX:CCF1!,77.3,78.3,75.8,76.3,3933.0
2026-04-28 10:45:00+08:00,TAIFEX:CCF1!,76.3,76.9,75.4,76.1,1273.0
2026-04-28 11:45:00+08:00,TAIFEX:CCF1!,76.1,76.8,75.9,76.1,663.0
2026-04-28 12:45:00+08:00,TAIFEX:CCF1!,76.0,76.3,75.1,75.5,976.0
2026-04-28 17:25:00+08:00,TAIFEX:CCF1!,75.6,75.7,75.0,75.7,86.0
2026-04-28 18:25:00+08:00,TAIFEX:CCF1!,75.7,75.9,74.9,74.9,126.0
2026-04-28 19:25:00+08:00,TAIFEX:CCF1!,74.9,74.9,74.5,74.8,103.0
2026-04-28 20:25:00+08:00,TAIFEX:CCF1!,74.7,75.0,74.6,75.0,74.0
2026-04-28 21:25:00+08:00,TAIFEX:CCF1!,75.0,75.4,74.6,74.7,352.0
2026-04-28 22:25:00+08:00,TAIFEX:CCF1!,74.8,74.8,73.3,73.4,592.0
2026-04-28 23:25:00+08:00,TAIFEX:CCF1!,73.4,73.9,73.3,73.8,64.0
2026-04-29 00:25:00+08:00,TAIFEX:CCF1!,73.8,73.9,73.6,73.8,31.0
2026-04-29 01:25:00+08:00,TAIFEX:CCF1!,73.9,74.4,73.9,74.4,33.0
2026-04-29 02:25:00+08:00,TAIFEX:CCF1!,74.4,74.8,74.4,74.6,59.0
2026-04-29 03:25:00+08:00,TAIFEX:CCF1!,74.5,74.7,74.3,74.7,56.0
2026-04-29 04:25:00+08:00,TAIFEX:CCF1!,74.6,74.7,74.6,74.6,55.0
2026-04-29 08:45:00+08:00,TAIFEX:CCF1!,75.3,75.6,72.6,73.9,5069.0
2026-04-29 09:45:00+08:00,TAIFEX:CCF1!,73.8,75.1,72.9,73.0,2303.0
2026-04-29 10:45:00+08:00,TAIFEX:CCF1!,73.0,75.4,73.0,74.8,2824.0
2026-04-29 11:45:00+08:00,TAIFEX:CCF1!,74.9,75.4,74.7,74.9,854.0
2026-04-29 12:45:00+08:00,TAIFEX:CCF1!,74.9,75.1,74.5,74.9,1432.0
2026-04-29 17:25:00+08:00,TAIFEX:CCF1!,75.4,79.8,75.0,79.6,1264.0
2026-04-29 18:25:00+08:00,TAIFEX:CCF1!,79.6,80.0,78.7,79.9,583.0
2026-04-29 19:25:00+08:00,TAIFEX:CCF1!,79.9,80.0,79.5,79.8,379.0
2026-04-29 20:25:00+08:00,TAIFEX:CCF1!,79.8,80.6,79.2,79.9,577.0
2026-04-29 21:25:00+08:00,TAIFEX:CCF1!,79.9,81.5,78.5,81.1,1904.0
2026-04-29 22:25:00+08:00,TAIFEX:CCF1!,81.1,82.3,81.1,81.4,3028.0
2026-04-29 23:25:00+08:00,TAIFEX:CCF1!,81.3,81.5,80.0,80.4,1427.0
2026-04-30 00:25:00+08:00,TAIFEX:CCF1!,80.4,80.7,79.9,80.7,405.0
2026-04-30 01:25:00+08:00,TAIFEX:CCF1!,80.7,81.1,80.1,80.5,263.0
2026-04-30 02:25:00+08:00,TAIFEX:CCF1!,80.4,81.4,80.3,81.4,137.0
2026-04-30 03:25:00+08:00,TAIFEX:CCF1!,81.3,81.3,80.5,80.9,82.0
2026-04-30 04:25:00+08:00,TAIFEX:CCF1!,80.8,80.9,79.3,79.3,364.0
2026-04-30 08:45:00+08:00,TAIFEX:CCF1!,80.9,82.0,77.1,77.4,16032.0
2026-04-30 09:45:00+08:00,TAIFEX:CCF1!,77.4,78.7,76.9,77.4,3693.0
2026-04-30 10:45:00+08:00,TAIFEX:CCF1!,77.4,80.4,76.6,79.6,6802.0
2026-04-30 11:45:00+08:00,TAIFEX:CCF1!,79.6,79.8,76.8,77.3,4427.0
2026-04-30 12:45:00+08:00,TAIFEX:CCF1!,77.2,78.2,77.1,77.8,3057.0
2026-04-30 17:25:00+08:00,TAIFEX:CCF1!,78.7,79.7,78.7,79.3,461.0
2026-04-30 18:25:00+08:00,TAIFEX:CCF1!,79.3,79.7,79.1,79.6,256.0
2026-04-30 19:25:00+08:00,TAIFEX:CCF1!,79.6,80.0,79.6,79.9,152.0
2026-04-30 20:25:00+08:00,TAIFEX:CCF1!,80.0,80.1,79.6,79.7,214.0
2026-04-30 21:25:00+08:00,TAIFEX:CCF1!,79.7,80.6,79.4,80.3,1099.0
2026-04-30 22:25:00+08:00,TAIFEX:CCF1!,80.3,80.7,80.2,80.5,575.0
2026-04-30 23:25:00+08:00,TAIFEX:CCF1!,80.5,80.9,80.4,80.8,272.0
2026-05-01 00:25:00+08:00,TAIFEX:CCF1!,80.8,80.9,80.5,80.7,81.0
2026-05-01 01:25:00+08:00,TAIFEX:CCF1!,80.7,81.3,80.7,81.2,197.0
2026-05-01 02:25:00+08:00,TAIFEX:CCF1!,81.2,81.4,81.0,81.2,91.0
2026-05-01 03:25:00+08:00,TAIFEX:CCF1!,81.3,81.7,81.0,81.0,148.0
2026-05-01 04:25:00+08:00,TAIFEX:CCF1!,81.1,81.6,81.0,81.6,96.0
2026-05-04 08:45:00+08:00,TAIFEX:CCF1!,80.3,83.1,79.7,82.0,9065.0
2026-05-04 09:45:00+08:00,TAIFEX:CCF1!,82.0,82.4,81.1,81.8,3049.0
2026-05-04 10:45:00+08:00,TAIFEX:CCF1!,81.8,83.3,81.7,81.9,3125.0
2026-05-04 11:45:00+08:00,TAIFEX:CCF1!,81.9,82.2,81.7,82.0,1137.0
2026-05-04 12:45:00+08:00,TAIFEX:CCF1!,81.9,83.0,81.8,82.4,2548.0
2026-05-04 17:25:00+08:00,TAIFEX:CCF1!,82.6,82.6,81.1,81.4,292.0
2026-05-04 18:25:00+08:00,TAIFEX:CCF1!,81.5,82.3,81.5,82.2,211.0
2026-05-04 19:25:00+08:00,TAIFEX:CCF1!,82.2,82.5,82.0,82.5,156.0
2026-05-04 20:25:00+08:00,TAIFEX:CCF1!,82.5,82.6,82.1,82.4,130.0
2026-05-04 21:25:00+08:00,TAIFEX:CCF1!,82.4,82.9,82.3,82.8,541.0
2026-05-04 22:25:00+08:00,TAIFEX:CCF1!,82.8,82.8,81.7,81.7,385.0
2026-05-04 23:25:00+08:00,TAIFEX:CCF1!,81.7,82.2,81.2,81.7,534.0
2026-05-05 00:25:00+08:00,TAIFEX:CCF1!,81.8,82.1,81.7,82.0,186.0
2026-05-05 01:25:00+08:00,TAIFEX:CCF1!,82.0,82.0,81.7,81.8,25.0
2026-05-05 02:25:00+08:00,TAIFEX:CCF1!,81.8,81.9,81.7,81.9,17.0
2026-05-05 03:25:00+08:00,TAIFEX:CCF1!,81.8,81.9,81.7,81.8,15.0
2026-05-05 04:25:00+08:00,TAIFEX:CCF1!,81.8,81.9,81.8,81.9,5.0
2026-05-05 08:45:00+08:00,TAIFEX:CCF1!,81.9,86.1,80.7,84.5,11089.0
2026-05-05 09:45:00+08:00,TAIFEX:CCF1!,84.5,85.1,83.8,84.2,3538.0
2026-05-05 10:45:00+08:00,TAIFEX:CCF1!,84.2,85.3,83.6,84.4,2715.0
2026-05-05 11:45:00+08:00,TAIFEX:CCF1!,84.3,84.8,83.4,83.9,1623.0
2026-05-05 12:45:00+08:00,TAIFEX:CCF1!,83.9,84.4,83.6,83.8,3376.0
2026-05-05 17:25:00+08:00,TAIFEX:CCF1!,84.0,84.7,83.9,84.6,235.0
2026-05-05 18:25:00+08:00,TAIFEX:CCF1!,84.6,85.2,84.5,84.9,258.0
2026-05-05 19:25:00+08:00,TAIFEX:CCF1!,84.8,85.1,84.5,85.0,295.0
2026-05-05 20:25:00+08:00,TAIFEX:CCF1!,85.1,85.8,85.1,85.5,419.0
2026-05-05 21:25:00+08:00,TAIFEX:CCF1!,85.5,87.4,85.2,86.8,1817.0
2026-05-05 22:25:00+08:00,TAIFEX:CCF1!,86.8,87.6,86.7,87.2,970.0
2026-05-05 23:25:00+08:00,TAIFEX:CCF1!,87.1,87.6,86.9,87.6,380.0
2026-05-06 00:25:00+08:00,TAIFEX:CCF1!,87.6,88.1,87.2,88.1,611.0
2026-05-06 01:25:00+08:00,TAIFEX:CCF1!,88.1,89.1,88.1,89.1,354.0
2026-05-06 02:25:00+08:00,TAIFEX:CCF1!,89.2,89.5,88.4,88.4,183.0
2026-05-06 03:25:00+08:00,TAIFEX:CCF1!,88.4,88.6,88.0,88.6,149.0
2026-05-06 04:25:00+08:00,TAIFEX:CCF1!,88.6,89.0,88.2,88.2,89.0
2026-05-06 08:45:00+08:00,TAIFEX:CCF1!,88.3,92.1,88.2,92.1,7972.0
2026-05-06 09:45:00+08:00,TAIFEX:CCF1!,92.1,92.1,88.2,90.0,12475.0
2026-05-06 10:45:00+08:00,TAIFEX:CCF1!,90.0,92.1,89.6,92.1,3858.0
2026-05-06 11:45:00+08:00,TAIFEX:CCF1!,92.1,92.1,92.1,92.1,28.0
2026-05-06 12:45:00+08:00,TAIFEX:CCF1!,92.1,92.1,92.1,92.1,26.0
2026-05-06 17:25:00+08:00,TAIFEX:CCF1!,95.9,101.0,95.2,101.0,3019.0
2026-05-06 18:25:00+08:00,TAIFEX:CCF1!,101.0,101.0,100.5,100.5,719.0
2026-05-06 19:25:00+08:00,TAIFEX:CCF1!,100.5,101.0,99.7,99.8,813.0
2026-05-06 20:25:00+08:00,TAIFEX:CCF1!,99.9,100.5,98.8,100.0,880.0
2026-05-06 21:25:00+08:00,TAIFEX:CCF1!,100.0,100.0,95.4,96.5,3852.0
2026-05-06 22:25:00+08:00,TAIFEX:CCF1!,96.5,98.6,95.8,98.2,2314.0
2026-05-06 23:25:00+08:00,TAIFEX:CCF1!,98.2,98.8,97.7,97.9,931.0
2026-05-07 00:25:00+08:00,TAIFEX:CCF1!,98.0,98.8,97.9,98.4,481.0
2026-05-07 01:25:00+08:00,TAIFEX:CCF1!,98.4,99.2,98.2,98.9,290.0
2026-05-07 02:25:00+08:00,TAIFEX:CCF1!,98.8,98.9,98.5,98.8,137.0
2026-05-07 03:25:00+08:00,TAIFEX:CCF1!,98.8,99.3,98.5,99.3,121.0
2026-05-07 04:25:00+08:00,TAIFEX:CCF1!,99.3,99.4,99.0,99.0,50.0
2026-05-07 08:45:00+08:00,TAIFEX:CCF1!,98.5,100.0,94.0,98.7,13419.0
2026-05-07 09:45:00+08:00,TAIFEX:CCF1!,98.8,99.6,96.4,96.7,4962.0
2026-05-07 10:45:00+08:00,TAIFEX:CCF1!,96.8,97.6,95.7,97.5,3457.0
2026-05-07 11:45:00+08:00,TAIFEX:CCF1!,97.5,98.4,97.0,97.4,2222.0
2026-05-07 12:45:00+08:00,TAIFEX:CCF1!,97.4,97.9,96.9,97.7,1921.0
2026-05-07 17:25:00+08:00,TAIFEX:CCF1!,97.8,98.0,96.5,97.1,382.0
2026-05-07 18:25:00+08:00,TAIFEX:CCF1!,97.1,97.2,96.8,96.8,135.0
2026-05-07 19:25:00+08:00,TAIFEX:CCF1!,96.8,97.0,96.5,96.8,260.0
2026-05-07 20:25:00+08:00,TAIFEX:CCF1!,96.7,97.8,96.7,97.2,303.0
2026-05-07 21:25:00+08:00,TAIFEX:CCF1!,97.2,97.8,95.7,97.5,1346.0
2026-05-07 22:25:00+08:00,TAIFEX:CCF1!,97.6,97.8,97.0,97.4,635.0
2026-05-07 23:25:00+08:00,TAIFEX:CCF1!,97.4,97.8,96.0,96.6,885.0
2026-05-08 00:25:00+08:00,TAIFEX:CCF1!,96.7,96.9,95.4,96.0,433.0
2026-05-08 01:25:00+08:00,TAIFEX:CCF1!,96.2,96.5,95.6,96.1,222.0
2026-05-08 02:25:00+08:00,TAIFEX:CCF1!,96.1,96.1,95.7,95.9,50.0
2026-05-08 03:25:00+08:00,TAIFEX:CCF1!,95.8,96.6,95.8,96.3,60.0
2026-05-08 04:25:00+08:00,TAIFEX:CCF1!,96.3,96.4,95.7,95.8,33.0
2026-05-08 08:45:00+08:00,TAIFEX:CCF1!,96.5,99.8,94.5,95.3,9839.0
2026-05-08 09:45:00+08:00,TAIFEX:CCF1!,95.3,96.3,90.3,91.8,12575.0
2026-05-08 10:45:00+08:00,TAIFEX:CCF1!,91.9,92.6,91.3,92.4,3145.0
2026-05-08 11:45:00+08:00,TAIFEX:CCF1!,92.3,92.8,91.4,91.5,1960.0
2026-05-08 12:45:00+08:00,TAIFEX:CCF1!,91.4,92.7,91.4,91.8,2057.0
2026-05-08 17:25:00+08:00,TAIFEX:CCF1!,92.5,92.5,91.7,92.2,259.0
2026-05-08 18:25:00+08:00,TAIFEX:CCF1!,92.2,92.4,92.0,92.1,146.0
2026-05-08 19:25:00+08:00,TAIFEX:CCF1!,92.0,92.1,91.9,92.1,35.0
2026-05-08 20:25:00+08:00,TAIFEX:CCF1!,92.0,92.5,91.8,92.1,188.0
2026-05-08 21:25:00+08:00,TAIFEX:CCF1!,92.0,96.0,91.9,94.8,2106.0
2026-05-08 22:25:00+08:00,TAIFEX:CCF1!,94.8,95.8,94.3,95.2,788.0
2026-05-08 23:25:00+08:00,TAIFEX:CCF1!,95.1,95.3,94.7,95.0,333.0
2026-05-09 00:25:00+08:00,TAIFEX:CCF1!,95.0,96.3,94.8,95.9,542.0
2026-05-09 01:25:00+08:00,TAIFEX:CCF1!,95.9,97.2,95.9,96.9,487.0
2026-05-09 02:25:00+08:00,TAIFEX:CCF1!,96.9,97.2,96.1,97.0,202.0
2026-05-09 03:25:00+08:00,TAIFEX:CCF1!,97.0,97.4,96.6,96.6,175.0
2026-05-09 04:25:00+08:00,TAIFEX:CCF1!,96.6,97.0,96.5,96.6,82.0
2026-05-11 08:45:00+08:00,TAIFEX:CCF1!,96.4,97.0,92.6,95.8,6922.0
2026-05-11 09:45:00+08:00,TAIFEX:CCF1!,95.8,96.6,94.4,95.5,2778.0
2026-05-11 10:45:00+08:00,TAIFEX:CCF1!,95.6,96.3,94.9,95.4,1398.0
2026-05-11 11:45:00+08:00,TAIFEX:CCF1!,95.3,95.6,95.1,95.5,1100.0
2026-05-11 12:45:00+08:00,TAIFEX:CCF1!,95.5,96.6,95.4,96.2,3252.0
2026-05-11 17:25:00+08:00,TAIFEX:CCF1!,96.2,100.5,96.1,99.4,1251.0
2026-05-11 18:25:00+08:00,TAIFEX:CCF1!,99.3,101.0,99.1,100.5,665.0
2026-05-11 19:25:00+08:00,TAIFEX:CCF1!,100.5,101.0,99.9,100.5,314.0
2026-05-11 20:25:00+08:00,TAIFEX:CCF1!,100.5,101.0,100.0,100.5,373.0
2026-05-11 21:25:00+08:00,TAIFEX:CCF1!,100.0,101.0,97.5,99.3,1886.0
2026-05-11 22:25:00+08:00,TAIFEX:CCF1!,99.3,100.0,98.7,99.3,868.0
2026-05-11 23:25:00+08:00,TAIFEX:CCF1!,99.4,100.0,99.2,99.5,264.0
2026-05-12 00:25:00+08:00,TAIFEX:CCF1!,99.5,99.5,98.8,99.2,246.0
2026-05-12 01:25:00+08:00,TAIFEX:CCF1!,99.3,99.4,99.2,99.4,66.0
2026-05-12 02:25:00+08:00,TAIFEX:CCF1!,99.5,99.6,99.4,99.4,195.0
2026-05-12 03:25:00+08:00,TAIFEX:CCF1!,99.3,99.3,99.1,99.1,141.0
2026-05-12 04:25:00+08:00,TAIFEX:CCF1!,99.1,99.2,98.9,98.9,66.0
2026-05-12 08:45:00+08:00,TAIFEX:CCF1!,98.8,99.2,94.7,96.5,9715.0
2026-05-12 09:45:00+08:00,TAIFEX:CCF1!,96.5,102.5,96.5,102.5,17266.0
2026-05-12 10:45:00+08:00,TAIFEX:CCF1!,102.5,105.5,101.5,105.0,8896.0
2026-05-12 11:45:00+08:00,TAIFEX:CCF1!,105.0,105.5,104.5,105.5,1128.0
2026-05-12 12:45:00+08:00,TAIFEX:CCF1!,105.5,105.5,103.5,103.5,5622.0
2026-05-12 17:25:00+08:00,TAIFEX:CCF1!,103.5,105.5,102.0,105.5,1001.0
2026-05-12 18:25:00+08:00,TAIFEX:CCF1!,105.0,105.0,102.0,102.0,823.0
2026-05-12 19:25:00+08:00,TAIFEX:CCF1!,102.0,103.5,102.0,102.5,361.0
2026-05-12 20:25:00+08:00,TAIFEX:CCF1!,102.5,104.5,102.5,103.0,416.0
2026-05-12 21:25:00+08:00,TAIFEX:CCF1!,103.5,105.0,102.5,103.5,1548.0
2026-05-12 22:25:00+08:00,TAIFEX:CCF1!,103.5,103.5,100.5,100.5,2097.0
2026-05-12 23:25:00+08:00,TAIFEX:CCF1!,100.5,101.5,99.9,101.0,1560.0
2026-05-13 00:25:00+08:00,TAIFEX:CCF1!,100.5,101.5,99.8,101.0,753.0
2026-05-13 01:25:00+08:00,TAIFEX:CCF1!,100.5,101.0,100.5,101.0,134.0
2026-05-13 02:25:00+08:00,TAIFEX:CCF1!,101.5,102.5,101.0,102.0,451.0
2026-05-13 03:25:00+08:00,TAIFEX:CCF1!,102.5,103.0,101.5,102.5,246.0
2026-05-13 04:25:00+08:00,TAIFEX:CCF1!,102.5,103.0,102.5,102.5,47.0
2026-05-13 08:45:00+08:00,TAIFEX:CCF1!,101.5,103.0,97.1,98.3,17655.0
2026-05-13 09:45:00+08:00,TAIFEX:CCF1!,98.4,99.0,95.4,95.4,11236.0
2026-05-13 10:45:00+08:00,TAIFEX:CCF1!,95.4,99.4,95.0,99.2,11231.0
2026-05-13 11:45:00+08:00,TAIFEX:CCF1!,99.2,100.5,98.6,99.1,7618.0
2026-05-13 12:45:00+08:00,TAIFEX:CCF1!,99.1,100.5,98.6,99.6,3516.0
2026-05-13 17:25:00+08:00,TAIFEX:CCF1!,100.5,101.0,100.0,100.5,431.0
2026-05-13 18:25:00+08:00,TAIFEX:CCF1!,100.5,101.0,100.0,100.5,96.0
2026-05-13 19:25:00+08:00,TAIFEX:CCF1!,100.0,100.5,100.0,100.5,114.0
2026-05-13 20:25:00+08:00,TAIFEX:CCF1!,100.5,100.5,99.1,100.0,501.0
2026-05-13 21:25:00+08:00,TAIFEX:CCF1!,100.0,102.0,100.0,101.5,1408.0
2026-05-13 22:25:00+08:00,TAIFEX:CCF1!,101.5,101.5,100.5,101.5,527.0
2026-05-13 23:25:00+08:00,TAIFEX:CCF1!,101.5,102.0,101.0,101.5,183.0
2026-05-14 00:25:00+08:00,TAIFEX:CCF1!,101.5,102.0,101.0,102.0,419.0
2026-05-14 01:25:00+08:00,TAIFEX:CCF1!,102.0,102.5,101.5,102.0,50.0
2026-05-14 02:25:00+08:00,TAIFEX:CCF1!,102.0,102.0,101.5,101.5,13.0
2026-05-14 03:25:00+08:00,TAIFEX:CCF1!,102.0,102.0,101.5,101.5,33.0
2026-05-14 04:25:00+08:00,TAIFEX:CCF1!,101.5,101.5,101.5,101.5,20.0
2026-05-14 08:45:00+08:00,TAIFEX:CCF1!,102.5,108.5,99.3,106.0,13586.0
2026-05-14 09:45:00+08:00,TAIFEX:CCF1!,106.0,109.5,104.0,108.0,11385.0
2026-05-14 10:45:00+08:00,TAIFEX:CCF1!,108.0,109.5,107.5,109.5,3965.0
2026-05-14 11:45:00+08:00,TAIFEX:CCF1!,109.5,109.5,109.0,109.5,843.0
2026-05-14 12:45:00+08:00,TAIFEX:CCF1!,109.5,109.5,109.5,109.5,298.0
2026-05-14 17:25:00+08:00,TAIFEX:CCF1!,111.5,112.5,111.0,111.5,793.0
2026-05-14 18:25:00+08:00,TAIFEX:CCF1!,111.5,112.0,111.5,111.5,117.0
2026-05-14 19:25:00+08:00,TAIFEX:CCF1!,111.5,112.5,111.5,112.5,413.0
2026-05-14 20:25:00+08:00,TAIFEX:CCF1!,112.5,112.5,111.0,111.0,268.0
2026-05-14 21:25:00+08:00,TAIFEX:CCF1!,111.0,111.0,108.0,110.0,1840.0
2026-05-14 22:25:00+08:00,TAIFEX:CCF1!,109.5,110.5,109.0,110.5,781.0
2026-05-14 23:25:00+08:00,TAIFEX:CCF1!,110.5,111.0,110.0,110.5,471.0
2026-05-15 00:25:00+08:00,TAIFEX:CCF1!,110.5,112.0,110.5,110.5,873.0
2026-05-15 01:25:00+08:00,TAIFEX:CCF1!,110.5,111.5,110.5,111.0,238.0
2026-05-15 02:25:00+08:00,TAIFEX:CCF1!,111.0,111.5,110.5,111.5,31.0
2026-05-15 03:25:00+08:00,TAIFEX:CCF1!,111.5,111.5,110.5,111.0,42.0
2026-05-15 04:25:00+08:00,TAIFEX:CCF1!,111.5,111.5,111.0,111.0,7.0
2026-05-15 08:45:00+08:00,TAIFEX:CCF1!,113.0,118.0,111.5,116.0,18575.0
2026-05-15 09:45:00+08:00,TAIFEX:CCF1!,116.0,117.0,113.0,115.0,8373.0
2026-05-15 10:45:00+08:00,TAIFEX:CCF1!,115.5,115.5,111.5,113.0,5267.0
2026-05-15 11:45:00+08:00,TAIFEX:CCF1!,113.5,114.0,109.5,110.5,4057.0
2026-05-15 12:45:00+08:00,TAIFEX:CCF1!,110.5,111.5,109.0,109.0,5737.0
2026-05-15 17:25:00+08:00,TAIFEX:CCF1!,108.5,110.5,108.0,110.0,614.0
2026-05-15 18:25:00+08:00,TAIFEX:CCF1!,110.5,113.5,110.0,113.0,835.0
2026-05-15 19:25:00+08:00,TAIFEX:CCF1!,112.5,112.5,110.5,110.5,615.0
2026-05-15 20:25:00+08:00,TAIFEX:CCF1!,111.0,111.5,110.5,110.5,288.0
2026-05-15 21:25:00+08:00,TAIFEX:CCF1!,111.0,111.5,109.0,110.5,1076.0
2026-05-15 22:25:00+08:00,TAIFEX:CCF1!,110.5,111.5,110.5,111.5,547.0
2026-05-15 23:25:00+08:00,TAIFEX:CCF1!,111.5,112.0,110.5,111.0,253.0
2026-05-16 00:25:00+08:00,TAIFEX:CCF1!,111.0,112.0,111.0,112.0,90.0
2026-05-16 01:25:00+08:00,TAIFEX:CCF1!,112.0,112.5,112.0,112.0,244.0
2026-05-16 02:25:00+08:00,TAIFEX:CCF1!,112.0,112.0,111.0,111.5,118.0
2026-05-16 03:25:00+08:00,TAIFEX:CCF1!,111.0,111.5,110.5,111.0,182.0
2026-05-16 04:25:00+08:00,TAIFEX:CCF1!,111.0,111.5,110.5,110.5,31.0
2026-05-18 08:45:00+08:00,TAIFEX:CCF1!,106.0,111.5,103.5,111.0,7320.0
2026-05-18 09:45:00+08:00,TAIFEX:CCF1!,111.0,114.0,109.0,113.5,6218.0
2026-05-18 10:45:00+08:00,TAIFEX:CCF1!,113.5,114.0,111.5,113.0,2745.0
2026-05-18 11:45:00+08:00,TAIFEX:CCF1!,113.0,113.5,110.5,112.0,3791.0
2026-05-18 12:45:00+08:00,TAIFEX:CCF1!,112.5,113.5,112.0,112.5,2135.0
2026-05-18 17:25:00+08:00,TAIFEX:CCF1!,114.5,114.5,113.0,113.5,277.0
2026-05-18 18:25:00+08:00,TAIFEX:CCF1!,113.5,114.0,113.5,114.0,162.0
2026-05-18 19:25:00+08:00,TAIFEX:CCF1!,114.0,115.5,114.0,115.0,205.0
2026-05-18 20:25:00+08:00,TAIFEX:CCF1!,115.0,116.0,115.0,116.0,403.0
2026-05-18 21:25:00+08:00,TAIFEX:CCF1!,116.0,116.0,113.5,114.0,872.0
2026-05-18 22:25:00+08:00,TAIFEX:CCF1!,114.0,114.0,111.0,111.5,1099.0
2026-05-18 23:25:00+08:00,TAIFEX:CCF1!,111.5,112.0,111.0,111.5,486.0
2026-05-19 00:25:00+08:00,TAIFEX:CCF1!,111.0,111.5,110.5,111.0,267.0
2026-05-19 01:25:00+08:00,TAIFEX:CCF1!,111.5,111.5,110.5,111.0,70.0
2026-05-19 02:25:00+08:00,TAIFEX:CCF1!,111.0,112.0,111.0,111.5,108.0
2026-05-19 03:25:00+08:00,TAIFEX:CCF1!,111.0,112.0,111.0,112.0,50.0
2026-05-19 04:25:00+08:00,TAIFEX:CCF1!,112.0,112.0,111.5,111.5,8.0
2026-05-19 08:45:00+08:00,TAIFEX:CCF1!,113.5,120.5,112.0,120.0,12631.0
2026-05-19 09:45:00+08:00,TAIFEX:CCF1!,120.0,120.5,114.5,115.5,7812.0
2026-05-19 10:45:00+08:00,TAIFEX:CCF1!,116.0,116.5,114.0,115.0,1536.0
2026-05-19 11:45:00+08:00,TAIFEX:CCF1!,115.0,115.0,112.5,113.0,3091.0
2026-05-19 12:45:00+08:00,TAIFEX:CCF1!,113.5,114.0,112.5,114.0,1380.0
2026-05-19 17:25:00+08:00,TAIFEX:CCF1!,113.5,114.0,111.5,113.5,226.0
2026-05-19 18:25:00+08:00,TAIFEX:CCF1!,113.5,115.0,113.5,114.0,130.0
2026-05-19 19:25:00+08:00,TAIFEX:CCF1!,114.0,114.5,112.0,112.5,324.0
2026-05-19 20:25:00+08:00,TAIFEX:CCF1!,112.5,113.0,112.5,112.5,77.0
2026-05-19 21:25:00+08:00,TAIFEX:CCF1!,112.5,115.5,112.5,113.0,1077.0
2026-05-19 22:25:00+08:00,TAIFEX:CCF1!,113.0,115.0,113.0,114.0,419.0
2026-05-19 23:25:00+08:00,TAIFEX:CCF1!,114.0,115.5,114.0,115.5,178.0
2026-05-20 00:25:00+08:00,TAIFEX:CCF1!,115.5,117.5,115.5,117.0,616.0
2026-05-20 01:25:00+08:00,TAIFEX:CCF1!,117.0,117.0,116.0,116.0,143.0
2026-05-20 02:25:00+08:00,TAIFEX:CCF1!,116.0,116.0,115.0,115.0,143.0
2026-05-20 03:25:00+08:00,TAIFEX:CCF1!,115.0,115.0,114.5,115.0,38.0
2026-05-20 04:25:00+08:00,TAIFEX:CCF1!,115.5,115.5,115.5,115.5,15.0
2026-05-20 08:45:00+08:00,TAIFEX:CCF1!,117.5,117.5,109.5,111.5,9684.0
2026-05-20 09:45:00+08:00,TAIFEX:CCF1!,111.0,112.5,109.5,109.5,5033.0
2026-05-20 10:45:00+08:00,TAIFEX:CCF1!,109.5,111.0,109.5,110.0,1858.0
2026-05-20 11:45:00+08:00,TAIFEX:CCF1!,110.0,110.5,108.0,108.5,3463.0
2026-05-20 12:45:00+08:00,TAIFEX:CCF1!,108.0,109.5,107.5,109.0,3651.0
2026-05-20 17:25:00+08:00,TAIFEX:CCF1!,111.5,113.5,111.5,113.5,1126.0
2026-05-20 18:25:00+08:00,TAIFEX:CCF1!,113.5,114.0,113.5,113.5,147.0
2026-05-20 19:25:00+08:00,TAIFEX:CCF1!,113.5,114.0,113.5,113.5,75.0
2026-05-20 20:25:00+08:00,TAIFEX:CCF1!,113.5,114.0,113.0,113.5,170.0
2026-05-20 21:25:00+08:00,TAIFEX:CCF1!,113.0,113.5,111.5,113.5,1152.0
2026-05-20 22:25:00+08:00,TAIFEX:CCF1!,113.5,113.5,112.5,113.5,432.0
2026-05-20 23:25:00+08:00,TAIFEX:CCF1!,113.5,114.0,113.0,113.0,234.0
2026-05-21 00:25:00+08:00,TAIFEX:CCF1!,113.0,114.0,113.0,113.5,192.0
2026-05-21 01:25:00+08:00,TAIFEX:CCF1!,113.5,113.5,113.5,113.5,18.0
2026-05-21 02:25:00+08:00,TAIFEX:CCF1!,114.0,114.0,113.5,114.0,42.0
2026-05-21 03:25:00+08:00,TAIFEX:CCF1!,113.5,114.0,113.5,113.5,19.0
2026-05-21 04:25:00+08:00,TAIFEX:CCF1!,113.5,114.0,113.5,114.0,44.0
2026-05-21 08:45:00+08:00,TAIFEX:CCF1!,113.5,116.0,113.0,113.5,5402.0
2026-05-21 09:45:00+08:00,TAIFEX:CCF1!,113.5,116.0,113.5,115.0,4294.0
2026-05-21 10:45:00+08:00,TAIFEX:CCF1!,115.0,119.5,115.0,117.5,9291.0
2026-05-21 11:45:00+08:00,TAIFEX:CCF1!,117.5,118.0,116.5,117.0,2773.0
2026-05-21 12:45:00+08:00,TAIFEX:CCF1!,117.5,118.0,116.0,117.0,1728.0
2026-05-21 17:25:00+08:00,TAIFEX:CCF1!,117.5,118.0,116.5,117.5,264.0
2026-05-21 18:25:00+08:00,TAIFEX:CCF1!,117.0,117.0,116.0,117.0,254.0
2026-05-21 19:25:00+08:00,TAIFEX:CCF1!,117.0,117.0,116.5,117.0,52.0
2026-05-21 20:25:00+08:00,TAIFEX:CCF1!,116.5,117.0,116.0,116.0,131.0
2026-05-21 21:25:00+08:00,TAIFEX:CCF1!,116.0,118.0,116.0,117.0,834.0
2026-05-21 22:25:00+08:00,TAIFEX:CCF1!,117.0,118.0,116.5,117.5,406.0
2026-05-21 23:25:00+08:00,TAIFEX:CCF1!,117.0,117.5,117.0,117.0,122.0
2026-05-22 00:25:00+08:00,TAIFEX:CCF1!,117.5,118.0,117.0,118.0,113.0
2026-05-22 01:25:00+08:00,TAIFEX:CCF1!,118.0,119.5,117.5,119.0,420.0
2026-05-22 02:25:00+08:00,TAIFEX:CCF1!,119.0,119.5,118.0,118.5,163.0
2026-05-22 03:25:00+08:00,TAIFEX:CCF1!,118.5,118.5,118.0,118.5,67.0
2026-05-22 04:25:00+08:00,TAIFEX:CCF1!,118.5,119.0,118.0,119.0,42.0
2026-05-22 08:45:00+08:00,TAIFEX:CCF1!,119.0,119.5,114.0,115.5,9496.0
2026-05-22 09:45:00+08:00,TAIFEX:CCF1!,115.5,118.5,115.0,116.0,5027.0
2026-05-22 10:45:00+08:00,TAIFEX:CCF1!,116.0,116.0,113.5,114.5,4590.0
2026-05-22 11:45:00+08:00,TAIFEX:CCF1!,115.0,117.0,114.5,116.5,3670.0
2026-05-22 12:45:00+08:00,TAIFEX:CCF1!,116.5,117.0,115.0,116.0,2599.0
2026-05-22 17:25:00+08:00,TAIFEX:CCF1!,115.5,115.5,114.5,115.0,249.0
2026-05-22 18:25:00+08:00,TAIFEX:CCF1!,114.5,115.0,114.5,114.5,125.0
2026-05-22 19:25:00+08:00,TAIFEX:CCF1!,114.5,116.0,114.5,115.5,205.0
2026-05-22 20:25:00+08:00,TAIFEX:CCF1!,116.0,116.5,115.5,116.0,123.0
2026-05-22 21:25:00+08:00,TAIFEX:CCF1!,116.0,116.5,115.5,115.5,460.0
2026-05-22 22:25:00+08:00,TAIFEX:CCF1!,116.0,116.5,116.0,116.5,151.0
2026-05-22 23:25:00+08:00,TAIFEX:CCF1!,116.5,117.0,116.0,116.5,160.0
2026-05-23 00:25:00+08:00,TAIFEX:CCF1!,116.5,116.5,116.5,116.5,85.0
2026-05-23 01:25:00+08:00,TAIFEX:CCF1!,116.5,117.0,116.5,116.5,518.0
2026-05-23 02:25:00+08:00,TAIFEX:CCF1!,116.5,116.5,116.0,116.5,159.0
2026-05-23 03:25:00+08:00,TAIFEX:CCF1!,116.5,116.5,116.0,116.5,5.0
2026-05-23 04:25:00+08:00,TAIFEX:CCF1!,116.0,116.5,116.0,116.0,15.0
2026-05-25 08:45:00+08:00,TAIFEX:CCF1!,117.0,123.5,114.5,121.0,15358.0
2026-05-25 09:45:00+08:00,TAIFEX:CCF1!,121.0,127.5,120.5,127.5,6836.0
2026-05-25 10:45:00+08:00,TAIFEX:CCF1!,127.5,127.5,124.5,127.5,9257.0
2026-05-25 11:45:00+08:00,TAIFEX:CCF1!,127.5,127.5,127.5,127.5,161.0
2026-05-25 12:45:00+08:00,TAIFEX:CCF1!,127.5,127.5,127.5,127.5,45.0
2026-05-25 17:25:00+08:00,TAIFEX:CCF1!,131.0,134.0,130.5,134.0,713.0
2026-05-25 18:25:00+08:00,TAIFEX:CCF1!,134.0,139.0,134.0,137.5,1277.0
2026-05-25 19:25:00+08:00,TAIFEX:CCF1!,137.0,138.0,136.0,137.0,682.0
2026-05-25 20:25:00+08:00,TAIFEX:CCF1!,137.0,137.0,136.0,136.5,286.0
2026-05-25 21:25:00+08:00,TAIFEX:CCF1!,136.5,137.5,136.0,137.0,377.0
2026-05-25 22:25:00+08:00,TAIFEX:CCF1!,137.0,137.5,136.0,136.5,284.0
2026-05-25 23:25:00+08:00,TAIFEX:CCF1!,136.5,136.5,135.0,136.0,290.0
2026-05-26 00:25:00+08:00,TAIFEX:CCF1!,136.0,136.5,136.0,136.5,79.0
2026-05-26 01:25:00+08:00,TAIFEX:CCF1!,136.5,136.5,136.0,136.0,32.0
2026-05-26 02:25:00+08:00,TAIFEX:CCF1!,136.0,136.5,136.0,136.5,16.0
2026-05-26 03:25:00+08:00,TAIFEX:CCF1!,136.5,137.0,136.0,136.0,61.0
2026-05-26 04:25:00+08:00,TAIFEX:CCF1!,136.5,136.5,136.5,136.5,22.0
2026-05-26 08:45:00+08:00,TAIFEX:CCF1!,136.5,137.5,130.5,132.5,12271.0
2026-05-26 09:45:00+08:00,TAIFEX:CCF1!,132.5,134.5,130.5,133.0,6203.0
2026-05-26 10:45:00+08:00,TAIFEX:CCF1!,133.0,133.5,131.5,132.5,3532.0
2026-05-26 11:45:00+08:00,TAIFEX:CCF1!,132.0,133.0,130.5,131.0,5013.0
2026-05-26 12:45:00+08:00,TAIFEX:CCF1!,131.0,134.0,130.0,133.5,5077.0
2026-05-26 17:25:00+08:00,TAIFEX:CCF1!,134.5,136.0,134.0,136.0,731.0
2026-05-26 18:25:00+08:00,TAIFEX:CCF1!,136.0,136.5,135.5,135.5,473.0
2026-05-26 19:25:00+08:00,TAIFEX:CCF1!,135.5,136.0,135.0,135.5,196.0
2026-05-26 20:25:00+08:00,TAIFEX:CCF1!,135.5,136.0,135.5,135.5,206.0
2026-05-26 21:25:00+08:00,TAIFEX:CCF1!,135.5,138.5,134.0,138.5,2534.0
2026-05-26 22:25:00+08:00,TAIFEX:CCF1!,138.5,139.0,136.5,137.5,1329.0
2026-05-26 23:25:00+08:00,TAIFEX:CCF1!,137.5,137.5,135.5,137.0,804.0
2026-05-27 00:25:00+08:00,TAIFEX:CCF1!,137.0,137.0,136.0,136.0,382.0
2026-05-27 01:25:00+08:00,TAIFEX:CCF1!,136.0,136.5,135.5,136.0,135.0
2026-05-27 02:25:00+08:00,TAIFEX:CCF1!,136.0,136.5,136.0,136.5,201.0
2026-05-27 03:25:00+08:00,TAIFEX:CCF1!,136.5,137.0,136.0,136.5,260.0
2026-05-27 04:25:00+08:00,TAIFEX:CCF1!,136.5,137.0,136.5,136.5,92.0
2026-05-27 08:45:00+08:00,TAIFEX:CCF1!,138.5,146.5,137.5,145.5,17362.0
2026-05-27 09:45:00+08:00,TAIFEX:CCF1!,145.5,146.5,144.0,146.5,2912.0
2026-05-27 10:45:00+08:00,TAIFEX:CCF1!,146.5,146.5,146.5,146.5,59.0
2026-05-27 11:45:00+08:00,TAIFEX:CCF1!,146.5,146.5,144.5,146.5,9840.0
2026-05-27 12:45:00+08:00,TAIFEX:CCF1!,146.5,146.5,146.5,146.5,194.0
2026-05-27 17:25:00+08:00,TAIFEX:CCF1!,151.0,156.0,150.5,154.5,2132.0
2026-05-27 18:25:00+08:00,TAIFEX:CCF1!,154.5,156.0,153.5,155.5,1280.0
2026-05-27 19:25:00+08:00,TAIFEX:CCF1!,155.5,155.5,154.5,155.0,739.0
2026-05-27 20:25:00+08:00,TAIFEX:CCF1!,155.0,156.5,154.5,156.0,993.0
2026-05-27 21:25:00+08:00,TAIFEX:CCF1!,156.0,156.0,144.0,144.5,6958.0
2026-05-27 22:25:00+08:00,TAIFEX:CCF1!,144.5,146.5,142.0,144.0,2852.0
2026-05-27 23:25:00+08:00,TAIFEX:CCF1!,144.5,146.5,143.5,146.0,1016.0
2026-05-28 00:25:00+08:00,TAIFEX:CCF1!,146.0,147.0,144.5,146.0,520.0
2026-05-28 01:25:00+08:00,TAIFEX:CCF1!,146.0,146.0,144.0,145.5,348.0
2026-05-28 02:25:00+08:00,TAIFEX:CCF1!,145.0,146.5,145.0,146.0,402.0
2026-05-28 03:25:00+08:00,TAIFEX:CCF1!,146.0,146.5,145.0,146.0,313.0
2026-05-28 04:25:00+08:00,TAIFEX:CCF1!,146.0,147.0,145.5,146.5,111.0
2026-05-28 08:45:00+08:00,TAIFEX:CCF1!,147.5,148.5,142.5,147.0,11796.0
2026-05-28 09:45:00+08:00,TAIFEX:CCF1!,147.5,154.0,147.0,150.0,13722.0
2026-05-28 10:45:00+08:00,TAIFEX:CCF1!,150.0,153.0,140.5,143.0,16169.0
2026-05-28 11:45:00+08:00,TAIFEX:CCF1!,143.0,145.5,139.0,142.5,9558.0
2026-05-28 12:45:00+08:00,TAIFEX:CCF1!,143.0,146.0,140.5,145.5,4699.0
2026-05-28 17:25:00+08:00,TAIFEX:CCF1!,147.0,147.5,146.5,146.5,724.0
2026-05-28 18:25:00+08:00,TAIFEX:CCF1!,147.0,147.0,144.5,146.0,281.0
2026-05-28 19:25:00+08:00,TAIFEX:CCF1!,145.5,147.0,145.5,146.0,284.0
2026-05-28 20:25:00+08:00,TAIFEX:CCF1!,145.5,148.0,145.5,147.5,624.0
2026-05-28 21:25:00+08:00,TAIFEX:CCF1!,147.5,148.0,143.5,146.0,2600.0
2026-05-28 22:25:00+08:00,TAIFEX:CCF1!,146.0,148.5,146.0,148.5,802.0
2026-05-28 23:25:00+08:00,TAIFEX:CCF1!,148.5,149.0,148.0,149.0,598.0
2026-05-29 00:25:00+08:00,TAIFEX:CCF1!,149.0,150.5,148.5,150.5,416.0
2026-05-29 01:25:00+08:00,TAIFEX:CCF1!,150.5,151.0,149.5,150.5,364.0
2026-05-29 02:25:00+08:00,TAIFEX:CCF1!,150.0,150.5,149.5,150.0,65.0
2026-05-29 03:25:00+08:00,TAIFEX:CCF1!,150.0,150.0,148.5,149.5,189.0
2026-05-29 04:25:00+08:00,TAIFEX:CCF1!,149.5,151.0,149.0,150.5,95.0
2026-05-29 08:45:00+08:00,TAIFEX:CCF1!,150.5,153.0,139.0,141.5,14733.0
2026-05-29 09:45:00+08:00,TAIFEX:CCF1!,141.5,144.5,139.5,143.0,5985.0
2026-05-29 10:45:00+08:00,TAIFEX:CCF1!,143.0,145.5,142.0,144.5,4959.0
2026-05-29 11:45:00+08:00,TAIFEX:CCF1!,144.5,147.0,144.0,146.0,2372.0
2026-05-29 12:45:00+08:00,TAIFEX:CCF1!,146.0,148.5,145.5,147.5,6206.0
2026-05-29 17:25:00+08:00,TAIFEX:CCF1!,148.5,149.0,146.0,147.0,999.0
2026-05-29 18:25:00+08:00,TAIFEX:CCF1!,147.0,148.0,146.5,148.0,243.0
2026-05-29 19:25:00+08:00,TAIFEX:CCF1!,148.0,148.0,146.5,147.5,208.0
2026-05-29 20:25:00+08:00,TAIFEX:CCF1!,147.5,148.5,147.5,148.0,305.0
2026-05-29 21:25:00+08:00,TAIFEX:CCF1!,148.0,148.0,145.0,145.0,1076.0
2026-05-29 22:25:00+08:00,TAIFEX:CCF1!,145.0,145.5,143.0,145.0,1198.0
2026-05-29 23:25:00+08:00,TAIFEX:CCF1!,145.0,146.0,144.0,145.0,469.0
2026-05-30 00:25:00+08:00,TAIFEX:CCF1!,145.0,145.5,145.0,145.5,66.0
2026-05-30 01:25:00+08:00,TAIFEX:CCF1!,145.5,145.5,144.5,145.0,67.0
2026-05-30 02:25:00+08:00,TAIFEX:CCF1!,145.5,145.5,144.5,144.5,20.0
2026-05-30 03:25:00+08:00,TAIFEX:CCF1!,145.0,145.5,144.5,145.0,57.0
2026-05-30 04:25:00+08:00,TAIFEX:CCF1!,145.5,145.5,145.0,145.5,123.0
2026-06-01 08:45:00+08:00,TAIFEX:CCF1!,146.5,151.0,143.5,147.5,8443.0
2026-06-01 09:45:00+08:00,TAIFEX:CCF1!,147.5,158.5,147.5,151.0,17718.0
2026-06-01 10:45:00+08:00,TAIFEX:CCF1!,151.0,151.5,148.5,149.0,5108.0
2026-06-01 11:45:00+08:00,TAIFEX:CCF1!,149.0,150.0,148.5,149.5,2035.0
2026-06-01 12:45:00+08:00,TAIFEX:CCF1!,149.0,149.5,148.0,149.0,2394.0
2026-06-01 17:25:00+08:00,TAIFEX:CCF1!,149.5,151.0,148.0,149.5,672.0
2026-06-01 18:25:00+08:00,TAIFEX:CCF1!,149.5,150.5,149.5,150.5,180.0
2026-06-01 19:25:00+08:00,TAIFEX:CCF1!,150.5,150.5,148.5,150.0,438.0
2026-06-01 20:25:00+08:00,TAIFEX:CCF1!,149.5,150.0,148.0,148.0,489.0
2026-06-01 21:25:00+08:00,TAIFEX:CCF1!,147.5,148.5,145.0,147.0,2273.0
2026-06-01 22:25:00+08:00,TAIFEX:CCF1!,147.0,149.0,146.5,149.0,955.0
2026-06-01 23:25:00+08:00,TAIFEX:CCF1!,149.0,149.5,148.0,149.0,276.0
2026-06-02 00:25:00+08:00,TAIFEX:CCF1!,149.0,151.0,148.5,150.0,696.0
2026-06-02 01:25:00+08:00,TAIFEX:CCF1!,150.0,150.5,150.0,150.0,182.0
2026-06-02 02:25:00+08:00,TAIFEX:CCF1!,150.0,150.0,150.0,150.0,95.0
2026-06-02 03:25:00+08:00,TAIFEX:CCF1!,149.5,150.0,149.5,150.0,127.0
2026-06-02 04:25:00+08:00,TAIFEX:CCF1!,150.0,150.0,149.5,149.5,51.0
2026-06-02 08:45:00+08:00,TAIFEX:CCF1!,149.5,151.0,141.5,143.5,11604.0
2026-06-02 09:45:00+08:00,TAIFEX:CCF1!,143.0,145.0,141.5,141.5,5207.0
2026-06-02 10:45:00+08:00,TAIFEX:CCF1!,141.5,141.5,134.5,138.0,13602.0
2026-06-02 11:45:00+08:00,TAIFEX:CCF1!,138.5,141.5,138.0,140.0,6096.0
2026-06-02 12:45:00+08:00,TAIFEX:CCF1!,140.0,144.0,140.0,143.0,4735.0
2026-06-02 17:25:00+08:00,TAIFEX:CCF1!,144.0,144.5,143.0,143.5,384.0
2026-06-02 18:25:00+08:00,TAIFEX:CCF1!,144.0,144.0,143.5,143.5,106.0
2026-06-02 19:25:00+08:00,TAIFEX:CCF1!,143.0,144.0,143.0,144.0,242.0
2026-06-02 20:25:00+08:00,TAIFEX:CCF1!,144.0,145.0,143.5,144.5,409.0
2026-06-02 21:25:00+08:00,TAIFEX:CCF1!,144.5,144.5,143.0,143.0,1150.0
2026-06-02 22:25:00+08:00,TAIFEX:CCF1!,142.5,143.5,141.5,143.5,529.0
2026-06-02 23:25:00+08:00,TAIFEX:CCF1!,143.5,144.5,143.5,144.0,443.0
2026-06-03 00:25:00+08:00,TAIFEX:CCF1!,144.0,144.0,143.5,143.5,16.0
2026-06-03 01:25:00+08:00,TAIFEX:CCF1!,143.5,144.0,143.5,144.0,144.0
2026-06-03 02:25:00+08:00,TAIFEX:CCF1!,144.0,144.0,143.5,144.0,157.0
2026-06-03 03:25:00+08:00,TAIFEX:CCF1!,144.0,144.5,144.0,144.0,57.0
2026-06-03 04:25:00+08:00,TAIFEX:CCF1!,144.0,144.5,144.0,144.0,48.0
2026-06-03 08:45:00+08:00,TAIFEX:CCF1!,143.0,143.5,136.5,137.5,11713.0
2026-06-03 09:45:00+08:00,TAIFEX:CCF1!,137.5,138.0,134.5,134.5,6843.0
2026-06-03 10:45:00+08:00,TAIFEX:CCF1!,135.0,136.5,134.0,134.5,7961.0
2026-06-03 11:45:00+08:00,TAIFEX:CCF1!,134.5,136.0,133.5,133.5,4771.0
2026-06-03 12:45:00+08:00,TAIFEX:CCF1!,133.5,134.5,132.0,134.0,5418.0
2026-06-03 17:25:00+08:00,TAIFEX:CCF1!,133.5,134.5,133.0,134.0,304.0
2026-06-03 18:25:00+08:00,TAIFEX:CCF1!,134.5,135.0,134.0,134.5,112.0
2026-06-03 19:25:00+08:00,TAIFEX:CCF1!,134.5,134.5,133.0,133.5,352.0
2026-06-03 20:25:00+08:00,TAIFEX:CCF1!,133.5,133.5,132.5,133.0,181.0
2026-06-03 21:25:00+08:00,TAIFEX:CCF1!,133.0,135.5,130.5,134.5,2258.0
2026-06-03 22:25:00+08:00,TAIFEX:CCF1!,134.5,135.0,133.5,133.5,301.0
2026-06-03 23:25:00+08:00,TAIFEX:CCF1!,134.0,135.0,134.0,134.5,519.0
2026-06-04 00:25:00+08:00,TAIFEX:CCF1!,135.0,135.0,133.0,133.0,1289.0
2026-06-04 01:25:00+08:00,TAIFEX:CCF1!,133.0,135.0,133.0,135.0,690.0
2026-06-04 02:25:00+08:00,TAIFEX:CCF1!,135.0,135.5,134.5,135.5,210.0
2026-06-04 03:25:00+08:00,TAIFEX:CCF1!,134.5,136.0,134.5,135.0,402.0
2026-06-04 04:25:00+08:00,TAIFEX:CCF1!,134.5,134.5,133.0,134.0,127.0
2026-06-04 08:45:00+08:00,TAIFEX:CCF1!,131.5,133.0,127.0,127.5,14812.0
2026-06-04 09:45:00+08:00,TAIFEX:CCF1!,127.5,129.0,123.5,124.0,12470.0
2026-06-04 10:45:00+08:00,TAIFEX:CCF1!,124.0,129.0,124.0,126.5,11566.0
2026-06-04 11:45:00+08:00,TAIFEX:CCF1!,126.5,127.0,125.5,126.0,4619.0
2026-06-04 12:45:00+08:00,TAIFEX:CCF1!,126.0,127.0,126.0,127.0,5055.0
2026-06-04 17:25:00+08:00,TAIFEX:CCF1!,121.0,125.0,121.0,123.5,615.0
2026-06-04 18:25:00+08:00,TAIFEX:CCF1!,123.5,125.0,123.0,125.0,282.0
2026-06-04 19:25:00+08:00,TAIFEX:CCF1!,124.5,126.5,124.0,125.5,511.0
2026-06-04 20:25:00+08:00,TAIFEX:CCF1!,125.5,126.0,125.0,125.5,171.0
2026-06-04 21:25:00+08:00,TAIFEX:CCF1!,125.0,128.5,124.5,127.0,2020.0
2026-06-04 22:25:00+08:00,TAIFEX:CCF1!,127.5,130.5,127.0,129.5,1272.0
2026-06-04 23:25:00+08:00,TAIFEX:CCF1!,129.5,130.0,128.5,129.5,299.0
2026-06-05 00:25:00+08:00,TAIFEX:CCF1!,129.5,130.0,129.0,129.5,116.0
2026-06-05 01:25:00+08:00,TAIFEX:CCF1!,129.5,131.0,129.5,130.5,543.0
2026-06-05 02:25:00+08:00,TAIFEX:CCF1!,131.0,131.0,130.0,130.0,115.0
2026-06-05 03:25:00+08:00,TAIFEX:CCF1!,130.5,130.5,129.0,129.0,141.0
2026-06-05 04:25:00+08:00,TAIFEX:CCF1!,129.0,129.0,128.0,128.0,155.0
2026-06-05 08:45:00+08:00,TAIFEX:CCF1!,126.0,134.0,125.0,132.0,22267.0
2026-06-05 09:45:00+08:00,TAIFEX:CCF1!,132.0,134.0,129.5,132.5,8432.0
2026-06-05 10:45:00+08:00,TAIFEX:CCF1!,132.5,135.0,131.0,131.5,7404.0
2026-06-05 11:45:00+08:00,TAIFEX:CCF1!,131.0,131.5,129.5,130.5,5026.0
2026-06-05 12:45:00+08:00,TAIFEX:CCF1!,130.5,134.0,130.5,133.5,4175.0
2026-06-05 17:25:00+08:00,TAIFEX:CCF1!,134.0,137.5,134.0,137.5,730.0
2026-06-05 18:25:00+08:00,TAIFEX:CCF1!,137.0,137.0,135.0,135.0,552.0
2026-06-05 19:25:00+08:00,TAIFEX:CCF1!,135.5,136.0,134.5,134.5,256.0
2026-06-05 20:25:00+08:00,TAIFEX:CCF1!,134.5,135.5,133.5,134.0,422.0
2026-06-05 21:25:00+08:00,TAIFEX:CCF1!,133.5,133.5,129.5,130.5,2097.0
2026-06-05 22:25:00+08:00,TAIFEX:CCF1!,130.5,132.5,130.0,130.5,975.0
2026-06-05 23:25:00+08:00,TAIFEX:CCF1!,130.5,130.5,128.5,129.0,967.0
2026-06-06 00:25:00+08:00,TAIFEX:CCF1!,129.0,129.5,128.0,129.0,546.0
2026-06-06 01:25:00+08:00,TAIFEX:CCF1!,129.0,130.5,128.5,129.0,479.0
2026-06-06 02:25:00+08:00,TAIFEX:CCF1!,128.5,128.5,124.0,124.0,1475.0
2026-06-06 03:25:00+08:00,TAIFEX:CCF1!,124.5,125.0,120.5,120.5,1722.0
2026-06-06 04:25:00+08:00,TAIFEX:CCF1!,120.5,124.5,120.5,123.0,681.0
2026-06-08 08:45:00+08:00,TAIFEX:CCF1!,122.0,125.0,120.5,123.5,14930.0
2026-06-08 09:45:00+08:00,TAIFEX:CCF1!,124.0,125.5,121.5,122.0,12100.0
2026-06-08 10:45:00+08:00,TAIFEX:CCF1!,122.0,122.5,121.0,122.0,6468.0
2026-06-08 11:45:00+08:00,TAIFEX:CCF1!,122.0,122.0,120.5,120.5,4127.0
2026-06-08 12:45:00+08:00,TAIFEX:CCF1!,120.5,122.5,120.5,120.5,5914.0
2026-06-08 17:25:00+08:00,TAIFEX:CCF1!,124.0,125.5,123.5,124.5,804.0
2026-06-08 18:25:00+08:00,TAIFEX:CCF1!,124.0,126.0,124.0,126.0,538.0
2026-06-08 19:25:00+08:00,TAIFEX:CCF1!,126.0,126.5,125.5,126.0,628.0
2026-06-08 20:25:00+08:00,TAIFEX:CCF1!,126.0,128.5,125.5,128.5,809.0
2026-06-08 21:25:00+08:00,TAIFEX:CCF1!,128.5,128.5,124.5,124.5,1542.0
2026-06-08 22:25:00+08:00,TAIFEX:CCF1!,124.5,129.5,124.5,129.0,1704.0
2026-06-08 23:25:00+08:00,TAIFEX:CCF1!,129.0,129.0,127.0,128.0,561.0
2026-06-09 00:25:00+08:00,TAIFEX:CCF1!,127.5,127.5,126.0,126.5,265.0
2026-06-09 01:25:00+08:00,TAIFEX:CCF1!,126.5,128.0,126.5,127.0,109.0
2026-06-09 02:25:00+08:00,TAIFEX:CCF1!,127.5,127.5,126.0,126.0,129.0
2026-06-09 03:25:00+08:00,TAIFEX:CCF1!,126.5,127.0,126.5,126.5,34.0
2026-06-09 04:25:00+08:00,TAIFEX:CCF1!,127.0,127.5,126.5,127.0,42.0
2026-06-09 08:45:00+08:00,TAIFEX:CCF1!,126.0,126.5,119.0,122.5,11262.0
2026-06-09 09:45:00+08:00,TAIFEX:CCF1!,122.5,131.0,121.5,129.5,19092.0
2026-06-09 10:45:00+08:00,TAIFEX:CCF1!,130.0,132.5,129.5,131.0,10418.0
2026-06-09 11:45:00+08:00,TAIFEX:CCF1!,131.0,131.5,129.0,130.0,4927.0
2026-06-09 12:45:00+08:00,TAIFEX:CCF1!,130.0,131.0,128.5,130.0,2978.0
2026-06-09 17:25:00+08:00,TAIFEX:CCF1!,130.5,131.5,129.5,130.0,736.0
2026-06-09 18:25:00+08:00,TAIFEX:CCF1!,130.0,131.0,129.5,130.5,251.0
2026-06-09 19:25:00+08:00,TAIFEX:CCF1!,130.5,131.0,129.5,130.0,153.0
2026-06-09 20:25:00+08:00,TAIFEX:CCF1!,130.0,131.0,130.0,131.0,141.0
2026-06-09 21:25:00+08:00,TAIFEX:CCF1!,131.0,132.0,128.0,129.5,2611.0
2026-06-09 22:25:00+08:00,TAIFEX:CCF1!,129.5,129.5,125.5,125.5,2460.0
2026-06-09 23:25:00+08:00,TAIFEX:CCF1!,125.5,126.0,118.0,120.0,3246.0
2026-06-10 00:25:00+08:00,TAIFEX:CCF1!,120.5,125.5,118.0,124.5,3316.0
2026-06-10 01:25:00+08:00,TAIFEX:CCF1!,124.0,125.5,123.0,125.5,906.0
2026-06-10 02:25:00+08:00,TAIFEX:CCF1!,125.5,126.0,123.5,124.5,517.0
2026-06-10 03:25:00+08:00,TAIFEX:CCF1!,125.0,126.0,123.0,125.0,448.0
2026-06-10 04:25:00+08:00,TAIFEX:CCF1!,125.0,125.5,124.5,125.0,31.0
2026-06-10 08:45:00+08:00,TAIFEX:CCF1!,125.0,132.0,123.5,127.0,13177.0
2026-06-10 09:45:00+08:00,TAIFEX:CCF1!,126.5,127.0,122.5,124.0,7765.0
2026-06-10 10:45:00+08:00,TAIFEX:CCF1!,124.5,125.5,123.0,123.0,5235.0
2026-06-10 11:45:00+08:00,TAIFEX:CCF1!,123.0,123.5,118.5,119.5,9659.0
2026-06-10 12:45:00+08:00,TAIFEX:CCF1!,119.5,120.5,117.5,119.5,6858.0
2026-06-10 17:25:00+08:00,TAIFEX:CCF1!,117.0,117.0,113.0,113.5,1132.0
2026-06-10 18:25:00+08:00,TAIFEX:CCF1!,113.5,116.0,113.5,115.0,790.0
2026-06-10 19:25:00+08:00,TAIFEX:CCF1!,114.5,114.5,112.5,114.0,972.0
2026-06-10 20:25:00+08:00,TAIFEX:CCF1!,114.0,121.0,113.5,119.5,2910.0
2026-06-10 21:25:00+08:00,TAIFEX:CCF1!,119.5,123.5,119.0,123.5,3780.0
2026-06-10 22:25:00+08:00,TAIFEX:CCF1!,123.5,124.5,118.5,120.5,3407.0
2026-06-10 23:25:00+08:00,TAIFEX:CCF1!,120.5,121.0,117.5,120.0,1596.0
2026-06-11 00:25:00+08:00,TAIFEX:CCF1!,119.5,120.5,118.5,119.0,476.0
2026-06-11 01:25:00+08:00,TAIFEX:CCF1!,119.5,121.0,118.5,120.0,337.0
2026-06-11 02:25:00+08:00,TAIFEX:CCF1!,120.0,120.0,118.0,118.5,188.0
2026-06-11 03:25:00+08:00,TAIFEX:CCF1!,119.0,119.5,118.5,118.5,277.0
2026-06-11 04:25:00+08:00,TAIFEX:CCF1!,119.0,119.0,116.5,116.5,257.0
2026-06-11 08:45:00+08:00,TAIFEX:CCF1!,114.0,127.0,114.0,122.5,18381.0
2026-06-11 09:45:00+08:00,TAIFEX:CCF1!,122.5,122.5,117.0,119.0,10123.0
2026-06-11 10:45:00+08:00,TAIFEX:CCF1!,119.0,124.0,119.0,123.5,10360.0
2026-06-11 11:45:00+08:00,TAIFEX:CCF1!,123.5,127.0,122.5,127.0,7888.0
2026-06-11 12:45:00+08:00,TAIFEX:CCF1!,127.0,127.0,125.0,126.0,5500.0
2026-06-11 17:25:00+08:00,TAIFEX:CCF1!,128.0,129.5,127.0,129.0,784.0
2026-06-11 18:25:00+08:00,TAIFEX:CCF1!,129.0,129.0,127.5,128.0,366.0
2026-06-11 19:25:00+08:00,TAIFEX:CCF1!,128.0,129.5,126.0,127.0,957.0
2026-06-11 20:25:00+08:00,TAIFEX:CCF1!,127.0,129.0,126.5,127.5,1108.0
2026-06-11 21:25:00+08:00,TAIFEX:CCF1!,127.5,130.5,127.5,129.0,2337.0
2026-06-11 22:25:00+08:00,TAIFEX:CCF1!,129.0,130.0,127.5,128.5,1485.0
2026-06-11 23:25:00+08:00,TAIFEX:CCF1!,128.5,130.0,128.5,129.5,778.0
2026-06-12 00:25:00+08:00,TAIFEX:CCF1!,129.5,129.5,128.0,128.0,490.0
2026-06-12 01:25:00+08:00,TAIFEX:CCF1!,128.5,132.0,128.5,130.5,1638.0
2026-06-12 02:25:00+08:00,TAIFEX:CCF1!,130.5,132.0,130.5,132.0,366.0
2026-06-12 03:25:00+08:00,TAIFEX:CCF1!,132.0,134.0,131.5,133.5,828.0
2026-06-12 04:25:00+08:00,TAIFEX:CCF1!,133.5,134.0,133.0,134.0,281.0
2026-06-12 08:45:00+08:00,TAIFEX:CCF1!,135.5,139.0,134.0,138.5,25637.0
2026-06-12 09:45:00+08:00,TAIFEX:CCF1!,138.5,139.0,135.0,137.0,7147.0
2026-06-12 10:45:00+08:00,TAIFEX:CCF1!,137.0,138.5,136.5,137.0,2508.0
2026-06-12 11:45:00+08:00,TAIFEX:CCF1!,137.5,137.5,136.0,136.5,1821.0
2026-06-12 12:45:00+08:00,TAIFEX:CCF1!,136.5,136.5,133.5,134.0,6754.0
2026-06-12 17:25:00+08:00,TAIFEX:CCF1!,136.0,137.5,135.5,136.5,901.0
2026-06-12 18:25:00+08:00,TAIFEX:CCF1!,136.0,137.0,135.5,136.5,455.0
2026-06-12 19:25:00+08:00,TAIFEX:CCF1!,136.5,137.5,136.5,136.5,293.0
2026-06-12 20:25:00+08:00,TAIFEX:CCF1!,136.5,136.5,135.0,136.0,594.0
2026-06-12 21:25:00+08:00,TAIFEX:CCF1!,136.0,137.5,134.5,136.5,1908.0
2026-06-12 22:25:00+08:00,TAIFEX:CCF1!,136.5,139.5,136.0,139.0,2130.0
2026-06-12 23:25:00+08:00,TAIFEX:CCF1!,139.0,139.5,137.0,138.0,1524.0
2026-06-13 00:25:00+08:00,TAIFEX:CCF1!,138.5,139.5,138.5,139.0,395.0
2026-06-13 01:25:00+08:00,TAIFEX:CCF1!,139.0,139.5,138.5,139.0,239.0
2026-06-13 02:25:00+08:00,TAIFEX:CCF1!,139.0,139.5,139.0,139.0,104.0
2026-06-13 03:25:00+08:00,TAIFEX:CCF1!,139.0,139.5,139.0,139.5,273.0
2026-06-13 04:25:00+08:00,TAIFEX:CCF1!,139.5,139.5,139.0,139.0,72.0
2026-06-15 08:45:00+08:00,TAIFEX:CCF1!,143.0,145.0,137.5,139.0,20570.0
2026-06-15 09:45:00+08:00,TAIFEX:CCF1!,139.0,143.0,138.5,142.0,11924.0
2026-06-15 10:45:00+08:00,TAIFEX:CCF1!,142.0,144.5,141.0,143.0,7118.0
2026-06-15 11:45:00+08:00,TAIFEX:CCF1!,143.0,144.0,142.0,143.5,3403.0
2026-06-15 12:45:00+08:00,TAIFEX:CCF1!,143.5,143.5,142.0,143.5,2571.0
2026-06-15 17:25:00+08:00,TAIFEX:CCF1!,144.0,145.0,143.0,144.5,716.0
2026-06-15 18:25:00+08:00,TAIFEX:CCF1!,144.5,146.0,144.5,146.0,379.0
2026-06-15 19:25:00+08:00,TAIFEX:CCF1!,146.5,147.0,145.5,146.0,490.0
2026-06-15 20:25:00+08:00,TAIFEX:CCF1!,146.0,147.0,146.0,146.5,271.0
2026-06-15 21:25:00+08:00,TAIFEX:CCF1!,146.5,148.5,145.5,147.5,2594.0
2026-06-15 22:25:00+08:00,TAIFEX:CCF1!,147.5,148.0,147.5,148.0,556.0
2026-06-15 23:25:00+08:00,TAIFEX:CCF1!,148.0,149.0,147.5,148.5,952.0
2026-06-16 00:25:00+08:00,TAIFEX:CCF1!,148.5,148.5,148.0,148.5,278.0
2026-06-16 01:25:00+08:00,TAIFEX:CCF1!,148.5,148.5,148.0,148.5,51.0
2026-06-16 02:25:00+08:00,TAIFEX:CCF1!,148.5,148.5,148.0,148.0,20.0
2026-06-16 03:25:00+08:00,TAIFEX:CCF1!,148.0,148.0,147.5,148.0,223.0
2026-06-16 04:25:00+08:00,TAIFEX:CCF1!,148.5,148.5,148.0,148.0,58.0
2026-06-16 08:45:00+08:00,TAIFEX:CCF1!,147.5,147.5,141.0,144.0,16780.0
2026-06-16 09:45:00+08:00,TAIFEX:CCF1!,144.0,144.0,139.5,141.0,8313.0
2026-06-16 10:45:00+08:00,TAIFEX:CCF1!,141.0,141.0,139.0,141.0,3161.0
2026-06-16 11:45:00+08:00,TAIFEX:CCF1!,141.0,142.0,140.5,140.5,2228.0
2026-06-16 12:45:00+08:00,TAIFEX:CCF1!,140.5,141.5,139.5,141.5,2603.0
2026-06-16 17:25:00+08:00,TAIFEX:CCF1!,143.5,144.5,143.5,144.0,355.0
2026-06-16 18:25:00+08:00,TAIFEX:CCF1!,144.0,144.5,144.0,144.0,94.0
2026-06-16 19:25:00+08:00,TAIFEX:CCF1!,143.5,143.5,142.5,142.5,191.0
2026-06-16 20:25:00+08:00,TAIFEX:CCF1!,142.5,143.0,142.5,142.5,146.0
2026-06-16 21:25:00+08:00,TAIFEX:CCF1!,143.0,143.5,139.0,140.0,1014.0
2026-06-16 22:25:00+08:00,TAIFEX:CCF1!,140.0,141.5,138.5,140.0,1117.0
2026-06-16 23:25:00+08:00,TAIFEX:CCF1!,140.0,140.5,138.5,140.0,798.0
2026-06-17 00:25:00+08:00,TAIFEX:CCF1!,140.0,140.0,139.5,140.0,91.0
2026-06-17 01:25:00+08:00,TAIFEX:CCF1!,140.0,140.5,139.5,140.5,72.0
2026-06-17 02:25:00+08:00,TAIFEX:CCF1!,140.5,140.5,139.0,139.5,158.0
2026-06-17 03:25:00+08:00,TAIFEX:CCF1!,139.5,140.0,138.5,138.5,279.0
2026-06-17 04:25:00+08:00,TAIFEX:CCF1!,138.5,138.5,138.0,138.5,277.0
2026-06-17 08:45:00+08:00,TAIFEX:CCF1!,139.5,142.0,138.5,141.0,6675.0
2026-06-17 09:45:00+08:00,TAIFEX:CCF1!,141.0,144.0,141.0,142.0,4298.0
2026-06-17 10:45:00+08:00,TAIFEX:CCF1!,142.0,142.0,138.0,139.5,5834.0
2026-06-17 11:45:00+08:00,TAIFEX:CCF1!,139.5,142.5,139.0,140.0,6135.0
2026-06-17 12:45:00+08:00,TAIFEX:CCF1!,140.0,143.5,139.5,143.0,4247.0
2026-06-17 17:25:00+08:00,TAIFEX:CCF1!,142.0,144.0,142.0,143.0,889.0
2026-06-17 18:25:00+08:00,TAIFEX:CCF1!,143.5,144.0,143.0,143.0,352.0
2026-06-17 19:25:00+08:00,TAIFEX:CCF1!,143.0,143.5,142.5,143.5,281.0
2026-06-17 20:25:00+08:00,TAIFEX:CCF1!,143.5,144.0,143.0,143.5,338.0
2026-06-17 21:25:00+08:00,TAIFEX:CCF1!,143.5,143.5,142.5,143.0,716.0
2026-06-17 22:25:00+08:00,TAIFEX:CCF1!,143.0,144.0,143.0,143.0,749.0
2026-06-17 23:25:00+08:00,TAIFEX:CCF1!,143.0,144.0,143.0,143.5,470.0
2026-06-18 00:25:00+08:00,TAIFEX:CCF1!,144.0,144.0,143.0,144.0,225.0
2026-06-18 01:25:00+08:00,TAIFEX:CCF1!,143.5,144.0,142.0,143.0,772.0
2026-06-18 02:25:00+08:00,TAIFEX:CCF1!,142.5,144.5,142.0,142.0,845.0
2026-06-18 03:25:00+08:00,TAIFEX:CCF1!,142.5,142.5,141.0,142.5,629.0
2026-06-18 04:25:00+08:00,TAIFEX:CCF1!,142.0,142.0,141.5,142.0,78.0
2026-06-18 08:45:00+08:00,TAIFEX:CCF1!,143.5,144.5,140.5,143.5,12946.0
2026-06-18 09:45:00+08:00,TAIFEX:CCF1!,143.5,143.5,140.5,143.5,7796.0
2026-06-18 10:45:00+08:00,TAIFEX:CCF1!,143.0,144.5,142.0,143.0,6333.0
2026-06-18 11:45:00+08:00,TAIFEX:CCF1!,143.0,147.0,142.5,146.0,8429.0
2026-06-18 12:45:00+08:00,TAIFEX:CCF1!,146.0,149.5,146.0,149.5,12769.0
2026-06-18 17:25:00+08:00,TAIFEX:CCF1!,152.5,154.0,151.5,153.5,1877.0
2026-06-18 18:25:00+08:00,TAIFEX:CCF1!,153.5,153.5,152.5,153.0,550.0
2026-06-18 19:25:00+08:00,TAIFEX:CCF1!,153.0,153.5,152.5,153.5,772.0
2026-06-18 20:25:00+08:00,TAIFEX:CCF1!,153.5,154.5,153.5,154.0,945.0
2026-06-18 21:25:00+08:00,TAIFEX:CCF1!,154.0,154.0,152.0,153.5,2597.0
2026-06-18 22:25:00+08:00,TAIFEX:CCF1!,153.5,154.5,152.5,153.5,1482.0
2026-06-18 23:25:00+08:00,TAIFEX:CCF1!,153.5,154.0,152.5,154.0,1036.0
2026-06-19 00:25:00+08:00,TAIFEX:CCF1!,153.5,156.0,153.5,155.5,987.0
2026-06-19 01:25:00+08:00,TAIFEX:CCF1!,155.5,156.0,154.5,155.0,679.0
2026-06-19 02:25:00+08:00,TAIFEX:CCF1!,155.0,155.0,154.0,155.0,460.0
2026-06-19 03:25:00+08:00,TAIFEX:CCF1!,154.5,157.0,154.5,156.5,685.0
2026-06-19 04:25:00+08:00,TAIFEX:CCF1!,156.5,157.5,156.5,157.0,403.0
2026-06-22 08:45:00+08:00,TAIFEX:CCF1!,164.0,164.0,164.0,164.0,1748.0
2026-06-22 09:45:00+08:00,TAIFEX:CCF1!,164.0,164.0,164.0,164.0,42.0
2026-06-22 10:45:00+08:00,TAIFEX:CCF1!,164.0,164.0,164.0,164.0,20.0
2026-06-22 11:45:00+08:00,TAIFEX:CCF1!,164.0,164.0,164.0,164.0,13.0
2026-06-22 12:45:00+08:00,TAIFEX:CCF1!,164.0,164.0,164.0,164.0,110.0
2026-06-22 17:25:00+08:00,TAIFEX:CCF1!,176.0,179.0,176.0,178.0,7100.0
2026-06-22 18:25:00+08:00,TAIFEX:CCF1!,178.0,179.5,177.5,178.5,3295.0
2026-06-22 19:25:00+08:00,TAIFEX:CCF1!,179.0,179.5,178.5,179.5,1059.0
2026-06-22 20:25:00+08:00,TAIFEX:CCF1!,179.5,179.5,178.5,178.5,1062.0
2026-06-22 21:25:00+08:00,TAIFEX:CCF1!,179.0,180.0,177.5,179.5,7589.0
2026-06-22 22:25:00+08:00,TAIFEX:CCF1!,179.5,180.0,178.5,180.0,2657.0
2026-06-22 23:25:00+08:00,TAIFEX:CCF1!,180.0,180.0,178.5,179.5,1954.0
2026-06-23 00:25:00+08:00,TAIFEX:CCF1!,179.5,179.5,178.5,179.5,833.0
2026-06-23 01:25:00+08:00,TAIFEX:CCF1!,179.5,179.5,178.5,179.5,144.0
2026-06-23 02:25:00+08:00,TAIFEX:CCF1!,179.5,179.5,179.0,179.0,198.0
2026-06-23 03:25:00+08:00,TAIFEX:CCF1!,179.0,179.0,178.0,179.0,455.0
2026-06-23 04:25:00+08:00,TAIFEX:CCF1!,179.0,179.5,178.0,178.5,137.0
2026-06-23 08:45:00+08:00,TAIFEX:CCF1!,178.0,180.0,170.5,173.0,45178.0
2026-06-23 09:45:00+08:00,TAIFEX:CCF1!,173.0,178.0,169.0,177.0,23540.0
2026-06-23 10:45:00+08:00,TAIFEX:CCF1!,177.0,177.0,169.5,171.5,13334.0
2026-06-23 11:45:00+08:00,TAIFEX:CCF1!,172.0,176.0,171.5,174.5,11474.0
2026-06-23 12:45:00+08:00,TAIFEX:CCF1!,174.5,175.0,171.0,171.0,7357.0
2026-06-23 17:25:00+08:00,TAIFEX:CCF1!,166.5,167.5,162.5,165.0,4712.0
2026-06-23 18:25:00+08:00,TAIFEX:CCF1!,164.5,165.5,161.0,165.5,2045.0
2026-06-23 19:25:00+08:00,TAIFEX:CCF1!,165.5,169.5,164.5,167.5,2010.0
2026-06-23 20:25:00+08:00,TAIFEX:CCF1!,167.0,168.5,165.5,167.5,1079.0
2026-06-23 21:25:00+08:00,TAIFEX:CCF1!,167.5,173.5,166.5,171.5,5187.0
2026-06-23 22:25:00+08:00,TAIFEX:CCF1!,172.0,172.0,169.0,169.5,2655.0
2026-06-23 23:25:00+08:00,TAIFEX:CCF1!,169.5,173.0,169.0,172.0,1900.0
2026-06-24 00:25:00+08:00,TAIFEX:CCF1!,172.0,173.5,171.5,173.0,922.0
2026-06-24 01:25:00+08:00,TAIFEX:CCF1!,173.5,173.5,171.0,171.5,429.0
2026-06-24 02:25:00+08:00,TAIFEX:CCF1!,171.5,171.5,169.5,170.5,566.0
2026-06-24 03:25:00+08:00,TAIFEX:CCF1!,170.0,170.5,169.5,170.0,295.0
2026-06-24 04:25:00+08:00,TAIFEX:CCF1!,170.0,170.5,169.5,169.5,168.0
2026-06-24 08:45:00+08:00,TAIFEX:CCF1!,174.5,183.5,168.0,179.5,40683.0
2026-06-24 09:45:00+08:00,TAIFEX:CCF1!,179.5,188.5,176.0,176.0,34808.0
2026-06-24 10:45:00+08:00,TAIFEX:CCF1!,176.0,178.5,172.0,177.0,17127.0
2026-06-24 11:45:00+08:00,TAIFEX:CCF1!,177.0,181.0,175.5,180.5,8751.0
2026-06-24 12:45:00+08:00,TAIFEX:CCF1!,180.5,182.5,179.0,181.5,9748.0
2026-06-24 17:25:00+08:00,TAIFEX:CCF1!,177.5,178.5,172.5,176.5,3344.0
2026-06-24 18:25:00+08:00,TAIFEX:CCF1!,176.5,177.5,175.5,176.0,1232.0
2026-06-24 19:25:00+08:00,TAIFEX:CCF1!,176.0,176.0,173.0,174.5,1758.0
2026-06-24 20:25:00+08:00,TAIFEX:CCF1!,174.5,174.5,172.5,173.0,1672.0
2026-06-24 21:25:00+08:00,TAIFEX:CCF1!,173.0,177.5,172.0,176.5,7211.0
2026-06-24 22:25:00+08:00,TAIFEX:CCF1!,177.0,182.5,177.0,181.0,4930.0
2026-06-24 23:25:00+08:00,TAIFEX:CCF1!,181.0,185.0,181.0,184.5,2585.0
2026-06-25 00:25:00+08:00,TAIFEX:CCF1!,184.5,184.5,178.0,178.5,2048.0
2026-06-25 01:25:00+08:00,TAIFEX:CCF1!,178.0,181.0,177.0,181.0,1817.0
2026-06-25 02:25:00+08:00,TAIFEX:CCF1!,181.5,181.5,178.5,179.0,732.0
2026-06-25 03:25:00+08:00,TAIFEX:CCF1!,179.5,184.0,179.0,184.0,791.0
2026-06-25 04:25:00+08:00,TAIFEX:CCF1!,184.0,189.0,184.0,189.0,1082.0
2026-06-25 08:45:00+08:00,TAIFEX:CCF1!,191.5,191.5,176.0,177.0,32204.0
2026-06-25 09:45:00+08:00,TAIFEX:CCF1!,176.5,185.5,174.5,180.0,23606.0
2026-06-25 10:45:00+08:00,TAIFEX:CCF1!,180.0,184.0,178.5,181.5,8091.0
2026-06-25 11:45:00+08:00,TAIFEX:CCF1!,181.5,183.0,180.5,181.5,4926.0
2026-06-25 12:45:00+08:00,TAIFEX:CCF1!,181.5,183.0,180.5,182.5,7040.0
2026-06-25 17:25:00+08:00,TAIFEX:CCF1!,182.5,184.0,182.0,182.5,1005.0
2026-06-25 18:25:00+08:00,TAIFEX:CCF1!,182.5,183.5,182.5,183.0,270.0
2026-06-25 19:25:00+08:00,TAIFEX:CCF1!,183.0,183.5,182.5,183.5,271.0
2026-06-25 20:25:00+08:00,TAIFEX:CCF1!,183.5,185.5,183.5,184.0,1169.0
2026-06-25 21:25:00+08:00,TAIFEX:CCF1!,184.0,185.5,175.5,176.0,11229.0
2026-06-25 22:25:00+08:00,TAIFEX:CCF1!,176.0,178.5,175.5,177.0,4648.0
2026-06-25 23:25:00+08:00,TAIFEX:CCF1!,176.5,180.5,176.0,179.0,2239.0
2026-06-26 00:25:00+08:00,TAIFEX:CCF1!,179.0,180.0,177.5,179.0,1032.0
2026-06-26 01:25:00+08:00,TAIFEX:CCF1!,179.5,179.5,178.5,179.0,684.0
2026-06-26 02:25:00+08:00,TAIFEX:CCF1!,179.0,179.5,177.5,177.5,227.0
2026-06-26 03:25:00+08:00,TAIFEX:CCF1!,178.0,179.5,178.0,179.0,262.0
2026-06-26 04:25:00+08:00,TAIFEX:CCF1!,179.0,180.0,178.5,180.0,422.0
2026-06-26 08:45:00+08:00,TAIFEX:CCF1!,177.5,179.0,169.0,171.0,28967.0
2026-06-26 09:45:00+08:00,TAIFEX:CCF1!,171.0,174.0,168.0,169.0,17983.0
2026-06-26 10:45:00+08:00,TAIFEX:CCF1!,169.0,169.5,164.5,166.0,25916.0
2026-06-26 11:45:00+08:00,TAIFEX:CCF1!,166.5,169.0,165.0,166.0,8733.0
2026-06-26 12:45:00+08:00,TAIFEX:CCF1!,166.0,166.5,164.5,164.5,5878.0
2026-06-26 17:25:00+08:00,TAIFEX:CCF1!,162.5,165.5,157.0,158.0,2600.0
2026-06-26 18:25:00+08:00,TAIFEX:CCF1!,158.0,159.5,155.5,158.5,1761.0
2026-06-26 19:25:00+08:00,TAIFEX:CCF1!,158.5,159.5,157.0,158.5,985.0
2026-06-26 20:25:00+08:00,TAIFEX:CCF1!,158.0,160.5,157.5,160.5,973.0
2026-06-26 21:25:00+08:00,TAIFEX:CCF1!,160.5,165.5,160.0,164.0,6240.0
2026-06-26 22:25:00+08:00,TAIFEX:CCF1!,164.5,164.5,160.0,163.0,2580.0
2026-06-26 23:25:00+08:00,TAIFEX:CCF1!,163.0,165.5,162.5,165.0,2805.0
2026-06-27 00:25:00+08:00,TAIFEX:CCF1!,165.0,169.5,165.0,168.0,2596.0
2026-06-27 01:25:00+08:00,TAIFEX:CCF1!,167.5,168.5,165.0,165.5,1099.0
2026-06-27 02:25:00+08:00,TAIFEX:CCF1!,165.5,166.5,165.0,166.0,556.0
2026-06-27 03:25:00+08:00,TAIFEX:CCF1!,166.5,167.5,165.0,165.0,581.0
2026-06-27 04:25:00+08:00,TAIFEX:CCF1!,165.0,165.0,163.5,163.5,287.0
2026-06-29 08:45:00+08:00,TAIFEX:CCF1!,163.0,167.0,157.5,167.0,18494.0
2026-06-29 09:45:00+08:00,TAIFEX:CCF1!,167.0,168.0,162.5,165.0,9127.0
2026-06-29 10:45:00+08:00,TAIFEX:CCF1!,164.5,165.5,162.5,163.0,3648.0
2026-06-29 11:45:00+08:00,TAIFEX:CCF1!,162.5,164.5,162.5,162.5,3414.0
2026-06-29 12:45:00+08:00,TAIFEX:CCF1!,163.0,168.0,162.5,167.5,4894.0
2026-06-29 17:25:00+08:00,TAIFEX:CCF1!,168.0,168.5,167.0,167.5,432.0
2026-06-29 18:25:00+08:00,TAIFEX:CCF1!,167.5,168.5,167.5,168.0,283.0
2026-06-29 19:25:00+08:00,TAIFEX:CCF1!,168.0,168.5,168.0,168.0,142.0
2026-06-29 20:25:00+08:00,TAIFEX:CCF1!,168.0,168.5,167.5,168.0,295.0
2026-06-29 21:25:00+08:00,TAIFEX:CCF1!,168.0,169.0,162.5,164.0,3792.0
2026-06-29 22:25:00+08:00,TAIFEX:CCF1!,164.0,167.5,164.0,166.0,2721.0
2026-06-29 23:25:00+08:00,TAIFEX:CCF1!,166.5,171.5,166.5,171.5,1758.0
2026-06-30 00:25:00+08:00,TAIFEX:CCF1!,171.5,172.0,170.0,171.5,770.0
2026-06-30 01:25:00+08:00,TAIFEX:CCF1!,171.0,172.0,171.0,171.5,679.0
2026-06-30 02:25:00+08:00,TAIFEX:CCF1!,171.5,172.5,171.0,172.5,676.0
2026-06-30 03:25:00+08:00,TAIFEX:CCF1!,172.5,173.0,172.0,173.0,183.0
2026-06-30 04:25:00+08:00,TAIFEX:CCF1!,173.0,173.5,172.0,173.5,157.0
2026-06-30 08:45:00+08:00,TAIFEX:CCF1!,172.0,175.5,169.5,174.5,21572.0
2026-06-30 09:45:00+08:00,TAIFEX:CCF1!,174.5,175.0,167.5,170.0,9386.0
2026-06-30 10:45:00+08:00,TAIFEX:CCF1!,170.0,170.5,168.0,168.5,4382.0
2026-06-30 11:45:00+08:00,TAIFEX:CCF1!,168.5,170.5,167.0,169.5,6669.0
2026-06-30 12:45:00+08:00,TAIFEX:CCF1!,169.5,169.5,167.0,169.0,5779.0
2026-06-30 17:25:00+08:00,TAIFEX:CCF1!,168.0,169.5,167.5,169.5,397.0
2026-06-30 18:25:00+08:00,TAIFEX:CCF1!,169.5,170.0,169.0,169.5,295.0
2026-06-30 19:25:00+08:00,TAIFEX:CCF1!,169.0,169.5,168.5,168.5,251.0
2026-06-30 20:25:00+08:00,TAIFEX:CCF1!,168.5,169.0,168.5,169.0,101.0
2026-06-30 21:25:00+08:00,TAIFEX:CCF1!,168.5,173.0,168.5,172.0,2949.0
2026-06-30 22:25:00+08:00,TAIFEX:CCF1!,172.5,173.0,171.0,172.0,1554.0
2026-06-30 23:25:00+08:00,TAIFEX:CCF1!,172.0,172.5,171.5,172.0,539.0
2026-07-01 00:25:00+08:00,TAIFEX:CCF1!,172.0,172.5,172.0,172.0,370.0
2026-07-01 01:25:00+08:00,TAIFEX:CCF1!,172.0,172.5,171.5,172.5,260.0
2026-07-01 02:25:00+08:00,TAIFEX:CCF1!,172.5,173.0,172.5,173.0,406.0
2026-07-01 03:25:00+08:00,TAIFEX:CCF1!,173.0,174.5,173.0,173.0,435.0
2026-07-01 04:25:00+08:00,TAIFEX:CCF1!,173.5,174.5,173.5,174.0,107.0
2026-07-01 08:45:00+08:00,TAIFEX:CCF1!,174.5,174.5,168.0,170.5,21401.0
2026-07-01 09:45:00+08:00,TAIFEX:CCF1!,170.5,175.0,169.5,172.5,12586.0
2026-07-01 10:45:00+08:00,TAIFEX:CCF1!,172.5,173.5,169.0,169.5,5463.0
2026-07-01 11:45:00+08:00,TAIFEX:CCF1!,169.5,171.5,169.0,171.0,3761.0
2026-07-01 12:45:00+08:00,TAIFEX:CCF1!,170.5,172.0,169.5,172.0,5260.0
2026-07-01 17:25:00+08:00,TAIFEX:CCF1!,172.5,174.0,172.0,173.0,759.0
2026-07-01 18:25:00+08:00,TAIFEX:CCF1!,173.5,173.5,172.5,172.5,904.0
2026-07-01 19:25:00+08:00,TAIFEX:CCF1!,172.5,173.0,171.0,171.5,595.0
2026-07-01 20:25:00+08:00,TAIFEX:CCF1!,171.5,172.0,170.5,171.5,877.0
2026-07-01 21:25:00+08:00,TAIFEX:CCF1!,171.5,171.5,168.5,170.5,2431.0
2026-07-01 22:25:00+08:00,TAIFEX:CCF1!,170.5,170.5,168.5,170.0,1757.0
2026-07-01 23:25:00+08:00,TAIFEX:CCF1!,170.0,170.5,168.5,169.5,547.0
2026-07-02 00:25:00+08:00,TAIFEX:CCF1!,169.5,169.5,168.5,169.5,487.0
2026-07-02 01:25:00+08:00,TAIFEX:CCF1!,169.5,170.0,169.0,169.0,360.0
2026-07-02 02:25:00+08:00,TAIFEX:CCF1!,169.0,170.5,167.5,169.5,1111.0
2026-07-02 03:25:00+08:00,TAIFEX:CCF1!,170.0,170.0,166.5,167.0,742.0
2026-07-02 04:25:00+08:00,TAIFEX:CCF1!,167.0,167.0,166.0,166.0,226.0
2026-07-02 08:45:00+08:00,TAIFEX:CCF1!,165.5,169.5,164.5,169.0,9415.0
2026-07-02 09:45:00+08:00,TAIFEX:CCF1!,169.0,169.5,164.0,164.5,5465.0
2026-07-02 10:45:00+08:00,TAIFEX:CCF1!,164.5,164.5,160.5,161.0,4445.0
2026-07-02 11:45:00+08:00,TAIFEX:CCF1!,161.5,164.0,159.0,163.0,6957.0
2026-07-02 12:45:00+08:00,TAIFEX:CCF1!,163.0,167.5,162.5,166.0,4033.0
2026-07-02 17:25:00+08:00,TAIFEX:CCF1!,163.5,165.0,163.0,164.0,615.0
2026-07-02 18:25:00+08:00,TAIFEX:CCF1!,164.0,164.5,163.5,164.5,208.0
2026-07-02 19:25:00+08:00,TAIFEX:CCF1!,164.0,166.0,164.0,166.0,232.0
2026-07-02 20:25:00+08:00,TAIFEX:CCF1!,166.0,167.5,165.5,167.5,953.0
2026-07-02 21:25:00+08:00,TAIFEX:CCF1!,167.5,170.0,165.5,168.0,2115.0
2026-07-02 22:25:00+08:00,TAIFEX:CCF1!,167.5,167.5,162.0,163.5,3395.0
2026-07-02 23:25:00+08:00,TAIFEX:CCF1!,163.5,165.0,161.0,161.5,1604.0
2026-07-03 00:25:00+08:00,TAIFEX:CCF1!,161.5,161.5,158.0,158.5,1978.0
2026-07-03 01:25:00+08:00,TAIFEX:CCF1!,158.5,159.0,156.0,157.5,1328.0
2026-07-03 02:25:00+08:00,TAIFEX:CCF1!,157.5,159.0,157.5,158.0,384.0
2026-07-03 03:25:00+08:00,TAIFEX:CCF1!,157.5,159.5,157.5,159.0,210.0
2026-07-03 04:25:00+08:00,TAIFEX:CCF1!,159.0,159.5,158.5,158.5,84.0
2026-07-03 08:45:00+08:00,TAIFEX:CCF1!,160.0,165.0,158.0,164.0,8407.0
2026-07-03 09:45:00+08:00,TAIFEX:CCF1!,164.0,170.0,163.0,167.5,6746.0
2026-07-03 10:45:00+08:00,TAIFEX:CCF1!,167.5,170.5,166.0,168.5,5096.0
2026-07-03 11:45:00+08:00,TAIFEX:CCF1!,169.0,171.5,168.0,171.5,3107.0
2026-07-03 12:45:00+08:00,TAIFEX:CCF1!,171.0,173.0,170.0,173.0,3842.0
2026-07-03 17:25:00+08:00,TAIFEX:CCF1!,173.0,173.0,171.5,172.5,244.0
2026-07-03 18:25:00+08:00,TAIFEX:CCF1!,173.0,173.5,172.5,173.0,202.0
2026-07-03 19:25:00+08:00,TAIFEX:CCF1!,173.0,174.0,173.0,173.0,361.0
2026-07-03 20:25:00+08:00,TAIFEX:CCF1!,173.0,173.0,172.5,172.5,138.0
2026-07-03 21:25:00+08:00,TAIFEX:CCF1!,173.0,173.5,173.0,173.5,48.0
2026-07-03 22:25:00+08:00,TAIFEX:CCF1!,173.5,174.5,173.5,173.5,356.0
2026-07-03 23:25:00+08:00,TAIFEX:CCF1!,173.5,174.0,173.0,173.5,64.0
2026-07-04 00:25:00+08:00,TAIFEX:CCF1!,173.5,173.5,173.5,173.5,31.0
2026-07-04 01:25:00+08:00,TAIFEX:CCF1!,173.5,173.5,173.0,173.0,130.0
2026-07-04 02:25:00+08:00,TAIFEX:CCF1!,173.0,173.0,173.0,173.0,21.0
2026-07-04 03:25:00+08:00,TAIFEX:CCF1!,173.5,173.5,172.0,172.5,266.0
2026-07-04 04:25:00+08:00,TAIFEX:CCF1!,172.5,173.5,172.5,173.0,193.0
2026-07-06 08:45:00+08:00,TAIFEX:CCF1!,173.5,174.0,170.0,170.0,3830.0
2026-07-06 09:45:00+08:00,TAIFEX:CCF1!,170.0,170.5,166.5,166.5,5936.0
2026-07-06 10:45:00+08:00,TAIFEX:CCF1!,166.5,169.0,165.5,168.0,4847.0
2026-07-06 11:45:00+08:00,TAIFEX:CCF1!,167.5,168.5,167.0,167.5,1943.0
2026-07-06 12:45:00+08:00,TAIFEX:CCF1!,167.5,167.5,165.5,166.0,2193.0
2026-07-06 17:25:00+08:00,TAIFEX:CCF1!,166.5,167.5,166.5,167.0,390.0
2026-07-06 18:25:00+08:00,TAIFEX:CCF1!,167.0,167.5,167.0,167.0,208.0
2026-07-06 19:25:00+08:00,TAIFEX:CCF1!,167.0,168.0,167.0,167.5,66.0
2026-07-06 20:25:00+08:00,TAIFEX:CCF1!,167.5,168.0,167.0,167.5,119.0
2026-07-06 21:25:00+08:00,TAIFEX:CCF1!,167.5,173.0,167.5,172.0,2023.0
2026-07-06 22:25:00+08:00,TAIFEX:CCF1!,172.0,172.5,170.5,171.0,766.0
2026-07-06 23:25:00+08:00,TAIFEX:CCF1!,171.5,172.5,171.0,171.5,355.0
2026-07-07 00:25:00+08:00,TAIFEX:CCF1!,171.5,171.5,170.5,170.5,274.0
2026-07-07 01:25:00+08:00,TAIFEX:CCF1!,170.5,171.0,169.5,170.5,287.0
2026-07-07 02:25:00+08:00,TAIFEX:CCF1!,170.5,171.0,170.5,171.0,39.0
2026-07-07 03:25:00+08:00,TAIFEX:CCF1!,171.0,171.0,169.5,170.0,105.0
2026-07-07 04:25:00+08:00,TAIFEX:CCF1!,170.0,170.5,170.0,170.5,18.0
2026-07-07 08:45:00+08:00,TAIFEX:CCF1!,169.5,169.5,164.5,168.5,7214.0
2026-07-07 09:45:00+08:00,TAIFEX:CCF1!,168.5,169.0,165.0,165.5,2727.0
2026-07-07 10:45:00+08:00,TAIFEX:CCF1!,165.0,165.5,155.5,158.5,15947.0
2026-07-07 11:45:00+08:00,TAIFEX:CCF1!,158.5,159.5,149.5,156.5,18036.0
2026-07-07 12:45:00+08:00,TAIFEX:CCF1!,156.5,159.0,153.5,156.0,6959.0
2026-07-07 17:25:00+08:00,TAIFEX:CCF1!,156.0,157.5,156.0,157.5,284.0
2026-07-07 18:25:00+08:00,TAIFEX:CCF1!,157.0,157.0,156.0,156.5,133.0
2026-07-07 19:25:00+08:00,TAIFEX:CCF1!,156.5,157.0,155.0,156.5,188.0
2026-07-07 20:25:00+08:00,TAIFEX:CCF1!,156.5,157.0,156.0,156.0,65.0
2026-07-07 21:25:00+08:00,TAIFEX:CCF1!,156.0,157.0,152.0,152.5,1397.0
2026-07-07 22:25:00+08:00,TAIFEX:CCF1!,152.0,153.5,150.0,152.0,1501.0
2026-07-07 23:25:00+08:00,TAIFEX:CCF1!,152.0,155.5,151.0,155.0,941.0
2026-07-08 00:25:00+08:00,TAIFEX:CCF1!,155.0,156.0,154.5,155.5,1043.0
2026-07-08 01:25:00+08:00,TAIFEX:CCF1!,155.5,156.0,155.0,155.0,135.0
2026-07-08 02:25:00+08:00,TAIFEX:CCF1!,155.5,155.5,152.5,152.5,457.0
2026-07-08 03:25:00+08:00,TAIFEX:CCF1!,152.5,154.0,152.5,153.5,214.0
2026-07-08 04:25:00+08:00,TAIFEX:CCF1!,153.5,153.5,153.0,153.5,42.0
2026-07-08 08:45:00+08:00,TAIFEX:CCF1!,154.5,158.5,146.0,149.0,16401.0
2026-07-08 09:45:00+08:00,TAIFEX:CCF1!,149.0,154.0,149.0,154.0,6767.0
2026-07-08 10:45:00+08:00,TAIFEX:CCF1!,154.0,164.0,154.0,160.5,8736.0
2026-07-08 11:45:00+08:00,TAIFEX:CCF1!,160.5,162.0,157.5,157.5,4905.0
2026-07-08 12:45:00+08:00,TAIFEX:CCF1!,158.0,163.5,158.0,162.0,6288.0
2026-07-08 17:25:00+08:00,TAIFEX:CCF1!,158.0,159.5,157.0,158.5,884.0
2026-07-08 18:25:00+08:00,TAIFEX:CCF1!,158.5,160.0,158.0,158.5,363.0
2026-07-08 19:25:00+08:00,TAIFEX:CCF1!,158.5,159.5,157.5,159.5,754.0
2026-07-08 20:25:00+08:00,TAIFEX:CCF1!,159.0,159.0,158.5,158.5,280.0
2026-07-08 21:25:00+08:00,TAIFEX:CCF1!,158.5,162.0,158.0,160.5,1682.0
2026-07-08 22:25:00+08:00,TAIFEX:CCF1!,160.5,160.5,157.5,157.5,777.0
2026-07-08 23:25:00+08:00,TAIFEX:CCF1!,157.5,161.0,157.5,160.5,706.0
2026-07-09 00:25:00+08:00,TAIFEX:CCF1!,160.5,162.5,160.5,162.5,458.0
2026-07-09 01:25:00+08:00,TAIFEX:CCF1!,162.5,162.5,161.0,162.0,303.0
2026-07-09 02:25:00+08:00,TAIFEX:CCF1!,162.0,162.5,161.5,161.5,98.0
2026-07-09 03:25:00+08:00,TAIFEX:CCF1!,161.5,162.0,161.0,161.5,130.0
2026-07-09 04:25:00+08:00,TAIFEX:CCF1!,161.5,162.5,161.5,162.0,80.0
2026-07-09 08:45:00+08:00,TAIFEX:CCF1!,163.5,164.0,159.0,160.5,5420.0
2026-07-09 09:45:00+08:00,TAIFEX:CCF1!,160.5,161.0,157.0,158.0,6216.0
2026-07-09 10:45:00+08:00,TAIFEX:CCF1!,157.5,158.5,154.0,158.0,5198.0
2026-07-09 11:45:00+08:00,TAIFEX:CCF1!,158.0,159.0,157.0,158.5,2414.0
2026-07-09 12:45:00+08:00,TAIFEX:CCF1!,158.5,158.5,156.5,158.0,1515.0
2026-07-09 17:25:00+08:00,TAIFEX:CCF1!,159.0,160.0,159.0,159.5,450.0
2026-07-09 18:25:00+08:00,TAIFEX:CCF1!,159.5,159.5,158.5,159.0,175.0
2026-07-09 19:25:00+08:00,TAIFEX:CCF1!,159.0,160.5,159.0,160.5,585.0
2026-07-09 20:25:00+08:00,TAIFEX:CCF1!,160.5,161.0,160.0,160.5,429.0
2026-07-09 21:25:00+08:00,TAIFEX:CCF1!,160.5,164.5,160.0,162.0,2761.0
2026-07-09 22:25:00+08:00,TAIFEX:CCF1!,162.0,163.5,162.0,163.5,947.0
2026-07-09 23:25:00+08:00,TAIFEX:CCF1!,163.5,164.0,162.5,162.5,503.0
2026-07-10 00:25:00+08:00,TAIFEX:CCF1!,162.5,163.0,162.5,163.0,241.0
2026-07-10 01:25:00+08:00,TAIFEX:CCF1!,163.0,163.0,162.5,162.5,137.0
2026-07-10 02:25:00+08:00,TAIFEX:CCF1!,162.5,163.0,161.5,161.5,209.0
2026-07-10 03:25:00+08:00,TAIFEX:CCF1!,162.0,162.5,161.5,162.0,216.0
2026-07-10 04:25:00+08:00,TAIFEX:CCF1!,161.5,162.0,160.5,161.0,145.0
2026-07-13 08:45:00+08:00,TAIFEX:CCF1!,158.5,160.5,154.0,155.0,9106.0
2026-07-13 09:45:00+08:00,TAIFEX:CCF1!,155.5,157.5,153.5,157.0,4836.0
2026-07-13 10:45:00+08:00,TAIFEX:CCF1!,157.0,157.5,155.0,155.0,3775.0
2026-07-13 11:45:00+08:00,TAIFEX:CCF1!,155.0,155.0,150.5,152.5,4062.0
2026-07-13 12:45:00+08:00,TAIFEX:CCF1!,152.5,156.0,152.0,154.0,4430.0
2026-07-13 17:25:00+08:00,TAIFEX:CCF1!,155.5,155.5,154.5,154.5,116.0
2026-07-13 18:25:00+08:00,TAIFEX:CCF1!,154.0,155.0,154.0,154.5,83.0
2026-07-13 19:25:00+08:00,TAIFEX:CCF1!,154.5,154.5,153.5,153.5,131.0
2026-07-13 20:25:00+08:00,TAIFEX:CCF1!,153.0,154.0,153.0,153.5,78.0
2026-07-13 21:25:00+08:00,TAIFEX:CCF1!,153.5,154.0,151.0,153.0,850.0
2026-07-13 22:25:00+08:00,TAIFEX:CCF1!,153.0,153.5,152.0,152.5,385.0
2026-07-13 23:25:00+08:00,TAIFEX:CCF1!,152.5,152.5,152.0,152.0,68.0
2026-07-14 00:25:00+08:00,TAIFEX:CCF1!,151.5,153.0,151.0,152.5,401.0
2026-07-14 01:25:00+08:00,TAIFEX:CCF1!,152.0,152.0,151.5,152.0,82.0
2026-07-14 02:25:00+08:00,TAIFEX:CCF1!,151.5,152.0,151.5,151.5,66.0
2026-07-14 03:25:00+08:00,TAIFEX:CCF1!,151.0,152.0,151.0,151.0,63.0
2026-07-14 04:25:00+08:00,TAIFEX:CCF1!,151.0,151.5,150.5,151.5,85.0
2026-07-14 08:45:00+08:00,TAIFEX:CCF1!,151.0,152.0,146.5,150.5,9375.0
2026-07-14 09:45:00+08:00,TAIFEX:CCF1!,150.0,150.0,141.0,144.5,14715.0
2026-07-14 10:45:00+08:00,TAIFEX:CCF1!,144.5,145.0,139.5,140.5,8914.0
2026-07-14 11:45:00+08:00,TAIFEX:CCF1!,140.5,149.5,139.5,148.5,7369.0
2026-07-14 12:45:00+08:00,TAIFEX:CCF1!,148.5,152.5,148.5,152.0,5070.0
2026-07-14 17:25:00+08:00,TAIFEX:CCF1!,153.0,154.5,152.5,154.0,448.0
2026-07-14 18:25:00+08:00,TAIFEX:CCF1!,154.0,155.0,154.0,155.0,197.0
2026-07-14 19:25:00+08:00,TAIFEX:CCF1!,155.0,156.5,154.5,156.5,291.0
2026-07-14 20:25:00+08:00,TAIFEX:CCF1!,156.5,160.0,156.0,158.5,1721.0
2026-07-14 21:25:00+08:00,TAIFEX:CCF1!,158.5,158.5,155.0,156.5,1651.0
2026-07-14 22:25:00+08:00,TAIFEX:CCF1!,156.5,158.0,156.0,158.0,1059.0
2026-07-14 23:25:00+08:00,TAIFEX:CCF1!,158.0,158.5,157.0,157.0,252.0
2026-07-15 00:25:00+08:00,TAIFEX:CCF1!,157.5,157.5,156.5,157.0,132.0
2026-07-15 01:25:00+08:00,TAIFEX:CCF1!,157.5,157.5,157.0,157.5,23.0
2026-07-15 02:25:00+08:00,TAIFEX:CCF1!,157.5,157.5,156.5,157.0,68.0
2026-07-15 03:25:00+08:00,TAIFEX:CCF1!,157.0,157.0,156.5,157.0,77.0
2026-07-15 04:25:00+08:00,TAIFEX:CCF1!,157.0,157.5,156.5,157.0,38.0
2026-07-15 08:45:00+08:00,TAIFEX:CCF1!,159.5,161.5,157.0,159.0,10170.0
2026-07-15 09:45:00+08:00,TAIFEX:CCF1!,159.0,168.0,159.0,167.5,11357.0
2026-07-15 10:45:00+08:00,TAIFEX:CCF1!,167.5,168.0,164.0,166.0,10263.0
2026-07-15 11:45:00+08:00,TAIFEX:CCF1!,166.0,167.5,165.0,167.0,4204.0
2026-07-15 12:45:00+08:00,TAIFEX:CCF1!,167.0,168.0,167.0,168.0,8906.0
2026-07-15 17:25:00+08:00,TAIFEX:CCF1!,167.5,169.0,167.0,168.0,924.0
2026-07-15 18:25:00+08:00,TAIFEX:CCF1!,168.0,169.0,168.0,168.5,390.0
2026-07-15 19:25:00+08:00,TAIFEX:CCF1!,169.0,169.0,168.0,168.5,508.0
2026-07-15 20:25:00+08:00,TAIFEX:CCF1!,168.5,169.5,168.5,168.5,529.0
2026-07-15 21:25:00+08:00,TAIFEX:CCF1!,168.5,169.0,165.5,165.5,4128.0
2026-07-15 22:25:00+08:00,TAIFEX:CCF1!,166.0,167.0,162.0,163.0,3588.0
2026-07-15 23:25:00+08:00,TAIFEX:CCF1!,163.5,164.5,160.0,160.0,1831.0
2026-07-16 00:25:00+08:00,TAIFEX:CCF1!,160.0,164.0,160.0,164.0,1334.0
2026-07-16 01:25:00+08:00,TAIFEX:CCF1!,164.0,164.5,163.5,164.5,769.0
2026-07-16 02:25:00+08:00,TAIFEX:CCF1!,164.5,165.0,163.5,163.5,247.0
2026-07-16 03:25:00+08:00,TAIFEX:CCF1!,164.0,165.0,164.0,164.5,203.0
2026-07-16 04:25:00+08:00,TAIFEX:CCF1!,164.5,165.0,164.0,164.5,145.0
2026-07-16 08:45:00+08:00,TAIFEX:CCF1!,163.5,165.5,160.5,163.0,11038.0
2026-07-16 09:45:00+08:00,TAIFEX:CCF1!,163.0,169.0,162.5,167.5,10909.0
2026-07-16 10:45:00+08:00,TAIFEX:CCF1!,168.0,170.0,165.5,166.0,8960.0
2026-07-16 11:45:00+08:00,TAIFEX:CCF1!,166.0,167.0,161.5,161.5,8317.0
2026-07-16 12:45:00+08:00,TAIFEX:CCF1!,162.0,162.5,156.5,157.0,9237.0
2026-07-16 17:25:00+08:00,TAIFEX:CCF1!,152.5,153.0,142.5,146.0,8477.0
2026-07-16 18:25:00+08:00,TAIFEX:CCF1!,146.0,147.5,144.0,147.0,3022.0
2026-07-16 19:25:00+08:00,TAIFEX:CCF1!,147.0,148.0,146.0,146.0,1069.0
2026-07-16 20:25:00+08:00,TAIFEX:CCF1!,146.5,149.0,146.0,149.0,930.0
2026-07-16 21:25:00+08:00,TAIFEX:CCF1!,149.0,150.0,146.0,149.0,4480.0
2026-07-16 22:25:00+08:00,TAIFEX:CCF1!,148.5,151.0,147.0,147.5,2433.0
2026-07-16 23:25:00+08:00,TAIFEX:CCF1!,147.5,149.0,145.5,146.0,1520.0
2026-07-17 00:25:00+08:00,TAIFEX:CCF1!,146.5,146.5,144.0,145.0,1267.0
2026-07-17 01:25:00+08:00,TAIFEX:CCF1!,145.0,146.5,144.5,146.5,361.0
2026-07-17 02:25:00+08:00,TAIFEX:CCF1!,146.5,146.5,145.0,145.5,264.0
2026-07-17 03:25:00+08:00,TAIFEX:CCF1!,145.5,146.5,145.0,146.0,202.0
2026-07-17 04:25:00+08:00,TAIFEX:CCF1!,145.5,146.0,143.0,146.0,805.0
2026-07-17 08:45:00+08:00,TAIFEX:CCF1!,142.5,147.0,142.5,142.5,37680.0
2026-07-17 09:45:00+08:00,TAIFEX:CCF1!,143.0,144.0,142.5,142.5,5064.0
2026-07-17 10:45:00+08:00,TAIFEX:CCF1!,142.5,142.5,142.5,142.5,306.0
2026-07-17 11:45:00+08:00,TAIFEX:CCF1!,142.5,142.5,142.5,142.5,226.0
2026-07-17 12:45:00+08:00,TAIFEX:CCF1!,142.5,142.5,142.5,142.5,213.0
2026-07-17 17:25:00+08:00,TAIFEX:CCF1!,137.5,140.0,134.5,136.5,3146.0
2026-07-17 18:25:00+08:00,TAIFEX:CCF1!,137.0,137.5,134.5,135.0,721.0
2026-07-17 19:25:00+08:00,TAIFEX:CCF1!,135.0,136.0,133.5,134.0,711.0
2026-07-17 20:25:00+08:00,TAIFEX:CCF1!,134.5,134.5,131.5,133.0,1817.0
2026-07-17 21:25:00+08:00,TAIFEX:CCF1!,133.0,138.0,131.5,136.5,4010.0
2026-07-17 22:25:00+08:00,TAIFEX:CCF1!,136.5,138.0,134.5,135.0,1324.0
2026-07-17 23:25:00+08:00,TAIFEX:CCF1!,135.0,140.0,135.0,138.5,2099.0
2026-07-18 00:25:00+08:00,TAIFEX:CCF1!,138.5,142.0,138.5,141.0,1207.0
2026-07-18 01:25:00+08:00,TAIFEX:CCF1!,140.5,141.0,138.5,139.0,625.0
2026-07-18 02:25:00+08:00,TAIFEX:CCF1!,139.0,139.5,138.0,138.0,276.0
2026-07-18 03:25:00+08:00,TAIFEX:CCF1!,138.0,139.5,138.0,138.5,303.0
2026-07-18 04:25:00+08:00,TAIFEX:CCF1!,138.5,139.0,138.0,138.5,81.0
2026-07-20 08:45:00+08:00,TAIFEX:CCF1!,139.5,140.0,128.5,128.5,39129.0
2026-07-20 09:45:00+08:00,TAIFEX:CCF1!,128.5,131.0,128.5,129.5,19930.0
2026-07-20 10:45:00+08:00,TAIFEX:CCF1!,129.5,130.0,128.5,128.5,2277.0
2026-07-20 11:45:00+08:00,TAIFEX:CCF1!,128.5,130.5,128.5,130.0,7827.0
2026-07-20 12:45:00+08:00,TAIFEX:CCF1!,130.0,130.5,128.5,128.5,1801.0
2026-07-20 17:25:00+08:00,TAIFEX:CCF1!,129.5,130.5,128.5,130.0,1203.0
2026-07-20 18:25:00+08:00,TAIFEX:CCF1!,130.0,131.5,130.0,130.5,591.0
2026-07-20 19:25:00+08:00,TAIFEX:CCF1!,130.5,132.0,130.5,131.5,684.0
2026-07-20 20:25:00+08:00,TAIFEX:CCF1!,132.0,132.5,131.0,132.5,559.0
2026-07-20 21:25:00+08:00,TAIFEX:CCF1!,132.5,135.5,131.0,132.0,3483.0
2026-07-20 22:25:00+08:00,TAIFEX:CCF1!,132.5,133.0,131.0,132.5,1010.0
2026-07-20 23:25:00+08:00,TAIFEX:CCF1!,132.5,133.5,132.0,133.0,473.0
2026-07-21 00:25:00+08:00,TAIFEX:CCF1!,133.0,133.0,131.5,132.0,285.0
2026-07-21 01:25:00+08:00,TAIFEX:CCF1!,132.0,132.0,131.5,132.0,99.0
2026-07-21 02:25:00+08:00,TAIFEX:CCF1!,132.5,132.5,131.5,131.5,385.0
2026-07-21 03:25:00+08:00,TAIFEX:CCF1!,131.5,132.0,131.0,131.5,118.0
2026-07-21 04:25:00+08:00,TAIFEX:CCF1!,131.5,131.5,131.0,131.0,61.0
2026-07-21 08:45:00+08:00,TAIFEX:CCF1!,131.0,135.5,126.0,133.0,22855.0
2026-07-21 09:45:00+08:00,TAIFEX:CCF1!,133.0,135.0,130.0,132.5,9737.0
2026-07-21 10:45:00+08:00,TAIFEX:CCF1!,132.5,133.0,130.0,133.0,4818.0
2026-07-21 11:45:00+08:00,TAIFEX:CCF1!,133.0,138.5,133.0,136.5,11186.0
2026-07-21 12:45:00+08:00,TAIFEX:CCF1!,136.5,137.5,135.0,136.5,4249.0
2026-07-21 17:25:00+08:00,TAIFEX:CCF1!,139.0,141.5,138.5,141.5,1695.0
2026-07-21 18:25:00+08:00,TAIFEX:CCF1!,141.5,143.5,141.5,142.0,1666.0
2026-07-21 19:25:00+08:00,TAIFEX:CCF1!,142.0,143.0,141.5,141.5,732.0
2026-07-21 20:25:00+08:00,TAIFEX:CCF1!,141.5,142.5,141.0,141.5,934.0
2026-07-21 21:25:00+08:00,TAIFEX:CCF1!,141.5,142.0,136.5,138.0,4030.0
2026-07-21 22:25:00+08:00,TAIFEX:CCF1!,138.5,139.5,137.5,139.5,1895.0
2026-07-21 23:25:00+08:00,TAIFEX:CCF1!,139.5,139.5,138.0,139.0,478.0
2026-07-22 00:25:00+08:00,TAIFEX:CCF1!,139.0,139.5,138.5,139.0,242.0
2026-07-22 01:25:00+08:00,TAIFEX:CCF1!,138.5,139.5,138.5,138.5,142.0
2026-07-22 02:25:00+08:00,TAIFEX:CCF1!,138.5,139.0,138.5,138.5,199.0
2026-07-22 03:25:00+08:00,TAIFEX:CCF1!,138.5,139.0,138.5,139.0,99.0
2026-07-22 04:25:00+08:00,TAIFEX:CCF1!,139.0,139.5,138.5,139.5,68.0
2026-07-22 08:45:00+08:00,TAIFEX:CCF1!,141.5,146.0,138.0,142.0,24235.0
2026-07-22 09:45:00+08:00,TAIFEX:CCF1!,141.5,145.5,141.5,142.0,8640.0
2026-07-22 10:45:00+08:00,TAIFEX:CCF1!,142.5,144.0,141.5,143.0,5384.0
2026-07-22 11:45:00+08:00,TAIFEX:CCF1!,143.0,144.0,141.5,142.5,4035.0
2026-07-22 12:45:00+08:00,TAIFEX:CCF1!,143.0,143.0,138.5,138.5,6600.0
2026-07-22 17:25:00+08:00,TAIFEX:CCF1!,139.5,139.5,138.0,139.5,399.0
2026-07-22 18:25:00+08:00,TAIFEX:CCF1!,139.5,140.0,139.0,139.5,214.0
2026-07-22 19:25:00+08:00,TAIFEX:CCF1!,139.5,139.5,138.0,138.0,211.0
2026-07-22 20:25:00+08:00,TAIFEX:CCF1!,138.0,139.5,138.0,139.5,301.0
2026-07-22 21:25:00+08:00,TAIFEX:CCF1!,139.5,140.0,138.5,139.5,1105.0
2026-07-22 22:25:00+08:00,TAIFEX:CCF1!,140.0,142.0,139.5,142.0,1357.0
2026-07-22 23:25:00+08:00,TAIFEX:CCF1!,142.0,142.5,141.0,141.5,568.0
2026-07-23 00:25:00+08:00,TAIFEX:CCF1!,141.0,141.5,141.0,141.5,341.0
2026-07-23 01:25:00+08:00,TAIFEX:CCF1!,141.5,141.5,140.5,141.0,475.0
2026-07-23 02:25:00+08:00,TAIFEX:CCF1!,140.5,141.0,140.0,141.0,113.0
2026-07-23 03:25:00+08:00,TAIFEX:CCF1!,141.0,141.5,140.5,141.5,266.0
2026-07-23 04:25:00+08:00,TAIFEX:CCF1!,141.5,142.0,141.0,141.5,27.0
2026-07-23 08:45:00+08:00,TAIFEX:CCF1!,141.5,144.0,138.5,140.5,10161.0
2026-07-23 09:45:00+08:00,TAIFEX:CCF1!,140.0,141.0,136.5,138.5,9438.0
2026-07-23 10:45:00+08:00,TAIFEX:CCF1!,138.5,141.0,138.5,140.0,4690.0
2026-07-23 11:45:00+08:00,TAIFEX:CCF1!,140.0,140.5,138.5,139.5,5347.0
2026-07-23 12:45:00+08:00,TAIFEX:CCF1!,139.5,141.5,138.5,141.0,3829.0
2026-07-23 17:25:00+08:00,TAIFEX:CCF1!,140.5,140.5,139.5,139.5,336.0
2026-07-23 18:25:00+08:00,TAIFEX:CCF1!,139.5,140.0,139.5,139.5,38.0
2026-07-23 19:25:00+08:00,TAIFEX:CCF1!,139.5,139.5,138.0,138.5,528.0
2026-07-23 20:25:00+08:00,TAIFEX:CCF1!,138.0,138.0,134.5,135.0,1337.0
2026-07-23 21:25:00+08:00,TAIFEX:CCF1!,135.5,138.0,134.5,137.0,1907.0
2026-07-23 22:25:00+08:00,TAIFEX:CCF1!,137.0,137.5,134.5,135.0,1058.0
2026-07-23 23:25:00+08:00,TAIFEX:CCF1!,134.5,137.0,134.0,137.0,738.0
2026-07-24 00:25:00+08:00,TAIFEX:CCF1!,137.0,137.5,136.0,136.5,375.0
2026-07-24 01:25:00+08:00,TAIFEX:CCF1!,136.5,136.5,136.0,136.5,114.0
2026-07-24 02:25:00+08:00,TAIFEX:CCF1!,136.5,136.5,135.5,136.0,131.0
2026-07-24 03:25:00+08:00,TAIFEX:CCF1!,136.5,139.5,136.0,139.5,795.0
2026-07-24 04:25:00+08:00,TAIFEX:CCF1!,139.5,139.5,138.5,138.5,203.0
2026-07-24 08:45:00+08:00,TAIFEX:CCF1!,136.5,139.0,134.0,137.5,9949.0
2026-07-24 09:45:00+08:00,TAIFEX:CCF1!,137.5,137.5,131.5,132.5,10837.0
2026-07-24 10:45:00+08:00,TAIFEX:CCF1!,132.5,133.5,131.0,132.0,8054.0
2026-07-24 11:45:00+08:00,TAIFEX:CCF1!,132.0,132.5,130.0,130.5,4499.0
2026-07-24 12:45:00+08:00,TAIFEX:CCF1!,130.0,130.5,127.0,128.5,9403.0
2026-07-24 17:25:00+08:00,TAIFEX:CCF1!,130.0,132.0,130.0,132.0,644.0
2026-07-24 18:25:00+08:00,TAIFEX:CCF1!,131.5,132.0,131.0,131.5,247.0
2026-07-24 19:25:00+08:00,TAIFEX:CCF1!,131.5,131.5,130.0,131.5,339.0
2026-07-24 20:25:00+08:00,TAIFEX:CCF1!,131.5,131.5,129.0,130.5,318.0
2026-07-24 21:25:00+08:00,TAIFEX:CCF1!,130.0,131.0,125.5,125.5,1823.0
2026-07-24 22:25:00+08:00,TAIFEX:CCF1!,125.5,126.5,122.5,126.0,2070.0
2026-07-24 23:25:00+08:00,TAIFEX:CCF1!,126.0,128.5,125.5,127.5,1020.0
2026-07-25 00:25:00+08:00,TAIFEX:CCF1!,127.5,127.5,125.5,126.0,454.0
2026-07-25 01:25:00+08:00,TAIFEX:CCF1!,126.5,126.5,126.0,126.0,145.0
2026-07-25 02:25:00+08:00,TAIFEX:CCF1!,125.5,126.5,124.5,124.5,331.0
2026-07-25 03:25:00+08:00,TAIFEX:CCF1!,125.0,125.5,125.0,125.5,161.0
2026-07-25 04:25:00+08:00,TAIFEX:CCF1!,125.0,125.0,124.0,124.0,48.0
2026-07-27 08:45:00+08:00,TAIFEX:CCF1!,127.0,128.0,121.5,124.5,27030.0
2026-07-27 09:45:00+08:00,TAIFEX:CCF1!,124.0,125.0,122.5,123.0,11959.0
2026-07-27 10:45:00+08:00,TAIFEX:CCF1!,123.0,123.5,118.0,119.5,15793.0
2026-07-27 11:45:00+08:00,TAIFEX:CCF1!,120.0,123.0,119.5,122.5,13707.0
2026-07-27 12:45:00+08:00,TAIFEX:CCF1!,123.0,128.5,122.5,127.5,8464.0
2026-07-27 17:25:00+08:00,TAIFEX:CCF1!,129.0,131.0,129.0,130.0,894.0
2026-07-27 18:25:00+08:00,TAIFEX:CCF1!,130.0,130.5,129.5,129.5,410.0
2026-07-27 19:25:00+08:00,TAIFEX:CCF1!,129.5,130.5,129.0,129.5,204.0
2026-07-27 20:25:00+08:00,TAIFEX:CCF1!,129.5,130.5,129.5,130.0,367.0
2026-07-27 21:25:00+08:00,TAIFEX:CCF1!,130.0,130.0,125.0,125.0,2235.0
2026-07-27 22:25:00+08:00,TAIFEX:CCF1!,124.5,125.0,120.5,122.5,3015.0
2026-07-27 23:25:00+08:00,TAIFEX:CCF1!,122.0,123.5,121.5,122.5,704.0
2026-07-28 00:25:00+08:00,TAIFEX:CCF1!,122.5,123.5,122.0,122.0,368.0
2026-07-28 01:25:00+08:00,TAIFEX:CCF1!,121.5,122.5,121.5,122.0,124.0
2026-07-28 02:25:00+08:00,TAIFEX:CCF1!,122.5,124.5,122.0,124.0,343.0
2026-07-28 03:25:00+08:00,TAIFEX:CCF1!,124.5,125.0,123.5,123.5,236.0
2026-07-28 04:25:00+08:00,TAIFEX:CCF1!,124.0,124.0,123.0,123.0,113.0
2026-07-28 08:45:00+08:00,TAIFEX:CCF1!,120.5,120.5,115.0,115.0,14658.0
2026-07-28 09:45:00+08:00,TAIFEX:CCF1!,115.5,115.5,115.0,115.0,843.0
2026-07-28 10:45:00+08:00,TAIFEX:CCF1!,115.0,115.0,115.0,115.0,190.0
2026-07-28 11:45:00+08:00,TAIFEX:CCF1!,115.0,115.0,115.0,115.0,44.0
2026-07-28 12:45:00+08:00,TAIFEX:CCF1!,115.0,115.0,115.0,115.0,39.0
2026-07-28 17:25:00+08:00,TAIFEX:CCF1!,112.5,112.5,104.0,104.5,4436.0
2026-07-28 18:25:00+08:00,TAIFEX:CCF1!,105.0,106.0,103.5,104.5,4269.0
2026-07-28 19:25:00+08:00,TAIFEX:CCF1!,105.0,106.0,103.5,105.0,3612.0
2026-07-28 20:25:00+08:00,TAIFEX:CCF1!,105.5,107.0,105.0,106.0,1221.0
2026-07-28 21:25:00+08:00,TAIFEX:CCF1!,106.0,108.5,105.0,108.0,5866.0
2026-07-28 22:25:00+08:00,TAIFEX:CCF1!,108.0,112.0,108.0,112.0,2581.0
2026-07-28 23:25:00+08:00,TAIFEX:CCF1!,112.0,113.5,111.0,111.0,1880.0
2026-07-29 00:25:00+08:00,TAIFEX:CCF1!,111.0,111.5,109.5,110.5,896.0
2026-07-29 01:25:00+08:00,TAIFEX:CCF1!,110.0,110.5,109.0,109.5,259.0
2026-07-29 02:25:00+08:00,TAIFEX:CCF1!,109.5,112.0,109.5,112.0,400.0
2026-07-29 03:25:00+08:00,TAIFEX:CCF1!,112.0,112.0,111.0,111.0,311.0
2026-07-29 04:25:00+08:00,TAIFEX:CCF1!,111.0,112.0,110.5,112.0,118.0
2026-07-29 08:45:00+08:00,TAIFEX:CCF1!,113.5,113.5,103.5,107.5,37887.0
2026-07-29 09:45:00+08:00,TAIFEX:CCF1!,107.5,107.5,103.5,103.5,10859.0
2026-07-29 10:45:00+08:00,TAIFEX:CCF1!,103.5,103.5,103.5,103.5,83.0
2026-07-29 11:45:00+08:00,TAIFEX:CCF1!,103.5,103.5,103.5,103.5,16.0
2026-07-29 12:45:00+08:00,TAIFEX:CCF1!,103.5,105.0,103.5,104.5,4132.0
2026-07-29 17:25:00+08:00,TAIFEX:CCF1!,109.5,111.5,106.5,111.0,4663.0
2026-07-29 18:25:00+08:00,TAIFEX:CCF1!,111.0,111.5,107.5,109.5,1582.0
2026-07-29 19:25:00+08:00,TAIFEX:CCF1!,109.5,110.0,108.0,108.5,1000.0
2026-07-29 20:25:00+08:00,TAIFEX:CCF1!,108.5,110.0,108.0,108.5,599.0
2026-07-29 21:25:00+08:00,TAIFEX:CCF1!,108.5,112.0,108.0,110.0,6590.0
2026-07-29 22:25:00+08:00,TAIFEX:CCF1!,110.0,110.5,108.0,109.5,3150.0
2026-07-29 23:25:00+08:00,TAIFEX:CCF1!,109.5,109.5,107.5,109.5,1084.0
2026-07-30 00:25:00+08:00,TAIFEX:CCF1!,109.5,111.5,109.0,111.0,1378.0
2026-07-30 01:25:00+08:00,TAIFEX:CCF1!,110.5,113.0,110.0,111.0,3064.0
2026-07-30 02:25:00+08:00,TAIFEX:CCF1!,111.0,114.0,110.5,111.0,2335.0
2026-07-30 03:25:00+08:00,TAIFEX:CCF1!,111.0,111.5,108.0,108.0,2170.0
2026-07-30 04:25:00+08:00,TAIFEX:CCF1!,107.5,108.5,106.5,107.0,552.0
2026-07-30 08:45:00+08:00,TAIFEX:CCF1!,105.5,114.5,105.5,114.5,35845.0
2026-07-30 09:45:00+08:00,TAIFEX:CCF1!,114.5,114.5,111.0,114.5,11882.0
2026-07-30 10:45:00+08:00,TAIFEX:CCF1!,114.5,114.5,111.5,114.0,8925.0
2026-07-30 11:45:00+08:00,TAIFEX:CCF1!,114.0,114.0,112.5,113.0,3356.0
2026-07-30 12:45:00+08:00,TAIFEX:CCF1!,113.0,113.5,108.0,110.5,19815.0
2026-07-30 17:25:00+08:00,TAIFEX:CCF1!,111.0,111.5,109.5,110.5,1104.0
2026-07-30 18:25:00+08:00,TAIFEX:CCF1!,111.0,112.0,110.5,112.0,935.0
2026-07-30 19:25:00+08:00,TAIFEX:CCF1!,112.0,112.5,111.5,112.5,799.0
2026-07-30 20:25:00+08:00,TAIFEX:CCF1!,112.5,114.0,112.0,113.0,1382.0
2026-07-30 21:25:00+08:00,TAIFEX:CCF1!,113.0,121.0,113.0,120.0,6357.0
2026-07-30 22:25:00+08:00,TAIFEX:CCF1!,120.0,121.0,119.0,120.0,3250.0
2026-07-30 23:25:00+08:00,TAIFEX:CCF1!,120.0,121.0,119.5,120.5,1089.0
2026-07-31 00:25:00+08:00,TAIFEX:CCF1!,120.5,121.5,120.0,121.0,662.0
2026-07-31 01:25:00+08:00,TAIFEX:CCF1!,121.5,121.5,121.0,121.0,431.0
2026-07-31 02:25:00+08:00,TAIFEX:CCF1!,121.0,121.5,120.5,121.5,212.0
2026-07-31 03:25:00+08:00,TAIFEX:CCF1!,121.0,121.5,121.0,121.5,166.0
2026-07-31 04:25:00+08:00,TAIFEX:CCF1!,121.5,121.5,121.0,121.0,339.0
2026-07-31 08:45:00+08:00,TAIFEX:CCF1!,122.0,122.0,122.0,122.0,259.0
2026-07-31 09:45:00+08:00,TAIFEX:CCF1!,122.0,122.0,122.0,122.0,24.0
2026-07-31 10:45:00+08:00,TAIFEX:CCF1!,122.0,122.0,122.0,122.0,14.0
2026-07-31 11:45:00+08:00,TAIFEX:CCF1!,122.0,122.0,122.0,122.0,3.0
2026-07-31 12:45:00+08:00,TAIFEX:CCF1!,122.0,122.0,122.0,122.0,42.0
2026-07-31 17:25:00+08:00,TAIFEX:CCF1!,126.0,128.5,126.0,128.0,2603.0
2026-07-31 18:25:00+08:00,TAIFEX:CCF1!,128.0,128.5,127.0,127.5,690.0
2026-07-31 19:25:00+08:00,TAIFEX:CCF1!,128.0,128.0,127.0,127.0,303.0
2026-07-31 20:25:00+08:00,TAIFEX:CCF1!,127.0,128.0,126.5,128.0,604.0
2026-07-31 21:25:00+08:00,TAIFEX:CCF1!,128.0,128.5,120.5,123.5,6740.0
2026-07-31 22:25:00+08:00,TAIFEX:CCF1!,123.5,125.0,123.0,123.0,2917.0
2026-07-31 23:25:00+08:00,TAIFEX:CCF1!,123.0,124.0,122.0,123.5,1788.0
2026-08-01 00:25:00+08:00,TAIFEX:CCF1!,124.0,124.5,123.0,124.0,879.0
2026-08-01 01:25:00+08:00,TAIFEX:CCF1!,124.0,125.0,123.5,123.5,309.0
2026-08-01 02:25:00+08:00,TAIFEX:CCF1!,124.0,124.5,123.5,124.0,255.0
2026-08-01 03:25:00+08:00,TAIFEX:CCF1!,124.0,124.0,123.0,123.5,328.0
2026-08-01 04:25:00+08:00,TAIFEX:CCF1!,123.5,124.0,123.0,123.5,147.0
2026-08-03 08:45:00+08:00,TAIFEX:CCF1!,123.5,126.5,117.5,119.0,27537.0
2026-08-03 09:45:00+08:00,TAIFEX:CCF1!,119.0,122.5,118.5,118.5,13300.0
2026-08-03 10:45:00+08:00,TAIFEX:CCF1!,118.5,120.0,118.0,119.5,4514.0
2026-08-03 11:45:00+08:00,TAIFEX:CCF1!,119.5,120.0,116.5,117.0,5275.0
2026-08-03 12:45:00+08:00,TAIFEX:CCF1!,117.5,119.0,116.5,118.0,7025.0
2026-08-03 17:25:00+08:00,TAIFEX:CCF1!,116.0,116.5,111.0,111.0,1861.0
2026-08-03 18:25:00+08:00,TAIFEX:CCF1!,111.5,113.0,111.0,112.0,772.0
2026-08-03 19:25:00+08:00,TAIFEX:CCF1!,112.0,112.0,110.0,112.0,1061.0
2026-08-03 20:25:00+08:00,TAIFEX:CCF1!,111.5,112.5,110.5,112.0,630.0
2026-08-03 21:25:00+08:00,TAIFEX:CCF1!,112.0,116.5,111.5,115.5,3788.0
2026-08-03 22:25:00+08:00,TAIFEX:CCF1!,116.0,118.5,115.5,116.5,2915.0
2026-08-03 23:25:00+08:00,TAIFEX:CCF1!,116.5,118.0,115.5,117.5,1241.0
2026-08-04 00:25:00+08:00,TAIFEX:CCF1!,117.5,118.0,116.5,118.0,327.0
2026-08-04 01:25:00+08:00,TAIFEX:CCF1!,118.0,119.5,118.0,119.0,518.0
2026-08-04 02:25:00+08:00,TAIFEX:CCF1!,118.5,119.5,118.0,119.0,397.0
2026-08-04 03:25:00+08:00,TAIFEX:CCF1!,119.0,120.0,118.5,120.0,183.0
2026-08-04 04:25:00+08:00,TAIFEX:CCF1!,120.0,120.0,118.5,119.5,146.0
2026-08-04 08:45:00+08:00,TAIFEX:CCF1!,119.0,119.5,115.5,119.0,15320.0
2026-08-04 09:45:00+08:00,TAIFEX:CCF1!,119.0,120.0,117.5,119.0,6954.0
2026-08-04 10:45:00+08:00,TAIFEX:CCF1!,118.5,119.5,117.0,118.5,7638.0
2026-08-04 11:45:00+08:00,TAIFEX:CCF1!,118.5,118.5,117.0,117.5,1985.0
2026-08-04 12:45:00+08:00,TAIFEX:CCF1!,117.5,121.0,117.5,121.0,5342.0
2026-08-04 17:25:00+08:00,TAIFEX:CCF1!,120.5,124.5,120.5,124.5,2036.0
2026-08-04 18:25:00+08:00,TAIFEX:CCF1!,124.5,129.5,124.5,128.5,2705.0
2026-08-04 19:25:00+08:00,TAIFEX:CCF1!,128.5,131.0,128.5,130.0,2987.0
2026-08-04 20:25:00+08:00,TAIFEX:CCF1!,130.0,130.0,129.0,129.5,763.0
2026-08-04 21:25:00+08:00,TAIFEX:CCF1!,129.5,131.0,128.0,129.5,2920.0
2026-08-04 22:25:00+08:00,TAIFEX:CCF1!,129.5,131.5,129.5,130.5,1443.0
2026-08-04 23:25:00+08:00,TAIFEX:CCF1!,130.5,131.0,130.5,131.0,792.0
2026-08-05 00:25:00+08:00,TAIFEX:CCF1!,131.0,131.5,130.5,131.5,664.0
2026-08-05 01:25:00+08:00,TAIFEX:CCF1!,131.5,132.0,131.0,132.0,754.0
2026-08-05 02:25:00+08:00,TAIFEX:CCF1!,132.0,132.0,131.0,132.0,395.0
2026-08-05 03:25:00+08:00,TAIFEX:CCF1!,131.5,132.0,130.5,131.0,422.0
2026-08-05 04:25:00+08:00,TAIFEX:CCF1!,131.0,132.0,130.5,131.5,596.0
2026-08-05 08:45:00+08:00,TAIFEX:CCF1!,131.0,131.0,122.0,123.0,27644.0
2026-08-05 09:45:00+08:00,TAIFEX:CCF1!,123.5,125.5,123.0,123.5,10750.0
2026-08-05 10:45:00+08:00,TAIFEX:CCF1!,123.5,124.0,121.0,123.5,7747.0
2026-08-05 11:45:00+08:00,TAIFEX:CCF1!,123.5,124.5,122.0,123.0,4215.0
2026-08-05 12:45:00+08:00,TAIFEX:CCF1!,123.0,124.0,121.5,122.5,3446.0
2026-08-05 17:25:00+08:00,TAIFEX:CCF1!,120.5,124.0,120.0,124.0,702.0
2026-08-05 18:25:00+08:00,TAIFEX:CCF1!,124.0,125.0,123.5,124.5,388.0
2026-08-05 19:25:00+08:00,TAIFEX:CCF1!,124.5,125.5,123.5,124.0,559.0
2026-08-05 20:25:00+08:00,TAIFEX:CCF1!,124.5,124.5,123.5,123.5,257.0
2026-08-05 21:25:00+08:00,TAIFEX:CCF1!,124.0,126.0,123.5,124.5,2031.0
2026-08-05 22:25:00+08:00,TAIFEX:CCF1!,124.5,124.5,122.5,123.5,1195.0
2026-08-05 23:25:00+08:00,TAIFEX:CCF1!,123.5,124.5,123.0,123.5,428.0
2026-08-06 00:25:00+08:00,TAIFEX:CCF1!,124.0,124.0,123.0,123.5,151.0
2026-08-06 01:25:00+08:00,TAIFEX:CCF1!,123.5,123.5,123.0,123.5,121.0
2026-08-06 02:25:00+08:00,TAIFEX:CCF1!,123.5,123.5,123.0,123.5,189.0
2026-08-06 03:25:00+08:00,TAIFEX:CCF1!,123.5,124.0,122.5,122.5,284.0
2026-08-06 04:25:00+08:00,TAIFEX:CCF1!,122.5,123.5,122.5,123.0,47.0
2026-08-06 08:45:00+08:00,TAIFEX:CCF1!,122.0,123.5,118.0,120.0,11271.0
2026-08-06 09:45:00+08:00,TAIFEX:CCF1!,119.5,121.0,118.0,121.0,5138.0
2026-08-06 10:45:00+08:00,TAIFEX:CCF1!,121.0,121.5,119.5,120.0,2455.0
2026-08-06 11:45:00+08:00,TAIFEX:CCF1!,120.0,121.0,119.5,120.0,2769.0
2026-08-06 12:45:00+08:00,TAIFEX:CCF1!,120.5,122.5,120.0,122.5,2910.0
2026-08-06 17:25:00+08:00,TAIFEX:CCF1!,122.0,123.0,121.5,123.0,560.0
2026-08-06 18:25:00+08:00,TAIFEX:CCF1!,123.0,123.0,121.5,122.0,578.0
2026-08-06 19:25:00+08:00,TAIFEX:CCF1!,122.0,122.5,121.0,121.5,357.0
2026-08-06 20:25:00+08:00,TAIFEX:CCF1!,122.0,122.0,121.0,121.5,328.0
2026-08-06 21:25:00+08:00,TAIFEX:CCF1!,121.5,123.5,120.0,123.0,2163.0
2026-08-06 22:25:00+08:00,TAIFEX:CCF1!,123.0,123.5,121.5,122.0,2424.0
2026-08-06 23:25:00+08:00,TAIFEX:CCF1!,122.0,122.5,120.5,120.5,1211.0
2026-08-07 00:25:00+08:00,TAIFEX:CCF1!,120.5,121.5,120.5,121.0,363.0
2026-08-07 01:25:00+08:00,TAIFEX:CCF1!,121.0,121.0,120.5,121.0,236.0
2026-08-07 02:25:00+08:00,TAIFEX:CCF1!,121.0,121.0,121.0,121.0,123.0
2026-08-07 03:25:00+08:00,TAIFEX:CCF1!,121.0,121.0,120.5,121.0,73.0
2026-08-07 04:25:00+08:00,TAIFEX:CCF1!,121.0,122.0,120.5,122.0,123.0
2026-08-07 08:45:00+08:00,TAIFEX:CCF1!,122.0,122.0,117.0,117.5,13178.0
2026-08-07 09:45:00+08:00,TAIFEX:CCF1!,118.0,118.5,116.0,116.0,5072.0
2026-08-07 10:45:00+08:00,TAIFEX:CCF1!,116.0,117.0,115.0,115.5,4729.0
2026-08-07 11:45:00+08:00,TAIFEX:CCF1!,115.5,116.0,114.5,115.0,4604.0
2026-08-07 12:45:00+08:00,TAIFEX:CCF1!,114.5,117.0,114.0,116.5,4670.0
2026-08-07 17:25:00+08:00,TAIFEX:CCF1!,118.0,118.5,117.5,117.5,348.0
2026-08-07 18:25:00+08:00,TAIFEX:CCF1!,117.5,117.5,116.5,117.5,305.0
2026-08-07 19:25:00+08:00,TAIFEX:CCF1!,117.5,117.5,117.0,117.0,124.0
2026-08-07 20:25:00+08:00,TAIFEX:CCF1!,117.0,120.0,117.0,118.5,1672.0
2026-08-07 21:25:00+08:00,TAIFEX:CCF1!,118.5,119.0,115.5,117.0,1690.0
2026-08-07 22:25:00+08:00,TAIFEX:CCF1!,117.0,117.5,116.5,117.5,397.0
2026-08-07 23:25:00+08:00,TAIFEX:CCF1!,117.5,118.0,117.5,117.5,283.0
2026-08-08 00:25:00+08:00,TAIFEX:CCF1!,117.5,118.0,117.0,118.0,69.0
2026-08-08 01:25:00+08:00,TAIFEX:CCF1!,117.5,118.0,117.5,117.5,43.0
2026-08-08 02:25:00+08:00,TAIFEX:CCF1!,117.5,117.5,117.5,117.5,49.0
2026-08-08 03:25:00+08:00,TAIFEX:CCF1!,117.5,118.0,117.5,118.0,127.0
2026-08-08 04:25:00+08:00,TAIFEX:CCF1!,118.0,118.5,118.0,118.5,86.0
2026-08-10 08:45:00+08:00,TAIFEX:CCF1!,118.5,122.5,117.0,120.5,8346.0
2026-08-10 09:45:00+08:00,TAIFEX:CCF1!,120.5,123.5,120.5,123.0,6696.0
2026-08-10 10:45:00+08:00,TAIFEX:CCF1!,123.0,124.0,122.5,123.0,5196.0
2026-08-10 11:45:00+08:00,TAIFEX:CCF1!,123.0,123.0,121.5,122.0,2207.0
2026-08-10 12:45:00+08:00,TAIFEX:CCF1!,122.5,123.5,122.0,122.5,2493.0
2026-08-10 17:25:00+08:00,TAIFEX:CCF1!,123.0,123.0,122.0,122.5,210.0
2026-08-10 18:25:00+08:00,TAIFEX:CCF1!,122.5,122.5,121.5,122.5,234.0
2026-08-10 19:25:00+08:00,TAIFEX:CCF1!,122.0,122.5,122.0,122.5,59.0
2026-08-10 20:25:00+08:00,TAIFEX:CCF1!,122.5,122.5,121.5,122.0,144.0
2026-08-10 21:25:00+08:00,TAIFEX:CCF1!,122.0,123.0,121.5,122.0,503.0
2026-08-10 22:25:00+08:00,TAIFEX:CCF1!,122.0,122.5,121.5,122.0,205.0
2026-08-10 23:25:00+08:00,TAIFEX:CCF1!,121.5,122.0,121.5,121.5,426.0
2026-08-11 00:25:00+08:00,TAIFEX:CCF1!,121.5,121.5,120.5,121.0,302.0
2026-08-11 01:25:00+08:00,TAIFEX:CCF1!,121.0,121.5,121.0,121.5,438.0
2026-08-11 02:25:00+08:00,TAIFEX:CCF1!,121.5,122.0,121.5,121.5,60.0
2026-08-11 03:25:00+08:00,TAIFEX:CCF1!,122.0,122.0,121.0,121.0,117.0
2026-08-11 04:25:00+08:00,TAIFEX:CCF1!,121.0,121.5,120.5,120.5,29.0
2026-08-11 08:45:00+08:00,TAIFEX:CCF1!,121.5,124.5,120.5,121.5,8205.0
2026-08-11 09:45:00+08:00,TAIFEX:CCF1!,121.0,122.0,120.0,122.0,3176.0
2026-08-11 10:45:00+08:00,TAIFEX:CCF1!,121.5,123.0,121.0,122.5,2513.0
2026-08-11 11:45:00+08:00,TAIFEX:CCF1!,122.5,123.0,122.5,122.5,1114.0
2026-08-11 12:45:00+08:00,TAIFEX:CCF1!,122.5,123.5,122.5,123.0,1199.0
2026-08-11 17:25:00+08:00,TAIFEX:CCF1!,122.5,123.5,122.5,123.5,234.0
2026-08-11 18:25:00+08:00,TAIFEX:CCF1!,123.5,125.5,123.5,125.0,814.0
2026-08-11 19:25:00+08:00,TAIFEX:CCF1!,124.5,125.0,124.5,124.5,350.0
2026-08-11 20:25:00+08:00,TAIFEX:CCF1!,124.5,125.0,124.0,124.5,339.0
2026-08-11 21:25:00+08:00,TAIFEX:CCF1!,124.5,124.5,122.5,123.0,2031.0
2026-08-11 22:25:00+08:00,TAIFEX:CCF1!,123.0,123.5,122.5,122.5,576.0
2026-08-11 23:25:00+08:00,TAIFEX:CCF1!,122.5,122.5,121.5,122.0,327.0
2026-08-12 00:25:00+08:00,TAIFEX:CCF1!,122.0,122.5,121.0,121.5,406.0
2026-08-12 01:25:00+08:00,TAIFEX:CCF1!,122.0,122.0,121.0,121.5,213.0
2026-08-12 02:25:00+08:00,TAIFEX:CCF1!,121.5,121.5,121.0,121.5,76.0
2026-08-12 03:25:00+08:00,TAIFEX:CCF1!,121.5,122.0,121.0,121.5,72.0
2026-08-12 04:25:00+08:00,TAIFEX:CCF1!,121.5,122.0,121.5,121.5,42.0
2026-08-12 08:45:00+08:00,TAIFEX:CCF1!,122.5,125.5,121.0,123.0,7349.0
2026-08-12 09:45:00+08:00,TAIFEX:CCF1!,123.0,123.5,121.0,122.5,3691.0
2026-08-12 10:45:00+08:00,TAIFEX:CCF1!,123.0,123.5,122.0,122.5,4361.0
2026-08-12 11:45:00+08:00,TAIFEX:CCF1!,122.5,124.0,122.5,123.5,2402.0
2026-08-12 12:45:00+08:00,TAIFEX:CCF1!,123.5,124.5,123.0,124.0,2323.0
2026-08-12 17:25:00+08:00,TAIFEX:CCF1!,125.5,126.5,125.0,126.5,984.0
2026-08-12 18:25:00+08:00,TAIFEX:CCF1!,126.0,126.5,126.0,126.5,234.0
2026-08-12 19:25:00+08:00,TAIFEX:CCF1!,126.5,127.0,126.0,127.0,435.0
2026-08-12 20:25:00+08:00,TAIFEX:CCF1!,127.0,128.0,126.5,127.5,1275.0
2026-08-12 21:25:00+08:00,TAIFEX:CCF1!,127.5,127.5,125.5,125.5,2440.0
2026-08-12 22:25:00+08:00,TAIFEX:CCF1!,125.5,126.0,125.0,126.0,985.0
2026-08-12 23:25:00+08:00,TAIFEX:CCF1!,125.5,126.0,125.5,126.0,156.0
2026-08-13 00:25:00+08:00,TAIFEX:CCF1!,125.5,126.0,125.5,126.0,158.0
2026-08-13 01:25:00+08:00,TAIFEX:CCF1!,125.5,126.0,125.5,126.0,145.0
2026-08-13 02:25:00+08:00,TAIFEX:CCF1!,126.0,126.0,126.0,126.0,52.0
2026-08-13 03:25:00+08:00,TAIFEX:CCF1!,125.5,126.0,125.0,125.5,153.0
2026-08-13 04:25:00+08:00,TAIFEX:CCF1!,125.5,126.0,125.0,125.5,83.0
2026-08-13 08:45:00+08:00,TAIFEX:CCF1!,126.0,131.0,123.5,128.0,17285.0
2026-08-13 09:45:00+08:00,TAIFEX:CCF1!,128.0,129.0,124.5,125.0,6661.0
2026-08-13 10:45:00+08:00,TAIFEX:CCF1!,125.0,125.5,123.5,124.0,5038.0
2026-08-13 11:45:00+08:00,TAIFEX:CCF1!,124.0,125.0,123.5,124.5,3757.0
2026-08-13 12:45:00+08:00,TAIFEX:CCF1!,124.5,125.5,124.5,124.5,2043.0
2026-08-13 17:25:00+08:00,TAIFEX:CCF1!,124.0,125.5,124.0,125.5,301.0
2026-08-13 18:25:00+08:00,TAIFEX:CCF1!,125.5,125.5,125.0,125.0,90.0
2026-08-13 19:25:00+08:00,TAIFEX:CCF1!,125.0,125.5,124.5,125.0,144.0
2026-08-13 20:25:00+08:00,TAIFEX:CCF1!,125.0,125.5,125.0,125.5,210.0
2026-08-13 21:25:00+08:00,TAIFEX:CCF1!,125.5,126.5,125.0,126.0,943.0
2026-08-13 22:25:00+08:00,TAIFEX:CCF1!,126.0,126.5,125.5,126.5,844.0
2026-08-13 23:25:00+08:00,TAIFEX:CCF1!,126.5,126.5,125.5,126.0,262.0
2026-08-14 00:25:00+08:00,TAIFEX:CCF1!,126.0,126.5,126.0,126.5,73.0
2026-08-14 01:25:00+08:00,TAIFEX:CCF1!,126.5,126.5,126.0,126.0,51.0
2026-08-14 02:25:00+08:00,TAIFEX:CCF1!,126.0,126.0,126.0,126.0,69.0
2026-08-14 03:25:00+08:00,TAIFEX:CCF1!,126.0,126.0,125.0,125.5,197.0
2026-08-14 04:25:00+08:00,TAIFEX:CCF1!,125.5,126.5,125.5,125.5,50.0
2026-08-14 08:45:00+08:00,TAIFEX:CCF1!,126.0,126.0,122.5,124.0,8749.0
2026-08-14 09:45:00+08:00,TAIFEX:CCF1!,124.0,125.0,122.5,123.0,4110.0
2026-08-14 10:45:00+08:00,TAIFEX:CCF1!,123.0,123.0,120.5,121.5,4465.0
2026-08-14 11:45:00+08:00,TAIFEX:CCF1!,121.0,122.0,120.5,121.5,1938.0
2026-08-14 12:45:00+08:00,TAIFEX:CCF1!,121.5,122.0,121.0,121.5,2890.0
2026-08-14 17:25:00+08:00,TAIFEX:CCF1!,122.0,122.5,122.0,122.0,239.0
2026-08-14 18:25:00+08:00,TAIFEX:CCF1!,122.0,122.0,121.5,122.0,19.0
2026-08-14 19:25:00+08:00,TAIFEX:CCF1!,121.5,122.0,121.0,121.0,118.0
2026-08-14 20:25:00+08:00,TAIFEX:CCF1!,121.0,122.0,121.0,121.5,64.0
2026-08-14 21:25:00+08:00,TAIFEX:CCF1!,121.0,122.0,120.5,121.0,430.0
2026-08-14 22:25:00+08:00,TAIFEX:CCF1!,121.0,121.0,120.0,120.0,146.0
2026-08-14 23:25:00+08:00,TAIFEX:CCF1!,120.0,121.0,119.5,120.5,250.0
2026-08-15 00:25:00+08:00,TAIFEX:CCF1!,120.5,120.5,120.5,120.5,17.0
2026-08-15 01:25:00+08:00,TAIFEX:CCF1!,120.5,120.5,120.5,120.5,38.0
2026-08-15 02:25:00+08:00,TAIFEX:CCF1!,120.5,121.0,120.5,120.5,139.0
2026-08-15 03:25:00+08:00,TAIFEX:CCF1!,121.0,121.5,121.0,121.0,141.0
2026-08-15 04:25:00+08:00,TAIFEX:CCF1!,121.0,121.5,121.0,121.5,34.0
2026-08-17 08:45:00+08:00,TAIFEX:CCF1!,121.5,124.5,121.5,123.0,7427.0
2026-08-17 09:45:00+08:00,TAIFEX:CCF1!,123.0,124.0,122.5,123.0,3830.0
2026-08-17 10:45:00+08:00,TAIFEX:CCF1!,123.0,123.0,122.0,122.5,1748.0
2026-08-17 11:45:00+08:00,TAIFEX:CCF1!,122.5,123.5,122.0,123.0,1426.0
2026-08-17 12:45:00+08:00,TAIFEX:CCF1!,123.0,123.0,122.0,122.0,1285.0
2026-08-17 17:25:00+08:00,TAIFEX:CCF1!,122.0,122.5,122.0,122.5,52.0
2026-08-17 18:25:00+08:00,TAIFEX:CCF1!,122.5,123.0,122.5,122.5,130.0
2026-08-17 19:25:00+08:00,TAIFEX:CCF1!,123.0,123.0,123.0,123.0,8.0
2026-08-17 20:25:00+08:00,TAIFEX:CCF1!,122.5,122.5,122.0,122.5,180.0
2026-08-17 21:25:00+08:00,TAIFEX:CCF1!,122.5,123.0,122.0,123.0,414.0
2026-08-17 22:25:00+08:00,TAIFEX:CCF1!,123.0,124.5,123.0,124.0,601.0
2026-08-17 23:25:00+08:00,TAIFEX:CCF1!,124.0,124.0,123.5,123.5,72.0
2026-08-18 00:25:00+08:00,TAIFEX:CCF1!,124.0,124.0,123.5,123.5,52.0
2026-08-18 01:25:00+08:00,TAIFEX:CCF1!,123.5,123.5,123.5,123.5,28.0
2026-08-18 02:25:00+08:00,TAIFEX:CCF1!,123.5,123.5,123.0,123.0,8.0
2026-08-18 03:25:00+08:00,TAIFEX:CCF1!,123.0,123.5,123.0,123.0,10.0
2026-08-18 04:25:00+08:00,TAIFEX:CCF1!,123.0,124.0,123.0,124.0,69.0
2026-08-18 08:45:00+08:00,TAIFEX:CCF1!,123.0,123.5,120.5,120.5,5624.0
2026-08-18 09:45:00+08:00,TAIFEX:CCF1!,120.5,121.0,118.5,120.0,5315.0
2026-08-18 10:45:00+08:00,TAIFEX:CCF1!,120.0,120.0,118.5,119.0,2101.0
2026-08-18 11:45:00+08:00,TAIFEX:CCF1!,119.0,119.5,117.5,119.0,2176.0
2026-08-18 12:45:00+08:00,TAIFEX:CCF1!,119.0,119.0,118.0,118.0,1591.0
2026-08-18 17:25:00+08:00,TAIFEX:CCF1!,118.0,118.0,117.0,117.5,198.0
2026-08-18 18:25:00+08:00,TAIFEX:CCF1!,117.5,118.0,117.5,118.0,37.0
2026-08-18 19:25:00+08:00,TAIFEX:CCF1!,118.0,118.5,117.5,118.5,135.0
2026-08-18 20:25:00+08:00,TAIFEX:CCF1!,118.5,118.5,117.5,117.5,125.0
2026-08-18 21:25:00+08:00,TAIFEX:CCF1!,117.5,118.0,116.0,116.5,780.0
2026-08-18 22:25:00+08:00,TAIFEX:CCF1!,116.5,117.0,115.0,116.0,456.0
2026-08-18 23:25:00+08:00,TAIFEX:CCF1!,116.0,116.0,115.5,115.5,84.0
2026-08-19 00:25:00+08:00,TAIFEX:CCF1!,115.5,116.0,115.5,115.5,116.0
2026-08-19 01:25:00+08:00,TAIFEX:CCF1!,115.5,116.0,115.0,116.0,49.0
2026-08-19 02:25:00+08:00,TAIFEX:CCF1!,116.0,116.0,115.5,115.5,25.0
2026-08-19 03:25:00+08:00,TAIFEX:CCF1!,116.0,117.0,115.5,116.5,145.0
2026-08-19 04:25:00+08:00,TAIFEX:CCF1!,116.5,116.5,116.5,116.5,16.0
2026-08-19 08:45:00+08:00,TAIFEX:CCF1!,114.5,116.5,113.0,116.5,6914.0
2026-08-19 09:45:00+08:00,TAIFEX:CCF1!,116.5,117.5,115.0,115.5,5341.0
2026-08-19 10:45:00+08:00,TAIFEX:CCF1!,116.0,116.5,115.5,116.5,2356.0
2026-08-19 11:45:00+08:00,TAIFEX:CCF1!,116.5,117.0,114.5,115.0,2945.0
2026-08-19 12:45:00+08:00,TAIFEX:CCF1!,115.0,116.5,114.5,116.0,2518.0
2026-08-19 17:25:00+08:00,TAIFEX:CCF1!,117.5,117.5,116.5,116.5,465.0
2026-08-19 18:25:00+08:00,TAIFEX:CCF1!,117.0,117.0,116.5,117.0,159.0
2026-08-19 19:25:00+08:00,TAIFEX:CCF1!,117.0,117.5,116.5,117.0,200.0
2026-08-19 20:25:00+08:00,TAIFEX:CCF1!,117.0,119.0,117.0,118.5,406.0
2026-08-19 21:25:00+08:00,TAIFEX:CCF1!,118.5,119.0,115.0,115.5,2418.0
2026-08-19 22:25:00+08:00,TAIFEX:CCF1!,115.5,116.5,115.5,116.5,316.0
2026-08-19 23:25:00+08:00,TAIFEX:CCF1!,116.5,117.0,116.0,117.0,411.0
2026-08-20 00:25:00+08:00,TAIFEX:CCF1!,116.5,116.5,116.0,116.0,116.0
2026-08-20 01:25:00+08:00,TAIFEX:CCF1!,116.5,116.5,116.0,116.5,105.0
2026-08-20 02:25:00+08:00,TAIFEX:CCF1!,116.5,116.5,116.5,116.5,6.0
2026-08-20 03:25:00+08:00,TAIFEX:CCF1!,116.0,116.5,116.0,116.5,18.0
2026-08-20 04:25:00+08:00,TAIFEX:CCF1!,116.5,116.5,116.0,116.0,15.0
2026-08-20 08:45:00+08:00,TAIFEX:CCF1!,116.5,118.0,113.5,115.0,8092.0
2026-08-20 09:45:00+08:00,TAIFEX:CCF1!,115.0,115.5,112.5,113.5,5281.0
2026-08-20 10:45:00+08:00,TAIFEX:CCF1!,113.5,114.5,112.0,114.0,3450.0
2026-08-20 11:45:00+08:00,TAIFEX:CCF1!,114.0,115.5,113.5,115.0,3801.0
2026-08-20 12:45:00+08:00,TAIFEX:CCF1!,115.0,117.0,114.5,117.0,3151.0
2026-08-20 17:25:00+08:00,TAIFEX:CCF1!,116.0,116.0,114.5,115.5,422.0
2026-08-20 18:25:00+08:00,TAIFEX:CCF1!,115.5,115.5,115.0,115.0,80.0
2026-08-20 19:25:00+08:00,TAIFEX:CCF1!,115.0,115.0,112.5,113.5,736.0
2026-08-20 20:25:00+08:00,TAIFEX:CCF1!,113.0,114.5,113.0,114.5,371.0
2026-08-20 21:25:00+08:00,TAIFEX:CCF1!,114.5,115.5,114.0,115.0,707.0
2026-08-20 22:25:00+08:00,TAIFEX:CCF1!,115.0,116.5,115.0,115.5,614.0
2026-08-20 23:25:00+08:00,TAIFEX:CCF1!,115.5,116.0,115.0,115.0,243.0
2026-08-21 00:25:00+08:00,TAIFEX:CCF1!,115.5,115.5,115.0,115.5,178.0
2026-08-21 01:25:00+08:00,TAIFEX:CCF1!,115.0,115.0,115.0,115.0,36.0
2026-08-21 02:25:00+08:00,TAIFEX:CCF1!,115.0,115.5,115.0,115.5,8.0
2026-08-21 03:25:00+08:00,TAIFEX:CCF1!,115.5,115.5,115.5,115.5,44.0
2026-08-21 04:25:00+08:00,TAIFEX:CCF1!,115.5,115.5,115.0,115.0,23.0
2026-08-21 08:45:00+08:00,TAIFEX:CCF1!,115.5,116.5,114.0,115.5,3454.0
2026-08-21 09:45:00+08:00,TAIFEX:CCF1!,115.5,117.5,115.0,117.0,3379.0
2026-08-21 10:45:00+08:00,TAIFEX:CCF1!,116.5,117.5,115.5,116.5,4151.0
2026-08-21 11:45:00+08:00,TAIFEX:CCF1!,116.5,117.5,116.0,116.5,2075.0
2026-08-21 12:45:00+08:00,TAIFEX:CCF1!,116.5,117.5,116.5,117.5,1929.0
2026-08-21 17:25:00+08:00,TAIFEX:CCF1!,119.0,119.0,118.0,118.0,497.0
2026-08-21 18:25:00+08:00,TAIFEX:CCF1!,118.0,118.5,118.0,118.5,65.0
2026-08-21 19:25:00+08:00,TAIFEX:CCF1!,118.5,118.5,118.0,118.5,64.0
2026-08-21 20:25:00+08:00,TAIFEX:CCF1!,118.5,119.0,118.0,118.5,127.0
2026-08-21 21:25:00+08:00,TAIFEX:CCF1!,118.5,118.5,117.5,117.5,919.0
2026-08-21 22:25:00+08:00,TAIFEX:CCF1!,117.5,118.0,117.0,117.5,185.0
2026-08-21 23:25:00+08:00,TAIFEX:CCF1!,118.0,118.5,117.5,118.0,145.0
2026-08-22 00:25:00+08:00,TAIFEX:CCF1!,118.0,118.0,118.0,118.0,43.0
2026-08-22 01:25:00+08:00,TAIFEX:CCF1!,117.5,118.0,117.5,118.0,8.0
2026-08-22 02:25:00+08:00,TAIFEX:CCF1!,118.0,118.0,117.5,117.5,39.0
2026-08-22 03:25:00+08:00,TAIFEX:CCF1!,118.0,118.0,117.5,117.5,96.0
2026-08-22 04:25:00+08:00,TAIFEX:CCF1!,117.5,118.0,117.5,117.5,61.0
2026-08-24 08:45:00+08:00,TAIFEX:CCF1!,118.0,128.5,117.0,127.5,22006.0
2026-08-24 09:45:00+08:00,TAIFEX:CCF1!,127.0,127.5,123.5,126.0,7576.0
2026-08-24 10:45:00+08:00,TAIFEX:CCF1!,126.0,126.5,124.0,125.5,4954.0
2026-08-24 11:45:00+08:00,TAIFEX:CCF1!,125.5,125.5,124.5,125.0,2883.0
2026-08-24 12:45:00+08:00,TAIFEX:CCF1!,125.0,125.5,123.0,124.0,3590.0
2026-08-24 17:25:00+08:00,TAIFEX:CCF1!,124.0,125.0,123.5,124.0,428.0
2026-08-24 18:25:00+08:00,TAIFEX:CCF1!,124.5,124.5,124.0,124.5,99.0
2026-08-24 19:25:00+08:00,TAIFEX:CCF1!,124.5,125.0,124.0,124.5,514.0
2026-08-24 20:25:00+08:00,TAIFEX:CCF1!,124.5,124.5,124.0,124.5,100.0
2026-08-24 21:25:00+08:00,TAIFEX:CCF1!,124.5,124.5,121.0,121.5,2035.0
2026-08-24 22:25:00+08:00,TAIFEX:CCF1!,121.0,122.0,120.5,121.0,1146.0
2026-08-24 23:25:00+08:00,TAIFEX:CCF1!,121.0,122.0,121.0,122.0,786.0
2026-08-25 00:25:00+08:00,TAIFEX:CCF1!,122.0,122.5,121.5,122.0,159.0
2026-08-25 01:25:00+08:00,TAIFEX:CCF1!,122.0,122.5,121.5,122.5,102.0
2026-08-25 02:25:00+08:00,TAIFEX:CCF1!,122.5,122.5,122.0,122.0,16.0
2026-08-25 03:25:00+08:00,TAIFEX:CCF1!,122.0,122.5,122.0,122.0,82.0
2026-08-25 04:25:00+08:00,TAIFEX:CCF1!,122.5,122.5,121.5,122.0,40.0
2026-08-25 08:45:00+08:00,TAIFEX:CCF1!,122.0,123.5,119.5,120.5,9676.0
2026-08-25 09:45:00+08:00,TAIFEX:CCF1!,120.5,121.5,119.0,120.0,5116.0
2026-08-25 10:45:00+08:00,TAIFEX:CCF1!,120.0,122.5,119.5,122.0,3550.0
2026-08-25 11:45:00+08:00,TAIFEX:CCF1!,122.5,123.5,121.5,123.0,3926.0
2026-08-25 12:45:00+08:00,TAIFEX:CCF1!,123.0,126.5,122.5,126.0,4409.0
2026-08-25 17:25:00+08:00,TAIFEX:CCF1!,126.5,126.5,125.5,126.0,551.0
2026-08-25 18:25:00+08:00,TAIFEX:CCF1!,126.0,126.0,125.5,126.0,114.0
2026-08-25 19:25:00+08:00,TAIFEX:CCF1!,126.0,126.5,126.0,126.5,249.0
2026-08-25 20:25:00+08:00,TAIFEX:CCF1!,126.5,126.5,126.0,126.5,223.0
2026-08-25 21:25:00+08:00,TAIFEX:CCF1!,126.5,128.5,126.0,126.5,1672.0
2026-08-25 22:25:00+08:00,TAIFEX:CCF1!,126.5,127.0,125.5,126.0,524.0
2026-08-25 23:25:00+08:00,TAIFEX:CCF1!,126.0,126.5,126.0,126.0,244.0
