timestamp,symbol,open,high,low,close,volume
2026-04-30 17:25:00+08:00,TAIFEX:CCF1!,78.7,79.7,78.7,79.4,208.0
2026-04-30 17:40:00+08:00,TAIFEX:CCF1!,79.4,79.5,79.1,79.3,105.0
2026-04-30 17:55:00+08:00,TAIFEX:CCF1!,79.3,79.5,79.3,79.4,87.0
2026-04-30 18:10:00+08:00,TAIFEX:CCF1!,79.4,79.5,79.3,79.3,61.0
2026-04-30 18:25:00+08:00,TAIFEX:CCF1!,79.3,79.6,79.3,79.5,56.0
2026-04-30 18:40:00+08:00,TAIFEX:CCF1!,79.5,79.5,79.1,79.2,94.0
2026-04-30 18:55:00+08:00,TAIFEX:CCF1!,79.2,79.5,79.2,79.5,53.0
2026-04-30 19:10:00+08:00,TAIFEX:CCF1!,79.6,79.7,79.5,79.6,53.0
2026-04-30 19:25:00+08:00,TAIFEX:CCF1!,79.6,79.7,79.6,79.6,21.0
2026-04-30 19:40:00+08:00,TAIFEX:CCF1!,79.7,79.8,79.6,79.8,52.0
2026-04-30 19:55:00+08:00,TAIFEX:CCF1!,79.8,80.0,79.8,79.8,39.0
2026-04-30 20:10:00+08:00,TAIFEX:CCF1!,79.9,80.0,79.8,79.9,40.0
2026-04-30 20:25:00+08:00,TAIFEX:CCF1!,80.0,80.1,79.8,79.9,62.0
2026-04-30 20:40:00+08:00,TAIFEX:CCF1!,79.8,79.8,79.7,79.8,26.0
2026-04-30 20:55:00+08:00,TAIFEX:CCF1!,79.8,79.8,79.6,79.6,92.0
2026-04-30 21:10:00+08:00,TAIFEX:CCF1!,79.6,79.8,79.6,79.7,34.0
2026-04-30 21:25:00+08:00,TAIFEX:CCF1!,79.7,80.6,79.4,80.4,553.0
2026-04-30 21:40:00+08:00,TAIFEX:CCF1!,80.5,80.5,79.5,79.5,241.0
2026-04-30 21:55:00+08:00,TAIFEX:CCF1!,79.5,79.8,79.5,79.5,101.0
2026-04-30 22:10:00+08:00,TAIFEX:CCF1!,79.5,80.3,79.4,80.3,204.0
2026-04-30 22:25:00+08:00,TAIFEX:CCF1!,80.3,80.7,80.3,80.3,244.0
2026-04-30 22:40:00+08:00,TAIFEX:CCF1!,80.3,80.6,80.2,80.6,155.0
2026-04-30 22:55:00+08:00,TAIFEX:CCF1!,80.6,80.7,80.4,80.5,75.0
2026-04-30 23:10:00+08:00,TAIFEX:CCF1!,80.5,80.5,80.4,80.5,101.0
2026-04-30 23:25:00+08:00,TAIFEX:CCF1!,80.5,80.8,80.4,80.6,112.0
2026-04-30 23:40:00+08:00,TAIFEX:CCF1!,80.6,80.6,80.4,80.5,37.0
2026-04-30 23:55:00+08:00,TAIFEX:CCF1!,80.5,80.7,80.4,80.7,36.0
2026-05-01 00:10:00+08:00,TAIFEX:CCF1!,80.7,80.9,80.7,80.8,87.0
2026-05-01 00:25:00+08:00,TAIFEX:CCF1!,80.8,80.9,80.8,80.9,13.0
2026-05-01 00:40:00+08:00,TAIFEX:CCF1!,80.9,80.9,80.5,80.6,48.0
2026-05-01 00:55:00+08:00,TAIFEX:CCF1!,80.6,80.8,80.6,80.8,9.0
2026-05-01 01:10:00+08:00,TAIFEX:CCF1!,80.8,80.8,80.6,80.7,11.0
2026-05-01 01:25:00+08:00,TAIFEX:CCF1!,80.7,81.3,80.7,81.2,98.0
2026-05-01 01:40:00+08:00,TAIFEX:CCF1!,81.2,81.3,81.1,81.1,53.0
2026-05-01 01:55:00+08:00,TAIFEX:CCF1!,81.1,81.3,81.1,81.3,17.0
2026-05-01 02:10:00+08:00,TAIFEX:CCF1!,81.2,81.3,81.2,81.2,29.0
2026-05-01 02:25:00+08:00,TAIFEX:CCF1!,81.2,81.3,81.2,81.2,13.0
2026-05-01 02:40:00+08:00,TAIFEX:CCF1!,81.2,81.3,81.2,81.3,10.0
2026-05-01 02:55:00+08:00,TAIFEX:CCF1!,81.3,81.4,81.0,81.4,50.0
2026-05-01 03:10:00+08:00,TAIFEX:CCF1!,81.3,81.4,81.2,81.2,18.0
2026-05-01 03:25:00+08:00,TAIFEX:CCF1!,81.3,81.4,81.3,81.4,29.0
2026-05-01 03:40:00+08:00,TAIFEX:CCF1!,81.4,81.6,81.4,81.6,55.0
2026-05-01 03:55:00+08:00,TAIFEX:CCF1!,81.5,81.7,81.0,81.0,56.0
2026-05-01 04:10:00+08:00,TAIFEX:CCF1!,81.0,81.1,81.0,81.0,8.0
2026-05-01 04:25:00+08:00,TAIFEX:CCF1!,81.1,81.1,81.1,81.1,12.0
2026-05-01 04:40:00+08:00,TAIFEX:CCF1!,81.1,81.3,81.0,81.2,51.0
2026-05-01 04:55:00+08:00,TAIFEX:CCF1!,81.2,81.6,81.2,81.6,33.0
2026-05-04 08:45:00+08:00,TAIFEX:CCF1!,80.3,81.5,80.3,80.7,990.0
2026-05-04 09:00:00+08:00,TAIFEX:CCF1!,80.6,81.9,79.7,81.0,3072.0
2026-05-04 09:15:00+08:00,TAIFEX:CCF1!,81.1,83.1,80.8,82.2,3523.0
2026-05-04 09:30:00+08:00,TAIFEX:CCF1!,82.2,82.7,81.4,82.0,1480.0
2026-05-04 09:45:00+08:00,TAIFEX:CCF1!,82.0,82.3,81.1,81.4,1017.0
2026-05-04 10:00:00+08:00,TAIFEX:CCF1!,81.3,82.4,81.1,81.9,771.0
2026-05-04 10:15:00+08:00,TAIFEX:CCF1!,81.9,81.9,81.4,81.6,544.0
2026-05-04 10:30:00+08:00,TAIFEX:CCF1!,81.6,82.0,81.1,81.8,717.0
2026-05-04 10:45:00+08:00,TAIFEX:CCF1!,81.8,83.3,81.8,82.7,2047.0
2026-05-04 11:00:00+08:00,TAIFEX:CCF1!,82.6,82.9,82.3,82.7,465.0
2026-05-04 11:15:00+08:00,TAIFEX:CCF1!,82.6,82.6,81.7,81.9,310.0
2026-05-04 11:30:00+08:00,TAIFEX:CCF1!,81.9,82.1,81.8,81.9,303.0
2026-05-04 11:45:00+08:00,TAIFEX:CCF1!,81.9,82.2,81.7,81.8,428.0
2026-05-04 12:00:00+08:00,TAIFEX:CCF1!,81.9,82.1,81.8,81.9,140.0
2026-05-04 12:15:00+08:00,TAIFEX:CCF1!,81.9,82.0,81.7,81.7,353.0
2026-05-04 12:30:00+08:00,TAIFEX:CCF1!,81.7,82.1,81.7,82.0,216.0
2026-05-04 12:45:00+08:00,TAIFEX:CCF1!,81.9,82.5,81.8,82.5,596.0
2026-05-04 13:00:00+08:00,TAIFEX:CCF1!,82.4,83.0,82.3,82.4,720.0
2026-05-04 13:15:00+08:00,TAIFEX:CCF1!,82.4,82.6,81.8,82.0,857.0
2026-05-04 13:30:00+08:00,TAIFEX:CCF1!,81.9,82.4,81.8,82.4,375.0
2026-05-04 17:25:00+08:00,TAIFEX:CCF1!,82.6,82.6,82.2,82.5,74.0
2026-05-04 17:40:00+08:00,TAIFEX:CCF1!,82.4,82.6,82.4,82.6,9.0
2026-05-04 17:55:00+08:00,TAIFEX:CCF1!,82.6,82.6,81.1,81.5,125.0
2026-05-04 18:10:00+08:00,TAIFEX:CCF1!,81.4,81.5,81.2,81.4,84.0
2026-05-04 18:25:00+08:00,TAIFEX:CCF1!,81.5,82.2,81.5,81.9,91.0
2026-05-04 18:40:00+08:00,TAIFEX:CCF1!,82.0,82.1,81.9,82.0,43.0
2026-05-04 18:55:00+08:00,TAIFEX:CCF1!,82.1,82.1,82.0,82.0,22.0
2026-05-04 19:10:00+08:00,TAIFEX:CCF1!,81.9,82.3,81.9,82.2,55.0
2026-05-04 19:25:00+08:00,TAIFEX:CCF1!,82.2,82.3,82.0,82.0,33.0
2026-05-04 19:40:00+08:00,TAIFEX:CCF1!,82.0,82.1,82.0,82.1,13.0
2026-05-04 19:55:00+08:00,TAIFEX:CCF1!,82.2,82.5,82.1,82.5,28.0
2026-05-04 20:10:00+08:00,TAIFEX:CCF1!,82.5,82.5,82.3,82.5,82.0
2026-05-04 20:25:00+08:00,TAIFEX:CCF1!,82.5,82.6,82.3,82.3,69.0
2026-05-04 20:40:00+08:00,TAIFEX:CCF1!,82.2,82.2,82.2,82.2,6.0
2026-05-04 20:55:00+08:00,TAIFEX:CCF1!,82.2,82.2,82.1,82.2,21.0
2026-05-04 21:10:00+08:00,TAIFEX:CCF1!,82.3,82.4,82.2,82.4,34.0
2026-05-04 21:25:00+08:00,TAIFEX:CCF1!,82.4,82.9,82.4,82.6,245.0
2026-05-04 21:40:00+08:00,TAIFEX:CCF1!,82.6,82.6,82.3,82.4,147.0
2026-05-04 21:55:00+08:00,TAIFEX:CCF1!,82.3,82.5,82.3,82.4,46.0
2026-05-04 22:10:00+08:00,TAIFEX:CCF1!,82.4,82.8,82.4,82.8,103.0
2026-05-04 22:25:00+08:00,TAIFEX:CCF1!,82.8,82.8,82.5,82.6,27.0
2026-05-04 22:40:00+08:00,TAIFEX:CCF1!,82.6,82.6,82.3,82.3,73.0
2026-05-04 22:55:00+08:00,TAIFEX:CCF1!,82.4,82.5,82.1,82.2,99.0
2026-05-04 23:10:00+08:00,TAIFEX:CCF1!,82.1,82.1,81.7,81.7,186.0
2026-05-04 23:25:00+08:00,TAIFEX:CCF1!,81.7,82.2,81.7,81.9,77.0
2026-05-04 23:40:00+08:00,TAIFEX:CCF1!,81.9,81.9,81.5,81.8,143.0
2026-05-04 23:55:00+08:00,TAIFEX:CCF1!,81.8,81.8,81.4,81.5,95.0
2026-05-05 00:10:00+08:00,TAIFEX:CCF1!,81.4,81.7,81.2,81.7,219.0
2026-05-05 00:25:00+08:00,TAIFEX:CCF1!,81.8,82.1,81.7,81.9,92.0
2026-05-05 00:40:00+08:00,TAIFEX:CCF1!,81.8,81.8,81.7,81.8,31.0
2026-05-05 00:55:00+08:00,TAIFEX:CCF1!,81.8,82.1,81.8,82.1,40.0
2026-05-05 01:10:00+08:00,TAIFEX:CCF1!,82.0,82.1,82.0,82.0,23.0
2026-05-05 01:25:00+08:00,TAIFEX:CCF1!,82.0,82.0,81.7,81.7,16.0
2026-05-05 01:40:00+08:00,TAIFEX:CCF1!,81.8,81.9,81.8,81.9,2.0
2026-05-05 01:55:00+08:00,TAIFEX:CCF1!,81.9,81.9,81.9,81.9,2.0
2026-05-05 02:10:00+08:00,TAIFEX:CCF1!,81.9,81.9,81.8,81.8,5.0
2026-05-05 02:25:00+08:00,TAIFEX:CCF1!,81.8,81.9,81.8,81.9,5.0
2026-05-05 02:40:00+08:00,TAIFEX:CCF1!,81.8,81.8,81.8,81.8,1.0
2026-05-05 02:55:00+08:00,TAIFEX:CCF1!,81.7,81.9,81.7,81.9,10.0
2026-05-05 03:10:00+08:00,TAIFEX:CCF1!,81.9,81.9,81.9,81.9,1.0
2026-05-05 03:40:00+08:00,TAIFEX:CCF1!,81.8,81.8,81.8,81.8,1.0
2026-05-05 03:55:00+08:00,TAIFEX:CCF1!,81.8,81.9,81.7,81.9,13.0
2026-05-05 04:10:00+08:00,TAIFEX:CCF1!,81.8,81.8,81.8,81.8,1.0
2026-05-05 04:25:00+08:00,TAIFEX:CCF1!,81.8,81.8,81.8,81.8,2.0
2026-05-05 04:40:00+08:00,TAIFEX:CCF1!,81.8,81.8,81.8,81.8,1.0
2026-05-05 04:55:00+08:00,TAIFEX:CCF1!,81.9,81.9,81.9,81.9,2.0
2026-05-05 08:45:00+08:00,TAIFEX:CCF1!,81.9,81.9,81.2,81.4,406.0
2026-05-05 09:00:00+08:00,TAIFEX:CCF1!,81.4,83.1,80.7,82.8,1842.0
2026-05-05 09:15:00+08:00,TAIFEX:CCF1!,82.8,86.1,82.8,83.9,5373.0
2026-05-05 09:30:00+08:00,TAIFEX:CCF1!,83.9,85.7,83.0,84.5,3468.0
2026-05-05 09:45:00+08:00,TAIFEX:CCF1!,84.5,85.1,84.2,84.5,1101.0
2026-05-05 10:00:00+08:00,TAIFEX:CCF1!,84.5,84.6,83.8,84.2,1251.0
2026-05-05 10:15:00+08:00,TAIFEX:CCF1!,84.2,84.4,84.0,84.2,642.0
2026-05-05 10:30:00+08:00,TAIFEX:CCF1!,84.2,84.3,83.8,84.2,544.0
2026-05-05 10:45:00+08:00,TAIFEX:CCF1!,84.2,84.2,83.6,83.8,445.0
2026-05-05 11:00:00+08:00,TAIFEX:CCF1!,83.8,84.9,83.8,84.7,1010.0
2026-05-05 11:15:00+08:00,TAIFEX:CCF1!,84.8,85.3,84.6,84.7,811.0
2026-05-05 11:30:00+08:00,TAIFEX:CCF1!,84.7,84.8,84.2,84.4,449.0
2026-05-05 11:45:00+08:00,TAIFEX:CCF1!,84.3,84.8,84.2,84.5,402.0
2026-05-05 12:00:00+08:00,TAIFEX:CCF1!,84.4,84.6,84.2,84.3,296.0
2026-05-05 12:15:00+08:00,TAIFEX:CCF1!,84.2,84.5,84.2,84.3,214.0
2026-05-05 12:30:00+08:00,TAIFEX:CCF1!,84.3,84.3,83.4,83.9,711.0
2026-05-05 12:45:00+08:00,TAIFEX:CCF1!,83.9,84.2,83.7,84.1,1388.0
2026-05-05 13:00:00+08:00,TAIFEX:CCF1!,84.1,84.4,83.9,84.2,1110.0
2026-05-05 13:15:00+08:00,TAIFEX:CCF1!,84.2,84.2,83.6,84.1,673.0
2026-05-05 13:30:00+08:00,TAIFEX:CCF1!,84.1,84.1,83.6,83.8,205.0
2026-05-05 17:25:00+08:00,TAIFEX:CCF1!,84.0,84.6,83.9,84.6,91.0
2026-05-05 17:40:00+08:00,TAIFEX:CCF1!,84.6,84.7,84.3,84.6,106.0
2026-05-05 17:55:00+08:00,TAIFEX:CCF1!,84.6,84.7,84.5,84.5,24.0
2026-05-05 18:10:00+08:00,TAIFEX:CCF1!,84.5,84.6,84.5,84.6,14.0
2026-05-05 18:25:00+08:00,TAIFEX:CCF1!,84.6,84.6,84.5,84.6,27.0
2026-05-05 18:40:00+08:00,TAIFEX:CCF1!,84.7,84.8,84.6,84.7,43.0
2026-05-05 18:55:00+08:00,TAIFEX:CCF1!,84.8,85.2,84.7,85.1,110.0
2026-05-05 19:10:00+08:00,TAIFEX:CCF1!,85.0,85.1,84.9,84.9,78.0
2026-05-05 19:25:00+08:00,TAIFEX:CCF1!,84.8,85.0,84.5,84.6,164.0
2026-05-05 19:40:00+08:00,TAIFEX:CCF1!,84.5,84.9,84.5,84.6,54.0
2026-05-05 19:55:00+08:00,TAIFEX:CCF1!,84.6,84.8,84.6,84.8,23.0
2026-05-05 20:10:00+08:00,TAIFEX:CCF1!,84.9,85.1,84.8,85.0,54.0
2026-05-05 20:25:00+08:00,TAIFEX:CCF1!,85.1,85.8,85.1,85.5,180.0
2026-05-05 20:40:00+08:00,TAIFEX:CCF1!,85.5,85.6,85.3,85.4,129.0
2026-05-05 20:55:00+08:00,TAIFEX:CCF1!,85.4,85.7,85.4,85.7,57.0
2026-05-05 21:10:00+08:00,TAIFEX:CCF1!,85.7,85.7,85.5,85.5,53.0
2026-05-05 21:25:00+08:00,TAIFEX:CCF1!,85.5,86.4,85.2,86.3,478.0
2026-05-05 21:40:00+08:00,TAIFEX:CCF1!,86.4,87.1,86.1,87.0,497.0
2026-05-05 21:55:00+08:00,TAIFEX:CCF1!,86.9,87.4,86.7,86.8,524.0
2026-05-05 22:10:00+08:00,TAIFEX:CCF1!,86.9,87.1,86.3,86.8,318.0
2026-05-05 22:25:00+08:00,TAIFEX:CCF1!,86.8,87.6,86.8,87.2,537.0
2026-05-05 22:40:00+08:00,TAIFEX:CCF1!,87.3,87.3,86.7,87.1,271.0
2026-05-05 22:55:00+08:00,TAIFEX:CCF1!,87.1,87.3,87.0,87.1,108.0
2026-05-05 23:10:00+08:00,TAIFEX:CCF1!,87.1,87.3,87.1,87.2,54.0
2026-05-05 23:25:00+08:00,TAIFEX:CCF1!,87.1,87.2,86.9,86.9,111.0
2026-05-05 23:40:00+08:00,TAIFEX:CCF1!,87.0,87.3,87.0,87.2,58.0
2026-05-05 23:55:00+08:00,TAIFEX:CCF1!,87.3,87.4,87.2,87.3,79.0
2026-05-06 00:10:00+08:00,TAIFEX:CCF1!,87.3,87.6,87.2,87.6,132.0
2026-05-06 00:25:00+08:00,TAIFEX:CCF1!,87.6,87.9,87.6,87.6,162.0
2026-05-06 00:40:00+08:00,TAIFEX:CCF1!,87.5,88.0,87.2,87.7,307.0
2026-05-06 00:55:00+08:00,TAIFEX:CCF1!,87.7,87.7,87.5,87.6,36.0
2026-05-06 01:10:00+08:00,TAIFEX:CCF1!,87.6,88.1,87.6,88.1,106.0
2026-05-06 01:25:00+08:00,TAIFEX:CCF1!,88.1,88.3,88.1,88.3,95.0
2026-05-06 01:40:00+08:00,TAIFEX:CCF1!,88.2,88.8,88.2,88.6,142.0
2026-05-06 01:55:00+08:00,TAIFEX:CCF1!,88.7,89.1,88.6,89.0,70.0
2026-05-06 02:10:00+08:00,TAIFEX:CCF1!,89.0,89.1,88.9,89.1,47.0
2026-05-06 02:25:00+08:00,TAIFEX:CCF1!,89.2,89.5,89.1,89.3,55.0
2026-05-06 02:40:00+08:00,TAIFEX:CCF1!,89.2,89.3,89.1,89.2,67.0
2026-05-06 02:55:00+08:00,TAIFEX:CCF1!,89.1,89.1,88.7,88.7,34.0
2026-05-06 03:10:00+08:00,TAIFEX:CCF1!,88.7,88.7,88.4,88.4,27.0
2026-05-06 03:25:00+08:00,TAIFEX:CCF1!,88.4,88.4,88.3,88.3,13.0
2026-05-06 03:40:00+08:00,TAIFEX:CCF1!,88.3,88.4,88.1,88.1,71.0
2026-05-06 03:55:00+08:00,TAIFEX:CCF1!,88.0,88.4,88.0,88.3,41.0
2026-05-06 04:10:00+08:00,TAIFEX:CCF1!,88.2,88.6,88.2,88.6,24.0
2026-05-06 04:25:00+08:00,TAIFEX:CCF1!,88.6,89.0,88.6,88.8,31.0
2026-05-06 04:40:00+08:00,TAIFEX:CCF1!,88.8,88.8,88.5,88.5,24.0
2026-05-06 04:55:00+08:00,TAIFEX:CCF1!,88.5,88.5,88.2,88.2,34.0
2026-05-06 08:45:00+08:00,TAIFEX:CCF1!,88.3,90.4,88.2,89.3,1131.0
2026-05-06 09:00:00+08:00,TAIFEX:CCF1!,89.3,91.9,89.3,91.7,5362.0
2026-05-06 09:15:00+08:00,TAIFEX:CCF1!,91.8,92.1,91.6,92.1,1458.0
2026-05-06 09:30:00+08:00,TAIFEX:CCF1!,92.1,92.1,92.1,92.1,21.0
2026-05-06 09:45:00+08:00,TAIFEX:CCF1!,92.1,92.1,90.0,90.8,4824.0
2026-05-06 10:00:00+08:00,TAIFEX:CCF1!,90.8,91.2,88.2,90.8,3893.0
2026-05-06 10:15:00+08:00,TAIFEX:CCF1!,90.8,90.9,88.8,89.3,2611.0
2026-05-06 10:30:00+08:00,TAIFEX:CCF1!,89.3,90.6,89.2,90.0,1147.0
2026-05-06 10:45:00+08:00,TAIFEX:CCF1!,90.0,90.7,89.6,90.1,831.0
2026-05-06 11:00:00+08:00,TAIFEX:CCF1!,90.2,92.1,89.8,92.1,2981.0
2026-05-06 11:15:00+08:00,TAIFEX:CCF1!,92.1,92.1,92.1,92.1,30.0
2026-05-06 11:30:00+08:00,TAIFEX:CCF1!,92.1,92.1,92.1,92.1,16.0
2026-05-06 11:45:00+08:00,TAIFEX:CCF1!,92.1,92.1,92.1,92.1,11.0
2026-05-06 12:00:00+08:00,TAIFEX:CCF1!,92.1,92.1,92.1,92.1,3.0
2026-05-06 12:15:00+08:00,TAIFEX:CCF1!,92.1,92.1,92.1,92.1,6.0
2026-05-06 12:30:00+08:00,TAIFEX:CCF1!,92.1,92.1,92.1,92.1,8.0
2026-05-06 12:45:00+08:00,TAIFEX:CCF1!,92.1,92.1,92.1,92.1,2.0
2026-05-06 13:00:00+08:00,TAIFEX:CCF1!,92.1,92.1,92.1,92.1,5.0
2026-05-06 13:15:00+08:00,TAIFEX:CCF1!,92.1,92.1,92.1,92.1,1.0
2026-05-06 13:30:00+08:00,TAIFEX:CCF1!,92.1,92.1,92.1,92.1,18.0
2026-05-06 17:25:00+08:00,TAIFEX:CCF1!,95.9,101.0,95.2,98.6,980.0
2026-05-06 17:40:00+08:00,TAIFEX:CCF1!,98.6,99.8,98.6,99.5,383.0
2026-05-06 17:55:00+08:00,TAIFEX:CCF1!,99.4,101.0,99.4,100.5,707.0
2026-05-06 18:10:00+08:00,TAIFEX:CCF1!,100.5,101.0,100.5,101.0,949.0
2026-05-06 18:25:00+08:00,TAIFEX:CCF1!,101.0,101.0,100.5,101.0,355.0
2026-05-06 18:40:00+08:00,TAIFEX:CCF1!,101.0,101.0,100.5,101.0,199.0
2026-05-06 18:55:00+08:00,TAIFEX:CCF1!,100.5,101.0,100.5,101.0,63.0
2026-05-06 19:10:00+08:00,TAIFEX:CCF1!,101.0,101.0,100.5,100.5,102.0
2026-05-06 19:25:00+08:00,TAIFEX:CCF1!,100.5,100.5,100.0,100.5,214.0
2026-05-06 19:40:00+08:00,TAIFEX:CCF1!,100.5,101.0,100.0,100.0,162.0
2026-05-06 19:55:00+08:00,TAIFEX:CCF1!,100.0,100.5,100.0,100.5,38.0
2026-05-06 20:10:00+08:00,TAIFEX:CCF1!,100.5,100.5,99.7,99.8,399.0
2026-05-06 20:25:00+08:00,TAIFEX:CCF1!,99.9,99.9,99.0,99.0,314.0
2026-05-06 20:40:00+08:00,TAIFEX:CCF1!,99.0,99.5,98.9,99.1,202.0
2026-05-06 20:55:00+08:00,TAIFEX:CCF1!,99.2,100.5,98.8,99.8,228.0
2026-05-06 21:10:00+08:00,TAIFEX:CCF1!,99.8,100.5,99.4,100.0,136.0
2026-05-06 21:25:00+08:00,TAIFEX:CCF1!,100.0,100.0,97.6,98.0,1215.0
2026-05-06 21:40:00+08:00,TAIFEX:CCF1!,98.0,98.7,97.8,98.2,482.0
2026-05-06 21:55:00+08:00,TAIFEX:CCF1!,98.2,98.9,96.1,97.3,1115.0
2026-05-06 22:10:00+08:00,TAIFEX:CCF1!,97.3,97.4,95.4,96.5,1040.0
2026-05-06 22:25:00+08:00,TAIFEX:CCF1!,96.5,97.5,95.8,97.5,795.0
2026-05-06 22:40:00+08:00,TAIFEX:CCF1!,97.5,97.9,97.4,97.7,531.0
2026-05-06 22:55:00+08:00,TAIFEX:CCF1!,97.7,97.9,96.7,97.6,436.0
2026-05-06 23:10:00+08:00,TAIFEX:CCF1!,97.6,98.6,97.5,98.2,552.0
2026-05-06 23:25:00+08:00,TAIFEX:CCF1!,98.2,98.8,98.2,98.2,315.0
2026-05-06 23:40:00+08:00,TAIFEX:CCF1!,98.2,98.6,97.7,98.1,228.0
2026-05-06 23:55:00+08:00,TAIFEX:CCF1!,98.1,98.6,97.7,98.3,230.0
2026-05-07 00:10:00+08:00,TAIFEX:CCF1!,98.5,98.6,97.8,97.9,158.0
2026-05-07 00:25:00+08:00,TAIFEX:CCF1!,98.0,98.4,97.9,98.3,108.0
2026-05-07 00:40:00+08:00,TAIFEX:CCF1!,98.3,98.3,97.9,98.0,80.0
2026-05-07 00:55:00+08:00,TAIFEX:CCF1!,97.9,98.5,97.9,98.3,98.0
2026-05-07 01:10:00+08:00,TAIFEX:CCF1!,98.4,98.8,98.4,98.4,195.0
2026-05-07 01:25:00+08:00,TAIFEX:CCF1!,98.4,98.5,98.3,98.4,10.0
2026-05-07 01:40:00+08:00,TAIFEX:CCF1!,98.4,98.5,98.2,98.2,78.0
2026-05-07 01:55:00+08:00,TAIFEX:CCF1!,98.2,99.1,98.2,98.9,126.0
2026-05-07 02:10:00+08:00,TAIFEX:CCF1!,99.0,99.2,98.8,98.9,76.0
2026-05-07 02:25:00+08:00,TAIFEX:CCF1!,98.8,98.8,98.7,98.7,26.0
2026-05-07 02:40:00+08:00,TAIFEX:CCF1!,98.7,98.7,98.5,98.5,35.0
2026-05-07 02:55:00+08:00,TAIFEX:CCF1!,98.5,98.8,98.5,98.7,21.0
2026-05-07 03:10:00+08:00,TAIFEX:CCF1!,98.8,98.9,98.6,98.8,55.0
2026-05-07 03:25:00+08:00,TAIFEX:CCF1!,98.8,99.0,98.8,99.0,12.0
2026-05-07 03:40:00+08:00,TAIFEX:CCF1!,99.0,99.1,98.6,98.7,47.0
2026-05-07 03:55:00+08:00,TAIFEX:CCF1!,98.6,98.9,98.5,98.8,34.0
2026-05-07 04:10:00+08:00,TAIFEX:CCF1!,98.8,99.3,98.8,99.3,28.0
2026-05-07 04:25:00+08:00,TAIFEX:CCF1!,99.3,99.3,99.1,99.1,15.0
2026-05-07 04:40:00+08:00,TAIFEX:CCF1!,99.2,99.4,99.1,99.2,21.0
2026-05-07 04:55:00+08:00,TAIFEX:CCF1!,99.1,99.1,99.0,99.0,14.0
2026-05-07 08:45:00+08:00,TAIFEX:CCF1!,98.5,100.0,98.0,99.5,1667.0
2026-05-07 09:00:00+08:00,TAIFEX:CCF1!,99.4,99.4,94.0,96.1,5534.0
2026-05-07 09:15:00+08:00,TAIFEX:CCF1!,96.3,99.4,95.8,99.4,3445.0
2026-05-07 09:30:00+08:00,TAIFEX:CCF1!,99.5,99.6,97.7,98.7,2773.0
2026-05-07 09:45:00+08:00,TAIFEX:CCF1!,98.8,99.6,98.2,98.2,1982.0
2026-05-07 10:00:00+08:00,TAIFEX:CCF1!,98.3,98.9,97.7,97.9,1123.0
2026-05-07 10:15:00+08:00,TAIFEX:CCF1!,98.0,98.7,97.6,98.5,724.0
2026-05-07 10:30:00+08:00,TAIFEX:CCF1!,98.5,98.5,96.4,96.7,1133.0
2026-05-07 10:45:00+08:00,TAIFEX:CCF1!,96.8,96.9,96.3,96.4,990.0
2026-05-07 11:00:00+08:00,TAIFEX:CCF1!,96.4,97.1,95.7,96.8,1627.0
2026-05-07 11:15:00+08:00,TAIFEX:CCF1!,96.8,97.3,96.4,96.4,370.0
2026-05-07 11:30:00+08:00,TAIFEX:CCF1!,96.5,97.6,96.2,97.5,470.0
2026-05-07 11:45:00+08:00,TAIFEX:CCF1!,97.5,98.2,97.2,97.9,641.0
2026-05-07 12:00:00+08:00,TAIFEX:CCF1!,98.0,98.4,97.7,97.9,711.0
2026-05-07 12:15:00+08:00,TAIFEX:CCF1!,97.9,97.9,97.2,97.3,555.0
2026-05-07 12:30:00+08:00,TAIFEX:CCF1!,97.5,97.6,97.0,97.4,315.0
2026-05-07 12:45:00+08:00,TAIFEX:CCF1!,97.4,97.8,97.3,97.4,290.0
2026-05-07 13:00:00+08:00,TAIFEX:CCF1!,97.5,97.9,97.1,97.4,556.0
2026-05-07 13:15:00+08:00,TAIFEX:CCF1!,97.5,97.5,96.9,97.5,708.0
2026-05-07 13:30:00+08:00,TAIFEX:CCF1!,97.5,97.7,97.0,97.7,367.0
2026-05-07 17:25:00+08:00,TAIFEX:CCF1!,97.8,98.0,96.9,97.0,208.0
2026-05-07 17:40:00+08:00,TAIFEX:CCF1!,97.0,97.3,96.5,96.7,129.0
2026-05-07 17:55:00+08:00,TAIFEX:CCF1!,96.7,97.0,96.7,96.8,31.0
2026-05-07 18:10:00+08:00,TAIFEX:CCF1!,96.8,97.1,96.8,97.1,14.0
2026-05-07 18:25:00+08:00,TAIFEX:CCF1!,97.1,97.1,96.8,97.0,52.0
2026-05-07 18:40:00+08:00,TAIFEX:CCF1!,97.0,97.2,97.0,97.1,36.0
2026-05-07 18:55:00+08:00,TAIFEX:CCF1!,97.0,97.1,97.0,97.0,21.0
2026-05-07 19:10:00+08:00,TAIFEX:CCF1!,97.0,97.0,96.8,96.8,26.0
2026-05-07 19:25:00+08:00,TAIFEX:CCF1!,96.8,97.0,96.7,96.9,111.0
2026-05-07 19:40:00+08:00,TAIFEX:CCF1!,96.9,97.0,96.7,96.7,56.0
2026-05-07 19:55:00+08:00,TAIFEX:CCF1!,96.7,96.8,96.6,96.7,46.0
2026-05-07 20:10:00+08:00,TAIFEX:CCF1!,96.7,96.9,96.5,96.8,47.0
2026-05-07 20:25:00+08:00,TAIFEX:CCF1!,96.7,97.3,96.7,97.3,86.0
2026-05-07 20:40:00+08:00,TAIFEX:CCF1!,97.3,97.8,97.2,97.4,150.0
2026-05-07 20:55:00+08:00,TAIFEX:CCF1!,97.3,97.4,97.2,97.2,57.0
2026-05-07 21:10:00+08:00,TAIFEX:CCF1!,97.2,97.2,97.2,97.2,10.0
2026-05-07 21:25:00+08:00,TAIFEX:CCF1!,97.2,97.6,96.4,96.6,301.0
2026-05-07 21:40:00+08:00,TAIFEX:CCF1!,96.7,96.8,95.7,96.5,417.0
2026-05-07 21:55:00+08:00,TAIFEX:CCF1!,96.5,97.0,96.5,97.0,252.0
2026-05-07 22:10:00+08:00,TAIFEX:CCF1!,97.0,97.8,97.0,97.5,376.0
2026-05-07 22:25:00+08:00,TAIFEX:CCF1!,97.6,97.8,97.2,97.5,148.0
2026-05-07 22:40:00+08:00,TAIFEX:CCF1!,97.5,97.7,97.0,97.6,225.0
2026-05-07 22:55:00+08:00,TAIFEX:CCF1!,97.6,97.7,97.2,97.4,129.0
2026-05-07 23:10:00+08:00,TAIFEX:CCF1!,97.4,97.7,97.2,97.4,133.0
2026-05-07 23:25:00+08:00,TAIFEX:CCF1!,97.4,97.7,97.4,97.6,118.0
2026-05-07 23:40:00+08:00,TAIFEX:CCF1!,97.7,97.8,97.0,97.4,196.0
2026-05-07 23:55:00+08:00,TAIFEX:CCF1!,97.3,97.3,96.5,96.7,271.0
2026-05-08 00:10:00+08:00,TAIFEX:CCF1!,96.7,96.8,96.0,96.6,300.0
2026-05-08 00:25:00+08:00,TAIFEX:CCF1!,96.7,96.9,96.3,96.3,84.0
2026-05-08 00:40:00+08:00,TAIFEX:CCF1!,96.3,96.6,96.3,96.6,37.0
2026-05-08 00:55:00+08:00,TAIFEX:CCF1!,96.5,96.7,96.4,96.4,60.0
2026-05-08 01:10:00+08:00,TAIFEX:CCF1!,96.3,96.3,95.4,96.0,252.0
2026-05-08 01:25:00+08:00,TAIFEX:CCF1!,96.2,96.3,95.6,96.2,92.0
2026-05-08 01:40:00+08:00,TAIFEX:CCF1!,96.3,96.3,96.0,96.1,30.0
2026-05-08 01:55:00+08:00,TAIFEX:CCF1!,96.1,96.5,96.1,96.3,61.0
2026-05-08 02:10:00+08:00,TAIFEX:CCF1!,96.3,96.3,96.1,96.1,39.0
2026-05-08 02:25:00+08:00,TAIFEX:CCF1!,96.1,96.1,95.8,95.9,21.0
2026-05-08 02:40:00+08:00,TAIFEX:CCF1!,95.9,96.0,95.7,95.7,6.0
2026-05-08 02:55:00+08:00,TAIFEX:CCF1!,95.8,96.0,95.8,95.8,13.0
2026-05-08 03:10:00+08:00,TAIFEX:CCF1!,96.1,96.1,95.9,95.9,10.0
2026-05-08 03:25:00+08:00,TAIFEX:CCF1!,95.8,96.3,95.8,96.3,7.0
2026-05-08 03:40:00+08:00,TAIFEX:CCF1!,96.2,96.6,96.2,96.6,35.0
2026-05-08 03:55:00+08:00,TAIFEX:CCF1!,96.4,96.4,96.4,96.4,5.0
2026-05-08 04:10:00+08:00,TAIFEX:CCF1!,96.3,96.5,96.3,96.3,13.0
2026-05-08 04:25:00+08:00,TAIFEX:CCF1!,96.3,96.4,96.3,96.3,5.0
2026-05-08 04:40:00+08:00,TAIFEX:CCF1!,96.2,96.2,95.8,95.9,17.0
2026-05-08 04:55:00+08:00,TAIFEX:CCF1!,95.8,95.8,95.7,95.8,11.0
2026-05-08 08:45:00+08:00,TAIFEX:CCF1!,96.5,96.5,95.4,95.9,542.0
2026-05-08 09:00:00+08:00,TAIFEX:CCF1!,96.2,99.8,96.2,99.2,4128.0
2026-05-08 09:15:00+08:00,TAIFEX:CCF1!,99.2,99.3,97.0,97.1,1819.0
2026-05-08 09:30:00+08:00,TAIFEX:CCF1!,97.3,97.5,94.5,95.3,3350.0
2026-05-08 09:45:00+08:00,TAIFEX:CCF1!,95.3,96.3,94.9,94.9,1494.0
2026-05-08 10:00:00+08:00,TAIFEX:CCF1!,94.9,95.2,91.6,91.8,4721.0
2026-05-08 10:15:00+08:00,TAIFEX:CCF1!,91.8,91.9,90.3,91.1,4849.0
2026-05-08 10:30:00+08:00,TAIFEX:CCF1!,91.0,92.0,90.7,91.8,1511.0
2026-05-08 10:45:00+08:00,TAIFEX:CCF1!,91.9,92.4,91.4,91.4,1306.0
2026-05-08 11:00:00+08:00,TAIFEX:CCF1!,91.4,92.6,91.3,92.6,729.0
2026-05-08 11:15:00+08:00,TAIFEX:CCF1!,92.5,92.5,91.9,92.1,484.0
2026-05-08 11:30:00+08:00,TAIFEX:CCF1!,92.0,92.4,91.9,92.4,626.0
2026-05-08 11:45:00+08:00,TAIFEX:CCF1!,92.3,92.4,91.6,92.4,569.0
2026-05-08 12:00:00+08:00,TAIFEX:CCF1!,92.5,92.8,92.1,92.3,544.0
2026-05-08 12:15:00+08:00,TAIFEX:CCF1!,92.3,92.6,92.0,92.2,283.0
2026-05-08 12:30:00+08:00,TAIFEX:CCF1!,92.2,92.2,91.4,91.5,564.0
2026-05-08 12:45:00+08:00,TAIFEX:CCF1!,91.4,92.4,91.4,92.4,741.0
2026-05-08 13:00:00+08:00,TAIFEX:CCF1!,92.4,92.7,91.6,91.7,616.0
2026-05-08 13:15:00+08:00,TAIFEX:CCF1!,91.7,91.9,91.4,91.8,384.0
2026-05-08 13:30:00+08:00,TAIFEX:CCF1!,91.9,92.0,91.6,91.8,316.0
2026-05-08 17:25:00+08:00,TAIFEX:CCF1!,92.5,92.5,91.8,92.0,121.0
2026-05-08 17:40:00+08:00,TAIFEX:CCF1!,92.0,92.0,91.7,91.7,34.0
2026-05-08 17:55:00+08:00,TAIFEX:CCF1!,91.7,92.1,91.7,92.0,72.0
2026-05-08 18:10:00+08:00,TAIFEX:CCF1!,92.0,92.2,92.0,92.2,32.0
2026-05-08 18:25:00+08:00,TAIFEX:CCF1!,92.2,92.2,92.2,92.2,36.0
2026-05-08 18:40:00+08:00,TAIFEX:CCF1!,92.3,92.4,92.2,92.2,37.0
2026-05-08 18:55:00+08:00,TAIFEX:CCF1!,92.2,92.2,92.0,92.2,47.0
2026-05-08 19:10:00+08:00,TAIFEX:CCF1!,92.2,92.2,92.0,92.1,26.0
2026-05-08 19:25:00+08:00,TAIFEX:CCF1!,92.0,92.1,92.0,92.0,7.0
2026-05-08 19:40:00+08:00,TAIFEX:CCF1!,91.9,92.1,91.9,92.1,16.0
2026-05-08 19:55:00+08:00,TAIFEX:CCF1!,92.0,92.1,92.0,92.0,9.0
2026-05-08 20:10:00+08:00,TAIFEX:CCF1!,92.0,92.1,92.0,92.1,3.0
2026-05-08 20:25:00+08:00,TAIFEX:CCF1!,92.0,92.5,92.0,92.4,63.0
2026-05-08 20:40:00+08:00,TAIFEX:CCF1!,92.3,92.4,92.1,92.1,28.0
2026-05-08 20:55:00+08:00,TAIFEX:CCF1!,92.2,92.3,91.8,91.9,81.0
2026-05-08 21:10:00+08:00,TAIFEX:CCF1!,91.9,92.1,91.9,92.1,16.0
2026-05-08 21:25:00+08:00,TAIFEX:CCF1!,92.0,93.3,91.9,93.1,301.0
2026-05-08 21:40:00+08:00,TAIFEX:CCF1!,93.2,96.0,93.2,94.9,1030.0
2026-05-08 21:55:00+08:00,TAIFEX:CCF1!,95.0,95.6,94.8,94.9,383.0
2026-05-08 22:10:00+08:00,TAIFEX:CCF1!,95.0,95.0,94.2,94.8,392.0
2026-05-08 22:25:00+08:00,TAIFEX:CCF1!,94.8,95.1,94.3,94.9,212.0
2026-05-08 22:40:00+08:00,TAIFEX:CCF1!,94.8,95.8,94.8,95.6,249.0
2026-05-08 22:55:00+08:00,TAIFEX:CCF1!,95.5,95.5,95.2,95.4,153.0
2026-05-08 23:10:00+08:00,TAIFEX:CCF1!,95.3,95.4,95.0,95.2,174.0
2026-05-08 23:25:00+08:00,TAIFEX:CCF1!,95.1,95.3,95.1,95.1,70.0
2026-05-08 23:40:00+08:00,TAIFEX:CCF1!,95.1,95.1,94.7,94.9,139.0
2026-05-08 23:55:00+08:00,TAIFEX:CCF1!,94.9,95.2,94.9,95.1,85.0
2026-05-09 00:10:00+08:00,TAIFEX:CCF1!,95.1,95.1,94.9,95.0,39.0
2026-05-09 00:25:00+08:00,TAIFEX:CCF1!,95.0,95.2,94.8,95.0,67.0
2026-05-09 00:40:00+08:00,TAIFEX:CCF1!,95.0,95.1,94.9,95.0,51.0
2026-05-09 00:55:00+08:00,TAIFEX:CCF1!,95.0,95.5,95.0,95.4,133.0
2026-05-09 01:10:00+08:00,TAIFEX:CCF1!,95.4,96.3,95.3,95.9,291.0
2026-05-09 01:25:00+08:00,TAIFEX:CCF1!,95.9,96.7,95.9,96.4,248.0
2026-05-09 01:40:00+08:00,TAIFEX:CCF1!,96.4,97.2,96.2,96.9,171.0
2026-05-09 01:55:00+08:00,TAIFEX:CCF1!,97.0,97.1,96.7,96.8,47.0
2026-05-09 02:10:00+08:00,TAIFEX:CCF1!,96.8,96.9,96.8,96.9,21.0
2026-05-09 02:25:00+08:00,TAIFEX:CCF1!,96.9,96.9,96.7,96.7,31.0
2026-05-09 02:40:00+08:00,TAIFEX:CCF1!,96.6,96.6,96.4,96.4,38.0
2026-05-09 02:55:00+08:00,TAIFEX:CCF1!,96.3,97.2,96.1,97.1,84.0
2026-05-09 03:10:00+08:00,TAIFEX:CCF1!,97.1,97.1,96.9,97.0,49.0
2026-05-09 03:25:00+08:00,TAIFEX:CCF1!,97.0,97.4,96.9,97.3,46.0
2026-05-09 03:40:00+08:00,TAIFEX:CCF1!,97.3,97.3,96.7,96.7,98.0
2026-05-09 03:55:00+08:00,TAIFEX:CCF1!,96.8,97.0,96.6,96.8,21.0
2026-05-09 04:10:00+08:00,TAIFEX:CCF1!,96.6,96.6,96.6,96.6,10.0
2026-05-09 04:25:00+08:00,TAIFEX:CCF1!,96.6,97.0,96.6,97.0,21.0
2026-05-09 04:40:00+08:00,TAIFEX:CCF1!,97.0,97.0,96.6,96.6,33.0
2026-05-09 04:55:00+08:00,TAIFEX:CCF1!,96.6,96.7,96.5,96.6,28.0
2026-05-11 08:45:00+08:00,TAIFEX:CCF1!,96.4,96.7,94.3,95.4,1160.0
2026-05-11 09:00:00+08:00,TAIFEX:CCF1!,95.3,95.8,92.6,94.6,2056.0
2026-05-11 09:15:00+08:00,TAIFEX:CCF1!,94.7,97.0,94.4,96.2,2578.0
2026-05-11 09:30:00+08:00,TAIFEX:CCF1!,96.3,96.7,95.5,95.8,1128.0
2026-05-11 09:45:00+08:00,TAIFEX:CCF1!,95.8,96.6,95.5,95.8,861.0
2026-05-11 10:00:00+08:00,TAIFEX:CCF1!,95.9,95.9,94.7,95.0,837.0
2026-05-11 10:15:00+08:00,TAIFEX:CCF1!,94.9,95.1,94.4,94.8,598.0
2026-05-11 10:30:00+08:00,TAIFEX:CCF1!,94.8,95.7,94.4,95.5,482.0
2026-05-11 10:45:00+08:00,TAIFEX:CCF1!,95.6,96.1,94.9,95.8,472.0
2026-05-11 11:00:00+08:00,TAIFEX:CCF1!,95.8,96.3,95.5,95.7,396.0
2026-05-11 11:15:00+08:00,TAIFEX:CCF1!,95.7,95.8,95.3,95.4,221.0
2026-05-11 11:30:00+08:00,TAIFEX:CCF1!,95.5,95.8,95.2,95.4,309.0
2026-05-11 11:45:00+08:00,TAIFEX:CCF1!,95.3,95.4,95.1,95.4,185.0
2026-05-11 12:00:00+08:00,TAIFEX:CCF1!,95.5,95.5,95.2,95.2,143.0
2026-05-11 12:15:00+08:00,TAIFEX:CCF1!,95.3,95.6,95.1,95.2,500.0
2026-05-11 12:30:00+08:00,TAIFEX:CCF1!,95.1,95.6,95.1,95.5,272.0
2026-05-11 12:45:00+08:00,TAIFEX:CCF1!,95.5,95.6,95.4,95.5,504.0
2026-05-11 13:00:00+08:00,TAIFEX:CCF1!,95.5,96.2,95.5,96.2,1605.0
2026-05-11 13:15:00+08:00,TAIFEX:CCF1!,96.2,96.6,95.9,96.1,805.0
2026-05-11 13:30:00+08:00,TAIFEX:CCF1!,96.1,96.4,96.0,96.2,338.0
2026-05-11 17:25:00+08:00,TAIFEX:CCF1!,96.2,97.7,96.1,97.2,290.0
2026-05-11 17:40:00+08:00,TAIFEX:CCF1!,97.1,100.5,97.1,100.5,589.0
2026-05-11 17:55:00+08:00,TAIFEX:CCF1!,100.0,100.5,99.2,99.5,213.0
2026-05-11 18:10:00+08:00,TAIFEX:CCF1!,99.5,99.8,99.3,99.4,159.0
2026-05-11 18:25:00+08:00,TAIFEX:CCF1!,99.3,99.5,99.1,99.4,108.0
2026-05-11 18:40:00+08:00,TAIFEX:CCF1!,99.5,99.8,99.4,99.8,128.0
2026-05-11 18:55:00+08:00,TAIFEX:CCF1!,99.8,100.5,99.7,100.5,233.0
2026-05-11 19:10:00+08:00,TAIFEX:CCF1!,100.5,101.0,100.0,100.5,196.0
2026-05-11 19:25:00+08:00,TAIFEX:CCF1!,100.5,101.0,100.5,100.5,140.0
2026-05-11 19:40:00+08:00,TAIFEX:CCF1!,100.0,100.5,100.0,100.5,17.0
2026-05-11 19:55:00+08:00,TAIFEX:CCF1!,100.5,100.5,99.9,100.0,111.0
2026-05-11 20:10:00+08:00,TAIFEX:CCF1!,100.0,100.5,100.0,100.5,46.0
2026-05-11 20:25:00+08:00,TAIFEX:CCF1!,100.5,101.0,100.5,101.0,86.0
2026-05-11 20:40:00+08:00,TAIFEX:CCF1!,100.5,101.0,100.0,100.5,166.0
2026-05-11 20:55:00+08:00,TAIFEX:CCF1!,100.5,100.5,100.5,100.5,73.0
2026-05-11 21:10:00+08:00,TAIFEX:CCF1!,100.5,101.0,100.5,100.5,48.0
2026-05-11 21:25:00+08:00,TAIFEX:CCF1!,100.0,101.0,99.8,100.0,329.0
2026-05-11 21:40:00+08:00,TAIFEX:CCF1!,100.0,100.0,99.0,99.2,607.0
2026-05-11 21:55:00+08:00,TAIFEX:CCF1!,99.2,99.3,97.5,99.1,643.0
2026-05-11 22:10:00+08:00,TAIFEX:CCF1!,99.0,99.7,98.9,99.3,307.0
2026-05-11 22:25:00+08:00,TAIFEX:CCF1!,99.3,99.5,98.7,99.3,271.0
2026-05-11 22:40:00+08:00,TAIFEX:CCF1!,99.3,100.0,99.3,99.9,314.0
2026-05-11 22:55:00+08:00,TAIFEX:CCF1!,99.9,99.9,99.4,99.6,143.0
2026-05-11 23:10:00+08:00,TAIFEX:CCF1!,99.5,99.5,99.1,99.3,140.0
2026-05-11 23:25:00+08:00,TAIFEX:CCF1!,99.4,99.6,99.4,99.4,57.0
2026-05-11 23:40:00+08:00,TAIFEX:CCF1!,99.4,99.5,99.2,99.5,49.0
2026-05-11 23:55:00+08:00,TAIFEX:CCF1!,99.6,100.0,99.4,99.8,113.0
2026-05-12 00:10:00+08:00,TAIFEX:CCF1!,99.8,99.8,99.4,99.5,45.0
2026-05-12 00:25:00+08:00,TAIFEX:CCF1!,99.5,99.5,99.3,99.3,16.0
2026-05-12 00:40:00+08:00,TAIFEX:CCF1!,99.2,99.4,98.8,99.3,162.0
2026-05-12 00:55:00+08:00,TAIFEX:CCF1!,99.3,99.4,99.2,99.4,15.0
2026-05-12 01:10:00+08:00,TAIFEX:CCF1!,99.4,99.4,99.1,99.2,53.0
2026-05-12 01:25:00+08:00,TAIFEX:CCF1!,99.3,99.4,99.3,99.3,23.0
2026-05-12 01:40:00+08:00,TAIFEX:CCF1!,99.3,99.3,99.3,99.3,8.0
2026-05-12 01:55:00+08:00,TAIFEX:CCF1!,99.3,99.3,99.3,99.3,4.0
2026-05-12 02:10:00+08:00,TAIFEX:CCF1!,99.4,99.4,99.2,99.4,31.0
2026-05-12 02:25:00+08:00,TAIFEX:CCF1!,99.5,99.6,99.5,99.5,92.0
2026-05-12 02:40:00+08:00,TAIFEX:CCF1!,99.5,99.5,99.5,99.5,40.0
2026-05-12 02:55:00+08:00,TAIFEX:CCF1!,99.5,99.6,99.4,99.6,58.0
2026-05-12 03:10:00+08:00,TAIFEX:CCF1!,99.4,99.4,99.4,99.4,5.0
2026-05-12 03:25:00+08:00,TAIFEX:CCF1!,99.3,99.3,99.2,99.2,74.0
2026-05-12 03:40:00+08:00,TAIFEX:CCF1!,99.1,99.3,99.1,99.2,12.0
2026-05-12 03:55:00+08:00,TAIFEX:CCF1!,99.2,99.2,99.1,99.1,50.0
2026-05-12 04:10:00+08:00,TAIFEX:CCF1!,99.1,99.1,99.1,99.1,5.0
2026-05-12 04:25:00+08:00,TAIFEX:CCF1!,99.1,99.1,99.1,99.1,8.0
2026-05-12 04:40:00+08:00,TAIFEX:CCF1!,99.2,99.2,99.0,99.1,24.0
2026-05-12 04:55:00+08:00,TAIFEX:CCF1!,99.1,99.1,98.9,98.9,34.0
2026-05-12 08:45:00+08:00,TAIFEX:CCF1!,98.8,99.2,97.9,98.0,505.0
2026-05-12 09:00:00+08:00,TAIFEX:CCF1!,97.9,98.9,96.0,97.3,3285.0
2026-05-12 09:15:00+08:00,TAIFEX:CCF1!,97.4,97.4,95.7,96.7,2122.0
2026-05-12 09:30:00+08:00,TAIFEX:CCF1!,96.7,96.8,94.7,96.5,3803.0
2026-05-12 09:45:00+08:00,TAIFEX:CCF1!,96.5,100.5,96.5,100.5,7760.0
2026-05-12 10:00:00+08:00,TAIFEX:CCF1!,100.5,101.0,98.7,99.8,4749.0
2026-05-12 10:15:00+08:00,TAIFEX:CCF1!,99.7,101.0,99.3,101.0,2419.0
2026-05-12 10:30:00+08:00,TAIFEX:CCF1!,101.0,102.5,99.8,102.5,2338.0
2026-05-12 10:45:00+08:00,TAIFEX:CCF1!,102.5,105.5,101.5,104.5,4719.0
2026-05-12 11:00:00+08:00,TAIFEX:CCF1!,104.5,105.5,103.0,104.5,2272.0
2026-05-12 11:15:00+08:00,TAIFEX:CCF1!,105.0,105.0,104.0,104.5,680.0
2026-05-12 11:30:00+08:00,TAIFEX:CCF1!,104.0,105.5,104.0,105.0,1225.0
2026-05-12 11:45:00+08:00,TAIFEX:CCF1!,105.0,105.5,104.5,105.5,565.0
2026-05-12 12:00:00+08:00,TAIFEX:CCF1!,105.5,105.5,105.5,105.5,170.0
2026-05-12 12:15:00+08:00,TAIFEX:CCF1!,105.5,105.5,105.5,105.5,338.0
2026-05-12 12:30:00+08:00,TAIFEX:CCF1!,105.5,105.5,105.5,105.5,55.0
2026-05-12 12:45:00+08:00,TAIFEX:CCF1!,105.5,105.5,105.0,105.5,1626.0
2026-05-12 13:00:00+08:00,TAIFEX:CCF1!,105.5,105.5,105.0,105.5,2470.0
2026-05-12 13:15:00+08:00,TAIFEX:CCF1!,105.5,105.5,105.5,105.5,44.0
2026-05-12 13:30:00+08:00,TAIFEX:CCF1!,105.5,105.5,103.5,103.5,1482.0
2026-05-12 17:25:00+08:00,TAIFEX:CCF1!,103.5,105.5,102.0,105.0,744.0
2026-05-12 17:40:00+08:00,TAIFEX:CCF1!,105.0,105.5,105.0,105.0,145.0
2026-05-12 17:55:00+08:00,TAIFEX:CCF1!,105.0,105.5,105.0,105.5,90.0
2026-05-12 18:10:00+08:00,TAIFEX:CCF1!,105.5,105.5,105.0,105.5,22.0
2026-05-12 18:25:00+08:00,TAIFEX:CCF1!,105.0,105.0,104.0,104.5,165.0
2026-05-12 18:40:00+08:00,TAIFEX:CCF1!,104.0,104.5,103.5,104.0,253.0
2026-05-12 18:55:00+08:00,TAIFEX:CCF1!,104.0,104.0,103.0,103.5,161.0
2026-05-12 19:10:00+08:00,TAIFEX:CCF1!,104.0,104.0,102.0,102.0,244.0
2026-05-12 19:25:00+08:00,TAIFEX:CCF1!,102.0,103.5,102.0,103.0,132.0
2026-05-12 19:40:00+08:00,TAIFEX:CCF1!,103.0,103.5,103.0,103.0,128.0
2026-05-12 19:55:00+08:00,TAIFEX:CCF1!,103.0,103.5,102.5,103.0,64.0
2026-05-12 20:10:00+08:00,TAIFEX:CCF1!,103.0,103.0,102.5,102.5,37.0
2026-05-12 20:25:00+08:00,TAIFEX:CCF1!,102.5,104.0,102.5,104.0,159.0
2026-05-12 20:40:00+08:00,TAIFEX:CCF1!,104.0,104.5,103.5,104.0,92.0
2026-05-12 20:55:00+08:00,TAIFEX:CCF1!,104.0,104.0,103.0,103.0,73.0
2026-05-12 21:10:00+08:00,TAIFEX:CCF1!,103.0,103.5,103.0,103.0,92.0
2026-05-12 21:25:00+08:00,TAIFEX:CCF1!,103.5,104.5,102.5,104.5,323.0
2026-05-12 21:40:00+08:00,TAIFEX:CCF1!,104.5,105.0,104.0,104.5,575.0
2026-05-12 21:55:00+08:00,TAIFEX:CCF1!,104.0,104.0,102.5,103.0,412.0
2026-05-12 22:10:00+08:00,TAIFEX:CCF1!,103.0,104.0,103.0,103.5,238.0
2026-05-12 22:25:00+08:00,TAIFEX:CCF1!,103.5,103.5,101.5,103.0,646.0
2026-05-12 22:40:00+08:00,TAIFEX:CCF1!,103.0,103.5,101.5,102.0,322.0
2026-05-12 22:55:00+08:00,TAIFEX:CCF1!,102.5,102.5,101.5,102.0,437.0
2026-05-12 23:10:00+08:00,TAIFEX:CCF1!,102.0,102.0,100.5,100.5,692.0
2026-05-12 23:25:00+08:00,TAIFEX:CCF1!,100.5,101.5,100.0,101.0,870.0
2026-05-12 23:40:00+08:00,TAIFEX:CCF1!,101.0,101.5,100.5,100.5,280.0
2026-05-12 23:55:00+08:00,TAIFEX:CCF1!,100.5,101.0,99.9,101.0,356.0
2026-05-13 00:10:00+08:00,TAIFEX:CCF1!,101.0,101.5,100.5,101.0,54.0
2026-05-13 00:25:00+08:00,TAIFEX:CCF1!,100.5,100.5,100.0,100.0,85.0
2026-05-13 00:40:00+08:00,TAIFEX:CCF1!,100.0,100.0,99.8,100.0,295.0
2026-05-13 00:55:00+08:00,TAIFEX:CCF1!,100.0,101.0,99.8,100.5,243.0
2026-05-13 01:10:00+08:00,TAIFEX:CCF1!,101.0,101.5,101.0,101.0,130.0
2026-05-13 01:25:00+08:00,TAIFEX:CCF1!,100.5,101.0,100.5,100.5,34.0
2026-05-13 01:40:00+08:00,TAIFEX:CCF1!,101.0,101.0,100.5,100.5,2.0
2026-05-13 01:55:00+08:00,TAIFEX:CCF1!,101.0,101.0,101.0,101.0,70.0
2026-05-13 02:10:00+08:00,TAIFEX:CCF1!,101.0,101.0,101.0,101.0,28.0
2026-05-13 02:25:00+08:00,TAIFEX:CCF1!,101.5,101.5,101.0,101.0,161.0
2026-05-13 02:40:00+08:00,TAIFEX:CCF1!,101.0,101.0,101.0,101.0,7.0
2026-05-13 02:55:00+08:00,TAIFEX:CCF1!,101.5,101.5,101.0,101.0,14.0
2026-05-13 03:10:00+08:00,TAIFEX:CCF1!,101.5,102.5,101.5,102.0,269.0
2026-05-13 03:25:00+08:00,TAIFEX:CCF1!,102.5,102.5,102.0,102.0,50.0
2026-05-13 03:40:00+08:00,TAIFEX:CCF1!,102.0,102.5,102.0,102.5,106.0
2026-05-13 03:55:00+08:00,TAIFEX:CCF1!,102.0,103.0,101.5,102.0,67.0
2026-05-13 04:10:00+08:00,TAIFEX:CCF1!,102.0,102.5,102.0,102.5,23.0
2026-05-13 04:25:00+08:00,TAIFEX:CCF1!,102.5,102.5,102.5,102.5,3.0
2026-05-13 04:40:00+08:00,TAIFEX:CCF1!,102.5,103.0,102.5,103.0,34.0
2026-05-13 04:55:00+08:00,TAIFEX:CCF1!,103.0,103.0,102.5,102.5,10.0
2026-05-13 08:45:00+08:00,TAIFEX:CCF1!,101.5,103.0,101.0,102.5,1796.0
2026-05-13 09:00:00+08:00,TAIFEX:CCF1!,102.5,102.5,98.9,99.5,8165.0
2026-05-13 09:15:00+08:00,TAIFEX:CCF1!,99.4,99.6,97.1,98.1,5509.0
2026-05-13 09:30:00+08:00,TAIFEX:CCF1!,98.1,99.0,98.0,98.3,2185.0
2026-05-13 09:45:00+08:00,TAIFEX:CCF1!,98.4,98.8,97.7,98.5,1705.0
2026-05-13 10:00:00+08:00,TAIFEX:CCF1!,98.5,98.8,97.8,98.6,2350.0
2026-05-13 10:15:00+08:00,TAIFEX:CCF1!,98.5,99.0,97.3,97.7,2027.0
2026-05-13 10:30:00+08:00,TAIFEX:CCF1!,97.8,97.8,95.4,95.4,5154.0
2026-05-13 10:45:00+08:00,TAIFEX:CCF1!,95.4,96.1,95.0,95.9,3505.0
2026-05-13 11:00:00+08:00,TAIFEX:CCF1!,95.7,96.5,95.4,96.4,1012.0
2026-05-13 11:15:00+08:00,TAIFEX:CCF1!,96.4,97.0,95.8,97.0,1541.0
2026-05-13 11:30:00+08:00,TAIFEX:CCF1!,97.0,99.4,96.7,99.2,5173.0
2026-05-13 11:45:00+08:00,TAIFEX:CCF1!,99.2,100.5,98.7,98.9,4563.0
2026-05-13 12:00:00+08:00,TAIFEX:CCF1!,98.9,100.5,98.9,99.5,1176.0
2026-05-13 12:15:00+08:00,TAIFEX:CCF1!,99.6,99.6,98.6,99.0,1098.0
2026-05-13 12:30:00+08:00,TAIFEX:CCF1!,98.9,99.9,98.9,99.1,781.0
2026-05-13 12:45:00+08:00,TAIFEX:CCF1!,99.1,99.2,98.6,99.1,463.0
2026-05-13 13:00:00+08:00,TAIFEX:CCF1!,99.0,100.5,98.9,100.0,747.0
2026-05-13 13:15:00+08:00,TAIFEX:CCF1!,100.0,100.5,99.4,99.6,1962.0
2026-05-13 13:30:00+08:00,TAIFEX:CCF1!,99.6,99.9,99.2,99.6,344.0
2026-05-13 17:25:00+08:00,TAIFEX:CCF1!,100.5,100.5,100.0,100.0,165.0
2026-05-13 17:40:00+08:00,TAIFEX:CCF1!,100.0,100.5,100.0,100.5,25.0
2026-05-13 17:55:00+08:00,TAIFEX:CCF1!,100.0,101.0,100.0,101.0,138.0
2026-05-13 18:10:00+08:00,TAIFEX:CCF1!,101.0,101.0,100.5,100.5,103.0
2026-05-13 18:25:00+08:00,TAIFEX:CCF1!,100.5,101.0,100.5,100.5,40.0
2026-05-13 18:40:00+08:00,TAIFEX:CCF1!,100.5,100.5,100.5,100.5,39.0
2026-05-13 18:55:00+08:00,TAIFEX:CCF1!,100.5,100.5,100.0,100.5,12.0
2026-05-13 19:10:00+08:00,TAIFEX:CCF1!,100.0,100.5,100.0,100.5,5.0
2026-05-13 19:25:00+08:00,TAIFEX:CCF1!,100.0,100.5,100.0,100.5,72.0
2026-05-13 19:40:00+08:00,TAIFEX:CCF1!,100.5,100.5,100.5,100.5,24.0
2026-05-13 19:55:00+08:00,TAIFEX:CCF1!,100.5,100.5,100.0,100.5,8.0
2026-05-13 20:10:00+08:00,TAIFEX:CCF1!,100.5,100.5,100.5,100.5,10.0
2026-05-13 20:25:00+08:00,TAIFEX:CCF1!,100.5,100.5,99.2,99.2,290.0
2026-05-13 20:40:00+08:00,TAIFEX:CCF1!,99.2,99.9,99.1,99.6,81.0
2026-05-13 20:55:00+08:00,TAIFEX:CCF1!,99.6,100.0,99.5,100.0,56.0
2026-05-13 21:10:00+08:00,TAIFEX:CCF1!,100.0,100.5,100.0,100.0,74.0
2026-05-13 21:25:00+08:00,TAIFEX:CCF1!,100.0,101.5,100.0,100.5,566.0
2026-05-13 21:40:00+08:00,TAIFEX:CCF1!,101.0,102.0,100.0,102.0,677.0
2026-05-13 21:55:00+08:00,TAIFEX:CCF1!,101.5,101.5,101.0,101.0,92.0
2026-05-13 22:10:00+08:00,TAIFEX:CCF1!,101.0,101.5,100.5,101.5,73.0
2026-05-13 22:25:00+08:00,TAIFEX:CCF1!,101.5,101.5,101.5,101.5,129.0
2026-05-13 22:40:00+08:00,TAIFEX:CCF1!,101.0,101.5,101.0,101.5,105.0
2026-05-13 22:55:00+08:00,TAIFEX:CCF1!,101.5,101.5,101.0,101.0,98.0
2026-05-13 23:10:00+08:00,TAIFEX:CCF1!,101.5,101.5,100.5,101.5,195.0
2026-05-13 23:25:00+08:00,TAIFEX:CCF1!,101.5,101.5,101.0,101.5,7.0
2026-05-13 23:40:00+08:00,TAIFEX:CCF1!,101.5,102.0,101.5,101.5,102.0
2026-05-13 23:55:00+08:00,TAIFEX:CCF1!,101.0,101.0,101.0,101.0,71.0
2026-05-14 00:10:00+08:00,TAIFEX:CCF1!,101.5,101.5,101.5,101.5,3.0
2026-05-14 00:25:00+08:00,TAIFEX:CCF1!,101.5,101.5,101.0,101.0,109.0
2026-05-14 00:40:00+08:00,TAIFEX:CCF1!,101.0,101.5,101.0,101.0,64.0
2026-05-14 00:55:00+08:00,TAIFEX:CCF1!,101.5,101.5,101.0,101.5,30.0
2026-05-14 01:10:00+08:00,TAIFEX:CCF1!,101.5,102.0,101.5,102.0,216.0
2026-05-14 01:25:00+08:00,TAIFEX:CCF1!,102.0,102.5,102.0,102.0,39.0
2026-05-14 01:40:00+08:00,TAIFEX:CCF1!,102.0,102.0,101.5,101.5,8.0
2026-05-14 01:55:00+08:00,TAIFEX:CCF1!,102.0,102.0,102.0,102.0,1.0
2026-05-14 02:10:00+08:00,TAIFEX:CCF1!,102.0,102.0,102.0,102.0,2.0
2026-05-14 02:25:00+08:00,TAIFEX:CCF1!,102.0,102.0,101.5,101.5,2.0
2026-05-14 02:40:00+08:00,TAIFEX:CCF1!,101.5,102.0,101.5,102.0,7.0
2026-05-14 02:55:00+08:00,TAIFEX:CCF1!,101.5,101.5,101.5,101.5,4.0
2026-05-14 03:25:00+08:00,TAIFEX:CCF1!,102.0,102.0,102.0,102.0,4.0
2026-05-14 03:40:00+08:00,TAIFEX:CCF1!,101.5,101.5,101.5,101.5,26.0
2026-05-14 03:55:00+08:00,TAIFEX:CCF1!,101.5,101.5,101.5,101.5,1.0
2026-05-14 04:10:00+08:00,TAIFEX:CCF1!,101.5,101.5,101.5,101.5,2.0
2026-05-14 04:25:00+08:00,TAIFEX:CCF1!,101.5,101.5,101.5,101.5,1.0
2026-05-14 04:40:00+08:00,TAIFEX:CCF1!,101.5,101.5,101.5,101.5,19.0
2026-05-14 08:45:00+08:00,TAIFEX:CCF1!,102.5,103.0,101.5,103.0,791.0
2026-05-14 09:00:00+08:00,TAIFEX:CCF1!,102.5,103.0,99.4,100.5,2522.0
2026-05-14 09:15:00+08:00,TAIFEX:CCF1!,100.5,106.0,99.3,106.0,5237.0
2026-05-14 09:30:00+08:00,TAIFEX:CCF1!,106.0,108.5,105.0,106.0,5036.0
2026-05-14 09:45:00+08:00,TAIFEX:CCF1!,106.0,108.0,104.0,107.5,4129.0
2026-05-14 10:00:00+08:00,TAIFEX:CCF1!,107.0,108.5,106.5,107.5,2408.0
2026-05-14 10:15:00+08:00,TAIFEX:CCF1!,108.0,108.5,107.0,108.0,1504.0
2026-05-14 10:30:00+08:00,TAIFEX:CCF1!,108.0,109.5,107.5,108.0,3344.0
2026-05-14 10:45:00+08:00,TAIFEX:CCF1!,108.0,108.5,107.5,108.0,1304.0
2026-05-14 11:00:00+08:00,TAIFEX:CCF1!,108.0,109.5,107.5,109.5,2202.0
2026-05-14 11:15:00+08:00,TAIFEX:CCF1!,109.5,109.5,109.5,109.5,135.0
2026-05-14 11:30:00+08:00,TAIFEX:CCF1!,109.5,109.5,109.5,109.5,324.0
2026-05-14 11:45:00+08:00,TAIFEX:CCF1!,109.5,109.5,109.0,109.5,354.0
2026-05-14 12:00:00+08:00,TAIFEX:CCF1!,109.5,109.5,109.0,109.5,322.0
2026-05-14 12:15:00+08:00,TAIFEX:CCF1!,109.5,109.5,109.5,109.5,13.0
2026-05-14 12:30:00+08:00,TAIFEX:CCF1!,109.5,109.5,109.5,109.5,154.0
2026-05-14 12:45:00+08:00,TAIFEX:CCF1!,109.5,109.5,109.5,109.5,21.0
2026-05-14 13:00:00+08:00,TAIFEX:CCF1!,109.5,109.5,109.5,109.5,73.0
2026-05-14 13:15:00+08:00,TAIFEX:CCF1!,109.5,109.5,109.5,109.5,190.0
2026-05-14 13:30:00+08:00,TAIFEX:CCF1!,109.5,109.5,109.5,109.5,14.0
2026-05-14 17:25:00+08:00,TAIFEX:CCF1!,111.5,112.5,111.0,111.5,466.0
2026-05-14 17:40:00+08:00,TAIFEX:CCF1!,111.5,112.5,111.5,112.0,136.0
2026-05-14 17:55:00+08:00,TAIFEX:CCF1!,112.0,112.5,112.0,112.0,90.0
2026-05-14 18:10:00+08:00,TAIFEX:CCF1!,112.0,112.5,111.5,111.5,101.0
2026-05-14 18:25:00+08:00,TAIFEX:CCF1!,111.5,112.0,111.5,111.5,8.0
2026-05-14 18:40:00+08:00,TAIFEX:CCF1!,111.5,112.0,111.5,111.5,9.0
2026-05-14 18:55:00+08:00,TAIFEX:CCF1!,112.0,112.0,111.5,111.5,83.0
2026-05-14 19:10:00+08:00,TAIFEX:CCF1!,112.0,112.0,111.5,111.5,17.0
2026-05-14 19:25:00+08:00,TAIFEX:CCF1!,111.5,112.0,111.5,112.0,16.0
2026-05-14 19:40:00+08:00,TAIFEX:CCF1!,112.0,112.0,111.5,112.0,184.0
2026-05-14 19:55:00+08:00,TAIFEX:CCF1!,112.0,112.0,111.5,111.5,54.0
2026-05-14 20:10:00+08:00,TAIFEX:CCF1!,111.5,112.5,111.5,112.5,159.0
2026-05-14 20:25:00+08:00,TAIFEX:CCF1!,112.5,112.5,111.5,111.5,44.0
2026-05-14 20:40:00+08:00,TAIFEX:CCF1!,111.5,112.0,111.0,111.0,138.0
2026-05-14 20:55:00+08:00,TAIFEX:CCF1!,111.0,111.5,111.0,111.5,45.0
2026-05-14 21:10:00+08:00,TAIFEX:CCF1!,111.5,111.5,111.0,111.0,41.0
2026-05-14 21:25:00+08:00,TAIFEX:CCF1!,111.0,111.0,108.0,110.0,1064.0
2026-05-14 21:40:00+08:00,TAIFEX:CCF1!,110.0,110.0,109.0,110.0,314.0
2026-05-14 21:55:00+08:00,TAIFEX:CCF1!,110.0,110.5,109.0,109.5,247.0
2026-05-14 22:10:00+08:00,TAIFEX:CCF1!,109.5,110.5,109.0,110.0,215.0
2026-05-14 22:25:00+08:00,TAIFEX:CCF1!,109.5,110.0,109.5,110.0,320.0
2026-05-14 22:40:00+08:00,TAIFEX:CCF1!,110.0,110.0,109.0,109.5,194.0
2026-05-14 22:55:00+08:00,TAIFEX:CCF1!,109.5,110.0,109.5,110.0,183.0
2026-05-14 23:10:00+08:00,TAIFEX:CCF1!,110.0,110.5,110.0,110.5,84.0
2026-05-14 23:25:00+08:00,TAIFEX:CCF1!,110.5,110.5,110.0,110.5,16.0
2026-05-14 23:40:00+08:00,TAIFEX:CCF1!,110.5,110.5,110.0,110.5,159.0
2026-05-14 23:55:00+08:00,TAIFEX:CCF1!,110.5,111.0,110.5,110.5,133.0
2026-05-15 00:10:00+08:00,TAIFEX:CCF1!,110.5,111.0,110.5,110.5,163.0
2026-05-15 00:25:00+08:00,TAIFEX:CCF1!,110.5,111.0,110.5,111.0,212.0
2026-05-15 00:40:00+08:00,TAIFEX:CCF1!,111.0,111.5,111.0,111.5,190.0
2026-05-15 00:55:00+08:00,TAIFEX:CCF1!,111.5,112.0,111.5,112.0,93.0
2026-05-15 01:10:00+08:00,TAIFEX:CCF1!,111.5,111.5,110.5,110.5,378.0
2026-05-15 01:25:00+08:00,TAIFEX:CCF1!,110.5,111.0,110.5,111.0,68.0
2026-05-15 01:40:00+08:00,TAIFEX:CCF1!,111.5,111.5,111.0,111.0,59.0
2026-05-15 01:55:00+08:00,TAIFEX:CCF1!,111.5,111.5,111.0,111.0,82.0
2026-05-15 02:10:00+08:00,TAIFEX:CCF1!,111.0,111.0,111.0,111.0,29.0
2026-05-15 02:25:00+08:00,TAIFEX:CCF1!,111.0,111.0,110.5,110.5,9.0
2026-05-15 02:40:00+08:00,TAIFEX:CCF1!,110.5,111.0,110.5,111.0,6.0
2026-05-15 02:55:00+08:00,TAIFEX:CCF1!,111.5,111.5,111.5,111.5,4.0
2026-05-15 03:10:00+08:00,TAIFEX:CCF1!,111.5,111.5,111.5,111.5,12.0
2026-05-15 03:25:00+08:00,TAIFEX:CCF1!,111.5,111.5,111.5,111.5,2.0
2026-05-15 03:40:00+08:00,TAIFEX:CCF1!,111.5,111.5,111.5,111.5,3.0
2026-05-15 03:55:00+08:00,TAIFEX:CCF1!,111.0,111.0,110.5,111.0,36.0
2026-05-15 04:10:00+08:00,TAIFEX:CCF1!,111.0,111.0,111.0,111.0,1.0
2026-05-15 04:25:00+08:00,TAIFEX:CCF1!,111.5,111.5,111.0,111.0,3.0
2026-05-15 04:40:00+08:00,TAIFEX:CCF1!,111.5,111.5,111.5,111.5,1.0
2026-05-15 04:55:00+08:00,TAIFEX:CCF1!,111.5,111.5,111.0,111.0,3.0
2026-05-15 08:45:00+08:00,TAIFEX:CCF1!,113.0,114.0,111.5,112.5,3872.0
2026-05-15 09:00:00+08:00,TAIFEX:CCF1!,112.5,115.0,112.0,113.5,6936.0
2026-05-15 09:15:00+08:00,TAIFEX:CCF1!,113.5,118.0,113.0,117.0,5106.0
2026-05-15 09:30:00+08:00,TAIFEX:CCF1!,117.0,117.5,114.5,116.0,2661.0
2026-05-15 09:45:00+08:00,TAIFEX:CCF1!,116.0,117.0,113.5,114.0,2726.0
2026-05-15 10:00:00+08:00,TAIFEX:CCF1!,114.5,116.5,113.0,115.0,2989.0
2026-05-15 10:15:00+08:00,TAIFEX:CCF1!,115.0,116.5,114.0,114.0,1540.0
2026-05-15 10:30:00+08:00,TAIFEX:CCF1!,114.0,115.5,114.0,115.0,1118.0
2026-05-15 10:45:00+08:00,TAIFEX:CCF1!,115.5,115.5,114.0,115.0,1143.0
2026-05-15 11:00:00+08:00,TAIFEX:CCF1!,115.0,115.5,113.0,113.5,1143.0
2026-05-15 11:15:00+08:00,TAIFEX:CCF1!,113.5,114.5,112.5,112.5,1443.0
2026-05-15 11:30:00+08:00,TAIFEX:CCF1!,113.0,113.5,111.5,113.0,1538.0
2026-05-15 11:45:00+08:00,TAIFEX:CCF1!,113.5,114.0,112.5,112.5,772.0
2026-05-15 12:00:00+08:00,TAIFEX:CCF1!,112.5,113.0,111.5,111.5,1082.0
2026-05-15 12:15:00+08:00,TAIFEX:CCF1!,112.0,112.5,111.0,111.0,699.0
2026-05-15 12:30:00+08:00,TAIFEX:CCF1!,111.0,111.5,109.5,110.5,1504.0
2026-05-15 12:45:00+08:00,TAIFEX:CCF1!,110.5,111.0,109.5,111.0,817.0
2026-05-15 13:00:00+08:00,TAIFEX:CCF1!,111.0,111.5,109.0,110.0,3268.0
2026-05-15 13:15:00+08:00,TAIFEX:CCF1!,110.0,111.0,110.0,110.0,920.0
2026-05-15 13:30:00+08:00,TAIFEX:CCF1!,110.5,110.5,109.0,109.0,732.0
2026-05-15 17:25:00+08:00,TAIFEX:CCF1!,108.5,110.5,108.0,109.5,387.0
2026-05-15 17:40:00+08:00,TAIFEX:CCF1!,109.5,109.5,109.0,109.5,70.0
2026-05-15 17:55:00+08:00,TAIFEX:CCF1!,109.5,110.0,109.5,110.0,82.0
2026-05-15 18:10:00+08:00,TAIFEX:CCF1!,110.0,110.0,109.5,110.0,75.0
2026-05-15 18:25:00+08:00,TAIFEX:CCF1!,110.5,111.0,110.0,110.5,98.0
2026-05-15 18:40:00+08:00,TAIFEX:CCF1!,110.5,113.5,110.5,113.5,385.0
2026-05-15 18:55:00+08:00,TAIFEX:CCF1!,113.5,113.5,113.0,113.0,293.0
2026-05-15 19:10:00+08:00,TAIFEX:CCF1!,113.0,113.0,112.5,113.0,59.0
2026-05-15 19:25:00+08:00,TAIFEX:CCF1!,112.5,112.5,112.0,112.0,242.0
2026-05-15 19:40:00+08:00,TAIFEX:CCF1!,111.5,112.5,110.5,112.5,242.0
2026-05-15 19:55:00+08:00,TAIFEX:CCF1!,112.5,112.5,111.0,111.5,40.0
2026-05-15 20:10:00+08:00,TAIFEX:CCF1!,111.5,111.5,110.5,110.5,91.0
2026-05-15 20:25:00+08:00,TAIFEX:CCF1!,111.0,111.0,110.5,110.5,66.0
2026-05-15 20:40:00+08:00,TAIFEX:CCF1!,111.0,111.5,110.5,111.5,70.0
2026-05-15 20:55:00+08:00,TAIFEX:CCF1!,111.5,111.5,110.5,110.5,97.0
2026-05-15 21:10:00+08:00,TAIFEX:CCF1!,110.5,111.0,110.5,110.5,55.0
2026-05-15 21:25:00+08:00,TAIFEX:CCF1!,111.0,111.0,110.0,110.5,153.0
2026-05-15 21:40:00+08:00,TAIFEX:CCF1!,110.0,110.5,109.0,110.0,532.0
2026-05-15 21:55:00+08:00,TAIFEX:CCF1!,110.0,110.5,109.0,110.0,146.0
2026-05-15 22:10:00+08:00,TAIFEX:CCF1!,110.0,111.5,110.0,110.5,245.0
2026-05-15 22:25:00+08:00,TAIFEX:CCF1!,110.5,111.0,110.5,111.0,213.0
2026-05-15 22:40:00+08:00,TAIFEX:CCF1!,111.0,111.5,110.5,111.0,221.0
2026-05-15 22:55:00+08:00,TAIFEX:CCF1!,111.0,111.5,110.5,110.5,31.0
2026-05-15 23:10:00+08:00,TAIFEX:CCF1!,110.5,111.5,110.5,111.5,82.0
2026-05-15 23:25:00+08:00,TAIFEX:CCF1!,111.5,112.0,111.5,111.5,146.0
2026-05-15 23:40:00+08:00,TAIFEX:CCF1!,111.5,111.5,110.5,110.5,41.0
2026-05-15 23:55:00+08:00,TAIFEX:CCF1!,110.5,111.5,110.5,111.0,32.0
2026-05-16 00:10:00+08:00,TAIFEX:CCF1!,111.0,111.0,111.0,111.0,34.0
2026-05-16 00:25:00+08:00,TAIFEX:CCF1!,111.0,111.0,111.0,111.0,8.0
2026-05-16 00:40:00+08:00,TAIFEX:CCF1!,111.0,111.0,111.0,111.0,1.0
2026-05-16 00:55:00+08:00,TAIFEX:CCF1!,111.0,111.0,111.0,111.0,28.0
2026-05-16 01:10:00+08:00,TAIFEX:CCF1!,111.0,112.0,111.0,112.0,53.0
2026-05-16 01:25:00+08:00,TAIFEX:CCF1!,112.0,112.0,112.0,112.0,72.0
2026-05-16 01:40:00+08:00,TAIFEX:CCF1!,112.0,112.5,112.0,112.5,62.0
2026-05-16 01:55:00+08:00,TAIFEX:CCF1!,112.5,112.5,112.5,112.5,32.0
2026-05-16 02:10:00+08:00,TAIFEX:CCF1!,112.5,112.5,112.0,112.0,78.0
2026-05-16 02:25:00+08:00,TAIFEX:CCF1!,112.0,112.0,112.0,112.0,20.0
2026-05-16 02:55:00+08:00,TAIFEX:CCF1!,112.0,112.0,111.5,111.5,40.0
2026-05-16 03:10:00+08:00,TAIFEX:CCF1!,111.5,111.5,111.0,111.5,58.0
2026-05-16 03:25:00+08:00,TAIFEX:CCF1!,111.0,111.0,111.0,111.0,79.0
2026-05-16 03:40:00+08:00,TAIFEX:CCF1!,111.0,111.0,111.0,111.0,13.0
2026-05-16 03:55:00+08:00,TAIFEX:CCF1!,111.0,111.5,110.5,110.5,60.0
2026-05-16 04:10:00+08:00,TAIFEX:CCF1!,110.5,111.0,110.5,111.0,30.0
2026-05-16 04:25:00+08:00,TAIFEX:CCF1!,111.0,111.5,111.0,111.5,12.0
2026-05-16 04:40:00+08:00,TAIFEX:CCF1!,111.5,111.5,110.5,110.5,11.0
2026-05-16 04:55:00+08:00,TAIFEX:CCF1!,110.5,111.0,110.5,110.5,8.0
2026-05-18 08:45:00+08:00,TAIFEX:CCF1!,106.0,110.0,105.0,109.0,1043.0
2026-05-18 09:00:00+08:00,TAIFEX:CCF1!,109.5,109.5,103.5,105.5,3140.0
2026-05-18 09:15:00+08:00,TAIFEX:CCF1!,105.5,108.5,105.5,107.0,1272.0
2026-05-18 09:30:00+08:00,TAIFEX:CCF1!,107.5,111.5,107.5,111.0,1865.0
2026-05-18 09:45:00+08:00,TAIFEX:CCF1!,111.0,111.5,109.0,110.0,1403.0
2026-05-18 10:00:00+08:00,TAIFEX:CCF1!,109.5,113.0,109.0,112.0,2149.0
2026-05-18 10:15:00+08:00,TAIFEX:CCF1!,112.0,113.5,111.5,113.0,1079.0
2026-05-18 10:30:00+08:00,TAIFEX:CCF1!,113.0,114.0,112.0,113.5,1587.0
2026-05-18 10:45:00+08:00,TAIFEX:CCF1!,113.5,114.0,111.5,112.0,1115.0
2026-05-18 11:00:00+08:00,TAIFEX:CCF1!,112.5,113.0,112.0,112.5,520.0
2026-05-18 11:15:00+08:00,TAIFEX:CCF1!,113.0,113.5,112.5,113.0,469.0
2026-05-18 11:30:00+08:00,TAIFEX:CCF1!,113.0,114.0,112.5,113.0,641.0
2026-05-18 11:45:00+08:00,TAIFEX:CCF1!,113.0,113.5,113.0,113.5,138.0
2026-05-18 12:00:00+08:00,TAIFEX:CCF1!,113.5,113.5,112.5,113.0,284.0
2026-05-18 12:15:00+08:00,TAIFEX:CCF1!,113.0,113.0,110.5,112.0,1944.0
2026-05-18 12:30:00+08:00,TAIFEX:CCF1!,112.0,112.0,111.0,112.0,1425.0
2026-05-18 12:45:00+08:00,TAIFEX:CCF1!,112.5,112.5,112.0,112.5,473.0
2026-05-18 13:00:00+08:00,TAIFEX:CCF1!,112.5,113.5,112.5,112.5,786.0
2026-05-18 13:15:00+08:00,TAIFEX:CCF1!,112.5,113.5,112.0,112.5,716.0
2026-05-18 13:30:00+08:00,TAIFEX:CCF1!,112.5,113.0,112.0,112.5,160.0
2026-05-18 17:25:00+08:00,TAIFEX:CCF1!,114.5,114.5,113.0,113.0,124.0
2026-05-18 17:40:00+08:00,TAIFEX:CCF1!,113.5,114.0,113.5,114.0,63.0
2026-05-18 17:55:00+08:00,TAIFEX:CCF1!,114.0,114.0,114.0,114.0,82.0
2026-05-18 18:10:00+08:00,TAIFEX:CCF1!,114.0,114.0,113.5,113.5,8.0
2026-05-18 18:25:00+08:00,TAIFEX:CCF1!,113.5,114.0,113.5,113.5,22.0
2026-05-18 18:40:00+08:00,TAIFEX:CCF1!,114.0,114.0,113.5,113.5,41.0
2026-05-18 18:55:00+08:00,TAIFEX:CCF1!,114.0,114.0,114.0,114.0,59.0
2026-05-18 19:10:00+08:00,TAIFEX:CCF1!,113.5,114.0,113.5,114.0,40.0
2026-05-18 19:25:00+08:00,TAIFEX:CCF1!,114.0,114.5,114.0,114.5,87.0
2026-05-18 19:40:00+08:00,TAIFEX:CCF1!,114.5,115.0,114.5,115.0,30.0
2026-05-18 19:55:00+08:00,TAIFEX:CCF1!,115.0,115.0,114.5,115.0,52.0
2026-05-18 20:10:00+08:00,TAIFEX:CCF1!,115.5,115.5,115.0,115.0,36.0
2026-05-18 20:25:00+08:00,TAIFEX:CCF1!,115.0,115.5,115.0,115.5,27.0
2026-05-18 20:40:00+08:00,TAIFEX:CCF1!,115.0,116.0,115.0,116.0,199.0
2026-05-18 20:55:00+08:00,TAIFEX:CCF1!,116.0,116.0,115.5,116.0,150.0
2026-05-18 21:10:00+08:00,TAIFEX:CCF1!,116.0,116.0,116.0,116.0,27.0
2026-05-18 21:25:00+08:00,TAIFEX:CCF1!,116.0,116.0,114.0,114.5,356.0
2026-05-18 21:40:00+08:00,TAIFEX:CCF1!,114.5,114.5,113.5,114.0,247.0
2026-05-18 21:55:00+08:00,TAIFEX:CCF1!,114.5,114.5,113.5,114.0,215.0
2026-05-18 22:10:00+08:00,TAIFEX:CCF1!,114.0,114.0,114.0,114.0,54.0
2026-05-18 22:25:00+08:00,TAIFEX:CCF1!,114.0,114.0,111.5,112.5,632.0
2026-05-18 22:40:00+08:00,TAIFEX:CCF1!,112.0,112.5,111.5,112.5,177.0
2026-05-18 22:55:00+08:00,TAIFEX:CCF1!,112.5,112.5,112.5,112.5,91.0
2026-05-18 23:10:00+08:00,TAIFEX:CCF1!,112.0,112.5,111.0,111.5,199.0
2026-05-18 23:25:00+08:00,TAIFEX:CCF1!,111.5,112.0,111.0,112.0,194.0
2026-05-18 23:40:00+08:00,TAIFEX:CCF1!,112.0,112.0,111.5,112.0,92.0
2026-05-18 23:55:00+08:00,TAIFEX:CCF1!,112.0,112.0,111.5,111.5,76.0
2026-05-19 00:10:00+08:00,TAIFEX:CCF1!,112.0,112.0,111.5,111.5,124.0
2026-05-19 00:25:00+08:00,TAIFEX:CCF1!,111.0,111.0,110.5,111.0,186.0
2026-05-19 00:40:00+08:00,TAIFEX:CCF1!,111.0,111.0,111.0,111.0,7.0
2026-05-19 00:55:00+08:00,TAIFEX:CCF1!,111.0,111.5,111.0,111.5,62.0
2026-05-19 01:10:00+08:00,TAIFEX:CCF1!,111.5,111.5,111.0,111.0,12.0
2026-05-19 01:25:00+08:00,TAIFEX:CCF1!,111.5,111.5,111.5,111.5,14.0
2026-05-19 01:40:00+08:00,TAIFEX:CCF1!,111.0,111.0,111.0,111.0,2.0
2026-05-19 01:55:00+08:00,TAIFEX:CCF1!,111.0,111.0,111.0,111.0,7.0
2026-05-19 02:10:00+08:00,TAIFEX:CCF1!,111.0,111.0,110.5,111.0,47.0
2026-05-19 02:25:00+08:00,TAIFEX:CCF1!,111.0,111.0,111.0,111.0,37.0
2026-05-19 02:40:00+08:00,TAIFEX:CCF1!,111.0,111.0,111.0,111.0,3.0
2026-05-19 02:55:00+08:00,TAIFEX:CCF1!,111.0,112.0,111.0,111.0,49.0
2026-05-19 03:10:00+08:00,TAIFEX:CCF1!,111.5,111.5,111.5,111.5,19.0
2026-05-19 03:25:00+08:00,TAIFEX:CCF1!,111.0,111.0,111.0,111.0,6.0
2026-05-19 03:40:00+08:00,TAIFEX:CCF1!,111.5,112.0,111.5,112.0,35.0
2026-05-19 03:55:00+08:00,TAIFEX:CCF1!,111.5,112.0,111.5,112.0,8.0
2026-05-19 04:10:00+08:00,TAIFEX:CCF1!,112.0,112.0,112.0,112.0,1.0
2026-05-19 04:40:00+08:00,TAIFEX:CCF1!,112.0,112.0,111.5,111.5,2.0
2026-05-19 04:55:00+08:00,TAIFEX:CCF1!,111.5,111.5,111.5,111.5,6.0
2026-05-19 08:45:00+08:00,TAIFEX:CCF1!,113.5,114.0,112.0,112.5,566.0
2026-05-19 09:00:00+08:00,TAIFEX:CCF1!,113.0,120.0,112.5,117.5,6329.0
2026-05-19 09:15:00+08:00,TAIFEX:CCF1!,117.5,119.0,114.0,118.5,3418.0
2026-05-19 09:30:00+08:00,TAIFEX:CCF1!,118.5,120.5,117.5,120.0,2318.0
2026-05-19 09:45:00+08:00,TAIFEX:CCF1!,120.0,120.5,115.0,116.0,4301.0
2026-05-19 10:00:00+08:00,TAIFEX:CCF1!,116.0,118.0,115.5,117.0,1418.0
2026-05-19 10:15:00+08:00,TAIFEX:CCF1!,116.5,117.0,115.0,115.0,1258.0
2026-05-19 10:30:00+08:00,TAIFEX:CCF1!,115.0,115.5,114.5,115.5,835.0
2026-05-19 10:45:00+08:00,TAIFEX:CCF1!,116.0,116.5,114.5,114.5,311.0
2026-05-19 11:00:00+08:00,TAIFEX:CCF1!,114.5,116.5,114.0,116.0,680.0
2026-05-19 11:15:00+08:00,TAIFEX:CCF1!,115.5,115.5,114.0,115.5,272.0
2026-05-19 11:30:00+08:00,TAIFEX:CCF1!,115.5,116.0,115.0,115.0,273.0
2026-05-19 11:45:00+08:00,TAIFEX:CCF1!,115.0,115.0,113.0,113.5,930.0
2026-05-19 12:00:00+08:00,TAIFEX:CCF1!,113.5,114.0,112.5,113.5,1177.0
2026-05-19 12:15:00+08:00,TAIFEX:CCF1!,113.0,113.5,112.5,113.0,744.0
2026-05-19 12:30:00+08:00,TAIFEX:CCF1!,113.0,113.5,113.0,113.0,240.0
2026-05-19 12:45:00+08:00,TAIFEX:CCF1!,113.5,113.5,112.5,113.0,306.0
2026-05-19 13:00:00+08:00,TAIFEX:CCF1!,113.5,114.0,113.0,113.5,477.0
2026-05-19 13:15:00+08:00,TAIFEX:CCF1!,113.0,114.0,112.5,113.5,374.0
2026-05-19 13:30:00+08:00,TAIFEX:CCF1!,113.5,114.0,113.0,114.0,223.0
2026-05-19 17:25:00+08:00,TAIFEX:CCF1!,113.5,114.0,112.5,112.5,121.0
2026-05-19 17:40:00+08:00,TAIFEX:CCF1!,112.5,113.0,111.5,113.0,63.0
2026-05-19 17:55:00+08:00,TAIFEX:CCF1!,113.0,113.5,113.0,113.5,18.0
2026-05-19 18:10:00+08:00,TAIFEX:CCF1!,113.5,113.5,113.5,113.5,24.0
2026-05-19 18:25:00+08:00,TAIFEX:CCF1!,113.5,114.0,113.5,114.0,58.0
2026-05-19 18:40:00+08:00,TAIFEX:CCF1!,114.0,114.0,113.5,114.0,7.0
2026-05-19 18:55:00+08:00,TAIFEX:CCF1!,114.0,115.0,113.5,114.0,60.0
2026-05-19 19:10:00+08:00,TAIFEX:CCF1!,114.0,114.0,114.0,114.0,5.0
2026-05-19 19:25:00+08:00,TAIFEX:CCF1!,114.0,114.5,114.0,114.5,34.0
2026-05-19 19:40:00+08:00,TAIFEX:CCF1!,114.5,114.5,114.0,114.0,14.0
2026-05-19 19:55:00+08:00,TAIFEX:CCF1!,114.0,114.0,113.5,113.5,35.0
2026-05-19 20:10:00+08:00,TAIFEX:CCF1!,113.5,113.5,112.0,112.5,241.0
2026-05-19 20:25:00+08:00,TAIFEX:CCF1!,112.5,113.0,112.5,112.5,42.0
2026-05-19 20:40:00+08:00,TAIFEX:CCF1!,113.0,113.0,113.0,113.0,3.0
2026-05-19 20:55:00+08:00,TAIFEX:CCF1!,113.0,113.0,112.5,112.5,19.0
2026-05-19 21:10:00+08:00,TAIFEX:CCF1!,113.0,113.0,112.5,112.5,13.0
2026-05-19 21:25:00+08:00,TAIFEX:CCF1!,112.5,115.0,112.5,115.0,346.0
2026-05-19 21:40:00+08:00,TAIFEX:CCF1!,115.0,115.5,114.5,115.0,333.0
2026-05-19 21:55:00+08:00,TAIFEX:CCF1!,115.0,115.0,113.0,113.0,197.0
2026-05-19 22:10:00+08:00,TAIFEX:CCF1!,113.0,113.5,112.5,113.0,201.0
2026-05-19 22:25:00+08:00,TAIFEX:CCF1!,113.0,114.0,113.0,114.0,120.0
2026-05-19 22:40:00+08:00,TAIFEX:CCF1!,114.0,114.0,113.0,113.5,95.0
2026-05-19 22:55:00+08:00,TAIFEX:CCF1!,114.0,114.5,114.0,114.0,109.0
2026-05-19 23:10:00+08:00,TAIFEX:CCF1!,114.0,115.0,114.0,114.0,95.0
2026-05-19 23:25:00+08:00,TAIFEX:CCF1!,114.0,114.5,114.0,114.5,26.0
2026-05-19 23:40:00+08:00,TAIFEX:CCF1!,114.5,114.5,114.5,114.5,19.0
2026-05-19 23:55:00+08:00,TAIFEX:CCF1!,114.0,114.5,114.0,114.5,28.0
2026-05-20 00:10:00+08:00,TAIFEX:CCF1!,114.5,115.5,114.5,115.5,105.0
2026-05-20 00:25:00+08:00,TAIFEX:CCF1!,115.5,116.5,115.5,116.5,263.0
2026-05-20 00:40:00+08:00,TAIFEX:CCF1!,116.5,116.5,116.0,116.5,74.0
2026-05-20 00:55:00+08:00,TAIFEX:CCF1!,116.5,117.0,116.5,117.0,87.0
2026-05-20 01:10:00+08:00,TAIFEX:CCF1!,117.0,117.5,116.5,117.0,192.0
2026-05-20 01:25:00+08:00,TAIFEX:CCF1!,117.0,117.0,116.5,117.0,36.0
2026-05-20 01:40:00+08:00,TAIFEX:CCF1!,116.5,116.5,116.0,116.0,68.0
2026-05-20 01:55:00+08:00,TAIFEX:CCF1!,116.0,116.5,116.0,116.5,19.0
2026-05-20 02:10:00+08:00,TAIFEX:CCF1!,116.5,116.5,116.0,116.0,20.0
2026-05-20 02:25:00+08:00,TAIFEX:CCF1!,116.0,116.0,115.5,116.0,45.0
2026-05-20 02:40:00+08:00,TAIFEX:CCF1!,116.0,116.0,116.0,116.0,6.0
2026-05-20 02:55:00+08:00,TAIFEX:CCF1!,115.5,115.5,115.0,115.5,35.0
2026-05-20 03:10:00+08:00,TAIFEX:CCF1!,115.5,116.0,115.0,115.0,57.0
2026-05-20 03:40:00+08:00,TAIFEX:CCF1!,115.0,115.0,115.0,115.0,14.0
2026-05-20 03:55:00+08:00,TAIFEX:CCF1!,115.0,115.0,114.5,114.5,18.0
2026-05-20 04:10:00+08:00,TAIFEX:CCF1!,114.5,115.0,114.5,115.0,6.0
2026-05-20 04:25:00+08:00,TAIFEX:CCF1!,115.5,115.5,115.5,115.5,7.0
2026-05-20 04:40:00+08:00,TAIFEX:CCF1!,115.5,115.5,115.5,115.5,6.0
2026-05-20 04:55:00+08:00,TAIFEX:CCF1!,115.5,115.5,115.5,115.5,2.0
2026-05-20 08:45:00+08:00,TAIFEX:CCF1!,117.5,117.5,115.0,115.5,791.0
2026-05-20 09:00:00+08:00,TAIFEX:CCF1!,115.5,116.0,112.5,113.5,3075.0
2026-05-20 09:15:00+08:00,TAIFEX:CCF1!,113.5,113.5,111.0,111.5,3551.0
2026-05-20 09:30:00+08:00,TAIFEX:CCF1!,111.5,112.5,109.5,111.5,2267.0
2026-05-20 09:45:00+08:00,TAIFEX:CCF1!,111.0,112.0,110.5,111.5,877.0
2026-05-20 10:00:00+08:00,TAIFEX:CCF1!,111.0,111.5,110.0,110.5,662.0
2026-05-20 10:15:00+08:00,TAIFEX:CCF1!,110.5,112.5,110.5,112.0,2265.0
2026-05-20 10:30:00+08:00,TAIFEX:CCF1!,112.0,112.0,109.5,109.5,1229.0
2026-05-20 10:45:00+08:00,TAIFEX:CCF1!,109.5,111.0,109.5,110.5,583.0
2026-05-20 11:00:00+08:00,TAIFEX:CCF1!,110.5,111.0,110.0,110.0,799.0
2026-05-20 11:15:00+08:00,TAIFEX:CCF1!,110.0,111.0,110.0,110.5,209.0
2026-05-20 11:30:00+08:00,TAIFEX:CCF1!,110.5,111.0,109.5,110.0,267.0
2026-05-20 11:45:00+08:00,TAIFEX:CCF1!,110.0,110.5,110.0,110.0,325.0
2026-05-20 12:00:00+08:00,TAIFEX:CCF1!,110.0,110.5,110.0,110.0,296.0
2026-05-20 12:15:00+08:00,TAIFEX:CCF1!,110.0,110.5,109.0,109.5,577.0
2026-05-20 12:30:00+08:00,TAIFEX:CCF1!,109.5,109.5,108.0,108.5,2265.0
2026-05-20 12:45:00+08:00,TAIFEX:CCF1!,108.0,108.5,107.5,108.5,909.0
2026-05-20 13:00:00+08:00,TAIFEX:CCF1!,108.5,109.0,108.0,108.5,961.0
2026-05-20 13:15:00+08:00,TAIFEX:CCF1!,108.5,109.5,108.0,109.0,1042.0
2026-05-20 13:30:00+08:00,TAIFEX:CCF1!,109.0,109.5,108.5,109.0,739.0
2026-05-20 17:25:00+08:00,TAIFEX:CCF1!,111.5,113.5,111.5,113.5,626.0
2026-05-20 17:40:00+08:00,TAIFEX:CCF1!,113.5,113.5,112.5,113.5,256.0
2026-05-20 17:55:00+08:00,TAIFEX:CCF1!,113.5,113.5,113.0,113.5,126.0
2026-05-20 18:10:00+08:00,TAIFEX:CCF1!,113.5,113.5,113.0,113.5,118.0
2026-05-20 18:25:00+08:00,TAIFEX:CCF1!,113.5,114.0,113.5,113.5,82.0
2026-05-20 18:40:00+08:00,TAIFEX:CCF1!,113.5,114.0,113.5,114.0,43.0
2026-05-20 18:55:00+08:00,TAIFEX:CCF1!,113.5,113.5,113.5,113.5,13.0
2026-05-20 19:10:00+08:00,TAIFEX:CCF1!,114.0,114.0,113.5,113.5,9.0
2026-05-20 19:25:00+08:00,TAIFEX:CCF1!,113.5,114.0,113.5,113.5,6.0
2026-05-20 19:40:00+08:00,TAIFEX:CCF1!,113.5,114.0,113.5,113.5,62.0
2026-05-20 19:55:00+08:00,TAIFEX:CCF1!,114.0,114.0,114.0,114.0,4.0
2026-05-20 20:10:00+08:00,TAIFEX:CCF1!,114.0,114.0,113.5,113.5,3.0
2026-05-20 20:25:00+08:00,TAIFEX:CCF1!,113.5,114.0,113.5,113.5,128.0
2026-05-20 20:40:00+08:00,TAIFEX:CCF1!,113.5,113.5,113.0,113.5,24.0
2026-05-20 20:55:00+08:00,TAIFEX:CCF1!,113.5,113.5,113.0,113.0,10.0
2026-05-20 21:10:00+08:00,TAIFEX:CCF1!,113.0,113.5,113.0,113.5,8.0
2026-05-20 21:25:00+08:00,TAIFEX:CCF1!,113.0,113.5,111.5,112.0,609.0
2026-05-20 21:40:00+08:00,TAIFEX:CCF1!,112.0,113.0,112.0,112.5,275.0
2026-05-20 21:55:00+08:00,TAIFEX:CCF1!,112.5,113.0,112.0,113.0,119.0
2026-05-20 22:10:00+08:00,TAIFEX:CCF1!,113.0,113.5,112.5,113.5,149.0
2026-05-20 22:25:00+08:00,TAIFEX:CCF1!,113.5,113.5,112.5,113.0,205.0
2026-05-20 22:40:00+08:00,TAIFEX:CCF1!,113.0,113.0,112.5,113.0,111.0
2026-05-20 22:55:00+08:00,TAIFEX:CCF1!,113.0,113.0,113.0,113.0,56.0
2026-05-20 23:10:00+08:00,TAIFEX:CCF1!,113.0,113.5,113.0,113.5,60.0
2026-05-20 23:25:00+08:00,TAIFEX:CCF1!,113.5,113.5,113.0,113.5,28.0
2026-05-20 23:40:00+08:00,TAIFEX:CCF1!,113.0,113.5,113.0,113.5,112.0
2026-05-20 23:55:00+08:00,TAIFEX:CCF1!,113.5,114.0,113.5,113.5,33.0
2026-05-21 00:10:00+08:00,TAIFEX:CCF1!,113.5,114.0,113.0,113.0,61.0
2026-05-21 00:25:00+08:00,TAIFEX:CCF1!,113.0,113.5,113.0,113.5,81.0
2026-05-21 00:40:00+08:00,TAIFEX:CCF1!,113.5,114.0,113.0,113.5,50.0
2026-05-21 00:55:00+08:00,TAIFEX:CCF1!,113.5,113.5,113.5,113.5,50.0
2026-05-21 01:10:00+08:00,TAIFEX:CCF1!,113.5,113.5,113.5,113.5,11.0
2026-05-21 01:25:00+08:00,TAIFEX:CCF1!,113.5,113.5,113.5,113.5,6.0
2026-05-21 01:40:00+08:00,TAIFEX:CCF1!,113.5,113.5,113.5,113.5,6.0
2026-05-21 01:55:00+08:00,TAIFEX:CCF1!,113.5,113.5,113.5,113.5,3.0
2026-05-21 02:10:00+08:00,TAIFEX:CCF1!,113.5,113.5,113.5,113.5,3.0
2026-05-21 02:25:00+08:00,TAIFEX:CCF1!,114.0,114.0,114.0,114.0,2.0
2026-05-21 02:40:00+08:00,TAIFEX:CCF1!,114.0,114.0,114.0,114.0,5.0
2026-05-21 02:55:00+08:00,TAIFEX:CCF1!,113.5,113.5,113.5,113.5,33.0
2026-05-21 03:10:00+08:00,TAIFEX:CCF1!,113.5,114.0,113.5,114.0,2.0
2026-05-21 03:25:00+08:00,TAIFEX:CCF1!,113.5,113.5,113.5,113.5,4.0
2026-05-21 03:40:00+08:00,TAIFEX:CCF1!,113.5,113.5,113.5,113.5,2.0
2026-05-21 03:55:00+08:00,TAIFEX:CCF1!,114.0,114.0,113.5,113.5,9.0
2026-05-21 04:10:00+08:00,TAIFEX:CCF1!,113.5,114.0,113.5,113.5,4.0
2026-05-21 04:25:00+08:00,TAIFEX:CCF1!,113.5,114.0,113.5,114.0,4.0
2026-05-21 04:40:00+08:00,TAIFEX:CCF1!,114.0,114.0,113.5,113.5,19.0
2026-05-21 04:55:00+08:00,TAIFEX:CCF1!,113.5,114.0,113.5,114.0,21.0
2026-05-21 08:45:00+08:00,TAIFEX:CCF1!,113.5,114.0,113.0,114.0,608.0
2026-05-21 09:00:00+08:00,TAIFEX:CCF1!,113.5,115.0,113.0,115.0,1912.0
2026-05-21 09:15:00+08:00,TAIFEX:CCF1!,114.5,115.5,113.5,115.5,1482.0
2026-05-21 09:30:00+08:00,TAIFEX:CCF1!,115.5,116.0,113.5,113.5,1400.0
2026-05-21 09:45:00+08:00,TAIFEX:CCF1!,113.5,116.0,113.5,116.0,1638.0
2026-05-21 10:00:00+08:00,TAIFEX:CCF1!,115.5,116.0,115.0,115.0,1097.0
2026-05-21 10:15:00+08:00,TAIFEX:CCF1!,115.0,116.0,115.0,115.5,706.0
2026-05-21 10:30:00+08:00,TAIFEX:CCF1!,115.5,115.5,114.5,115.0,853.0
2026-05-21 10:45:00+08:00,TAIFEX:CCF1!,115.0,119.0,115.0,118.5,4246.0
2026-05-21 11:00:00+08:00,TAIFEX:CCF1!,118.5,119.5,117.5,118.5,3178.0
2026-05-21 11:15:00+08:00,TAIFEX:CCF1!,118.0,119.0,118.0,118.0,1312.0
2026-05-21 11:30:00+08:00,TAIFEX:CCF1!,118.0,118.5,117.5,117.5,555.0
2026-05-21 11:45:00+08:00,TAIFEX:CCF1!,117.5,118.0,116.5,117.0,1090.0
2026-05-21 12:00:00+08:00,TAIFEX:CCF1!,117.0,117.5,116.5,117.0,380.0
2026-05-21 12:15:00+08:00,TAIFEX:CCF1!,117.0,118.0,117.0,118.0,733.0
2026-05-21 12:30:00+08:00,TAIFEX:CCF1!,118.0,118.0,117.0,117.0,570.0
2026-05-21 12:45:00+08:00,TAIFEX:CCF1!,117.5,118.0,117.0,117.5,365.0
2026-05-21 13:00:00+08:00,TAIFEX:CCF1!,117.5,117.5,116.5,116.5,575.0
2026-05-21 13:15:00+08:00,TAIFEX:CCF1!,116.5,117.0,116.0,117.0,434.0
2026-05-21 13:30:00+08:00,TAIFEX:CCF1!,117.0,117.0,116.0,117.0,354.0
2026-05-21 17:25:00+08:00,TAIFEX:CCF1!,117.5,118.0,116.5,117.5,212.0
2026-05-21 17:40:00+08:00,TAIFEX:CCF1!,117.5,117.5,117.5,117.5,27.0
2026-05-21 17:55:00+08:00,TAIFEX:CCF1!,117.5,117.5,117.0,117.5,10.0
2026-05-21 18:10:00+08:00,TAIFEX:CCF1!,117.0,117.5,117.0,117.5,15.0
2026-05-21 18:25:00+08:00,TAIFEX:CCF1!,117.0,117.0,116.5,116.5,115.0
2026-05-21 18:40:00+08:00,TAIFEX:CCF1!,116.5,116.5,116.0,116.5,57.0
2026-05-21 18:55:00+08:00,TAIFEX:CCF1!,116.5,117.0,116.0,117.0,58.0
2026-05-21 19:10:00+08:00,TAIFEX:CCF1!,117.0,117.0,116.5,117.0,24.0
2026-05-21 19:25:00+08:00,TAIFEX:CCF1!,117.0,117.0,117.0,117.0,2.0
2026-05-21 19:40:00+08:00,TAIFEX:CCF1!,117.0,117.0,117.0,117.0,1.0
2026-05-21 19:55:00+08:00,TAIFEX:CCF1!,116.5,116.5,116.5,116.5,43.0
2026-05-21 20:10:00+08:00,TAIFEX:CCF1!,116.5,117.0,116.5,117.0,6.0
2026-05-21 20:25:00+08:00,TAIFEX:CCF1!,116.5,117.0,116.5,117.0,42.0
2026-05-21 20:40:00+08:00,TAIFEX:CCF1!,117.0,117.0,116.5,116.5,2.0
2026-05-21 20:55:00+08:00,TAIFEX:CCF1!,116.5,117.0,116.5,116.5,25.0
2026-05-21 21:10:00+08:00,TAIFEX:CCF1!,116.5,116.5,116.0,116.0,62.0
2026-05-21 21:25:00+08:00,TAIFEX:CCF1!,116.0,117.5,116.0,117.0,180.0
2026-05-21 21:40:00+08:00,TAIFEX:CCF1!,117.0,118.0,117.0,118.0,207.0
2026-05-21 21:55:00+08:00,TAIFEX:CCF1!,118.0,118.0,117.5,118.0,134.0
2026-05-21 22:10:00+08:00,TAIFEX:CCF1!,118.0,118.0,116.5,117.0,313.0
2026-05-21 22:25:00+08:00,TAIFEX:CCF1!,117.0,118.0,117.0,117.5,205.0
2026-05-21 22:40:00+08:00,TAIFEX:CCF1!,117.5,118.0,117.5,117.5,73.0
2026-05-21 22:55:00+08:00,TAIFEX:CCF1!,117.5,117.5,116.5,116.5,88.0
2026-05-21 23:10:00+08:00,TAIFEX:CCF1!,117.0,117.5,117.0,117.5,40.0
2026-05-21 23:25:00+08:00,TAIFEX:CCF1!,117.0,117.0,117.0,117.0,48.0
2026-05-21 23:40:00+08:00,TAIFEX:CCF1!,117.5,117.5,117.0,117.5,5.0
2026-05-21 23:55:00+08:00,TAIFEX:CCF1!,117.5,117.5,117.5,117.5,2.0
2026-05-22 00:10:00+08:00,TAIFEX:CCF1!,117.5,117.5,117.0,117.0,67.0
2026-05-22 00:25:00+08:00,TAIFEX:CCF1!,117.5,117.5,117.5,117.5,10.0
2026-05-22 00:40:00+08:00,TAIFEX:CCF1!,117.5,117.5,117.5,117.5,17.0
2026-05-22 00:55:00+08:00,TAIFEX:CCF1!,117.5,117.5,117.0,117.0,5.0
2026-05-22 01:10:00+08:00,TAIFEX:CCF1!,117.5,118.0,117.5,118.0,81.0
2026-05-22 01:25:00+08:00,TAIFEX:CCF1!,118.0,118.0,117.5,117.5,41.0
2026-05-22 01:40:00+08:00,TAIFEX:CCF1!,118.0,119.0,118.0,119.0,185.0
2026-05-22 01:55:00+08:00,TAIFEX:CCF1!,119.0,119.5,118.5,118.5,150.0
2026-05-22 02:10:00+08:00,TAIFEX:CCF1!,118.5,119.0,118.5,119.0,44.0
2026-05-22 02:25:00+08:00,TAIFEX:CCF1!,119.0,119.5,119.0,119.0,48.0
2026-05-22 02:40:00+08:00,TAIFEX:CCF1!,119.0,119.0,118.0,118.0,71.0
2026-05-22 02:55:00+08:00,TAIFEX:CCF1!,118.0,118.5,118.0,118.5,27.0
2026-05-22 03:10:00+08:00,TAIFEX:CCF1!,118.5,118.5,118.5,118.5,17.0
2026-05-22 03:25:00+08:00,TAIFEX:CCF1!,118.5,118.5,118.5,118.5,47.0
2026-05-22 03:40:00+08:00,TAIFEX:CCF1!,118.5,118.5,118.5,118.5,7.0
2026-05-22 03:55:00+08:00,TAIFEX:CCF1!,118.0,118.5,118.0,118.5,8.0
2026-05-22 04:10:00+08:00,TAIFEX:CCF1!,118.5,118.5,118.5,118.5,5.0
2026-05-22 04:25:00+08:00,TAIFEX:CCF1!,118.5,118.5,118.0,118.5,7.0
2026-05-22 04:40:00+08:00,TAIFEX:CCF1!,118.5,119.0,118.5,118.5,14.0
2026-05-22 04:55:00+08:00,TAIFEX:CCF1!,119.0,119.0,118.5,119.0,21.0
2026-05-22 08:45:00+08:00,TAIFEX:CCF1!,119.0,119.0,117.5,119.0,962.0
2026-05-22 09:00:00+08:00,TAIFEX:CCF1!,119.0,119.5,114.0,115.0,5174.0
2026-05-22 09:15:00+08:00,TAIFEX:CCF1!,115.5,117.0,114.5,114.5,2414.0
2026-05-22 09:30:00+08:00,TAIFEX:CCF1!,115.0,115.5,114.5,115.5,946.0
2026-05-22 09:45:00+08:00,TAIFEX:CCF1!,115.5,117.0,115.0,117.0,1430.0
2026-05-22 10:00:00+08:00,TAIFEX:CCF1!,117.0,118.5,116.0,117.5,2164.0
2026-05-22 10:15:00+08:00,TAIFEX:CCF1!,118.0,118.0,116.5,116.5,714.0
2026-05-22 10:30:00+08:00,TAIFEX:CCF1!,116.5,117.0,115.5,116.0,719.0
2026-05-22 10:45:00+08:00,TAIFEX:CCF1!,116.0,116.0,116.0,116.0,227.0
2026-05-22 11:00:00+08:00,TAIFEX:CCF1!,116.0,116.0,113.5,114.5,3194.0
2026-05-22 11:15:00+08:00,TAIFEX:CCF1!,115.0,115.0,114.0,115.0,771.0
2026-05-22 11:30:00+08:00,TAIFEX:CCF1!,115.0,115.0,114.5,114.5,398.0
2026-05-22 11:45:00+08:00,TAIFEX:CCF1!,115.0,115.5,114.5,115.5,463.0
2026-05-22 12:00:00+08:00,TAIFEX:CCF1!,115.5,116.0,115.0,115.5,1185.0
2026-05-22 12:15:00+08:00,TAIFEX:CCF1!,115.5,116.0,115.5,116.0,510.0
2026-05-22 12:30:00+08:00,TAIFEX:CCF1!,116.0,117.0,115.5,116.5,1512.0
2026-05-22 12:45:00+08:00,TAIFEX:CCF1!,116.5,117.0,115.5,116.0,875.0
2026-05-22 13:00:00+08:00,TAIFEX:CCF1!,116.5,116.5,115.0,116.0,1083.0
2026-05-22 13:15:00+08:00,TAIFEX:CCF1!,116.0,116.0,115.5,115.5,322.0
2026-05-22 13:30:00+08:00,TAIFEX:CCF1!,116.0,116.0,115.5,116.0,319.0
2026-05-22 17:25:00+08:00,TAIFEX:CCF1!,115.5,115.5,115.0,115.0,142.0
2026-05-22 17:40:00+08:00,TAIFEX:CCF1!,115.0,115.0,114.5,114.5,73.0
2026-05-22 17:55:00+08:00,TAIFEX:CCF1!,115.0,115.0,115.0,115.0,16.0
2026-05-22 18:10:00+08:00,TAIFEX:CCF1!,115.0,115.0,115.0,115.0,18.0
2026-05-22 18:25:00+08:00,TAIFEX:CCF1!,114.5,115.0,114.5,114.5,10.0
2026-05-22 18:40:00+08:00,TAIFEX:CCF1!,114.5,115.0,114.5,114.5,90.0
2026-05-22 18:55:00+08:00,TAIFEX:CCF1!,114.5,115.0,114.5,114.5,23.0
2026-05-22 19:10:00+08:00,TAIFEX:CCF1!,114.5,114.5,114.5,114.5,2.0
2026-05-22 19:25:00+08:00,TAIFEX:CCF1!,114.5,115.0,114.5,115.0,10.0
2026-05-22 19:40:00+08:00,TAIFEX:CCF1!,115.0,115.5,115.0,115.5,86.0
2026-05-22 19:55:00+08:00,TAIFEX:CCF1!,115.5,115.5,115.5,115.5,55.0
2026-05-22 20:10:00+08:00,TAIFEX:CCF1!,115.5,116.0,115.5,115.5,54.0
2026-05-22 20:25:00+08:00,TAIFEX:CCF1!,116.0,116.0,116.0,116.0,10.0
2026-05-22 20:40:00+08:00,TAIFEX:CCF1!,116.0,116.0,116.0,116.0,57.0
2026-05-22 20:55:00+08:00,TAIFEX:CCF1!,116.0,116.5,115.5,115.5,20.0
2026-05-22 21:10:00+08:00,TAIFEX:CCF1!,116.0,116.5,116.0,116.0,36.0
2026-05-22 21:25:00+08:00,TAIFEX:CCF1!,116.0,116.5,116.0,116.5,190.0
2026-05-22 21:40:00+08:00,TAIFEX:CCF1!,116.5,116.5,116.0,116.0,77.0
2026-05-22 21:55:00+08:00,TAIFEX:CCF1!,116.0,116.5,116.0,116.0,143.0
2026-05-22 22:10:00+08:00,TAIFEX:CCF1!,116.0,116.0,115.5,115.5,50.0
2026-05-22 22:25:00+08:00,TAIFEX:CCF1!,116.0,116.0,116.0,116.0,62.0
2026-05-22 22:40:00+08:00,TAIFEX:CCF1!,116.0,116.0,116.0,116.0,29.0
2026-05-22 22:55:00+08:00,TAIFEX:CCF1!,116.0,116.5,116.0,116.5,35.0
2026-05-22 23:10:00+08:00,TAIFEX:CCF1!,116.5,116.5,116.0,116.5,25.0
2026-05-22 23:25:00+08:00,TAIFEX:CCF1!,116.5,116.5,116.0,116.0,19.0
2026-05-22 23:40:00+08:00,TAIFEX:CCF1!,116.5,116.5,116.5,116.5,83.0
2026-05-22 23:55:00+08:00,TAIFEX:CCF1!,116.5,117.0,116.5,116.5,13.0
2026-05-23 00:10:00+08:00,TAIFEX:CCF1!,116.5,116.5,116.5,116.5,45.0
2026-05-23 00:25:00+08:00,TAIFEX:CCF1!,116.5,116.5,116.5,116.5,6.0
2026-05-23 00:40:00+08:00,TAIFEX:CCF1!,116.5,116.5,116.5,116.5,24.0
2026-05-23 00:55:00+08:00,TAIFEX:CCF1!,116.5,116.5,116.5,116.5,31.0
2026-05-23 01:10:00+08:00,TAIFEX:CCF1!,116.5,116.5,116.5,116.5,24.0
2026-05-23 01:25:00+08:00,TAIFEX:CCF1!,116.5,116.5,116.5,116.5,427.0
2026-05-23 01:40:00+08:00,TAIFEX:CCF1!,116.5,117.0,116.5,117.0,7.0
2026-05-23 01:55:00+08:00,TAIFEX:CCF1!,116.5,116.5,116.5,116.5,83.0
2026-05-23 02:10:00+08:00,TAIFEX:CCF1!,116.5,116.5,116.5,116.5,1.0
2026-05-23 02:25:00+08:00,TAIFEX:CCF1!,116.5,116.5,116.5,116.5,11.0
2026-05-23 02:40:00+08:00,TAIFEX:CCF1!,116.5,116.5,116.0,116.5,143.0
2026-05-23 02:55:00+08:00,TAIFEX:CCF1!,116.5,116.5,116.5,116.5,2.0
2026-05-23 03:10:00+08:00,TAIFEX:CCF1!,116.5,116.5,116.5,116.5,3.0
2026-05-23 03:25:00+08:00,TAIFEX:CCF1!,116.5,116.5,116.5,116.5,1.0
2026-05-23 03:40:00+08:00,TAIFEX:CCF1!,116.0,116.0,116.0,116.0,1.0
2026-05-23 03:55:00+08:00,TAIFEX:CCF1!,116.5,116.5,116.5,116.5,2.0
2026-05-23 04:10:00+08:00,TAIFEX:CCF1!,116.5,116.5,116.5,116.5,1.0
2026-05-23 04:25:00+08:00,TAIFEX:CCF1!,116.0,116.0,116.0,116.0,3.0
2026-05-23 04:40:00+08:00,TAIFEX:CCF1!,116.5,116.5,116.0,116.0,6.0
2026-05-23 04:55:00+08:00,TAIFEX:CCF1!,116.5,116.5,116.0,116.0,6.0
2026-05-25 08:45:00+08:00,TAIFEX:CCF1!,117.0,117.5,116.0,117.0,1230.0
2026-05-25 09:00:00+08:00,TAIFEX:CCF1!,117.0,122.0,114.5,121.0,7340.0
2026-05-25 09:15:00+08:00,TAIFEX:CCF1!,121.0,123.5,120.0,121.0,4047.0
2026-05-25 09:30:00+08:00,TAIFEX:CCF1!,121.0,122.5,120.0,121.0,2741.0
2026-05-25 09:45:00+08:00,TAIFEX:CCF1!,121.0,127.0,120.5,126.5,4688.0
2026-05-25 10:00:00+08:00,TAIFEX:CCF1!,126.5,127.5,126.0,127.5,2099.0
2026-05-25 10:15:00+08:00,TAIFEX:CCF1!,127.5,127.5,127.5,127.5,37.0
2026-05-25 10:30:00+08:00,TAIFEX:CCF1!,127.5,127.5,127.5,127.5,12.0
2026-05-25 10:45:00+08:00,TAIFEX:CCF1!,127.5,127.5,124.5,126.5,5512.0
2026-05-25 11:00:00+08:00,TAIFEX:CCF1!,127.0,127.5,126.5,127.5,2169.0
2026-05-25 11:15:00+08:00,TAIFEX:CCF1!,127.0,127.5,126.5,127.5,1285.0
2026-05-25 11:30:00+08:00,TAIFEX:CCF1!,127.0,127.5,127.0,127.5,291.0
2026-05-25 11:45:00+08:00,TAIFEX:CCF1!,127.5,127.5,127.5,127.5,31.0
2026-05-25 12:00:00+08:00,TAIFEX:CCF1!,127.5,127.5,127.5,127.5,113.0
2026-05-25 12:15:00+08:00,TAIFEX:CCF1!,127.5,127.5,127.5,127.5,11.0
2026-05-25 12:30:00+08:00,TAIFEX:CCF1!,127.5,127.5,127.5,127.5,6.0
2026-05-25 12:45:00+08:00,TAIFEX:CCF1!,127.5,127.5,127.5,127.5,4.0
2026-05-25 13:00:00+08:00,TAIFEX:CCF1!,127.5,127.5,127.5,127.5,32.0
2026-05-25 13:15:00+08:00,TAIFEX:CCF1!,127.5,127.5,127.5,127.5,9.0
2026-05-25 17:25:00+08:00,TAIFEX:CCF1!,131.0,132.5,130.5,131.5,294.0
2026-05-25 17:40:00+08:00,TAIFEX:CCF1!,131.5,132.5,131.5,132.0,119.0
2026-05-25 17:55:00+08:00,TAIFEX:CCF1!,132.0,132.5,131.5,132.0,68.0
2026-05-25 18:10:00+08:00,TAIFEX:CCF1!,132.0,134.0,132.0,134.0,232.0
2026-05-25 18:25:00+08:00,TAIFEX:CCF1!,134.0,136.5,134.0,136.5,311.0
2026-05-25 18:40:00+08:00,TAIFEX:CCF1!,136.5,139.0,136.5,137.0,701.0
2026-05-25 18:55:00+08:00,TAIFEX:CCF1!,137.0,137.0,136.5,136.5,148.0
2026-05-25 19:10:00+08:00,TAIFEX:CCF1!,137.0,137.5,136.5,137.5,117.0
2026-05-25 19:25:00+08:00,TAIFEX:CCF1!,137.0,137.5,136.5,137.5,108.0
2026-05-25 19:40:00+08:00,TAIFEX:CCF1!,137.5,138.0,137.5,138.0,257.0
2026-05-25 19:55:00+08:00,TAIFEX:CCF1!,138.0,138.0,137.0,137.0,167.0
2026-05-25 20:10:00+08:00,TAIFEX:CCF1!,137.0,137.0,136.0,137.0,150.0
2026-05-25 20:25:00+08:00,TAIFEX:CCF1!,137.0,137.0,137.0,137.0,23.0
2026-05-25 20:40:00+08:00,TAIFEX:CCF1!,136.5,136.5,136.0,136.5,84.0
2026-05-25 20:55:00+08:00,TAIFEX:CCF1!,137.0,137.0,136.0,136.5,146.0
2026-05-25 21:10:00+08:00,TAIFEX:CCF1!,136.5,136.5,136.5,136.5,33.0
2026-05-25 21:25:00+08:00,TAIFEX:CCF1!,136.5,137.0,136.0,137.0,36.0
2026-05-25 21:40:00+08:00,TAIFEX:CCF1!,137.0,137.5,137.0,137.5,74.0
2026-05-25 21:55:00+08:00,TAIFEX:CCF1!,137.5,137.5,137.0,137.5,153.0
2026-05-25 22:10:00+08:00,TAIFEX:CCF1!,137.5,137.5,137.0,137.0,114.0
2026-05-25 22:25:00+08:00,TAIFEX:CCF1!,137.0,137.5,136.5,137.0,105.0
2026-05-25 22:40:00+08:00,TAIFEX:CCF1!,137.0,137.0,136.5,136.5,11.0
2026-05-25 22:55:00+08:00,TAIFEX:CCF1!,136.5,136.5,136.0,136.0,132.0
2026-05-25 23:10:00+08:00,TAIFEX:CCF1!,136.5,136.5,136.0,136.5,36.0
2026-05-25 23:25:00+08:00,TAIFEX:CCF1!,136.5,136.5,136.0,136.0,21.0
2026-05-25 23:40:00+08:00,TAIFEX:CCF1!,136.0,136.5,135.5,135.5,188.0
2026-05-25 23:55:00+08:00,TAIFEX:CCF1!,135.5,136.0,135.0,136.0,51.0
2026-05-26 00:10:00+08:00,TAIFEX:CCF1!,136.0,136.0,136.0,136.0,30.0
2026-05-26 00:25:00+08:00,TAIFEX:CCF1!,136.0,136.5,136.0,136.5,6.0
2026-05-26 00:40:00+08:00,TAIFEX:CCF1!,136.5,136.5,136.0,136.5,34.0
2026-05-26 00:55:00+08:00,TAIFEX:CCF1!,136.5,136.5,136.0,136.0,27.0
2026-05-26 01:10:00+08:00,TAIFEX:CCF1!,136.5,136.5,136.5,136.5,12.0
2026-05-26 01:25:00+08:00,TAIFEX:CCF1!,136.5,136.5,136.0,136.5,9.0
2026-05-26 01:40:00+08:00,TAIFEX:CCF1!,136.5,136.5,136.0,136.0,16.0
2026-05-26 01:55:00+08:00,TAIFEX:CCF1!,136.0,136.0,136.0,136.0,4.0
2026-05-26 02:10:00+08:00,TAIFEX:CCF1!,136.0,136.0,136.0,136.0,3.0
2026-05-26 02:25:00+08:00,TAIFEX:CCF1!,136.0,136.0,136.0,136.0,1.0
2026-05-26 02:40:00+08:00,TAIFEX:CCF1!,136.5,136.5,136.0,136.0,4.0
2026-05-26 02:55:00+08:00,TAIFEX:CCF1!,136.5,136.5,136.5,136.5,11.0
2026-05-26 03:25:00+08:00,TAIFEX:CCF1!,136.5,136.5,136.5,136.5,26.0
2026-05-26 03:40:00+08:00,TAIFEX:CCF1!,137.0,137.0,136.5,136.5,16.0
2026-05-26 03:55:00+08:00,TAIFEX:CCF1!,136.5,136.5,136.0,136.5,11.0
2026-05-26 04:10:00+08:00,TAIFEX:CCF1!,136.0,136.5,136.0,136.0,8.0
2026-05-26 04:25:00+08:00,TAIFEX:CCF1!,136.5,136.5,136.5,136.5,7.0
2026-05-26 04:40:00+08:00,TAIFEX:CCF1!,136.5,136.5,136.5,136.5,13.0
2026-05-26 04:55:00+08:00,TAIFEX:CCF1!,136.5,136.5,136.5,136.5,2.0
2026-05-26 08:45:00+08:00,TAIFEX:CCF1!,136.5,137.5,131.0,131.5,2057.0
2026-05-26 09:00:00+08:00,TAIFEX:CCF1!,131.5,135.5,130.5,133.5,4710.0
2026-05-26 09:15:00+08:00,TAIFEX:CCF1!,133.5,136.0,132.0,135.0,2114.0
2026-05-26 09:30:00+08:00,TAIFEX:CCF1!,135.0,135.5,130.5,132.5,3390.0
2026-05-26 09:45:00+08:00,TAIFEX:CCF1!,132.5,134.0,130.5,132.0,2020.0
2026-05-26 10:00:00+08:00,TAIFEX:CCF1!,132.0,133.0,131.5,132.0,1182.0
2026-05-26 10:15:00+08:00,TAIFEX:CCF1!,132.0,133.5,132.0,133.0,990.0
2026-05-26 10:30:00+08:00,TAIFEX:CCF1!,132.5,134.5,132.5,133.0,2011.0
2026-05-26 10:45:00+08:00,TAIFEX:CCF1!,133.0,133.5,132.5,133.0,715.0
2026-05-26 11:00:00+08:00,TAIFEX:CCF1!,133.0,133.5,131.5,132.5,1301.0
2026-05-26 11:15:00+08:00,TAIFEX:CCF1!,132.0,133.5,132.0,133.0,615.0
2026-05-26 11:30:00+08:00,TAIFEX:CCF1!,133.0,133.5,132.0,132.5,901.0
2026-05-26 11:45:00+08:00,TAIFEX:CCF1!,132.0,132.5,131.0,132.5,1777.0
2026-05-26 12:00:00+08:00,TAIFEX:CCF1!,132.0,132.5,131.5,132.5,773.0
2026-05-26 12:15:00+08:00,TAIFEX:CCF1!,132.5,133.0,131.0,131.0,1501.0
2026-05-26 12:30:00+08:00,TAIFEX:CCF1!,131.5,131.5,130.5,131.0,962.0
2026-05-26 12:45:00+08:00,TAIFEX:CCF1!,131.0,132.0,130.0,131.5,2098.0
2026-05-26 13:00:00+08:00,TAIFEX:CCF1!,132.0,132.5,131.5,132.0,1365.0
2026-05-26 13:15:00+08:00,TAIFEX:CCF1!,132.0,134.0,131.5,134.0,1185.0
2026-05-26 13:30:00+08:00,TAIFEX:CCF1!,134.0,134.0,133.0,133.5,429.0
2026-05-26 17:25:00+08:00,TAIFEX:CCF1!,134.5,135.5,134.0,135.0,415.0
2026-05-26 17:40:00+08:00,TAIFEX:CCF1!,135.0,135.0,134.5,135.0,70.0
2026-05-26 17:55:00+08:00,TAIFEX:CCF1!,135.0,135.5,134.5,135.0,93.0
2026-05-26 18:10:00+08:00,TAIFEX:CCF1!,135.5,136.0,135.0,136.0,153.0
2026-05-26 18:25:00+08:00,TAIFEX:CCF1!,136.0,136.5,136.0,136.5,204.0
2026-05-26 18:40:00+08:00,TAIFEX:CCF1!,136.5,136.5,135.5,136.0,104.0
2026-05-26 18:55:00+08:00,TAIFEX:CCF1!,136.0,136.0,135.5,135.5,89.0
2026-05-26 19:10:00+08:00,TAIFEX:CCF1!,135.5,136.0,135.5,135.5,76.0
2026-05-26 19:25:00+08:00,TAIFEX:CCF1!,135.5,135.5,135.0,135.5,61.0
2026-05-26 19:40:00+08:00,TAIFEX:CCF1!,135.5,136.0,135.5,135.5,41.0
2026-05-26 19:55:00+08:00,TAIFEX:CCF1!,135.5,135.5,135.0,135.5,74.0
2026-05-26 20:10:00+08:00,TAIFEX:CCF1!,135.0,135.5,135.0,135.5,20.0
2026-05-26 20:25:00+08:00,TAIFEX:CCF1!,135.5,136.0,135.5,135.5,74.0
2026-05-26 20:40:00+08:00,TAIFEX:CCF1!,135.5,135.5,135.5,135.5,90.0
2026-05-26 20:55:00+08:00,TAIFEX:CCF1!,135.5,135.5,135.5,135.5,24.0
2026-05-26 21:10:00+08:00,TAIFEX:CCF1!,135.5,135.5,135.5,135.5,18.0
2026-05-26 21:25:00+08:00,TAIFEX:CCF1!,135.5,136.0,134.0,136.0,740.0
2026-05-26 21:40:00+08:00,TAIFEX:CCF1!,136.0,137.0,136.0,137.0,626.0
2026-05-26 21:55:00+08:00,TAIFEX:CCF1!,137.0,137.5,136.0,137.0,517.0
2026-05-26 22:10:00+08:00,TAIFEX:CCF1!,137.0,138.5,137.0,138.5,651.0
2026-05-26 22:25:00+08:00,TAIFEX:CCF1!,138.5,139.0,138.0,138.0,450.0
2026-05-26 22:40:00+08:00,TAIFEX:CCF1!,138.0,138.5,137.5,137.5,256.0
2026-05-26 22:55:00+08:00,TAIFEX:CCF1!,137.5,138.0,136.5,137.0,432.0
2026-05-26 23:10:00+08:00,TAIFEX:CCF1!,137.5,138.0,137.0,137.5,191.0
2026-05-26 23:25:00+08:00,TAIFEX:CCF1!,137.5,137.5,136.5,136.5,226.0
2026-05-26 23:40:00+08:00,TAIFEX:CCF1!,136.5,137.0,136.5,136.5,246.0
2026-05-26 23:55:00+08:00,TAIFEX:CCF1!,136.5,137.0,135.5,137.0,308.0
2026-05-27 00:10:00+08:00,TAIFEX:CCF1!,137.0,137.0,136.5,137.0,24.0
2026-05-27 00:25:00+08:00,TAIFEX:CCF1!,137.0,137.0,136.5,136.5,114.0
2026-05-27 00:40:00+08:00,TAIFEX:CCF1!,136.5,136.5,136.0,136.0,129.0
2026-05-27 00:55:00+08:00,TAIFEX:CCF1!,136.0,136.5,136.0,136.0,77.0
2026-05-27 01:10:00+08:00,TAIFEX:CCF1!,136.5,136.5,136.0,136.0,62.0
2026-05-27 01:25:00+08:00,TAIFEX:CCF1!,136.0,136.0,135.5,136.0,11.0
2026-05-27 01:40:00+08:00,TAIFEX:CCF1!,136.0,136.0,136.0,136.0,51.0
2026-05-27 01:55:00+08:00,TAIFEX:CCF1!,136.0,136.0,136.0,136.0,2.0
2026-05-27 02:10:00+08:00,TAIFEX:CCF1!,136.5,136.5,136.0,136.0,71.0
2026-05-27 02:25:00+08:00,TAIFEX:CCF1!,136.0,136.5,136.0,136.5,15.0
2026-05-27 02:40:00+08:00,TAIFEX:CCF1!,136.5,136.5,136.0,136.5,101.0
2026-05-27 02:55:00+08:00,TAIFEX:CCF1!,136.0,136.5,136.0,136.5,10.0
2026-05-27 03:10:00+08:00,TAIFEX:CCF1!,136.0,136.5,136.0,136.5,75.0
2026-05-27 03:25:00+08:00,TAIFEX:CCF1!,136.5,136.5,136.5,136.5,111.0
2026-05-27 03:40:00+08:00,TAIFEX:CCF1!,136.5,136.5,136.0,136.0,22.0
2026-05-27 03:55:00+08:00,TAIFEX:CCF1!,136.0,136.5,136.0,136.5,36.0
2026-05-27 04:10:00+08:00,TAIFEX:CCF1!,136.5,137.0,136.5,136.5,91.0
2026-05-27 04:25:00+08:00,TAIFEX:CCF1!,136.5,137.0,136.5,137.0,59.0
2026-05-27 04:40:00+08:00,TAIFEX:CCF1!,137.0,137.0,136.5,136.5,17.0
2026-05-27 04:55:00+08:00,TAIFEX:CCF1!,136.5,137.0,136.5,136.5,16.0
2026-05-27 08:45:00+08:00,TAIFEX:CCF1!,138.5,141.0,137.5,140.5,2066.0
2026-05-27 09:00:00+08:00,TAIFEX:CCF1!,141.0,145.5,140.0,143.0,6208.0
2026-05-27 09:15:00+08:00,TAIFEX:CCF1!,143.0,146.5,142.5,145.5,4975.0
2026-05-27 09:30:00+08:00,TAIFEX:CCF1!,146.0,146.5,142.5,145.5,4113.0
2026-05-27 09:45:00+08:00,TAIFEX:CCF1!,145.5,146.5,144.0,145.0,1803.0
2026-05-27 10:00:00+08:00,TAIFEX:CCF1!,145.0,146.5,145.0,146.5,965.0
2026-05-27 10:15:00+08:00,TAIFEX:CCF1!,146.5,146.5,146.5,146.5,96.0
2026-05-27 10:30:00+08:00,TAIFEX:CCF1!,146.5,146.5,146.5,146.5,48.0
2026-05-27 10:45:00+08:00,TAIFEX:CCF1!,146.5,146.5,146.5,146.5,7.0
2026-05-27 11:00:00+08:00,TAIFEX:CCF1!,146.5,146.5,146.5,146.5,17.0
2026-05-27 11:15:00+08:00,TAIFEX:CCF1!,146.5,146.5,146.5,146.5,29.0
2026-05-27 11:30:00+08:00,TAIFEX:CCF1!,146.5,146.5,146.5,146.5,6.0
2026-05-27 11:45:00+08:00,TAIFEX:CCF1!,146.5,146.5,146.5,146.5,10.0
2026-05-27 12:00:00+08:00,TAIFEX:CCF1!,146.5,146.5,144.5,145.5,4485.0
2026-05-27 12:15:00+08:00,TAIFEX:CCF1!,146.0,146.5,144.5,146.0,4352.0
2026-05-27 12:30:00+08:00,TAIFEX:CCF1!,146.0,146.5,145.5,146.5,993.0
2026-05-27 12:45:00+08:00,TAIFEX:CCF1!,146.5,146.5,146.5,146.5,85.0
2026-05-27 13:00:00+08:00,TAIFEX:CCF1!,146.5,146.5,146.5,146.5,63.0
2026-05-27 13:15:00+08:00,TAIFEX:CCF1!,146.5,146.5,146.5,146.5,22.0
2026-05-27 13:30:00+08:00,TAIFEX:CCF1!,146.5,146.5,146.5,146.5,24.0
2026-05-27 17:25:00+08:00,TAIFEX:CCF1!,151.0,154.0,150.5,152.5,943.0
2026-05-27 17:40:00+08:00,TAIFEX:CCF1!,152.5,155.0,152.0,155.0,444.0
2026-05-27 17:55:00+08:00,TAIFEX:CCF1!,155.0,156.0,154.0,154.0,522.0
2026-05-27 18:10:00+08:00,TAIFEX:CCF1!,154.5,154.5,154.0,154.5,223.0
2026-05-27 18:25:00+08:00,TAIFEX:CCF1!,154.5,155.5,153.5,154.0,507.0
2026-05-27 18:40:00+08:00,TAIFEX:CCF1!,154.0,154.5,154.0,154.5,252.0
2026-05-27 18:55:00+08:00,TAIFEX:CCF1!,154.5,155.0,154.5,155.0,151.0
2026-05-27 19:10:00+08:00,TAIFEX:CCF1!,155.0,156.0,155.0,155.5,370.0
2026-05-27 19:25:00+08:00,TAIFEX:CCF1!,155.5,155.5,154.5,155.0,208.0
2026-05-27 19:40:00+08:00,TAIFEX:CCF1!,155.0,155.0,154.5,154.5,184.0
2026-05-27 19:55:00+08:00,TAIFEX:CCF1!,154.5,155.0,154.5,155.0,165.0
2026-05-27 20:10:00+08:00,TAIFEX:CCF1!,155.0,155.0,154.5,155.0,182.0
2026-05-27 20:25:00+08:00,TAIFEX:CCF1!,155.0,156.0,154.5,156.0,342.0
2026-05-27 20:40:00+08:00,TAIFEX:CCF1!,156.0,156.5,155.5,155.5,279.0
2026-05-27 20:55:00+08:00,TAIFEX:CCF1!,155.5,156.0,155.5,156.0,187.0
2026-05-27 21:10:00+08:00,TAIFEX:CCF1!,156.0,156.0,155.5,156.0,185.0
2026-05-27 21:25:00+08:00,TAIFEX:CCF1!,156.0,156.0,148.5,150.0,2447.0
2026-05-27 21:40:00+08:00,TAIFEX:CCF1!,150.0,150.0,146.0,149.0,2098.0
2026-05-27 21:55:00+08:00,TAIFEX:CCF1!,149.0,149.5,147.0,147.5,884.0
2026-05-27 22:10:00+08:00,TAIFEX:CCF1!,147.5,147.5,144.0,144.5,1529.0
2026-05-27 22:25:00+08:00,TAIFEX:CCF1!,144.5,145.5,142.0,145.5,1261.0
2026-05-27 22:40:00+08:00,TAIFEX:CCF1!,145.5,146.5,144.5,146.0,816.0
2026-05-27 22:55:00+08:00,TAIFEX:CCF1!,146.0,146.0,143.5,144.5,474.0
2026-05-27 23:10:00+08:00,TAIFEX:CCF1!,145.0,145.5,143.5,144.0,301.0
2026-05-27 23:25:00+08:00,TAIFEX:CCF1!,144.5,145.5,144.0,144.5,257.0
2026-05-27 23:40:00+08:00,TAIFEX:CCF1!,144.0,144.5,143.5,144.5,272.0
2026-05-27 23:55:00+08:00,TAIFEX:CCF1!,144.5,146.0,144.5,145.5,195.0
2026-05-28 00:10:00+08:00,TAIFEX:CCF1!,145.5,146.5,145.5,146.0,292.0
2026-05-28 00:25:00+08:00,TAIFEX:CCF1!,146.0,146.5,145.5,146.0,91.0
2026-05-28 00:40:00+08:00,TAIFEX:CCF1!,146.0,147.0,145.5,146.0,211.0
2026-05-28 00:55:00+08:00,TAIFEX:CCF1!,146.0,146.0,145.0,145.0,107.0
2026-05-28 01:10:00+08:00,TAIFEX:CCF1!,145.0,146.0,144.5,146.0,111.0
2026-05-28 01:25:00+08:00,TAIFEX:CCF1!,146.0,146.0,145.5,146.0,19.0
2026-05-28 01:40:00+08:00,TAIFEX:CCF1!,145.5,146.0,145.0,146.0,61.0
2026-05-28 01:55:00+08:00,TAIFEX:CCF1!,146.0,146.0,146.0,146.0,28.0
2026-05-28 02:10:00+08:00,TAIFEX:CCF1!,146.0,146.0,144.0,145.5,240.0
2026-05-28 02:25:00+08:00,TAIFEX:CCF1!,145.0,145.5,145.0,145.5,97.0
2026-05-28 02:40:00+08:00,TAIFEX:CCF1!,146.0,146.5,146.0,146.0,187.0
2026-05-28 02:55:00+08:00,TAIFEX:CCF1!,146.0,146.5,146.0,146.5,28.0
2026-05-28 03:10:00+08:00,TAIFEX:CCF1!,146.5,146.5,146.0,146.0,90.0
2026-05-28 03:25:00+08:00,TAIFEX:CCF1!,146.0,146.5,146.0,146.0,63.0
2026-05-28 03:40:00+08:00,TAIFEX:CCF1!,146.5,146.5,145.5,145.5,96.0
2026-05-28 03:55:00+08:00,TAIFEX:CCF1!,145.0,145.5,145.0,145.5,92.0
2026-05-28 04:10:00+08:00,TAIFEX:CCF1!,146.0,146.0,146.0,146.0,62.0
2026-05-28 04:25:00+08:00,TAIFEX:CCF1!,146.0,146.0,145.5,146.0,17.0
2026-05-28 04:40:00+08:00,TAIFEX:CCF1!,146.0,146.5,146.0,146.5,46.0
2026-05-28 04:55:00+08:00,TAIFEX:CCF1!,146.5,147.0,146.5,146.5,48.0
2026-05-28 08:45:00+08:00,TAIFEX:CCF1!,147.5,147.5,144.5,146.0,1280.0
2026-05-28 09:00:00+08:00,TAIFEX:CCF1!,146.0,147.5,142.5,147.5,4682.0
2026-05-28 09:15:00+08:00,TAIFEX:CCF1!,147.5,148.5,145.0,147.0,3374.0
2026-05-28 09:30:00+08:00,TAIFEX:CCF1!,147.0,147.5,145.0,147.0,2460.0
2026-05-28 09:45:00+08:00,TAIFEX:CCF1!,147.5,151.0,147.0,151.0,3288.0
2026-05-28 10:00:00+08:00,TAIFEX:CCF1!,151.0,154.0,150.5,150.5,5552.0
2026-05-28 10:15:00+08:00,TAIFEX:CCF1!,151.0,151.5,148.0,148.5,3035.0
2026-05-28 10:30:00+08:00,TAIFEX:CCF1!,148.5,150.5,147.5,150.0,1847.0
2026-05-28 10:45:00+08:00,TAIFEX:CCF1!,150.0,152.5,149.0,152.0,1873.0
2026-05-28 11:00:00+08:00,TAIFEX:CCF1!,152.5,153.0,150.5,150.5,2197.0
2026-05-28 11:15:00+08:00,TAIFEX:CCF1!,150.5,151.0,146.0,146.0,4059.0
2026-05-28 11:30:00+08:00,TAIFEX:CCF1!,146.5,147.0,140.5,143.0,8040.0
2026-05-28 11:45:00+08:00,TAIFEX:CCF1!,143.0,145.5,142.5,143.0,2286.0
2026-05-28 12:00:00+08:00,TAIFEX:CCF1!,142.5,143.0,139.5,140.5,3775.0
2026-05-28 12:15:00+08:00,TAIFEX:CCF1!,140.0,142.0,139.0,142.0,2216.0
2026-05-28 12:30:00+08:00,TAIFEX:CCF1!,142.0,143.5,141.0,142.5,1281.0
2026-05-28 12:45:00+08:00,TAIFEX:CCF1!,143.0,143.0,141.0,142.0,1082.0
2026-05-28 13:00:00+08:00,TAIFEX:CCF1!,142.5,143.5,141.0,143.5,1629.0
2026-05-28 13:15:00+08:00,TAIFEX:CCF1!,143.5,144.0,140.5,143.5,1230.0
2026-05-28 13:30:00+08:00,TAIFEX:CCF1!,144.0,146.0,144.0,145.5,758.0
2026-05-28 17:25:00+08:00,TAIFEX:CCF1!,147.0,147.5,146.5,147.0,488.0
2026-05-28 17:40:00+08:00,TAIFEX:CCF1!,147.0,147.0,146.5,147.0,88.0
2026-05-28 17:55:00+08:00,TAIFEX:CCF1!,147.0,147.5,147.0,147.0,89.0
2026-05-28 18:10:00+08:00,TAIFEX:CCF1!,147.0,147.5,146.5,146.5,59.0
2026-05-28 18:25:00+08:00,TAIFEX:CCF1!,147.0,147.0,146.5,146.5,56.0
2026-05-28 18:40:00+08:00,TAIFEX:CCF1!,146.5,146.5,145.5,146.0,68.0
2026-05-28 18:55:00+08:00,TAIFEX:CCF1!,146.0,146.0,145.5,145.5,14.0
2026-05-28 19:10:00+08:00,TAIFEX:CCF1!,145.5,146.0,144.5,146.0,143.0
2026-05-28 19:25:00+08:00,TAIFEX:CCF1!,145.5,146.5,145.5,146.5,74.0
2026-05-28 19:40:00+08:00,TAIFEX:CCF1!,146.5,147.0,145.5,145.5,94.0
2026-05-28 19:55:00+08:00,TAIFEX:CCF1!,146.0,146.0,146.0,146.0,31.0
2026-05-28 20:10:00+08:00,TAIFEX:CCF1!,146.0,146.5,146.0,146.0,85.0
2026-05-28 20:25:00+08:00,TAIFEX:CCF1!,145.5,146.5,145.5,146.5,86.0
2026-05-28 20:40:00+08:00,TAIFEX:CCF1!,146.5,146.5,146.0,146.5,86.0
2026-05-28 20:55:00+08:00,TAIFEX:CCF1!,147.0,148.0,146.5,146.5,304.0
2026-05-28 21:10:00+08:00,TAIFEX:CCF1!,146.5,147.5,146.5,147.5,148.0
2026-05-28 21:25:00+08:00,TAIFEX:CCF1!,147.5,148.0,145.5,145.5,548.0
2026-05-28 21:40:00+08:00,TAIFEX:CCF1!,145.5,145.5,143.5,144.5,975.0
2026-05-28 21:55:00+08:00,TAIFEX:CCF1!,144.5,146.0,144.5,146.0,380.0
2026-05-28 22:10:00+08:00,TAIFEX:CCF1!,146.0,147.0,145.5,146.0,697.0
2026-05-28 22:25:00+08:00,TAIFEX:CCF1!,146.0,146.5,146.0,146.5,226.0
2026-05-28 22:40:00+08:00,TAIFEX:CCF1!,146.5,147.0,146.0,146.5,79.0
2026-05-28 22:55:00+08:00,TAIFEX:CCF1!,146.5,148.0,146.5,148.0,242.0
2026-05-28 23:10:00+08:00,TAIFEX:CCF1!,148.0,148.5,147.0,148.5,255.0
2026-05-28 23:25:00+08:00,TAIFEX:CCF1!,148.5,149.0,148.0,149.0,229.0
2026-05-28 23:40:00+08:00,TAIFEX:CCF1!,148.5,149.0,148.0,148.5,169.0
2026-05-28 23:55:00+08:00,TAIFEX:CCF1!,148.5,148.5,148.0,148.5,82.0
2026-05-29 00:10:00+08:00,TAIFEX:CCF1!,148.5,149.0,148.0,149.0,118.0
2026-05-29 00:25:00+08:00,TAIFEX:CCF1!,149.0,149.0,148.5,148.5,40.0
2026-05-29 00:40:00+08:00,TAIFEX:CCF1!,148.5,149.0,148.5,148.5,51.0
2026-05-29 00:55:00+08:00,TAIFEX:CCF1!,148.5,149.0,148.5,148.5,36.0
2026-05-29 01:10:00+08:00,TAIFEX:CCF1!,148.5,150.5,148.5,150.5,289.0
2026-05-29 01:25:00+08:00,TAIFEX:CCF1!,150.5,150.5,149.5,150.0,140.0
2026-05-29 01:40:00+08:00,TAIFEX:CCF1!,150.0,150.5,150.0,150.5,80.0
2026-05-29 01:55:00+08:00,TAIFEX:CCF1!,150.5,151.0,150.5,151.0,89.0
2026-05-29 02:10:00+08:00,TAIFEX:CCF1!,150.5,150.5,150.0,150.5,55.0
2026-05-29 02:25:00+08:00,TAIFEX:CCF1!,150.0,150.5,150.0,150.0,50.0
2026-05-29 02:40:00+08:00,TAIFEX:CCF1!,150.0,150.0,149.5,150.0,8.0
2026-05-29 02:55:00+08:00,TAIFEX:CCF1!,149.5,149.5,149.5,149.5,3.0
2026-05-29 03:10:00+08:00,TAIFEX:CCF1!,150.0,150.0,150.0,150.0,4.0
2026-05-29 03:25:00+08:00,TAIFEX:CCF1!,150.0,150.0,149.5,149.5,13.0
2026-05-29 03:40:00+08:00,TAIFEX:CCF1!,149.5,150.0,149.0,149.0,118.0
2026-05-29 03:55:00+08:00,TAIFEX:CCF1!,148.5,149.0,148.5,149.0,44.0
2026-05-29 04:10:00+08:00,TAIFEX:CCF1!,149.0,149.5,149.0,149.5,14.0
2026-05-29 04:25:00+08:00,TAIFEX:CCF1!,149.5,149.5,149.5,149.5,7.0
2026-05-29 04:40:00+08:00,TAIFEX:CCF1!,149.5,150.0,149.0,149.5,41.0
2026-05-29 04:55:00+08:00,TAIFEX:CCF1!,150.0,151.0,150.0,150.5,47.0
2026-05-29 08:45:00+08:00,TAIFEX:CCF1!,150.5,153.0,149.0,150.5,1579.0
2026-05-29 09:00:00+08:00,TAIFEX:CCF1!,150.5,150.5,142.0,142.5,5416.0
2026-05-29 09:15:00+08:00,TAIFEX:CCF1!,142.5,143.0,139.0,140.5,5315.0
2026-05-29 09:30:00+08:00,TAIFEX:CCF1!,140.5,142.0,140.0,141.5,2423.0
2026-05-29 09:45:00+08:00,TAIFEX:CCF1!,141.5,143.0,139.5,143.0,2267.0
2026-05-29 10:00:00+08:00,TAIFEX:CCF1!,143.0,143.0,141.5,142.0,905.0
2026-05-29 10:15:00+08:00,TAIFEX:CCF1!,142.0,143.5,141.5,143.5,999.0
2026-05-29 10:30:00+08:00,TAIFEX:CCF1!,143.5,144.5,143.0,143.0,1814.0
2026-05-29 10:45:00+08:00,TAIFEX:CCF1!,143.0,143.5,142.0,143.5,800.0
2026-05-29 11:00:00+08:00,TAIFEX:CCF1!,143.5,145.5,143.0,145.5,2219.0
2026-05-29 11:15:00+08:00,TAIFEX:CCF1!,145.5,145.5,143.5,145.5,984.0
2026-05-29 11:30:00+08:00,TAIFEX:CCF1!,145.5,145.5,143.5,144.5,956.0
2026-05-29 11:45:00+08:00,TAIFEX:CCF1!,144.5,145.0,144.0,144.5,171.0
2026-05-29 12:00:00+08:00,TAIFEX:CCF1!,144.0,145.5,144.0,145.0,595.0
2026-05-29 12:15:00+08:00,TAIFEX:CCF1!,145.0,145.5,144.5,145.0,442.0
2026-05-29 12:30:00+08:00,TAIFEX:CCF1!,145.0,147.0,145.0,146.0,1164.0
2026-05-29 12:45:00+08:00,TAIFEX:CCF1!,146.0,147.0,145.5,146.5,806.0
2026-05-29 13:00:00+08:00,TAIFEX:CCF1!,146.0,148.5,146.0,147.5,2544.0
2026-05-29 13:15:00+08:00,TAIFEX:CCF1!,147.5,148.5,145.5,147.0,2266.0
2026-05-29 13:30:00+08:00,TAIFEX:CCF1!,147.5,148.0,147.0,147.5,590.0
2026-05-29 17:25:00+08:00,TAIFEX:CCF1!,148.5,149.0,148.0,148.0,516.0
2026-05-29 17:40:00+08:00,TAIFEX:CCF1!,148.0,148.0,147.0,147.0,243.0
2026-05-29 17:55:00+08:00,TAIFEX:CCF1!,147.0,147.0,146.0,146.5,126.0
2026-05-29 18:10:00+08:00,TAIFEX:CCF1!,146.5,147.0,146.5,147.0,114.0
2026-05-29 18:25:00+08:00,TAIFEX:CCF1!,147.0,147.0,146.5,147.0,18.0
2026-05-29 18:40:00+08:00,TAIFEX:CCF1!,147.5,147.5,147.0,147.5,13.0
2026-05-29 18:55:00+08:00,TAIFEX:CCF1!,147.0,147.5,147.0,147.0,18.0
2026-05-29 19:10:00+08:00,TAIFEX:CCF1!,147.5,148.0,147.5,148.0,194.0
2026-05-29 19:25:00+08:00,TAIFEX:CCF1!,148.0,148.0,147.5,147.5,87.0
2026-05-29 19:40:00+08:00,TAIFEX:CCF1!,147.5,147.5,147.0,147.0,52.0
2026-05-29 19:55:00+08:00,TAIFEX:CCF1!,147.0,147.0,146.5,146.5,53.0
2026-05-29 20:10:00+08:00,TAIFEX:CCF1!,147.0,147.5,147.0,147.5,16.0
2026-05-29 20:25:00+08:00,TAIFEX:CCF1!,147.5,148.0,147.5,148.0,177.0
2026-05-29 20:40:00+08:00,TAIFEX:CCF1!,148.0,148.5,147.5,148.0,95.0
2026-05-29 20:55:00+08:00,TAIFEX:CCF1!,148.0,148.0,148.0,148.0,26.0
2026-05-29 21:10:00+08:00,TAIFEX:CCF1!,147.5,148.0,147.5,148.0,7.0
2026-05-29 21:25:00+08:00,TAIFEX:CCF1!,148.0,148.0,146.0,147.0,341.0
2026-05-29 21:40:00+08:00,TAIFEX:CCF1!,146.5,147.5,146.5,147.5,86.0
2026-05-29 21:55:00+08:00,TAIFEX:CCF1!,147.0,147.0,146.0,146.0,251.0
2026-05-29 22:10:00+08:00,TAIFEX:CCF1!,146.0,146.0,145.0,145.0,398.0
2026-05-29 22:25:00+08:00,TAIFEX:CCF1!,145.0,145.5,144.0,144.5,291.0
2026-05-29 22:40:00+08:00,TAIFEX:CCF1!,144.5,145.0,143.0,145.0,536.0
2026-05-29 22:55:00+08:00,TAIFEX:CCF1!,145.0,145.0,144.5,144.5,114.0
2026-05-29 23:10:00+08:00,TAIFEX:CCF1!,144.5,145.5,144.5,145.0,257.0
2026-05-29 23:25:00+08:00,TAIFEX:CCF1!,145.0,145.0,145.0,145.0,30.0
2026-05-29 23:40:00+08:00,TAIFEX:CCF1!,145.0,145.5,145.0,145.0,38.0
2026-05-29 23:55:00+08:00,TAIFEX:CCF1!,145.0,146.0,145.0,146.0,182.0
2026-05-30 00:10:00+08:00,TAIFEX:CCF1!,146.0,146.0,144.0,145.0,219.0
2026-05-30 00:25:00+08:00,TAIFEX:CCF1!,145.0,145.0,145.0,145.0,10.0
2026-05-30 00:40:00+08:00,TAIFEX:CCF1!,145.0,145.0,145.0,145.0,21.0
2026-05-30 00:55:00+08:00,TAIFEX:CCF1!,145.0,145.5,145.0,145.0,29.0
2026-05-30 01:10:00+08:00,TAIFEX:CCF1!,145.0,145.5,145.0,145.5,6.0
2026-05-30 01:25:00+08:00,TAIFEX:CCF1!,145.5,145.5,145.5,145.5,4.0
2026-05-30 01:55:00+08:00,TAIFEX:CCF1!,145.0,145.0,144.5,145.0,56.0
2026-05-30 02:10:00+08:00,TAIFEX:CCF1!,145.0,145.0,145.0,145.0,7.0
2026-05-30 02:25:00+08:00,TAIFEX:CCF1!,145.5,145.5,145.5,145.5,2.0
2026-05-30 02:40:00+08:00,TAIFEX:CCF1!,145.0,145.0,145.0,145.0,10.0
2026-05-30 02:55:00+08:00,TAIFEX:CCF1!,144.5,145.0,144.5,145.0,3.0
2026-05-30 03:10:00+08:00,TAIFEX:CCF1!,144.5,144.5,144.5,144.5,5.0
2026-05-30 03:25:00+08:00,TAIFEX:CCF1!,145.0,145.0,145.0,145.0,26.0
2026-05-30 03:40:00+08:00,TAIFEX:CCF1!,145.0,145.5,145.0,145.0,13.0
2026-05-30 03:55:00+08:00,TAIFEX:CCF1!,145.0,145.0,144.5,144.5,11.0
2026-05-30 04:10:00+08:00,TAIFEX:CCF1!,145.0,145.0,145.0,145.0,7.0
2026-05-30 04:25:00+08:00,TAIFEX:CCF1!,145.5,145.5,145.5,145.5,107.0
2026-05-30 04:40:00+08:00,TAIFEX:CCF1!,145.5,145.5,145.0,145.5,16.0
2026-06-01 08:45:00+08:00,TAIFEX:CCF1!,146.5,146.5,144.5,146.0,745.0
2026-06-01 09:00:00+08:00,TAIFEX:CCF1!,145.5,151.0,143.5,146.5,5182.0
2026-06-01 09:15:00+08:00,TAIFEX:CCF1!,147.0,149.5,146.5,147.5,1627.0
2026-06-01 09:30:00+08:00,TAIFEX:CCF1!,147.5,148.5,147.0,147.5,889.0
2026-06-01 09:45:00+08:00,TAIFEX:CCF1!,147.5,153.5,147.5,153.0,3797.0
2026-06-01 10:00:00+08:00,TAIFEX:CCF1!,153.0,158.5,152.5,153.0,7048.0
2026-06-01 10:15:00+08:00,TAIFEX:CCF1!,153.0,155.5,151.0,153.5,4030.0
2026-06-01 10:30:00+08:00,TAIFEX:CCF1!,153.5,155.0,150.5,151.0,2843.0
2026-06-01 10:45:00+08:00,TAIFEX:CCF1!,151.0,151.5,148.5,150.5,2436.0
2026-06-01 11:00:00+08:00,TAIFEX:CCF1!,150.5,151.5,150.0,151.5,1029.0
2026-06-01 11:15:00+08:00,TAIFEX:CCF1!,151.5,151.5,150.0,150.5,675.0
2026-06-01 11:30:00+08:00,TAIFEX:CCF1!,151.0,151.5,149.0,149.0,968.0
2026-06-01 11:45:00+08:00,TAIFEX:CCF1!,149.0,150.0,148.5,150.0,730.0
2026-06-01 12:00:00+08:00,TAIFEX:CCF1!,150.0,150.0,149.5,149.5,121.0
2026-06-01 12:15:00+08:00,TAIFEX:CCF1!,149.0,149.5,148.5,149.5,900.0
2026-06-01 12:30:00+08:00,TAIFEX:CCF1!,149.5,150.0,149.0,149.5,284.0
2026-06-01 12:45:00+08:00,TAIFEX:CCF1!,149.0,149.5,148.5,148.5,566.0
2026-06-01 13:00:00+08:00,TAIFEX:CCF1!,148.5,149.0,148.0,148.0,1066.0
2026-06-01 13:15:00+08:00,TAIFEX:CCF1!,148.5,149.0,148.0,148.5,501.0
2026-06-01 13:30:00+08:00,TAIFEX:CCF1!,148.5,149.5,148.5,149.0,261.0
2026-06-01 17:25:00+08:00,TAIFEX:CCF1!,149.5,150.0,148.0,148.0,222.0
2026-06-01 17:40:00+08:00,TAIFEX:CCF1!,148.5,149.0,148.5,148.5,30.0
2026-06-01 17:55:00+08:00,TAIFEX:CCF1!,148.5,150.5,148.5,150.5,165.0
2026-06-01 18:10:00+08:00,TAIFEX:CCF1!,150.5,151.0,149.5,149.5,255.0
2026-06-01 18:25:00+08:00,TAIFEX:CCF1!,149.5,150.5,149.5,150.0,43.0
2026-06-01 18:40:00+08:00,TAIFEX:CCF1!,150.0,150.5,150.0,150.5,79.0
2026-06-01 18:55:00+08:00,TAIFEX:CCF1!,150.5,150.5,150.0,150.0,24.0
2026-06-01 19:10:00+08:00,TAIFEX:CCF1!,150.0,150.5,150.0,150.5,34.0
2026-06-01 19:25:00+08:00,TAIFEX:CCF1!,150.5,150.5,150.0,150.5,90.0
2026-06-01 19:40:00+08:00,TAIFEX:CCF1!,150.5,150.5,150.0,150.5,12.0
2026-06-01 19:55:00+08:00,TAIFEX:CCF1!,150.5,150.5,149.5,150.0,152.0
2026-06-01 20:10:00+08:00,TAIFEX:CCF1!,150.0,150.0,148.5,150.0,184.0
2026-06-01 20:25:00+08:00,TAIFEX:CCF1!,149.5,150.0,149.0,149.5,52.0
2026-06-01 20:40:00+08:00,TAIFEX:CCF1!,149.5,150.0,149.5,150.0,19.0
2026-06-01 20:55:00+08:00,TAIFEX:CCF1!,150.0,150.0,149.0,149.0,43.0
2026-06-01 21:10:00+08:00,TAIFEX:CCF1!,149.0,149.5,148.0,148.0,375.0
2026-06-01 21:25:00+08:00,TAIFEX:CCF1!,147.5,148.5,146.5,148.0,680.0
2026-06-01 21:40:00+08:00,TAIFEX:CCF1!,148.0,148.0,145.5,145.5,656.0
2026-06-01 21:55:00+08:00,TAIFEX:CCF1!,146.0,146.0,145.0,146.0,552.0
2026-06-01 22:10:00+08:00,TAIFEX:CCF1!,146.5,147.5,145.5,147.0,385.0
2026-06-01 22:25:00+08:00,TAIFEX:CCF1!,147.0,148.5,146.5,148.0,398.0
2026-06-01 22:40:00+08:00,TAIFEX:CCF1!,148.0,148.5,148.0,148.5,224.0
2026-06-01 22:55:00+08:00,TAIFEX:CCF1!,148.0,148.0,148.0,148.0,61.0
2026-06-01 23:10:00+08:00,TAIFEX:CCF1!,148.0,149.0,148.0,149.0,272.0
2026-06-01 23:25:00+08:00,TAIFEX:CCF1!,149.0,149.5,149.0,149.5,94.0
2026-06-01 23:40:00+08:00,TAIFEX:CCF1!,149.5,149.5,149.0,149.0,95.0
2026-06-01 23:55:00+08:00,TAIFEX:CCF1!,149.0,149.0,149.0,149.0,37.0
2026-06-02 00:10:00+08:00,TAIFEX:CCF1!,149.0,149.0,148.0,149.0,50.0
2026-06-02 00:25:00+08:00,TAIFEX:CCF1!,149.0,149.0,149.0,149.0,84.0
2026-06-02 00:40:00+08:00,TAIFEX:CCF1!,149.0,149.5,148.5,149.5,131.0
2026-06-02 00:55:00+08:00,TAIFEX:CCF1!,150.0,151.0,149.5,150.0,467.0
2026-06-02 01:10:00+08:00,TAIFEX:CCF1!,150.5,150.5,150.0,150.0,14.0
2026-06-02 01:25:00+08:00,TAIFEX:CCF1!,150.0,150.5,150.0,150.5,37.0
2026-06-02 01:40:00+08:00,TAIFEX:CCF1!,150.5,150.5,150.5,150.5,32.0
2026-06-02 01:55:00+08:00,TAIFEX:CCF1!,150.5,150.5,150.5,150.5,22.0
2026-06-02 02:10:00+08:00,TAIFEX:CCF1!,150.0,150.5,150.0,150.0,91.0
2026-06-02 02:25:00+08:00,TAIFEX:CCF1!,150.0,150.0,150.0,150.0,10.0
2026-06-02 02:40:00+08:00,TAIFEX:CCF1!,150.0,150.0,150.0,150.0,49.0
2026-06-02 02:55:00+08:00,TAIFEX:CCF1!,150.0,150.0,150.0,150.0,20.0
2026-06-02 03:10:00+08:00,TAIFEX:CCF1!,150.0,150.0,150.0,150.0,16.0
2026-06-02 03:25:00+08:00,TAIFEX:CCF1!,149.5,150.0,149.5,150.0,11.0
2026-06-02 03:40:00+08:00,TAIFEX:CCF1!,150.0,150.0,149.5,150.0,89.0
2026-06-02 03:55:00+08:00,TAIFEX:CCF1!,149.5,150.0,149.5,150.0,16.0
2026-06-02 04:10:00+08:00,TAIFEX:CCF1!,150.0,150.0,149.5,150.0,11.0
2026-06-02 04:25:00+08:00,TAIFEX:CCF1!,150.0,150.0,150.0,150.0,18.0
2026-06-02 04:40:00+08:00,TAIFEX:CCF1!,150.0,150.0,149.5,150.0,24.0
2026-06-02 04:55:00+08:00,TAIFEX:CCF1!,150.0,150.0,149.5,149.5,9.0
2026-06-02 08:45:00+08:00,TAIFEX:CCF1!,149.5,149.5,146.5,148.0,784.0
2026-06-02 09:00:00+08:00,TAIFEX:CCF1!,148.5,151.0,146.5,147.0,4840.0
2026-06-02 09:15:00+08:00,TAIFEX:CCF1!,146.5,147.0,141.5,144.0,4334.0
2026-06-02 09:30:00+08:00,TAIFEX:CCF1!,144.0,145.0,142.5,143.5,1646.0
2026-06-02 09:45:00+08:00,TAIFEX:CCF1!,143.0,144.5,142.5,143.5,1931.0
2026-06-02 10:00:00+08:00,TAIFEX:CCF1!,143.5,145.0,142.5,142.5,1124.0
2026-06-02 10:15:00+08:00,TAIFEX:CCF1!,142.5,143.5,142.0,142.5,1181.0
2026-06-02 10:30:00+08:00,TAIFEX:CCF1!,142.0,143.0,141.5,141.5,971.0
2026-06-02 10:45:00+08:00,TAIFEX:CCF1!,141.5,141.5,139.0,139.5,2406.0
2026-06-02 11:00:00+08:00,TAIFEX:CCF1!,139.0,139.5,137.5,138.0,3167.0
2026-06-02 11:15:00+08:00,TAIFEX:CCF1!,138.0,138.0,134.5,135.0,5329.0
2026-06-02 11:30:00+08:00,TAIFEX:CCF1!,135.0,138.5,134.5,138.0,2700.0
2026-06-02 11:45:00+08:00,TAIFEX:CCF1!,138.5,140.0,138.0,139.0,1835.0
2026-06-02 12:00:00+08:00,TAIFEX:CCF1!,139.0,140.5,138.5,140.5,981.0
2026-06-02 12:15:00+08:00,TAIFEX:CCF1!,140.5,141.5,139.5,140.5,1794.0
2026-06-02 12:30:00+08:00,TAIFEX:CCF1!,140.0,141.0,140.0,140.0,1486.0
2026-06-02 12:45:00+08:00,TAIFEX:CCF1!,140.0,142.0,140.0,142.0,1465.0
2026-06-02 13:00:00+08:00,TAIFEX:CCF1!,141.5,142.5,141.0,142.5,1624.0
2026-06-02 13:15:00+08:00,TAIFEX:CCF1!,142.0,143.0,141.5,143.0,1069.0
2026-06-02 13:30:00+08:00,TAIFEX:CCF1!,142.5,144.0,142.5,143.0,577.0
2026-06-02 17:25:00+08:00,TAIFEX:CCF1!,144.0,144.0,143.0,143.0,150.0
2026-06-02 17:40:00+08:00,TAIFEX:CCF1!,143.0,144.0,143.0,143.5,78.0
2026-06-02 17:55:00+08:00,TAIFEX:CCF1!,144.0,144.5,143.5,144.5,114.0
2026-06-02 18:10:00+08:00,TAIFEX:CCF1!,144.5,144.5,143.5,143.5,42.0
2026-06-02 18:25:00+08:00,TAIFEX:CCF1!,144.0,144.0,143.5,144.0,21.0
2026-06-02 18:40:00+08:00,TAIFEX:CCF1!,144.0,144.0,143.5,143.5,72.0
2026-06-02 18:55:00+08:00,TAIFEX:CCF1!,143.5,143.5,143.5,143.5,9.0
2026-06-02 19:10:00+08:00,TAIFEX:CCF1!,143.5,143.5,143.5,143.5,4.0
2026-06-02 19:25:00+08:00,TAIFEX:CCF1!,143.0,143.5,143.0,143.5,20.0
2026-06-02 19:40:00+08:00,TAIFEX:CCF1!,143.5,143.5,143.5,143.5,52.0
2026-06-02 19:55:00+08:00,TAIFEX:CCF1!,143.5,144.0,143.5,144.0,145.0
2026-06-02 20:10:00+08:00,TAIFEX:CCF1!,144.0,144.0,143.5,144.0,25.0
2026-06-02 20:25:00+08:00,TAIFEX:CCF1!,144.0,144.5,144.0,144.5,146.0
2026-06-02 20:40:00+08:00,TAIFEX:CCF1!,144.0,145.0,144.0,144.0,179.0
2026-06-02 20:55:00+08:00,TAIFEX:CCF1!,144.0,144.5,144.0,144.0,54.0
2026-06-02 21:10:00+08:00,TAIFEX:CCF1!,143.5,144.5,143.5,144.5,30.0
2026-06-02 21:25:00+08:00,TAIFEX:CCF1!,144.5,144.5,143.0,143.5,377.0
2026-06-02 21:40:00+08:00,TAIFEX:CCF1!,143.5,144.0,143.0,143.5,426.0
2026-06-02 21:55:00+08:00,TAIFEX:CCF1!,143.5,143.5,143.0,143.5,105.0
2026-06-02 22:10:00+08:00,TAIFEX:CCF1!,143.5,143.5,143.0,143.0,242.0
2026-06-02 22:25:00+08:00,TAIFEX:CCF1!,142.5,143.0,141.5,143.0,365.0
2026-06-02 22:40:00+08:00,TAIFEX:CCF1!,143.0,143.0,142.5,143.0,47.0
2026-06-02 22:55:00+08:00,TAIFEX:CCF1!,143.0,143.5,143.0,143.5,28.0
2026-06-02 23:10:00+08:00,TAIFEX:CCF1!,143.5,143.5,143.0,143.5,89.0
2026-06-02 23:25:00+08:00,TAIFEX:CCF1!,143.5,144.0,143.5,144.0,44.0
2026-06-02 23:40:00+08:00,TAIFEX:CCF1!,143.5,144.0,143.5,144.0,241.0
2026-06-02 23:55:00+08:00,TAIFEX:CCF1!,144.0,144.5,144.0,144.0,86.0
2026-06-03 00:10:00+08:00,TAIFEX:CCF1!,144.0,144.5,144.0,144.0,72.0
2026-06-03 00:25:00+08:00,TAIFEX:CCF1!,144.0,144.0,143.5,143.5,6.0
2026-06-03 00:40:00+08:00,TAIFEX:CCF1!,143.5,143.5,143.5,143.5,5.0
2026-06-03 01:10:00+08:00,TAIFEX:CCF1!,143.5,143.5,143.5,143.5,5.0
2026-06-03 01:25:00+08:00,TAIFEX:CCF1!,143.5,143.5,143.5,143.5,14.0
2026-06-03 01:40:00+08:00,TAIFEX:CCF1!,143.5,143.5,143.5,143.5,114.0
2026-06-03 01:55:00+08:00,TAIFEX:CCF1!,143.5,143.5,143.5,143.5,1.0
2026-06-03 02:10:00+08:00,TAIFEX:CCF1!,144.0,144.0,144.0,144.0,15.0
2026-06-03 02:25:00+08:00,TAIFEX:CCF1!,144.0,144.0,143.5,143.5,17.0
2026-06-03 02:40:00+08:00,TAIFEX:CCF1!,143.5,143.5,143.5,143.5,15.0
2026-06-03 02:55:00+08:00,TAIFEX:CCF1!,144.0,144.0,144.0,144.0,34.0
2026-06-03 03:10:00+08:00,TAIFEX:CCF1!,144.0,144.0,144.0,144.0,91.0
2026-06-03 03:25:00+08:00,TAIFEX:CCF1!,144.0,144.0,144.0,144.0,24.0
2026-06-03 03:40:00+08:00,TAIFEX:CCF1!,144.0,144.5,144.0,144.5,5.0
2026-06-03 03:55:00+08:00,TAIFEX:CCF1!,144.5,144.5,144.0,144.0,28.0
2026-06-03 04:25:00+08:00,TAIFEX:CCF1!,144.0,144.0,144.0,144.0,5.0
2026-06-03 04:40:00+08:00,TAIFEX:CCF1!,144.0,144.0,144.0,144.0,26.0
2026-06-03 04:55:00+08:00,TAIFEX:CCF1!,144.0,144.5,144.0,144.0,17.0
2026-06-03 08:45:00+08:00,TAIFEX:CCF1!,143.0,143.5,141.5,142.5,1055.0
2026-06-03 09:00:00+08:00,TAIFEX:CCF1!,142.0,142.0,139.0,140.0,4350.0
2026-06-03 09:15:00+08:00,TAIFEX:CCF1!,140.5,141.5,138.0,138.5,2637.0
2026-06-03 09:30:00+08:00,TAIFEX:CCF1!,138.5,139.5,136.5,137.5,3671.0
2026-06-03 09:45:00+08:00,TAIFEX:CCF1!,137.5,138.0,136.5,137.0,1773.0
2026-06-03 10:00:00+08:00,TAIFEX:CCF1!,137.0,137.5,135.5,136.0,2216.0
2026-06-03 10:15:00+08:00,TAIFEX:CCF1!,136.0,136.5,135.0,135.0,1658.0
2026-06-03 10:30:00+08:00,TAIFEX:CCF1!,135.0,135.5,134.5,134.5,1196.0
2026-06-03 10:45:00+08:00,TAIFEX:CCF1!,135.0,136.5,134.0,136.0,2083.0
2026-06-03 11:00:00+08:00,TAIFEX:CCF1!,136.0,136.0,134.5,134.5,2293.0
2026-06-03 11:15:00+08:00,TAIFEX:CCF1!,135.0,135.5,134.5,134.5,1249.0
2026-06-03 11:30:00+08:00,TAIFEX:CCF1!,134.5,135.0,134.0,134.5,2336.0
2026-06-03 11:45:00+08:00,TAIFEX:CCF1!,134.5,136.0,134.0,135.0,2020.0
2026-06-03 12:00:00+08:00,TAIFEX:CCF1!,135.5,135.5,134.5,134.5,884.0
2026-06-03 12:15:00+08:00,TAIFEX:CCF1!,134.5,135.0,134.0,134.5,802.0
2026-06-03 12:30:00+08:00,TAIFEX:CCF1!,134.0,134.5,133.5,133.5,1065.0
2026-06-03 12:45:00+08:00,TAIFEX:CCF1!,133.5,134.5,133.5,133.5,754.0
2026-06-03 13:00:00+08:00,TAIFEX:CCF1!,133.5,134.0,133.0,133.5,1954.0
2026-06-03 13:15:00+08:00,TAIFEX:CCF1!,133.5,133.5,132.0,133.5,2300.0
2026-06-03 13:30:00+08:00,TAIFEX:CCF1!,133.5,134.0,133.5,134.0,410.0
2026-06-03 17:25:00+08:00,TAIFEX:CCF1!,133.5,134.0,133.0,134.0,134.0
2026-06-03 17:40:00+08:00,TAIFEX:CCF1!,134.5,134.5,133.5,133.5,48.0
2026-06-03 17:55:00+08:00,TAIFEX:CCF1!,134.0,134.5,134.0,134.0,59.0
2026-06-03 18:10:00+08:00,TAIFEX:CCF1!,134.5,134.5,134.0,134.0,63.0
2026-06-03 18:25:00+08:00,TAIFEX:CCF1!,134.5,135.0,134.5,135.0,40.0
2026-06-03 18:40:00+08:00,TAIFEX:CCF1!,135.0,135.0,134.5,135.0,23.0
2026-06-03 18:55:00+08:00,TAIFEX:CCF1!,135.0,135.0,134.5,134.5,10.0
2026-06-03 19:10:00+08:00,TAIFEX:CCF1!,134.5,135.0,134.0,134.5,39.0
2026-06-03 19:25:00+08:00,TAIFEX:CCF1!,134.5,134.5,134.0,134.0,9.0
2026-06-03 19:40:00+08:00,TAIFEX:CCF1!,134.0,134.0,133.0,133.5,186.0
2026-06-03 19:55:00+08:00,TAIFEX:CCF1!,133.5,133.5,133.0,133.5,131.0
2026-06-03 20:10:00+08:00,TAIFEX:CCF1!,133.5,133.5,133.5,133.5,26.0
2026-06-03 20:25:00+08:00,TAIFEX:CCF1!,133.5,133.5,132.5,132.5,52.0
2026-06-03 20:40:00+08:00,TAIFEX:CCF1!,132.5,133.0,132.5,132.5,55.0
2026-06-03 20:55:00+08:00,TAIFEX:CCF1!,132.5,133.0,132.5,133.0,48.0
2026-06-03 21:10:00+08:00,TAIFEX:CCF1!,133.0,133.5,133.0,133.0,26.0
2026-06-03 21:25:00+08:00,TAIFEX:CCF1!,133.0,134.0,133.0,133.5,374.0
2026-06-03 21:40:00+08:00,TAIFEX:CCF1!,133.5,133.5,130.5,132.5,841.0
2026-06-03 21:55:00+08:00,TAIFEX:CCF1!,132.5,133.5,132.0,133.5,340.0
2026-06-03 22:10:00+08:00,TAIFEX:CCF1!,133.5,135.5,133.5,134.5,703.0
2026-06-03 22:25:00+08:00,TAIFEX:CCF1!,134.5,135.0,134.0,134.0,95.0
2026-06-03 22:40:00+08:00,TAIFEX:CCF1!,134.5,134.5,134.0,134.5,74.0
2026-06-03 22:55:00+08:00,TAIFEX:CCF1!,134.5,134.5,134.5,134.5,81.0
2026-06-03 23:10:00+08:00,TAIFEX:CCF1!,134.5,134.5,133.5,133.5,51.0
2026-06-03 23:25:00+08:00,TAIFEX:CCF1!,134.0,135.0,134.0,134.0,124.0
2026-06-03 23:40:00+08:00,TAIFEX:CCF1!,134.5,134.5,134.0,134.0,91.0
2026-06-03 23:55:00+08:00,TAIFEX:CCF1!,134.5,134.5,134.0,134.5,75.0
2026-06-04 00:10:00+08:00,TAIFEX:CCF1!,135.0,135.0,134.5,134.5,229.0
2026-06-04 00:25:00+08:00,TAIFEX:CCF1!,135.0,135.0,134.5,134.5,12.0
2026-06-04 00:40:00+08:00,TAIFEX:CCF1!,134.5,134.5,134.0,134.0,384.0
2026-06-04 00:55:00+08:00,TAIFEX:CCF1!,134.0,134.0,133.5,134.0,518.0
2026-06-04 01:10:00+08:00,TAIFEX:CCF1!,133.5,133.5,133.0,133.0,375.0
2026-06-04 01:25:00+08:00,TAIFEX:CCF1!,133.0,133.5,133.0,133.0,293.0
2026-06-04 01:40:00+08:00,TAIFEX:CCF1!,133.0,135.0,133.0,135.0,128.0
2026-06-04 01:55:00+08:00,TAIFEX:CCF1!,134.5,134.5,134.5,134.5,57.0
2026-06-04 02:10:00+08:00,TAIFEX:CCF1!,135.0,135.0,134.5,135.0,212.0
2026-06-04 02:25:00+08:00,TAIFEX:CCF1!,135.0,135.0,134.5,134.5,141.0
2026-06-04 02:40:00+08:00,TAIFEX:CCF1!,134.5,134.5,134.5,134.5,1.0
2026-06-04 02:55:00+08:00,TAIFEX:CCF1!,134.5,134.5,134.5,134.5,1.0
2026-06-04 03:10:00+08:00,TAIFEX:CCF1!,135.0,135.5,135.0,135.5,67.0
2026-06-04 03:25:00+08:00,TAIFEX:CCF1!,134.5,135.5,134.5,135.5,215.0
2026-06-04 03:40:00+08:00,TAIFEX:CCF1!,135.5,136.0,135.5,136.0,152.0
2026-06-04 03:55:00+08:00,TAIFEX:CCF1!,135.5,135.5,135.0,135.0,35.0
2026-06-04 04:25:00+08:00,TAIFEX:CCF1!,134.5,134.5,134.5,134.5,19.0
2026-06-04 04:40:00+08:00,TAIFEX:CCF1!,134.0,134.0,133.5,133.5,69.0
2026-06-04 04:55:00+08:00,TAIFEX:CCF1!,133.5,134.5,133.0,134.0,39.0
2026-06-04 08:45:00+08:00,TAIFEX:CCF1!,131.5,131.5,127.0,128.5,2198.0
2026-06-04 09:00:00+08:00,TAIFEX:CCF1!,129.0,132.5,128.0,131.0,6282.0
2026-06-04 09:15:00+08:00,TAIFEX:CCF1!,131.0,133.0,128.0,128.5,3996.0
2026-06-04 09:30:00+08:00,TAIFEX:CCF1!,129.0,130.0,127.5,127.5,2336.0
2026-06-04 09:45:00+08:00,TAIFEX:CCF1!,127.5,129.0,126.0,126.5,2672.0
2026-06-04 10:00:00+08:00,TAIFEX:CCF1!,126.5,127.5,125.5,126.0,2637.0
2026-06-04 10:15:00+08:00,TAIFEX:CCF1!,125.5,126.0,124.0,125.0,5173.0
2026-06-04 10:30:00+08:00,TAIFEX:CCF1!,124.5,125.0,123.5,124.0,1988.0
2026-06-04 10:45:00+08:00,TAIFEX:CCF1!,124.0,126.5,124.0,125.5,3056.0
2026-06-04 11:00:00+08:00,TAIFEX:CCF1!,125.5,127.0,125.5,127.0,2630.0
2026-06-04 11:15:00+08:00,TAIFEX:CCF1!,127.0,129.0,126.5,128.0,4391.0
2026-06-04 11:30:00+08:00,TAIFEX:CCF1!,127.5,128.0,126.5,126.5,1489.0
2026-06-04 11:45:00+08:00,TAIFEX:CCF1!,126.5,127.0,126.0,126.5,1281.0
2026-06-04 12:00:00+08:00,TAIFEX:CCF1!,126.0,127.0,125.5,125.5,1438.0
2026-06-04 12:15:00+08:00,TAIFEX:CCF1!,125.5,126.5,125.5,126.0,880.0
2026-06-04 12:30:00+08:00,TAIFEX:CCF1!,126.0,126.5,125.5,126.0,1020.0
2026-06-04 12:45:00+08:00,TAIFEX:CCF1!,126.0,127.0,126.0,127.0,1477.0
2026-06-04 13:00:00+08:00,TAIFEX:CCF1!,126.5,127.0,126.0,126.5,1367.0
2026-06-04 13:15:00+08:00,TAIFEX:CCF1!,126.5,127.0,126.0,126.5,1792.0
2026-06-04 13:30:00+08:00,TAIFEX:CCF1!,126.5,127.0,126.5,127.0,419.0
2026-06-04 17:25:00+08:00,TAIFEX:CCF1!,121.0,123.5,121.0,123.5,395.0
2026-06-04 17:40:00+08:00,TAIFEX:CCF1!,123.5,124.0,123.5,124.0,82.0
2026-06-04 17:55:00+08:00,TAIFEX:CCF1!,124.0,125.0,124.0,124.5,50.0
2026-06-04 18:10:00+08:00,TAIFEX:CCF1!,124.5,125.0,123.5,123.5,88.0
2026-06-04 18:25:00+08:00,TAIFEX:CCF1!,123.5,124.0,123.0,123.0,48.0
2026-06-04 18:40:00+08:00,TAIFEX:CCF1!,123.0,123.5,123.0,123.0,33.0
2026-06-04 18:55:00+08:00,TAIFEX:CCF1!,123.5,125.0,123.5,125.0,172.0
2026-06-04 19:10:00+08:00,TAIFEX:CCF1!,124.5,125.0,124.5,125.0,29.0
2026-06-04 19:25:00+08:00,TAIFEX:CCF1!,124.5,124.5,124.0,124.0,77.0
2026-06-04 19:40:00+08:00,TAIFEX:CCF1!,124.0,126.5,124.0,126.5,342.0
2026-06-04 19:55:00+08:00,TAIFEX:CCF1!,126.0,126.0,125.5,125.5,57.0
2026-06-04 20:10:00+08:00,TAIFEX:CCF1!,125.5,125.5,125.0,125.5,35.0
2026-06-04 20:25:00+08:00,TAIFEX:CCF1!,125.5,125.5,125.0,125.5,57.0
2026-06-04 20:40:00+08:00,TAIFEX:CCF1!,125.5,126.0,125.0,125.5,62.0
2026-06-04 20:55:00+08:00,TAIFEX:CCF1!,125.5,125.5,125.5,125.5,27.0
2026-06-04 21:10:00+08:00,TAIFEX:CCF1!,126.0,126.0,125.5,125.5,25.0
2026-06-04 21:25:00+08:00,TAIFEX:CCF1!,125.0,128.5,124.5,128.0,660.0
2026-06-04 21:40:00+08:00,TAIFEX:CCF1!,128.0,128.0,125.5,126.0,546.0
2026-06-04 21:55:00+08:00,TAIFEX:CCF1!,126.0,127.0,125.5,126.5,505.0
2026-06-04 22:10:00+08:00,TAIFEX:CCF1!,126.5,127.5,126.5,127.0,309.0
2026-06-04 22:25:00+08:00,TAIFEX:CCF1!,127.5,128.0,127.0,127.5,230.0
2026-06-04 22:40:00+08:00,TAIFEX:CCF1!,127.5,127.5,127.0,127.5,150.0
2026-06-04 22:55:00+08:00,TAIFEX:CCF1!,127.5,130.0,127.5,129.5,464.0
2026-06-04 23:10:00+08:00,TAIFEX:CCF1!,129.5,130.5,129.0,129.5,428.0
2026-06-04 23:25:00+08:00,TAIFEX:CCF1!,129.5,130.0,129.5,130.0,56.0
2026-06-04 23:40:00+08:00,TAIFEX:CCF1!,130.0,130.0,128.5,129.5,116.0
2026-06-04 23:55:00+08:00,TAIFEX:CCF1!,129.0,129.5,129.0,129.0,62.0
2026-06-05 00:10:00+08:00,TAIFEX:CCF1!,129.0,130.0,129.0,129.5,65.0
2026-06-05 00:25:00+08:00,TAIFEX:CCF1!,129.5,130.0,129.0,129.5,24.0
2026-06-05 00:40:00+08:00,TAIFEX:CCF1!,129.5,130.0,129.5,129.5,30.0
2026-06-05 00:55:00+08:00,TAIFEX:CCF1!,129.5,129.5,129.5,129.5,47.0
2026-06-05 01:10:00+08:00,TAIFEX:CCF1!,129.5,129.5,129.5,129.5,15.0
2026-06-05 01:25:00+08:00,TAIFEX:CCF1!,129.5,130.0,129.5,130.0,332.0
2026-06-05 01:40:00+08:00,TAIFEX:CCF1!,130.0,130.5,130.0,130.0,95.0
2026-06-05 01:55:00+08:00,TAIFEX:CCF1!,130.5,131.0,130.5,131.0,110.0
2026-06-05 02:10:00+08:00,TAIFEX:CCF1!,130.5,131.0,130.5,130.5,6.0
2026-06-05 02:25:00+08:00,TAIFEX:CCF1!,131.0,131.0,130.5,130.5,51.0
2026-06-05 02:40:00+08:00,TAIFEX:CCF1!,130.0,130.5,130.0,130.5,21.0
2026-06-05 02:55:00+08:00,TAIFEX:CCF1!,130.5,130.5,130.5,130.5,30.0
2026-06-05 03:10:00+08:00,TAIFEX:CCF1!,130.0,130.0,130.0,130.0,13.0
2026-06-05 03:25:00+08:00,TAIFEX:CCF1!,130.5,130.5,130.0,130.0,28.0
2026-06-05 03:40:00+08:00,TAIFEX:CCF1!,130.0,130.0,130.0,130.0,29.0
2026-06-05 03:55:00+08:00,TAIFEX:CCF1!,130.0,130.0,129.5,129.5,6.0
2026-06-05 04:10:00+08:00,TAIFEX:CCF1!,129.5,129.5,129.0,129.0,78.0
2026-06-05 04:25:00+08:00,TAIFEX:CCF1!,129.0,129.0,129.0,129.0,42.0
2026-06-05 04:40:00+08:00,TAIFEX:CCF1!,129.0,129.0,129.0,129.0,7.0
2026-06-05 04:55:00+08:00,TAIFEX:CCF1!,129.0,129.0,128.0,128.0,106.0
2026-06-05 08:45:00+08:00,TAIFEX:CCF1!,126.0,129.0,125.0,128.5,1229.0
2026-06-05 09:00:00+08:00,TAIFEX:CCF1!,128.5,134.0,128.0,130.0,8879.0
2026-06-05 09:15:00+08:00,TAIFEX:CCF1!,129.5,130.5,125.5,130.0,7153.0
2026-06-05 09:30:00+08:00,TAIFEX:CCF1!,130.0,133.0,130.0,132.0,5006.0
2026-06-05 09:45:00+08:00,TAIFEX:CCF1!,132.0,132.5,129.5,131.5,2631.0
2026-06-05 10:00:00+08:00,TAIFEX:CCF1!,131.5,132.5,130.5,131.0,1570.0
2026-06-05 10:15:00+08:00,TAIFEX:CCF1!,131.0,132.0,130.5,131.5,1014.0
2026-06-05 10:30:00+08:00,TAIFEX:CCF1!,132.0,134.0,131.0,132.5,3217.0
2026-06-05 10:45:00+08:00,TAIFEX:CCF1!,132.5,134.5,131.5,134.0,2535.0
2026-06-05 11:00:00+08:00,TAIFEX:CCF1!,134.0,135.0,132.5,133.0,2476.0
2026-06-05 11:15:00+08:00,TAIFEX:CCF1!,133.0,133.5,131.5,131.5,1419.0
2026-06-05 11:30:00+08:00,TAIFEX:CCF1!,131.5,132.5,131.0,131.5,974.0
2026-06-05 11:45:00+08:00,TAIFEX:CCF1!,131.0,131.5,129.5,130.5,2139.0
2026-06-05 12:00:00+08:00,TAIFEX:CCF1!,130.5,130.5,129.5,130.5,552.0
2026-06-05 12:15:00+08:00,TAIFEX:CCF1!,130.5,131.0,129.5,129.5,1351.0
2026-06-05 12:30:00+08:00,TAIFEX:CCF1!,129.5,131.0,129.5,130.5,984.0
2026-06-05 12:45:00+08:00,TAIFEX:CCF1!,130.5,133.0,130.5,132.0,1546.0
2026-06-05 13:00:00+08:00,TAIFEX:CCF1!,132.0,133.0,131.5,132.5,1112.0
2026-06-05 13:15:00+08:00,TAIFEX:CCF1!,133.0,134.0,132.5,133.0,963.0
2026-06-05 13:30:00+08:00,TAIFEX:CCF1!,133.0,134.0,132.5,133.5,554.0
2026-06-05 17:25:00+08:00,TAIFEX:CCF1!,134.0,136.0,134.0,135.5,241.0
2026-06-05 17:40:00+08:00,TAIFEX:CCF1!,135.5,136.0,135.0,135.5,133.0
2026-06-05 17:55:00+08:00,TAIFEX:CCF1!,135.0,136.0,135.0,136.0,156.0
2026-06-05 18:10:00+08:00,TAIFEX:CCF1!,136.0,137.5,136.0,137.5,200.0
2026-06-05 18:25:00+08:00,TAIFEX:CCF1!,137.0,137.0,136.0,137.0,180.0
2026-06-05 18:40:00+08:00,TAIFEX:CCF1!,137.0,137.0,136.5,137.0,45.0
2026-06-05 18:55:00+08:00,TAIFEX:CCF1!,136.5,136.5,136.0,136.0,158.0
2026-06-05 19:10:00+08:00,TAIFEX:CCF1!,136.0,136.0,135.0,135.0,169.0
2026-06-05 19:25:00+08:00,TAIFEX:CCF1!,135.5,136.0,135.0,135.5,81.0
2026-06-05 19:40:00+08:00,TAIFEX:CCF1!,135.5,135.5,135.0,135.5,34.0
2026-06-05 19:55:00+08:00,TAIFEX:CCF1!,135.5,136.0,135.0,135.0,37.0
2026-06-05 20:10:00+08:00,TAIFEX:CCF1!,135.5,135.5,134.5,134.5,104.0
2026-06-05 20:25:00+08:00,TAIFEX:CCF1!,134.5,135.0,134.5,134.5,131.0
2026-06-05 20:40:00+08:00,TAIFEX:CCF1!,134.5,135.5,134.5,135.0,142.0
2026-06-05 20:55:00+08:00,TAIFEX:CCF1!,135.0,135.0,134.0,134.0,73.0
2026-06-05 21:10:00+08:00,TAIFEX:CCF1!,134.0,134.5,133.5,134.0,76.0
2026-06-05 21:25:00+08:00,TAIFEX:CCF1!,133.5,133.5,131.5,132.0,583.0
2026-06-05 21:40:00+08:00,TAIFEX:CCF1!,132.0,132.0,129.5,131.5,783.0
2026-06-05 21:55:00+08:00,TAIFEX:CCF1!,131.5,131.5,129.5,131.0,444.0
2026-06-05 22:10:00+08:00,TAIFEX:CCF1!,131.0,131.5,130.5,130.5,287.0
2026-06-05 22:25:00+08:00,TAIFEX:CCF1!,130.5,132.5,130.0,132.0,353.0
2026-06-05 22:40:00+08:00,TAIFEX:CCF1!,132.0,132.5,131.0,131.5,253.0
2026-06-05 22:55:00+08:00,TAIFEX:CCF1!,131.5,132.0,131.0,131.0,167.0
2026-06-05 23:10:00+08:00,TAIFEX:CCF1!,131.0,131.5,130.5,130.5,202.0
2026-06-05 23:25:00+08:00,TAIFEX:CCF1!,130.5,130.5,129.5,129.5,290.0
2026-06-05 23:40:00+08:00,TAIFEX:CCF1!,129.5,130.5,129.5,130.0,182.0
2026-06-05 23:55:00+08:00,TAIFEX:CCF1!,130.0,130.0,129.0,129.0,217.0
2026-06-06 00:10:00+08:00,TAIFEX:CCF1!,129.0,130.0,128.5,129.0,278.0
2026-06-06 00:25:00+08:00,TAIFEX:CCF1!,129.0,129.5,128.5,128.5,147.0
2026-06-06 00:40:00+08:00,TAIFEX:CCF1!,128.5,129.0,128.0,129.0,171.0
2026-06-06 00:55:00+08:00,TAIFEX:CCF1!,129.0,129.5,128.5,128.5,107.0
2026-06-06 01:10:00+08:00,TAIFEX:CCF1!,129.0,129.0,128.5,129.0,121.0
2026-06-06 01:25:00+08:00,TAIFEX:CCF1!,129.0,130.0,129.0,130.0,168.0
2026-06-06 01:40:00+08:00,TAIFEX:CCF1!,130.0,130.5,129.5,130.0,180.0
2026-06-06 01:55:00+08:00,TAIFEX:CCF1!,130.0,130.0,129.5,129.5,38.0
2026-06-06 02:10:00+08:00,TAIFEX:CCF1!,129.0,129.0,128.5,129.0,93.0
2026-06-06 02:25:00+08:00,TAIFEX:CCF1!,128.5,128.5,127.0,127.5,236.0
2026-06-06 02:40:00+08:00,TAIFEX:CCF1!,127.0,127.0,125.5,126.5,399.0
2026-06-06 02:55:00+08:00,TAIFEX:CCF1!,126.5,128.0,126.5,127.0,181.0
2026-06-06 03:10:00+08:00,TAIFEX:CCF1!,126.5,126.5,124.0,124.0,659.0
2026-06-06 03:25:00+08:00,TAIFEX:CCF1!,124.5,125.0,124.0,124.5,381.0
2026-06-06 03:40:00+08:00,TAIFEX:CCF1!,125.0,125.0,124.0,125.0,197.0
2026-06-06 03:55:00+08:00,TAIFEX:CCF1!,125.0,125.0,121.0,121.5,910.0
2026-06-06 04:10:00+08:00,TAIFEX:CCF1!,121.5,121.5,120.5,120.5,234.0
2026-06-06 04:25:00+08:00,TAIFEX:CCF1!,120.5,120.5,120.5,120.5,70.0
2026-06-06 04:40:00+08:00,TAIFEX:CCF1!,120.5,124.5,120.5,123.0,373.0
2026-06-06 04:55:00+08:00,TAIFEX:CCF1!,122.5,123.5,121.0,123.0,238.0
2026-06-08 08:45:00+08:00,TAIFEX:CCF1!,122.0,125.0,121.5,123.0,3732.0
2026-06-08 09:00:00+08:00,TAIFEX:CCF1!,122.5,124.0,121.5,122.0,3843.0
2026-06-08 09:15:00+08:00,TAIFEX:CCF1!,121.5,122.0,120.5,120.5,4328.0
2026-06-08 09:30:00+08:00,TAIFEX:CCF1!,120.5,124.0,120.5,123.5,3027.0
2026-06-08 09:45:00+08:00,TAIFEX:CCF1!,124.0,125.5,123.5,124.0,3776.0
2026-06-08 10:00:00+08:00,TAIFEX:CCF1!,124.0,125.0,123.0,123.5,1770.0
2026-06-08 10:15:00+08:00,TAIFEX:CCF1!,124.0,124.5,122.5,123.5,2528.0
2026-06-08 10:30:00+08:00,TAIFEX:CCF1!,123.5,125.0,121.5,122.0,4026.0
2026-06-08 10:45:00+08:00,TAIFEX:CCF1!,122.0,122.5,121.5,121.5,1811.0
2026-06-08 11:00:00+08:00,TAIFEX:CCF1!,122.0,122.5,121.0,121.0,1469.0
2026-06-08 11:15:00+08:00,TAIFEX:CCF1!,121.5,122.5,121.0,121.5,1576.0
2026-06-08 11:30:00+08:00,TAIFEX:CCF1!,122.0,122.5,121.0,122.0,1612.0
2026-06-08 11:45:00+08:00,TAIFEX:CCF1!,122.0,122.0,121.0,121.5,964.0
2026-06-08 12:00:00+08:00,TAIFEX:CCF1!,121.5,121.5,120.5,120.5,1111.0
2026-06-08 12:15:00+08:00,TAIFEX:CCF1!,120.5,121.5,120.5,120.5,1381.0
2026-06-08 12:30:00+08:00,TAIFEX:CCF1!,120.5,120.5,120.5,120.5,671.0
2026-06-08 12:45:00+08:00,TAIFEX:CCF1!,120.5,122.0,120.5,121.5,1187.0
2026-06-08 13:00:00+08:00,TAIFEX:CCF1!,121.5,122.5,121.0,121.5,1786.0
2026-06-08 13:15:00+08:00,TAIFEX:CCF1!,121.5,122.0,120.5,122.0,1979.0
2026-06-08 13:30:00+08:00,TAIFEX:CCF1!,121.5,122.5,120.5,120.5,962.0
2026-06-08 17:25:00+08:00,TAIFEX:CCF1!,124.0,125.5,123.5,124.0,422.0
2026-06-08 17:40:00+08:00,TAIFEX:CCF1!,124.0,125.5,124.0,125.5,151.0
2026-06-08 17:55:00+08:00,TAIFEX:CCF1!,125.5,125.5,125.0,125.0,161.0
2026-06-08 18:10:00+08:00,TAIFEX:CCF1!,125.0,125.0,124.5,124.5,70.0
2026-06-08 18:25:00+08:00,TAIFEX:CCF1!,124.0,124.5,124.0,124.5,82.0
2026-06-08 18:40:00+08:00,TAIFEX:CCF1!,124.5,124.5,124.0,124.0,101.0
2026-06-08 18:55:00+08:00,TAIFEX:CCF1!,124.0,124.5,124.0,124.5,89.0
2026-06-08 19:10:00+08:00,TAIFEX:CCF1!,124.5,126.0,124.5,126.0,266.0
2026-06-08 19:25:00+08:00,TAIFEX:CCF1!,126.0,126.5,125.5,126.5,281.0
2026-06-08 19:40:00+08:00,TAIFEX:CCF1!,126.5,126.5,125.5,126.0,208.0
2026-06-08 19:55:00+08:00,TAIFEX:CCF1!,126.5,126.5,126.0,126.5,119.0
2026-06-08 20:10:00+08:00,TAIFEX:CCF1!,126.5,126.5,126.0,126.0,20.0
2026-06-08 20:25:00+08:00,TAIFEX:CCF1!,126.0,126.5,126.0,126.0,53.0
2026-06-08 20:40:00+08:00,TAIFEX:CCF1!,126.0,126.0,125.5,126.0,64.0
2026-06-08 20:55:00+08:00,TAIFEX:CCF1!,126.0,127.0,125.5,127.0,283.0
2026-06-08 21:10:00+08:00,TAIFEX:CCF1!,127.0,128.5,127.0,128.5,409.0
2026-06-08 21:25:00+08:00,TAIFEX:CCF1!,128.5,128.5,126.0,127.0,451.0
2026-06-08 21:40:00+08:00,TAIFEX:CCF1!,126.5,127.0,126.0,126.5,192.0
2026-06-08 21:55:00+08:00,TAIFEX:CCF1!,126.5,127.0,124.5,125.0,585.0
2026-06-08 22:10:00+08:00,TAIFEX:CCF1!,125.0,125.0,124.5,124.5,314.0
2026-06-08 22:25:00+08:00,TAIFEX:CCF1!,124.5,127.5,124.5,127.0,475.0
2026-06-08 22:40:00+08:00,TAIFEX:CCF1!,127.0,127.5,126.0,127.5,295.0
2026-06-08 22:55:00+08:00,TAIFEX:CCF1!,127.5,128.5,127.0,128.0,272.0
2026-06-08 23:10:00+08:00,TAIFEX:CCF1!,128.0,129.5,128.0,129.0,662.0
2026-06-08 23:25:00+08:00,TAIFEX:CCF1!,129.0,129.0,127.0,127.5,228.0
2026-06-08 23:40:00+08:00,TAIFEX:CCF1!,128.0,128.0,127.5,127.5,139.0
2026-06-08 23:55:00+08:00,TAIFEX:CCF1!,127.0,127.5,127.0,127.5,107.0
2026-06-09 00:10:00+08:00,TAIFEX:CCF1!,127.5,128.0,127.5,128.0,87.0
2026-06-09 00:25:00+08:00,TAIFEX:CCF1!,127.5,127.5,127.0,127.0,58.0
2026-06-09 00:40:00+08:00,TAIFEX:CCF1!,127.5,127.5,127.5,127.5,43.0
2026-06-09 00:55:00+08:00,TAIFEX:CCF1!,127.5,127.5,127.0,127.0,49.0
2026-06-09 01:10:00+08:00,TAIFEX:CCF1!,126.5,126.5,126.0,126.5,115.0
2026-06-09 01:25:00+08:00,TAIFEX:CCF1!,126.5,127.0,126.5,126.5,36.0
2026-06-09 01:40:00+08:00,TAIFEX:CCF1!,126.5,127.0,126.5,127.0,38.0
2026-06-09 01:55:00+08:00,TAIFEX:CCF1!,127.0,128.0,127.0,127.5,30.0
2026-06-09 02:10:00+08:00,TAIFEX:CCF1!,127.5,127.5,127.0,127.0,5.0
2026-06-09 02:25:00+08:00,TAIFEX:CCF1!,127.5,127.5,127.0,127.0,10.0
2026-06-09 02:40:00+08:00,TAIFEX:CCF1!,127.5,127.5,127.0,127.0,38.0
2026-06-09 02:55:00+08:00,TAIFEX:CCF1!,127.0,127.0,126.5,126.5,20.0
2026-06-09 03:10:00+08:00,TAIFEX:CCF1!,126.5,126.5,126.0,126.0,61.0
2026-06-09 03:25:00+08:00,TAIFEX:CCF1!,126.5,126.5,126.5,126.5,5.0
2026-06-09 03:40:00+08:00,TAIFEX:CCF1!,126.5,127.0,126.5,126.5,11.0
2026-06-09 03:55:00+08:00,TAIFEX:CCF1!,127.0,127.0,126.5,126.5,9.0
2026-06-09 04:10:00+08:00,TAIFEX:CCF1!,126.5,127.0,126.5,126.5,9.0
2026-06-09 04:25:00+08:00,TAIFEX:CCF1!,127.0,127.0,126.5,126.5,2.0
2026-06-09 04:40:00+08:00,TAIFEX:CCF1!,126.5,126.5,126.5,126.5,9.0
2026-06-09 04:55:00+08:00,TAIFEX:CCF1!,127.0,127.5,127.0,127.0,31.0
2026-06-09 08:45:00+08:00,TAIFEX:CCF1!,126.0,126.5,123.0,125.0,1465.0
2026-06-09 09:00:00+08:00,TAIFEX:CCF1!,124.5,124.5,121.0,123.0,4233.0
2026-06-09 09:15:00+08:00,TAIFEX:CCF1!,122.5,122.5,119.0,121.5,2656.0
2026-06-09 09:30:00+08:00,TAIFEX:CCF1!,121.5,123.0,120.0,122.5,2908.0
2026-06-09 09:45:00+08:00,TAIFEX:CCF1!,122.5,123.0,121.5,122.0,2427.0
2026-06-09 10:00:00+08:00,TAIFEX:CCF1!,122.0,129.0,122.0,128.5,7844.0
2026-06-09 10:15:00+08:00,TAIFEX:CCF1!,128.5,131.0,128.0,129.0,6582.0
2026-06-09 10:30:00+08:00,TAIFEX:CCF1!,129.5,129.5,128.0,129.5,2239.0
2026-06-09 10:45:00+08:00,TAIFEX:CCF1!,130.0,131.0,129.5,130.5,2750.0
2026-06-09 11:00:00+08:00,TAIFEX:CCF1!,131.0,132.5,130.0,131.0,3309.0
2026-06-09 11:15:00+08:00,TAIFEX:CCF1!,131.0,131.5,129.5,131.0,2518.0
2026-06-09 11:30:00+08:00,TAIFEX:CCF1!,131.0,131.5,130.0,131.0,1841.0
2026-06-09 11:45:00+08:00,TAIFEX:CCF1!,131.0,131.5,130.0,130.5,1464.0
2026-06-09 12:00:00+08:00,TAIFEX:CCF1!,130.5,131.5,130.0,131.0,1015.0
2026-06-09 12:15:00+08:00,TAIFEX:CCF1!,130.5,130.5,129.0,130.5,1597.0
2026-06-09 12:30:00+08:00,TAIFEX:CCF1!,130.5,130.5,130.0,130.0,851.0
2026-06-09 12:45:00+08:00,TAIFEX:CCF1!,130.0,131.0,130.0,130.5,447.0
2026-06-09 13:00:00+08:00,TAIFEX:CCF1!,130.5,130.5,129.5,130.0,487.0
2026-06-09 13:15:00+08:00,TAIFEX:CCF1!,130.0,130.0,129.0,129.0,1122.0
2026-06-09 13:30:00+08:00,TAIFEX:CCF1!,129.0,130.5,128.5,130.0,922.0
2026-06-09 17:25:00+08:00,TAIFEX:CCF1!,130.5,131.0,130.5,131.0,235.0
2026-06-09 17:40:00+08:00,TAIFEX:CCF1!,131.0,131.5,131.0,131.5,161.0
2026-06-09 17:55:00+08:00,TAIFEX:CCF1!,131.5,131.5,130.5,131.0,82.0
2026-06-09 18:10:00+08:00,TAIFEX:CCF1!,130.5,130.5,129.5,130.0,258.0
2026-06-09 18:25:00+08:00,TAIFEX:CCF1!,130.0,130.5,130.0,130.0,22.0
2026-06-09 18:40:00+08:00,TAIFEX:CCF1!,130.0,130.0,129.5,130.0,103.0
2026-06-09 18:55:00+08:00,TAIFEX:CCF1!,130.0,131.0,130.0,130.5,118.0
2026-06-09 19:10:00+08:00,TAIFEX:CCF1!,130.5,130.5,130.5,130.5,8.0
2026-06-09 19:25:00+08:00,TAIFEX:CCF1!,130.5,131.0,130.5,130.5,27.0
2026-06-09 19:40:00+08:00,TAIFEX:CCF1!,130.5,130.5,130.5,130.5,29.0
2026-06-09 19:55:00+08:00,TAIFEX:CCF1!,130.5,130.5,130.0,130.0,71.0
2026-06-09 20:10:00+08:00,TAIFEX:CCF1!,130.0,130.0,129.5,130.0,26.0
2026-06-09 20:25:00+08:00,TAIFEX:CCF1!,130.0,130.5,130.0,130.5,79.0
2026-06-09 20:40:00+08:00,TAIFEX:CCF1!,130.5,130.5,130.5,130.5,6.0
2026-06-09 20:55:00+08:00,TAIFEX:CCF1!,130.5,131.0,130.0,131.0,36.0
2026-06-09 21:10:00+08:00,TAIFEX:CCF1!,130.5,131.0,130.5,131.0,20.0
2026-06-09 21:25:00+08:00,TAIFEX:CCF1!,131.0,131.5,130.0,131.0,487.0
2026-06-09 21:40:00+08:00,TAIFEX:CCF1!,131.0,132.0,130.5,131.5,642.0
2026-06-09 21:55:00+08:00,TAIFEX:CCF1!,131.0,131.5,130.0,130.5,386.0
2026-06-09 22:10:00+08:00,TAIFEX:CCF1!,130.0,130.0,128.0,129.5,1096.0
2026-06-09 22:25:00+08:00,TAIFEX:CCF1!,129.5,129.5,127.5,128.0,539.0
2026-06-09 22:40:00+08:00,TAIFEX:CCF1!,128.0,128.5,125.5,127.0,729.0
2026-06-09 22:55:00+08:00,TAIFEX:CCF1!,127.0,128.0,126.5,127.5,317.0
2026-06-09 23:10:00+08:00,TAIFEX:CCF1!,128.0,128.5,125.5,125.5,875.0
2026-06-09 23:25:00+08:00,TAIFEX:CCF1!,125.5,126.0,123.0,123.5,1020.0
2026-06-09 23:40:00+08:00,TAIFEX:CCF1!,123.5,125.5,123.5,124.0,326.0
2026-06-09 23:55:00+08:00,TAIFEX:CCF1!,123.5,123.5,120.0,120.5,973.0
2026-06-10 00:10:00+08:00,TAIFEX:CCF1!,120.5,121.0,118.0,120.0,927.0
2026-06-10 00:25:00+08:00,TAIFEX:CCF1!,120.5,122.0,119.0,119.0,834.0
2026-06-10 00:40:00+08:00,TAIFEX:CCF1!,119.0,120.5,118.0,119.5,481.0
2026-06-10 00:55:00+08:00,TAIFEX:CCF1!,119.5,124.0,119.0,123.5,1007.0
2026-06-10 01:10:00+08:00,TAIFEX:CCF1!,123.5,125.5,123.5,124.5,994.0
2026-06-10 01:25:00+08:00,TAIFEX:CCF1!,124.0,125.0,123.0,124.5,417.0
2026-06-10 01:40:00+08:00,TAIFEX:CCF1!,124.5,125.0,123.0,124.5,291.0
2026-06-10 01:55:00+08:00,TAIFEX:CCF1!,125.0,125.0,124.5,125.0,111.0
2026-06-10 02:10:00+08:00,TAIFEX:CCF1!,124.5,125.5,124.0,125.5,87.0
2026-06-10 02:25:00+08:00,TAIFEX:CCF1!,125.5,126.0,124.5,125.5,156.0
2026-06-10 02:40:00+08:00,TAIFEX:CCF1!,125.5,126.0,124.5,125.5,90.0
2026-06-10 02:55:00+08:00,TAIFEX:CCF1!,125.5,126.0,125.0,125.0,115.0
2026-06-10 03:10:00+08:00,TAIFEX:CCF1!,124.5,125.0,123.5,124.5,156.0
2026-06-10 03:25:00+08:00,TAIFEX:CCF1!,125.0,125.5,124.5,125.0,115.0
2026-06-10 03:40:00+08:00,TAIFEX:CCF1!,124.5,126.0,123.0,126.0,281.0
2026-06-10 03:55:00+08:00,TAIFEX:CCF1!,124.5,125.0,124.5,124.5,34.0
2026-06-10 04:10:00+08:00,TAIFEX:CCF1!,124.5,125.5,124.5,125.0,18.0
2026-06-10 04:25:00+08:00,TAIFEX:CCF1!,125.0,125.5,125.0,125.5,11.0
2026-06-10 04:40:00+08:00,TAIFEX:CCF1!,125.5,125.5,124.5,125.0,15.0
2026-06-10 04:55:00+08:00,TAIFEX:CCF1!,124.5,125.0,124.5,125.0,5.0
2026-06-10 08:45:00+08:00,TAIFEX:CCF1!,125.0,127.0,123.5,127.0,1546.0
2026-06-10 09:00:00+08:00,TAIFEX:CCF1!,126.5,132.0,125.5,131.5,4734.0
2026-06-10 09:15:00+08:00,TAIFEX:CCF1!,131.5,131.5,126.5,127.5,4587.0
2026-06-10 09:30:00+08:00,TAIFEX:CCF1!,127.5,129.5,126.0,127.0,2310.0
2026-06-10 09:45:00+08:00,TAIFEX:CCF1!,126.5,127.0,124.5,125.0,2991.0
2026-06-10 10:00:00+08:00,TAIFEX:CCF1!,125.0,125.5,122.5,124.5,3077.0
2026-06-10 10:15:00+08:00,TAIFEX:CCF1!,125.0,125.0,123.5,124.5,942.0
2026-06-10 10:30:00+08:00,TAIFEX:CCF1!,125.0,125.0,124.0,124.0,755.0
2026-06-10 10:45:00+08:00,TAIFEX:CCF1!,124.5,125.5,123.5,123.5,2156.0
2026-06-10 11:00:00+08:00,TAIFEX:CCF1!,124.0,125.0,124.0,124.5,1240.0
2026-06-10 11:15:00+08:00,TAIFEX:CCF1!,124.5,125.5,124.0,124.0,1137.0
2026-06-10 11:30:00+08:00,TAIFEX:CCF1!,124.0,124.0,123.0,123.0,702.0
2026-06-10 11:45:00+08:00,TAIFEX:CCF1!,123.0,123.5,122.5,123.5,770.0
2026-06-10 12:00:00+08:00,TAIFEX:CCF1!,123.5,123.5,121.5,121.5,2177.0
2026-06-10 12:15:00+08:00,TAIFEX:CCF1!,121.5,122.0,120.5,120.5,1766.0
2026-06-10 12:30:00+08:00,TAIFEX:CCF1!,120.5,120.5,118.5,119.5,4946.0
2026-06-10 12:45:00+08:00,TAIFEX:CCF1!,119.5,120.5,119.5,120.0,1690.0
2026-06-10 13:00:00+08:00,TAIFEX:CCF1!,120.0,120.0,118.5,119.0,1046.0
2026-06-10 13:15:00+08:00,TAIFEX:CCF1!,119.0,119.0,117.5,119.0,3249.0
2026-06-10 13:30:00+08:00,TAIFEX:CCF1!,119.0,120.0,118.5,119.5,873.0
2026-06-10 17:25:00+08:00,TAIFEX:CCF1!,117.0,117.0,115.5,116.0,392.0
2026-06-10 17:40:00+08:00,TAIFEX:CCF1!,116.0,116.0,114.0,114.0,329.0
2026-06-10 17:55:00+08:00,TAIFEX:CCF1!,114.0,114.5,113.5,114.0,193.0
2026-06-10 18:10:00+08:00,TAIFEX:CCF1!,114.0,114.5,113.0,113.5,218.0
2026-06-10 18:25:00+08:00,TAIFEX:CCF1!,113.5,114.5,113.5,114.0,139.0
2026-06-10 18:40:00+08:00,TAIFEX:CCF1!,114.0,115.0,114.0,115.0,187.0
2026-06-10 18:55:00+08:00,TAIFEX:CCF1!,115.0,116.0,114.0,114.5,342.0
2026-06-10 19:10:00+08:00,TAIFEX:CCF1!,115.0,115.5,115.0,115.0,122.0
2026-06-10 19:25:00+08:00,TAIFEX:CCF1!,114.5,114.5,113.5,113.5,146.0
2026-06-10 19:40:00+08:00,TAIFEX:CCF1!,113.5,114.0,112.5,114.0,541.0
2026-06-10 19:55:00+08:00,TAIFEX:CCF1!,113.5,114.0,113.0,113.0,147.0
2026-06-10 20:10:00+08:00,TAIFEX:CCF1!,113.5,114.0,113.0,114.0,138.0
2026-06-10 20:25:00+08:00,TAIFEX:CCF1!,114.0,121.0,113.5,120.0,1606.0
2026-06-10 20:40:00+08:00,TAIFEX:CCF1!,119.5,120.5,118.5,120.0,719.0
2026-06-10 20:55:00+08:00,TAIFEX:CCF1!,120.0,120.0,118.5,119.0,403.0
2026-06-10 21:10:00+08:00,TAIFEX:CCF1!,119.0,120.0,119.0,119.5,182.0
2026-06-10 21:25:00+08:00,TAIFEX:CCF1!,119.5,122.0,119.0,121.0,1036.0
2026-06-10 21:40:00+08:00,TAIFEX:CCF1!,120.5,123.5,120.0,121.5,1105.0
2026-06-10 21:55:00+08:00,TAIFEX:CCF1!,121.5,122.0,120.0,122.0,605.0
2026-06-10 22:10:00+08:00,TAIFEX:CCF1!,122.0,123.5,121.5,123.5,1034.0
2026-06-10 22:25:00+08:00,TAIFEX:CCF1!,123.5,124.5,123.0,123.5,970.0
2026-06-10 22:40:00+08:00,TAIFEX:CCF1!,124.0,124.0,122.0,122.5,596.0
2026-06-10 22:55:00+08:00,TAIFEX:CCF1!,122.0,122.0,120.0,120.5,969.0
2026-06-10 23:10:00+08:00,TAIFEX:CCF1!,120.5,120.5,118.5,120.5,872.0
2026-06-10 23:25:00+08:00,TAIFEX:CCF1!,120.5,121.0,119.0,119.5,341.0
2026-06-10 23:40:00+08:00,TAIFEX:CCF1!,119.5,120.0,117.5,119.0,630.0
2026-06-10 23:55:00+08:00,TAIFEX:CCF1!,119.5,121.0,119.0,120.0,501.0
2026-06-11 00:10:00+08:00,TAIFEX:CCF1!,120.0,120.5,119.0,120.0,124.0
2026-06-11 00:25:00+08:00,TAIFEX:CCF1!,119.5,120.5,119.5,120.0,104.0
2026-06-11 00:40:00+08:00,TAIFEX:CCF1!,120.5,120.5,119.0,120.0,190.0
2026-06-11 00:55:00+08:00,TAIFEX:CCF1!,119.5,120.0,119.5,119.5,52.0
2026-06-11 01:10:00+08:00,TAIFEX:CCF1!,119.5,119.5,118.5,119.0,130.0
2026-06-11 01:25:00+08:00,TAIFEX:CCF1!,119.5,119.5,118.5,119.0,96.0
2026-06-11 01:40:00+08:00,TAIFEX:CCF1!,119.0,120.0,119.0,119.5,41.0
2026-06-11 01:55:00+08:00,TAIFEX:CCF1!,120.0,121.0,120.0,120.0,137.0
2026-06-11 02:10:00+08:00,TAIFEX:CCF1!,119.5,120.5,119.5,120.0,63.0
2026-06-11 02:25:00+08:00,TAIFEX:CCF1!,120.0,120.0,119.0,119.0,9.0
2026-06-11 02:40:00+08:00,TAIFEX:CCF1!,119.0,119.0,119.0,119.0,39.0
2026-06-11 02:55:00+08:00,TAIFEX:CCF1!,119.5,120.0,119.0,120.0,29.0
2026-06-11 03:10:00+08:00,TAIFEX:CCF1!,119.5,119.5,118.0,118.5,111.0
2026-06-11 03:25:00+08:00,TAIFEX:CCF1!,119.0,119.5,118.5,119.5,69.0
2026-06-11 03:40:00+08:00,TAIFEX:CCF1!,119.5,119.5,119.0,119.0,59.0
2026-06-11 03:55:00+08:00,TAIFEX:CCF1!,119.5,119.5,118.5,118.5,80.0
2026-06-11 04:10:00+08:00,TAIFEX:CCF1!,118.5,119.0,118.5,118.5,69.0
2026-06-11 04:25:00+08:00,TAIFEX:CCF1!,119.0,119.0,118.5,118.5,28.0
2026-06-11 04:40:00+08:00,TAIFEX:CCF1!,118.0,118.0,117.5,117.5,90.0
2026-06-11 04:55:00+08:00,TAIFEX:CCF1!,117.5,117.5,116.5,116.5,139.0
2026-06-11 08:45:00+08:00,TAIFEX:CCF1!,114.0,120.5,114.0,119.5,2146.0
2026-06-11 09:00:00+08:00,TAIFEX:CCF1!,120.0,125.0,117.0,124.5,7595.0
2026-06-11 09:15:00+08:00,TAIFEX:CCF1!,124.5,127.0,123.5,126.5,5322.0
2026-06-11 09:30:00+08:00,TAIFEX:CCF1!,126.5,126.5,122.0,122.5,3318.0
2026-06-11 09:45:00+08:00,TAIFEX:CCF1!,122.5,122.5,119.5,120.5,2284.0
2026-06-11 10:00:00+08:00,TAIFEX:CCF1!,120.0,121.5,119.5,120.0,1807.0
2026-06-11 10:15:00+08:00,TAIFEX:CCF1!,120.0,120.5,117.5,117.5,3508.0
2026-06-11 10:30:00+08:00,TAIFEX:CCF1!,117.5,119.5,117.0,119.0,2524.0
2026-06-11 10:45:00+08:00,TAIFEX:CCF1!,119.0,122.0,119.0,121.5,3359.0
2026-06-11 11:00:00+08:00,TAIFEX:CCF1!,121.5,124.0,121.0,122.5,3784.0
2026-06-11 11:15:00+08:00,TAIFEX:CCF1!,122.5,123.5,121.0,123.0,1812.0
2026-06-11 11:30:00+08:00,TAIFEX:CCF1!,123.0,124.0,122.5,123.5,1405.0
2026-06-11 11:45:00+08:00,TAIFEX:CCF1!,123.5,124.0,122.5,123.5,1502.0
2026-06-11 12:00:00+08:00,TAIFEX:CCF1!,124.0,124.5,122.5,123.5,1452.0
2026-06-11 12:15:00+08:00,TAIFEX:CCF1!,123.5,126.5,123.0,126.0,2916.0
2026-06-11 12:30:00+08:00,TAIFEX:CCF1!,126.0,127.0,125.5,127.0,2018.0
2026-06-11 12:45:00+08:00,TAIFEX:CCF1!,127.0,127.0,125.0,125.5,1530.0
2026-06-11 13:00:00+08:00,TAIFEX:CCF1!,125.5,127.0,125.0,126.5,1256.0
2026-06-11 13:15:00+08:00,TAIFEX:CCF1!,126.5,127.0,126.0,126.5,1655.0
2026-06-11 13:30:00+08:00,TAIFEX:CCF1!,126.5,126.5,125.0,126.0,1059.0
2026-06-11 17:25:00+08:00,TAIFEX:CCF1!,128.0,128.0,127.0,127.5,411.0
2026-06-11 17:40:00+08:00,TAIFEX:CCF1!,128.0,129.5,127.5,129.0,242.0
2026-06-11 17:55:00+08:00,TAIFEX:CCF1!,129.0,129.0,128.5,128.5,93.0
2026-06-11 18:10:00+08:00,TAIFEX:CCF1!,128.5,129.0,128.5,129.0,38.0
2026-06-11 18:25:00+08:00,TAIFEX:CCF1!,129.0,129.0,128.5,128.5,68.0
2026-06-11 18:40:00+08:00,TAIFEX:CCF1!,128.5,129.0,128.5,128.5,24.0
2026-06-11 18:55:00+08:00,TAIFEX:CCF1!,128.5,129.0,128.0,128.0,207.0
2026-06-11 19:10:00+08:00,TAIFEX:CCF1!,127.5,128.0,127.5,128.0,67.0
2026-06-11 19:25:00+08:00,TAIFEX:CCF1!,128.0,129.0,128.0,128.5,81.0
2026-06-11 19:40:00+08:00,TAIFEX:CCF1!,128.5,129.0,128.5,129.0,36.0
2026-06-11 19:55:00+08:00,TAIFEX:CCF1!,129.0,129.5,128.5,129.0,179.0
2026-06-11 20:10:00+08:00,TAIFEX:CCF1!,129.0,129.0,126.0,127.0,661.0
2026-06-11 20:25:00+08:00,TAIFEX:CCF1!,127.0,128.0,126.5,128.0,583.0
2026-06-11 20:40:00+08:00,TAIFEX:CCF1!,128.0,129.0,127.5,128.5,222.0
2026-06-11 20:55:00+08:00,TAIFEX:CCF1!,128.5,128.5,127.0,127.0,224.0
2026-06-11 21:10:00+08:00,TAIFEX:CCF1!,127.0,127.5,127.0,127.5,79.0
2026-06-11 21:25:00+08:00,TAIFEX:CCF1!,127.5,128.5,127.5,128.0,350.0
2026-06-11 21:40:00+08:00,TAIFEX:CCF1!,128.0,130.0,127.5,130.0,669.0
2026-06-11 21:55:00+08:00,TAIFEX:CCF1!,130.0,130.5,129.0,129.5,766.0
2026-06-11 22:10:00+08:00,TAIFEX:CCF1!,129.5,129.5,128.0,129.0,552.0
2026-06-11 22:25:00+08:00,TAIFEX:CCF1!,129.0,130.0,129.0,129.5,482.0
2026-06-11 22:40:00+08:00,TAIFEX:CCF1!,129.5,129.5,128.5,128.5,368.0
2026-06-11 22:55:00+08:00,TAIFEX:CCF1!,128.5,128.5,127.5,128.0,495.0
2026-06-11 23:10:00+08:00,TAIFEX:CCF1!,128.0,128.5,128.0,128.5,140.0
2026-06-11 23:25:00+08:00,TAIFEX:CCF1!,128.5,129.0,128.5,129.0,294.0
2026-06-11 23:40:00+08:00,TAIFEX:CCF1!,129.5,129.5,129.0,129.0,271.0
2026-06-11 23:55:00+08:00,TAIFEX:CCF1!,129.0,129.5,129.0,129.0,42.0
2026-06-12 00:10:00+08:00,TAIFEX:CCF1!,129.0,130.0,129.0,129.5,171.0
2026-06-12 00:25:00+08:00,TAIFEX:CCF1!,129.5,129.5,129.0,129.5,222.0
2026-06-12 00:40:00+08:00,TAIFEX:CCF1!,129.0,129.0,128.0,128.0,179.0
2026-06-12 00:55:00+08:00,TAIFEX:CCF1!,128.0,128.5,128.0,128.0,29.0
2026-06-12 01:10:00+08:00,TAIFEX:CCF1!,128.5,128.5,128.0,128.0,60.0
2026-06-12 01:25:00+08:00,TAIFEX:CCF1!,128.5,131.0,128.5,131.0,856.0
2026-06-12 01:40:00+08:00,TAIFEX:CCF1!,131.0,132.0,130.5,131.0,362.0
2026-06-12 01:55:00+08:00,TAIFEX:CCF1!,131.0,131.0,129.5,130.0,350.0
2026-06-12 02:10:00+08:00,TAIFEX:CCF1!,130.0,131.0,130.0,130.5,70.0
2026-06-12 02:25:00+08:00,TAIFEX:CCF1!,130.5,131.0,130.5,131.0,82.0
2026-06-12 02:40:00+08:00,TAIFEX:CCF1!,131.0,132.0,131.0,131.5,130.0
2026-06-12 02:55:00+08:00,TAIFEX:CCF1!,131.5,132.0,131.5,131.5,102.0
2026-06-12 03:10:00+08:00,TAIFEX:CCF1!,132.0,132.0,131.5,132.0,52.0
2026-06-12 03:25:00+08:00,TAIFEX:CCF1!,132.0,133.0,131.5,132.5,335.0
2026-06-12 03:40:00+08:00,TAIFEX:CCF1!,132.5,132.5,131.5,132.0,164.0
2026-06-12 03:55:00+08:00,TAIFEX:CCF1!,132.0,133.0,132.0,133.0,211.0
2026-06-12 04:10:00+08:00,TAIFEX:CCF1!,133.5,134.0,133.5,133.5,118.0
2026-06-12 04:25:00+08:00,TAIFEX:CCF1!,133.5,134.0,133.0,133.5,155.0
2026-06-12 04:40:00+08:00,TAIFEX:CCF1!,133.5,134.0,133.0,133.5,108.0
2026-06-12 04:55:00+08:00,TAIFEX:CCF1!,133.5,134.0,133.5,134.0,18.0
2026-06-12 08:45:00+08:00,TAIFEX:CCF1!,135.5,138.0,135.0,136.0,4814.0
2026-06-12 09:00:00+08:00,TAIFEX:CCF1!,135.5,139.0,134.0,139.0,12859.0
2026-06-12 09:15:00+08:00,TAIFEX:CCF1!,139.0,139.0,135.5,135.5,4379.0
2026-06-12 09:30:00+08:00,TAIFEX:CCF1!,135.5,139.0,135.5,138.5,3585.0
2026-06-12 09:45:00+08:00,TAIFEX:CCF1!,138.5,139.0,137.5,139.0,2113.0
2026-06-12 10:00:00+08:00,TAIFEX:CCF1!,139.0,139.0,138.0,138.0,1061.0
2026-06-12 10:15:00+08:00,TAIFEX:CCF1!,137.5,138.0,135.0,135.5,2338.0
2026-06-12 10:30:00+08:00,TAIFEX:CCF1!,135.5,138.0,135.0,137.0,1635.0
2026-06-12 10:45:00+08:00,TAIFEX:CCF1!,137.0,137.5,136.5,137.5,195.0
2026-06-12 11:00:00+08:00,TAIFEX:CCF1!,137.5,138.5,137.0,138.5,1097.0
2026-06-12 11:15:00+08:00,TAIFEX:CCF1!,138.5,138.5,137.0,137.5,655.0
2026-06-12 11:30:00+08:00,TAIFEX:CCF1!,137.0,138.0,136.5,137.0,561.0
2026-06-12 11:45:00+08:00,TAIFEX:CCF1!,137.5,137.5,136.0,137.0,578.0
2026-06-12 12:00:00+08:00,TAIFEX:CCF1!,137.0,137.5,136.5,137.5,406.0
2026-06-12 12:15:00+08:00,TAIFEX:CCF1!,137.5,137.5,136.5,137.0,556.0
2026-06-12 12:30:00+08:00,TAIFEX:CCF1!,137.5,137.5,136.5,136.5,281.0
2026-06-12 12:45:00+08:00,TAIFEX:CCF1!,136.5,136.5,135.5,136.0,1593.0
2026-06-12 13:00:00+08:00,TAIFEX:CCF1!,136.0,136.5,134.0,134.5,3144.0
2026-06-12 13:15:00+08:00,TAIFEX:CCF1!,135.0,135.0,133.5,134.0,1242.0
2026-06-12 13:30:00+08:00,TAIFEX:CCF1!,134.5,135.0,134.0,134.0,775.0
2026-06-12 17:25:00+08:00,TAIFEX:CCF1!,136.0,137.5,135.5,137.5,336.0
2026-06-12 17:40:00+08:00,TAIFEX:CCF1!,137.5,137.5,136.5,137.0,266.0
2026-06-12 17:55:00+08:00,TAIFEX:CCF1!,137.0,137.0,136.5,137.0,137.0
2026-06-12 18:10:00+08:00,TAIFEX:CCF1!,137.0,137.5,136.0,136.5,162.0
2026-06-12 18:25:00+08:00,TAIFEX:CCF1!,136.0,137.0,135.5,136.5,198.0
2026-06-12 18:40:00+08:00,TAIFEX:CCF1!,137.0,137.0,136.5,136.5,22.0
2026-06-12 18:55:00+08:00,TAIFEX:CCF1!,136.5,137.0,136.5,137.0,66.0
2026-06-12 19:10:00+08:00,TAIFEX:CCF1!,136.5,137.0,136.5,136.5,169.0
2026-06-12 19:25:00+08:00,TAIFEX:CCF1!,136.5,137.0,136.5,137.0,84.0
2026-06-12 19:40:00+08:00,TAIFEX:CCF1!,137.0,137.5,137.0,137.0,52.0
2026-06-12 19:55:00+08:00,TAIFEX:CCF1!,137.0,137.0,136.5,136.5,51.0
2026-06-12 20:10:00+08:00,TAIFEX:CCF1!,136.5,137.0,136.5,136.5,106.0
2026-06-12 20:25:00+08:00,TAIFEX:CCF1!,136.5,136.5,136.0,136.0,166.0
2026-06-12 20:40:00+08:00,TAIFEX:CCF1!,136.0,136.0,135.5,135.5,135.0
2026-06-12 20:55:00+08:00,TAIFEX:CCF1!,135.5,136.0,135.0,136.0,196.0
2026-06-12 21:10:00+08:00,TAIFEX:CCF1!,136.0,136.0,135.5,136.0,97.0
2026-06-12 21:25:00+08:00,TAIFEX:CCF1!,136.0,136.5,134.5,136.0,528.0
2026-06-12 21:40:00+08:00,TAIFEX:CCF1!,136.0,136.0,135.0,135.5,360.0
2026-06-12 21:55:00+08:00,TAIFEX:CCF1!,135.5,137.5,135.5,137.5,581.0
2026-06-12 22:10:00+08:00,TAIFEX:CCF1!,137.5,137.5,136.5,136.5,439.0
2026-06-12 22:25:00+08:00,TAIFEX:CCF1!,136.5,137.5,136.5,137.0,331.0
2026-06-12 22:40:00+08:00,TAIFEX:CCF1!,137.0,137.5,136.0,137.5,583.0
2026-06-12 22:55:00+08:00,TAIFEX:CCF1!,137.5,138.5,137.5,138.0,562.0
2026-06-12 23:10:00+08:00,TAIFEX:CCF1!,138.0,139.5,137.5,139.0,654.0
2026-06-12 23:25:00+08:00,TAIFEX:CCF1!,139.0,139.5,138.5,138.5,681.0
2026-06-12 23:40:00+08:00,TAIFEX:CCF1!,138.5,139.0,137.5,138.5,402.0
2026-06-12 23:55:00+08:00,TAIFEX:CCF1!,138.0,138.5,137.0,138.5,172.0
2026-06-13 00:10:00+08:00,TAIFEX:CCF1!,138.0,138.5,138.0,138.0,269.0
2026-06-13 00:25:00+08:00,TAIFEX:CCF1!,138.5,139.0,138.5,139.0,55.0
2026-06-13 00:40:00+08:00,TAIFEX:CCF1!,139.0,139.0,138.5,138.5,61.0
2026-06-13 00:55:00+08:00,TAIFEX:CCF1!,138.5,139.5,138.5,139.5,115.0
2026-06-13 01:10:00+08:00,TAIFEX:CCF1!,139.5,139.5,139.0,139.0,164.0
2026-06-13 01:25:00+08:00,TAIFEX:CCF1!,139.0,139.5,139.0,139.5,58.0
2026-06-13 01:40:00+08:00,TAIFEX:CCF1!,139.5,139.5,139.0,139.0,6.0
2026-06-13 01:55:00+08:00,TAIFEX:CCF1!,139.0,139.0,139.0,139.0,132.0
2026-06-13 02:10:00+08:00,TAIFEX:CCF1!,139.0,139.0,138.5,139.0,43.0
2026-06-13 02:25:00+08:00,TAIFEX:CCF1!,139.0,139.0,139.0,139.0,27.0
2026-06-13 02:40:00+08:00,TAIFEX:CCF1!,139.5,139.5,139.5,139.5,1.0
2026-06-13 02:55:00+08:00,TAIFEX:CCF1!,139.0,139.0,139.0,139.0,66.0
2026-06-13 03:10:00+08:00,TAIFEX:CCF1!,139.0,139.0,139.0,139.0,10.0
2026-06-13 03:25:00+08:00,TAIFEX:CCF1!,139.0,139.0,139.0,139.0,47.0
2026-06-13 03:40:00+08:00,TAIFEX:CCF1!,139.0,139.5,139.0,139.0,165.0
2026-06-13 03:55:00+08:00,TAIFEX:CCF1!,139.0,139.0,139.0,139.0,31.0
2026-06-13 04:10:00+08:00,TAIFEX:CCF1!,139.0,139.5,139.0,139.5,30.0
2026-06-13 04:25:00+08:00,TAIFEX:CCF1!,139.5,139.5,139.0,139.5,13.0
2026-06-13 04:40:00+08:00,TAIFEX:CCF1!,139.5,139.5,139.0,139.5,20.0
2026-06-13 04:55:00+08:00,TAIFEX:CCF1!,139.5,139.5,139.0,139.0,39.0
2026-06-15 08:45:00+08:00,TAIFEX:CCF1!,143.0,145.0,141.0,141.5,3906.0
2026-06-15 09:00:00+08:00,TAIFEX:CCF1!,141.5,141.5,138.0,140.0,9359.0
2026-06-15 09:15:00+08:00,TAIFEX:CCF1!,140.0,140.5,137.5,140.0,4309.0
2026-06-15 09:30:00+08:00,TAIFEX:CCF1!,140.0,140.0,137.5,139.0,2996.0
2026-06-15 09:45:00+08:00,TAIFEX:CCF1!,139.0,142.0,138.5,141.5,5289.0
2026-06-15 10:00:00+08:00,TAIFEX:CCF1!,142.0,143.0,141.0,142.5,3145.0
2026-06-15 10:15:00+08:00,TAIFEX:CCF1!,142.5,143.0,141.5,143.0,1531.0
2026-06-15 10:30:00+08:00,TAIFEX:CCF1!,143.0,143.0,141.5,142.0,1959.0
2026-06-15 10:45:00+08:00,TAIFEX:CCF1!,142.0,142.0,141.0,141.5,396.0
2026-06-15 11:00:00+08:00,TAIFEX:CCF1!,141.5,144.0,141.0,143.5,3455.0
2026-06-15 11:15:00+08:00,TAIFEX:CCF1!,144.0,144.5,142.5,143.0,1778.0
2026-06-15 11:30:00+08:00,TAIFEX:CCF1!,143.0,144.0,143.0,143.0,1489.0
2026-06-15 11:45:00+08:00,TAIFEX:CCF1!,143.0,143.5,142.5,143.0,497.0
2026-06-15 12:00:00+08:00,TAIFEX:CCF1!,143.5,143.5,142.0,143.0,452.0
2026-06-15 12:15:00+08:00,TAIFEX:CCF1!,143.0,144.0,142.5,144.0,1058.0
2026-06-15 12:30:00+08:00,TAIFEX:CCF1!,144.0,144.0,143.5,143.5,1396.0
2026-06-15 12:45:00+08:00,TAIFEX:CCF1!,143.5,143.5,142.5,143.0,768.0
2026-06-15 13:00:00+08:00,TAIFEX:CCF1!,143.0,143.5,142.5,143.0,451.0
2026-06-15 13:15:00+08:00,TAIFEX:CCF1!,143.0,143.0,142.0,142.5,844.0
2026-06-15 13:30:00+08:00,TAIFEX:CCF1!,142.5,143.5,142.5,143.5,508.0
2026-06-15 17:25:00+08:00,TAIFEX:CCF1!,144.0,144.0,143.0,144.0,216.0
2026-06-15 17:40:00+08:00,TAIFEX:CCF1!,144.0,145.0,143.5,145.0,284.0
2026-06-15 17:55:00+08:00,TAIFEX:CCF1!,145.0,145.0,144.5,144.5,68.0
2026-06-15 18:10:00+08:00,TAIFEX:CCF1!,144.5,144.5,144.0,144.5,148.0
2026-06-15 18:25:00+08:00,TAIFEX:CCF1!,144.5,145.0,144.5,145.0,57.0
2026-06-15 18:40:00+08:00,TAIFEX:CCF1!,145.0,145.0,144.5,145.0,104.0
2026-06-15 18:55:00+08:00,TAIFEX:CCF1!,145.0,145.5,144.5,145.0,43.0
2026-06-15 19:10:00+08:00,TAIFEX:CCF1!,145.0,146.0,145.0,146.0,175.0
2026-06-15 19:25:00+08:00,TAIFEX:CCF1!,146.5,146.5,145.5,145.5,91.0
2026-06-15 19:40:00+08:00,TAIFEX:CCF1!,145.5,146.5,145.5,146.5,124.0
2026-06-15 19:55:00+08:00,TAIFEX:CCF1!,146.5,147.0,146.0,146.5,150.0
2026-06-15 20:10:00+08:00,TAIFEX:CCF1!,146.5,146.5,146.0,146.0,125.0
2026-06-15 20:25:00+08:00,TAIFEX:CCF1!,146.0,147.0,146.0,146.5,51.0
2026-06-15 20:40:00+08:00,TAIFEX:CCF1!,146.5,146.5,146.0,146.0,76.0
2026-06-15 20:55:00+08:00,TAIFEX:CCF1!,146.5,146.5,146.0,146.0,60.0
2026-06-15 21:10:00+08:00,TAIFEX:CCF1!,146.5,147.0,146.5,146.5,84.0
2026-06-15 21:25:00+08:00,TAIFEX:CCF1!,146.5,147.0,145.5,146.0,644.0
2026-06-15 21:40:00+08:00,TAIFEX:CCF1!,146.5,148.0,146.5,148.0,785.0
2026-06-15 21:55:00+08:00,TAIFEX:CCF1!,148.0,148.5,147.5,148.5,706.0
2026-06-15 22:10:00+08:00,TAIFEX:CCF1!,148.0,148.0,147.5,147.5,459.0
2026-06-15 22:25:00+08:00,TAIFEX:CCF1!,147.5,148.0,147.5,148.0,121.0
2026-06-15 22:40:00+08:00,TAIFEX:CCF1!,148.0,148.0,147.5,148.0,190.0
2026-06-15 22:55:00+08:00,TAIFEX:CCF1!,148.0,148.0,148.0,148.0,142.0
2026-06-15 23:10:00+08:00,TAIFEX:CCF1!,148.0,148.0,148.0,148.0,103.0
2026-06-15 23:25:00+08:00,TAIFEX:CCF1!,148.0,148.0,147.5,148.0,202.0
2026-06-15 23:40:00+08:00,TAIFEX:CCF1!,148.0,148.5,148.0,148.0,224.0
2026-06-15 23:55:00+08:00,TAIFEX:CCF1!,148.5,148.5,148.0,148.5,287.0
2026-06-16 00:10:00+08:00,TAIFEX:CCF1!,148.5,149.0,148.0,148.5,239.0
2026-06-16 00:25:00+08:00,TAIFEX:CCF1!,148.5,148.5,148.0,148.0,258.0
2026-06-16 00:40:00+08:00,TAIFEX:CCF1!,148.0,148.0,148.0,148.0,3.0
2026-06-16 00:55:00+08:00,TAIFEX:CCF1!,148.0,148.5,148.0,148.5,11.0
2026-06-16 01:10:00+08:00,TAIFEX:CCF1!,148.5,148.5,148.5,148.5,6.0
2026-06-16 01:25:00+08:00,TAIFEX:CCF1!,148.5,148.5,148.0,148.5,32.0
2026-06-16 01:40:00+08:00,TAIFEX:CCF1!,148.5,148.5,148.5,148.5,12.0
2026-06-16 01:55:00+08:00,TAIFEX:CCF1!,148.0,148.5,148.0,148.5,6.0
2026-06-16 02:10:00+08:00,TAIFEX:CCF1!,148.5,148.5,148.5,148.5,1.0
2026-06-16 02:25:00+08:00,TAIFEX:CCF1!,148.5,148.5,148.5,148.5,3.0
2026-06-16 02:40:00+08:00,TAIFEX:CCF1!,148.5,148.5,148.5,148.5,4.0
2026-06-16 02:55:00+08:00,TAIFEX:CCF1!,148.5,148.5,148.0,148.0,10.0
2026-06-16 03:10:00+08:00,TAIFEX:CCF1!,148.0,148.5,148.0,148.0,3.0
2026-06-16 03:25:00+08:00,TAIFEX:CCF1!,148.0,148.0,148.0,148.0,116.0
2026-06-16 03:40:00+08:00,TAIFEX:CCF1!,148.0,148.0,148.0,148.0,54.0
2026-06-16 03:55:00+08:00,TAIFEX:CCF1!,147.5,148.0,147.5,148.0,32.0
2026-06-16 04:10:00+08:00,TAIFEX:CCF1!,148.0,148.0,148.0,148.0,21.0
2026-06-16 04:25:00+08:00,TAIFEX:CCF1!,148.5,148.5,148.0,148.0,6.0
2026-06-16 04:40:00+08:00,TAIFEX:CCF1!,148.0,148.5,148.0,148.0,18.0
2026-06-16 04:55:00+08:00,TAIFEX:CCF1!,148.0,148.5,148.0,148.0,34.0
2026-06-16 08:45:00+08:00,TAIFEX:CCF1!,147.5,147.5,144.5,145.5,1476.0
2026-06-16 09:00:00+08:00,TAIFEX:CCF1!,145.0,146.0,141.5,143.0,9048.0
2026-06-16 09:15:00+08:00,TAIFEX:CCF1!,142.5,144.0,141.0,144.0,3635.0
2026-06-16 09:30:00+08:00,TAIFEX:CCF1!,144.0,145.5,142.5,144.0,2621.0
2026-06-16 09:45:00+08:00,TAIFEX:CCF1!,144.0,144.0,142.5,143.0,1292.0
2026-06-16 10:00:00+08:00,TAIFEX:CCF1!,143.0,143.0,139.5,140.5,5216.0
2026-06-16 10:15:00+08:00,TAIFEX:CCF1!,140.5,141.5,140.0,140.5,1213.0
2026-06-16 10:30:00+08:00,TAIFEX:CCF1!,140.0,141.0,140.0,141.0,592.0
2026-06-16 10:45:00+08:00,TAIFEX:CCF1!,141.0,141.0,140.0,140.5,834.0
2026-06-16 11:00:00+08:00,TAIFEX:CCF1!,140.5,141.0,139.5,139.5,491.0
2026-06-16 11:15:00+08:00,TAIFEX:CCF1!,139.5,140.0,139.0,139.5,1139.0
2026-06-16 11:30:00+08:00,TAIFEX:CCF1!,139.5,141.0,139.5,141.0,697.0
2026-06-16 11:45:00+08:00,TAIFEX:CCF1!,141.0,142.0,140.5,141.5,593.0
2026-06-16 12:00:00+08:00,TAIFEX:CCF1!,141.0,141.5,140.5,140.5,651.0
2026-06-16 12:15:00+08:00,TAIFEX:CCF1!,140.5,141.5,140.5,141.0,870.0
2026-06-16 12:30:00+08:00,TAIFEX:CCF1!,141.0,141.0,140.5,140.5,114.0
2026-06-16 12:45:00+08:00,TAIFEX:CCF1!,140.5,141.0,140.0,140.5,667.0
2026-06-16 13:00:00+08:00,TAIFEX:CCF1!,140.5,141.0,139.5,140.5,1103.0
2026-06-16 13:15:00+08:00,TAIFEX:CCF1!,140.5,140.5,140.0,140.5,507.0
2026-06-16 13:30:00+08:00,TAIFEX:CCF1!,141.0,141.5,140.5,141.5,326.0
2026-06-16 17:25:00+08:00,TAIFEX:CCF1!,143.5,144.5,143.5,144.0,192.0
2026-06-16 17:40:00+08:00,TAIFEX:CCF1!,144.0,144.5,144.0,144.0,76.0
2026-06-16 17:55:00+08:00,TAIFEX:CCF1!,144.0,144.5,144.0,144.5,45.0
2026-06-16 18:10:00+08:00,TAIFEX:CCF1!,144.5,144.5,144.0,144.0,42.0
2026-06-16 18:25:00+08:00,TAIFEX:CCF1!,144.0,144.0,144.0,144.0,16.0
2026-06-16 18:40:00+08:00,TAIFEX:CCF1!,144.0,144.5,144.0,144.0,18.0
2026-06-16 18:55:00+08:00,TAIFEX:CCF1!,144.0,144.0,144.0,144.0,55.0
2026-06-16 19:10:00+08:00,TAIFEX:CCF1!,144.0,144.0,144.0,144.0,5.0
2026-06-16 19:25:00+08:00,TAIFEX:CCF1!,143.5,143.5,143.5,143.5,32.0
2026-06-16 19:40:00+08:00,TAIFEX:CCF1!,143.5,143.5,143.0,143.0,101.0
2026-06-16 19:55:00+08:00,TAIFEX:CCF1!,143.0,143.0,143.0,143.0,8.0
2026-06-16 20:10:00+08:00,TAIFEX:CCF1!,143.5,143.5,142.5,142.5,50.0
2026-06-16 20:25:00+08:00,TAIFEX:CCF1!,142.5,143.0,142.5,143.0,76.0
2026-06-16 20:40:00+08:00,TAIFEX:CCF1!,142.5,143.0,142.5,143.0,31.0
2026-06-16 20:55:00+08:00,TAIFEX:CCF1!,143.0,143.0,143.0,143.0,35.0
2026-06-16 21:10:00+08:00,TAIFEX:CCF1!,143.0,143.0,142.5,142.5,4.0
2026-06-16 21:25:00+08:00,TAIFEX:CCF1!,143.0,143.5,142.5,143.0,167.0
2026-06-16 21:40:00+08:00,TAIFEX:CCF1!,143.0,143.5,143.0,143.0,71.0
2026-06-16 21:55:00+08:00,TAIFEX:CCF1!,143.0,143.0,142.5,142.5,65.0
2026-06-16 22:10:00+08:00,TAIFEX:CCF1!,142.5,143.0,139.0,140.0,711.0
2026-06-16 22:25:00+08:00,TAIFEX:CCF1!,140.0,141.5,138.5,141.0,641.0
2026-06-16 22:40:00+08:00,TAIFEX:CCF1!,141.0,141.5,140.5,141.0,195.0
2026-06-16 22:55:00+08:00,TAIFEX:CCF1!,140.5,140.5,140.0,140.5,199.0
2026-06-16 23:10:00+08:00,TAIFEX:CCF1!,140.5,141.0,140.0,140.0,82.0
2026-06-16 23:25:00+08:00,TAIFEX:CCF1!,140.0,140.5,139.5,140.0,138.0
2026-06-16 23:40:00+08:00,TAIFEX:CCF1!,139.5,139.5,138.5,139.5,427.0
2026-06-16 23:55:00+08:00,TAIFEX:CCF1!,139.5,140.5,139.5,140.0,177.0
2026-06-17 00:10:00+08:00,TAIFEX:CCF1!,140.0,140.0,140.0,140.0,56.0
2026-06-17 00:25:00+08:00,TAIFEX:CCF1!,140.0,140.0,140.0,140.0,7.0
2026-06-17 00:40:00+08:00,TAIFEX:CCF1!,140.0,140.0,140.0,140.0,10.0
2026-06-17 00:55:00+08:00,TAIFEX:CCF1!,140.0,140.0,140.0,140.0,46.0
2026-06-17 01:10:00+08:00,TAIFEX:CCF1!,139.5,140.0,139.5,140.0,28.0
2026-06-17 01:25:00+08:00,TAIFEX:CCF1!,140.0,140.0,139.5,139.5,22.0
2026-06-17 01:40:00+08:00,TAIFEX:CCF1!,139.5,140.5,139.5,140.5,23.0
2026-06-17 01:55:00+08:00,TAIFEX:CCF1!,140.5,140.5,140.5,140.5,25.0
2026-06-17 02:10:00+08:00,TAIFEX:CCF1!,140.5,140.5,140.5,140.5,2.0
2026-06-17 02:25:00+08:00,TAIFEX:CCF1!,140.5,140.5,140.5,140.5,1.0
2026-06-17 02:40:00+08:00,TAIFEX:CCF1!,140.0,140.0,139.5,139.5,31.0
2026-06-17 02:55:00+08:00,TAIFEX:CCF1!,139.5,140.0,139.5,140.0,46.0
2026-06-17 03:10:00+08:00,TAIFEX:CCF1!,139.5,139.5,139.0,139.5,80.0
2026-06-17 03:25:00+08:00,TAIFEX:CCF1!,139.5,140.0,139.5,139.5,17.0
2026-06-17 03:40:00+08:00,TAIFEX:CCF1!,139.0,139.0,139.0,139.0,52.0
2026-06-17 03:55:00+08:00,TAIFEX:CCF1!,139.0,139.0,138.5,139.0,196.0
2026-06-17 04:10:00+08:00,TAIFEX:CCF1!,139.0,139.0,138.5,138.5,14.0
2026-06-17 04:25:00+08:00,TAIFEX:CCF1!,138.5,138.5,138.0,138.5,231.0
2026-06-17 04:40:00+08:00,TAIFEX:CCF1!,138.5,138.5,138.0,138.5,31.0
2026-06-17 04:55:00+08:00,TAIFEX:CCF1!,138.5,138.5,138.5,138.5,15.0
2026-06-17 08:45:00+08:00,TAIFEX:CCF1!,139.5,140.5,139.0,139.5,663.0
2026-06-17 09:00:00+08:00,TAIFEX:CCF1!,139.5,141.0,138.5,139.5,2906.0
2026-06-17 09:15:00+08:00,TAIFEX:CCF1!,139.5,141.5,139.0,141.0,1444.0
2026-06-17 09:30:00+08:00,TAIFEX:CCF1!,141.0,142.0,140.5,141.0,1662.0
2026-06-17 09:45:00+08:00,TAIFEX:CCF1!,141.0,144.0,141.0,142.0,2773.0
2026-06-17 10:00:00+08:00,TAIFEX:CCF1!,142.0,143.0,142.0,142.5,819.0
2026-06-17 10:15:00+08:00,TAIFEX:CCF1!,143.0,143.0,142.0,142.0,393.0
2026-06-17 10:30:00+08:00,TAIFEX:CCF1!,142.0,142.5,142.0,142.0,313.0
2026-06-17 10:45:00+08:00,TAIFEX:CCF1!,142.0,142.0,140.5,140.5,865.0
2026-06-17 11:00:00+08:00,TAIFEX:CCF1!,140.5,141.0,138.5,139.0,2253.0
2026-06-17 11:15:00+08:00,TAIFEX:CCF1!,139.0,139.5,138.0,138.5,1842.0
2026-06-17 11:30:00+08:00,TAIFEX:CCF1!,138.5,140.0,138.5,139.5,874.0
2026-06-17 11:45:00+08:00,TAIFEX:CCF1!,139.5,140.0,139.0,139.5,1019.0
2026-06-17 12:00:00+08:00,TAIFEX:CCF1!,139.0,140.0,139.0,139.5,603.0
2026-06-17 12:15:00+08:00,TAIFEX:CCF1!,139.5,142.5,139.5,142.0,2266.0
2026-06-17 12:30:00+08:00,TAIFEX:CCF1!,142.0,142.0,139.5,140.0,2247.0
2026-06-17 12:45:00+08:00,TAIFEX:CCF1!,140.0,141.0,139.5,140.0,768.0
2026-06-17 13:00:00+08:00,TAIFEX:CCF1!,140.5,141.5,140.5,141.0,1220.0
2026-06-17 13:15:00+08:00,TAIFEX:CCF1!,141.0,142.5,140.0,142.5,1573.0
2026-06-17 13:30:00+08:00,TAIFEX:CCF1!,142.5,143.5,142.0,143.0,686.0
2026-06-17 17:25:00+08:00,TAIFEX:CCF1!,142.0,144.0,142.0,144.0,455.0
2026-06-17 17:40:00+08:00,TAIFEX:CCF1!,144.0,144.0,143.0,143.0,161.0
2026-06-17 17:55:00+08:00,TAIFEX:CCF1!,143.5,143.5,142.5,142.5,177.0
2026-06-17 18:10:00+08:00,TAIFEX:CCF1!,142.5,143.0,142.5,143.0,96.0
2026-06-17 18:25:00+08:00,TAIFEX:CCF1!,143.5,143.5,143.5,143.5,66.0
2026-06-17 18:40:00+08:00,TAIFEX:CCF1!,143.5,144.0,143.5,144.0,138.0
2026-06-17 18:55:00+08:00,TAIFEX:CCF1!,144.0,144.0,143.0,143.5,87.0
2026-06-17 19:10:00+08:00,TAIFEX:CCF1!,143.5,143.5,143.0,143.0,61.0
2026-06-17 19:25:00+08:00,TAIFEX:CCF1!,143.0,143.5,143.0,143.5,80.0
2026-06-17 19:40:00+08:00,TAIFEX:CCF1!,143.5,143.5,142.5,143.0,142.0
2026-06-17 19:55:00+08:00,TAIFEX:CCF1!,143.0,143.5,143.0,143.0,51.0
2026-06-17 20:10:00+08:00,TAIFEX:CCF1!,143.0,143.5,143.0,143.5,8.0
2026-06-17 20:25:00+08:00,TAIFEX:CCF1!,143.5,143.5,143.5,143.5,77.0
2026-06-17 20:40:00+08:00,TAIFEX:CCF1!,143.5,144.0,143.5,144.0,32.0
2026-06-17 20:55:00+08:00,TAIFEX:CCF1!,144.0,144.0,143.0,143.5,127.0
2026-06-17 21:10:00+08:00,TAIFEX:CCF1!,143.5,143.5,143.0,143.5,102.0
2026-06-17 21:25:00+08:00,TAIFEX:CCF1!,143.5,143.5,143.0,143.0,381.0
2026-06-17 21:40:00+08:00,TAIFEX:CCF1!,143.0,143.5,143.0,143.5,36.0
2026-06-17 21:55:00+08:00,TAIFEX:CCF1!,143.5,143.5,142.5,143.0,181.0
2026-06-17 22:10:00+08:00,TAIFEX:CCF1!,143.0,143.5,142.5,143.0,118.0
2026-06-17 22:25:00+08:00,TAIFEX:CCF1!,143.0,144.0,143.0,143.5,288.0
2026-06-17 22:40:00+08:00,TAIFEX:CCF1!,143.5,143.5,143.0,143.5,298.0
2026-06-17 22:55:00+08:00,TAIFEX:CCF1!,143.0,143.5,143.0,143.5,160.0
2026-06-17 23:10:00+08:00,TAIFEX:CCF1!,143.5,143.5,143.0,143.0,3.0
2026-06-17 23:25:00+08:00,TAIFEX:CCF1!,143.0,143.5,143.0,143.5,130.0
2026-06-17 23:40:00+08:00,TAIFEX:CCF1!,143.5,143.5,143.0,143.5,184.0
2026-06-17 23:55:00+08:00,TAIFEX:CCF1!,143.5,144.0,143.5,144.0,26.0
2026-06-18 00:10:00+08:00,TAIFEX:CCF1!,143.5,143.5,143.5,143.5,130.0
2026-06-18 00:25:00+08:00,TAIFEX:CCF1!,144.0,144.0,143.5,144.0,50.0
2026-06-18 00:40:00+08:00,TAIFEX:CCF1!,144.0,144.0,143.0,143.5,112.0
2026-06-18 00:55:00+08:00,TAIFEX:CCF1!,143.5,143.5,143.5,143.5,25.0
2026-06-18 01:10:00+08:00,TAIFEX:CCF1!,143.5,144.0,143.5,144.0,38.0
2026-06-18 01:25:00+08:00,TAIFEX:CCF1!,143.5,143.5,143.5,143.5,19.0
2026-06-18 01:40:00+08:00,TAIFEX:CCF1!,143.5,144.0,143.5,144.0,34.0
2026-06-18 01:55:00+08:00,TAIFEX:CCF1!,144.0,144.0,142.0,143.0,626.0
2026-06-18 02:10:00+08:00,TAIFEX:CCF1!,143.0,143.5,142.5,143.0,93.0
2026-06-18 02:25:00+08:00,TAIFEX:CCF1!,142.5,143.5,142.5,143.5,197.0
2026-06-18 02:40:00+08:00,TAIFEX:CCF1!,143.5,144.5,143.5,144.5,310.0
2026-06-18 02:55:00+08:00,TAIFEX:CCF1!,144.0,144.0,143.5,143.5,98.0
2026-06-18 03:10:00+08:00,TAIFEX:CCF1!,143.5,143.5,142.0,142.0,240.0
2026-06-18 03:25:00+08:00,TAIFEX:CCF1!,142.5,142.5,141.5,141.5,179.0
2026-06-18 03:40:00+08:00,TAIFEX:CCF1!,141.5,142.5,141.0,141.0,340.0
2026-06-18 03:55:00+08:00,TAIFEX:CCF1!,141.5,141.5,141.0,141.5,81.0
2026-06-18 04:10:00+08:00,TAIFEX:CCF1!,142.0,142.5,141.5,142.5,29.0
2026-06-18 04:25:00+08:00,TAIFEX:CCF1!,142.0,142.0,141.5,142.0,53.0
2026-06-18 04:40:00+08:00,TAIFEX:CCF1!,142.0,142.0,141.5,142.0,24.0
2026-06-18 04:55:00+08:00,TAIFEX:CCF1!,142.0,142.0,142.0,142.0,1.0
2026-06-18 08:45:00+08:00,TAIFEX:CCF1!,143.5,143.5,141.5,142.0,1493.0
2026-06-18 09:00:00+08:00,TAIFEX:CCF1!,142.0,144.5,140.5,141.5,5094.0
2026-06-18 09:15:00+08:00,TAIFEX:CCF1!,141.5,144.0,141.0,142.5,3119.0
2026-06-18 09:30:00+08:00,TAIFEX:CCF1!,142.5,144.5,142.5,143.5,3240.0
2026-06-18 09:45:00+08:00,TAIFEX:CCF1!,143.5,143.5,141.5,142.0,2147.0
2026-06-18 10:00:00+08:00,TAIFEX:CCF1!,142.0,142.0,140.5,141.0,1812.0
2026-06-18 10:15:00+08:00,TAIFEX:CCF1!,141.0,141.5,140.5,141.0,1385.0
2026-06-18 10:30:00+08:00,TAIFEX:CCF1!,141.0,143.5,141.0,143.5,2452.0
2026-06-18 10:45:00+08:00,TAIFEX:CCF1!,143.0,143.5,142.0,142.5,2268.0
2026-06-18 11:00:00+08:00,TAIFEX:CCF1!,142.5,143.0,142.0,142.0,813.0
2026-06-18 11:15:00+08:00,TAIFEX:CCF1!,142.0,144.5,142.0,143.5,2663.0
2026-06-18 11:30:00+08:00,TAIFEX:CCF1!,143.5,144.0,143.0,143.0,589.0
2026-06-18 11:45:00+08:00,TAIFEX:CCF1!,143.0,143.5,142.5,143.0,980.0
2026-06-18 12:00:00+08:00,TAIFEX:CCF1!,143.0,144.0,142.5,143.5,970.0
2026-06-18 12:15:00+08:00,TAIFEX:CCF1!,143.5,147.0,143.0,146.0,3558.0
2026-06-18 12:30:00+08:00,TAIFEX:CCF1!,146.0,146.5,145.5,146.0,2921.0
2026-06-18 12:45:00+08:00,TAIFEX:CCF1!,146.0,147.5,146.0,146.5,3159.0
2026-06-18 13:00:00+08:00,TAIFEX:CCF1!,146.5,148.5,146.0,148.0,3712.0
2026-06-18 13:15:00+08:00,TAIFEX:CCF1!,147.5,149.5,147.5,148.0,4318.0
2026-06-18 13:30:00+08:00,TAIFEX:CCF1!,148.5,149.5,148.0,149.5,1580.0
2026-06-18 17:25:00+08:00,TAIFEX:CCF1!,152.5,154.0,151.5,153.5,1303.0
2026-06-18 17:40:00+08:00,TAIFEX:CCF1!,153.0,153.5,152.5,153.5,277.0
2026-06-18 17:55:00+08:00,TAIFEX:CCF1!,153.5,153.5,153.0,153.0,212.0
2026-06-18 18:10:00+08:00,TAIFEX:CCF1!,153.5,153.5,153.0,153.5,85.0
2026-06-18 18:25:00+08:00,TAIFEX:CCF1!,153.5,153.5,153.0,153.0,265.0
2026-06-18 18:40:00+08:00,TAIFEX:CCF1!,153.0,153.5,152.5,153.0,146.0
2026-06-18 18:55:00+08:00,TAIFEX:CCF1!,153.0,153.0,152.5,153.0,96.0
2026-06-18 19:10:00+08:00,TAIFEX:CCF1!,153.0,153.0,152.5,153.0,43.0
2026-06-18 19:25:00+08:00,TAIFEX:CCF1!,153.0,153.0,152.5,152.5,128.0
2026-06-18 19:40:00+08:00,TAIFEX:CCF1!,152.5,153.5,152.5,152.5,383.0
2026-06-18 19:55:00+08:00,TAIFEX:CCF1!,152.5,153.0,152.5,153.0,28.0
2026-06-18 20:10:00+08:00,TAIFEX:CCF1!,153.0,153.5,152.5,153.5,233.0
2026-06-18 20:25:00+08:00,TAIFEX:CCF1!,153.5,154.0,153.5,154.0,103.0
2026-06-18 20:40:00+08:00,TAIFEX:CCF1!,154.0,154.5,153.5,154.0,490.0
2026-06-18 20:55:00+08:00,TAIFEX:CCF1!,154.0,154.5,154.0,154.0,163.0
2026-06-18 21:10:00+08:00,TAIFEX:CCF1!,154.0,154.5,153.5,154.0,189.0
2026-06-18 21:25:00+08:00,TAIFEX:CCF1!,154.0,154.0,152.0,153.0,1370.0
2026-06-18 21:40:00+08:00,TAIFEX:CCF1!,153.0,153.5,152.5,153.0,427.0
2026-06-18 21:55:00+08:00,TAIFEX:CCF1!,153.0,153.0,152.5,153.0,372.0
2026-06-18 22:10:00+08:00,TAIFEX:CCF1!,153.0,154.0,153.0,153.5,428.0
2026-06-18 22:25:00+08:00,TAIFEX:CCF1!,153.5,153.5,152.5,153.0,422.0
2026-06-18 22:40:00+08:00,TAIFEX:CCF1!,153.5,154.0,153.0,154.0,246.0
2026-06-18 22:55:00+08:00,TAIFEX:CCF1!,154.0,154.5,153.5,154.5,384.0
2026-06-18 23:10:00+08:00,TAIFEX:CCF1!,154.5,154.5,153.5,153.5,430.0
2026-06-18 23:25:00+08:00,TAIFEX:CCF1!,153.5,154.0,152.5,153.0,465.0
2026-06-18 23:40:00+08:00,TAIFEX:CCF1!,153.0,153.5,153.0,153.5,366.0
2026-06-18 23:55:00+08:00,TAIFEX:CCF1!,153.5,154.0,153.5,154.0,38.0
2026-06-19 00:10:00+08:00,TAIFEX:CCF1!,154.0,154.0,153.5,154.0,167.0
2026-06-19 00:25:00+08:00,TAIFEX:CCF1!,153.5,154.5,153.5,154.5,483.0
2026-06-19 00:40:00+08:00,TAIFEX:CCF1!,154.5,154.5,154.0,154.0,94.0
2026-06-19 00:55:00+08:00,TAIFEX:CCF1!,154.0,154.5,154.0,154.5,47.0
2026-06-19 01:10:00+08:00,TAIFEX:CCF1!,154.5,156.0,154.5,155.5,363.0
2026-06-19 01:25:00+08:00,TAIFEX:CCF1!,155.5,156.0,155.0,155.5,217.0
2026-06-19 01:40:00+08:00,TAIFEX:CCF1!,155.5,155.5,155.5,155.5,114.0
2026-06-19 01:55:00+08:00,TAIFEX:CCF1!,155.5,155.5,155.0,155.0,226.0
2026-06-19 02:10:00+08:00,TAIFEX:CCF1!,155.0,155.0,154.5,155.0,122.0
2026-06-19 02:25:00+08:00,TAIFEX:CCF1!,155.0,155.0,155.0,155.0,39.0
2026-06-19 02:40:00+08:00,TAIFEX:CCF1!,154.5,155.0,154.0,155.0,251.0
2026-06-19 02:55:00+08:00,TAIFEX:CCF1!,154.5,155.0,154.5,154.5,77.0
2026-06-19 03:10:00+08:00,TAIFEX:CCF1!,154.5,155.0,154.5,155.0,93.0
2026-06-19 03:25:00+08:00,TAIFEX:CCF1!,154.5,155.5,154.5,155.5,186.0
2026-06-19 03:40:00+08:00,TAIFEX:CCF1!,155.5,156.5,155.5,156.5,354.0
2026-06-19 03:55:00+08:00,TAIFEX:CCF1!,156.5,157.0,156.0,156.5,101.0
2026-06-19 04:10:00+08:00,TAIFEX:CCF1!,156.5,156.5,156.5,156.5,44.0
2026-06-19 04:25:00+08:00,TAIFEX:CCF1!,156.5,157.0,156.5,157.0,128.0
2026-06-19 04:40:00+08:00,TAIFEX:CCF1!,157.0,157.5,156.5,157.5,126.0
2026-06-19 04:55:00+08:00,TAIFEX:CCF1!,157.5,157.5,157.0,157.0,149.0
2026-06-22 08:45:00+08:00,TAIFEX:CCF1!,164.0,164.0,164.0,164.0,1337.0
2026-06-22 09:00:00+08:00,TAIFEX:CCF1!,164.0,164.0,164.0,164.0,348.0
2026-06-22 09:15:00+08:00,TAIFEX:CCF1!,164.0,164.0,164.0,164.0,51.0
2026-06-22 09:30:00+08:00,TAIFEX:CCF1!,164.0,164.0,164.0,164.0,12.0
2026-06-22 09:45:00+08:00,TAIFEX:CCF1!,164.0,164.0,164.0,164.0,17.0
2026-06-22 10:00:00+08:00,TAIFEX:CCF1!,164.0,164.0,164.0,164.0,11.0
2026-06-22 10:15:00+08:00,TAIFEX:CCF1!,164.0,164.0,164.0,164.0,8.0
2026-06-22 10:30:00+08:00,TAIFEX:CCF1!,164.0,164.0,164.0,164.0,6.0
2026-06-22 10:45:00+08:00,TAIFEX:CCF1!,164.0,164.0,164.0,164.0,5.0
2026-06-22 11:00:00+08:00,TAIFEX:CCF1!,164.0,164.0,164.0,164.0,2.0
2026-06-22 11:15:00+08:00,TAIFEX:CCF1!,164.0,164.0,164.0,164.0,12.0
2026-06-22 11:30:00+08:00,TAIFEX:CCF1!,164.0,164.0,164.0,164.0,1.0
2026-06-22 11:45:00+08:00,TAIFEX:CCF1!,164.0,164.0,164.0,164.0,1.0
2026-06-22 12:00:00+08:00,TAIFEX:CCF1!,164.0,164.0,164.0,164.0,7.0
2026-06-22 12:15:00+08:00,TAIFEX:CCF1!,164.0,164.0,164.0,164.0,2.0
2026-06-22 12:30:00+08:00,TAIFEX:CCF1!,164.0,164.0,164.0,164.0,3.0
2026-06-22 12:45:00+08:00,TAIFEX:CCF1!,164.0,164.0,164.0,164.0,45.0
2026-06-22 13:00:00+08:00,TAIFEX:CCF1!,164.0,164.0,164.0,164.0,1.0
2026-06-22 13:15:00+08:00,TAIFEX:CCF1!,164.0,164.0,164.0,164.0,1.0
2026-06-22 13:30:00+08:00,TAIFEX:CCF1!,164.0,164.0,164.0,164.0,63.0
2026-06-22 17:25:00+08:00,TAIFEX:CCF1!,176.0,179.0,176.0,177.5,4744.0
2026-06-22 17:40:00+08:00,TAIFEX:CCF1!,177.5,178.0,176.5,177.5,1115.0
2026-06-22 17:55:00+08:00,TAIFEX:CCF1!,177.5,178.0,177.0,178.0,736.0
2026-06-22 18:10:00+08:00,TAIFEX:CCF1!,178.0,178.5,178.0,178.0,505.0
2026-06-22 18:25:00+08:00,TAIFEX:CCF1!,178.0,178.5,177.5,178.0,546.0
2026-06-22 18:40:00+08:00,TAIFEX:CCF1!,177.5,178.0,177.5,178.0,359.0
2026-06-22 18:55:00+08:00,TAIFEX:CCF1!,177.5,179.5,177.5,179.5,1125.0
2026-06-22 19:10:00+08:00,TAIFEX:CCF1!,179.5,179.5,177.5,178.5,1265.0
2026-06-22 19:25:00+08:00,TAIFEX:CCF1!,179.0,179.0,178.5,179.0,117.0
2026-06-22 19:40:00+08:00,TAIFEX:CCF1!,179.0,179.0,178.5,178.5,509.0
2026-06-22 19:55:00+08:00,TAIFEX:CCF1!,179.0,179.0,178.5,179.0,101.0
2026-06-22 20:10:00+08:00,TAIFEX:CCF1!,179.0,179.5,178.5,179.5,332.0
2026-06-22 20:25:00+08:00,TAIFEX:CCF1!,179.5,179.5,179.0,179.0,189.0
2026-06-22 20:40:00+08:00,TAIFEX:CCF1!,179.5,179.5,179.0,179.5,181.0
2026-06-22 20:55:00+08:00,TAIFEX:CCF1!,179.5,179.5,178.5,178.5,647.0
2026-06-22 21:10:00+08:00,TAIFEX:CCF1!,178.5,179.0,178.5,178.5,45.0
2026-06-22 21:25:00+08:00,TAIFEX:CCF1!,179.0,180.0,177.5,179.5,1868.0
2026-06-22 21:40:00+08:00,TAIFEX:CCF1!,179.5,179.5,178.0,179.0,1102.0
2026-06-22 21:55:00+08:00,TAIFEX:CCF1!,179.5,180.0,179.0,180.0,1465.0
2026-06-22 22:10:00+08:00,TAIFEX:CCF1!,180.0,180.0,179.0,179.5,3154.0
2026-06-22 22:25:00+08:00,TAIFEX:CCF1!,179.5,179.5,178.5,179.0,576.0
2026-06-22 22:40:00+08:00,TAIFEX:CCF1!,179.0,179.5,178.5,179.0,274.0
2026-06-22 22:55:00+08:00,TAIFEX:CCF1!,179.0,180.0,179.0,180.0,1166.0
2026-06-22 23:10:00+08:00,TAIFEX:CCF1!,179.5,180.0,179.5,180.0,641.0
2026-06-22 23:25:00+08:00,TAIFEX:CCF1!,180.0,180.0,179.5,179.5,328.0
2026-06-22 23:40:00+08:00,TAIFEX:CCF1!,179.5,180.0,179.5,179.5,62.0
2026-06-22 23:55:00+08:00,TAIFEX:CCF1!,180.0,180.0,178.5,178.5,1350.0
2026-06-23 00:10:00+08:00,TAIFEX:CCF1!,178.5,179.5,178.5,179.5,214.0
2026-06-23 00:25:00+08:00,TAIFEX:CCF1!,179.5,179.5,178.5,179.0,212.0
2026-06-23 00:40:00+08:00,TAIFEX:CCF1!,179.0,179.5,178.5,179.5,365.0
2026-06-23 00:55:00+08:00,TAIFEX:CCF1!,179.0,179.5,179.0,179.0,111.0
2026-06-23 01:10:00+08:00,TAIFEX:CCF1!,179.0,179.5,179.0,179.5,145.0
2026-06-23 01:25:00+08:00,TAIFEX:CCF1!,179.5,179.5,179.0,179.0,78.0
2026-06-23 01:40:00+08:00,TAIFEX:CCF1!,179.0,179.0,178.5,179.0,46.0
2026-06-23 01:55:00+08:00,TAIFEX:CCF1!,179.5,179.5,179.0,179.0,8.0
2026-06-23 02:10:00+08:00,TAIFEX:CCF1!,179.0,179.5,179.0,179.5,12.0
2026-06-23 02:25:00+08:00,TAIFEX:CCF1!,179.5,179.5,179.0,179.0,26.0
2026-06-23 02:40:00+08:00,TAIFEX:CCF1!,179.0,179.5,179.0,179.0,73.0
2026-06-23 02:55:00+08:00,TAIFEX:CCF1!,179.0,179.0,179.0,179.0,61.0
2026-06-23 03:10:00+08:00,TAIFEX:CCF1!,179.0,179.0,179.0,179.0,38.0
2026-06-23 03:25:00+08:00,TAIFEX:CCF1!,179.0,179.0,178.5,178.5,38.0
2026-06-23 03:40:00+08:00,TAIFEX:CCF1!,178.5,179.0,178.0,178.0,327.0
2026-06-23 03:55:00+08:00,TAIFEX:CCF1!,178.0,179.0,178.0,179.0,80.0
2026-06-23 04:10:00+08:00,TAIFEX:CCF1!,179.0,179.0,179.0,179.0,10.0
2026-06-23 04:25:00+08:00,TAIFEX:CCF1!,179.0,179.0,178.5,179.0,19.0
2026-06-23 04:40:00+08:00,TAIFEX:CCF1!,179.0,179.5,179.0,179.0,17.0
2026-06-23 04:55:00+08:00,TAIFEX:CCF1!,179.5,179.5,178.0,178.5,101.0
2026-06-23 08:45:00+08:00,TAIFEX:CCF1!,178.0,180.0,175.0,176.0,8351.0
2026-06-23 09:00:00+08:00,TAIFEX:CCF1!,176.0,180.0,174.0,176.5,14853.0
2026-06-23 09:15:00+08:00,TAIFEX:CCF1!,176.5,177.5,170.5,177.5,17170.0
2026-06-23 09:30:00+08:00,TAIFEX:CCF1!,177.0,178.5,172.5,173.0,4804.0
2026-06-23 09:45:00+08:00,TAIFEX:CCF1!,173.0,174.5,169.0,174.0,9620.0
2026-06-23 10:00:00+08:00,TAIFEX:CCF1!,174.0,175.5,172.5,174.0,3528.0
2026-06-23 10:15:00+08:00,TAIFEX:CCF1!,174.0,178.0,172.0,176.5,8418.0
2026-06-23 10:30:00+08:00,TAIFEX:CCF1!,177.0,177.5,175.0,177.0,1974.0
2026-06-23 10:45:00+08:00,TAIFEX:CCF1!,177.0,177.0,172.5,173.0,2539.0
2026-06-23 11:00:00+08:00,TAIFEX:CCF1!,173.0,173.5,171.5,173.5,3454.0
2026-06-23 11:15:00+08:00,TAIFEX:CCF1!,173.0,174.0,172.0,173.0,1905.0
2026-06-23 11:30:00+08:00,TAIFEX:CCF1!,172.5,173.0,169.5,171.5,5436.0
2026-06-23 11:45:00+08:00,TAIFEX:CCF1!,172.0,175.0,171.5,174.5,3631.0
2026-06-23 12:00:00+08:00,TAIFEX:CCF1!,174.5,174.5,172.0,173.0,3271.0
2026-06-23 12:15:00+08:00,TAIFEX:CCF1!,173.0,176.0,172.0,175.5,3017.0
2026-06-23 12:30:00+08:00,TAIFEX:CCF1!,175.5,175.5,173.0,174.5,1555.0
2026-06-23 12:45:00+08:00,TAIFEX:CCF1!,174.5,175.0,172.5,173.5,2533.0
2026-06-23 13:00:00+08:00,TAIFEX:CCF1!,173.0,175.0,173.0,175.0,1494.0
2026-06-23 13:15:00+08:00,TAIFEX:CCF1!,174.5,175.0,172.5,173.0,1600.0
2026-06-23 13:30:00+08:00,TAIFEX:CCF1!,173.0,173.5,171.0,171.0,1730.0
2026-06-23 17:25:00+08:00,TAIFEX:CCF1!,166.5,167.5,162.5,164.5,2267.0
2026-06-23 17:40:00+08:00,TAIFEX:CCF1!,164.5,166.0,162.5,166.0,1189.0
2026-06-23 17:55:00+08:00,TAIFEX:CCF1!,166.0,166.5,165.5,166.0,872.0
2026-06-23 18:10:00+08:00,TAIFEX:CCF1!,166.0,166.0,165.0,165.0,384.0
2026-06-23 18:25:00+08:00,TAIFEX:CCF1!,164.5,164.5,161.5,162.0,955.0
2026-06-23 18:40:00+08:00,TAIFEX:CCF1!,162.0,164.0,161.0,164.0,574.0
2026-06-23 18:55:00+08:00,TAIFEX:CCF1!,164.0,165.0,163.5,164.5,245.0
2026-06-23 19:10:00+08:00,TAIFEX:CCF1!,164.5,165.5,164.5,165.5,271.0
2026-06-23 19:25:00+08:00,TAIFEX:CCF1!,165.5,166.5,164.5,166.0,228.0
2026-06-23 19:40:00+08:00,TAIFEX:CCF1!,166.0,168.5,166.0,168.5,939.0
2026-06-23 19:55:00+08:00,TAIFEX:CCF1!,168.5,169.5,168.0,168.0,581.0
2026-06-23 20:10:00+08:00,TAIFEX:CCF1!,168.0,168.5,167.0,167.5,262.0
2026-06-23 20:25:00+08:00,TAIFEX:CCF1!,167.0,168.5,166.5,167.0,264.0
2026-06-23 20:40:00+08:00,TAIFEX:CCF1!,167.0,168.0,167.0,167.5,181.0
2026-06-23 20:55:00+08:00,TAIFEX:CCF1!,167.5,167.5,166.0,166.0,289.0
2026-06-23 21:10:00+08:00,TAIFEX:CCF1!,166.0,167.5,165.5,167.5,345.0
2026-06-23 21:25:00+08:00,TAIFEX:CCF1!,167.5,169.5,166.5,168.5,1665.0
2026-06-23 21:40:00+08:00,TAIFEX:CCF1!,168.5,171.0,167.0,170.5,1100.0
2026-06-23 21:55:00+08:00,TAIFEX:CCF1!,170.5,173.5,170.0,172.0,1805.0
2026-06-23 22:10:00+08:00,TAIFEX:CCF1!,171.5,173.0,171.5,171.5,617.0
2026-06-23 22:25:00+08:00,TAIFEX:CCF1!,172.0,172.0,170.0,170.5,706.0
2026-06-23 22:40:00+08:00,TAIFEX:CCF1!,170.5,170.5,169.0,169.5,616.0
2026-06-23 22:55:00+08:00,TAIFEX:CCF1!,169.5,171.0,169.5,169.5,340.0
2026-06-23 23:10:00+08:00,TAIFEX:CCF1!,170.0,171.0,169.0,169.5,993.0
2026-06-23 23:25:00+08:00,TAIFEX:CCF1!,169.5,170.5,169.0,170.0,515.0
2026-06-23 23:40:00+08:00,TAIFEX:CCF1!,170.0,171.5,169.5,171.5,329.0
2026-06-23 23:55:00+08:00,TAIFEX:CCF1!,171.5,172.5,171.0,172.0,425.0
2026-06-24 00:10:00+08:00,TAIFEX:CCF1!,172.5,173.0,171.5,172.0,631.0
2026-06-24 00:25:00+08:00,TAIFEX:CCF1!,172.0,172.5,171.5,172.5,346.0
2026-06-24 00:40:00+08:00,TAIFEX:CCF1!,172.5,173.5,172.5,172.5,331.0
2026-06-24 00:55:00+08:00,TAIFEX:CCF1!,172.5,172.5,172.0,172.5,75.0
2026-06-24 01:10:00+08:00,TAIFEX:CCF1!,172.5,173.5,172.5,173.0,170.0
2026-06-24 01:25:00+08:00,TAIFEX:CCF1!,173.5,173.5,172.5,173.0,103.0
2026-06-24 01:40:00+08:00,TAIFEX:CCF1!,173.0,173.0,171.5,171.5,223.0
2026-06-24 01:55:00+08:00,TAIFEX:CCF1!,171.5,171.5,171.5,171.5,50.0
2026-06-24 02:10:00+08:00,TAIFEX:CCF1!,171.0,171.5,171.0,171.5,53.0
2026-06-24 02:25:00+08:00,TAIFEX:CCF1!,171.5,171.5,171.0,171.0,50.0
2026-06-24 02:40:00+08:00,TAIFEX:CCF1!,170.5,171.0,169.5,169.5,315.0
2026-06-24 02:55:00+08:00,TAIFEX:CCF1!,170.0,171.0,169.5,170.0,137.0
2026-06-24 03:10:00+08:00,TAIFEX:CCF1!,170.0,170.5,169.5,170.5,64.0
2026-06-24 03:25:00+08:00,TAIFEX:CCF1!,170.0,170.5,170.0,170.5,71.0
2026-06-24 03:40:00+08:00,TAIFEX:CCF1!,170.5,170.5,169.5,170.0,112.0
2026-06-24 03:55:00+08:00,TAIFEX:CCF1!,170.0,170.5,169.5,170.0,95.0
2026-06-24 04:10:00+08:00,TAIFEX:CCF1!,170.0,170.5,170.0,170.0,17.0
2026-06-24 04:25:00+08:00,TAIFEX:CCF1!,170.0,170.5,170.0,170.0,50.0
2026-06-24 04:40:00+08:00,TAIFEX:CCF1!,170.0,170.5,170.0,170.0,54.0
2026-06-24 04:55:00+08:00,TAIFEX:CCF1!,169.5,170.5,169.5,169.5,64.0
2026-06-24 08:45:00+08:00,TAIFEX:CCF1!,174.5,183.0,173.5,175.0,8297.0
2026-06-24 09:00:00+08:00,TAIFEX:CCF1!,175.0,178.0,168.0,172.5,15334.0
2026-06-24 09:15:00+08:00,TAIFEX:CCF1!,172.5,177.0,171.5,175.0,7957.0
2026-06-24 09:30:00+08:00,TAIFEX:CCF1!,175.0,183.5,173.5,179.5,9095.0
2026-06-24 09:45:00+08:00,TAIFEX:CCF1!,179.5,188.5,179.5,186.5,12165.0
2026-06-24 10:00:00+08:00,TAIFEX:CCF1!,186.5,187.5,178.5,179.5,8416.0
2026-06-24 10:15:00+08:00,TAIFEX:CCF1!,179.5,181.5,176.0,181.5,8841.0
2026-06-24 10:30:00+08:00,TAIFEX:CCF1!,181.0,181.5,176.0,176.0,5386.0
2026-06-24 10:45:00+08:00,TAIFEX:CCF1!,176.0,177.0,173.5,174.0,4841.0
2026-06-24 11:00:00+08:00,TAIFEX:CCF1!,174.0,176.5,172.0,176.0,5489.0
2026-06-24 11:15:00+08:00,TAIFEX:CCF1!,176.0,177.5,174.5,177.5,3972.0
2026-06-24 11:30:00+08:00,TAIFEX:CCF1!,177.5,178.5,176.5,177.0,2825.0
2026-06-24 11:45:00+08:00,TAIFEX:CCF1!,177.0,178.5,176.0,178.0,1848.0
2026-06-24 12:00:00+08:00,TAIFEX:CCF1!,178.0,178.5,175.5,176.0,2274.0
2026-06-24 12:15:00+08:00,TAIFEX:CCF1!,176.5,177.0,175.5,176.5,879.0
2026-06-24 12:30:00+08:00,TAIFEX:CCF1!,176.5,181.0,176.5,180.5,3750.0
2026-06-24 12:45:00+08:00,TAIFEX:CCF1!,180.5,182.0,179.0,181.0,4147.0
2026-06-24 13:00:00+08:00,TAIFEX:CCF1!,181.0,182.0,180.5,181.5,2686.0
2026-06-24 13:15:00+08:00,TAIFEX:CCF1!,181.5,182.5,180.0,181.0,1972.0
2026-06-24 13:30:00+08:00,TAIFEX:CCF1!,180.5,182.0,180.0,181.5,943.0
2026-06-24 17:25:00+08:00,TAIFEX:CCF1!,177.5,178.5,174.0,174.0,1390.0
2026-06-24 17:40:00+08:00,TAIFEX:CCF1!,174.0,175.0,172.5,174.5,951.0
2026-06-24 17:55:00+08:00,TAIFEX:CCF1!,174.5,175.0,173.5,174.5,491.0
2026-06-24 18:10:00+08:00,TAIFEX:CCF1!,174.5,176.5,174.5,176.5,512.0
2026-06-24 18:25:00+08:00,TAIFEX:CCF1!,176.5,177.5,176.0,177.0,330.0
2026-06-24 18:40:00+08:00,TAIFEX:CCF1!,177.0,177.5,176.0,176.5,265.0
2026-06-24 18:55:00+08:00,TAIFEX:CCF1!,176.5,177.0,175.5,176.0,323.0
2026-06-24 19:10:00+08:00,TAIFEX:CCF1!,176.0,177.0,175.5,176.0,314.0
2026-06-24 19:25:00+08:00,TAIFEX:CCF1!,176.0,176.0,173.0,175.0,905.0
2026-06-24 19:40:00+08:00,TAIFEX:CCF1!,175.0,175.5,174.0,175.0,432.0
2026-06-24 19:55:00+08:00,TAIFEX:CCF1!,175.0,175.5,174.5,175.0,190.0
2026-06-24 20:10:00+08:00,TAIFEX:CCF1!,174.5,175.0,174.0,174.5,231.0
2026-06-24 20:25:00+08:00,TAIFEX:CCF1!,174.5,174.5,173.5,173.5,401.0
2026-06-24 20:40:00+08:00,TAIFEX:CCF1!,173.5,174.5,173.5,174.0,191.0
2026-06-24 20:55:00+08:00,TAIFEX:CCF1!,173.5,174.0,173.5,173.5,306.0
2026-06-24 21:10:00+08:00,TAIFEX:CCF1!,173.5,174.0,172.5,173.0,774.0
2026-06-24 21:25:00+08:00,TAIFEX:CCF1!,173.0,177.5,173.0,174.5,2103.0
2026-06-24 21:40:00+08:00,TAIFEX:CCF1!,174.0,177.0,172.0,176.5,3122.0
2026-06-24 21:55:00+08:00,TAIFEX:CCF1!,176.5,177.0,175.0,176.5,982.0
2026-06-24 22:10:00+08:00,TAIFEX:CCF1!,176.5,177.0,174.5,176.5,1004.0
2026-06-24 22:25:00+08:00,TAIFEX:CCF1!,177.0,179.5,177.0,178.5,1427.0
2026-06-24 22:40:00+08:00,TAIFEX:CCF1!,178.5,181.5,178.0,180.5,1293.0
2026-06-24 22:55:00+08:00,TAIFEX:CCF1!,180.5,182.5,180.0,181.0,1507.0
2026-06-24 23:10:00+08:00,TAIFEX:CCF1!,181.0,182.5,181.0,181.0,703.0
2026-06-24 23:25:00+08:00,TAIFEX:CCF1!,181.0,183.5,181.0,182.5,1150.0
2026-06-24 23:40:00+08:00,TAIFEX:CCF1!,182.5,183.0,182.0,183.0,668.0
2026-06-24 23:55:00+08:00,TAIFEX:CCF1!,183.0,184.0,183.0,183.5,355.0
2026-06-25 00:10:00+08:00,TAIFEX:CCF1!,183.5,185.0,183.5,184.5,412.0
2026-06-25 00:25:00+08:00,TAIFEX:CCF1!,184.5,184.5,182.0,182.0,460.0
2026-06-25 00:40:00+08:00,TAIFEX:CCF1!,182.0,182.5,181.5,181.5,604.0
2026-06-25 00:55:00+08:00,TAIFEX:CCF1!,181.5,182.0,180.0,180.5,431.0
2026-06-25 01:10:00+08:00,TAIFEX:CCF1!,180.5,180.5,178.0,178.5,553.0
2026-06-25 01:25:00+08:00,TAIFEX:CCF1!,178.0,179.5,177.0,179.0,793.0
2026-06-25 01:40:00+08:00,TAIFEX:CCF1!,179.0,180.0,178.0,179.0,276.0
2026-06-25 01:55:00+08:00,TAIFEX:CCF1!,179.5,180.0,179.0,180.0,436.0
2026-06-25 02:10:00+08:00,TAIFEX:CCF1!,180.0,181.0,179.5,181.0,312.0
2026-06-25 02:25:00+08:00,TAIFEX:CCF1!,181.5,181.5,179.5,179.5,274.0
2026-06-25 02:40:00+08:00,TAIFEX:CCF1!,179.5,180.0,179.0,180.0,161.0
2026-06-25 02:55:00+08:00,TAIFEX:CCF1!,180.0,180.0,178.5,179.0,209.0
2026-06-25 03:10:00+08:00,TAIFEX:CCF1!,178.5,179.0,178.5,179.0,88.0
2026-06-25 03:25:00+08:00,TAIFEX:CCF1!,179.5,180.0,179.0,179.5,78.0
2026-06-25 03:40:00+08:00,TAIFEX:CCF1!,179.5,180.5,179.0,180.0,81.0
2026-06-25 03:55:00+08:00,TAIFEX:CCF1!,180.0,182.5,180.0,182.5,340.0
2026-06-25 04:10:00+08:00,TAIFEX:CCF1!,182.5,184.0,182.0,184.0,292.0
2026-06-25 04:25:00+08:00,TAIFEX:CCF1!,184.0,185.0,184.0,185.0,458.0
2026-06-25 04:40:00+08:00,TAIFEX:CCF1!,185.0,187.0,185.0,187.0,307.0
2026-06-25 04:55:00+08:00,TAIFEX:CCF1!,187.0,189.0,187.0,189.0,317.0
2026-06-25 08:45:00+08:00,TAIFEX:CCF1!,191.5,191.5,183.5,187.0,5235.0
2026-06-25 09:00:00+08:00,TAIFEX:CCF1!,186.5,187.5,177.0,178.5,15506.0
2026-06-25 09:15:00+08:00,TAIFEX:CCF1!,178.0,181.5,176.0,178.5,7318.0
2026-06-25 09:30:00+08:00,TAIFEX:CCF1!,178.5,180.0,176.0,177.0,4145.0
2026-06-25 09:45:00+08:00,TAIFEX:CCF1!,176.5,178.5,174.5,178.0,5066.0
2026-06-25 10:00:00+08:00,TAIFEX:CCF1!,178.0,180.0,174.5,175.5,4183.0
2026-06-25 10:15:00+08:00,TAIFEX:CCF1!,175.5,183.0,174.5,181.5,6998.0
2026-06-25 10:30:00+08:00,TAIFEX:CCF1!,182.0,185.5,179.0,180.0,7359.0
2026-06-25 10:45:00+08:00,TAIFEX:CCF1!,180.0,183.0,178.5,182.5,3147.0
2026-06-25 11:00:00+08:00,TAIFEX:CCF1!,182.0,183.0,181.0,181.5,1521.0
2026-06-25 11:15:00+08:00,TAIFEX:CCF1!,182.0,184.0,181.0,181.5,2334.0
2026-06-25 11:30:00+08:00,TAIFEX:CCF1!,181.5,182.0,181.0,181.5,1089.0
2026-06-25 11:45:00+08:00,TAIFEX:CCF1!,181.5,182.5,180.5,181.5,1334.0
2026-06-25 12:00:00+08:00,TAIFEX:CCF1!,181.0,182.0,180.5,182.0,1063.0
2026-06-25 12:15:00+08:00,TAIFEX:CCF1!,182.0,183.0,181.5,182.0,1538.0
2026-06-25 12:30:00+08:00,TAIFEX:CCF1!,182.0,182.5,181.0,181.5,991.0
2026-06-25 12:45:00+08:00,TAIFEX:CCF1!,181.5,182.0,180.5,181.0,1234.0
2026-06-25 13:00:00+08:00,TAIFEX:CCF1!,181.0,182.5,180.5,181.5,2134.0
2026-06-25 13:15:00+08:00,TAIFEX:CCF1!,181.5,182.5,181.0,182.0,2561.0
2026-06-25 13:30:00+08:00,TAIFEX:CCF1!,182.0,183.0,181.5,182.5,1111.0
2026-06-25 17:25:00+08:00,TAIFEX:CCF1!,182.5,184.0,182.0,183.0,489.0
2026-06-25 17:40:00+08:00,TAIFEX:CCF1!,183.0,183.0,182.0,182.5,296.0
2026-06-25 17:55:00+08:00,TAIFEX:CCF1!,182.5,183.0,182.0,182.5,189.0
2026-06-25 18:10:00+08:00,TAIFEX:CCF1!,182.5,182.5,182.5,182.5,31.0
2026-06-25 18:25:00+08:00,TAIFEX:CCF1!,182.5,183.0,182.5,183.0,100.0
2026-06-25 18:40:00+08:00,TAIFEX:CCF1!,183.0,183.5,183.0,183.5,57.0
2026-06-25 18:55:00+08:00,TAIFEX:CCF1!,183.0,183.0,182.5,183.0,73.0
2026-06-25 19:10:00+08:00,TAIFEX:CCF1!,183.5,183.5,183.0,183.0,40.0
2026-06-25 19:25:00+08:00,TAIFEX:CCF1!,183.0,183.0,182.5,182.5,13.0
2026-06-25 19:40:00+08:00,TAIFEX:CCF1!,183.0,183.0,183.0,183.0,31.0
2026-06-25 19:55:00+08:00,TAIFEX:CCF1!,183.0,183.5,183.0,183.5,17.0
2026-06-25 20:10:00+08:00,TAIFEX:CCF1!,183.5,183.5,183.5,183.5,210.0
2026-06-25 20:25:00+08:00,TAIFEX:CCF1!,183.5,184.5,183.5,184.5,474.0
2026-06-25 20:40:00+08:00,TAIFEX:CCF1!,184.5,185.5,184.0,185.0,316.0
2026-06-25 20:55:00+08:00,TAIFEX:CCF1!,185.0,185.5,184.5,185.0,205.0
2026-06-25 21:10:00+08:00,TAIFEX:CCF1!,184.5,185.0,184.0,184.0,174.0
2026-06-25 21:25:00+08:00,TAIFEX:CCF1!,184.0,185.5,183.5,183.5,1393.0
2026-06-25 21:40:00+08:00,TAIFEX:CCF1!,183.5,184.0,176.0,177.5,4046.0
2026-06-25 21:55:00+08:00,TAIFEX:CCF1!,177.0,179.5,175.5,178.5,3244.0
2026-06-25 22:10:00+08:00,TAIFEX:CCF1!,178.5,180.5,176.0,176.0,2546.0
2026-06-25 22:25:00+08:00,TAIFEX:CCF1!,176.0,177.5,175.5,177.0,1196.0
2026-06-25 22:40:00+08:00,TAIFEX:CCF1!,177.5,178.0,175.5,177.5,1053.0
2026-06-25 22:55:00+08:00,TAIFEX:CCF1!,177.5,178.5,176.0,177.0,1248.0
2026-06-25 23:10:00+08:00,TAIFEX:CCF1!,177.0,177.5,175.5,177.0,1151.0
2026-06-25 23:25:00+08:00,TAIFEX:CCF1!,176.5,177.5,176.0,177.0,367.0
2026-06-25 23:40:00+08:00,TAIFEX:CCF1!,177.0,178.5,177.0,178.0,409.0
2026-06-25 23:55:00+08:00,TAIFEX:CCF1!,178.0,179.5,177.5,179.5,422.0
2026-06-26 00:10:00+08:00,TAIFEX:CCF1!,179.5,180.5,178.5,179.0,1041.0
2026-06-26 00:25:00+08:00,TAIFEX:CCF1!,179.0,179.5,178.5,179.0,377.0
2026-06-26 00:40:00+08:00,TAIFEX:CCF1!,178.5,179.0,177.5,178.5,366.0
2026-06-26 00:55:00+08:00,TAIFEX:CCF1!,178.5,179.0,178.5,178.5,92.0
2026-06-26 01:10:00+08:00,TAIFEX:CCF1!,179.0,180.0,178.5,179.0,197.0
2026-06-26 01:25:00+08:00,TAIFEX:CCF1!,179.5,179.5,179.0,179.5,149.0
2026-06-26 01:40:00+08:00,TAIFEX:CCF1!,179.5,179.5,178.5,179.0,393.0
2026-06-26 01:55:00+08:00,TAIFEX:CCF1!,179.0,179.0,178.5,179.0,79.0
2026-06-26 02:10:00+08:00,TAIFEX:CCF1!,179.0,179.0,178.5,179.0,63.0
2026-06-26 02:25:00+08:00,TAIFEX:CCF1!,179.0,179.5,178.5,178.5,46.0
2026-06-26 02:40:00+08:00,TAIFEX:CCF1!,178.5,178.5,178.0,178.5,31.0
2026-06-26 02:55:00+08:00,TAIFEX:CCF1!,178.5,178.5,178.0,178.0,30.0
2026-06-26 03:10:00+08:00,TAIFEX:CCF1!,178.0,178.0,177.5,177.5,120.0
2026-06-26 03:25:00+08:00,TAIFEX:CCF1!,178.0,178.5,178.0,178.5,44.0
2026-06-26 03:40:00+08:00,TAIFEX:CCF1!,178.5,178.5,178.0,178.0,53.0
2026-06-26 03:55:00+08:00,TAIFEX:CCF1!,178.5,179.5,178.0,178.5,138.0
2026-06-26 04:10:00+08:00,TAIFEX:CCF1!,178.5,179.0,178.5,179.0,27.0
2026-06-26 04:25:00+08:00,TAIFEX:CCF1!,179.0,179.5,178.5,179.0,54.0
2026-06-26 04:40:00+08:00,TAIFEX:CCF1!,179.0,179.5,178.5,179.5,212.0
2026-06-26 04:55:00+08:00,TAIFEX:CCF1!,179.5,180.0,179.5,180.0,156.0
2026-06-26 08:45:00+08:00,TAIFEX:CCF1!,177.5,178.5,176.0,177.0,2305.0
2026-06-26 09:00:00+08:00,TAIFEX:CCF1!,177.0,177.0,169.0,172.5,12715.0
2026-06-26 09:15:00+08:00,TAIFEX:CCF1!,172.5,178.0,172.5,178.0,6287.0
2026-06-26 09:30:00+08:00,TAIFEX:CCF1!,178.0,179.0,170.5,171.0,7660.0
2026-06-26 09:45:00+08:00,TAIFEX:CCF1!,171.0,173.0,170.0,173.0,5858.0
2026-06-26 10:00:00+08:00,TAIFEX:CCF1!,173.5,174.0,171.5,173.0,1942.0
2026-06-26 10:15:00+08:00,TAIFEX:CCF1!,172.5,173.0,170.0,171.0,2903.0
2026-06-26 10:30:00+08:00,TAIFEX:CCF1!,170.5,171.5,168.0,169.0,7280.0
2026-06-26 10:45:00+08:00,TAIFEX:CCF1!,169.0,169.5,165.5,166.5,9398.0
2026-06-26 11:00:00+08:00,TAIFEX:CCF1!,166.5,167.0,164.5,167.0,9438.0
2026-06-26 11:15:00+08:00,TAIFEX:CCF1!,167.0,168.0,164.5,166.5,5236.0
2026-06-26 11:30:00+08:00,TAIFEX:CCF1!,166.5,166.5,164.5,166.0,1844.0
2026-06-26 11:45:00+08:00,TAIFEX:CCF1!,166.5,168.5,165.0,168.5,3367.0
2026-06-26 12:00:00+08:00,TAIFEX:CCF1!,168.5,169.0,167.0,168.5,2346.0
2026-06-26 12:15:00+08:00,TAIFEX:CCF1!,168.5,169.0,166.5,167.0,1836.0
2026-06-26 12:30:00+08:00,TAIFEX:CCF1!,167.0,167.5,166.0,166.0,1184.0
2026-06-26 12:45:00+08:00,TAIFEX:CCF1!,166.0,166.5,165.0,165.0,1566.0
2026-06-26 13:00:00+08:00,TAIFEX:CCF1!,165.5,165.5,164.5,164.5,1934.0
2026-06-26 13:15:00+08:00,TAIFEX:CCF1!,164.5,165.0,164.5,164.5,637.0
2026-06-26 13:30:00+08:00,TAIFEX:CCF1!,164.5,166.5,164.5,164.5,1741.0
2026-06-26 17:25:00+08:00,TAIFEX:CCF1!,162.5,163.5,162.5,162.5,373.0
2026-06-26 17:40:00+08:00,TAIFEX:CCF1!,162.5,165.5,162.5,163.0,629.0
2026-06-26 17:55:00+08:00,TAIFEX:CCF1!,163.0,163.0,157.0,157.5,1308.0
2026-06-26 18:10:00+08:00,TAIFEX:CCF1!,157.0,158.5,157.0,158.0,290.0
2026-06-26 18:25:00+08:00,TAIFEX:CCF1!,158.0,158.0,155.5,156.5,729.0
2026-06-26 18:40:00+08:00,TAIFEX:CCF1!,156.5,157.5,156.0,156.5,381.0
2026-06-26 18:55:00+08:00,TAIFEX:CCF1!,156.5,159.5,156.5,159.0,429.0
2026-06-26 19:10:00+08:00,TAIFEX:CCF1!,158.5,159.5,158.0,158.5,222.0
2026-06-26 19:25:00+08:00,TAIFEX:CCF1!,158.5,158.5,158.0,158.5,162.0
2026-06-26 19:40:00+08:00,TAIFEX:CCF1!,158.0,158.5,157.0,157.0,171.0
2026-06-26 19:55:00+08:00,TAIFEX:CCF1!,157.0,159.0,157.0,158.5,457.0
2026-06-26 20:10:00+08:00,TAIFEX:CCF1!,158.5,159.5,158.0,158.5,195.0
2026-06-26 20:25:00+08:00,TAIFEX:CCF1!,158.0,158.5,158.0,158.5,159.0
2026-06-26 20:40:00+08:00,TAIFEX:CCF1!,158.0,158.0,157.5,158.0,175.0
2026-06-26 20:55:00+08:00,TAIFEX:CCF1!,158.0,158.5,157.5,158.0,171.0
2026-06-26 21:10:00+08:00,TAIFEX:CCF1!,158.0,160.5,158.0,160.5,468.0
2026-06-26 21:25:00+08:00,TAIFEX:CCF1!,160.5,165.0,160.0,160.5,2684.0
2026-06-26 21:40:00+08:00,TAIFEX:CCF1!,161.0,162.5,161.0,161.0,881.0
2026-06-26 21:55:00+08:00,TAIFEX:CCF1!,161.0,165.5,160.5,165.0,1526.0
2026-06-26 22:10:00+08:00,TAIFEX:CCF1!,165.0,165.5,163.5,164.0,1149.0
2026-06-26 22:25:00+08:00,TAIFEX:CCF1!,164.5,164.5,162.0,162.5,834.0
2026-06-26 22:40:00+08:00,TAIFEX:CCF1!,162.5,163.5,162.0,162.5,450.0
2026-06-26 22:55:00+08:00,TAIFEX:CCF1!,162.0,162.5,160.5,161.5,634.0
2026-06-26 23:10:00+08:00,TAIFEX:CCF1!,161.5,163.0,160.0,163.0,662.0
2026-06-26 23:25:00+08:00,TAIFEX:CCF1!,163.0,164.5,162.5,164.0,819.0
2026-06-26 23:40:00+08:00,TAIFEX:CCF1!,164.0,165.0,163.0,163.5,985.0
2026-06-26 23:55:00+08:00,TAIFEX:CCF1!,163.5,165.0,163.5,164.5,614.0
2026-06-27 00:10:00+08:00,TAIFEX:CCF1!,164.5,165.5,164.0,165.0,387.0
2026-06-27 00:25:00+08:00,TAIFEX:CCF1!,165.0,166.5,165.0,166.0,786.0
2026-06-27 00:40:00+08:00,TAIFEX:CCF1!,166.0,167.0,165.5,167.0,301.0
2026-06-27 00:55:00+08:00,TAIFEX:CCF1!,166.5,168.5,166.0,168.0,519.0
2026-06-27 01:10:00+08:00,TAIFEX:CCF1!,168.5,169.5,167.5,168.0,990.0
2026-06-27 01:25:00+08:00,TAIFEX:CCF1!,167.5,168.5,167.0,167.0,572.0
2026-06-27 01:40:00+08:00,TAIFEX:CCF1!,167.0,167.0,166.0,166.5,162.0
2026-06-27 01:55:00+08:00,TAIFEX:CCF1!,166.5,166.5,165.5,166.0,231.0
2026-06-27 02:10:00+08:00,TAIFEX:CCF1!,166.0,166.0,165.0,165.5,134.0
2026-06-27 02:25:00+08:00,TAIFEX:CCF1!,165.5,166.0,165.0,165.5,119.0
2026-06-27 02:40:00+08:00,TAIFEX:CCF1!,165.5,166.0,165.0,165.5,116.0
2026-06-27 02:55:00+08:00,TAIFEX:CCF1!,165.5,166.0,165.0,166.0,163.0
2026-06-27 03:10:00+08:00,TAIFEX:CCF1!,166.0,166.5,166.0,166.0,158.0
2026-06-27 03:25:00+08:00,TAIFEX:CCF1!,166.5,167.0,166.5,167.0,42.0
2026-06-27 03:40:00+08:00,TAIFEX:CCF1!,167.0,167.5,167.0,167.0,153.0
2026-06-27 03:55:00+08:00,TAIFEX:CCF1!,167.0,167.5,165.5,166.0,240.0
2026-06-27 04:10:00+08:00,TAIFEX:CCF1!,166.0,166.0,165.0,165.0,146.0
2026-06-27 04:25:00+08:00,TAIFEX:CCF1!,165.0,165.0,163.5,163.5,163.0
2026-06-27 04:40:00+08:00,TAIFEX:CCF1!,163.5,164.0,163.5,163.5,84.0
2026-06-27 04:55:00+08:00,TAIFEX:CCF1!,163.5,164.0,163.5,163.5,40.0
2026-06-29 08:45:00+08:00,TAIFEX:CCF1!,163.0,165.0,157.5,164.5,3579.0
2026-06-29 09:00:00+08:00,TAIFEX:CCF1!,165.0,167.0,161.0,164.0,8546.0
2026-06-29 09:15:00+08:00,TAIFEX:CCF1!,164.0,165.0,162.0,163.0,3399.0
2026-06-29 09:30:00+08:00,TAIFEX:CCF1!,163.0,167.0,163.0,167.0,2970.0
2026-06-29 09:45:00+08:00,TAIFEX:CCF1!,167.0,168.0,165.0,165.5,3350.0
2026-06-29 10:00:00+08:00,TAIFEX:CCF1!,165.5,166.0,162.5,163.0,1965.0
2026-06-29 10:15:00+08:00,TAIFEX:CCF1!,163.0,167.0,163.0,165.5,2618.0
2026-06-29 10:30:00+08:00,TAIFEX:CCF1!,165.5,166.0,165.0,165.0,1194.0
2026-06-29 10:45:00+08:00,TAIFEX:CCF1!,164.5,165.0,163.0,164.0,922.0
2026-06-29 11:00:00+08:00,TAIFEX:CCF1!,164.5,165.5,164.0,164.0,778.0
2026-06-29 11:15:00+08:00,TAIFEX:CCF1!,164.0,164.5,163.5,164.0,684.0
2026-06-29 11:30:00+08:00,TAIFEX:CCF1!,164.5,164.5,162.5,163.0,1264.0
2026-06-29 11:45:00+08:00,TAIFEX:CCF1!,162.5,164.5,162.5,164.0,1078.0
2026-06-29 12:00:00+08:00,TAIFEX:CCF1!,164.0,164.0,163.0,163.5,807.0
2026-06-29 12:15:00+08:00,TAIFEX:CCF1!,163.5,164.5,163.0,163.5,498.0
2026-06-29 12:30:00+08:00,TAIFEX:CCF1!,164.0,164.0,162.5,162.5,1031.0
2026-06-29 12:45:00+08:00,TAIFEX:CCF1!,163.0,164.0,162.5,163.5,741.0
2026-06-29 13:00:00+08:00,TAIFEX:CCF1!,163.5,165.5,163.5,165.0,824.0
2026-06-29 13:15:00+08:00,TAIFEX:CCF1!,165.5,168.0,164.5,165.5,2493.0
2026-06-29 13:30:00+08:00,TAIFEX:CCF1!,165.5,167.5,165.0,167.5,836.0
2026-06-29 17:25:00+08:00,TAIFEX:CCF1!,168.0,168.5,167.5,168.0,204.0
2026-06-29 17:40:00+08:00,TAIFEX:CCF1!,168.0,168.0,167.5,167.5,102.0
2026-06-29 17:55:00+08:00,TAIFEX:CCF1!,167.5,168.0,167.0,168.0,28.0
2026-06-29 18:10:00+08:00,TAIFEX:CCF1!,168.0,168.0,167.5,167.5,98.0
2026-06-29 18:25:00+08:00,TAIFEX:CCF1!,167.5,168.5,167.5,168.0,72.0
2026-06-29 18:40:00+08:00,TAIFEX:CCF1!,168.0,168.5,168.0,168.5,37.0
2026-06-29 18:55:00+08:00,TAIFEX:CCF1!,168.5,168.5,168.5,168.5,136.0
2026-06-29 19:10:00+08:00,TAIFEX:CCF1!,168.5,168.5,168.0,168.0,38.0
2026-06-29 19:25:00+08:00,TAIFEX:CCF1!,168.0,168.5,168.0,168.0,100.0
2026-06-29 19:40:00+08:00,TAIFEX:CCF1!,168.0,168.5,168.0,168.0,22.0
2026-06-29 19:55:00+08:00,TAIFEX:CCF1!,168.0,168.5,168.0,168.5,9.0
2026-06-29 20:10:00+08:00,TAIFEX:CCF1!,168.5,168.5,168.0,168.0,11.0
2026-06-29 20:25:00+08:00,TAIFEX:CCF1!,168.0,168.0,168.0,168.0,172.0
2026-06-29 20:40:00+08:00,TAIFEX:CCF1!,168.0,168.0,167.5,167.5,71.0
2026-06-29 20:55:00+08:00,TAIFEX:CCF1!,167.5,168.0,167.5,168.0,25.0
2026-06-29 21:10:00+08:00,TAIFEX:CCF1!,168.0,168.5,168.0,168.0,27.0
2026-06-29 21:25:00+08:00,TAIFEX:CCF1!,168.0,168.5,167.0,167.5,478.0
2026-06-29 21:40:00+08:00,TAIFEX:CCF1!,167.5,169.0,167.5,168.0,801.0
2026-06-29 21:55:00+08:00,TAIFEX:CCF1!,168.0,168.0,165.0,165.5,1071.0
2026-06-29 22:10:00+08:00,TAIFEX:CCF1!,165.5,165.5,162.5,164.0,1442.0
2026-06-29 22:25:00+08:00,TAIFEX:CCF1!,164.0,167.0,164.0,165.5,1016.0
2026-06-29 22:40:00+08:00,TAIFEX:CCF1!,165.5,167.0,164.5,167.0,573.0
2026-06-29 22:55:00+08:00,TAIFEX:CCF1!,166.5,167.5,166.5,166.5,749.0
2026-06-29 23:10:00+08:00,TAIFEX:CCF1!,167.0,167.0,166.0,166.0,383.0
2026-06-29 23:25:00+08:00,TAIFEX:CCF1!,166.5,168.0,166.5,168.0,317.0
2026-06-29 23:40:00+08:00,TAIFEX:CCF1!,168.0,169.0,167.5,169.0,358.0
2026-06-29 23:55:00+08:00,TAIFEX:CCF1!,169.0,171.0,169.0,170.5,623.0
2026-06-30 00:10:00+08:00,TAIFEX:CCF1!,170.5,171.5,170.5,171.5,460.0
2026-06-30 00:25:00+08:00,TAIFEX:CCF1!,171.5,171.5,170.0,170.5,136.0
2026-06-30 00:40:00+08:00,TAIFEX:CCF1!,170.5,171.5,170.5,171.5,226.0
2026-06-30 00:55:00+08:00,TAIFEX:CCF1!,171.5,172.0,171.5,172.0,164.0
2026-06-30 01:10:00+08:00,TAIFEX:CCF1!,172.0,172.0,171.5,171.5,244.0
2026-06-30 01:25:00+08:00,TAIFEX:CCF1!,171.0,171.5,171.0,171.5,209.0
2026-06-30 01:40:00+08:00,TAIFEX:CCF1!,171.5,172.0,171.5,171.5,73.0
2026-06-30 01:55:00+08:00,TAIFEX:CCF1!,172.0,172.0,171.5,171.5,185.0
2026-06-30 02:10:00+08:00,TAIFEX:CCF1!,171.5,172.0,171.5,171.5,212.0
2026-06-30 02:25:00+08:00,TAIFEX:CCF1!,171.5,172.0,171.5,172.0,109.0
2026-06-30 02:40:00+08:00,TAIFEX:CCF1!,172.0,172.5,172.0,172.5,226.0
2026-06-30 02:55:00+08:00,TAIFEX:CCF1!,172.5,172.5,171.0,171.5,221.0
2026-06-30 03:10:00+08:00,TAIFEX:CCF1!,171.5,172.5,171.5,172.5,120.0
2026-06-30 03:25:00+08:00,TAIFEX:CCF1!,172.5,172.5,172.0,172.0,41.0
2026-06-30 03:40:00+08:00,TAIFEX:CCF1!,172.5,172.5,172.0,172.5,36.0
2026-06-30 03:55:00+08:00,TAIFEX:CCF1!,172.5,173.0,172.5,172.5,73.0
2026-06-30 04:10:00+08:00,TAIFEX:CCF1!,172.5,173.0,172.5,173.0,33.0
2026-06-30 04:25:00+08:00,TAIFEX:CCF1!,173.0,173.0,172.0,172.5,33.0
2026-06-30 04:40:00+08:00,TAIFEX:CCF1!,172.5,173.0,172.5,172.5,55.0
2026-06-30 04:55:00+08:00,TAIFEX:CCF1!,172.5,173.5,172.5,173.5,69.0
2026-06-30 08:45:00+08:00,TAIFEX:CCF1!,172.0,173.0,170.5,171.0,2922.0
2026-06-30 09:00:00+08:00,TAIFEX:CCF1!,171.0,175.5,169.5,172.5,10249.0
2026-06-30 09:15:00+08:00,TAIFEX:CCF1!,172.5,175.0,171.0,174.5,5619.0
2026-06-30 09:30:00+08:00,TAIFEX:CCF1!,174.5,175.0,172.5,174.5,2782.0
2026-06-30 09:45:00+08:00,TAIFEX:CCF1!,174.5,175.0,173.0,174.0,1740.0
2026-06-30 10:00:00+08:00,TAIFEX:CCF1!,174.0,174.0,170.0,170.0,2257.0
2026-06-30 10:15:00+08:00,TAIFEX:CCF1!,170.0,171.0,167.5,170.0,3467.0
2026-06-30 10:30:00+08:00,TAIFEX:CCF1!,170.0,171.0,169.0,170.0,1922.0
2026-06-30 10:45:00+08:00,TAIFEX:CCF1!,170.0,170.5,169.5,169.5,1362.0
2026-06-30 11:00:00+08:00,TAIFEX:CCF1!,169.5,170.0,168.5,169.0,1018.0
2026-06-30 11:15:00+08:00,TAIFEX:CCF1!,169.0,170.5,168.5,169.5,1231.0
2026-06-30 11:30:00+08:00,TAIFEX:CCF1!,169.5,170.0,168.0,168.5,771.0
2026-06-30 11:45:00+08:00,TAIFEX:CCF1!,168.5,168.5,167.0,168.5,2093.0
2026-06-30 12:00:00+08:00,TAIFEX:CCF1!,168.0,169.5,168.0,168.5,1493.0
2026-06-30 12:15:00+08:00,TAIFEX:CCF1!,169.0,170.5,168.5,170.0,1174.0
2026-06-30 12:30:00+08:00,TAIFEX:CCF1!,170.0,170.5,168.5,169.5,1909.0
2026-06-30 12:45:00+08:00,TAIFEX:CCF1!,169.5,169.5,168.5,168.5,893.0
2026-06-30 13:00:00+08:00,TAIFEX:CCF1!,168.5,169.0,167.5,167.5,1273.0
2026-06-30 13:15:00+08:00,TAIFEX:CCF1!,168.0,169.0,167.0,167.5,1863.0
2026-06-30 13:30:00+08:00,TAIFEX:CCF1!,167.5,169.5,167.0,169.0,1750.0
2026-06-30 17:25:00+08:00,TAIFEX:CCF1!,168.0,168.5,167.5,168.5,204.0
2026-06-30 17:40:00+08:00,TAIFEX:CCF1!,168.5,169.0,168.5,169.0,173.0
2026-06-30 17:55:00+08:00,TAIFEX:CCF1!,169.0,169.0,169.0,169.0,3.0
2026-06-30 18:10:00+08:00,TAIFEX:CCF1!,169.0,169.5,169.0,169.5,17.0
2026-06-30 18:25:00+08:00,TAIFEX:CCF1!,169.5,169.5,169.0,169.5,33.0
2026-06-30 18:40:00+08:00,TAIFEX:CCF1!,169.5,170.0,169.5,169.5,127.0
2026-06-30 18:55:00+08:00,TAIFEX:CCF1!,169.5,170.0,169.5,169.5,84.0
2026-06-30 19:10:00+08:00,TAIFEX:CCF1!,169.5,169.5,169.5,169.5,51.0
2026-06-30 19:25:00+08:00,TAIFEX:CCF1!,169.0,169.5,169.0,169.0,18.0
2026-06-30 19:40:00+08:00,TAIFEX:CCF1!,169.0,169.5,169.0,169.5,22.0
2026-06-30 19:55:00+08:00,TAIFEX:CCF1!,169.0,169.0,168.5,168.5,159.0
2026-06-30 20:10:00+08:00,TAIFEX:CCF1!,168.5,168.5,168.5,168.5,52.0
2026-06-30 20:25:00+08:00,TAIFEX:CCF1!,168.5,168.5,168.5,168.5,46.0
2026-06-30 20:40:00+08:00,TAIFEX:CCF1!,168.5,168.5,168.5,168.5,15.0
2026-06-30 20:55:00+08:00,TAIFEX:CCF1!,168.5,168.5,168.5,168.5,23.0
2026-06-30 21:10:00+08:00,TAIFEX:CCF1!,168.5,169.0,168.5,169.0,17.0
2026-06-30 21:25:00+08:00,TAIFEX:CCF1!,168.5,171.5,168.5,171.0,818.0
2026-06-30 21:40:00+08:00,TAIFEX:CCF1!,170.5,172.5,170.5,172.0,951.0
2026-06-30 21:55:00+08:00,TAIFEX:CCF1!,172.0,173.0,171.5,172.0,605.0
2026-06-30 22:10:00+08:00,TAIFEX:CCF1!,172.0,173.0,172.0,172.0,575.0
2026-06-30 22:25:00+08:00,TAIFEX:CCF1!,172.5,173.0,172.0,172.0,654.0
2026-06-30 22:40:00+08:00,TAIFEX:CCF1!,172.0,172.5,171.0,171.5,304.0
2026-06-30 22:55:00+08:00,TAIFEX:CCF1!,171.5,172.5,171.0,172.5,183.0
2026-06-30 23:10:00+08:00,TAIFEX:CCF1!,172.5,172.5,171.5,172.0,413.0
2026-06-30 23:25:00+08:00,TAIFEX:CCF1!,172.0,172.0,172.0,172.0,218.0
2026-06-30 23:40:00+08:00,TAIFEX:CCF1!,171.5,172.0,171.5,172.0,149.0
2026-06-30 23:55:00+08:00,TAIFEX:CCF1!,172.0,172.5,172.0,172.5,123.0
2026-07-01 00:10:00+08:00,TAIFEX:CCF1!,172.5,172.5,172.0,172.0,49.0
2026-07-01 00:25:00+08:00,TAIFEX:CCF1!,172.0,172.5,172.0,172.0,116.0
2026-07-01 00:40:00+08:00,TAIFEX:CCF1!,172.0,172.0,172.0,172.0,60.0
2026-07-01 00:55:00+08:00,TAIFEX:CCF1!,172.5,172.5,172.0,172.0,54.0
2026-07-01 01:10:00+08:00,TAIFEX:CCF1!,172.0,172.5,172.0,172.0,140.0
2026-07-01 01:25:00+08:00,TAIFEX:CCF1!,172.0,172.0,171.5,171.5,15.0
2026-07-01 01:40:00+08:00,TAIFEX:CCF1!,172.0,172.0,172.0,172.0,167.0
2026-07-01 01:55:00+08:00,TAIFEX:CCF1!,172.5,172.5,172.0,172.0,67.0
2026-07-01 02:10:00+08:00,TAIFEX:CCF1!,172.5,172.5,172.0,172.5,11.0
2026-07-01 02:25:00+08:00,TAIFEX:CCF1!,172.5,172.5,172.5,172.5,20.0
2026-07-01 02:40:00+08:00,TAIFEX:CCF1!,172.5,173.0,172.5,173.0,238.0
2026-07-01 02:55:00+08:00,TAIFEX:CCF1!,172.5,173.0,172.5,173.0,9.0
2026-07-01 03:10:00+08:00,TAIFEX:CCF1!,173.0,173.0,173.0,173.0,139.0
2026-07-01 03:25:00+08:00,TAIFEX:CCF1!,173.0,173.5,173.0,173.5,211.0
2026-07-01 03:40:00+08:00,TAIFEX:CCF1!,173.5,174.0,173.5,173.5,54.0
2026-07-01 03:55:00+08:00,TAIFEX:CCF1!,174.0,174.5,173.5,173.5,126.0
2026-07-01 04:10:00+08:00,TAIFEX:CCF1!,174.0,174.0,173.0,173.0,44.0
2026-07-01 04:25:00+08:00,TAIFEX:CCF1!,173.5,173.5,173.5,173.5,30.0
2026-07-01 04:40:00+08:00,TAIFEX:CCF1!,173.5,173.5,173.5,173.5,28.0
2026-07-01 04:55:00+08:00,TAIFEX:CCF1!,173.5,174.5,173.5,174.0,49.0
2026-07-01 08:45:00+08:00,TAIFEX:CCF1!,174.5,174.5,170.0,171.5,2608.0
2026-07-01 09:00:00+08:00,TAIFEX:CCF1!,171.5,172.0,168.0,168.0,7630.0
2026-07-01 09:15:00+08:00,TAIFEX:CCF1!,168.5,173.5,168.0,171.0,6992.0
2026-07-01 09:30:00+08:00,TAIFEX:CCF1!,171.0,172.0,169.5,170.5,4171.0
2026-07-01 09:45:00+08:00,TAIFEX:CCF1!,170.5,175.0,169.5,173.0,6642.0
2026-07-01 10:00:00+08:00,TAIFEX:CCF1!,173.0,173.5,171.5,172.0,2408.0
2026-07-01 10:15:00+08:00,TAIFEX:CCF1!,172.0,173.0,171.0,172.5,2359.0
2026-07-01 10:30:00+08:00,TAIFEX:CCF1!,173.0,173.0,172.0,172.5,1177.0
2026-07-01 10:45:00+08:00,TAIFEX:CCF1!,172.5,173.5,172.5,172.5,1219.0
2026-07-01 11:00:00+08:00,TAIFEX:CCF1!,173.0,173.0,170.5,170.5,2127.0
2026-07-01 11:15:00+08:00,TAIFEX:CCF1!,170.5,171.0,169.0,170.0,1501.0
2026-07-01 11:30:00+08:00,TAIFEX:CCF1!,169.5,170.0,169.0,169.5,616.0
2026-07-01 11:45:00+08:00,TAIFEX:CCF1!,169.5,170.5,169.0,170.5,1051.0
2026-07-01 12:00:00+08:00,TAIFEX:CCF1!,170.5,170.5,169.5,169.5,449.0
2026-07-01 12:15:00+08:00,TAIFEX:CCF1!,169.5,170.0,169.0,169.5,501.0
2026-07-01 12:30:00+08:00,TAIFEX:CCF1!,170.0,171.5,170.0,171.0,1760.0
2026-07-01 12:45:00+08:00,TAIFEX:CCF1!,170.5,172.0,170.5,171.0,1322.0
2026-07-01 13:00:00+08:00,TAIFEX:CCF1!,171.5,171.5,170.5,171.0,1327.0
2026-07-01 13:15:00+08:00,TAIFEX:CCF1!,171.0,171.0,169.5,170.5,1661.0
2026-07-01 13:30:00+08:00,TAIFEX:CCF1!,171.0,172.0,170.5,172.0,950.0
2026-07-01 17:25:00+08:00,TAIFEX:CCF1!,172.5,172.5,172.0,172.5,114.0
2026-07-01 17:40:00+08:00,TAIFEX:CCF1!,172.5,173.0,172.0,173.0,177.0
2026-07-01 17:55:00+08:00,TAIFEX:CCF1!,173.0,174.0,173.0,173.0,405.0
2026-07-01 18:10:00+08:00,TAIFEX:CCF1!,173.0,173.5,172.5,173.0,63.0
2026-07-01 18:25:00+08:00,TAIFEX:CCF1!,173.5,173.5,173.0,173.0,164.0
2026-07-01 18:40:00+08:00,TAIFEX:CCF1!,173.0,173.5,172.5,173.5,315.0
2026-07-01 18:55:00+08:00,TAIFEX:CCF1!,173.5,173.5,172.5,173.0,173.0
2026-07-01 19:10:00+08:00,TAIFEX:CCF1!,173.0,173.5,172.5,172.5,252.0
2026-07-01 19:25:00+08:00,TAIFEX:CCF1!,172.5,173.0,172.0,172.5,80.0
2026-07-01 19:40:00+08:00,TAIFEX:CCF1!,172.5,172.5,171.5,172.0,162.0
2026-07-01 19:55:00+08:00,TAIFEX:CCF1!,172.0,172.0,171.0,171.5,246.0
2026-07-01 20:10:00+08:00,TAIFEX:CCF1!,172.0,172.5,171.5,171.5,107.0
2026-07-01 20:25:00+08:00,TAIFEX:CCF1!,171.5,172.0,170.5,171.0,294.0
2026-07-01 20:40:00+08:00,TAIFEX:CCF1!,170.5,171.5,170.5,171.0,207.0
2026-07-01 20:55:00+08:00,TAIFEX:CCF1!,171.0,172.0,171.0,171.0,266.0
2026-07-01 21:10:00+08:00,TAIFEX:CCF1!,171.0,172.0,171.0,171.5,110.0
2026-07-01 21:25:00+08:00,TAIFEX:CCF1!,171.5,171.5,168.5,169.0,1268.0
2026-07-01 21:40:00+08:00,TAIFEX:CCF1!,169.0,171.5,169.0,171.0,689.0
2026-07-01 21:55:00+08:00,TAIFEX:CCF1!,171.0,171.5,170.5,171.5,161.0
2026-07-01 22:10:00+08:00,TAIFEX:CCF1!,171.5,171.5,170.5,170.5,313.0
2026-07-01 22:25:00+08:00,TAIFEX:CCF1!,170.5,170.5,169.5,170.0,385.0
2026-07-01 22:40:00+08:00,TAIFEX:CCF1!,170.0,170.0,168.5,169.5,611.0
2026-07-01 22:55:00+08:00,TAIFEX:CCF1!,169.5,169.5,168.5,168.5,374.0
2026-07-01 23:10:00+08:00,TAIFEX:CCF1!,169.0,170.0,168.5,170.0,387.0
2026-07-01 23:25:00+08:00,TAIFEX:CCF1!,170.0,170.5,170.0,170.0,149.0
2026-07-01 23:40:00+08:00,TAIFEX:CCF1!,170.0,170.0,169.0,169.0,174.0
2026-07-01 23:55:00+08:00,TAIFEX:CCF1!,168.5,169.5,168.5,169.0,79.0
2026-07-02 00:10:00+08:00,TAIFEX:CCF1!,169.0,169.5,169.0,169.5,145.0
2026-07-02 00:25:00+08:00,TAIFEX:CCF1!,169.5,169.5,169.5,169.5,82.0
2026-07-02 00:40:00+08:00,TAIFEX:CCF1!,169.5,169.5,169.0,169.0,105.0
2026-07-02 00:55:00+08:00,TAIFEX:CCF1!,169.0,169.0,168.5,169.0,246.0
2026-07-02 01:10:00+08:00,TAIFEX:CCF1!,169.5,169.5,169.5,169.5,54.0
2026-07-02 01:25:00+08:00,TAIFEX:CCF1!,169.5,170.0,169.0,169.0,31.0
2026-07-02 01:40:00+08:00,TAIFEX:CCF1!,169.0,169.0,169.0,169.0,14.0
2026-07-02 01:55:00+08:00,TAIFEX:CCF1!,169.0,169.0,169.0,169.0,240.0
2026-07-02 02:10:00+08:00,TAIFEX:CCF1!,169.0,169.0,169.0,169.0,75.0
2026-07-02 02:25:00+08:00,TAIFEX:CCF1!,169.0,169.0,169.0,169.0,57.0
2026-07-02 02:40:00+08:00,TAIFEX:CCF1!,169.0,169.0,168.0,168.0,374.0
2026-07-02 02:55:00+08:00,TAIFEX:CCF1!,167.5,169.5,167.5,169.5,408.0
2026-07-02 03:10:00+08:00,TAIFEX:CCF1!,169.5,170.5,169.0,169.5,272.0
2026-07-02 03:25:00+08:00,TAIFEX:CCF1!,170.0,170.0,169.0,169.0,87.0
2026-07-02 03:40:00+08:00,TAIFEX:CCF1!,169.0,169.5,168.5,169.0,144.0
2026-07-02 03:55:00+08:00,TAIFEX:CCF1!,168.5,168.5,167.0,167.0,381.0
2026-07-02 04:10:00+08:00,TAIFEX:CCF1!,167.0,167.0,166.5,167.0,130.0
2026-07-02 04:25:00+08:00,TAIFEX:CCF1!,167.0,167.0,166.0,166.0,60.0
2026-07-02 04:40:00+08:00,TAIFEX:CCF1!,166.5,167.0,166.0,167.0,72.0
2026-07-02 04:55:00+08:00,TAIFEX:CCF1!,167.0,167.0,166.0,166.0,94.0
2026-07-02 08:45:00+08:00,TAIFEX:CCF1!,165.5,168.0,164.5,166.5,1821.0
2026-07-02 09:00:00+08:00,TAIFEX:CCF1!,166.5,167.5,164.5,165.5,3746.0
2026-07-02 09:15:00+08:00,TAIFEX:CCF1!,166.0,166.5,164.5,166.5,2338.0
2026-07-02 09:30:00+08:00,TAIFEX:CCF1!,166.0,169.5,165.5,169.0,1510.0
2026-07-02 09:45:00+08:00,TAIFEX:CCF1!,169.0,169.5,166.0,166.5,1796.0
2026-07-02 10:00:00+08:00,TAIFEX:CCF1!,166.0,166.5,165.5,165.5,1348.0
2026-07-02 10:15:00+08:00,TAIFEX:CCF1!,165.5,166.5,164.5,164.5,1569.0
2026-07-02 10:30:00+08:00,TAIFEX:CCF1!,165.0,165.0,164.0,164.5,752.0
2026-07-02 10:45:00+08:00,TAIFEX:CCF1!,164.5,164.5,163.5,164.0,686.0
2026-07-02 11:00:00+08:00,TAIFEX:CCF1!,164.0,164.5,161.5,162.5,1770.0
2026-07-02 11:15:00+08:00,TAIFEX:CCF1!,162.5,163.0,161.5,161.5,727.0
2026-07-02 11:30:00+08:00,TAIFEX:CCF1!,161.5,162.5,160.5,161.0,1262.0
2026-07-02 11:45:00+08:00,TAIFEX:CCF1!,161.5,161.5,159.0,160.0,3134.0
2026-07-02 12:00:00+08:00,TAIFEX:CCF1!,160.5,162.0,159.5,161.5,1767.0
2026-07-02 12:15:00+08:00,TAIFEX:CCF1!,161.5,164.0,161.5,163.5,1573.0
2026-07-02 12:30:00+08:00,TAIFEX:CCF1!,163.0,163.5,163.0,163.0,483.0
2026-07-02 12:45:00+08:00,TAIFEX:CCF1!,163.0,164.0,162.5,164.0,619.0
2026-07-02 13:00:00+08:00,TAIFEX:CCF1!,164.0,166.5,164.0,166.0,1300.0
2026-07-02 13:15:00+08:00,TAIFEX:CCF1!,166.0,167.5,165.5,166.5,1174.0
2026-07-02 13:30:00+08:00,TAIFEX:CCF1!,166.5,167.0,165.5,166.0,940.0
2026-07-02 17:25:00+08:00,TAIFEX:CCF1!,163.5,165.0,163.0,165.0,351.0
2026-07-02 17:40:00+08:00,TAIFEX:CCF1!,165.0,165.0,164.0,164.0,184.0
2026-07-02 17:55:00+08:00,TAIFEX:CCF1!,164.0,164.0,163.5,164.0,37.0
2026-07-02 18:10:00+08:00,TAIFEX:CCF1!,164.0,164.0,164.0,164.0,43.0
2026-07-02 18:25:00+08:00,TAIFEX:CCF1!,164.0,164.0,164.0,164.0,72.0
2026-07-02 18:40:00+08:00,TAIFEX:CCF1!,164.0,164.0,163.5,164.0,13.0
2026-07-02 18:55:00+08:00,TAIFEX:CCF1!,164.0,164.0,163.5,164.0,56.0
2026-07-02 19:10:00+08:00,TAIFEX:CCF1!,164.0,164.5,164.0,164.5,67.0
2026-07-02 19:25:00+08:00,TAIFEX:CCF1!,164.0,165.0,164.0,165.0,22.0
2026-07-02 19:40:00+08:00,TAIFEX:CCF1!,165.0,165.0,165.0,165.0,61.0
2026-07-02 19:55:00+08:00,TAIFEX:CCF1!,165.0,165.5,165.0,165.5,51.0
2026-07-02 20:10:00+08:00,TAIFEX:CCF1!,165.5,166.0,165.5,166.0,98.0
2026-07-02 20:25:00+08:00,TAIFEX:CCF1!,166.0,167.5,165.5,166.5,447.0
2026-07-02 20:40:00+08:00,TAIFEX:CCF1!,166.5,167.5,166.5,166.5,221.0
2026-07-02 20:55:00+08:00,TAIFEX:CCF1!,166.0,167.0,166.0,166.5,197.0
2026-07-02 21:10:00+08:00,TAIFEX:CCF1!,166.5,167.5,166.5,167.5,88.0
2026-07-02 21:25:00+08:00,TAIFEX:CCF1!,167.5,168.0,165.5,166.0,568.0
2026-07-02 21:40:00+08:00,TAIFEX:CCF1!,166.5,168.0,166.5,168.0,476.0
2026-07-02 21:55:00+08:00,TAIFEX:CCF1!,168.0,170.0,168.0,168.5,602.0
2026-07-02 22:10:00+08:00,TAIFEX:CCF1!,168.5,169.0,167.5,168.0,469.0
2026-07-02 22:25:00+08:00,TAIFEX:CCF1!,167.5,167.5,165.0,165.5,1157.0
2026-07-02 22:40:00+08:00,TAIFEX:CCF1!,165.5,165.5,164.0,164.5,855.0
2026-07-02 22:55:00+08:00,TAIFEX:CCF1!,165.0,165.5,163.0,164.0,601.0
2026-07-02 23:10:00+08:00,TAIFEX:CCF1!,164.5,164.5,162.0,163.5,782.0
2026-07-02 23:25:00+08:00,TAIFEX:CCF1!,163.5,165.0,163.0,164.5,503.0
2026-07-02 23:40:00+08:00,TAIFEX:CCF1!,164.0,164.0,162.5,163.5,264.0
2026-07-02 23:55:00+08:00,TAIFEX:CCF1!,163.0,163.0,162.0,162.0,328.0
2026-07-03 00:10:00+08:00,TAIFEX:CCF1!,162.0,163.0,161.0,161.5,509.0
2026-07-03 00:25:00+08:00,TAIFEX:CCF1!,161.5,161.5,160.0,161.0,612.0
2026-07-03 00:40:00+08:00,TAIFEX:CCF1!,160.5,161.5,160.0,160.5,381.0
2026-07-03 00:55:00+08:00,TAIFEX:CCF1!,160.5,160.5,158.0,158.5,764.0
2026-07-03 01:10:00+08:00,TAIFEX:CCF1!,158.5,159.0,158.0,158.5,221.0
2026-07-03 01:25:00+08:00,TAIFEX:CCF1!,158.5,159.0,156.5,157.0,576.0
2026-07-03 01:40:00+08:00,TAIFEX:CCF1!,157.0,157.5,156.0,157.5,425.0
2026-07-03 01:55:00+08:00,TAIFEX:CCF1!,157.5,158.0,156.5,158.0,239.0
2026-07-03 02:10:00+08:00,TAIFEX:CCF1!,158.0,158.5,157.0,157.5,88.0
2026-07-03 02:25:00+08:00,TAIFEX:CCF1!,157.5,159.0,157.5,158.5,144.0
2026-07-03 02:40:00+08:00,TAIFEX:CCF1!,158.5,158.5,158.5,158.5,68.0
2026-07-03 02:55:00+08:00,TAIFEX:CCF1!,158.5,159.0,158.0,158.0,132.0
2026-07-03 03:10:00+08:00,TAIFEX:CCF1!,158.0,158.0,157.5,158.0,40.0
2026-07-03 03:25:00+08:00,TAIFEX:CCF1!,157.5,158.5,157.5,158.5,49.0
2026-07-03 03:40:00+08:00,TAIFEX:CCF1!,158.5,159.0,158.5,159.0,40.0
2026-07-03 03:55:00+08:00,TAIFEX:CCF1!,159.0,159.5,159.0,159.5,98.0
2026-07-03 04:10:00+08:00,TAIFEX:CCF1!,159.5,159.5,159.0,159.0,23.0
2026-07-03 04:25:00+08:00,TAIFEX:CCF1!,159.0,159.5,159.0,159.5,16.0
2026-07-03 04:40:00+08:00,TAIFEX:CCF1!,159.0,159.5,159.0,159.5,55.0
2026-07-03 04:55:00+08:00,TAIFEX:CCF1!,159.0,159.5,158.5,158.5,13.0
2026-07-03 08:45:00+08:00,TAIFEX:CCF1!,160.0,161.0,159.0,160.0,1785.0
2026-07-03 09:00:00+08:00,TAIFEX:CCF1!,159.5,163.0,158.0,162.0,3102.0
2026-07-03 09:15:00+08:00,TAIFEX:CCF1!,162.0,163.5,161.0,163.0,1582.0
2026-07-03 09:30:00+08:00,TAIFEX:CCF1!,163.5,165.0,163.0,164.0,1938.0
2026-07-03 09:45:00+08:00,TAIFEX:CCF1!,164.0,166.0,163.0,164.5,1219.0
2026-07-03 10:00:00+08:00,TAIFEX:CCF1!,165.0,166.0,164.5,166.0,1332.0
2026-07-03 10:15:00+08:00,TAIFEX:CCF1!,165.5,169.0,165.5,169.0,2026.0
2026-07-03 10:30:00+08:00,TAIFEX:CCF1!,169.0,170.0,167.0,167.5,2169.0
2026-07-03 10:45:00+08:00,TAIFEX:CCF1!,167.5,168.0,166.0,168.0,1538.0
2026-07-03 11:00:00+08:00,TAIFEX:CCF1!,168.0,168.0,166.5,168.0,711.0
2026-07-03 11:15:00+08:00,TAIFEX:CCF1!,168.0,170.0,168.0,169.5,1296.0
2026-07-03 11:30:00+08:00,TAIFEX:CCF1!,169.5,170.5,168.0,168.5,1551.0
2026-07-03 11:45:00+08:00,TAIFEX:CCF1!,169.0,170.5,168.0,170.0,1152.0
2026-07-03 12:00:00+08:00,TAIFEX:CCF1!,170.0,170.5,169.5,170.0,906.0
2026-07-03 12:15:00+08:00,TAIFEX:CCF1!,170.0,170.5,169.5,170.5,414.0
2026-07-03 12:30:00+08:00,TAIFEX:CCF1!,171.0,171.5,170.0,171.5,635.0
2026-07-03 12:45:00+08:00,TAIFEX:CCF1!,171.0,172.5,170.5,172.0,1200.0
2026-07-03 13:00:00+08:00,TAIFEX:CCF1!,172.0,172.0,171.0,171.5,588.0
2026-07-03 13:15:00+08:00,TAIFEX:CCF1!,171.5,171.5,170.0,171.5,1074.0
2026-07-03 13:30:00+08:00,TAIFEX:CCF1!,171.5,173.0,171.5,173.0,980.0
2026-07-03 17:25:00+08:00,TAIFEX:CCF1!,173.0,173.0,171.5,172.0,170.0
2026-07-03 17:40:00+08:00,TAIFEX:CCF1!,172.0,172.5,172.0,172.5,46.0
2026-07-03 17:55:00+08:00,TAIFEX:CCF1!,172.5,172.5,172.5,172.5,6.0
2026-07-03 18:10:00+08:00,TAIFEX:CCF1!,172.5,173.0,172.5,172.5,22.0
2026-07-03 18:25:00+08:00,TAIFEX:CCF1!,173.0,173.0,173.0,173.0,13.0
2026-07-03 18:40:00+08:00,TAIFEX:CCF1!,173.0,173.5,172.5,173.5,100.0
2026-07-03 18:55:00+08:00,TAIFEX:CCF1!,173.0,173.0,173.0,173.0,73.0
2026-07-03 19:10:00+08:00,TAIFEX:CCF1!,172.5,173.0,172.5,173.0,16.0
2026-07-03 19:25:00+08:00,TAIFEX:CCF1!,173.0,173.5,173.0,173.5,46.0
2026-07-03 19:40:00+08:00,TAIFEX:CCF1!,173.0,173.5,173.0,173.5,59.0
2026-07-03 19:55:00+08:00,TAIFEX:CCF1!,173.5,174.0,173.0,173.5,184.0
2026-07-03 20:10:00+08:00,TAIFEX:CCF1!,173.5,173.5,173.0,173.0,72.0
2026-07-03 20:25:00+08:00,TAIFEX:CCF1!,173.0,173.0,173.0,173.0,30.0
2026-07-03 20:40:00+08:00,TAIFEX:CCF1!,173.0,173.0,173.0,173.0,6.0
2026-07-03 20:55:00+08:00,TAIFEX:CCF1!,173.0,173.0,173.0,173.0,46.0
2026-07-03 21:10:00+08:00,TAIFEX:CCF1!,173.0,173.0,172.5,172.5,56.0
2026-07-03 21:25:00+08:00,TAIFEX:CCF1!,173.0,173.0,173.0,173.0,22.0
2026-07-03 21:40:00+08:00,TAIFEX:CCF1!,173.0,173.0,173.0,173.0,5.0
2026-07-03 21:55:00+08:00,TAIFEX:CCF1!,173.5,173.5,173.0,173.0,8.0
2026-07-03 22:10:00+08:00,TAIFEX:CCF1!,173.0,173.5,173.0,173.5,13.0
2026-07-03 22:25:00+08:00,TAIFEX:CCF1!,173.5,173.5,173.5,173.5,70.0
2026-07-03 22:40:00+08:00,TAIFEX:CCF1!,173.5,174.0,173.5,173.5,92.0
2026-07-03 22:55:00+08:00,TAIFEX:CCF1!,173.5,174.0,173.5,174.0,35.0
2026-07-03 23:10:00+08:00,TAIFEX:CCF1!,174.0,174.5,173.5,173.5,159.0
2026-07-03 23:25:00+08:00,TAIFEX:CCF1!,173.5,174.0,173.5,173.5,14.0
2026-07-03 23:40:00+08:00,TAIFEX:CCF1!,173.5,173.5,173.5,173.5,37.0
2026-07-03 23:55:00+08:00,TAIFEX:CCF1!,173.0,173.5,173.0,173.5,12.0
2026-07-04 00:10:00+08:00,TAIFEX:CCF1!,173.5,173.5,173.5,173.5,1.0
2026-07-04 00:25:00+08:00,TAIFEX:CCF1!,173.5,173.5,173.5,173.5,4.0
2026-07-04 00:40:00+08:00,TAIFEX:CCF1!,173.5,173.5,173.5,173.5,5.0
2026-07-04 00:55:00+08:00,TAIFEX:CCF1!,173.5,173.5,173.5,173.5,6.0
2026-07-04 01:10:00+08:00,TAIFEX:CCF1!,173.5,173.5,173.5,173.5,16.0
2026-07-04 01:40:00+08:00,TAIFEX:CCF1!,173.5,173.5,173.0,173.0,117.0
2026-07-04 01:55:00+08:00,TAIFEX:CCF1!,173.0,173.0,173.0,173.0,4.0
2026-07-04 02:10:00+08:00,TAIFEX:CCF1!,173.0,173.0,173.0,173.0,9.0
2026-07-04 02:25:00+08:00,TAIFEX:CCF1!,173.0,173.0,173.0,173.0,3.0
2026-07-04 02:40:00+08:00,TAIFEX:CCF1!,173.0,173.0,173.0,173.0,1.0
2026-07-04 02:55:00+08:00,TAIFEX:CCF1!,173.0,173.0,173.0,173.0,15.0
2026-07-04 03:10:00+08:00,TAIFEX:CCF1!,173.0,173.0,173.0,173.0,2.0
2026-07-04 03:25:00+08:00,TAIFEX:CCF1!,173.5,173.5,173.5,173.5,41.0
2026-07-04 03:40:00+08:00,TAIFEX:CCF1!,173.5,173.5,173.5,173.5,1.0
2026-07-04 03:55:00+08:00,TAIFEX:CCF1!,173.5,173.5,172.0,172.5,217.0
2026-07-04 04:10:00+08:00,TAIFEX:CCF1!,172.0,172.5,172.0,172.5,7.0
2026-07-04 04:25:00+08:00,TAIFEX:CCF1!,172.5,173.0,172.5,173.0,98.0
2026-07-04 04:40:00+08:00,TAIFEX:CCF1!,173.5,173.5,173.5,173.5,62.0
2026-07-04 04:55:00+08:00,TAIFEX:CCF1!,173.5,173.5,173.0,173.0,33.0
2026-07-06 08:45:00+08:00,TAIFEX:CCF1!,173.5,174.0,172.0,173.5,705.0
2026-07-06 09:00:00+08:00,TAIFEX:CCF1!,173.5,173.5,171.5,173.5,1225.0
2026-07-06 09:15:00+08:00,TAIFEX:CCF1!,173.0,173.5,171.0,171.5,1050.0
2026-07-06 09:30:00+08:00,TAIFEX:CCF1!,171.5,171.5,170.0,170.0,850.0
2026-07-06 09:45:00+08:00,TAIFEX:CCF1!,170.0,170.5,168.5,169.0,816.0
2026-07-06 10:00:00+08:00,TAIFEX:CCF1!,168.5,169.5,167.0,167.5,2196.0
2026-07-06 10:15:00+08:00,TAIFEX:CCF1!,167.5,169.0,167.0,168.5,946.0
2026-07-06 10:30:00+08:00,TAIFEX:CCF1!,168.5,168.5,166.5,166.5,1978.0
2026-07-06 10:45:00+08:00,TAIFEX:CCF1!,166.5,167.0,165.5,166.5,1750.0
2026-07-06 11:00:00+08:00,TAIFEX:CCF1!,166.0,167.0,166.0,167.0,758.0
2026-07-06 11:15:00+08:00,TAIFEX:CCF1!,167.0,169.0,166.5,168.0,1732.0
2026-07-06 11:30:00+08:00,TAIFEX:CCF1!,168.0,168.5,168.0,168.0,607.0
2026-07-06 11:45:00+08:00,TAIFEX:CCF1!,167.5,168.0,167.0,167.5,673.0
2026-07-06 12:00:00+08:00,TAIFEX:CCF1!,167.5,168.0,167.0,168.0,602.0
2026-07-06 12:15:00+08:00,TAIFEX:CCF1!,167.5,168.5,167.5,167.5,323.0
2026-07-06 12:30:00+08:00,TAIFEX:CCF1!,167.5,168.0,167.0,167.5,345.0
2026-07-06 12:45:00+08:00,TAIFEX:CCF1!,167.5,167.5,166.5,167.0,254.0
2026-07-06 13:00:00+08:00,TAIFEX:CCF1!,167.0,167.0,166.0,166.0,580.0
2026-07-06 13:15:00+08:00,TAIFEX:CCF1!,166.0,166.5,165.5,166.5,658.0
2026-07-06 13:30:00+08:00,TAIFEX:CCF1!,166.5,167.0,166.0,166.0,701.0
2026-07-06 17:25:00+08:00,TAIFEX:CCF1!,166.5,167.5,166.5,167.0,263.0
2026-07-06 17:40:00+08:00,TAIFEX:CCF1!,167.0,167.0,166.5,167.0,76.0
2026-07-06 17:55:00+08:00,TAIFEX:CCF1!,167.0,167.0,167.0,167.0,12.0
2026-07-06 18:10:00+08:00,TAIFEX:CCF1!,167.0,167.0,167.0,167.0,39.0
2026-07-06 18:25:00+08:00,TAIFEX:CCF1!,167.0,167.5,167.0,167.5,109.0
2026-07-06 18:40:00+08:00,TAIFEX:CCF1!,167.5,167.5,167.0,167.5,39.0
2026-07-06 18:55:00+08:00,TAIFEX:CCF1!,167.5,167.5,167.5,167.5,41.0
2026-07-06 19:10:00+08:00,TAIFEX:CCF1!,167.5,167.5,167.0,167.0,19.0
2026-07-06 19:25:00+08:00,TAIFEX:CCF1!,167.0,167.5,167.0,167.5,7.0
2026-07-06 19:40:00+08:00,TAIFEX:CCF1!,167.5,167.5,167.5,167.5,10.0
2026-07-06 19:55:00+08:00,TAIFEX:CCF1!,167.5,167.5,167.0,167.5,9.0
2026-07-06 20:10:00+08:00,TAIFEX:CCF1!,167.5,168.0,167.5,167.5,40.0
2026-07-06 20:25:00+08:00,TAIFEX:CCF1!,167.5,167.5,167.0,167.0,11.0
2026-07-06 20:40:00+08:00,TAIFEX:CCF1!,167.5,167.5,167.5,167.5,34.0
2026-07-06 20:55:00+08:00,TAIFEX:CCF1!,167.5,167.5,167.5,167.5,15.0
2026-07-06 21:10:00+08:00,TAIFEX:CCF1!,167.5,168.0,167.0,167.5,59.0
2026-07-06 21:25:00+08:00,TAIFEX:CCF1!,167.5,169.5,167.5,169.0,306.0
2026-07-06 21:40:00+08:00,TAIFEX:CCF1!,169.0,171.5,168.5,171.5,762.0
2026-07-06 21:55:00+08:00,TAIFEX:CCF1!,171.5,172.0,170.5,171.5,481.0
2026-07-06 22:10:00+08:00,TAIFEX:CCF1!,171.5,173.0,171.5,172.0,474.0
2026-07-06 22:25:00+08:00,TAIFEX:CCF1!,172.0,172.0,171.5,171.5,207.0
2026-07-06 22:40:00+08:00,TAIFEX:CCF1!,171.5,172.5,171.5,172.0,182.0
2026-07-06 22:55:00+08:00,TAIFEX:CCF1!,172.0,172.0,171.5,171.5,138.0
2026-07-06 23:10:00+08:00,TAIFEX:CCF1!,171.5,171.5,170.5,171.0,239.0
2026-07-06 23:25:00+08:00,TAIFEX:CCF1!,171.5,172.5,171.5,171.5,184.0
2026-07-06 23:40:00+08:00,TAIFEX:CCF1!,171.5,172.0,171.5,172.0,89.0
2026-07-06 23:55:00+08:00,TAIFEX:CCF1!,172.0,172.0,171.0,171.5,50.0
2026-07-07 00:10:00+08:00,TAIFEX:CCF1!,171.5,172.0,171.5,171.5,32.0
2026-07-07 00:25:00+08:00,TAIFEX:CCF1!,171.5,171.5,171.5,171.5,78.0
2026-07-07 00:40:00+08:00,TAIFEX:CCF1!,171.5,171.5,171.0,171.0,54.0
2026-07-07 00:55:00+08:00,TAIFEX:CCF1!,171.0,171.0,171.0,171.0,101.0
2026-07-07 01:10:00+08:00,TAIFEX:CCF1!,171.0,171.0,170.5,170.5,41.0
2026-07-07 01:25:00+08:00,TAIFEX:CCF1!,170.5,171.0,170.0,170.5,117.0
2026-07-07 01:40:00+08:00,TAIFEX:CCF1!,170.0,170.5,169.5,170.0,119.0
2026-07-07 01:55:00+08:00,TAIFEX:CCF1!,170.0,170.5,170.0,170.5,30.0
2026-07-07 02:10:00+08:00,TAIFEX:CCF1!,170.5,170.5,170.5,170.5,21.0
2026-07-07 02:25:00+08:00,TAIFEX:CCF1!,170.5,170.5,170.5,170.5,5.0
2026-07-07 02:40:00+08:00,TAIFEX:CCF1!,170.5,170.5,170.5,170.5,2.0
2026-07-07 02:55:00+08:00,TAIFEX:CCF1!,170.5,170.5,170.5,170.5,11.0
2026-07-07 03:10:00+08:00,TAIFEX:CCF1!,170.5,171.0,170.5,171.0,21.0
2026-07-07 03:25:00+08:00,TAIFEX:CCF1!,171.0,171.0,170.5,170.5,14.0
2026-07-07 03:40:00+08:00,TAIFEX:CCF1!,170.5,170.5,170.5,170.5,5.0
2026-07-07 03:55:00+08:00,TAIFEX:CCF1!,170.5,170.5,169.5,170.0,86.0
2026-07-07 04:25:00+08:00,TAIFEX:CCF1!,170.0,170.0,170.0,170.0,2.0
2026-07-07 04:40:00+08:00,TAIFEX:CCF1!,170.0,170.5,170.0,170.5,3.0
2026-07-07 04:55:00+08:00,TAIFEX:CCF1!,170.5,170.5,170.0,170.5,13.0
2026-07-07 08:45:00+08:00,TAIFEX:CCF1!,169.5,169.5,167.5,168.0,1369.0
2026-07-07 09:00:00+08:00,TAIFEX:CCF1!,168.0,169.0,166.5,166.5,2254.0
2026-07-07 09:15:00+08:00,TAIFEX:CCF1!,166.5,167.0,164.5,166.5,2305.0
2026-07-07 09:30:00+08:00,TAIFEX:CCF1!,166.5,169.0,166.0,168.5,1286.0
2026-07-07 09:45:00+08:00,TAIFEX:CCF1!,168.5,169.0,167.0,167.0,708.0
2026-07-07 10:00:00+08:00,TAIFEX:CCF1!,167.0,167.0,166.0,166.0,730.0
2026-07-07 10:15:00+08:00,TAIFEX:CCF1!,166.5,166.5,165.0,165.5,481.0
2026-07-07 10:30:00+08:00,TAIFEX:CCF1!,165.0,166.0,165.0,165.5,808.0
2026-07-07 10:45:00+08:00,TAIFEX:CCF1!,165.0,165.5,163.0,163.0,1434.0
2026-07-07 11:00:00+08:00,TAIFEX:CCF1!,163.0,164.5,161.0,161.0,3320.0
2026-07-07 11:15:00+08:00,TAIFEX:CCF1!,161.0,161.5,156.0,156.5,6966.0
2026-07-07 11:30:00+08:00,TAIFEX:CCF1!,157.0,161.5,155.5,158.5,4227.0
2026-07-07 11:45:00+08:00,TAIFEX:CCF1!,158.5,159.5,156.0,158.5,3762.0
2026-07-07 12:00:00+08:00,TAIFEX:CCF1!,158.0,159.5,157.0,157.5,1251.0
2026-07-07 12:15:00+08:00,TAIFEX:CCF1!,157.5,158.0,149.5,151.5,9867.0
2026-07-07 12:30:00+08:00,TAIFEX:CCF1!,151.5,157.0,151.5,156.5,3156.0
2026-07-07 12:45:00+08:00,TAIFEX:CCF1!,156.5,159.0,155.0,158.0,2058.0
2026-07-07 13:00:00+08:00,TAIFEX:CCF1!,158.0,158.0,155.5,155.5,1982.0
2026-07-07 13:15:00+08:00,TAIFEX:CCF1!,156.0,157.0,153.5,155.0,1581.0
2026-07-07 13:30:00+08:00,TAIFEX:CCF1!,155.0,158.0,155.0,156.0,1338.0
2026-07-07 17:25:00+08:00,TAIFEX:CCF1!,156.0,157.0,156.0,156.5,158.0
2026-07-07 17:40:00+08:00,TAIFEX:CCF1!,156.5,156.5,156.5,156.5,47.0
2026-07-07 17:55:00+08:00,TAIFEX:CCF1!,156.5,157.5,156.5,157.0,51.0
2026-07-07 18:10:00+08:00,TAIFEX:CCF1!,157.0,157.5,157.0,157.5,28.0
2026-07-07 18:25:00+08:00,TAIFEX:CCF1!,157.0,157.0,156.5,156.5,54.0
2026-07-07 18:40:00+08:00,TAIFEX:CCF1!,156.5,156.5,156.0,156.5,19.0
2026-07-07 18:55:00+08:00,TAIFEX:CCF1!,156.5,156.5,156.0,156.0,41.0
2026-07-07 19:10:00+08:00,TAIFEX:CCF1!,156.0,156.5,156.0,156.5,19.0
2026-07-07 19:25:00+08:00,TAIFEX:CCF1!,156.5,156.5,155.5,155.5,50.0
2026-07-07 19:40:00+08:00,TAIFEX:CCF1!,155.5,156.0,155.0,156.0,45.0
2026-07-07 19:55:00+08:00,TAIFEX:CCF1!,156.5,157.0,156.5,157.0,52.0
2026-07-07 20:10:00+08:00,TAIFEX:CCF1!,157.0,157.0,156.5,156.5,41.0
2026-07-07 20:25:00+08:00,TAIFEX:CCF1!,156.5,157.0,156.5,157.0,10.0
2026-07-07 20:40:00+08:00,TAIFEX:CCF1!,156.5,157.0,156.0,156.0,14.0
2026-07-07 20:55:00+08:00,TAIFEX:CCF1!,156.0,156.5,156.0,156.5,14.0
2026-07-07 21:10:00+08:00,TAIFEX:CCF1!,156.5,156.5,156.0,156.0,27.0
2026-07-07 21:25:00+08:00,TAIFEX:CCF1!,156.0,157.0,155.0,155.5,403.0
2026-07-07 21:40:00+08:00,TAIFEX:CCF1!,155.5,155.5,153.0,154.0,456.0
2026-07-07 21:55:00+08:00,TAIFEX:CCF1!,153.5,154.5,153.5,153.5,261.0
2026-07-07 22:10:00+08:00,TAIFEX:CCF1!,153.5,153.5,152.0,152.5,277.0
2026-07-07 22:25:00+08:00,TAIFEX:CCF1!,152.0,153.0,151.5,151.5,276.0
2026-07-07 22:40:00+08:00,TAIFEX:CCF1!,151.5,152.5,150.0,152.0,770.0
2026-07-07 22:55:00+08:00,TAIFEX:CCF1!,152.0,153.0,152.0,152.5,272.0
2026-07-07 23:10:00+08:00,TAIFEX:CCF1!,152.5,153.5,152.0,152.0,183.0
2026-07-07 23:25:00+08:00,TAIFEX:CCF1!,152.0,152.0,151.5,152.0,193.0
2026-07-07 23:40:00+08:00,TAIFEX:CCF1!,151.5,153.5,151.0,153.5,178.0
2026-07-07 23:55:00+08:00,TAIFEX:CCF1!,153.0,154.0,152.5,153.5,192.0
2026-07-08 00:10:00+08:00,TAIFEX:CCF1!,153.5,155.5,153.5,155.0,378.0
2026-07-08 00:25:00+08:00,TAIFEX:CCF1!,155.0,156.0,155.0,155.0,640.0
2026-07-08 00:40:00+08:00,TAIFEX:CCF1!,155.0,155.5,154.5,155.5,44.0
2026-07-08 00:55:00+08:00,TAIFEX:CCF1!,155.0,155.5,155.0,155.0,236.0
2026-07-08 01:10:00+08:00,TAIFEX:CCF1!,155.0,155.5,155.0,155.5,123.0
2026-07-08 01:25:00+08:00,TAIFEX:CCF1!,155.5,155.5,155.5,155.5,86.0
2026-07-08 01:40:00+08:00,TAIFEX:CCF1!,156.0,156.0,155.5,155.5,24.0
2026-07-08 01:55:00+08:00,TAIFEX:CCF1!,155.5,155.5,155.5,155.5,7.0
2026-07-08 02:10:00+08:00,TAIFEX:CCF1!,155.0,155.0,155.0,155.0,18.0
2026-07-08 02:25:00+08:00,TAIFEX:CCF1!,155.5,155.5,155.0,155.0,110.0
2026-07-08 02:40:00+08:00,TAIFEX:CCF1!,154.5,154.5,153.5,153.5,161.0
2026-07-08 02:55:00+08:00,TAIFEX:CCF1!,154.0,154.0,153.5,154.0,77.0
2026-07-08 03:10:00+08:00,TAIFEX:CCF1!,153.0,153.0,152.5,152.5,109.0
2026-07-08 03:25:00+08:00,TAIFEX:CCF1!,152.5,154.0,152.5,153.5,115.0
2026-07-08 03:40:00+08:00,TAIFEX:CCF1!,153.5,153.5,153.0,153.5,54.0
2026-07-08 03:55:00+08:00,TAIFEX:CCF1!,154.0,154.0,153.5,154.0,19.0
2026-07-08 04:10:00+08:00,TAIFEX:CCF1!,154.0,154.0,153.5,153.5,26.0
2026-07-08 04:25:00+08:00,TAIFEX:CCF1!,153.5,153.5,153.5,153.5,9.0
2026-07-08 04:40:00+08:00,TAIFEX:CCF1!,153.5,153.5,153.0,153.0,12.0
2026-07-08 04:55:00+08:00,TAIFEX:CCF1!,153.0,153.5,153.0,153.5,21.0
2026-07-08 08:45:00+08:00,TAIFEX:CCF1!,154.5,157.0,154.0,156.0,1522.0
2026-07-08 09:00:00+08:00,TAIFEX:CCF1!,156.5,158.5,155.0,156.0,3248.0
2026-07-08 09:15:00+08:00,TAIFEX:CCF1!,156.0,157.0,152.0,152.5,2562.0
2026-07-08 09:30:00+08:00,TAIFEX:CCF1!,152.5,153.5,146.0,149.0,9069.0
2026-07-08 09:45:00+08:00,TAIFEX:CCF1!,149.0,151.5,149.0,151.0,3029.0
2026-07-08 10:00:00+08:00,TAIFEX:CCF1!,150.5,152.0,150.0,151.0,1754.0
2026-07-08 10:15:00+08:00,TAIFEX:CCF1!,151.5,154.0,151.0,153.0,1280.0
2026-07-08 10:30:00+08:00,TAIFEX:CCF1!,153.0,154.0,152.0,154.0,704.0
2026-07-08 10:45:00+08:00,TAIFEX:CCF1!,154.0,157.5,154.0,156.5,1536.0
2026-07-08 11:00:00+08:00,TAIFEX:CCF1!,156.5,158.0,155.5,157.5,963.0
2026-07-08 11:15:00+08:00,TAIFEX:CCF1!,157.5,164.0,157.5,162.0,4536.0
2026-07-08 11:30:00+08:00,TAIFEX:CCF1!,162.5,163.0,160.0,160.5,1701.0
2026-07-08 11:45:00+08:00,TAIFEX:CCF1!,160.5,161.0,159.5,159.5,885.0
2026-07-08 12:00:00+08:00,TAIFEX:CCF1!,159.5,161.0,159.5,160.5,1176.0
2026-07-08 12:15:00+08:00,TAIFEX:CCF1!,160.5,162.0,159.5,161.5,906.0
2026-07-08 12:30:00+08:00,TAIFEX:CCF1!,161.5,161.5,157.5,157.5,1938.0
2026-07-08 12:45:00+08:00,TAIFEX:CCF1!,158.0,160.5,158.0,160.5,1436.0
2026-07-08 13:00:00+08:00,TAIFEX:CCF1!,160.5,161.5,160.0,161.0,1576.0
2026-07-08 13:15:00+08:00,TAIFEX:CCF1!,161.0,162.5,160.0,162.5,1631.0
2026-07-08 13:30:00+08:00,TAIFEX:CCF1!,162.5,163.5,161.5,162.0,1645.0
2026-07-08 17:25:00+08:00,TAIFEX:CCF1!,158.0,159.5,157.0,158.5,594.0
2026-07-08 17:40:00+08:00,TAIFEX:CCF1!,158.5,159.0,158.0,158.0,147.0
2026-07-08 17:55:00+08:00,TAIFEX:CCF1!,158.0,158.5,158.0,158.5,18.0
2026-07-08 18:10:00+08:00,TAIFEX:CCF1!,158.5,159.0,158.0,158.5,125.0
2026-07-08 18:25:00+08:00,TAIFEX:CCF1!,158.5,159.5,158.5,159.5,126.0
2026-07-08 18:40:00+08:00,TAIFEX:CCF1!,159.5,160.0,159.0,159.0,70.0
2026-07-08 18:55:00+08:00,TAIFEX:CCF1!,159.0,159.0,158.5,158.5,72.0
2026-07-08 19:10:00+08:00,TAIFEX:CCF1!,158.5,158.5,158.0,158.5,95.0
2026-07-08 19:25:00+08:00,TAIFEX:CCF1!,158.5,158.5,157.5,158.0,174.0
2026-07-08 19:40:00+08:00,TAIFEX:CCF1!,158.0,159.5,158.0,159.0,424.0
2026-07-08 19:55:00+08:00,TAIFEX:CCF1!,159.0,159.5,158.5,159.0,147.0
2026-07-08 20:10:00+08:00,TAIFEX:CCF1!,159.0,159.5,159.0,159.5,9.0
2026-07-08 20:25:00+08:00,TAIFEX:CCF1!,159.0,159.0,158.5,159.0,66.0
2026-07-08 20:40:00+08:00,TAIFEX:CCF1!,159.0,159.0,159.0,159.0,70.0
2026-07-08 20:55:00+08:00,TAIFEX:CCF1!,159.0,159.0,158.5,158.5,116.0
2026-07-08 21:10:00+08:00,TAIFEX:CCF1!,159.0,159.0,158.5,158.5,28.0
2026-07-08 21:25:00+08:00,TAIFEX:CCF1!,158.5,161.0,158.0,160.0,604.0
2026-07-08 21:40:00+08:00,TAIFEX:CCF1!,160.0,162.0,160.0,161.0,489.0
2026-07-08 21:55:00+08:00,TAIFEX:CCF1!,161.0,162.0,160.0,160.5,330.0
2026-07-08 22:10:00+08:00,TAIFEX:CCF1!,160.5,161.0,159.0,160.5,259.0
2026-07-08 22:25:00+08:00,TAIFEX:CCF1!,160.5,160.5,160.0,160.5,124.0
2026-07-08 22:40:00+08:00,TAIFEX:CCF1!,160.0,160.0,158.5,159.0,319.0
2026-07-08 22:55:00+08:00,TAIFEX:CCF1!,159.5,160.0,159.0,159.5,82.0
2026-07-08 23:10:00+08:00,TAIFEX:CCF1!,159.0,159.0,157.5,157.5,252.0
2026-07-08 23:25:00+08:00,TAIFEX:CCF1!,157.5,159.5,157.5,158.5,175.0
2026-07-08 23:40:00+08:00,TAIFEX:CCF1!,159.0,159.5,158.5,158.5,229.0
2026-07-08 23:55:00+08:00,TAIFEX:CCF1!,159.0,159.5,159.0,159.5,69.0
2026-07-09 00:10:00+08:00,TAIFEX:CCF1!,160.0,161.0,160.0,160.5,233.0
2026-07-09 00:25:00+08:00,TAIFEX:CCF1!,160.5,161.5,160.5,160.5,114.0
2026-07-09 00:40:00+08:00,TAIFEX:CCF1!,161.0,162.0,161.0,162.0,214.0
2026-07-09 00:55:00+08:00,TAIFEX:CCF1!,162.0,162.0,161.5,162.0,74.0
2026-07-09 01:10:00+08:00,TAIFEX:CCF1!,162.0,162.5,161.5,162.5,56.0
2026-07-09 01:25:00+08:00,TAIFEX:CCF1!,162.5,162.5,162.5,162.5,125.0
2026-07-09 01:40:00+08:00,TAIFEX:CCF1!,162.0,162.0,161.5,161.5,149.0
2026-07-09 01:55:00+08:00,TAIFEX:CCF1!,161.0,162.0,161.0,162.0,17.0
2026-07-09 02:10:00+08:00,TAIFEX:CCF1!,162.0,162.0,162.0,162.0,12.0
2026-07-09 02:25:00+08:00,TAIFEX:CCF1!,162.0,162.0,162.0,162.0,29.0
2026-07-09 02:40:00+08:00,TAIFEX:CCF1!,162.0,162.0,162.0,162.0,27.0
2026-07-09 02:55:00+08:00,TAIFEX:CCF1!,162.0,162.5,161.5,162.0,26.0
2026-07-09 03:10:00+08:00,TAIFEX:CCF1!,161.5,161.5,161.5,161.5,16.0
2026-07-09 03:25:00+08:00,TAIFEX:CCF1!,161.5,161.5,161.5,161.5,45.0
2026-07-09 03:40:00+08:00,TAIFEX:CCF1!,161.0,161.5,161.0,161.5,50.0
2026-07-09 03:55:00+08:00,TAIFEX:CCF1!,161.5,162.0,161.5,161.5,16.0
2026-07-09 04:10:00+08:00,TAIFEX:CCF1!,161.5,161.5,161.5,161.5,19.0
2026-07-09 04:25:00+08:00,TAIFEX:CCF1!,161.5,161.5,161.5,161.5,32.0
2026-07-09 04:40:00+08:00,TAIFEX:CCF1!,162.0,162.0,162.0,162.0,6.0
2026-07-09 04:55:00+08:00,TAIFEX:CCF1!,162.0,162.5,162.0,162.0,42.0
2026-07-09 08:45:00+08:00,TAIFEX:CCF1!,163.5,164.0,161.0,161.5,1018.0
2026-07-09 09:00:00+08:00,TAIFEX:CCF1!,161.5,162.0,159.0,161.0,2090.0
2026-07-09 09:15:00+08:00,TAIFEX:CCF1!,160.5,161.5,159.0,160.5,1383.0
2026-07-09 09:30:00+08:00,TAIFEX:CCF1!,160.5,161.0,159.0,160.5,929.0
2026-07-09 09:45:00+08:00,TAIFEX:CCF1!,160.5,161.0,157.0,158.0,2252.0
2026-07-09 10:00:00+08:00,TAIFEX:CCF1!,157.5,160.5,157.5,159.0,2165.0
2026-07-09 10:15:00+08:00,TAIFEX:CCF1!,159.0,160.0,158.5,159.0,763.0
2026-07-09 10:30:00+08:00,TAIFEX:CCF1!,159.0,159.0,157.5,158.0,1036.0
2026-07-09 10:45:00+08:00,TAIFEX:CCF1!,157.5,158.0,156.0,157.0,1139.0
2026-07-09 11:00:00+08:00,TAIFEX:CCF1!,157.0,157.0,154.0,154.0,1315.0
2026-07-09 11:15:00+08:00,TAIFEX:CCF1!,154.5,157.5,154.0,157.0,2008.0
2026-07-09 11:30:00+08:00,TAIFEX:CCF1!,157.0,158.5,156.5,158.0,736.0
2026-07-09 11:45:00+08:00,TAIFEX:CCF1!,158.0,159.0,158.0,158.0,743.0
2026-07-09 12:00:00+08:00,TAIFEX:CCF1!,158.5,158.5,157.5,157.5,593.0
2026-07-09 12:15:00+08:00,TAIFEX:CCF1!,158.0,158.5,157.0,157.5,710.0
2026-07-09 12:30:00+08:00,TAIFEX:CCF1!,157.5,158.5,157.5,158.5,368.0
2026-07-09 12:45:00+08:00,TAIFEX:CCF1!,158.5,158.5,158.5,158.5,175.0
2026-07-09 13:00:00+08:00,TAIFEX:CCF1!,158.5,158.5,157.5,158.0,506.0
2026-07-09 13:15:00+08:00,TAIFEX:CCF1!,158.0,158.0,157.0,157.0,368.0
2026-07-09 13:30:00+08:00,TAIFEX:CCF1!,157.0,158.0,156.5,158.0,466.0
2026-07-09 17:25:00+08:00,TAIFEX:CCF1!,159.0,160.0,159.0,159.0,317.0
2026-07-09 17:40:00+08:00,TAIFEX:CCF1!,159.5,159.5,159.0,159.5,60.0
2026-07-09 17:55:00+08:00,TAIFEX:CCF1!,159.5,159.5,159.0,159.5,15.0
2026-07-09 18:10:00+08:00,TAIFEX:CCF1!,159.0,159.5,159.0,159.5,58.0
2026-07-09 18:25:00+08:00,TAIFEX:CCF1!,159.5,159.5,159.0,159.5,54.0
2026-07-09 18:40:00+08:00,TAIFEX:CCF1!,159.0,159.0,159.0,159.0,21.0
2026-07-09 18:55:00+08:00,TAIFEX:CCF1!,159.0,159.5,158.5,159.0,89.0
2026-07-09 19:10:00+08:00,TAIFEX:CCF1!,159.0,159.0,158.5,159.0,11.0
2026-07-09 19:25:00+08:00,TAIFEX:CCF1!,159.0,159.5,159.0,159.5,80.0
2026-07-09 19:40:00+08:00,TAIFEX:CCF1!,160.0,160.5,159.5,160.5,151.0
2026-07-09 19:55:00+08:00,TAIFEX:CCF1!,160.0,160.5,160.0,160.5,219.0
2026-07-09 20:10:00+08:00,TAIFEX:CCF1!,160.5,160.5,160.0,160.5,135.0
2026-07-09 20:25:00+08:00,TAIFEX:CCF1!,160.5,161.0,160.5,161.0,132.0
2026-07-09 20:40:00+08:00,TAIFEX:CCF1!,161.0,161.0,160.0,160.5,144.0
2026-07-09 20:55:00+08:00,TAIFEX:CCF1!,160.5,161.0,160.5,160.5,108.0
2026-07-09 21:10:00+08:00,TAIFEX:CCF1!,161.0,161.0,160.0,160.5,45.0
2026-07-09 21:25:00+08:00,TAIFEX:CCF1!,160.5,163.5,160.5,163.0,741.0
2026-07-09 21:40:00+08:00,TAIFEX:CCF1!,163.0,164.5,162.5,163.5,848.0
2026-07-09 21:55:00+08:00,TAIFEX:CCF1!,163.5,164.0,162.5,162.5,411.0
2026-07-09 22:10:00+08:00,TAIFEX:CCF1!,162.5,162.5,160.0,162.0,761.0
2026-07-09 22:25:00+08:00,TAIFEX:CCF1!,162.0,162.0,162.0,162.0,163.0
2026-07-09 22:40:00+08:00,TAIFEX:CCF1!,162.0,163.0,162.0,162.5,282.0
2026-07-09 22:55:00+08:00,TAIFEX:CCF1!,162.5,162.5,162.0,162.5,130.0
2026-07-09 23:10:00+08:00,TAIFEX:CCF1!,163.0,163.5,163.0,163.5,372.0
2026-07-09 23:25:00+08:00,TAIFEX:CCF1!,163.5,163.5,163.0,163.0,13.0
2026-07-09 23:40:00+08:00,TAIFEX:CCF1!,163.0,164.0,163.0,163.5,173.0
2026-07-09 23:55:00+08:00,TAIFEX:CCF1!,163.5,164.0,163.0,163.5,125.0
2026-07-10 00:10:00+08:00,TAIFEX:CCF1!,163.5,163.5,162.5,162.5,192.0
2026-07-10 00:25:00+08:00,TAIFEX:CCF1!,162.5,163.0,162.5,162.5,175.0
2026-07-10 00:40:00+08:00,TAIFEX:CCF1!,162.5,163.0,162.5,163.0,3.0
2026-07-10 00:55:00+08:00,TAIFEX:CCF1!,163.0,163.0,163.0,163.0,3.0
2026-07-10 01:10:00+08:00,TAIFEX:CCF1!,163.0,163.0,163.0,163.0,60.0
2026-07-10 01:25:00+08:00,TAIFEX:CCF1!,163.0,163.0,163.0,163.0,32.0
2026-07-10 01:40:00+08:00,TAIFEX:CCF1!,163.0,163.0,162.5,162.5,52.0
2026-07-10 01:55:00+08:00,TAIFEX:CCF1!,162.5,162.5,162.5,162.5,48.0
2026-07-10 02:10:00+08:00,TAIFEX:CCF1!,162.5,162.5,162.5,162.5,5.0
2026-07-10 02:25:00+08:00,TAIFEX:CCF1!,162.5,163.0,162.0,162.5,96.0
2026-07-10 02:40:00+08:00,TAIFEX:CCF1!,162.5,162.5,162.5,162.5,5.0
2026-07-10 02:55:00+08:00,TAIFEX:CCF1!,162.5,162.5,162.0,162.5,69.0
2026-07-10 03:10:00+08:00,TAIFEX:CCF1!,162.0,162.0,161.5,161.5,39.0
2026-07-10 03:25:00+08:00,TAIFEX:CCF1!,162.0,162.5,161.5,162.0,27.0
2026-07-10 03:40:00+08:00,TAIFEX:CCF1!,162.0,162.0,161.5,161.5,93.0
2026-07-10 03:55:00+08:00,TAIFEX:CCF1!,161.5,162.0,161.5,161.5,92.0
2026-07-10 04:10:00+08:00,TAIFEX:CCF1!,161.5,162.0,161.5,162.0,4.0
2026-07-10 04:25:00+08:00,TAIFEX:CCF1!,161.5,162.0,161.0,161.0,35.0
2026-07-10 04:40:00+08:00,TAIFEX:CCF1!,161.5,161.5,161.0,161.5,45.0
2026-07-10 04:55:00+08:00,TAIFEX:CCF1!,161.0,161.5,160.5,161.0,65.0
2026-07-13 08:45:00+08:00,TAIFEX:CCF1!,158.5,159.0,156.0,156.5,1501.0
2026-07-13 09:00:00+08:00,TAIFEX:CCF1!,156.5,157.5,154.0,156.5,3071.0
2026-07-13 09:15:00+08:00,TAIFEX:CCF1!,156.5,160.5,155.0,157.0,2829.0
2026-07-13 09:30:00+08:00,TAIFEX:CCF1!,156.5,158.0,155.0,155.0,1705.0
2026-07-13 09:45:00+08:00,TAIFEX:CCF1!,155.5,156.0,153.5,156.0,2720.0
2026-07-13 10:00:00+08:00,TAIFEX:CCF1!,156.0,157.0,155.0,156.0,909.0
2026-07-13 10:15:00+08:00,TAIFEX:CCF1!,156.0,157.0,155.5,156.5,629.0
2026-07-13 10:30:00+08:00,TAIFEX:CCF1!,156.0,157.5,156.0,157.0,578.0
2026-07-13 10:45:00+08:00,TAIFEX:CCF1!,157.0,157.5,156.5,157.0,661.0
2026-07-13 11:00:00+08:00,TAIFEX:CCF1!,157.0,157.0,155.0,156.0,1513.0
2026-07-13 11:15:00+08:00,TAIFEX:CCF1!,156.0,156.0,155.5,156.0,576.0
2026-07-13 11:30:00+08:00,TAIFEX:CCF1!,156.0,156.0,155.0,155.0,1025.0
2026-07-13 11:45:00+08:00,TAIFEX:CCF1!,155.0,155.0,152.5,152.5,1322.0
2026-07-13 12:00:00+08:00,TAIFEX:CCF1!,152.5,153.0,151.0,152.0,1620.0
2026-07-13 12:15:00+08:00,TAIFEX:CCF1!,152.5,153.5,152.0,152.5,464.0
2026-07-13 12:30:00+08:00,TAIFEX:CCF1!,152.5,152.5,150.5,152.5,656.0
2026-07-13 12:45:00+08:00,TAIFEX:CCF1!,152.5,153.0,152.0,152.5,604.0
2026-07-13 13:00:00+08:00,TAIFEX:CCF1!,152.5,155.0,152.0,155.0,1473.0
2026-07-13 13:15:00+08:00,TAIFEX:CCF1!,155.0,156.0,153.0,154.0,1643.0
2026-07-13 13:30:00+08:00,TAIFEX:CCF1!,154.0,155.0,154.0,154.0,710.0
2026-07-13 17:25:00+08:00,TAIFEX:CCF1!,155.5,155.5,154.5,155.0,62.0
2026-07-13 17:40:00+08:00,TAIFEX:CCF1!,155.0,155.0,154.5,154.5,25.0
2026-07-13 17:55:00+08:00,TAIFEX:CCF1!,155.0,155.0,154.5,154.5,27.0
2026-07-13 18:10:00+08:00,TAIFEX:CCF1!,154.5,154.5,154.5,154.5,2.0
2026-07-13 18:25:00+08:00,TAIFEX:CCF1!,154.0,154.0,154.0,154.0,4.0
2026-07-13 18:40:00+08:00,TAIFEX:CCF1!,154.0,154.5,154.0,154.5,3.0
2026-07-13 18:55:00+08:00,TAIFEX:CCF1!,154.5,155.0,154.5,155.0,36.0
2026-07-13 19:10:00+08:00,TAIFEX:CCF1!,154.5,154.5,154.5,154.5,40.0
2026-07-13 19:25:00+08:00,TAIFEX:CCF1!,154.5,154.5,154.5,154.5,7.0
2026-07-13 19:40:00+08:00,TAIFEX:CCF1!,154.5,154.5,154.0,154.0,21.0
2026-07-13 19:55:00+08:00,TAIFEX:CCF1!,154.0,154.0,153.5,154.0,80.0
2026-07-13 20:10:00+08:00,TAIFEX:CCF1!,154.0,154.0,153.5,153.5,23.0
2026-07-13 20:25:00+08:00,TAIFEX:CCF1!,153.0,153.5,153.0,153.0,55.0
2026-07-13 20:40:00+08:00,TAIFEX:CCF1!,153.0,154.0,153.0,154.0,12.0
2026-07-13 20:55:00+08:00,TAIFEX:CCF1!,154.0,154.0,154.0,154.0,1.0
2026-07-13 21:10:00+08:00,TAIFEX:CCF1!,153.5,153.5,153.5,153.5,10.0
2026-07-13 21:25:00+08:00,TAIFEX:CCF1!,153.5,154.0,152.5,153.0,135.0
2026-07-13 21:40:00+08:00,TAIFEX:CCF1!,152.5,152.5,151.0,152.0,331.0
2026-07-13 21:55:00+08:00,TAIFEX:CCF1!,151.5,152.0,151.5,152.0,133.0
2026-07-13 22:10:00+08:00,TAIFEX:CCF1!,152.0,153.0,151.5,153.0,251.0
2026-07-13 22:25:00+08:00,TAIFEX:CCF1!,153.0,153.5,153.0,153.5,122.0
2026-07-13 22:40:00+08:00,TAIFEX:CCF1!,153.0,153.0,152.0,152.0,190.0
2026-07-13 22:55:00+08:00,TAIFEX:CCF1!,152.5,153.0,152.5,153.0,41.0
2026-07-13 23:10:00+08:00,TAIFEX:CCF1!,153.0,153.0,152.5,152.5,32.0
2026-07-13 23:25:00+08:00,TAIFEX:CCF1!,152.5,152.5,152.5,152.5,26.0
2026-07-13 23:40:00+08:00,TAIFEX:CCF1!,152.5,152.5,152.0,152.0,15.0
2026-07-13 23:55:00+08:00,TAIFEX:CCF1!,152.0,152.0,152.0,152.0,2.0
2026-07-14 00:10:00+08:00,TAIFEX:CCF1!,152.5,152.5,152.0,152.0,25.0
2026-07-14 00:25:00+08:00,TAIFEX:CCF1!,151.5,151.5,151.0,151.5,83.0
2026-07-14 00:40:00+08:00,TAIFEX:CCF1!,151.5,152.0,151.5,152.0,58.0
2026-07-14 00:55:00+08:00,TAIFEX:CCF1!,151.5,152.0,151.5,152.0,30.0
2026-07-14 01:10:00+08:00,TAIFEX:CCF1!,152.5,153.0,152.5,152.5,230.0
2026-07-14 01:25:00+08:00,TAIFEX:CCF1!,152.0,152.0,152.0,152.0,21.0
2026-07-14 01:40:00+08:00,TAIFEX:CCF1!,152.0,152.0,151.5,151.5,15.0
2026-07-14 01:55:00+08:00,TAIFEX:CCF1!,152.0,152.0,151.5,152.0,43.0
2026-07-14 02:10:00+08:00,TAIFEX:CCF1!,152.0,152.0,152.0,152.0,3.0
2026-07-14 02:25:00+08:00,TAIFEX:CCF1!,151.5,151.5,151.5,151.5,2.0
2026-07-14 02:40:00+08:00,TAIFEX:CCF1!,151.5,152.0,151.5,152.0,27.0
2026-07-14 02:55:00+08:00,TAIFEX:CCF1!,152.0,152.0,152.0,152.0,7.0
2026-07-14 03:10:00+08:00,TAIFEX:CCF1!,151.5,151.5,151.5,151.5,30.0
2026-07-14 03:25:00+08:00,TAIFEX:CCF1!,151.0,152.0,151.0,151.5,16.0
2026-07-14 03:40:00+08:00,TAIFEX:CCF1!,151.5,152.0,151.5,152.0,29.0
2026-07-14 03:55:00+08:00,TAIFEX:CCF1!,151.5,151.5,151.5,151.5,12.0
2026-07-14 04:10:00+08:00,TAIFEX:CCF1!,151.0,151.0,151.0,151.0,6.0
2026-07-14 04:25:00+08:00,TAIFEX:CCF1!,151.0,151.0,151.0,151.0,26.0
2026-07-14 04:40:00+08:00,TAIFEX:CCF1!,151.0,151.0,150.5,150.5,42.0
2026-07-14 04:55:00+08:00,TAIFEX:CCF1!,151.0,151.5,151.0,151.5,17.0
2026-07-14 08:45:00+08:00,TAIFEX:CCF1!,151.0,152.0,149.0,151.5,756.0
2026-07-14 09:00:00+08:00,TAIFEX:CCF1!,151.5,152.0,146.5,147.0,1975.0
2026-07-14 09:15:00+08:00,TAIFEX:CCF1!,147.0,151.0,147.0,150.5,3650.0
2026-07-14 09:30:00+08:00,TAIFEX:CCF1!,150.0,150.5,148.5,150.5,2994.0
2026-07-14 09:45:00+08:00,TAIFEX:CCF1!,150.0,150.0,146.5,148.0,2847.0
2026-07-14 10:00:00+08:00,TAIFEX:CCF1!,148.0,148.5,143.5,144.5,3862.0
2026-07-14 10:15:00+08:00,TAIFEX:CCF1!,144.5,144.5,141.0,143.5,4923.0
2026-07-14 10:30:00+08:00,TAIFEX:CCF1!,143.5,146.0,143.0,144.5,3083.0
2026-07-14 10:45:00+08:00,TAIFEX:CCF1!,144.5,145.0,143.0,144.0,1367.0
2026-07-14 11:00:00+08:00,TAIFEX:CCF1!,143.5,143.5,139.5,140.0,2031.0
2026-07-14 11:15:00+08:00,TAIFEX:CCF1!,140.0,142.0,139.5,141.5,3392.0
2026-07-14 11:30:00+08:00,TAIFEX:CCF1!,141.5,142.5,139.5,140.5,2124.0
2026-07-14 11:45:00+08:00,TAIFEX:CCF1!,140.5,145.0,139.5,144.0,2694.0
2026-07-14 12:00:00+08:00,TAIFEX:CCF1!,144.0,146.5,143.5,144.0,2176.0
2026-07-14 12:15:00+08:00,TAIFEX:CCF1!,144.0,147.5,143.5,147.0,1117.0
2026-07-14 12:30:00+08:00,TAIFEX:CCF1!,147.0,149.5,146.5,148.5,1382.0
2026-07-14 12:45:00+08:00,TAIFEX:CCF1!,148.5,150.5,148.5,149.5,1776.0
2026-07-14 13:00:00+08:00,TAIFEX:CCF1!,149.5,151.5,149.5,150.5,1472.0
2026-07-14 13:15:00+08:00,TAIFEX:CCF1!,150.5,152.5,150.5,152.0,1313.0
2026-07-14 13:30:00+08:00,TAIFEX:CCF1!,151.5,152.0,151.0,152.0,509.0
2026-07-14 17:25:00+08:00,TAIFEX:CCF1!,153.0,154.5,152.5,154.5,278.0
2026-07-14 17:40:00+08:00,TAIFEX:CCF1!,154.5,154.5,154.0,154.5,68.0
2026-07-14 17:55:00+08:00,TAIFEX:CCF1!,154.5,154.5,154.0,154.5,58.0
2026-07-14 18:10:00+08:00,TAIFEX:CCF1!,154.5,154.5,153.5,154.0,44.0
2026-07-14 18:25:00+08:00,TAIFEX:CCF1!,154.0,154.5,154.0,154.5,57.0
2026-07-14 18:40:00+08:00,TAIFEX:CCF1!,154.5,155.0,154.5,154.5,45.0
2026-07-14 18:55:00+08:00,TAIFEX:CCF1!,154.5,154.5,154.0,154.0,48.0
2026-07-14 19:10:00+08:00,TAIFEX:CCF1!,154.0,155.0,154.0,155.0,47.0
2026-07-14 19:25:00+08:00,TAIFEX:CCF1!,155.0,155.5,154.5,155.0,88.0
2026-07-14 19:40:00+08:00,TAIFEX:CCF1!,155.0,155.5,155.0,155.5,50.0
2026-07-14 19:55:00+08:00,TAIFEX:CCF1!,155.5,155.5,155.0,155.5,24.0
2026-07-14 20:10:00+08:00,TAIFEX:CCF1!,155.0,156.5,155.0,156.5,129.0
2026-07-14 20:25:00+08:00,TAIFEX:CCF1!,156.5,159.5,156.0,159.5,847.0
2026-07-14 20:40:00+08:00,TAIFEX:CCF1!,159.0,160.0,158.5,159.0,516.0
2026-07-14 20:55:00+08:00,TAIFEX:CCF1!,158.5,159.0,158.5,159.0,87.0
2026-07-14 21:10:00+08:00,TAIFEX:CCF1!,159.0,159.0,158.5,158.5,271.0
2026-07-14 21:25:00+08:00,TAIFEX:CCF1!,158.5,158.5,157.5,158.0,257.0
2026-07-14 21:40:00+08:00,TAIFEX:CCF1!,158.0,158.0,156.5,157.0,461.0
2026-07-14 21:55:00+08:00,TAIFEX:CCF1!,157.0,157.5,156.0,156.0,278.0
2026-07-14 22:10:00+08:00,TAIFEX:CCF1!,156.0,157.0,155.0,156.5,655.0
2026-07-14 22:25:00+08:00,TAIFEX:CCF1!,156.5,157.0,156.0,157.0,378.0
2026-07-14 22:40:00+08:00,TAIFEX:CCF1!,157.0,157.0,156.0,156.5,194.0
2026-07-14 22:55:00+08:00,TAIFEX:CCF1!,156.5,158.0,156.5,157.5,130.0
2026-07-14 23:10:00+08:00,TAIFEX:CCF1!,157.5,158.0,157.0,158.0,357.0
2026-07-14 23:25:00+08:00,TAIFEX:CCF1!,158.0,158.0,157.0,157.5,56.0
2026-07-14 23:40:00+08:00,TAIFEX:CCF1!,157.0,158.5,157.0,157.5,133.0
2026-07-14 23:55:00+08:00,TAIFEX:CCF1!,157.5,157.5,157.0,157.0,37.0
2026-07-15 00:10:00+08:00,TAIFEX:CCF1!,157.0,157.0,157.0,157.0,26.0
2026-07-15 00:25:00+08:00,TAIFEX:CCF1!,157.5,157.5,157.0,157.0,69.0
2026-07-15 00:40:00+08:00,TAIFEX:CCF1!,157.0,157.0,157.0,157.0,13.0
2026-07-15 00:55:00+08:00,TAIFEX:CCF1!,157.0,157.0,157.0,157.0,27.0
2026-07-15 01:10:00+08:00,TAIFEX:CCF1!,157.0,157.0,156.5,157.0,23.0
2026-07-15 01:25:00+08:00,TAIFEX:CCF1!,157.5,157.5,157.5,157.5,1.0
2026-07-15 01:40:00+08:00,TAIFEX:CCF1!,157.0,157.0,157.0,157.0,3.0
2026-07-15 01:55:00+08:00,TAIFEX:CCF1!,157.5,157.5,157.5,157.5,14.0
2026-07-15 02:10:00+08:00,TAIFEX:CCF1!,157.5,157.5,157.5,157.5,5.0
2026-07-15 02:25:00+08:00,TAIFEX:CCF1!,157.5,157.5,157.5,157.5,6.0
2026-07-15 02:40:00+08:00,TAIFEX:CCF1!,157.5,157.5,157.0,157.0,8.0
2026-07-15 02:55:00+08:00,TAIFEX:CCF1!,157.0,157.0,156.5,156.5,48.0
2026-07-15 03:10:00+08:00,TAIFEX:CCF1!,157.0,157.0,157.0,157.0,6.0
2026-07-15 03:25:00+08:00,TAIFEX:CCF1!,157.0,157.0,156.5,157.0,45.0
2026-07-15 03:40:00+08:00,TAIFEX:CCF1!,156.5,157.0,156.5,157.0,16.0
2026-07-15 03:55:00+08:00,TAIFEX:CCF1!,157.0,157.0,157.0,157.0,6.0
2026-07-15 04:10:00+08:00,TAIFEX:CCF1!,157.0,157.0,157.0,157.0,10.0
2026-07-15 04:40:00+08:00,TAIFEX:CCF1!,157.0,157.0,156.5,156.5,27.0
2026-07-15 04:55:00+08:00,TAIFEX:CCF1!,157.0,157.5,157.0,157.0,11.0
2026-07-15 08:45:00+08:00,TAIFEX:CCF1!,159.5,161.5,158.5,160.0,3311.0
2026-07-15 09:00:00+08:00,TAIFEX:CCF1!,160.0,160.5,157.0,157.5,2043.0
2026-07-15 09:15:00+08:00,TAIFEX:CCF1!,157.0,161.0,157.0,159.5,2156.0
2026-07-15 09:30:00+08:00,TAIFEX:CCF1!,160.0,161.5,158.5,159.0,2660.0
2026-07-15 09:45:00+08:00,TAIFEX:CCF1!,159.0,162.0,159.0,161.5,1475.0
2026-07-15 10:00:00+08:00,TAIFEX:CCF1!,162.0,165.5,162.0,165.0,4203.0
2026-07-15 10:15:00+08:00,TAIFEX:CCF1!,164.5,166.0,163.5,165.5,2617.0
2026-07-15 10:30:00+08:00,TAIFEX:CCF1!,166.0,168.0,165.5,167.5,3062.0
2026-07-15 10:45:00+08:00,TAIFEX:CCF1!,167.5,168.0,166.0,166.0,5390.0
2026-07-15 11:00:00+08:00,TAIFEX:CCF1!,166.0,166.5,164.0,165.0,2649.0
2026-07-15 11:15:00+08:00,TAIFEX:CCF1!,165.0,166.5,164.5,166.5,1270.0
2026-07-15 11:30:00+08:00,TAIFEX:CCF1!,166.0,167.0,165.5,166.0,954.0
2026-07-15 11:45:00+08:00,TAIFEX:CCF1!,166.0,166.5,165.5,165.5,927.0
2026-07-15 12:00:00+08:00,TAIFEX:CCF1!,166.0,166.5,165.0,165.5,1472.0
2026-07-15 12:15:00+08:00,TAIFEX:CCF1!,166.0,166.5,165.5,166.0,593.0
2026-07-15 12:30:00+08:00,TAIFEX:CCF1!,166.0,167.5,165.5,167.0,1212.0
2026-07-15 12:45:00+08:00,TAIFEX:CCF1!,167.0,168.0,167.0,168.0,4332.0
2026-07-15 13:00:00+08:00,TAIFEX:CCF1!,168.0,168.0,167.0,168.0,1713.0
2026-07-15 13:15:00+08:00,TAIFEX:CCF1!,167.5,168.0,167.0,168.0,2076.0
2026-07-15 13:30:00+08:00,TAIFEX:CCF1!,168.0,168.0,167.5,168.0,785.0
2026-07-15 17:25:00+08:00,TAIFEX:CCF1!,167.5,168.0,167.0,168.0,423.0
2026-07-15 17:40:00+08:00,TAIFEX:CCF1!,168.0,169.0,168.0,168.0,347.0
2026-07-15 17:55:00+08:00,TAIFEX:CCF1!,168.0,168.5,168.0,168.0,20.0
2026-07-15 18:10:00+08:00,TAIFEX:CCF1!,168.0,168.5,168.0,168.0,134.0
2026-07-15 18:25:00+08:00,TAIFEX:CCF1!,168.0,168.5,168.0,168.5,148.0
2026-07-15 18:40:00+08:00,TAIFEX:CCF1!,168.5,169.0,168.5,168.5,149.0
2026-07-15 18:55:00+08:00,TAIFEX:CCF1!,168.5,169.0,168.5,168.5,70.0
2026-07-15 19:10:00+08:00,TAIFEX:CCF1!,168.5,169.0,168.5,168.5,23.0
2026-07-15 19:25:00+08:00,TAIFEX:CCF1!,169.0,169.0,168.5,169.0,222.0
2026-07-15 19:40:00+08:00,TAIFEX:CCF1!,168.5,169.0,168.5,169.0,20.0
2026-07-15 19:55:00+08:00,TAIFEX:CCF1!,168.5,169.0,168.0,168.5,136.0
2026-07-15 20:10:00+08:00,TAIFEX:CCF1!,168.5,169.0,168.0,168.5,130.0
2026-07-15 20:25:00+08:00,TAIFEX:CCF1!,168.5,169.0,168.5,168.5,168.0
2026-07-15 20:40:00+08:00,TAIFEX:CCF1!,168.5,169.5,168.5,169.0,163.0
2026-07-15 20:55:00+08:00,TAIFEX:CCF1!,169.0,169.5,169.0,169.5,91.0
2026-07-15 21:10:00+08:00,TAIFEX:CCF1!,169.0,169.0,168.5,168.5,107.0
2026-07-15 21:25:00+08:00,TAIFEX:CCF1!,168.5,169.0,168.0,168.5,655.0
2026-07-15 21:40:00+08:00,TAIFEX:CCF1!,168.5,168.5,167.0,167.5,1228.0
2026-07-15 21:55:00+08:00,TAIFEX:CCF1!,167.5,169.0,167.5,169.0,670.0
2026-07-15 22:10:00+08:00,TAIFEX:CCF1!,168.5,168.5,165.5,165.5,1575.0
2026-07-15 22:25:00+08:00,TAIFEX:CCF1!,166.0,167.0,164.0,164.5,1301.0
2026-07-15 22:40:00+08:00,TAIFEX:CCF1!,164.5,165.0,162.0,164.0,1083.0
2026-07-15 22:55:00+08:00,TAIFEX:CCF1!,164.0,165.0,163.5,165.0,554.0
2026-07-15 23:10:00+08:00,TAIFEX:CCF1!,165.0,165.0,162.5,163.0,650.0
2026-07-15 23:25:00+08:00,TAIFEX:CCF1!,163.5,164.5,163.5,164.5,207.0
2026-07-15 23:40:00+08:00,TAIFEX:CCF1!,164.0,164.0,162.5,163.5,320.0
2026-07-15 23:55:00+08:00,TAIFEX:CCF1!,163.5,163.5,161.0,161.5,703.0
2026-07-16 00:10:00+08:00,TAIFEX:CCF1!,162.0,162.0,160.0,160.0,601.0
2026-07-16 00:25:00+08:00,TAIFEX:CCF1!,160.0,161.5,160.0,160.5,541.0
2026-07-16 00:40:00+08:00,TAIFEX:CCF1!,161.0,162.5,160.5,162.5,397.0
2026-07-16 00:55:00+08:00,TAIFEX:CCF1!,162.5,163.0,162.0,163.0,229.0
2026-07-16 01:10:00+08:00,TAIFEX:CCF1!,163.0,164.0,163.0,164.0,167.0
2026-07-16 01:25:00+08:00,TAIFEX:CCF1!,164.0,164.5,163.5,164.0,323.0
2026-07-16 01:40:00+08:00,TAIFEX:CCF1!,164.0,164.5,163.5,164.0,232.0
2026-07-16 01:55:00+08:00,TAIFEX:CCF1!,164.0,164.5,164.0,164.5,76.0
2026-07-16 02:10:00+08:00,TAIFEX:CCF1!,164.5,164.5,163.5,164.5,138.0
2026-07-16 02:25:00+08:00,TAIFEX:CCF1!,164.5,165.0,164.0,164.5,104.0
2026-07-16 02:40:00+08:00,TAIFEX:CCF1!,164.5,164.5,163.5,163.5,51.0
2026-07-16 02:55:00+08:00,TAIFEX:CCF1!,163.5,164.0,163.5,164.0,64.0
2026-07-16 03:10:00+08:00,TAIFEX:CCF1!,164.0,164.5,163.5,163.5,28.0
2026-07-16 03:25:00+08:00,TAIFEX:CCF1!,164.0,164.0,164.0,164.0,14.0
2026-07-16 03:40:00+08:00,TAIFEX:CCF1!,164.5,165.0,164.0,164.5,137.0
2026-07-16 03:55:00+08:00,TAIFEX:CCF1!,164.5,165.0,164.0,164.5,42.0
2026-07-16 04:10:00+08:00,TAIFEX:CCF1!,164.5,164.5,164.5,164.5,10.0
2026-07-16 04:25:00+08:00,TAIFEX:CCF1!,164.5,164.5,164.5,164.5,16.0
2026-07-16 04:40:00+08:00,TAIFEX:CCF1!,165.0,165.0,164.0,164.5,104.0
2026-07-16 04:55:00+08:00,TAIFEX:CCF1!,164.5,164.5,164.0,164.5,25.0
2026-07-16 08:45:00+08:00,TAIFEX:CCF1!,163.5,165.5,162.0,163.5,2407.0
2026-07-16 09:00:00+08:00,TAIFEX:CCF1!,163.5,163.5,161.0,163.5,4013.0
2026-07-16 09:15:00+08:00,TAIFEX:CCF1!,163.0,164.0,161.0,161.5,2253.0
2026-07-16 09:30:00+08:00,TAIFEX:CCF1!,161.5,164.5,160.5,163.0,2365.0
2026-07-16 09:45:00+08:00,TAIFEX:CCF1!,163.0,167.5,162.5,166.0,3753.0
2026-07-16 10:00:00+08:00,TAIFEX:CCF1!,166.0,166.0,164.0,164.5,1902.0
2026-07-16 10:15:00+08:00,TAIFEX:CCF1!,165.0,169.0,165.0,168.5,2744.0
2026-07-16 10:30:00+08:00,TAIFEX:CCF1!,168.5,168.5,167.0,167.5,2510.0
2026-07-16 10:45:00+08:00,TAIFEX:CCF1!,168.0,170.0,167.5,169.0,2739.0
2026-07-16 11:00:00+08:00,TAIFEX:CCF1!,169.0,169.0,168.0,168.5,2101.0
2026-07-16 11:15:00+08:00,TAIFEX:CCF1!,168.5,168.5,165.5,166.5,2756.0
2026-07-16 11:30:00+08:00,TAIFEX:CCF1!,166.5,167.5,166.0,166.0,1364.0
2026-07-16 11:45:00+08:00,TAIFEX:CCF1!,166.0,167.0,165.5,167.0,1114.0
2026-07-16 12:00:00+08:00,TAIFEX:CCF1!,167.0,167.0,165.5,166.0,782.0
2026-07-16 12:15:00+08:00,TAIFEX:CCF1!,166.0,166.0,162.0,162.5,3516.0
2026-07-16 12:30:00+08:00,TAIFEX:CCF1!,162.5,164.5,161.5,161.5,2905.0
2026-07-16 12:45:00+08:00,TAIFEX:CCF1!,162.0,162.5,160.5,162.0,2131.0
2026-07-16 13:00:00+08:00,TAIFEX:CCF1!,162.0,162.5,160.5,162.0,2114.0
2026-07-16 13:15:00+08:00,TAIFEX:CCF1!,162.0,162.5,161.0,162.0,1329.0
2026-07-16 13:30:00+08:00,TAIFEX:CCF1!,162.0,162.5,156.5,157.0,3663.0
2026-07-16 17:25:00+08:00,TAIFEX:CCF1!,152.5,153.0,147.0,148.0,2170.0
2026-07-16 17:40:00+08:00,TAIFEX:CCF1!,148.0,148.5,142.5,145.5,4522.0
2026-07-16 17:55:00+08:00,TAIFEX:CCF1!,145.5,149.0,144.5,148.5,1011.0
2026-07-16 18:10:00+08:00,TAIFEX:CCF1!,148.5,148.5,145.5,146.0,774.0
2026-07-16 18:25:00+08:00,TAIFEX:CCF1!,146.0,146.0,144.0,145.5,1493.0
2026-07-16 18:40:00+08:00,TAIFEX:CCF1!,145.5,146.5,145.5,146.5,209.0
2026-07-16 18:55:00+08:00,TAIFEX:CCF1!,146.5,147.5,146.0,147.0,592.0
2026-07-16 19:10:00+08:00,TAIFEX:CCF1!,147.0,147.0,146.0,147.0,728.0
2026-07-16 19:25:00+08:00,TAIFEX:CCF1!,147.0,148.0,147.0,147.5,325.0
2026-07-16 19:40:00+08:00,TAIFEX:CCF1!,147.5,147.5,146.5,147.0,186.0
2026-07-16 19:55:00+08:00,TAIFEX:CCF1!,147.0,148.0,147.0,147.0,146.0
2026-07-16 20:10:00+08:00,TAIFEX:CCF1!,147.0,147.0,146.0,146.0,412.0
2026-07-16 20:25:00+08:00,TAIFEX:CCF1!,146.5,147.0,146.0,146.0,111.0
2026-07-16 20:40:00+08:00,TAIFEX:CCF1!,146.0,146.5,146.0,146.5,129.0
2026-07-16 20:55:00+08:00,TAIFEX:CCF1!,146.0,148.0,146.0,148.0,203.0
2026-07-16 21:10:00+08:00,TAIFEX:CCF1!,148.0,149.0,147.5,149.0,487.0
2026-07-16 21:25:00+08:00,TAIFEX:CCF1!,149.0,149.5,146.5,147.0,1257.0
2026-07-16 21:40:00+08:00,TAIFEX:CCF1!,147.0,148.0,146.0,148.0,1514.0
2026-07-16 21:55:00+08:00,TAIFEX:CCF1!,147.5,150.0,147.0,150.0,906.0
2026-07-16 22:10:00+08:00,TAIFEX:CCF1!,150.0,150.0,148.5,149.0,803.0
2026-07-16 22:25:00+08:00,TAIFEX:CCF1!,148.5,151.0,148.5,150.5,1028.0
2026-07-16 22:40:00+08:00,TAIFEX:CCF1!,150.0,150.5,147.5,147.5,564.0
2026-07-16 22:55:00+08:00,TAIFEX:CCF1!,147.5,148.5,147.0,147.0,633.0
2026-07-16 23:10:00+08:00,TAIFEX:CCF1!,147.0,147.5,147.0,147.5,208.0
2026-07-16 23:25:00+08:00,TAIFEX:CCF1!,147.5,149.0,147.5,149.0,445.0
2026-07-16 23:40:00+08:00,TAIFEX:CCF1!,149.0,149.0,147.5,148.0,151.0
2026-07-16 23:55:00+08:00,TAIFEX:CCF1!,147.5,147.5,146.5,146.5,353.0
2026-07-17 00:10:00+08:00,TAIFEX:CCF1!,146.0,146.0,145.5,146.0,571.0
2026-07-17 00:25:00+08:00,TAIFEX:CCF1!,146.5,146.5,146.0,146.5,82.0
2026-07-17 00:40:00+08:00,TAIFEX:CCF1!,146.5,146.5,145.5,145.5,343.0
2026-07-17 00:55:00+08:00,TAIFEX:CCF1!,145.5,146.5,145.0,145.0,313.0
2026-07-17 01:10:00+08:00,TAIFEX:CCF1!,145.0,145.5,144.0,145.0,529.0
2026-07-17 01:25:00+08:00,TAIFEX:CCF1!,145.0,145.5,144.5,144.5,183.0
2026-07-17 01:40:00+08:00,TAIFEX:CCF1!,144.5,145.0,144.5,145.0,44.0
2026-07-17 01:55:00+08:00,TAIFEX:CCF1!,145.0,145.5,144.5,145.0,44.0
2026-07-17 02:10:00+08:00,TAIFEX:CCF1!,145.0,146.5,145.0,146.5,90.0
2026-07-17 02:25:00+08:00,TAIFEX:CCF1!,146.5,146.5,145.5,145.5,65.0
2026-07-17 02:40:00+08:00,TAIFEX:CCF1!,145.5,146.0,145.5,146.0,15.0
2026-07-17 02:55:00+08:00,TAIFEX:CCF1!,146.0,146.5,145.5,145.5,76.0
2026-07-17 03:10:00+08:00,TAIFEX:CCF1!,146.0,146.0,145.0,145.5,108.0
2026-07-17 03:25:00+08:00,TAIFEX:CCF1!,145.5,145.5,145.0,145.5,32.0
2026-07-17 03:40:00+08:00,TAIFEX:CCF1!,145.5,145.5,145.0,145.5,98.0
2026-07-17 03:55:00+08:00,TAIFEX:CCF1!,146.0,146.5,145.5,146.0,65.0
2026-07-17 04:10:00+08:00,TAIFEX:CCF1!,146.0,146.0,145.5,146.0,7.0
2026-07-17 04:25:00+08:00,TAIFEX:CCF1!,145.5,146.0,145.5,146.0,28.0
2026-07-17 04:40:00+08:00,TAIFEX:CCF1!,146.0,146.0,145.5,146.0,60.0
2026-07-17 04:55:00+08:00,TAIFEX:CCF1!,146.0,146.0,143.0,146.0,717.0
2026-07-17 08:45:00+08:00,TAIFEX:CCF1!,142.5,145.0,142.5,144.5,7534.0
2026-07-17 09:00:00+08:00,TAIFEX:CCF1!,144.5,147.0,142.5,144.5,19728.0
2026-07-17 09:15:00+08:00,TAIFEX:CCF1!,144.5,145.5,142.5,143.5,7161.0
2026-07-17 09:30:00+08:00,TAIFEX:CCF1!,143.0,143.0,142.5,142.5,3257.0
2026-07-17 09:45:00+08:00,TAIFEX:CCF1!,143.0,144.0,142.5,142.5,3244.0
2026-07-17 10:00:00+08:00,TAIFEX:CCF1!,142.5,143.0,142.5,142.5,1413.0
2026-07-17 10:15:00+08:00,TAIFEX:CCF1!,142.5,142.5,142.5,142.5,79.0
2026-07-17 10:30:00+08:00,TAIFEX:CCF1!,142.5,142.5,142.5,142.5,328.0
2026-07-17 10:45:00+08:00,TAIFEX:CCF1!,142.5,142.5,142.5,142.5,48.0
2026-07-17 11:00:00+08:00,TAIFEX:CCF1!,142.5,142.5,142.5,142.5,88.0
2026-07-17 11:15:00+08:00,TAIFEX:CCF1!,142.5,142.5,142.5,142.5,130.0
2026-07-17 11:30:00+08:00,TAIFEX:CCF1!,142.5,142.5,142.5,142.5,40.0
2026-07-17 11:45:00+08:00,TAIFEX:CCF1!,142.5,142.5,142.5,142.5,9.0
2026-07-17 12:00:00+08:00,TAIFEX:CCF1!,142.5,142.5,142.5,142.5,96.0
2026-07-17 12:15:00+08:00,TAIFEX:CCF1!,142.5,142.5,142.5,142.5,56.0
2026-07-17 12:30:00+08:00,TAIFEX:CCF1!,142.5,142.5,142.5,142.5,65.0
2026-07-17 12:45:00+08:00,TAIFEX:CCF1!,142.5,142.5,142.5,142.5,27.0
2026-07-17 13:00:00+08:00,TAIFEX:CCF1!,142.5,142.5,142.5,142.5,54.0
2026-07-17 13:15:00+08:00,TAIFEX:CCF1!,142.5,142.5,142.5,142.5,83.0
2026-07-17 13:30:00+08:00,TAIFEX:CCF1!,142.5,142.5,142.5,142.5,49.0
2026-07-17 17:25:00+08:00,TAIFEX:CCF1!,137.5,140.0,137.0,137.5,1289.0
2026-07-17 17:40:00+08:00,TAIFEX:CCF1!,137.5,137.5,134.5,135.5,898.0
2026-07-17 17:55:00+08:00,TAIFEX:CCF1!,135.5,138.0,135.0,138.0,535.0
2026-07-17 18:10:00+08:00,TAIFEX:CCF1!,138.0,138.5,136.0,136.5,424.0
2026-07-17 18:25:00+08:00,TAIFEX:CCF1!,137.0,137.0,136.5,137.0,96.0
2026-07-17 18:40:00+08:00,TAIFEX:CCF1!,137.0,137.5,136.5,136.5,184.0
2026-07-17 18:55:00+08:00,TAIFEX:CCF1!,136.5,136.5,136.0,136.0,197.0
2026-07-17 19:10:00+08:00,TAIFEX:CCF1!,136.0,136.0,134.5,135.0,244.0
2026-07-17 19:25:00+08:00,TAIFEX:CCF1!,135.0,136.0,135.0,135.5,126.0
2026-07-17 19:40:00+08:00,TAIFEX:CCF1!,135.5,136.0,134.5,136.0,212.0
2026-07-17 19:55:00+08:00,TAIFEX:CCF1!,136.0,136.0,134.0,134.5,151.0
2026-07-17 20:10:00+08:00,TAIFEX:CCF1!,134.5,134.5,133.5,134.0,222.0
2026-07-17 20:25:00+08:00,TAIFEX:CCF1!,134.5,134.5,131.5,132.0,701.0
2026-07-17 20:40:00+08:00,TAIFEX:CCF1!,132.5,133.0,131.5,132.5,532.0
2026-07-17 20:55:00+08:00,TAIFEX:CCF1!,132.5,132.5,132.0,132.0,343.0
2026-07-17 21:10:00+08:00,TAIFEX:CCF1!,132.0,133.0,132.0,133.0,241.0
2026-07-17 21:25:00+08:00,TAIFEX:CCF1!,133.0,133.5,131.5,132.0,810.0
2026-07-17 21:40:00+08:00,TAIFEX:CCF1!,132.0,135.0,131.5,135.0,1036.0
2026-07-17 21:55:00+08:00,TAIFEX:CCF1!,135.0,137.0,134.5,137.0,1359.0
2026-07-17 22:10:00+08:00,TAIFEX:CCF1!,137.0,138.0,136.5,136.5,805.0
2026-07-17 22:25:00+08:00,TAIFEX:CCF1!,136.5,137.5,136.0,137.5,502.0
2026-07-17 22:40:00+08:00,TAIFEX:CCF1!,137.5,138.0,136.5,136.5,151.0
2026-07-17 22:55:00+08:00,TAIFEX:CCF1!,136.5,136.5,135.5,135.5,193.0
2026-07-17 23:10:00+08:00,TAIFEX:CCF1!,136.0,136.0,134.5,135.0,478.0
2026-07-17 23:25:00+08:00,TAIFEX:CCF1!,135.0,137.0,135.0,136.5,173.0
2026-07-17 23:40:00+08:00,TAIFEX:CCF1!,136.5,137.5,136.0,137.5,328.0
2026-07-17 23:55:00+08:00,TAIFEX:CCF1!,138.0,139.0,137.5,138.5,962.0
2026-07-18 00:10:00+08:00,TAIFEX:CCF1!,138.5,140.0,138.0,138.5,636.0
2026-07-18 00:25:00+08:00,TAIFEX:CCF1!,138.5,139.0,138.5,138.5,268.0
2026-07-18 00:40:00+08:00,TAIFEX:CCF1!,138.5,141.0,138.5,141.0,403.0
2026-07-18 00:55:00+08:00,TAIFEX:CCF1!,141.0,142.0,140.0,141.5,356.0
2026-07-18 01:10:00+08:00,TAIFEX:CCF1!,142.0,142.0,140.5,141.0,180.0
2026-07-18 01:25:00+08:00,TAIFEX:CCF1!,140.5,141.0,139.5,139.5,303.0
2026-07-18 01:40:00+08:00,TAIFEX:CCF1!,139.5,140.0,139.0,139.5,63.0
2026-07-18 01:55:00+08:00,TAIFEX:CCF1!,139.0,139.5,138.5,139.0,66.0
2026-07-18 02:10:00+08:00,TAIFEX:CCF1!,139.0,139.0,138.5,139.0,193.0
2026-07-18 02:25:00+08:00,TAIFEX:CCF1!,139.0,139.5,138.5,139.0,60.0
2026-07-18 02:40:00+08:00,TAIFEX:CCF1!,139.0,139.0,138.5,139.0,54.0
2026-07-18 02:55:00+08:00,TAIFEX:CCF1!,139.5,139.5,138.5,139.0,51.0
2026-07-18 03:10:00+08:00,TAIFEX:CCF1!,138.5,138.5,138.0,138.0,111.0
2026-07-18 03:25:00+08:00,TAIFEX:CCF1!,138.0,139.0,138.0,139.0,93.0
2026-07-18 03:40:00+08:00,TAIFEX:CCF1!,139.0,139.5,139.0,139.5,95.0
2026-07-18 03:55:00+08:00,TAIFEX:CCF1!,139.5,139.5,138.5,138.5,77.0
2026-07-18 04:10:00+08:00,TAIFEX:CCF1!,138.5,139.0,138.5,138.5,38.0
2026-07-18 04:25:00+08:00,TAIFEX:CCF1!,138.5,138.5,138.5,138.5,25.0
2026-07-18 04:40:00+08:00,TAIFEX:CCF1!,138.5,139.0,138.5,138.5,35.0
2026-07-18 04:55:00+08:00,TAIFEX:CCF1!,138.5,139.0,138.0,138.5,21.0
2026-07-20 08:45:00+08:00,TAIFEX:CCF1!,139.5,139.5,136.5,139.5,3092.0
2026-07-20 09:00:00+08:00,TAIFEX:CCF1!,139.0,140.0,130.5,132.0,17902.0
2026-07-20 09:15:00+08:00,TAIFEX:CCF1!,132.0,133.0,128.5,128.5,15646.0
2026-07-20 09:30:00+08:00,TAIFEX:CCF1!,128.5,129.5,128.5,128.5,2489.0
2026-07-20 09:45:00+08:00,TAIFEX:CCF1!,128.5,130.5,128.5,128.5,5552.0
2026-07-20 10:00:00+08:00,TAIFEX:CCF1!,128.5,131.0,128.5,130.0,9363.0
2026-07-20 10:15:00+08:00,TAIFEX:CCF1!,130.0,130.5,128.5,128.5,3672.0
2026-07-20 10:30:00+08:00,TAIFEX:CCF1!,128.5,130.0,128.5,129.5,1343.0
2026-07-20 10:45:00+08:00,TAIFEX:CCF1!,129.5,130.0,128.5,129.0,427.0
2026-07-20 11:00:00+08:00,TAIFEX:CCF1!,128.5,129.0,128.5,129.0,1062.0
2026-07-20 11:15:00+08:00,TAIFEX:CCF1!,129.0,129.0,128.5,128.5,605.0
2026-07-20 11:30:00+08:00,TAIFEX:CCF1!,128.5,128.5,128.5,128.5,183.0
2026-07-20 11:45:00+08:00,TAIFEX:CCF1!,128.5,130.5,128.5,129.0,4420.0
2026-07-20 12:00:00+08:00,TAIFEX:CCF1!,129.0,129.5,128.5,129.0,865.0
2026-07-20 12:15:00+08:00,TAIFEX:CCF1!,128.5,129.0,128.5,128.5,711.0
2026-07-20 12:30:00+08:00,TAIFEX:CCF1!,128.5,130.0,128.5,130.0,1831.0
2026-07-20 12:45:00+08:00,TAIFEX:CCF1!,130.0,130.5,128.5,128.5,1675.0
2026-07-20 13:00:00+08:00,TAIFEX:CCF1!,128.5,128.5,128.5,128.5,59.0
2026-07-20 13:15:00+08:00,TAIFEX:CCF1!,128.5,128.5,128.5,128.5,46.0
2026-07-20 13:30:00+08:00,TAIFEX:CCF1!,128.5,128.5,128.5,128.5,21.0
2026-07-20 17:25:00+08:00,TAIFEX:CCF1!,129.5,130.0,128.5,129.0,579.0
2026-07-20 17:40:00+08:00,TAIFEX:CCF1!,129.5,130.5,129.5,130.5,420.0
2026-07-20 17:55:00+08:00,TAIFEX:CCF1!,130.0,130.5,129.5,129.5,173.0
2026-07-20 18:10:00+08:00,TAIFEX:CCF1!,129.5,130.0,129.5,130.0,31.0
2026-07-20 18:25:00+08:00,TAIFEX:CCF1!,130.0,130.0,130.0,130.0,80.0
2026-07-20 18:40:00+08:00,TAIFEX:CCF1!,130.0,130.0,130.0,130.0,64.0
2026-07-20 18:55:00+08:00,TAIFEX:CCF1!,130.0,130.5,130.0,130.5,114.0
2026-07-20 19:10:00+08:00,TAIFEX:CCF1!,131.0,131.5,130.5,130.5,333.0
2026-07-20 19:25:00+08:00,TAIFEX:CCF1!,130.5,132.0,130.5,132.0,133.0
2026-07-20 19:40:00+08:00,TAIFEX:CCF1!,131.5,132.0,131.0,131.5,277.0
2026-07-20 19:55:00+08:00,TAIFEX:CCF1!,131.5,131.5,130.5,131.0,201.0
2026-07-20 20:10:00+08:00,TAIFEX:CCF1!,131.0,131.5,131.0,131.5,73.0
2026-07-20 20:25:00+08:00,TAIFEX:CCF1!,132.0,132.0,131.5,132.0,67.0
2026-07-20 20:40:00+08:00,TAIFEX:CCF1!,132.0,132.0,131.5,131.5,177.0
2026-07-20 20:55:00+08:00,TAIFEX:CCF1!,131.5,132.5,131.0,132.5,182.0
2026-07-20 21:10:00+08:00,TAIFEX:CCF1!,132.5,132.5,132.0,132.5,133.0
2026-07-20 21:25:00+08:00,TAIFEX:CCF1!,132.5,135.5,132.0,134.5,1156.0
2026-07-20 21:40:00+08:00,TAIFEX:CCF1!,134.0,135.0,132.5,133.0,1138.0
2026-07-20 21:55:00+08:00,TAIFEX:CCF1!,133.0,133.5,132.0,132.5,506.0
2026-07-20 22:10:00+08:00,TAIFEX:CCF1!,132.5,132.5,131.0,132.0,683.0
2026-07-20 22:25:00+08:00,TAIFEX:CCF1!,132.5,133.0,132.0,132.0,335.0
2026-07-20 22:40:00+08:00,TAIFEX:CCF1!,132.0,132.5,131.0,131.0,183.0
2026-07-20 22:55:00+08:00,TAIFEX:CCF1!,131.0,132.0,131.0,131.5,292.0
2026-07-20 23:10:00+08:00,TAIFEX:CCF1!,132.0,132.5,131.5,132.5,200.0
2026-07-20 23:25:00+08:00,TAIFEX:CCF1!,132.5,133.0,132.5,133.0,93.0
2026-07-20 23:40:00+08:00,TAIFEX:CCF1!,133.0,133.0,132.0,132.5,151.0
2026-07-20 23:55:00+08:00,TAIFEX:CCF1!,133.0,133.5,133.0,133.5,141.0
2026-07-21 00:10:00+08:00,TAIFEX:CCF1!,133.5,133.5,133.0,133.0,88.0
2026-07-21 00:25:00+08:00,TAIFEX:CCF1!,133.0,133.0,132.5,132.5,80.0
2026-07-21 00:40:00+08:00,TAIFEX:CCF1!,133.0,133.0,132.0,132.0,105.0
2026-07-21 00:55:00+08:00,TAIFEX:CCF1!,131.5,132.0,131.5,132.0,74.0
2026-07-21 01:10:00+08:00,TAIFEX:CCF1!,132.0,132.0,131.5,132.0,26.0
2026-07-21 01:25:00+08:00,TAIFEX:CCF1!,132.0,132.0,131.5,131.5,15.0
2026-07-21 01:40:00+08:00,TAIFEX:CCF1!,131.5,131.5,131.5,131.5,34.0
2026-07-21 01:55:00+08:00,TAIFEX:CCF1!,131.5,132.0,131.5,132.0,32.0
2026-07-21 02:10:00+08:00,TAIFEX:CCF1!,132.0,132.0,132.0,132.0,18.0
2026-07-21 02:25:00+08:00,TAIFEX:CCF1!,132.5,132.5,132.0,132.0,145.0
2026-07-21 02:40:00+08:00,TAIFEX:CCF1!,132.0,132.0,132.0,132.0,67.0
2026-07-21 02:55:00+08:00,TAIFEX:CCF1!,132.0,132.0,131.5,132.0,48.0
2026-07-21 03:10:00+08:00,TAIFEX:CCF1!,132.0,132.0,131.5,131.5,125.0
2026-07-21 03:25:00+08:00,TAIFEX:CCF1!,131.5,131.5,131.5,131.5,11.0
2026-07-21 03:40:00+08:00,TAIFEX:CCF1!,131.5,131.5,131.5,131.5,27.0
2026-07-21 03:55:00+08:00,TAIFEX:CCF1!,131.5,132.0,131.5,131.5,61.0
2026-07-21 04:10:00+08:00,TAIFEX:CCF1!,131.5,131.5,131.0,131.5,19.0
2026-07-21 04:25:00+08:00,TAIFEX:CCF1!,131.5,131.5,131.5,131.5,1.0
2026-07-21 04:40:00+08:00,TAIFEX:CCF1!,131.0,131.5,131.0,131.5,20.0
2026-07-21 04:55:00+08:00,TAIFEX:CCF1!,131.0,131.5,131.0,131.0,40.0
2026-07-21 08:45:00+08:00,TAIFEX:CCF1!,131.0,133.5,131.0,131.5,1712.0
2026-07-21 09:00:00+08:00,TAIFEX:CCF1!,131.5,133.5,126.0,132.0,11368.0
2026-07-21 09:15:00+08:00,TAIFEX:CCF1!,132.0,135.0,132.0,133.5,6246.0
2026-07-21 09:30:00+08:00,TAIFEX:CCF1!,133.5,135.5,133.0,133.0,3529.0
2026-07-21 09:45:00+08:00,TAIFEX:CCF1!,133.0,135.0,132.5,133.0,2355.0
2026-07-21 10:00:00+08:00,TAIFEX:CCF1!,133.0,135.0,131.0,131.5,3272.0
2026-07-21 10:15:00+08:00,TAIFEX:CCF1!,132.0,132.0,130.0,130.5,2673.0
2026-07-21 10:30:00+08:00,TAIFEX:CCF1!,130.5,132.5,130.5,132.5,1437.0
2026-07-21 10:45:00+08:00,TAIFEX:CCF1!,132.5,132.5,130.0,131.0,1566.0
2026-07-21 11:00:00+08:00,TAIFEX:CCF1!,131.0,132.5,131.0,131.5,1724.0
2026-07-21 11:15:00+08:00,TAIFEX:CCF1!,131.5,132.0,131.0,131.0,568.0
2026-07-21 11:30:00+08:00,TAIFEX:CCF1!,131.0,133.0,131.0,133.0,960.0
2026-07-21 11:45:00+08:00,TAIFEX:CCF1!,133.0,134.5,133.0,134.5,1584.0
2026-07-21 12:00:00+08:00,TAIFEX:CCF1!,134.5,138.0,134.0,137.5,5312.0
2026-07-21 12:15:00+08:00,TAIFEX:CCF1!,137.5,138.5,135.5,136.5,2879.0
2026-07-21 12:30:00+08:00,TAIFEX:CCF1!,136.0,137.0,135.5,136.5,1411.0
2026-07-21 12:45:00+08:00,TAIFEX:CCF1!,136.5,137.0,136.0,136.5,1076.0
2026-07-21 13:00:00+08:00,TAIFEX:CCF1!,136.5,137.5,136.0,136.0,1302.0
2026-07-21 13:15:00+08:00,TAIFEX:CCF1!,135.5,136.5,135.0,136.0,1370.0
2026-07-21 13:30:00+08:00,TAIFEX:CCF1!,136.0,136.5,136.0,136.5,501.0
2026-07-21 17:25:00+08:00,TAIFEX:CCF1!,139.0,139.5,138.5,139.5,685.0
2026-07-21 17:40:00+08:00,TAIFEX:CCF1!,139.5,141.5,139.5,141.0,560.0
2026-07-21 17:55:00+08:00,TAIFEX:CCF1!,141.5,141.5,140.5,141.0,231.0
2026-07-21 18:10:00+08:00,TAIFEX:CCF1!,141.0,141.5,141.0,141.5,219.0
2026-07-21 18:25:00+08:00,TAIFEX:CCF1!,141.5,143.0,141.5,143.0,630.0
2026-07-21 18:40:00+08:00,TAIFEX:CCF1!,143.0,143.5,142.5,143.0,419.0
2026-07-21 18:55:00+08:00,TAIFEX:CCF1!,143.0,143.0,142.0,142.5,300.0
2026-07-21 19:10:00+08:00,TAIFEX:CCF1!,142.5,142.5,142.0,142.0,317.0
2026-07-21 19:25:00+08:00,TAIFEX:CCF1!,142.0,143.0,142.0,143.0,226.0
2026-07-21 19:40:00+08:00,TAIFEX:CCF1!,143.0,143.0,142.0,142.0,193.0
2026-07-21 19:55:00+08:00,TAIFEX:CCF1!,142.0,142.5,142.0,142.5,214.0
2026-07-21 20:10:00+08:00,TAIFEX:CCF1!,142.0,142.0,141.5,141.5,99.0
2026-07-21 20:25:00+08:00,TAIFEX:CCF1!,141.5,142.0,141.5,141.5,260.0
2026-07-21 20:40:00+08:00,TAIFEX:CCF1!,141.5,142.0,141.5,142.0,218.0
2026-07-21 20:55:00+08:00,TAIFEX:CCF1!,142.0,142.5,142.0,142.0,189.0
2026-07-21 21:10:00+08:00,TAIFEX:CCF1!,142.0,142.0,141.0,141.5,267.0
2026-07-21 21:25:00+08:00,TAIFEX:CCF1!,141.5,142.0,138.5,139.5,1893.0
2026-07-21 21:40:00+08:00,TAIFEX:CCF1!,139.5,139.5,138.0,138.5,841.0
2026-07-21 21:55:00+08:00,TAIFEX:CCF1!,138.5,139.0,138.0,138.0,498.0
2026-07-21 22:10:00+08:00,TAIFEX:CCF1!,138.0,138.5,136.5,138.0,798.0
2026-07-21 22:25:00+08:00,TAIFEX:CCF1!,138.5,139.5,138.0,139.5,791.0
2026-07-21 22:40:00+08:00,TAIFEX:CCF1!,139.5,139.5,138.0,138.0,492.0
2026-07-21 22:55:00+08:00,TAIFEX:CCF1!,138.0,139.0,137.5,139.0,388.0
2026-07-21 23:10:00+08:00,TAIFEX:CCF1!,138.5,139.5,138.5,139.5,224.0
2026-07-21 23:25:00+08:00,TAIFEX:CCF1!,139.5,139.5,138.5,138.5,114.0
2026-07-21 23:40:00+08:00,TAIFEX:CCF1!,138.5,139.0,138.0,139.0,130.0
2026-07-21 23:55:00+08:00,TAIFEX:CCF1!,138.5,139.0,138.0,139.0,82.0
2026-07-22 00:10:00+08:00,TAIFEX:CCF1!,139.0,139.5,139.0,139.0,152.0
2026-07-22 00:25:00+08:00,TAIFEX:CCF1!,139.0,139.0,139.0,139.0,66.0
2026-07-22 00:40:00+08:00,TAIFEX:CCF1!,139.5,139.5,138.5,138.5,128.0
2026-07-22 00:55:00+08:00,TAIFEX:CCF1!,138.5,139.0,138.5,139.0,30.0
2026-07-22 01:10:00+08:00,TAIFEX:CCF1!,139.0,139.0,139.0,139.0,18.0
2026-07-22 01:25:00+08:00,TAIFEX:CCF1!,138.5,139.0,138.5,139.0,26.0
2026-07-22 01:40:00+08:00,TAIFEX:CCF1!,138.5,139.5,138.5,139.5,43.0
2026-07-22 01:55:00+08:00,TAIFEX:CCF1!,139.5,139.5,139.0,139.5,52.0
2026-07-22 02:10:00+08:00,TAIFEX:CCF1!,139.5,139.5,138.5,138.5,21.0
2026-07-22 02:25:00+08:00,TAIFEX:CCF1!,138.5,139.0,138.5,139.0,40.0
2026-07-22 02:55:00+08:00,TAIFEX:CCF1!,139.0,139.0,138.5,139.0,14.0
2026-07-22 03:10:00+08:00,TAIFEX:CCF1!,138.5,138.5,138.5,138.5,145.0
2026-07-22 03:25:00+08:00,TAIFEX:CCF1!,138.5,138.5,138.5,138.5,4.0
2026-07-22 03:40:00+08:00,TAIFEX:CCF1!,138.5,138.5,138.5,138.5,44.0
2026-07-22 03:55:00+08:00,TAIFEX:CCF1!,139.0,139.0,138.5,139.0,9.0
2026-07-22 04:10:00+08:00,TAIFEX:CCF1!,139.0,139.0,139.0,139.0,42.0
2026-07-22 04:25:00+08:00,TAIFEX:CCF1!,139.0,139.0,139.0,139.0,32.0
2026-07-22 04:40:00+08:00,TAIFEX:CCF1!,138.5,139.0,138.5,139.0,18.0
2026-07-22 04:55:00+08:00,TAIFEX:CCF1!,139.5,139.5,139.0,139.5,18.0
2026-07-22 08:45:00+08:00,TAIFEX:CCF1!,141.5,142.0,140.0,141.0,1589.0
2026-07-22 09:00:00+08:00,TAIFEX:CCF1!,141.5,146.0,141.0,143.5,10928.0
2026-07-22 09:15:00+08:00,TAIFEX:CCF1!,143.5,144.0,138.0,138.0,5990.0
2026-07-22 09:30:00+08:00,TAIFEX:CCF1!,138.0,143.0,138.0,142.0,5728.0
2026-07-22 09:45:00+08:00,TAIFEX:CCF1!,141.5,145.5,141.5,142.0,5212.0
2026-07-22 10:00:00+08:00,TAIFEX:CCF1!,142.0,144.0,141.5,143.0,1932.0
2026-07-22 10:15:00+08:00,TAIFEX:CCF1!,143.0,143.5,142.0,142.5,1009.0
2026-07-22 10:30:00+08:00,TAIFEX:CCF1!,143.0,143.0,141.5,142.0,487.0
2026-07-22 10:45:00+08:00,TAIFEX:CCF1!,142.5,144.0,142.0,142.0,1953.0
2026-07-22 11:00:00+08:00,TAIFEX:CCF1!,142.0,143.0,141.5,141.5,1128.0
2026-07-22 11:15:00+08:00,TAIFEX:CCF1!,141.5,143.5,141.5,143.5,999.0
2026-07-22 11:30:00+08:00,TAIFEX:CCF1!,143.0,143.5,142.0,143.0,1304.0
2026-07-22 11:45:00+08:00,TAIFEX:CCF1!,143.0,143.5,141.5,142.0,1322.0
2026-07-22 12:00:00+08:00,TAIFEX:CCF1!,142.0,144.0,142.0,143.0,1403.0
2026-07-22 12:15:00+08:00,TAIFEX:CCF1!,142.5,143.5,142.5,143.0,513.0
2026-07-22 12:30:00+08:00,TAIFEX:CCF1!,143.0,144.0,142.5,142.5,797.0
2026-07-22 12:45:00+08:00,TAIFEX:CCF1!,143.0,143.0,142.0,142.0,865.0
2026-07-22 13:00:00+08:00,TAIFEX:CCF1!,142.5,142.5,141.0,141.0,2348.0
2026-07-22 13:15:00+08:00,TAIFEX:CCF1!,141.0,141.5,140.0,140.0,2141.0
2026-07-22 13:30:00+08:00,TAIFEX:CCF1!,140.0,140.0,138.5,138.5,1246.0
2026-07-22 17:25:00+08:00,TAIFEX:CCF1!,139.5,139.5,138.0,138.5,205.0
2026-07-22 17:40:00+08:00,TAIFEX:CCF1!,138.5,139.0,138.5,138.5,110.0
2026-07-22 17:55:00+08:00,TAIFEX:CCF1!,138.5,139.0,138.5,139.0,8.0
2026-07-22 18:10:00+08:00,TAIFEX:CCF1!,139.0,139.5,139.0,139.5,76.0
2026-07-22 18:25:00+08:00,TAIFEX:CCF1!,139.5,140.0,139.5,139.5,115.0
2026-07-22 18:40:00+08:00,TAIFEX:CCF1!,139.5,139.5,139.0,139.0,19.0
2026-07-22 18:55:00+08:00,TAIFEX:CCF1!,139.0,140.0,139.0,139.5,67.0
2026-07-22 19:10:00+08:00,TAIFEX:CCF1!,139.5,139.5,139.0,139.5,13.0
2026-07-22 19:25:00+08:00,TAIFEX:CCF1!,139.5,139.5,139.5,139.5,1.0
2026-07-22 19:40:00+08:00,TAIFEX:CCF1!,139.0,139.0,138.5,138.5,83.0
2026-07-22 19:55:00+08:00,TAIFEX:CCF1!,138.5,139.0,138.0,138.5,67.0
2026-07-22 20:10:00+08:00,TAIFEX:CCF1!,138.5,138.5,138.0,138.0,60.0
2026-07-22 20:25:00+08:00,TAIFEX:CCF1!,138.0,139.0,138.0,138.5,127.0
2026-07-22 20:40:00+08:00,TAIFEX:CCF1!,138.5,138.5,138.5,138.5,48.0
2026-07-22 20:55:00+08:00,TAIFEX:CCF1!,138.5,138.5,138.5,138.5,18.0
2026-07-22 21:10:00+08:00,TAIFEX:CCF1!,138.5,139.5,138.5,139.5,108.0
2026-07-22 21:25:00+08:00,TAIFEX:CCF1!,139.5,139.5,139.0,139.0,212.0
2026-07-22 21:40:00+08:00,TAIFEX:CCF1!,139.0,140.0,138.5,139.5,356.0
2026-07-22 21:55:00+08:00,TAIFEX:CCF1!,140.0,140.0,139.5,139.5,293.0
2026-07-22 22:10:00+08:00,TAIFEX:CCF1!,139.5,140.0,139.0,139.5,244.0
2026-07-22 22:25:00+08:00,TAIFEX:CCF1!,140.0,141.0,139.5,140.5,499.0
2026-07-22 22:40:00+08:00,TAIFEX:CCF1!,140.5,140.5,140.0,140.5,145.0
2026-07-22 22:55:00+08:00,TAIFEX:CCF1!,140.0,142.0,140.0,141.5,460.0
2026-07-22 23:10:00+08:00,TAIFEX:CCF1!,142.0,142.0,141.5,142.0,253.0
2026-07-22 23:25:00+08:00,TAIFEX:CCF1!,142.0,142.5,141.0,141.5,169.0
2026-07-22 23:40:00+08:00,TAIFEX:CCF1!,141.5,142.0,141.0,141.5,215.0
2026-07-22 23:55:00+08:00,TAIFEX:CCF1!,141.5,142.0,141.5,141.5,154.0
2026-07-23 00:10:00+08:00,TAIFEX:CCF1!,141.5,142.0,141.5,141.5,30.0
2026-07-23 00:25:00+08:00,TAIFEX:CCF1!,141.0,141.5,141.0,141.5,85.0
2026-07-23 00:40:00+08:00,TAIFEX:CCF1!,141.5,141.5,141.0,141.5,9.0
2026-07-23 00:55:00+08:00,TAIFEX:CCF1!,141.5,141.5,141.0,141.5,239.0
2026-07-23 01:10:00+08:00,TAIFEX:CCF1!,141.5,141.5,141.5,141.5,8.0
2026-07-23 01:25:00+08:00,TAIFEX:CCF1!,141.5,141.5,141.5,141.5,235.0
2026-07-23 01:40:00+08:00,TAIFEX:CCF1!,141.0,141.5,140.5,140.5,140.0
2026-07-23 01:55:00+08:00,TAIFEX:CCF1!,140.5,141.0,140.5,141.0,97.0
2026-07-23 02:10:00+08:00,TAIFEX:CCF1!,141.0,141.0,141.0,141.0,3.0
2026-07-23 02:25:00+08:00,TAIFEX:CCF1!,140.5,140.5,140.5,140.5,44.0
2026-07-23 02:40:00+08:00,TAIFEX:CCF1!,140.0,140.5,140.0,140.5,27.0
2026-07-23 02:55:00+08:00,TAIFEX:CCF1!,141.0,141.0,140.5,141.0,9.0
2026-07-23 03:10:00+08:00,TAIFEX:CCF1!,140.5,141.0,140.5,141.0,33.0
2026-07-23 03:25:00+08:00,TAIFEX:CCF1!,141.0,141.0,141.0,141.0,15.0
2026-07-23 03:40:00+08:00,TAIFEX:CCF1!,141.0,141.0,141.0,141.0,114.0
2026-07-23 03:55:00+08:00,TAIFEX:CCF1!,141.0,141.0,140.5,140.5,108.0
2026-07-23 04:10:00+08:00,TAIFEX:CCF1!,140.5,141.5,140.5,141.5,29.0
2026-07-23 04:25:00+08:00,TAIFEX:CCF1!,141.5,141.5,141.0,141.0,9.0
2026-07-23 04:40:00+08:00,TAIFEX:CCF1!,141.0,141.5,141.0,141.5,10.0
2026-07-23 04:55:00+08:00,TAIFEX:CCF1!,141.5,142.0,141.5,141.5,8.0
2026-07-23 08:45:00+08:00,TAIFEX:CCF1!,141.5,142.5,141.0,141.5,515.0
2026-07-23 09:00:00+08:00,TAIFEX:CCF1!,141.5,143.0,138.5,140.0,3944.0
2026-07-23 09:15:00+08:00,TAIFEX:CCF1!,140.0,144.0,140.0,142.5,4330.0
2026-07-23 09:30:00+08:00,TAIFEX:CCF1!,142.0,142.0,140.5,140.5,1372.0
2026-07-23 09:45:00+08:00,TAIFEX:CCF1!,140.0,141.0,139.0,139.0,2367.0
2026-07-23 10:00:00+08:00,TAIFEX:CCF1!,139.0,141.0,139.0,139.0,1171.0
2026-07-23 10:15:00+08:00,TAIFEX:CCF1!,139.0,139.0,136.5,139.0,4375.0
2026-07-23 10:30:00+08:00,TAIFEX:CCF1!,139.0,140.0,138.0,138.5,1525.0
2026-07-23 10:45:00+08:00,TAIFEX:CCF1!,138.5,141.0,138.5,140.0,2372.0
2026-07-23 11:00:00+08:00,TAIFEX:CCF1!,140.0,140.0,138.5,139.5,680.0
2026-07-23 11:15:00+08:00,TAIFEX:CCF1!,139.5,140.0,138.5,140.0,768.0
2026-07-23 11:30:00+08:00,TAIFEX:CCF1!,140.0,140.0,139.0,140.0,870.0
2026-07-23 11:45:00+08:00,TAIFEX:CCF1!,140.0,140.0,139.0,139.5,850.0
2026-07-23 12:00:00+08:00,TAIFEX:CCF1!,139.0,140.0,138.5,139.5,2218.0
2026-07-23 12:15:00+08:00,TAIFEX:CCF1!,139.5,139.5,138.5,139.5,877.0
2026-07-23 12:30:00+08:00,TAIFEX:CCF1!,139.5,140.5,139.5,139.5,1402.0
2026-07-23 12:45:00+08:00,TAIFEX:CCF1!,139.5,140.0,139.0,139.5,604.0
2026-07-23 13:00:00+08:00,TAIFEX:CCF1!,139.0,139.0,138.5,138.5,903.0
2026-07-23 13:15:00+08:00,TAIFEX:CCF1!,138.5,140.0,138.5,139.5,1313.0
2026-07-23 13:30:00+08:00,TAIFEX:CCF1!,140.0,141.5,140.0,141.0,1009.0
2026-07-23 17:25:00+08:00,TAIFEX:CCF1!,140.5,140.5,140.0,140.0,155.0
2026-07-23 17:40:00+08:00,TAIFEX:CCF1!,140.0,140.0,140.0,140.0,74.0
2026-07-23 17:55:00+08:00,TAIFEX:CCF1!,140.0,140.0,139.5,139.5,38.0
2026-07-23 18:10:00+08:00,TAIFEX:CCF1!,139.5,139.5,139.5,139.5,69.0
2026-07-23 18:25:00+08:00,TAIFEX:CCF1!,139.5,140.0,139.5,140.0,33.0
2026-07-23 18:40:00+08:00,TAIFEX:CCF1!,140.0,140.0,139.5,139.5,2.0
2026-07-23 18:55:00+08:00,TAIFEX:CCF1!,139.5,139.5,139.5,139.5,1.0
2026-07-23 19:10:00+08:00,TAIFEX:CCF1!,140.0,140.0,139.5,139.5,2.0
2026-07-23 19:25:00+08:00,TAIFEX:CCF1!,139.5,139.5,138.5,139.0,196.0
2026-07-23 19:40:00+08:00,TAIFEX:CCF1!,138.5,139.0,138.5,139.0,102.0
2026-07-23 19:55:00+08:00,TAIFEX:CCF1!,139.0,139.5,139.0,139.0,50.0
2026-07-23 20:10:00+08:00,TAIFEX:CCF1!,138.5,138.5,138.0,138.5,180.0
2026-07-23 20:25:00+08:00,TAIFEX:CCF1!,138.0,138.0,136.0,136.5,407.0
2026-07-23 20:40:00+08:00,TAIFEX:CCF1!,136.5,137.0,135.0,136.0,363.0
2026-07-23 20:55:00+08:00,TAIFEX:CCF1!,136.5,136.5,135.5,135.5,217.0
2026-07-23 21:10:00+08:00,TAIFEX:CCF1!,135.5,135.5,134.5,135.0,350.0
2026-07-23 21:25:00+08:00,TAIFEX:CCF1!,135.5,137.0,134.5,136.5,551.0
2026-07-23 21:40:00+08:00,TAIFEX:CCF1!,136.5,138.0,136.0,137.5,709.0
2026-07-23 21:55:00+08:00,TAIFEX:CCF1!,137.5,138.0,136.5,137.0,341.0
2026-07-23 22:10:00+08:00,TAIFEX:CCF1!,137.0,137.5,137.0,137.0,306.0
2026-07-23 22:25:00+08:00,TAIFEX:CCF1!,137.0,137.5,136.5,137.5,101.0
2026-07-23 22:40:00+08:00,TAIFEX:CCF1!,137.5,137.5,136.0,136.0,114.0
2026-07-23 22:55:00+08:00,TAIFEX:CCF1!,136.0,136.5,135.5,136.0,283.0
2026-07-23 23:10:00+08:00,TAIFEX:CCF1!,136.5,136.5,134.5,135.0,560.0
2026-07-23 23:25:00+08:00,TAIFEX:CCF1!,134.5,135.5,134.0,135.5,320.0
2026-07-23 23:40:00+08:00,TAIFEX:CCF1!,135.5,136.0,135.0,136.0,71.0
2026-07-23 23:55:00+08:00,TAIFEX:CCF1!,136.0,136.5,135.5,136.5,186.0
2026-07-24 00:10:00+08:00,TAIFEX:CCF1!,136.5,137.0,136.0,137.0,161.0
2026-07-24 00:25:00+08:00,TAIFEX:CCF1!,137.0,137.5,136.5,137.5,98.0
2026-07-24 00:40:00+08:00,TAIFEX:CCF1!,137.0,137.0,136.0,136.5,141.0
2026-07-24 00:55:00+08:00,TAIFEX:CCF1!,136.5,137.0,136.0,136.5,90.0
2026-07-24 01:10:00+08:00,TAIFEX:CCF1!,136.5,137.0,136.5,136.5,46.0
2026-07-24 01:25:00+08:00,TAIFEX:CCF1!,136.5,136.5,136.0,136.0,25.0
2026-07-24 01:40:00+08:00,TAIFEX:CCF1!,136.0,136.5,136.0,136.5,57.0
2026-07-24 01:55:00+08:00,TAIFEX:CCF1!,136.0,136.0,136.0,136.0,30.0
2026-07-24 02:10:00+08:00,TAIFEX:CCF1!,136.5,136.5,136.5,136.5,2.0
2026-07-24 02:25:00+08:00,TAIFEX:CCF1!,136.5,136.5,136.5,136.5,42.0
2026-07-24 02:40:00+08:00,TAIFEX:CCF1!,136.5,136.5,136.5,136.5,6.0
2026-07-24 02:55:00+08:00,TAIFEX:CCF1!,136.0,136.5,136.0,136.0,39.0
2026-07-24 03:10:00+08:00,TAIFEX:CCF1!,135.5,136.0,135.5,136.0,44.0
2026-07-24 03:25:00+08:00,TAIFEX:CCF1!,136.5,136.5,136.5,136.5,48.0
2026-07-24 03:40:00+08:00,TAIFEX:CCF1!,136.0,136.0,136.0,136.0,11.0
2026-07-24 03:55:00+08:00,TAIFEX:CCF1!,136.5,138.5,136.5,138.5,454.0
2026-07-24 04:10:00+08:00,TAIFEX:CCF1!,138.5,139.5,138.5,139.5,282.0
2026-07-24 04:25:00+08:00,TAIFEX:CCF1!,139.5,139.5,139.0,139.0,97.0
2026-07-24 04:40:00+08:00,TAIFEX:CCF1!,139.0,139.0,138.5,139.0,45.0
2026-07-24 04:55:00+08:00,TAIFEX:CCF1!,138.5,139.5,138.5,138.5,61.0
2026-07-24 08:45:00+08:00,TAIFEX:CCF1!,136.5,138.0,134.5,135.5,1533.0
2026-07-24 09:00:00+08:00,TAIFEX:CCF1!,136.0,138.0,134.0,135.5,5072.0
2026-07-24 09:15:00+08:00,TAIFEX:CCF1!,135.5,137.5,135.5,137.5,1457.0
2026-07-24 09:30:00+08:00,TAIFEX:CCF1!,137.5,139.0,136.5,137.5,1887.0
2026-07-24 09:45:00+08:00,TAIFEX:CCF1!,137.5,137.5,135.5,135.5,1143.0
2026-07-24 10:00:00+08:00,TAIFEX:CCF1!,135.5,136.5,134.5,135.0,2458.0
2026-07-24 10:15:00+08:00,TAIFEX:CCF1!,135.5,135.5,133.0,133.5,2822.0
2026-07-24 10:30:00+08:00,TAIFEX:CCF1!,133.5,134.0,131.5,132.5,4414.0
2026-07-24 10:45:00+08:00,TAIFEX:CCF1!,132.5,133.0,131.0,132.0,3130.0
2026-07-24 11:00:00+08:00,TAIFEX:CCF1!,132.0,133.5,131.5,133.0,1872.0
2026-07-24 11:15:00+08:00,TAIFEX:CCF1!,132.5,133.5,132.5,133.5,1078.0
2026-07-24 11:30:00+08:00,TAIFEX:CCF1!,133.0,133.5,132.0,132.0,1974.0
2026-07-24 11:45:00+08:00,TAIFEX:CCF1!,132.0,132.5,130.5,131.0,1996.0
2026-07-24 12:00:00+08:00,TAIFEX:CCF1!,131.0,131.5,130.5,130.5,655.0
2026-07-24 12:15:00+08:00,TAIFEX:CCF1!,130.5,131.0,130.5,130.5,781.0
2026-07-24 12:30:00+08:00,TAIFEX:CCF1!,130.5,131.5,130.0,130.5,1067.0
2026-07-24 12:45:00+08:00,TAIFEX:CCF1!,130.0,130.5,130.0,130.0,2061.0
2026-07-24 13:00:00+08:00,TAIFEX:CCF1!,130.0,130.5,129.5,130.0,1043.0
2026-07-24 13:15:00+08:00,TAIFEX:CCF1!,130.0,130.5,127.0,128.0,4367.0
2026-07-24 13:30:00+08:00,TAIFEX:CCF1!,128.0,128.5,127.0,128.5,1932.0
2026-07-24 17:25:00+08:00,TAIFEX:CCF1!,130.0,132.0,130.0,132.0,377.0
2026-07-24 17:40:00+08:00,TAIFEX:CCF1!,132.0,132.0,131.5,131.5,152.0
2026-07-24 17:55:00+08:00,TAIFEX:CCF1!,131.5,132.0,131.5,131.5,60.0
2026-07-24 18:10:00+08:00,TAIFEX:CCF1!,131.5,132.0,131.5,132.0,55.0
2026-07-24 18:25:00+08:00,TAIFEX:CCF1!,131.5,132.0,131.5,132.0,92.0
2026-07-24 18:40:00+08:00,TAIFEX:CCF1!,132.0,132.0,131.0,131.0,43.0
2026-07-24 18:55:00+08:00,TAIFEX:CCF1!,131.5,131.5,131.0,131.5,106.0
2026-07-24 19:10:00+08:00,TAIFEX:CCF1!,131.5,131.5,131.5,131.5,6.0
2026-07-24 19:25:00+08:00,TAIFEX:CCF1!,131.5,131.5,131.0,131.0,37.0
2026-07-24 19:40:00+08:00,TAIFEX:CCF1!,131.0,131.0,130.0,130.0,134.0
2026-07-24 19:55:00+08:00,TAIFEX:CCF1!,130.0,131.5,130.0,131.0,127.0
2026-07-24 20:10:00+08:00,TAIFEX:CCF1!,131.0,131.5,131.0,131.5,41.0
2026-07-24 20:25:00+08:00,TAIFEX:CCF1!,131.5,131.5,131.0,131.0,24.0
2026-07-24 20:40:00+08:00,TAIFEX:CCF1!,131.0,131.0,130.5,130.5,59.0
2026-07-24 20:55:00+08:00,TAIFEX:CCF1!,130.5,130.5,129.0,129.5,196.0
2026-07-24 21:10:00+08:00,TAIFEX:CCF1!,129.5,130.5,129.5,130.5,39.0
2026-07-24 21:25:00+08:00,TAIFEX:CCF1!,130.0,131.0,129.0,130.0,239.0
2026-07-24 21:40:00+08:00,TAIFEX:CCF1!,129.5,129.5,127.5,127.5,496.0
2026-07-24 21:55:00+08:00,TAIFEX:CCF1!,127.5,127.5,127.0,127.5,345.0
2026-07-24 22:10:00+08:00,TAIFEX:CCF1!,127.5,128.5,125.5,125.5,743.0
2026-07-24 22:25:00+08:00,TAIFEX:CCF1!,125.5,126.0,123.0,123.5,752.0
2026-07-24 22:40:00+08:00,TAIFEX:CCF1!,123.5,124.5,122.5,124.5,583.0
2026-07-24 22:55:00+08:00,TAIFEX:CCF1!,124.5,126.0,124.5,125.0,408.0
2026-07-24 23:10:00+08:00,TAIFEX:CCF1!,125.0,126.5,125.0,126.0,327.0
2026-07-24 23:25:00+08:00,TAIFEX:CCF1!,126.0,126.0,125.5,126.0,237.0
2026-07-24 23:40:00+08:00,TAIFEX:CCF1!,126.5,126.5,125.5,126.5,190.0
2026-07-24 23:55:00+08:00,TAIFEX:CCF1!,126.5,128.5,126.5,128.5,375.0
2026-07-25 00:10:00+08:00,TAIFEX:CCF1!,128.5,128.5,127.0,127.5,218.0
2026-07-25 00:25:00+08:00,TAIFEX:CCF1!,127.5,127.5,126.5,126.5,94.0
2026-07-25 00:40:00+08:00,TAIFEX:CCF1!,126.5,126.5,125.5,126.0,173.0
2026-07-25 00:55:00+08:00,TAIFEX:CCF1!,126.0,126.5,125.5,125.5,145.0
2026-07-25 01:10:00+08:00,TAIFEX:CCF1!,125.5,126.5,125.5,126.0,42.0
2026-07-25 01:25:00+08:00,TAIFEX:CCF1!,126.5,126.5,126.5,126.5,52.0
2026-07-25 01:40:00+08:00,TAIFEX:CCF1!,126.5,126.5,126.0,126.5,42.0
2026-07-25 01:55:00+08:00,TAIFEX:CCF1!,126.5,126.5,126.0,126.5,24.0
2026-07-25 02:10:00+08:00,TAIFEX:CCF1!,126.0,126.0,126.0,126.0,27.0
2026-07-25 02:25:00+08:00,TAIFEX:CCF1!,125.5,125.5,125.0,125.0,84.0
2026-07-25 02:40:00+08:00,TAIFEX:CCF1!,125.0,125.5,125.0,125.5,47.0
2026-07-25 02:55:00+08:00,TAIFEX:CCF1!,125.5,126.5,125.5,125.5,49.0
2026-07-25 03:10:00+08:00,TAIFEX:CCF1!,125.0,125.0,124.5,124.5,151.0
2026-07-25 03:25:00+08:00,TAIFEX:CCF1!,125.0,125.5,125.0,125.5,70.0
2026-07-25 03:40:00+08:00,TAIFEX:CCF1!,125.5,125.5,125.0,125.0,31.0
2026-07-25 03:55:00+08:00,TAIFEX:CCF1!,125.5,125.5,125.0,125.0,41.0
2026-07-25 04:10:00+08:00,TAIFEX:CCF1!,125.0,125.5,125.0,125.5,19.0
2026-07-25 04:25:00+08:00,TAIFEX:CCF1!,125.0,125.0,125.0,125.0,3.0
2026-07-25 04:40:00+08:00,TAIFEX:CCF1!,124.5,125.0,124.5,124.5,18.0
2026-07-25 04:55:00+08:00,TAIFEX:CCF1!,125.0,125.0,124.0,124.0,27.0
2026-07-27 08:45:00+08:00,TAIFEX:CCF1!,127.0,128.0,122.5,123.0,2798.0
2026-07-27 09:00:00+08:00,TAIFEX:CCF1!,123.0,127.5,121.5,125.0,10562.0
2026-07-27 09:15:00+08:00,TAIFEX:CCF1!,125.0,125.5,121.5,123.5,8097.0
2026-07-27 09:30:00+08:00,TAIFEX:CCF1!,123.5,125.5,123.0,124.5,5573.0
2026-07-27 09:45:00+08:00,TAIFEX:CCF1!,124.0,125.0,123.0,124.0,4382.0
2026-07-27 10:00:00+08:00,TAIFEX:CCF1!,124.0,124.5,123.5,124.0,1967.0
2026-07-27 10:15:00+08:00,TAIFEX:CCF1!,123.5,124.5,122.5,124.0,3103.0
2026-07-27 10:30:00+08:00,TAIFEX:CCF1!,124.0,124.0,122.5,123.0,2507.0
2026-07-27 10:45:00+08:00,TAIFEX:CCF1!,123.0,123.5,122.0,122.0,1443.0
2026-07-27 11:00:00+08:00,TAIFEX:CCF1!,122.0,123.0,119.5,120.0,5988.0
2026-07-27 11:15:00+08:00,TAIFEX:CCF1!,120.0,121.0,118.5,118.5,4285.0
2026-07-27 11:30:00+08:00,TAIFEX:CCF1!,119.0,120.0,118.0,119.5,4077.0
2026-07-27 11:45:00+08:00,TAIFEX:CCF1!,120.0,121.0,119.5,121.0,3692.0
2026-07-27 12:00:00+08:00,TAIFEX:CCF1!,120.5,121.0,119.5,120.0,3000.0
2026-07-27 12:15:00+08:00,TAIFEX:CCF1!,120.0,122.5,120.0,122.5,4323.0
2026-07-27 12:30:00+08:00,TAIFEX:CCF1!,122.0,123.0,121.5,122.5,2692.0
2026-07-27 12:45:00+08:00,TAIFEX:CCF1!,123.0,124.5,122.5,124.5,1990.0
2026-07-27 13:00:00+08:00,TAIFEX:CCF1!,124.5,125.5,124.0,125.0,3009.0
2026-07-27 13:15:00+08:00,TAIFEX:CCF1!,125.0,128.0,125.0,127.5,2141.0
2026-07-27 13:30:00+08:00,TAIFEX:CCF1!,127.5,128.5,126.5,127.5,1324.0
2026-07-27 17:25:00+08:00,TAIFEX:CCF1!,129.0,129.5,129.0,129.5,319.0
2026-07-27 17:40:00+08:00,TAIFEX:CCF1!,129.5,130.0,129.5,130.0,180.0
2026-07-27 17:55:00+08:00,TAIFEX:CCF1!,130.5,131.0,130.0,130.5,284.0
2026-07-27 18:10:00+08:00,TAIFEX:CCF1!,130.5,130.5,130.0,130.0,111.0
2026-07-27 18:25:00+08:00,TAIFEX:CCF1!,130.0,130.0,129.5,129.5,206.0
2026-07-27 18:40:00+08:00,TAIFEX:CCF1!,129.5,130.0,129.5,130.0,76.0
2026-07-27 18:55:00+08:00,TAIFEX:CCF1!,130.0,130.5,130.0,130.0,93.0
2026-07-27 19:10:00+08:00,TAIFEX:CCF1!,130.0,130.0,129.5,129.5,35.0
2026-07-27 19:25:00+08:00,TAIFEX:CCF1!,129.5,130.0,129.0,129.5,87.0
2026-07-27 19:40:00+08:00,TAIFEX:CCF1!,129.5,130.0,129.5,130.0,26.0
2026-07-27 19:55:00+08:00,TAIFEX:CCF1!,130.0,130.5,129.5,130.0,47.0
2026-07-27 20:10:00+08:00,TAIFEX:CCF1!,130.0,130.0,129.5,129.5,44.0
2026-07-27 20:25:00+08:00,TAIFEX:CCF1!,129.5,130.0,129.5,129.5,23.0
2026-07-27 20:40:00+08:00,TAIFEX:CCF1!,129.5,130.5,129.5,130.5,97.0
2026-07-27 20:55:00+08:00,TAIFEX:CCF1!,130.5,130.5,130.0,130.0,211.0
2026-07-27 21:10:00+08:00,TAIFEX:CCF1!,130.0,130.5,130.0,130.0,36.0
2026-07-27 21:25:00+08:00,TAIFEX:CCF1!,130.0,130.0,128.0,129.0,463.0
2026-07-27 21:40:00+08:00,TAIFEX:CCF1!,129.0,129.0,127.5,128.0,618.0
2026-07-27 21:55:00+08:00,TAIFEX:CCF1!,128.0,128.0,126.0,126.5,541.0
2026-07-27 22:10:00+08:00,TAIFEX:CCF1!,126.5,126.5,125.0,125.0,613.0
2026-07-27 22:25:00+08:00,TAIFEX:CCF1!,124.5,125.0,121.5,121.5,1183.0
2026-07-27 22:40:00+08:00,TAIFEX:CCF1!,121.5,124.0,120.5,123.5,1044.0
2026-07-27 22:55:00+08:00,TAIFEX:CCF1!,123.0,124.0,123.0,123.5,388.0
2026-07-27 23:10:00+08:00,TAIFEX:CCF1!,123.5,123.5,122.0,122.5,400.0
2026-07-27 23:25:00+08:00,TAIFEX:CCF1!,122.0,122.5,121.5,121.5,189.0
2026-07-27 23:40:00+08:00,TAIFEX:CCF1!,121.5,122.0,121.5,121.5,131.0
2026-07-27 23:55:00+08:00,TAIFEX:CCF1!,122.0,123.5,122.0,123.0,201.0
2026-07-28 00:10:00+08:00,TAIFEX:CCF1!,123.5,123.5,122.0,122.5,183.0
2026-07-28 00:25:00+08:00,TAIFEX:CCF1!,122.5,123.5,122.5,123.5,156.0
2026-07-28 00:40:00+08:00,TAIFEX:CCF1!,123.0,123.0,122.5,122.5,44.0
2026-07-28 00:55:00+08:00,TAIFEX:CCF1!,122.0,122.5,122.0,122.0,107.0
2026-07-28 01:10:00+08:00,TAIFEX:CCF1!,122.0,122.0,122.0,122.0,61.0
2026-07-28 01:25:00+08:00,TAIFEX:CCF1!,121.5,122.0,121.5,122.0,42.0
2026-07-28 01:40:00+08:00,TAIFEX:CCF1!,122.0,122.0,122.0,122.0,17.0
2026-07-28 01:55:00+08:00,TAIFEX:CCF1!,122.5,122.5,122.5,122.5,23.0
2026-07-28 02:10:00+08:00,TAIFEX:CCF1!,122.5,122.5,122.0,122.0,42.0
2026-07-28 02:25:00+08:00,TAIFEX:CCF1!,122.5,122.5,122.0,122.0,4.0
2026-07-28 02:40:00+08:00,TAIFEX:CCF1!,122.0,122.5,122.0,122.5,21.0
2026-07-28 02:55:00+08:00,TAIFEX:CCF1!,123.0,124.0,123.0,124.0,160.0
2026-07-28 03:10:00+08:00,TAIFEX:CCF1!,124.0,124.5,124.0,124.0,158.0
2026-07-28 03:25:00+08:00,TAIFEX:CCF1!,124.5,125.0,124.0,124.0,120.0
2026-07-28 03:40:00+08:00,TAIFEX:CCF1!,124.0,124.0,123.5,123.5,51.0
2026-07-28 03:55:00+08:00,TAIFEX:CCF1!,124.0,124.5,124.0,124.0,48.0
2026-07-28 04:10:00+08:00,TAIFEX:CCF1!,124.0,124.0,123.5,123.5,17.0
2026-07-28 04:25:00+08:00,TAIFEX:CCF1!,124.0,124.0,123.0,123.0,89.0
2026-07-28 04:40:00+08:00,TAIFEX:CCF1!,123.0,123.5,123.0,123.0,8.0
2026-07-28 04:55:00+08:00,TAIFEX:CCF1!,123.0,123.0,123.0,123.0,16.0
2026-07-28 08:45:00+08:00,TAIFEX:CCF1!,120.5,120.5,115.0,115.0,4669.0
2026-07-28 09:00:00+08:00,TAIFEX:CCF1!,115.0,117.5,115.0,115.0,4656.0
2026-07-28 09:15:00+08:00,TAIFEX:CCF1!,115.0,115.0,115.0,115.0,2195.0
2026-07-28 09:30:00+08:00,TAIFEX:CCF1!,115.0,115.5,115.0,115.0,3138.0
2026-07-28 09:45:00+08:00,TAIFEX:CCF1!,115.5,115.5,115.0,115.0,682.0
2026-07-28 10:00:00+08:00,TAIFEX:CCF1!,115.0,115.0,115.0,115.0,71.0
2026-07-28 10:15:00+08:00,TAIFEX:CCF1!,115.0,115.0,115.0,115.0,77.0
2026-07-28 10:30:00+08:00,TAIFEX:CCF1!,115.0,115.0,115.0,115.0,13.0
2026-07-28 10:45:00+08:00,TAIFEX:CCF1!,115.0,115.0,115.0,115.0,3.0
2026-07-28 11:00:00+08:00,TAIFEX:CCF1!,115.0,115.0,115.0,115.0,16.0
2026-07-28 11:15:00+08:00,TAIFEX:CCF1!,115.0,115.0,115.0,115.0,143.0
2026-07-28 11:30:00+08:00,TAIFEX:CCF1!,115.0,115.0,115.0,115.0,28.0
2026-07-28 11:45:00+08:00,TAIFEX:CCF1!,115.0,115.0,115.0,115.0,12.0
2026-07-28 12:00:00+08:00,TAIFEX:CCF1!,115.0,115.0,115.0,115.0,5.0
2026-07-28 12:15:00+08:00,TAIFEX:CCF1!,115.0,115.0,115.0,115.0,25.0
2026-07-28 12:30:00+08:00,TAIFEX:CCF1!,115.0,115.0,115.0,115.0,2.0
2026-07-28 12:45:00+08:00,TAIFEX:CCF1!,115.0,115.0,115.0,115.0,4.0
2026-07-28 13:00:00+08:00,TAIFEX:CCF1!,115.0,115.0,115.0,115.0,12.0
2026-07-28 13:15:00+08:00,TAIFEX:CCF1!,115.0,115.0,115.0,115.0,8.0
2026-07-28 13:30:00+08:00,TAIFEX:CCF1!,115.0,115.0,115.0,115.0,15.0
2026-07-28 17:25:00+08:00,TAIFEX:CCF1!,112.5,112.5,108.0,109.0,1682.0
2026-07-28 17:40:00+08:00,TAIFEX:CCF1!,109.0,109.0,105.0,105.5,861.0
2026-07-28 17:55:00+08:00,TAIFEX:CCF1!,105.5,106.0,104.0,106.0,1376.0
2026-07-28 18:10:00+08:00,TAIFEX:CCF1!,106.0,106.0,104.5,104.5,517.0
2026-07-28 18:25:00+08:00,TAIFEX:CCF1!,105.0,105.5,104.0,105.0,976.0
2026-07-28 18:40:00+08:00,TAIFEX:CCF1!,105.0,105.5,104.0,105.5,516.0
2026-07-28 18:55:00+08:00,TAIFEX:CCF1!,105.5,106.0,103.5,104.0,2285.0
2026-07-28 19:10:00+08:00,TAIFEX:CCF1!,104.0,105.0,103.5,104.5,492.0
2026-07-28 19:25:00+08:00,TAIFEX:CCF1!,105.0,105.0,103.5,103.5,2043.0
2026-07-28 19:40:00+08:00,TAIFEX:CCF1!,103.5,104.5,103.5,104.5,508.0
2026-07-28 19:55:00+08:00,TAIFEX:CCF1!,104.5,106.0,104.5,105.0,705.0
2026-07-28 20:10:00+08:00,TAIFEX:CCF1!,105.0,105.5,104.5,105.0,356.0
2026-07-28 20:25:00+08:00,TAIFEX:CCF1!,105.5,106.0,105.0,105.0,328.0
2026-07-28 20:40:00+08:00,TAIFEX:CCF1!,105.5,106.5,105.5,106.0,284.0
2026-07-28 20:55:00+08:00,TAIFEX:CCF1!,106.0,107.0,105.5,107.0,346.0
2026-07-28 21:10:00+08:00,TAIFEX:CCF1!,107.0,107.0,106.0,106.0,263.0
2026-07-28 21:25:00+08:00,TAIFEX:CCF1!,106.0,108.0,105.0,106.5,2940.0
2026-07-28 21:40:00+08:00,TAIFEX:CCF1!,106.5,108.5,106.0,107.5,1395.0
2026-07-28 21:55:00+08:00,TAIFEX:CCF1!,107.5,108.5,107.0,108.0,789.0
2026-07-28 22:10:00+08:00,TAIFEX:CCF1!,108.0,108.5,107.0,108.0,742.0
2026-07-28 22:25:00+08:00,TAIFEX:CCF1!,108.0,109.0,108.0,109.0,765.0
2026-07-28 22:40:00+08:00,TAIFEX:CCF1!,109.0,110.5,108.5,110.0,730.0
2026-07-28 22:55:00+08:00,TAIFEX:CCF1!,110.5,110.5,109.5,110.0,594.0
2026-07-28 23:10:00+08:00,TAIFEX:CCF1!,110.0,112.0,110.0,112.0,492.0
2026-07-28 23:25:00+08:00,TAIFEX:CCF1!,112.0,112.5,111.0,112.0,489.0
2026-07-28 23:40:00+08:00,TAIFEX:CCF1!,112.0,113.5,112.0,113.0,560.0
2026-07-28 23:55:00+08:00,TAIFEX:CCF1!,113.0,113.0,111.0,111.0,375.0
2026-07-29 00:10:00+08:00,TAIFEX:CCF1!,111.0,112.0,111.0,111.0,456.0
2026-07-29 00:25:00+08:00,TAIFEX:CCF1!,111.0,111.5,110.5,111.5,251.0
2026-07-29 00:40:00+08:00,TAIFEX:CCF1!,111.5,111.5,110.5,111.0,294.0
2026-07-29 00:55:00+08:00,TAIFEX:CCF1!,110.5,111.5,110.0,110.0,261.0
2026-07-29 01:10:00+08:00,TAIFEX:CCF1!,110.0,110.5,109.5,110.5,90.0
2026-07-29 01:25:00+08:00,TAIFEX:CCF1!,110.0,110.0,109.5,109.5,62.0
2026-07-29 01:40:00+08:00,TAIFEX:CCF1!,109.5,110.0,109.0,110.0,129.0
2026-07-29 01:55:00+08:00,TAIFEX:CCF1!,110.0,110.5,109.5,109.5,26.0
2026-07-29 02:10:00+08:00,TAIFEX:CCF1!,109.5,109.5,109.5,109.5,42.0
2026-07-29 02:25:00+08:00,TAIFEX:CCF1!,109.5,109.5,109.5,109.5,9.0
2026-07-29 02:40:00+08:00,TAIFEX:CCF1!,110.0,110.0,110.0,110.0,103.0
2026-07-29 02:55:00+08:00,TAIFEX:CCF1!,110.0,111.5,110.0,110.5,143.0
2026-07-29 03:10:00+08:00,TAIFEX:CCF1!,110.5,112.0,110.5,112.0,145.0
2026-07-29 03:25:00+08:00,TAIFEX:CCF1!,112.0,112.0,111.0,111.0,136.0
2026-07-29 03:40:00+08:00,TAIFEX:CCF1!,111.0,111.5,111.0,111.5,100.0
2026-07-29 03:55:00+08:00,TAIFEX:CCF1!,111.5,111.5,111.0,111.0,34.0
2026-07-29 04:10:00+08:00,TAIFEX:CCF1!,111.0,111.0,111.0,111.0,41.0
2026-07-29 04:25:00+08:00,TAIFEX:CCF1!,111.0,111.5,111.0,111.0,48.0
2026-07-29 04:40:00+08:00,TAIFEX:CCF1!,111.0,111.0,110.5,110.5,22.0
2026-07-29 04:55:00+08:00,TAIFEX:CCF1!,111.0,112.0,111.0,112.0,48.0
2026-07-29 08:45:00+08:00,TAIFEX:CCF1!,113.5,113.5,109.5,109.5,2303.0
2026-07-29 09:00:00+08:00,TAIFEX:CCF1!,109.0,112.0,104.5,105.5,16269.0
2026-07-29 09:15:00+08:00,TAIFEX:CCF1!,105.5,111.0,103.5,109.0,13883.0
2026-07-29 09:30:00+08:00,TAIFEX:CCF1!,109.5,109.5,105.5,107.5,5432.0
2026-07-29 09:45:00+08:00,TAIFEX:CCF1!,107.5,107.5,103.5,103.5,9603.0
2026-07-29 10:00:00+08:00,TAIFEX:CCF1!,103.5,104.0,103.5,103.5,1206.0
2026-07-29 10:15:00+08:00,TAIFEX:CCF1!,103.5,103.5,103.5,103.5,30.0
2026-07-29 10:30:00+08:00,TAIFEX:CCF1!,103.5,103.5,103.5,103.5,20.0
2026-07-29 10:45:00+08:00,TAIFEX:CCF1!,103.5,103.5,103.5,103.5,4.0
2026-07-29 11:00:00+08:00,TAIFEX:CCF1!,103.5,103.5,103.5,103.5,31.0
2026-07-29 11:15:00+08:00,TAIFEX:CCF1!,103.5,103.5,103.5,103.5,35.0
2026-07-29 11:30:00+08:00,TAIFEX:CCF1!,103.5,103.5,103.5,103.5,13.0
2026-07-29 11:45:00+08:00,TAIFEX:CCF1!,103.5,103.5,103.5,103.5,5.0
2026-07-29 12:00:00+08:00,TAIFEX:CCF1!,103.5,103.5,103.5,103.5,5.0
2026-07-29 12:15:00+08:00,TAIFEX:CCF1!,103.5,103.5,103.5,103.5,3.0
2026-07-29 12:30:00+08:00,TAIFEX:CCF1!,103.5,103.5,103.5,103.5,3.0
2026-07-29 12:45:00+08:00,TAIFEX:CCF1!,103.5,103.5,103.5,103.5,395.0
2026-07-29 13:00:00+08:00,TAIFEX:CCF1!,103.5,103.5,103.5,103.5,826.0
2026-07-29 13:15:00+08:00,TAIFEX:CCF1!,103.5,103.5,103.5,103.5,71.0
2026-07-29 13:30:00+08:00,TAIFEX:CCF1!,103.5,105.0,103.5,104.5,2840.0
2026-07-29 17:25:00+08:00,TAIFEX:CCF1!,109.5,110.0,106.5,108.0,1748.0
2026-07-29 17:40:00+08:00,TAIFEX:CCF1!,108.5,111.5,108.0,111.0,1361.0
2026-07-29 17:55:00+08:00,TAIFEX:CCF1!,111.5,111.5,110.0,111.5,1094.0
2026-07-29 18:10:00+08:00,TAIFEX:CCF1!,111.5,111.5,110.5,111.0,460.0
2026-07-29 18:25:00+08:00,TAIFEX:CCF1!,111.0,111.5,109.5,109.5,386.0
2026-07-29 18:40:00+08:00,TAIFEX:CCF1!,110.0,110.0,109.0,109.0,354.0
2026-07-29 18:55:00+08:00,TAIFEX:CCF1!,109.0,109.5,107.5,108.0,574.0
2026-07-29 19:10:00+08:00,TAIFEX:CCF1!,108.5,109.5,108.5,109.5,268.0
2026-07-29 19:25:00+08:00,TAIFEX:CCF1!,109.5,109.5,109.0,109.0,141.0
2026-07-29 19:40:00+08:00,TAIFEX:CCF1!,108.5,109.5,108.5,109.5,254.0
2026-07-29 19:55:00+08:00,TAIFEX:CCF1!,109.5,110.0,109.0,109.5,252.0
2026-07-29 20:10:00+08:00,TAIFEX:CCF1!,109.5,109.5,108.0,108.5,353.0
2026-07-29 20:25:00+08:00,TAIFEX:CCF1!,108.5,110.0,108.5,109.0,186.0
2026-07-29 20:40:00+08:00,TAIFEX:CCF1!,109.0,109.5,109.0,109.0,154.0
2026-07-29 20:55:00+08:00,TAIFEX:CCF1!,109.0,109.0,108.0,108.5,191.0
2026-07-29 21:10:00+08:00,TAIFEX:CCF1!,108.5,108.5,108.0,108.5,68.0
2026-07-29 21:25:00+08:00,TAIFEX:CCF1!,108.5,111.5,108.0,111.0,1956.0
2026-07-29 21:40:00+08:00,TAIFEX:CCF1!,111.0,112.0,110.0,110.5,2057.0
2026-07-29 21:55:00+08:00,TAIFEX:CCF1!,110.5,111.5,109.0,110.5,1665.0
2026-07-29 22:10:00+08:00,TAIFEX:CCF1!,110.5,111.0,109.5,110.0,912.0
2026-07-29 22:25:00+08:00,TAIFEX:CCF1!,110.0,110.0,108.5,108.5,1206.0
2026-07-29 22:40:00+08:00,TAIFEX:CCF1!,108.5,109.5,108.0,109.0,802.0
2026-07-29 22:55:00+08:00,TAIFEX:CCF1!,109.5,110.5,109.0,110.0,754.0
2026-07-29 23:10:00+08:00,TAIFEX:CCF1!,110.0,110.0,109.0,109.5,388.0
2026-07-29 23:25:00+08:00,TAIFEX:CCF1!,109.5,109.5,109.0,109.0,249.0
2026-07-29 23:40:00+08:00,TAIFEX:CCF1!,109.0,109.0,108.5,108.5,247.0
2026-07-29 23:55:00+08:00,TAIFEX:CCF1!,108.0,109.0,107.5,108.5,484.0
2026-07-30 00:10:00+08:00,TAIFEX:CCF1!,108.5,109.5,108.5,109.5,104.0
2026-07-30 00:25:00+08:00,TAIFEX:CCF1!,109.5,110.5,109.0,110.0,484.0
2026-07-30 00:40:00+08:00,TAIFEX:CCF1!,110.0,111.0,109.5,111.0,442.0
2026-07-30 00:55:00+08:00,TAIFEX:CCF1!,111.0,111.0,110.5,110.5,187.0
2026-07-30 01:10:00+08:00,TAIFEX:CCF1!,110.5,111.5,110.5,111.0,265.0
2026-07-30 01:25:00+08:00,TAIFEX:CCF1!,110.5,111.0,110.0,110.5,142.0
2026-07-30 01:40:00+08:00,TAIFEX:CCF1!,110.5,111.5,110.5,111.0,367.0
2026-07-30 01:55:00+08:00,TAIFEX:CCF1!,111.0,113.0,111.0,112.5,1883.0
2026-07-30 02:10:00+08:00,TAIFEX:CCF1!,112.5,113.0,110.5,111.0,672.0
2026-07-30 02:25:00+08:00,TAIFEX:CCF1!,111.0,112.0,110.5,112.0,339.0
2026-07-30 02:40:00+08:00,TAIFEX:CCF1!,112.5,113.5,112.5,113.5,416.0
2026-07-30 02:55:00+08:00,TAIFEX:CCF1!,113.5,114.0,112.5,112.5,1088.0
2026-07-30 03:10:00+08:00,TAIFEX:CCF1!,112.5,112.5,110.5,111.0,492.0
2026-07-30 03:25:00+08:00,TAIFEX:CCF1!,111.0,111.5,110.0,110.5,844.0
2026-07-30 03:40:00+08:00,TAIFEX:CCF1!,110.0,110.5,109.0,109.0,726.0
2026-07-30 03:55:00+08:00,TAIFEX:CCF1!,109.0,109.0,108.0,108.5,465.0
2026-07-30 04:10:00+08:00,TAIFEX:CCF1!,108.5,108.5,108.0,108.0,135.0
2026-07-30 04:25:00+08:00,TAIFEX:CCF1!,107.5,108.0,107.0,108.0,185.0
2026-07-30 04:40:00+08:00,TAIFEX:CCF1!,108.5,108.5,107.0,107.0,250.0
2026-07-30 04:55:00+08:00,TAIFEX:CCF1!,107.0,107.5,106.5,107.0,117.0
2026-07-30 08:45:00+08:00,TAIFEX:CCF1!,105.5,110.5,105.5,107.5,4948.0
2026-07-30 09:00:00+08:00,TAIFEX:CCF1!,108.0,114.5,105.5,112.5,16533.0
2026-07-30 09:15:00+08:00,TAIFEX:CCF1!,112.5,114.5,109.5,114.0,12713.0
2026-07-30 09:30:00+08:00,TAIFEX:CCF1!,114.5,114.5,114.0,114.5,1651.0
2026-07-30 09:45:00+08:00,TAIFEX:CCF1!,114.5,114.5,113.5,114.5,1079.0
2026-07-30 10:00:00+08:00,TAIFEX:CCF1!,114.5,114.5,113.5,114.0,1270.0
2026-07-30 10:15:00+08:00,TAIFEX:CCF1!,113.5,114.0,111.5,111.5,3366.0
2026-07-30 10:30:00+08:00,TAIFEX:CCF1!,111.5,114.5,111.0,114.5,6167.0
2026-07-30 10:45:00+08:00,TAIFEX:CCF1!,114.5,114.5,113.0,113.5,1096.0
2026-07-30 11:00:00+08:00,TAIFEX:CCF1!,113.5,114.5,112.5,113.0,1277.0
2026-07-30 11:15:00+08:00,TAIFEX:CCF1!,113.0,114.0,111.5,113.5,5376.0
2026-07-30 11:30:00+08:00,TAIFEX:CCF1!,113.5,114.0,113.0,114.0,1176.0
2026-07-30 11:45:00+08:00,TAIFEX:CCF1!,114.0,114.0,113.0,113.5,730.0
2026-07-30 12:00:00+08:00,TAIFEX:CCF1!,113.5,113.5,112.5,113.0,604.0
2026-07-30 12:15:00+08:00,TAIFEX:CCF1!,113.0,114.0,112.5,114.0,636.0
2026-07-30 12:30:00+08:00,TAIFEX:CCF1!,113.5,113.5,113.0,113.0,1386.0
2026-07-30 12:45:00+08:00,TAIFEX:CCF1!,113.0,113.5,109.5,110.5,7826.0
2026-07-30 13:00:00+08:00,TAIFEX:CCF1!,110.5,111.0,108.0,109.5,6889.0
2026-07-30 13:15:00+08:00,TAIFEX:CCF1!,110.0,111.5,109.0,110.0,4024.0
2026-07-30 13:30:00+08:00,TAIFEX:CCF1!,109.5,111.0,109.0,110.5,1076.0
2026-07-30 17:25:00+08:00,TAIFEX:CCF1!,111.0,111.5,110.5,110.5,628.0
2026-07-30 17:40:00+08:00,TAIFEX:CCF1!,110.5,111.0,110.0,110.5,114.0
2026-07-30 17:55:00+08:00,TAIFEX:CCF1!,110.5,110.5,109.5,110.0,154.0
2026-07-30 18:10:00+08:00,TAIFEX:CCF1!,110.0,111.0,110.0,110.5,208.0
2026-07-30 18:25:00+08:00,TAIFEX:CCF1!,111.0,111.0,110.5,111.0,172.0
2026-07-30 18:40:00+08:00,TAIFEX:CCF1!,111.0,111.5,111.0,111.0,215.0
2026-07-30 18:55:00+08:00,TAIFEX:CCF1!,111.0,112.0,111.0,112.0,328.0
2026-07-30 19:10:00+08:00,TAIFEX:CCF1!,112.0,112.0,111.5,112.0,220.0
2026-07-30 19:25:00+08:00,TAIFEX:CCF1!,112.0,112.5,111.5,112.0,142.0
2026-07-30 19:40:00+08:00,TAIFEX:CCF1!,112.0,112.0,111.5,112.0,363.0
2026-07-30 19:55:00+08:00,TAIFEX:CCF1!,112.0,112.5,111.5,112.5,217.0
2026-07-30 20:10:00+08:00,TAIFEX:CCF1!,112.5,112.5,112.0,112.5,77.0
2026-07-30 20:25:00+08:00,TAIFEX:CCF1!,112.5,113.0,112.5,112.5,543.0
2026-07-30 20:40:00+08:00,TAIFEX:CCF1!,112.5,113.0,112.0,112.5,161.0
2026-07-30 20:55:00+08:00,TAIFEX:CCF1!,112.5,114.0,112.5,113.5,522.0
2026-07-30 21:10:00+08:00,TAIFEX:CCF1!,113.0,113.5,113.0,113.0,156.0
2026-07-30 21:25:00+08:00,TAIFEX:CCF1!,113.0,115.0,113.0,115.0,1038.0
2026-07-30 21:40:00+08:00,TAIFEX:CCF1!,114.5,119.5,114.5,119.0,2410.0
2026-07-30 21:55:00+08:00,TAIFEX:CCF1!,119.5,121.0,118.5,119.0,1717.0
2026-07-30 22:10:00+08:00,TAIFEX:CCF1!,118.5,120.5,118.5,120.0,1192.0
2026-07-30 22:25:00+08:00,TAIFEX:CCF1!,120.0,121.0,119.5,120.5,1237.0
2026-07-30 22:40:00+08:00,TAIFEX:CCF1!,120.0,120.5,119.5,119.5,974.0
2026-07-30 22:55:00+08:00,TAIFEX:CCF1!,119.5,120.0,119.0,120.0,642.0
2026-07-30 23:10:00+08:00,TAIFEX:CCF1!,120.0,120.0,119.5,120.0,397.0
2026-07-30 23:25:00+08:00,TAIFEX:CCF1!,120.0,120.5,119.5,120.0,285.0
2026-07-30 23:40:00+08:00,TAIFEX:CCF1!,120.0,120.5,120.0,120.5,143.0
2026-07-30 23:55:00+08:00,TAIFEX:CCF1!,120.5,121.0,120.0,121.0,285.0
2026-07-31 00:10:00+08:00,TAIFEX:CCF1!,121.0,121.0,120.5,120.5,376.0
2026-07-31 00:25:00+08:00,TAIFEX:CCF1!,120.5,121.0,120.5,120.5,91.0
2026-07-31 00:40:00+08:00,TAIFEX:CCF1!,120.5,120.5,120.0,120.5,290.0
2026-07-31 00:55:00+08:00,TAIFEX:CCF1!,120.5,121.5,120.5,121.5,236.0
2026-07-31 01:10:00+08:00,TAIFEX:CCF1!,121.0,121.5,121.0,121.0,45.0
2026-07-31 01:25:00+08:00,TAIFEX:CCF1!,121.5,121.5,121.0,121.0,290.0
2026-07-31 01:40:00+08:00,TAIFEX:CCF1!,121.0,121.5,121.0,121.0,68.0
2026-07-31 01:55:00+08:00,TAIFEX:CCF1!,121.0,121.5,121.0,121.5,34.0
2026-07-31 02:10:00+08:00,TAIFEX:CCF1!,121.0,121.5,121.0,121.0,39.0
2026-07-31 02:25:00+08:00,TAIFEX:CCF1!,121.0,121.0,120.5,120.5,10.0
2026-07-31 02:40:00+08:00,TAIFEX:CCF1!,120.5,120.5,120.5,120.5,71.0
2026-07-31 02:55:00+08:00,TAIFEX:CCF1!,121.0,121.5,121.0,121.0,86.0
2026-07-31 03:10:00+08:00,TAIFEX:CCF1!,121.5,121.5,121.0,121.5,45.0
2026-07-31 03:25:00+08:00,TAIFEX:CCF1!,121.0,121.0,121.0,121.0,9.0
2026-07-31 03:40:00+08:00,TAIFEX:CCF1!,121.0,121.5,121.0,121.5,8.0
2026-07-31 03:55:00+08:00,TAIFEX:CCF1!,121.0,121.5,121.0,121.0,91.0
2026-07-31 04:10:00+08:00,TAIFEX:CCF1!,121.0,121.5,121.0,121.5,58.0
2026-07-31 04:25:00+08:00,TAIFEX:CCF1!,121.5,121.5,121.0,121.5,44.0
2026-07-31 04:40:00+08:00,TAIFEX:CCF1!,121.5,121.5,121.0,121.5,66.0
2026-07-31 04:55:00+08:00,TAIFEX:CCF1!,121.5,121.5,121.0,121.0,229.0
2026-07-31 08:45:00+08:00,TAIFEX:CCF1!,122.0,122.0,122.0,122.0,201.0
2026-07-31 09:00:00+08:00,TAIFEX:CCF1!,122.0,122.0,122.0,122.0,32.0
2026-07-31 09:15:00+08:00,TAIFEX:CCF1!,122.0,122.0,122.0,122.0,23.0
2026-07-31 09:30:00+08:00,TAIFEX:CCF1!,122.0,122.0,122.0,122.0,3.0
2026-07-31 09:45:00+08:00,TAIFEX:CCF1!,122.0,122.0,122.0,122.0,11.0
2026-07-31 10:00:00+08:00,TAIFEX:CCF1!,122.0,122.0,122.0,122.0,7.0
2026-07-31 10:15:00+08:00,TAIFEX:CCF1!,122.0,122.0,122.0,122.0,3.0
2026-07-31 10:30:00+08:00,TAIFEX:CCF1!,122.0,122.0,122.0,122.0,3.0
2026-07-31 10:45:00+08:00,TAIFEX:CCF1!,122.0,122.0,122.0,122.0,3.0
2026-07-31 11:00:00+08:00,TAIFEX:CCF1!,122.0,122.0,122.0,122.0,3.0
2026-07-31 11:15:00+08:00,TAIFEX:CCF1!,122.0,122.0,122.0,122.0,7.0
2026-07-31 11:30:00+08:00,TAIFEX:CCF1!,122.0,122.0,122.0,122.0,1.0
2026-07-31 11:45:00+08:00,TAIFEX:CCF1!,122.0,122.0,122.0,122.0,1.0
2026-07-31 12:30:00+08:00,TAIFEX:CCF1!,122.0,122.0,122.0,122.0,2.0
2026-07-31 12:45:00+08:00,TAIFEX:CCF1!,122.0,122.0,122.0,122.0,4.0
2026-07-31 13:00:00+08:00,TAIFEX:CCF1!,122.0,122.0,122.0,122.0,6.0
2026-07-31 13:15:00+08:00,TAIFEX:CCF1!,122.0,122.0,122.0,122.0,9.0
2026-07-31 13:30:00+08:00,TAIFEX:CCF1!,122.0,122.0,122.0,122.0,23.0
2026-07-31 17:25:00+08:00,TAIFEX:CCF1!,126.0,128.5,126.0,126.5,1365.0
2026-07-31 17:40:00+08:00,TAIFEX:CCF1!,126.5,128.5,126.0,127.0,823.0
2026-07-31 17:55:00+08:00,TAIFEX:CCF1!,127.0,128.0,127.0,127.5,344.0
2026-07-31 18:10:00+08:00,TAIFEX:CCF1!,127.5,128.0,127.5,128.0,71.0
2026-07-31 18:25:00+08:00,TAIFEX:CCF1!,128.0,128.5,127.5,128.0,219.0
2026-07-31 18:40:00+08:00,TAIFEX:CCF1!,128.0,128.5,128.0,128.0,200.0
2026-07-31 18:55:00+08:00,TAIFEX:CCF1!,127.5,128.0,127.0,128.0,241.0
2026-07-31 19:10:00+08:00,TAIFEX:CCF1!,128.0,128.0,127.5,127.5,30.0
2026-07-31 19:25:00+08:00,TAIFEX:CCF1!,128.0,128.0,127.5,127.5,19.0
2026-07-31 19:40:00+08:00,TAIFEX:CCF1!,127.5,128.0,127.5,127.5,25.0
2026-07-31 19:55:00+08:00,TAIFEX:CCF1!,128.0,128.0,127.5,127.5,33.0
2026-07-31 20:10:00+08:00,TAIFEX:CCF1!,127.5,127.5,127.0,127.0,226.0
2026-07-31 20:25:00+08:00,TAIFEX:CCF1!,127.0,127.5,127.0,127.0,192.0
2026-07-31 20:40:00+08:00,TAIFEX:CCF1!,127.0,127.0,126.5,127.0,238.0
2026-07-31 20:55:00+08:00,TAIFEX:CCF1!,127.0,127.5,127.0,127.0,21.0
2026-07-31 21:10:00+08:00,TAIFEX:CCF1!,127.5,128.0,127.0,128.0,153.0
2026-07-31 21:25:00+08:00,TAIFEX:CCF1!,128.0,128.5,126.5,127.0,723.0
2026-07-31 21:40:00+08:00,TAIFEX:CCF1!,126.5,127.0,121.5,122.5,2454.0
2026-07-31 21:55:00+08:00,TAIFEX:CCF1!,123.0,124.5,121.0,121.5,1544.0
2026-07-31 22:10:00+08:00,TAIFEX:CCF1!,121.0,124.5,120.5,123.5,2019.0
2026-07-31 22:25:00+08:00,TAIFEX:CCF1!,123.5,125.0,123.0,124.0,1108.0
2026-07-31 22:40:00+08:00,TAIFEX:CCF1!,124.0,125.0,123.5,124.0,840.0
2026-07-31 22:55:00+08:00,TAIFEX:CCF1!,124.5,124.5,123.0,124.0,631.0
2026-07-31 23:10:00+08:00,TAIFEX:CCF1!,123.5,124.0,123.0,123.0,338.0
2026-07-31 23:25:00+08:00,TAIFEX:CCF1!,123.0,124.0,122.0,124.0,833.0
2026-07-31 23:40:00+08:00,TAIFEX:CCF1!,124.0,124.0,122.5,123.5,431.0
2026-07-31 23:55:00+08:00,TAIFEX:CCF1!,123.5,123.5,123.0,123.5,194.0
2026-08-01 00:10:00+08:00,TAIFEX:CCF1!,123.5,123.5,122.5,123.5,330.0
2026-08-01 00:25:00+08:00,TAIFEX:CCF1!,124.0,124.5,123.0,124.0,494.0
2026-08-01 00:40:00+08:00,TAIFEX:CCF1!,124.5,124.5,123.5,123.5,85.0
2026-08-01 00:55:00+08:00,TAIFEX:CCF1!,124.0,124.5,124.0,124.0,112.0
2026-08-01 01:10:00+08:00,TAIFEX:CCF1!,124.0,124.5,123.5,124.0,188.0
2026-08-01 01:25:00+08:00,TAIFEX:CCF1!,124.0,125.0,124.0,124.5,136.0
2026-08-01 01:40:00+08:00,TAIFEX:CCF1!,124.5,124.5,124.0,124.0,45.0
2026-08-01 01:55:00+08:00,TAIFEX:CCF1!,124.0,124.5,124.0,124.5,19.0
2026-08-01 02:10:00+08:00,TAIFEX:CCF1!,124.0,124.0,123.5,123.5,109.0
2026-08-01 02:25:00+08:00,TAIFEX:CCF1!,124.0,124.0,124.0,124.0,60.0
2026-08-01 02:40:00+08:00,TAIFEX:CCF1!,124.0,124.5,124.0,124.0,30.0
2026-08-01 02:55:00+08:00,TAIFEX:CCF1!,124.0,124.5,123.5,123.5,100.0
2026-08-01 03:10:00+08:00,TAIFEX:CCF1!,124.0,124.0,124.0,124.0,65.0
2026-08-01 03:25:00+08:00,TAIFEX:CCF1!,124.0,124.0,123.5,123.5,94.0
2026-08-01 03:40:00+08:00,TAIFEX:CCF1!,123.5,124.0,123.5,124.0,56.0
2026-08-01 03:55:00+08:00,TAIFEX:CCF1!,123.5,124.0,123.0,123.5,137.0
2026-08-01 04:10:00+08:00,TAIFEX:CCF1!,123.5,123.5,123.0,123.5,41.0
2026-08-01 04:25:00+08:00,TAIFEX:CCF1!,123.5,123.5,123.0,123.0,13.0
2026-08-01 04:40:00+08:00,TAIFEX:CCF1!,123.0,124.0,123.0,123.5,87.0
2026-08-01 04:55:00+08:00,TAIFEX:CCF1!,123.0,124.0,123.0,123.5,47.0
2026-08-03 08:45:00+08:00,TAIFEX:CCF1!,123.5,126.5,123.0,125.5,2397.0
2026-08-03 09:00:00+08:00,TAIFEX:CCF1!,125.0,126.0,119.0,119.0,12642.0
2026-08-03 09:15:00+08:00,TAIFEX:CCF1!,119.0,121.0,118.5,119.0,7856.0
2026-08-03 09:30:00+08:00,TAIFEX:CCF1!,119.0,121.0,117.5,119.0,4642.0
2026-08-03 09:45:00+08:00,TAIFEX:CCF1!,119.0,121.5,119.0,121.0,4039.0
2026-08-03 10:00:00+08:00,TAIFEX:CCF1!,121.5,121.5,120.5,121.5,3134.0
2026-08-03 10:15:00+08:00,TAIFEX:CCF1!,121.5,122.5,119.0,119.5,4496.0
2026-08-03 10:30:00+08:00,TAIFEX:CCF1!,119.5,120.0,118.5,118.5,1631.0
2026-08-03 10:45:00+08:00,TAIFEX:CCF1!,118.5,120.0,118.5,119.5,1498.0
2026-08-03 11:00:00+08:00,TAIFEX:CCF1!,119.5,120.0,119.0,119.5,696.0
2026-08-03 11:15:00+08:00,TAIFEX:CCF1!,120.0,120.0,118.0,118.0,1427.0
2026-08-03 11:30:00+08:00,TAIFEX:CCF1!,118.5,120.0,118.5,119.5,893.0
2026-08-03 11:45:00+08:00,TAIFEX:CCF1!,119.5,120.0,119.0,119.0,803.0
2026-08-03 12:00:00+08:00,TAIFEX:CCF1!,119.0,119.5,118.0,118.5,1167.0
2026-08-03 12:15:00+08:00,TAIFEX:CCF1!,118.5,119.0,118.5,118.5,518.0
2026-08-03 12:30:00+08:00,TAIFEX:CCF1!,118.5,118.5,116.5,117.0,2787.0
2026-08-03 12:45:00+08:00,TAIFEX:CCF1!,117.5,118.0,117.0,117.0,380.0
2026-08-03 13:00:00+08:00,TAIFEX:CCF1!,117.0,118.0,116.5,117.0,3082.0
2026-08-03 13:15:00+08:00,TAIFEX:CCF1!,117.0,118.5,116.5,118.0,3117.0
2026-08-03 13:30:00+08:00,TAIFEX:CCF1!,118.0,119.0,118.0,118.0,446.0
2026-08-03 17:25:00+08:00,TAIFEX:CCF1!,116.0,116.5,115.0,115.0,470.0
2026-08-03 17:40:00+08:00,TAIFEX:CCF1!,115.0,115.0,111.5,112.5,835.0
2026-08-03 17:55:00+08:00,TAIFEX:CCF1!,112.5,113.5,112.0,113.5,256.0
2026-08-03 18:10:00+08:00,TAIFEX:CCF1!,113.0,113.0,111.0,111.0,300.0
2026-08-03 18:25:00+08:00,TAIFEX:CCF1!,111.5,112.5,111.0,112.5,117.0
2026-08-03 18:40:00+08:00,TAIFEX:CCF1!,112.5,112.5,111.5,112.5,181.0
2026-08-03 18:55:00+08:00,TAIFEX:CCF1!,112.5,113.0,111.5,112.0,419.0
2026-08-03 19:10:00+08:00,TAIFEX:CCF1!,112.0,112.0,111.5,112.0,55.0
2026-08-03 19:25:00+08:00,TAIFEX:CCF1!,112.0,112.0,110.0,110.0,516.0
2026-08-03 19:40:00+08:00,TAIFEX:CCF1!,110.0,111.0,110.0,110.5,229.0
2026-08-03 19:55:00+08:00,TAIFEX:CCF1!,110.5,111.5,110.5,111.5,174.0
2026-08-03 20:10:00+08:00,TAIFEX:CCF1!,111.5,112.0,111.5,112.0,142.0
2026-08-03 20:25:00+08:00,TAIFEX:CCF1!,111.5,112.5,111.5,111.5,73.0
2026-08-03 20:40:00+08:00,TAIFEX:CCF1!,111.5,112.5,111.0,111.5,138.0
2026-08-03 20:55:00+08:00,TAIFEX:CCF1!,111.5,111.5,110.5,111.5,164.0
2026-08-03 21:10:00+08:00,TAIFEX:CCF1!,111.5,112.0,111.0,112.0,255.0
2026-08-03 21:25:00+08:00,TAIFEX:CCF1!,112.0,114.0,111.5,113.5,753.0
2026-08-03 21:40:00+08:00,TAIFEX:CCF1!,113.5,113.5,112.0,113.0,1103.0
2026-08-03 21:55:00+08:00,TAIFEX:CCF1!,113.0,114.5,112.5,114.5,923.0
2026-08-03 22:10:00+08:00,TAIFEX:CCF1!,114.5,116.5,114.0,115.5,1009.0
2026-08-03 22:25:00+08:00,TAIFEX:CCF1!,116.0,117.0,115.5,117.0,982.0
2026-08-03 22:40:00+08:00,TAIFEX:CCF1!,117.0,118.5,116.0,117.5,1026.0
2026-08-03 22:55:00+08:00,TAIFEX:CCF1!,118.0,118.0,116.5,116.5,593.0
2026-08-03 23:10:00+08:00,TAIFEX:CCF1!,116.5,117.0,116.0,116.5,314.0
2026-08-03 23:25:00+08:00,TAIFEX:CCF1!,116.5,116.5,115.5,116.0,362.0
2026-08-03 23:40:00+08:00,TAIFEX:CCF1!,116.5,117.0,116.5,117.0,211.0
2026-08-03 23:55:00+08:00,TAIFEX:CCF1!,117.0,117.5,116.5,117.0,124.0
2026-08-04 00:10:00+08:00,TAIFEX:CCF1!,117.0,118.0,117.0,117.5,544.0
2026-08-04 00:25:00+08:00,TAIFEX:CCF1!,117.5,117.5,117.0,117.5,63.0
2026-08-04 00:40:00+08:00,TAIFEX:CCF1!,117.0,117.5,116.5,117.0,226.0
2026-08-04 00:55:00+08:00,TAIFEX:CCF1!,117.5,117.5,117.5,117.5,14.0
2026-08-04 01:10:00+08:00,TAIFEX:CCF1!,117.5,118.0,117.5,118.0,24.0
2026-08-04 01:25:00+08:00,TAIFEX:CCF1!,118.0,118.5,118.0,118.5,87.0
2026-08-04 01:40:00+08:00,TAIFEX:CCF1!,118.5,118.5,118.0,118.5,13.0
2026-08-04 01:55:00+08:00,TAIFEX:CCF1!,118.5,119.5,118.5,119.5,284.0
2026-08-04 02:10:00+08:00,TAIFEX:CCF1!,119.0,119.0,119.0,119.0,134.0
2026-08-04 02:25:00+08:00,TAIFEX:CCF1!,118.5,119.0,118.0,118.5,97.0
2026-08-04 02:40:00+08:00,TAIFEX:CCF1!,118.5,119.5,118.5,119.0,132.0
2026-08-04 02:55:00+08:00,TAIFEX:CCF1!,119.5,119.5,119.0,119.0,109.0
2026-08-04 03:10:00+08:00,TAIFEX:CCF1!,119.5,119.5,119.0,119.0,59.0
2026-08-04 03:25:00+08:00,TAIFEX:CCF1!,119.0,119.5,119.0,119.0,52.0
2026-08-04 03:40:00+08:00,TAIFEX:CCF1!,119.0,119.0,119.0,119.0,41.0
2026-08-04 03:55:00+08:00,TAIFEX:CCF1!,119.0,119.0,118.5,119.0,56.0
2026-08-04 04:10:00+08:00,TAIFEX:CCF1!,119.5,120.0,119.5,120.0,34.0
2026-08-04 04:25:00+08:00,TAIFEX:CCF1!,120.0,120.0,119.5,119.5,14.0
2026-08-04 04:40:00+08:00,TAIFEX:CCF1!,119.5,120.0,119.5,120.0,34.0
2026-08-04 04:55:00+08:00,TAIFEX:CCF1!,120.0,120.0,118.5,119.5,98.0
2026-08-04 08:45:00+08:00,TAIFEX:CCF1!,119.0,119.0,117.0,118.5,1515.0
2026-08-04 09:00:00+08:00,TAIFEX:CCF1!,118.5,119.5,116.0,116.5,7590.0
2026-08-04 09:15:00+08:00,TAIFEX:CCF1!,116.5,118.5,115.5,118.0,3529.0
2026-08-04 09:30:00+08:00,TAIFEX:CCF1!,118.0,119.5,117.5,119.0,2686.0
2026-08-04 09:45:00+08:00,TAIFEX:CCF1!,119.0,120.0,118.5,120.0,2455.0
2026-08-04 10:00:00+08:00,TAIFEX:CCF1!,119.5,120.0,118.0,118.5,1842.0
2026-08-04 10:15:00+08:00,TAIFEX:CCF1!,118.5,119.0,117.5,118.5,1874.0
2026-08-04 10:30:00+08:00,TAIFEX:CCF1!,119.0,119.0,118.5,119.0,783.0
2026-08-04 10:45:00+08:00,TAIFEX:CCF1!,118.5,119.0,118.0,118.0,1198.0
2026-08-04 11:00:00+08:00,TAIFEX:CCF1!,118.0,119.0,117.0,117.0,2283.0
2026-08-04 11:15:00+08:00,TAIFEX:CCF1!,117.0,118.0,117.0,118.0,2567.0
2026-08-04 11:30:00+08:00,TAIFEX:CCF1!,118.5,119.5,118.0,118.5,1590.0
2026-08-04 11:45:00+08:00,TAIFEX:CCF1!,118.5,118.5,117.5,118.0,321.0
2026-08-04 12:00:00+08:00,TAIFEX:CCF1!,118.0,118.0,117.0,117.0,290.0
2026-08-04 12:15:00+08:00,TAIFEX:CCF1!,117.0,118.0,117.0,118.0,789.0
2026-08-04 12:30:00+08:00,TAIFEX:CCF1!,117.5,118.0,117.0,117.5,585.0
2026-08-04 12:45:00+08:00,TAIFEX:CCF1!,117.5,119.5,117.5,119.0,1567.0
2026-08-04 13:00:00+08:00,TAIFEX:CCF1!,119.0,119.5,117.5,118.0,1332.0
2026-08-04 13:15:00+08:00,TAIFEX:CCF1!,118.0,118.5,117.5,118.5,940.0
2026-08-04 13:30:00+08:00,TAIFEX:CCF1!,118.5,121.0,118.5,121.0,1503.0
2026-08-04 17:25:00+08:00,TAIFEX:CCF1!,120.5,123.5,120.5,123.0,727.0
2026-08-04 17:40:00+08:00,TAIFEX:CCF1!,123.5,124.5,123.0,124.0,663.0
2026-08-04 17:55:00+08:00,TAIFEX:CCF1!,124.0,124.5,124.0,124.5,296.0
2026-08-04 18:10:00+08:00,TAIFEX:CCF1!,124.5,124.5,124.0,124.5,350.0
2026-08-04 18:25:00+08:00,TAIFEX:CCF1!,124.5,127.0,124.5,127.0,709.0
2026-08-04 18:40:00+08:00,TAIFEX:CCF1!,127.0,129.0,126.5,127.5,1005.0
2026-08-04 18:55:00+08:00,TAIFEX:CCF1!,127.5,128.5,127.0,127.5,331.0
2026-08-04 19:10:00+08:00,TAIFEX:CCF1!,127.5,129.5,127.5,128.5,660.0
2026-08-04 19:25:00+08:00,TAIFEX:CCF1!,128.5,131.0,128.5,129.5,1564.0
2026-08-04 19:40:00+08:00,TAIFEX:CCF1!,130.0,131.0,129.5,130.5,793.0
2026-08-04 19:55:00+08:00,TAIFEX:CCF1!,130.5,130.5,129.5,129.5,318.0
2026-08-04 20:10:00+08:00,TAIFEX:CCF1!,129.5,130.0,129.0,130.0,312.0
2026-08-04 20:25:00+08:00,TAIFEX:CCF1!,130.0,130.0,129.0,129.0,215.0
2026-08-04 20:40:00+08:00,TAIFEX:CCF1!,129.0,129.5,129.0,129.0,82.0
2026-08-04 20:55:00+08:00,TAIFEX:CCF1!,129.0,130.0,129.0,130.0,292.0
2026-08-04 21:10:00+08:00,TAIFEX:CCF1!,129.5,130.0,129.5,129.5,174.0
2026-08-04 21:25:00+08:00,TAIFEX:CCF1!,129.5,130.0,128.0,129.5,911.0
2026-08-04 21:40:00+08:00,TAIFEX:CCF1!,129.5,131.0,129.5,131.0,759.0
2026-08-04 21:55:00+08:00,TAIFEX:CCF1!,131.0,131.0,129.5,130.0,859.0
2026-08-04 22:10:00+08:00,TAIFEX:CCF1!,130.0,130.5,129.0,129.5,391.0
2026-08-04 22:25:00+08:00,TAIFEX:CCF1!,129.5,130.0,129.5,130.0,334.0
2026-08-04 22:40:00+08:00,TAIFEX:CCF1!,130.5,130.5,130.0,130.0,31.0
2026-08-04 22:55:00+08:00,TAIFEX:CCF1!,130.0,131.0,130.0,130.5,693.0
2026-08-04 23:10:00+08:00,TAIFEX:CCF1!,130.5,131.5,130.5,130.5,385.0
2026-08-04 23:25:00+08:00,TAIFEX:CCF1!,130.5,131.0,130.5,131.0,20.0
2026-08-04 23:40:00+08:00,TAIFEX:CCF1!,131.0,131.0,130.5,131.0,141.0
2026-08-04 23:55:00+08:00,TAIFEX:CCF1!,131.0,131.0,130.5,131.0,218.0
2026-08-05 00:10:00+08:00,TAIFEX:CCF1!,131.0,131.0,130.5,131.0,413.0
2026-08-05 00:25:00+08:00,TAIFEX:CCF1!,131.0,131.0,131.0,131.0,112.0
2026-08-05 00:40:00+08:00,TAIFEX:CCF1!,131.0,131.0,130.5,130.5,42.0
2026-08-05 00:55:00+08:00,TAIFEX:CCF1!,131.0,131.5,131.0,131.5,155.0
2026-08-05 01:10:00+08:00,TAIFEX:CCF1!,131.0,131.5,131.0,131.5,355.0
2026-08-05 01:25:00+08:00,TAIFEX:CCF1!,131.5,132.0,131.5,132.0,153.0
2026-08-05 01:40:00+08:00,TAIFEX:CCF1!,131.5,132.0,131.5,131.5,128.0
2026-08-05 01:55:00+08:00,TAIFEX:CCF1!,131.5,131.5,131.0,131.5,433.0
2026-08-05 02:10:00+08:00,TAIFEX:CCF1!,131.5,132.0,131.0,132.0,40.0
2026-08-05 02:25:00+08:00,TAIFEX:CCF1!,132.0,132.0,131.5,131.5,14.0
2026-08-05 02:40:00+08:00,TAIFEX:CCF1!,131.0,131.5,131.0,131.5,41.0
2026-08-05 02:55:00+08:00,TAIFEX:CCF1!,131.5,132.0,131.5,131.5,153.0
2026-08-05 03:10:00+08:00,TAIFEX:CCF1!,131.5,132.0,131.5,132.0,187.0
2026-08-05 03:25:00+08:00,TAIFEX:CCF1!,131.5,131.5,131.5,131.5,123.0
2026-08-05 03:40:00+08:00,TAIFEX:CCF1!,132.0,132.0,131.0,131.0,52.0
2026-08-05 03:55:00+08:00,TAIFEX:CCF1!,131.5,131.5,131.0,131.5,34.0
2026-08-05 04:10:00+08:00,TAIFEX:CCF1!,131.5,131.5,130.5,131.0,213.0
2026-08-05 04:25:00+08:00,TAIFEX:CCF1!,131.0,131.0,130.5,130.5,41.0
2026-08-05 04:40:00+08:00,TAIFEX:CCF1!,131.0,131.5,131.0,131.5,91.0
2026-08-05 04:55:00+08:00,TAIFEX:CCF1!,131.0,132.0,131.0,131.5,464.0
2026-08-05 08:45:00+08:00,TAIFEX:CCF1!,131.0,131.0,128.5,129.0,4158.0
2026-08-05 09:00:00+08:00,TAIFEX:CCF1!,128.5,129.0,124.0,124.5,8648.0
2026-08-05 09:15:00+08:00,TAIFEX:CCF1!,124.5,124.5,122.0,122.5,10580.0
2026-08-05 09:30:00+08:00,TAIFEX:CCF1!,122.5,123.5,122.0,123.0,4258.0
2026-08-05 09:45:00+08:00,TAIFEX:CCF1!,123.5,124.5,123.0,123.5,4425.0
2026-08-05 10:00:00+08:00,TAIFEX:CCF1!,123.5,125.5,123.5,125.5,2989.0
2026-08-05 10:15:00+08:00,TAIFEX:CCF1!,125.5,125.5,123.5,123.5,2087.0
2026-08-05 10:30:00+08:00,TAIFEX:CCF1!,123.5,124.0,123.0,123.5,1249.0
2026-08-05 10:45:00+08:00,TAIFEX:CCF1!,123.5,123.5,122.0,122.5,2268.0
2026-08-05 11:00:00+08:00,TAIFEX:CCF1!,123.0,123.5,122.5,123.0,894.0
2026-08-05 11:15:00+08:00,TAIFEX:CCF1!,123.0,123.0,122.0,122.0,728.0
2026-08-05 11:30:00+08:00,TAIFEX:CCF1!,122.0,124.0,121.0,123.5,3857.0
2026-08-05 11:45:00+08:00,TAIFEX:CCF1!,123.5,124.0,123.0,123.5,1282.0
2026-08-05 12:00:00+08:00,TAIFEX:CCF1!,123.5,124.5,123.0,123.5,966.0
2026-08-05 12:15:00+08:00,TAIFEX:CCF1!,123.0,123.5,122.0,122.5,905.0
2026-08-05 12:30:00+08:00,TAIFEX:CCF1!,122.5,123.5,122.5,123.0,1062.0
2026-08-05 12:45:00+08:00,TAIFEX:CCF1!,123.0,124.0,123.0,123.5,1219.0
2026-08-05 13:00:00+08:00,TAIFEX:CCF1!,123.5,124.0,122.5,123.0,528.0
2026-08-05 13:15:00+08:00,TAIFEX:CCF1!,123.0,123.0,121.5,122.0,1240.0
2026-08-05 13:30:00+08:00,TAIFEX:CCF1!,122.0,122.5,122.0,122.5,459.0
2026-08-05 17:25:00+08:00,TAIFEX:CCF1!,120.5,123.5,120.0,123.5,283.0
2026-08-05 17:40:00+08:00,TAIFEX:CCF1!,123.5,124.0,123.0,123.0,141.0
2026-08-05 17:55:00+08:00,TAIFEX:CCF1!,123.0,124.0,123.0,123.5,203.0
2026-08-05 18:10:00+08:00,TAIFEX:CCF1!,124.0,124.0,123.5,124.0,75.0
2026-08-05 18:25:00+08:00,TAIFEX:CCF1!,124.0,125.0,124.0,124.5,211.0
2026-08-05 18:40:00+08:00,TAIFEX:CCF1!,124.0,124.5,123.5,124.0,69.0
2026-08-05 18:55:00+08:00,TAIFEX:CCF1!,124.5,124.5,124.0,124.5,94.0
2026-08-05 19:10:00+08:00,TAIFEX:CCF1!,124.5,124.5,124.0,124.5,14.0
2026-08-05 19:25:00+08:00,TAIFEX:CCF1!,124.5,125.0,124.5,125.0,136.0
2026-08-05 19:40:00+08:00,TAIFEX:CCF1!,125.0,125.5,124.5,124.5,210.0
2026-08-05 19:55:00+08:00,TAIFEX:CCF1!,124.5,124.5,123.5,124.0,113.0
2026-08-05 20:10:00+08:00,TAIFEX:CCF1!,124.0,124.5,123.5,124.0,100.0
2026-08-05 20:25:00+08:00,TAIFEX:CCF1!,124.5,124.5,123.5,124.5,73.0
2026-08-05 20:40:00+08:00,TAIFEX:CCF1!,124.5,124.5,124.0,124.5,29.0
2026-08-05 20:55:00+08:00,TAIFEX:CCF1!,124.0,124.5,124.0,124.0,22.0
2026-08-05 21:10:00+08:00,TAIFEX:CCF1!,124.0,124.0,123.5,123.5,133.0
2026-08-05 21:25:00+08:00,TAIFEX:CCF1!,124.0,125.5,123.5,124.5,537.0
2026-08-05 21:40:00+08:00,TAIFEX:CCF1!,124.5,126.0,124.5,125.5,763.0
2026-08-05 21:55:00+08:00,TAIFEX:CCF1!,126.0,126.0,124.0,125.0,422.0
2026-08-05 22:10:00+08:00,TAIFEX:CCF1!,124.5,125.5,124.0,124.5,309.0
2026-08-05 22:25:00+08:00,TAIFEX:CCF1!,124.5,124.5,122.5,123.0,523.0
2026-08-05 22:40:00+08:00,TAIFEX:CCF1!,123.0,124.0,122.5,122.5,303.0
2026-08-05 22:55:00+08:00,TAIFEX:CCF1!,123.0,123.5,122.5,123.5,276.0
2026-08-05 23:10:00+08:00,TAIFEX:CCF1!,124.0,124.0,123.0,123.5,93.0
2026-08-05 23:25:00+08:00,TAIFEX:CCF1!,123.5,124.5,123.5,124.0,119.0
2026-08-05 23:40:00+08:00,TAIFEX:CCF1!,124.0,124.0,123.5,123.5,91.0
2026-08-05 23:55:00+08:00,TAIFEX:CCF1!,123.5,124.0,123.0,123.0,96.0
2026-08-06 00:10:00+08:00,TAIFEX:CCF1!,123.0,124.0,123.0,123.5,122.0
2026-08-06 00:25:00+08:00,TAIFEX:CCF1!,124.0,124.0,124.0,124.0,75.0
2026-08-06 00:40:00+08:00,TAIFEX:CCF1!,124.0,124.0,123.5,124.0,10.0
2026-08-06 00:55:00+08:00,TAIFEX:CCF1!,123.5,123.5,123.0,123.0,49.0
2026-08-06 01:10:00+08:00,TAIFEX:CCF1!,123.0,123.5,123.0,123.5,17.0
2026-08-06 01:25:00+08:00,TAIFEX:CCF1!,123.5,123.5,123.0,123.5,99.0
2026-08-06 01:40:00+08:00,TAIFEX:CCF1!,123.5,123.5,123.5,123.5,19.0
2026-08-06 01:55:00+08:00,TAIFEX:CCF1!,123.5,123.5,123.5,123.5,1.0
2026-08-06 02:10:00+08:00,TAIFEX:CCF1!,123.5,123.5,123.5,123.5,2.0
2026-08-06 02:25:00+08:00,TAIFEX:CCF1!,123.5,123.5,123.0,123.5,14.0
2026-08-06 02:40:00+08:00,TAIFEX:CCF1!,123.0,123.0,123.0,123.0,138.0
2026-08-06 02:55:00+08:00,TAIFEX:CCF1!,123.5,123.5,123.5,123.5,35.0
2026-08-06 03:10:00+08:00,TAIFEX:CCF1!,123.5,123.5,123.5,123.5,2.0
2026-08-06 03:25:00+08:00,TAIFEX:CCF1!,123.5,124.0,123.5,123.5,59.0
2026-08-06 03:40:00+08:00,TAIFEX:CCF1!,123.5,123.5,123.0,123.5,5.0
2026-08-06 03:55:00+08:00,TAIFEX:CCF1!,123.0,124.0,122.5,123.0,130.0
2026-08-06 04:10:00+08:00,TAIFEX:CCF1!,122.5,123.0,122.5,122.5,90.0
2026-08-06 04:25:00+08:00,TAIFEX:CCF1!,122.5,123.0,122.5,123.0,8.0
2026-08-06 04:40:00+08:00,TAIFEX:CCF1!,122.5,123.0,122.5,123.0,7.0
2026-08-06 04:55:00+08:00,TAIFEX:CCF1!,123.0,123.5,123.0,123.0,32.0
2026-08-06 08:45:00+08:00,TAIFEX:CCF1!,122.0,122.5,120.0,121.5,800.0
2026-08-06 09:00:00+08:00,TAIFEX:CCF1!,121.5,123.5,119.0,120.0,3586.0
2026-08-06 09:15:00+08:00,TAIFEX:CCF1!,120.0,120.5,118.0,120.0,3505.0
2026-08-06 09:30:00+08:00,TAIFEX:CCF1!,120.0,123.0,119.5,120.0,3380.0
2026-08-06 09:45:00+08:00,TAIFEX:CCF1!,119.5,120.5,118.0,118.0,1748.0
2026-08-06 10:00:00+08:00,TAIFEX:CCF1!,118.0,119.5,118.0,119.5,1352.0
2026-08-06 10:15:00+08:00,TAIFEX:CCF1!,119.0,120.0,119.0,119.5,1262.0
2026-08-06 10:30:00+08:00,TAIFEX:CCF1!,119.5,121.0,119.0,121.0,776.0
2026-08-06 10:45:00+08:00,TAIFEX:CCF1!,121.0,121.5,120.0,120.5,868.0
2026-08-06 11:00:00+08:00,TAIFEX:CCF1!,121.0,121.0,119.5,120.5,836.0
2026-08-06 11:15:00+08:00,TAIFEX:CCF1!,120.5,120.5,120.0,120.0,507.0
2026-08-06 11:30:00+08:00,TAIFEX:CCF1!,120.0,120.5,120.0,120.0,244.0
2026-08-06 11:45:00+08:00,TAIFEX:CCF1!,120.0,121.0,120.0,121.0,421.0
2026-08-06 12:00:00+08:00,TAIFEX:CCF1!,120.5,121.0,119.5,119.5,790.0
2026-08-06 12:15:00+08:00,TAIFEX:CCF1!,119.5,120.5,119.5,120.5,1402.0
2026-08-06 12:30:00+08:00,TAIFEX:CCF1!,120.5,121.0,120.0,120.0,156.0
2026-08-06 12:45:00+08:00,TAIFEX:CCF1!,120.5,120.5,120.0,120.5,246.0
2026-08-06 13:00:00+08:00,TAIFEX:CCF1!,120.5,121.5,120.0,121.0,1432.0
2026-08-06 13:15:00+08:00,TAIFEX:CCF1!,121.0,122.0,121.0,122.0,649.0
2026-08-06 13:30:00+08:00,TAIFEX:CCF1!,122.0,122.5,121.5,122.5,583.0
2026-08-06 17:25:00+08:00,TAIFEX:CCF1!,122.0,122.5,121.5,121.5,99.0
2026-08-06 17:40:00+08:00,TAIFEX:CCF1!,121.5,122.0,121.5,122.0,46.0
2026-08-06 17:55:00+08:00,TAIFEX:CCF1!,122.0,123.0,122.0,123.0,146.0
2026-08-06 18:10:00+08:00,TAIFEX:CCF1!,123.0,123.0,122.5,123.0,269.0
2026-08-06 18:25:00+08:00,TAIFEX:CCF1!,123.0,123.0,122.5,122.5,119.0
2026-08-06 18:40:00+08:00,TAIFEX:CCF1!,122.5,122.5,122.5,122.5,28.0
2026-08-06 18:55:00+08:00,TAIFEX:CCF1!,122.5,122.5,121.5,122.5,287.0
2026-08-06 19:10:00+08:00,TAIFEX:CCF1!,122.0,122.0,122.0,122.0,144.0
2026-08-06 19:25:00+08:00,TAIFEX:CCF1!,122.0,122.5,122.0,122.5,113.0
2026-08-06 19:40:00+08:00,TAIFEX:CCF1!,122.5,122.5,122.0,122.5,50.0
2026-08-06 19:55:00+08:00,TAIFEX:CCF1!,122.0,122.0,121.5,122.0,52.0
2026-08-06 20:10:00+08:00,TAIFEX:CCF1!,122.0,122.0,121.0,121.5,142.0
2026-08-06 20:25:00+08:00,TAIFEX:CCF1!,122.0,122.0,121.5,122.0,47.0
2026-08-06 20:40:00+08:00,TAIFEX:CCF1!,122.0,122.0,121.5,122.0,61.0
2026-08-06 20:55:00+08:00,TAIFEX:CCF1!,122.0,122.0,121.0,121.5,100.0
2026-08-06 21:10:00+08:00,TAIFEX:CCF1!,121.0,121.5,121.0,121.5,120.0
2026-08-06 21:25:00+08:00,TAIFEX:CCF1!,121.5,122.0,120.0,122.0,455.0
2026-08-06 21:40:00+08:00,TAIFEX:CCF1!,122.0,122.5,121.5,122.5,644.0
2026-08-06 21:55:00+08:00,TAIFEX:CCF1!,122.5,123.0,122.0,123.0,585.0
2026-08-06 22:10:00+08:00,TAIFEX:CCF1!,123.0,123.5,122.5,123.0,479.0
2026-08-06 22:25:00+08:00,TAIFEX:CCF1!,123.0,123.5,122.5,122.5,491.0
2026-08-06 22:40:00+08:00,TAIFEX:CCF1!,122.5,123.0,121.5,121.5,954.0
2026-08-06 22:55:00+08:00,TAIFEX:CCF1!,121.5,122.5,121.5,122.5,667.0
2026-08-06 23:10:00+08:00,TAIFEX:CCF1!,122.5,122.5,122.0,122.0,312.0
2026-08-06 23:25:00+08:00,TAIFEX:CCF1!,122.0,122.5,121.5,121.5,335.0
2026-08-06 23:40:00+08:00,TAIFEX:CCF1!,121.5,122.0,121.0,121.0,493.0
2026-08-06 23:55:00+08:00,TAIFEX:CCF1!,121.0,121.0,120.5,121.0,195.0
2026-08-07 00:10:00+08:00,TAIFEX:CCF1!,121.0,121.0,120.5,120.5,188.0
2026-08-07 00:25:00+08:00,TAIFEX:CCF1!,120.5,121.5,120.5,121.0,128.0
2026-08-07 00:40:00+08:00,TAIFEX:CCF1!,121.0,121.0,121.0,121.0,105.0
2026-08-07 00:55:00+08:00,TAIFEX:CCF1!,121.0,121.5,120.5,121.5,89.0
2026-08-07 01:10:00+08:00,TAIFEX:CCF1!,121.5,121.5,121.0,121.0,41.0
2026-08-07 01:25:00+08:00,TAIFEX:CCF1!,121.0,121.0,121.0,121.0,14.0
2026-08-07 01:40:00+08:00,TAIFEX:CCF1!,121.0,121.0,121.0,121.0,5.0
2026-08-07 01:55:00+08:00,TAIFEX:CCF1!,121.0,121.0,121.0,121.0,53.0
2026-08-07 02:10:00+08:00,TAIFEX:CCF1!,121.0,121.0,120.5,121.0,164.0
2026-08-07 02:25:00+08:00,TAIFEX:CCF1!,121.0,121.0,121.0,121.0,65.0
2026-08-07 02:40:00+08:00,TAIFEX:CCF1!,121.0,121.0,121.0,121.0,2.0
2026-08-07 02:55:00+08:00,TAIFEX:CCF1!,121.0,121.0,121.0,121.0,55.0
2026-08-07 03:10:00+08:00,TAIFEX:CCF1!,121.0,121.0,121.0,121.0,1.0
2026-08-07 03:25:00+08:00,TAIFEX:CCF1!,121.0,121.0,121.0,121.0,10.0
2026-08-07 03:40:00+08:00,TAIFEX:CCF1!,121.0,121.0,121.0,121.0,11.0
2026-08-07 03:55:00+08:00,TAIFEX:CCF1!,121.0,121.0,120.5,121.0,43.0
2026-08-07 04:10:00+08:00,TAIFEX:CCF1!,121.0,121.0,121.0,121.0,9.0
2026-08-07 04:25:00+08:00,TAIFEX:CCF1!,121.0,121.0,121.0,121.0,2.0
2026-08-07 04:40:00+08:00,TAIFEX:CCF1!,120.5,121.0,120.5,121.0,10.0
2026-08-07 04:55:00+08:00,TAIFEX:CCF1!,121.0,122.0,121.0,122.0,111.0
2026-08-07 08:45:00+08:00,TAIFEX:CCF1!,122.0,122.0,119.5,121.0,991.0
2026-08-07 09:00:00+08:00,TAIFEX:CCF1!,120.5,121.0,118.0,118.0,4196.0
2026-08-07 09:15:00+08:00,TAIFEX:CCF1!,118.0,119.0,117.0,118.5,5397.0
2026-08-07 09:30:00+08:00,TAIFEX:CCF1!,118.5,119.0,117.0,117.5,2594.0
2026-08-07 09:45:00+08:00,TAIFEX:CCF1!,118.0,118.0,117.0,117.5,820.0
2026-08-07 10:00:00+08:00,TAIFEX:CCF1!,117.5,118.5,116.5,117.5,1912.0
2026-08-07 10:15:00+08:00,TAIFEX:CCF1!,117.5,118.0,117.0,117.0,567.0
2026-08-07 10:30:00+08:00,TAIFEX:CCF1!,117.0,117.5,116.0,116.0,1773.0
2026-08-07 10:45:00+08:00,TAIFEX:CCF1!,116.0,116.5,115.5,115.5,1445.0
2026-08-07 11:00:00+08:00,TAIFEX:CCF1!,116.0,117.0,115.5,115.5,1053.0
2026-08-07 11:15:00+08:00,TAIFEX:CCF1!,116.0,116.0,115.0,115.5,1025.0
2026-08-07 11:30:00+08:00,TAIFEX:CCF1!,115.5,116.0,115.0,115.5,1206.0
2026-08-07 11:45:00+08:00,TAIFEX:CCF1!,115.5,116.0,115.0,115.0,969.0
2026-08-07 12:00:00+08:00,TAIFEX:CCF1!,115.0,116.0,114.5,116.0,1234.0
2026-08-07 12:15:00+08:00,TAIFEX:CCF1!,115.5,115.5,115.0,115.0,867.0
2026-08-07 12:30:00+08:00,TAIFEX:CCF1!,115.5,116.0,114.5,115.0,1534.0
2026-08-07 12:45:00+08:00,TAIFEX:CCF1!,114.5,115.0,114.0,115.0,1740.0
2026-08-07 13:00:00+08:00,TAIFEX:CCF1!,115.0,116.5,115.0,115.5,2173.0
2026-08-07 13:15:00+08:00,TAIFEX:CCF1!,116.0,116.5,115.5,116.0,439.0
2026-08-07 13:30:00+08:00,TAIFEX:CCF1!,116.0,117.0,116.0,116.5,318.0
2026-08-07 17:25:00+08:00,TAIFEX:CCF1!,118.0,118.5,118.0,118.5,184.0
2026-08-07 17:40:00+08:00,TAIFEX:CCF1!,118.5,118.5,117.5,118.0,63.0
2026-08-07 17:55:00+08:00,TAIFEX:CCF1!,118.0,118.0,117.5,118.0,88.0
2026-08-07 18:10:00+08:00,TAIFEX:CCF1!,117.5,118.0,117.5,117.5,13.0
2026-08-07 18:25:00+08:00,TAIFEX:CCF1!,117.5,117.5,116.5,116.5,119.0
2026-08-07 18:40:00+08:00,TAIFEX:CCF1!,116.5,117.0,116.5,117.0,15.0
2026-08-07 18:55:00+08:00,TAIFEX:CCF1!,117.0,117.5,116.5,117.5,97.0
2026-08-07 19:10:00+08:00,TAIFEX:CCF1!,117.5,117.5,117.5,117.5,74.0
2026-08-07 19:25:00+08:00,TAIFEX:CCF1!,117.5,117.5,117.0,117.5,9.0
2026-08-07 19:40:00+08:00,TAIFEX:CCF1!,117.5,117.5,117.0,117.0,5.0
2026-08-07 19:55:00+08:00,TAIFEX:CCF1!,117.0,117.0,117.0,117.0,83.0
2026-08-07 20:10:00+08:00,TAIFEX:CCF1!,117.0,117.5,117.0,117.0,27.0
2026-08-07 20:25:00+08:00,TAIFEX:CCF1!,117.0,118.5,117.0,118.5,235.0
2026-08-07 20:40:00+08:00,TAIFEX:CCF1!,118.5,120.0,118.0,119.5,935.0
2026-08-07 20:55:00+08:00,TAIFEX:CCF1!,120.0,120.0,118.5,118.5,231.0
2026-08-07 21:10:00+08:00,TAIFEX:CCF1!,118.5,118.5,118.0,118.5,271.0
2026-08-07 21:25:00+08:00,TAIFEX:CCF1!,118.5,119.0,118.0,118.0,462.0
2026-08-07 21:40:00+08:00,TAIFEX:CCF1!,118.0,118.5,118.0,118.0,321.0
2026-08-07 21:55:00+08:00,TAIFEX:CCF1!,117.5,117.5,115.5,116.5,662.0
2026-08-07 22:10:00+08:00,TAIFEX:CCF1!,116.0,117.0,115.5,117.0,245.0
2026-08-07 22:25:00+08:00,TAIFEX:CCF1!,117.0,117.5,117.0,117.0,203.0
2026-08-07 22:40:00+08:00,TAIFEX:CCF1!,117.0,117.0,116.5,117.0,61.0
2026-08-07 22:55:00+08:00,TAIFEX:CCF1!,117.0,117.5,117.0,117.5,69.0
2026-08-07 23:10:00+08:00,TAIFEX:CCF1!,117.5,117.5,117.0,117.5,64.0
2026-08-07 23:25:00+08:00,TAIFEX:CCF1!,117.5,118.0,117.5,117.5,30.0
2026-08-07 23:40:00+08:00,TAIFEX:CCF1!,117.5,118.0,117.5,118.0,82.0
2026-08-07 23:55:00+08:00,TAIFEX:CCF1!,118.0,118.0,118.0,118.0,100.0
2026-08-08 00:10:00+08:00,TAIFEX:CCF1!,118.0,118.0,117.5,117.5,71.0
2026-08-08 00:25:00+08:00,TAIFEX:CCF1!,117.5,117.5,117.0,117.5,34.0
2026-08-08 00:40:00+08:00,TAIFEX:CCF1!,117.5,117.5,117.5,117.5,2.0
2026-08-08 00:55:00+08:00,TAIFEX:CCF1!,117.5,118.0,117.5,118.0,16.0
2026-08-08 01:10:00+08:00,TAIFEX:CCF1!,118.0,118.0,118.0,118.0,17.0
2026-08-08 01:40:00+08:00,TAIFEX:CCF1!,117.5,117.5,117.5,117.5,4.0
2026-08-08 01:55:00+08:00,TAIFEX:CCF1!,117.5,118.0,117.5,118.0,3.0
2026-08-08 02:10:00+08:00,TAIFEX:CCF1!,117.5,117.5,117.5,117.5,36.0
2026-08-08 02:25:00+08:00,TAIFEX:CCF1!,117.5,117.5,117.5,117.5,13.0
2026-08-08 02:40:00+08:00,TAIFEX:CCF1!,117.5,117.5,117.5,117.5,3.0
2026-08-08 02:55:00+08:00,TAIFEX:CCF1!,117.5,117.5,117.5,117.5,32.0
2026-08-08 03:10:00+08:00,TAIFEX:CCF1!,117.5,117.5,117.5,117.5,1.0
2026-08-08 03:25:00+08:00,TAIFEX:CCF1!,117.5,118.0,117.5,118.0,20.0
2026-08-08 03:40:00+08:00,TAIFEX:CCF1!,118.0,118.0,118.0,118.0,2.0
2026-08-08 03:55:00+08:00,TAIFEX:CCF1!,117.5,118.0,117.5,118.0,85.0
2026-08-08 04:10:00+08:00,TAIFEX:CCF1!,118.0,118.0,118.0,118.0,20.0
2026-08-08 04:25:00+08:00,TAIFEX:CCF1!,118.0,118.0,118.0,118.0,2.0
2026-08-08 04:40:00+08:00,TAIFEX:CCF1!,118.5,118.5,118.0,118.5,16.0
2026-08-08 04:55:00+08:00,TAIFEX:CCF1!,118.0,118.5,118.0,118.5,68.0
2026-08-10 08:45:00+08:00,TAIFEX:CCF1!,118.5,118.5,117.0,117.5,524.0
2026-08-10 09:00:00+08:00,TAIFEX:CCF1!,117.0,119.5,117.0,119.0,1494.0
2026-08-10 09:15:00+08:00,TAIFEX:CCF1!,119.0,122.5,119.0,120.5,4714.0
2026-08-10 09:30:00+08:00,TAIFEX:CCF1!,120.5,121.0,120.0,120.5,1614.0
2026-08-10 09:45:00+08:00,TAIFEX:CCF1!,120.5,122.0,120.5,121.5,1038.0
2026-08-10 10:00:00+08:00,TAIFEX:CCF1!,121.0,122.0,121.0,121.0,1246.0
2026-08-10 10:15:00+08:00,TAIFEX:CCF1!,121.0,123.0,121.0,123.0,2139.0
2026-08-10 10:30:00+08:00,TAIFEX:CCF1!,123.0,123.5,122.0,123.0,2273.0
2026-08-10 10:45:00+08:00,TAIFEX:CCF1!,123.0,124.0,122.5,123.0,1424.0
2026-08-10 11:00:00+08:00,TAIFEX:CCF1!,123.0,123.5,122.5,123.0,1679.0
2026-08-10 11:15:00+08:00,TAIFEX:CCF1!,123.0,124.0,123.0,123.0,1488.0
2026-08-10 11:30:00+08:00,TAIFEX:CCF1!,123.0,123.0,122.5,123.0,605.0
2026-08-10 11:45:00+08:00,TAIFEX:CCF1!,123.0,123.0,122.5,122.5,746.0
2026-08-10 12:00:00+08:00,TAIFEX:CCF1!,123.0,123.0,122.5,122.5,586.0
2026-08-10 12:15:00+08:00,TAIFEX:CCF1!,122.5,122.5,122.0,122.5,365.0
2026-08-10 12:30:00+08:00,TAIFEX:CCF1!,122.5,122.5,121.5,122.0,510.0
2026-08-10 12:45:00+08:00,TAIFEX:CCF1!,122.5,122.5,122.0,122.0,543.0
2026-08-10 13:00:00+08:00,TAIFEX:CCF1!,122.0,122.5,122.0,122.0,507.0
2026-08-10 13:15:00+08:00,TAIFEX:CCF1!,122.0,123.5,122.0,123.5,870.0
2026-08-10 13:30:00+08:00,TAIFEX:CCF1!,123.5,123.5,122.0,122.5,573.0
2026-08-10 17:25:00+08:00,TAIFEX:CCF1!,123.0,123.0,122.5,123.0,75.0
2026-08-10 17:40:00+08:00,TAIFEX:CCF1!,122.5,123.0,122.5,123.0,20.0
2026-08-10 17:55:00+08:00,TAIFEX:CCF1!,123.0,123.0,122.5,123.0,6.0
2026-08-10 18:10:00+08:00,TAIFEX:CCF1!,123.0,123.0,122.0,122.5,109.0
2026-08-10 18:25:00+08:00,TAIFEX:CCF1!,122.5,122.5,122.5,122.5,48.0
2026-08-10 18:40:00+08:00,TAIFEX:CCF1!,122.5,122.5,122.5,122.5,7.0
2026-08-10 18:55:00+08:00,TAIFEX:CCF1!,122.5,122.5,122.0,122.0,83.0
2026-08-10 19:10:00+08:00,TAIFEX:CCF1!,122.0,122.5,121.5,122.5,96.0
2026-08-10 19:25:00+08:00,TAIFEX:CCF1!,122.0,122.5,122.0,122.5,37.0
2026-08-10 19:40:00+08:00,TAIFEX:CCF1!,122.5,122.5,122.5,122.5,1.0
2026-08-10 19:55:00+08:00,TAIFEX:CCF1!,122.5,122.5,122.5,122.5,13.0
2026-08-10 20:10:00+08:00,TAIFEX:CCF1!,122.5,122.5,122.0,122.5,8.0
2026-08-10 20:25:00+08:00,TAIFEX:CCF1!,122.5,122.5,122.5,122.5,3.0
2026-08-10 20:40:00+08:00,TAIFEX:CCF1!,122.0,122.5,122.0,122.0,32.0
2026-08-10 20:55:00+08:00,TAIFEX:CCF1!,122.0,122.5,121.5,122.5,88.0
2026-08-10 21:10:00+08:00,TAIFEX:CCF1!,122.5,122.5,122.0,122.0,21.0
2026-08-10 21:25:00+08:00,TAIFEX:CCF1!,122.0,122.5,121.5,121.5,168.0
2026-08-10 21:40:00+08:00,TAIFEX:CCF1!,121.5,122.0,121.5,122.0,197.0
2026-08-10 21:55:00+08:00,TAIFEX:CCF1!,122.0,122.5,121.5,122.5,67.0
2026-08-10 22:10:00+08:00,TAIFEX:CCF1!,122.5,123.0,122.0,122.0,71.0
2026-08-10 22:25:00+08:00,TAIFEX:CCF1!,122.0,122.5,122.0,122.5,21.0
2026-08-10 22:40:00+08:00,TAIFEX:CCF1!,122.5,122.5,122.0,122.0,77.0
2026-08-10 22:55:00+08:00,TAIFEX:CCF1!,121.5,122.0,121.5,122.0,78.0
2026-08-10 23:10:00+08:00,TAIFEX:CCF1!,122.0,122.0,122.0,122.0,29.0
2026-08-10 23:25:00+08:00,TAIFEX:CCF1!,121.5,121.5,121.5,121.5,260.0
2026-08-10 23:40:00+08:00,TAIFEX:CCF1!,121.5,121.5,121.5,121.5,83.0
2026-08-10 23:55:00+08:00,TAIFEX:CCF1!,122.0,122.0,121.5,121.5,5.0
2026-08-11 00:10:00+08:00,TAIFEX:CCF1!,121.5,121.5,121.5,121.5,78.0
2026-08-11 00:25:00+08:00,TAIFEX:CCF1!,121.5,121.5,121.0,121.0,175.0
2026-08-11 00:40:00+08:00,TAIFEX:CCF1!,121.0,121.0,120.5,120.5,45.0
2026-08-11 00:55:00+08:00,TAIFEX:CCF1!,120.5,121.0,120.5,121.0,49.0
2026-08-11 01:10:00+08:00,TAIFEX:CCF1!,121.0,121.5,121.0,121.0,33.0
2026-08-11 01:25:00+08:00,TAIFEX:CCF1!,121.0,121.0,121.0,121.0,29.0
2026-08-11 01:40:00+08:00,TAIFEX:CCF1!,121.0,121.5,121.0,121.0,380.0
2026-08-11 01:55:00+08:00,TAIFEX:CCF1!,121.5,121.5,121.5,121.5,22.0
2026-08-11 02:10:00+08:00,TAIFEX:CCF1!,121.5,121.5,121.5,121.5,7.0
2026-08-11 02:25:00+08:00,TAIFEX:CCF1!,121.5,121.5,121.5,121.5,45.0
2026-08-11 02:40:00+08:00,TAIFEX:CCF1!,121.5,121.5,121.5,121.5,11.0
2026-08-11 02:55:00+08:00,TAIFEX:CCF1!,121.5,121.5,121.5,121.5,1.0
2026-08-11 03:10:00+08:00,TAIFEX:CCF1!,121.5,122.0,121.5,121.5,3.0
2026-08-11 03:25:00+08:00,TAIFEX:CCF1!,122.0,122.0,122.0,122.0,2.0
2026-08-11 03:40:00+08:00,TAIFEX:CCF1!,121.5,121.5,121.5,121.5,29.0
2026-08-11 03:55:00+08:00,TAIFEX:CCF1!,121.5,121.5,121.0,121.0,76.0
2026-08-11 04:10:00+08:00,TAIFEX:CCF1!,121.0,121.0,121.0,121.0,10.0
2026-08-11 04:25:00+08:00,TAIFEX:CCF1!,121.0,121.0,121.0,121.0,1.0
2026-08-11 04:40:00+08:00,TAIFEX:CCF1!,121.5,121.5,121.5,121.5,15.0
2026-08-11 04:55:00+08:00,TAIFEX:CCF1!,121.0,121.0,120.5,120.5,13.0
2026-08-11 08:45:00+08:00,TAIFEX:CCF1!,121.5,121.5,120.5,121.0,724.0
2026-08-11 09:00:00+08:00,TAIFEX:CCF1!,121.0,123.5,121.0,123.5,2761.0
2026-08-11 09:15:00+08:00,TAIFEX:CCF1!,123.5,124.5,122.0,122.5,2429.0
2026-08-11 09:30:00+08:00,TAIFEX:CCF1!,122.5,122.5,120.5,121.5,2291.0
2026-08-11 09:45:00+08:00,TAIFEX:CCF1!,121.0,122.0,121.0,121.0,1350.0
2026-08-11 10:00:00+08:00,TAIFEX:CCF1!,121.0,121.0,120.0,120.5,1283.0
2026-08-11 10:15:00+08:00,TAIFEX:CCF1!,121.0,121.5,120.5,121.0,254.0
2026-08-11 10:30:00+08:00,TAIFEX:CCF1!,121.0,122.0,121.0,122.0,289.0
2026-08-11 10:45:00+08:00,TAIFEX:CCF1!,121.5,122.0,121.0,121.0,783.0
2026-08-11 11:00:00+08:00,TAIFEX:CCF1!,121.0,121.5,121.0,121.5,313.0
2026-08-11 11:15:00+08:00,TAIFEX:CCF1!,122.0,122.5,121.5,122.5,192.0
2026-08-11 11:30:00+08:00,TAIFEX:CCF1!,122.5,123.0,122.0,122.5,1225.0
2026-08-11 11:45:00+08:00,TAIFEX:CCF1!,122.5,123.0,122.5,122.5,403.0
2026-08-11 12:00:00+08:00,TAIFEX:CCF1!,122.5,122.5,122.5,122.5,261.0
2026-08-11 12:15:00+08:00,TAIFEX:CCF1!,122.5,122.5,122.5,122.5,415.0
2026-08-11 12:30:00+08:00,TAIFEX:CCF1!,122.5,123.0,122.5,122.5,35.0
2026-08-11 12:45:00+08:00,TAIFEX:CCF1!,122.5,123.0,122.5,122.5,79.0
2026-08-11 13:00:00+08:00,TAIFEX:CCF1!,123.0,123.0,122.5,122.5,94.0
2026-08-11 13:15:00+08:00,TAIFEX:CCF1!,122.5,123.0,122.5,123.0,351.0
2026-08-11 13:30:00+08:00,TAIFEX:CCF1!,123.0,123.5,122.5,123.0,675.0
2026-08-11 17:25:00+08:00,TAIFEX:CCF1!,122.5,123.0,122.5,123.0,60.0
2026-08-11 17:40:00+08:00,TAIFEX:CCF1!,123.0,123.5,123.0,123.5,75.0
2026-08-11 17:55:00+08:00,TAIFEX:CCF1!,123.5,123.5,122.5,122.5,66.0
2026-08-11 18:10:00+08:00,TAIFEX:CCF1!,122.5,123.5,122.5,123.5,33.0
2026-08-11 18:25:00+08:00,TAIFEX:CCF1!,123.5,123.5,123.5,123.5,138.0
2026-08-11 18:40:00+08:00,TAIFEX:CCF1!,123.5,124.0,123.5,123.5,46.0
2026-08-11 18:55:00+08:00,TAIFEX:CCF1!,123.5,125.5,123.5,125.0,439.0
2026-08-11 19:10:00+08:00,TAIFEX:CCF1!,125.0,125.5,124.5,125.0,191.0
2026-08-11 19:25:00+08:00,TAIFEX:CCF1!,124.5,125.0,124.5,125.0,37.0
2026-08-11 19:40:00+08:00,TAIFEX:CCF1!,124.5,124.5,124.5,124.5,121.0
2026-08-11 19:55:00+08:00,TAIFEX:CCF1!,124.5,125.0,124.5,124.5,101.0
2026-08-11 20:10:00+08:00,TAIFEX:CCF1!,124.5,124.5,124.5,124.5,91.0
2026-08-11 20:25:00+08:00,TAIFEX:CCF1!,124.5,125.0,124.5,124.5,96.0
2026-08-11 20:40:00+08:00,TAIFEX:CCF1!,124.5,125.0,124.0,124.5,47.0
2026-08-11 20:55:00+08:00,TAIFEX:CCF1!,124.5,125.0,124.5,124.5,75.0
2026-08-11 21:10:00+08:00,TAIFEX:CCF1!,124.5,124.5,124.5,124.5,121.0
2026-08-11 21:25:00+08:00,TAIFEX:CCF1!,124.5,124.5,122.5,123.0,941.0
2026-08-11 21:40:00+08:00,TAIFEX:CCF1!,123.5,124.0,122.5,122.5,499.0
2026-08-11 21:55:00+08:00,TAIFEX:CCF1!,122.5,123.0,122.5,123.0,365.0
2026-08-11 22:10:00+08:00,TAIFEX:CCF1!,123.0,123.0,123.0,123.0,226.0
2026-08-11 22:25:00+08:00,TAIFEX:CCF1!,123.0,123.5,122.5,123.0,223.0
2026-08-11 22:40:00+08:00,TAIFEX:CCF1!,123.0,123.5,123.0,123.0,65.0
2026-08-11 22:55:00+08:00,TAIFEX:CCF1!,123.5,123.5,122.5,122.5,105.0
2026-08-11 23:10:00+08:00,TAIFEX:CCF1!,122.5,123.0,122.5,122.5,183.0
2026-08-11 23:25:00+08:00,TAIFEX:CCF1!,122.5,122.5,122.0,122.0,14.0
2026-08-11 23:40:00+08:00,TAIFEX:CCF1!,122.0,122.5,122.0,122.0,252.0
2026-08-11 23:55:00+08:00,TAIFEX:CCF1!,122.0,122.0,122.0,122.0,25.0
2026-08-12 00:10:00+08:00,TAIFEX:CCF1!,122.0,122.0,121.5,122.0,36.0
2026-08-12 00:25:00+08:00,TAIFEX:CCF1!,122.0,122.5,121.5,122.5,30.0
2026-08-12 00:40:00+08:00,TAIFEX:CCF1!,122.5,122.5,121.5,121.5,270.0
2026-08-12 00:55:00+08:00,TAIFEX:CCF1!,121.5,121.5,121.0,121.5,76.0
2026-08-12 01:10:00+08:00,TAIFEX:CCF1!,121.5,121.5,121.0,121.5,30.0
2026-08-12 01:25:00+08:00,TAIFEX:CCF1!,122.0,122.0,121.5,121.5,52.0
2026-08-12 01:40:00+08:00,TAIFEX:CCF1!,122.0,122.0,121.5,122.0,14.0
2026-08-12 01:55:00+08:00,TAIFEX:CCF1!,122.0,122.0,121.5,121.5,4.0
2026-08-12 02:10:00+08:00,TAIFEX:CCF1!,122.0,122.0,121.0,121.5,143.0
2026-08-12 02:25:00+08:00,TAIFEX:CCF1!,121.5,121.5,121.0,121.0,18.0
2026-08-12 02:40:00+08:00,TAIFEX:CCF1!,121.0,121.5,121.0,121.5,20.0
2026-08-12 02:55:00+08:00,TAIFEX:CCF1!,121.5,121.5,121.5,121.5,20.0
2026-08-12 03:10:00+08:00,TAIFEX:CCF1!,121.5,121.5,121.5,121.5,18.0
2026-08-12 03:25:00+08:00,TAIFEX:CCF1!,121.5,121.5,121.5,121.5,9.0
2026-08-12 03:40:00+08:00,TAIFEX:CCF1!,121.5,121.5,121.0,121.5,24.0
2026-08-12 03:55:00+08:00,TAIFEX:CCF1!,121.5,122.0,121.0,121.5,38.0
2026-08-12 04:10:00+08:00,TAIFEX:CCF1!,121.5,121.5,121.5,121.5,1.0
2026-08-12 04:25:00+08:00,TAIFEX:CCF1!,121.5,121.5,121.5,121.5,10.0
2026-08-12 04:40:00+08:00,TAIFEX:CCF1!,122.0,122.0,121.5,121.5,17.0
2026-08-12 04:55:00+08:00,TAIFEX:CCF1!,122.0,122.0,121.5,121.5,15.0
2026-08-12 08:45:00+08:00,TAIFEX:CCF1!,122.5,122.5,121.0,122.5,733.0
2026-08-12 09:00:00+08:00,TAIFEX:CCF1!,122.5,125.5,122.5,123.0,4098.0
2026-08-12 09:15:00+08:00,TAIFEX:CCF1!,123.0,123.0,122.5,123.0,1487.0
2026-08-12 09:30:00+08:00,TAIFEX:CCF1!,122.5,123.0,122.0,123.0,1031.0
2026-08-12 09:45:00+08:00,TAIFEX:CCF1!,123.0,123.5,122.5,123.0,471.0
2026-08-12 10:00:00+08:00,TAIFEX:CCF1!,122.5,122.5,121.0,121.5,1779.0
2026-08-12 10:15:00+08:00,TAIFEX:CCF1!,121.5,122.5,121.5,122.5,672.0
2026-08-12 10:30:00+08:00,TAIFEX:CCF1!,122.5,123.0,122.0,122.5,769.0
2026-08-12 10:45:00+08:00,TAIFEX:CCF1!,123.0,123.5,122.5,123.0,1501.0
2026-08-12 11:00:00+08:00,TAIFEX:CCF1!,123.0,123.5,123.0,123.0,1055.0
2026-08-12 11:15:00+08:00,TAIFEX:CCF1!,123.5,123.5,123.0,123.0,767.0
2026-08-12 11:30:00+08:00,TAIFEX:CCF1!,123.0,123.5,122.0,122.5,1038.0
2026-08-12 11:45:00+08:00,TAIFEX:CCF1!,122.5,123.0,122.5,122.5,1057.0
2026-08-12 12:00:00+08:00,TAIFEX:CCF1!,123.0,123.0,122.5,122.5,25.0
2026-08-12 12:15:00+08:00,TAIFEX:CCF1!,122.5,123.0,122.5,122.5,41.0
2026-08-12 12:30:00+08:00,TAIFEX:CCF1!,122.5,124.0,122.5,123.5,1279.0
2026-08-12 12:45:00+08:00,TAIFEX:CCF1!,123.5,124.0,123.5,123.5,537.0
2026-08-12 13:00:00+08:00,TAIFEX:CCF1!,123.5,123.5,123.0,123.5,706.0
2026-08-12 13:15:00+08:00,TAIFEX:CCF1!,123.5,124.0,123.0,123.5,497.0
2026-08-12 13:30:00+08:00,TAIFEX:CCF1!,123.5,124.5,123.5,124.0,583.0
2026-08-12 17:25:00+08:00,TAIFEX:CCF1!,125.5,126.5,125.5,126.0,503.0
2026-08-12 17:40:00+08:00,TAIFEX:CCF1!,126.0,126.0,125.5,125.5,137.0
2026-08-12 17:55:00+08:00,TAIFEX:CCF1!,125.5,126.5,125.0,126.0,281.0
2026-08-12 18:10:00+08:00,TAIFEX:CCF1!,126.0,126.5,126.0,126.5,63.0
2026-08-12 18:25:00+08:00,TAIFEX:CCF1!,126.0,126.5,126.0,126.0,84.0
2026-08-12 18:40:00+08:00,TAIFEX:CCF1!,126.5,126.5,126.0,126.0,77.0
2026-08-12 18:55:00+08:00,TAIFEX:CCF1!,126.5,126.5,126.0,126.0,51.0
2026-08-12 19:10:00+08:00,TAIFEX:CCF1!,126.5,126.5,126.0,126.5,22.0
2026-08-12 19:25:00+08:00,TAIFEX:CCF1!,126.5,126.5,126.0,126.0,34.0
2026-08-12 19:40:00+08:00,TAIFEX:CCF1!,126.0,126.5,126.0,126.5,145.0
2026-08-12 19:55:00+08:00,TAIFEX:CCF1!,126.5,127.0,126.5,127.0,220.0
2026-08-12 20:10:00+08:00,TAIFEX:CCF1!,127.0,127.0,126.5,127.0,36.0
2026-08-12 20:25:00+08:00,TAIFEX:CCF1!,127.0,127.5,126.5,126.5,318.0
2026-08-12 20:40:00+08:00,TAIFEX:CCF1!,127.0,127.5,127.0,127.5,346.0
2026-08-12 20:55:00+08:00,TAIFEX:CCF1!,127.5,128.0,127.0,127.5,319.0
2026-08-12 21:10:00+08:00,TAIFEX:CCF1!,127.5,127.5,127.0,127.5,292.0
2026-08-12 21:25:00+08:00,TAIFEX:CCF1!,127.5,127.5,125.5,125.5,1404.0
2026-08-12 21:40:00+08:00,TAIFEX:CCF1!,126.0,126.5,125.5,126.0,529.0
2026-08-12 21:55:00+08:00,TAIFEX:CCF1!,126.0,126.0,125.5,125.5,218.0
2026-08-12 22:10:00+08:00,TAIFEX:CCF1!,125.5,126.0,125.5,125.5,289.0
2026-08-12 22:25:00+08:00,TAIFEX:CCF1!,125.5,126.0,125.0,125.5,359.0
2026-08-12 22:40:00+08:00,TAIFEX:CCF1!,126.0,126.0,125.5,125.5,232.0
2026-08-12 22:55:00+08:00,TAIFEX:CCF1!,125.0,126.0,125.0,125.5,227.0
2026-08-12 23:10:00+08:00,TAIFEX:CCF1!,126.0,126.0,125.5,126.0,167.0
2026-08-12 23:25:00+08:00,TAIFEX:CCF1!,125.5,125.5,125.5,125.5,12.0
2026-08-12 23:40:00+08:00,TAIFEX:CCF1!,125.5,125.5,125.5,125.5,128.0
2026-08-12 23:55:00+08:00,TAIFEX:CCF1!,125.5,126.0,125.5,126.0,12.0
2026-08-13 00:10:00+08:00,TAIFEX:CCF1!,126.0,126.0,126.0,126.0,4.0
2026-08-13 00:25:00+08:00,TAIFEX:CCF1!,125.5,125.5,125.5,125.5,12.0
2026-08-13 00:40:00+08:00,TAIFEX:CCF1!,125.5,126.0,125.5,125.5,12.0
2026-08-13 00:55:00+08:00,TAIFEX:CCF1!,125.5,126.0,125.5,126.0,12.0
2026-08-13 01:10:00+08:00,TAIFEX:CCF1!,126.0,126.0,125.5,126.0,122.0
2026-08-13 01:25:00+08:00,TAIFEX:CCF1!,125.5,125.5,125.5,125.5,107.0
2026-08-13 01:40:00+08:00,TAIFEX:CCF1!,125.5,126.0,125.5,126.0,19.0
2026-08-13 01:55:00+08:00,TAIFEX:CCF1!,126.0,126.0,125.5,125.5,2.0
2026-08-13 02:10:00+08:00,TAIFEX:CCF1!,126.0,126.0,126.0,126.0,17.0
2026-08-13 02:25:00+08:00,TAIFEX:CCF1!,126.0,126.0,126.0,126.0,27.0
2026-08-13 02:40:00+08:00,TAIFEX:CCF1!,126.0,126.0,126.0,126.0,1.0
2026-08-13 02:55:00+08:00,TAIFEX:CCF1!,126.0,126.0,126.0,126.0,10.0
2026-08-13 03:10:00+08:00,TAIFEX:CCF1!,126.0,126.0,126.0,126.0,14.0
2026-08-13 03:25:00+08:00,TAIFEX:CCF1!,125.5,125.5,125.5,125.5,2.0
2026-08-13 03:40:00+08:00,TAIFEX:CCF1!,125.5,126.0,125.5,125.5,53.0
2026-08-13 03:55:00+08:00,TAIFEX:CCF1!,125.5,126.0,125.0,126.0,95.0
2026-08-13 04:10:00+08:00,TAIFEX:CCF1!,125.5,125.5,125.5,125.5,3.0
2026-08-13 04:25:00+08:00,TAIFEX:CCF1!,125.5,125.5,125.5,125.5,3.0
2026-08-13 04:40:00+08:00,TAIFEX:CCF1!,125.5,125.5,125.5,125.5,36.0
2026-08-13 04:55:00+08:00,TAIFEX:CCF1!,125.5,126.0,125.0,125.5,44.0
2026-08-13 08:45:00+08:00,TAIFEX:CCF1!,126.0,126.0,125.0,125.5,1049.0
2026-08-13 09:00:00+08:00,TAIFEX:CCF1!,125.5,127.0,124.0,125.0,2256.0
2026-08-13 09:15:00+08:00,TAIFEX:CCF1!,124.5,129.0,123.5,128.0,5612.0
2026-08-13 09:30:00+08:00,TAIFEX:CCF1!,127.5,131.0,127.5,128.0,8368.0
2026-08-13 09:45:00+08:00,TAIFEX:CCF1!,128.0,129.0,127.0,127.0,2002.0
2026-08-13 10:00:00+08:00,TAIFEX:CCF1!,127.5,127.5,126.5,127.0,1496.0
2026-08-13 10:15:00+08:00,TAIFEX:CCF1!,127.0,127.5,125.0,125.0,1983.0
2026-08-13 10:30:00+08:00,TAIFEX:CCF1!,125.5,125.5,124.5,125.0,1180.0
2026-08-13 10:45:00+08:00,TAIFEX:CCF1!,125.0,125.0,124.0,124.0,1922.0
2026-08-13 11:00:00+08:00,TAIFEX:CCF1!,124.5,125.5,124.0,125.0,561.0
2026-08-13 11:15:00+08:00,TAIFEX:CCF1!,125.0,125.0,124.0,124.0,749.0
2026-08-13 11:30:00+08:00,TAIFEX:CCF1!,124.5,124.5,123.5,124.0,1806.0
2026-08-13 11:45:00+08:00,TAIFEX:CCF1!,124.0,124.0,123.5,124.0,708.0
2026-08-13 12:00:00+08:00,TAIFEX:CCF1!,124.0,125.0,124.0,124.5,1616.0
2026-08-13 12:15:00+08:00,TAIFEX:CCF1!,124.5,124.5,123.5,124.0,899.0
2026-08-13 12:30:00+08:00,TAIFEX:CCF1!,124.0,125.0,124.0,124.5,534.0
2026-08-13 12:45:00+08:00,TAIFEX:CCF1!,124.5,125.0,124.5,124.5,210.0
2026-08-13 13:00:00+08:00,TAIFEX:CCF1!,124.5,125.5,124.5,125.0,1017.0
2026-08-13 13:15:00+08:00,TAIFEX:CCF1!,124.5,125.0,124.5,125.0,321.0
2026-08-13 13:30:00+08:00,TAIFEX:CCF1!,125.0,125.5,124.5,124.5,495.0
2026-08-13 17:25:00+08:00,TAIFEX:CCF1!,124.0,125.0,124.0,125.0,59.0
2026-08-13 17:40:00+08:00,TAIFEX:CCF1!,125.0,125.0,124.5,124.5,38.0
2026-08-13 17:55:00+08:00,TAIFEX:CCF1!,125.0,125.5,125.0,125.5,139.0
2026-08-13 18:10:00+08:00,TAIFEX:CCF1!,125.5,125.5,125.0,125.5,65.0
2026-08-13 18:25:00+08:00,TAIFEX:CCF1!,125.5,125.5,125.0,125.0,14.0
2026-08-13 18:40:00+08:00,TAIFEX:CCF1!,125.5,125.5,125.5,125.5,7.0
2026-08-13 18:55:00+08:00,TAIFEX:CCF1!,125.5,125.5,125.0,125.0,65.0
2026-08-13 19:10:00+08:00,TAIFEX:CCF1!,125.0,125.0,125.0,125.0,4.0
2026-08-13 19:25:00+08:00,TAIFEX:CCF1!,125.0,125.0,124.5,125.0,11.0
2026-08-13 19:40:00+08:00,TAIFEX:CCF1!,125.0,125.0,125.0,125.0,59.0
2026-08-13 19:55:00+08:00,TAIFEX:CCF1!,125.5,125.5,125.0,125.0,58.0
2026-08-13 20:10:00+08:00,TAIFEX:CCF1!,125.0,125.0,124.5,125.0,16.0
2026-08-13 20:25:00+08:00,TAIFEX:CCF1!,125.0,125.5,125.0,125.0,52.0
2026-08-13 20:40:00+08:00,TAIFEX:CCF1!,125.0,125.0,125.0,125.0,17.0
2026-08-13 20:55:00+08:00,TAIFEX:CCF1!,125.0,125.5,125.0,125.5,76.0
2026-08-13 21:10:00+08:00,TAIFEX:CCF1!,125.5,125.5,125.5,125.5,65.0
2026-08-13 21:25:00+08:00,TAIFEX:CCF1!,125.5,126.0,125.0,125.5,304.0
2026-08-13 21:40:00+08:00,TAIFEX:CCF1!,125.5,126.0,125.5,126.0,141.0
2026-08-13 21:55:00+08:00,TAIFEX:CCF1!,126.0,126.5,125.5,126.0,433.0
2026-08-13 22:10:00+08:00,TAIFEX:CCF1!,126.0,126.0,125.5,126.0,65.0
2026-08-13 22:25:00+08:00,TAIFEX:CCF1!,126.0,126.5,125.5,126.0,217.0
2026-08-13 22:40:00+08:00,TAIFEX:CCF1!,126.0,126.5,126.0,126.0,52.0
2026-08-13 22:55:00+08:00,TAIFEX:CCF1!,126.0,126.5,126.0,126.0,206.0
2026-08-13 23:10:00+08:00,TAIFEX:CCF1!,126.0,126.5,126.0,126.5,369.0
2026-08-13 23:25:00+08:00,TAIFEX:CCF1!,126.5,126.5,125.5,125.5,89.0
2026-08-13 23:40:00+08:00,TAIFEX:CCF1!,126.0,126.0,125.5,125.5,85.0
2026-08-13 23:55:00+08:00,TAIFEX:CCF1!,125.5,126.5,125.5,126.0,72.0
2026-08-14 00:10:00+08:00,TAIFEX:CCF1!,126.5,126.5,125.5,126.0,16.0
2026-08-14 00:25:00+08:00,TAIFEX:CCF1!,126.0,126.5,126.0,126.5,25.0
2026-08-14 00:40:00+08:00,TAIFEX:CCF1!,126.5,126.5,126.5,126.5,1.0
2026-08-14 00:55:00+08:00,TAIFEX:CCF1!,126.0,126.5,126.0,126.0,41.0
2026-08-14 01:10:00+08:00,TAIFEX:CCF1!,126.0,126.5,126.0,126.5,6.0
2026-08-14 01:25:00+08:00,TAIFEX:CCF1!,126.5,126.5,126.5,126.5,6.0
2026-08-14 02:10:00+08:00,TAIFEX:CCF1!,126.5,126.5,126.0,126.0,45.0
2026-08-14 02:25:00+08:00,TAIFEX:CCF1!,126.0,126.0,126.0,126.0,7.0
2026-08-14 02:40:00+08:00,TAIFEX:CCF1!,126.0,126.0,126.0,126.0,2.0
2026-08-14 02:55:00+08:00,TAIFEX:CCF1!,126.0,126.0,126.0,126.0,28.0
2026-08-14 03:10:00+08:00,TAIFEX:CCF1!,126.0,126.0,126.0,126.0,32.0
2026-08-14 03:25:00+08:00,TAIFEX:CCF1!,126.0,126.0,125.5,125.5,24.0
2026-08-14 03:40:00+08:00,TAIFEX:CCF1!,125.5,125.5,125.5,125.5,50.0
2026-08-14 03:55:00+08:00,TAIFEX:CCF1!,125.5,125.5,125.0,125.5,123.0
2026-08-14 04:25:00+08:00,TAIFEX:CCF1!,125.5,126.0,125.5,126.0,6.0
2026-08-14 04:40:00+08:00,TAIFEX:CCF1!,126.0,126.0,126.0,126.0,3.0
2026-08-14 04:55:00+08:00,TAIFEX:CCF1!,126.0,126.5,125.5,125.5,41.0
2026-08-14 08:45:00+08:00,TAIFEX:CCF1!,126.0,126.0,124.5,125.0,598.0
2026-08-14 09:00:00+08:00,TAIFEX:CCF1!,125.0,125.5,123.0,124.0,3024.0
2026-08-14 09:15:00+08:00,TAIFEX:CCF1!,124.0,124.5,123.0,124.0,2242.0
2026-08-14 09:30:00+08:00,TAIFEX:CCF1!,124.0,124.5,122.5,124.0,2885.0
2026-08-14 09:45:00+08:00,TAIFEX:CCF1!,124.0,124.5,123.5,123.5,1111.0
2026-08-14 10:00:00+08:00,TAIFEX:CCF1!,124.0,125.0,123.5,123.5,1160.0
2026-08-14 10:15:00+08:00,TAIFEX:CCF1!,123.5,123.5,122.5,123.0,1236.0
2026-08-14 10:30:00+08:00,TAIFEX:CCF1!,123.0,123.0,122.5,123.0,603.0
2026-08-14 10:45:00+08:00,TAIFEX:CCF1!,123.0,123.0,120.5,121.5,2399.0
2026-08-14 11:00:00+08:00,TAIFEX:CCF1!,121.0,121.5,120.5,121.0,1240.0
2026-08-14 11:15:00+08:00,TAIFEX:CCF1!,121.0,122.0,121.0,121.5,483.0
2026-08-14 11:30:00+08:00,TAIFEX:CCF1!,122.0,122.0,121.0,121.5,343.0
2026-08-14 11:45:00+08:00,TAIFEX:CCF1!,121.0,121.5,121.0,121.0,131.0
2026-08-14 12:00:00+08:00,TAIFEX:CCF1!,121.0,121.5,120.5,121.0,584.0
2026-08-14 12:15:00+08:00,TAIFEX:CCF1!,120.5,121.0,120.5,121.0,137.0
2026-08-14 12:30:00+08:00,TAIFEX:CCF1!,120.5,122.0,120.5,121.5,1086.0
2026-08-14 12:45:00+08:00,TAIFEX:CCF1!,121.5,121.5,121.0,121.5,602.0
2026-08-14 13:00:00+08:00,TAIFEX:CCF1!,121.5,121.5,121.0,121.5,1321.0
2026-08-14 13:15:00+08:00,TAIFEX:CCF1!,121.5,122.0,121.0,121.5,686.0
2026-08-14 13:30:00+08:00,TAIFEX:CCF1!,121.5,121.5,121.0,121.5,281.0
2026-08-14 17:25:00+08:00,TAIFEX:CCF1!,122.0,122.5,122.0,122.0,129.0
2026-08-14 17:40:00+08:00,TAIFEX:CCF1!,122.0,122.5,122.0,122.0,34.0
2026-08-14 17:55:00+08:00,TAIFEX:CCF1!,122.0,122.0,122.0,122.0,55.0
2026-08-14 18:10:00+08:00,TAIFEX:CCF1!,122.0,122.5,122.0,122.0,21.0
2026-08-14 18:25:00+08:00,TAIFEX:CCF1!,122.0,122.0,122.0,122.0,2.0
2026-08-14 18:40:00+08:00,TAIFEX:CCF1!,122.0,122.0,122.0,122.0,4.0
2026-08-14 18:55:00+08:00,TAIFEX:CCF1!,122.0,122.0,121.5,122.0,5.0
2026-08-14 19:10:00+08:00,TAIFEX:CCF1!,122.0,122.0,122.0,122.0,8.0
2026-08-14 19:25:00+08:00,TAIFEX:CCF1!,121.5,122.0,121.5,122.0,23.0
2026-08-14 19:40:00+08:00,TAIFEX:CCF1!,122.0,122.0,122.0,122.0,13.0
2026-08-14 19:55:00+08:00,TAIFEX:CCF1!,122.0,122.0,121.5,121.5,15.0
2026-08-14 20:10:00+08:00,TAIFEX:CCF1!,121.5,121.5,121.0,121.0,67.0
2026-08-14 20:25:00+08:00,TAIFEX:CCF1!,121.0,122.0,121.0,121.5,43.0
2026-08-14 20:40:00+08:00,TAIFEX:CCF1!,121.5,121.5,121.0,121.0,13.0
2026-08-14 20:55:00+08:00,TAIFEX:CCF1!,121.5,121.5,121.0,121.5,5.0
2026-08-14 21:10:00+08:00,TAIFEX:CCF1!,121.0,121.5,121.0,121.5,3.0
2026-08-14 21:25:00+08:00,TAIFEX:CCF1!,121.0,121.5,120.5,121.0,168.0
2026-08-14 21:40:00+08:00,TAIFEX:CCF1!,121.5,122.0,121.0,121.5,122.0
2026-08-14 21:55:00+08:00,TAIFEX:CCF1!,121.5,121.5,121.5,121.5,71.0
2026-08-14 22:10:00+08:00,TAIFEX:CCF1!,121.5,121.5,121.0,121.0,69.0
2026-08-14 22:25:00+08:00,TAIFEX:CCF1!,121.0,121.0,121.0,121.0,61.0
2026-08-14 22:40:00+08:00,TAIFEX:CCF1!,121.0,121.0,120.5,120.5,10.0
2026-08-14 22:55:00+08:00,TAIFEX:CCF1!,121.0,121.0,120.5,121.0,6.0
2026-08-14 23:10:00+08:00,TAIFEX:CCF1!,121.0,121.0,120.0,120.0,69.0
2026-08-14 23:25:00+08:00,TAIFEX:CCF1!,120.0,120.5,120.0,120.5,96.0
2026-08-14 23:40:00+08:00,TAIFEX:CCF1!,120.5,120.5,119.5,120.0,107.0
2026-08-14 23:55:00+08:00,TAIFEX:CCF1!,120.0,120.0,120.0,120.0,12.0
2026-08-15 00:10:00+08:00,TAIFEX:CCF1!,120.5,121.0,120.5,120.5,35.0
2026-08-15 00:25:00+08:00,TAIFEX:CCF1!,120.5,120.5,120.5,120.5,3.0
2026-08-15 00:40:00+08:00,TAIFEX:CCF1!,120.5,120.5,120.5,120.5,7.0
2026-08-15 00:55:00+08:00,TAIFEX:CCF1!,120.5,120.5,120.5,120.5,5.0
2026-08-15 01:10:00+08:00,TAIFEX:CCF1!,120.5,120.5,120.5,120.5,2.0
2026-08-15 01:25:00+08:00,TAIFEX:CCF1!,120.5,120.5,120.5,120.5,18.0
2026-08-15 01:40:00+08:00,TAIFEX:CCF1!,120.5,120.5,120.5,120.5,12.0
2026-08-15 01:55:00+08:00,TAIFEX:CCF1!,120.5,120.5,120.5,120.5,8.0
2026-08-15 02:25:00+08:00,TAIFEX:CCF1!,120.5,120.5,120.5,120.5,2.0
2026-08-15 02:40:00+08:00,TAIFEX:CCF1!,121.0,121.0,120.5,120.5,137.0
2026-08-15 03:25:00+08:00,TAIFEX:CCF1!,121.0,121.0,121.0,121.0,73.0
2026-08-15 03:40:00+08:00,TAIFEX:CCF1!,121.0,121.0,121.0,121.0,5.0
2026-08-15 03:55:00+08:00,TAIFEX:CCF1!,121.0,121.5,121.0,121.0,62.0
2026-08-15 04:10:00+08:00,TAIFEX:CCF1!,121.0,121.0,121.0,121.0,1.0
2026-08-15 04:25:00+08:00,TAIFEX:CCF1!,121.0,121.0,121.0,121.0,1.0
2026-08-15 04:40:00+08:00,TAIFEX:CCF1!,121.0,121.5,121.0,121.5,9.0
2026-08-15 04:55:00+08:00,TAIFEX:CCF1!,121.5,121.5,121.0,121.5,24.0
2026-08-17 08:45:00+08:00,TAIFEX:CCF1!,121.5,122.5,121.5,122.5,829.0
2026-08-17 09:00:00+08:00,TAIFEX:CCF1!,122.0,124.5,122.0,123.0,3419.0
2026-08-17 09:15:00+08:00,TAIFEX:CCF1!,123.0,124.0,122.0,123.5,2382.0
2026-08-17 09:30:00+08:00,TAIFEX:CCF1!,123.0,123.0,122.0,123.0,797.0
2026-08-17 09:45:00+08:00,TAIFEX:CCF1!,123.0,124.0,122.5,123.5,1026.0
2026-08-17 10:00:00+08:00,TAIFEX:CCF1!,123.5,124.0,123.0,123.5,815.0
2026-08-17 10:15:00+08:00,TAIFEX:CCF1!,123.5,124.0,123.0,123.5,998.0
2026-08-17 10:30:00+08:00,TAIFEX:CCF1!,123.5,123.5,122.5,123.0,991.0
2026-08-17 10:45:00+08:00,TAIFEX:CCF1!,123.0,123.0,122.0,122.5,1144.0
2026-08-17 11:00:00+08:00,TAIFEX:CCF1!,122.5,123.0,122.5,122.5,228.0
2026-08-17 11:15:00+08:00,TAIFEX:CCF1!,123.0,123.0,122.0,122.5,127.0
2026-08-17 11:30:00+08:00,TAIFEX:CCF1!,122.5,122.5,122.5,122.5,249.0
2026-08-17 11:45:00+08:00,TAIFEX:CCF1!,122.5,123.0,122.0,123.0,523.0
2026-08-17 12:00:00+08:00,TAIFEX:CCF1!,122.5,123.0,122.5,123.0,283.0
2026-08-17 12:15:00+08:00,TAIFEX:CCF1!,123.0,123.5,122.5,123.0,294.0
2026-08-17 12:30:00+08:00,TAIFEX:CCF1!,123.0,123.5,123.0,123.0,326.0
2026-08-17 12:45:00+08:00,TAIFEX:CCF1!,123.0,123.0,122.5,122.5,267.0
2026-08-17 13:00:00+08:00,TAIFEX:CCF1!,122.5,123.0,122.5,122.5,250.0
2026-08-17 13:15:00+08:00,TAIFEX:CCF1!,122.5,123.0,122.0,122.0,553.0
2026-08-17 13:30:00+08:00,TAIFEX:CCF1!,122.0,122.5,122.0,122.0,215.0
2026-08-17 17:25:00+08:00,TAIFEX:CCF1!,122.0,122.5,122.0,122.0,29.0
2026-08-17 17:40:00+08:00,TAIFEX:CCF1!,122.0,122.0,122.0,122.0,3.0
2026-08-17 17:55:00+08:00,TAIFEX:CCF1!,122.0,122.5,122.0,122.5,3.0
2026-08-17 18:10:00+08:00,TAIFEX:CCF1!,122.5,122.5,122.5,122.5,17.0
2026-08-17 18:25:00+08:00,TAIFEX:CCF1!,122.5,123.0,122.5,123.0,83.0
2026-08-17 18:40:00+08:00,TAIFEX:CCF1!,123.0,123.0,123.0,123.0,6.0
2026-08-17 18:55:00+08:00,TAIFEX:CCF1!,122.5,122.5,122.5,122.5,34.0
2026-08-17 19:10:00+08:00,TAIFEX:CCF1!,122.5,122.5,122.5,122.5,7.0
2026-08-17 19:40:00+08:00,TAIFEX:CCF1!,123.0,123.0,123.0,123.0,2.0
2026-08-17 19:55:00+08:00,TAIFEX:CCF1!,123.0,123.0,123.0,123.0,3.0
2026-08-17 20:10:00+08:00,TAIFEX:CCF1!,123.0,123.0,123.0,123.0,3.0
2026-08-17 20:25:00+08:00,TAIFEX:CCF1!,122.5,122.5,122.5,122.5,15.0
2026-08-17 20:40:00+08:00,TAIFEX:CCF1!,122.5,122.5,122.0,122.0,160.0
2026-08-17 20:55:00+08:00,TAIFEX:CCF1!,122.0,122.5,122.0,122.5,5.0
2026-08-17 21:25:00+08:00,TAIFEX:CCF1!,122.5,122.5,122.0,122.0,99.0
2026-08-17 21:40:00+08:00,TAIFEX:CCF1!,122.0,122.5,122.0,122.5,43.0
2026-08-17 21:55:00+08:00,TAIFEX:CCF1!,123.0,123.0,122.5,122.5,176.0
2026-08-17 22:10:00+08:00,TAIFEX:CCF1!,123.0,123.0,122.5,123.0,96.0
2026-08-17 22:25:00+08:00,TAIFEX:CCF1!,123.0,123.5,123.0,123.5,8.0
2026-08-17 22:40:00+08:00,TAIFEX:CCF1!,123.5,123.5,123.5,123.5,116.0
2026-08-17 22:55:00+08:00,TAIFEX:CCF1!,123.5,124.5,123.5,124.0,279.0
2026-08-17 23:10:00+08:00,TAIFEX:CCF1!,124.0,124.5,124.0,124.0,198.0
2026-08-17 23:25:00+08:00,TAIFEX:CCF1!,124.0,124.0,124.0,124.0,24.0
2026-08-17 23:40:00+08:00,TAIFEX:CCF1!,123.5,124.0,123.5,124.0,11.0
2026-08-17 23:55:00+08:00,TAIFEX:CCF1!,124.0,124.0,123.5,123.5,33.0
2026-08-18 00:10:00+08:00,TAIFEX:CCF1!,123.5,123.5,123.5,123.5,4.0
2026-08-18 00:25:00+08:00,TAIFEX:CCF1!,124.0,124.0,123.5,123.5,6.0
2026-08-18 00:40:00+08:00,TAIFEX:CCF1!,123.5,123.5,123.5,123.5,6.0
2026-08-18 00:55:00+08:00,TAIFEX:CCF1!,123.5,123.5,123.5,123.5,33.0
2026-08-18 01:10:00+08:00,TAIFEX:CCF1!,123.5,123.5,123.5,123.5,7.0
2026-08-18 01:25:00+08:00,TAIFEX:CCF1!,123.5,123.5,123.5,123.5,3.0
2026-08-18 01:40:00+08:00,TAIFEX:CCF1!,123.5,123.5,123.5,123.5,2.0
2026-08-18 01:55:00+08:00,TAIFEX:CCF1!,123.5,123.5,123.5,123.5,22.0
2026-08-18 02:10:00+08:00,TAIFEX:CCF1!,123.5,123.5,123.5,123.5,1.0
2026-08-18 02:25:00+08:00,TAIFEX:CCF1!,123.5,123.5,123.5,123.5,1.0
2026-08-18 02:40:00+08:00,TAIFEX:CCF1!,123.5,123.5,123.5,123.5,3.0
2026-08-18 03:10:00+08:00,TAIFEX:CCF1!,123.0,123.0,123.0,123.0,4.0
2026-08-18 03:25:00+08:00,TAIFEX:CCF1!,123.0,123.0,123.0,123.0,4.0
2026-08-18 03:40:00+08:00,TAIFEX:CCF1!,123.0,123.5,123.0,123.5,2.0
2026-08-18 03:55:00+08:00,TAIFEX:CCF1!,123.5,123.5,123.5,123.5,1.0
2026-08-18 04:10:00+08:00,TAIFEX:CCF1!,123.5,123.5,123.0,123.0,3.0
2026-08-18 04:25:00+08:00,TAIFEX:CCF1!,123.0,123.0,123.0,123.0,1.0
2026-08-18 04:40:00+08:00,TAIFEX:CCF1!,123.0,123.0,123.0,123.0,9.0
2026-08-18 04:55:00+08:00,TAIFEX:CCF1!,123.5,124.0,123.5,124.0,59.0
2026-08-18 08:45:00+08:00,TAIFEX:CCF1!,123.0,123.5,122.5,123.0,359.0
2026-08-18 09:00:00+08:00,TAIFEX:CCF1!,123.0,123.5,122.0,123.0,1703.0
2026-08-18 09:15:00+08:00,TAIFEX:CCF1!,123.5,123.5,122.5,123.0,1313.0
2026-08-18 09:30:00+08:00,TAIFEX:CCF1!,122.5,123.0,120.5,120.5,2249.0
2026-08-18 09:45:00+08:00,TAIFEX:CCF1!,120.5,121.0,120.0,120.5,1569.0
2026-08-18 10:00:00+08:00,TAIFEX:CCF1!,121.0,121.0,120.0,120.0,936.0
2026-08-18 10:15:00+08:00,TAIFEX:CCF1!,119.5,120.0,118.5,119.0,1356.0
2026-08-18 10:30:00+08:00,TAIFEX:CCF1!,119.0,120.5,119.0,120.0,1454.0
2026-08-18 10:45:00+08:00,TAIFEX:CCF1!,120.0,120.0,119.0,119.5,458.0
2026-08-18 11:00:00+08:00,TAIFEX:CCF1!,119.5,120.0,119.0,119.5,561.0
2026-08-18 11:15:00+08:00,TAIFEX:CCF1!,119.5,119.5,119.0,119.0,224.0
2026-08-18 11:30:00+08:00,TAIFEX:CCF1!,119.5,119.5,118.5,119.0,858.0
2026-08-18 11:45:00+08:00,TAIFEX:CCF1!,119.0,119.0,118.5,119.0,493.0
2026-08-18 12:00:00+08:00,TAIFEX:CCF1!,119.0,119.0,118.5,118.5,287.0
2026-08-18 12:15:00+08:00,TAIFEX:CCF1!,118.5,119.5,117.5,119.5,1034.0
2026-08-18 12:30:00+08:00,TAIFEX:CCF1!,119.5,119.5,118.5,119.0,362.0
2026-08-18 12:45:00+08:00,TAIFEX:CCF1!,119.0,119.0,118.5,119.0,220.0
2026-08-18 13:00:00+08:00,TAIFEX:CCF1!,119.0,119.0,118.0,118.5,333.0
2026-08-18 13:15:00+08:00,TAIFEX:CCF1!,118.5,119.0,118.0,119.0,642.0
2026-08-18 13:30:00+08:00,TAIFEX:CCF1!,119.0,119.0,118.0,118.0,396.0
2026-08-18 17:25:00+08:00,TAIFEX:CCF1!,118.0,118.0,117.0,117.5,147.0
2026-08-18 17:40:00+08:00,TAIFEX:CCF1!,117.5,117.5,117.0,117.0,25.0
2026-08-18 17:55:00+08:00,TAIFEX:CCF1!,117.5,117.5,117.5,117.5,16.0
2026-08-18 18:10:00+08:00,TAIFEX:CCF1!,117.5,117.5,117.5,117.5,10.0
2026-08-18 18:25:00+08:00,TAIFEX:CCF1!,117.5,118.0,117.5,118.0,15.0
2026-08-18 18:40:00+08:00,TAIFEX:CCF1!,117.5,117.5,117.5,117.5,5.0
2026-08-18 18:55:00+08:00,TAIFEX:CCF1!,117.5,117.5,117.5,117.5,16.0
2026-08-18 19:10:00+08:00,TAIFEX:CCF1!,118.0,118.0,118.0,118.0,1.0
2026-08-18 19:25:00+08:00,TAIFEX:CCF1!,118.0,118.0,117.5,117.5,2.0
2026-08-18 19:40:00+08:00,TAIFEX:CCF1!,117.5,118.0,117.5,118.0,102.0
2026-08-18 19:55:00+08:00,TAIFEX:CCF1!,118.0,118.5,118.0,118.5,26.0
2026-08-18 20:10:00+08:00,TAIFEX:CCF1!,118.0,118.5,118.0,118.5,5.0
2026-08-18 20:25:00+08:00,TAIFEX:CCF1!,118.5,118.5,118.0,118.5,10.0
2026-08-18 20:40:00+08:00,TAIFEX:CCF1!,118.0,118.0,118.0,118.0,11.0
2026-08-18 20:55:00+08:00,TAIFEX:CCF1!,118.0,118.0,117.5,117.5,76.0
2026-08-18 21:10:00+08:00,TAIFEX:CCF1!,117.5,117.5,117.5,117.5,28.0
2026-08-18 21:25:00+08:00,TAIFEX:CCF1!,117.5,118.0,117.5,118.0,103.0
2026-08-18 21:40:00+08:00,TAIFEX:CCF1!,118.0,118.0,117.0,117.0,95.0
2026-08-18 21:55:00+08:00,TAIFEX:CCF1!,117.0,117.5,117.0,117.0,187.0
2026-08-18 22:10:00+08:00,TAIFEX:CCF1!,117.0,117.0,116.0,116.5,395.0
2026-08-18 22:25:00+08:00,TAIFEX:CCF1!,116.5,117.0,116.5,116.5,76.0
2026-08-18 22:40:00+08:00,TAIFEX:CCF1!,116.5,116.5,116.0,116.0,101.0
2026-08-18 22:55:00+08:00,TAIFEX:CCF1!,116.0,116.0,115.5,115.5,224.0
2026-08-18 23:10:00+08:00,TAIFEX:CCF1!,115.5,116.0,115.0,116.0,55.0
2026-08-18 23:25:00+08:00,TAIFEX:CCF1!,116.0,116.0,115.5,115.5,23.0
2026-08-18 23:40:00+08:00,TAIFEX:CCF1!,115.5,116.0,115.5,116.0,46.0
2026-08-18 23:55:00+08:00,TAIFEX:CCF1!,116.0,116.0,116.0,116.0,12.0
2026-08-19 00:10:00+08:00,TAIFEX:CCF1!,115.5,115.5,115.5,115.5,3.0
2026-08-19 00:25:00+08:00,TAIFEX:CCF1!,115.5,115.5,115.5,115.5,55.0
2026-08-19 00:40:00+08:00,TAIFEX:CCF1!,115.5,115.5,115.5,115.5,25.0
2026-08-19 00:55:00+08:00,TAIFEX:CCF1!,115.5,116.0,115.5,116.0,24.0
2026-08-19 01:10:00+08:00,TAIFEX:CCF1!,116.0,116.0,115.5,115.5,12.0
2026-08-19 01:25:00+08:00,TAIFEX:CCF1!,115.5,115.5,115.5,115.5,7.0
2026-08-19 01:40:00+08:00,TAIFEX:CCF1!,115.5,115.5,115.5,115.5,14.0
2026-08-19 01:55:00+08:00,TAIFEX:CCF1!,115.5,115.5,115.5,115.5,8.0
2026-08-19 02:10:00+08:00,TAIFEX:CCF1!,115.5,116.0,115.0,116.0,20.0
2026-08-19 02:25:00+08:00,TAIFEX:CCF1!,116.0,116.0,116.0,116.0,8.0
2026-08-19 02:40:00+08:00,TAIFEX:CCF1!,115.5,116.0,115.5,115.5,5.0
2026-08-19 03:10:00+08:00,TAIFEX:CCF1!,115.5,115.5,115.5,115.5,12.0
2026-08-19 03:25:00+08:00,TAIFEX:CCF1!,116.0,116.0,115.5,116.0,44.0
2026-08-19 03:40:00+08:00,TAIFEX:CCF1!,116.0,117.0,116.0,116.5,85.0
2026-08-19 03:55:00+08:00,TAIFEX:CCF1!,116.5,116.5,116.5,116.5,16.0
2026-08-19 04:25:00+08:00,TAIFEX:CCF1!,116.5,116.5,116.5,116.5,3.0
2026-08-19 04:40:00+08:00,TAIFEX:CCF1!,116.5,116.5,116.5,116.5,5.0
2026-08-19 04:55:00+08:00,TAIFEX:CCF1!,116.5,116.5,116.5,116.5,8.0
2026-08-19 08:45:00+08:00,TAIFEX:CCF1!,114.5,114.5,113.0,114.5,1430.0
2026-08-19 09:00:00+08:00,TAIFEX:CCF1!,114.5,116.0,114.0,116.0,1920.0
2026-08-19 09:15:00+08:00,TAIFEX:CCF1!,115.5,116.5,115.5,116.5,2079.0
2026-08-19 09:30:00+08:00,TAIFEX:CCF1!,116.5,116.5,115.5,116.5,1485.0
2026-08-19 09:45:00+08:00,TAIFEX:CCF1!,116.5,117.5,115.5,117.0,1177.0
2026-08-19 10:00:00+08:00,TAIFEX:CCF1!,117.0,117.0,115.0,115.5,1235.0
2026-08-19 10:15:00+08:00,TAIFEX:CCF1!,116.0,117.0,115.5,117.0,1473.0
2026-08-19 10:30:00+08:00,TAIFEX:CCF1!,116.5,116.5,115.5,115.5,1456.0
2026-08-19 10:45:00+08:00,TAIFEX:CCF1!,116.0,116.5,115.5,116.0,1319.0
2026-08-19 11:00:00+08:00,TAIFEX:CCF1!,116.0,116.5,115.5,116.0,495.0
2026-08-19 11:15:00+08:00,TAIFEX:CCF1!,116.0,116.0,115.5,115.5,248.0
2026-08-19 11:30:00+08:00,TAIFEX:CCF1!,116.0,116.5,116.0,116.5,294.0
2026-08-19 11:45:00+08:00,TAIFEX:CCF1!,116.5,117.0,116.0,116.5,1006.0
2026-08-19 12:00:00+08:00,TAIFEX:CCF1!,116.5,116.5,115.5,116.0,364.0
2026-08-19 12:15:00+08:00,TAIFEX:CCF1!,115.5,116.0,115.5,116.0,102.0
2026-08-19 12:30:00+08:00,TAIFEX:CCF1!,116.0,116.0,114.5,115.0,1473.0
2026-08-19 12:45:00+08:00,TAIFEX:CCF1!,115.0,115.5,114.5,115.0,486.0
2026-08-19 13:00:00+08:00,TAIFEX:CCF1!,115.0,115.5,114.5,115.0,951.0
2026-08-19 13:15:00+08:00,TAIFEX:CCF1!,115.0,116.0,114.5,116.0,537.0
2026-08-19 13:30:00+08:00,TAIFEX:CCF1!,116.0,116.5,115.5,116.0,544.0
2026-08-19 17:25:00+08:00,TAIFEX:CCF1!,117.5,117.5,116.5,117.0,359.0
2026-08-19 17:40:00+08:00,TAIFEX:CCF1!,117.0,117.0,116.5,117.0,36.0
2026-08-19 17:55:00+08:00,TAIFEX:CCF1!,117.0,117.0,116.5,117.0,55.0
2026-08-19 18:10:00+08:00,TAIFEX:CCF1!,117.0,117.0,116.5,116.5,15.0
2026-08-19 18:25:00+08:00,TAIFEX:CCF1!,117.0,117.0,116.5,116.5,9.0
2026-08-19 18:40:00+08:00,TAIFEX:CCF1!,117.0,117.0,116.5,116.5,8.0
2026-08-19 18:55:00+08:00,TAIFEX:CCF1!,116.5,117.0,116.5,117.0,86.0
2026-08-19 19:10:00+08:00,TAIFEX:CCF1!,117.0,117.0,117.0,117.0,56.0
2026-08-19 19:25:00+08:00,TAIFEX:CCF1!,117.0,117.0,117.0,117.0,92.0
2026-08-19 19:40:00+08:00,TAIFEX:CCF1!,117.0,117.0,117.0,117.0,11.0
2026-08-19 19:55:00+08:00,TAIFEX:CCF1!,117.0,117.5,117.0,117.0,50.0
2026-08-19 20:10:00+08:00,TAIFEX:CCF1!,117.0,117.5,116.5,117.0,47.0
2026-08-19 20:25:00+08:00,TAIFEX:CCF1!,117.0,118.0,117.0,118.0,111.0
2026-08-19 20:40:00+08:00,TAIFEX:CCF1!,118.0,118.5,118.0,118.5,85.0
2026-08-19 20:55:00+08:00,TAIFEX:CCF1!,118.0,118.5,118.0,118.5,126.0
2026-08-19 21:10:00+08:00,TAIFEX:CCF1!,118.5,119.0,118.5,118.5,84.0
2026-08-19 21:25:00+08:00,TAIFEX:CCF1!,118.5,119.0,116.5,116.5,714.0
2026-08-19 21:40:00+08:00,TAIFEX:CCF1!,116.5,117.0,115.5,116.0,1017.0
2026-08-19 21:55:00+08:00,TAIFEX:CCF1!,116.0,116.5,115.5,115.5,226.0
2026-08-19 22:10:00+08:00,TAIFEX:CCF1!,115.5,116.0,115.0,115.5,461.0
2026-08-19 22:25:00+08:00,TAIFEX:CCF1!,115.5,116.5,115.5,116.5,171.0
2026-08-19 22:40:00+08:00,TAIFEX:CCF1!,116.0,116.5,116.0,116.5,45.0
2026-08-19 22:55:00+08:00,TAIFEX:CCF1!,116.5,116.5,116.5,116.5,78.0
2026-08-19 23:10:00+08:00,TAIFEX:CCF1!,116.0,116.5,116.0,116.5,22.0
2026-08-19 23:25:00+08:00,TAIFEX:CCF1!,116.5,116.5,116.0,116.0,6.0
2026-08-19 23:40:00+08:00,TAIFEX:CCF1!,116.0,116.5,116.0,116.0,109.0
2026-08-19 23:55:00+08:00,TAIFEX:CCF1!,116.0,117.0,116.0,116.5,81.0
2026-08-20 00:10:00+08:00,TAIFEX:CCF1!,116.5,117.0,116.5,117.0,215.0
2026-08-20 00:25:00+08:00,TAIFEX:CCF1!,116.5,116.5,116.5,116.5,12.0
2026-08-20 00:40:00+08:00,TAIFEX:CCF1!,116.5,116.5,116.5,116.5,7.0
2026-08-20 00:55:00+08:00,TAIFEX:CCF1!,116.5,116.5,116.5,116.5,6.0
2026-08-20 01:10:00+08:00,TAIFEX:CCF1!,116.5,116.5,116.0,116.0,91.0
2026-08-20 01:25:00+08:00,TAIFEX:CCF1!,116.5,116.5,116.0,116.0,31.0
2026-08-20 01:40:00+08:00,TAIFEX:CCF1!,116.5,116.5,116.5,116.5,12.0
2026-08-20 01:55:00+08:00,TAIFEX:CCF1!,116.5,116.5,116.5,116.5,60.0
2026-08-20 02:10:00+08:00,TAIFEX:CCF1!,116.0,116.5,116.0,116.5,2.0
2026-08-20 02:25:00+08:00,TAIFEX:CCF1!,116.5,116.5,116.5,116.5,1.0
2026-08-20 02:40:00+08:00,TAIFEX:CCF1!,116.5,116.5,116.5,116.5,3.0
2026-08-20 03:10:00+08:00,TAIFEX:CCF1!,116.5,116.5,116.5,116.5,2.0
2026-08-20 03:25:00+08:00,TAIFEX:CCF1!,116.0,116.0,116.0,116.0,8.0
2026-08-20 03:40:00+08:00,TAIFEX:CCF1!,116.0,116.0,116.0,116.0,1.0
2026-08-20 03:55:00+08:00,TAIFEX:CCF1!,116.5,116.5,116.5,116.5,9.0
2026-08-20 04:25:00+08:00,TAIFEX:CCF1!,116.5,116.5,116.5,116.5,3.0
2026-08-20 04:40:00+08:00,TAIFEX:CCF1!,116.5,116.5,116.5,116.5,2.0
2026-08-20 04:55:00+08:00,TAIFEX:CCF1!,116.5,116.5,116.0,116.0,10.0
2026-08-20 08:45:00+08:00,TAIFEX:CCF1!,116.5,117.5,116.0,117.0,701.0
2026-08-20 09:00:00+08:00,TAIFEX:CCF1!,117.0,118.0,115.5,116.0,2255.0
2026-08-20 09:15:00+08:00,TAIFEX:CCF1!,116.0,116.5,113.5,114.0,4041.0
2026-08-20 09:30:00+08:00,TAIFEX:CCF1!,113.5,115.5,113.5,115.0,1095.0
2026-08-20 09:45:00+08:00,TAIFEX:CCF1!,115.0,115.5,113.5,114.0,1256.0
2026-08-20 10:00:00+08:00,TAIFEX:CCF1!,113.5,114.5,113.5,114.0,1652.0
2026-08-20 10:15:00+08:00,TAIFEX:CCF1!,114.0,114.0,112.5,113.0,1455.0
2026-08-20 10:30:00+08:00,TAIFEX:CCF1!,113.0,114.0,113.0,113.5,918.0
2026-08-20 10:45:00+08:00,TAIFEX:CCF1!,113.5,113.5,112.0,113.0,1349.0
2026-08-20 11:00:00+08:00,TAIFEX:CCF1!,113.0,114.0,113.0,113.5,805.0
2026-08-20 11:15:00+08:00,TAIFEX:CCF1!,113.5,114.0,113.5,113.5,749.0
2026-08-20 11:30:00+08:00,TAIFEX:CCF1!,114.0,114.5,113.0,114.0,547.0
2026-08-20 11:45:00+08:00,TAIFEX:CCF1!,114.0,114.0,113.5,113.5,1075.0
2026-08-20 12:00:00+08:00,TAIFEX:CCF1!,113.5,115.0,113.5,115.0,700.0
2026-08-20 12:15:00+08:00,TAIFEX:CCF1!,114.5,115.5,114.5,115.0,908.0
2026-08-20 12:30:00+08:00,TAIFEX:CCF1!,115.0,115.0,114.5,115.0,1118.0
2026-08-20 12:45:00+08:00,TAIFEX:CCF1!,115.0,115.5,115.0,115.0,716.0
2026-08-20 13:00:00+08:00,TAIFEX:CCF1!,114.5,115.5,114.5,115.0,743.0
2026-08-20 13:15:00+08:00,TAIFEX:CCF1!,115.0,116.5,115.0,116.0,1284.0
2026-08-20 13:30:00+08:00,TAIFEX:CCF1!,116.0,117.0,116.0,117.0,408.0
2026-08-20 17:25:00+08:00,TAIFEX:CCF1!,116.0,116.0,114.5,115.0,254.0
2026-08-20 17:40:00+08:00,TAIFEX:CCF1!,115.0,115.0,115.0,115.0,6.0
2026-08-20 17:55:00+08:00,TAIFEX:CCF1!,115.0,115.5,114.5,115.0,90.0
2026-08-20 18:10:00+08:00,TAIFEX:CCF1!,115.0,115.5,115.0,115.5,72.0
2026-08-20 18:25:00+08:00,TAIFEX:CCF1!,115.5,115.5,115.0,115.0,4.0
2026-08-20 18:40:00+08:00,TAIFEX:CCF1!,115.0,115.0,115.0,115.0,23.0
2026-08-20 18:55:00+08:00,TAIFEX:CCF1!,115.0,115.5,115.0,115.0,18.0
2026-08-20 19:10:00+08:00,TAIFEX:CCF1!,115.0,115.0,115.0,115.0,35.0
2026-08-20 19:25:00+08:00,TAIFEX:CCF1!,115.0,115.0,114.5,115.0,151.0
2026-08-20 19:40:00+08:00,TAIFEX:CCF1!,114.5,114.5,114.0,114.5,84.0
2026-08-20 19:55:00+08:00,TAIFEX:CCF1!,114.0,114.5,113.0,113.5,314.0
2026-08-20 20:10:00+08:00,TAIFEX:CCF1!,113.5,113.5,112.5,113.5,187.0
2026-08-20 20:25:00+08:00,TAIFEX:CCF1!,113.0,113.5,113.0,113.0,86.0
2026-08-20 20:40:00+08:00,TAIFEX:CCF1!,113.0,114.5,113.0,114.5,178.0
2026-08-20 20:55:00+08:00,TAIFEX:CCF1!,114.5,114.5,114.5,114.5,105.0
2026-08-20 21:10:00+08:00,TAIFEX:CCF1!,114.5,114.5,114.5,114.5,2.0
2026-08-20 21:25:00+08:00,TAIFEX:CCF1!,114.5,115.0,114.5,115.0,343.0
2026-08-20 21:40:00+08:00,TAIFEX:CCF1!,115.0,115.5,114.0,114.5,213.0
2026-08-20 21:55:00+08:00,TAIFEX:CCF1!,114.5,114.5,114.0,114.5,68.0
2026-08-20 22:10:00+08:00,TAIFEX:CCF1!,115.0,115.5,114.5,115.0,83.0
2026-08-20 22:25:00+08:00,TAIFEX:CCF1!,115.0,115.5,115.0,115.5,226.0
2026-08-20 22:40:00+08:00,TAIFEX:CCF1!,115.5,116.0,115.5,115.5,57.0
2026-08-20 22:55:00+08:00,TAIFEX:CCF1!,115.5,116.5,115.5,115.5,113.0
2026-08-20 23:10:00+08:00,TAIFEX:CCF1!,115.5,116.0,115.5,115.5,218.0
2026-08-20 23:25:00+08:00,TAIFEX:CCF1!,115.5,116.0,115.0,115.0,150.0
2026-08-20 23:40:00+08:00,TAIFEX:CCF1!,115.0,115.5,115.0,115.5,82.0
2026-08-20 23:55:00+08:00,TAIFEX:CCF1!,115.5,115.5,115.5,115.5,8.0
2026-08-21 00:10:00+08:00,TAIFEX:CCF1!,115.0,115.0,115.0,115.0,3.0
2026-08-21 00:25:00+08:00,TAIFEX:CCF1!,115.5,115.5,115.0,115.0,104.0
2026-08-21 00:40:00+08:00,TAIFEX:CCF1!,115.5,115.5,115.5,115.5,36.0
2026-08-21 00:55:00+08:00,TAIFEX:CCF1!,115.5,115.5,115.5,115.5,19.0
2026-08-21 01:10:00+08:00,TAIFEX:CCF1!,115.5,115.5,115.5,115.5,19.0
2026-08-21 01:25:00+08:00,TAIFEX:CCF1!,115.0,115.0,115.0,115.0,5.0
2026-08-21 01:40:00+08:00,TAIFEX:CCF1!,115.0,115.0,115.0,115.0,2.0
2026-08-21 01:55:00+08:00,TAIFEX:CCF1!,115.0,115.0,115.0,115.0,10.0
2026-08-21 02:10:00+08:00,TAIFEX:CCF1!,115.0,115.0,115.0,115.0,19.0
2026-08-21 02:25:00+08:00,TAIFEX:CCF1!,115.0,115.5,115.0,115.5,5.0
2026-08-21 02:55:00+08:00,TAIFEX:CCF1!,115.5,115.5,115.5,115.5,1.0
2026-08-21 03:10:00+08:00,TAIFEX:CCF1!,115.5,115.5,115.5,115.5,2.0
2026-08-21 03:25:00+08:00,TAIFEX:CCF1!,115.5,115.5,115.5,115.5,3.0
2026-08-21 03:40:00+08:00,TAIFEX:CCF1!,115.5,115.5,115.5,115.5,3.0
2026-08-21 03:55:00+08:00,TAIFEX:CCF1!,115.5,115.5,115.5,115.5,2.0
2026-08-21 04:10:00+08:00,TAIFEX:CCF1!,115.5,115.5,115.5,115.5,36.0
2026-08-21 04:25:00+08:00,TAIFEX:CCF1!,115.5,115.5,115.5,115.5,1.0
2026-08-21 04:40:00+08:00,TAIFEX:CCF1!,115.5,115.5,115.5,115.5,10.0
2026-08-21 04:55:00+08:00,TAIFEX:CCF1!,115.0,115.0,115.0,115.0,12.0
2026-08-21 08:45:00+08:00,TAIFEX:CCF1!,115.5,116.5,115.0,115.5,457.0
2026-08-21 09:00:00+08:00,TAIFEX:CCF1!,115.0,115.5,114.0,115.5,1201.0
2026-08-21 09:15:00+08:00,TAIFEX:CCF1!,115.0,116.0,114.5,115.0,856.0
2026-08-21 09:30:00+08:00,TAIFEX:CCF1!,115.0,115.5,115.0,115.5,940.0
2026-08-21 09:45:00+08:00,TAIFEX:CCF1!,115.5,115.5,115.0,115.0,596.0
2026-08-21 10:00:00+08:00,TAIFEX:CCF1!,115.0,115.5,115.0,115.5,861.0
2026-08-21 10:15:00+08:00,TAIFEX:CCF1!,115.5,117.5,115.5,117.5,1366.0
2026-08-21 10:30:00+08:00,TAIFEX:CCF1!,117.0,117.5,116.5,117.0,556.0
2026-08-21 10:45:00+08:00,TAIFEX:CCF1!,116.5,117.5,116.0,117.0,1463.0
2026-08-21 11:00:00+08:00,TAIFEX:CCF1!,117.0,117.0,116.0,116.0,1171.0
2026-08-21 11:15:00+08:00,TAIFEX:CCF1!,116.0,116.5,115.5,116.5,257.0
2026-08-21 11:30:00+08:00,TAIFEX:CCF1!,116.5,117.5,116.0,116.5,1260.0
2026-08-21 11:45:00+08:00,TAIFEX:CCF1!,116.5,117.0,116.0,116.5,693.0
2026-08-21 12:00:00+08:00,TAIFEX:CCF1!,116.5,117.5,116.5,117.0,544.0
2026-08-21 12:15:00+08:00,TAIFEX:CCF1!,117.0,117.0,116.5,117.0,332.0
2026-08-21 12:30:00+08:00,TAIFEX:CCF1!,117.0,117.5,116.5,116.5,506.0
2026-08-21 12:45:00+08:00,TAIFEX:CCF1!,116.5,117.5,116.5,117.0,938.0
2026-08-21 13:00:00+08:00,TAIFEX:CCF1!,117.0,117.0,116.5,117.0,320.0
2026-08-21 13:15:00+08:00,TAIFEX:CCF1!,117.0,117.0,116.5,117.0,394.0
2026-08-21 13:30:00+08:00,TAIFEX:CCF1!,117.0,117.5,117.0,117.5,277.0
2026-08-21 17:25:00+08:00,TAIFEX:CCF1!,119.0,119.0,118.0,118.5,287.0
2026-08-21 17:40:00+08:00,TAIFEX:CCF1!,118.5,118.5,118.0,118.5,120.0
2026-08-21 17:55:00+08:00,TAIFEX:CCF1!,118.5,118.5,118.0,118.5,76.0
2026-08-21 18:10:00+08:00,TAIFEX:CCF1!,118.5,118.5,118.0,118.0,14.0
2026-08-21 18:25:00+08:00,TAIFEX:CCF1!,118.0,118.5,118.0,118.5,19.0
2026-08-21 18:40:00+08:00,TAIFEX:CCF1!,118.5,118.5,118.5,118.5,4.0
2026-08-21 18:55:00+08:00,TAIFEX:CCF1!,118.5,118.5,118.0,118.5,33.0
2026-08-21 19:10:00+08:00,TAIFEX:CCF1!,118.0,118.5,118.0,118.5,9.0
2026-08-21 19:25:00+08:00,TAIFEX:CCF1!,118.5,118.5,118.5,118.5,17.0
2026-08-21 19:40:00+08:00,TAIFEX:CCF1!,118.5,118.5,118.5,118.5,18.0
2026-08-21 19:55:00+08:00,TAIFEX:CCF1!,118.5,118.5,118.5,118.5,21.0
2026-08-21 20:10:00+08:00,TAIFEX:CCF1!,118.5,118.5,118.0,118.5,8.0
2026-08-21 20:25:00+08:00,TAIFEX:CCF1!,118.5,118.5,118.0,118.5,8.0
2026-08-21 20:40:00+08:00,TAIFEX:CCF1!,118.5,119.0,118.5,119.0,35.0
2026-08-21 20:55:00+08:00,TAIFEX:CCF1!,118.5,118.5,118.5,118.5,7.0
2026-08-21 21:10:00+08:00,TAIFEX:CCF1!,118.5,118.5,118.5,118.5,77.0
2026-08-21 21:25:00+08:00,TAIFEX:CCF1!,118.5,118.5,118.0,118.5,469.0
2026-08-21 21:40:00+08:00,TAIFEX:CCF1!,118.0,118.5,117.5,118.0,187.0
2026-08-21 21:55:00+08:00,TAIFEX:CCF1!,118.0,118.0,117.5,118.0,106.0
2026-08-21 22:10:00+08:00,TAIFEX:CCF1!,118.0,118.0,117.5,117.5,157.0
2026-08-21 22:25:00+08:00,TAIFEX:CCF1!,117.5,118.0,117.5,118.0,17.0
2026-08-21 22:40:00+08:00,TAIFEX:CCF1!,118.0,118.0,118.0,118.0,3.0
2026-08-21 22:55:00+08:00,TAIFEX:CCF1!,118.0,118.0,117.0,117.5,138.0
2026-08-21 23:10:00+08:00,TAIFEX:CCF1!,118.0,118.0,117.5,117.5,27.0
2026-08-21 23:25:00+08:00,TAIFEX:CCF1!,118.0,118.5,118.0,118.0,69.0
2026-08-21 23:40:00+08:00,TAIFEX:CCF1!,118.0,118.5,118.0,118.5,49.0
2026-08-21 23:55:00+08:00,TAIFEX:CCF1!,118.0,118.0,117.5,117.5,19.0
2026-08-22 00:10:00+08:00,TAIFEX:CCF1!,117.5,118.0,117.5,118.0,8.0
2026-08-22 00:25:00+08:00,TAIFEX:CCF1!,118.0,118.0,118.0,118.0,43.0
2026-08-22 01:25:00+08:00,TAIFEX:CCF1!,117.5,118.0,117.5,118.0,2.0
2026-08-22 01:40:00+08:00,TAIFEX:CCF1!,118.0,118.0,118.0,118.0,1.0
2026-08-22 01:55:00+08:00,TAIFEX:CCF1!,118.0,118.0,118.0,118.0,1.0
2026-08-22 02:10:00+08:00,TAIFEX:CCF1!,118.0,118.0,118.0,118.0,4.0
2026-08-22 02:25:00+08:00,TAIFEX:CCF1!,118.0,118.0,118.0,118.0,1.0
2026-08-22 02:40:00+08:00,TAIFEX:CCF1!,118.0,118.0,117.5,117.5,35.0
2026-08-22 02:55:00+08:00,TAIFEX:CCF1!,117.5,117.5,117.5,117.5,3.0
2026-08-22 03:25:00+08:00,TAIFEX:CCF1!,118.0,118.0,118.0,118.0,2.0
2026-08-22 03:40:00+08:00,TAIFEX:CCF1!,117.5,117.5,117.5,117.5,74.0
2026-08-22 03:55:00+08:00,TAIFEX:CCF1!,117.5,117.5,117.5,117.5,18.0
2026-08-22 04:10:00+08:00,TAIFEX:CCF1!,117.5,117.5,117.5,117.5,2.0
2026-08-22 04:25:00+08:00,TAIFEX:CCF1!,117.5,117.5,117.5,117.5,7.0
2026-08-22 04:40:00+08:00,TAIFEX:CCF1!,117.5,117.5,117.5,117.5,19.0
2026-08-22 04:55:00+08:00,TAIFEX:CCF1!,117.5,118.0,117.5,117.5,35.0
2026-08-24 08:45:00+08:00,TAIFEX:CCF1!,118.0,118.0,117.0,118.0,404.0
2026-08-24 09:00:00+08:00,TAIFEX:CCF1!,118.0,125.0,118.0,123.5,8533.0
2026-08-24 09:15:00+08:00,TAIFEX:CCF1!,123.0,127.5,123.0,126.5,7430.0
2026-08-24 09:30:00+08:00,TAIFEX:CCF1!,126.0,128.5,125.0,127.5,5639.0
2026-08-24 09:45:00+08:00,TAIFEX:CCF1!,127.0,127.5,124.0,124.0,3290.0
2026-08-24 10:00:00+08:00,TAIFEX:CCF1!,124.0,125.5,123.5,125.5,3129.0
2026-08-24 10:15:00+08:00,TAIFEX:CCF1!,125.5,126.0,125.0,125.5,942.0
2026-08-24 10:30:00+08:00,TAIFEX:CCF1!,126.0,126.0,125.5,126.0,215.0
2026-08-24 10:45:00+08:00,TAIFEX:CCF1!,126.0,126.0,124.5,125.5,1336.0
2026-08-24 11:00:00+08:00,TAIFEX:CCF1!,126.0,126.5,125.0,125.0,946.0
2026-08-24 11:15:00+08:00,TAIFEX:CCF1!,125.0,125.5,124.0,125.5,1778.0
2026-08-24 11:30:00+08:00,TAIFEX:CCF1!,125.0,126.0,124.5,125.5,894.0
2026-08-24 11:45:00+08:00,TAIFEX:CCF1!,125.5,125.5,124.5,124.5,1213.0
2026-08-24 12:00:00+08:00,TAIFEX:CCF1!,125.0,125.5,124.5,125.5,797.0
2026-08-24 12:15:00+08:00,TAIFEX:CCF1!,125.5,125.5,125.0,125.0,492.0
2026-08-24 12:30:00+08:00,TAIFEX:CCF1!,125.0,125.5,125.0,125.0,381.0
2026-08-24 12:45:00+08:00,TAIFEX:CCF1!,125.0,125.5,124.5,125.0,894.0
2026-08-24 13:00:00+08:00,TAIFEX:CCF1!,124.5,125.0,124.0,124.5,961.0
2026-08-24 13:15:00+08:00,TAIFEX:CCF1!,124.5,124.5,123.0,123.5,1180.0
2026-08-24 13:30:00+08:00,TAIFEX:CCF1!,123.5,124.0,123.0,124.0,555.0
2026-08-24 17:25:00+08:00,TAIFEX:CCF1!,124.0,125.0,123.5,124.5,278.0
2026-08-24 17:40:00+08:00,TAIFEX:CCF1!,124.5,124.5,124.5,124.5,95.0
2026-08-24 17:55:00+08:00,TAIFEX:CCF1!,124.5,124.5,124.5,124.5,12.0
2026-08-24 18:10:00+08:00,TAIFEX:CCF1!,124.5,124.5,124.0,124.0,43.0
2026-08-24 18:25:00+08:00,TAIFEX:CCF1!,124.5,124.5,124.5,124.5,39.0
2026-08-24 18:40:00+08:00,TAIFEX:CCF1!,124.5,124.5,124.0,124.0,6.0
2026-08-24 18:55:00+08:00,TAIFEX:CCF1!,124.0,124.0,124.0,124.0,39.0
2026-08-24 19:10:00+08:00,TAIFEX:CCF1!,124.0,124.5,124.0,124.5,15.0
2026-08-24 19:25:00+08:00,TAIFEX:CCF1!,124.5,125.0,124.5,125.0,207.0
2026-08-24 19:40:00+08:00,TAIFEX:CCF1!,125.0,125.0,125.0,125.0,157.0
2026-08-24 19:55:00+08:00,TAIFEX:CCF1!,125.0,125.0,124.5,124.5,140.0
2026-08-24 20:10:00+08:00,TAIFEX:CCF1!,124.5,124.5,124.0,124.5,10.0
2026-08-24 20:25:00+08:00,TAIFEX:CCF1!,124.5,124.5,124.0,124.0,13.0
2026-08-24 20:40:00+08:00,TAIFEX:CCF1!,124.5,124.5,124.5,124.5,12.0
2026-08-24 20:55:00+08:00,TAIFEX:CCF1!,124.5,124.5,124.0,124.0,65.0
2026-08-24 21:10:00+08:00,TAIFEX:CCF1!,124.5,124.5,124.0,124.5,10.0
2026-08-24 21:25:00+08:00,TAIFEX:CCF1!,124.5,124.5,123.0,123.0,503.0
2026-08-24 21:40:00+08:00,TAIFEX:CCF1!,123.0,123.0,121.0,121.5,926.0
2026-08-24 21:55:00+08:00,TAIFEX:CCF1!,121.5,122.0,121.0,121.5,307.0
2026-08-24 22:10:00+08:00,TAIFEX:CCF1!,121.5,122.0,121.0,121.5,299.0
2026-08-24 22:25:00+08:00,TAIFEX:CCF1!,121.0,122.0,121.0,121.5,563.0
2026-08-24 22:40:00+08:00,TAIFEX:CCF1!,121.5,121.5,121.0,121.5,33.0
2026-08-24 22:55:00+08:00,TAIFEX:CCF1!,121.5,121.5,120.5,120.5,184.0
2026-08-24 23:10:00+08:00,TAIFEX:CCF1!,120.5,121.0,120.5,121.0,366.0
2026-08-24 23:25:00+08:00,TAIFEX:CCF1!,121.0,122.0,121.0,121.5,218.0
2026-08-24 23:40:00+08:00,TAIFEX:CCF1!,121.5,122.0,121.5,121.5,425.0
2026-08-24 23:55:00+08:00,TAIFEX:CCF1!,121.5,122.0,121.5,122.0,65.0
2026-08-25 00:10:00+08:00,TAIFEX:CCF1!,122.0,122.0,122.0,122.0,78.0
2026-08-25 00:25:00+08:00,TAIFEX:CCF1!,122.0,122.0,122.0,122.0,60.0
2026-08-25 00:40:00+08:00,TAIFEX:CCF1!,121.5,122.0,121.5,122.0,2.0
2026-08-25 00:55:00+08:00,TAIFEX:CCF1!,121.5,122.0,121.5,122.0,30.0
2026-08-25 01:10:00+08:00,TAIFEX:CCF1!,122.5,122.5,121.5,122.0,67.0
2026-08-25 01:25:00+08:00,TAIFEX:CCF1!,122.0,122.0,121.5,121.5,53.0
2026-08-25 01:40:00+08:00,TAIFEX:CCF1!,122.0,122.0,122.0,122.0,1.0
2026-08-25 01:55:00+08:00,TAIFEX:CCF1!,121.5,122.5,121.5,122.0,34.0
2026-08-25 02:10:00+08:00,TAIFEX:CCF1!,122.5,122.5,122.0,122.5,14.0
2026-08-25 02:25:00+08:00,TAIFEX:CCF1!,122.5,122.5,122.5,122.5,5.0
2026-08-25 02:40:00+08:00,TAIFEX:CCF1!,122.5,122.5,122.0,122.5,6.0
2026-08-25 03:10:00+08:00,TAIFEX:CCF1!,122.0,122.0,122.0,122.0,5.0
2026-08-25 03:25:00+08:00,TAIFEX:CCF1!,122.0,122.5,122.0,122.5,57.0
2026-08-25 03:40:00+08:00,TAIFEX:CCF1!,122.0,122.0,122.0,122.0,9.0
2026-08-25 03:55:00+08:00,TAIFEX:CCF1!,122.0,122.0,122.0,122.0,11.0
2026-08-25 04:10:00+08:00,TAIFEX:CCF1!,122.0,122.0,122.0,122.0,5.0
2026-08-25 04:25:00+08:00,TAIFEX:CCF1!,122.5,122.5,122.5,122.5,2.0
2026-08-25 04:40:00+08:00,TAIFEX:CCF1!,122.0,122.5,122.0,122.0,7.0
2026-08-25 04:55:00+08:00,TAIFEX:CCF1!,122.0,122.5,121.5,122.0,31.0
2026-08-25 08:45:00+08:00,TAIFEX:CCF1!,122.0,123.0,121.0,123.0,749.0
2026-08-25 09:00:00+08:00,TAIFEX:CCF1!,123.0,123.5,120.5,122.0,3938.0
2026-08-25 09:15:00+08:00,TAIFEX:CCF1!,122.0,122.5,119.5,120.5,2144.0
2026-08-25 09:30:00+08:00,TAIFEX:CCF1!,120.0,121.0,119.5,120.5,2845.0
2026-08-25 09:45:00+08:00,TAIFEX:CCF1!,120.5,121.5,120.5,121.0,1055.0
2026-08-25 10:00:00+08:00,TAIFEX:CCF1!,121.0,121.5,120.0,120.5,1290.0
2026-08-25 10:15:00+08:00,TAIFEX:CCF1!,121.0,121.5,120.5,120.5,409.0
2026-08-25 10:30:00+08:00,TAIFEX:CCF1!,121.0,121.5,119.0,120.0,2362.0
2026-08-25 10:45:00+08:00,TAIFEX:CCF1!,120.0,120.0,119.5,119.5,970.0
2026-08-25 11:00:00+08:00,TAIFEX:CCF1!,119.5,121.5,119.5,121.0,1095.0
2026-08-25 11:15:00+08:00,TAIFEX:CCF1!,121.0,122.0,121.0,122.0,597.0
2026-08-25 11:30:00+08:00,TAIFEX:CCF1!,122.0,122.5,121.5,122.0,888.0
2026-08-25 11:45:00+08:00,TAIFEX:CCF1!,122.5,122.5,121.5,121.5,542.0
2026-08-25 12:00:00+08:00,TAIFEX:CCF1!,122.0,123.0,121.5,122.5,625.0
2026-08-25 12:15:00+08:00,TAIFEX:CCF1!,122.5,123.5,122.0,123.0,1952.0
2026-08-25 12:30:00+08:00,TAIFEX:CCF1!,122.5,123.5,122.5,123.0,807.0
2026-08-25 12:45:00+08:00,TAIFEX:CCF1!,123.0,123.5,122.5,123.5,1328.0
2026-08-25 13:00:00+08:00,TAIFEX:CCF1!,123.0,125.0,123.0,125.0,1391.0
2026-08-25 13:15:00+08:00,TAIFEX:CCF1!,124.5,126.0,124.5,125.5,889.0
2026-08-25 13:30:00+08:00,TAIFEX:CCF1!,125.5,126.5,125.5,126.0,801.0
2026-08-25 17:25:00+08:00,TAIFEX:CCF1!,126.5,126.5,125.5,126.0,293.0
2026-08-25 17:40:00+08:00,TAIFEX:CCF1!,126.0,126.0,125.5,126.0,40.0
2026-08-25 17:55:00+08:00,TAIFEX:CCF1!,126.0,126.5,125.5,126.0,178.0
2026-08-25 18:10:00+08:00,TAIFEX:CCF1!,126.0,126.0,125.5,126.0,40.0
2026-08-25 18:25:00+08:00,TAIFEX:CCF1!,126.0,126.0,125.5,126.0,24.0
2026-08-25 18:40:00+08:00,TAIFEX:CCF1!,126.0,126.0,126.0,126.0,76.0
2026-08-25 18:55:00+08:00,TAIFEX:CCF1!,126.0,126.0,126.0,126.0,7.0
2026-08-25 19:10:00+08:00,TAIFEX:CCF1!,126.0,126.0,125.5,126.0,7.0
2026-08-25 19:25:00+08:00,TAIFEX:CCF1!,126.0,126.0,126.0,126.0,3.0
2026-08-25 19:40:00+08:00,TAIFEX:CCF1!,126.0,126.0,126.0,126.0,110.0
2026-08-25 19:55:00+08:00,TAIFEX:CCF1!,126.0,126.5,126.0,126.5,15.0
2026-08-25 20:10:00+08:00,TAIFEX:CCF1!,126.5,126.5,126.0,126.5,121.0
2026-08-25 20:25:00+08:00,TAIFEX:CCF1!,126.5,126.5,126.0,126.0,9.0
2026-08-25 20:40:00+08:00,TAIFEX:CCF1!,126.0,126.0,126.0,126.0,74.0
2026-08-25 20:55:00+08:00,TAIFEX:CCF1!,126.5,126.5,126.0,126.0,128.0
2026-08-25 21:10:00+08:00,TAIFEX:CCF1!,126.0,126.5,126.0,126.5,12.0
2026-08-25 21:25:00+08:00,TAIFEX:CCF1!,126.5,127.0,126.0,126.5,272.0
2026-08-25 21:40:00+08:00,TAIFEX:CCF1!,126.5,128.5,126.5,128.0,845.0
2026-08-25 21:55:00+08:00,TAIFEX:CCF1!,127.5,128.0,126.5,127.5,417.0
2026-08-25 22:10:00+08:00,TAIFEX:CCF1!,127.5,127.5,126.0,126.5,138.0
2026-08-25 22:25:00+08:00,TAIFEX:CCF1!,126.5,127.0,126.5,127.0,115.0
2026-08-25 22:40:00+08:00,TAIFEX:CCF1!,126.5,127.0,126.5,127.0,39.0
2026-08-25 22:55:00+08:00,TAIFEX:CCF1!,126.5,126.5,126.0,126.5,57.0
2026-08-25 23:10:00+08:00,TAIFEX:CCF1!,126.0,126.0,125.5,126.0,313.0
2026-08-25 23:25:00+08:00,TAIFEX:CCF1!,126.0,126.5,126.0,126.5,215.0
2026-08-25 23:40:00+08:00,TAIFEX:CCF1!,126.5,126.5,126.5,126.5,19.0
2026-08-25 23:55:00+08:00,TAIFEX:CCF1!,126.0,126.0,126.0,126.0,5.0
