timestamp,qff_close,qff_close_filled,qff_was_filled,ccf_staleness_minutes,tsm_close,usdttwd_close,fx_close_staleness_minutes,tsm_twd_fair,spread,close_allowed,entry_allowed,friday_night_close_only,weekend_session_close_only,friday_session_end_force_close
2026-08-07 22:04:00+08:00,115.75,115.75,False,0.0,18.255000000000003,32.25292,0.0,117.75541092000003,1.717656916042167,True,True,False,False,False
2026-08-07 22:05:00+08:00,116.25,116.25,False,0.0,18.285,32.25292,0.0,117.94892844,1.4508421975425525,True,True,False,False,False
2026-08-07 22:06:00+08:00,116.75,116.75,False,0.0,18.335,32.25292,0.0,118.27145764000002,1.294739344464924,True,True,False,False,False
2026-08-07 22:07:00+08:00,116.75,116.75,False,0.0,18.335,32.25292,0.0,118.27145764000002,1.294739344464924,True,True,False,False,False
2026-08-07 22:08:00+08:00,116.75,116.75,False,0.0,18.315,32.25292,0.0,118.14244596,1.185603014442724,True,True,False,False,False
2026-08-07 22:09:00+08:00,116.25,116.25,False,0.0,18.305,32.25608,0.0,118.08950888,1.5699519801775876,True,True,False,False,False
2026-08-07 22:10:00+08:00,116.25,116.25,False,0.0,18.285,32.25608,0.0,117.96048455999998,1.4606387610814167,True,True,False,False,False
2026-08-07 22:11:00+08:00,116.25,116.25,False,0.0,18.265,32.25608,0.0,117.83146024,1.3512050363822512,True,True,False,False,False
2026-08-07 22:12:00+08:00,115.75,115.75,False,0.0,18.195,32.25608,0.0,117.37987512,1.3982550448852094,True,True,False,False,False
2026-08-07 22:13:00+08:00,116.25,116.25,False,0.0,18.285,32.25608,0.0,117.96048455999998,1.4606387610814167,True,True,False,False,False
2026-08-07 22:14:00+08:00,116.25,116.25,False,0.0,18.235,32.25751,0.0,117.64313897000002,1.1912610828475074,True,True,False,False,False
2026-08-07 22:15:00+08:00,116.25,116.25,False,0.0,18.305,32.25751,0.0,118.09474411000001,1.5743848807072847,True,True,False,False,False
2026-08-07 22:16:00+08:00,116.75,116.75,False,0.0,18.345,32.25751,0.0,118.35280419,1.3634921927215151,True,True,False,False,False
2026-08-07 22:17:00+08:00,116.25,116.25,False,0.0,18.325,32.25751,0.0,118.22377415000001,1.6835777537639054,True,True,False,False,False
2026-08-07 22:18:00+08:00,116.75,116.75,False,0.0,18.405,32.25751,0.0,118.73989431000003,1.69000399429499,True,True,False,False,False
2026-08-07 22:19:00+08:00,116.75,116.75,False,0.0,18.445,32.24943,0.0,118.96814726999999,1.882033518156957,True,True,False,False,False
2026-08-07 22:20:00+08:00,116.75,116.75,False,0.0,18.465,32.24943,0.0,119.09714498999999,1.99039508415462,True,True,False,False,False
2026-08-07 22:21:00+08:00,116.75,116.75,False,0.0,18.455,32.24943,0.0,119.03264612999996,1.9362291224277905,True,True,False,False,False
2026-08-07 22:22:00+08:00,116.75,116.75,False,0.0,18.405,32.24943,0.0,118.71015183,1.6649541884396744,True,True,False,False,False
2026-08-07 22:23:00+08:00,117.25,117.25,False,0.0,18.475,32.24943,0.0,119.16164384999999,1.617216325616265,True,True,False,False,False
2026-08-07 22:24:00+08:00,116.75,116.75,False,0.0,18.4,32.24214,0.0,118.6510752,1.6151797084060167,True,True,False,False,False
2026-08-07 22:25:00+08:00,117.25,117.25,False,0.0,18.505000000000003,32.24214,0.0,119.32816014000002,1.756848678483448,True,True,False,False,False
2026-08-07 22:26:00+08:00,117.25,117.25,False,0.0,18.515,32.24214,0.0,119.39264442000001,1.8108692330171778,True,True,False,False,False
2026-08-07 22:27:00+08:00,117.25,117.25,False,0.0,18.545,32.24214,0.0,119.58609726,1.9727543959951526,True,True,False,False,False
2026-08-07 22:28:00+08:00,117.25,117.25,False,0.0,18.545,32.24214,0.0,119.58609726,1.9727543959951526,True,True,False,False,False
2026-08-07 22:29:00+08:00,117.25,117.25,False,0.0,18.515,32.24325,0.0,119.39675475000001,1.8143115905121143,True,True,False,False,False
2026-08-07 22:30:00+08:00,117.25,117.25,False,0.0,18.495,32.24325,0.0,119.26778175000001,1.7062410572857587,True,True,False,False,False
2026-08-07 22:31:00+08:00,117.25,117.25,False,0.0,18.485,32.24325,0.0,119.20329525000002,1.6521615805225491,True,True,False,False,False
2026-08-07 22:32:00+08:00,117.25,117.25,False,0.0,18.475,32.24325,0.0,119.13880875000002,1.5980525981647378,True,True,False,False,False
2026-08-07 22:33:00+08:00,117.25,117.25,False,0.0,18.475,32.24325,0.0,119.13880875000002,1.5980525981647378,True,True,False,False,False
2026-08-07 22:34:00+08:00,117.25,117.25,False,0.0,18.475,32.24325,0.0,119.13880875000002,1.5980525981647378,True,True,False,False,False
2026-08-07 22:42:00+08:00,116.75,116.75,False,0.0,18.405,32.25065,0.0,118.71464265000002,1.6687368667238123,True,True,False,False,False
2026-08-07 22:43:00+08:00,116.75,116.75,False,0.0,18.385,32.25065,0.0,118.58564005000001,1.560018745660457,True,True,False,False,False
2026-08-07 22:44:00+08:00,116.75,116.75,False,0.0,18.375,32.25065,0.0,118.52113875,1.5056149763290978,True,True,False,False,False
2026-08-07 22:45:00+08:00,116.75,116.75,False,0.0,18.415,32.25065,0.0,118.77914395,1.7230512674310643,True,True,False,False,False
2026-08-07 22:46:00+08:00,116.75,116.75,False,0.0,18.435,32.25065,0.0,118.90814655,1.8315908714338462,True,True,False,False,False
2026-08-07 22:47:00+08:00,117.25,117.25,False,0.0,18.455,32.24795,0.0,119.02718345000001,1.5043208354276745,True,True,False,False,False
2026-08-07 22:48:00+08:00,117.25,117.25,False,0.0,18.455,32.24795,0.0,119.02718345000001,1.5043208354276745,True,True,False,False,False
2026-08-07 22:49:00+08:00,117.25,117.25,False,0.0,18.455,32.24795,0.0,119.02718345000001,1.5043208354276745,True,True,False,False,False
2026-08-07 22:50:00+08:00,117.25,117.25,False,0.0,18.475,32.24795,0.0,119.15617525000002,1.6126272911308124,True,True,False,False,False
2026-08-07 22:51:00+08:00,116.75,116.75,False,0.0,18.425,32.24795,0.0,118.83369575000002,1.768964310850462,True,True,False,False,False
2026-08-07 22:52:00+08:00,116.75,116.75,False,0.0,18.425,32.24697,0.0,118.83008445,1.7659255491450359,True,True,False,False,False
2026-08-07 22:53:00+08:00,116.75,116.75,False,0.0,18.415,32.24697,0.0,118.76559051,1.7116408350167491,True,True,False,False,False
2026-08-07 22:54:00+08:00,116.75,116.75,False,0.0,18.425,32.24697,0.0,118.83008445,1.7659255491450359,True,True,False,False,False
2026-08-07 22:55:00+08:00,117.0,117.0,False,0.0,18.455,32.24697,0.0,119.02356626999998,1.7147154430207274,True,True,False,False,False
2026-08-07 22:56:00+08:00,116.75,116.75,False,0.0,18.445,32.24697,0.0,118.95907233,1.8744058581735268,True,True,False,False,False
2026-08-07 22:57:00+08:00,117.25,117.25,False,0.0,18.475,32.24627,0.0,119.14996765000001,1.6074178595599378,True,True,False,False,False
2026-08-07 22:58:00+08:00,117.25,117.25,False,0.0,18.495,32.24627,0.0,119.27895273000001,1.7156062347395438,True,True,False,False,False
2026-08-07 22:59:00+08:00,117.25,117.25,False,0.0,18.475,32.24627,0.0,119.14996765000001,1.6074178595599378,True,True,False,False,False
2026-08-07 23:00:00+08:00,117.25,117.25,False,0.0,18.485,32.24627,0.0,119.21446019,1.6615268006207329,True,True,False,False,False
2026-08-07 23:01:00+08:00,117.25,117.25,False,0.0,18.485,32.24627,0.0,119.21446019,1.6615268006207329,True,True,False,False,False
2026-08-07 23:02:00+08:00,117.25,117.25,False,0.0,18.495,32.25447,0.0,119.30928452999999,1.7410304009765727,True,True,False,False,False
2026-08-07 23:03:00+08:00,117.25,117.25,False,0.0,18.525,32.25447,0.0,119.50281134999997,1.9030915300680957,True,True,False,False,False
2026-08-07 23:04:00+08:00,117.25,117.25,False,0.0,18.515,32.25447,0.0,119.43830241,1.8491006000029095,True,True,False,False,False
2026-08-07 23:05:00+08:00,117.25,117.25,False,0.0,18.535,32.25447,0.0,119.56732029,1.9570530459193363,True,True,False,False,False
2026-08-07 23:06:00+08:00,117.25,117.25,False,0.0,18.545,32.25447,0.0,119.63182923,2.010985171587274,True,True,False,False,False
2026-08-07 23:07:00+08:00,117.25,117.25,False,0.0,18.565,32.25973,0.0,119.78037749,2.1350659917898156,True,True,False,False,False
2026-08-07 23:08:00+08:00,117.25,117.25,False,0.0,18.555,32.25973,0.0,119.71585802999998,2.081192666740877,True,True,False,False,False
2026-08-07 23:09:00+08:00,117.25,117.25,False,0.0,18.525,32.25973,0.0,119.52229965,1.9193965285288335,True,True,False,False,False
2026-08-07 23:10:00+08:00,117.25,117.25,False,0.0,18.535,32.25973,0.0,119.58681911,1.9733579591057135,True,True,False,False,False
2026-08-07 23:11:00+08:00,117.25,117.25,False,0.0,18.525,32.25973,0.0,119.52229965,1.9193965285288335,True,True,False,False,False
2026-08-07 23:12:00+08:00,117.25,117.25,False,0.0,18.525,32.25972,0.0,119.5222626,1.919365532979457,True,True,False,False,False
2026-08-07 23:13:00+08:00,117.25,117.25,False,0.0,18.525,32.25972,0.0,119.5222626,1.919365532979457,True,True,False,False,False
2026-08-07 23:14:00+08:00,117.25,117.25,False,0.0,18.525,32.25972,0.0,119.5222626,1.919365532979457,True,True,False,False,False
2026-08-07 23:15:00+08:00,117.25,117.25,False,0.0,18.495,32.25972,0.0,119.32870428000001,1.7573046452564762,True,True,False,False,False
2026-08-07 23:16:00+08:00,117.25,117.25,False,0.0,18.505000000000003,32.25972,0.0,119.39322372000001,1.8113543978220181,True,True,False,False,False
2026-08-07 23:17:00+08:00,117.25,117.25,False,0.0,18.505000000000003,32.2615,0.0,119.39981150000001,1.816871508473619,True,True,False,False,False
2026-08-07 23:18:00+08:00,117.25,117.25,False,0.0,18.545,32.2615,0.0,119.6579035,2.032775998121146,True,True,False,False,False
2026-08-07 23:19:00+08:00,117.25,117.25,False,0.0,18.505000000000003,32.2615,0.0,119.39981150000001,1.816871508473619,True,True,False,False,False
2026-08-07 23:20:00+08:00,117.25,117.25,False,0.0,18.515,32.2615,0.0,119.46433449999999,1.8708917689139712,True,True,False,False,False
2026-08-07 23:21:00+08:00,117.25,117.25,False,0.0,18.525,32.2615,0.0,119.52885749999999,1.9248825879650058,True,True,False,False,False
2026-08-07 23:22:00+08:00,117.25,117.25,False,0.0,18.545,32.25663,0.0,119.63984067000001,2.0176810142982755,True,True,False,False,False
2026-08-07 23:23:00+08:00,117.25,117.25,False,0.0,18.535,32.25663,0.0,119.57532741,1.9637489245179545,True,True,False,False,False
2026-08-07 23:24:00+08:00,117.75,117.75,False,0.0,18.545,32.25663,0.0,119.63984067000001,1.5921832751276959,True,True,False,False,False
2026-08-07 23:25:00+08:00,117.75,117.75,False,0.0,18.595,32.25663,0.0,119.96240697,1.8614148064044596,True,True,False,False,False
2026-08-07 23:26:00+08:00,117.75,117.75,False,0.0,18.595,32.25663,0.0,119.96240697,1.8614148064044596,True,True,False,False,False
2026-08-07 23:27:00+08:00,117.75,117.75,False,0.0,18.625,32.25629,0.0,120.15468025,2.0215493427645574,True,True,False,False,False
2026-08-07 23:28:00+08:00,117.75,117.75,False,0.0,18.605,32.25629,0.0,120.02565509000001,1.914119499861044,True,True,False,False,False
2026-08-07 23:29:00+08:00,117.75,117.75,False,0.0,18.605,32.25629,0.0,120.02565509000001,1.914119499861044,True,True,False,False,False
2026-08-07 23:30:00+08:00,117.75,117.75,False,0.0,18.615,32.25629,0.0,120.09016766999999,1.9678489911316717,True,True,False,False,False
2026-08-07 23:31:00+08:00,117.75,117.75,False,0.0,18.635,32.25629,0.0,120.21919283000003,2.0752205784586266,True,True,False,False,False
2026-08-07 23:32:00+08:00,117.75,117.75,False,0.0,18.635,32.2745,0.0,120.28706150000002,2.131652511598511,True,True,False,False,False
2026-08-07 23:33:00+08:00,117.75,117.75,False,0.0,18.625,32.2745,0.0,120.22251250000002,2.077981590415844,True,True,False,False,False
2026-08-07 23:34:00+08:00,117.75,117.75,False,0.0,18.635,32.2745,0.0,120.28706150000002,2.131652511598511,True,True,False,False,False
2026-08-07 23:35:00+08:00,117.75,117.75,False,0.0,18.625,32.2745,0.0,120.22251250000002,2.077981590415844,True,True,False,False,False
2026-08-07 23:36:00+08:00,117.75,117.75,False,0.0,18.595,32.2745,0.0,120.02886550000001,1.916793988572554,True,True,False,False,False
2026-08-07 23:37:00+08:00,117.75,117.75,False,0.0,18.625,32.27915,0.0,120.23983375,2.092386645906468,True,True,False,False,False
2026-08-07 23:38:00+08:00,117.75,117.75,False,0.0,18.595,32.27915,0.0,120.04615885000001,1.931199276812887,True,True,False,False,False
2026-08-07 23:39:00+08:00,117.75,117.75,False,0.0,18.595,32.27915,0.0,120.04615885000001,1.931199276812887,True,True,False,False,False
2026-08-07 23:40:00+08:00,117.75,117.75,False,0.0,18.605,32.27915,0.0,120.11071715,1.9849575653228029,True,True,False,False,False
2026-08-07 23:41:00+08:00,117.25,117.25,False,0.0,18.555,32.27915,0.0,119.78792565,2.141366739554916,True,True,False,False,False
2026-08-07 23:42:00+08:00,117.25,117.25,False,0.0,18.555,32.2552,0.0,119.6990472,2.067150916148521,True,True,False,False,False
2026-08-07 23:43:00+08:00,117.25,117.25,False,0.0,18.545,32.2552,0.0,119.63453680000002,2.0132481690970554,True,True,False,False,False
2026-08-07 23:44:00+08:00,117.25,117.25,False,0.0,18.545,32.2552,0.0,119.63453680000002,2.0132481690970554,True,True,False,False,False
2026-08-07 23:45:00+08:00,117.25,117.25,False,0.0,18.555,32.2552,0.0,119.6990472,2.067150916148521,True,True,False,False,False
2026-08-07 23:46:00+08:00,117.75,117.75,False,0.0,18.575,32.2552,0.0,119.828068,1.7493769669008352,True,True,False,False,False
2026-08-07 23:47:00+08:00,117.75,117.75,False,0.0,18.575,32.26949,0.0,119.88115535,1.7936666148519826,True,True,False,False,False
2026-08-07 23:48:00+08:00,117.75,117.75,False,0.0,18.575,32.26949,0.0,119.88115535,1.7936666148519826,True,True,False,False,False
2026-08-07 23:49:00+08:00,117.75,117.75,False,0.0,18.605,32.26949,0.0,120.07477228999998,1.9550295518964624,True,True,False,False,False
2026-08-07 23:50:00+08:00,117.75,117.75,False,0.0,18.615,32.26949,0.0,120.13931126999998,2.0087588275777173,True,True,False,False,False
2026-08-07 23:51:00+08:00,117.75,117.75,False,0.0,18.605,32.26949,0.0,120.07477228999998,1.9550295518964624,True,True,False,False,False
2026-08-07 23:52:00+08:00,117.75,117.75,False,0.0,18.605,32.259,0.0,120.035739,1.922519836229545,True,True,False,False,False
2026-08-07 23:53:00+08:00,117.75,117.75,False,0.0,18.585,32.259,0.0,119.90670300000002,1.8149734240822328,True,True,False,False,False
2026-08-07 23:54:00+08:00,117.75,117.75,False,0.0,18.595,32.259,0.0,119.97122099999999,1.8687612243081873,True,True,False,False,False
2026-08-07 23:55:00+08:00,117.75,117.75,False,0.0,18.615,32.259,0.0,120.10025699999998,1.9762492835986172,True,True,False,False,False
2026-08-07 23:56:00+08:00,117.75,117.75,False,0.0,18.605,32.259,0.0,120.035739,1.922519836229545,True,True,False,False,False
2026-08-07 23:57:00+08:00,117.75,117.75,False,0.0,18.615,32.25433,0.0,120.08287059,1.9617730587136828,True,True,False,False,False
2026-08-07 23:58:00+08:00,117.75,117.75,False,0.0,18.615,32.25433,0.0,120.08287059,1.9617730587136828,True,True,False,False,False
2026-08-07 23:59:00+08:00,117.75,117.75,False,0.0,18.615,32.25433,0.0,120.08287059,1.9617730587136828,True,True,False,False,False
2026-08-08 00:00:00+08:00,117.75,117.75,False,0.0,18.605,32.25433,0.0,120.01836193000001,1.908043535807196,True,True,False,False,False
2026-08-08 00:01:00+08:00,117.75,117.75,False,0.0,18.625,32.25433,0.0,120.14737925000001,2.0154734428416483,True,True,False,False,False
2026-08-08 00:02:00+08:00,117.75,117.75,False,0.0,18.625,32.2653,0.0,120.18824250000003,2.049475085956415,True,True,False,False,False
2026-08-08 00:03:00+08:00,117.75,117.75,False,0.0,18.625,32.2653,0.0,120.18824250000003,2.049475085956415,True,True,False,False,False
2026-08-08 00:04:00+08:00,117.75,117.75,False,0.0,18.645,32.2653,0.0,120.3173037,2.1567881520052654,True,True,False,False,False
2026-08-08 00:05:00+08:00,117.75,117.75,False,0.0,18.655,32.2653,0.0,120.38183430000001,2.2104010643821828,True,True,False,False,False
2026-08-08 00:06:00+08:00,118.25,118.25,False,0.0,18.655,32.2653,0.0,120.38183430000001,1.7867140872076082,True,True,False,False,False
2026-08-08 00:07:00+08:00,118.25,118.25,False,0.0,18.665,32.26396,0.0,120.44136267999997,1.8361474461376344,True,True,False,False,False
2026-08-08 00:08:00+08:00,118.25,118.25,False,0.0,18.655,32.26396,0.0,120.37683476,1.7825612631865713,True,True,False,False,False
2026-08-08 00:09:00+08:00,118.25,118.25,False,0.0,18.665,32.26396,0.0,120.44136267999997,1.8361474461376344,True,True,False,False,False
2026-08-08 00:10:00+08:00,118.25,118.25,False,0.0,18.655,32.26396,0.0,120.37683476,1.7825612631865713,True,True,False,False,False
2026-08-08 00:11:00+08:00,118.25,118.25,False,0.0,18.655,32.26396,0.0,120.37683476,1.7825612631865713,True,True,False,False,False
2026-08-08 00:12:00+08:00,117.75,117.75,False,0.0,18.635,32.2633,0.0,120.2453191,2.0969480487568153,True,True,False,False,False
2026-08-08 00:13:00+08:00,118.25,118.25,False,0.0,18.635,32.2633,0.0,120.2453191,1.6732564039660458,True,True,False,False,False
2026-08-08 00:14:00+08:00,118.25,118.25,False,0.0,18.635,32.2633,0.0,120.2453191,1.6732564039660458,True,True,False,False,False
2026-08-08 00:15:00+08:00,117.75,117.75,False,0.0,18.625,32.2633,0.0,120.18079250000001,2.0432769331443383,True,True,False,False,False
2026-08-08 00:16:00+08:00,118.25,118.25,False,0.0,18.635,32.2633,0.0,120.2453191,1.6732564039660458,True,True,False,False,False
2026-08-08 00:17:00+08:00,118.25,118.25,False,0.0,18.635,32.26108,0.0,120.23704516000001,1.6663757636536671,True,True,False,False,False
2026-08-08 00:18:00+08:00,118.0,118.0,False,0.0,18.635,32.26108,0.0,120.23704516000001,1.8779994173430152,True,True,False,False,False
2026-08-08 00:19:00+08:00,117.75,117.75,False,0.0,18.615,32.26108,0.0,120.10800084,1.9826962571556799,True,True,False,False,False
2026-08-08 00:20:00+08:00,117.75,117.75,False,0.0,18.625,32.26108,0.0,120.172523,2.036396528965858,True,True,False,False,False
2026-08-08 00:21:00+08:00,117.75,117.75,False,0.0,18.595,32.26108,0.0,119.97895652,1.875208264595631,True,True,False,False,False
2026-08-08 00:22:00+08:00,117.75,117.75,False,0.0,18.595,32.26415,0.0,119.99037385,1.884723081501958,True,True,False,False,False
2026-08-08 00:23:00+08:00,117.75,117.75,False,0.0,18.565,32.26415,0.0,119.79678895000002,1.723272252213722,True,True,False,False,False
2026-08-08 00:24:00+08:00,117.25,117.25,False,0.0,18.555,32.26415,0.0,119.73226065000001,2.094891527485321,True,True,False,False,False
2026-08-08 00:25:00+08:00,117.25,117.25,False,0.0,18.525,32.26415,0.0,119.53867575,1.933095611731336,True,True,False,False,False
2026-08-08 00:26:00+08:00,117.25,117.25,False,0.0,18.495,32.26415,0.0,119.34509085000002,1.7710349293158374,True,True,False,False,False
2026-08-08 00:27:00+08:00,117.25,117.25,False,0.0,18.505000000000003,32.25899,0.0,119.39052199,1.809091673733251,True,True,False,False,False
2026-08-08 00:28:00+08:00,117.25,117.25,False,0.0,18.515,32.25899,0.0,119.45503996999999,1.8631119728413508,True,True,False,False,False
2026-08-08 00:29:00+08:00,117.25,117.25,False,0.0,18.505000000000003,32.25899,0.0,119.39052199,1.809091673733251,True,True,False,False,False
2026-08-08 00:30:00+08:00,117.25,117.25,False,0.0,18.455,32.25899,0.0,119.06793208999997,1.5385477301042263,True,True,False,False,False
2026-08-08 00:31:00+08:00,117.25,117.25,False,0.0,18.455,32.25899,0.0,119.06793208999997,1.5385477301042263,True,True,False,False,False
2026-08-08 00:32:00+08:00,117.25,117.25,False,0.0,18.475,32.26025,0.0,119.20162375,1.6507594399634535,True,True,False,False,False
2026-08-08 00:33:00+08:00,117.25,117.25,False,0.0,18.485,32.26025,0.0,119.26614425,1.7048681868151134,True,True,False,False,False
2026-08-08 00:34:00+08:00,117.25,117.25,False,0.0,18.515,32.26025,0.0,119.45970575000001,1.8670174448476426,True,True,False,False,False
2026-08-08 00:35:00+08:00,117.25,117.25,False,0.0,18.505000000000003,32.26025,0.0,119.39518525000001,1.8129971651303745,True,True,False,False,False
2026-08-08 00:36:00+08:00,117.25,117.25,False,0.0,18.515,32.26025,0.0,119.45970575000001,1.8670174448476426,True,True,False,False,False
2026-08-08 00:37:00+08:00,117.25,117.25,False,0.0,18.505000000000003,32.26144,0.0,119.39958944000003,1.8166855434541402,True,True,False,False,False
2026-08-08 00:38:00+08:00,117.25,117.25,False,0.0,18.505000000000003,32.26144,0.0,119.39958944000003,1.8166855434541402,True,True,False,False,False
2026-08-08 00:39:00+08:00,117.75,117.75,False,0.0,18.535,32.26144,0.0,119.59315808000001,1.5531588059334287,True,True,False,False,False
2026-08-08 00:40:00+08:00,117.75,117.75,False,0.0,18.545,32.26144,0.0,119.65768096000002,1.6070928727208622,True,True,False,False,False
2026-08-08 00:41:00+08:00,117.75,117.75,False,0.0,18.535,32.26144,0.0,119.59315808000001,1.5531588059334287,True,True,False,False,False
2026-08-08 00:42:00+08:00,117.75,117.75,False,0.0,18.525,32.26483,0.0,119.54119515,1.5097021605607543,True,True,False,False,False
2026-08-08 00:43:00+08:00,117.75,117.75,False,0.0,18.535,32.26483,0.0,119.60572481000001,1.5636655163767332,True,True,False,False,False
2026-08-08 00:44:00+08:00,117.75,117.75,False,0.0,18.535,32.26483,0.0,119.60572481000001,1.5636655163767332,True,True,False,False,False
2026-08-08 00:45:00+08:00,117.75,117.75,False,0.0,18.555,32.26483,0.0,119.73478413000001,1.6715042500689483,True,True,False,False,False
2026-08-08 00:46:00+08:00,117.75,117.75,False,0.0,18.545,32.26483,0.0,119.67025447000003,1.6175995382421524,True,True,False,False,False
2026-08-08 00:47:00+08:00,117.75,117.75,False,0.0,18.555,32.26154,0.0,119.72257493999999,1.6613075766735417,True,True,False,False,False
2026-08-08 00:48:00+08:00,117.75,117.75,False,0.0,18.555,32.26154,0.0,119.72257493999999,1.6613075766735417,True,True,False,False,False
2026-08-08 00:49:00+08:00,117.75,117.75,False,0.0,18.565,32.26154,0.0,119.78709801999999,1.7151830488629356,True,True,False,False,False
2026-08-08 00:50:00+08:00,117.75,117.75,False,0.0,18.585,32.26154,0.0,119.91614417999999,1.8228462345561742,True,True,False,False,False
2026-08-08 00:51:00+08:00,117.75,117.75,False,0.0,18.565,32.26154,0.0,119.78709801999999,1.7151830488629356,True,True,False,False,False
2026-08-08 00:52:00+08:00,117.75,117.75,False,0.0,18.565,32.25572,0.0,119.76548835999999,1.6971426780767536,True,True,False,False,False
2026-08-08 00:53:00+08:00,117.75,117.75,False,0.0,18.555,32.25572,0.0,119.70097691999999,1.6432671242765997,True,True,False,False,False
2026-08-08 00:54:00+08:00,117.75,117.75,False,0.0,18.555,32.25572,0.0,119.70097691999999,1.6432671242765997,True,True,False,False,False
2026-08-08 00:55:00+08:00,117.75,117.75,False,0.0,18.565,32.25572,0.0,119.76548835999999,1.6971426780767536,True,True,False,False,False
2026-08-08 00:56:00+08:00,117.75,117.75,False,0.0,18.575,32.25572,0.0,119.82999979999997,1.750988973609695,True,True,False,False,False
2026-08-08 00:57:00+08:00,117.75,117.75,False,0.0,18.555,32.26392,0.0,119.73140712,1.6686839984898605,True,True,False,False,False
2026-08-08 00:58:00+08:00,117.75,117.75,False,0.0,18.555,32.26392,0.0,119.73140712,1.6686839984898605,True,True,False,False,False
2026-08-08 00:59:00+08:00,117.75,117.75,False,0.0,18.555,32.26392,0.0,119.73140712,1.6686839984898605,True,True,False,False,False
2026-08-08 01:00:00+08:00,117.75,117.75,False,0.0,18.535,32.26392,0.0,119.60235144,1.5608452402193793,True,True,False,False,False
2026-08-08 01:01:00+08:00,117.75,117.75,False,0.0,18.535,32.26392,0.0,119.60235144,1.5608452402193793,True,True,False,False,False
2026-08-08 01:02:00+08:00,117.75,117.75,False,0.0,18.545,32.2579,0.0,119.64455110000002,1.5961201225734583,True,True,False,False,False
2026-08-08 01:03:00+08:00,117.75,117.75,False,0.0,18.555,32.2579,0.0,119.7090669,1.650024928991243,True,True,False,False,False
2026-08-08 01:04:00+08:00,117.75,117.75,False,0.0,18.555,32.2579,0.0,119.7090669,1.650024928991243,True,True,False,False,False
2026-08-08 01:05:00+08:00,117.75,117.75,False,0.0,18.575,32.2579,0.0,119.8380985,1.757746716424856,True,True,False,False,False
2026-08-08 01:06:00+08:00,117.75,117.75,False,0.0,18.595,32.2579,0.0,119.96713009999999,1.8653515622263452,True,True,False,False,False
2026-08-08 01:07:00+08:00,117.75,117.75,False,0.0,18.585,32.25609,0.0,119.89588653000001,1.8059530180246732,True,True,False,False,False
2026-08-08 01:08:00+08:00,117.75,117.75,False,0.0,18.585,32.25609,0.0,119.89588653000001,1.8059530180246732,True,True,False,False,False
2026-08-08 01:09:00+08:00,117.75,117.75,False,0.0,18.585,32.25609,0.0,119.89588653000001,1.8059530180246732,True,True,False,False,False
2026-08-08 01:10:00+08:00,117.75,117.75,False,0.0,18.575,32.25609,0.0,119.83137434999999,1.7521359624208188,True,True,False,False,False
2026-08-08 01:11:00+08:00,117.75,117.75,False,0.0,18.565,32.25609,0.0,119.76686217000001,1.6982896722140626,True,True,False,False,False
2026-08-08 01:12:00+08:00,117.75,117.75,False,0.0,18.555,32.25602,0.0,119.70209021999999,1.6441971247263998,True,True,False,False,False
2026-08-08 01:13:00+08:00,117.75,117.75,False,0.0,18.545,32.25602,0.0,119.63757818000002,1.5902922928585221,True,True,False,False,False
2026-08-08 01:14:00+08:00,117.75,117.75,False,0.0,18.525,32.25602,0.0,119.5085541,1.4823946868181626,True,True,False,False,False
2026-08-08 01:15:00+08:00,117.75,117.75,False,0.0,18.535,32.25602,0.0,119.57306614,1.5363581548576015,True,True,False,False,False
2026-08-08 01:16:00+08:00,117.75,117.75,False,0.0,18.555,32.25602,0.0,119.70209021999999,1.6441971247263998,True,True,False,False,False
2026-08-08 01:17:00+08:00,117.75,117.75,False,0.0,18.555,32.26079,0.0,119.71979169,1.658982960301256,True,True,False,False,False
2026-08-08 01:18:00+08:00,117.75,117.75,False,0.0,18.565,32.26079,0.0,119.78431327000001,1.712858443055891,True,True,False,False,False
2026-08-08 01:19:00+08:00,117.75,117.75,False,0.0,18.575,32.26079,0.0,119.84883485,1.7667046653027836,True,True,False,False,False
2026-08-08 01:20:00+08:00,117.75,117.75,False,0.0,18.605,32.26079,0.0,120.04239959000002,1.928068007179839,True,True,False,False,False
2026-08-08 01:21:00+08:00,117.75,117.75,False,0.0,18.595,32.26079,0.0,119.97787801,1.8743094235723439,True,True,False,False,False
2026-08-08 01:22:00+08:00,117.75,117.75,False,0.0,18.595,32.26169,0.0,119.98122511,1.8770989035770058,True,True,False,False,False
2026-08-08 01:23:00+08:00,117.75,117.75,False,0.0,18.595,32.26169,0.0,119.98122511,1.8770989035770058,True,True,False,False,False
2026-08-08 01:24:00+08:00,117.75,117.75,False,0.0,18.585,32.26169,0.0,119.91670173000003,1.8233111447488324,True,True,False,False,False
2026-08-08 01:25:00+08:00,117.75,117.75,False,0.0,18.585,32.26169,0.0,119.91670173000003,1.8233111447488324,True,True,False,False,False
2026-08-08 01:26:00+08:00,117.75,117.75,False,0.0,18.595,32.26169,0.0,119.98122511,1.8770989035770058,True,True,False,False,False
2026-08-08 01:27:00+08:00,117.75,117.75,False,0.0,18.595,32.25688,0.0,119.96333672,1.8621897707044235,True,True,False,False,False
2026-08-08 01:28:00+08:00,117.75,117.75,False,0.0,18.595,32.25688,0.0,119.96333672,1.8621897707044235,True,True,False,False,False
2026-08-08 01:29:00+08:00,117.75,117.75,False,0.0,18.605,32.25688,0.0,120.02785048000001,1.9159484160545113,True,True,False,False,False
2026-08-08 01:30:00+08:00,117.75,117.75,False,0.0,18.605,32.25688,0.0,120.02785048000001,1.9159484160545113,True,True,False,False,False
2026-08-08 01:31:00+08:00,117.75,117.75,False,0.0,18.605,32.25688,0.0,120.02785048000001,1.9159484160545113,True,True,False,False,False
2026-08-08 01:32:00+08:00,117.75,117.75,False,0.0,18.625,32.25713,0.0,120.15780924999999,2.0241531857155595,True,True,False,False,False
2026-08-08 01:33:00+08:00,117.75,117.75,False,0.0,18.605,32.25713,0.0,120.02878073,1.9167233703562225,True,True,False,False,False
2026-08-08 01:34:00+08:00,117.75,117.75,False,0.0,18.595,32.25713,0.0,119.96426646999998,1.8629647289422815,True,True,False,False,False
2026-08-08 01:35:00+08:00,117.75,117.75,False,0.0,18.595,32.25713,0.0,119.96426646999998,1.8629647289422815,True,True,False,False,False
2026-08-08 01:36:00+08:00,117.75,117.75,False,0.0,18.595,32.25713,0.0,119.96426646999998,1.8629647289422815,True,True,False,False,False
2026-08-08 01:37:00+08:00,117.75,117.75,False,0.0,18.585,32.25952,0.0,119.90863584000002,1.8165852314773738,True,True,False,False,False
2026-08-08 01:38:00+08:00,117.75,117.75,False,0.0,18.595,32.25952,0.0,119.97315488,1.8703730237151022,True,True,False,False,False
2026-08-08 01:39:00+08:00,117.75,117.75,False,0.0,18.615,32.25952,0.0,120.10219296,1.977861066343474,True,True,False,False,False
2026-08-08 01:40:00+08:00,117.75,117.75,False,0.0,18.595,32.25952,0.0,119.97315488,1.8703730237151022,True,True,False,False,False
2026-08-08 01:41:00+08:00,117.75,117.75,False,0.0,18.585,32.25952,0.0,119.90863584000002,1.8165852314773738,True,True,False,False,False
2026-08-08 01:42:00+08:00,117.75,117.75,False,0.0,18.575,32.25252,0.0,119.81811179999997,1.7410685165869713,True,True,False,False,False
2026-08-08 01:43:00+08:00,117.75,117.75,False,0.0,18.575,32.25252,0.0,119.81811179999997,1.7410685165869713,True,True,False,False,False
2026-08-08 01:44:00+08:00,117.75,117.75,False,0.0,18.575,32.25252,0.0,119.81811179999997,1.7410685165869713,True,True,False,False,False
2026-08-08 01:45:00+08:00,117.75,117.75,False,0.0,18.585,32.25252,0.0,119.88261684,1.7948856250115748,True,True,False,False,False
2026-08-08 01:46:00+08:00,117.75,117.75,False,0.0,18.585,32.25252,0.0,119.88261684,1.7948856250115748,True,True,False,False,False
2026-08-08 01:47:00+08:00,117.75,117.75,False,0.0,18.575,32.25807,0.0,119.83873004999998,1.7582736770051448,True,True,False,False,False
2026-08-08 01:48:00+08:00,117.75,117.75,False,0.0,18.585,32.25807,0.0,119.90324618999998,1.8120907031738922,True,True,False,False,False
2026-08-08 01:49:00+08:00,117.75,117.75,False,0.0,18.575,32.25807,0.0,119.83873004999998,1.7582736770051448,True,True,False,False,False
2026-08-08 01:50:00+08:00,117.75,117.75,False,0.0,18.585,32.25807,0.0,119.90324618999998,1.8120907031738922,True,True,False,False,False
2026-08-08 01:51:00+08:00,117.75,117.75,False,0.0,18.565,32.25807,0.0,119.77421391,1.7044274153598442,True,True,False,False,False
2026-08-08 01:52:00+08:00,117.75,117.75,False,0.0,18.565,32.25737,0.0,119.77161481,1.7022575495852426,True,True,False,False,False
2026-08-08 01:53:00+08:00,117.75,117.75,False,0.0,18.565,32.25737,0.0,119.77161481,1.7022575495852426,True,True,False,False,False
2026-08-08 01:54:00+08:00,117.75,117.75,False,0.0,18.565,32.25737,0.0,119.77161481,1.7022575495852426,True,True,False,False,False
2026-08-08 01:55:00+08:00,117.75,117.75,False,0.0,18.565,32.25737,0.0,119.77161481,1.7022575495852426,True,True,False,False,False
2026-08-08 01:56:00+08:00,117.75,117.75,False,0.0,18.565,32.25737,0.0,119.77161481,1.7022575495852426,True,True,False,False,False
2026-08-08 01:57:00+08:00,117.75,117.75,False,0.0,18.575,32.26582,0.0,119.86752129999999,1.7822939052769196,True,True,False,False,False
2026-08-08 01:58:00+08:00,117.75,117.75,False,0.0,18.585,32.26582,0.0,119.93205293999999,1.836110815275417,True,True,False,False,False
2026-08-08 01:59:00+08:00,117.75,117.75,False,0.0,18.585,32.26582,0.0,119.93205293999999,1.836110815275417,True,True,False,False,False
2026-08-08 02:00:00+08:00,117.75,117.75,False,0.0,18.575,32.26582,0.0,119.86752129999999,1.7822939052769196,True,True,False,False,False
2026-08-08 02:01:00+08:00,117.75,117.75,False,0.0,18.585,32.26582,0.0,119.93205293999999,1.836110815275417,True,True,False,False,False
2026-08-08 02:02:00+08:00,117.75,117.75,False,0.0,18.585,32.26042,0.0,119.91198114000001,1.8193748361682183,True,True,False,False,False
2026-08-08 02:03:00+08:00,117.75,117.75,False,0.0,18.575,32.26042,0.0,119.84746030000001,1.7655578450642289,True,True,False,False,False
2026-08-08 02:04:00+08:00,117.75,117.75,False,0.0,18.585,32.26042,0.0,119.91198114000001,1.8193748361682183,True,True,False,False,False
2026-08-08 02:05:00+08:00,117.75,117.75,False,0.0,18.585,32.26042,0.0,119.91198114000001,1.8193748361682183,True,True,False,False,False
2026-08-08 02:06:00+08:00,117.75,117.75,False,0.0,18.595,32.26042,0.0,119.97650198000001,1.8731626145639624,True,True,False,False,False
2026-08-08 02:07:00+08:00,117.75,117.75,False,0.0,18.605,32.27088,0.0,120.07994448,1.9593365209702835,True,True,False,False,False
2026-08-08 02:08:00+08:00,117.75,117.75,False,0.0,18.615,32.27088,0.0,120.14448623999999,2.013065773692891,True,True,False,False,False
2026-08-08 02:09:00+08:00,117.75,117.75,False,0.0,18.615,32.27088,0.0,120.14448623999999,2.013065773692891,True,True,False,False,False
2026-08-08 02:10:00+08:00,117.75,117.75,False,0.0,18.615,32.27088,0.0,120.14448623999999,2.013065773692891,True,True,False,False,False
2026-08-08 02:11:00+08:00,117.75,117.75,False,0.0,18.605,32.27088,0.0,120.07994448,1.9593365209702835,True,True,False,False,False
2026-08-08 02:12:00+08:00,117.75,117.75,False,0.0,18.595,32.27551,0.0,120.03262168999997,1.9199230572668609,True,True,False,False,False
2026-08-08 02:13:00+08:00,117.75,117.75,False,0.0,18.585,32.27551,0.0,119.96807067,1.8661355140132587,True,True,False,False,False
2026-08-08 02:14:00+08:00,117.75,117.75,False,0.0,18.575,32.27551,0.0,119.90351964999998,1.8123187514088046,True,True,False,False,False
2026-08-08 02:15:00+08:00,117.75,117.75,False,0.0,18.575,32.27551,0.0,119.90351964999998,1.8123187514088046,True,True,False,False,False
2026-08-08 02:16:00+08:00,117.5,117.5,False,0.0,18.575,32.27551,0.0,119.90351964999998,2.0248391039386844,True,True,False,False,False
2026-08-08 02:17:00+08:00,117.25,117.25,False,0.0,18.585,32.26848,0.0,119.94194015999999,2.26984117435366,True,True,False,False,False
2026-08-08 02:18:00+08:00,117.75,117.75,False,0.0,18.595,32.26848,0.0,120.00647711999997,1.8981414490433308,True,True,False,False,False
2026-08-08 02:19:00+08:00,117.5,117.5,False,0.0,18.585,32.26848,0.0,119.94194015999999,2.0568734894555596,True,True,False,False,False
2026-08-08 02:20:00+08:00,117.25,117.25,False,0.0,18.585,32.26848,0.0,119.94194015999999,2.26984117435366,True,True,False,False,False
2026-08-08 02:21:00+08:00,117.25,117.25,False,0.0,18.585,32.26848,0.0,119.94194015999999,2.26984117435366,True,True,False,False,False
2026-08-08 02:22:00+08:00,117.25,117.25,False,0.0,18.585,32.27282,0.0,119.95807194000001,2.283288184800892,True,True,False,False,False
2026-08-08 02:23:00+08:00,117.25,117.25,False,0.0,18.585,32.27282,0.0,119.95807194000001,2.283288184800892,True,True,False,False,False
2026-08-08 02:24:00+08:00,117.25,117.25,False,0.0,18.565,32.27282,0.0,119.82898066000003,2.1756299548955784,True,True,False,False,False
2026-08-08 02:25:00+08:00,117.25,117.25,False,0.0,18.565,32.27282,0.0,119.82898066000003,2.1756299548955784,True,True,False,False,False
2026-08-08 02:26:00+08:00,117.25,117.25,False,0.0,18.555,32.27282,0.0,119.76443502000002,2.121756862435696,True,True,False,False,False
2026-08-08 02:27:00+08:00,117.25,117.25,False,0.0,18.555,32.25985,0.0,119.71630335,2.0815646065569635,True,True,False,False,False
2026-08-08 02:28:00+08:00,117.25,117.25,False,0.0,18.555,32.25985,0.0,119.71630335,2.0815646065569635,True,True,False,False,False
2026-08-08 02:29:00+08:00,117.25,117.25,False,0.0,18.545,32.25985,0.0,119.65178365000001,2.0276619390493247,True,True,False,False,False
2026-08-08 02:30:00+08:00,117.25,117.25,False,0.0,18.555,32.25985,0.0,119.71630335,2.0815646065569635,True,True,False,False,False
2026-08-08 02:31:00+08:00,117.25,117.25,False,0.0,18.575,32.25985,0.0,119.84534274999999,2.189281931814737,True,True,False,False,False
2026-08-08 02:32:00+08:00,117.25,117.25,False,0.0,18.585,32.26236,0.0,119.91919212,2.2508759220712613,True,True,False,False,False
2026-08-08 02:33:00+08:00,117.25,117.25,False,0.0,18.585,32.26236,0.0,119.91919212,2.2508759220712613,True,True,False,False,False
2026-08-08 02:34:00+08:00,117.25,117.25,False,0.0,18.555,32.26236,0.0,119.72561796,2.0893440272980848,True,True,False,False,False
2026-08-08 02:35:00+08:00,117.25,117.25,False,0.0,18.555,32.26236,0.0,119.72561796,2.0893440272980848,True,True,False,False,False
2026-08-08 02:36:00+08:00,117.25,117.25,False,0.0,18.565,32.26236,0.0,119.79014268,2.1432173059642055,True,True,False,False,False
2026-08-08 02:37:00+08:00,117.25,117.25,False,0.0,18.575,32.26277,0.0,119.85619055,2.198331932164724,True,True,False,False,False
2026-08-08 02:38:00+08:00,117.25,117.25,False,0.0,18.575,32.26277,0.0,119.85619055,2.198331932164724,True,True,False,False,False
2026-08-08 02:39:00+08:00,117.25,117.25,False,0.0,18.585,32.26277,0.0,119.92071609000001,2.2521465837178205,True,True,False,False,False
2026-08-08 02:40:00+08:00,117.25,117.25,False,0.0,18.585,32.26277,0.0,119.92071609000001,2.2521465837178205,True,True,False,False,False
2026-08-08 02:41:00+08:00,117.25,117.25,False,0.0,18.585,32.26277,0.0,119.92071609000001,2.2521465837178205,True,True,False,False,False
2026-08-08 02:42:00+08:00,117.25,117.25,False,0.0,18.595,32.26507,0.0,119.99379532999998,2.3130597166374236,True,True,False,False,False
2026-08-08 02:43:00+08:00,117.25,117.25,False,0.0,18.585,32.26507,0.0,119.92926519,2.2592743829050024,True,True,False,False,False
2026-08-08 02:44:00+08:00,117.25,117.25,False,0.0,18.565,32.26507,0.0,119.80020491000002,2.1516158663252334,True,True,False,False,False
2026-08-08 02:45:00+08:00,117.25,117.25,False,0.0,18.565,32.26507,0.0,119.80020491000002,2.1516158663252334,True,True,False,False,False
2026-08-08 02:46:00+08:00,117.25,117.25,False,0.0,18.565,32.26507,0.0,119.80020491000002,2.1516158663252334,True,True,False,False,False
2026-08-08 02:47:00+08:00,117.25,117.25,False,0.0,18.565,32.26745,0.0,119.80904185,2.158991135735074,True,True,False,False,False
2026-08-08 02:48:00+08:00,117.25,117.25,False,0.0,18.575,32.26745,0.0,119.87357674999998,2.2128350001788544,True,True,False,False,False
2026-08-08 02:49:00+08:00,117.25,117.25,False,0.0,18.595,32.26745,0.0,120.00264654999998,2.320434852911006,True,True,False,False,False
2026-08-08 02:50:00+08:00,117.25,117.25,False,0.0,18.585,32.26745,0.0,119.93811165,2.266649564600972,True,True,False,False,False
2026-08-08 02:51:00+08:00,117.25,117.25,False,0.0,18.595,32.26745,0.0,120.00264654999998,2.320434852911006,True,True,False,False,False
2026-08-08 02:52:00+08:00,117.25,117.25,False,0.0,18.585,32.26704,0.0,119.93658768,2.2653790893308092,True,True,False,False,False
2026-08-08 02:53:00+08:00,117.25,117.25,False,0.0,18.585,32.26704,0.0,119.93658768,2.2653790893308092,True,True,False,False,False
2026-08-08 02:54:00+08:00,117.25,117.25,False,0.0,18.595,32.26704,0.0,120.00112176,2.31916438547591,True,True,False,False,False
2026-08-08 02:55:00+08:00,117.25,117.25,False,0.0,18.585,32.26704,0.0,119.93658768,2.2653790893308092,True,True,False,False,False
2026-08-08 02:56:00+08:00,117.25,117.25,False,0.0,18.565,32.26704,0.0,119.80751952,2.157720645334119,True,True,False,False,False
2026-08-08 02:57:00+08:00,117.25,117.25,False,0.0,18.585,32.2608,0.0,119.91339360000002,2.2460410601916942,True,True,False,False,False
2026-08-08 02:58:00+08:00,117.25,117.25,False,0.0,18.585,32.2608,0.0,119.91339360000002,2.2460410601916942,True,True,False,False,False
2026-08-08 02:59:00+08:00,117.5,117.5,False,0.0,18.605,32.2608,0.0,120.04243680000002,2.1406169223907012,True,True,False,False,False
2026-08-08 03:00:00+08:00,117.75,117.75,False,0.0,18.605,32.2608,0.0,120.04243680000002,1.9280990016752444,True,True,False,False,False
2026-08-08 03:01:00+08:00,117.75,117.75,False,0.0,18.625,32.2608,0.0,120.17148000000002,2.0355286962740955,True,True,False,False,False
2026-08-08 03:02:00+08:00,117.75,117.75,False,0.0,18.615,32.26762,0.0,120.13234926,2.0029642950903805,True,True,False,False,False
2026-08-08 03:03:00+08:00,117.75,117.75,False,0.0,18.595,32.26762,0.0,120.00327878,1.8954765137729406,True,True,False,False,False
2026-08-08 03:04:00+08:00,117.75,117.75,False,0.0,18.595,32.26762,0.0,120.00327878,1.8954765137729406,True,True,False,False,False
2026-08-08 03:05:00+08:00,117.75,117.75,False,0.0,18.625,32.26762,0.0,120.19688450000001,2.0566644569788517,True,True,False,False,False
2026-08-08 03:06:00+08:00,117.75,117.75,False,0.0,18.645,32.26762,0.0,120.32595498,2.1639774417508093,True,True,False,False,False
2026-08-08 03:07:00+08:00,117.75,117.75,False,0.0,18.655,32.26696,0.0,120.38802776,2.2155451481765476,True,True,False,False,False
2026-08-08 03:08:00+08:00,117.75,117.75,False,0.0,18.665,32.26696,0.0,120.45256167999999,2.2691289807626793,True,True,False,False,False
2026-08-08 03:09:00+08:00,117.75,117.75,False,0.0,18.665,32.26696,0.0,120.45256167999999,2.2691289807626793,True,True,False,False,False
2026-08-08 03:10:00+08:00,117.75,117.75,False,0.0,18.685,32.26696,0.0,120.58162951999998,2.3762095914024353,True,True,False,False,False
2026-08-08 03:11:00+08:00,117.75,117.75,False,0.0,18.675,32.26696,0.0,120.51709559999999,2.322683787311831,True,True,False,False,False
2026-08-08 03:12:00+08:00,117.75,117.75,False,0.0,18.685,32.26811,0.0,120.58592707,2.3797730412394573,True,True,False,False,False
2026-08-08 03:13:00+08:00,117.75,117.75,False,0.0,18.665,32.26811,0.0,120.45685463,2.272692474953734,True,True,False,False,False
2026-08-08 03:14:00+08:00,117.75,117.75,False,0.0,18.645,32.26811,0.0,120.32778219,2.1654958024959865,True,True,False,False,False
2026-08-08 03:15:00+08:00,117.75,117.75,False,0.0,18.665,32.26811,0.0,120.45685463,2.272692474953734,True,True,False,False,False
2026-08-08 03:16:00+08:00,117.75,117.75,False,0.0,18.655,32.26811,0.0,120.39231841,2.2191086637955952,True,True,False,False,False
2026-08-08 03:17:00+08:00,117.75,117.75,False,0.0,18.635,32.26831,0.0,120.26399137000001,2.1124736033621967,True,True,False,False,False
2026-08-08 03:18:00+08:00,117.75,117.75,False,0.0,18.645,32.26831,0.0,120.32852799,2.16611553487789,True,True,False,False,False
2026-08-08 03:19:00+08:00,117.75,117.75,False,0.0,18.645,32.26831,0.0,120.32852799,2.16611553487789,True,True,False,False,False
2026-08-08 03:20:00+08:00,117.75,117.75,False,0.0,18.665,32.26831,0.0,120.45760123,2.273312199962658,True,True,False,False,False
2026-08-08 03:21:00+08:00,117.75,117.75,False,0.0,18.635,32.26831,0.0,120.26399137000001,2.1124736033621967,True,True,False,False,False
2026-08-08 03:22:00+08:00,117.75,117.75,False,0.0,18.635,32.26465,0.0,120.25035055000004,2.1011318212111227,True,True,False,False,False
2026-08-08 03:23:00+08:00,117.75,117.75,False,0.0,18.635,32.26465,0.0,120.25035055000004,2.1011318212111227,True,True,False,False,False
2026-08-08 03:24:00+08:00,117.75,117.75,False,0.0,18.615,32.26465,0.0,120.12129195,1.993760516925632,True,True,False,False,False
2026-08-08 03:25:00+08:00,117.75,117.75,False,0.0,18.605,32.26465,0.0,120.05676265000002,1.9400311616832182,True,True,False,False,False
2026-08-08 03:26:00+08:00,117.75,117.75,False,0.0,18.635,32.26465,0.0,120.25035055000004,2.1011318212111227,True,True,False,False,False
2026-08-08 03:27:00+08:00,117.75,117.75,False,0.0,18.625,32.26742,0.0,120.1961395,2.056044704183991,True,True,False,False,False
2026-08-08 03:28:00+08:00,117.75,117.75,False,0.0,18.635,32.26742,0.0,120.26067434000001,2.1097157486420057,True,True,False,False,False
2026-08-08 03:29:00+08:00,117.75,117.75,False,0.0,18.635,32.26742,0.0,120.26067434000001,2.1097157486420057,True,True,False,False,False
2026-08-08 03:30:00+08:00,117.75,117.75,False,0.0,18.565,32.26742,0.0,119.80893046000001,1.7334060698229106,True,True,False,False,False
2026-08-08 03:31:00+08:00,117.75,117.75,False,0.0,18.585,32.26742,0.0,119.93800014000001,1.8410690810737314,True,True,False,False,False
2026-08-08 03:32:00+08:00,117.75,117.75,False,0.0,18.575,32.26709,0.0,119.87223935000002,1.786229568246862,True,True,False,False,False
2026-08-08 03:33:00+08:00,117.75,117.75,False,0.0,18.575,32.26709,0.0,119.87223935000002,1.786229568246862,True,True,False,False,False
2026-08-08 03:34:00+08:00,117.75,117.75,False,0.0,18.575,32.26709,0.0,119.87223935000002,1.786229568246862,True,True,False,False,False
2026-08-08 03:35:00+08:00,117.75,117.75,False,0.0,18.615,32.26709,0.0,120.13037607000001,2.0013219327512313,True,True,False,False,False
2026-08-08 03:36:00+08:00,117.75,117.75,False,0.0,18.605,32.26709,0.0,120.06584189000003,1.9475926175441294,True,True,False,False,False
2026-08-08 03:37:00+08:00,117.75,117.75,False,0.0,18.605,32.26842,0.0,120.07079082,1.9517139876610214,True,True,False,False,False
2026-08-08 03:38:00+08:00,117.75,117.75,False,0.0,18.615,32.26842,0.0,120.13532765999999,2.005443280982206,True,True,False,False,False
2026-08-08 03:39:00+08:00,117.75,117.75,False,0.0,18.615,32.26842,0.0,120.13532765999999,2.005443280982206,True,True,False,False,False
2026-08-08 03:40:00+08:00,117.75,117.75,False,0.0,18.585,32.26842,0.0,119.94171714,1.844167871200221,True,True,False,False,False
2026-08-08 03:41:00+08:00,117.75,117.75,False,0.0,18.585,32.26842,0.0,119.94171714,1.844167871200221,True,True,False,False,False
2026-08-08 03:42:00+08:00,117.75,117.75,False,0.0,18.585,32.25458,0.0,119.89027386000001,1.8012720026243514,True,True,False,False,False
2026-08-08 03:43:00+08:00,117.75,117.75,False,0.0,18.585,32.25458,0.0,119.89027386000001,1.8012720026243514,True,True,False,False,False
2026-08-08 03:44:00+08:00,117.75,117.75,False,0.0,18.585,32.25458,0.0,119.89027386000001,1.8012720026243514,True,True,False,False,False
2026-08-08 03:45:00+08:00,117.75,117.75,False,0.0,18.595,32.25458,0.0,119.95478302,1.8550598704734418,True,True,False,False,False
2026-08-08 03:46:00+08:00,117.75,117.75,False,0.0,18.585,32.25458,0.0,119.89027386000001,1.8012720026243514,True,True,False,False,False
2026-08-08 03:47:00+08:00,117.75,117.75,False,0.0,18.585,32.26703,0.0,119.93655051,1.8398605266544188,True,True,False,False,False
2026-08-08 03:48:00+08:00,117.75,117.75,False,0.0,18.555,32.26703,0.0,119.74294832999999,1.6783221093628082,True,True,False,False,False
2026-08-08 03:49:00+08:00,117.75,117.75,False,0.0,18.585,32.26703,0.0,119.93655051,1.8398605266544188,True,True,False,False,False
2026-08-08 03:50:00+08:00,117.75,117.75,False,0.0,18.655,32.26703,0.0,120.38828893,2.215762061493201,True,True,False,False,False
2026-08-08 03:51:00+08:00,117.75,117.75,False,0.0,18.655,32.26703,0.0,120.38828893,2.215762061493201,True,True,False,False,False
2026-08-08 03:52:00+08:00,117.75,117.75,False,0.0,18.655,32.26475,0.0,120.37978224999999,2.2086966402540273,True,True,False,False,False
2026-08-08 03:53:00+08:00,117.75,117.75,False,0.0,18.645,32.26475,0.0,120.31525274999998,2.1550837179030404,True,True,False,False,False
2026-08-08 03:54:00+08:00,117.75,117.75,False,0.0,18.635,32.26475,0.0,120.25072325000001,2.1014417232448532,True,True,False,False,False
2026-08-08 03:55:00+08:00,117.75,117.75,False,0.0,18.625,32.26475,0.0,120.18619375,2.047770632625749,True,True,False,False,False
2026-08-08 03:56:00+08:00,117.75,117.75,False,0.0,18.645,32.26475,0.0,120.31525274999998,2.1550837179030404,True,True,False,False,False
2026-08-08 03:57:00+08:00,117.75,117.75,False,0.0,18.685,32.26963,0.0,120.59160731,2.384482795153808,True,True,False,False,False
2026-08-08 03:58:00+08:00,118.25,118.25,False,0.0,18.715,32.26963,0.0,120.78522509,2.121214636081733,True,True,False,False,False
2026-08-08 03:59:00+08:00,118.25,118.25,False,0.0,18.715,32.26963,0.0,120.78522509,2.121214636081733,True,True,False,False,False
2026-08-10 21:30:00+08:00,122.25,122.25,False,0.0,19.31,32.24182,0.0,124.51790883999998,1.8380905772236766,True,True,False,False,False
2026-08-10 21:31:00+08:00,122.25,122.25,False,0.0,19.21,32.24182,0.0,123.87307243999999,1.318911245426339,True,True,False,False,False
2026-08-10 21:32:00+08:00,122.25,122.25,False,0.0,19.305,32.24182,0.0,124.48566701999998,1.8121960614788297,True,True,False,False,False
2026-08-10 21:33:00+08:00,122.25,122.25,False,0.0,19.16,32.24182,0.0,123.55065424,1.058300063538513,True,True,False,False,False
2026-08-10 21:34:00+08:00,121.75,121.75,False,0.0,19.09,32.24182,0.0,123.09926876,1.1021219437028806,True,True,False,False,False
2026-08-10 21:35:00+08:00,122.25,122.25,False,0.0,19.23,32.23559,0.0,123.97807914,1.4036410031184599,True,True,False,False,False
2026-08-10 21:36:00+08:00,122.25,122.25,False,0.0,19.16,32.23559,0.0,123.52678088,1.0389759971861539,True,True,False,False,False
2026-08-10 21:37:00+08:00,121.75,121.75,False,0.0,19.11,32.23559,0.0,123.20442498,1.1875065985182751,True,True,False,False,False
2026-08-10 21:38:00+08:00,121.75,121.75,False,0.0,19.12,32.23559,0.0,123.26889616000001,1.239819608858376,True,True,False,False,False
2026-08-10 21:39:00+08:00,121.75,121.75,False,0.0,19.115,32.23559,0.0,123.23666057,1.2136665453874496,True,True,False,False,False
2026-08-10 21:40:00+08:00,121.75,121.75,False,0.0,19.075,32.24118,0.0,123.0001017,1.021533140388478,True,True,False,False,False
2026-08-10 21:41:00+08:00,121.75,121.75,False,0.0,19.12,32.24118,0.0,123.29027232000001,1.2571585114699515,True,True,False,False,False
2026-08-10 21:42:00+08:00,121.75,121.75,False,0.0,19.145,32.24118,0.0,123.45147821999998,1.3878205240454398,True,True,False,False,False
2026-08-10 21:43:00+08:00,121.75,121.75,False,0.0,19.115,32.24118,0.0,123.25803113999999,1.2310054760109328,True,True,False,False,False
2026-08-10 21:44:00+08:00,121.75,121.75,False,0.0,19.115,32.24118,0.0,123.25803113999999,1.2310054760109328,True,True,False,False,False
2026-08-10 21:45:00+08:00,121.75,121.75,False,0.0,19.16,32.2569,0.0,123.60844080000001,1.5148782279024091,True,True,False,False,False
2026-08-10 21:46:00+08:00,121.75,121.75,False,0.0,19.195,32.2569,0.0,123.83423910000002,1.6973720362822902,True,True,False,False,False
2026-08-10 21:47:00+08:00,122.25,122.25,False,0.0,19.235,32.2569,0.0,124.0922943,1.495719040236288,True,True,False,False,False
2026-08-10 21:48:00+08:00,122.25,122.25,False,0.0,19.245,32.2569,0.0,124.1568081,1.5476910842708216,True,True,False,False,False
2026-08-10 21:49:00+08:00,122.25,122.25,False,0.0,19.235,32.2569,0.0,124.0922943,1.495719040236288,True,True,False,False,False
2026-08-10 21:50:00+08:00,122.25,122.25,False,0.0,19.24,32.24725,0.0,124.087418,1.4917896070502772,True,True,False,False,False
2026-08-10 21:51:00+08:00,122.25,122.25,False,0.0,19.245,32.24725,0.0,124.11966525,1.5177722858881848,True,True,False,False,False
2026-08-10 21:52:00+08:00,122.25,122.25,False,0.0,19.185,32.24725,0.0,123.73269825,1.2055305194620523,True,True,False,False,False
2026-08-10 21:53:00+08:00,121.75,121.75,False,0.0,19.165,32.24725,0.0,123.60370925,1.5110505202195097,True,True,False,False,False
2026-08-10 21:54:00+08:00,121.75,121.75,False,0.0,19.175,32.24725,0.0,123.66820375,1.5632122806619666,True,True,False,False,False
2026-08-10 21:55:00+08:00,121.75,121.75,False,0.0,19.175,32.25156,0.0,123.6847326,1.5765760448853468,True,True,False,False,False
2026-08-10 21:56:00+08:00,121.75,121.75,False,0.0,19.22,32.25156,0.0,123.97499664,1.8109648350181786,True,True,False,False,False
2026-08-10 21:57:00+08:00,121.75,121.75,False,0.0,19.225,32.25156,0.0,124.0072482,1.8369738565456533,True,True,False,False,False
2026-08-10 21:58:00+08:00,121.75,121.75,False,0.0,19.22,32.25156,0.0,123.97499664,1.8109648350181786,True,True,False,False,False
2026-08-10 21:59:00+08:00,121.75,121.75,False,0.0,19.225,32.25156,0.0,124.0072482,1.8369738565456533,True,True,False,False,False
2026-08-10 22:00:00+08:00,122.0,122.0,False,0.0,19.205,32.25797,0.0,123.90286276999998,1.5476540196116275,True,True,False,False,False
2026-08-10 22:01:00+08:00,122.25,122.25,False,0.0,19.245,32.25797,0.0,124.16092653000001,1.551007949939558,True,True,False,False,False
2026-08-10 22:02:00+08:00,122.25,122.25,False,0.0,19.185,32.25797,0.0,123.77383089,1.2387668987085412,True,True,False,False,False
2026-08-10 22:03:00+08:00,122.25,122.25,False,0.0,19.175,32.25797,0.0,123.70931494999999,1.1866311713355115,True,True,False,False,False
2026-08-10 22:04:00+08:00,122.25,122.25,False,0.0,19.215,32.25797,0.0,123.96737871,1.3950101483476276,True,True,False,False,False
2026-08-10 22:05:00+08:00,122.25,122.25,False,0.0,19.205,32.25152,0.0,123.87808831999999,1.3229601961424677,True,True,False,False,False
2026-08-10 22:06:00+08:00,122.25,122.25,False,0.0,19.215,32.25152,0.0,123.94259136000001,1.3750140494885839,True,True,False,False,False
2026-08-10 22:07:00+08:00,122.25,122.25,False,0.0,19.215,32.25152,0.0,123.94259136000001,1.3750140494885839,True,True,False,False,False
2026-08-10 22:08:00+08:00,122.25,122.25,False,0.0,19.205,32.25152,0.0,123.87808831999999,1.3229601961424677,True,True,False,False,False
2026-08-10 22:09:00+08:00,122.25,122.25,False,0.0,19.24,32.25152,0.0,124.10384895999998,1.5050294264336703,True,True,False,False,False
2026-08-10 22:10:00+08:00,122.25,122.25,False,0.0,19.245,32.25318,0.0,124.14248982000001,1.5361586884263814,True,True,False,False,False
2026-08-10 22:11:00+08:00,122.25,122.25,False,0.0,19.285,32.25318,0.0,124.40051525999999,1.7437752017124992,True,True,False,False,False
2026-08-10 22:12:00+08:00,122.75,122.75,False,0.0,19.245,32.25318,0.0,124.14248982000001,1.1280131048256838,True,True,False,False,False
2026-08-10 22:13:00+08:00,122.75,122.75,False,0.0,19.255000000000003,32.25318,0.0,124.20699618,1.1799594281897088,True,True,False,False,False
2026-08-10 22:14:00+08:00,122.75,122.75,False,0.0,19.235,32.25318,0.0,124.07798346,1.0760396300164294,True,True,False,False,False
2026-08-10 22:15:00+08:00,122.75,122.75,False,0.0,19.225,32.26979,0.0,124.07734255,1.075523105574186,True,True,False,False,False
2026-08-10 22:16:00+08:00,122.75,122.75,False,0.0,19.215,32.26979,0.0,124.01280297000001,1.0234954010905235,True,True,False,False,False
2026-08-10 22:17:00+08:00,122.75,122.75,False,0.0,19.195,32.26979,0.0,123.88372380999999,0.9193583038736282,True,True,False,False,False
2026-08-10 22:18:00+08:00,122.25,122.25,False,0.0,19.155,32.26979,0.0,123.62556549000001,1.1189119075404501,True,True,False,False,False
2026-08-10 22:19:00+08:00,122.25,122.25,False,0.0,19.165,32.26979,0.0,123.69010507,1.171102264586018,True,True,False,False,False
2026-08-10 22:20:00+08:00,122.25,122.25,False,0.0,19.205,32.25344,0.0,123.88546303999999,1.3289129650807028,True,True,False,False,False
2026-08-10 22:21:00+08:00,122.25,122.25,False,0.0,19.175,32.25344,0.0,123.69194239999999,1.172587632616817,True,True,False,False,False
2026-08-10 22:22:00+08:00,122.25,122.25,False,0.0,19.165,32.25344,0.0,123.62743551999999,1.1204245050684605,True,True,False,False,False
2026-08-10 22:23:00+08:00,122.25,122.25,False,0.0,19.145,32.25344,0.0,123.49842176,1.0160160956957998,True,True,False,False,False
2026-08-10 22:24:00+08:00,122.25,122.25,False,0.0,19.135,32.25344,0.0,123.43391488,0.9637707707305672,True,True,False,False,False
2026-08-10 22:25:00+08:00,122.25,122.25,False,0.0,19.165,32.25865,0.0,123.64740545,1.136576002046624,True,True,False,False,False
2026-08-10 22:26:00+08:00,122.25,122.25,False,0.0,19.155,32.25865,0.0,123.58288815,1.0843855433913407,True,True,False,False,False
2026-08-10 22:27:00+08:00,122.25,122.25,False,0.0,19.155,32.25865,0.0,123.58288815,1.0843855433913407,True,True,False,False,False
2026-08-10 22:28:00+08:00,122.25,122.25,False,0.0,19.165,32.25865,0.0,123.64740545,1.136576002046624,True,True,False,False,False
2026-08-10 22:29:00+08:00,122.25,122.25,False,0.0,19.155,32.25865,0.0,123.58288815,1.0843855433913407,True,True,False,False,False
2026-08-10 22:30:00+08:00,122.25,122.25,False,0.0,19.185,32.25776,0.0,123.77302511999999,1.2381159196437943,True,True,False,False,False
2026-08-10 22:31:00+08:00,122.25,122.25,False,0.0,19.205,32.25776,0.0,123.90205615999999,1.3423053910434473,True,True,False,False,False
2026-08-10 22:32:00+08:00,122.25,122.25,False,0.0,19.215,32.25776,0.0,123.96657167999999,1.3943591759785867,True,True,False,False,False
2026-08-10 22:33:00+08:00,122.25,122.25,False,0.0,19.185,32.25776,0.0,123.77302511999999,1.2381159196437943,True,True,False,False,False
2026-08-10 22:34:00+08:00,122.25,122.25,False,0.0,19.195,32.25776,0.0,123.83754064,1.2902243127557638,True,True,False,False,False
2026-08-10 22:35:00+08:00,122.25,122.25,False,0.0,19.225,32.26138,0.0,124.04500610000002,1.4576065738590085,True,True,False,False,False
2026-08-10 22:36:00+08:00,122.25,122.25,False,0.0,19.225,32.26138,0.0,124.04500610000002,1.4576065738590085,True,True,False,False,False
2026-08-10 22:37:00+08:00,122.25,122.25,False,0.0,19.225,32.26138,0.0,124.04500610000002,1.4576065738590085,True,True,False,False,False
2026-08-10 22:38:00+08:00,122.25,122.25,False,0.0,19.175,32.26138,0.0,123.72239230000002,1.1972012681847823,True,True,False,False,False
2026-08-10 22:39:00+08:00,122.25,122.25,False,0.0,19.165,32.26138,0.0,123.65786954000001,1.1450382150303648,True,True,False,False,False
2026-08-10 22:40:00+08:00,122.25,122.25,False,0.0,19.145,32.25773,0.0,123.51484817000001,1.0293157702724753,True,True,False,False,False
2026-08-10 22:41:00+08:00,122.25,122.25,False,0.0,19.165,32.25773,0.0,123.64387909,1.133724105015093,True,True,False,False,False
2026-08-10 22:42:00+08:00,122.25,122.25,False,0.0,19.165,32.25773,0.0,123.64387909,1.133724105015093,True,True,False,False,False
2026-08-10 22:43:00+08:00,122.25,122.25,False,0.0,19.145,32.25773,0.0,123.51484817000001,1.0293157702724753,True,True,False,False,False
2026-08-10 22:44:00+08:00,122.25,122.25,False,0.0,19.135,32.25773,0.0,123.45033271000003,0.9770704799303453,True,True,False,False,False
2026-08-10 22:45:00+08:00,122.25,122.25,False,0.0,19.175,32.26092,0.0,123.72062820000001,1.195775455599708,True,True,False,False,False
2026-08-10 22:46:00+08:00,122.25,122.25,False,0.0,19.165,32.26092,0.0,123.65610636,1.1436123980927038,True,True,False,False,False
2026-08-10 22:47:00+08:00,122.25,122.25,False,0.0,19.165,32.26092,0.0,123.65610636,1.1436123980927038,True,True,False,False,False
2026-08-10 22:48:00+08:00,122.25,122.25,False,0.0,19.175,32.26092,0.0,123.72062820000001,1.195775455599708,True,True,False,False,False
2026-08-10 22:49:00+08:00,122.25,122.25,False,0.0,19.175,32.26092,0.0,123.72062820000001,1.195775455599708,True,True,False,False,False
2026-08-10 22:50:00+08:00,122.25,122.25,False,0.0,19.175,32.26436,0.0,123.73382060000002,1.2064375586822766,True,True,False,False,False
2026-08-10 22:51:00+08:00,122.25,122.25,False,0.0,19.155,32.26436,0.0,123.60476316000002,1.1020841268943415,True,True,False,False,False
2026-08-10 22:52:00+08:00,122.25,122.25,False,0.0,19.135,32.26436,0.0,123.47570572000002,0.9976210803087011,True,True,False,False,False
2026-08-10 22:53:00+08:00,122.25,122.25,False,0.0,19.105,32.26436,0.0,123.28211956000003,0.8407206045788321,True,True,False,False,False
2026-08-10 22:54:00+08:00,121.75,121.75,False,0.0,19.075,32.26436,0.0,123.0885334,1.09340092951235,True,True,False,False,False
2026-08-10 22:55:00+08:00,121.75,121.75,False,0.0,19.065,32.2594,0.0,123.0050922,1.0255902655332023,True,True,False,False,False
2026-08-10 22:56:00+08:00,121.75,121.75,False,0.0,19.055,32.2594,0.0,122.94057339999999,0.9731256774274992,True,True,False,False,False
2026-08-10 22:57:00+08:00,121.75,121.75,False,0.0,19.075,32.2594,0.0,123.06961099999998,1.0780272010153473,True,True,False,False,False
2026-08-10 22:58:00+08:00,121.75,121.75,False,0.0,19.075,32.2594,0.0,123.06961099999998,1.0780272010153473,True,True,False,False,False
2026-08-10 22:59:00+08:00,121.75,121.75,False,0.0,19.045,32.2594,0.0,122.8760546,0.9206334148186055,True,True,False,False,False
2026-08-10 23:00:00+08:00,121.75,121.75,False,0.0,19.035,32.26502,0.0,122.83293114,0.8855328824071754,True,True,False,False,False
2026-08-10 23:01:00+08:00,121.75,121.75,False,0.0,19.055,32.26502,0.0,122.96199122,0.9905450190304749,True,True,False,False,False
2026-08-10 23:02:00+08:00,121.75,121.75,False,0.0,19.075,32.26502,0.0,123.0910513,1.0954464481177497,True,True,False,False,False
2026-08-10 23:03:00+08:00,121.75,121.75,False,0.0,19.075,32.26502,0.0,123.0910513,1.0954464481177497,True,True,False,False,False
2026-08-10 23:04:00+08:00,122.25,122.25,False,0.0,19.105,32.26502,0.0,123.28464142,0.8427661482032516,True,True,False,False,False
2026-08-10 23:05:00+08:00,122.25,122.25,False,0.0,19.105,32.28069,0.0,123.34451649,0.8913199737866051,True,True,False,False,False
2026-08-10 23:06:00+08:00,122.0,122.0,False,0.0,19.075,32.28069,0.0,123.15083235,0.9388769672680262,True,True,False,False,False
2026-08-10 23:07:00+08:00,122.25,122.25,False,0.0,19.105,32.28069,0.0,123.34451649,0.8913199737866051,True,True,False,False,False
2026-08-10 23:08:00+08:00,122.25,122.25,False,0.0,19.075,32.28069,0.0,123.15083235,0.7341722042044262,True,True,False,False,False
2026-08-10 23:09:00+08:00,121.75,121.75,False,0.0,19.055,32.28069,0.0,123.02170959,1.0390985070375593,True,True,False,False,False
2026-08-10 23:10:00+08:00,122.25,122.25,False,0.0,19.075,32.27474,0.0,123.12813309999999,0.7157386755747432,True,True,False,False,False
2026-08-10 23:11:00+08:00,121.75,121.75,False,0.0,19.065,32.27474,0.0,123.06358362,1.073129685515285,True,True,False,False,False
2026-08-10 23:12:00+08:00,121.75,121.75,False,0.0,19.035,32.27474,0.0,122.86993518000001,0.9156532391163664,True,True,False,False,False
2026-08-10 23:13:00+08:00,121.75,121.75,False,0.0,19.075,32.27474,0.0,123.12813309999999,1.1255664869326671,True,True,False,False,False
2026-08-10 23:14:00+08:00,121.75,121.75,False,0.0,19.075,32.27474,0.0,123.12813309999999,1.1255664869326671,True,True,False,False,False
2026-08-10 23:15:00+08:00,121.75,121.75,False,0.0,19.095,32.26384,0.0,123.21560496,1.1965801976479997,True,True,False,False,False
2026-08-10 23:16:00+08:00,121.75,121.75,False,0.0,19.075,32.26384,0.0,123.08654960000001,1.091789279160804,True,True,False,False,False
2026-08-10 23:17:00+08:00,121.75,121.75,False,0.0,19.085,32.26384,0.0,123.15107728000001,1.1441985438047966,True,True,False,False,False
2026-08-10 23:18:00+08:00,121.75,121.75,False,0.0,19.065,32.26384,0.0,123.02202192000001,1.0393523818794579,True,True,False,False,False
2026-08-10 23:19:00+08:00,122.0,122.0,False,0.0,19.085,32.26384,0.0,123.15107728000001,0.9390758488777134,True,True,False,False,False
2026-08-10 23:20:00+08:00,121.75,121.75,False,0.0,19.085,32.24938,0.0,123.09588346000001,1.0993719322382518,True,True,False,False,False
2026-08-10 23:21:00+08:00,121.75,121.75,False,0.0,19.055,32.24938,0.0,122.90238718,0.9420608507303468,True,True,False,False,False
2026-08-10 23:22:00+08:00,121.75,121.75,False,0.0,19.055,32.24938,0.0,122.90238718,0.9420608507303468,True,True,False,False,False
2026-08-10 23:23:00+08:00,121.75,121.75,False,0.0,19.075,32.24938,0.0,123.03138470000002,1.0469625388960535,True,True,False,False,False
2026-08-10 23:24:00+08:00,121.75,121.75,False,0.0,19.065,32.24938,0.0,122.96688594000003,0.994525519010064,True,True,False,False,False
2026-08-10 23:25:00+08:00,121.75,121.75,False,0.0,19.045,32.24315,0.0,122.81415835,0.8702488191070615,True,True,False,False,False
2026-08-10 23:26:00+08:00,121.75,121.75,False,0.0,19.045,32.24315,0.0,122.81415835,0.8702488191070615,True,True,False,False,False
2026-08-10 23:27:00+08:00,121.75,121.75,False,0.0,19.045,32.24315,0.0,122.81415835,0.8702488191070615,True,True,False,False,False
2026-08-10 23:28:00+08:00,121.75,121.75,False,0.0,19.045,32.24315,0.0,122.81415835,0.8702488191070615,True,True,False,False,False
2026-08-10 23:29:00+08:00,121.75,121.75,False,0.0,19.035,32.24315,0.0,122.74967205,0.8177287450885159,True,True,False,False,False
2026-08-10 23:30:00+08:00,121.75,121.75,False,0.0,19.035,32.25224,0.0,122.78427768000002,0.8459163188184871,True,True,False,False,False
2026-08-10 23:31:00+08:00,121.25,121.25,False,0.0,19.015,32.25224,0.0,122.65526872000001,1.152306981620179,True,True,False,False,False
2026-08-10 23:32:00+08:00,121.25,121.25,False,0.0,19.005000000000003,32.25224,0.0,122.59076424000003,1.0997047554201242,True,True,False,False,False
2026-08-10 23:33:00+08:00,121.25,121.25,False,0.0,19.025,32.25224,0.0,122.71977319999999,1.204881392249449,True,True,False,False,False
2026-08-10 23:34:00+08:00,121.25,121.25,False,0.0,19.005000000000003,32.25224,0.0,122.59076424000003,1.0997047554201242,True,True,False,False,False
2026-08-10 23:35:00+08:00,121.25,121.25,False,0.0,19.015,32.25092,0.0,122.65024876,1.1482142942608096,True,True,False,False,False
2026-08-10 23:36:00+08:00,121.25,121.25,False,0.0,19.015,32.25092,0.0,122.65024876,1.1482142942608096,True,True,False,False,False
2026-08-10 23:37:00+08:00,121.25,121.25,False,0.0,19.005000000000003,32.25092,0.0,122.58574692000002,1.0956120559618063,True,True,False,False,False
2026-08-10 23:38:00+08:00,121.25,121.25,False,0.0,19.005000000000003,32.25092,0.0,122.58574692000002,1.0956120559618063,True,True,False,False,False
2026-08-10 23:39:00+08:00,121.25,121.25,False,0.0,19.005000000000003,32.25092,0.0,122.58574692000002,1.0956120559618063,True,True,False,False,False
2026-08-10 23:40:00+08:00,121.25,121.25,False,0.0,19.035,32.25128,0.0,122.78062296,1.2544515450021143,True,True,False,False,False
2026-08-10 23:41:00+08:00,121.25,121.25,False,0.0,19.035,32.25128,0.0,122.78062296,1.2544515450021143,True,True,False,False,False
2026-08-10 23:42:00+08:00,121.25,121.25,False,0.0,19.035,32.25128,0.0,122.78062296,1.2544515450021143,True,True,False,False,False
2026-08-10 23:43:00+08:00,121.25,121.25,False,0.0,19.045,32.25128,0.0,122.84512552000001,1.3069704006598963,True,True,False,False,False
2026-08-10 23:44:00+08:00,121.25,121.25,False,0.0,19.055,32.25128,0.0,122.90962807999999,1.3594615072531202,True,True,False,False,False
2026-08-10 23:45:00+08:00,121.75,121.75,False,0.0,19.065,32.25152,0.0,122.97504576000001,1.0011609201629552,True,True,False,False,False
2026-08-10 23:46:00+08:00,121.75,121.75,False,0.0,19.045,32.25152,0.0,122.84603968000002,0.8962039462568114,True,True,False,False,False
2026-08-10 23:47:00+08:00,121.25,121.25,False,0.0,19.055,32.25152,0.0,122.91054272,1.3602056265940423,True,True,False,False,False
2026-08-10 23:48:00+08:00,121.25,121.25,False,0.0,19.035,32.25152,0.0,122.78153663999998,1.2551956694509832,True,True,False,False,False
2026-08-10 23:49:00+08:00,121.25,121.25,False,0.0,19.035,32.25152,0.0,122.78153663999998,1.2551956694509832,True,True,False,False,False
2026-08-10 23:50:00+08:00,121.25,121.25,False,0.0,19.045,32.25944,0.0,122.87620696000002,1.3322674204056038,True,True,False,False,False
2026-08-10 23:51:00+08:00,121.75,121.75,False,0.0,19.055,32.25944,0.0,122.94072583999998,0.9732496692813641,True,True,False,False,False
2026-08-10 23:52:00+08:00,121.75,121.75,False,0.0,19.055,32.25944,0.0,122.94072583999998,0.9732496692813641,True,True,False,False,False
2026-08-10 23:53:00+08:00,121.75,121.75,False,0.0,19.055,32.25944,0.0,122.94072583999998,0.9732496692813641,True,True,False,False,False
2026-08-10 23:54:00+08:00,121.75,121.75,False,0.0,19.075,32.25944,0.0,123.06976359999999,1.0781511922021867,True,True,False,False,False
2026-08-10 23:55:00+08:00,121.75,121.75,False,0.0,19.065,32.25472,0.0,122.98724736000001,1.0110821898556897,True,True,False,False,False
2026-08-10 23:56:00+08:00,121.75,121.75,False,0.0,19.065,32.25472,0.0,122.98724736000001,1.0110821898556897,True,True,False,False,False
2026-08-10 23:57:00+08:00,121.75,121.75,False,0.0,19.065,32.25472,0.0,122.98724736000001,1.0110821898556897,True,True,False,False,False
2026-08-10 23:58:00+08:00,121.75,121.75,False,0.0,19.065,32.25472,0.0,122.98724736000001,1.0110821898556897,True,True,False,False,False
2026-08-10 23:59:00+08:00,121.75,121.75,False,0.0,19.055,32.25472,0.0,122.92273791999999,0.9586175639914865,True,True,False,False,False
2026-08-11 00:00:00+08:00,121.75,121.75,False,0.0,19.075,32.262,0.0,123.07953,1.0860863066640738,True,True,False,False,False
2026-08-11 00:01:00+08:00,121.75,121.75,False,0.0,19.075,32.262,0.0,123.07953,1.0860863066640738,True,True,False,False,False
2026-08-11 00:02:00+08:00,121.75,121.75,False,0.0,19.075,32.262,0.0,123.07953,1.0860863066640738,True,True,False,False,False
2026-08-11 00:03:00+08:00,121.75,121.75,False,0.0,19.065,32.262,0.0,123.01500600000001,1.0336493934921511,True,True,False,False,False
2026-08-11 00:04:00+08:00,121.75,121.75,False,0.0,19.055,32.262,0.0,122.95048200000001,0.9811848265995716,True,True,False,False,False
2026-08-11 00:05:00+08:00,121.75,121.75,False,0.0,19.055,32.25211,0.0,122.91279121,0.9505255819647236,True,True,False,False,False
2026-08-11 00:06:00+08:00,121.75,121.75,False,0.0,19.025,32.25211,0.0,122.71927854999998,0.7929655257699326,True,True,False,False,False
2026-08-11 00:07:00+08:00,121.75,121.75,False,0.0,19.025,32.25211,0.0,122.71927854999998,0.7929655257699326,True,True,False,False,False
2026-08-11 00:08:00+08:00,121.75,121.75,False,0.0,19.025,32.25211,0.0,122.71927854999998,0.7929655257699326,True,True,False,False,False
2026-08-11 00:09:00+08:00,121.75,121.75,False,0.0,18.995,32.25211,0.0,122.52576589,0.6351558347784185,True,True,False,False,False
2026-08-11 00:10:00+08:00,121.75,121.75,False,0.0,18.995,32.25845,0.0,122.54985155000001,0.6548113270845037,True,True,False,False,False
2026-08-11 00:11:00+08:00,121.25,121.25,False,0.0,18.985,32.25845,0.0,122.48533465,1.013668905884261,True,True,False,False,False
2026-08-11 00:12:00+08:00,121.25,121.25,False,0.0,18.985,32.25845,0.0,122.48533465,1.013668905884261,True,True,False,False,False
2026-08-11 00:13:00+08:00,121.25,121.25,False,0.0,18.995,32.25845,0.0,122.54985155000001,1.0663267772609222,True,True,False,False,False
2026-08-11 00:14:00+08:00,121.25,121.25,False,0.0,18.995,32.25845,0.0,122.54985155000001,1.0663267772609222,True,True,False,False,False
2026-08-11 00:15:00+08:00,121.25,121.25,False,0.0,18.985,32.26155,0.0,122.49710535,1.0232780801308483,True,True,False,False,False
2026-08-11 00:16:00+08:00,121.25,121.25,False,0.0,19.015,32.26155,0.0,122.69067465,1.1811680459333398,True,True,False,False,False
2026-08-11 00:17:00+08:00,121.25,121.25,False,0.0,19.025,32.26155,0.0,122.75519774999998,1.2337423660475932,True,True,False,False,False
2026-08-11 00:18:00+08:00,121.25,121.25,False,0.0,19.025,32.26155,0.0,122.75519774999998,1.2337423660475932,True,True,False,False,False
2026-08-11 00:19:00+08:00,121.25,121.25,False,0.0,19.005000000000003,32.26155,0.0,122.62615155,1.128565906304177,True,True,False,False,False
2026-08-11 00:20:00+08:00,121.25,121.25,False,0.0,19.015,32.25809,0.0,122.67751627000003,1.170443000304999,True,True,False,False,False
2026-08-11 00:21:00+08:00,121.25,121.25,False,0.0,19.015,32.25809,0.0,122.67751627000003,1.170443000304999,True,True,False,False,False
2026-08-11 00:22:00+08:00,121.25,121.25,False,0.0,19.015,32.25809,0.0,122.67751627000003,1.170443000304999,True,True,False,False,False
2026-08-11 00:23:00+08:00,121.25,121.25,False,0.0,19.015,32.25809,0.0,122.67751627000003,1.170443000304999,True,True,False,False,False
2026-08-11 00:24:00+08:00,121.25,121.25,False,0.0,19.015,32.25809,0.0,122.67751627000003,1.170443000304999,True,True,False,False,False
2026-08-11 00:25:00+08:00,121.25,121.25,False,0.0,19.025,32.26079,0.0,122.75230594999998,1.231386682310966,True,True,False,False,False
2026-08-11 00:26:00+08:00,121.25,121.25,False,0.0,19.005000000000003,32.26079,0.0,122.62326279000001,1.1262102079493095,True,True,False,False,False
2026-08-11 00:27:00+08:00,121.25,121.25,False,0.0,18.985,32.26079,0.0,122.49421963,1.020922368447309,True,True,False,False,False
2026-08-11 00:28:00+08:00,121.25,121.25,False,0.0,18.965,32.26079,0.0,122.36517647000001,0.9155229868343914,True,True,False,False,False
2026-08-11 00:29:00+08:00,121.25,121.25,False,0.0,18.955,32.26079,0.0,122.30065488999999,0.8627814123304409,True,True,False,False,False
2026-08-11 00:30:00+08:00,121.25,121.25,False,0.0,18.965,32.25832,0.0,122.35580775999999,0.9078664997095883,True,True,False,False,False
2026-08-11 00:31:00+08:00,121.25,121.25,False,0.0,18.925,32.25832,0.0,122.0977412,0.6967323352331997,True,True,False,False,False
2026-08-11 00:32:00+08:00,121.25,121.25,False,0.0,18.955,32.25832,0.0,122.29129111999998,0.8551249073299096,True,True,False,False,False
2026-08-11 00:33:00+08:00,121.25,121.25,False,0.0,18.935,32.25832,0.0,122.16225783999998,0.7495578473288123,True,True,False,False,False
2026-08-11 00:34:00+08:00,121.25,121.25,False,0.0,18.925,32.25832,0.0,122.0977412,0.6967323352331997,True,True,False,False,False
2026-08-11 00:35:00+08:00,121.25,121.25,False,0.0,18.935,32.25374,0.0,122.14491338,0.7353591474632202,True,True,False,False,False
2026-08-11 00:36:00+08:00,121.25,121.25,False,0.0,18.935,32.25374,0.0,122.14491338,0.7353591474632202,True,True,False,False,False
2026-08-11 00:37:00+08:00,121.25,121.25,False,0.0,18.935,32.25374,0.0,122.14491338,0.7353591474632202,True,True,False,False,False
2026-08-11 00:38:00+08:00,121.25,121.25,False,0.0,18.935,32.25374,0.0,122.14491338,0.7353591474632202,True,True,False,False,False
2026-08-11 00:39:00+08:00,121.25,121.25,False,0.0,18.925,32.25374,0.0,122.0804059,0.6825336085135773,True,True,False,False,False
2026-08-11 00:40:00+08:00,121.25,121.25,False,0.0,18.935,32.26004,0.0,122.16877147999999,0.754889587531649,True,True,False,False,False
2026-08-11 00:41:00+08:00,121.25,121.25,False,0.0,18.915,32.26004,0.0,122.03973131999999,0.6492105652920059,True,True,False,False,False
2026-08-11 00:42:00+08:00,120.75,120.75,False,0.0,18.915,32.26004,0.0,122.03973131999999,1.0624265803895179,True,True,False,False,False
2026-08-11 00:43:00+08:00,120.75,120.75,False,0.0,18.905,32.26004,0.0,121.97521124,1.0095459254033057,True,True,False,False,False
2026-08-11 00:44:00+08:00,120.75,120.75,False,0.0,18.905,32.26004,0.0,121.97521124,1.0095459254033057,True,True,False,False,False
2026-08-11 00:45:00+08:00,120.75,120.75,False,0.0,18.905,32.25496,0.0,121.95600376,0.9937980448086149,True,True,False,False,False
2026-08-11 00:46:00+08:00,121.25,121.25,False,0.0,18.925,32.25496,0.0,122.0850236,0.6863159997655179,True,True,False,False,False
2026-08-11 00:47:00+08:00,121.0,121.0,False,0.0,18.925,32.25496,0.0,122.0850236,0.8927111871650487,True,True,False,False,False
2026-08-11 00:48:00+08:00,121.25,121.25,False,0.0,18.915,32.25496,0.0,122.02051367999998,0.6334624516093383,True,True,False,False,False
2026-08-11 00:49:00+08:00,121.25,121.25,False,0.0,18.915,32.25496,0.0,122.02051367999998,0.6334624516093383,True,True,False,False,False
2026-08-11 00:50:00+08:00,120.75,120.75,False,0.0,18.895,32.26079,0.0,121.91352540999999,0.9589619272481262,True,True,False,False,False
2026-08-11 00:51:00+08:00,120.75,120.75,False,0.0,18.895,32.26079,0.0,121.91352540999999,0.9589619272481262,True,True,False,False,False
2026-08-11 00:52:00+08:00,120.75,120.75,False,0.0,18.895,32.26079,0.0,121.91352540999999,0.9589619272481262,True,True,False,False,False
2026-08-11 00:53:00+08:00,120.75,120.75,False,0.0,18.885,32.26079,0.0,121.84900383000002,0.9060250146535113,True,True,False,False,False
2026-08-11 00:54:00+08:00,120.75,120.75,False,0.0,18.885,32.26079,0.0,121.84900383000002,0.9060250146535113,True,True,False,False,False
2026-08-11 00:55:00+08:00,120.75,120.75,False,0.0,18.885,32.26411,0.0,121.86154347000002,0.9163154020636799,True,True,False,False,False
2026-08-11 00:56:00+08:00,120.75,120.75,False,0.0,18.895,32.26411,0.0,121.92607169,0.9692522891192515,True,True,False,False,False
2026-08-11 00:57:00+08:00,120.75,120.75,False,0.0,18.895,32.26411,0.0,121.92607169,0.9692522891192515,True,True,False,False,False
2026-08-11 00:58:00+08:00,120.75,120.75,False,0.0,18.885,32.26411,0.0,121.86154347000002,0.9163154020636799,True,True,False,False,False
2026-08-11 00:59:00+08:00,120.75,120.75,False,0.0,18.895,32.26411,0.0,121.92607169,0.9692522891192515,True,True,False,False,False
2026-08-11 01:00:00+08:00,120.75,120.75,False,0.0,18.885,32.26006,0.0,121.84624662000002,0.9037622265584057,True,True,False,False,False
2026-08-11 01:01:00+08:00,120.75,120.75,False,0.0,18.875,32.26006,0.0,121.78172650000002,0.8507971430286412,True,True,False,False,False
2026-08-11 01:02:00+08:00,120.75,120.75,False,0.0,18.875,32.26006,0.0,121.78172650000002,0.8507971430286412,True,True,False,False,False
2026-08-11 01:03:00+08:00,120.75,120.75,False,0.0,18.865,32.26006,0.0,121.71720638,0.7978038716577334,True,True,False,False,False
2026-08-11 01:04:00+08:00,120.75,120.75,False,0.0,18.875,32.26006,0.0,121.78172650000002,0.8507971430286412,True,True,False,False,False
2026-08-11 01:05:00+08:00,120.75,120.75,False,0.0,18.865,32.26166,0.0,121.72324317999998,0.8027633624527355,True,True,False,False,False
2026-08-11 01:06:00+08:00,120.75,120.75,False,0.0,18.875,32.26166,0.0,121.7877665,0.8557566229587619,True,True,False,False,False
2026-08-11 01:07:00+08:00,120.75,120.75,False,0.0,18.875,32.26166,0.0,121.7877665,0.8557566229587619,True,True,False,False,False
2026-08-11 01:08:00+08:00,120.75,120.75,False,0.0,18.885,32.26166,0.0,121.85228982000001,0.9087216949335964,True,True,False,False,False
2026-08-11 01:09:00+08:00,120.75,120.75,False,0.0,18.885,32.26166,0.0,121.85228982000001,0.9087216949335964,True,True,False,False,False
2026-08-11 01:10:00+08:00,121.25,121.25,False,0.0,18.905,32.26484,0.0,121.99336004000001,0.6112068505202128,True,True,False,False,False
2026-08-11 01:11:00+08:00,120.75,120.75,False,0.0,18.895,32.26484,0.0,121.92883036,0.971514786231069,True,True,False,False,False
2026-08-11 01:12:00+08:00,121.25,121.25,False,0.0,18.895,32.26484,0.0,121.92883036,0.5582972489793386,True,True,False,False,False
2026-08-11 01:13:00+08:00,121.25,121.25,False,0.0,18.895,32.26484,0.0,121.92883036,0.5582972489793386,True,True,False,False,False
2026-08-11 01:14:00+08:00,121.25,121.25,False,0.0,18.905,32.26484,0.0,121.99336004000001,0.6112068505202128,True,True,False,False,False
2026-08-11 01:15:00+08:00,121.25,121.25,False,0.0,18.905,32.2616,0.0,121.98110960000001,0.6011645477441924,True,True,False,False,False
2026-08-11 01:16:00+08:00,121.25,121.25,False,0.0,18.905,32.2616,0.0,121.98110960000001,0.6011645477441924,True,True,False,False,False
2026-08-11 01:17:00+08:00,121.25,121.25,False,0.0,18.905,32.2616,0.0,121.98110960000001,0.6011645477441924,True,True,False,False,False
2026-08-11 01:18:00+08:00,121.25,121.25,False,0.0,18.895,32.2616,0.0,121.9165864,0.5482549308016276,True,True,False,False,False
2026-08-11 01:19:00+08:00,121.25,121.25,False,0.0,18.885,32.2616,0.0,121.85206320000002,0.4953172277313832,True,True,False,False,False
2026-08-11 01:20:00+08:00,121.25,121.25,False,0.0,18.895,32.26393,0.0,121.92539147,0.5554768234706968,True,True,False,False,False
2026-08-11 01:21:00+08:00,121.25,121.25,False,0.0,18.885,32.26393,0.0,121.86086361000002,0.5025391304437758,True,True,False,False,False
2026-08-11 01:22:00+08:00,121.25,121.25,False,0.0,18.905,32.26393,0.0,121.98991933000002,0.6083864293641563,True,True,False,False,False
2026-08-11 01:23:00+08:00,121.25,121.25,False,0.0,18.905,32.26393,0.0,121.98991933000002,0.6083864293641563,True,True,False,False,False
2026-08-11 01:24:00+08:00,121.25,121.25,False,0.0,18.895,32.26393,0.0,121.92539147,0.5554768234706968,True,True,False,False,False
2026-08-11 01:25:00+08:00,121.25,121.25,False,0.0,18.895,32.26722,0.0,121.93782438000001,0.5656733693420686,True,True,False,False,False
2026-08-11 01:26:00+08:00,121.25,121.25,False,0.0,18.895,32.26722,0.0,121.93782438000001,0.5656733693420686,True,True,False,False,False
2026-08-11 01:27:00+08:00,121.25,121.25,False,0.0,18.895,32.26722,0.0,121.93782438000001,0.5656733693420686,True,True,False,False,False
2026-08-11 01:28:00+08:00,120.75,120.75,False,0.0,18.885,32.26722,0.0,121.87328994000002,0.9259539265812501,True,True,False,False,False
2026-08-11 01:29:00+08:00,120.75,120.75,False,0.0,18.895,32.26722,0.0,121.93782438000001,0.9788907894613754,True,True,False,False,False
2026-08-11 01:30:00+08:00,121.0,121.0,False,0.0,18.895,32.2638,0.0,121.9249002,0.7614700668713056,True,True,False,False,False
2026-08-11 01:31:00+08:00,121.25,121.25,False,0.0,18.905,32.2638,0.0,121.98942780000002,0.6079835055425299,True,True,False,False,False
2026-08-11 01:32:00+08:00,121.25,121.25,False,0.0,18.905,32.2638,0.0,121.98942780000002,0.6079835055425299,True,True,False,False,False
2026-08-11 01:33:00+08:00,121.25,121.25,False,0.0,18.905,32.2638,0.0,121.98942780000002,0.6079835055425299,True,True,False,False,False
2026-08-11 01:34:00+08:00,121.25,121.25,False,0.0,18.905,32.2638,0.0,121.98942780000002,0.6079835055425299,True,True,False,False,False
2026-08-11 01:35:00+08:00,121.25,121.25,False,0.0,18.905,32.26542,0.0,121.99555302000002,0.6130044399526732,True,True,False,False,False
2026-08-11 01:36:00+08:00,121.25,121.25,False,0.0,18.905,32.26542,0.0,121.99555302000002,0.6130044399526732,True,True,False,False,False
2026-08-11 01:37:00+08:00,120.75,120.75,False,0.0,18.885,32.26542,0.0,121.86649134000001,0.9203754731044823,True,True,False,False,False
2026-08-11 01:38:00+08:00,120.75,120.75,False,0.0,18.895,32.26542,0.0,121.93102217999999,0.9733123500065071,True,True,False,False,False
2026-08-11 01:39:00+08:00,120.75,120.75,False,0.0,18.895,32.26542,0.0,121.93102217999999,0.9733123500065071,True,True,False,False,False
2026-08-11 01:40:00+08:00,120.75,120.75,False,0.0,18.895,32.25991,0.0,121.91019988999999,0.9562341830476656,True,True,False,False,False
2026-08-11 01:41:00+08:00,120.75,120.75,False,0.0,18.895,32.25991,0.0,121.91019988999999,0.9562341830476656,True,True,False,False,False
2026-08-11 01:42:00+08:00,121.75,121.75,False,0.0,18.915,32.25991,0.0,122.03923952999999,0.2372865435386832,True,True,False,False,False
2026-08-11 01:43:00+08:00,121.25,121.25,False,0.0,18.915,32.25991,0.0,122.03923952999999,0.6488075934017361,True,True,False,False,False
2026-08-11 01:44:00+08:00,121.25,121.25,False,0.0,18.895,32.25991,0.0,121.91019988999999,0.5430164067134721,True,True,False,False,False
2026-08-11 01:45:00+08:00,121.25,121.25,False,0.0,18.895,32.26371,0.0,121.92456009,0.5547949503848941,True,True,False,False,False
2026-08-11 01:46:00+08:00,121.5,121.5,False,0.0,18.905,32.26371,0.0,121.98908751000002,0.40173259097694225,True,True,False,False,False
2026-08-11 01:47:00+08:00,121.5,121.5,False,0.0,18.895,32.26371,0.0,121.92456009,0.3488227234285889,True,True,False,False,False
2026-08-11 01:48:00+08:00,121.5,121.5,False,0.0,18.895,32.26371,0.0,121.92456009,0.3488227234285889,True,True,False,False,False
2026-08-11 01:49:00+08:00,121.5,121.5,False,0.0,18.895,32.26371,0.0,121.92456009,0.3488227234285889,True,True,False,False,False
2026-08-11 01:50:00+08:00,121.25,121.25,False,0.0,18.895,32.26467,0.0,121.92818793,0.5577703623609751,True,True,False,False,False
2026-08-11 01:51:00+08:00,121.25,121.25,False,0.0,18.905,32.26467,0.0,121.99271727000003,0.6106799647165678,True,True,False,False,False
2026-08-11 01:52:00+08:00,121.25,121.25,False,0.0,18.895,32.26467,0.0,121.92818793,0.5577703623609751,True,True,False,False,False
2026-08-11 01:53:00+08:00,121.25,121.25,False,0.0,18.905,32.26467,0.0,121.99271727000003,0.6106799647165678,True,True,False,False,False
2026-08-11 01:54:00+08:00,121.25,121.25,False,0.0,18.905,32.26467,0.0,121.99271727000003,0.6106799647165678,True,True,False,False,False
2026-08-11 01:55:00+08:00,121.25,121.25,False,0.0,18.905,32.27114,0.0,122.01718034000002,0.6307306550170739,True,True,False,False,False
2026-08-11 01:56:00+08:00,121.25,121.25,False,0.0,18.905,32.27114,0.0,122.01718034000002,0.6307306550170739,True,True,False,False,False
2026-08-11 01:57:00+08:00,121.25,121.25,False,0.0,18.905,32.27114,0.0,122.01718034000002,0.6307306550170739,True,True,False,False,False
2026-08-11 01:58:00+08:00,121.25,121.25,False,0.0,18.905,32.27114,0.0,122.01718034000002,0.6307306550170739,True,True,False,False,False
2026-08-11 01:59:00+08:00,121.25,121.25,False,0.0,18.905,32.27114,0.0,122.01718034000002,0.6307306550170739,True,True,False,False,False
2026-08-11 02:00:00+08:00,121.75,121.75,False,0.0,18.915,32.26436,0.0,122.05607388000001,0.25107978249193386,True,True,False,False,False
2026-08-11 02:01:00+08:00,121.75,121.75,False,0.0,18.905,32.26436,0.0,121.99154516000002,0.19819777530454002,True,True,False,False,False
2026-08-11 02:02:00+08:00,121.75,121.75,False,0.0,18.915,32.26436,0.0,122.05607388000001,0.25107978249193386,True,True,False,False,False
2026-08-11 02:03:00+08:00,121.75,121.75,False,0.0,18.915,32.26436,0.0,122.05607388000001,0.25107978249193386,True,True,False,False,False
2026-08-11 02:04:00+08:00,121.75,121.75,False,0.0,18.925,32.26436,0.0,122.12060260000001,0.3039338042788862,True,True,False,False,False
2026-08-11 02:05:00+08:00,121.75,121.75,False,0.0,18.935,32.26457,0.0,122.18592658999998,0.3574107316571469,True,True,False,False,False
2026-08-11 02:06:00+08:00,121.75,121.75,False,0.0,18.925,32.26457,0.0,122.12139744999999,0.30458467362999014,True,True,False,False,False
2026-08-11 02:07:00+08:00,121.75,121.75,False,0.0,18.925,32.26457,0.0,122.12139744999999,0.30458467362999014,True,True,False,False,False
2026-08-11 02:08:00+08:00,121.75,121.75,False,0.0,18.935,32.26457,0.0,122.18592658999998,0.3574107316571469,True,True,False,False,False
2026-08-11 02:09:00+08:00,121.75,121.75,False,0.0,18.935,32.26457,0.0,122.18592658999998,0.3574107316571469,True,True,False,False,False
2026-08-11 02:10:00+08:00,121.75,121.75,False,0.0,18.935,32.27564,0.0,122.22784868000001,0.39171480737724823,True,True,False,False,False
2026-08-11 02:11:00+08:00,121.75,121.75,False,0.0,18.935,32.27564,0.0,122.22784868000001,0.39171480737724823,True,True,False,False,False
2026-08-11 02:12:00+08:00,121.75,121.75,False,0.0,18.925,32.27564,0.0,122.1632974,0.33888878089514496,True,True,False,False,False
2026-08-11 02:13:00+08:00,121.75,121.75,False,0.0,18.925,32.27564,0.0,122.1632974,0.33888878089514496,True,True,False,False,False
2026-08-11 02:14:00+08:00,121.75,121.75,False,0.0,18.925,32.27564,0.0,122.1632974,0.33888878089514496,True,True,False,False,False
2026-08-11 02:15:00+08:00,121.75,121.75,False,0.0,18.925,32.26492,0.0,122.1227222,0.3056694464535717,True,True,False,False,False
2026-08-11 02:16:00+08:00,121.75,121.75,False,0.0,18.925,32.26492,0.0,122.1227222,0.3056694464535717,True,True,False,False,False
2026-08-11 02:17:00+08:00,121.75,121.75,False,0.0,18.935,32.26492,0.0,122.18725203999998,0.35849550353078236,True,True,False,False,False
2026-08-11 02:18:00+08:00,121.75,121.75,False,0.0,18.925,32.26492,0.0,122.1227222,0.3056694464535717,True,True,False,False,False
2026-08-11 02:19:00+08:00,121.75,121.75,False,0.0,18.915,32.26492,0.0,122.05819235999998,0.2528154259434487,True,True,False,False,False
2026-08-11 02:20:00+08:00,121.75,121.75,False,0.0,18.915,32.26661,0.0,122.06458562999998,0.25805316707129283,True,True,False,False,False
2026-08-11 02:21:00+08:00,121.75,121.75,False,0.0,18.925,32.26661,0.0,122.12911885000001,0.3109071836799543,True,True,False,False,False
2026-08-11 02:22:00+08:00,121.75,121.75,False,0.0,18.935,32.26661,0.0,122.19365206999998,0.3637332361267413,True,True,False,False,False
2026-08-11 02:23:00+08:00,121.75,121.75,False,0.0,18.935,32.26661,0.0,122.19365206999998,0.3637332361267413,True,True,False,False,False
2026-08-11 02:24:00+08:00,121.75,121.75,False,0.0,18.935,32.26661,0.0,122.19365206999998,0.3637332361267413,True,True,False,False,False
2026-08-11 02:25:00+08:00,121.75,121.75,False,0.0,18.925,32.27066,0.0,122.1444481,0.3234580393878226,True,True,False,False,False
2026-08-11 02:26:00+08:00,121.75,121.75,False,0.0,18.905,32.27066,0.0,122.01536546,0.2177220373363849,True,True,False,False,False
2026-08-11 02:27:00+08:00,121.75,121.75,False,0.0,18.905,32.27066,0.0,122.01536546,0.2177220373363849,True,True,False,False,False
2026-08-11 02:28:00+08:00,121.75,121.75,False,0.0,18.915,32.27066,0.0,122.07990677999999,0.2706040324230218,True,True,False,False,False
2026-08-11 02:29:00+08:00,121.75,121.75,False,0.0,18.915,32.27066,0.0,122.07990677999999,0.2706040324230218,True,True,False,False,False
2026-08-11 02:30:00+08:00,121.75,121.75,False,0.0,18.925,32.26814,0.0,122.13490990000003,0.3156488034932948,True,True,False,False,False
2026-08-11 02:31:00+08:00,121.75,121.75,False,0.0,18.945,32.26814,0.0,122.26398246000001,0.4212729572447864,True,True,False,False,False
2026-08-11 02:32:00+08:00,121.75,121.75,False,0.0,18.935,32.26814,0.0,122.19944618,0.36847485168576116,True,True,False,False,False
2026-08-11 02:33:00+08:00,121.75,121.75,False,0.0,18.935,32.26814,0.0,122.19944618,0.36847485168576116,True,True,False,False,False
2026-08-11 02:34:00+08:00,121.75,121.75,False,0.0,18.935,32.26814,0.0,122.19944618,0.36847485168576116,True,True,False,False,False
2026-08-11 02:35:00+08:00,121.75,121.75,False,0.0,18.945,32.26407,0.0,122.24856122999999,0.40865915560054045,True,True,False,False,False
2026-08-11 02:36:00+08:00,121.75,121.75,False,0.0,18.925,32.26407,0.0,122.11950494999999,0.3030349777236406,True,True,False,False,False
2026-08-11 02:37:00+08:00,121.75,121.75,False,0.0,18.915,32.26407,0.0,122.05497680999997,0.2501809552785651,True,True,False,False,False
2026-08-11 02:38:00+08:00,121.75,121.75,False,0.0,18.915,32.26407,0.0,122.05497680999997,0.2501809552785651,True,True,False,False,False
2026-08-11 02:39:00+08:00,121.75,121.75,False,0.0,18.925,32.26407,0.0,122.11950494999999,0.3030349777236406,True,True,False,False,False
2026-08-11 02:40:00+08:00,121.75,121.75,False,0.0,18.925,32.26048,0.0,122.1059168,0.29190745475485863,True,True,False,False,False
2026-08-11 02:41:00+08:00,121.75,121.75,False,0.0,18.935,32.26048,0.0,122.17043776,0.3447335236530519,True,True,False,False,False
2026-08-11 02:42:00+08:00,121.75,121.75,False,0.0,18.935,32.26048,0.0,122.17043776,0.3447335236530519,True,True,False,False,False
2026-08-11 02:43:00+08:00,121.75,121.75,False,0.0,18.935,32.26048,0.0,122.17043776,0.3447335236530519,True,True,False,False,False
2026-08-11 02:44:00+08:00,121.75,121.75,False,0.0,18.935,32.26048,0.0,122.17043776,0.3447335236530519,True,True,False,False,False
2026-08-11 02:45:00+08:00,121.75,121.75,False,0.0,18.945,32.26088,0.0,122.23647432,0.3987715477719185,True,True,False,False,False
2026-08-11 02:46:00+08:00,121.75,121.75,False,0.0,18.935,32.26088,0.0,122.17195256,0.34597341942497123,True,True,False,False,False
2026-08-11 02:47:00+08:00,121.75,121.75,False,0.0,18.945,32.26088,0.0,122.23647432,0.3987715477719185,True,True,False,False,False
2026-08-11 02:48:00+08:00,121.75,121.75,False,0.0,18.945,32.26088,0.0,122.23647432,0.3987715477719185,True,True,False,False,False
2026-08-11 02:49:00+08:00,121.75,121.75,False,0.0,18.935,32.26088,0.0,122.17195256,0.34597341942497123,True,True,False,False,False
2026-08-11 02:50:00+08:00,121.75,121.75,False,0.0,18.935,32.25888,0.0,122.16437855999997,0.3397737865609611,True,True,False,False,False
2026-08-11 02:51:00+08:00,121.75,121.75,False,0.0,18.935,32.25888,0.0,122.16437855999997,0.3397737865609611,True,True,False,False,False
2026-08-11 02:52:00+08:00,121.75,121.75,False,0.0,18.945,32.25888,0.0,122.22889631999999,0.39257192095161775,True,True,False,False,False
2026-08-11 02:53:00+08:00,121.75,121.75,False,0.0,18.945,32.25888,0.0,122.22889631999999,0.39257192095161775,True,True,False,False,False
2026-08-11 02:54:00+08:00,121.75,121.75,False,0.0,18.935,32.25888,0.0,122.16437855999997,0.3397737865609611,True,True,False,False,False
2026-08-11 02:55:00+08:00,121.75,121.75,False,0.0,18.935,32.2653,0.0,122.1886911,0.35967324250351346,True,True,False,False,False
2026-08-11 02:56:00+08:00,121.75,121.75,False,0.0,18.945,32.2653,0.0,122.25322170000001,0.41247135713537314,True,True,False,False,False
2026-08-11 02:57:00+08:00,121.75,121.75,False,0.0,18.955,32.2653,0.0,122.31775230000001,0.4652415525195209,True,True,False,False,False
2026-08-11 02:58:00+08:00,121.75,121.75,False,0.0,18.945,32.2653,0.0,122.25322170000001,0.41247135713537314,True,True,False,False,False
2026-08-11 02:59:00+08:00,121.75,121.75,False,0.0,18.955,32.2653,0.0,122.31775230000001,0.4652415525195209,True,True,False,False,False
2026-08-11 03:00:00+08:00,121.75,121.75,False,0.0,18.965,32.26815,0.0,122.39309295000001,0.5268164191986496,True,True,False,False,False
2026-08-11 03:01:00+08:00,121.75,121.75,False,0.0,18.975,32.26815,0.0,122.45762925000001,0.579530829706878,True,True,False,False,False
2026-08-11 03:02:00+08:00,121.75,121.75,False,0.0,18.965,32.26815,0.0,122.39309295000001,0.5268164191986496,True,True,False,False,False
2026-08-11 03:03:00+08:00,121.75,121.75,False,0.0,18.965,32.26815,0.0,122.39309295000001,0.5268164191986496,True,True,False,False,False
2026-08-11 03:04:00+08:00,121.75,121.75,False,0.0,18.965,32.26815,0.0,122.39309295000001,0.5268164191986496,True,True,False,False,False
2026-08-11 03:05:00+08:00,121.75,121.75,False,0.0,18.975,32.26022,0.0,122.4275349,0.5549526906948864,True,True,False,False,False
2026-08-11 03:06:00+08:00,121.75,121.75,False,0.0,18.985,32.26022,0.0,122.49205533999998,0.607639285516978,True,True,False,False,False
2026-08-11 03:07:00+08:00,121.75,121.75,False,0.0,18.975,32.26022,0.0,122.4275349,0.5549526906948864,True,True,False,False,False
2026-08-11 03:08:00+08:00,121.75,121.75,False,0.0,18.975,32.26022,0.0,122.4275349,0.5549526906948864,True,True,False,False,False
2026-08-11 03:09:00+08:00,121.75,121.75,False,0.0,18.985,32.26022,0.0,122.49205533999998,0.607639285516978,True,True,False,False,False
2026-08-11 03:10:00+08:00,121.75,121.75,False,0.0,18.985,32.26082,0.0,122.49433354,0.609499126724346,True,True,False,False,False
2026-08-11 03:11:00+08:00,121.75,121.75,False,0.0,18.995,32.26082,0.0,122.55885518000002,0.6621578897777415,True,True,False,False,False
2026-08-11 03:12:00+08:00,121.75,121.75,False,0.0,18.995,32.26082,0.0,122.55885518000002,0.6621578897777415,True,True,False,False,False
2026-08-11 03:13:00+08:00,121.75,121.75,False,0.0,18.995,32.26082,0.0,122.55885518000002,0.6621578897777415,True,True,False,False,False
2026-08-11 03:14:00+08:00,121.75,121.75,False,0.0,18.985,32.26082,0.0,122.49433354,0.609499126724346,True,True,False,False,False
2026-08-11 03:15:00+08:00,121.75,121.75,False,0.0,18.995,32.26515,0.0,122.57530485,0.6755786925195316,True,True,False,False,False
2026-08-11 03:16:00+08:00,121.75,121.75,False,0.0,18.995,32.26515,0.0,122.57530485,0.6755786925195316,True,True,False,False,False
2026-08-11 03:17:00+08:00,121.75,121.75,False,0.0,18.995,32.26515,0.0,122.57530485,0.6755786925195316,True,True,False,False,False
2026-08-11 03:18:00+08:00,121.75,121.75,False,0.0,18.995,32.26515,0.0,122.57530485,0.6755786925195316,True,True,False,False,False
2026-08-11 03:19:00+08:00,121.75,121.75,False,0.0,18.995,32.26515,0.0,122.57530485,0.6755786925195316,True,True,False,False,False
2026-08-11 03:20:00+08:00,121.75,121.75,False,0.0,18.995,32.26512,0.0,122.57519088000001,0.6754857139600472,True,True,False,False,False
2026-08-11 03:21:00+08:00,121.75,121.75,False,0.0,18.995,32.26512,0.0,122.57519088000001,0.6754857139600472,True,True,False,False,False
2026-08-11 03:22:00+08:00,121.75,121.75,False,0.0,18.985,32.26512,0.0,122.51066064000001,0.6228269734528395,True,True,False,False,False
2026-08-11 03:23:00+08:00,121.75,121.75,False,0.0,18.985,32.26512,0.0,122.51066064000001,0.6228269734528395,True,True,False,False,False
2026-08-11 03:24:00+08:00,121.75,121.75,False,0.0,19.005000000000003,32.26512,0.0,122.63972112000003,0.7281166457595512,True,True,False,False,False
2026-08-11 03:25:00+08:00,121.75,121.75,False,0.0,19.005000000000003,32.26744,0.0,122.64853944000001,0.7353067183288953,True,True,False,False,False
2026-08-11 03:26:00+08:00,121.75,121.75,False,0.0,19.015,32.26744,0.0,122.71307432,0.7879098491082118,True,True,False,False,False
2026-08-11 03:27:00+08:00,121.75,121.75,False,0.0,19.025,32.26744,0.0,122.77760919999999,0.8404852142152187,True,True,False,False,False
2026-08-11 03:28:00+08:00,121.75,121.75,False,0.0,19.035,32.26744,0.0,122.84214408,0.8930328356276104,True,True,False,False,False
2026-08-11 03:29:00+08:00,121.75,121.75,False,0.0,19.055,32.26744,0.0,122.97121383999999,0.9980449351631822,True,True,False,False,False
2026-08-11 03:30:00+08:00,121.75,121.75,False,0.0,19.065,32.26693,0.0,123.03380409000002,1.0489289475442582,True,True,False,False,False
2026-08-11 03:31:00+08:00,121.75,121.75,False,0.0,19.055,32.26693,0.0,122.96927023,0.9964644213380274,True,True,False,False,False
2026-08-11 03:32:00+08:00,121.75,121.75,False,0.0,19.025,32.26693,0.0,122.77566864999999,0.8389046889535913,True,True,False,False,False
2026-08-11 03:33:00+08:00,121.75,121.75,False,0.0,19.025,32.26693,0.0,122.77566864999999,0.8389046889535913,True,True,False,False,False
2026-08-11 03:34:00+08:00,121.75,121.75,False,0.0,19.035,32.26693,0.0,122.84020251000001,0.8914523139621171,True,True,False,False,False
2026-08-11 03:35:00+08:00,121.75,121.75,False,0.0,19.015,32.26635,0.0,122.70892905000001,0.7845318260425465,True,True,False,False,False
2026-08-11 03:36:00+08:00,121.75,121.75,False,0.0,19.015,32.26635,0.0,122.70892905000001,0.7845318260425465,True,True,False,False,False
2026-08-11 03:37:00+08:00,121.75,121.75,False,0.0,18.995,32.26635,0.0,122.57986365000002,0.6792977637713516,True,True,False,False,False
2026-08-11 03:38:00+08:00,121.75,121.75,False,0.0,18.995,32.26635,0.0,122.57986365000002,0.6792977637713516,True,True,False,False,False
2026-08-11 03:39:00+08:00,121.75,121.75,False,0.0,18.995,32.26635,0.0,122.57986365000002,0.6792977637713516,True,True,False,False,False
2026-08-11 03:40:00+08:00,121.75,121.75,False,0.0,18.985,32.26704,0.0,122.51795088000001,0.6287774366087686,True,True,False,False,False
2026-08-11 03:41:00+08:00,121.75,121.75,False,0.0,18.965,32.26704,0.0,122.38888272000001,0.5233764592367199,True,True,False,False,False
2026-08-11 03:42:00+08:00,121.75,121.75,False,0.0,18.965,32.26704,0.0,122.38888272000001,0.5233764592367199,True,True,False,False,False
2026-08-11 03:43:00+08:00,121.75,121.75,False,0.0,18.945,32.26704,0.0,122.25981456000002,0.4178639788889839,True,True,False,False,False
2026-08-11 03:44:00+08:00,121.75,121.75,False,0.0,18.955,32.26704,0.0,122.32434864,0.4706341679904578,True,True,False,False,False
2026-08-11 03:45:00+08:00,121.75,121.75,False,0.0,18.955,32.26893,0.0,122.33151362999998,0.4764913338594615,True,True,False,False,False
2026-08-11 03:46:00+08:00,121.75,121.75,False,0.0,18.975,32.26893,0.0,122.46058935,0.5819480243599079,True,True,False,False,False
2026-08-11 03:47:00+08:00,121.75,121.75,False,0.0,18.985,32.26893,0.0,122.52512720999998,0.6346345768831496,True,True,False,False,False
2026-08-11 03:48:00+08:00,121.75,121.75,False,0.0,18.985,32.26893,0.0,122.52512720999998,0.6346345768831496,True,True,False,False,False
2026-08-11 03:49:00+08:00,121.75,121.75,False,0.0,19.025,32.26893,0.0,122.78327864999999,0.8451026835320156,True,True,False,False,False
2026-08-11 03:50:00+08:00,121.75,121.75,False,0.0,18.965,32.25799,0.0,122.35455606999999,0.4953255111114131,True,True,False,False,False
2026-08-11 03:51:00+08:00,121.75,121.75,False,0.0,18.965,32.25799,0.0,122.35455606999999,0.4953255111114131,True,True,False,False,False
2026-08-11 03:52:00+08:00,121.25,121.25,False,0.0,18.945,32.25799,0.0,122.22552411,0.8013323832577621,True,True,False,False,False
2026-08-11 03:53:00+08:00,121.25,121.25,False,0.0,18.945,32.25799,0.0,122.22552411,0.8013323832577621,True,True,False,False,False
2026-08-11 03:54:00+08:00,121.25,121.25,False,0.0,18.935,32.25799,0.0,122.16100812999998,0.7485348645476521,True,True,False,False,False
2026-08-11 03:55:00+08:00,121.25,121.25,False,0.0,18.925,32.2632,0.0,122.11621199999999,0.7118588836810184,True,True,False,False,False
2026-08-11 03:56:00+08:00,121.25,121.25,False,0.0,18.915,32.2632,0.0,122.0516856,0.6590053809310716,True,True,False,False,False
2026-08-11 03:57:00+08:00,121.25,121.25,False,0.0,18.845,32.2632,0.0,121.60000079999998,0.2882444297689912,True,True,False,False,False
2026-08-11 03:58:00+08:00,121.25,121.25,False,0.0,18.815,32.2632,0.0,121.4064216,0.12892434411470083,True,True,False,False,False
2026-08-11 03:59:00+08:00,121.25,121.25,False,0.0,18.785,32.2632,0.0,121.2128424,-0.030650139734566158,True,True,False,False,False
2026-08-11 21:30:00+08:00,123.75,123.75,False,0.0,19.195,32.23198,0.0,123.73857122,-0.009235804258487086,True,True,False,False,False
2026-08-11 21:31:00+08:00,123.75,123.75,False,0.0,19.245,32.23198,0.0,124.06089102000001,0.25090989239445727,True,True,False,False,False
2026-08-11 21:32:00+08:00,123.75,123.75,False,0.0,19.17,32.23198,0.0,123.57741132000001,-0.1395629211326594,True,True,False,False,False
2026-08-11 21:33:00+08:00,123.25,123.25,False,0.0,19.12,32.23198,0.0,123.25509152,0.0041309653837964385,True,True,False,False,False
2026-08-11 21:34:00+08:00,123.25,123.25,False,0.0,19.135,32.23198,0.0,123.35178746000001,0.0825520861372683,True,True,False,False,False
2026-08-11 21:35:00+08:00,122.75,122.75,False,0.0,19.085,32.23801,0.0,123.05248417000003,0.24611970137032974,True,True,False,False,False
2026-08-11 21:36:00+08:00,123.25,123.25,False,0.0,19.125,32.23801,0.0,123.31038825,0.04898455135361962,True,True,False,False,False
2026-08-11 21:37:00+08:00,123.25,123.25,False,0.0,19.17,32.23801,0.0,123.60053034000002,0.2840020959381505,True,True,False,False,False
2026-08-11 21:38:00+08:00,123.25,123.25,False,0.0,19.17,32.23801,0.0,123.60053034000002,0.2840020959381505,True,True,False,False,False
2026-08-11 21:39:00+08:00,123.25,123.25,False,0.0,19.165,32.23801,0.0,123.56829233,0.2579163213514528,True,True,False,False,False
2026-08-11 21:40:00+08:00,123.25,123.25,False,0.0,19.185,32.23435,0.0,123.68320094999999,0.3508648884260014,True,True,False,False,False
2026-08-11 21:41:00+08:00,123.75,123.75,False,0.0,19.225,32.23435,0.0,123.94107575000001,0.15428553444764972,True,True,False,False,False
2026-08-11 21:42:00+08:00,123.25,123.25,False,0.0,19.255000000000003,32.23435,0.0,124.13448185000001,0.7150665582462156,True,True,False,False,False
2026-08-11 21:43:00+08:00,123.75,123.75,False,0.0,19.265,32.23435,0.0,124.19895054999999,0.36213143794650526,True,True,False,False,False
2026-08-11 21:44:00+08:00,123.75,123.75,False,0.0,19.285,32.23435,0.0,124.32788794999999,0.4658923491935431,True,True,False,False,False
2026-08-11 21:45:00+08:00,123.25,123.25,False,0.0,19.115,32.23764,0.0,123.24449771999998,-0.00446442419681607,True,True,False,False,False
2026-08-11 21:46:00+08:00,122.75,122.75,False,0.0,19.095,32.23764,0.0,123.11554715999998,0.2973553344276357,True,True,False,False,False
2026-08-11 21:47:00+08:00,122.75,122.75,False,0.0,19.115,32.23764,0.0,123.24449771999998,0.40203965908443984,True,True,False,False,False
2026-08-11 21:48:00+08:00,122.75,122.75,False,0.0,19.1,32.23764,0.0,123.1477848,0.32353670881869334,True,True,False,False,False
2026-08-11 21:49:00+08:00,122.75,122.75,False,0.0,19.07,32.23764,0.0,122.95435896,0.16634540865696437,True,True,False,False,False
2026-08-11 21:50:00+08:00,122.75,122.75,False,0.0,19.095,32.22579,0.0,123.07029201,0.26059037468475005,True,True,False,False,False
2026-08-11 21:51:00+08:00,122.75,122.75,False,0.0,19.075,32.22579,0.0,122.94138885,0.15579613994273336,True,True,False,False,False
2026-08-11 21:52:00+08:00,122.75,122.75,False,0.0,19.085,32.22579,0.0,123.00584043,0.2082069989078276,True,True,False,False,False
2026-08-11 21:53:00+08:00,122.75,122.75,False,0.0,19.065,32.22579,0.0,122.87693727000003,0.10335777615505949,True,True,False,False,False
2026-08-11 21:54:00+08:00,122.25,122.25,False,0.0,19.035,32.22579,0.0,122.68358253000001,0.3540409000034966,True,True,False,False,False
2026-08-11 21:55:00+08:00,122.75,122.75,False,0.0,19.055,32.22716,0.0,122.81770676,0.055143048646998725,True,True,False,False,False
2026-08-11 21:56:00+08:00,122.75,122.75,False,0.0,19.105,32.22716,0.0,123.13997835999999,0.3171974413931023,True,True,False,False,False
2026-08-11 21:57:00+08:00,122.75,122.75,False,0.0,19.085,32.22716,0.0,123.01106972,0.2124581572642373,True,True,False,False,False
2026-08-11 21:58:00+08:00,122.75,122.75,False,0.0,19.115,32.22716,0.0,123.20443268,0.36952591181085803,True,True,False,False,False
2026-08-11 21:59:00+08:00,122.75,122.75,False,0.0,19.145,32.22716,0.0,123.39779563999998,0.5263468952185203,True,True,False,False,False
2026-08-11 22:00:00+08:00,122.75,122.75,False,0.0,19.145,32.23111,0.0,123.41292019,0.5386027997135567,True,True,False,False,False
2026-08-11 22:01:00+08:00,123.25,123.25,False,0.0,19.18,32.23111,0.0,123.63853796000001,0.3147476697058795,True,True,False,False,False
2026-08-11 22:02:00+08:00,122.75,122.75,False,0.0,19.145,32.23111,0.0,123.41292019,0.5386027997135567,True,True,False,False,False
2026-08-11 22:03:00+08:00,122.75,122.75,False,0.0,19.155,32.23111,0.0,123.47738241000002,0.5908217054339097,True,True,False,False,False
2026-08-11 22:04:00+08:00,122.75,122.75,False,0.0,19.145,32.23111,0.0,123.41292019,0.5386027997135567,True,True,False,False,False
2026-08-11 22:05:00+08:00,122.75,122.75,False,0.0,19.185,32.22689,0.0,123.65457692999999,0.7342208828020007,True,True,False,False,False
2026-08-11 22:06:00+08:00,123.25,123.25,False,0.0,19.205,32.22689,0.0,123.78348448999998,0.4319126948327312,True,True,False,False,False
2026-08-11 22:07:00+08:00,123.25,123.25,False,0.0,19.205,32.22689,0.0,123.78348448999998,0.4319126948327312,True,True,False,False,False
2026-08-11 22:08:00+08:00,122.75,122.75,False,0.0,19.175,32.22689,0.0,123.59012315,0.682083892187091,True,True,False,False,False
2026-08-11 22:09:00+08:00,122.75,122.75,False,0.0,19.205,32.22689,0.0,123.78348448999998,0.8384130797793505,True,True,False,False,False
2026-08-11 22:10:00+08:00,122.75,122.75,False,0.0,19.205,32.23815,0.0,123.82673414999996,0.8733461035662473,True,True,False,False,False
2026-08-11 22:11:00+08:00,123.25,123.25,False,0.0,19.215,32.23815,0.0,123.89121044999999,0.5189020874604108,True,True,False,False,False
2026-08-11 22:12:00+08:00,122.75,122.75,False,0.0,19.235,32.23815,0.0,124.02016305,1.0294300042607956,True,True,False,False,False
2026-08-11 22:13:00+08:00,122.75,122.75,False,0.0,19.215,32.23815,0.0,123.89121044999999,0.9254012724944348,True,True,False,False,False
2026-08-11 22:14:00+08:00,122.75,122.75,False,0.0,19.185,32.23815,0.0,123.69778154999999,0.7691540528699783,True,True,False,False,False
2026-08-11 22:15:00+08:00,122.75,122.75,False,0.0,19.205,32.23475,0.0,123.81367474999998,0.8627992351902404,True,True,False,False,False
2026-08-11 22:16:00+08:00,123.25,123.25,False,0.0,19.205,32.23475,0.0,123.81367474999998,0.4562991711107266,True,True,False,False,False
2026-08-11 22:17:00+08:00,122.75,122.75,False,0.0,19.185,32.23475,0.0,123.68473574999999,0.7586071396592778,True,True,False,False,False
2026-08-11 22:18:00+08:00,122.75,122.75,False,0.0,19.165,32.23475,0.0,123.55579674999998,0.6543059567679337,True,True,False,False,False
2026-08-11 22:19:00+08:00,122.75,122.75,False,0.0,19.135,32.23475,0.0,123.36238825000001,0.4976492685755807,True,True,False,False,False
2026-08-11 22:20:00+08:00,122.75,122.75,False,0.0,19.165,32.23442,0.0,123.55453186,0.6532822225595872,True,True,False,False,False
2026-08-11 22:21:00+08:00,122.75,122.75,False,0.0,19.145,32.23442,0.0,123.42559418,0.5488717776840379,True,True,False,False,False
2026-08-11 22:22:00+08:00,122.75,122.75,False,0.0,19.165,32.23442,0.0,123.55453186,0.6532822225595872,True,True,False,False,False
2026-08-11 22:23:00+08:00,122.75,122.75,False,0.0,19.175,32.23442,0.0,123.61900070000002,0.7054464624453177,True,True,False,False,False
2026-08-11 22:24:00+08:00,122.75,122.75,False,0.0,19.165,32.23442,0.0,123.55453186,0.6532822225595872,True,True,False,False,False
2026-08-11 22:25:00+08:00,122.75,122.75,False,0.0,19.175,32.24807,0.0,123.67134845000001,0.7477829788655315,True,True,False,False,False
2026-08-11 22:26:00+08:00,122.75,122.75,False,0.0,19.215,32.24807,0.0,123.92933300999998,0.9561668548472773,True,True,False,False,False
2026-08-11 22:27:00+08:00,122.75,122.75,False,0.0,19.205,32.24807,0.0,123.86483686999998,0.9041117591701502,True,True,False,False,False
2026-08-11 22:28:00+08:00,123.25,123.25,False,0.0,19.215,32.24807,0.0,123.92933300999998,0.5496681310103672,True,True,False,False,False
2026-08-11 22:29:00+08:00,123.25,123.25,False,0.0,19.205,32.24807,0.0,123.86483686999998,0.4976122662545142,True,True,False,False,False
2026-08-11 22:30:00+08:00,122.75,122.75,False,0.0,19.175,32.24916,0.0,123.6755286,0.7511629215188437,True,True,False,False,False
2026-08-11 22:31:00+08:00,122.75,122.75,False,0.0,19.175,32.24916,0.0,123.6755286,0.7511629215188437,True,True,False,False,False
2026-08-11 22:32:00+08:00,123.25,123.25,False,0.0,19.195,32.24916,0.0,123.80452524000002,0.44890919481141006,True,True,False,False,False
2026-08-11 22:33:00+08:00,123.25,123.25,False,0.0,19.205,32.24916,0.0,123.86902356,0.5009922353061618,True,True,False,False,False
2026-08-11 22:34:00+08:00,123.25,123.25,False,0.0,19.215,32.24916,0.0,123.93352188000001,0.553048095440475,True,True,False,False,False
2026-08-11 22:35:00+08:00,122.75,122.75,False,0.0,19.225,32.24609,0.0,123.98621605000001,1.0020548015127997,True,True,False,False,False
2026-08-11 22:36:00+08:00,122.75,122.75,False,0.0,19.215,32.24609,0.0,123.92172387000001,0.9500269034626163,True,True,False,False,False
2026-08-11 22:37:00+08:00,122.75,122.75,False,0.0,19.185,32.24609,0.0,123.72824733,0.7937798492134402,True,True,False,False,False
2026-08-11 22:38:00+08:00,122.75,122.75,False,0.0,19.195,32.24609,0.0,123.79273951,0.8458894486793107,True,True,False,False,False
2026-08-11 22:39:00+08:00,122.75,122.75,False,0.0,19.175,32.24609,0.0,123.66375515000001,0.7416429731723231,True,True,False,False,False
2026-08-11 22:40:00+08:00,122.75,122.75,False,0.0,19.175,32.23739,0.0,123.63039065000001,0.7146596753721881,True,True,False,False,False
2026-08-11 22:41:00+08:00,122.75,122.75,False,0.0,19.185,32.23739,0.0,123.69486542999998,0.7667966044667769,True,True,False,False,False
2026-08-11 22:42:00+08:00,122.75,122.75,False,0.0,19.175,32.23739,0.0,123.63039065000001,0.7146596753721881,True,True,False,False,False
2026-08-11 22:43:00+08:00,122.75,122.75,False,0.0,19.175,32.23739,0.0,123.63039065000001,0.7146596753721881,True,True,False,False,False
2026-08-11 22:44:00+08:00,122.75,122.75,False,0.0,19.175,32.23739,0.0,123.63039065000001,0.7146596753721881,True,True,False,False,False
2026-08-11 22:45:00+08:00,122.75,122.75,False,0.0,19.195,32.24827,0.0,123.80110853,0.8526496078374728,True,True,False,False,False
2026-08-11 22:46:00+08:00,122.75,122.75,False,0.0,19.205,32.24827,0.0,123.86560506999999,0.9047319367185468,True,True,False,False,False
2026-08-11 22:47:00+08:00,122.75,122.75,False,0.0,19.225,32.24827,0.0,123.99459815,1.0088149117196805,True,True,False,False,False
2026-08-11 22:48:00+08:00,122.75,122.75,False,0.0,19.225,32.24827,0.0,123.99459815,1.0088149117196805,True,True,False,False,False
2026-08-11 22:49:00+08:00,122.75,122.75,False,0.0,19.225,32.24827,0.0,123.99459815,1.0088149117196805,True,True,False,False,False
2026-08-11 22:50:00+08:00,122.75,122.75,False,0.0,19.215,32.24533,0.0,123.91880319000002,0.9476700538411688,True,True,False,False,False
2026-08-11 22:51:00+08:00,122.75,122.75,False,0.0,19.245,32.24533,0.0,124.11227517000002,1.103672214850889,True,True,False,False,False
2026-08-11 22:52:00+08:00,123.25,123.25,False,0.0,19.265,32.24533,0.0,124.24125649000003,0.8010436441742163,True,True,False,False,False
2026-08-11 22:53:00+08:00,123.25,123.25,False,0.0,19.265,32.24533,0.0,124.24125649000003,0.8010436441742163,True,True,False,False,False
2026-08-11 22:54:00+08:00,123.25,123.25,False,0.0,19.265,32.24533,0.0,124.24125649000003,0.8010436441742163,True,True,False,False,False
2026-08-11 22:55:00+08:00,123.25,123.25,False,0.0,19.265,32.24584,0.0,124.24322151999999,0.8026252306225116,True,True,False,False,False
2026-08-11 22:56:00+08:00,123.25,123.25,False,0.0,19.265,32.24584,0.0,124.24322151999999,0.8026252306225116,True,True,False,False,False
2026-08-11 22:57:00+08:00,123.25,123.25,False,0.0,19.275,32.24584,0.0,124.3077132,0.8545184767848266,True,True,False,False,False
2026-08-11 22:58:00+08:00,123.25,123.25,False,0.0,19.265,32.24584,0.0,124.24322151999999,0.8026252306225116,True,True,False,False,False
2026-08-11 22:59:00+08:00,122.75,122.75,False,0.0,19.235,32.24584,0.0,124.04974648,1.053280239171821,True,True,False,False,False
2026-08-11 23:00:00+08:00,122.75,122.75,False,0.0,19.235,32.2429,0.0,124.03843629999999,1.0441626190570312,True,True,False,False,False
2026-08-11 23:01:00+08:00,123.25,123.25,False,0.0,19.245,32.2429,0.0,124.1029221,0.6896398011058715,True,True,False,False,False
2026-08-11 23:02:00+08:00,123.25,123.25,False,0.0,19.245,32.2429,0.0,124.1029221,0.6896398011058715,True,True,False,False,False
2026-08-11 23:03:00+08:00,122.75,122.75,False,0.0,19.255000000000003,32.2429,0.0,124.16740790000001,1.148082601429265,True,True,False,False,False
2026-08-11 23:04:00+08:00,122.75,122.75,False,0.0,19.255000000000003,32.2429,0.0,124.16740790000001,1.148082601429265,True,True,False,False,False
2026-08-11 23:05:00+08:00,122.75,122.75,False,0.0,19.235,32.24417,0.0,124.04332198999998,1.0481012853762601,True,True,False,False,False
2026-08-11 23:06:00+08:00,122.75,122.75,False,0.0,19.215,32.24417,0.0,123.91434530999997,0.9440726494432429,True,True,False,False,False
2026-08-11 23:07:00+08:00,122.75,122.75,False,0.0,19.195,32.24417,0.0,123.78536863,0.8399351669121955,True,True,False,False,False
2026-08-11 23:08:00+08:00,122.75,122.75,False,0.0,19.195,32.24417,0.0,123.78536863,0.8399351669121955,True,True,False,False,False
2026-08-11 23:09:00+08:00,122.75,122.75,False,0.0,19.185,32.24417,0.0,123.72088029,0.7878255547735696,True,True,False,False,False
2026-08-11 23:10:00+08:00,122.75,122.75,False,0.0,19.185,32.2419,0.0,123.7121703,0.7807853828673331,True,True,False,False,False
2026-08-11 23:11:00+08:00,122.75,122.75,False,0.0,19.195,32.2419,0.0,123.7766541,0.8328950098706603,True,True,False,False,False
2026-08-11 23:12:00+08:00,122.75,122.75,False,0.0,19.185,32.2419,0.0,123.7121703,0.7807853828673331,True,True,False,False,False
2026-08-11 23:13:00+08:00,122.75,122.75,False,0.0,19.175,32.2419,0.0,123.6476865,0.7286484810400247,True,True,False,False,False
2026-08-11 23:14:00+08:00,122.75,122.75,False,0.0,19.175,32.2419,0.0,123.6476865,0.7286484810400247,True,True,False,False,False
2026-08-11 23:15:00+08:00,122.75,122.75,False,0.0,19.165,32.2406,0.0,123.57821979999999,0.6724522270915102,True,True,False,False,False
2026-08-11 23:16:00+08:00,122.75,122.75,False,0.0,19.185,32.2406,0.0,123.70718219999999,0.7767533422687904,True,True,False,False,False
2026-08-11 23:17:00+08:00,122.75,122.75,False,0.0,19.175,32.2406,0.0,123.64270100000002,0.7246164325298066,True,True,False,False,False
2026-08-11 23:18:00+08:00,122.75,122.75,False,0.0,19.175,32.2406,0.0,123.64270100000002,0.7246164325298066,True,True,False,False,False
2026-08-11 23:19:00+08:00,122.25,122.25,False,0.0,19.165,32.2406,0.0,123.57821979999999,1.0806080775271394,True,True,False,False,False
2026-08-11 23:20:00+08:00,122.25,122.25,False,0.0,19.155,32.23438,0.0,123.48990978000002,1.009123655258159,True,True,False,False,False
2026-08-11 23:21:00+08:00,122.75,122.75,False,0.0,19.175,32.23438,0.0,123.61884730000001,0.7053223729557246,True,True,False,False,False
2026-08-11 23:22:00+08:00,122.75,122.75,False,0.0,19.175,32.23438,0.0,123.61884730000001,0.7053223729557246,True,True,False,False,False
2026-08-11 23:23:00+08:00,122.75,122.75,False,0.0,19.165,32.23438,0.0,123.55437853999999,0.653158132850128,True,True,False,False,False
2026-08-11 23:24:00+08:00,122.25,122.25,False,0.0,19.145,32.23438,0.0,123.42544102,0.9569055947308166,True,True,False,False,False
2026-08-11 23:25:00+08:00,122.25,122.25,False,0.0,19.165,32.23724,0.0,123.56534092,1.0701861934874697,True,True,False,False,False
2026-08-11 23:26:00+08:00,122.25,122.25,False,0.0,19.155,32.23724,0.0,123.50086644000001,1.017995548191004,True,True,False,False,False
2026-08-11 23:27:00+08:00,122.25,122.25,False,0.0,19.155,32.23724,0.0,123.50086644000001,1.017995548191004,True,True,False,False,False
2026-08-11 23:28:00+08:00,122.25,122.25,False,0.0,19.145,32.23724,0.0,123.43639196,0.9657775105372138,True,True,False,False,False
2026-08-11 23:29:00+08:00,122.25,122.25,False,0.0,19.145,32.23724,0.0,123.43639196,0.9657775105372138,True,True,False,False,False
2026-08-11 23:30:00+08:00,122.25,122.25,False,0.0,19.155,32.23579,0.0,123.49531149000002,1.0134976593852085,True,True,False,False,False
2026-08-11 23:31:00+08:00,122.25,122.25,False,0.0,19.165,32.23579,0.0,123.55978307000001,1.0656883169104931,True,True,False,False,False
2026-08-11 23:32:00+08:00,122.25,122.25,False,0.0,19.165,32.23579,0.0,123.55978307000001,1.0656883169104931,True,True,False,False,False
2026-08-11 23:33:00+08:00,122.25,122.25,False,0.0,19.155,32.23579,0.0,123.49531149000002,1.0134976593852085,True,True,False,False,False
2026-08-11 23:34:00+08:00,122.25,122.25,False,0.0,19.135,32.23579,0.0,123.36636833000003,0.9090341475126138,True,True,False,False,False
2026-08-11 23:35:00+08:00,122.25,122.25,False,0.0,19.145,32.23553,0.0,123.42984436999998,0.9604730685380185,True,True,False,False,False
2026-08-11 23:36:00+08:00,122.25,122.25,False,0.0,19.135,32.23553,0.0,123.36537331,0.9082276039718756,True,True,False,False,False
2026-08-11 23:37:00+08:00,122.25,122.25,False,0.0,19.145,32.23553,0.0,123.42984436999998,0.9604730685380185,True,True,False,False,False
2026-08-11 23:38:00+08:00,122.25,122.25,False,0.0,19.135,32.23553,0.0,123.36537331,0.9082276039718756,True,True,False,False,False
2026-08-11 23:39:00+08:00,122.25,122.25,False,0.0,19.125,32.23553,0.0,123.30090225,0.8559547046013699,True,True,False,False,False
2026-08-11 23:40:00+08:00,122.25,122.25,False,0.0,19.125,32.24836,0.0,123.349977,0.8957468265560917,True,True,False,False,False
2026-08-11 23:41:00+08:00,122.25,122.25,False,0.0,19.115,32.24836,0.0,123.28548027999997,0.8434465591849685,True,True,False,False,False
2026-08-11 23:42:00+08:00,122.25,122.25,False,0.0,19.115,32.24836,0.0,123.28548027999997,0.8434465591849685,True,True,False,False,False
2026-08-11 23:43:00+08:00,122.25,122.25,False,0.0,19.135,32.24836,0.0,123.41447372,0.9480196321159821,True,True,False,False,False
2026-08-11 23:44:00+08:00,122.25,122.25,False,0.0,19.135,32.24836,0.0,123.41447372,0.9480196321159821,True,True,False,False,False
2026-08-11 23:45:00+08:00,122.25,122.25,False,0.0,19.125,32.24346,0.0,123.33123450000001,0.8805514005997945,True,True,False,False,False
2026-08-11 23:46:00+08:00,121.75,121.75,False,0.0,19.125,32.24346,0.0,123.33123450000001,1.2903758243473415,True,True,False,False,False
2026-08-11 23:47:00+08:00,121.75,121.75,False,0.0,19.125,32.24346,0.0,123.33123450000001,1.2903758243473415,True,True,False,False,False
2026-08-11 23:48:00+08:00,121.75,121.75,False,0.0,19.125,32.24346,0.0,123.33123450000001,1.2903758243473415,True,True,False,False,False
2026-08-11 23:49:00+08:00,121.75,121.75,False,0.0,19.115,32.24346,0.0,123.26674757999999,1.2380766580086577,True,True,False,False,False
2026-08-11 23:50:00+08:00,121.75,121.75,False,0.0,19.125,32.23795,0.0,123.31015874999999,1.2732863293307446,True,True,False,False,False
2026-08-11 23:51:00+08:00,121.75,121.75,False,0.0,19.115,32.23795,0.0,123.24568284999998,1.220987106875447,True,True,False,False,False
2026-08-11 23:52:00+08:00,121.75,121.75,False,0.0,19.125,32.23795,0.0,123.31015874999999,1.2732863293307446,True,True,False,False,False
2026-08-11 23:53:00+08:00,121.75,121.75,False,0.0,19.105,32.23795,0.0,123.18120695,1.1686603498362451,True,True,False,False,False
2026-08-11 23:54:00+08:00,121.75,121.75,False,0.0,19.105,32.23795,0.0,123.18120695,1.1686603498362451,True,True,False,False,False
2026-08-11 23:55:00+08:00,121.75,121.75,False,0.0,19.115,32.24167,0.0,123.25990440999999,1.2325252023063635,True,True,False,False,False
2026-08-11 23:56:00+08:00,121.75,121.75,False,0.0,19.085,32.24167,0.0,123.06645439000002,1.0754623444573432,True,True,False,False,False
2026-08-11 23:57:00+08:00,121.75,121.75,False,0.0,19.095,32.24167,0.0,123.13093772999999,1.1278442028203721,True,True,False,False,False
2026-08-11 23:58:00+08:00,121.75,121.75,False,0.0,19.085,32.24167,0.0,123.06645439000002,1.0754623444573432,True,True,False,False,False
2026-08-11 23:59:00+08:00,121.75,121.75,False,0.0,19.075,32.24167,0.0,123.00197105,1.023052884623537,True,True,False,False,False
2026-08-12 00:00:00+08:00,121.75,121.75,False,0.0,19.075,32.23631,0.0,122.98152265000002,1.0064274815641665,True,True,False,False,False
2026-08-12 00:01:00+08:00,121.75,121.75,False,0.0,19.075,32.23631,0.0,122.98152265000002,1.0064274815641665,True,True,False,False,False
2026-08-12 00:02:00+08:00,121.75,121.75,False,0.0,19.075,32.23631,0.0,122.98152265000002,1.0064274815641665,True,True,False,False,False
2026-08-12 00:03:00+08:00,121.75,121.75,False,0.0,19.055,32.23631,0.0,122.85257741000001,0.9015255862589557,True,True,False,False,False
2026-08-12 00:04:00+08:00,121.75,121.75,False,0.0,19.055,32.23631,0.0,122.85257741000001,0.9015255862589557,True,True,False,False,False
2026-08-12 00:05:00+08:00,121.75,121.75,False,0.0,19.075,32.23399,0.0,122.97267184999998,0.9992305500402565,True,True,False,False,False
2026-08-12 00:06:00+08:00,122.25,122.25,False,0.0,19.085,32.23399,0.0,123.03713983,0.6418109245723524,True,True,False,False,False
2026-08-12 00:07:00+08:00,122.25,122.25,False,0.0,19.085,32.23399,0.0,123.03713983,0.6418109245723524,True,True,False,False,False
2026-08-12 00:08:00+08:00,122.25,122.25,False,0.0,19.095,32.23399,0.0,123.10160780999999,0.6941937879286075,True,True,False,False,False
2026-08-12 00:09:00+08:00,122.25,122.25,False,0.0,19.085,32.23399,0.0,123.03713983,0.6418109245723524,True,True,False,False,False
2026-08-12 00:10:00+08:00,122.25,122.25,False,0.0,19.085,32.23668,0.0,123.04740756000001,0.65015571744676,True,True,False,False,False
2026-08-12 00:11:00+08:00,122.25,122.25,False,0.0,19.085,32.23668,0.0,123.04740756000001,0.65015571744676,True,True,False,False,False
2026-08-12 00:12:00+08:00,121.75,121.75,False,0.0,19.075,32.23668,0.0,122.9829342,1.0075752199272268,True,True,False,False,False
2026-08-12 00:13:00+08:00,121.75,121.75,False,0.0,19.065,32.23668,0.0,122.91846084000001,0.9551380966622577,True,True,False,False,False
2026-08-12 00:14:00+08:00,121.75,121.75,False,0.0,19.065,32.23668,0.0,122.91846084000001,0.9551380966622577,True,True,False,False,False
2026-08-12 00:15:00+08:00,121.75,121.75,False,0.0,19.075,32.22949,0.0,122.95550434999998,0.9852695003343794,True,True,False,False,False
2026-08-12 00:16:00+08:00,121.75,121.75,False,0.0,19.085,32.22949,0.0,123.01996333,1.037679062187729,True,True,False,False,False
2026-08-12 00:17:00+08:00,122.0,122.0,False,0.0,19.085,32.22949,0.0,123.01996333,0.832555287445113,True,True,False,False,False
2026-08-12 00:18:00+08:00,121.75,121.75,False,0.0,19.085,32.22949,0.0,123.01996333,1.037679062187729,True,True,False,False,False
2026-08-12 00:19:00+08:00,121.75,121.75,False,0.0,19.065,32.22949,0.0,122.89104537,0.932832320328145,True,True,False,False,False
2026-08-12 00:20:00+08:00,121.75,121.75,False,0.0,19.055,32.23652,0.0,122.85337772,0.9021770102153253,True,True,False,False,False
2026-08-12 00:21:00+08:00,121.75,121.75,False,0.0,19.045,32.23652,0.0,122.78890468,0.8496845778871032,True,True,False,False,False
2026-08-12 00:22:00+08:00,121.75,121.75,False,0.0,19.065,32.23652,0.0,122.91785076000001,0.9546417777181339,True,True,False,False,False
2026-08-12 00:23:00+08:00,121.75,121.75,False,0.0,19.075,32.23652,0.0,122.98232379999999,1.007078902259816,True,True,False,False,False
2026-08-12 00:24:00+08:00,121.75,121.75,False,0.0,19.065,32.23652,0.0,122.91785076000001,0.9546417777181339,True,True,False,False,False
2026-08-12 00:25:00+08:00,121.75,121.75,False,0.0,19.035,32.23615,0.0,122.72302305000001,0.7960167038970225,True,True,False,False,False
2026-08-12 00:26:00+08:00,121.75,121.75,False,0.0,19.035,32.23615,0.0,122.72302305000001,0.7960167038970225,True,True,False,False,False
2026-08-12 00:27:00+08:00,121.75,121.75,False,0.0,19.035,32.23615,0.0,122.72302305000001,0.7960167038970225,True,True,False,False,False
2026-08-12 00:28:00+08:00,121.75,121.75,False,0.0,19.025,32.23615,0.0,122.65855074999999,0.7434688739096738,True,True,False,False,False
2026-08-12 00:29:00+08:00,121.75,121.75,False,0.0,19.035,32.23615,0.0,122.72302305000001,0.7960167038970225,True,True,False,False,False
2026-08-12 00:30:00+08:00,121.75,121.75,False,0.0,19.035,32.2317,0.0,122.70608189999999,0.782211587921214,True,True,False,False,False
2026-08-12 00:31:00+08:00,121.75,121.75,False,0.0,19.025,32.2317,0.0,122.64161849999998,0.72966373026412,True,True,False,False,False
2026-08-12 00:32:00+08:00,121.75,121.75,False,0.0,19.025,32.2317,0.0,122.64161849999998,0.72966373026412,True,True,False,False,False
2026-08-12 00:33:00+08:00,121.75,121.75,False,0.0,19.025,32.2317,0.0,122.64161849999998,0.72966373026412,True,True,False,False,False
2026-08-12 00:34:00+08:00,121.75,121.75,False,0.0,19.025,32.2317,0.0,122.64161849999998,0.72966373026412,True,True,False,False,False
2026-08-12 00:35:00+08:00,122.25,122.25,False,0.0,19.045,32.23239,0.0,122.77317351000002,0.42704002442337863,True,True,False,False,False
2026-08-12 00:36:00+08:00,122.25,122.25,False,0.0,19.055,32.23239,0.0,122.83763829000002,0.4795331940036012,True,True,False,False,False
2026-08-12 00:37:00+08:00,122.25,122.25,False,0.0,19.065,32.23239,0.0,122.90210307000002,0.5319987565546801,True,True,False,False,False
2026-08-12 00:38:00+08:00,122.25,122.25,False,0.0,19.065,32.23239,0.0,122.90210307000002,0.5319987565546801,True,True,False,False,False
2026-08-12 00:39:00+08:00,122.25,122.25,False,0.0,19.065,32.23239,0.0,122.90210307000002,0.5319987565546801,True,True,False,False,False
2026-08-12 00:40:00+08:00,122.25,122.25,False,0.0,19.055,32.23163,0.0,122.83474193000002,0.47717530303623107,True,True,False,False,False
2026-08-12 00:41:00+08:00,122.25,122.25,False,0.0,19.045,32.23163,0.0,122.77027867000001,0.424682130658039,True,True,False,False,False
2026-08-12 00:42:00+08:00,121.75,121.75,False,0.0,19.055,32.23163,0.0,122.83474193000002,0.8870070319517099,True,True,False,False,False
2026-08-12 00:43:00+08:00,121.75,121.75,False,0.0,19.055,32.23163,0.0,122.83474193000002,0.8870070319517099,True,True,False,False,False
2026-08-12 00:44:00+08:00,121.75,121.75,False,0.0,19.065,32.23163,0.0,122.89920519000002,0.9394718360989722,True,True,False,False,False
2026-08-12 00:45:00+08:00,121.75,121.75,False,0.0,19.035,32.22955,0.0,122.69789685,0.7755410148459262,True,True,False,False,False
2026-08-12 00:46:00+08:00,121.75,121.75,False,0.0,19.015,32.22955,0.0,122.56897865,0.6704175455589441,True,True,False,False,False
2026-08-12 00:47:00+08:00,121.25,121.25,False,0.0,19.035,32.22955,0.0,122.69789685,1.1870541773027024,True,True,False,False,False
2026-08-12 00:48:00+08:00,121.25,121.25,False,0.0,19.035,32.22955,0.0,122.69789685,1.1870541773027024,True,True,False,False,False
2026-08-12 00:49:00+08:00,121.75,121.75,False,0.0,19.035,32.22955,0.0,122.69789685,0.7755410148459262,True,True,False,False,False
2026-08-12 00:50:00+08:00,121.75,121.75,False,0.0,19.035,32.23507,0.0,122.71891149000001,0.7926664246137848,True,True,False,False,False
2026-08-12 00:51:00+08:00,121.75,121.75,False,0.0,19.045,32.23507,0.0,122.78338163000001,0.845186553354587,True,True,False,False,False
2026-08-12 00:52:00+08:00,121.75,121.75,False,0.0,19.035,32.23507,0.0,122.71891149000001,0.7926664246137848,True,True,False,False,False
2026-08-12 00:53:00+08:00,121.75,121.75,False,0.0,19.035,32.23507,0.0,122.71891149000001,0.7926664246137848,True,True,False,False,False
2026-08-12 00:54:00+08:00,121.75,121.75,False,0.0,19.045,32.23507,0.0,122.78338163000001,0.845186553354587,True,True,False,False,False
2026-08-12 00:55:00+08:00,121.75,121.75,False,0.0,19.045,32.23587,0.0,122.78642883,0.8476682471882531,True,True,False,False,False
2026-08-12 00:56:00+08:00,121.75,121.75,False,0.0,19.035,32.23587,0.0,122.72195709,0.7951481237925273,True,True,False,False,False
2026-08-12 00:57:00+08:00,121.75,121.75,False,0.0,19.035,32.23587,0.0,122.72195709,0.7951481237925273,True,True,False,False,False
2026-08-12 00:58:00+08:00,121.75,121.75,False,0.0,19.045,32.23587,0.0,122.78642883,0.8476682471882531,True,True,False,False,False
2026-08-12 00:59:00+08:00,121.75,121.75,False,0.0,19.025,32.23587,0.0,122.65748534999997,0.7426002920495033,True,True,False,False,False
2026-08-12 01:00:00+08:00,121.75,121.75,False,0.0,19.015,32.23239,0.0,122.57977917000001,0.679228846208439,True,True,False,False,False
2026-08-12 01:01:00+08:00,121.25,121.25,False,0.0,19.015,32.23239,0.0,122.57977917000001,1.0907438578885615,True,True,False,False,False
2026-08-12 01:02:00+08:00,121.25,121.25,False,0.0,18.995,32.23239,0.0,122.45084961000002,0.9855112215831556,True,True,False,False,False
2026-08-12 01:03:00+08:00,121.25,121.25,False,0.0,18.995,32.23239,0.0,122.45084961000002,0.9855112215831556,True,True,False,False,False
2026-08-12 01:04:00+08:00,121.25,121.25,False,0.0,18.975,32.23239,0.0,122.32192005000002,0.880167180009892,True,True,False,False,False
2026-08-12 01:05:00+08:00,121.25,121.25,False,0.0,18.985,32.23333,0.0,122.38995401,0.9357693524709894,True,True,False,False,False
2026-08-12 01:06:00+08:00,121.75,121.75,False,0.0,19.005000000000003,32.23333,0.0,122.51888733000003,0.629541763099189,True,True,False,False,False
2026-08-12 01:07:00+08:00,121.75,121.75,False,0.0,19.005000000000003,32.23333,0.0,122.51888733000003,0.629541763099189,True,True,False,False,False
2026-08-12 01:08:00+08:00,121.75,121.75,False,0.0,19.005000000000003,32.23333,0.0,122.51888733000003,0.629541763099189,True,True,False,False,False
2026-08-12 01:09:00+08:00,121.75,121.75,False,0.0,19.005000000000003,32.23333,0.0,122.51888733000003,0.629541763099189,True,True,False,False,False
2026-08-12 01:10:00+08:00,121.25,121.25,False,0.0,18.995,32.24069,0.0,122.48238131000001,1.011257760151745,True,True,False,False,False
2026-08-12 01:11:00+08:00,121.25,121.25,False,0.0,18.995,32.24069,0.0,122.48238131000001,1.011257760151745,True,True,False,False,False
2026-08-12 01:12:00+08:00,121.25,121.25,False,0.0,18.995,32.24069,0.0,122.48238131000001,1.011257760151745,True,True,False,False,False
2026-08-12 01:13:00+08:00,121.25,121.25,False,0.0,18.995,32.24069,0.0,122.48238131000001,1.011257760151745,True,True,False,False,False
2026-08-12 01:14:00+08:00,121.25,121.25,False,0.0,18.975,32.24069,0.0,122.35341855000001,0.9059138468317811,True,True,False,False,False
2026-08-12 01:15:00+08:00,121.25,121.25,False,0.0,18.985,32.2411,0.0,122.4194567,0.959871389576581,True,True,False,False,False
2026-08-12 01:16:00+08:00,121.25,121.25,False,0.0,18.985,32.2411,0.0,122.4194567,0.959871389576581,True,True,False,False,False
2026-08-12 01:17:00+08:00,121.75,121.75,False,0.0,18.995,32.2411,0.0,122.48393890000003,0.6010130314448502,True,True,False,False,False
2026-08-12 01:18:00+08:00,121.75,121.75,False,0.0,19.005000000000003,32.2411,0.0,122.54842110000001,0.653644093486131,True,True,False,False,False
2026-08-12 01:19:00+08:00,121.75,121.75,False,0.0,19.005000000000003,32.2411,0.0,122.54842110000001,0.653644093486131,True,True,False,False,False
2026-08-12 01:20:00+08:00,121.75,121.75,False,0.0,19.005000000000003,32.24627,0.0,122.56807227000002,0.6696780654817468,True,True,False,False,False
2026-08-12 01:21:00+08:00,121.75,121.75,False,0.0,19.005000000000003,32.24627,0.0,122.56807227000002,0.6696780654817468,True,True,False,False,False
2026-08-12 01:22:00+08:00,121.75,121.75,False,0.0,18.995,32.24627,0.0,122.50357973000003,0.6170470302486787,True,True,False,False,False
2026-08-12 01:23:00+08:00,121.75,121.75,False,0.0,18.995,32.24627,0.0,122.50357973000003,0.6170470302486787,True,True,False,False,False
2026-08-12 01:24:00+08:00,121.75,121.75,False,0.0,18.985,32.24627,0.0,122.43908719000001,0.5643881943535343,True,True,False,False,False
2026-08-12 01:25:00+08:00,121.75,121.75,False,0.0,18.985,32.24314,0.0,122.42720258,0.554681250210594,True,True,False,False,False
2026-08-12 01:26:00+08:00,121.75,121.75,False,0.0,18.985,32.24314,0.0,122.42720258,0.554681250210594,True,True,False,False,False
2026-08-12 01:27:00+08:00,121.75,121.75,False,0.0,18.975,32.24314,0.0,122.36271629999999,0.5019945779858485,True,True,False,False,False
2026-08-12 01:28:00+08:00,121.75,121.75,False,0.0,18.985,32.24314,0.0,122.42720258,0.554681250210594,True,True,False,False,False
2026-08-12 01:29:00+08:00,121.75,121.75,False,0.0,18.975,32.24314,0.0,122.36271629999999,0.5019945779858485,True,True,False,False,False
2026-08-12 01:30:00+08:00,121.75,121.75,False,0.0,18.955,32.2443,0.0,122.23814130000001,0.400135266738072,True,True,False,False,False
2026-08-12 01:31:00+08:00,121.75,121.75,False,0.0,18.955,32.2443,0.0,122.23814130000001,0.400135266738072,True,True,False,False,False
2026-08-12 01:32:00+08:00,121.75,121.75,False,0.0,18.965,32.2443,0.0,122.30262990000001,0.4528776438315395,True,True,False,False,False
2026-08-12 01:33:00+08:00,121.25,121.25,False,0.0,18.985,32.2443,0.0,122.4316071,0.9697958857560356,True,True,False,False,False
2026-08-12 01:34:00+08:00,121.25,121.25,False,0.0,18.985,32.2443,0.0,122.4316071,0.9697958857560356,True,True,False,False,False
2026-08-12 01:35:00+08:00,121.75,121.75,False,0.0,19.005000000000003,32.25027,0.0,122.58327627000001,0.6820816899939597,True,True,False,False,False
2026-08-12 01:36:00+08:00,121.75,121.75,False,0.0,19.015,32.25027,0.0,122.64777681000001,0.7346849236668476,True,True,False,False,False
2026-08-12 01:37:00+08:00,121.75,121.75,False,0.0,19.005000000000003,32.25027,0.0,122.58327627000001,0.6820816899939597,True,True,False,False,False
2026-08-12 01:38:00+08:00,121.75,121.75,False,0.0,18.995,32.25027,0.0,122.51877573000002,0.6294506759634101,True,True,False,False,False
2026-08-12 01:39:00+08:00,121.75,121.75,False,0.0,18.995,32.25027,0.0,122.51877573000002,0.6294506759634101,True,True,False,False,False
2026-08-12 01:40:00+08:00,121.75,121.75,False,0.0,18.995,32.24705,0.0,122.50654295000001,0.6194658622961655,True,True,False,False,False
2026-08-12 01:41:00+08:00,121.75,121.75,False,0.0,19.005000000000003,32.24705,0.0,122.57103705000002,0.672096893426325,True,True,False,False,False
2026-08-12 01:42:00+08:00,121.75,121.75,False,0.0,19.015,32.24705,0.0,122.63553115000002,0.7247001455716252,True,True,False,False,False
2026-08-12 01:43:00+08:00,121.75,121.75,False,0.0,19.015,32.24705,0.0,122.63553115000002,0.7247001455716252,True,True,False,False,False
2026-08-12 01:44:00+08:00,121.75,121.75,False,0.0,19.005000000000003,32.24705,0.0,122.57103705000002,0.672096893426325,True,True,False,False,False
2026-08-12 01:45:00+08:00,121.75,121.75,False,0.0,18.995,32.24729,0.0,122.50745471,0.6202101065036556,True,True,False,False,False
2026-08-12 01:46:00+08:00,121.75,121.75,False,0.0,18.995,32.24729,0.0,122.50745471,0.6202101065036556,True,True,False,False,False
2026-08-12 01:47:00+08:00,121.75,121.75,False,0.0,18.995,32.24729,0.0,122.50745471,0.6202101065036556,True,True,False,False,False
2026-08-12 01:48:00+08:00,121.75,121.75,False,0.0,19.005000000000003,32.24729,0.0,122.57194929000002,0.6728411363683096,True,True,False,False,False
2026-08-12 01:49:00+08:00,121.75,121.75,False,0.0,18.995,32.24729,0.0,122.50745471,0.6202101065036556,True,True,False,False,False
2026-08-12 01:50:00+08:00,121.75,121.75,False,0.0,19.005000000000003,32.24758,0.0,122.57305158000001,0.6737404225082018,True,True,False,False,False
2026-08-12 01:51:00+08:00,121.75,121.75,False,0.0,18.995,32.24758,0.0,122.50855642000002,0.6211093941746625,True,True,False,False,False
2026-08-12 01:52:00+08:00,121.75,121.75,False,0.0,18.995,32.24758,0.0,122.50855642000002,0.6211093941746625,True,True,False,False,False
2026-08-12 01:53:00+08:00,121.75,121.75,False,0.0,18.995,32.24758,0.0,122.50855642000002,0.6211093941746625,True,True,False,False,False
2026-08-12 01:54:00+08:00,121.75,121.75,False,0.0,18.995,32.24758,0.0,122.50855642000002,0.6211093941746625,True,True,False,False,False
2026-08-12 01:55:00+08:00,121.75,121.75,False,0.0,18.995,32.24471,0.0,122.49765328999999,0.6122091900815807,True,True,False,False,False
2026-08-12 01:56:00+08:00,121.75,121.75,False,0.0,18.995,32.24471,0.0,122.49765328999999,0.6122091900815807,True,True,False,False,False
2026-08-12 01:57:00+08:00,121.75,121.75,False,0.0,18.985,32.24471,0.0,122.43316387,0.5595503466927877,True,True,False,False,False
2026-08-12 01:58:00+08:00,121.75,121.75,False,0.0,19.005000000000003,32.24471,0.0,122.56214271000002,0.66484023347463,True,True,False,False,False
2026-08-12 01:59:00+08:00,121.75,121.75,False,0.0,19.005000000000003,32.24471,0.0,122.56214271000002,0.66484023347463,True,True,False,False,False
2026-08-12 02:00:00+08:00,121.75,121.75,False,0.0,19.005000000000003,32.24563,0.0,122.56563963,0.6676933422970707,True,True,False,False,False
2026-08-12 02:01:00+08:00,121.75,121.75,False,0.0,19.005000000000003,32.24563,0.0,122.56563963,0.6676933422970707,True,True,False,False,False
2026-08-12 02:02:00+08:00,121.75,121.75,False,0.0,18.995,32.24563,0.0,122.50114837000001,0.6150623037089222,True,True,False,False,False
2026-08-12 02:03:00+08:00,121.75,121.75,False,0.0,19.015,32.24563,0.0,122.63013088999999,0.7202966025058336,True,True,False,False,False
2026-08-12 02:04:00+08:00,121.75,121.75,False,0.0,19.015,32.24563,0.0,122.63013088999999,0.7202966025058336,True,True,False,False,False
2026-08-12 02:05:00+08:00,121.75,121.75,False,0.0,19.005000000000003,32.24329,0.0,122.55674529000002,0.6604363617078116,True,True,False,False,False
2026-08-12 02:06:00+08:00,121.75,121.75,False,0.0,18.995,32.24329,0.0,122.49225871000002,0.6078053109403425,True,True,False,False,False
2026-08-12 02:07:00+08:00,121.75,121.75,False,0.0,18.995,32.24329,0.0,122.49225871000002,0.6078053109403425,True,True,False,False,False
2026-08-12 02:08:00+08:00,121.75,121.75,False,0.0,18.985,32.24329,0.0,122.42777213,0.5551464607836202,True,True,False,False,False
2026-08-12 02:09:00+08:00,121.75,121.75,False,0.0,18.995,32.24329,0.0,122.49225871000002,0.6078053109403425,True,True,False,False,False
2026-08-12 02:10:00+08:00,121.75,121.75,False,0.0,18.985,32.25187,0.0,122.46035038999999,0.5817528936554653,True,True,False,False,False
2026-08-12 02:11:00+08:00,121.75,121.75,False,0.0,18.985,32.25187,0.0,122.46035038999999,0.5817528936554653,True,True,False,False,False
2026-08-12 02:12:00+08:00,121.75,121.75,False,0.0,18.985,32.25187,0.0,122.46035038999999,0.5817528936554653,True,True,False,False,False
2026-08-12 02:13:00+08:00,121.75,121.75,False,0.0,18.975,32.25187,0.0,122.39584665,0.5290662600751604,True,True,False,False,False
2026-08-12 02:14:00+08:00,121.75,121.75,False,0.0,18.975,32.25187,0.0,122.39584665,0.5290662600751604,True,True,False,False,False
2026-08-12 02:15:00+08:00,121.75,121.75,False,0.0,18.975,32.25309,0.0,122.40047655000001,0.5328488882689487,True,True,False,False,False
2026-08-12 02:16:00+08:00,121.75,121.75,False,0.0,18.975,32.25309,0.0,122.40047655000001,0.5328488882689487,True,True,False,False,False
2026-08-12 02:17:00+08:00,121.75,121.75,False,0.0,18.975,32.25309,0.0,122.40047655000001,0.5328488882689487,True,True,False,False,False
2026-08-12 02:18:00+08:00,121.75,121.75,False,0.0,18.975,32.25309,0.0,122.40047655000001,0.5328488882689487,True,True,False,False,False
2026-08-12 02:19:00+08:00,121.75,121.75,False,0.0,18.965,32.25309,0.0,122.33597037,0.48013441256926787,True,True,False,False,False
2026-08-12 02:20:00+08:00,121.25,121.25,False,0.0,18.955,32.25447,0.0,122.27669576999998,0.8431895047511694,True,True,False,False,False
2026-08-12 02:21:00+08:00,121.25,121.25,False,0.0,18.975,32.25447,0.0,122.40571365000001,0.9486448174657938,True,True,False,False,False
2026-08-12 02:22:00+08:00,121.25,121.25,False,0.0,18.975,32.25447,0.0,122.40571365000001,0.9486448174657938,True,True,False,False,False
2026-08-12 02:23:00+08:00,121.25,121.25,False,0.0,18.965,32.25447,0.0,122.34120470999999,0.8959311246882542,True,True,False,False,False
2026-08-12 02:24:00+08:00,121.25,121.25,False,0.0,18.975,32.25447,0.0,122.40571365000001,0.9486448174657938,True,True,False,False,False
2026-08-12 02:25:00+08:00,121.25,121.25,False,0.0,18.975,32.25302,0.0,122.4002109,0.9441493161457426,True,True,False,False,False
2026-08-12 02:26:00+08:00,121.25,121.25,False,0.0,18.975,32.25302,0.0,122.4002109,0.9441493161457426,True,True,False,False,False
2026-08-12 02:27:00+08:00,121.25,121.25,False,0.0,18.945,32.25302,0.0,122.20669278,0.7859244032896759,True,True,False,False,False
2026-08-12 02:28:00+08:00,121.25,121.25,False,0.0,18.935,32.25302,0.0,122.14218673999999,0.7331268533718795,True,True,False,False,False
2026-08-12 02:29:00+08:00,121.25,121.25,False,0.0,18.935,32.25302,0.0,122.14218673999999,0.7331268533718795,True,True,False,False,False
2026-08-12 02:30:00+08:00,121.25,121.25,False,0.0,18.955,32.25388,0.0,122.27445908,0.8413603166353453,True,True,False,False,False
2026-08-12 02:31:00+08:00,121.25,121.25,False,0.0,18.965,32.25388,0.0,122.33896684000001,0.8941019407626072,True,True,False,False,False
2026-08-12 02:32:00+08:00,121.25,121.25,False,0.0,18.955,32.25388,0.0,122.27445908,0.8413603166353453,True,True,False,False,False
2026-08-12 02:33:00+08:00,121.25,121.25,False,0.0,18.945,32.25388,0.0,122.20995132,0.7885907434017816,True,True,False,False,False
2026-08-12 02:34:00+08:00,121.25,121.25,False,0.0,18.955,32.25388,0.0,122.27445908,0.8413603166353453,True,True,False,False,False
2026-08-12 02:35:00+08:00,121.25,121.25,False,0.0,18.965,32.24956,0.0,122.32258108,0.8807075699934575,True,True,False,False,False
2026-08-12 02:36:00+08:00,121.25,121.25,False,0.0,18.965,32.24956,0.0,122.32258108,0.8807075699934575,True,True,False,False,False
2026-08-12 02:37:00+08:00,121.25,121.25,False,0.0,18.945,32.24956,0.0,122.19358284000002,0.7751963136528236,True,True,False,False,False
2026-08-12 02:38:00+08:00,121.25,121.25,False,0.0,18.955,32.24956,0.0,122.25808196,0.8279659154521135,True,True,False,False,False
2026-08-12 02:39:00+08:00,121.25,121.25,False,0.0,18.955,32.24956,0.0,122.25808196,0.8279659154521135,True,True,False,False,False
2026-08-12 02:40:00+08:00,121.25,121.25,False,0.0,18.945,32.24699,0.0,122.18384511,0.767227013629118,True,True,False,False,False
2026-08-12 02:41:00+08:00,121.25,121.25,False,0.0,18.935,32.24699,0.0,122.11935112999997,0.7144294266828947,True,True,False,False,False
2026-08-12 02:42:00+08:00,121.25,121.25,False,0.0,18.945,32.24699,0.0,122.18384511,0.767227013629118,True,True,False,False,False
2026-08-12 02:43:00+08:00,121.25,121.25,False,0.0,18.945,32.24699,0.0,122.18384511,0.767227013629118,True,True,False,False,False
2026-08-12 02:44:00+08:00,121.25,121.25,False,0.0,18.935,32.24699,0.0,122.11935112999997,0.7144294266828947,True,True,False,False,False
2026-08-12 02:45:00+08:00,121.25,121.25,False,0.0,18.935,32.24464,0.0,122.11045167999998,0.7071417513075704,True,True,False,False,False
2026-08-12 02:46:00+08:00,121.25,121.25,False,0.0,18.955,32.24464,0.0,122.23943023999998,0.8127089861968343,True,True,False,False,False
2026-08-12 02:47:00+08:00,121.25,121.25,False,0.0,18.965,32.24464,0.0,122.30391951999998,0.8654506748050381,True,True,False,False,False
2026-08-12 02:48:00+08:00,121.25,121.25,False,0.0,18.975,32.24464,0.0,122.3684088,0.9181644404533993,True,True,False,False,False
2026-08-12 02:49:00+08:00,121.25,121.25,False,0.0,18.985,32.24464,0.0,122.43289808,0.9708503053108478,True,True,False,False,False
2026-08-12 02:50:00+08:00,121.25,121.25,False,0.0,18.985,32.24552,0.0,122.43623943999998,0.9735793393389813,True,True,False,False,False
2026-08-12 02:51:00+08:00,121.25,121.25,False,0.0,18.985,32.24552,0.0,122.43623943999998,0.9735793393389813,True,True,False,False,False
2026-08-12 02:52:00+08:00,121.25,121.25,False,0.0,18.985,32.24552,0.0,122.43623943999998,0.9735793393389813,True,True,False,False,False
2026-08-12 02:53:00+08:00,121.25,121.25,False,0.0,18.995,32.24552,0.0,122.50073047999999,1.0262373183760456,True,True,False,False,False
2026-08-12 02:54:00+08:00,121.25,121.25,False,0.0,18.995,32.24552,0.0,122.50073047999999,1.0262373183760456,True,True,False,False,False
2026-08-12 02:55:00+08:00,121.25,121.25,False,0.0,18.985,32.24534,0.0,122.43555597999998,0.9730211339216819,True,True,False,False,False
2026-08-12 02:56:00+08:00,121.25,121.25,False,0.0,18.985,32.24534,0.0,122.43555597999998,0.9730211339216819,True,True,False,False,False
2026-08-12 02:57:00+08:00,121.25,121.25,False,0.0,18.995,32.24534,0.0,122.50004666,1.025679114427945,True,True,False,False,False
2026-08-12 02:58:00+08:00,121.25,121.25,False,0.0,18.985,32.24534,0.0,122.43555597999998,0.9730211339216819,True,True,False,False,False
2026-08-12 02:59:00+08:00,121.25,121.25,False,0.0,18.985,32.24534,0.0,122.43555597999998,0.9730211339216819,True,True,False,False,False
2026-08-12 03:00:00+08:00,121.25,121.25,False,0.0,18.975,32.24586,0.0,122.37303870000001,0.9219478633816164,True,True,False,False,False
2026-08-12 03:01:00+08:00,121.25,121.25,False,0.0,18.975,32.24586,0.0,122.37303870000001,0.9219478633816164,True,True,False,False,False
2026-08-12 03:02:00+08:00,121.25,121.25,False,0.0,18.975,32.24586,0.0,122.37303870000001,0.9219478633816164,True,True,False,False,False
2026-08-12 03:03:00+08:00,121.75,121.75,False,0.0,18.985,32.24586,0.0,122.43753042,0.5631167314870309,True,True,False,False,False
2026-08-12 03:04:00+08:00,121.75,121.75,False,0.0,18.975,32.24586,0.0,122.37303870000001,0.5104300710967754,True,True,False,False,False
2026-08-12 03:05:00+08:00,121.25,121.25,False,0.0,18.965,32.24612,0.0,122.30953316,0.8700403932076587,True,True,False,False,False
2026-08-12 03:06:00+08:00,121.25,121.25,False,0.0,18.955,32.24612,0.0,122.24504091999998,0.8172987147831887,True,True,False,False,False
2026-08-12 03:07:00+08:00,121.25,121.25,False,0.0,18.975,32.24612,0.0,122.37402540000001,0.9227541480397916,True,True,False,False,False
2026-08-12 03:08:00+08:00,121.25,121.25,False,0.0,18.955,32.24612,0.0,122.24504091999998,0.8172987147831887,True,True,False,False,False
2026-08-12 03:09:00+08:00,121.25,121.25,False,0.0,18.945,32.24612,0.0,122.18054867999999,0.7645290905729614,True,True,False,False,False
2026-08-12 03:10:00+08:00,121.25,121.25,False,0.0,18.955,32.24679,0.0,122.24758088999997,0.8193764277688028,True,True,False,False,False
2026-08-12 03:11:00+08:00,121.25,121.25,False,0.0,18.975,32.24679,0.0,122.37656804999999,0.9248318514824547,True,True,False,False,False
2026-08-12 03:12:00+08:00,121.25,121.25,False,0.0,18.975,32.24679,0.0,122.37656804999999,0.9248318514824547,True,True,False,False,False
2026-08-12 03:13:00+08:00,121.75,121.75,False,0.0,18.995,32.24679,0.0,122.50555520999998,0.6186595914679528,True,True,False,False,False
2026-08-12 03:14:00+08:00,121.75,121.75,False,0.0,18.985,32.24679,0.0,122.44106163,0.5660007580843351,True,True,False,False,False
2026-08-12 03:15:00+08:00,121.75,121.75,False,0.0,18.985,32.24482,0.0,122.43358153999998,0.5598914846680625,True,True,False,False,False
2026-08-12 03:16:00+08:00,121.75,121.75,False,0.0,18.995,32.24482,0.0,122.49807117999998,0.612550327530478,True,True,False,False,False
2026-08-12 03:17:00+08:00,121.75,121.75,False,0.0,18.995,32.24482,0.0,122.49807117999998,0.612550327530478,True,True,False,False,False
2026-08-12 03:18:00+08:00,121.75,121.75,False,0.0,19.005000000000003,32.24482,0.0,122.56256082,0.6651813703501432,True,True,False,False,False
2026-08-12 03:19:00+08:00,121.75,121.75,False,0.0,18.995,32.24482,0.0,122.49807117999998,0.612550327530478,True,True,False,False,False
2026-08-12 03:20:00+08:00,121.75,121.75,False,0.0,18.995,32.24622,0.0,122.50338978000002,0.6168919749106463,True,True,False,False,False
2026-08-12 03:21:00+08:00,121.75,121.75,False,0.0,18.995,32.24622,0.0,122.50338978000002,0.6168919749106463,True,True,False,False,False
2026-08-12 03:22:00+08:00,121.75,121.75,False,0.0,18.975,32.24622,0.0,122.37440490000002,0.5115464799644176,True,True,False,False,False
2026-08-12 03:23:00+08:00,121.25,121.25,False,0.0,18.975,32.24622,0.0,122.37440490000002,0.9230642557846767,True,True,False,False,False
2026-08-12 03:24:00+08:00,121.25,121.25,False,0.0,18.985,32.24622,0.0,122.43889734,0.97575010841895,True,True,False,False,False
2026-08-12 03:25:00+08:00,121.25,121.25,False,0.0,18.985,32.25112,0.0,122.45750264,0.990944166198856,True,True,False,False,False
2026-08-12 03:26:00+08:00,121.25,121.25,False,0.0,18.985,32.25112,0.0,122.45750264,0.990944166198856,True,True,False,False,False
2026-08-12 03:27:00+08:00,121.25,121.25,False,0.0,18.995,32.25112,0.0,122.52200488000001,1.0436020991222292,True,True,False,False,False
2026-08-12 03:28:00+08:00,121.75,121.75,False,0.0,19.005000000000003,32.25112,0.0,122.58650712000001,0.6847172613376002,True,True,False,False,False
2026-08-12 03:29:00+08:00,121.75,121.75,False,0.0,18.995,32.25112,0.0,122.52200488000001,0.6320862518644027,True,True,False,False,False
2026-08-12 03:30:00+08:00,121.75,121.75,False,0.0,19.015,32.24963,0.0,122.64534289000001,0.7327004511726677,True,True,False,False,False
2026-08-12 03:31:00+08:00,121.75,121.75,False,0.0,18.995,32.24963,0.0,122.51634437000003,0.6274661963575422,True,True,False,False,False
2026-08-12 03:32:00+08:00,121.75,121.75,False,0.0,18.975,32.24963,0.0,122.38734585000002,0.5221207331315934,True,True,False,False,False
2026-08-12 03:33:00+08:00,121.75,121.75,False,0.0,18.985,32.24963,0.0,122.45184511,0.5748073768106458,True,True,False,False,False
2026-08-12 03:34:00+08:00,121.75,121.75,False,0.0,18.995,32.24963,0.0,122.51634437000003,0.6274661963575422,True,True,False,False,False
2026-08-12 03:35:00+08:00,121.75,121.75,False,0.0,18.975,32.25085,0.0,122.39197575,0.5259036247477409,True,True,False,False,False
2026-08-12 03:36:00+08:00,121.75,121.75,False,0.0,18.985,32.25085,0.0,122.45647745,0.578590262942261,True,True,False,False,False
2026-08-12 03:37:00+08:00,121.75,121.75,False,0.0,18.975,32.25085,0.0,122.39197575,0.5259036247477409,True,True,False,False,False
2026-08-12 03:38:00+08:00,121.75,121.75,False,0.0,18.985,32.25085,0.0,122.45647745,0.578590262942261,True,True,False,False,False
2026-08-12 03:39:00+08:00,121.75,121.75,False,0.0,18.975,32.25085,0.0,122.39197575,0.5259036247477409,True,True,False,False,False
2026-08-12 03:40:00+08:00,121.25,121.25,False,0.0,18.965,32.24735,0.0,122.31419854999999,0.87385466036095,True,True,False,False,False
2026-08-12 03:41:00+08:00,121.25,121.25,False,0.0,18.945,32.24735,0.0,122.18520914999999,0.7683433742106993,True,True,False,False,False
2026-08-12 03:42:00+08:00,121.25,121.25,False,0.0,18.935,32.24735,0.0,122.12071445,0.7155457894494374,True,True,False,False,False
2026-08-12 03:43:00+08:00,121.25,121.25,False,0.0,18.945,32.24735,0.0,122.18520914999999,0.7683433742106993,True,True,False,False,False
2026-08-12 03:44:00+08:00,121.25,121.25,False,0.0,18.935,32.24735,0.0,122.12071445,0.7155457894494374,True,True,False,False,False
2026-08-12 03:45:00+08:00,121.25,121.25,False,0.0,18.925,32.24999,0.0,122.06621215,0.6709065070409845,True,True,False,False,False
2026-08-12 03:46:00+08:00,121.25,121.25,False,0.0,18.935,32.24999,0.0,122.13071212999998,0.7237320675843466,True,True,False,False,False
2026-08-12 03:47:00+08:00,121.25,121.25,False,0.0,18.945,32.24999,0.0,122.19521210999999,0.7765296362229498,True,True,False,False,False
2026-08-12 03:48:00+08:00,121.25,121.25,False,0.0,18.935,32.24999,0.0,122.13071212999998,0.7237320675843466,True,True,False,False,False
2026-08-12 03:49:00+08:00,121.25,121.25,False,0.0,18.92,32.24999,0.0,122.03396216000002,0.6444832228475703,True,True,False,False,False
2026-08-12 03:50:00+08:00,121.25,121.25,False,0.0,18.945,32.251,0.0,122.199039,0.7796613236990425,True,True,False,False,False
2026-08-12 03:51:00+08:00,121.25,121.25,False,0.0,18.935,32.251,0.0,122.13453699999998,0.726863761275007,True,True,False,False,False
2026-08-12 03:52:00+08:00,121.25,121.25,False,0.0,18.925,32.251,0.0,122.070035,0.6740382065126731,True,True,False,False,False
2026-08-12 03:53:00+08:00,121.25,121.25,False,0.0,18.925,32.251,0.0,122.070035,0.6740382065126731,True,True,False,False,False
2026-08-12 03:54:00+08:00,121.25,121.25,False,0.0,18.935,32.251,0.0,122.13453699999998,0.726863761275007,True,True,False,False,False
2026-08-12 03:55:00+08:00,121.25,121.25,False,0.0,18.945,32.24645,0.0,122.18179905000002,0.7655524492990624,True,True,False,False,False
2026-08-12 03:56:00+08:00,121.75,121.75,False,0.0,18.955,32.24645,0.0,122.24629195,0.40680286248095976,True,True,False,False,False
2026-08-12 03:57:00+08:00,121.75,121.75,False,0.0,18.935,32.24645,0.0,122.11730615000002,0.30123443424933144,True,True,False,False,False
2026-08-12 03:58:00+08:00,121.25,121.25,False,0.0,18.925,32.24645,0.0,122.05281325000001,0.6599292784790798,True,True,False,False,False
2026-08-12 03:59:00+08:00,121.25,121.25,False,0.0,18.945,32.24645,0.0,122.18179905000002,0.7655524492990624,True,True,False,False,False
2026-08-12 21:30:00+08:00,126.25,126.25,False,0.0,19.520000000000003,32.21085,0.0,125.75115840000004,-0.3959042118434667,True,True,False,False,False
2026-08-12 21:31:00+08:00,125.75,125.75,False,0.0,19.380000000000003,32.21085,0.0,124.84925460000002,-0.7188731677895236,True,True,False,False,False
2026-08-12 21:32:00+08:00,126.25,126.25,False,0.0,19.44,32.21085,0.0,125.2357848,-0.8065785513933313,True,True,False,False,False
2026-08-12 21:33:00+08:00,126.25,126.25,False,0.0,19.47,32.21085,0.0,125.4290499,-0.6523785752737018,True,True,False,False,False
2026-08-12 21:34:00+08:00,125.75,125.75,False,0.0,19.485,32.21085,0.0,125.52568245,-0.17854298339802996,True,True,False,False,False
2026-08-12 21:35:00+08:00,125.75,125.75,False,0.0,19.475,32.20873,0.0,125.45300335000002,-0.2364594738432953,True,True,False,False,False
2026-08-12 21:36:00+08:00,125.75,125.75,False,0.0,19.495,32.20873,0.0,125.58183827000002,-0.13381649627639117,True,True,False,False,False
2026-08-12 21:37:00+08:00,126.25,126.25,False,0.0,19.5,32.20873,0.0,125.614047,-0.5049970470775456,True,True,False,False,False
2026-08-12 21:38:00+08:00,125.75,125.75,False,0.0,19.485,32.20873,0.0,125.51742081,-0.1851248277633766,True,True,False,False,False
2026-08-12 21:39:00+08:00,125.75,125.75,False,0.0,19.495,32.20873,0.0,125.58183827000002,-0.13381649627639117,True,True,False,False,False
2026-08-12 21:40:00+08:00,125.75,125.75,False,0.0,19.48,32.21266,0.0,125.50052336000002,-0.19858795648558702,True,True,False,False,False
2026-08-12 21:41:00+08:00,125.75,125.75,False,0.0,19.505000000000003,32.21266,0.0,125.66158666000001,-0.07033354442773178,True,True,False,False,False
2026-08-12 21:42:00+08:00,125.75,125.75,False,0.0,19.515,32.21266,0.0,125.72601198,-0.019077779873423645,True,True,False,False,False
2026-08-12 21:43:00+08:00,126.25,126.25,False,0.0,19.515,32.21266,0.0,125.72601198,-0.4159030979834658,True,True,False,False,False
2026-08-12 21:44:00+08:00,126.25,126.25,False,0.0,19.495,32.21266,0.0,125.59716134,-0.5184403560686967,True,True,False,False,False
2026-08-12 21:45:00+08:00,126.25,126.25,False,0.0,19.53,32.23392,0.0,125.90569152,-0.273091975774567,True,True,False,False,False
2026-08-12 21:46:00+08:00,126.25,126.25,False,0.0,19.57,32.23392,0.0,126.16356288,-0.0684884908827918,True,True,False,False,False
2026-08-12 21:47:00+08:00,126.25,126.25,False,0.0,19.545,32.23392,0.0,126.00239328,-0.19631664681583408,True,True,False,False,False
2026-08-12 21:48:00+08:00,126.25,126.25,False,0.0,19.595,32.23392,0.0,126.32473248,0.05917652907415202,True,True,False,False,False
2026-08-12 21:49:00+08:00,126.25,126.25,False,0.0,19.575,32.23392,0.0,126.1957968,-0.04294244601184301,True,True,False,False,False
2026-08-12 21:50:00+08:00,126.25,126.25,False,0.0,19.565,32.23218,0.0,126.12452034,-0.09943924595157197,True,True,False,False,False
2026-08-12 21:51:00+08:00,126.25,126.25,False,0.0,19.545,32.23218,0.0,125.99559162,-0.2017148274949908,True,True,False,False,False
2026-08-12 21:52:00+08:00,126.25,126.25,False,0.0,19.565,32.23218,0.0,126.12452034,-0.09943924595157197,True,True,False,False,False
2026-08-12 21:53:00+08:00,126.25,126.25,False,0.0,19.565,32.23218,0.0,126.12452034,-0.09943924595157197,True,True,False,False,False
2026-08-12 21:54:00+08:00,125.75,125.75,False,0.0,19.525,32.23218,0.0,125.86666289999998,0.0927306631090211,True,True,False,False,False
2026-08-12 21:55:00+08:00,125.75,125.75,False,0.0,19.51,32.23399,0.0,125.77702898,0.02149190892891785,True,True,False,False,False
2026-08-12 21:56:00+08:00,125.75,125.75,False,0.0,19.445,32.23399,0.0,125.35798711,-0.3122265400728007,True,True,False,False,False
2026-08-12 21:57:00+08:00,125.75,125.75,False,0.0,19.465,32.23399,0.0,125.48692306999999,-0.209425371705187,True,True,False,False,False
2026-08-12 21:58:00+08:00,125.75,125.75,False,0.0,19.505000000000003,32.23399,0.0,125.74479499000002,-0.00413925862775025,True,True,False,False,False
2026-08-12 21:59:00+08:00,125.75,125.75,False,0.0,19.505000000000003,32.23399,0.0,125.74479499000002,-0.00413925862775025,True,True,False,False,False
2026-08-12 22:00:00+08:00,125.75,125.75,False,0.0,19.455,32.23447,0.0,125.42432277,-0.259323665260337,True,True,False,False,False
2026-08-12 22:01:00+08:00,125.75,125.75,False,0.0,19.505000000000003,32.23447,0.0,125.74666747000003,-0.002650158376642148,True,True,False,False,False
2026-08-12 22:02:00+08:00,125.75,125.75,False,0.0,19.425,32.23447,0.0,125.23091595000001,-0.41364423907306197,True,True,False,False,False
2026-08-12 22:03:00+08:00,125.75,125.75,False,0.0,19.465,32.23447,0.0,125.48879171000002,-0.20793627307481433,True,True,False,False,False
2026-08-12 22:04:00+08:00,125.75,125.75,False,0.0,19.455,32.23447,0.0,125.42432277,-0.259323665260337,True,True,False,False,False
2026-08-12 22:05:00+08:00,125.75,125.75,False,0.0,19.505000000000003,32.2361,0.0,125.75302610000001,0.002406412397448126,True,True,False,False,False
2026-08-12 22:06:00+08:00,125.75,125.75,False,0.0,19.515,32.2361,0.0,125.81749830000001,0.053662178505681085,True,True,False,False,False
2026-08-12 22:07:00+08:00,125.75,125.75,False,0.0,19.525,32.2361,0.0,125.8819705,0.10489167949348012,True,True,False,False,False
2026-08-12 22:08:00+08:00,125.75,125.75,False,0.0,19.515,32.2361,0.0,125.81749830000001,0.053662178505681085,True,True,False,False,False
2026-08-12 22:09:00+08:00,125.75,125.75,False,0.0,19.525,32.2361,0.0,125.8819705,0.10489167949348012,True,True,False,False,False
2026-08-12 22:10:00+08:00,125.75,125.75,False,0.0,19.53,32.23294,0.0,125.90186364000002,0.12069343560853923,True,True,False,False,False
2026-08-12 22:11:00+08:00,125.75,125.75,False,0.0,19.505000000000003,32.23294,0.0,125.74069894000002,-0.00739674273377668,True,True,False,False,False
2026-08-12 22:12:00+08:00,125.75,125.75,False,0.0,19.505000000000003,32.23294,0.0,125.74069894000002,-0.00739674273377668,True,True,False,False,False
2026-08-12 22:13:00+08:00,125.75,125.75,False,0.0,19.485,32.23294,0.0,125.61176717999999,-0.10998714844411855,True,True,False,False,False
2026-08-12 22:14:00+08:00,125.75,125.75,False,0.0,19.465,32.23294,0.0,125.48283541999999,-0.21268285218640276,True,True,False,False,False
2026-08-12 22:15:00+08:00,125.75,125.75,False,0.0,19.485,32.22567,0.0,125.58343599,-0.13254425090231853,True,True,False,False,False
2026-08-12 22:16:00+08:00,125.75,125.75,False,0.0,19.485,32.22567,0.0,125.58343599,-0.13254425090231853,True,True,False,False,False
2026-08-12 22:17:00+08:00,125.75,125.75,False,0.0,19.485,32.22567,0.0,125.58343599,-0.13254425090231853,True,True,False,False,False
2026-08-12 22:18:00+08:00,125.75,125.75,False,0.0,19.495,32.22567,0.0,125.64788733,-0.0812359014504824,True,True,False,False,False
2026-08-12 22:19:00+08:00,125.75,125.75,False,0.0,19.465,32.22567,0.0,125.45453331000002,-0.23523993465146723,True,True,False,False,False
2026-08-12 22:20:00+08:00,125.75,125.75,False,0.0,19.465,32.22631,0.0,125.45702483,-0.23325396270129886,True,True,False,False,False
2026-08-12 22:21:00+08:00,125.75,125.75,False,0.0,19.385,32.22631,0.0,124.94140387,-0.645092825296322,True,True,False,False,False
2026-08-12 22:22:00+08:00,125.25,125.25,False,0.0,19.405,32.22631,0.0,125.07030911,-0.14356876646476222,True,True,False,False,False
2026-08-12 22:23:00+08:00,125.75,125.75,False,0.0,19.395,32.22631,0.0,125.00585649,-0.5935203431866221,True,True,False,False,False
2026-08-12 22:24:00+08:00,125.75,125.75,False,0.0,19.425,32.22631,0.0,125.19921434999999,-0.438961844472504,True,True,False,False,False
2026-08-12 22:25:00+08:00,125.75,125.75,False,0.0,19.445,32.21753,0.0,125.29397416999998,-0.3633035459287366,True,True,False,False,False
2026-08-12 22:26:00+08:00,125.75,125.75,False,0.0,19.465,32.21753,0.0,125.42284428999999,-0.26050245274308814,True,True,False,False,False
2026-08-12 22:27:00+08:00,125.75,125.75,False,0.0,19.455,32.21753,0.0,125.35840922999998,-0.3118898098242091,True,True,False,False,False
2026-08-12 22:28:00+08:00,125.75,125.75,False,0.0,19.455,32.21753,0.0,125.35840922999998,-0.3118898098242091,True,True,False,False,False
2026-08-12 22:29:00+08:00,125.75,125.75,False,0.0,19.445,32.21753,0.0,125.29397416999998,-0.3633035459287366,True,True,False,False,False
2026-08-12 22:30:00+08:00,125.75,125.75,False,0.0,19.425,32.22802,0.0,125.2058577,-0.43365578710698033,True,True,False,False,False
2026-08-12 22:31:00+08:00,125.25,125.25,False,0.0,19.405,32.22802,0.0,125.07694562000002,-0.1382626864809682,True,True,False,False,False
2026-08-12 22:32:00+08:00,125.25,125.25,False,0.0,19.395,32.22802,0.0,125.01248958000001,-0.1898090444145996,True,True,False,False,False
2026-08-12 22:33:00+08:00,125.75,125.75,False,0.0,19.405,32.22802,0.0,125.07694562000002,-0.5366683219271441,True,True,False,False,False
2026-08-12 22:34:00+08:00,125.25,125.25,False,0.0,19.375,32.22802,0.0,124.8835775,-0.2929814570776678,True,True,False,False,False
2026-08-12 22:35:00+08:00,125.25,125.25,False,0.0,19.415,32.2245,0.0,125.1277335,-0.09766563367344719,True,True,False,False,False
2026-08-12 22:36:00+08:00,125.75,125.75,False,0.0,19.425,32.2245,0.0,125.19218249999999,-0.4445785036559272,True,True,False,False,False
2026-08-12 22:37:00+08:00,125.75,125.75,False,0.0,19.425,32.2245,0.0,125.19218249999999,-0.4445785036559272,True,True,False,False,False
2026-08-12 22:38:00+08:00,125.75,125.75,False,0.0,19.425,32.2245,0.0,125.19218249999999,-0.4445785036559272,True,True,False,False,False
2026-08-12 22:39:00+08:00,125.75,125.75,False,0.0,19.425,32.2245,0.0,125.19218249999999,-0.4445785036559272,True,True,False,False,False
2026-08-12 22:40:00+08:00,125.75,125.75,False,0.0,19.435,32.22873,0.0,125.27307350999999,-0.3799861768332716,True,True,False,False,False
2026-08-12 22:41:00+08:00,125.75,125.75,False,0.0,19.415,32.22873,0.0,125.14415858999999,-0.48294580743113247,True,True,False,False,False
2026-08-12 22:42:00+08:00,125.75,125.75,False,0.0,19.405,32.22873,0.0,125.07970113000002,-0.5344653101129995,True,True,False,False,False
2026-08-12 22:43:00+08:00,125.75,125.75,False,0.0,19.435,32.22873,0.0,125.27307350999999,-0.3799861768332716,True,True,False,False,False
2026-08-12 22:44:00+08:00,125.75,125.75,False,0.0,19.435,32.22873,0.0,125.27307350999999,-0.3799861768332716,True,True,False,False,False
2026-08-12 22:45:00+08:00,125.75,125.75,False,0.0,19.415,32.22898,0.0,125.14512934,-0.48217010955227746,True,True,False,False,False
2026-08-12 22:46:00+08:00,125.75,125.75,False,0.0,19.425,32.22898,0.0,125.2095873,-0.4306770710090377,True,True,False,False,False
2026-08-12 22:47:00+08:00,125.75,125.75,False,0.0,19.405,32.22898,0.0,125.08067138000001,-0.5336896132498702,True,True,False,False,False
2026-08-12 22:48:00+08:00,125.25,125.25,False,0.0,19.415,32.22898,0.0,125.14512934,-0.08376413732681205,True,True,False,False,False
2026-08-12 22:49:00+08:00,125.25,125.25,False,0.0,19.415,32.22898,0.0,125.14512934,-0.08376413732681205,True,True,False,False,False
2026-08-12 22:50:00+08:00,125.25,125.25,False,0.0,19.405,32.23562,0.0,125.10644122,-0.11468351227588713,True,True,False,False,False
2026-08-12 22:51:00+08:00,125.25,125.25,False,0.0,19.395,32.23562,0.0,125.04196997999998,-0.1662298794616917,True,True,False,False,False
2026-08-12 22:52:00+08:00,125.25,125.25,False,0.0,19.415,32.23562,0.0,125.17091245999998,-0.06316368646939599,True,True,False,False,False
2026-08-12 22:53:00+08:00,125.25,125.25,False,0.0,19.415,32.23562,0.0,125.17091245999998,-0.06316368646939599,True,True,False,False,False
2026-08-12 22:54:00+08:00,125.25,125.25,False,0.0,19.365,32.23562,0.0,124.84855625999998,-0.32102843455256264,True,True,False,False,False
2026-08-12 22:55:00+08:00,125.25,125.25,False,0.0,19.365,32.24686,0.0,124.89208877999997,-0.28616633190012003,True,True,False,False,False
2026-08-12 22:56:00+08:00,125.25,125.25,False,0.0,19.375,32.24686,0.0,124.9565825,-0.2345401924028149,True,True,False,False,False
2026-08-12 22:57:00+08:00,125.25,125.25,False,0.0,19.385,32.24686,0.0,125.02107622000001,-0.1829406605490068,True,True,False,False,False
2026-08-12 22:58:00+08:00,125.25,125.25,False,0.0,19.385,32.24686,0.0,125.02107622000001,-0.1829406605490068,True,True,False,False,False
2026-08-12 22:59:00+08:00,125.25,125.25,False,0.0,19.375,32.24686,0.0,124.9565825,-0.2345401924028149,True,True,False,False,False
2026-08-12 23:00:00+08:00,125.25,125.25,False,0.0,19.375,32.25067,0.0,124.97134624999998,-0.22272580191588504,True,True,False,False,False
2026-08-12 23:01:00+08:00,125.25,125.25,False,0.0,19.405,32.25067,0.0,125.16485027000002,-0.06800693322155146,True,True,False,False,False
2026-08-12 23:02:00+08:00,125.25,125.25,False,0.0,19.395,32.25067,0.0,125.10034893,-0.11955331449675598,True,True,False,False,False
2026-08-12 23:03:00+08:00,125.25,125.25,False,0.0,19.365,32.25067,0.0,124.90684490999999,-0.27435194917290295,True,True,False,False,False
2026-08-12 23:04:00+08:00,125.75,125.75,False,0.0,19.395,32.25067,0.0,125.10034893,-0.5179590722285901,True,True,False,False,False
2026-08-12 23:05:00+08:00,125.75,125.75,False,0.0,19.415,32.24493,0.0,125.20706318999999,-0.4326929898673196,True,True,False,False,False
2026-08-12 23:06:00+08:00,125.75,125.75,False,0.0,19.455,32.24493,0.0,125.46502262999998,-0.22687924234511084,True,True,False,False,False
2026-08-12 23:07:00+08:00,125.75,125.75,False,0.0,19.445,32.24493,0.0,125.40053277,-0.27829304293775,True,True,False,False,False
2026-08-12 23:08:00+08:00,125.75,125.75,False,0.0,19.445,32.24493,0.0,125.40053277,-0.27829304293775,True,True,False,False,False
2026-08-12 23:09:00+08:00,125.75,125.75,False,0.0,19.445,32.24493,0.0,125.40053277,-0.27829304293775,True,True,False,False,False
2026-08-12 23:10:00+08:00,125.75,125.75,False,0.0,19.435,32.24449,0.0,125.33433262999999,-0.33109781534042537,True,True,False,False,False
2026-08-12 23:11:00+08:00,125.75,125.75,False,0.0,19.455,32.24449,0.0,125.46331058999999,-0.2282438054947717,True,True,False,False,False
2026-08-12 23:12:00+08:00,125.75,125.75,False,0.0,19.465,32.24449,0.0,125.52779957,-0.17685639589350283,True,True,False,False,False
2026-08-12 23:13:00+08:00,125.75,125.75,False,0.0,19.485,32.24449,0.0,125.65677753,-0.07416066576715619,True,True,False,False,False
2026-08-12 23:14:00+08:00,125.75,125.75,False,0.0,19.485,32.24449,0.0,125.65677753,-0.07416066576715619,True,True,False,False,False
2026-08-12 23:15:00+08:00,125.75,125.75,False,0.0,19.475,32.24868,0.0,125.6086086,-0.1125017366920636,True,True,False,False,False
2026-08-12 23:16:00+08:00,125.75,125.75,False,0.0,19.475,32.24868,0.0,125.6086086,-0.1125017366920636,True,True,False,False,False
2026-08-12 23:17:00+08:00,125.75,125.75,False,0.0,19.475,32.24868,0.0,125.6086086,-0.1125017366920636,True,True,False,False,False
2026-08-12 23:18:00+08:00,125.75,125.75,False,0.0,19.485,32.24868,0.0,125.67310596,-0.06116704326469701,True,True,False,False,False
2026-08-12 23:19:00+08:00,125.75,125.75,False,0.0,19.485,32.24868,0.0,125.67310596,-0.06116704326469701,True,True,False,False,False
2026-08-12 23:20:00+08:00,125.75,125.75,False,0.0,19.485,32.24291,0.0,125.65062027000002,-0.07906084709993881,True,True,False,False,False
2026-08-12 23:21:00+08:00,125.75,125.75,False,0.0,19.475,32.24291,0.0,125.58613445,-0.13039553612820914,True,True,False,False,False
2026-08-12 23:22:00+08:00,125.75,125.75,False,0.0,19.485,32.24291,0.0,125.65062027000002,-0.07906084709993881,True,True,False,False,False
2026-08-12 23:23:00+08:00,125.75,125.75,False,0.0,19.485,32.24291,0.0,125.65062027000002,-0.07906084709993881,True,True,False,False,False
2026-08-12 23:24:00+08:00,125.75,125.75,False,0.0,19.485,32.24291,0.0,125.65062027000002,-0.07906084709993881,True,True,False,False,False
2026-08-12 23:25:00+08:00,125.75,125.75,False,0.0,19.475,32.24576,0.0,125.5972352,-0.1215567777210226,True,True,False,False,False
2026-08-12 23:26:00+08:00,125.75,125.75,False,0.0,19.465,32.24576,0.0,125.53274368,-0.172917819041862,True,True,False,False,False
2026-08-12 23:27:00+08:00,125.75,125.75,False,0.0,19.465,32.24576,0.0,125.53274368,-0.172917819041862,True,True,False,False,False
2026-08-12 23:28:00+08:00,125.75,125.75,False,0.0,19.465,32.24576,0.0,125.53274368,-0.172917819041862,True,True,False,False,False
2026-08-12 23:29:00+08:00,125.75,125.75,False,0.0,19.485,32.24576,0.0,125.66172671999998,-0.07022208641710259,True,True,False,False,False
2026-08-12 23:30:00+08:00,125.75,125.75,False,0.0,19.475,32.24228,0.0,125.58368060000001,-0.1323494723054574,True,True,False,False,False
2026-08-12 23:31:00+08:00,125.75,125.75,False,0.0,19.465,32.24228,0.0,125.51919604,-0.18371050939587583,True,True,False,False,False
2026-08-12 23:32:00+08:00,125.75,125.75,False,0.0,19.465,32.24228,0.0,125.51919604,-0.18371050939587583,True,True,False,False,False
2026-08-12 23:33:00+08:00,125.75,125.75,False,0.0,19.445,32.24228,0.0,125.39022692,-0.28651171053899,True,True,False,False,False
2026-08-12 23:34:00+08:00,125.75,125.75,False,0.0,19.445,32.24228,0.0,125.39022692,-0.28651171053899,True,True,False,False,False
2026-08-12 23:35:00+08:00,125.75,125.75,False,0.0,19.455,32.24226,0.0,125.45463365999998,-0.23515994565592863,True,True,False,False,False
2026-08-12 23:36:00+08:00,125.75,125.75,False,0.0,19.455,32.24226,0.0,125.45463365999998,-0.23515994565592863,True,True,False,False,False
2026-08-12 23:37:00+08:00,125.75,125.75,False,0.0,19.445,32.24226,0.0,125.39014914000002,-0.28657374078358033,True,True,False,False,False
2026-08-12 23:38:00+08:00,125.75,125.75,False,0.0,19.435,32.24226,0.0,125.32566462,-0.33801394543133345,True,True,False,False,False
2026-08-12 23:39:00+08:00,125.75,125.75,False,0.0,19.415,32.24226,0.0,125.19669558000001,-0.44097366472283334,True,True,False,False,False
2026-08-12 23:40:00+08:00,125.75,125.75,False,0.0,19.395,32.24645,0.0,125.08397955000001,-0.531044837860358,True,True,False,False,False
2026-08-12 23:41:00+08:00,125.75,125.75,False,0.0,19.385,32.24645,0.0,125.01948665000002,-0.5826174147092796,True,True,False,False,False
2026-08-12 23:42:00+08:00,125.75,125.75,False,0.0,19.385,32.24645,0.0,125.01948665000002,-0.5826174147092796,True,True,False,False,False
2026-08-12 23:43:00+08:00,125.75,125.75,False,0.0,19.385,32.24645,0.0,125.01948665000002,-0.5826174147092796,True,True,False,False,False
2026-08-12 23:44:00+08:00,125.25,125.25,False,0.0,19.385,32.24645,0.0,125.01948665000002,-0.18421210918321207,True,True,False,False,False
2026-08-12 23:45:00+08:00,125.25,125.25,False,0.0,19.375,32.25267,0.0,124.97909625,-0.21652458012264608,True,True,False,False,False
2026-08-12 23:46:00+08:00,125.25,125.25,False,0.0,19.375,32.25267,0.0,124.97909625,-0.21652458012264608,True,True,False,False,False
2026-08-12 23:47:00+08:00,125.25,125.25,False,0.0,19.375,32.25267,0.0,124.97909625,-0.21652458012264608,True,True,False,False,False
2026-08-12 23:48:00+08:00,125.75,125.75,False,0.0,19.365,32.25267,0.0,124.91459090999999,-0.6665553255584975,True,True,False,False,False
2026-08-12 23:49:00+08:00,125.75,125.75,False,0.0,19.365,32.25267,0.0,124.91459090999999,-0.6665553255584975,True,True,False,False,False
2026-08-12 23:50:00+08:00,125.75,125.75,False,0.0,19.365,32.24252,0.0,124.87527995999999,-0.6980301748806984,True,True,False,False,False
2026-08-12 23:51:00+08:00,125.75,125.75,False,0.0,19.365,32.24252,0.0,124.87527995999999,-0.6980301748806984,True,True,False,False,False
2026-08-12 23:52:00+08:00,125.75,125.75,False,0.0,19.375,32.24252,0.0,124.939765,-0.6464045311143882,True,True,False,False,False
2026-08-12 23:53:00+08:00,125.75,125.75,False,0.0,19.395,32.24252,0.0,125.06873507999998,-0.5432328807357432,True,True,False,False,False
2026-08-12 23:54:00+08:00,125.75,125.75,False,0.0,19.365,32.24252,0.0,124.87527995999999,-0.6980301748806984,True,True,False,False,False
2026-08-12 23:55:00+08:00,125.75,125.75,False,0.0,19.365,32.24386,0.0,124.88046977999997,-0.6938743088685839,True,True,False,False,False
2026-08-12 23:56:00+08:00,125.75,125.75,False,0.0,19.375,32.24386,0.0,124.94495749999999,-0.6422486579132836,True,True,False,False,False
2026-08-12 23:57:00+08:00,125.75,125.75,False,0.0,19.375,32.24386,0.0,124.94495749999999,-0.6422486579132836,True,True,False,False,False
2026-08-12 23:58:00+08:00,125.75,125.75,False,0.0,19.375,32.24386,0.0,124.94495749999999,-0.6422486579132836,True,True,False,False,False
2026-08-12 23:59:00+08:00,125.75,125.75,False,0.0,19.385,32.24386,0.0,125.00944522,-0.5906495600596675,True,True,False,False,False
2026-08-13 00:00:00+08:00,125.75,125.75,False,0.0,19.405,32.24531,0.0,125.14404811000001,-0.4830340891421362,True,True,False,False,False
2026-08-13 00:01:00+08:00,125.75,125.75,False,0.0,19.415,32.24531,0.0,125.20853873000001,-0.43151452247060584,True,True,False,False,False
2026-08-13 00:02:00+08:00,125.75,125.75,False,0.0,19.415,32.24531,0.0,125.20853873000001,-0.43151452247060584,True,True,False,False,False
2026-08-13 00:03:00+08:00,125.75,125.75,False,0.0,19.415,32.24531,0.0,125.20853873000001,-0.43151452247060584,True,True,False,False,False
2026-08-13 00:04:00+08:00,125.75,125.75,False,0.0,19.425,32.24531,0.0,125.27302935000003,-0.38002142770329844,True,True,False,False,False
2026-08-13 00:05:00+08:00,125.75,125.75,False,0.0,19.425,32.24122,0.0,125.2571397,-0.39270619998225,True,True,False,False,False
2026-08-13 00:06:00+08:00,125.75,125.75,False,0.0,19.425,32.24122,0.0,125.2571397,-0.39270619998225,True,True,False,False,False
2026-08-13 00:07:00+08:00,125.75,125.75,False,0.0,19.425,32.24122,0.0,125.2571397,-0.39270619998225,True,True,False,False,False
2026-08-13 00:08:00+08:00,125.75,125.75,False,0.0,19.425,32.24122,0.0,125.2571397,-0.39270619998225,True,True,False,False,False
2026-08-13 00:09:00+08:00,125.75,125.75,False,0.0,19.435,32.24122,0.0,125.32162213999997,-0.3412395684934543,True,True,False,False,False
2026-08-13 00:10:00+08:00,125.75,125.75,False,0.0,19.415,32.24537,0.0,125.20877171,-0.4313284499379307,True,True,False,False,False
2026-08-13 00:11:00+08:00,125.75,125.75,False,0.0,19.415,32.24537,0.0,125.20877171,-0.4313284499379307,True,True,False,False,False
2026-08-13 00:12:00+08:00,125.75,125.75,False,0.0,19.405,32.24537,0.0,125.14428097000003,-0.4828480168285716,True,True,False,False,False
2026-08-13 00:13:00+08:00,125.75,125.75,False,0.0,19.405,32.24537,0.0,125.14428097000003,-0.4828480168285716,True,True,False,False,False
2026-08-13 00:14:00+08:00,125.75,125.75,False,0.0,19.405,32.24537,0.0,125.14428097000003,-0.4828480168285716,True,True,False,False,False
2026-08-13 00:15:00+08:00,125.75,125.75,False,0.0,19.385,32.26277,0.0,125.08275929000001,-0.5320203883166296,True,True,False,False,False
2026-08-13 00:16:00+08:00,125.75,125.75,False,0.0,19.385,32.26277,0.0,125.08275929000001,-0.5320203883166296,True,True,False,False,False
2026-08-13 00:17:00+08:00,125.75,125.75,False,0.0,19.385,32.26277,0.0,125.08275929000001,-0.5320203883166296,True,True,False,False,False
2026-08-13 00:18:00+08:00,125.75,125.75,False,0.0,19.395,32.26277,0.0,125.14728483000002,-0.4804477421175462,True,True,False,False,False
2026-08-13 00:19:00+08:00,125.75,125.75,False,0.0,19.395,32.26277,0.0,125.14728483000002,-0.4804477421175462,True,True,False,False,False
2026-08-13 00:20:00+08:00,125.75,125.75,False,0.0,19.395,32.23638,0.0,125.04491801999998,-0.5622777252159386,True,True,False,False,False
2026-08-13 00:21:00+08:00,125.75,125.75,False,0.0,19.405,32.23638,0.0,125.10939077999998,-0.5107317035317374,True,True,False,False,False
2026-08-13 00:22:00+08:00,125.75,125.75,False,0.0,19.415,32.23638,0.0,125.17386353999999,-0.45921217047431007,True,True,False,False,False
2026-08-13 00:23:00+08:00,125.75,125.75,False,0.0,19.415,32.23638,0.0,125.17386353999999,-0.45921217047431007,True,True,False,False,False
2026-08-13 00:24:00+08:00,125.75,125.75,False,0.0,19.415,32.23638,0.0,125.17386353999999,-0.45921217047431007,True,True,False,False,False
2026-08-13 00:25:00+08:00,125.75,125.75,False,0.0,19.415,32.23565,0.0,125.17102895000001,-0.46147670637470717,True,True,False,False,False
2026-08-13 00:26:00+08:00,125.75,125.75,False,0.0,19.415,32.23565,0.0,125.17102895000001,-0.46147670637470717,True,True,False,False,False
2026-08-13 00:27:00+08:00,125.75,125.75,False,0.0,19.385,32.23565,0.0,124.97761505000001,-0.6161147824470472,True,True,False,False,False
2026-08-13 00:28:00+08:00,125.75,125.75,False,0.0,19.385,32.23565,0.0,124.97761505000001,-0.6161147824470472,True,True,False,False,False
2026-08-13 00:29:00+08:00,125.75,125.75,False,0.0,19.385,32.23565,0.0,124.97761505000001,-0.6161147824470472,True,True,False,False,False
2026-08-13 00:30:00+08:00,125.75,125.75,False,0.0,19.375,32.24468,0.0,124.94813500000001,-0.6397055965334503,True,True,False,False,False
2026-08-13 00:31:00+08:00,125.75,125.75,False,0.0,19.375,32.24468,0.0,124.94813500000001,-0.6397055965334503,True,True,False,False,False
2026-08-13 00:32:00+08:00,125.75,125.75,False,0.0,19.385,32.24468,0.0,125.01262436000002,-0.5881064946436279,True,True,False,False,False
2026-08-13 00:33:00+08:00,125.75,125.75,False,0.0,19.385,32.24468,0.0,125.01262436000002,-0.5881064946436279,True,True,False,False,False
2026-08-13 00:34:00+08:00,125.75,125.75,False,0.0,19.375,32.24468,0.0,124.94813500000001,-0.6397055965334503,True,True,False,False,False
2026-08-13 00:35:00+08:00,125.75,125.75,False,0.0,19.385,32.23682,0.0,124.98215114000001,-0.6124853605800612,True,True,False,False,False
2026-08-13 00:36:00+08:00,125.75,125.75,False,0.0,19.385,32.23682,0.0,124.98215114000001,-0.6124853605800612,True,True,False,False,False
2026-08-13 00:37:00+08:00,125.75,125.75,False,0.0,19.385,32.23682,0.0,124.98215114000001,-0.6124853605800612,True,True,False,False,False
2026-08-13 00:38:00+08:00,125.75,125.75,False,0.0,19.375,32.23682,0.0,124.91767750000001,-0.6640844230903997,True,True,False,False,False
2026-08-13 00:39:00+08:00,125.75,125.75,False,0.0,19.385,32.23682,0.0,124.98215114000001,-0.6124853605800612,True,True,False,False,False
2026-08-13 00:40:00+08:00,125.75,125.75,False,0.0,19.385,32.23658,0.0,124.98122065999999,-0.6132298466671605,True,True,False,False,False
2026-08-13 00:41:00+08:00,125.75,125.75,False,0.0,19.395,32.23658,0.0,125.04569381999997,-0.5616573149820693,True,True,False,False,False
2026-08-13 00:42:00+08:00,125.75,125.75,False,0.0,19.385,32.23658,0.0,124.98122065999999,-0.6132298466671605,True,True,False,False,False
2026-08-13 00:43:00+08:00,125.75,125.75,False,0.0,19.385,32.23658,0.0,124.98122065999999,-0.6132298466671605,True,True,False,False,False
2026-08-13 00:44:00+08:00,125.75,125.75,False,0.0,19.385,32.23658,0.0,124.98122065999999,-0.6132298466671605,True,True,False,False,False
2026-08-13 00:45:00+08:00,125.75,125.75,False,0.0,19.385,32.2415,0.0,125.00029550000002,-0.5979689862419154,True,True,False,False,False
2026-08-13 00:46:00+08:00,125.75,125.75,False,0.0,19.385,32.2415,0.0,125.00029550000002,-0.5979689862419154,True,True,False,False,False
2026-08-13 00:47:00+08:00,125.75,125.75,False,0.0,19.375,32.2415,0.0,124.9358125,-0.6495680723854308,True,True,False,False,False
2026-08-13 00:48:00+08:00,125.75,125.75,False,0.0,19.375,32.2415,0.0,124.9358125,-0.6495680723854308,True,True,False,False,False
2026-08-13 00:49:00+08:00,125.75,125.75,False,0.0,19.375,32.2415,0.0,124.9358125,-0.6495680723854308,True,True,False,False,False
2026-08-13 00:50:00+08:00,125.75,125.75,False,0.0,19.385,32.24037,0.0,124.99591448999999,-0.6014738158615811,True,True,False,False,False
2026-08-13 00:51:00+08:00,125.75,125.75,False,0.0,19.385,32.24037,0.0,124.99591448999999,-0.6014738158615811,True,True,False,False,False
2026-08-13 00:52:00+08:00,125.75,125.75,False,0.0,19.385,32.24037,0.0,124.99591448999999,-0.6014738158615811,True,True,False,False,False
2026-08-13 00:53:00+08:00,125.75,125.75,False,0.0,19.385,32.24037,0.0,124.99591448999999,-0.6014738158615811,True,True,False,False,False
2026-08-13 00:54:00+08:00,125.75,125.75,False,0.0,19.385,32.24037,0.0,124.99591448999999,-0.6014738158615811,True,True,False,False,False
2026-08-13 00:55:00+08:00,125.75,125.75,False,0.0,19.385,32.2424,0.0,125.00378480000002,-0.5951776166370992,True,True,False,False,False
2026-08-13 00:56:00+08:00,125.75,125.75,False,0.0,19.385,32.2424,0.0,125.00378480000002,-0.5951776166370992,True,True,False,False,False
2026-08-13 00:57:00+08:00,125.75,125.75,False,0.0,19.385,32.2424,0.0,125.00378480000002,-0.5951776166370992,True,True,False,False,False
2026-08-13 00:58:00+08:00,125.75,125.75,False,0.0,19.385,32.2424,0.0,125.00378480000002,-0.5951776166370992,True,True,False,False,False
2026-08-13 00:59:00+08:00,125.75,125.75,False,0.0,19.395,32.2424,0.0,125.06826960000001,-0.5436050580264367,True,True,False,False,False
2026-08-13 01:00:00+08:00,125.75,125.75,False,0.0,19.405,32.23971,0.0,125.12231451000002,-0.5004023590454466,True,True,False,False,False
2026-08-13 01:01:00+08:00,125.75,125.75,False,0.0,19.415,32.23971,0.0,125.18679393,-0.44888281322117773,True,True,False,False,False
2026-08-13 01:02:00+08:00,125.75,125.75,False,0.0,19.405,32.23971,0.0,125.12231451000002,-0.5004023590454466,True,True,False,False,False
2026-08-13 01:03:00+08:00,125.75,125.75,False,0.0,19.405,32.23971,0.0,125.12231451000002,-0.5004023590454466,True,True,False,False,False
2026-08-13 01:04:00+08:00,125.75,125.75,False,0.0,19.405,32.23971,0.0,125.12231451000002,-0.5004023590454466,True,True,False,False,False
2026-08-13 01:05:00+08:00,125.75,125.75,False,0.0,19.405,32.23957,0.0,125.12177117000002,-0.5008366043497753,True,True,False,False,False
2026-08-13 01:06:00+08:00,125.75,125.75,False,0.0,19.395,32.23957,0.0,125.05729203000001,-0.5523826395901831,True,True,False,False,False
2026-08-13 01:07:00+08:00,125.75,125.75,False,0.0,19.395,32.23957,0.0,125.05729203000001,-0.5523826395901831,True,True,False,False,False
2026-08-13 01:08:00+08:00,125.75,125.75,False,0.0,19.395,32.23957,0.0,125.05729203000001,-0.5523826395901831,True,True,False,False,False
2026-08-13 01:09:00+08:00,125.75,125.75,False,0.0,19.395,32.23957,0.0,125.05729203000001,-0.5523826395901831,True,True,False,False,False
2026-08-13 01:10:00+08:00,125.75,125.75,False,0.0,19.395,32.23822,0.0,125.05205538,-0.556570095841135,True,True,False,False,False
2026-08-13 01:11:00+08:00,125.75,125.75,False,0.0,19.395,32.23822,0.0,125.05205538,-0.556570095841135,True,True,False,False,False
2026-08-13 01:12:00+08:00,125.75,125.75,False,0.0,19.405,32.23822,0.0,125.11653182,-0.505024066306713,True,True,False,False,False
2026-08-13 01:13:00+08:00,125.75,125.75,False,0.0,19.405,32.23822,0.0,125.11653182,-0.505024066306713,True,True,False,False,False
2026-08-13 01:14:00+08:00,125.75,125.75,False,0.0,19.405,32.23822,0.0,125.11653182,-0.505024066306713,True,True,False,False,False
2026-08-13 01:15:00+08:00,125.75,125.75,False,0.0,19.395,32.24154,0.0,125.06493366,-0.5462723690357839,True,True,False,False,False
2026-08-13 01:16:00+08:00,125.75,125.75,False,0.0,19.385,32.24154,0.0,125.00045058,-0.5978449237209693,True,True,False,False,False
2026-08-13 01:17:00+08:00,125.75,125.75,False,0.0,19.405,32.24154,0.0,125.12941674000001,-0.49472632555036083,True,True,False,False,False
2026-08-13 01:18:00+08:00,125.75,125.75,False,0.0,19.405,32.24154,0.0,125.12941674000001,-0.49472632555036083,True,True,False,False,False
2026-08-13 01:19:00+08:00,125.75,125.75,False,0.0,19.405,32.24154,0.0,125.12941674000001,-0.49472632555036083,True,True,False,False,False
2026-08-13 01:20:00+08:00,125.75,125.75,False,0.0,19.415,32.24332,0.0,125.20081155999999,-0.4376861238950033,True,True,False,False,False
2026-08-13 01:21:00+08:00,125.75,125.75,False,0.0,19.415,32.24332,0.0,125.20081155999999,-0.4376861238950033,True,True,False,False,False
2026-08-13 01:22:00+08:00,125.75,125.75,False,0.0,19.425,32.24332,0.0,125.26529819999999,-0.38619303562432084,True,True,False,False,False
2026-08-13 01:23:00+08:00,125.75,125.75,False,0.0,19.425,32.24332,0.0,125.26529819999999,-0.38619303562432084,True,True,False,False,False
2026-08-13 01:24:00+08:00,125.75,125.75,False,0.0,19.435,32.24332,0.0,125.32978483999997,-0.33472639803941806,True,True,False,False,False
2026-08-13 01:25:00+08:00,125.75,125.75,False,0.0,19.435,32.23862,0.0,125.31151593999998,-0.34930408060215246,True,True,False,False,False
2026-08-13 01:26:00+08:00,125.75,125.75,False,0.0,19.445,32.23862,0.0,125.37599318,-0.2978638851868495,True,True,False,False,False
2026-08-13 01:27:00+08:00,125.75,125.75,False,0.0,19.445,32.23862,0.0,125.37599318,-0.2978638851868495,True,True,False,False,False
2026-08-13 01:28:00+08:00,125.75,125.75,False,0.0,19.445,32.23862,0.0,125.37599318,-0.2978638851868495,True,True,False,False,False
2026-08-13 01:29:00+08:00,125.75,125.75,False,0.0,19.445,32.23862,0.0,125.37599318,-0.2978638851868495,True,True,False,False,False
2026-08-13 01:30:00+08:00,125.75,125.75,False,0.0,19.445,32.23792,0.0,125.37327088000002,-0.3000352127302452,True,True,False,False,False
2026-08-13 01:31:00+08:00,125.75,125.75,False,0.0,19.445,32.23792,0.0,125.37327088000002,-0.3000352127302452,True,True,False,False,False
2026-08-13 01:32:00+08:00,125.75,125.75,False,0.0,19.455,32.23792,0.0,125.43774671999999,-0.24862142686289335,True,True,False,False,False
2026-08-13 01:33:00+08:00,125.75,125.75,False,0.0,19.455,32.23792,0.0,125.43774671999999,-0.24862142686289335,True,True,False,False,False
2026-08-13 01:34:00+08:00,125.75,125.75,False,0.0,19.445,32.23792,0.0,125.37327088000002,-0.3000352127302452,True,True,False,False,False
2026-08-13 01:35:00+08:00,125.75,125.75,False,0.0,19.445,32.24028,0.0,125.38244892,-0.29271492519637266,True,True,False,False,False
2026-08-13 01:36:00+08:00,125.75,125.75,False,0.0,19.445,32.24028,0.0,125.38244892,-0.29271492519637266,True,True,False,False,False
2026-08-13 01:37:00+08:00,125.75,125.75,False,0.0,19.455,32.24028,0.0,125.44692948,-0.2413011342355089,True,True,False,False,False
2026-08-13 01:38:00+08:00,125.75,125.75,False,0.0,19.455,32.24028,0.0,125.44692948,-0.2413011342355089,True,True,False,False,False
2026-08-13 01:39:00+08:00,125.75,125.75,False,0.0,19.465,32.24028,0.0,125.51141003999999,-0.1899137316486684,True,True,False,False,False
2026-08-13 01:40:00+08:00,125.75,125.75,False,0.0,19.465,32.23881,0.0,125.50568733,-0.1944733451379497,True,True,False,False,False
2026-08-13 01:41:00+08:00,125.75,125.75,False,0.0,19.465,32.23881,0.0,125.50568733,-0.1944733451379497,True,True,False,False,False
2026-08-13 01:42:00+08:00,125.75,125.75,False,0.0,19.465,32.23881,0.0,125.50568733,-0.1944733451379497,True,True,False,False,False
2026-08-13 01:43:00+08:00,125.75,125.75,False,0.0,19.465,32.23881,0.0,125.50568733,-0.1944733451379497,True,True,False,False,False
2026-08-13 01:44:00+08:00,125.75,125.75,False,0.0,19.465,32.23881,0.0,125.50568733,-0.1944733451379497,True,True,False,False,False
2026-08-13 01:45:00+08:00,125.75,125.75,False,0.0,19.465,32.24544,0.0,125.53149792000002,-0.1739102017527316,True,True,False,False,False
2026-08-13 01:46:00+08:00,125.75,125.75,False,0.0,19.485,32.24544,0.0,125.66047968000001,-0.07121446974997571,True,True,False,False,False
2026-08-13 01:47:00+08:00,125.75,125.75,False,0.0,19.505000000000003,32.24544,0.0,125.78946144000001,0.03137594377765146,True,True,False,False,False
2026-08-13 01:48:00+08:00,125.75,125.75,False,0.0,19.505000000000003,32.24544,0.0,125.78946144000001,0.03137594377765146,True,True,False,False,False
2026-08-13 01:49:00+08:00,125.75,125.75,False,0.0,19.505000000000003,32.24544,0.0,125.78946144000001,0.03137594377765146,True,True,False,False,False
2026-08-13 01:50:00+08:00,125.75,125.75,False,0.0,19.505000000000003,32.24818,0.0,125.80015018000002,0.03987290801784965,True,True,False,False,False
2026-08-13 01:51:00+08:00,125.75,125.75,False,0.0,19.515,32.24818,0.0,125.86464654,0.09112866963550921,True,True,False,False,False
2026-08-13 01:52:00+08:00,125.75,125.75,False,0.0,19.515,32.24818,0.0,125.86464654,0.09112866963550921,True,True,False,False,False
2026-08-13 01:53:00+08:00,125.75,125.75,False,0.0,19.505000000000003,32.24818,0.0,125.80015018000002,0.03987290801784965,True,True,False,False,False
2026-08-13 01:54:00+08:00,125.75,125.75,False,0.0,19.515,32.24818,0.0,125.86464654,0.09112866963550921,True,True,False,False,False
2026-08-13 01:55:00+08:00,125.75,125.75,False,0.0,19.515,32.24291,0.0,125.84407773000001,0.07478532948694404,True,True,False,False,False
2026-08-13 01:56:00+08:00,125.75,125.75,False,0.0,19.515,32.24291,0.0,125.84407773000001,0.07478532948694404,True,True,False,False,False
2026-08-13 01:57:00+08:00,125.75,125.75,False,0.0,19.515,32.24291,0.0,125.84407773000001,0.07478532948694404,True,True,False,False,False
2026-08-13 01:58:00+08:00,125.75,125.75,False,0.0,19.515,32.24291,0.0,125.84407773000001,0.07478532948694404,True,True,False,False,False
2026-08-13 01:59:00+08:00,125.75,125.75,False,0.0,19.515,32.24291,0.0,125.84407773000001,0.07478532948694404,True,True,False,False,False
2026-08-13 02:00:00+08:00,125.75,125.75,False,0.0,19.515,32.24366,0.0,125.84700498,0.07711139487348449,True,True,False,False,False
2026-08-13 02:01:00+08:00,125.75,125.75,False,0.0,19.505000000000003,32.24366,0.0,125.78251766000001,0.025855631154589026,True,True,False,False,False
2026-08-13 02:02:00+08:00,125.75,125.75,False,0.0,19.495,32.24366,0.0,125.71803034,-0.025426420970313036,True,True,False,False,False
2026-08-13 02:03:00+08:00,125.75,125.75,False,0.0,19.475,32.24366,0.0,125.58905569999999,-0.12806947137743327,True,True,False,False,False
2026-08-13 02:04:00+08:00,125.75,125.75,False,0.0,19.475,32.24366,0.0,125.58905569999999,-0.12806947137743327,True,True,False,False,False
2026-08-13 02:05:00+08:00,125.75,125.75,False,0.0,19.475,32.25178,0.0,125.6206831,-0.10288940492600052,True,True,False,False,False
2026-08-13 02:06:00+08:00,125.75,125.75,False,0.0,19.475,32.25178,0.0,125.6206831,-0.10288940492600052,True,True,False,False,False
2026-08-13 02:07:00+08:00,125.75,125.75,False,0.0,19.465,32.25178,0.0,125.55617953999999,-0.15425045285777533,True,True,False,False,False
2026-08-13 02:08:00+08:00,125.75,125.75,False,0.0,19.465,32.25178,0.0,125.55617953999999,-0.15425045285777533,True,True,False,False,False
2026-08-13 02:09:00+08:00,125.75,125.75,False,0.0,19.475,32.25178,0.0,125.6206831,-0.10288940492600052,True,True,False,False,False
2026-08-13 02:10:00+08:00,125.75,125.75,False,0.0,19.465,32.24828,0.0,125.54255404,-0.1651031490308149,True,True,False,False,False
2026-08-13 02:11:00+08:00,125.75,125.75,False,0.0,19.475,32.24828,0.0,125.60705060000002,-0.11374210483354372,True,True,False,False,False
2026-08-13 02:12:00+08:00,125.75,125.75,False,0.0,19.485,32.24828,0.0,125.67154716,-0.06240741168462475,True,True,False,False,False
2026-08-13 02:13:00+08:00,125.75,125.75,False,0.0,19.485,32.24828,0.0,125.67154716,-0.06240741168462475,True,True,False,False,False
2026-08-13 02:14:00+08:00,125.75,125.75,False,0.0,19.475,32.24828,0.0,125.60705060000002,-0.11374210483354372,True,True,False,False,False
2026-08-13 02:15:00+08:00,125.75,125.75,False,0.0,19.475,32.24706,0.0,125.6022987,-0.11752532263592484,True,True,False,False,False
2026-08-13 02:16:00+08:00,125.75,125.75,False,0.0,19.485,32.24706,0.0,125.66679281999998,-0.06619063036062835,True,True,False,False,False
2026-08-13 02:17:00+08:00,125.75,125.75,False,0.0,19.475,32.24706,0.0,125.6022987,-0.11752532263592484,True,True,False,False,False
2026-08-13 02:18:00+08:00,125.75,125.75,False,0.0,19.475,32.24706,0.0,125.6022987,-0.11752532263592484,True,True,False,False,False
2026-08-13 02:19:00+08:00,125.75,125.75,False,0.0,19.485,32.24706,0.0,125.66679281999998,-0.06619063036062835,True,True,False,False,False
2026-08-13 02:20:00+08:00,125.75,125.75,False,0.0,19.485,32.25375,0.0,125.69286374999999,-0.04544670637924472,True,True,False,False,False
2026-08-13 02:21:00+08:00,125.75,125.75,False,0.0,19.505000000000003,32.25375,0.0,125.82187875,0.05714370807829905,True,True,False,False,False
2026-08-13 02:22:00+08:00,125.75,125.75,False,0.0,19.505000000000003,32.25375,0.0,125.82187875,0.05714370807829905,True,True,False,False,False
2026-08-13 02:23:00+08:00,125.75,125.75,False,0.0,19.505000000000003,32.25375,0.0,125.82187875,0.05714370807829905,True,True,False,False,False
2026-08-13 02:24:00+08:00,125.75,125.75,False,0.0,19.505000000000003,32.25375,0.0,125.82187875,0.05714370807829905,True,True,False,False,False
2026-08-13 02:25:00+08:00,125.75,125.75,False,0.0,19.505000000000003,32.25014,0.0,125.80779614000002,0.045950585421615446,True,True,False,False,False
2026-08-13 02:26:00+08:00,125.75,125.75,False,0.0,19.505000000000003,32.25014,0.0,125.80779614000002,0.045950585421615446,True,True,False,False,False
2026-08-13 02:27:00+08:00,125.75,125.75,False,0.0,19.505000000000003,32.25014,0.0,125.80779614000002,0.045950585421615446,True,True,False,False,False
2026-08-13 02:28:00+08:00,125.75,125.75,False,0.0,19.485,32.25014,0.0,125.67879558,-0.056639829050403975,True,True,False,False,False
2026-08-13 02:29:00+08:00,125.75,125.75,False,0.0,19.485,32.25014,0.0,125.67879558,-0.056639829050403975,True,True,False,False,False
2026-08-13 02:30:00+08:00,125.75,125.75,False,0.0,19.495,32.25096,0.0,125.74649303999999,-0.0027888738786128247,True,True,False,False,False
2026-08-13 02:31:00+08:00,125.75,125.75,False,0.0,19.495,32.25096,0.0,125.74649303999999,-0.0027888738786128247,True,True,False,False,False
2026-08-13 02:32:00+08:00,125.75,125.75,False,0.0,19.495,32.25096,0.0,125.74649303999999,-0.0027888738786128247,True,True,False,False,False
2026-08-13 02:33:00+08:00,125.75,125.75,False,0.0,19.495,32.25096,0.0,125.74649303999999,-0.0027888738786128247,True,True,False,False,False
2026-08-13 02:34:00+08:00,125.75,125.75,False,0.0,19.485,32.25096,0.0,125.68199111999999,-0.05409723694830025,True,True,False,False,False
2026-08-13 02:35:00+08:00,125.75,125.75,False,0.0,19.485,32.25021,0.0,125.67906837000001,-0.056422775981978084,True,True,False,False,False
2026-08-13 02:36:00+08:00,125.75,125.75,False,0.0,19.475,32.25021,0.0,125.61456795000001,-0.10775747043786285,True,True,False,False,False
2026-08-13 02:37:00+08:00,125.75,125.75,False,0.0,19.485,32.25021,0.0,125.67906837000001,-0.056422775981978084,True,True,False,False,False
2026-08-13 02:38:00+08:00,125.75,125.75,False,0.0,19.475,32.25021,0.0,125.61456795000001,-0.10775747043786285,True,True,False,False,False
2026-08-13 02:39:00+08:00,125.75,125.75,False,0.0,19.485,32.25021,0.0,125.67906837000001,-0.056422775981978084,True,True,False,False,False
2026-08-13 02:40:00+08:00,125.75,125.75,False,0.0,19.495,32.24864,0.0,125.73744736,-0.009982716936187016,True,True,False,False,False
2026-08-13 02:41:00+08:00,125.75,125.75,False,0.0,19.505000000000003,32.24864,0.0,125.80194464000003,0.04129933487444854,True,True,False,False,False
2026-08-13 02:42:00+08:00,125.75,125.75,False,0.0,19.485,32.24864,0.0,125.67295008,-0.06129107941456957,True,True,False,False,False
2026-08-13 02:43:00+08:00,125.75,125.75,False,0.0,19.475,32.24864,0.0,125.60845280000001,-0.11262577281426589,True,True,False,False,False
2026-08-13 02:44:00+08:00,125.75,125.75,False,0.0,19.475,32.24864,0.0,125.60845280000001,-0.11262577281426589,True,True,False,False,False
2026-08-13 02:45:00+08:00,125.75,125.75,False,0.0,19.475,32.2494,0.0,125.61141300000001,-0.11026911278541143,True,True,False,False,False
2026-08-13 02:46:00+08:00,125.75,125.75,False,0.0,19.475,32.2494,0.0,125.61141300000001,-0.11026911278541143,True,True,False,False,False
2026-08-13 02:47:00+08:00,125.75,125.75,False,0.0,19.475,32.2494,0.0,125.61141300000001,-0.11026911278541143,True,True,False,False,False
2026-08-13 02:48:00+08:00,125.75,125.75,False,0.0,19.485,32.2494,0.0,125.6759118,-0.05893441886685094,True,True,False,False,False
2026-08-13 02:49:00+08:00,125.75,125.75,False,0.0,19.475,32.2494,0.0,125.61141300000001,-0.11026911278541143,True,True,False,False,False
2026-08-13 02:50:00+08:00,125.75,125.75,False,0.0,19.475,32.24067,0.0,125.57740965,-0.13734303810343912,True,True,False,False,False
2026-08-13 02:51:00+08:00,125.75,125.75,False,0.0,19.475,32.24067,0.0,125.57740965,-0.13734303810343912,True,True,False,False,False
2026-08-13 02:52:00+08:00,125.75,125.75,False,0.0,19.465,32.24067,0.0,125.51292831,-0.18870407313529522,True,True,False,False,False
2026-08-13 02:53:00+08:00,125.75,125.75,False,0.0,19.475,32.24067,0.0,125.57740965,-0.13734303810343912,True,True,False,False,False
2026-08-13 02:54:00+08:00,125.75,125.75,False,0.0,19.465,32.24067,0.0,125.51292831,-0.18870407313529522,True,True,False,False,False
2026-08-13 02:55:00+08:00,125.75,125.75,False,0.0,19.465,32.2415,0.0,125.5161595,-0.1861297203454088,True,True,False,False,False
2026-08-13 02:56:00+08:00,125.75,125.75,False,0.0,19.465,32.2415,0.0,125.5161595,-0.1861297203454088,True,True,False,False,False
2026-08-13 02:57:00+08:00,125.75,125.75,False,0.0,19.465,32.2415,0.0,125.5161595,-0.1861297203454088,True,True,False,False,False
2026-08-13 02:58:00+08:00,125.75,125.75,False,0.0,19.475,32.2415,0.0,125.58064250000002,-0.1347686842442822,True,True,False,False,False
2026-08-13 02:59:00+08:00,125.75,125.75,False,0.0,19.475,32.2415,0.0,125.58064250000002,-0.1347686842442822,True,True,False,False,False
2026-08-13 03:00:00+08:00,125.75,125.75,False,0.0,19.485,32.24786,0.0,125.66991042,-0.06370981507885809,True,True,False,False,False
2026-08-13 03:01:00+08:00,125.75,125.75,False,0.0,19.475,32.24786,0.0,125.60541470000003,-0.11504450793116283,True,True,False,False,False
2026-08-13 03:02:00+08:00,125.75,125.75,False,0.0,19.465,32.24786,0.0,125.54091898000001,-0.16640555165992735,True,True,False,False,False
2026-08-13 03:03:00+08:00,125.75,125.75,False,0.0,19.455,32.24786,0.0,125.47642326,-0.21779296655978334,True,True,False,False,False
2026-08-13 03:04:00+08:00,125.75,125.75,False,0.0,19.455,32.24786,0.0,125.47642326,-0.21779296655978334,True,True,False,False,False
2026-08-13 03:05:00+08:00,125.75,125.75,False,0.0,19.465,32.24654,0.0,125.53578022000002,-0.17049892740642178,True,True,False,False,False
2026-08-13 03:06:00+08:00,125.75,125.75,False,0.0,19.475,32.24654,0.0,125.60027330000003,-0.11913788517847915,True,True,False,False,False
2026-08-13 03:07:00+08:00,125.75,125.75,False,0.0,19.475,32.24654,0.0,125.60027330000003,-0.11913788517847915,True,True,False,False,False
2026-08-13 03:08:00+08:00,125.75,125.75,False,0.0,19.485,32.24654,0.0,125.66476638000002,-0.06780319328671133,True,True,False,False,False
2026-08-13 03:09:00+08:00,125.75,125.75,False,0.0,19.475,32.24654,0.0,125.60027330000003,-0.11913788517847915,True,True,False,False,False
2026-08-13 03:10:00+08:00,125.75,125.75,False,0.0,19.465,32.24725,0.0,125.53854425,-0.16829716661466865,True,True,False,False,False
2026-08-13 03:11:00+08:00,125.75,125.75,False,0.0,19.475,32.24725,0.0,125.60303875000002,-0.11693612357409822,True,True,False,False,False
2026-08-13 03:12:00+08:00,125.75,125.75,False,0.0,19.485,32.24725,0.0,125.66753324999999,-0.06560143116033768,True,True,False,False,False
2026-08-13 03:13:00+08:00,125.75,125.75,False,0.0,19.485,32.24725,0.0,125.66753324999999,-0.06560143116033768,True,True,False,False,False
2026-08-13 03:14:00+08:00,125.75,125.75,False,0.0,19.485,32.24725,0.0,125.66753324999999,-0.06560143116033768,True,True,False,False,False
2026-08-13 03:15:00+08:00,125.75,125.75,False,0.0,19.505000000000003,32.2456,0.0,125.79008560000003,0.03187213672477658,True,True,False,False,False
2026-08-13 03:16:00+08:00,125.75,125.75,False,0.0,19.515,32.2456,0.0,125.85457680000002,0.08312789960346859,True,True,False,False,False
2026-08-13 03:17:00+08:00,125.75,125.75,False,0.0,19.525,32.2456,0.0,125.919068,0.13435739349580758,True,True,False,False,False
2026-08-13 03:18:00+08:00,125.75,125.75,False,0.0,19.525,32.2456,0.0,125.919068,0.13435739349580758,True,True,False,False,False
2026-08-13 03:19:00+08:00,125.75,125.75,False,0.0,19.515,32.2456,0.0,125.85457680000002,0.08312789960346859,True,True,False,False,False
2026-08-13 03:20:00+08:00,125.75,125.75,False,0.0,19.495,32.24452,0.0,125.72138348000001,-0.022759265570479227,True,True,False,False,False
2026-08-13 03:21:00+08:00,125.75,125.75,False,0.0,19.485,32.24452,0.0,125.65689444,-0.07406762667140634,True,True,False,False,False
2026-08-13 03:22:00+08:00,125.75,125.75,False,0.0,19.485,32.24452,0.0,125.65689444,-0.07406762667140634,True,True,False,False,False
2026-08-13 03:23:00+08:00,125.75,125.75,False,0.0,19.475,32.24452,0.0,125.5924054,-0.12540231700989035,True,True,False,False,False
2026-08-13 03:24:00+08:00,125.75,125.75,False,0.0,19.435,32.24452,0.0,125.33444924,-0.3310047764868117,True,True,False,False,False
2026-08-13 03:25:00+08:00,125.75,125.75,False,0.0,19.435,32.23794,0.0,125.30887278,-0.3514133678012274,True,True,False,False,False
2026-08-13 03:26:00+08:00,125.75,125.75,False,0.0,19.415,32.23794,0.0,125.17992102000001,-0.45437305976321074,True,True,False,False,False
2026-08-13 03:27:00+08:00,125.75,125.75,False,0.0,19.415,32.23794,0.0,125.17992102000001,-0.45437305976321074,True,True,False,False,False
2026-08-13 03:28:00+08:00,125.75,125.75,False,0.0,19.405,32.23794,0.0,125.11544514000002,-0.5058925988358861,True,True,False,False,False
2026-08-13 03:29:00+08:00,125.75,125.75,False,0.0,19.425,32.23794,0.0,125.24439690000001,-0.40287998954927073,True,True,False,False,False
2026-08-13 03:30:00+08:00,125.75,125.75,False,0.0,19.375,32.24306,0.0,124.9418575,-0.6447297555326482,True,True,False,False,False
2026-08-13 03:31:00+08:00,125.75,125.75,False,0.0,19.395,32.24306,0.0,125.07082974,-0.5415581000222605,True,True,False,False,False
2026-08-13 03:32:00+08:00,125.75,125.75,False,0.0,19.375,32.24306,0.0,124.9418575,-0.6447297555326482,True,True,False,False,False
2026-08-13 03:33:00+08:00,125.75,125.75,False,0.0,19.395,32.24306,0.0,125.07082974,-0.5415581000222605,True,True,False,False,False
2026-08-13 03:34:00+08:00,125.75,125.75,False,0.0,19.395,32.24306,0.0,125.07082974,-0.5415581000222605,True,True,False,False,False
2026-08-13 03:35:00+08:00,125.75,125.75,False,0.0,19.395,32.24775,0.0,125.08902225000001,-0.5270134958038702,True,True,False,False,False
2026-08-13 03:36:00+08:00,125.75,125.75,False,0.0,19.375,32.24775,0.0,124.96003125000001,-0.6301851952722658,True,True,False,False,False
2026-08-13 03:37:00+08:00,125.75,125.75,False,0.0,19.375,32.24775,0.0,124.96003125000001,-0.6301851952722658,True,True,False,False,False
2026-08-13 03:38:00+08:00,125.75,125.75,False,0.0,19.385,32.24775,0.0,125.02452675000002,-0.5785860784203266,True,True,False,False,False
2026-08-13 03:39:00+08:00,125.75,125.75,False,0.0,19.385,32.24775,0.0,125.02452675000002,-0.5785860784203266,True,True,False,False,False
2026-08-13 03:40:00+08:00,125.75,125.75,False,0.0,19.395,32.24674,0.0,125.08510446,-0.5301455244323926,True,True,False,False,False
2026-08-13 03:41:00+08:00,125.75,125.75,False,0.0,19.355,32.24674,0.0,124.82713054000001,-0.736595121838278,True,True,False,False,False
2026-08-13 03:42:00+08:00,125.75,125.75,False,0.0,19.355,32.24674,0.0,124.82713054000001,-0.736595121838278,True,True,False,False,False
2026-08-13 03:43:00+08:00,125.75,125.75,False,0.0,19.365,32.24674,0.0,124.89162402,-0.6849428807814547,True,True,False,False,False
2026-08-13 03:44:00+08:00,125.75,125.75,False,0.0,19.375,32.24674,0.0,124.9561175,-0.6333172145270808,True,True,False,False,False
2026-08-13 03:45:00+08:00,125.75,125.75,False,0.0,19.375,32.24465,0.0,124.94801875,-0.6397986342283346,True,True,False,False,False
2026-08-13 03:46:00+08:00,125.75,125.75,False,0.0,19.355,32.24465,0.0,124.81904015,-0.7430765185057868,True,True,False,False,False
2026-08-13 03:47:00+08:00,125.75,125.75,False,0.0,19.365,32.24465,0.0,124.88352945,-0.6914242894008789,True,True,False,False,False
2026-08-13 03:48:00+08:00,125.75,125.75,False,0.0,19.355,32.24465,0.0,124.81904015,-0.7430765185057868,True,True,False,False,False
2026-08-13 03:49:00+08:00,125.75,125.75,False,0.0,19.355,32.24465,0.0,124.81904015,-0.7430765185057868,True,True,False,False,False
2026-08-13 03:50:00+08:00,125.75,125.75,False,0.0,19.365,32.24406,0.0,124.88124437999997,-0.693254045120446,True,True,False,False,False
2026-08-13 03:51:00+08:00,125.75,125.75,False,0.0,19.355,32.24406,0.0,124.81675625999999,-0.744906270831579,True,True,False,False,False
2026-08-13 03:52:00+08:00,125.75,125.75,False,0.0,19.365,32.24406,0.0,124.88124437999997,-0.693254045120446,True,True,False,False,False
2026-08-13 03:53:00+08:00,125.75,125.75,False,0.0,19.355,32.24406,0.0,124.81675625999999,-0.744906270831579,True,True,False,False,False
2026-08-13 03:54:00+08:00,125.75,125.75,False,0.0,19.355,32.24406,0.0,124.81675625999999,-0.744906270831579,True,True,False,False,False
2026-08-13 03:55:00+08:00,125.25,125.25,False,0.0,19.325,32.24388,0.0,124.62259619999998,-0.5021789580301521,True,True,False,False,False
2026-08-13 03:56:00+08:00,125.25,125.25,False,0.0,19.335,32.24388,0.0,124.68708396,-0.45044619316283124,True,True,False,False,False
2026-08-13 03:57:00+08:00,125.25,125.25,False,0.0,19.325,32.24388,0.0,124.62259619999998,-0.5021789580301521,True,True,False,False,False
2026-08-13 03:58:00+08:00,125.25,125.25,False,0.0,19.325,32.24388,0.0,124.62259619999998,-0.5021789580301521,True,True,False,False,False
2026-08-13 03:59:00+08:00,125.25,125.25,False,0.0,19.305,32.24388,0.0,124.49362067999998,-0.6057246370822672,True,True,False,False,False
2026-08-13 21:30:00+08:00,125.25,125.25,False,0.0,19.305,32.11608,0.0,124.00018487999998,-1.002859934167542,True,True,False,False,False
2026-08-13 21:31:00+08:00,124.75,124.75,False,0.0,19.285,32.11608,0.0,123.87172056,-0.7065186726419138,True,True,False,False,False
2026-08-13 21:32:00+08:00,124.75,124.75,False,0.0,19.31,32.11608,0.0,124.03230095999997,-0.5769695329857262,True,True,False,False,False
2026-08-13 21:33:00+08:00,125.25,125.25,False,0.0,19.365,32.11608,0.0,124.38557783999997,-0.6925472462535529,True,True,False,False,False
2026-08-13 21:34:00+08:00,125.25,125.25,False,0.0,19.37,32.11608,0.0,124.41769391999999,-0.6667310991919538,True,True,False,False,False
2026-08-13 21:35:00+08:00,125.25,125.25,False,0.0,19.44,32.1138,0.0,124.8584544,-0.31310065142684,True,True,False,False,False
2026-08-13 21:36:00+08:00,125.75,125.75,False,0.0,19.455,32.1138,0.0,124.95479579999999,-0.6343749408243389,True,True,False,False,False
2026-08-13 21:37:00+08:00,125.75,125.75,False,0.0,19.435,32.1138,0.0,124.82634059999998,-0.7372279424213283,True,True,False,False,False
2026-08-13 21:38:00+08:00,125.75,125.75,False,0.0,19.380000000000003,32.1138,0.0,124.4730888,-1.0206182060366291,True,True,False,False,False
2026-08-13 21:39:00+08:00,125.25,125.25,False,0.0,19.405,32.1138,0.0,124.6336578,-0.49330332797778137,True,True,False,False,False
2026-08-13 21:40:00+08:00,125.25,125.25,False,0.0,19.415,32.10776,0.0,124.67443208,-0.460593560389294,True,True,False,False,False
2026-08-13 21:41:00+08:00,125.25,125.25,False,0.0,19.385,32.10776,0.0,124.48178552000002,-0.6152316401377429,True,True,False,False,False
2026-08-13 21:42:00+08:00,125.25,125.25,False,0.0,19.385,32.10776,0.0,124.48178552000002,-0.6152316401377429,True,True,False,False,False
2026-08-13 21:43:00+08:00,125.25,125.25,False,0.0,19.36,32.10776,0.0,124.32124672,-0.744279072374059,True,True,False,False,False
2026-08-13 21:44:00+08:00,125.25,125.25,False,0.0,19.395,32.10776,0.0,124.54600104,-0.5636591114901597,True,True,False,False,False
2026-08-13 21:45:00+08:00,125.75,125.75,False,0.0,19.415,32.10902,0.0,124.67932465999999,-0.8550718582607132,True,True,False,False,False
2026-08-13 21:46:00+08:00,125.75,125.75,False,0.0,19.425,32.10902,0.0,124.7435427,-0.8035794369401075,True,True,False,False,False
2026-08-13 21:47:00+08:00,125.75,125.75,False,0.0,19.435,32.10902,0.0,124.80776074,-0.7521134106699982,True,True,False,False,False
2026-08-13 21:48:00+08:00,125.75,125.75,False,0.0,19.425,32.10902,0.0,124.7435427,-0.8035794369401075,True,True,False,False,False
2026-08-13 21:49:00+08:00,125.75,125.75,False,0.0,19.435,32.10902,0.0,124.80776074,-0.7521134106699982,True,True,False,False,False
2026-08-13 21:50:00+08:00,125.75,125.75,False,0.0,19.425,32.10611,0.0,124.73223735000002,-0.8126425735952332,True,True,False,False,False
2026-08-13 21:51:00+08:00,125.75,125.75,False,0.0,19.415,32.10611,0.0,124.66802513,-0.8641349754581832,True,True,False,False,False
2026-08-13 21:52:00+08:00,125.75,125.75,False,0.0,19.395,32.10611,0.0,124.53960069,-0.9671990419603236,True,True,False,False,False
2026-08-13 21:53:00+08:00,125.75,125.75,False,0.0,19.375,32.10611,0.0,124.41117625,-1.070368927800405,True,True,False,False,False
2026-08-13 21:54:00+08:00,125.75,125.75,False,0.0,19.395,32.10611,0.0,124.53960069,-0.9671990419603236,True,True,False,False,False
2026-08-13 21:55:00+08:00,125.75,125.75,False,0.0,19.375,32.1047,0.0,124.4057125,-1.074760585369397,True,True,False,False,False
2026-08-13 21:56:00+08:00,125.75,125.75,False,0.0,19.395,32.1047,0.0,124.53413130000001,-0.9715907226596009,True,True,False,False,False
2026-08-13 21:57:00+08:00,125.75,125.75,False,0.0,19.405,32.1047,0.0,124.59834070000002,-0.9200454828498708,True,True,False,False,False
2026-08-13 21:58:00+08:00,125.75,125.75,False,0.0,19.405,32.1047,0.0,124.59834070000002,-0.9200454828498708,True,True,False,False,False
2026-08-13 21:59:00+08:00,125.75,125.75,False,0.0,19.425,32.1047,0.0,124.7267595,-0.8170342845720183,True,True,False,False,False
2026-08-13 22:00:00+08:00,125.75,125.75,False,0.0,19.435,32.12692,0.0,124.87733804,-0.6963821000729982,True,True,False,False,False
2026-08-13 22:01:00+08:00,125.75,125.75,False,0.0,19.405,32.12692,0.0,124.68457652,-0.850859729359233,True,True,False,False,False
2026-08-13 22:02:00+08:00,125.75,125.75,False,0.0,19.425,32.12692,0.0,124.8130842,-0.747848233901963,True,True,False,False,False
2026-08-13 22:03:00+08:00,125.75,125.75,False,0.0,19.415,32.12692,0.0,124.74883035999999,-0.7993407702233191,True,True,False,False,False
2026-08-13 22:04:00+08:00,126.25,126.25,False,0.0,19.425,32.12692,0.0,124.8130842,-1.144665138308688,True,True,False,False,False
2026-08-13 22:05:00+08:00,126.25,126.25,False,0.0,19.405,32.11237,0.0,124.62810797,-1.2929721474094853,True,True,False,False,False
2026-08-13 22:06:00+08:00,125.75,125.75,False,0.0,19.395,32.11237,0.0,124.56388322999999,-0.9477035430033686,True,True,False,False,False
2026-08-13 22:07:00+08:00,125.75,125.75,False,0.0,19.405,32.11237,0.0,124.62810797,-0.8961582456996773,True,True,False,False,False
2026-08-13 22:08:00+08:00,125.75,125.75,False,0.0,19.415,32.11237,0.0,124.69233270999999,-0.8446393854865895,True,True,False,False,False
2026-08-13 22:09:00+08:00,125.75,125.75,False,0.0,19.435,32.11237,0.0,124.82078218999997,-0.7416808950178627,True,True,False,False,False
2026-08-13 22:10:00+08:00,125.75,125.75,False,0.0,19.455,32.1044,0.0,124.91822039999997,-0.6636498226003545,True,True,False,False,False
2026-08-13 22:11:00+08:00,125.75,125.75,False,0.0,19.445,32.1044,0.0,124.85401159999999,-0.7150630943850441,True,True,False,False,False
2026-08-13 22:12:00+08:00,125.75,125.75,False,0.0,19.435,32.1044,0.0,124.78980279999999,-0.7665027187448639,True,True,False,False,False
2026-08-13 22:13:00+08:00,125.75,125.75,False,0.0,19.435,32.1044,0.0,124.78980279999999,-0.7665027187448639,True,True,False,False,False
2026-08-13 22:14:00+08:00,125.75,125.75,False,0.0,19.415,32.1044,0.0,124.6613852,-0.8694611062756119,True,True,False,False,False
2026-08-13 22:15:00+08:00,125.75,125.75,False,0.0,19.425,32.08996,0.0,124.66949460000001,-0.8629562979718534,True,True,False,False,False
2026-08-13 22:16:00+08:00,125.75,125.75,False,0.0,19.425,32.08996,0.0,124.66949460000001,-0.8629562979718534,True,True,False,False,False
2026-08-13 22:17:00+08:00,125.75,125.75,False,0.0,19.415,32.08996,0.0,124.60531467999999,-0.9144485879703617,True,True,False,False,False
2026-08-13 22:18:00+08:00,125.75,125.75,False,0.0,19.395,32.08996,0.0,124.47695483999999,-1.017512410534684,True,True,False,False,False
2026-08-13 22:19:00+08:00,125.75,125.75,False,0.0,19.385,32.08996,0.0,124.41277491999999,-1.0690839837602888,True,True,False,False,False
2026-08-13 22:20:00+08:00,125.75,125.75,False,0.0,19.395,32.08988,0.0,124.47664452,-1.0177617035489044,True,True,False,False,False
2026-08-13 22:21:00+08:00,125.75,125.75,False,0.0,19.415,32.08988,0.0,124.60500404,-0.914697882225724,True,True,False,False,False
2026-08-13 22:22:00+08:00,125.75,125.75,False,0.0,19.415,32.08988,0.0,124.60500404,-0.914697882225724,True,True,False,False,False
2026-08-13 22:23:00+08:00,125.75,125.75,False,0.0,19.405,32.08988,0.0,124.54082428000001,-0.9662165790363031,True,True,False,False,False
2026-08-13 22:24:00+08:00,125.75,125.75,False,0.0,19.405,32.08988,0.0,124.54082428000001,-0.9662165790363031,True,True,False,False,False
2026-08-13 22:25:00+08:00,125.75,125.75,False,0.0,19.405,32.08505,0.0,124.52207905000003,-0.9812688292365623,True,True,False,False,False
2026-08-13 22:26:00+08:00,125.75,125.75,False,0.0,19.395,32.08505,0.0,124.45790895,-1.032813914973567,True,True,False,False,False
2026-08-13 22:27:00+08:00,125.75,125.75,False,0.0,19.405,32.08505,0.0,124.52207905000003,-0.9812688292365623,True,True,False,False,False
2026-08-13 22:28:00+08:00,125.75,125.75,False,0.0,19.435,32.08505,0.0,124.71458935000001,-0.8267920448851175,True,True,False,False,False
2026-08-13 22:29:00+08:00,125.75,125.75,False,0.0,19.425,32.08505,0.0,124.65041925,-0.8782579144982811,True,True,False,False,False
2026-08-13 22:30:00+08:00,125.75,125.75,False,0.0,19.425,32.08477,0.0,124.64933145,-0.8791305820397346,True,True,False,False,False
2026-08-13 22:31:00+08:00,126.25,126.25,False,0.0,19.445,32.08477,0.0,124.77767053,-1.1730415749717513,True,True,False,False,False
2026-08-13 22:32:00+08:00,126.25,126.25,False,0.0,19.465,32.08477,0.0,124.90600961,-1.0702434650773252,True,True,False,False,False
2026-08-13 22:33:00+08:00,126.25,126.25,False,0.0,19.495,32.08477,0.0,125.09851823000001,-0.9162431337242337,True,True,False,False,False
2026-08-13 22:34:00+08:00,126.25,126.25,False,0.0,19.515,32.08477,0.0,125.22685730999999,-0.8137072340925339,True,True,False,False,False
2026-08-13 22:35:00+08:00,126.25,126.25,False,0.0,19.505000000000003,32.09298,0.0,125.19471498,-0.8393773717486462,True,True,False,False,False
2026-08-13 22:36:00+08:00,126.25,126.25,False,0.0,19.505000000000003,32.09298,0.0,125.19471498,-0.8393773717486462,True,True,False,False,False
2026-08-13 22:37:00+08:00,126.25,126.25,False,0.0,19.515,32.09298,0.0,125.25890093999999,-0.7881224531583852,True,True,False,False,False
2026-08-13 22:38:00+08:00,126.25,126.25,False,0.0,19.515,32.09298,0.0,125.25890093999999,-0.7881224531583852,True,True,False,False,False
2026-08-13 22:39:00+08:00,126.25,126.25,False,0.0,19.535,32.09298,0.0,125.38727285999998,-0.6856910585579283,True,True,False,False,False
2026-08-13 22:40:00+08:00,126.25,126.25,False,0.0,19.535,32.09232,0.0,125.38469424,-0.6877475799697964,True,True,False,False,False
2026-08-13 22:41:00+08:00,126.25,126.25,False,0.0,19.535,32.09232,0.0,125.38469424,-0.6877475799697964,True,True,False,False,False
2026-08-13 22:42:00+08:00,126.25,126.25,False,0.0,19.535,32.09232,0.0,125.38469424,-0.6877475799697964,True,True,False,False,False
2026-08-13 22:43:00+08:00,126.25,126.25,False,0.0,19.555,32.09232,0.0,125.51306351999999,-0.585420648840706,True,True,False,False,False
2026-08-13 22:44:00+08:00,126.25,126.25,False,0.0,19.545,32.09232,0.0,125.44887888000001,-0.6365710674316776,True,True,False,False,False
2026-08-13 22:45:00+08:00,126.25,126.25,False,0.0,19.525,32.10256,0.0,125.36049679999999,-0.7070477673330575,True,True,False,False,False
2026-08-13 22:46:00+08:00,126.25,126.25,False,0.0,19.545,32.10256,0.0,125.48890704,-0.60466851862439,True,True,False,False,False
2026-08-13 22:47:00+08:00,126.25,126.25,False,0.0,19.545,32.10256,0.0,125.48890704,-0.60466851862439,True,True,False,False,False
2026-08-13 22:48:00+08:00,126.25,126.25,False,0.0,19.535,32.10256,0.0,125.42470191999999,-0.6558450839149883,True,True,False,False,False
2026-08-13 22:49:00+08:00,126.25,126.25,False,0.0,19.525,32.10256,0.0,125.36049679999999,-0.7070477673330575,True,True,False,False,False
2026-08-13 22:50:00+08:00,126.25,126.25,False,0.0,19.505000000000003,32.10293,0.0,125.23352993,-0.8083790380093119,True,True,False,False,False
2026-08-13 22:51:00+08:00,126.25,126.25,False,0.0,19.515,32.10293,0.0,125.29773579,-0.7571240560042058,True,True,False,False,False
2026-08-13 22:52:00+08:00,126.25,126.25,False,0.0,19.515,32.10293,0.0,125.29773579,-0.7571240560042058,True,True,False,False,False
2026-08-13 22:53:00+08:00,126.25,126.25,False,0.0,19.515,32.10293,0.0,125.29773579,-0.7571240560042058,True,True,False,False,False
2026-08-13 22:54:00+08:00,126.25,126.25,False,0.0,19.525,32.10293,0.0,125.36194164999999,-0.7058952322980959,True,True,False,False,False
2026-08-13 22:55:00+08:00,126.25,126.25,False,0.0,19.515,32.10423,0.0,125.30280969,-0.7530747211031052,True,True,False,False,False
2026-08-13 22:56:00+08:00,126.0,126.0,False,0.0,19.515,32.10423,0.0,125.30280969,-0.5548607362249793,True,True,False,False,False
2026-08-13 22:57:00+08:00,125.75,125.75,False,0.0,19.505000000000003,32.10423,0.0,125.23860123000001,-0.407507566075761,True,True,False,False,False
2026-08-13 22:58:00+08:00,125.75,125.75,False,0.0,19.515,32.10423,0.0,125.30280969,-0.35625198582894724,True,True,False,False,False
2026-08-13 22:59:00+08:00,125.75,125.75,False,0.0,19.495,32.10423,0.0,125.17439277000001,-0.45878937766532435,True,True,False,False,False
2026-08-13 23:00:00+08:00,126.0,126.0,False,0.0,19.515,32.09756,0.0,125.27677668000001,-0.5756388071795511,True,True,False,False,False
2026-08-13 23:01:00+08:00,126.25,126.25,False,0.0,19.545,32.09756,0.0,125.46936204000001,-0.6202446674530693,True,True,False,False,False
2026-08-13 23:02:00+08:00,126.25,126.25,False,0.0,19.535,32.09756,0.0,125.40516692000001,-0.6714212073130651,True,True,False,False,False
2026-08-13 23:03:00+08:00,126.25,126.25,False,0.0,19.525,32.09756,0.0,125.34097179999999,-0.7226238632462795,True,True,False,False,False
2026-08-13 23:04:00+08:00,126.25,126.25,False,0.0,19.545,32.09756,0.0,125.46936204000001,-0.6202446674530693,True,True,False,False,False
2026-08-13 23:05:00+08:00,126.25,126.25,False,0.0,19.565,32.08991,0.0,125.56781783000001,-0.5418061167224675,True,True,False,False,False
2026-08-13 23:06:00+08:00,126.25,126.25,False,0.0,19.575,32.08991,0.0,125.63199765000002,-0.49070783602305873,True,True,False,False,False
2026-08-13 23:07:00+08:00,126.25,126.25,False,0.0,19.575,32.08991,0.0,125.63199765000002,-0.49070783602305873,True,True,False,False,False
2026-08-13 23:08:00+08:00,126.25,126.25,False,0.0,19.565,32.08991,0.0,125.56781783000001,-0.5418061167224675,True,True,False,False,False
2026-08-13 23:09:00+08:00,126.25,126.25,False,0.0,19.575,32.08991,0.0,125.63199765000002,-0.49070783602305873,True,True,False,False,False
2026-08-13 23:10:00+08:00,126.25,126.25,False,0.0,19.585,32.10175,0.0,125.74255475000002,-0.40274622439016733,True,True,False,False,False
2026-08-13 23:11:00+08:00,126.25,126.25,False,0.0,19.605,32.10175,0.0,125.87096175000002,-0.30067967960222913,True,True,False,False,False
2026-08-13 23:12:00+08:00,126.25,126.25,False,0.0,19.625,32.10175,0.0,125.99936875,-0.19871704832561476,True,True,False,False,False
2026-08-13 23:13:00+08:00,126.25,126.25,False,0.0,19.685,32.10175,0.0,126.38458975,0.10654894892515683,True,True,False,False,False
2026-08-13 23:14:00+08:00,126.25,126.25,False,0.0,19.665,32.10175,0.0,126.25618275000002,0.00489710781152902,True,True,False,False,False
2026-08-13 23:15:00+08:00,126.25,126.25,False,0.0,19.665,32.10554,0.0,126.27108881999997,0.01670262083734854,True,True,False,False,False
2026-08-13 23:16:00+08:00,126.25,126.25,False,0.0,19.655,32.10554,0.0,126.20687774000001,-0.034162079786473926,True,True,False,False,False
2026-08-13 23:17:00+08:00,126.25,126.25,False,0.0,19.675,32.10554,0.0,126.3352999,0.06754146027798621,True,True,False,False,False
2026-08-13 23:18:00+08:00,126.25,126.25,False,0.0,19.645,32.10554,0.0,126.14266665999999,-0.08505266133155957,True,True,False,False,False
2026-08-13 23:19:00+08:00,126.25,126.25,False,0.0,19.665,32.10554,0.0,126.27108881999997,0.01670262083734854,True,True,False,False,False
2026-08-13 23:20:00+08:00,126.25,126.25,False,0.0,19.695,32.10849,0.0,126.47534211000001,0.17832965077315643,True,True,False,False,False
2026-08-13 23:21:00+08:00,126.25,126.25,False,0.0,19.705,32.10849,0.0,126.53955909000001,0.2290910202481271,True,True,False,False,False
2026-08-13 23:22:00+08:00,126.25,126.25,False,0.0,19.695,32.10849,0.0,126.47534211000001,0.17832965077315643,True,True,False,False,False
2026-08-13 23:23:00+08:00,126.25,126.25,False,0.0,19.715,32.10849,0.0,126.60377607000001,0.2798266061109326,True,True,False,False,False
2026-08-13 23:24:00+08:00,126.25,126.25,False,0.0,19.705,32.10849,0.0,126.53955909000001,0.2290910202481271,True,True,False,False,False
2026-08-13 23:25:00+08:00,126.25,126.25,False,0.0,19.695,32.12271,0.0,126.53135468999999,0.22260715419064625,True,True,False,False,False
2026-08-13 23:26:00+08:00,126.25,126.25,False,0.0,19.695,32.12271,0.0,126.53135468999999,0.22260715419064625,True,True,False,False,False
2026-08-13 23:27:00+08:00,126.25,126.25,False,0.0,19.675,32.12271,0.0,126.40286384999999,0.12100701941043016,True,True,False,False,False
2026-08-13 23:28:00+08:00,126.25,126.25,False,0.0,19.665,32.12271,0.0,126.33861843,0.07016818932762457,True,True,False,False,False
2026-08-13 23:29:00+08:00,126.25,126.25,False,0.0,19.665,32.12271,0.0,126.33861843,0.07016818932762457,True,True,False,False,False
2026-08-13 23:30:00+08:00,126.25,126.25,False,0.0,19.645,32.11017,0.0,126.16085792999998,-0.07063251615328203,True,True,False,False,False
2026-08-13 23:31:00+08:00,126.25,126.25,False,0.0,19.645,32.11017,0.0,126.16085792999998,-0.07063251615328203,True,True,False,False,False
2026-08-13 23:32:00+08:00,125.75,125.75,False,0.0,19.615,32.11017,0.0,125.96819690999999,0.17336602015944338,True,True,False,False,False
2026-08-13 23:33:00+08:00,125.75,125.75,False,0.0,19.635,32.11017,0.0,126.09663759,0.27527672659606245,True,True,False,False,False
2026-08-13 23:34:00+08:00,125.75,125.75,False,0.0,19.565,32.11017,0.0,125.64709521,-0.08186633176014782,True,True,False,False,False
2026-08-13 23:35:00+08:00,125.75,125.75,False,0.0,19.575,32.11129,0.0,125.71570034999998,-0.027279784043933577,True,True,False,False,False
2026-08-13 23:36:00+08:00,125.75,125.75,False,0.0,19.545,32.11129,0.0,125.52303261,-0.18065399827626863,True,True,False,False,False
2026-08-13 23:37:00+08:00,125.75,125.75,False,0.0,19.555,32.11129,0.0,125.58725519,-0.1295031330528207,True,True,False,False,False
2026-08-13 23:38:00+08:00,125.75,125.75,False,0.0,19.555,32.11129,0.0,125.58725519,-0.1295031330528207,True,True,False,False,False
2026-08-13 23:39:00+08:00,125.75,125.75,False,0.0,19.575,32.11129,0.0,125.71570034999998,-0.027279784043933577,True,True,False,False,False
2026-08-13 23:40:00+08:00,125.75,125.75,False,0.0,19.535,32.12151,0.0,125.49873957,-0.20000930586161117,True,True,False,False,False
2026-08-13 23:41:00+08:00,125.75,125.75,False,0.0,19.555,32.12151,0.0,125.62722561000001,-0.09768139472624147,True,True,False,False,False
2026-08-13 23:42:00+08:00,125.75,125.75,False,0.0,19.585,32.12151,0.0,125.81995467000002,0.05561448710501175,True,True,False,False,False
2026-08-13 23:43:00+08:00,125.75,125.75,False,0.0,19.585,32.12151,0.0,125.81995467000002,0.05561448710501175,True,True,False,False,False
2026-08-13 23:44:00+08:00,126.25,126.25,False,0.0,19.575,32.12212,0.0,125.75809980000001,-0.3903844363656356,True,True,False,False,False
2026-08-13 23:45:00+08:00,125.75,125.75,False,0.0,19.555,32.12212,0.0,125.62961132000001,-0.09578237420913098,True,True,False,False,False
2026-08-13 23:46:00+08:00,125.75,125.75,False,0.0,19.535,32.12212,0.0,125.50112284000002,-0.19811028678145742,True,True,False,False,False
2026-08-13 23:47:00+08:00,125.75,125.75,False,0.0,19.525,32.12212,0.0,125.4368786,-0.24931350056594873,True,True,False,False,False
2026-08-13 23:48:00+08:00,125.75,125.75,False,0.0,19.515,32.12212,0.0,125.37263436,-0.3005429127977499,True,True,False,False,False
2026-08-13 23:49:00+08:00,125.75,125.75,False,0.0,19.535,32.11433,0.0,125.47068731000002,-0.22236440238324684,True,True,False,False,False
2026-08-13 23:50:00+08:00,125.75,125.75,False,0.0,19.535,32.11433,0.0,125.47068731000002,-0.22236440238324684,True,True,False,False,False
2026-08-13 23:51:00+08:00,125.75,125.75,False,0.0,19.505000000000003,32.11433,0.0,125.27800133000002,-0.3760526056848054,True,True,False,False,False
2026-08-13 23:52:00+08:00,125.75,125.75,False,0.0,19.485,32.11433,0.0,125.14954401,-0.47864255183825144,True,True,False,False,False
2026-08-13 23:53:00+08:00,125.75,125.75,False,0.0,19.495,32.11433,0.0,125.21377267000003,-0.4273344509409141,True,True,False,False,False
2026-08-13 23:54:00+08:00,125.75,125.75,False,0.0,19.485,32.119,0.0,125.167743,-0.4641018949385325,True,True,False,False,False
2026-08-13 23:55:00+08:00,125.75,125.75,False,0.0,19.485,32.119,0.0,125.167743,-0.4641018949385325,True,True,False,False,False
2026-08-13 23:56:00+08:00,125.75,125.75,False,0.0,19.505000000000003,32.119,0.0,125.29621900000002,-0.3615119174529197,True,True,False,False,False
2026-08-13 23:57:00+08:00,125.75,125.75,False,0.0,19.485,32.119,0.0,125.167743,-0.4641018949385325,True,True,False,False,False
2026-08-13 23:58:00+08:00,125.75,125.75,False,0.0,19.495,32.119,0.0,125.23198099999999,-0.41279377741465,True,True,False,False,False
2026-08-13 23:59:00+08:00,125.75,125.75,False,0.0,19.495,32.11893,0.0,125.23170807000001,-0.4130117162605614,True,True,False,False,False
2026-08-14 00:00:00+08:00,125.75,125.75,False,0.0,19.515,32.11893,0.0,125.36018379,-0.3104742341521317,True,True,False,False,False
2026-08-14 00:01:00+08:00,126.25,126.25,False,0.0,19.545,32.11893,0.0,125.55289737000001,-0.5536891253285813,True,True,False,False,False
2026-08-14 00:02:00+08:00,126.25,126.25,False,0.0,19.565,32.11893,0.0,125.68137309000001,-0.45141413157531235,True,True,False,False,False
2026-08-14 00:03:00+08:00,126.25,126.25,False,0.0,19.575,32.11893,0.0,125.74561094999999,-0.4003157420865505,True,True,False,False,False
2026-08-14 00:04:00+08:00,125.75,125.75,False,0.0,19.555,32.11723,0.0,125.61048653,-0.11100668360883852,True,True,False,False,False
2026-08-14 00:05:00+08:00,126.0,126.0,False,0.0,19.575,32.11723,0.0,125.73895545,-0.20739305089540844,True,True,False,False,False
2026-08-14 00:06:00+08:00,126.0,126.0,False,0.0,19.585,32.11723,0.0,125.80318990999999,-0.15632056930681304,True,True,False,False,False
2026-08-14 00:07:00+08:00,126.25,126.25,False,0.0,19.585,32.11723,0.0,125.80318990999999,-0.35453635017240226,True,True,False,False,False
2026-08-14 00:08:00+08:00,126.25,126.25,False,0.0,19.605,32.11723,0.0,125.93165882999999,-0.252469724782491,True,True,False,False,False
2026-08-14 00:09:00+08:00,126.25,126.25,False,0.0,19.595,32.11154,0.0,125.84512525999999,-0.3212079087863684,True,True,False,False,False
2026-08-14 00:10:00+08:00,126.25,126.25,False,0.0,19.585,32.11154,0.0,125.78090218,-0.3722542084660499,True,True,False,False,False
2026-08-14 00:11:00+08:00,126.0,126.0,False,0.0,19.585,32.11154,0.0,125.78090218,-0.17403847400893588,True,True,False,False,False
2026-08-14 00:12:00+08:00,126.0,126.0,False,0.0,19.575,32.11154,0.0,125.7166791,-0.22511094696863634,True,True,False,False,False
2026-08-14 00:13:00+08:00,125.75,125.75,False,0.0,19.565,32.11154,0.0,125.65245602,-0.07759986242317184,True,True,False,False,False
2026-08-14 00:14:00+08:00,125.75,125.75,False,0.0,19.545,32.11564,0.0,125.54003675999999,-0.16710828865892324,True,True,False,False,False
2026-08-14 00:15:00+08:00,125.75,125.75,False,0.0,19.575,32.11564,0.0,125.7327306,-0.013734064330223672,True,True,False,False,False
2026-08-14 00:16:00+08:00,125.75,125.75,False,0.0,19.555,32.11564,0.0,125.60426804,-0.11595741829759958,True,True,False,False,False
2026-08-14 00:17:00+08:00,125.75,125.75,False,0.0,19.555,32.11564,0.0,125.60426804,-0.11595741829759958,True,True,False,False,False
2026-08-14 00:18:00+08:00,125.75,125.75,False,0.0,19.555,32.11564,0.0,125.60426804,-0.11595741829759958,True,True,False,False,False
2026-08-14 00:19:00+08:00,125.75,125.75,False,0.0,19.555,32.11564,0.0,125.60426804,-0.11595741829759958,True,True,False,False,False
2026-08-14 00:20:00+08:00,125.75,125.75,False,0.0,19.555,32.12303,0.0,125.63317033000001,-0.092949476169483,True,True,False,False,False
2026-08-14 00:21:00+08:00,125.75,125.75,False,0.0,19.565,32.12303,0.0,125.69741639000001,-0.04182473676200099,True,True,False,False,False
2026-08-14 00:22:00+08:00,125.75,125.75,False,0.0,19.575,32.12303,0.0,125.76166244999999,0.009273884070729434,True,True,False,False,False
2026-08-14 00:23:00+08:00,125.75,125.75,False,0.0,19.575,32.12303,0.0,125.76166244999999,0.009273884070729434,True,True,False,False,False
2026-08-14 00:24:00+08:00,125.75,125.75,False,0.0,19.585,32.12303,0.0,125.82590851,0.06034640633881496,True,True,False,False,False
2026-08-14 00:25:00+08:00,126.25,126.25,False,0.0,19.595,32.122,0.0,125.88611799999998,-0.2886393293324347,True,True,False,False,False
2026-08-14 00:26:00+08:00,126.25,126.25,False,0.0,19.585,32.122,0.0,125.82187400000001,-0.33968565648065263,True,True,False,False,False
2026-08-14 00:27:00+08:00,126.25,126.25,False,0.0,19.595,32.122,0.0,125.88611799999998,-0.2886393293324347,True,True,False,False,False
2026-08-14 00:28:00+08:00,126.25,126.25,False,0.0,19.585,32.122,0.0,125.82187400000001,-0.33968565648065263,True,True,False,False,False
2026-08-14 00:29:00+08:00,126.25,126.25,False,0.0,19.585,32.122,0.0,125.82187400000001,-0.33968565648065263,True,True,False,False,False
2026-08-14 00:30:00+08:00,126.25,126.25,False,0.0,19.595,32.11736,0.0,125.86793383999998,-0.30308526980273476,True,True,False,False,False
2026-08-14 00:31:00+08:00,126.25,126.25,False,0.0,19.605,32.11736,0.0,125.93216856,-0.2520649590848345,True,True,False,False,False
2026-08-14 00:32:00+08:00,126.25,126.25,False,0.0,19.595,32.11736,0.0,125.86793383999998,-0.30308526980273476,True,True,False,False,False
2026-08-14 00:33:00+08:00,126.25,126.25,False,0.0,19.605,32.11736,0.0,125.93216856,-0.2520649590848345,True,True,False,False,False
2026-08-14 00:34:00+08:00,126.25,126.25,False,0.0,19.595,32.11736,0.0,125.86793383999998,-0.30308526980273476,True,True,False,False,False
2026-08-14 00:35:00+08:00,126.25,126.25,False,0.0,19.595,32.13085,0.0,125.92080115000002,-0.2610919650480582,True,True,False,False,False
2026-08-14 00:36:00+08:00,126.25,126.25,False,0.0,19.605,32.13085,0.0,125.98506285,-0.21007162684400313,True,True,False,False,False
2026-08-14 00:37:00+08:00,126.25,126.25,False,0.0,19.585,32.13085,0.0,125.85653945000001,-0.3121383133165577,True,True,False,False,False
2026-08-14 00:38:00+08:00,126.25,126.25,False,0.0,19.595,32.13085,0.0,125.92080115000002,-0.2610919650480582,True,True,False,False,False
2026-08-14 00:39:00+08:00,126.25,126.25,False,0.0,19.575,32.13085,0.0,125.79227775,-0.36321069154438984,True,True,False,False,False
2026-08-14 00:40:00+08:00,126.25,126.25,False,0.0,19.565,32.12632,0.0,125.71029016,-0.4284086509483487,True,True,False,False,False
2026-08-14 00:41:00+08:00,126.25,126.25,False,0.0,19.575,32.12632,0.0,125.77454279999999,-0.3773102371044223,True,True,False,False,False
2026-08-14 00:42:00+08:00,126.25,126.25,False,0.0,19.595,32.12632,0.0,125.90304807999999,-0.2751915335879126,True,True,False,False,False
2026-08-14 00:43:00+08:00,126.25,126.25,False,0.0,19.595,32.12632,0.0,125.90304807999999,-0.2751915335879126,True,True,False,False,False
2026-08-14 00:44:00+08:00,126.25,126.25,False,0.0,19.595,32.12632,0.0,125.90304807999999,-0.2751915335879126,True,True,False,False,False
2026-08-14 00:45:00+08:00,126.25,126.25,False,0.0,19.595,32.12769,0.0,125.90841711,-0.2709272162435791,True,True,False,False,False
2026-08-14 00:46:00+08:00,126.25,126.25,False,0.0,19.585,32.12769,0.0,125.84416173000002,-0.32197355719379145,True,True,False,False,False
2026-08-14 00:47:00+08:00,126.25,126.25,False,0.0,19.585,32.12769,0.0,125.84416173000002,-0.32197355719379145,True,True,False,False,False
2026-08-14 00:48:00+08:00,126.25,126.25,False,0.0,19.585,32.12769,0.0,125.84416173000002,-0.32197355719379145,True,True,False,False,False
2026-08-14 00:49:00+08:00,126.25,126.25,False,0.0,19.585,32.12769,0.0,125.84416173000002,-0.32197355719379145,True,True,False,False,False
2026-08-14 00:50:00+08:00,126.25,126.25,False,0.0,19.585,32.13789,0.0,125.88411513000001,-0.2902303560240852,True,True,False,False,False
2026-08-14 00:51:00+08:00,126.25,126.25,False,0.0,19.575,32.13789,0.0,125.81983934999998,-0.3413027525302138,True,True,False,False,False
2026-08-14 00:52:00+08:00,126.25,126.25,False,0.0,19.565,32.13789,0.0,125.75556357,-0.3924012017795415,True,True,False,False,False
2026-08-14 00:53:00+08:00,126.25,126.25,False,0.0,19.565,32.13789,0.0,125.75556357,-0.3924012017795415,True,True,False,False,False
2026-08-14 00:54:00+08:00,126.25,126.25,False,0.0,19.565,32.13789,0.0,125.75556357,-0.3924012017795415,True,True,False,False,False
2026-08-14 00:55:00+08:00,126.25,126.25,False,0.0,19.565,32.1298,0.0,125.72390740000003,-0.41757704631282777,True,True,False,False,False
2026-08-14 00:56:00+08:00,126.25,126.25,False,0.0,19.565,32.1298,0.0,125.72390740000003,-0.41757704631282777,True,True,False,False,False
2026-08-14 00:57:00+08:00,126.25,126.25,False,0.0,19.565,32.1298,0.0,125.72390740000003,-0.41757704631282777,True,True,False,False,False
2026-08-14 00:58:00+08:00,126.25,126.25,False,0.0,19.565,32.1298,0.0,125.72390740000003,-0.41757704631282777,True,True,False,False,False
2026-08-14 00:59:00+08:00,126.25,126.25,False,0.0,19.585,32.1298,0.0,125.85242660000002,-0.3154062460737811,True,True,False,False,False
2026-08-14 01:00:00+08:00,126.25,126.25,False,0.0,19.595,32.13299,0.0,125.92918780999999,-0.2544319321400326,True,True,False,False,False
2026-08-14 01:01:00+08:00,126.25,126.25,False,0.0,19.615,32.13299,0.0,126.05771976999999,-0.1524172388980317,True,True,False,False,False
2026-08-14 01:02:00+08:00,126.25,126.25,False,0.0,19.615,32.13299,0.0,126.05771976999999,-0.1524172388980317,True,True,False,False,False
2026-08-14 01:03:00+08:00,126.25,126.25,False,0.0,19.615,32.13299,0.0,126.05771976999999,-0.1524172388980317,True,True,False,False,False
2026-08-14 01:04:00+08:00,126.25,126.25,False,0.0,19.605,32.13299,0.0,125.99345378999999,-0.20341158999003608,True,True,False,False,False
2026-08-14 01:05:00+08:00,126.25,126.25,False,0.0,19.605,32.12454,0.0,125.96032134000002,-0.2297119788444091,True,True,False,False,False
2026-08-14 01:06:00+08:00,126.25,126.25,False,0.0,19.605,32.12454,0.0,125.96032134000002,-0.2297119788444091,True,True,False,False,False
2026-08-14 01:07:00+08:00,126.25,126.25,False,0.0,19.605,32.12454,0.0,125.96032134000002,-0.2297119788444091,True,True,False,False,False
2026-08-14 01:08:00+08:00,126.25,126.25,False,0.0,19.605,32.12454,0.0,125.96032134000002,-0.2297119788444091,True,True,False,False,False
2026-08-14 01:09:00+08:00,126.25,126.25,False,0.0,19.605,32.12454,0.0,125.96032134000002,-0.2297119788444091,True,True,False,False,False
2026-08-14 01:10:00+08:00,126.25,126.25,False,0.0,19.605,32.12842,0.0,125.97553482000001,-0.21763472932735706,True,True,False,False,False
2026-08-14 01:11:00+08:00,126.25,126.25,False,0.0,19.605,32.12842,0.0,125.97553482000001,-0.21763472932735706,True,True,False,False,False
2026-08-14 01:12:00+08:00,126.25,126.25,False,0.0,19.615,32.12842,0.0,126.03979165999999,-0.16664038494533856,True,True,False,False,False
2026-08-14 01:13:00+08:00,126.25,126.25,False,0.0,19.615,32.12842,0.0,126.03979165999999,-0.16664038494533856,True,True,False,False,False
2026-08-14 01:14:00+08:00,126.25,126.25,False,0.0,19.615,32.12842,0.0,126.03979165999999,-0.16664038494533856,True,True,False,False,False
2026-08-14 01:15:00+08:00,126.25,126.25,False,0.0,19.615,32.12261,0.0,126.01699903,-0.18472568421230345,True,True,False,False,False
2026-08-14 01:16:00+08:00,126.25,126.25,False,0.0,19.615,32.12261,0.0,126.01699903,-0.18472568421230345,True,True,False,False,False
2026-08-14 01:17:00+08:00,126.25,126.25,False,0.0,19.615,32.12261,0.0,126.01699903,-0.18472568421230345,True,True,False,False,False
2026-08-14 01:18:00+08:00,126.25,126.25,False,0.0,19.615,32.12261,0.0,126.01699903,-0.18472568421230345,True,True,False,False,False
2026-08-14 01:19:00+08:00,126.25,126.25,False,0.0,19.615,32.12261,0.0,126.01699903,-0.18472568421230345,True,True,False,False,False
2026-08-14 01:20:00+08:00,126.25,126.25,False,0.0,19.615,32.12132,0.0,126.01193835999997,-0.18874162431931485,True,True,False,False,False
2026-08-14 01:21:00+08:00,126.25,126.25,False,0.0,19.615,32.12132,0.0,126.01193835999997,-0.18874162431931485,True,True,False,False,False
2026-08-14 01:22:00+08:00,126.25,126.25,False,0.0,19.615,32.12132,0.0,126.01193835999997,-0.18874162431931485,True,True,False,False,False
2026-08-14 01:23:00+08:00,126.25,126.25,False,0.0,19.625,32.12132,0.0,126.07618099999999,-0.13777325786102937,True,True,False,False,False
2026-08-14 01:24:00+08:00,126.25,126.25,False,0.0,19.625,32.12132,0.0,126.07618099999999,-0.13777325786102937,True,True,False,False,False
2026-08-14 01:25:00+08:00,126.25,126.25,False,0.0,19.625,32.12611,0.0,126.09498174999999,-0.12286216189041525,True,True,False,False,False
2026-08-14 01:26:00+08:00,126.25,126.25,False,0.0,19.615,32.12611,0.0,126.03072952999999,-0.1738305342691167,True,True,False,False,False
2026-08-14 01:27:00+08:00,126.25,126.25,False,0.0,19.615,32.12611,0.0,126.03072952999999,-0.1738305342691167,True,True,False,False,False
2026-08-14 01:28:00+08:00,126.25,126.25,False,0.0,19.615,32.12611,0.0,126.03072952999999,-0.1738305342691167,True,True,False,False,False
2026-08-14 01:29:00+08:00,126.25,126.25,False,0.0,19.605,32.12611,0.0,125.96647730999999,-0.22482487506280865,True,True,False,False,False
2026-08-14 01:30:00+08:00,126.25,126.25,False,0.0,19.615,32.12234,0.0,126.01593982,-0.1855662164832952,True,True,False,False,False
2026-08-14 01:31:00+08:00,126.25,126.25,False,0.0,19.615,32.12234,0.0,126.01593982,-0.1855662164832952,True,True,False,False,False
2026-08-14 01:32:00+08:00,126.25,126.25,False,0.0,19.615,32.12234,0.0,126.01593982,-0.1855662164832952,True,True,False,False,False
2026-08-14 01:33:00+08:00,126.25,126.25,False,0.0,19.605,32.12234,0.0,125.95169514000001,-0.23656055113697405,True,True,False,False,False
2026-08-14 01:34:00+08:00,126.25,126.25,False,0.0,19.605,32.12234,0.0,125.95169514000001,-0.23656055113697405,True,True,False,False,False
2026-08-14 01:35:00+08:00,126.25,126.25,False,0.0,19.605,32.12338,0.0,125.95577297999998,-0.23332298584882483,True,True,False,False,False
2026-08-14 01:36:00+08:00,126.25,126.25,False,0.0,19.605,32.12338,0.0,125.95577297999998,-0.23332298584882483,True,True,False,False,False
2026-08-14 01:37:00+08:00,126.25,126.25,False,0.0,19.605,32.12338,0.0,125.95577297999998,-0.23332298584882483,True,True,False,False,False
2026-08-14 01:38:00+08:00,126.25,126.25,False,0.0,19.605,32.12338,0.0,125.95577297999998,-0.23332298584882483,True,True,False,False,False
2026-08-14 01:39:00+08:00,126.25,126.25,False,0.0,19.605,32.12338,0.0,125.95577297999998,-0.23332298584882483,True,True,False,False,False
2026-08-14 01:40:00+08:00,126.25,126.25,False,0.0,19.615,32.12175,0.0,126.01362524999999,-0.18740295971387588,True,True,False,False,False
2026-08-14 01:41:00+08:00,126.25,126.25,False,0.0,19.605,32.12175,0.0,125.94938175,-0.23839729337480775,True,True,False,False,False
2026-08-14 01:42:00+08:00,126.25,126.25,False,0.0,19.615,32.12175,0.0,126.01362524999999,-0.18740295971387588,True,True,False,False,False
2026-08-14 01:43:00+08:00,126.25,126.25,False,0.0,19.615,32.12175,0.0,126.01362524999999,-0.18740295971387588,True,True,False,False,False
2026-08-14 01:44:00+08:00,126.25,126.25,False,0.0,19.605,32.12175,0.0,125.94938175,-0.23839729337480775,True,True,False,False,False
2026-08-14 01:45:00+08:00,126.25,126.25,False,0.0,19.615,32.12711,0.0,126.03465252999999,-0.17071785210906087,True,True,False,False,False
2026-08-14 01:46:00+08:00,126.25,126.25,False,0.0,19.605,32.12711,0.0,125.97039831000002,-0.22171219447233176,True,True,False,False,False
2026-08-14 01:47:00+08:00,126.25,126.25,False,0.0,19.605,32.12711,0.0,125.97039831000002,-0.22171219447233176,True,True,False,False,False
2026-08-14 01:48:00+08:00,126.25,126.25,False,0.0,19.605,32.12711,0.0,125.97039831000002,-0.22171219447233176,True,True,False,False,False
2026-08-14 01:49:00+08:00,126.25,126.25,False,0.0,19.595,32.12711,0.0,125.90614409,-0.2727325255079031,True,True,False,False,False
2026-08-14 01:50:00+08:00,126.25,126.25,False,0.0,19.615,32.1252,0.0,126.02715959999998,-0.17666315916458727,True,True,False,False,False
2026-08-14 01:51:00+08:00,126.25,126.25,False,0.0,19.595,32.1252,0.0,125.89865879999999,-0.27867782574936095,True,True,False,False,False
2026-08-14 01:52:00+08:00,126.25,126.25,False,0.0,19.585,32.1252,0.0,125.8344084,-0.3297241607585271,True,True,False,False,False
2026-08-14 01:53:00+08:00,126.25,126.25,False,0.0,19.585,32.1252,0.0,125.8344084,-0.3297241607585271,True,True,False,False,False
2026-08-14 01:54:00+08:00,126.25,126.25,False,0.0,19.575,32.1252,0.0,125.770158,-0.3807965234273086,True,True,False,False,False
2026-08-14 01:55:00+08:00,126.25,126.25,False,0.0,19.575,32.12398,0.0,125.7653817,-0.38459422336124327,True,True,False,False,False
2026-08-14 01:56:00+08:00,126.25,126.25,False,0.0,19.565,32.12398,0.0,125.70113374000002,-0.4356926296401453,True,True,False,False,False
2026-08-14 01:57:00+08:00,126.25,126.25,False,0.0,19.575,32.12398,0.0,125.7653817,-0.38459422336124327,True,True,False,False,False
2026-08-14 01:58:00+08:00,126.25,126.25,False,0.0,19.575,32.12398,0.0,125.7653817,-0.38459422336124327,True,True,False,False,False
2026-08-14 01:59:00+08:00,126.25,126.25,False,0.0,19.555,32.12398,0.0,125.63688578000001,-0.4868171029241153,True,True,False,False,False
2026-08-14 02:00:00+08:00,126.25,126.25,False,0.0,19.555,32.12281,0.0,125.63230991,-0.49045928649828807,True,True,False,False,False
2026-08-14 02:01:00+08:00,126.25,126.25,False,0.0,19.555,32.12281,0.0,125.63230991,-0.49045928649828807,True,True,False,False,False
2026-08-14 02:02:00+08:00,126.25,126.25,False,0.0,19.555,32.12281,0.0,125.63230991,-0.49045928649828807,True,True,False,False,False
2026-08-14 02:03:00+08:00,126.25,126.25,False,0.0,19.555,32.12281,0.0,125.63230991,-0.49045928649828807,True,True,False,False,False
2026-08-14 02:04:00+08:00,126.25,126.25,False,0.0,19.555,32.12281,0.0,125.63230991,-0.49045928649828807,True,True,False,False,False
2026-08-14 02:05:00+08:00,126.25,126.25,False,0.0,19.575,32.12555,0.0,125.77152824999999,-0.3797070459198053,True,True,False,False,False
2026-08-14 02:06:00+08:00,126.25,126.25,False,0.0,19.575,32.12555,0.0,125.77152824999999,-0.3797070459198053,True,True,False,False,False
2026-08-14 02:07:00+08:00,126.25,126.25,False,0.0,19.565,32.12555,0.0,125.70727715000001,-0.4308054572894005,True,True,False,False,False
2026-08-14 02:08:00+08:00,126.25,126.25,False,0.0,19.575,32.12555,0.0,125.77152824999999,-0.3797070459198053,True,True,False,False,False
2026-08-14 02:09:00+08:00,126.25,126.25,False,0.0,19.565,32.12555,0.0,125.70727715000001,-0.4308054572894005,True,True,False,False,False
2026-08-14 02:10:00+08:00,126.25,126.25,False,0.0,19.575,32.12182,0.0,125.75692529999999,-0.3913183730272735,True,True,False,False,False
2026-08-14 02:11:00+08:00,126.25,126.25,False,0.0,19.565,32.12182,0.0,125.69268166000002,-0.4424167722022496,True,True,False,False,False
2026-08-14 02:12:00+08:00,126.25,126.25,False,0.0,19.555,32.12182,0.0,125.62843802,-0.4935412375001638,True,True,False,False,False
2026-08-14 02:13:00+08:00,126.25,126.25,False,0.0,19.555,32.12182,0.0,125.62843802,-0.4935412375001638,True,True,False,False,False
2026-08-14 02:14:00+08:00,126.25,126.25,False,0.0,19.555,32.12182,0.0,125.62843802,-0.4935412375001638,True,True,False,False,False
2026-08-14 02:15:00+08:00,126.25,126.25,False,0.0,19.575,32.1195,0.0,125.7478425,-0.3985411105255758,True,True,False,False,False
2026-08-14 02:16:00+08:00,126.25,126.25,False,0.0,19.565,32.1195,0.0,125.68360350000003,-0.44963950194120705,True,True,False,False,False
2026-08-14 02:17:00+08:00,126.25,126.25,False,0.0,19.575,32.1195,0.0,125.7478425,-0.3985411105255758,True,True,False,False,False
2026-08-14 02:18:00+08:00,126.25,126.25,False,0.0,19.565,32.1195,0.0,125.68360350000003,-0.44963950194120705,True,True,False,False,False
2026-08-14 02:19:00+08:00,126.25,126.25,False,0.0,19.565,32.1195,0.0,125.68360350000003,-0.44963950194120705,True,True,False,False,False
2026-08-14 02:20:00+08:00,126.25,126.25,False,0.0,19.555,32.11914,0.0,125.61795654,-0.501884772229554,True,True,False,False,False
2026-08-14 02:21:00+08:00,126.25,126.25,False,0.0,19.565,32.11914,0.0,125.68219482000002,-0.4507603170016945,True,True,False,False,False
2026-08-14 02:22:00+08:00,126.25,126.25,False,0.0,19.575,32.11914,0.0,125.74643310000002,-0.3996619268020753,True,True,False,False,False
2026-08-14 02:23:00+08:00,125.75,125.75,False,0.0,19.565,32.11914,0.0,125.68219482000002,-0.053935161365091605,True,True,False,False,False
2026-08-14 02:24:00+08:00,125.75,125.75,False,0.0,19.565,32.11914,0.0,125.68219482000002,-0.053935161365091605,True,True,False,False,False
2026-08-14 02:25:00+08:00,125.75,125.75,False,0.0,19.575,32.12377,0.0,125.76455954999999,0.011577500742729546,True,True,False,False,False
2026-08-14 02:26:00+08:00,125.75,125.75,False,0.0,19.575,32.12377,0.0,125.76455954999999,0.011577500742729546,True,True,False,False,False
2026-08-14 02:27:00+08:00,125.75,125.75,False,0.0,19.565,32.12377,0.0,125.70031201000002,-0.039521120179007836,True,True,False,False,False
2026-08-14 02:28:00+08:00,125.75,125.75,False,0.0,19.575,32.12377,0.0,125.76455954999999,0.011577500742729546,True,True,False,False,False
2026-08-14 02:29:00+08:00,126.0,126.0,False,0.0,19.565,32.12377,0.0,125.70031201000002,-0.2381308053269911,True,True,False,False,False
2026-08-14 02:30:00+08:00,126.0,126.0,False,0.0,19.585,32.1174,0.0,125.80385580000002,-0.15579126012730246,True,True,False,False,False
2026-08-14 02:31:00+08:00,126.0,126.0,False,0.0,19.585,32.1174,0.0,125.80385580000002,-0.15579126012730246,True,True,False,False,False
2026-08-14 02:32:00+08:00,126.0,126.0,False,0.0,19.585,32.1174,0.0,125.80385580000002,-0.15579126012730246,True,True,False,False,False
2026-08-14 02:33:00+08:00,125.75,125.75,False,0.0,19.595,32.1174,0.0,125.8680906,0.0938649520139091,True,True,False,False,False
2026-08-14 02:34:00+08:00,126.0,126.0,False,0.0,19.575,32.1174,0.0,125.73962100000001,-0.2068637419613706,True,True,False,False,False
2026-08-14 02:35:00+08:00,126.0,126.0,False,0.0,19.575,32.1293,0.0,125.7862095,-0.16981907025372792,True,True,False,False,False
2026-08-14 02:36:00+08:00,126.0,126.0,False,0.0,19.575,32.1293,0.0,125.7862095,-0.16981907025372792,True,True,False,False,False
2026-08-14 02:37:00+08:00,126.0,126.0,False,0.0,19.585,32.1293,0.0,125.85046810000001,-0.11874657301856752,True,True,False,False,False
2026-08-14 02:38:00+08:00,126.25,126.25,False,0.0,19.585,32.1293,0.0,125.85046810000001,-0.3169624420066559,True,True,False,False,False
2026-08-14 02:39:00+08:00,126.25,126.25,False,0.0,19.585,32.1293,0.0,125.85046810000001,-0.3169624420066559,True,True,False,False,False
2026-08-14 02:40:00+08:00,126.25,126.25,False,0.0,19.565,32.12311,0.0,125.69772943000001,-0.43840091057731134,True,True,False,False,False
2026-08-14 02:41:00+08:00,126.25,126.25,False,0.0,19.555,32.12311,0.0,125.63348320999998,-0.4895253806586582,True,True,False,False,False
2026-08-14 02:42:00+08:00,126.25,126.25,False,0.0,19.545,32.12311,0.0,125.56923699,-0.5406759373407526,True,True,False,False,False
2026-08-14 02:43:00+08:00,126.25,126.25,False,0.0,19.535,32.12311,0.0,125.50499076999999,-0.5918526005950273,True,True,False,False,False
2026-08-14 02:44:00+08:00,126.25,126.25,False,0.0,19.535,32.12311,0.0,125.50499076999999,-0.5918526005950273,True,True,False,False,False
2026-08-14 02:45:00+08:00,126.25,126.25,False,0.0,19.555,32.13057,0.0,125.66265926999999,-0.4663050532688763,True,True,False,False,False
2026-08-14 02:46:00+08:00,126.25,126.25,False,0.0,19.565,32.13057,0.0,125.72692041,-0.41518055633736184,True,True,False,False,False
2026-08-14 02:47:00+08:00,126.25,126.25,False,0.0,19.565,32.13057,0.0,125.72692041,-0.41518055633736184,True,True,False,False,False
2026-08-14 02:48:00+08:00,126.25,126.25,False,0.0,19.575,32.13057,0.0,125.79118154999999,-0.3640821291015803,True,True,False,False,False
2026-08-14 02:49:00+08:00,126.25,126.25,False,0.0,19.575,32.13057,0.0,125.79118154999999,-0.3640821291015803,True,True,False,False,False
2026-08-14 02:50:00+08:00,126.25,126.25,False,0.0,19.575,32.11906,0.0,125.74611989999998,-0.3999109987883728,True,True,False,False,False
2026-08-14 02:51:00+08:00,126.25,126.25,False,0.0,19.565,32.11906,0.0,125.68188178,-0.4510093887173142,True,True,False,False,False
2026-08-14 02:52:00+08:00,126.25,126.25,False,0.0,19.565,32.11906,0.0,125.68188178,-0.4510093887173142,True,True,False,False,False
2026-08-14 02:53:00+08:00,126.25,126.25,False,0.0,19.565,32.11906,0.0,125.68188178,-0.4510093887173142,True,True,False,False,False
2026-08-14 02:54:00+08:00,126.25,126.25,False,0.0,19.565,32.11906,0.0,125.68188178,-0.4510093887173142,True,True,False,False,False
2026-08-14 02:55:00+08:00,126.25,126.25,False,0.0,19.545,32.11405,0.0,125.53382145,-0.5688836922686996,True,True,False,False,False
2026-08-14 02:56:00+08:00,126.25,126.25,False,0.0,19.555,32.11405,0.0,125.59804955,-0.5177331737648163,True,True,False,False,False
2026-08-14 02:57:00+08:00,126.25,126.25,False,0.0,19.555,32.11405,0.0,125.59804955,-0.5177331737648163,True,True,False,False,False
2026-08-14 02:58:00+08:00,126.25,126.25,False,0.0,19.565,32.11405,0.0,125.66227765000001,-0.4666087381549208,True,True,False,False,False
2026-08-14 02:59:00+08:00,126.25,126.25,False,0.0,19.555,32.11405,0.0,125.59804955,-0.5177331737648163,True,True,False,False,False
2026-08-14 03:00:00+08:00,126.25,126.25,False,0.0,19.575,32.13017,0.0,125.78961554999998,-0.36532705304709445,True,True,False,False,False
2026-08-14 03:01:00+08:00,126.25,126.25,False,0.0,19.575,32.13017,0.0,125.78961554999998,-0.36532705304709445,True,True,False,False,False
2026-08-14 03:02:00+08:00,126.25,126.25,False,0.0,19.555,32.13017,0.0,125.66109486999999,-0.46754997456854547,True,True,False,False,False
2026-08-14 03:03:00+08:00,126.25,126.25,False,0.0,19.545,32.13017,0.0,125.59683453,-0.5187005595833285,True,True,False,False,False
2026-08-14 03:04:00+08:00,126.25,126.25,False,0.0,19.525,32.13017,0.0,125.46831384999999,-0.621080078000064,True,True,False,False,False
2026-08-14 03:05:00+08:00,126.25,126.25,False,0.0,19.555,32.11638,0.0,125.60716218,-0.5104780935636578,True,True,False,False,False
2026-08-14 03:06:00+08:00,126.25,126.25,False,0.0,19.555,32.11638,0.0,125.60716218,-0.5104780935636578,True,True,False,False,False
2026-08-14 03:07:00+08:00,126.25,126.25,False,0.0,19.535,32.11638,0.0,125.47869666,-0.6128052544138596,True,True,False,False,False
2026-08-14 03:08:00+08:00,126.25,126.25,False,0.0,19.545,32.11638,0.0,125.54292942000002,-0.5616286220814076,True,True,False,False,False
2026-08-14 03:09:00+08:00,126.25,126.25,False,0.0,19.545,32.11638,0.0,125.54292942000002,-0.5616286220814076,True,True,False,False,False
2026-08-14 03:10:00+08:00,126.25,126.25,False,0.0,19.545,32.11421,0.0,125.53444689,-0.5683854732398256,True,True,False,False,False
2026-08-14 03:11:00+08:00,126.25,126.25,False,0.0,19.535,32.11421,0.0,125.47021847,-0.6195620953609876,True,True,False,False,False
2026-08-14 03:12:00+08:00,125.75,125.75,False,0.0,19.515,32.11421,0.0,125.34176163,-0.3251706605982336,True,True,False,False,False
2026-08-14 03:13:00+08:00,125.75,125.75,False,0.0,19.515,32.11421,0.0,125.34176163,-0.3251706605982336,True,True,False,False,False
2026-08-14 03:14:00+08:00,125.75,125.75,False,0.0,19.505000000000003,32.11421,0.0,125.27753321000003,-0.3764262700257047,True,True,False,False,False
2026-08-14 03:15:00+08:00,125.75,125.75,False,0.0,19.515,32.13334,0.0,125.41642601999999,-0.2656198802410393,True,True,False,False,False
2026-08-14 03:16:00+08:00,125.75,125.75,False,0.0,19.495,32.13334,0.0,125.28789265999998,-0.36815744037963605,True,True,False,False,False
2026-08-14 03:17:00+08:00,125.75,125.75,False,0.0,19.485,32.13334,0.0,125.22362597999998,-0.4194656055548774,True,True,False,False,False
2026-08-14 03:18:00+08:00,125.75,125.75,False,0.0,19.515,32.13334,0.0,125.41642601999999,-0.2656198802410393,True,True,False,False,False
2026-08-14 03:19:00+08:00,125.75,125.75,False,0.0,19.535,32.13334,0.0,125.54495937999998,-0.16318721275261552,True,True,False,False,False
2026-08-14 03:20:00+08:00,125.75,125.75,False,0.0,19.525,32.11697,0.0,125.41676785,-0.26534732508801573,True,True,False,False,False
2026-08-14 03:21:00+08:00,125.75,125.75,False,0.0,19.515,32.11697,0.0,125.35253391,-0.3165767256991952,True,True,False,False,False
2026-08-14 03:22:00+08:00,125.75,125.75,False,0.0,19.515,32.11697,0.0,125.35253391,-0.3165767256991952,True,True,False,False,False
2026-08-14 03:23:00+08:00,125.75,125.75,False,0.0,19.515,32.11697,0.0,125.35253391,-0.3165767256991952,True,True,False,False,False
2026-08-14 03:24:00+08:00,125.75,125.75,False,0.0,19.505000000000003,32.11697,0.0,125.28829997000003,-0.36783234275817617,True,True,False,False,False
2026-08-14 03:25:00+08:00,125.75,125.75,False,0.0,19.485,32.1137,0.0,125.1470889,-0.48060430086560485,True,True,False,False,False
2026-08-14 03:26:00+08:00,125.75,125.75,False,0.0,19.485,32.1137,0.0,125.1470889,-0.48060430086560485,True,True,False,False,False
2026-08-14 03:27:00+08:00,125.75,125.75,False,0.0,19.475,32.1137,0.0,125.0828615,-0.5319386750288243,True,True,False,False,False
2026-08-14 03:28:00+08:00,125.75,125.75,False,0.0,19.485,32.1137,0.0,125.1470889,-0.48060430086560485,True,True,False,False,False
2026-08-14 03:29:00+08:00,125.75,125.75,False,0.0,19.455,32.1137,0.0,124.9544067,-0.6346863307847816,True,True,False,False,False
2026-08-14 03:30:00+08:00,125.75,125.75,False,0.0,19.455,32.12544,0.0,125.00008703999997,-0.598135752495595,True,True,False,False,False
2026-08-14 03:31:00+08:00,125.75,125.75,False,0.0,19.475,32.12544,0.0,125.12858879999999,-0.49538799063908906,True,True,False,False,False
2026-08-14 03:32:00+08:00,125.75,125.75,False,0.0,19.465,32.12544,0.0,125.06433791999999,-0.5467487111671534,True,True,False,False,False
2026-08-14 03:33:00+08:00,125.75,125.75,False,0.0,19.465,32.12544,0.0,125.06433791999999,-0.5467487111671534,True,True,False,False,False
2026-08-14 03:34:00+08:00,125.75,125.75,False,0.0,19.465,32.12544,0.0,125.06433791999999,-0.5467487111671534,True,True,False,False,False
2026-08-14 03:35:00+08:00,125.75,125.75,False,0.0,19.465,32.11732,0.0,125.03272675999999,-0.572027626676573,True,True,False,False,False
2026-08-14 03:36:00+08:00,125.75,125.75,False,0.0,19.465,32.11732,0.0,125.03272675999999,-0.572027626676573,True,True,False,False,False
2026-08-14 03:37:00+08:00,125.75,125.75,False,0.0,19.455,32.11732,0.0,124.96849212,-0.6234146300034046,True,True,False,False,False
2026-08-14 03:38:00+08:00,125.75,125.75,False,0.0,19.445,32.11732,0.0,124.90425748,-0.6748279710090179,True,True,False,False,False
2026-08-14 03:39:00+08:00,125.75,125.75,False,0.0,19.445,32.11732,0.0,124.90425748,-0.6748279710090179,True,True,False,False,False
2026-08-14 03:40:00+08:00,125.75,125.75,False,0.0,19.435,32.11599,0.0,124.83485312999998,-0.7304087685820735,True,True,False,False,False
2026-08-14 03:41:00+08:00,125.75,125.75,False,0.0,19.445,32.11599,0.0,124.89908510999999,-0.6789690771275545,True,True,False,False,False
2026-08-14 03:42:00+08:00,125.75,125.75,False,0.0,19.425,32.11599,0.0,124.77062114999998,-0.7818748376913943,True,True,False,False,False
2026-08-14 03:43:00+08:00,125.75,125.75,False,0.0,19.425,32.11599,0.0,124.77062114999998,-0.7818748376913943,True,True,False,False,False
2026-08-14 03:44:00+08:00,125.75,125.75,False,0.0,19.415,32.11599,0.0,124.70638917,-0.8333673047499247,True,True,False,False,False
2026-08-14 03:45:00+08:00,125.75,125.75,False,0.0,19.435,32.12388,0.0,124.86552156,-0.7058449009817149,True,True,False,False,False
2026-08-14 03:46:00+08:00,125.75,125.75,False,0.0,19.425,32.12388,0.0,124.80127380000002,-0.7573110171112462,True,True,False,False,False
2026-08-14 03:47:00+08:00,125.75,125.75,False,0.0,19.405,32.12388,0.0,124.67277828000002,-0.8603224733778262,True,True,False,False,False
2026-08-14 03:48:00+08:00,125.75,125.75,False,0.0,19.435,32.12388,0.0,124.86552156,-0.7058449009817149,True,True,False,False,False
2026-08-14 03:49:00+08:00,125.75,125.75,False,0.0,19.415,32.12388,0.0,124.73702604,-0.8088035344698737,True,True,False,False,False
2026-08-14 03:50:00+08:00,125.75,125.75,False,0.0,19.405,32.12331,0.0,124.67056611000001,-0.8620968371470231,True,True,False,False,False
2026-08-14 03:51:00+08:00,125.75,125.75,False,0.0,19.405,32.12331,0.0,124.67056611000001,-0.8620968371470231,True,True,False,False,False
2026-08-14 03:52:00+08:00,125.75,125.75,False,0.0,19.395,32.12331,0.0,124.60631948999999,-0.9136422138892262,True,True,False,False,False
2026-08-14 03:53:00+08:00,125.75,125.75,False,0.0,19.395,32.12331,0.0,124.60631948999999,-0.9136422138892262,True,True,False,False,False
2026-08-14 03:54:00+08:00,125.75,125.75,False,0.0,19.385,32.12331,0.0,124.54207287,-0.9652140526459189,True,True,False,False,False
2026-08-14 03:55:00+08:00,125.25,125.25,False,0.0,19.395,32.13035,0.0,124.63362765,-0.49332751873070224,True,True,False,False,False
2026-08-14 03:56:00+08:00,125.25,125.25,False,0.0,19.395,32.13035,0.0,124.63362765,-0.49332751873070224,True,True,False,False,False
2026-08-14 03:57:00+08:00,125.25,125.25,False,0.0,19.405,32.13035,0.0,124.69788835000001,-0.4417814078323949,True,True,False,False,False
2026-08-14 03:58:00+08:00,125.25,125.25,False,0.0,19.395,32.13035,0.0,124.63362765,-0.49332751873070224,True,True,False,False,False
2026-08-14 03:59:00+08:00,125.25,125.25,False,0.0,19.37,32.13035,0.0,124.47297590000001,-0.6223088582054587,True,True,False,False,False
2026-08-14 21:30:00+08:00,121.25,121.25,False,0.0,18.975,31.97305,0.0,121.33772475,0.0723241459067328,True,True,False,False,False
2026-08-14 21:31:00+08:00,121.25,121.25,False,0.0,18.965,31.97305,0.0,121.27377865000001,0.01960933491336333,True,True,False,False,False
2026-08-14 21:32:00+08:00,121.25,121.25,False,0.0,19.05,31.97305,0.0,121.81732050000001,0.466801130512325,True,True,False,False,False
2026-08-14 21:33:00+08:00,121.25,121.25,False,0.0,18.975,31.97305,0.0,121.33772475,0.0723241459067328,True,True,False,False,False
2026-08-14 21:34:00+08:00,120.75,120.75,False,0.0,18.950000000000003,31.97305,0.0,121.17785950000003,0.3537083334546885,True,True,False,False,False
2026-08-14 21:35:00+08:00,120.75,120.75,False,0.0,18.945,31.97568,0.0,121.15585152000001,0.3355450208830178,True,True,False,False,False
2026-08-14 21:36:00+08:00,120.75,120.75,False,0.0,18.93,31.97568,0.0,121.05992447999999,0.2563372704130893,True,True,False,False,False
2026-08-14 21:37:00+08:00,121.25,121.25,False,0.0,19.020000000000003,31.97568,0.0,121.63548672000002,0.31742260536497907,True,True,False,False,False
2026-08-14 21:38:00+08:00,121.25,121.25,False,0.0,18.98,31.97568,0.0,121.37968128,0.10689646816157232,True,True,False,False,False
2026-08-14 21:39:00+08:00,121.25,121.25,False,0.0,19.055,31.97568,0.0,121.85931648,0.5012695431194064,True,True,False,False,False
2026-08-14 21:40:00+08:00,121.25,121.25,False,0.0,19.065,31.96404,0.0,121.87888452000001,0.5173260439553254,True,True,False,False,False
2026-08-14 21:41:00+08:00,121.25,121.25,False,0.0,19.085,31.96404,0.0,122.00674068000001,0.6221744794282896,True,True,False,False,False
2026-08-14 21:42:00+08:00,121.75,121.75,False,0.0,19.135,31.96404,0.0,122.32638108,0.4722956620789016,True,True,False,False,False
2026-08-14 21:43:00+08:00,121.75,121.75,False,0.0,19.145,31.96404,0.0,122.39030915999999,0.5245419424617451,True,True,False,False,False
2026-08-14 21:44:00+08:00,121.75,121.75,False,0.0,19.165,31.96404,0.0,122.51816532000001,0.628952462138228,True,True,False,False,False
2026-08-14 21:45:00+08:00,121.75,121.75,False,0.0,19.15,31.96976,0.0,122.4441808,0.5685481920378326,True,True,False,False,False
2026-08-14 21:46:00+08:00,121.5,121.5,False,0.0,19.125,31.96976,0.0,122.28433199999999,0.6434638301529502,True,True,False,False,False
2026-08-14 21:47:00+08:00,121.75,121.75,False,0.0,19.125,31.96976,0.0,122.28433199999999,0.4379154323253107,True,True,False,False,False
2026-08-14 21:48:00+08:00,121.75,121.75,False,0.0,19.105,31.96976,0.0,122.15645296,0.33328594226791775,True,True,False,False,False
2026-08-14 21:49:00+08:00,121.25,121.25,False,0.0,19.08,31.96976,0.0,121.99660415999999,0.6138660497055876,True,True,False,False,False
2026-08-14 21:50:00+08:00,121.25,121.25,False,0.0,19.105,31.96561,0.0,122.14059581000001,0.7318243394212658,True,True,False,False,False
2026-08-14 21:51:00+08:00,121.75,121.75,False,0.0,19.135,31.96561,0.0,122.33238947000002,0.4772072833805201,True,True,False,False,False
2026-08-14 21:52:00+08:00,121.25,121.25,False,0.0,19.105,31.96561,0.0,122.14059581000001,0.7318243394212658,True,True,False,False,False
2026-08-14 21:53:00+08:00,121.25,121.25,False,0.0,19.085,31.96561,0.0,122.01273337,0.6270860804970873,True,True,False,False,False
2026-08-14 21:54:00+08:00,121.75,121.75,False,0.0,19.11,31.96561,0.0,122.17256142000001,0.34647177984689764,True,True,False,False,False
2026-08-14 21:55:00+08:00,121.25,121.25,False,0.0,19.115,31.95555,0.0,122.16606764999999,0.7526764020501487,True,True,False,False,False
2026-08-14 21:56:00+08:00,121.75,121.75,False,0.0,19.105,31.95555,0.0,122.10215654999999,0.28882791522721885,True,True,False,False,False
2026-08-14 21:57:00+08:00,121.25,121.25,False,0.0,19.055,31.95555,0.0,121.78260105,0.43829597156837635,True,True,False,False,False
2026-08-14 21:58:00+08:00,121.25,121.25,False,0.0,19.055,31.95555,0.0,121.78260105,0.43829597156837635,True,True,False,False,False
2026-08-14 21:59:00+08:00,121.25,121.25,False,0.0,19.06,31.95555,0.0,121.81455659999999,0.46453222789619075,True,True,False,False,False
2026-08-14 22:00:00+08:00,121.25,121.25,False,0.0,19.095,31.95764,0.0,122.04622715999999,0.6545330926783013,True,True,False,False,False
2026-08-14 22:01:00+08:00,121.25,121.25,False,0.0,19.055,31.95764,0.0,121.79056604,0.4448360607513023,True,True,False,False,False
2026-08-14 22:02:00+08:00,121.25,121.25,False,0.0,19.065,31.95764,0.0,121.85448132000002,0.49730166775851115,True,True,False,False,False
2026-08-14 22:03:00+08:00,121.25,121.25,False,0.0,19.045,31.95764,0.0,121.72665076000001,0.3923428514707974,True,True,False,False,False
2026-08-14 22:04:00+08:00,121.5,121.5,False,0.0,19.045,31.95764,0.0,121.72665076000001,0.18637000451373767,True,True,False,False,False
2026-08-14 22:05:00+08:00,121.75,121.75,False,0.0,19.035,31.96285,0.0,121.68256994999999,-0.05539936583988144,True,True,False,False,False
2026-08-14 22:06:00+08:00,121.75,121.75,False,0.0,19.045,31.96285,0.0,121.74649565000001,-0.002878357645871799,True,True,False,False,False
2026-08-14 22:07:00+08:00,121.75,121.75,False,0.0,19.025,31.96285,0.0,121.61864424999999,-0.10794796544543889,True,True,False,False,False
2026-08-14 22:08:00+08:00,121.25,121.25,False,0.0,19.005000000000003,31.96285,0.0,121.49079285000002,0.19839504285447057,True,True,False,False,False
2026-08-14 22:09:00+08:00,121.25,121.25,False,0.0,19.015,31.96285,0.0,121.55471855,0.25099887005470556,True,True,False,False,False
2026-08-14 22:10:00+08:00,121.25,121.25,False,0.0,19.005000000000003,31.97317,0.0,121.53001917000002,0.2306772781033033,True,True,False,False,False
2026-08-14 22:11:00+08:00,121.25,121.25,False,0.0,19.005000000000003,31.97317,0.0,121.53001917000002,0.2306772781033033,True,True,False,False,False
2026-08-14 22:12:00+08:00,121.25,121.25,False,0.0,18.985,31.97317,0.0,121.40212649,0.12538648822125192,True,True,False,False,False
2026-08-14 22:13:00+08:00,121.25,121.25,False,0.0,18.995,31.97317,0.0,121.46607283,0.17804575319685612,True,True,False,False,False
2026-08-14 22:14:00+08:00,121.25,121.25,False,0.0,19.005000000000003,31.97317,0.0,121.53001917000002,0.2306772781033033,True,True,False,False,False
2026-08-14 22:15:00+08:00,121.25,121.25,False,0.0,19.025,31.96418,0.0,121.62370489999998,0.3077359899078796,True,True,False,False,False
2026-08-14 22:16:00+08:00,121.25,121.25,False,0.0,18.995,31.96418,0.0,121.43191982,0.14992449386830015,True,True,False,False,False
2026-08-14 22:17:00+08:00,121.25,121.25,False,0.0,18.995,31.96418,0.0,121.43191982,0.14992449386830015,True,True,False,False,False
2026-08-14 22:18:00+08:00,121.25,121.25,False,0.0,18.975,31.96418,0.0,121.30406310000001,0.04457818542311409,True,True,False,False,False
2026-08-14 22:19:00+08:00,121.25,121.25,False,0.0,18.945,31.96418,0.0,121.11227802,-0.11364968271888412,True,True,False,False,False
2026-08-14 22:20:00+08:00,121.25,121.25,False,0.0,18.985,31.96732,0.0,121.37991403999999,0.10708822983679653,True,True,False,False,False
2026-08-14 22:21:00+08:00,121.25,121.25,False,0.0,18.985,31.96732,0.0,121.37991403999999,0.10708822983679653,True,True,False,False,False
2026-08-14 22:22:00+08:00,121.25,121.25,False,0.0,18.965,31.96732,0.0,121.25204476000002,0.0016863857804100986,True,True,False,False,False
2026-08-14 22:23:00+08:00,120.75,120.75,False,0.0,18.935,31.96732,0.0,121.06024084,0.25659859476777475,True,True,False,False,False
2026-08-14 22:24:00+08:00,120.75,120.75,False,0.0,18.905,31.96732,0.0,120.86843692,0.0980363266228794,True,True,False,False,False
2026-08-14 22:25:00+08:00,120.75,120.75,False,0.0,18.915,31.96994,0.0,120.94228301999999,0.1591139093043193,True,True,False,False,False
2026-08-14 22:26:00+08:00,120.75,120.75,False,0.0,18.925,31.96994,0.0,121.00622290000001,0.2119679873605533,True,True,False,False,False
2026-08-14 22:27:00+08:00,120.75,120.75,False,0.0,18.925,31.96994,0.0,121.00622290000001,0.2119679873605533,True,True,False,False,False
2026-08-14 22:28:00+08:00,120.75,120.75,False,0.0,18.915,31.96994,0.0,120.94228301999999,0.1591139093043193,True,True,False,False,False
2026-08-14 22:29:00+08:00,120.75,120.75,False,0.0,18.945,31.96994,0.0,121.13410266000001,0.3175923144812188,True,True,False,False,False
2026-08-14 22:30:00+08:00,120.75,120.75,False,0.0,18.905,31.97736,0.0,120.90639816000001,0.12943845988837283,True,True,False,False,False
2026-08-14 22:31:00+08:00,120.75,120.75,False,0.0,18.895,31.97736,0.0,120.84244344000001,0.07652842008112679,True,True,False,False,False
2026-08-14 22:32:00+08:00,120.75,120.75,False,0.0,18.915,31.97736,0.0,120.97035288,0.1823205016661425,True,True,False,False,False
2026-08-14 22:33:00+08:00,120.75,120.75,False,0.0,18.915,31.97736,0.0,120.97035288,0.1823205016661425,True,True,False,False,False
2026-08-14 22:34:00+08:00,120.75,120.75,False,0.0,18.925,31.97736,0.0,121.0343076,0.23517456763187,True,True,False,False,False
2026-08-14 22:35:00+08:00,120.75,120.75,False,0.0,18.915,31.96735,0.0,120.93248505,0.15101222578230586,True,True,False,False,False
2026-08-14 22:36:00+08:00,121.25,121.25,False,0.0,18.945,31.96735,0.0,121.12428915000001,-0.10373282615153172,True,True,False,False,False
2026-08-14 22:37:00+08:00,121.25,121.25,False,0.0,18.945,31.96735,0.0,121.12428915000001,-0.10373282615153172,True,True,False,False,False
2026-08-14 22:38:00+08:00,121.0,121.0,False,0.0,18.945,31.96735,0.0,121.12428915000001,0.1026655776141572,True,True,False,False,False
2026-08-14 22:39:00+08:00,121.25,121.25,False,0.0,18.945,31.96735,0.0,121.12428915000001,-0.10373282615153172,True,True,False,False,False
2026-08-14 22:40:00+08:00,121.25,121.25,False,0.0,18.935,31.96701,0.0,121.05906687,-0.15759470536233905,True,True,False,False,False
2026-08-14 22:41:00+08:00,120.75,120.75,False,0.0,18.935,31.96701,0.0,121.05906687,0.25562885130866825,True,True,False,False,False
2026-08-14 22:42:00+08:00,120.75,120.75,False,0.0,18.935,31.96701,0.0,121.05906687,0.25562885130866825,True,True,False,False,False
2026-08-14 22:43:00+08:00,120.75,120.75,False,0.0,18.945,31.96701,0.0,121.12300089,0.3084270576935001,True,True,False,False,False
2026-08-14 22:44:00+08:00,120.75,120.75,False,0.0,18.955,31.96701,0.0,121.18693490999999,0.36119735927259694,True,True,False,False,False
2026-08-14 22:45:00+08:00,120.75,120.75,False,0.0,18.925,31.96494,0.0,120.9872979,0.19632708900234755,True,True,False,False,False
2026-08-14 22:46:00+08:00,120.75,120.75,False,0.0,18.945,31.96494,0.0,121.11515766,0.3019514373486665,True,True,False,False,False
2026-08-14 22:47:00+08:00,120.75,120.75,False,0.0,18.945,31.96494,0.0,121.11515766,0.3019514373486665,True,True,False,False,False
2026-08-14 22:48:00+08:00,120.75,120.75,False,0.0,18.935,31.96494,0.0,121.05122777999998,0.24915322619787944,True,True,False,False,False
2026-08-14 22:49:00+08:00,120.75,120.75,False,0.0,18.895,31.96494,0.0,120.79550825999999,0.037680899411307645,True,True,False,False,False
2026-08-14 22:50:00+08:00,120.75,120.75,False,0.0,18.905,31.97352,0.0,120.89187912,0.1174292473777206,True,True,False,False,False
2026-08-14 22:51:00+08:00,120.75,120.75,False,0.0,18.895,31.97352,0.0,120.82793208000001,0.06451920448942583,True,True,False,False,False
2026-08-14 22:52:00+08:00,120.75,120.75,False,0.0,18.905,31.97352,0.0,120.89187912,0.1174292473777206,True,True,False,False,False
2026-08-14 22:53:00+08:00,120.75,120.75,False,0.0,18.895,31.97352,0.0,120.82793208000001,0.06451920448942583,True,True,False,False,False
2026-08-14 22:54:00+08:00,120.75,120.75,False,0.0,18.905,31.97352,0.0,120.89187912,0.1174292473777206,True,True,False,False,False
2026-08-14 22:55:00+08:00,120.75,120.75,False,0.0,18.915,31.96927,0.0,120.93974840999999,0.1570181699871735,True,True,False,False,False
2026-08-14 22:56:00+08:00,120.75,120.75,False,0.0,18.915,31.96927,0.0,120.93974840999999,0.1570181699871735,True,True,False,False,False
2026-08-14 22:57:00+08:00,120.75,120.75,False,0.0,18.935,31.96927,0.0,121.06762549,0.2626983780494796,True,True,False,False,False
2026-08-14 22:58:00+08:00,120.75,120.75,False,0.0,18.915,31.96927,0.0,120.93974840999999,0.1570181699871735,True,True,False,False,False
2026-08-14 22:59:00+08:00,120.75,120.75,False,0.0,18.915,31.96927,0.0,120.93974840999999,0.1570181699871735,True,True,False,False,False
2026-08-14 23:00:00+08:00,120.75,120.75,False,0.0,18.915,31.97035,0.0,120.94383404999999,0.16039635496857016,True,True,False,False,False
2026-08-14 23:01:00+08:00,120.75,120.75,False,0.0,18.915,31.97035,0.0,120.94383404999999,0.16039635496857016,True,True,False,False,False
2026-08-14 23:02:00+08:00,120.75,120.75,False,0.0,18.905,31.97035,0.0,120.87989335,0.10751430478997331,True,True,False,False,False
2026-08-14 23:03:00+08:00,120.75,120.75,False,0.0,18.885,31.97035,0.0,120.75201195000002,0.0016661972989619668,True,True,False,False,False
2026-08-14 23:04:00+08:00,120.75,120.75,False,0.0,18.895,31.97035,0.0,120.81595264999999,0.054604259645433625,True,True,False,False,False
2026-08-14 23:05:00+08:00,120.75,120.75,False,0.0,18.885,31.96827,0.0,120.74415579000001,-0.004840042593059096,True,True,False,False,False
2026-08-14 23:06:00+08:00,120.75,120.75,False,0.0,18.895,31.96827,0.0,120.80809233,0.048098020181937914,True,True,False,False,False
2026-08-14 23:07:00+08:00,120.75,120.75,False,0.0,18.895,31.96827,0.0,120.80809233,0.048098020181937914,True,True,False,False,False
2026-08-14 23:08:00+08:00,120.75,120.75,False,0.0,18.905,31.96827,0.0,120.87202887000001,0.10100806666569588,True,True,False,False,False
2026-08-14 23:09:00+08:00,120.75,120.75,False,0.0,18.895,31.96827,0.0,120.80809233,0.048098020181937914,True,True,False,False,False
2026-08-14 23:10:00+08:00,120.75,120.75,False,0.0,18.905,31.96262,0.0,120.85066622000002,0.08333273378340447,True,True,False,False,False
2026-08-14 23:11:00+08:00,120.75,120.75,False,0.0,18.905,31.96262,0.0,120.85066622000002,0.08333273378340447,True,True,False,False,False
2026-08-14 23:12:00+08:00,120.75,120.75,False,0.0,18.905,31.96262,0.0,120.85066622000002,0.08333273378340447,True,True,False,False,False
2026-08-14 23:13:00+08:00,120.75,120.75,False,0.0,18.905,31.96262,0.0,120.85066622000002,0.08333273378340447,True,True,False,False,False
2026-08-14 23:14:00+08:00,120.75,120.75,False,0.0,18.895,31.96262,0.0,120.78674097999999,0.030422684226771742,True,True,False,False,False
2026-08-14 23:15:00+08:00,120.75,120.75,False,0.0,18.895,31.97322,0.0,120.82679837999999,0.06358092376005552,True,True,False,False,False
2026-08-14 23:16:00+08:00,120.75,120.75,False,0.0,18.905,31.97322,0.0,120.89074482000001,0.11649096687303365,True,True,False,False,False
2026-08-14 23:17:00+08:00,120.75,120.75,False,0.0,18.895,31.97322,0.0,120.82679837999999,0.06358092376005552,True,True,False,False,False
2026-08-14 23:18:00+08:00,120.75,120.75,False,0.0,18.885,31.97322,0.0,120.76285194000002,0.010642862188726517,True,True,False,False,False
2026-08-14 23:19:00+08:00,120.75,120.75,False,0.0,18.885,31.97322,0.0,120.76285194000002,0.010642862188726517,True,True,False,False,False
2026-08-14 23:20:00+08:00,120.75,120.75,False,0.0,18.885,31.96344,0.0,120.72591288000001,-0.019949915262943915,True,True,False,False,False
2026-08-14 23:21:00+08:00,120.75,120.75,False,0.0,18.865,31.96344,0.0,120.59805911999999,-0.12591017350959186,True,True,False,False,False
2026-08-14 23:22:00+08:00,120.25,120.25,False,0.0,18.835,31.96344,0.0,120.40627848,0.12987691905406504,True,True,False,False,False
2026-08-14 23:23:00+08:00,120.25,120.25,False,0.0,18.825,31.96344,0.0,120.34235159999999,0.07677018773525005,True,True,False,False,False
2026-08-14 23:24:00+08:00,120.25,120.25,False,0.0,18.785,31.96344,0.0,120.08664408,-0.13593925356270273,True,True,False,False,False
2026-08-14 23:25:00+08:00,120.25,120.25,False,0.0,18.775,31.983,0.0,120.096165,-0.12801119585161747,True,True,False,False,False
2026-08-14 23:26:00+08:00,120.25,120.25,False,0.0,18.755000000000003,31.983,0.0,119.96823300000001,-0.234592517379801,True,True,False,False,False
2026-08-14 23:27:00+08:00,120.25,120.25,False,0.0,18.805,31.983,0.0,120.28806300000001,0.031648213613500474,True,True,False,False,False
2026-08-14 23:28:00+08:00,120.25,120.25,False,0.0,18.815,31.983,0.0,120.35202900000002,0.0848114211040306,True,True,False,False,False
2026-08-14 23:29:00+08:00,120.75,120.75,False,0.0,18.855,31.983,0.0,120.60789300000002,-0.11775624839414849,True,True,False,False,False
2026-08-14 23:30:00+08:00,120.25,120.25,False,0.0,18.825,31.98392,0.0,120.4194588,0.1408228537554687,True,True,False,False,False
2026-08-14 23:31:00+08:00,120.25,120.25,False,0.0,18.825,31.98392,0.0,120.4194588,0.1408228537554687,True,True,False,False,False
2026-08-14 23:32:00+08:00,120.25,120.25,False,0.0,18.845,31.98392,0.0,120.54739448000001,0.24700805475260998,True,True,False,False,False
2026-08-14 23:33:00+08:00,120.25,120.25,False,0.0,18.845,31.98392,0.0,120.54739448000001,0.24700805475260998,True,True,False,False,False
2026-08-14 23:34:00+08:00,120.25,120.25,False,0.0,18.845,31.98392,0.0,120.54739448000001,0.24700805475260998,True,True,False,False,False
2026-08-14 23:35:00+08:00,120.75,120.75,False,0.0,18.835,31.98985,0.0,120.50576495,-0.20246981459748145,True,True,False,False,False
2026-08-14 23:36:00+08:00,120.75,120.75,False,0.0,18.835,31.98985,0.0,120.50576495,-0.20246981459748145,True,True,False,False,False
2026-08-14 23:37:00+08:00,120.25,120.25,False,0.0,18.825,31.98985,0.0,120.44178525,0.15936169138534836,True,True,False,False,False
2026-08-14 23:38:00+08:00,120.25,120.25,False,0.0,18.825,31.98985,0.0,120.44178525,0.15936169138534836,True,True,False,False,False
2026-08-14 23:39:00+08:00,120.25,120.25,False,0.0,18.815,31.98985,0.0,120.37780555000002,0.10622675106718917,True,True,False,False,False
2026-08-14 23:40:00+08:00,120.25,120.25,False,0.0,18.785,31.99248,0.0,120.19574736,-0.04512672034808194,True,True,False,False,False
2026-08-14 23:41:00+08:00,120.25,120.25,False,0.0,18.775,31.99248,0.0,120.1317624,-0.09837485075365308,True,True,False,False,False
2026-08-14 23:42:00+08:00,120.25,120.25,False,0.0,18.775,31.99248,0.0,120.1317624,-0.09837485075365308,True,True,False,False,False
2026-08-14 23:43:00+08:00,120.25,120.25,False,0.0,18.785,31.99248,0.0,120.19574736,-0.04512672034808194,True,True,False,False,False
2026-08-14 23:44:00+08:00,120.25,120.25,False,0.0,18.805,31.99248,0.0,120.32371728000001,0.06128456660476555,True,True,False,False,False
2026-08-14 23:45:00+08:00,120.25,120.25,False,0.0,18.825,31.99509,0.0,120.46151385,0.17574053406669055,True,True,False,False,False
2026-08-14 23:46:00+08:00,120.25,120.25,False,0.0,18.815,31.99509,0.0,120.39752367000001,0.1226055998833478,True,True,False,False,False
2026-08-14 23:47:00+08:00,120.25,120.25,False,0.0,18.805,31.99509,0.0,120.33353349000001,0.06944240014122154,True,True,False,False,False
2026-08-14 23:48:00+08:00,119.75,119.75,False,0.0,18.795,31.99509,0.0,120.26954331000002,0.43291750566244114,True,True,False,False,False
2026-08-14 23:49:00+08:00,119.75,119.75,False,0.0,18.805,31.99509,0.0,120.33353349000001,0.4861087151770974,True,True,False,False,False
2026-08-14 23:50:00+08:00,120.25,120.25,False,0.0,18.805,31.97876,0.0,120.27211636,0.01839029219824073,True,True,False,False,False
2026-08-14 23:51:00+08:00,120.25,120.25,False,0.0,18.795,31.97876,0.0,120.20815884000001,-0.034801198014521015,True,True,False,False,False
2026-08-14 23:52:00+08:00,120.25,120.25,False,0.0,18.815,31.97876,0.0,120.33607388,0.07155350150726747,True,True,False,False,False
2026-08-14 23:53:00+08:00,120.25,120.25,False,0.0,18.825,31.97876,0.0,120.40003139999999,0.12468845246116926,True,True,False,False,False
2026-08-14 23:54:00+08:00,120.25,120.25,False,0.0,18.825,31.97876,0.0,120.40003139999999,0.12468845246116926,True,True,False,False,False
2026-08-14 23:55:00+08:00,120.25,120.25,False,0.0,18.835,31.9975,0.0,120.53458250000001,0.23637933711973713,True,True,False,False,False
2026-08-14 23:56:00+08:00,120.25,120.25,False,0.0,18.84,31.9975,0.0,120.56658,0.2629220961447105,True,True,False,False,False
2026-08-14 23:57:00+08:00,120.25,120.25,False,0.0,18.865,31.9975,0.0,120.72656749999999,0.3955301587570231,True,True,False,False,False
2026-08-14 23:58:00+08:00,120.25,120.25,False,0.0,18.855,31.9975,0.0,120.66257249999998,0.3425080689800711,True,True,False,False,False
2026-08-14 23:59:00+08:00,120.25,120.25,False,0.0,18.835,31.9975,0.0,120.53458250000001,0.23637933711973713,True,True,False,False,False
2026-08-15 00:00:00+08:00,120.25,120.25,False,0.0,18.875,32.0025,0.0,120.80943749999999,0.4641490130416381,True,True,False,False,False
2026-08-15 00:01:00+08:00,120.25,120.25,False,0.0,18.895,32.0025,0.0,120.93744749999999,0.5700524692521491,True,True,False,False,False
2026-08-15 00:02:00+08:00,120.25,120.25,False,0.0,18.875,32.0025,0.0,120.80943749999999,0.4641490130416381,True,True,False,False,False
2026-08-15 00:03:00+08:00,120.25,120.25,False,0.0,18.875,32.0025,0.0,120.80943749999999,0.4641490130416381,True,True,False,False,False
2026-08-15 00:04:00+08:00,120.25,120.25,False,0.0,18.885,32.0025,0.0,120.87344250000001,0.5171147969157002,True,True,False,False,False
2026-08-15 00:05:00+08:00,120.25,120.25,False,0.0,18.885,31.99327,0.0,120.83858079000001,0.4882693224800155,True,True,False,False,False
2026-08-15 00:06:00+08:00,120.25,120.25,False,0.0,18.875,31.99327,0.0,120.77459424999999,0.4353035022275472,True,True,False,False,False
2026-08-15 00:07:00+08:00,120.25,120.25,False,0.0,18.885,31.99327,0.0,120.83858079000001,0.4882693224800155,True,True,False,False,False
2026-08-15 00:08:00+08:00,120.25,120.25,False,0.0,18.875,31.99327,0.0,120.77459424999999,0.4353035022275472,True,True,False,False,False
2026-08-15 00:09:00+08:00,120.25,120.25,False,0.0,18.875,31.99327,0.0,120.77459424999999,0.4353035022275472,True,True,False,False,False
2026-08-15 00:10:00+08:00,120.25,120.25,False,0.0,18.885,31.99027,0.0,120.82724979,0.4788919655445156,True,True,False,False,False
2026-08-15 00:11:00+08:00,120.25,120.25,False,0.0,18.885,31.99027,0.0,120.82724979,0.4788919655445156,True,True,False,False,False
2026-08-15 00:12:00+08:00,120.25,120.25,False,0.0,18.895,31.99027,0.0,120.89123032999998,0.53182969094291,True,True,False,False,False
2026-08-15 00:13:00+08:00,120.25,120.25,False,0.0,18.915,31.99027,0.0,121.01919140999999,0.6376209125622407,True,True,False,False,False
2026-08-15 00:14:00+08:00,120.25,120.25,False,0.0,18.915,31.99027,0.0,121.01919140999999,0.6376209125622407,True,True,False,False,False
2026-08-15 00:15:00+08:00,120.75,120.75,False,0.0,18.925,31.99342,0.0,121.0950947,0.2853849075815092,True,True,False,False,False
2026-08-15 00:16:00+08:00,120.75,120.75,False,0.0,18.925,31.99342,0.0,121.0950947,0.2853849075815092,True,True,False,False,False
2026-08-15 00:17:00+08:00,120.75,120.75,False,0.0,18.925,31.99342,0.0,121.0950947,0.2853849075815092,True,True,False,False,False
2026-08-15 00:18:00+08:00,120.25,120.25,False,0.0,18.925,31.99342,0.0,121.0950947,0.7003205936714687,True,True,False,False,False
2026-08-15 00:19:00+08:00,120.75,120.75,False,0.0,18.935,31.99342,0.0,121.15908153999999,0.3382109819075529,True,True,False,False,False
2026-08-15 00:20:00+08:00,120.75,120.75,False,0.0,18.935,31.98675,0.0,121.13382225000001,0.31736082754910955,True,True,False,False,False
2026-08-15 00:21:00+08:00,120.75,120.75,False,0.0,18.935,31.98675,0.0,121.13382225000001,0.31736082754910955,True,True,False,False,False
2026-08-15 00:22:00+08:00,120.75,120.75,False,0.0,18.935,31.98675,0.0,121.13382225000001,0.31736082754910955,True,True,False,False,False
2026-08-15 00:23:00+08:00,120.75,120.75,False,0.0,18.935,31.98675,0.0,121.13382225000001,0.31736082754910955,True,True,False,False,False
2026-08-15 00:24:00+08:00,120.75,120.75,False,0.0,18.935,31.98675,0.0,121.13382225000001,0.31736082754910955,True,True,False,False,False
2026-08-15 00:25:00+08:00,120.75,120.75,False,0.0,18.935,31.98796,0.0,121.13840452,0.3211435626860569,True,True,False,False,False
2026-08-15 00:26:00+08:00,120.75,120.75,False,0.0,18.935,31.98796,0.0,121.13840452,0.3211435626860569,True,True,False,False,False
2026-08-15 00:27:00+08:00,120.75,120.75,False,0.0,18.945,31.98796,0.0,121.20238044,0.373941714627752,True,True,False,False,False
2026-08-15 00:28:00+08:00,120.75,120.75,False,0.0,18.935,31.98796,0.0,121.13840452,0.3211435626860569,True,True,False,False,False
2026-08-15 00:29:00+08:00,120.75,120.75,False,0.0,18.935,31.98796,0.0,121.13840452,0.3211435626860569,True,True,False,False,False
2026-08-15 00:30:00+08:00,120.75,120.75,False,0.0,18.945,31.98902,0.0,121.20639678,0.37725539483462106,True,True,False,False,False
2026-08-15 00:31:00+08:00,120.75,120.75,False,0.0,18.925,31.98902,0.0,121.07844070000002,0.2716311605444808,True,True,False,False,False
2026-08-15 00:32:00+08:00,120.75,120.75,False,0.0,18.905,31.98902,0.0,120.95048462,0.16589509145188364,True,True,False,False,False
2026-08-15 00:33:00+08:00,120.75,120.75,False,0.0,18.905,31.98902,0.0,120.95048462,0.16589509145188364,True,True,False,False,False
2026-08-15 00:34:00+08:00,120.75,120.75,False,0.0,18.905,31.98902,0.0,120.95048462,0.16589509145188364,True,True,False,False,False
2026-08-15 00:35:00+08:00,120.75,120.75,False,0.0,18.905,31.9915,0.0,120.95986150000002,0.17364744549325437,True,True,False,False,False
2026-08-15 00:36:00+08:00,120.75,120.75,False,0.0,18.925,31.9915,0.0,121.0878275,0.27938350546090895,True,True,False,False,False
2026-08-15 00:37:00+08:00,120.75,120.75,False,0.0,18.935,31.9915,0.0,121.15181049999998,0.3322095846818659,True,True,False,False,False
2026-08-15 00:38:00+08:00,120.75,120.75,False,0.0,18.925,31.9915,0.0,121.0878275,0.27938350546090895,True,True,False,False,False
2026-08-15 00:39:00+08:00,120.75,120.75,False,0.0,18.925,31.9915,0.0,121.0878275,0.27938350546090895,True,True,False,False,False
2026-08-15 00:40:00+08:00,120.75,120.75,False,0.0,18.925,31.98892,0.0,121.0780622,0.27131855336845606,True,True,False,False,False
2026-08-15 00:41:00+08:00,120.75,120.75,False,0.0,18.915,31.98892,0.0,121.01408436,0.21846450906807327,True,True,False,False,False
2026-08-15 00:42:00+08:00,120.75,120.75,False,0.0,18.915,31.98892,0.0,121.01408436,0.21846450906807327,True,True,False,False,False
2026-08-15 00:43:00+08:00,120.75,120.75,False,0.0,18.915,31.98892,0.0,121.01408436,0.21846450906807327,True,True,False,False,False
2026-08-15 00:44:00+08:00,120.75,120.75,False,0.0,18.915,31.98892,0.0,121.01408436,0.21846450906807327,True,True,False,False,False
2026-08-15 00:45:00+08:00,120.75,120.75,False,0.0,18.905,31.99041,0.0,120.95574021,0.17024023494125512,True,True,False,False,False
2026-08-15 00:46:00+08:00,120.75,120.75,False,0.0,18.895,31.99041,0.0,120.89175938999999,0.11733020845225361,True,True,False,False,False
2026-08-15 00:47:00+08:00,120.75,120.75,False,0.0,18.895,31.99041,0.0,120.89175938999999,0.11733020845225361,True,True,False,False,False
2026-08-15 00:48:00+08:00,120.75,120.75,False,0.0,18.915,31.99041,0.0,121.01972103,0.2231222577011876,True,True,False,False,False
2026-08-15 00:49:00+08:00,120.75,120.75,False,0.0,18.915,31.99041,0.0,121.01972103,0.2231222577011876,True,True,False,False,False
2026-08-15 00:50:00+08:00,120.75,120.75,False,0.0,18.905,32.00123,0.0,120.99665063,0.2040571229071633,True,True,False,False,False
2026-08-15 00:51:00+08:00,120.75,120.75,False,0.0,18.905,32.00123,0.0,120.99665063,0.2040571229071633,True,True,False,False,False
2026-08-15 00:52:00+08:00,120.75,120.75,False,0.0,18.905,32.00123,0.0,120.99665063,0.2040571229071633,True,True,False,False,False
2026-08-15 00:53:00+08:00,120.75,120.75,False,0.0,18.895,32.00123,0.0,120.93264817,0.15114711079424956,True,True,False,False,False
2026-08-15 00:54:00+08:00,120.75,120.75,False,0.0,18.885,32.00123,0.0,120.86864571000001,0.09820906797268696,True,True,False,False,False
2026-08-15 00:55:00+08:00,120.75,120.75,False,0.0,18.885,31.99553,0.0,120.84711681000002,0.08039566968540682,True,True,False,False,False
2026-08-15 00:56:00+08:00,120.75,120.75,False,0.0,18.895,31.99553,0.0,120.91110787,0.1333337179656248,True,True,False,False,False
2026-08-15 00:57:00+08:00,120.75,120.75,False,0.0,18.895,31.99553,0.0,120.91110787,0.1333337179656248,True,True,False,False,False
2026-08-15 00:58:00+08:00,120.75,120.75,False,0.0,18.885,31.99553,0.0,120.84711681000002,0.08039566968540682,True,True,False,False,False
2026-08-15 00:59:00+08:00,120.75,120.75,False,0.0,18.885,31.99553,0.0,120.84711681000002,0.08039566968540682,True,True,False,False,False
2026-08-15 01:00:00+08:00,120.75,120.75,False,0.0,18.885,31.99723,0.0,120.85353771,0.08570876981468324,True,True,False,False,False
2026-08-15 01:01:00+08:00,120.75,120.75,False,0.0,18.885,31.99723,0.0,120.85353771,0.08570876981468324,True,True,False,False,False
2026-08-15 01:03:00+08:00,120.75,120.75,False,0.0,18.885,31.99723,0.0,120.85353771,0.08570876981468324,True,True,False,False,False
2026-08-15 01:05:00+08:00,120.75,120.75,False,0.0,18.885,31.99259,0.0,120.83601243000001,0.07120646525421928,True,True,False,False,False
2026-08-15 01:08:00+08:00,120.75,120.75,False,0.0,18.885,31.99259,0.0,120.83601243000001,0.07120646525421928,True,True,False,False,False
2026-08-15 01:10:00+08:00,120.75,120.75,False,0.0,18.885,31.99259,0.0,120.83601243000001,0.07120646525421928,True,True,False,False,False
2026-08-15 01:12:00+08:00,120.75,120.75,False,0.0,18.885,32.00258,0.0,120.87374466000001,0.10242756577929948,True,True,False,False,False
2026-08-15 01:14:00+08:00,120.75,120.75,False,0.0,18.885,32.00258,0.0,120.87374466000001,0.10242756577929948,True,True,False,False,False
2026-08-15 01:16:00+08:00,120.75,120.75,False,0.0,18.885,32.00258,0.0,120.87374466000001,0.10242756577929948,True,True,False,False,False
2026-08-15 01:18:00+08:00,120.75,120.75,False,0.0,18.885,32.00958,0.0,120.90018366000001,0.12429840335757215,True,True,False,False,False
2026-08-15 01:20:00+08:00,120.75,120.75,False,0.0,18.885,32.00958,0.0,120.90018366000001,0.12429840335757215,True,True,False,False,False
2026-08-15 01:22:00+08:00,120.75,120.75,False,0.0,18.885,32.00958,0.0,120.90018366000001,0.12429840335757215,True,True,False,False,False
2026-08-15 01:24:00+08:00,120.75,120.75,False,0.0,18.885,32.00175,0.0,120.87060975000001,0.09983399191385747,True,True,False,False,False
2026-08-15 01:26:00+08:00,120.75,120.75,False,0.0,18.885,32.00175,0.0,120.87060975000001,0.09983399191385747,True,True,False,False,False
2026-08-15 01:28:00+08:00,120.75,120.75,False,0.0,18.885,32.00175,0.0,120.87060975000001,0.09983399191385747,True,True,False,False,False
2026-08-15 01:30:00+08:00,120.75,120.75,False,0.0,18.885,31.999,0.0,120.86022299999999,0.09124034457763042,True,True,False,False,False
2026-08-15 01:32:00+08:00,120.75,120.75,False,0.0,18.885,31.999,0.0,120.86022299999999,0.09124034457763042,True,True,False,False,False
2026-08-15 01:34:00+08:00,120.75,120.75,False,0.0,18.885,32.01353,0.0,120.91510281000004,0.1366376924763041,True,True,False,False,False
2026-08-15 01:36:00+08:00,120.75,120.75,False,0.0,18.885,32.01353,0.0,120.91510281000004,0.1366376924763041,True,True,False,False,False
2026-08-15 01:38:00+08:00,120.75,120.75,False,0.0,18.885,32.01353,0.0,120.91510281000004,0.1366376924763041,True,True,False,False,False
2026-08-15 01:40:00+08:00,120.75,120.75,False,0.0,18.885,32.01232,0.0,120.91053264000001,0.13285797084553985,True,True,False,False,False
2026-08-15 01:42:00+08:00,120.75,120.75,False,0.0,18.885,32.01232,0.0,120.91053264000001,0.13285797084553985,True,True,False,False,False
2026-08-15 01:44:00+08:00,120.75,120.75,False,0.0,18.885,32.01232,0.0,120.91053264000001,0.13285797084553985,True,True,False,False,False
2026-08-15 01:46:00+08:00,120.75,120.75,False,0.0,18.885,32.01711,0.0,120.92862447000002,0.14781983337727062,True,True,False,False,False
2026-08-15 01:48:00+08:00,120.75,120.75,False,0.0,18.885,32.01711,0.0,120.92862447000002,0.14781983337727062,True,True,False,False,False
2026-08-15 01:50:00+08:00,120.75,120.75,False,0.0,18.885,32.01711,0.0,120.92862447000002,0.14781983337727062,True,True,False,False,False
2026-08-15 01:52:00+08:00,120.75,120.75,False,0.0,18.885,32.01216,0.0,120.90992832000002,0.13235816224214636,True,True,False,False,False
2026-08-15 01:54:00+08:00,120.75,120.75,False,0.0,18.885,32.01216,0.0,120.90992832000002,0.13235816224214636,True,True,False,False,False
2026-08-15 01:56:00+08:00,120.75,120.75,False,0.0,18.885,32.01216,0.0,120.90992832000002,0.13235816224214636,True,True,False,False,False
2026-08-15 01:58:00+08:00,120.75,120.75,False,0.0,18.885,32.00693,0.0,120.89017461,0.11601929209514945,True,True,False,False,False
2026-08-15 02:00:00+08:00,120.75,120.75,False,0.0,18.885,32.00693,0.0,120.89017461,0.11601929209514945,True,True,False,False,False
2026-08-15 02:02:00+08:00,120.75,120.75,False,0.0,18.885,32.00693,0.0,120.89017461,0.11601929209514945,True,True,False,False,False
2026-08-15 02:04:00+08:00,120.75,120.75,False,0.0,18.885,32.00536,0.0,120.88424472000001,0.11111398564849272,True,True,False,False,False
2026-08-15 02:06:00+08:00,120.75,120.75,False,0.0,18.885,32.00536,0.0,120.88424472000001,0.11111398564849272,True,True,False,False,False
2026-08-15 02:08:00+08:00,120.75,120.75,False,0.0,18.885,32.00536,0.0,120.88424472000001,0.11111398564849272,True,True,False,False,False
2026-08-15 02:10:00+08:00,120.75,120.75,False,0.0,18.885,32.00808,0.0,120.89451816,0.1196121981996002,True,True,False,False,False
2026-08-15 02:12:00+08:00,120.75,120.75,False,0.0,18.885,32.00808,0.0,120.89451816,0.1196121981996002,True,True,False,False,False
2026-08-15 02:14:00+08:00,120.75,120.75,False,0.0,18.885,32.00808,0.0,120.89451816,0.1196121981996002,True,True,False,False,False
2026-08-15 02:16:00+08:00,120.75,120.75,False,0.0,18.885,32.01306,0.0,120.91332762000002,0.13516955312048037,True,True,False,False,False
2026-08-15 02:18:00+08:00,120.75,120.75,False,0.0,18.885,32.01306,0.0,120.91332762000002,0.13516955312048037,True,True,False,False,False
2026-08-15 02:20:00+08:00,120.75,120.75,False,0.0,18.885,32.01306,0.0,120.91332762000002,0.13516955312048037,True,True,False,False,False
2026-08-15 02:22:00+08:00,120.75,120.75,False,0.0,18.885,32.0053,0.0,120.8840181,0.11092651693152124,True,True,False,False,False
2026-08-15 02:24:00+08:00,120.75,120.75,False,0.0,18.885,32.0053,0.0,120.8840181,0.11092651693152124,True,True,False,False,False
2026-08-15 02:26:00+08:00,120.75,120.75,False,0.0,18.885,32.0053,0.0,120.8840181,0.11092651693152124,True,True,False,False,False
2026-08-15 02:28:00+08:00,120.75,120.75,False,0.0,18.885,32.00527,0.0,120.88390479000002,0.11083278244118197,True,True,False,False,False
2026-08-15 02:30:00+08:00,120.75,120.75,False,0.0,18.885,32.00527,0.0,120.88390479000002,0.11083278244118197,True,True,False,False,False
2026-08-15 02:32:00+08:00,120.75,120.75,False,0.0,18.885,32.00527,0.0,120.88390479000002,0.11083278244118197,True,True,False,False,False
2026-08-15 02:34:00+08:00,120.75,120.75,False,0.0,18.885,32.00034,0.0,120.86528418000003,0.0954278868501933,True,True,False,False,False
2026-08-15 02:36:00+08:00,120.75,120.75,False,0.0,18.885,32.00034,0.0,120.86528418000003,0.0954278868501933,True,True,False,False,False
2026-08-15 02:38:00+08:00,120.75,120.75,False,0.0,18.885,32.00034,0.0,120.86528418000003,0.0954278868501933,True,True,False,False,False
2026-08-17 21:30:00+08:00,122.75,122.75,False,0.0,19.37,31.82051,0.0,123.27265574,0.4248842355009404,True,True,False,False,False
2026-08-17 21:31:00+08:00,122.25,122.25,False,0.0,19.37,31.82051,0.0,123.27265574,0.8330438891007775,True,True,False,False,False
2026-08-17 21:32:00+08:00,122.25,122.25,False,0.0,19.285,31.82051,0.0,122.73170707,0.39325962396233766,True,True,False,False,False
2026-08-17 21:33:00+08:00,122.75,122.75,False,0.0,19.42,31.82051,0.0,123.59086084,0.6826807677238325,True,True,False,False,False
2026-08-17 21:34:00+08:00,122.25,122.25,False,0.0,19.345,31.82051,0.0,123.11355318999999,0.7038968736577501,True,True,False,False,False
2026-08-17 21:35:00+08:00,122.25,122.25,False,0.0,19.35,31.81071,0.0,123.10744770000001,0.6989375770230664,True,True,False,False,False
2026-08-17 21:36:00+08:00,122.25,122.25,False,0.0,19.355,31.81071,0.0,123.13925841,0.7247737050610508,True,True,False,False,False
2026-08-17 21:37:00+08:00,122.25,122.25,False,0.0,19.31,31.81071,0.0,122.85296201999999,0.492007126336394,True,True,False,False,False
2026-08-17 21:38:00+08:00,122.25,122.25,False,0.0,19.28,31.81071,0.0,122.66209776000001,0.33652707544389365,True,True,False,False,False
2026-08-17 21:39:00+08:00,122.25,122.25,False,0.0,19.295,31.81071,0.0,122.75752989,0.4142973811685414,True,True,False,False,False
2026-08-17 21:40:00+08:00,122.25,122.25,False,0.0,19.35,31.82806,0.0,123.1745922,0.7534633686965999,True,True,False,False,False
2026-08-17 21:41:00+08:00,122.25,122.25,False,0.0,19.365,31.82806,0.0,123.27007638,0.8309515010260898,True,True,False,False,False
2026-08-17 21:42:00+08:00,122.25,122.25,False,0.0,19.365,31.82806,0.0,123.27007638,0.8309515010260898,True,True,False,False,False
2026-08-17 21:43:00+08:00,122.25,122.25,False,0.0,19.365,31.82806,0.0,123.27007638,0.8309515010260898,True,True,False,False,False
2026-08-17 21:44:00+08:00,122.25,122.25,False,0.0,19.375,31.82806,0.0,123.3337325,0.8825767806098447,True,True,False,False,False
2026-08-17 21:45:00+08:00,122.25,122.25,False,0.0,19.345,31.83826,0.0,123.18222793999999,0.7596622072207149,True,True,False,False,False
2026-08-17 21:46:00+08:00,122.25,122.25,False,0.0,19.355,31.83826,0.0,123.24590445999999,0.8113409974725339,True,True,False,False,False
2026-08-17 21:47:00+08:00,122.25,122.25,False,0.0,19.355,31.83826,0.0,123.24590445999999,0.8113409974725339,True,True,False,False,False
2026-08-17 21:48:00+08:00,122.25,122.25,False,0.0,19.385,31.83826,0.0,123.43693402000001,0.9662166404855602,True,True,False,False,False
2026-08-17 21:49:00+08:00,122.75,122.75,False,0.0,19.415,31.83826,0.0,123.62796357999999,0.7126965149339801,True,True,False,False,False
2026-08-17 21:50:00+08:00,122.75,122.75,False,0.0,19.425,31.84593,0.0,123.72143805,0.788276367992736,True,True,False,False,False
2026-08-17 21:51:00+08:00,122.75,122.75,False,0.0,19.455,31.84593,0.0,123.91251362999999,0.9425944890384051,True,True,False,False,False
2026-08-17 21:52:00+08:00,122.75,122.75,False,0.0,19.415,31.84593,0.0,123.65774618999998,0.7367838097914654,True,True,False,False,False
2026-08-17 21:53:00+08:00,122.75,122.75,False,0.0,19.435,31.84593,0.0,123.78512990999998,0.8397423201941766,True,True,False,False,False
2026-08-17 21:54:00+08:00,122.75,122.75,False,0.0,19.445,31.84593,0.0,123.84882177,0.8911816870113511,True,True,False,False,False
2026-08-17 21:55:00+08:00,122.75,122.75,False,0.0,19.425,31.84852,0.0,123.7315002,0.7964088170540916,True,True,False,False,False
2026-08-17 21:56:00+08:00,122.75,122.75,False,0.0,19.415,31.84852,0.0,123.66780315999999,0.7449162749040971,True,True,False,False,False
2026-08-17 21:57:00+08:00,122.75,122.75,False,0.0,19.445,31.84852,0.0,123.85889428,0.8993141007647205,True,True,False,False,False
2026-08-17 21:58:00+08:00,122.75,122.75,False,0.0,19.515,31.84852,0.0,124.30477356000002,1.2586468479002462,True,True,False,False,False
2026-08-17 21:59:00+08:00,122.75,122.75,False,0.0,19.525,31.84852,0.0,124.3684706,1.3098742445842855,True,True,False,False,False
2026-08-17 22:00:00+08:00,122.75,122.75,False,0.0,19.515,31.84852,0.0,124.30477356000002,1.2586468479002462,True,True,False,False,False
2026-08-17 22:58:00+08:00,124.25,124.25,False,0.0,19.685,31.83563,0.0,125.33687530999998,0.8709394744014692,True,True,False,False,False
2026-08-17 22:59:00+08:00,124.25,124.25,False,0.0,19.695,31.83563,0.0,125.40054657,0.9217256567691102,True,True,False,False,False
2026-08-17 23:00:00+08:00,124.25,124.25,False,0.0,19.675,31.83563,0.0,125.27320405,0.8201273736409477,True,True,False,False,False
2026-08-17 23:01:00+08:00,124.25,124.25,False,0.0,19.685,31.83563,0.0,125.33687530999998,0.8709394744014692,True,True,False,False,False
2026-08-17 23:02:00+08:00,124.25,124.25,False,0.0,19.715,31.83563,0.0,125.52788908999999,1.0232203456083648,True,True,False,False,False
2026-08-17 23:03:00+08:00,124.25,124.25,False,0.0,19.705,31.84082,0.0,125.48467162,0.9887867087023423,True,True,False,False,False
2026-08-17 23:04:00+08:00,124.75,124.75,False,0.0,19.735,31.84082,0.0,125.67571654000001,0.7393142787331489,True,True,False,False,False
2026-08-17 23:05:00+08:00,124.25,124.25,False,0.0,19.725,31.84082,0.0,125.6120349,1.0902295745290895,True,True,False,False,False
2026-08-17 23:06:00+08:00,124.75,124.75,False,0.0,19.745,31.84082,0.0,125.73939818000001,0.7899721003673251,True,True,False,False,False
2026-08-17 23:07:00+08:00,124.75,124.75,False,0.0,19.735,31.84082,0.0,125.67571654000001,0.7393142787331489,True,True,False,False,False
2026-08-17 23:08:00+08:00,124.75,124.75,False,0.0,19.725,31.85028,0.0,125.64935460000001,0.7183361965422649,True,True,False,False,False
2026-08-17 23:09:00+08:00,124.75,124.75,False,0.0,19.725,31.85028,0.0,125.64935460000001,0.7183361965422649,True,True,False,False,False
2026-08-17 23:10:00+08:00,124.75,124.75,False,0.0,19.735,31.85028,0.0,125.71305516,0.7690197337765288,True,True,False,False,False
2026-08-17 23:11:00+08:00,124.75,124.75,False,0.0,19.755000000000003,31.85028,0.0,125.84045628000001,0.8703095051485751,True,True,False,False,False
2026-08-17 23:12:00+08:00,124.75,124.75,False,0.0,19.735,31.85028,0.0,125.71305516,0.7690197337765288,True,True,False,False,False
2026-08-17 23:13:00+08:00,124.75,124.75,False,0.0,19.735,31.84214,0.0,125.68092658,0.7434597577169615,True,True,False,False,False
2026-08-17 23:14:00+08:00,124.25,124.25,False,0.0,19.705,31.84214,0.0,125.48987373999998,0.9929321428990476,True,True,False,False,False
2026-08-17 23:15:00+08:00,124.75,124.75,False,0.0,19.735,31.84214,0.0,125.68092658,0.7434597577169615,True,True,False,False,False
2026-08-17 23:16:00+08:00,124.75,124.75,False,0.0,19.725,31.84214,0.0,125.61724230000002,0.6927761731391767,True,True,False,False,False
2026-08-17 23:17:00+08:00,124.75,124.75,False,0.0,19.725,31.84214,0.0,125.61724230000002,0.6927761731391767,True,True,False,False,False
2026-08-17 23:18:00+08:00,124.25,124.25,False,0.0,19.715,31.83791,0.0,125.53687913000002,1.0303816873665879,True,True,False,False,False
2026-08-17 23:19:00+08:00,124.25,124.25,False,0.0,19.715,31.83791,0.0,125.53687913000002,1.0303816873665879,True,True,False,False,False
2026-08-17 23:20:00+08:00,124.75,124.75,False,0.0,19.715,31.83791,0.0,125.53687913000002,0.6287817665354393,True,True,False,False,False
2026-08-17 23:21:00+08:00,124.75,124.75,False,0.0,19.745,31.83791,0.0,125.72790659000002,0.780832611796556,True,True,False,False,False
2026-08-17 23:22:00+08:00,124.75,124.75,False,0.0,19.755000000000003,31.83791,0.0,125.79158241000002,0.8314647013728166,True,True,False,False,False
2026-08-17 23:23:00+08:00,124.75,124.75,False,0.0,19.715,31.84057,0.0,125.54736751,0.6371361536338523,True,True,False,False,False
2026-08-17 23:24:00+08:00,124.75,124.75,False,0.0,19.715,31.84057,0.0,125.54736751,0.6371361536338523,True,True,False,False,False
2026-08-17 23:25:00+08:00,124.75,124.75,False,0.0,19.705,31.84057,0.0,125.48368636999999,0.586400960352832,True,True,False,False,False
2026-08-17 23:26:00+08:00,124.75,124.75,False,0.0,19.715,31.84057,0.0,125.54736751,0.6371361536338523,True,True,False,False,False
2026-08-17 23:27:00+08:00,124.75,124.75,False,0.0,19.725,31.84057,0.0,125.61104865,0.6878455371895573,True,True,False,False,False
2026-08-17 23:28:00+08:00,124.75,124.75,False,0.0,19.745,31.84174,0.0,125.74303126000002,0.7928613862070308,True,True,False,False,False
2026-08-17 23:29:00+08:00,124.75,124.75,False,0.0,19.725,31.84174,0.0,125.61566430000002,0.6915199833174729,True,True,False,False,False
2026-08-17 23:30:00+08:00,124.75,124.75,False,0.0,19.725,31.84174,0.0,125.61566430000002,0.6915199833174729,True,True,False,False,False
2026-08-17 23:31:00+08:00,124.75,124.75,False,0.0,19.715,31.84174,0.0,125.55198082,0.6408106059509987,True,True,False,False,False
2026-08-17 23:32:00+08:00,124.75,124.75,False,0.0,19.715,31.84174,0.0,125.55198082,0.6408106059509987,True,True,False,False,False
2026-08-17 23:33:00+08:00,124.25,124.25,False,0.0,19.715,31.83342,0.0,125.51917506,1.0162783775821107,True,True,False,False,False
2026-08-17 23:34:00+08:00,124.25,124.25,False,0.0,19.715,31.83342,0.0,125.51917506,1.0162783775821107,True,True,False,False,False
2026-08-17 23:35:00+08:00,124.25,124.25,False,0.0,19.715,31.83342,0.0,125.51917506,1.0162783775821107,True,True,False,False,False
2026-08-17 23:36:00+08:00,124.25,124.25,False,0.0,19.715,31.83342,0.0,125.51917506,1.0162783775821107,True,True,False,False,False
2026-08-17 23:37:00+08:00,124.25,124.25,False,0.0,19.715,31.83342,0.0,125.51917506,1.0162783775821107,True,True,False,False,False
2026-08-17 23:38:00+08:00,124.25,124.25,False,0.0,19.695,31.84524,0.0,125.43840036000002,0.9519067431939849,True,True,False,False,False
2026-08-17 23:39:00+08:00,124.25,124.25,False,0.0,19.675,31.84524,0.0,125.3110194,0.8503085959104768,True,True,False,False,False
2026-08-17 23:40:00+08:00,124.25,124.25,False,0.0,19.675,31.84524,0.0,125.3110194,0.8503085959104768,True,True,False,False,False
2026-08-17 23:41:00+08:00,124.25,124.25,False,0.0,19.685,31.84524,0.0,125.37470988,0.9011206306784851,True,True,False,False,False
2026-08-17 23:42:00+08:00,124.25,124.25,False,0.0,19.695,31.84524,0.0,125.43840036000002,0.9519067431939849,True,True,False,False,False
2026-08-17 23:43:00+08:00,124.25,124.25,False,0.0,19.675,31.84714,0.0,125.31849589999999,0.8562746641131541,True,True,False,False,False
2026-08-17 23:44:00+08:00,124.25,124.25,False,0.0,19.685,31.84714,0.0,125.38219018,0.90708668556216,True,True,False,False,False
2026-08-17 23:45:00+08:00,124.25,124.25,False,0.0,19.685,31.84714,0.0,125.38219018,0.90708668556216,True,True,False,False,False
2026-08-17 23:46:00+08:00,124.25,124.25,False,0.0,19.685,31.84714,0.0,125.38219018,0.90708668556216,True,True,False,False,False
2026-08-17 23:47:00+08:00,124.25,124.25,False,0.0,19.685,31.84714,0.0,125.38219018,0.90708668556216,True,True,False,False,False
2026-08-17 23:48:00+08:00,124.25,124.25,False,0.0,19.695,31.84367,0.0,125.43221613,0.9469766396053338,True,True,False,False,False
2026-08-17 23:49:00+08:00,124.25,124.25,False,0.0,19.695,31.84367,0.0,125.43221613,0.9469766396053338,True,True,False,False,False
2026-08-17 23:50:00+08:00,124.25,124.25,False,0.0,19.695,31.84367,0.0,125.43221613,0.9469766396053338,True,True,False,False,False
2026-08-17 23:51:00+08:00,124.25,124.25,False,0.0,19.715,31.84367,0.0,125.55959080999999,1.0484712022093954,True,True,False,False,False
2026-08-17 23:52:00+08:00,124.25,124.25,False,0.0,19.705,31.84367,0.0,125.49590346999999,0.9977368618978355,True,True,False,False,False
2026-08-17 23:53:00+08:00,124.25,124.25,False,0.0,19.705,31.84148,0.0,125.48727268,0.9908594473884393,True,True,False,False,False
2026-08-17 23:54:00+08:00,124.25,124.25,False,0.0,19.705,31.84148,0.0,125.48727268,0.9908594473884393,True,True,False,False,False
2026-08-17 23:55:00+08:00,124.25,124.25,False,0.0,19.705,31.84148,0.0,125.48727268,0.9908594473884393,True,True,False,False,False
2026-08-17 23:56:00+08:00,124.25,124.25,False,0.0,19.705,31.84148,0.0,125.48727268,0.9908594473884393,True,True,False,False,False
2026-08-17 23:57:00+08:00,124.25,124.25,False,0.0,19.705,31.84148,0.0,125.48727268,0.9908594473884393,True,True,False,False,False
2026-08-17 23:58:00+08:00,124.25,124.25,False,0.0,19.705,31.84069,0.0,125.48415928999998,0.9883784369016423,True,True,False,False,False
2026-08-17 23:59:00+08:00,124.25,124.25,False,0.0,19.705,31.84069,0.0,125.48415928999998,0.9883784369016423,True,True,False,False,False
2026-08-18 00:00:00+08:00,124.25,124.25,False,0.0,19.715,31.84069,0.0,125.54784066999999,1.0391128013908826,True,True,False,False,False
2026-08-18 00:01:00+08:00,124.25,124.25,False,0.0,19.715,31.84069,0.0,125.54784066999999,1.0391128013908826,True,True,False,False,False
2026-08-18 00:02:00+08:00,124.25,124.25,False,0.0,19.705,31.84069,0.0,125.48415928999998,0.9883784369016423,True,True,False,False,False
2026-08-18 00:03:00+08:00,124.25,124.25,False,0.0,19.695,31.8489,0.0,125.45281709999999,0.9633989027190596,True,True,False,False,False
2026-08-18 00:04:00+08:00,124.25,124.25,False,0.0,19.695,31.8489,0.0,125.45281709999999,0.9633989027190596,True,True,False,False,False
2026-08-18 00:05:00+08:00,124.25,124.25,False,0.0,19.705,31.8489,0.0,125.51651489999999,1.014159084140698,True,True,False,False,False
2026-08-18 00:06:00+08:00,124.25,124.25,False,0.0,19.685,31.8489,0.0,125.38911929999999,0.912612817409495,True,True,False,False,False
2026-08-18 00:07:00+08:00,124.25,124.25,False,0.0,19.685,31.8489,0.0,125.38911929999999,0.912612817409495,True,True,False,False,False
2026-08-18 00:08:00+08:00,124.25,124.25,False,0.0,19.695,31.8429,0.0,125.4291831,0.9445586014495441,True,True,False,False,False
2026-08-18 00:09:00+08:00,124.25,124.25,False,0.0,19.685,31.8429,0.0,125.36549729999999,0.8937724717142289,True,True,False,False,False
2026-08-18 00:10:00+08:00,124.25,124.25,False,0.0,19.675,31.8429,0.0,125.30181150000001,0.8429604206660015,True,True,False,False,False
2026-08-18 00:11:00+08:00,124.25,124.25,False,0.0,19.645,31.8429,0.0,125.11075410000001,0.6903685410373952,True,True,False,False,False
2026-08-18 00:12:00+08:00,124.25,124.25,False,0.0,19.655,31.8429,0.0,125.17443990000001,0.7412584752084753,True,True,False,False,False
2026-08-18 00:13:00+08:00,124.25,124.25,False,0.0,19.655,31.8405,0.0,125.1650055,0.7337212916806696,True,True,False,False,False
2026-08-18 00:14:00+08:00,124.25,124.25,False,0.0,19.655,31.8405,0.0,125.1650055,0.7337212916806696,True,True,False,False,False
2026-08-18 00:15:00+08:00,124.25,124.25,False,0.0,19.675,31.8405,0.0,125.2923675,0.8354232673535867,True,True,False,False,False
2026-08-18 00:16:00+08:00,124.25,124.25,False,0.0,19.675,31.8405,0.0,125.2923675,0.8354232673535867,True,True,False,False,False
2026-08-18 00:17:00+08:00,124.25,124.25,False,0.0,19.675,31.8405,0.0,125.2923675,0.8354232673535867,True,True,False,False,False
2026-08-18 00:18:00+08:00,124.25,124.25,False,0.0,19.675,31.83792,0.0,125.2822152,0.8273201912407789,True,True,False,False,False
2026-08-18 00:19:00+08:00,124.25,124.25,False,0.0,19.675,31.83792,0.0,125.2822152,0.8273201912407789,True,True,False,False,False
2026-08-18 00:20:00+08:00,124.25,124.25,False,0.0,19.675,31.83792,0.0,125.2822152,0.8273201912407789,True,True,False,False,False
2026-08-18 00:21:00+08:00,124.25,124.25,False,0.0,19.675,31.83792,0.0,125.2822152,0.8273201912407789,True,True,False,False,False
2026-08-18 00:22:00+08:00,124.25,124.25,False,0.0,19.675,31.83792,0.0,125.2822152,0.8273201912407789,True,True,False,False,False
2026-08-18 00:23:00+08:00,124.25,124.25,False,0.0,19.665,31.8414,0.0,125.23222619999999,0.7874117647263364,True,True,False,False,False
2026-08-18 00:24:00+08:00,124.25,124.25,False,0.0,19.665,31.8414,0.0,125.23222619999999,0.7874117647263364,True,True,False,False,False
2026-08-18 00:25:00+08:00,124.25,124.25,False,0.0,19.675,31.8414,0.0,125.29590900000001,0.838249766699248,True,True,False,False,False
2026-08-18 00:26:00+08:00,124.25,124.25,False,0.0,19.685,31.8414,0.0,125.3595918,0.889061828112011,True,True,False,False,False
2026-08-18 00:27:00+08:00,124.25,124.25,False,0.0,19.675,31.8414,0.0,125.29590900000001,0.838249766699248,True,True,False,False,False
2026-08-18 00:28:00+08:00,124.25,124.25,False,0.0,19.675,31.84494,0.0,125.3098389,0.8493665524641455,True,True,False,False,False
2026-08-18 00:29:00+08:00,124.25,124.25,False,0.0,19.685,31.84494,0.0,125.37352877999999,0.9001785893269566,True,True,False,False,False
2026-08-18 00:30:00+08:00,124.25,124.25,False,0.0,19.675,31.84494,0.0,125.3098389,0.8493665524641455,True,True,False,False,False
2026-08-18 00:31:00+08:00,124.25,124.25,False,0.0,19.665,31.84494,0.0,125.24614902,0.7985285736175041,True,True,False,False,False
2026-08-18 00:32:00+08:00,124.25,124.25,False,0.0,19.655,31.84494,0.0,125.18245914000002,0.7476646329150408,True,True,False,False,False
2026-08-18 00:33:00+08:00,124.25,124.25,False,0.0,19.665,31.84111,0.0,125.23108563000001,0.786501010705907,True,True,False,False,False
2026-08-18 00:34:00+08:00,124.25,124.25,False,0.0,19.665,31.84111,0.0,125.23108563000001,0.786501010705907,True,True,False,False,False
2026-08-18 00:35:00+08:00,124.25,124.25,False,0.0,19.655,31.84111,0.0,125.16740341000002,0.7356370465391815,True,True,False,False,False
2026-08-18 00:36:00+08:00,124.25,124.25,False,0.0,19.655,31.84111,0.0,125.16740341000002,0.7356370465391815,True,True,False,False,False
2026-08-18 00:37:00+08:00,124.25,124.25,False,0.0,19.655,31.84111,0.0,125.16740341000002,0.7356370465391815,True,True,False,False,False
2026-08-18 00:38:00+08:00,124.25,124.25,False,0.0,19.655,31.84733,0.0,125.19185423000002,0.7551693623409114,True,True,False,False,False
2026-08-18 00:39:00+08:00,124.25,124.25,False,0.0,19.665,31.84733,0.0,125.25554889,0.8060332882162218,True,True,False,False,False
2026-08-18 00:40:00+08:00,124.25,124.25,False,0.0,19.655,31.84733,0.0,125.19185423000002,0.7551693623409114,True,True,False,False,False
2026-08-18 00:41:00+08:00,124.25,124.25,False,0.0,19.655,31.84733,0.0,125.19185423000002,0.7551693623409114,True,True,False,False,False
2026-08-18 00:42:00+08:00,124.25,124.25,False,0.0,19.655,31.84733,0.0,125.19185423000002,0.7551693623409114,True,True,False,False,False
2026-08-18 00:43:00+08:00,124.25,124.25,False,0.0,19.655,31.84483,0.0,125.18202673,0.7473192133493626,True,True,False,False,False
2026-08-18 00:44:00+08:00,124.25,124.25,False,0.0,19.655,31.84483,0.0,125.18202673,0.7473192133493626,True,True,False,False,False
2026-08-18 00:45:00+08:00,124.25,124.25,False,0.0,19.635,31.84483,0.0,125.05464741,0.645513365562495,True,True,False,False,False
2026-08-18 00:46:00+08:00,124.25,124.25,False,0.0,19.645,31.84483,0.0,125.11833707000001,0.6964292902641119,True,True,False,False,False
2026-08-18 00:47:00+08:00,124.25,124.25,False,0.0,19.645,31.84483,0.0,125.11833707000001,0.6964292902641119,True,True,False,False,False
2026-08-18 00:48:00+08:00,124.25,124.25,False,0.0,19.635,31.84427,0.0,125.05244829,0.6437548411610916,True,True,False,False,False
2026-08-18 00:49:00+08:00,124.25,124.25,False,0.0,19.635,31.84427,0.0,125.05244829,0.6437548411610916,True,True,False,False,False
2026-08-18 00:50:00+08:00,124.25,124.25,False,0.0,19.635,31.84427,0.0,125.05244829,0.6437548411610916,True,True,False,False,False
2026-08-18 00:51:00+08:00,124.25,124.25,False,0.0,19.635,31.84427,0.0,125.05244829,0.6437548411610916,True,True,False,False,False
2026-08-18 00:52:00+08:00,124.25,124.25,False,0.0,19.635,31.84427,0.0,125.05244829,0.6437548411610916,True,True,False,False,False
2026-08-18 00:53:00+08:00,124.25,124.25,False,0.0,19.645,31.84343,0.0,125.11283647,0.6920329285745912,True,True,False,False,False
2026-08-18 00:54:00+08:00,123.75,123.75,False,0.0,19.655,31.84343,0.0,125.17652333000001,1.1461400825567132,True,True,False,False,False
2026-08-18 00:55:00+08:00,123.75,123.75,False,0.0,19.655,31.84343,0.0,125.17652333000001,1.1461400825567132,True,True,False,False,False
2026-08-18 00:56:00+08:00,123.75,123.75,False,0.0,19.665,31.84343,0.0,125.24021019,1.1970030378807635,True,True,False,False,False
2026-08-18 00:57:00+08:00,124.0,124.0,False,0.0,19.665,31.84343,0.0,125.24021019,0.995192701093107,True,True,False,False,False
2026-08-18 00:58:00+08:00,124.0,124.0,False,0.0,19.665,31.84292,0.0,125.23820435999998,0.9935911415984359,True,True,False,False,False
2026-08-18 00:59:00+08:00,124.0,124.0,False,0.0,19.675,31.84292,0.0,125.3018902,1.0444286635416795,True,True,False,False,False
2026-08-18 01:00:00+08:00,124.0,124.0,False,0.0,19.675,31.84292,0.0,125.3018902,1.0444286635416795,True,True,False,False,False
2026-08-18 01:01:00+08:00,124.0,124.0,False,0.0,19.675,31.84292,0.0,125.3018902,1.0444286635416795,True,True,False,False,False
2026-08-18 01:02:00+08:00,124.0,124.0,False,0.0,19.675,31.84292,0.0,125.3018902,1.0444286635416795,True,True,False,False,False
2026-08-18 01:03:00+08:00,124.0,124.0,False,0.0,19.675,31.85701,0.0,125.35733435,1.0886660731581583,True,True,False,False,False
2026-08-18 01:04:00+08:00,124.0,124.0,False,0.0,19.665,31.85701,0.0,125.29362033,1.0378286682888866,True,True,False,False,False
2026-08-18 01:05:00+08:00,123.75,123.75,False,0.0,19.675,31.85701,0.0,125.35733435,1.2904753320042117,True,True,False,False,False
2026-08-18 01:06:00+08:00,123.75,123.75,False,0.0,19.675,31.85701,0.0,125.35733435,1.2904753320042117,True,True,False,False,False
2026-08-18 01:07:00+08:00,123.75,123.75,False,0.0,19.665,31.85701,0.0,125.29362033,1.2396385243312738,True,True,False,False,False
2026-08-18 01:08:00+08:00,123.75,123.75,False,0.0,19.645,31.8556,0.0,125.1606524,1.133460851432812,True,True,False,False,False
2026-08-18 01:09:00+08:00,123.75,123.75,False,0.0,19.645,31.8556,0.0,125.1606524,1.133460851432812,True,True,False,False,False
2026-08-18 01:10:00+08:00,123.75,123.75,False,0.0,19.645,31.8556,0.0,125.1606524,1.133460851432812,True,True,False,False,False
2026-08-18 01:11:00+08:00,123.75,123.75,False,0.0,19.645,31.8556,0.0,125.1606524,1.133460851432812,True,True,False,False,False
2026-08-18 01:12:00+08:00,123.75,123.75,False,0.0,19.635,31.8556,0.0,125.09694120000002,1.0825459163811635,True,True,False,False,False
2026-08-18 01:13:00+08:00,123.75,123.75,False,0.0,19.635,31.8556,0.0,125.09694120000002,1.0825459163811635,True,True,False,False,False
2026-08-18 01:14:00+08:00,123.75,123.75,False,0.0,19.625,31.8556,0.0,125.03323,1.0316049035941877,True,True,False,False,False
2026-08-18 01:15:00+08:00,123.75,123.75,False,0.0,19.625,31.8556,0.0,125.03323,1.0316049035941877,True,True,False,False,False
2026-08-18 01:16:00+08:00,123.75,123.75,False,0.0,19.615,31.8556,0.0,124.96951879999999,0.9806377930319385,True,True,False,False,False
2026-08-18 01:17:00+08:00,123.75,123.75,False,0.0,19.615,31.8556,0.0,124.96951879999999,0.9806377930319385,True,True,False,False,False
2026-08-18 01:18:00+08:00,123.75,123.75,False,0.0,19.615,31.8669,0.0,125.0138487,1.0161031891126204,True,True,False,False,False
2026-08-18 01:19:00+08:00,123.75,123.75,False,0.0,19.605,31.8669,0.0,124.95011490000002,0.9651100486886159,True,True,False,False,False
2026-08-18 01:20:00+08:00,123.75,123.75,False,0.0,19.585,31.8669,0.0,124.82264730000001,0.8630453202724643,True,True,False,False,False
2026-08-18 01:21:00+08:00,123.75,123.75,False,0.0,19.585,31.8669,0.0,124.82264730000001,0.8630453202724643,True,True,False,False,False
2026-08-18 01:22:00+08:00,123.75,123.75,False,0.0,19.575,31.8669,0.0,124.75891349999999,0.8119736920422304,True,True,False,False,False
2026-08-18 01:23:00+08:00,123.75,123.75,False,0.0,19.565,31.87686,0.0,124.73415318000002,0.7921255077277367,True,True,False,False,False
2026-08-18 01:24:00+08:00,123.75,123.75,False,0.0,19.565,31.87686,0.0,124.73415318000002,0.7921255077277367,True,True,False,False,False
2026-08-18 01:25:00+08:00,123.75,123.75,False,0.0,19.575,31.87686,0.0,124.7979069,0.8432232747963656,True,True,False,False,False
2026-08-18 01:26:00+08:00,123.75,123.75,False,0.0,19.585,31.87686,0.0,124.86166062,0.8942948349467446,True,True,False,False,False
2026-08-18 01:27:00+08:00,123.75,123.75,False,0.0,19.575,31.87686,0.0,124.7979069,0.8432232747963656,True,True,False,False,False
2026-08-18 01:28:00+08:00,123.75,123.75,False,0.0,19.575,31.87152,0.0,124.7770008,0.826470199772351,True,True,False,False,False
2026-08-18 01:29:00+08:00,123.75,123.75,False,0.0,19.565,31.87152,0.0,124.71325776,0.7753723980633399,True,True,False,False,False
2026-08-18 01:30:00+08:00,123.75,123.75,False,0.0,19.575,31.87152,0.0,124.7770008,0.826470199772351,True,True,False,False,False
2026-08-18 01:31:00+08:00,123.75,123.75,False,0.0,19.585,31.87152,0.0,124.84074384,0.8775417967308028,True,True,False,False,False
2026-08-18 01:32:00+08:00,123.75,123.75,False,0.0,19.585,31.87152,0.0,124.84074384,0.8775417967308028,True,True,False,False,False
2026-08-18 01:33:00+08:00,123.75,123.75,False,0.0,19.585,31.87345,0.0,124.84830365,0.8835970590903953,True,True,False,False,False
2026-08-18 01:34:00+08:00,123.75,123.75,False,0.0,19.555,31.87345,0.0,124.65706295,0.7303036711017936,True,True,False,False,False
2026-08-18 01:35:00+08:00,123.75,123.75,False,0.0,19.545,31.87345,0.0,124.59331605,0.6791534102171771,True,True,False,False,False
2026-08-18 01:36:00+08:00,123.75,123.75,False,0.0,19.555,31.87345,0.0,124.65706295,0.7303036711017936,True,True,False,False,False
2026-08-18 01:37:00+08:00,123.75,123.75,False,0.0,19.555,31.87345,0.0,124.65706295,0.7303036711017936,True,True,False,False,False
2026-08-18 01:38:00+08:00,123.75,123.75,False,0.0,19.555,31.87614,0.0,124.66758353999998,0.738742827238099,True,True,False,False,False
2026-08-18 01:39:00+08:00,123.75,123.75,False,0.0,19.535,31.87614,0.0,124.54007898,0.6364160688544029,True,True,False,False,False
2026-08-18 01:40:00+08:00,123.75,123.75,False,0.0,19.535,31.87614,0.0,124.54007898,0.6364160688544029,True,True,False,False,False
2026-08-18 01:41:00+08:00,123.75,123.75,False,0.0,19.565,31.87614,0.0,124.73133582,0.7898668258213795,True,True,False,False,False
2026-08-18 01:42:00+08:00,123.75,123.75,False,0.0,19.585,31.87614,0.0,124.85884037999999,0.8920361627568197,True,True,False,False,False
2026-08-18 01:43:00+08:00,123.75,123.75,False,0.0,19.575,31.88025,0.0,124.81117875,0.8538571914863003,True,True,False,False,False
2026-08-18 01:44:00+08:00,123.75,123.75,False,0.0,19.595,31.88025,0.0,124.93869975,0.9559740761803535,True,True,False,False,False
2026-08-18 01:45:00+08:00,123.75,123.75,False,0.0,19.595,31.88025,0.0,124.93869975,0.9559740761803535,True,True,False,False,False
2026-08-18 01:46:00+08:00,123.75,123.75,False,0.0,19.585,31.88025,0.0,124.87493925000001,0.9049287279011461,True,True,False,False,False
2026-08-18 01:47:00+08:00,123.75,123.75,False,0.0,19.595,31.88025,0.0,124.93869975,0.9559740761803535,True,True,False,False,False
2026-08-18 01:48:00+08:00,123.75,123.75,False,0.0,19.585,31.87818,0.0,124.86683106000001,0.8984356008708669,True,True,False,False,False
2026-08-18 01:49:00+08:00,123.75,123.75,False,0.0,19.595,31.87818,0.0,124.93058741999998,0.9494809645161975,True,True,False,False,False
2026-08-18 01:50:00+08:00,123.75,123.75,False,0.0,19.595,31.87818,0.0,124.93058741999998,0.9494809645161975,True,True,False,False,False
2026-08-18 01:51:00+08:00,123.75,123.75,False,0.0,19.585,31.87818,0.0,124.86683106000001,0.8984356008708669,True,True,False,False,False
2026-08-18 01:52:00+08:00,123.75,123.75,False,0.0,19.595,31.87818,0.0,124.93058741999998,0.9494809645161975,True,True,False,False,False
2026-08-18 01:53:00+08:00,123.75,123.75,False,0.0,19.595,31.88354,0.0,124.95159325999998,0.9662931742811961,True,True,False,False,False
2026-08-18 01:54:00+08:00,123.75,123.75,False,0.0,19.595,31.88354,0.0,124.95159325999998,0.9662931742811961,True,True,False,False,False
2026-08-18 01:55:00+08:00,123.75,123.75,False,0.0,19.595,31.88354,0.0,124.95159325999998,0.9662931742811961,True,True,False,False,False
2026-08-18 01:56:00+08:00,123.75,123.75,False,0.0,19.585,31.88354,0.0,124.88782618,0.9152478506438371,True,True,False,False,False
2026-08-18 01:57:00+08:00,123.75,123.75,False,0.0,19.585,31.88354,0.0,124.88782618,0.9152478506438371,True,True,False,False,False
2026-08-18 01:58:00+08:00,123.75,123.75,False,0.0,19.605,31.88159,0.0,125.00771439,1.0111962904018093,True,True,False,False,False
2026-08-18 01:59:00+08:00,123.75,123.75,False,0.0,19.605,31.88159,0.0,125.00771439,1.0111962904018093,True,True,False,False,False
2026-08-18 02:00:00+08:00,123.75,123.75,False,0.0,19.585,31.88159,0.0,124.88018803,0.9091317823913077,True,True,False,False,False
2026-08-18 02:01:00+08:00,123.75,123.75,False,0.0,19.575,31.88159,0.0,124.81642485,0.8580602554375952,True,True,False,False,False
2026-08-18 02:02:00+08:00,123.75,123.75,False,0.0,19.575,31.88159,0.0,124.81642485,0.8580602554375952,True,True,False,False,False
2026-08-18 02:03:00+08:00,123.75,123.75,False,0.0,19.575,31.88159,0.0,124.81642485,0.8580602554375952,True,True,False,False,False
2026-08-18 02:04:00+08:00,123.75,123.75,False,0.0,19.575,31.89536,0.0,124.8703344,0.9012411657346756,True,True,False,False,False
2026-08-18 02:05:00+08:00,123.75,123.75,False,0.0,19.555,31.89536,0.0,124.74275296,0.7990196479973869,True,True,False,False,False
2026-08-18 02:06:00+08:00,123.75,123.75,False,0.0,19.545,31.89536,0.0,124.67896224,0.7478695170030624,True,True,False,False,False
2026-08-18 02:07:00+08:00,123.75,123.75,False,0.0,19.555,31.89536,0.0,124.74275296,0.7990196479973869,True,True,False,False,False
2026-08-18 02:08:00+08:00,123.75,123.75,False,0.0,19.545,31.89536,0.0,124.67896224,0.7478695170030624,True,True,False,False,False
2026-08-18 02:09:00+08:00,123.75,123.75,False,0.0,19.545,31.87981,0.0,124.61817729000002,0.6991050942780945,True,True,False,False,False
2026-08-18 02:10:00+08:00,123.75,123.75,False,0.0,19.525,31.87981,0.0,124.49065804999998,0.5967258190644965,True,True,False,False,False
2026-08-18 02:11:00+08:00,123.75,123.75,False,0.0,19.525,31.87981,0.0,124.49065804999998,0.5967258190644965,True,True,False,False,False
2026-08-18 02:12:00+08:00,123.75,123.75,False,0.0,19.535,31.87981,0.0,124.55441766999999,0.6479286011488321,True,True,False,False,False
2026-08-18 02:13:00+08:00,123.75,123.75,False,0.0,19.535,31.87981,0.0,124.55441766999999,0.6479286011488321,True,True,False,False,False
2026-08-18 02:14:00+08:00,123.75,123.75,False,0.0,19.535,31.87936,0.0,124.55265951999999,0.6465170542688771,True,True,False,False,False
2026-08-18 02:15:00+08:00,123.75,123.75,False,0.0,19.525,31.87936,0.0,124.48890079999998,0.5953142699381321,True,True,False,False,False
2026-08-18 02:16:00+08:00,123.75,123.75,False,0.0,19.535,31.87936,0.0,124.55265951999999,0.6465170542688771,True,True,False,False,False
2026-08-18 02:17:00+08:00,123.75,123.75,False,0.0,19.535,31.87936,0.0,124.55265951999999,0.6465170542688771,True,True,False,False,False
2026-08-18 02:18:00+08:00,123.75,123.75,False,0.0,19.515,31.87936,0.0,124.42514208,0.5440851765745068,True,True,False,False,False
2026-08-18 02:19:00+08:00,123.75,123.75,False,0.0,19.515,31.88512,0.0,124.44762336000001,0.5621515230934632,True,True,False,False,False
2026-08-18 02:20:00+08:00,123.75,123.75,False,0.0,19.505000000000003,31.88512,0.0,124.38385312000003,0.5108961248374992,True,True,False,False,False
2026-08-18 02:21:00+08:00,123.75,123.75,False,0.0,19.515,31.88512,0.0,124.44762336000001,0.5621515230934632,True,True,False,False,False
2026-08-18 02:22:00+08:00,123.75,123.75,False,0.0,19.515,31.88512,0.0,124.44762336000001,0.5621515230934632,True,True,False,False,False
2026-08-18 02:23:00+08:00,123.75,123.75,False,0.0,19.525,31.88512,0.0,124.51139359999999,0.6133805896753743,True,True,False,False,False
2026-08-18 02:24:00+08:00,123.75,123.75,False,0.0,19.515,31.88219,0.0,124.43618757000002,0.5529619329089205,True,True,False,False,False
2026-08-18 02:25:00+08:00,123.75,123.75,False,0.0,19.525,31.88219,0.0,124.49995195,0.6041910132180359,True,True,False,False,False
2026-08-18 02:26:00+08:00,123.75,123.75,False,0.0,19.525,31.88219,0.0,124.49995195,0.6041910132180359,True,True,False,False,False
2026-08-18 02:27:00+08:00,123.75,123.75,False,0.0,19.515,31.88219,0.0,124.43618757000002,0.5529619329089205,True,True,False,False,False
2026-08-18 02:28:00+08:00,123.75,123.75,False,0.0,19.515,31.88219,0.0,124.43618757000002,0.5529619329089205,True,True,False,False,False
2026-08-18 02:29:00+08:00,123.75,123.75,False,0.0,19.525,31.88404,0.0,124.50717619999998,0.6099934040899441,True,True,False,False,False
2026-08-18 02:30:00+08:00,123.75,123.75,False,0.0,19.535,31.88404,0.0,124.57094428,0.661196164810272,True,True,False,False,False
2026-08-18 02:31:00+08:00,123.75,123.75,False,0.0,19.515,31.88404,0.0,124.44340812,0.5587643324231578,True,True,False,False,False
2026-08-18 02:32:00+08:00,123.75,123.75,False,0.0,19.515,31.88404,0.0,124.44340812,0.5587643324231578,True,True,False,False,False
2026-08-18 02:33:00+08:00,123.75,123.75,False,0.0,19.525,31.88404,0.0,124.50717619999998,0.6099934040899441,True,True,False,False,False
2026-08-18 02:34:00+08:00,123.75,123.75,False,0.0,19.525,31.88653,0.0,124.51689964999998,0.6178025754388842,True,True,False,False,False
2026-08-18 02:35:00+08:00,123.75,123.75,False,0.0,19.525,31.88653,0.0,124.51689964999998,0.6178025754388842,True,True,False,False,False
2026-08-18 02:36:00+08:00,123.75,123.75,False,0.0,19.525,31.88653,0.0,124.51689964999998,0.6178025754388842,True,True,False,False,False
2026-08-18 02:37:00+08:00,123.75,123.75,False,0.0,19.515,31.88653,0.0,124.45312659000001,0.5665735155395415,True,True,False,False,False
2026-08-18 02:38:00+08:00,123.75,123.75,False,0.0,19.515,31.88653,0.0,124.45312659000001,0.5665735155395415,True,True,False,False,False
2026-08-18 02:39:00+08:00,123.75,123.75,False,0.0,19.515,31.88498,0.0,124.44707693999999,0.5617124493118038,True,True,False,False,False
2026-08-18 02:40:00+08:00,123.75,123.75,False,0.0,19.505000000000003,31.88498,0.0,124.38330698000001,0.5104570504523686,True,True,False,False,False
2026-08-18 02:41:00+08:00,123.75,123.75,False,0.0,19.505000000000003,31.88498,0.0,124.38330698000001,0.5104570504523686,True,True,False,False,False
2026-08-18 02:42:00+08:00,123.75,123.75,False,0.0,19.525,31.88498,0.0,124.51084689999998,0.6129415165545186,True,True,False,False,False
2026-08-18 02:43:00+08:00,123.75,123.75,False,0.0,19.535,31.88498,0.0,124.57461685999999,0.664144272466465,True,True,False,False,False
2026-08-18 02:44:00+08:00,123.75,123.75,False,0.0,19.535,31.88671,0.0,124.58137597,0.6695698171466112,True,True,False,False,False
2026-08-18 02:45:00+08:00,123.75,123.75,False,0.0,19.525,31.88671,0.0,124.51760254999999,0.6183670701419051,True,True,False,False,False
2026-08-18 02:46:00+08:00,123.75,123.75,False,0.0,19.535,31.88671,0.0,124.58137597,0.6695698171466112,True,True,False,False,False
2026-08-18 02:47:00+08:00,123.75,123.75,False,0.0,19.535,31.88671,0.0,124.58137597,0.6695698171466112,True,True,False,False,False
2026-08-18 02:48:00+08:00,123.75,123.75,False,0.0,19.545,31.88671,0.0,124.64514939,0.7207462723795343,True,True,False,False,False
2026-08-18 02:49:00+08:00,123.75,123.75,False,0.0,19.535,31.88566,0.0,124.57727362,0.6662768917327427,True,True,False,False,False
2026-08-18 02:50:00+08:00,123.75,123.75,False,0.0,19.535,31.88566,0.0,124.57727362,0.6662768917327427,True,True,False,False,False
2026-08-18 02:51:00+08:00,123.75,123.75,False,0.0,19.545,31.88566,0.0,124.64104494,0.7174533528092661,True,True,False,False,False
2026-08-18 02:52:00+08:00,123.75,123.75,False,0.0,19.555,31.88566,0.0,124.70481626,0.7686035427872862,True,True,False,False,False
2026-08-18 02:53:00+08:00,123.75,123.75,False,0.0,19.565,31.88566,0.0,124.76858758,0.8197274818907547,True,True,False,False,False
2026-08-18 02:54:00+08:00,123.75,123.75,False,0.0,19.565,31.88303,0.0,124.75829639000001,0.8114790569548055,True,True,False,False,False
2026-08-18 02:55:00+08:00,123.75,123.75,False,0.0,19.565,31.88303,0.0,124.75829639000001,0.8114790569548055,True,True,False,False,False
2026-08-18 02:56:00+08:00,123.75,123.75,False,0.0,19.565,31.88303,0.0,124.75829639000001,0.8114790569548055,True,True,False,False,False
2026-08-18 02:57:00+08:00,123.75,123.75,False,0.0,19.565,31.88303,0.0,124.75829639000001,0.8114790569548055,True,True,False,False,False
2026-08-18 02:58:00+08:00,123.75,123.75,False,0.0,19.565,31.88303,0.0,124.75829639000001,0.8114790569548055,True,True,False,False,False
2026-08-18 02:59:00+08:00,123.75,123.75,False,0.0,19.565,31.88514,0.0,124.76655282000002,0.8180966687851189,True,True,False,False,False
2026-08-18 03:00:00+08:00,123.75,123.75,False,0.0,19.565,31.88514,0.0,124.76655282000002,0.8180966687851189,True,True,False,False,False
2026-08-18 03:01:00+08:00,123.75,123.75,False,0.0,19.535,31.88514,0.0,124.57524198000002,0.6646460693403694,True,True,False,False,False
2026-08-18 03:02:00+08:00,123.75,123.75,False,0.0,19.525,31.88514,0.0,124.51147169999999,0.6134433142490608,True,True,False,False,False
2026-08-18 03:03:00+08:00,123.75,123.75,False,0.0,19.515,31.88514,0.0,124.44770142,0.562214247761587,True,True,False,False,False
2026-08-18 03:04:00+08:00,123.75,123.75,False,0.0,19.485,31.87745,0.0,124.22642264999999,0.38424834499078475,True,True,False,False,False
2026-08-18 03:05:00+08:00,123.75,123.75,False,0.0,19.505000000000003,31.87745,0.0,124.35393245000003,0.48683827300620475,True,True,False,False,False
2026-08-18 03:06:00+08:00,123.75,123.75,False,0.0,19.485,31.87745,0.0,124.22642264999999,0.38424834499078475,True,True,False,False,False
2026-08-18 03:07:00+08:00,123.5,123.5,False,0.0,19.485,31.87745,0.0,124.22642264999999,0.5864716748655551,True,True,False,False,False
2026-08-18 03:08:00+08:00,123.5,123.5,False,0.0,19.485,31.87745,0.0,124.22642264999999,0.5864716748655551,True,True,False,False,False
2026-08-18 03:09:00+08:00,123.5,123.5,False,0.0,19.485,31.88404,0.0,124.25210387999998,0.6071422750575423,True,True,False,False,False
2026-08-18 03:10:00+08:00,123.5,123.5,False,0.0,19.475,31.88404,0.0,124.1883358,0.5558080058770408,True,True,False,False,False
2026-08-18 03:11:00+08:00,123.5,123.5,False,0.0,19.475,31.88404,0.0,124.1883358,0.5558080058770408,True,True,False,False,False
2026-08-18 03:12:00+08:00,123.5,123.5,False,0.0,19.475,31.88404,0.0,124.1883358,0.5558080058770408,True,True,False,False,False
2026-08-18 03:13:00+08:00,123.5,123.5,False,0.0,19.455,31.88404,0.0,124.06079963999998,0.45306012972610615,True,True,False,False,False
2026-08-18 03:14:00+08:00,123.5,123.5,False,0.0,19.445,31.90746,0.0,124.08811194,0.4750728420615981,True,True,False,False,False
2026-08-18 03:15:00+08:00,123.25,123.25,False,0.0,19.455,31.90746,0.0,124.15192685999997,0.729118702871185,True,True,False,False,False
2026-08-18 03:16:00+08:00,123.25,123.25,False,0.0,19.455,31.90746,0.0,124.15192685999997,0.729118702871185,True,True,False,False,False
2026-08-18 03:17:00+08:00,123.25,123.25,False,0.0,19.465,31.90746,0.0,124.21574178,0.7805054332397717,True,True,False,False,False
2026-08-18 03:18:00+08:00,123.25,123.25,False,0.0,19.465,31.90746,0.0,124.21574178,0.7805054332397717,True,True,False,False,False
2026-08-18 03:19:00+08:00,123.25,123.25,False,0.0,19.435,31.89306,0.0,123.96832421999997,0.5811253856415055,True,True,False,False,False
2026-08-18 03:20:00+08:00,123.25,123.25,False,0.0,19.425,31.89306,0.0,123.9045381,0.5296589777648888,True,True,False,False,False
2026-08-18 03:21:00+08:00,123.25,123.25,False,0.0,19.405,31.89306,0.0,123.77696585999999,0.42664642555553434,True,True,False,False,False
2026-08-18 03:22:00+08:00,123.25,123.25,False,0.0,19.415,31.89306,0.0,123.84075197999998,0.4781659979308296,True,True,False,False,False
2026-08-18 03:23:00+08:00,123.25,123.25,False,0.0,19.435,31.89306,0.0,123.96832421999997,0.5811253856415055,True,True,False,False,False
2026-08-18 03:24:00+08:00,123.25,123.25,False,0.0,19.435,31.88707,0.0,123.94504108999999,0.562342259727561,True,True,False,False,False
2026-08-18 03:25:00+08:00,123.25,123.25,False,0.0,19.465,31.88707,0.0,124.13636351,0.7165823511239465,True,True,False,False,False
2026-08-18 03:26:00+08:00,123.25,123.25,False,0.0,19.455,31.88707,0.0,124.07258936999999,0.6651955020326727,True,True,False,False,False
2026-08-18 03:27:00+08:00,123.25,123.25,False,0.0,19.425,31.88707,0.0,123.88126695000001,0.5108758254597789,True,True,False,False,False
2026-08-18 03:28:00+08:00,123.25,123.25,False,0.0,19.425,31.88707,0.0,123.88126695000001,0.5108758254597789,True,True,False,False,False
2026-08-18 03:29:00+08:00,123.25,123.25,False,0.0,19.395,31.88733,0.0,123.69095307,0.3571323950264417,True,True,False,False,False
2026-08-18 03:30:00+08:00,123.25,123.25,False,0.0,19.395,31.88733,0.0,123.69095307,0.3571323950264417,True,True,False,False,False
2026-08-18 03:31:00+08:00,123.25,123.25,False,0.0,19.415,31.88733,0.0,123.81850238999998,0.460198191595132,True,True,False,False,False
2026-08-18 03:32:00+08:00,123.25,123.25,False,0.0,19.425,31.88733,0.0,123.88227705,0.5116911943251153,True,True,False,False,False
2026-08-18 03:33:00+08:00,123.25,123.25,False,0.0,19.435,31.88733,0.0,123.94605170999998,0.5631576274661185,True,True,False,False,False
2026-08-18 03:34:00+08:00,123.25,123.25,False,0.0,19.435,31.87947,0.0,123.91549989,0.5385054874536978,True,True,False,False,False
2026-08-18 03:35:00+08:00,123.25,123.25,False,0.0,19.455,31.87947,0.0,124.04301776999998,0.6413588035368958,True,True,False,False,False
2026-08-18 03:36:00+08:00,123.25,123.25,False,0.0,19.455,31.87947,0.0,124.04301776999998,0.6413588035368958,True,True,False,False,False
2026-08-18 03:37:00+08:00,123.25,123.25,False,0.0,19.465,31.87947,0.0,124.10677671,0.6927456942119573,True,True,False,False,False
2026-08-18 03:38:00+08:00,123.25,123.25,False,0.0,19.475,31.87947,0.0,124.17053565,0.744106100636845,True,True,False,False,False
2026-08-18 03:39:00+08:00,123.25,123.25,False,0.0,19.485,31.88751,0.0,124.26562646999999,0.8206564445926691,True,True,False,False,False
2026-08-18 03:40:00+08:00,123.25,123.25,False,0.0,19.475,31.88751,0.0,124.20185145,0.7693225525874372,True,True,False,False,False
2026-08-18 03:41:00+08:00,123.25,123.25,False,0.0,19.475,31.88751,0.0,124.20185145,0.7693225525874372,True,True,False,False,False
2026-08-18 03:42:00+08:00,123.25,123.25,False,0.0,19.465,31.88751,0.0,124.13807643,0.7179621935023088,True,True,False,False,False
2026-08-18 03:43:00+08:00,123.25,123.25,False,0.0,19.455,31.88751,0.0,124.07430140999998,0.6665753468628998,True,True,False,False,False
2026-08-18 03:44:00+08:00,123.25,123.25,False,0.0,19.465,31.8852,0.0,124.12908360000002,0.7107178078333017,True,True,False,False,False
2026-08-18 03:45:00+08:00,123.25,123.25,False,0.0,19.475,31.8852,0.0,124.19285400000001,0.76207818068572,True,True,False,False,False
2026-08-18 03:46:00+08:00,123.25,123.25,False,0.0,19.475,31.8852,0.0,124.19285400000001,0.76207818068572,True,True,False,False,False
2026-08-18 03:47:00+08:00,123.25,123.25,False,0.0,19.485,31.8852,0.0,124.2566244,0.8134120874059375,True,True,False,False,False
2026-08-18 03:48:00+08:00,123.25,123.25,False,0.0,19.475,31.8852,0.0,124.19285400000001,0.76207818068572,True,True,False,False,False
2026-08-18 03:49:00+08:00,123.25,123.25,False,0.0,19.455,31.85265,0.0,123.93866114999999,0.5571947732522337,True,True,False,False,False
2026-08-18 03:50:00+08:00,123.25,123.25,False,0.0,19.445,31.85265,0.0,123.87495585000002,0.5057812537389841,True,True,False,False,False
2026-08-18 03:51:00+08:00,123.25,123.25,False,0.0,19.455,31.85265,0.0,123.93866114999999,0.5571947732522337,True,True,False,False,False
2026-08-18 03:52:00+08:00,123.25,123.25,False,0.0,19.455,31.85265,0.0,123.93866114999999,0.5571947732522337,True,True,False,False,False
2026-08-18 03:53:00+08:00,123.25,123.25,False,0.0,19.475,31.85265,0.0,124.06607175000002,0.6599423516842433,True,True,False,False,False
2026-08-18 03:54:00+08:00,123.25,123.25,False,0.0,19.475,31.86227,0.0,124.10354165000001,0.6901390166531387,True,True,False,False,False
2026-08-18 03:55:00+08:00,123.25,123.25,False,0.0,19.435,31.86227,0.0,123.84864349,0.4845380626496459,True,True,False,False,False
2026-08-18 03:56:00+08:00,123.25,123.25,False,0.0,19.435,31.86227,0.0,123.84864349,0.4845380626496459,True,True,False,False,False
2026-08-18 03:57:00+08:00,123.25,123.25,False,0.0,19.475,31.86227,0.0,124.10354165000001,0.6901390166531387,True,True,False,False,False
2026-08-18 03:58:00+08:00,123.25,123.25,False,0.0,19.485,31.86227,0.0,124.16726618999999,0.7414730621876591,True,True,False,False,False
2026-08-18 03:59:00+08:00,123.25,123.25,False,0.0,19.525,31.86273,0.0,124.42396064999998,0.9479887566048691,True,True,False,False,False
2026-08-18 21:30:00+08:00,117.75,117.75,False,0.0,18.73,31.90283,0.0,119.50800118000002,1.4819320497151818,True,True,False,False,False
2026-08-18 21:31:00+08:00,118.25,118.25,False,0.0,18.74,31.90283,0.0,119.57180684,1.1115943130389798,True,True,False,False,False
2026-08-18 21:32:00+08:00,117.75,117.75,False,0.0,18.68,31.90283,0.0,119.18897288000001,1.2146358722748325,True,True,False,False,False
2026-08-18 21:33:00+08:00,117.75,117.75,False,0.0,18.61,31.90283,0.0,118.74233326000001,0.8392096659717394,True,True,False,False,False
2026-08-18 21:34:00+08:00,117.75,117.75,False,0.0,18.655,31.90283,0.0,119.02945873000002,1.0807176744659972,True,True,False,False,False
2026-08-18 21:35:00+08:00,118.0,118.0,False,0.0,18.605,31.90516,0.0,118.71910036,0.6075558405776283,True,True,False,False,False
2026-08-18 21:36:00+08:00,117.75,117.75,False,0.0,18.555,31.90516,0.0,118.40004876,0.5505387472188504,True,True,False,False,False
2026-08-18 21:37:00+08:00,117.75,117.75,False,0.0,18.64,31.90516,0.0,118.94243648,1.0075830877686336,True,True,False,False,False
2026-08-18 21:38:00+08:00,117.75,117.75,False,0.0,18.625,31.90516,0.0,118.846721,0.9270804729369029,True,True,False,False,False
2026-08-18 21:39:00+08:00,117.75,117.75,False,0.0,18.615,31.90516,0.0,118.78291067999999,0.8733758672571259,True,True,False,False,False
2026-08-18 21:40:00+08:00,117.75,117.75,False,0.0,18.615,31.90316,0.0,118.77546467999998,0.8671072109612861,True,True,False,False,False
2026-08-18 21:41:00+08:00,117.75,117.75,False,0.0,18.595,31.90316,0.0,118.64785204,0.759610996675284,True,True,False,False,False
2026-08-18 21:42:00+08:00,117.75,117.75,False,0.0,18.585,31.90316,0.0,118.58404571999999,0.7058193562074749,True,True,False,False,False
2026-08-18 21:43:00+08:00,117.75,117.75,False,0.0,18.575,31.90316,0.0,118.5202394,0.6519986621725954,True,True,False,False,False
2026-08-18 21:44:00+08:00,117.75,117.75,False,0.0,18.515,31.90316,0.0,118.13740148,0.32846305276955656,True,True,False,False,False
2026-08-18 21:45:00+08:00,117.25,117.25,False,0.0,18.495,31.90323,0.0,118.01004777,0.6461341627738291,True,True,False,False,False
2026-08-18 21:48:00+08:00,117.25,117.25,False,0.0,18.455,31.90148,0.0,117.74836267999999,0.42414140619235857,True,True,False,False,False
2026-08-18 21:49:00+08:00,117.25,117.25,False,0.0,18.435,31.90148,0.0,117.62075675999999,0.3157113002184818,True,True,False,False,False
2026-08-18 21:50:00+08:00,117.25,117.25,False,0.0,18.465,31.90148,0.0,117.81216563999999,0.4783123123786339,True,True,False,False,False
2026-08-18 21:51:00+08:00,117.25,117.25,False,0.0,18.445,31.90148,0.0,117.68455972,0.36994107679850363,True,True,False,False,False
2026-08-18 21:52:00+08:00,117.25,117.25,False,0.0,18.445,31.90148,0.0,117.68455972,0.36994107679850363,True,True,False,False,False
2026-08-18 21:53:00+08:00,117.25,117.25,False,0.0,18.425,31.90296,0.0,117.5624076,0.2660912199598776,True,True,False,False,False
2026-08-18 21:54:00+08:00,117.25,117.25,False,0.0,18.425,31.90296,0.0,117.5624076,0.2660912199598776,True,True,False,False,False
2026-08-18 21:55:00+08:00,117.25,117.25,False,0.0,18.415,31.90296,0.0,117.49860168000001,0.21180247994737042,True,True,False,False,False
2026-08-18 21:56:00+08:00,117.25,117.25,False,0.0,18.48,31.90296,0.0,117.91334016,0.5641526945047489,True,True,False,False,False
2026-08-18 21:57:00+08:00,117.25,117.25,False,0.0,18.425,31.90296,0.0,117.5624076,0.2660912199598776,True,True,False,False,False
2026-08-18 21:58:00+08:00,117.25,117.25,False,0.0,18.465,31.90579,0.0,117.82808247,0.49182166531732835,True,True,False,False,False
2026-08-18 21:59:00+08:00,116.75,116.75,False,0.0,18.455,31.90579,0.0,117.76427088999999,0.8649971587236498,True,True,False,False,False
2026-08-18 22:00:00+08:00,117.25,117.25,False,0.0,18.435,31.90579,0.0,117.63664772999998,0.32922069750378197,True,True,False,False,False
2026-08-18 22:01:00+08:00,117.25,117.25,False,0.0,18.445,31.90579,0.0,117.70045931,0.3834504612784359,True,True,False,False,False
2026-08-18 22:02:00+08:00,117.25,117.25,False,0.0,18.465,31.90579,0.0,117.82808247,0.49182166531732835,True,True,False,False,False
2026-08-18 22:03:00+08:00,117.25,117.25,False,0.0,18.485,31.89813,0.0,117.92738660999999,0.5760644080319769,True,True,False,False,False
2026-08-18 22:04:00+08:00,117.25,117.25,False,0.0,18.475,31.89813,0.0,117.86359035000001,0.5219522606809698,True,True,False,False,False
2026-08-18 22:05:00+08:00,117.25,117.25,False,0.0,18.435,31.89813,0.0,117.60840531,0.3052096939233832,True,True,False,False,False
2026-08-18 22:06:00+08:00,117.25,117.25,False,0.0,18.465,31.89813,0.0,117.79979409,0.46781073953163405,True,True,False,False,False
2026-08-18 22:07:00+08:00,117.25,117.25,False,0.0,18.485,31.89813,0.0,117.92738660999999,0.5760644080319769,True,True,False,False,False
2026-08-18 22:08:00+08:00,117.25,117.25,False,0.0,18.435,31.89247,0.0,117.58753688999998,0.28746417158862186,True,True,False,False,False
2026-08-18 22:09:00+08:00,116.75,116.75,False,0.0,18.415,31.89247,0.0,117.45996700999999,0.606265411385906,True,True,False,False,False
2026-08-18 22:10:00+08:00,116.75,116.75,False,0.0,18.405,31.89247,0.0,117.39618207000001,0.5519475605259515,True,True,False,False,False
2026-08-18 22:11:00+08:00,116.75,116.75,False,0.0,18.375,31.89247,0.0,117.20482725,0.3888162987241751,True,True,False,False,False
2026-08-18 22:12:00+08:00,116.75,116.75,False,0.0,18.385,31.89247,0.0,117.26861219,0.4432230284136008,True,True,False,False,False
2026-08-18 22:13:00+08:00,116.75,116.75,False,0.0,18.395,31.90045,0.0,117.36175555,0.5226183952726315,True,True,False,False,False
2026-08-18 22:14:00+08:00,116.75,116.75,False,0.0,18.395,31.90045,0.0,117.36175555,0.5226183952726315,True,True,False,False,False
2026-08-18 22:15:00+08:00,116.25,116.25,False,0.0,18.415,31.90045,0.0,117.48935735,1.0604609887278837,True,True,False,False,False
2026-08-18 22:16:00+08:00,116.25,116.25,False,0.0,18.435,31.90045,0.0,117.61695914999999,1.1690057928390227,True,True,False,False,False
2026-08-18 22:17:00+08:00,116.25,116.25,False,0.0,18.385,31.90045,0.0,117.29795465,0.897421389598964,True,True,False,False,False
2026-08-18 22:18:00+08:00,116.25,116.25,False,0.0,18.465,31.8961,0.0,117.7922973,1.3179645882753017,True,True,False,False,False
2026-08-18 22:19:00+08:00,116.25,116.25,False,0.0,18.435,31.8961,0.0,117.60092069999999,1.155369152241263,True,True,False,False,False
2026-08-18 22:20:00+08:00,116.75,116.75,False,0.0,18.455,31.8961,0.0,117.72850509999998,0.8346224312396286,True,True,False,False,False
2026-08-18 22:21:00+08:00,116.75,116.75,False,0.0,18.405,31.8961,0.0,117.40954410000002,0.5633288214110588,True,True,False,False,False
2026-08-18 22:22:00+08:00,116.75,116.75,False,0.0,18.415,31.8961,0.0,117.4733363,0.6176466541946356,True,True,False,False,False
2026-08-18 22:23:00+08:00,116.75,116.75,False,0.0,18.445,31.89264,0.0,117.65194896,0.7695746251272966,True,True,False,False,False
2026-08-18 22:24:00+08:00,116.25,116.25,False,0.0,18.425,31.89264,0.0,117.5243784,1.090263534200892,True,True,False,False,False
2026-08-18 22:25:00+08:00,116.75,116.75,False,0.0,18.455,31.89264,0.0,117.71573423999999,0.8237743081140034,True,True,False,False,False
2026-08-18 22:26:00+08:00,116.75,116.75,False,0.0,18.525,31.89264,0.0,118.1622312,1.202347951646371,True,True,False,False,False
2026-08-18 22:27:00+08:00,116.75,116.75,False,0.0,18.525,31.89264,0.0,118.1622312,1.202347951646371,True,True,False,False,False
2026-08-18 22:28:00+08:00,116.75,116.75,False,0.0,18.525,31.89808,0.0,118.1823864,1.2194030988653837,True,True,False,False,False
2026-08-18 22:29:00+08:00,116.75,116.75,False,0.0,18.515,31.89808,0.0,118.11859024,1.16540933685642,True,True,False,False,False
2026-08-18 22:30:00+08:00,116.75,116.75,False,0.0,18.525,31.89808,0.0,118.1823864,1.2194030988653837,True,True,False,False,False
2026-08-18 22:31:00+08:00,116.75,116.75,False,0.0,18.515,31.89808,0.0,118.11859024,1.16540933685642,True,True,False,False,False
2026-08-18 22:32:00+08:00,116.75,116.75,False,0.0,18.525,31.89808,0.0,118.1823864,1.2194030988653837,True,True,False,False,False
2026-08-18 22:33:00+08:00,116.75,116.75,False,0.0,18.505000000000003,31.90699,0.0,118.08776999000001,1.139314165738312,True,True,False,False,False
2026-08-18 22:34:00+08:00,116.75,116.75,False,0.0,18.475,31.90699,0.0,117.89632805000001,0.9770688163129839,True,True,False,False,False
2026-08-18 22:35:00+08:00,116.75,116.75,False,0.0,18.475,31.90699,0.0,117.89632805000001,0.9770688163129839,True,True,False,False,False
2026-08-18 22:36:00+08:00,116.75,116.75,False,0.0,18.485,31.90699,0.0,117.96014203,1.0311800074198099,True,True,False,False,False
2026-08-18 22:37:00+08:00,116.75,116.75,False,0.0,18.485,31.90699,0.0,117.96014203,1.0311800074198099,True,True,False,False,False
2026-08-18 22:38:00+08:00,116.75,116.75,False,0.0,18.465,31.91541,0.0,117.86360913000001,0.9493133276705708,True,True,False,False,False
2026-08-18 22:39:00+08:00,116.75,116.75,False,0.0,18.465,31.91541,0.0,117.86360913000001,0.9493133276705708,True,True,False,False,False
2026-08-18 22:40:00+08:00,116.75,116.75,False,0.0,18.445,31.91541,0.0,117.73594749000002,0.8409437755685231,True,True,False,False,False
2026-08-18 22:41:00+08:00,116.75,116.75,False,0.0,18.415,31.91541,0.0,117.54445503,0.6781680171630775,True,True,False,False,False
2026-08-18 22:42:00+08:00,116.25,116.25,False,0.0,18.385,31.91541,0.0,117.35296257000002,0.9443052929343821,True,True,False,False,False
2026-08-18 22:43:00+08:00,116.25,116.25,False,0.0,18.385,31.9159,0.0,117.35476430000001,0.9458405553589246,True,True,False,False,False
2026-08-18 22:44:00+08:00,116.25,116.25,False,0.0,18.355,31.9159,0.0,117.1632689,0.7825338330626547,True,True,False,False,False
2026-08-18 22:45:00+08:00,116.25,116.25,False,0.0,18.375,31.9159,0.0,117.29093250000001,0.8914347381052878,True,True,False,False,False
2026-08-18 22:46:00+08:00,116.25,116.25,False,0.0,18.385,31.9159,0.0,117.35476430000001,0.9458405553589246,True,True,False,False,False
2026-08-18 22:47:00+08:00,116.25,116.25,False,0.0,18.375,31.9159,0.0,117.29093250000001,0.8914347381052878,True,True,False,False,False
2026-08-18 22:48:00+08:00,116.25,116.25,False,0.0,18.365,31.92236,0.0,117.25082828,0.857237455962992,True,True,False,False,False
2026-08-18 22:49:00+08:00,116.25,116.25,False,0.0,18.355,31.92236,0.0,117.18698356,0.8027721620718853,True,True,False,False,False
2026-08-18 22:50:00+08:00,116.25,116.25,False,0.0,18.355,31.92236,0.0,117.18698356,0.8027721620718853,True,True,False,False,False
2026-08-18 22:51:00+08:00,116.25,116.25,False,0.0,18.355,31.92236,0.0,117.18698356,0.8027721620718853,True,True,False,False,False
2026-08-18 22:52:00+08:00,115.75,115.75,False,0.0,18.335,31.92236,0.0,117.05929412,1.1247782224064793,True,True,False,False,False
2026-08-18 22:53:00+08:00,115.75,115.75,False,0.0,18.315,31.91741,0.0,116.91347283,1.0001336401009686,True,True,False,False,False
2026-08-18 22:54:00+08:00,115.75,115.75,False,0.0,18.315,31.91741,0.0,116.91347283,1.0001336401009686,True,True,False,False,False
2026-08-18 22:55:00+08:00,116.25,116.25,False,0.0,18.305,31.91741,0.0,116.84963800999999,0.5144907260424557,True,True,False,False,False
2026-08-18 22:56:00+08:00,116.25,116.25,False,0.0,18.295,31.91741,0.0,116.78580319,0.4598462405050625,True,True,False,False,False
2026-08-18 22:57:00+08:00,115.75,115.75,False,0.0,18.275,31.91741,0.0,116.65813355,0.7814989399281309,True,True,False,False,False
2026-08-18 22:58:00+08:00,115.75,115.75,False,0.0,18.245,31.91387,0.0,116.45371163,0.6061157464367452,True,True,False,False,False
2026-08-18 22:59:00+08:00,115.75,115.75,False,0.0,18.265,31.91387,0.0,116.58136711,0.7156735832457627,True,True,False,False,False
2026-08-18 23:00:00+08:00,115.75,115.75,False,0.0,18.275,31.91387,0.0,116.64519484999998,0.7704073662777642,True,True,False,False,False
2026-08-18 23:01:00+08:00,115.75,115.75,False,0.0,18.275,31.91387,0.0,116.64519484999998,0.7704073662777642,True,True,False,False,False
2026-08-18 23:02:00+08:00,115.75,115.75,False,0.0,18.305,31.91387,0.0,116.83667806999999,0.9344284711551197,True,True,False,False,False
2026-08-18 23:03:00+08:00,115.75,115.75,False,0.0,18.325,31.91983,0.0,116.98617695,1.0622989224967594,True,True,False,False,False
2026-08-18 23:04:00+08:00,115.75,115.75,False,0.0,18.345,31.91983,0.0,117.11385627,1.1713765217549617,True,True,False,False,False
2026-08-18 23:05:00+08:00,116.25,116.25,False,0.0,18.325,31.91983,0.0,116.98617695,0.631271666022736,True,True,False,False,False
2026-08-18 23:06:00+08:00,116.0,116.0,False,0.0,18.345,31.91983,0.0,117.11385627,0.9556328292299323,True,True,False,False,False
2026-08-18 23:07:00+08:00,115.75,115.75,False,0.0,18.355,31.91983,0.0,117.17769593,1.2258704782183165,True,True,False,False,False
2026-08-18 23:08:00+08:00,115.75,115.75,False,0.0,18.315,31.9149,0.0,116.9042787,0.99226947937494,True,True,False,False,False
2026-08-18 23:09:00+08:00,115.75,115.75,False,0.0,18.275,31.9149,0.0,116.64895949999998,0.7736347029556948,True,True,False,False,False
2026-08-18 23:10:00+08:00,115.25,115.25,False,0.0,18.255000000000003,31.9149,0.0,116.5212999,1.0970296154429107,True,True,False,False,False
2026-08-18 23:11:00+08:00,115.25,115.25,False,0.0,18.235,31.9149,0.0,116.39364029999999,0.9874135102685028,True,True,False,False,False
2026-08-18 23:12:00+08:00,115.25,115.25,False,0.0,18.275,31.9149,0.0,116.64895949999998,1.206525034020237,True,True,False,False,False
2026-08-18 23:13:00+08:00,115.25,115.25,False,0.0,18.275,31.92962,0.0,116.7027611,1.2526353151482306,True,True,False,False,False
2026-08-18 23:14:00+08:00,115.75,115.75,False,0.0,18.295,31.92962,0.0,116.83047958000002,0.9291231851883486,True,True,False,False,False
2026-08-18 23:15:00+08:00,115.75,115.75,False,0.0,18.285,31.92962,0.0,116.76662034,0.8744496101082482,True,True,False,False,False
2026-08-18 23:16:00+08:00,115.75,115.75,False,0.0,18.285,31.92962,0.0,116.76662034,0.8744496101082482,True,True,False,False,False
2026-08-18 23:17:00+08:00,115.75,115.75,False,0.0,18.275,31.92962,0.0,116.7027611,0.8197459952649309,True,True,False,False,False
2026-08-18 23:18:00+08:00,115.75,115.75,False,0.0,18.285,31.92272,0.0,116.74138704000002,0.8528376492755433,True,True,False,False,False
2026-08-18 23:19:00+08:00,115.75,115.75,False,0.0,18.265,31.92272,0.0,116.61369616000002,0.7434002593979203,True,True,False,False,False
2026-08-18 23:20:00+08:00,115.75,115.75,False,0.0,18.275,31.92272,0.0,116.6775416,0.7981339849958625,True,True,False,False,False
2026-08-18 23:21:00+08:00,115.75,115.75,False,0.0,18.295,31.92272,0.0,116.80523248000002,0.9075112769958991,True,True,False,False,False
2026-08-18 23:22:00+08:00,115.75,115.75,False,0.0,18.335,31.92272,0.0,117.06061424000002,1.125905916513698,True,True,False,False,False
2026-08-18 23:23:00+08:00,115.75,115.75,False,0.0,18.335,31.92272,0.0,117.06061424000002,1.125905916513698,True,True,False,False,False
2026-08-18 23:24:00+08:00,115.75,115.75,False,0.0,18.345,31.92662,0.0,117.13876877999999,1.1926455597452212,True,True,False,False,False
2026-08-18 23:25:00+08:00,115.75,115.75,False,0.0,18.325,31.92662,0.0,117.0110623,1.0835680912769283,True,True,False,False,False
2026-08-18 23:26:00+08:00,115.75,115.75,False,0.0,18.305,31.92662,0.0,116.88335581999999,0.9743708644059842,True,True,False,False,False
2026-08-18 23:27:00+08:00,115.75,115.75,False,0.0,18.275,31.92662,0.0,116.69179609999999,0.8103500453032257,True,True,False,False,False
2026-08-18 23:28:00+08:00,115.75,115.75,False,0.0,18.315,31.92662,0.0,116.94720906,1.0289844599651476,True,True,False,False,False
2026-08-18 23:29:00+08:00,115.75,115.75,False,0.0,18.305,31.92414,0.0,116.87427654000001,0.9666029330405593,True,True,False,False,False
2026-08-18 23:30:00+08:00,115.75,115.75,False,0.0,18.335,31.92414,0.0,117.06582138000002,1.1303539185615263,True,True,False,False,False
2026-08-18 23:31:00+08:00,115.75,115.75,False,0.0,18.325,31.92414,0.0,117.00197310000001,1.0758002033882779,True,True,False,False,False
2026-08-18 23:32:00+08:00,115.75,115.75,False,0.0,18.315,31.92414,0.0,116.93812482000001,1.0212165497651482,True,True,False,False,False
2026-08-18 23:33:00+08:00,115.75,115.75,False,0.0,18.335,31.92414,0.0,117.06582138000002,1.1303539185615263,True,True,False,False,False
2026-08-18 23:34:00+08:00,115.75,115.75,False,0.0,18.325,31.92775,0.0,117.01520375,1.0871072906231138,True,True,False,False,False
2026-08-18 23:35:00+08:00,115.75,115.75,False,0.0,18.305,31.92775,0.0,116.88749275,0.9779100836703003,True,True,False,False,False
2026-08-18 23:36:00+08:00,115.75,115.75,False,0.0,18.295,31.92775,0.0,116.82363725,0.9232665083583151,True,True,False,False,False
2026-08-18 23:37:00+08:00,115.75,115.75,False,0.0,18.275,31.92775,0.0,116.69592624999999,0.8138892905205176,True,True,False,False,False
2026-08-18 23:38:00+08:00,115.75,115.75,False,0.0,18.295,31.92775,0.0,116.82363725,0.9232665083583151,True,True,False,False,False
2026-08-18 23:39:00+08:00,115.75,115.75,False,0.0,18.275,31.9286,0.0,116.69903299999999,0.8165514717370201,True,True,False,False,False
2026-08-18 23:40:00+08:00,115.75,115.75,False,0.0,18.305,31.9286,0.0,116.8906046,0.980572245297546,True,True,False,False,False
2026-08-18 23:41:00+08:00,115.75,115.75,False,0.0,18.325,31.9286,0.0,117.01831899999999,1.0897694372231053,True,True,False,False,False
2026-08-18 23:42:00+08:00,115.75,115.75,False,0.0,18.325,31.9286,0.0,117.01831899999999,1.0897694372231053,True,True,False,False,False
2026-08-18 23:43:00+08:00,115.75,115.75,False,0.0,18.335,31.9286,0.0,117.0821762,1.144323110097707,True,True,False,False,False
2026-08-18 23:44:00+08:00,115.75,115.75,False,0.0,18.325,31.92776,0.0,117.0152404,1.0871386104091134,True,True,False,False,False
2026-08-18 23:45:00+08:00,115.75,115.75,False,0.0,18.355,31.92776,0.0,117.20680696,1.2507099311763288,True,True,False,False,False
2026-08-18 23:46:00+08:00,115.75,115.75,False,0.0,18.355,31.92776,0.0,117.20680696,1.2507099311763288,True,True,False,False,False
2026-08-18 23:47:00+08:00,115.75,115.75,False,0.0,18.345,31.92776,0.0,117.14295143999998,1.196216056679449,True,True,False,False,False
2026-08-18 23:48:00+08:00,115.75,115.75,False,0.0,18.355,31.92776,0.0,117.20680696,1.2507099311763288,True,True,False,False,False
2026-08-18 23:49:00+08:00,116.25,116.25,False,0.0,18.365,31.92753,0.0,117.26981769,0.8734313858996028,True,True,False,False,False
2026-08-18 23:50:00+08:00,116.25,116.25,False,0.0,18.345,31.92753,0.0,117.14210756999998,0.7644710691276604,True,True,False,False,False
2026-08-18 23:51:00+08:00,116.25,116.25,False,0.0,18.345,31.92753,0.0,117.14210756999998,0.7644710691276604,True,True,False,False,False
2026-08-18 23:52:00+08:00,115.75,115.75,False,0.0,18.355,31.92753,0.0,117.20596263,1.249989580487779,True,True,False,False,False
2026-08-18 23:53:00+08:00,116.25,116.25,False,0.0,18.345,31.92753,0.0,117.14210756999998,0.7644710691276604,True,True,False,False,False
2026-08-18 23:54:00+08:00,116.25,116.25,False,0.0,18.375,31.93035,0.0,117.34403625,0.9366987852627613,True,True,False,False,False
2026-08-18 23:55:00+08:00,116.25,116.25,False,0.0,18.375,31.93035,0.0,117.34403625,0.9366987852627613,True,True,False,False,False
2026-08-18 23:56:00+08:00,116.25,116.25,False,0.0,18.345,31.93035,0.0,117.15245415,0.7733030514066658,True,True,False,False,False
2026-08-18 23:57:00+08:00,116.25,116.25,False,0.0,18.305,31.93035,0.0,116.89701135,0.5550243567383387,True,True,False,False,False
2026-08-18 23:58:00+08:00,116.25,116.25,False,0.0,18.285,31.93035,0.0,116.76928995,0.4457055466192755,True,True,False,False,False
2026-08-18 23:59:00+08:00,116.25,116.25,False,0.0,18.325,31.92787,0.0,117.01564354999998,0.6564563373738874,True,True,False,False,False
2026-08-19 00:00:00+08:00,116.25,116.25,False,0.0,18.335,31.92787,0.0,117.07949928999999,0.711011074488289,True,True,False,False,False
2026-08-19 00:01:00+08:00,116.25,116.25,False,0.0,18.325,31.92787,0.0,117.01564354999998,0.6564563373738874,True,True,False,False,False
2026-08-19 00:02:00+08:00,116.25,116.25,False,0.0,18.325,31.92787,0.0,117.01564354999998,0.6564563373738874,True,True,False,False,False
2026-08-19 00:03:00+08:00,116.25,116.25,False,0.0,18.315,31.92787,0.0,116.95178781,0.6018717237037455,True,True,False,False,False
2026-08-19 00:04:00+08:00,116.25,116.25,False,0.0,18.295,31.92716,0.0,116.82147844,0.49038899467668984,True,True,False,False,False
2026-08-19 00:05:00+08:00,116.25,116.25,False,0.0,18.305,31.92716,0.0,116.88533276000001,0.545033438285437,True,True,False,False,False
2026-08-19 00:06:00+08:00,116.25,116.25,False,0.0,18.295,31.92716,0.0,116.82147844,0.49038899467668984,True,True,False,False,False
2026-08-19 00:07:00+08:00,115.75,115.75,False,0.0,18.295,31.92716,0.0,116.82147844,0.921418608323834,True,True,False,False,False
2026-08-19 00:08:00+08:00,115.75,115.75,False,0.0,18.285,31.92716,0.0,116.75762412000002,0.8667450143312031,True,True,False,False,False
2026-08-19 00:09:00+08:00,115.75,115.75,False,0.0,18.275,31.92211,0.0,116.67531204999997,0.7962231323591109,True,True,False,False,False
2026-08-19 00:10:00+08:00,115.75,115.75,False,0.0,18.295,31.92211,0.0,116.80300049000002,0.9056004332614892,True,True,False,False,False
2026-08-19 00:11:00+08:00,115.75,115.75,False,0.0,18.285,31.92211,0.0,116.73915627,0.8509268009482938,True,True,False,False,False
2026-08-19 00:12:00+08:00,115.75,115.75,False,0.0,18.285,31.92211,0.0,116.73915627,0.8509268009482938,True,True,False,False,False
2026-08-19 00:13:00+08:00,115.75,115.75,False,0.0,18.275,31.92211,0.0,116.67531204999997,0.7962231323591109,True,True,False,False,False
2026-08-19 00:14:00+08:00,115.75,115.75,False,0.0,18.265,31.92,0.0,116.60376000000001,0.7348794355641227,True,True,False,False,False
2026-08-19 00:15:00+08:00,115.75,115.75,False,0.0,18.245,31.92,0.0,116.47608,0.6253216692974329,True,True,False,False,False
2026-08-19 00:16:00+08:00,115.75,115.75,False,0.0,18.255000000000003,31.92,0.0,116.53992000000002,0.680115607254954,True,True,False,False,False
2026-08-19 00:17:00+08:00,115.75,115.75,False,0.0,18.255000000000003,31.92,0.0,116.53992000000002,0.680115607254954,True,True,False,False,False
2026-08-19 00:18:00+08:00,115.75,115.75,False,0.0,18.235,31.92,0.0,116.41224,0.5704975968529569,True,True,False,False,False
2026-08-19 00:19:00+08:00,115.75,115.75,False,0.0,18.235,31.91836,0.0,116.40625892,0.5653596616804055,True,True,False,False,False
2026-08-19 00:20:00+08:00,115.75,115.75,False,0.0,18.235,31.91836,0.0,116.40625892,0.5653596616804055,True,True,False,False,False
2026-08-19 00:21:00+08:00,115.75,115.75,False,0.0,18.265,31.91836,0.0,116.59776908,0.7297415278457953,True,True,False,False,False
2026-08-19 00:22:00+08:00,115.75,115.75,False,0.0,18.255000000000003,31.91836,0.0,116.53393236000002,0.6749776896191536,True,True,False,False,False
2026-08-19 00:23:00+08:00,115.75,115.75,False,0.0,18.245,31.91836,0.0,116.47009564,0.6201837425098019,True,True,False,False,False
2026-08-19 00:24:00+08:00,115.75,115.75,False,0.0,18.245,31.92269,0.0,116.48589581000002,0.6337485490202408,True,True,False,False,False
2026-08-19 00:25:00+08:00,115.75,115.75,False,0.0,18.245,31.92269,0.0,116.48589581000002,0.6337485490202408,True,True,False,False,False
2026-08-19 00:26:00+08:00,115.75,115.75,False,0.0,18.225,31.92269,0.0,116.35820505000001,0.5240702713365878,True,True,False,False,False
2026-08-19 00:27:00+08:00,115.75,115.75,False,0.0,18.215,31.92269,0.0,116.29435966999999,0.46918586668010215,True,True,False,False,False
2026-08-19 00:28:00+08:00,115.75,115.75,False,0.0,18.215,31.92269,0.0,116.29435966999999,0.46918586668010215,True,True,False,False,False
2026-08-19 00:29:00+08:00,115.75,115.75,False,0.0,18.185,31.93034,0.0,116.13064658,0.3283125052600533,True,True,False,False,False
2026-08-19 00:30:00+08:00,115.75,115.75,False,0.0,18.215,31.93034,0.0,116.32222862,0.4931470028988117,True,True,False,False,False
2026-08-19 00:31:00+08:00,115.75,115.75,False,0.0,18.205,31.93034,0.0,116.25836794,0.43823241766130533,True,True,False,False,False
2026-08-19 00:32:00+08:00,115.75,115.75,False,0.0,18.215,31.93034,0.0,116.32222862,0.4931470028988117,True,True,False,False,False
2026-08-19 00:33:00+08:00,115.75,115.75,False,0.0,18.215,31.93034,0.0,116.32222862,0.4931470028988117,True,True,False,False,False
2026-08-19 00:34:00+08:00,115.75,115.75,False,0.0,18.225,31.91983,0.0,116.34778035000002,0.5151107857202065,True,True,False,False,False
2026-08-19 00:35:00+08:00,115.25,115.25,False,0.0,18.225,31.91983,0.0,116.34778035000002,0.9480059336846938,True,True,False,False,False
2026-08-19 00:36:00+08:00,115.25,115.25,False,0.0,18.215,31.91983,0.0,116.28394069000001,0.8931223533955639,True,True,False,False,False
2026-08-19 00:37:00+08:00,115.25,115.25,False,0.0,18.225,31.91983,0.0,116.34778035000002,0.9480059336846938,True,True,False,False,False
2026-08-19 00:38:00+08:00,115.25,115.25,False,0.0,18.235,31.91983,0.0,116.41162001000001,1.00285926512114,True,True,False,False,False
2026-08-19 00:39:00+08:00,115.25,115.25,False,0.0,18.225,31.92653,0.0,116.37220185000001,0.9689933357310501,True,True,False,False,False
2026-08-19 00:40:00+08:00,115.25,115.25,False,0.0,18.235,31.92653,0.0,116.43605490999998,1.0238466104148671,True,True,False,False,False
2026-08-19 00:41:00+08:00,115.75,115.75,False,0.0,18.235,31.92653,0.0,116.43605490999998,0.5909527256199002,True,True,False,False,False
2026-08-19 00:42:00+08:00,115.75,115.75,False,0.0,18.235,31.92653,0.0,116.43605490999998,0.5909527256199002,True,True,False,False,False
2026-08-19 00:43:00+08:00,115.5,115.5,False,0.0,18.265,31.92653,0.0,116.62761409,0.9715467023779414,True,True,False,False,False
2026-08-19 00:44:00+08:00,115.25,115.25,False,0.0,18.265,31.92603,0.0,116.62578759,1.1866591197806757,True,True,False,False,False
2026-08-19 00:45:00+08:00,115.25,115.25,False,0.0,18.265,31.92603,0.0,116.62578759,1.1866591197806757,True,True,False,False,False
2026-08-19 00:46:00+08:00,115.75,115.75,False,0.0,18.305,31.92603,0.0,116.88119583,0.972522903442959,True,True,False,False,False
2026-08-19 00:47:00+08:00,115.75,115.75,False,0.0,18.315,31.92603,0.0,116.94504789,1.0271365040522245,True,True,False,False,False
2026-08-19 00:48:00+08:00,115.75,115.75,False,0.0,18.345,31.92603,0.0,117.13660407,1.1907976206164481,True,True,False,False,False
2026-08-19 00:49:00+08:00,115.75,115.75,False,0.0,18.335,31.92874,0.0,117.08268958000001,1.1447615731313385,True,True,False,False,False
2026-08-19 00:50:00+08:00,115.75,115.75,False,0.0,18.335,31.92874,0.0,117.08268958000001,1.1447615731313385,True,True,False,False,False
2026-08-19 00:51:00+08:00,115.75,115.75,False,0.0,18.345,31.92874,0.0,117.14654705999999,1.1992853287259801,True,True,False,False,False
2026-08-19 00:52:00+08:00,115.75,115.75,False,0.0,18.325,31.92874,0.0,117.01883210000001,1.0902079015930342,True,True,False,False,False
2026-08-19 00:53:00+08:00,115.75,115.75,False,0.0,18.325,31.92874,0.0,117.01883210000001,1.0902079015930342,True,True,False,False,False
2026-08-19 00:54:00+08:00,115.75,115.75,False,0.0,18.325,31.92078,0.0,116.98965869999999,1.065275000336668,True,True,False,False,False
2026-08-19 00:55:00+08:00,115.75,115.75,False,0.0,18.315,31.92078,0.0,116.92581714,1.01069131674524,True,True,False,False,False
2026-08-19 00:56:00+08:00,115.75,115.75,False,0.0,18.315,31.92078,0.0,116.92581714,1.01069131674524,True,True,False,False,False
2026-08-19 00:57:00+08:00,115.75,115.75,False,0.0,18.325,31.92078,0.0,116.98965869999999,1.065275000336668,True,True,False,False,False
2026-08-19 00:58:00+08:00,115.75,115.75,False,0.0,18.315,31.92078,0.0,116.92581714,1.01069131674524,True,True,False,False,False
2026-08-19 00:59:00+08:00,115.75,115.75,False,0.0,18.295,31.92519,0.0,116.81427021000002,0.9152482529143511,True,True,False,False,False
2026-08-19 01:00:00+08:00,115.75,115.75,False,0.0,18.285,31.92519,0.0,116.75041983000001,0.8605746438922571,True,True,False,False,False
2026-08-19 01:01:00+08:00,115.75,115.75,False,0.0,18.285,31.92519,0.0,116.75041983000001,0.8605746438922571,True,True,False,False,False
2026-08-19 01:02:00+08:00,115.75,115.75,False,0.0,18.305,31.92519,0.0,116.87812059000001,0.9698918489637692,True,True,False,False,False
2026-08-19 01:03:00+08:00,115.75,115.75,False,0.0,18.315,31.92519,0.0,116.94197097000001,1.0245054567471001,True,True,False,False,False
2026-08-19 01:04:00+08:00,115.75,115.75,False,0.0,18.315,31.93643,0.0,116.98314309000003,1.0597056127267266,True,True,False,False,False
2026-08-19 01:05:00+08:00,115.75,115.75,False,0.0,18.315,31.93643,0.0,116.98314309000003,1.0597056127267266,True,True,False,False,False
2026-08-19 01:06:00+08:00,115.75,115.75,False,0.0,18.305,31.93643,0.0,116.91927023000001,1.0050921024887847,True,True,False,False,False
2026-08-19 01:07:00+08:00,115.75,115.75,False,0.0,18.295,31.93643,0.0,116.85539737000002,0.9504485987843952,True,True,False,False,False
2026-08-19 01:08:00+08:00,115.75,115.75,False,0.0,18.285,31.93643,0.0,116.79152451,0.8957750768983314,True,True,False,False,False
2026-08-19 01:09:00+08:00,115.75,115.75,False,0.0,18.285,31.9218,0.0,116.7380226,0.8499557000404319,True,True,False,False,False
2026-08-19 01:10:00+08:00,115.75,115.75,False,0.0,18.275,31.9218,0.0,116.67417900000001,0.7952520292650012,True,True,False,False,False
2026-08-19 01:11:00+08:00,115.75,115.75,False,0.0,18.265,31.9218,0.0,116.61033540000001,0.7405182975992648,True,True,False,False,False
2026-08-19 01:12:00+08:00,115.75,115.75,False,0.0,18.295,31.9218,0.0,116.80186620000002,0.9046293346838947,True,True,False,False,False
2026-08-19 01:13:00+08:00,115.75,115.75,False,0.0,18.285,31.9218,0.0,116.7380226,0.8499557000404319,True,True,False,False,False
2026-08-19 01:14:00+08:00,115.75,115.75,False,0.0,18.285,31.92224,0.0,116.73963168,0.8513340339943732,True,True,False,False,False
2026-08-19 01:15:00+08:00,115.75,115.75,False,0.0,18.275,31.92224,0.0,116.67578719999999,0.7966303663227845,True,True,False,False,False
2026-08-19 01:16:00+08:00,115.75,115.75,False,0.0,18.275,31.92224,0.0,116.67578719999999,0.7966303663227845,True,True,False,False,False
2026-08-19 01:17:00+08:00,115.75,115.75,False,0.0,18.275,31.92224,0.0,116.67578719999999,0.7966303663227845,True,True,False,False,False
2026-08-19 01:18:00+08:00,115.75,115.75,False,0.0,18.245,31.92224,0.0,116.48425376,0.6323388975674605,True,True,False,False,False
2026-08-19 01:19:00+08:00,115.75,115.75,False,0.0,18.225,31.92076,0.0,116.35117020000003,0.5180242731925933,True,True,False,False,False
2026-08-19 01:20:00+08:00,115.75,115.75,False,0.0,18.235,31.92076,0.0,116.41501172000001,0.5728785014359007,True,True,False,False,False
2026-08-19 01:21:00+08:00,115.75,115.75,False,0.0,18.235,31.92076,0.0,116.41501172000001,0.5728785014359007,True,True,False,False,False
2026-08-19 01:22:00+08:00,115.25,115.25,False,0.0,18.235,31.92076,0.0,116.41501172000001,1.0057726985619144,True,True,False,False,False
2026-08-19 01:23:00+08:00,115.25,115.25,False,0.0,18.235,31.92076,0.0,116.41501172000001,1.0057726985619144,True,True,False,False,False
2026-08-19 01:24:00+08:00,115.25,115.25,False,0.0,18.235,31.92474,0.0,116.42952677999999,1.0182399769143633,True,True,False,False,False
2026-08-19 01:25:00+08:00,115.25,115.25,False,0.0,18.225,31.92474,0.0,116.36567730000002,0.9633866869511908,True,True,False,False,False
2026-08-19 01:26:00+08:00,115.25,115.25,False,0.0,18.245,31.92474,0.0,116.49337626000002,1.073063040736092,True,True,False,False,False
2026-08-19 01:27:00+08:00,115.25,115.25,False,0.0,18.245,31.92474,0.0,116.49337626000002,1.073063040736092,True,True,False,False,False
2026-08-19 01:28:00+08:00,115.25,115.25,False,0.0,18.245,31.92474,0.0,116.49337626000002,1.073063040736092,True,True,False,False,False
2026-08-19 01:29:00+08:00,115.25,115.25,False,0.0,18.245,31.92372,0.0,116.48965428000001,1.0698680671217324,True,True,False,False,False
2026-08-19 01:30:00+08:00,115.25,115.25,False,0.0,18.245,31.92372,0.0,116.48965428000001,1.0698680671217324,True,True,False,False,False
2026-08-19 01:31:00+08:00,115.25,115.25,False,0.0,18.245,31.92372,0.0,116.48965428000001,1.0698680671217324,True,True,False,False,False
2026-08-19 01:32:00+08:00,115.75,115.75,False,0.0,18.245,31.92372,0.0,116.48965428000001,0.6369750095375577,True,True,False,False,False
2026-08-19 01:33:00+08:00,115.75,115.75,False,0.0,18.255000000000003,31.92372,0.0,116.55350172000001,0.6917689264697271,True,True,False,False,False
2026-08-19 01:34:00+08:00,115.75,115.75,False,0.0,18.245,31.93027,0.0,116.51355523,0.6574903490509998,True,True,False,False,False
2026-08-19 01:35:00+08:00,115.75,115.75,False,0.0,18.245,31.93027,0.0,116.51355523,0.6574903490509998,True,True,False,False,False
2026-08-19 01:36:00+08:00,115.75,115.75,False,0.0,18.215,31.93027,0.0,116.32197361000001,0.4929277767605182,True,True,False,False,False
2026-08-19 01:37:00+08:00,115.75,115.75,False,0.0,18.235,31.93027,0.0,116.44969469,0.6026663307496024,True,True,False,False,False
2026-08-19 01:38:00+08:00,115.75,115.75,False,0.0,18.255000000000003,31.93027,0.0,116.57741577000002,0.7122842280647091,True,True,False,False,False
2026-08-19 01:39:00+08:00,115.75,115.75,False,0.0,18.255000000000003,31.93293,0.0,116.58712743000001,0.7206144271988768,True,True,False,False,False
2026-08-19 01:40:00+08:00,115.75,115.75,False,0.0,18.255000000000003,31.93293,0.0,116.58712743000001,0.7206144271988768,True,True,False,False,False
2026-08-19 01:41:00+08:00,115.75,115.75,False,0.0,18.255000000000003,31.93293,0.0,116.58712743000001,0.7206144271988768,True,True,False,False,False
2026-08-19 01:42:00+08:00,115.75,115.75,False,0.0,18.255000000000003,31.93293,0.0,116.58712743000001,0.7206144271988768,True,True,False,False,False
2026-08-19 01:43:00+08:00,115.75,115.75,False,0.0,18.255000000000003,31.93293,0.0,116.58712743000001,0.7206144271988768,True,True,False,False,False
2026-08-19 01:44:00+08:00,115.75,115.75,False,0.0,18.255000000000003,31.93319,0.0,116.58807669000002,0.721428619828197,True,True,False,False,False
2026-08-19 01:45:00+08:00,115.75,115.75,False,0.0,18.265,31.93319,0.0,116.65194306999999,0.776192365765479,True,True,False,False,False
2026-08-19 01:46:00+08:00,115.25,115.25,False,0.0,18.245,31.93319,0.0,116.52421031000002,1.0995272582706659,True,True,False,False,False
2026-08-19 01:47:00+08:00,115.25,115.25,False,0.0,18.245,31.93319,0.0,116.52421031000002,1.0995272582706659,True,True,False,False,False
2026-08-19 01:48:00+08:00,115.25,115.25,False,0.0,18.235,31.93319,0.0,116.46034393,1.0447042712651966,True,True,False,False,False
2026-08-19 01:49:00+08:00,115.25,115.25,False,0.0,18.235,31.93296,0.0,116.45950511999999,1.0439840345553353,True,True,False,False,False
2026-08-19 01:50:00+08:00,115.25,115.25,False,0.0,18.245,31.93296,0.0,116.52337104,1.0988070236767962,True,True,False,False,False
2026-08-19 01:51:00+08:00,115.25,115.25,False,0.0,18.235,31.93296,0.0,116.45950511999999,1.0439840345553353,True,True,False,False,False
2026-08-19 01:52:00+08:00,115.25,115.25,False,0.0,18.235,31.93296,0.0,116.45950511999999,1.0439840345553353,True,True,False,False,False
2026-08-19 01:53:00+08:00,115.25,115.25,False,0.0,18.235,31.93296,0.0,116.45950511999999,1.0439840345553353,True,True,False,False,False
2026-08-19 01:54:00+08:00,115.25,115.25,False,0.0,18.235,31.9267,0.0,116.4366749,1.0243790675594004,True,True,False,False,False
2026-08-19 01:55:00+08:00,115.25,115.25,False,0.0,18.225,31.9267,0.0,116.37282150000001,0.969525794331121,True,True,False,False,False
2026-08-19 01:56:00+08:00,115.25,115.25,False,0.0,18.225,31.9267,0.0,116.37282150000001,0.969525794331121,True,True,False,False,False
2026-08-19 01:57:00+08:00,115.25,115.25,False,0.0,18.215,31.9267,0.0,116.30896809999999,0.9146422690419539,True,True,False,False,False
2026-08-19 01:58:00+08:00,115.25,115.25,False,0.0,18.205,31.9267,0.0,116.2451147,0.8597284666586549,True,True,False,False,False
2026-08-19 01:59:00+08:00,115.25,115.25,False,0.0,18.205,31.93257,0.0,116.26648736999998,0.8781122947632417,True,True,False,False,False
2026-08-19 02:00:00+08:00,115.25,115.25,False,0.0,18.195,31.93257,0.0,116.20262223,0.8231682327222539,True,True,False,False,False
2026-08-19 02:01:00+08:00,115.25,115.25,False,0.0,18.195,31.93257,0.0,116.20262223,0.8231682327222539,True,True,False,False,False
2026-08-19 02:02:00+08:00,115.25,115.25,False,0.0,18.185,31.93257,0.0,116.13875708999998,0.7681938406837089,True,True,False,False,False
2026-08-19 02:03:00+08:00,115.25,115.25,False,0.0,18.185,31.93257,0.0,116.13875708999998,0.7681938406837089,True,True,False,False,False
2026-08-19 02:04:00+08:00,115.25,115.25,False,0.0,18.185,31.93001,0.0,116.12944636999998,0.7601767432649618,True,True,False,False,False
2026-08-19 02:05:00+08:00,115.25,115.25,False,0.0,18.185,31.93001,0.0,116.12944636999998,0.7601767432649618,True,True,False,False,False
2026-08-19 02:06:00+08:00,115.25,115.25,False,0.0,18.185,31.93001,0.0,116.12944636999998,0.7601767432649618,True,True,False,False,False
2026-08-19 02:07:00+08:00,115.25,115.25,False,0.0,18.185,31.93001,0.0,116.12944636999998,0.7601767432649618,True,True,False,False,False
2026-08-19 02:08:00+08:00,115.25,115.25,False,0.0,18.165,31.93001,0.0,116.00172633,0.6501368374022609,True,True,False,False,False
2026-08-19 02:09:00+08:00,115.25,115.25,False,0.0,18.145,31.94671,0.0,115.93461058999999,0.5922631166951945,True,True,False,False,False
2026-08-19 02:10:00+08:00,115.25,115.25,False,0.0,18.145,31.94671,0.0,115.93461058999999,0.5922631166951945,True,True,False,False,False
2026-08-19 02:11:00+08:00,115.25,115.25,False,0.0,18.145,31.94671,0.0,115.93461058999999,0.5922631166951945,True,True,False,False,False
2026-08-19 02:12:00+08:00,115.25,115.25,False,0.0,18.155,31.94671,0.0,115.99850401,0.6473590073193615,True,True,False,False,False
2026-08-19 02:13:00+08:00,115.25,115.25,False,0.0,18.175,31.94671,0.0,116.12629085,0.757459501819137,True,True,False,False,False
2026-08-19 02:14:00+08:00,115.25,115.25,False,0.0,18.185,31.94074,0.0,116.16847138,0.793775340855853,True,True,False,False,False
2026-08-19 02:15:00+08:00,115.25,115.25,False,0.0,18.195,31.94074,0.0,116.23235286000002,0.8487496760447608,True,True,False,False,False
2026-08-19 02:16:00+08:00,115.25,115.25,False,0.0,18.205,31.94074,0.0,116.29623434,0.903693677405022,True,True,False,False,False
2026-08-19 02:17:00+08:00,115.25,115.25,False,0.0,18.205,31.94074,0.0,116.29623434,0.903693677405022,True,True,False,False,False
2026-08-19 02:18:00+08:00,115.75,115.75,False,0.0,18.215,31.94074,0.0,116.36011582,0.5257123911593284,True,True,False,False,False
2026-08-19 02:19:00+08:00,115.75,115.75,False,0.0,18.225,31.936,0.0,116.40672000000002,0.5657557532687585,True,True,False,False,False
2026-08-19 02:20:00+08:00,115.75,115.75,False,0.0,18.235,31.936,0.0,116.47059199999998,0.6206099069801546,True,True,False,False,False
2026-08-19 02:21:00+08:00,115.75,115.75,False,0.0,18.235,31.936,0.0,116.47059199999998,0.6206099069801546,True,True,False,False,False
2026-08-19 02:22:00+08:00,115.75,115.75,False,0.0,18.215,31.936,0.0,116.342848,0.5108714078083126,True,True,False,False,False
2026-08-19 02:23:00+08:00,115.75,115.75,False,0.0,18.215,31.936,0.0,116.342848,0.5108714078083126,True,True,False,False,False
2026-08-19 02:24:00+08:00,115.75,115.75,False,0.0,18.235,31.9384,0.0,116.4793448,0.628124581437485,True,True,False,False,False
2026-08-19 02:25:00+08:00,115.75,115.75,False,0.0,18.245,31.9384,0.0,116.54322160000001,0.6829485548794073,True,True,False,False,False
2026-08-19 02:26:00+08:00,115.75,115.75,False,0.0,18.245,31.9384,0.0,116.54322160000001,0.6829485548794073,True,True,False,False,False
2026-08-19 02:27:00+08:00,115.75,115.75,False,0.0,18.235,31.9384,0.0,116.4793448,0.628124581437485,True,True,False,False,False
2026-08-19 02:28:00+08:00,115.75,115.75,False,0.0,18.215,31.9384,0.0,116.3515912,0.5183861057476468,True,True,False,False,False
2026-08-19 02:29:00+08:00,115.75,115.75,False,0.0,18.215,31.93298,0.0,116.33184614,0.5014146084041454,True,True,False,False,False
2026-08-19 02:30:00+08:00,115.75,115.75,False,0.0,18.205,31.93298,0.0,116.26798018,0.4465000338319858,True,True,False,False,False
2026-08-19 02:31:00+08:00,115.75,115.75,False,0.0,18.215,31.93298,0.0,116.33184614,0.5014146084041454,True,True,False,False,False
2026-08-19 02:32:00+08:00,115.75,115.75,False,0.0,18.195,31.93298,0.0,116.20411422,0.39155521903723006,True,True,False,False,False
2026-08-19 02:33:00+08:00,115.75,115.75,False,0.0,18.195,31.93298,0.0,116.20411422,0.39155521903723006,True,True,False,False,False
2026-08-19 02:34:00+08:00,115.75,115.75,False,0.0,18.215,31.93454,0.0,116.33752922,0.5062996895822556,True,True,False,False,False
2026-08-19 02:35:00+08:00,115.75,115.75,False,0.0,18.245,31.93454,0.0,116.52913645999999,0.6708621978488902,True,True,False,False,False
2026-08-19 02:36:00+08:00,115.75,115.75,False,0.0,18.235,31.93454,0.0,116.46526738,0.6160382028882947,True,True,False,False,False
2026-08-19 02:37:00+08:00,115.75,115.75,False,0.0,18.245,31.93454,0.0,116.52913645999999,0.6708621978488902,True,True,False,False,False
2026-08-19 02:38:00+08:00,115.75,115.75,False,0.0,18.255000000000003,31.93454,0.0,116.59300554000001,0.725656051526695,True,True,False,False,False
2026-08-19 02:39:00+08:00,115.75,115.75,False,0.0,18.255000000000003,31.92883,0.0,116.57215833000002,0.707774356014887,True,True,False,False,False
2026-08-19 02:40:00+08:00,115.75,115.75,False,0.0,18.255000000000003,31.92883,0.0,116.57215833000002,0.707774356014887,True,True,False,False,False
2026-08-19 02:41:00+08:00,115.75,115.75,False,0.0,18.255000000000003,31.92883,0.0,116.57215833000002,0.707774356014887,True,True,False,False,False
2026-08-19 02:42:00+08:00,115.75,115.75,False,0.0,18.255000000000003,31.92883,0.0,116.57215833000002,0.707774356014887,True,True,False,False,False
2026-08-19 02:43:00+08:00,115.75,115.75,False,0.0,18.265,31.92883,0.0,116.63601599,0.7625381296937688,True,True,False,False,False
2026-08-19 02:44:00+08:00,115.75,115.75,False,0.0,18.265,31.93138,0.0,116.64533114000001,0.7705242059795456,True,True,False,False,False
2026-08-19 02:45:00+08:00,115.75,115.75,False,0.0,18.285,31.93138,0.0,116.77305666,0.8799614753868723,True,True,False,False,False
2026-08-19 02:46:00+08:00,115.75,115.75,False,0.0,18.295,31.93138,0.0,116.83691942,0.9346350368373618,True,True,False,False,False
2026-08-19 02:47:00+08:00,115.75,115.75,False,0.0,18.325,31.93138,0.0,117.0285077,1.0984757249562913,True,True,False,False,False
2026-08-19 02:48:00+08:00,115.75,115.75,False,0.0,18.305,31.93138,0.0,116.90078218000001,0.989278582446077,True,True,False,False,False
2026-08-19 02:49:00+08:00,115.75,115.75,False,0.0,18.285,31.93398,0.0,116.78256486000001,0.8881034453145781,True,True,False,False,False
2026-08-19 02:50:00+08:00,115.75,115.75,False,0.0,18.285,31.93398,0.0,116.78256486000001,0.8881034453145781,True,True,False,False,False
2026-08-19 02:51:00+08:00,115.75,115.75,False,0.0,18.295,31.93398,0.0,116.84643281999999,0.9427769864798307,True,True,False,False,False
2026-08-19 02:52:00+08:00,115.75,115.75,False,0.0,18.285,31.93398,0.0,116.78256486000001,0.8881034453145781,True,True,False,False,False
2026-08-19 02:53:00+08:00,115.75,115.75,False,0.0,18.275,31.93398,0.0,116.71869689999998,0.8333998623622718,True,True,False,False,False
2026-08-19 02:54:00+08:00,115.75,115.75,False,0.0,18.275,31.94492,0.0,116.7586826,0.8676515549617588,True,True,False,False,False
2026-08-19 02:55:00+08:00,115.75,115.75,False,0.0,18.265,31.94492,0.0,116.69479276,0.8129179826157691,True,True,False,False,False
2026-08-19 02:56:00+08:00,115.75,115.75,False,0.0,18.265,31.94492,0.0,116.69479276,0.8129179826157691,True,True,False,False,False
2026-08-19 02:57:00+08:00,115.75,115.75,False,0.0,18.265,31.94492,0.0,116.69479276,0.8129179826157691,True,True,False,False,False
2026-08-19 02:58:00+08:00,115.75,115.75,False,0.0,18.265,31.94492,0.0,116.69479276,0.8129179826157691,True,True,False,False,False
2026-08-19 02:59:00+08:00,115.75,115.75,False,0.0,18.265,31.94415,0.0,116.69197994999999,0.810507594370532,True,True,False,False,False
2026-08-19 03:00:00+08:00,115.75,115.75,False,0.0,18.255000000000003,31.94415,0.0,116.62809165000002,0.7557439204058597,True,True,False,False,False
2026-08-19 03:01:00+08:00,115.75,115.75,False,0.0,18.265,31.94415,0.0,116.69197994999999,0.810507594370532,True,True,False,False,False
2026-08-19 03:02:00+08:00,115.75,115.75,False,0.0,18.285,31.94415,0.0,116.81975655000001,0.9199446788516733,True,True,False,False,False
2026-08-19 03:03:00+08:00,115.75,115.75,False,0.0,18.285,31.94415,0.0,116.81975655000001,0.9199446788516733,True,True,False,False,False
2026-08-19 03:04:00+08:00,115.75,115.75,False,0.0,18.275,31.94051,0.0,116.74256404999998,0.8538458458280178,True,True,False,False,False
2026-08-19 03:05:00+08:00,115.75,115.75,False,0.0,18.295,31.94051,0.0,116.87032609,0.9632228694981331,True,True,False,False,False
2026-08-19 03:06:00+08:00,115.75,115.75,False,0.0,18.295,31.94051,0.0,116.87032609,0.9632228694981331,True,True,False,False,False
2026-08-19 03:07:00+08:00,115.75,115.75,False,0.0,18.285,31.94051,0.0,116.80644507,0.9085493800715805,True,True,False,False,False
2026-08-19 03:08:00+08:00,115.75,115.75,False,0.0,18.295,31.94051,0.0,116.87032609,0.9632228694981331,True,True,False,False,False
2026-08-19 03:09:00+08:00,115.75,115.75,False,0.0,18.305,31.9457,0.0,116.95320769999998,1.0341135490931,True,True,False,False,False
2026-08-19 03:10:00+08:00,115.75,115.75,False,0.0,18.295,31.9457,0.0,116.88931629999999,0.9794701240703313,True,True,False,False,False
2026-08-19 03:11:00+08:00,115.75,115.75,False,0.0,18.285,31.9457,0.0,116.8254249,0.924796676572686,True,True,False,False,False
2026-08-19 03:12:00+08:00,115.75,115.75,False,0.0,18.295,31.9457,0.0,116.88931629999999,0.9794701240703313,True,True,False,False,False
2026-08-19 03:13:00+08:00,115.75,115.75,False,0.0,18.295,31.9457,0.0,116.88931629999999,0.9794701240703313,True,True,False,False,False
2026-08-19 03:14:00+08:00,115.75,115.75,False,0.0,18.285,31.94652,0.0,116.82842364000001,0.9273634442283996,True,True,False,False,False
2026-08-19 03:15:00+08:00,115.75,115.75,False,0.0,18.305,31.94652,0.0,116.95620971999999,1.0366803029892002,True,True,False,False,False
2026-08-19 03:16:00+08:00,115.75,115.75,False,0.0,18.285,31.94652,0.0,116.82842364000001,0.9273634442283996,True,True,False,False,False
2026-08-19 03:17:00+08:00,115.75,115.75,False,0.0,18.265,31.94652,0.0,116.70063755999999,0.8179263950219211,True,True,False,False,False
2026-08-19 03:18:00+08:00,115.5,115.5,False,0.0,18.275,31.94652,0.0,116.76453059999999,1.088871035739614,True,True,False,False,False
2026-08-19 03:19:00+08:00,115.5,115.5,False,0.0,18.275,31.92972,0.0,116.70312659999999,1.0362708010151231,True,True,False,False,False
2026-08-19 03:20:00+08:00,115.5,115.5,False,0.0,18.285,31.92972,0.0,116.76698604,1.0909738500518633,True,True,False,False,False
2026-08-19 03:21:00+08:00,115.5,115.5,False,0.0,18.265,31.92972,0.0,116.63926716,0.9815376553375372,True,True,False,False,False
2026-08-19 03:22:00+08:00,115.5,115.5,False,0.0,18.285,31.92972,0.0,116.76698604,1.0909738500518633,True,True,False,False,False
2026-08-19 03:23:00+08:00,115.75,115.75,False,0.0,18.285,31.92972,0.0,116.76698604,0.8747627924482502,True,True,False,False,False
2026-08-19 03:24:00+08:00,115.75,115.75,False,0.0,18.315,31.94651,0.0,117.02006613,1.0912624214237951,True,True,False,False,False
2026-08-19 03:25:00+08:00,115.75,115.75,False,0.0,18.315,31.94651,0.0,117.02006613,1.0912624214237951,True,True,False,False,False
2026-08-19 03:26:00+08:00,115.75,115.75,False,0.0,18.345,31.94651,0.0,117.21174518999999,1.2549229392214685,True,True,False,False,False
2026-08-19 03:27:00+08:00,115.75,115.75,False,0.0,18.365,31.94651,0.0,117.33953122999999,1.363880412485389,True,True,False,False,False
2026-08-19 03:28:00+08:00,115.75,115.75,False,0.0,18.365,31.94651,0.0,117.33953122999999,1.363880412485389,True,True,False,False,False
2026-08-19 03:29:00+08:00,115.75,115.75,False,0.0,18.365,31.94011,0.0,117.31602403,1.343845836404209,True,True,False,False,False
2026-08-19 03:30:00+08:00,115.75,115.75,False,0.0,18.375,31.94011,0.0,117.37990425000001,1.3982798605297413,True,True,False,False,False
2026-08-19 03:31:00+08:00,115.75,115.75,False,0.0,18.335,31.94011,0.0,117.12438337,1.1803645812054213,True,True,False,False,False
2026-08-19 03:32:00+08:00,115.75,115.75,False,0.0,18.345,31.94011,0.0,117.18826358999999,1.2348882213113017,True,True,False,False,False
2026-08-19 03:33:00+08:00,115.75,115.75,False,0.0,18.365,31.94011,0.0,117.31602403,1.343845836404209,True,True,False,False,False
2026-08-19 03:34:00+08:00,115.75,115.75,False,0.0,18.355,31.93517,0.0,117.23400907,1.2739149574459667,True,True,False,False,False
2026-08-19 03:35:00+08:00,115.75,115.75,False,0.0,18.345,31.93517,0.0,117.17013872999999,1.2194211610411323,True,True,False,False,False
2026-08-19 03:36:00+08:00,115.75,115.75,False,0.0,18.365,31.93517,0.0,117.29787941,1.3283788841320596,True,True,False,False,False
2026-08-19 03:37:00+08:00,115.75,115.75,False,0.0,18.385,31.93517,0.0,117.42562009000001,1.4372172265293102,True,True,False,False,False
2026-08-19 03:38:00+08:00,115.75,115.75,False,0.0,18.375,31.93517,0.0,117.36174974999999,1.3828129656514554,True,True,False,False,False
2026-08-19 03:39:00+08:00,115.75,115.75,False,0.0,18.365,31.94368,0.0,117.32913664,1.3550218717679916,True,True,False,False,False
2026-08-19 03:40:00+08:00,115.75,115.75,False,0.0,18.355,31.94368,0.0,117.26524928,1.3005580404561634,True,True,False,False,False
2026-08-19 03:41:00+08:00,115.75,115.75,False,0.0,18.365,31.94368,0.0,117.32913664,1.3550218717679916,True,True,False,False,False
2026-08-19 03:42:00+08:00,115.75,115.75,False,0.0,18.395,31.94368,0.0,117.52079871999999,1.5182343694253098,True,True,False,False,False
2026-08-19 03:43:00+08:00,115.75,115.75,False,0.0,18.395,31.94368,0.0,117.52079871999999,1.5182343694253098,True,True,False,False,False
2026-08-19 03:44:00+08:00,116.25,116.25,False,0.0,18.405,31.93606,0.0,117.55663686,1.1177072452245167,True,True,False,False,False
2026-08-19 03:45:00+08:00,116.0,116.0,False,0.0,18.415,31.93606,0.0,117.62050898,1.3873002734864572,True,True,False,False,False
2026-08-19 03:46:00+08:00,116.0,116.0,False,0.0,18.475,31.93606,0.0,118.00374170000002,1.7125723592649886,True,True,False,False,False
2026-08-19 03:47:00+08:00,116.25,116.25,False,0.0,18.455,31.93606,0.0,117.87599745999998,1.3889935142958896,True,True,False,False,False
2026-08-19 03:48:00+08:00,116.25,116.25,False,0.0,18.475,31.93606,0.0,118.00374170000002,1.4973009073605077,True,True,False,False,False
2026-08-19 03:49:00+08:00,116.75,116.75,False,0.0,18.505000000000003,31.93376,0.0,118.18684576000001,1.223176173453714,True,True,False,False,False
2026-08-19 03:50:00+08:00,116.75,116.75,False,0.0,18.465,31.93376,0.0,117.93137568,1.0067911665993197,True,True,False,False,False
2026-08-19 03:51:00+08:00,116.75,116.75,False,0.0,18.485,31.93376,0.0,118.05911071999999,1.1150425262340458,True,True,False,False,False
2026-08-19 03:52:00+08:00,116.75,116.75,False,0.0,18.475,31.93376,0.0,117.9952432,1.0609315724784019,True,True,False,False,False
2026-08-19 03:53:00+08:00,116.75,116.75,False,0.0,18.435,31.93376,0.0,117.73977312,0.8441929955670002,True,True,False,False,False
2026-08-19 03:54:00+08:00,116.75,116.75,False,0.0,18.455,31.93088,0.0,117.85687807999997,0.9436024118802961,True,True,False,False,False
2026-08-19 03:55:00+08:00,116.75,116.75,False,0.0,18.465,31.93088,0.0,117.92073983999998,0.997772317757382,True,True,False,False,False
2026-08-19 03:56:00+08:00,116.75,116.75,False,0.0,18.465,31.93088,0.0,117.92073983999998,0.997772317757382,True,True,False,False,False
2026-08-19 03:57:00+08:00,116.75,116.75,False,0.0,18.485,31.93088,0.0,118.04846335999999,1.1060237289620953,True,True,False,False,False
2026-08-19 03:58:00+08:00,116.75,116.75,False,0.0,18.505000000000003,31.93088,0.0,118.17618688,1.214157432971487,True,True,False,False,False
2026-08-19 03:59:00+08:00,116.75,116.75,False,0.0,18.505000000000003,31.93422,0.0,118.18854822,1.2246165909333218,True,True,False,False,False
2026-08-19 21:30:00+08:00,118.75,118.75,False,0.0,18.595,31.87383,0.0,118.53877376999999,-0.17803305790163199,True,True,False,False,False
2026-08-19 21:31:00+08:00,118.25,118.25,False,0.0,18.56,31.87383,0.0,118.31565696,0.055508446021900804,True,True,False,False,False
2026-08-19 21:32:00+08:00,118.25,118.25,False,0.0,18.595,31.87383,0.0,118.53877376999999,0.24390832842479795,True,True,False,False,False
2026-08-19 21:33:00+08:00,117.75,117.75,False,0.0,18.495,31.87383,0.0,117.90129717000002,0.12840766999120248,True,True,False,False,False
2026-08-19 21:34:00+08:00,117.75,117.75,False,0.0,18.435,31.87383,0.0,117.51881121,-0.1965316089378683,True,True,False,False,False
2026-08-19 21:35:00+08:00,117.25,117.25,False,0.0,18.4,31.83322,0.0,117.14624959999999,-0.08852564849229551,True,True,False,False,False
2026-08-19 21:36:00+08:00,117.25,117.25,False,0.0,18.345,31.83322,0.0,116.79608418000001,-0.3878858487125078,True,True,False,False,False
2026-08-19 21:37:00+08:00,117.25,117.25,False,0.0,18.35,31.83322,0.0,116.8279174,-0.36063427485022215,True,True,False,False,False
2026-08-19 21:38:00+08:00,116.75,116.75,False,0.0,18.32,31.83322,0.0,116.63691808000002,-0.09690510584764035,True,True,False,False,False
2026-08-19 21:39:00+08:00,116.75,116.75,False,0.0,18.205,31.83322,0.0,115.90475402,-0.7266096784141711,True,True,False,False,False
2026-08-19 21:40:00+08:00,116.5,116.5,False,0.0,18.225,31.85434,0.0,116.10906930000002,-0.3361267909083923,True,True,False,False,False
2026-08-19 21:41:00+08:00,116.75,116.75,False,0.0,18.255000000000003,31.85434,0.0,116.30019534000003,-0.38601526108462914,True,True,False,False,False
2026-08-19 21:42:00+08:00,116.75,116.75,False,0.0,18.31,31.85434,0.0,116.65059308,-0.08518137738059166,True,True,False,False,False
2026-08-19 21:43:00+08:00,116.75,116.75,False,0.0,18.335,31.85434,0.0,116.80986478,0.051262900033263205,True,True,False,False,False
2026-08-19 21:44:00+08:00,116.75,116.75,False,0.0,18.345,31.85434,0.0,116.87357345999999,0.10578851968561848,True,True,False,False,False
2026-08-19 21:45:00+08:00,117.0,117.0,False,0.0,18.32,31.85683,0.0,116.72342512,-0.23666851524017946,True,True,False,False,False
2026-08-19 21:46:00+08:00,116.75,116.75,False,0.0,18.345,31.85683,0.0,116.88270926999999,0.11360504307350691,True,True,False,False,False
2026-08-19 21:47:00+08:00,116.75,116.75,False,0.0,18.345,31.85683,0.0,116.88270926999999,0.11360504307350691,True,True,False,False,False
2026-08-19 23:39:00+08:00,116.25,116.25,False,0.0,18.135,31.87108,0.0,115.59640716000001,-0.5638153707069828,True,True,False,False,False
2026-08-19 23:40:00+08:00,115.75,115.75,False,0.0,18.095,31.87108,0.0,115.34143852,-0.35359291769231316,True,True,False,False,False
2026-08-19 23:41:00+08:00,116.25,116.25,False,0.0,18.105,31.87108,0.0,115.40518067999999,-0.7293765824879314,True,True,False,False,False
2026-08-19 23:42:00+08:00,116.25,116.25,False,0.0,18.105,31.87108,0.0,115.40518067999999,-0.7293765824879314,True,True,False,False,False
2026-08-19 23:43:00+08:00,116.25,116.25,False,0.0,18.125,31.87108,0.0,115.532665,-0.6189720874941235,True,True,False,False,False
2026-08-19 23:44:00+08:00,116.25,116.25,False,0.0,18.135,31.86309,0.0,115.56742743,-0.588888055196899,True,True,False,False,False
2026-08-19 23:45:00+08:00,116.25,116.25,False,0.0,18.125,31.86309,0.0,115.50370124999999,-0.6440447302241377,True,True,False,False,False
2026-08-19 23:46:00+08:00,116.25,116.25,False,0.0,18.125,31.86309,0.0,115.50370124999999,-0.6440447302241377,True,True,False,False,False
2026-08-19 23:47:00+08:00,116.25,116.25,False,0.0,18.125,31.86309,0.0,115.50370124999999,-0.6440447302241377,True,True,False,False,False
2026-08-19 23:48:00+08:00,116.25,116.25,False,0.0,18.135,31.86309,0.0,115.56742743,-0.588888055196899,True,True,False,False,False
2026-08-19 23:49:00+08:00,116.25,116.25,False,0.0,18.115,31.8596,0.0,115.42733079999998,-0.7101853229742247,True,True,False,False,False
2026-08-19 23:50:00+08:00,116.25,116.25,False,0.0,18.125,31.8596,0.0,115.49105,-0.6549983267962225,True,True,False,False,False
2026-08-19 23:51:00+08:00,116.25,116.25,False,0.0,18.115,31.8596,0.0,115.42733079999998,-0.7101853229742247,True,True,False,False,False
2026-08-19 23:52:00+08:00,116.25,116.25,False,0.0,18.115,31.8596,0.0,115.42733079999998,-0.7101853229742247,True,True,False,False,False
2026-08-19 23:53:00+08:00,116.25,116.25,False,0.0,18.115,31.8596,0.0,115.42733079999998,-0.7101853229742247,True,True,False,False,False
2026-08-19 23:54:00+08:00,116.25,116.25,False,0.0,18.095,31.87224,0.0,115.34563656,-0.7809848695190783,True,True,False,False,False
2026-08-19 23:55:00+08:00,116.25,116.25,False,0.0,18.115,31.87224,0.0,115.47312551999998,-0.6705195938097821,True,True,False,False,False
2026-08-19 23:56:00+08:00,116.25,116.25,False,0.0,18.115,31.87224,0.0,115.47312551999998,-0.6705195938097821,True,True,False,False,False
2026-08-19 23:57:00+08:00,116.25,116.25,False,0.0,18.115,31.87224,0.0,115.47312551999998,-0.6705195938097821,True,True,False,False,False
2026-08-19 23:58:00+08:00,116.25,116.25,False,0.0,18.115,31.87224,0.0,115.47312551999998,-0.6705195938097821,True,True,False,False,False
2026-08-19 23:59:00+08:00,116.25,116.25,False,0.0,18.135,31.86483,0.0,115.57373841,-0.5834273872367373,True,True,False,False,False
2026-08-20 00:00:00+08:00,116.25,116.25,False,0.0,18.145,31.86483,0.0,115.63746807,-0.5283010204027908,True,True,False,False,False
2026-08-20 00:01:00+08:00,116.25,116.25,False,0.0,18.155,31.86483,0.0,115.70119773000002,-0.47320494601524615,True,True,False,False,False
2026-08-20 00:02:00+08:00,116.25,116.25,False,0.0,18.165,31.86483,0.0,115.76492739,-0.4181391391120553,True,True,False,False,False
2026-08-20 00:03:00+08:00,116.25,116.25,False,0.0,18.165,31.86483,0.0,115.76492739,-0.4181391391120553,True,True,False,False,False
2026-08-20 00:04:00+08:00,116.75,116.75,False,0.0,18.165,31.87221,0.0,115.79173893,-0.8241626422931867,True,True,False,False,False
2026-08-20 00:05:00+08:00,116.5,116.5,False,0.0,18.165,31.87221,0.0,115.79173893,-0.609803063391279,True,True,False,False,False
2026-08-20 00:06:00+08:00,116.75,116.75,False,0.0,18.185,31.87221,0.0,115.91922776999999,-0.714122995947921,True,True,False,False,False
2026-08-20 00:07:00+08:00,116.75,116.75,False,0.0,18.195,31.87221,0.0,115.98297219000001,-0.659148381754689,True,True,False,False,False
2026-08-20 00:08:00+08:00,116.75,116.75,False,0.0,18.185,31.87221,0.0,115.91922776999999,-0.714122995947921,True,True,False,False,False
2026-08-20 00:09:00+08:00,116.75,116.75,False,0.0,18.205,31.87655,0.0,116.06251855000001,-0.5905880442183746,True,True,False,False,False
2026-08-20 00:10:00+08:00,116.75,116.75,False,0.0,18.195,31.87655,0.0,115.99876545000002,-0.6455325754768494,True,True,False,False,False
2026-08-20 00:11:00+08:00,116.75,116.75,False,0.0,18.195,31.87655,0.0,115.99876545000002,-0.6455325754768494,True,True,False,False,False
2026-08-20 00:12:00+08:00,116.75,116.75,False,0.0,18.205,31.87655,0.0,116.06251855000001,-0.5905880442183746,True,True,False,False,False
2026-08-20 00:13:00+08:00,116.75,116.75,False,0.0,18.185,31.87655,0.0,115.93501235,-0.7005072151137252,True,True,False,False,False
2026-08-20 00:14:00+08:00,116.25,116.25,False,0.0,18.195,31.87109,0.0,115.97889651,-0.23347954890560108,True,True,False,False,False
2026-08-20 00:15:00+08:00,116.75,116.75,False,0.0,18.185,31.87109,0.0,115.91515433,-0.7176370457399099,True,True,False,False,False
2026-08-20 00:16:00+08:00,116.75,116.75,False,0.0,18.205,31.87109,0.0,116.04263868999999,-0.6077179364266523,True,True,False,False,False
2026-08-20 00:17:00+08:00,116.75,116.75,False,0.0,18.225,31.87109,0.0,116.17012305,-0.4979191513440162,True,True,False,False,False
2026-08-20 00:18:00+08:00,116.75,116.75,False,0.0,18.245,31.87109,0.0,116.29760741,-0.3882404930286276,True,True,False,False,False
2026-08-20 00:19:00+08:00,116.75,116.75,False,0.0,18.245,31.8591,0.0,116.2538559,-0.4258677162947286,True,True,False,False,False
2026-08-20 00:20:00+08:00,116.75,116.75,False,0.0,18.255000000000003,31.8591,0.0,116.31757410000003,-0.37107341222372975,True,True,False,False,False
2026-08-20 00:21:00+08:00,116.75,116.75,False,0.0,18.235,31.8591,0.0,116.1901377,-0.4806919971181987,True,True,False,False,False
2026-08-20 00:22:00+08:00,116.75,116.75,False,0.0,18.245,31.8591,0.0,116.2538559,-0.4258677162947286,True,True,False,False,False
2026-08-20 00:23:00+08:00,116.75,116.75,False,0.0,18.255000000000003,31.8591,0.0,116.31757410000003,-0.37107341222372975,True,True,False,False,False
2026-08-20 00:24:00+08:00,116.75,116.75,False,0.0,18.265,31.86402,0.0,116.39926505999999,-0.30086729195543405,True,True,False,False,False
2026-08-20 00:25:00+08:00,116.75,116.75,False,0.0,18.255000000000003,31.86402,0.0,116.33553702000002,-0.3556316580590059,True,True,False,False,False
2026-08-20 00:26:00+08:00,116.75,116.75,False,0.0,18.255000000000003,31.86402,0.0,116.33553702000002,-0.3556316580590059,True,True,False,False,False
2026-08-20 00:27:00+08:00,116.75,116.75,False,0.0,18.245,31.86402,0.0,116.27180898000002,-0.4104259786611007,True,True,False,False,False
2026-08-20 00:28:00+08:00,116.75,116.75,False,0.0,18.235,31.86402,0.0,116.20808093999999,-0.465250278344787,True,True,False,False,False
2026-08-20 00:29:00+08:00,116.75,116.75,False,0.0,18.225,31.85489,0.0,116.11107405,-0.5487614901774528,True,True,False,False,False
2026-08-20 00:30:00+08:00,116.75,116.75,False,0.0,18.225,31.85489,0.0,116.11107405,-0.5487614901774528,True,True,False,False,False
2026-08-20 00:31:00+08:00,116.75,116.75,False,0.0,18.225,31.85489,0.0,116.11107405,-0.5487614901774528,True,True,False,False,False
2026-08-20 00:32:00+08:00,116.75,116.75,False,0.0,18.235,31.85489,0.0,116.17478383,-0.49390722665203857,True,True,False,False,False
2026-08-20 00:33:00+08:00,116.75,116.75,False,0.0,18.255000000000003,31.85489,0.0,116.30220339000002,-0.38428867308379,True,True,False,False,False
2026-08-20 00:34:00+08:00,116.75,116.75,False,0.0,18.265,31.86878,0.0,116.41665334000001,-0.28592996058823944,True,True,False,False,False
2026-08-20 00:35:00+08:00,116.75,116.75,False,0.0,18.235,31.86878,0.0,116.22544066,-0.4503129930897121,True,True,False,False,False
2026-08-20 00:36:00+08:00,116.75,116.75,False,0.0,18.235,31.86878,0.0,116.22544066,-0.4503129930897121,True,True,False,False,False
2026-08-20 00:37:00+08:00,116.75,116.75,False,0.0,18.235,31.86878,0.0,116.22544066,-0.4503129930897121,True,True,False,False,False
2026-08-20 00:38:00+08:00,116.75,116.75,False,0.0,18.245,31.86878,0.0,116.28917822000001,-0.39548867578390756,True,True,False,False,False
2026-08-20 00:39:00+08:00,116.75,116.75,False,0.0,18.245,31.87447,0.0,116.30994103,-0.3776358717462733,True,True,False,False,False
2026-08-20 00:40:00+08:00,116.75,116.75,False,0.0,18.255000000000003,31.87447,0.0,116.37368997000002,-0.3228415182072753,True,True,False,False,False
2026-08-20 00:41:00+08:00,116.75,116.75,False,0.0,18.265,31.87447,0.0,116.43743891,-0.2680771241032733,True,True,False,False,False
2026-08-20 00:42:00+08:00,116.75,116.75,False,0.0,18.265,31.87447,0.0,116.43743891,-0.2680771241032733,True,True,False,False,False
2026-08-20 00:52:00+08:00,116.75,116.75,False,0.0,18.245,31.86326,0.0,116.26903574,-0.41281113233740074,True,True,False,False,False
2026-08-20 00:53:00+08:00,116.75,116.75,False,0.0,18.235,31.86326,0.0,116.20530922,-0.4676354291505735,True,True,False,False,False
2026-08-20 00:54:00+08:00,116.75,116.75,False,0.0,18.245,31.86326,0.0,116.26903574,-0.41281113233740074,True,True,False,False,False
2026-08-20 00:55:00+08:00,116.75,116.75,False,0.0,18.235,31.86326,0.0,116.20530922,-0.4676354291505735,True,True,False,False,False
2026-08-20 00:56:00+08:00,116.75,116.75,False,0.0,18.235,31.86326,0.0,116.20530922,-0.4676354291505735,True,True,False,False,False
2026-08-20 00:57:00+08:00,116.75,116.75,False,0.0,18.235,31.86456,0.0,116.21005032000001,-0.46355560042016075,True,True,False,False,False
2026-08-20 00:58:00+08:00,116.75,116.75,False,0.0,18.235,31.86456,0.0,116.21005032000001,-0.46355560042016075,True,True,False,False,False
2026-08-20 00:59:00+08:00,116.75,116.75,False,0.0,18.235,31.86456,0.0,116.21005032000001,-0.46355560042016075,True,True,False,False,False
2026-08-20 01:00:00+08:00,116.75,116.75,False,0.0,18.235,31.86456,0.0,116.21005032000001,-0.46355560042016075,True,True,False,False,False
2026-08-20 01:01:00+08:00,116.75,116.75,False,0.0,18.235,31.86456,0.0,116.21005032000001,-0.46355560042016075,True,True,False,False,False
2026-08-20 01:02:00+08:00,116.75,116.75,False,0.0,18.225,31.85769,0.0,116.12128005000002,-0.5399720823151595,True,True,False,False,False
2026-08-20 01:03:00+08:00,116.75,116.75,False,0.0,18.225,31.85769,0.0,116.12128005000002,-0.5399720823151595,True,True,False,False,False
2026-08-20 01:04:00+08:00,116.75,116.75,False,0.0,18.205,31.85769,0.0,115.99384929,-0.6497707349145303,True,True,False,False,False
2026-08-20 01:05:00+08:00,116.75,116.75,False,0.0,18.225,31.85769,0.0,116.12128005000002,-0.5399720823151595,True,True,False,False,False
2026-08-20 01:06:00+08:00,116.75,116.75,False,0.0,18.215,31.85769,0.0,116.05756467,-0.5948563836243964,True,True,False,False,False
2026-08-20 01:07:00+08:00,116.75,116.75,False,0.0,18.215,31.85953,0.0,116.06426779,-0.5890809154519109,True,True,False,False,False
2026-08-20 01:08:00+08:00,116.75,116.75,False,0.0,18.205,31.85953,0.0,116.00054872999999,-0.6439952765648705,True,True,False,False,False
2026-08-20 01:09:00+08:00,116.75,116.75,False,0.0,18.185,31.85953,0.0,115.87311060999998,-0.7539142501366938,True,True,False,False,False
2026-08-20 01:10:00+08:00,116.75,116.75,False,0.0,18.205,31.85953,0.0,116.00054872999999,-0.6439952765648705,True,True,False,False,False
2026-08-20 01:11:00+08:00,116.75,116.75,False,0.0,18.195,31.85953,0.0,115.93682967,-0.6989397132216344,True,True,False,False,False
2026-08-20 01:12:00+08:00,116.75,116.75,False,0.0,18.185,31.86975,0.0,115.91028075,-0.7218415169904343,True,True,False,False,False
2026-08-20 01:13:00+08:00,116.75,116.75,False,0.0,18.195,31.86975,0.0,115.97402025000001,-0.6668669174470317,True,True,False,False,False
2026-08-20 01:14:00+08:00,116.75,116.75,False,0.0,18.205,31.86975,0.0,116.03775974999999,-0.6119224230388324,True,True,False,False,False
2026-08-20 01:15:00+08:00,116.75,116.75,False,0.0,18.195,31.86975,0.0,115.97402025000001,-0.6668669174470317,True,True,False,False,False
2026-08-20 01:16:00+08:00,116.75,116.75,False,0.0,18.215,31.86975,0.0,116.10149925,-0.5570080090433402,True,True,False,False,False
2026-08-20 01:17:00+08:00,116.75,116.75,False,0.0,18.215,31.85225,0.0,116.03774675,-0.6119336261843029,True,True,False,False,False
2026-08-20 01:18:00+08:00,116.75,116.75,False,0.0,18.205,31.85225,0.0,115.97404225,-0.6668479478939641,True,True,False,False,False
2026-08-20 01:19:00+08:00,116.75,116.75,False,0.0,18.175,31.85225,0.0,115.78292875000002,-0.8317714443270866,True,True,False,False,False
2026-08-20 01:20:00+08:00,116.25,116.25,False,0.0,18.185,31.85225,0.0,115.84663325,-0.34758517980355375,True,True,False,False,False
2026-08-20 01:21:00+08:00,116.25,116.25,False,0.0,18.185,31.85225,0.0,115.84663325,-0.34758517980355375,True,True,False,False,False
2026-08-20 01:22:00+08:00,116.25,116.25,False,0.0,18.195,31.86825,0.0,115.96856175,-0.2423908303273209,True,True,False,False,False
2026-08-20 01:23:00+08:00,116.25,116.25,False,0.0,18.205,31.86825,0.0,116.03229824999998,-0.18744583779320995,True,True,False,False,False
2026-08-20 01:24:00+08:00,116.25,116.25,False,0.0,18.195,31.86825,0.0,115.96856175,-0.2423908303273209,True,True,False,False,False
2026-08-20 01:25:00+08:00,116.25,116.25,False,0.0,18.195,31.86825,0.0,115.96856175,-0.2423908303273209,True,True,False,False,False
2026-08-20 01:26:00+08:00,116.25,116.25,False,0.0,18.195,31.86825,0.0,115.96856175,-0.2423908303273209,True,True,False,False,False
2026-08-20 01:27:00+08:00,116.25,116.25,False,0.0,18.185,31.86842,0.0,115.90544354,-0.296832548697606,True,True,False,False,False
2026-08-20 01:28:00+08:00,116.75,116.75,False,0.0,18.195,31.86842,0.0,115.96918038000001,-0.6710401942160608,True,True,False,False,False
2026-08-20 01:29:00+08:00,116.75,116.75,False,0.0,18.185,31.86842,0.0,115.90544354,-0.7260147857703607,True,True,False,False,False
2026-08-20 01:30:00+08:00,116.25,116.25,False,0.0,18.195,31.86842,0.0,115.96918038000001,-0.24185738623352243,True,True,False,False,False
2026-08-20 01:31:00+08:00,116.25,116.25,False,0.0,18.195,31.86842,0.0,115.96918038000001,-0.24185738623352243,True,True,False,False,False
2026-08-20 01:32:00+08:00,116.25,116.25,False,0.0,18.185,31.87061,0.0,115.91340856999997,-0.28996079276510167,True,True,False,False,False
2026-08-20 01:33:00+08:00,116.25,116.25,False,0.0,18.195,31.87061,0.0,115.97714979,-0.23498562527829872,True,True,False,False,False
2026-08-20 01:34:00+08:00,116.25,116.25,False,0.0,18.185,31.87061,0.0,115.91340856999997,-0.28996079276510167,True,True,False,False,False
2026-08-20 01:35:00+08:00,116.25,116.25,False,0.0,18.185,31.87061,0.0,115.91340856999997,-0.28996079276510167,True,True,False,False,False
2026-08-20 01:36:00+08:00,116.25,116.25,False,0.0,18.185,31.87061,0.0,115.91340856999997,-0.28996079276510167,True,True,False,False,False
2026-08-20 01:37:00+08:00,116.25,116.25,False,0.0,18.165,31.87512,0.0,115.80231096,-0.3858518263816563,True,True,False,False,False
2026-08-20 01:38:00+08:00,116.25,116.25,False,0.0,18.165,31.87512,0.0,115.80231096,-0.3858518263816563,True,True,False,False,False
2026-08-20 01:39:00+08:00,116.25,116.25,False,0.0,18.145,31.87512,0.0,115.67481047999999,-0.4960137889599445,True,True,False,False,False
2026-08-20 01:40:00+08:00,116.25,116.25,False,0.0,18.155,31.87512,0.0,115.73856072000001,-0.44091767146853006,True,True,False,False,False
2026-08-20 01:41:00+08:00,116.25,116.25,False,0.0,18.145,31.87512,0.0,115.67481047999999,-0.4960137889599445,True,True,False,False,False
2026-08-20 01:42:00+08:00,116.75,116.75,False,0.0,18.165,31.87575,0.0,115.80459975,-0.8130565905953497,True,True,False,False,False
2026-08-20 01:43:00+08:00,116.5,116.5,False,0.0,18.165,31.87575,0.0,115.80459975,-0.5986969270073662,True,True,False,False,False
2026-08-20 01:44:00+08:00,116.5,116.5,False,0.0,18.165,31.87575,0.0,115.80459975,-0.5986969270073662,True,True,False,False,False
2026-08-20 01:45:00+08:00,116.5,116.5,False,0.0,18.185,31.87575,0.0,115.93210274999998,-0.4886564663667276,True,True,False,False,False
2026-08-20 01:46:00+08:00,116.5,116.5,False,0.0,18.185,31.87575,0.0,115.93210274999998,-0.4886564663667276,True,True,False,False,False
2026-08-20 01:47:00+08:00,116.75,116.75,False,0.0,18.185,31.87498,0.0,115.92930225999999,-0.7054325262527664,True,True,False,False,False
2026-08-20 01:48:00+08:00,116.75,116.75,False,0.0,18.185,31.87498,0.0,115.92930225999999,-0.7054325262527664,True,True,False,False,False
2026-08-20 01:49:00+08:00,116.75,116.75,False,0.0,18.175,31.87498,0.0,115.86555230000002,-0.7604372891278786,True,True,False,False,False
2026-08-20 01:50:00+08:00,116.25,116.25,False,0.0,18.165,31.87498,0.0,115.80180234,-0.3862910397423335,True,True,False,False,False
2026-08-20 01:51:00+08:00,116.25,116.25,False,0.0,18.175,31.87498,0.0,115.86555230000002,-0.33125544255052597,True,True,False,False,False
2026-08-20 01:52:00+08:00,116.25,116.25,False,0.0,18.165,31.88836,0.0,115.85041187999998,-0.34432349065077283,True,True,False,False,False
2026-08-20 01:53:00+08:00,116.25,116.25,False,0.0,18.175,31.88836,0.0,115.91418859999999,-0.2892878544490659,True,True,False,False,False
2026-08-20 01:54:00+08:00,116.25,116.25,False,0.0,18.165,31.88836,0.0,115.85041187999998,-0.34432349065077283,True,True,False,False,False
2026-08-20 01:55:00+08:00,116.25,116.25,False,0.0,18.175,31.88836,0.0,115.91418859999999,-0.2892878544490659,True,True,False,False,False
2026-08-20 01:56:00+08:00,116.25,116.25,False,0.0,18.165,31.88836,0.0,115.85041187999998,-0.34432349065077283,True,True,False,False,False
2026-08-20 01:57:00+08:00,116.25,116.25,False,0.0,18.155,31.86648,0.0,115.70718888000002,-0.46802698603214926,True,True,False,False,False
2026-08-20 01:58:00+08:00,116.25,116.25,False,0.0,18.165,31.86648,0.0,115.77092183999999,-0.4129611728121514,True,True,False,False,False
2026-08-20 01:59:00+08:00,116.25,116.25,False,0.0,18.165,31.86648,0.0,115.77092183999999,-0.4129611728121514,True,True,False,False,False
2026-08-20 02:00:00+08:00,116.25,116.25,False,0.0,18.185,31.86648,0.0,115.89838775999999,-0.30292025147597657,True,True,False,False,False
2026-08-20 02:01:00+08:00,116.25,116.25,False,0.0,18.185,31.86648,0.0,115.89838775999999,-0.30292025147597657,True,True,False,False,False
2026-08-20 02:02:00+08:00,116.75,116.75,False,0.0,18.195,31.86733,0.0,115.96521387,-0.6744605279123692,True,True,False,False,False
2026-08-20 02:03:00+08:00,116.5,116.5,False,0.0,18.195,31.86733,0.0,115.96521387,-0.4600999186906867,True,True,False,False,False
2026-08-20 02:04:00+08:00,116.25,116.25,False,0.0,18.175,31.86733,0.0,115.83774455,-0.3552582673413753,True,True,False,False,False
2026-08-20 02:05:00+08:00,116.25,116.25,False,0.0,18.165,31.86733,0.0,115.77400989,-0.41029384004324343,True,True,False,False,False
2026-08-20 02:06:00+08:00,116.25,116.25,False,0.0,18.155,31.86733,0.0,115.71027523000001,-0.4653596564884472,True,True,False,False,False
2026-08-20 02:07:00+08:00,116.25,116.25,False,0.0,18.145,31.8692,0.0,115.65332679999999,-0.5145878743814659,True,True,False,False,False
2026-08-20 02:08:00+08:00,116.25,116.25,False,0.0,18.135,31.8692,0.0,115.5895884,-0.5697142619668344,True,True,False,False,False
2026-08-20 02:09:00+08:00,116.25,116.25,False,0.0,18.115,31.8692,0.0,115.46211159999999,-0.6800580207564897,True,True,False,False,False
2026-08-20 02:10:00+08:00,116.25,116.25,False,0.0,18.115,31.8692,0.0,115.46211159999999,-0.6800580207564897,True,True,False,False,False
2026-08-20 02:11:00+08:00,116.25,116.25,False,0.0,18.135,31.8692,0.0,115.5895884,-0.5697142619668344,True,True,False,False,False
2026-08-20 02:12:00+08:00,116.25,116.25,False,0.0,18.145,31.86876,0.0,115.65173004,-0.5159685181277452,True,True,False,False,False
2026-08-20 02:13:00+08:00,116.25,116.25,False,0.0,18.145,31.86876,0.0,115.65173004,-0.5159685181277452,True,True,False,False,False
2026-08-20 02:14:00+08:00,116.25,116.25,False,0.0,18.135,31.86876,0.0,115.58799252000001,-0.5710949036473184,True,True,False,False,False
2026-08-20 02:15:00+08:00,116.25,116.25,False,0.0,18.125,31.86876,0.0,115.52425500000001,-0.6262516084886038,True,True,False,False,False
2026-08-20 02:16:00+08:00,116.25,116.25,False,0.0,18.115,31.86876,0.0,115.46051748,-0.6814386576717657,True,True,False,False,False
2026-08-20 02:17:00+08:00,116.25,116.25,False,0.0,18.105,31.87274,0.0,115.41119154,-0.7241683032223911,True,True,False,False,False
2026-08-20 02:18:00+08:00,116.25,116.25,False,0.0,18.125,31.87274,0.0,115.53868250000001,-0.6137637889201021,True,True,False,False,False
2026-08-20 02:19:00+08:00,116.25,116.25,False,0.0,18.135,31.87274,0.0,115.60242798000002,-0.5586070636757315,True,True,False,False,False
2026-08-20 02:20:00+08:00,116.25,116.25,False,0.0,18.135,31.87274,0.0,115.60242798000002,-0.5586070636757315,True,True,False,False,False
2026-08-20 02:21:00+08:00,116.25,116.25,False,0.0,18.145,31.87274,0.0,115.66617346000001,-0.5034806596623033,True,True,False,False,False
2026-08-20 02:22:00+08:00,116.25,116.25,False,0.0,18.125,31.87211,0.0,115.53639874999999,-0.6157404005139112,True,True,False,False,False
2026-08-20 02:23:00+08:00,116.25,116.25,False,0.0,18.145,31.87211,0.0,115.66388719,-0.5054572773555546,True,True,False,False,False
2026-08-20 02:24:00+08:00,116.25,116.25,False,0.0,18.135,31.87211,0.0,115.60014297000001,-0.5605836784703473,True,True,False,False,False
2026-08-20 02:25:00+08:00,116.25,116.25,False,0.0,18.145,31.87211,0.0,115.66388719,-0.5054572773555546,True,True,False,False,False
2026-08-20 02:26:00+08:00,116.25,116.25,False,0.0,18.145,31.87211,0.0,115.66388719,-0.5054572773555546,True,True,False,False,False
2026-08-20 02:27:00+08:00,116.25,116.25,False,0.0,18.145,31.87933,0.0,115.69008856999999,-0.48280694678706343,True,True,False,False,False
2026-08-20 02:28:00+08:00,116.25,116.25,False,0.0,18.155,31.87933,0.0,115.75384722999999,-0.42771081249195114,True,True,False,False,False
2026-08-20 02:29:00+08:00,116.25,116.25,False,0.0,18.155,31.87933,0.0,115.75384722999999,-0.42771081249195114,True,True,False,False,False
2026-08-20 02:30:00+08:00,116.25,116.25,False,0.0,18.195,31.87933,0.0,116.00888187000001,-0.20762877015394252,True,True,False,False,False
2026-08-20 02:31:00+08:00,116.25,116.25,False,0.0,18.195,31.87933,0.0,116.00888187000001,-0.20762877015394252,True,True,False,False,False
2026-08-20 02:32:00+08:00,116.25,116.25,False,0.0,18.205,31.88426,0.0,116.09059066,-0.13722039661444346,True,True,False,False,False
2026-08-20 02:33:00+08:00,116.25,116.25,False,0.0,18.205,31.88426,0.0,116.09059066,-0.13722039661444346,True,True,False,False,False
2026-08-20 02:34:00+08:00,116.25,116.25,False,0.0,18.235,31.88426,0.0,116.28189622,0.027433845006635826,True,True,False,False,False
2026-08-20 02:35:00+08:00,116.25,116.25,False,0.0,18.215,31.88426,0.0,116.15435918,-0.08230553018665615,True,True,False,False,False
2026-08-20 02:36:00+08:00,116.25,116.25,False,0.0,18.205,31.88426,0.0,116.09059066,-0.13722039661444346,True,True,False,False,False
2026-08-20 02:37:00+08:00,116.25,116.25,False,0.0,18.175,31.87165,0.0,115.85344775000002,-0.3417030240990765,True,True,False,False,False
2026-08-20 02:38:00+08:00,116.25,116.25,False,0.0,18.165,31.87165,0.0,115.78970445,-0.3967386108261335,True,True,False,False,False
2026-08-20 02:39:00+08:00,116.25,116.25,False,0.0,18.165,31.87165,0.0,115.78970445,-0.3967386108261335,True,True,False,False,False
2026-08-20 02:40:00+08:00,116.25,116.25,False,0.0,18.185,31.87165,0.0,115.91719105,-0.2866976582650096,True,True,False,False,False
2026-08-20 02:41:00+08:00,116.25,116.25,False,0.0,18.185,31.87165,0.0,115.91719105,-0.2866976582650096,True,True,False,False,False
2026-08-20 02:42:00+08:00,116.25,116.25,False,0.0,18.185,31.87831,0.0,115.94141347,-0.2658035673139739,True,True,False,False,False
2026-08-20 02:43:00+08:00,116.25,116.25,False,0.0,18.215,31.87831,0.0,116.13268332999999,-0.10096851307410894,True,True,False,False,False
2026-08-20 02:44:00+08:00,116.25,116.25,False,0.0,18.215,31.87831,0.0,116.13268332999999,-0.10096851307410894,True,True,False,False,False
2026-08-20 02:45:00+08:00,116.25,116.25,False,0.0,18.205,31.87831,0.0,116.06892670999999,-0.1558833733990564,True,True,False,False,False
2026-08-20 02:46:00+08:00,116.25,116.25,False,0.0,18.195,31.87831,0.0,116.00517009000001,-0.21082838320035682,True,True,False,False,False
2026-08-20 02:47:00+08:00,116.25,116.25,False,0.0,18.185,31.86356,0.0,115.88776771999999,-0.3120838832541306,True,True,False,False,False
2026-08-20 02:48:00+08:00,116.25,116.25,False,0.0,18.185,31.86356,0.0,115.88776771999999,-0.3120838832541306,True,True,False,False,False
2026-08-20 02:49:00+08:00,116.25,116.25,False,0.0,18.185,31.86356,0.0,115.88776771999999,-0.3120838832541306,True,True,False,False,False
2026-08-20 02:50:00+08:00,116.25,116.25,False,0.0,18.185,31.86356,0.0,115.88776771999999,-0.3120838832541306,True,True,False,False,False
2026-08-20 02:51:00+08:00,116.25,116.25,False,0.0,18.185,31.86356,0.0,115.88776771999999,-0.3120838832541306,True,True,False,False,False
2026-08-20 02:52:00+08:00,116.25,116.25,False,0.0,18.175,31.87206,0.0,115.8549381,-0.34041662640524556,True,True,False,False,False
2026-08-20 02:53:00+08:00,116.25,116.25,False,0.0,18.185,31.87206,0.0,115.91868222000001,-0.28541125946180773,True,True,False,False,False
2026-08-20 02:54:00+08:00,116.25,116.25,False,0.0,18.185,31.87206,0.0,115.91868222000001,-0.28541125946180773,True,True,False,False,False
2026-08-20 02:55:00+08:00,116.25,116.25,False,0.0,18.185,31.87206,0.0,115.91868222000001,-0.28541125946180773,True,True,False,False,False
2026-08-20 02:56:00+08:00,116.25,116.25,False,0.0,18.155,31.87206,0.0,115.72744986000001,-0.4505180484701038,True,True,False,False,False
2026-08-20 02:57:00+08:00,116.25,116.25,False,0.0,18.155,31.87338,0.0,115.73224278,-0.4463765965837369,True,True,False,False,False
2026-08-20 02:58:00+08:00,116.25,116.25,False,0.0,18.165,31.87338,0.0,115.79598954000001,-0.3913107577510879,True,True,False,False,False
2026-08-20 02:59:00+08:00,116.25,116.25,False,0.0,18.165,31.87338,0.0,115.79598954000001,-0.3913107577510879,True,True,False,False,False
2026-08-20 03:00:00+08:00,116.25,116.25,False,0.0,18.185,31.87338,0.0,115.92348306,-0.2812697950658076,True,True,False,False,False
2026-08-20 03:01:00+08:00,116.25,116.25,False,0.0,18.185,31.87338,0.0,115.92348306,-0.2812697950658076,True,True,False,False,False
2026-08-20 03:02:00+08:00,116.25,116.25,False,0.0,18.175,31.86796,0.0,115.84003460000001,-0.35328134678988077,True,True,False,False,False
2026-08-20 03:03:00+08:00,116.25,116.25,False,0.0,18.175,31.86796,0.0,115.84003460000001,-0.35328134678988077,True,True,False,False,False
2026-08-20 03:04:00+08:00,116.25,116.25,False,0.0,18.175,31.86796,0.0,115.84003460000001,-0.35328134678988077,True,True,False,False,False
2026-08-20 03:05:00+08:00,116.25,116.25,False,0.0,18.165,31.86796,0.0,115.77629868,-0.40831692156871463,True,True,False,False,False
2026-08-20 03:06:00+08:00,116.25,116.25,False,0.0,18.175,31.86796,0.0,115.84003460000001,-0.35328134678988077,True,True,False,False,False
2026-08-20 03:07:00+08:00,116.25,116.25,False,0.0,18.175,31.88067,0.0,115.88623545,-0.3134060904320563,True,True,False,False,False
2026-08-20 03:08:00+08:00,116.25,116.25,False,0.0,18.175,31.88067,0.0,115.88623545,-0.3134060904320563,True,True,False,False,False
2026-08-20 03:09:00+08:00,116.25,116.25,False,0.0,18.185,31.88067,0.0,115.94999678999997,-0.25840070124664904,True,True,False,False,False
2026-08-20 03:10:00+08:00,116.25,116.25,False,0.0,18.175,31.88067,0.0,115.88623545,-0.3134060904320563,True,True,False,False,False
2026-08-20 03:11:00+08:00,116.25,116.25,False,0.0,18.175,31.88067,0.0,115.88623545,-0.3134060904320563,True,True,False,False,False
2026-08-20 03:12:00+08:00,116.25,116.25,False,0.0,18.175,31.86194,0.0,115.8181519,-0.3721735158093412,True,True,False,False,False
2026-08-20 03:13:00+08:00,116.25,116.25,False,0.0,18.175,31.86194,0.0,115.8181519,-0.3721735158093412,True,True,False,False,False
2026-08-20 03:14:00+08:00,116.25,116.25,False,0.0,18.185,31.86194,0.0,115.88187578,-0.3171681775827147,True,True,False,False,False
2026-08-20 03:15:00+08:00,116.25,116.25,False,0.0,18.195,31.86194,0.0,115.94559966,-0.2621930307428125,True,True,False,False,False
2026-08-20 03:16:00+08:00,116.25,116.25,False,0.0,18.185,31.86194,0.0,115.88187578,-0.3171681775827147,True,True,False,False,False
2026-08-20 03:17:00+08:00,116.25,116.25,False,0.0,18.195,31.86923,0.0,115.97212797,-0.2393157210547092,True,True,False,False,False
2026-08-20 03:18:00+08:00,116.25,116.25,False,0.0,18.195,31.86923,0.0,115.97212797,-0.2393157210547092,True,True,False,False,False
2026-08-20 03:19:00+08:00,116.25,116.25,False,0.0,18.195,31.86923,0.0,115.97212797,-0.2393157210547092,True,True,False,False,False
2026-08-20 03:20:00+08:00,116.25,116.25,False,0.0,18.205,31.86923,0.0,116.03586642999998,-0.18437072671792995,True,True,False,False,False
2026-08-20 03:21:00+08:00,116.25,116.25,False,0.0,18.205,31.86923,0.0,116.03586642999998,-0.18437072671792995,True,True,False,False,False
2026-08-20 03:22:00+08:00,116.25,116.25,False,0.0,18.205,31.85398,0.0,115.98034117999998,-0.23223392656604447,True,True,False,False,False
2026-08-20 03:23:00+08:00,116.25,116.25,False,0.0,18.215,31.85398,0.0,116.04404914,-0.17731910116722632,True,True,False,False,False
2026-08-20 03:24:00+08:00,116.25,116.25,False,0.0,18.205,31.85398,0.0,115.98034117999998,-0.23223392656604447,True,True,False,False,False
2026-08-20 03:25:00+08:00,116.25,116.25,False,0.0,18.205,31.85398,0.0,115.98034117999998,-0.23223392656604447,True,True,False,False,False
2026-08-20 03:26:00+08:00,116.25,116.25,False,0.0,18.195,31.85398,0.0,115.91663322,-0.28717888990026313,True,True,False,False,False
2026-08-20 03:27:00+08:00,116.25,116.25,False,0.0,18.205,31.87365,0.0,116.05195965,-0.17050252206083738,True,True,False,False,False
2026-08-20 03:28:00+08:00,116.25,116.25,False,0.0,18.225,31.87365,0.0,116.17945425,-0.06070293477014757,True,True,False,False,False
2026-08-20 03:29:00+08:00,116.25,116.25,False,0.0,18.195,31.87365,0.0,115.98821235,-0.22544752420456038,True,True,False,False,False
2026-08-20 03:30:00+08:00,116.25,116.25,False,0.0,18.205,31.87365,0.0,116.05195965,-0.17050252206083738,True,True,False,False,False
2026-08-20 03:31:00+08:00,116.25,116.25,False,0.0,18.195,31.87365,0.0,115.98821235,-0.22544752420456038,True,True,False,False,False
2026-08-20 03:32:00+08:00,116.25,116.25,False,0.0,18.225,31.86152,0.0,116.1352404,-0.098766685700405,True,True,False,False,False
2026-08-20 03:33:00+08:00,116.25,116.25,False,0.0,18.215,31.86152,0.0,116.07151735999999,-0.15365140691935159,True,True,False,False,False
2026-08-20 03:34:00+08:00,116.25,116.25,False,0.0,18.215,31.86152,0.0,116.07151735999999,-0.15365140691935159,True,True,False,False,False
2026-08-20 03:35:00+08:00,116.25,116.25,False,0.0,18.185,31.86152,0.0,115.88034823999999,-0.31848637009567315,True,True,False,False,False
2026-08-20 03:36:00+08:00,116.25,116.25,False,0.0,18.175,31.86152,0.0,115.8166252,-0.37349170707033297,True,True,False,False,False
2026-08-20 03:37:00+08:00,116.25,116.25,False,0.0,18.175,31.86383,0.0,115.82502205,-0.36624186975920087,True,True,False,False,False
2026-08-20 03:38:00+08:00,116.25,116.25,False,0.0,18.195,31.86383,0.0,115.95247737,-0.25626137444340835,True,True,False,False,False
2026-08-20 03:39:00+08:00,116.25,116.25,False,0.0,18.185,31.86383,0.0,115.88874971,-0.31123652595811246,True,True,False,False,False
2026-08-20 03:40:00+08:00,116.25,116.25,False,0.0,18.195,31.86383,0.0,115.95247737,-0.25626137444340835,True,True,False,False,False
2026-08-20 03:41:00+08:00,116.25,116.25,False,0.0,18.205,31.86383,0.0,116.01620503,-0.2013163903632109,True,True,False,False,False
2026-08-20 03:42:00+08:00,116.25,116.25,False,0.0,18.195,31.87834,0.0,116.00527926,-0.21073427547457446,True,True,False,False,False
2026-08-20 03:43:00+08:00,116.25,116.25,False,0.0,18.205,31.87834,0.0,116.06903594,-0.15578926562585302,True,True,False,False,False
2026-08-20 03:44:00+08:00,116.25,116.25,False,0.0,18.195,31.87834,0.0,116.00527926,-0.21073427547457446,True,True,False,False,False
2026-08-20 03:45:00+08:00,116.25,116.25,False,0.0,18.195,31.87834,0.0,116.00527926,-0.21073427547457446,True,True,False,False,False
2026-08-20 03:46:00+08:00,116.25,116.25,False,0.0,18.195,31.87834,0.0,116.00527926,-0.21073427547457446,True,True,False,False,False
2026-08-20 03:47:00+08:00,116.25,116.25,False,0.0,18.185,31.86503,0.0,115.89311410999998,-0.30747058026533264,True,True,False,False,False
2026-08-20 03:48:00+08:00,116.25,116.25,False,0.0,18.175,31.86503,0.0,115.82938405,-0.362475927555357,True,True,False,False,False
2026-08-20 03:49:00+08:00,116.25,116.25,False,0.0,18.185,31.86503,0.0,115.89311410999998,-0.30747058026533264,True,True,False,False,False
2026-08-20 03:50:00+08:00,116.25,116.25,False,0.0,18.145,31.86503,0.0,115.63819387000001,-0.5276733755086975,True,True,False,False,False
2026-08-20 03:51:00+08:00,116.25,116.25,False,0.0,18.155,31.86503,0.0,115.70192393000002,-0.47257730025587646,True,True,False,False,False
2026-08-20 03:52:00+08:00,116.25,116.25,False,0.0,18.145,31.87561,0.0,115.67658868999999,-0.4944765610867068,True,True,False,False,False
2026-08-20 03:53:00+08:00,116.25,116.25,False,0.0,18.155,31.87561,0.0,115.74033991000002,-0.4393804416146845,True,True,False,False,False
2026-08-20 03:54:00+08:00,116.25,116.25,False,0.0,18.155,31.87561,0.0,115.74033991000002,-0.4393804416146845,True,True,False,False,False
2026-08-20 03:55:00+08:00,116.25,116.25,False,0.0,18.165,31.87561,0.0,115.80409113,-0.3843145947814315,True,True,False,False,False
2026-08-20 03:56:00+08:00,116.25,116.25,False,0.0,18.165,31.87561,0.0,115.80409113,-0.3843145947814315,True,True,False,False,False
2026-08-20 03:57:00+08:00,116.25,116.25,False,0.0,18.175,31.8517,0.0,115.7809295,-0.4043172184077302,True,True,False,False,False
2026-08-20 03:58:00+08:00,116.25,116.25,False,0.0,18.175,31.8517,0.0,115.7809295,-0.4043172184077302,True,True,False,False,False
2026-08-20 03:59:00+08:00,116.25,116.25,False,0.0,18.115,31.8517,0.0,115.39870909999999,-0.7349843677587836,True,True,False,False,False
2026-08-20 21:30:00+08:00,114.75,114.75,False,0.0,18.07,31.88816,0.0,115.24381023999999,0.4294117650250619,True,True,False,False,False
2026-08-20 21:31:00+08:00,115.25,115.25,False,0.0,18.17,31.88816,0.0,115.88157344000001,0.5465055514485672,True,True,False,False,False
2026-08-20 21:32:00+08:00,115.25,115.25,False,0.0,18.11,31.88816,0.0,115.49891552,0.21574577669330153,True,True,False,False,False
2026-08-20 21:33:00+08:00,114.75,114.75,False,0.0,18.05,31.88816,0.0,115.1162576,0.3186701726682632,True,True,False,False,False
2026-08-20 21:34:00+08:00,114.75,114.75,False,0.0,18.065,31.88816,0.0,115.21192208,0.4017378841000455,True,True,False,False,False
2026-08-20 21:35:00+08:00,115.25,115.25,False,0.0,18.085,31.88692,0.0,115.33498964,0.0737165416818269,True,True,False,False,False
2026-08-20 21:36:00+08:00,115.25,115.25,False,0.0,18.075,31.88692,0.0,115.27121580000001,0.018406809044781498,True,True,False,False,False
2026-08-20 21:37:00+08:00,115.25,115.25,False,0.0,18.085,31.88692,0.0,115.33498964,0.0737165416818269,True,True,False,False,False
2026-08-20 21:38:00+08:00,115.25,115.25,False,0.0,18.115,31.88692,0.0,115.52631116,0.2394623248903879,True,True,False,False,False
2026-08-20 21:39:00+08:00,115.25,115.25,False,0.0,18.105,31.88692,0.0,115.46253732,0.18424427425476644,True,True,False,False,False
2026-08-20 21:40:00+08:00,114.75,114.75,False,0.0,18.1,31.87934,0.0,115.40321080000001,0.5676312728633989,True,True,False,False,False
2026-08-20 21:41:00+08:00,115.25,115.25,False,0.0,18.105,31.87934,0.0,115.43509013999999,0.1604699635227024,True,True,False,False,False
2026-08-20 21:42:00+08:00,115.25,115.25,False,0.0,18.075,31.87934,0.0,115.24381409999998,-0.005367519318619084,True,True,False,False,False
2026-08-20 21:43:00+08:00,114.75,114.75,False,0.0,18.055,31.87934,0.0,115.11629673999998,0.3187041729865226,True,True,False,False,False
2026-08-20 21:44:00+08:00,114.75,114.75,False,0.0,18.065,31.87934,0.0,115.18005542,0.3740749935578841,True,True,False,False,False
2026-08-20 21:45:00+08:00,114.75,114.75,False,0.0,18.025,31.88715,0.0,114.95317574999999,0.17690286547985226,True,True,False,False,False
2026-08-20 21:46:00+08:00,114.75,114.75,False,0.0,17.994999999999997,31.88715,0.0,114.76185284999997,0.010328747603039872,True,True,False,False,False
2026-08-20 21:47:00+08:00,114.75,114.75,False,0.0,18.005000000000003,31.88715,0.0,114.82562715000002,0.06588430221349544,True,True,False,False,False
2026-08-20 21:48:00+08:00,114.75,114.75,False,0.0,17.985,31.88715,0.0,114.69807854999999,-0.04525768995593876,True,True,False,False,False
2026-08-20 21:49:00+08:00,114.25,114.25,False,0.0,18.005000000000003,31.88715,0.0,114.82562715000002,0.5025651634454266,True,True,False,False,False
2026-08-20 21:50:00+08:00,114.75,114.75,False,0.0,18.015,31.89292,0.0,114.91019076,0.1395024183075847,True,True,False,False,False
2026-08-20 21:51:00+08:00,114.25,114.25,False,0.0,17.994999999999997,31.89292,0.0,114.78261907999999,0.46510325222622373,True,True,False,False,False
2026-08-20 21:52:00+08:00,114.25,114.25,False,0.0,17.939999999999998,31.89292,0.0,114.43179696,0.15899556713016288,True,True,False,False,False
2026-08-20 21:53:00+08:00,114.25,114.25,False,0.0,17.925,31.89292,0.0,114.33611820000002,0.07534858256323947,True,True,False,False,False
2026-08-20 21:54:00+08:00,114.25,114.25,False,0.0,17.97,31.89292,0.0,114.62315448,0.3260797281776484,True,True,False,False,False
2026-08-20 21:55:00+08:00,114.75,114.75,False,0.0,18.025,31.89311,0.0,114.97466155,0.19559201740392626,True,True,False,False,False
2026-08-20 21:56:00+08:00,114.25,114.25,False,0.0,17.955,31.89311,0.0,114.52815801,0.24316832727348045,True,True,False,False,False
2026-08-20 21:57:00+08:00,114.25,114.25,False,0.0,17.935000000000002,31.89311,0.0,114.40058557000002,0.13171675867317417,True,True,False,False,False
2026-08-20 21:58:00+08:00,114.25,114.25,False,0.0,17.975,31.89311,0.0,114.65573045000001,0.3544956687649469,True,True,False,False,False
2026-08-20 21:59:00+08:00,114.5,114.5,False,0.0,17.955,31.89311,0.0,114.52815801,0.024589124974553615,True,True,False,False,False
2026-08-20 22:00:00+08:00,114.75,114.75,False,0.0,17.985,31.90103,0.0,114.74800490999999,-0.0017386556373687858,True,True,False,False,False
2026-08-20 22:01:00+08:00,114.75,114.75,False,0.0,17.985,31.90103,0.0,114.74800490999999,-0.0017386556373687858,True,True,False,False,False
2026-08-20 22:02:00+08:00,114.25,114.25,False,0.0,17.945,31.90103,0.0,114.49279667,0.21228792646990255,True,True,False,False,False
2026-08-20 22:03:00+08:00,114.75,114.75,False,0.0,17.985,31.90103,0.0,114.74800490999999,-0.0017386556373687858,True,True,False,False,False
2026-08-20 22:04:00+08:00,114.5,114.5,False,0.0,17.955,31.90103,0.0,114.55659872999998,0.049418991038709885,True,True,False,False,False
2026-08-20 22:05:00+08:00,114.75,114.75,False,0.0,17.965,31.90291,0.0,114.62715562999999,-0.10711125060611157,True,True,False,False,False
2026-08-20 22:06:00+08:00,114.75,114.75,False,0.0,17.985,31.90291,0.0,114.75476727,0.004154397363252732,True,True,False,False,False
2026-08-20 22:07:00+08:00,114.75,114.75,False,0.0,18.005000000000003,31.90291,0.0,114.88237891000001,0.11529637991678646,True,True,False,False,False
2026-08-20 22:08:00+08:00,114.75,114.75,False,0.0,17.985,31.90291,0.0,114.75476727,0.004154397363252732,True,True,False,False,False
2026-08-20 22:09:00+08:00,114.75,114.75,False,0.0,18.035,31.90291,0.0,115.07379637,0.28177793171487553,True,True,False,False,False
2026-08-20 22:10:00+08:00,114.75,114.75,False,0.0,18.045,31.90783,0.0,115.15535847000001,0.3526307283115411,True,True,False,False,False
2026-08-20 22:11:00+08:00,114.75,114.75,False,0.0,18.015,31.90783,0.0,114.96391149000002,0.18624165041857055,True,True,False,False,False
2026-08-20 22:12:00+08:00,114.75,114.75,False,0.0,18.045,31.90783,0.0,115.15535847000001,0.3526307283115411,True,True,False,False,False
2026-08-20 22:13:00+08:00,114.75,114.75,False,0.0,18.055,31.90783,0.0,115.21917413000001,0.4080321910751327,True,True,False,False,False
2026-08-20 22:14:00+08:00,114.75,114.75,False,0.0,18.045,31.90783,0.0,115.15535847000001,0.3526307283115411,True,True,False,False,False
2026-08-20 22:15:00+08:00,114.75,114.75,False,0.0,18.005000000000003,31.91143,0.0,114.91305943000002,0.1419988311613674,True,True,False,False,False
2026-08-20 22:16:00+08:00,114.75,114.75,False,0.0,17.975,31.91143,0.0,114.72159085000001,-0.024760494224801727,True,True,False,False,False
2026-08-20 22:17:00+08:00,114.75,114.75,False,0.0,18.005000000000003,31.91143,0.0,114.91305943000002,0.1419988311613674,True,True,False,False,False
2026-08-20 22:18:00+08:00,114.75,114.75,False,0.0,17.985,31.91143,0.0,114.78541370999999,0.030856859451525418,True,True,False,False,False
2026-08-20 22:19:00+08:00,114.75,114.75,False,0.0,17.975,31.91143,0.0,114.72159085000001,-0.024760494224801727,True,True,False,False,False
2026-08-20 22:20:00+08:00,114.75,114.75,False,0.0,18.035,31.91486,0.0,115.11690002,0.3192282316141036,True,True,False,False,False
2026-08-20 22:21:00+08:00,114.75,114.75,False,0.0,18.055,31.91486,0.0,115.24455946,0.4300618772558551,True,True,False,False,False
2026-08-20 22:22:00+08:00,114.75,114.75,False,0.0,18.095,31.91486,0.0,115.49987833999998,0.6513604657742039,True,True,False,False,False
2026-08-20 22:23:00+08:00,114.75,114.75,False,0.0,18.105,31.91486,0.0,115.56370806,0.7066084488449238,True,True,False,False,False
2026-08-20 22:24:00+08:00,115.25,115.25,False,0.0,18.105,31.91486,0.0,115.56370806,0.27182792793090765,True,True,False,False,False
2026-08-20 22:25:00+08:00,115.25,115.25,False,0.0,18.095,31.90648,0.0,115.46955111999998,0.19031860883413904,True,True,False,False,False
2026-08-20 22:26:00+08:00,115.25,115.25,False,0.0,18.055,31.90648,0.0,115.21429928,-0.030981562100097722,True,True,False,False,False
2026-08-20 22:27:00+08:00,114.75,114.75,False,0.0,18.065,31.90648,0.0,115.27811224,0.45917191151748654,True,True,False,False,False
2026-08-20 22:28:00+08:00,115.25,115.25,False,0.0,18.045,31.90648,0.0,115.15048632,-0.08638322044319646,True,True,False,False,False
2026-08-20 22:29:00+08:00,115.25,115.25,False,0.0,18.065,31.90648,0.0,115.27811224,0.02438942454942881,True,True,False,False,False
2026-08-20 22:30:00+08:00,115.25,115.25,False,0.0,18.065,31.90606,0.0,115.27659478000001,0.023073068879875626,True,True,False,False,False
2026-08-20 22:31:00+08:00,115.25,115.25,False,0.0,18.085,31.90606,0.0,115.40421902,0.13372312950115775,True,True,False,False,False
2026-08-20 22:32:00+08:00,115.25,115.25,False,0.0,18.085,31.90606,0.0,115.40421902,0.13372312950115775,True,True,False,False,False
2026-08-20 22:33:00+08:00,115.25,115.25,False,0.0,18.095,31.90606,0.0,115.46803114,0.1890022543298249,True,True,False,False,False
2026-08-20 22:34:00+08:00,115.25,115.25,False,0.0,18.045,31.90606,0.0,115.14897054000001,-0.0876995758819612,True,True,False,False,False
2026-08-20 22:35:00+08:00,115.25,115.25,False,0.0,18.065,31.90552,0.0,115.27464376,0.021380586125672767,True,True,False,False,False
2026-08-20 22:36:00+08:00,115.25,115.25,False,0.0,18.095,31.90552,0.0,115.46607687999999,0.18730977305268107,True,True,False,False,False
2026-08-20 22:37:00+08:00,115.25,115.25,False,0.0,18.095,31.90552,0.0,115.46607687999999,0.18730977305268107,True,True,False,False,False
2026-08-20 22:38:00+08:00,115.25,115.25,False,0.0,18.105,31.90552,0.0,115.52988792000001,0.24255832908371164,True,True,False,False,False
2026-08-20 22:39:00+08:00,115.75,115.75,False,0.0,18.145,31.90552,0.0,115.78513208,0.030347083558669583,True,True,False,False,False
2026-08-20 22:40:00+08:00,115.75,115.75,False,0.0,18.155,31.90214,0.0,115.83667034,0.07484916111342173,True,True,False,False,False
2026-08-20 22:41:00+08:00,115.75,115.75,False,0.0,18.145,31.90214,0.0,115.77286606,0.019752744417108704,True,True,False,False,False
2026-08-20 22:42:00+08:00,115.75,115.75,False,0.0,18.185,31.90214,0.0,116.02808318,0.23995640673586477,True,True,False,False,False
2026-08-20 22:43:00+08:00,115.75,115.75,False,0.0,18.185,31.90214,0.0,116.02808318,0.23995640673586477,True,True,False,False,False
2026-08-20 22:44:00+08:00,115.75,115.75,False,0.0,18.195,31.90214,0.0,116.09188746,0.2949315706023844,True,True,False,False,False
2026-08-20 22:45:00+08:00,115.75,115.75,False,0.0,18.175,31.90822,0.0,115.9863797,0.20400741593185467,True,True,False,False,False
2026-08-20 22:46:00+08:00,115.75,115.75,False,0.0,18.205,31.90822,0.0,116.17782901999999,0.36893288900065274,True,True,False,False,False
2026-08-20 22:47:00+08:00,115.75,115.75,False,0.0,18.165,31.90822,0.0,115.92256325999999,0.14897168449448767,True,True,False,False,False
2026-08-20 22:48:00+08:00,115.75,115.75,False,0.0,18.165,31.90822,0.0,115.92256325999999,0.14897168449448767,True,True,False,False,False
2026-08-20 22:49:00+08:00,115.75,115.75,False,0.0,18.155,31.90822,0.0,115.85874682000001,0.09390562445771748,True,True,False,False,False
2026-08-20 22:50:00+08:00,115.75,115.75,False,0.0,18.155,31.90211,0.0,115.83656141000002,0.0747551235037061,True,True,False,False,False
2026-08-20 22:51:00+08:00,115.75,115.75,False,0.0,18.135,31.90211,0.0,115.70895297000001,-0.03546808578651735,True,True,False,False,False
2026-08-20 22:52:00+08:00,115.75,115.75,False,0.0,18.175,31.90211,0.0,115.96416985,0.18485692967214506,True,True,False,False,False
2026-08-20 22:53:00+08:00,115.75,115.75,False,0.0,18.165,31.90211,0.0,115.90036562999998,0.12982118943870008,True,True,False,False,False
2026-08-20 22:54:00+08:00,115.75,115.75,False,0.0,18.145,31.90211,0.0,115.77275719,0.019658706795131348,True,True,False,False,False
2026-08-20 22:55:00+08:00,115.75,115.75,False,0.0,18.175,31.90338,0.0,115.96878629999999,0.18883777486796788,True,True,False,False,False
2026-08-20 22:56:00+08:00,115.75,115.75,False,0.0,18.165,31.90338,0.0,115.90497954,0.13380203637991642,True,True,False,False,False
2026-08-20 22:57:00+08:00,115.75,115.75,False,0.0,18.155,31.90338,0.0,115.84117278000001,0.07873597158784415,True,True,False,False,False
2026-08-20 22:58:00+08:00,115.75,115.75,False,0.0,18.145,31.90338,0.0,115.77736602,0.023639555418808134,True,True,False,False,False
2026-08-20 22:59:00+08:00,115.75,115.75,False,0.0,18.165,31.90338,0.0,115.90497954,0.13380203637991642,True,True,False,False,False
2026-08-20 23:00:00+08:00,115.75,115.75,False,0.0,18.165,31.89681,0.0,115.88111073,0.1132064942285166,True,True,False,False,False
2026-08-20 23:01:00+08:00,116.25,116.25,False,0.0,18.195,31.89681,0.0,116.07249159,-0.1528120749610987,True,True,False,False,False
2026-08-20 23:02:00+08:00,116.25,116.25,False,0.0,18.195,31.89681,0.0,116.07249159,-0.1528120749610987,True,True,False,False,False
2026-08-20 23:03:00+08:00,116.25,116.25,False,0.0,18.225,31.89681,0.0,116.26387245000001,0.011932578347978935,True,True,False,False,False
2026-08-20 23:04:00+08:00,116.25,116.25,False,0.0,18.215,31.89681,0.0,116.20007882999998,-0.042952164397008594,True,True,False,False,False
2026-08-20 23:05:00+08:00,115.75,115.75,False,0.0,18.165,31.88825,0.0,115.85001224999999,0.08636635985324032,True,True,False,False,False
2026-08-20 23:06:00+08:00,115.75,115.75,False,0.0,18.165,31.88825,0.0,115.85001224999999,0.08636635985324032,True,True,False,False,False
2026-08-20 23:07:00+08:00,115.75,115.75,False,0.0,18.155,31.88825,0.0,115.78623575000002,0.03130028427959983,True,True,False,False,False
2026-08-20 23:08:00+08:00,115.75,115.75,False,0.0,18.155,31.88825,0.0,115.78623575000002,0.03130028427959983,True,True,False,False,False
2026-08-20 23:09:00+08:00,115.75,115.75,False,0.0,18.155,31.88825,0.0,115.78623575000002,0.03130028427959983,True,True,False,False,False
2026-08-20 23:10:00+08:00,115.75,115.75,False,0.0,18.145,31.89149,0.0,115.73421721,-0.013636169403018051,True,True,False,False,False
2026-08-20 23:11:00+08:00,115.75,115.75,False,0.0,18.125,31.89149,0.0,115.60665125,-0.12392014599580375,True,True,False,False,False
2026-08-20 23:12:00+08:00,115.75,115.75,False,0.0,18.125,31.89149,0.0,115.60665125,-0.12392014599580375,True,True,False,False,False
2026-08-20 23:13:00+08:00,115.75,115.75,False,0.0,18.145,31.89149,0.0,115.73421721,-0.013636169403018051,True,True,False,False,False
2026-08-20 23:14:00+08:00,115.75,115.75,False,0.0,18.145,31.89149,0.0,115.73421721,-0.013636169403018051,True,True,False,False,False
2026-08-20 23:15:00+08:00,115.75,115.75,False,0.0,18.145,31.91937,0.0,115.83539373,0.07374707758950073,True,True,False,False,False
2026-08-20 23:16:00+08:00,115.75,115.75,False,0.0,18.125,31.91937,0.0,115.70771625,-0.03653691109120302,True,True,False,False,False
2026-08-20 23:17:00+08:00,115.75,115.75,False,0.0,18.135,31.91937,0.0,115.77155499,0.01862028786125725,True,True,False,False,False
2026-08-20 23:18:00+08:00,115.75,115.75,False,0.0,18.135,31.91937,0.0,115.77155499,0.01862028786125725,True,True,False,False,False
2026-08-20 23:19:00+08:00,115.75,115.75,False,0.0,18.125,31.91937,0.0,115.70771625,-0.03653691109120302,True,True,False,False,False
2026-08-20 23:20:00+08:00,115.75,115.75,False,0.0,18.095,31.91997,0.0,115.51837142999997,-0.20031149834090953,True,True,False,False,False
2026-08-20 23:21:00+08:00,115.75,115.75,False,0.0,18.095,31.91997,0.0,115.51837142999997,-0.20031149834090953,True,True,False,False,False
2026-08-20 23:22:00+08:00,115.75,115.75,False,0.0,18.095,31.91997,0.0,115.51837142999997,-0.20031149834090953,True,True,False,False,False
2026-08-20 23:23:00+08:00,115.75,115.75,False,0.0,18.095,31.91997,0.0,115.51837142999997,-0.20031149834090953,True,True,False,False,False
2026-08-20 23:24:00+08:00,115.75,115.75,False,0.0,18.095,31.91997,0.0,115.51837142999997,-0.20031149834090953,True,True,False,False,False
2026-08-20 23:25:00+08:00,115.75,115.75,False,0.0,18.055,31.92592,0.0,115.28449712000001,-0.4029726173387905,True,True,False,False,False
2026-08-20 23:26:00+08:00,115.75,115.75,False,0.0,18.055,31.92592,0.0,115.28449712000001,-0.4029726173387905,True,True,False,False,False
2026-08-20 23:27:00+08:00,115.75,115.75,False,0.0,18.075,31.92592,0.0,115.41220080000001,-0.29226162307760145,True,True,False,False,False
2026-08-20 23:28:00+08:00,115.75,115.75,False,0.0,18.065,31.92592,0.0,115.34834896000002,-0.3476018256361462,True,True,False,False,False
2026-08-20 23:29:00+08:00,115.75,115.75,False,0.0,18.075,31.92592,0.0,115.41220080000001,-0.29226162307760145,True,True,False,False,False
2026-08-20 23:30:00+08:00,115.75,115.75,False,0.0,18.065,31.93398,0.0,115.37746974,-0.32235913837422425,True,True,False,False,False
2026-08-20 23:31:00+08:00,115.75,115.75,False,0.0,18.055,31.93398,0.0,115.31360178,-0.3777299554219742,True,True,False,False,False
2026-08-20 23:32:00+08:00,115.75,115.75,False,0.0,18.065,31.93398,0.0,115.37746974,-0.32235913837422425,True,True,False,False,False
2026-08-20 23:33:00+08:00,115.25,115.25,False,0.0,18.045,31.93398,0.0,115.24973382,-0.00023095905195697126,True,True,False,False,False
2026-08-20 23:34:00+08:00,115.25,115.25,False,0.0,18.035,31.93398,0.0,115.18586585999999,-0.055663331539693224,True,True,False,False,False
2026-08-20 23:35:00+08:00,115.25,115.25,False,0.0,18.025,31.92193,0.0,115.07855765,-0.14886764520144743,True,True,False,False,False
2026-08-20 23:36:00+08:00,115.25,115.25,False,0.0,18.035,31.92193,0.0,115.14240150999998,-0.09340454745452607,True,True,False,False,False
2026-08-20 23:37:00+08:00,115.25,115.25,False,0.0,18.035,31.92193,0.0,115.14240150999998,-0.09340454745452607,True,True,False,False,False
2026-08-20 23:38:00+08:00,115.25,115.25,False,0.0,18.005000000000003,31.92193,0.0,114.95086993000002,-0.259886133437233,True,True,False,False,False
2026-08-20 23:39:00+08:00,115.25,115.25,False,0.0,17.994999999999997,31.92193,0.0,114.88702606999998,-0.3154415751332594,True,True,False,False,False
2026-08-20 23:40:00+08:00,115.25,115.25,False,0.0,18.015,31.91258,0.0,114.98102573999999,-0.2336559628620689,True,True,False,False,False
2026-08-20 23:41:00+08:00,115.25,115.25,False,0.0,18.015,31.91258,0.0,114.98102573999999,-0.2336559628620689,True,True,False,False,False
2026-08-20 23:42:00+08:00,115.25,115.25,False,0.0,18.035,31.91258,0.0,115.10867606,-0.12269903822784334,True,True,False,False,False
2026-08-20 23:43:00+08:00,115.25,115.25,False,0.0,18.025,31.91258,0.0,115.04485089999999,-0.1781621249439877,True,True,False,False,False
2026-08-20 23:44:00+08:00,115.25,115.25,False,0.0,17.975,31.91258,0.0,114.7257251,-0.45593933861673874,True,True,False,False,False
2026-08-20 23:45:00+08:00,115.25,115.25,False,0.0,17.955,31.91018,0.0,114.58945638,-0.5747869668712611,True,True,False,False,False
2026-08-20 23:46:00+08:00,115.25,115.25,False,0.0,17.965,31.91018,0.0,114.65327674,-0.5191080949010093,True,True,False,False,False
2026-08-20 23:47:00+08:00,115.25,115.25,False,0.0,17.994999999999997,31.91018,0.0,114.84473781999998,-0.35225679982047536,True,True,False,False,False
2026-08-20 23:48:00+08:00,115.25,115.25,False,0.0,18.005000000000003,31.91018,0.0,114.90855818000003,-0.2967013894247115,True,True,False,False,False
2026-08-20 23:49:00+08:00,115.25,115.25,False,0.0,17.985,31.91018,0.0,114.78091746,-0.4078430370835441,True,True,False,False,False
2026-08-20 23:50:00+08:00,115.25,115.25,False,0.0,17.994999999999997,31.92165,0.0,114.88601834999997,-0.3163187167394807,True,True,False,False,False
2026-08-20 23:51:00+08:00,115.25,115.25,False,0.0,18.025,31.92165,0.0,115.07754824999999,-0.14974478850686726,True,True,False,False,False
2026-08-20 23:52:00+08:00,115.25,115.25,False,0.0,18.025,31.92165,0.0,115.07754824999999,-0.14974478850686726,True,True,False,False,False
2026-08-20 23:53:00+08:00,115.25,115.25,False,0.0,18.015,31.92165,0.0,115.01370495,-0.20523864154040694,True,True,False,False,False
2026-08-20 23:54:00+08:00,115.25,115.25,False,0.0,18.035,31.92165,0.0,115.14139155000001,-0.09428169105564943,True,True,False,False,False
2026-08-20 23:55:00+08:00,115.25,115.25,False,0.0,18.025,31.90914,0.0,115.03244969999999,-0.18894214499057713,True,True,False,False,False
2026-08-20 23:56:00+08:00,115.25,115.25,False,0.0,18.025,31.90914,0.0,115.03244969999999,-0.18894214499057713,True,True,False,False,False
2026-08-20 23:57:00+08:00,115.25,115.25,False,0.0,18.025,31.90914,0.0,115.03244969999999,-0.18894214499057713,True,True,False,False,False
2026-08-20 23:58:00+08:00,115.25,115.25,False,0.0,18.035,31.90914,0.0,115.09626798,-0.13347906293264072,True,True,False,False,False
2026-08-20 23:59:00+08:00,115.25,115.25,False,0.0,18.035,31.90914,0.0,115.09626798,-0.13347906293264072,True,True,False,False,False
2026-08-21 00:00:00+08:00,115.25,115.25,False,0.0,18.035,31.89904,0.0,115.05983727999998,-0.1651364286005958,True,True,False,False,False
2026-08-21 00:01:00+08:00,115.25,115.25,False,0.0,18.035,31.89904,0.0,115.05983727999998,-0.1651364286005958,True,True,False,False,False
2026-08-21 00:02:00+08:00,115.25,115.25,False,0.0,18.045,31.89904,0.0,115.12363536000001,-0.10970408120054538,True,True,False,False,False
2026-08-21 00:03:00+08:00,115.25,115.25,False,0.0,18.045,31.89904,0.0,115.12363536000001,-0.10970408120054538,True,True,False,False,False
2026-08-21 00:04:00+08:00,115.25,115.25,False,0.0,18.025,31.89904,0.0,114.9960392,-0.22059949511609367,True,True,False,False,False
2026-08-21 00:05:00+08:00,115.25,115.25,False,0.0,18.015,31.89252,0.0,114.90874956,-0.2965348401069894,True,True,False,False,False
2026-08-21 00:06:00+08:00,115.25,115.25,False,0.0,18.005000000000003,31.89252,0.0,114.84496452000003,-0.35205940368569927,True,True,False,False,False
2026-08-21 00:07:00+08:00,115.25,115.25,False,0.0,18.005000000000003,31.89252,0.0,114.84496452000003,-0.35205940368569927,True,True,False,False,False
2026-08-21 00:08:00+08:00,115.25,115.25,False,0.0,18.015,31.89252,0.0,114.90874956,-0.2965348401069894,True,True,False,False,False
2026-08-21 00:09:00+08:00,115.25,115.25,False,0.0,18.035,31.89252,0.0,115.03631964000002,-0.18557798859613028,True,True,False,False,False
2026-08-21 00:10:00+08:00,115.25,115.25,False,0.0,18.025,31.89824,0.0,114.9931552,-0.2231074359425701,True,True,False,False,False
2026-08-21 00:11:00+08:00,115.25,115.25,False,0.0,18.035,31.89824,0.0,115.05695168,-0.1676443707771649,True,True,False,False,False
2026-08-21 00:12:00+08:00,115.25,115.25,False,0.0,18.035,31.89824,0.0,115.05695168,-0.1676443707771649,True,True,False,False,False
2026-08-21 00:13:00+08:00,115.25,115.25,False,0.0,18.025,31.89824,0.0,114.9931552,-0.2231074359425701,True,True,False,False,False
2026-08-21 00:14:00+08:00,115.25,115.25,False,0.0,18.015,31.89824,0.0,114.92935872000001,-0.27860124537928815,True,True,False,False,False
2026-08-21 00:15:00+08:00,115.25,115.25,False,0.0,18.015,31.90129,0.0,114.94034787000001,-0.2690400643339444,True,True,False,False,False
2026-08-21 00:16:00+08:00,115.25,115.25,False,0.0,18.005000000000003,31.90129,0.0,114.87654529000001,-0.3245646516175449,True,True,False,False,False
2026-08-21 00:17:00+08:00,115.25,115.25,False,0.0,18.015,31.90129,0.0,114.94034787000001,-0.2690400643339444,True,True,False,False,False
2026-08-21 00:18:00+08:00,115.25,115.25,False,0.0,18.025,31.90129,0.0,115.00415045,-0.21354624836905098,True,True,False,False,False
2026-08-21 00:19:00+08:00,115.25,115.25,False,0.0,18.025,31.90129,0.0,115.00415045,-0.21354624836905098,True,True,False,False,False
2026-08-21 00:20:00+08:00,115.25,115.25,False,0.0,18.015,31.90836,0.0,114.96582108,-0.2468804434611382,True,True,False,False,False
2026-08-21 00:21:00+08:00,115.25,115.25,False,0.0,18.035,31.90836,0.0,115.09345452,-0.13592353238447513,True,True,False,False,False
2026-08-21 00:22:00+08:00,115.25,115.25,False,0.0,18.035,31.90836,0.0,115.09345452,-0.13592353238447513,True,True,False,False,False
2026-08-21 00:23:00+08:00,115.25,115.25,False,0.0,18.045,31.90836,0.0,115.15727124,-0.08049117504057461,True,True,False,False,False
2026-08-21 00:24:00+08:00,115.25,115.25,False,0.0,18.045,31.90836,0.0,115.15727124,-0.08049117504057461,True,True,False,False,False
2026-08-21 00:25:00+08:00,115.25,115.25,False,0.0,18.045,31.91523,0.0,115.18206507000002,-0.05896308743259445,True,True,False,False,False
2026-08-21 00:26:00+08:00,115.25,115.25,False,0.0,18.035,31.91523,0.0,115.11823461000002,-0.11439545059070765,True,True,False,False,False
2026-08-21 00:27:00+08:00,115.25,115.25,False,0.0,18.035,31.91523,0.0,115.11823461000002,-0.11439545059070765,True,True,False,False,False
2026-08-21 00:28:00+08:00,115.25,115.25,False,0.0,18.035,31.91523,0.0,115.11823461000002,-0.11439545059070765,True,True,False,False,False
2026-08-21 00:29:00+08:00,115.25,115.25,False,0.0,18.035,31.91523,0.0,115.11823461000002,-0.11439545059070765,True,True,False,False,False
2026-08-21 00:30:00+08:00,115.25,115.25,False,0.0,18.015,31.91363,0.0,114.98480889,-0.23036578289662937,True,True,False,False,False
2026-08-21 00:31:00+08:00,115.25,115.25,False,0.0,18.015,31.91363,0.0,114.98480889,-0.23036578289662937,True,True,False,False,False
2026-08-21 00:32:00+08:00,115.25,115.25,False,0.0,18.005000000000003,31.91363,0.0,114.92098163000003,-0.2858903999713298,True,True,False,False,False
2026-08-21 00:33:00+08:00,115.25,115.25,False,0.0,18.015,31.91363,0.0,114.98480889,-0.23036578289662937,True,True,False,False,False
2026-08-21 00:34:00+08:00,115.25,115.25,False,0.0,18.025,31.91363,0.0,115.04863615,-0.17487194311376908,True,True,False,False,False
2026-08-21 00:35:00+08:00,115.25,115.25,False,0.0,18.025,31.92041,0.0,115.07307805,-0.15362937270366464,True,True,False,False,False
2026-08-21 00:36:00+08:00,115.25,115.25,False,0.0,18.035,31.92041,0.0,115.13691887,-0.09816627658778293,True,True,False,False,False
2026-08-21 00:37:00+08:00,115.25,115.25,False,0.0,18.035,31.92041,0.0,115.13691887,-0.09816627658778293,True,True,False,False,False
2026-08-21 00:38:00+08:00,115.25,115.25,False,0.0,18.035,31.92041,0.0,115.13691887,-0.09816627658778293,True,True,False,False,False
2026-08-21 00:39:00+08:00,115.25,115.25,False,0.0,18.045,31.92041,0.0,115.20075969000001,-0.04273390989574102,True,True,False,False,False
2026-08-21 00:40:00+08:00,115.25,115.25,False,0.0,18.055,31.91911,0.0,115.25990621000001,0.008595040588829476,True,True,False,False,False
2026-08-21 00:41:00+08:00,115.25,115.25,False,0.0,18.055,31.91911,0.0,115.25990621000001,0.008595040588829476,True,True,False,False,False
2026-08-21 00:42:00+08:00,115.25,115.25,False,0.0,18.055,31.91911,0.0,115.25990621000001,0.008595040588829476,True,True,False,False,False
2026-08-21 00:43:00+08:00,115.25,115.25,False,0.0,18.055,31.91911,0.0,115.25990621000001,0.008595040588829476,True,True,False,False,False
2026-08-21 00:44:00+08:00,115.75,115.75,False,0.0,18.055,31.91911,0.0,115.25990621000001,-0.4243054317804607,True,True,False,False,False
2026-08-21 00:45:00+08:00,115.75,115.75,False,0.0,18.045,31.92026,0.0,115.20021834000002,-0.4761040400408737,True,True,False,False,False
2026-08-21 00:46:00+08:00,115.75,115.75,False,0.0,18.055,31.92026,0.0,115.26405886,-0.4207026554124016,True,True,False,False,False
2026-08-21 00:47:00+08:00,115.75,115.75,False,0.0,18.065,31.92026,0.0,115.32789938,-0.3653318825664623,True,True,False,False,False
2026-08-21 00:48:00+08:00,115.75,115.75,False,0.0,18.035,31.92026,0.0,115.13637782,-0.5315360618445627,True,True,False,False,False
2026-08-21 00:49:00+08:00,115.75,115.75,False,0.0,18.045,31.92026,0.0,115.20021834000002,-0.4761040400408737,True,True,False,False,False
2026-08-21 00:50:00+08:00,115.75,115.75,False,0.0,18.035,31.91509,0.0,115.11772963000001,-0.5477338656323203,True,True,False,False,False
2026-08-21 00:51:00+08:00,115.75,115.75,False,0.0,18.035,31.91509,0.0,115.11772963000001,-0.5477338656323203,True,True,False,False,False
2026-08-21 00:52:00+08:00,115.75,115.75,False,0.0,18.035,31.91509,0.0,115.11772963000001,-0.5477338656323203,True,True,False,False,False
2026-08-21 00:53:00+08:00,115.75,115.75,False,0.0,18.035,31.91509,0.0,115.11772963000001,-0.5477338656323203,True,True,False,False,False
2026-08-21 00:54:00+08:00,115.75,115.75,False,0.0,18.035,31.91509,0.0,115.11772963000001,-0.5477338656323203,True,True,False,False,False
2026-08-21 00:55:00+08:00,115.75,115.75,False,0.0,18.035,31.9074,0.0,115.0899918,-0.5718317652444077,True,True,False,False,False
2026-08-21 00:56:00+08:00,115.75,115.75,False,0.0,18.035,31.9074,0.0,115.0899918,-0.5718317652444077,True,True,False,False,False
2026-08-21 00:57:00+08:00,115.75,115.75,False,0.0,18.035,31.9074,0.0,115.0899918,-0.5718317652444077,True,True,False,False,False
2026-08-21 00:58:00+08:00,115.75,115.75,False,0.0,18.045,31.9074,0.0,115.15380660000001,-0.5163998019597742,True,True,False,False,False
2026-08-21 00:59:00+08:00,115.75,115.75,False,0.0,18.045,31.9074,0.0,115.15380660000001,-0.5163998019597742,True,True,False,False,False
2026-08-21 01:00:00+08:00,115.75,115.75,False,0.0,18.045,31.9053,0.0,115.14622770000001,-0.5229815194594352,True,True,False,False,False
2026-08-21 01:01:00+08:00,115.75,115.75,False,0.0,18.035,31.9053,0.0,115.0824171,-0.5784134727582847,True,True,False,False,False
2026-08-21 01:02:00+08:00,115.75,115.75,False,0.0,18.035,31.9053,0.0,115.0824171,-0.5784134727582847,True,True,False,False,False
2026-08-21 01:03:00+08:00,115.75,115.75,False,0.0,18.025,31.9053,0.0,115.01860649999999,-0.6338760814071216,True,True,False,False,False
2026-08-21 01:04:00+08:00,115.75,115.75,False,0.0,18.035,31.9053,0.0,115.0824171,-0.5784134727582847,True,True,False,False,False
2026-08-21 01:05:00+08:00,115.75,115.75,False,0.0,18.035,31.91175,0.0,115.10568225,-0.5581996022105702,True,True,False,False,False
2026-08-21 01:06:00+08:00,115.75,115.75,False,0.0,18.025,31.91175,0.0,115.04185875,-0.6136622442709947,True,True,False,False,False
2026-08-21 01:07:00+08:00,115.75,115.75,False,0.0,18.025,31.91175,0.0,115.04185875,-0.6136622442709947,True,True,False,False,False
2026-08-21 01:08:00+08:00,115.25,115.25,False,0.0,18.015,31.91175,0.0,114.97803525000002,-0.23625684830664503,True,True,False,False,False
2026-08-21 01:09:00+08:00,115.25,115.25,False,0.0,18.025,31.91175,0.0,115.04185875,-0.18076301188393362,True,True,False,False,False
2026-08-21 01:10:00+08:00,115.25,115.25,False,0.0,18.025,31.90719,0.0,115.02541994999999,-0.19505342780291332,True,True,False,False,False
2026-08-21 01:11:00+08:00,115.25,115.25,False,0.0,18.025,31.90719,0.0,115.02541994999999,-0.19505342780291332,True,True,False,False,False
2026-08-21 01:12:00+08:00,115.25,115.25,False,0.0,18.025,31.90719,0.0,115.02541994999999,-0.19505342780291332,True,True,False,False,False
2026-08-21 01:13:00+08:00,115.5,115.5,False,0.0,18.025,31.90719,0.0,115.02541994999999,-0.411737716476516,True,True,False,False,False
2026-08-21 01:14:00+08:00,115.25,115.25,False,0.0,18.055,31.90719,0.0,115.21686308999999,-0.028756333605382513,True,True,False,False,False
2026-08-21 01:15:00+08:00,115.25,115.25,False,0.0,18.025,31.90824,0.0,115.02920519999998,-0.19176269069389815,True,True,False,False,False
2026-08-21 01:16:00+08:00,115.25,115.25,False,0.0,18.005000000000003,31.90824,0.0,114.90157224000002,-0.30278112515924177,True,True,False,False,False
2026-08-21 01:17:00+08:00,115.25,115.25,False,0.0,18.005000000000003,31.90824,0.0,114.90157224000002,-0.30278112515924177,True,True,False,False,False
2026-08-21 01:18:00+08:00,115.25,115.25,False,0.0,18.005000000000003,31.90824,0.0,114.90157224000002,-0.30278112515924177,True,True,False,False,False
2026-08-21 01:19:00+08:00,115.25,115.25,False,0.0,17.994999999999997,31.90824,0.0,114.83775575999998,-0.3583365300238096,True,True,False,False,False
2026-08-21 01:20:00+08:00,115.25,115.25,False,0.0,17.994999999999997,31.90799,0.0,114.83685600999999,-0.359120027249234,True,True,False,False,False
2026-08-21 01:21:00+08:00,115.25,115.25,False,0.0,17.994999999999997,31.90799,0.0,114.83685600999999,-0.359120027249234,True,True,False,False,False
2026-08-21 01:22:00+08:00,115.25,115.25,False,0.0,17.994999999999997,31.90799,0.0,114.83685600999999,-0.359120027249234,True,True,False,False,False
2026-08-21 01:23:00+08:00,115.25,115.25,False,0.0,17.994999999999997,31.90799,0.0,114.83685600999999,-0.359120027249234,True,True,False,False,False
2026-08-21 01:24:00+08:00,115.25,115.25,False,0.0,17.985,31.90799,0.0,114.77304002999999,-0.4147062571973695,True,True,False,False,False
2026-08-21 01:25:00+08:00,115.25,115.25,False,0.0,17.985,31.90378,0.0,114.75789666,-0.4279012565620145,True,True,False,False,False
2026-08-21 01:26:00+08:00,115.25,115.25,False,0.0,17.985,31.90378,0.0,114.75789666,-0.4279012565620145,True,True,False,False,False
2026-08-21 01:27:00+08:00,115.25,115.25,False,0.0,17.975,31.90378,0.0,114.69408910000001,-0.4835183214979074,True,True,False,False,False
2026-08-21 01:28:00+08:00,115.25,115.25,False,0.0,17.985,31.90378,0.0,114.75789666,-0.4279012565620145,True,True,False,False,False
2026-08-21 01:29:00+08:00,115.25,115.25,False,0.0,17.985,31.90378,0.0,114.75789666,-0.4279012565620145,True,True,False,False,False
2026-08-21 01:30:00+08:00,115.25,115.25,False,0.0,17.985,31.90958,0.0,114.77875925999999,-0.40972332461035693,True,True,False,False,False
2026-08-21 01:31:00+08:00,115.25,115.25,False,0.0,17.985,31.90958,0.0,114.77875925999999,-0.40972332461035693,True,True,False,False,False
2026-08-21 01:32:00+08:00,115.25,115.25,False,0.0,17.975,31.90958,0.0,114.7149401,-0.4653404121231027,True,True,False,False,False
2026-08-21 01:33:00+08:00,115.25,115.25,False,0.0,17.975,31.90958,0.0,114.7149401,-0.4653404121231027,True,True,False,False,False
2026-08-21 01:34:00+08:00,115.25,115.25,False,0.0,17.965,31.90958,0.0,114.65112093999998,-0.5209883775697747,True,True,False,False,False
2026-08-21 01:35:00+08:00,115.25,115.25,False,0.0,17.975,31.90514,0.0,114.6989783,-0.4792556192888349,True,True,False,False,False
2026-08-21 01:36:00+08:00,115.25,115.25,False,0.0,17.985,31.90514,0.0,114.76278857999998,-0.4236385489762168,True,True,False,False,False
2026-08-21 01:37:00+08:00,115.25,115.25,False,0.0,17.985,31.90514,0.0,114.76278857999998,-0.4236385489762168,True,True,False,False,False
2026-08-21 01:38:00+08:00,115.25,115.25,False,0.0,17.994999999999997,31.90514,0.0,114.82659885999999,-0.36805232874434707,True,True,False,False,False
2026-08-21 01:39:00+08:00,115.25,115.25,False,0.0,17.994999999999997,31.90514,0.0,114.82659885999999,-0.36805232874434707,True,True,False,False,False
2026-08-21 01:40:00+08:00,115.25,115.25,False,0.0,17.985,31.90799,0.0,114.77304002999999,-0.4147062571973695,True,True,False,False,False
2026-08-21 01:41:00+08:00,115.25,115.25,False,0.0,17.985,31.90799,0.0,114.77304002999999,-0.4147062571973695,True,True,False,False,False
2026-08-21 01:42:00+08:00,115.25,115.25,False,0.0,17.985,31.90799,0.0,114.77304002999999,-0.4147062571973695,True,True,False,False,False
2026-08-21 01:43:00+08:00,115.25,115.25,False,0.0,17.985,31.90799,0.0,114.77304002999999,-0.4147062571973695,True,True,False,False,False
2026-08-21 01:44:00+08:00,115.25,115.25,False,0.0,17.985,31.90799,0.0,114.77304002999999,-0.4147062571973695,True,True,False,False,False
2026-08-21 01:45:00+08:00,115.25,115.25,False,0.0,17.994999999999997,31.9179,0.0,114.8725221,-0.3280668893729306,True,True,False,False,False
2026-08-21 01:46:00+08:00,115.25,115.25,False,0.0,17.994999999999997,31.9179,0.0,114.8725221,-0.3280668893729306,True,True,False,False,False
2026-08-21 01:47:00+08:00,115.25,115.25,False,0.0,17.994999999999997,31.9179,0.0,114.8725221,-0.3280668893729306,True,True,False,False,False
2026-08-21 01:48:00+08:00,115.25,115.25,False,0.0,17.994999999999997,31.9179,0.0,114.8725221,-0.3280668893729306,True,True,False,False,False
2026-08-21 01:49:00+08:00,115.25,115.25,False,0.0,17.994999999999997,31.9179,0.0,114.8725221,-0.3280668893729306,True,True,False,False,False
2026-08-21 01:50:00+08:00,115.25,115.25,False,0.0,17.994999999999997,31.91914,0.0,114.87698485999996,-0.3241820077962284,True,True,False,False,False
2026-08-21 01:51:00+08:00,115.25,115.25,False,0.0,17.994999999999997,31.91914,0.0,114.87698485999996,-0.3241820077962284,True,True,False,False,False
2026-08-21 01:52:00+08:00,115.25,115.25,False,0.0,17.994999999999997,31.91914,0.0,114.87698485999996,-0.3241820077962284,True,True,False,False,False
2026-08-21 01:53:00+08:00,115.25,115.25,False,0.0,17.994999999999997,31.91914,0.0,114.87698485999996,-0.3241820077962284,True,True,False,False,False
2026-08-21 01:54:00+08:00,115.25,115.25,False,0.0,17.994999999999997,31.91914,0.0,114.87698485999996,-0.3241820077962284,True,True,False,False,False
2026-08-21 01:55:00+08:00,115.25,115.25,False,0.0,17.985,31.91723,0.0,114.80627631,-0.38575230123440124,True,True,False,False,False
2026-08-21 01:56:00+08:00,115.25,115.25,False,0.0,17.994999999999997,31.91723,0.0,114.87011076999997,-0.3301660413154614,True,True,False,False,False
2026-08-21 01:57:00+08:00,115.25,115.25,False,0.0,17.994999999999997,31.91723,0.0,114.87011076999997,-0.3301660413154614,True,True,False,False,False
2026-08-21 01:58:00+08:00,115.25,115.25,False,0.0,17.994999999999997,31.91723,0.0,114.87011076999997,-0.3301660413154614,True,True,False,False,False
2026-08-21 01:59:00+08:00,115.25,115.25,False,0.0,17.994999999999997,31.91723,0.0,114.87011076999997,-0.3301660413154614,True,True,False,False,False
2026-08-21 02:00:00+08:00,115.25,115.25,False,0.0,17.994999999999997,31.90576,0.0,114.82883023999997,-0.3661090936186484,True,True,False,False,False
2026-08-21 02:01:00+08:00,115.25,115.25,False,0.0,17.985,31.90576,0.0,114.76501871999999,-0.42169531598315946,True,True,False,False,False
2026-08-21 02:02:00+08:00,115.25,115.25,False,0.0,17.985,31.90576,0.0,114.76501871999999,-0.42169531598315946,True,True,False,False,False
2026-08-21 02:03:00+08:00,115.25,115.25,False,0.0,17.985,31.90576,0.0,114.76501871999999,-0.42169531598315946,True,True,False,False,False
2026-08-21 02:04:00+08:00,115.25,115.25,False,0.0,17.985,31.90576,0.0,114.76501871999999,-0.42169531598315946,True,True,False,False,False
2026-08-21 02:05:00+08:00,115.25,115.25,False,0.0,17.965,31.90113,0.0,114.62076009,-0.5474727710071805,True,True,False,False,False
2026-08-21 02:06:00+08:00,115.25,115.25,False,0.0,17.955,31.90113,0.0,114.55695782999999,-0.603151598667166,True,True,False,False,False
2026-08-21 02:07:00+08:00,115.25,115.25,False,0.0,17.945,31.90113,0.0,114.49315557,-0.6588613516013099,True,True,False,False,False
2026-08-21 02:08:00+08:00,115.25,115.25,False,0.0,17.935000000000002,31.90113,0.0,114.42935331000001,-0.7146020555816842,True,True,False,False,False
2026-08-21 02:09:00+08:00,115.25,115.25,False,0.0,17.945,31.90113,0.0,114.49315557,-0.6588613516013099,True,True,False,False,False
2026-08-21 02:10:00+08:00,115.25,115.25,False,0.0,17.935000000000002,31.90302,0.0,114.43613274000002,-0.7086777510606282,True,True,False,False,False
2026-08-21 02:11:00+08:00,115.25,115.25,False,0.0,17.955,31.90302,0.0,114.56374481999998,-0.5972272724919235,True,True,False,False,False
2026-08-21 02:12:00+08:00,115.25,115.25,False,0.0,17.955,31.90302,0.0,114.56374481999998,-0.5972272724919235,True,True,False,False,False
2026-08-21 02:13:00+08:00,115.25,115.25,False,0.0,17.965,31.90302,0.0,114.62755086,-0.5415484353920966,True,True,False,False,False
2026-08-21 02:14:00+08:00,115.25,115.25,False,0.0,17.965,31.90302,0.0,114.62755086,-0.5415484353920966,True,True,False,False,False
2026-08-21 02:15:00+08:00,115.25,115.25,False,0.0,17.965,31.9082,0.0,114.6461626,-0.5253131615342616,True,True,False,False,False
2026-08-21 02:16:00+08:00,115.25,115.25,False,0.0,17.945,31.9082,0.0,114.51852980000001,-0.6367018152021876,True,True,False,False,False
2026-08-21 02:17:00+08:00,115.25,115.25,False,0.0,17.965,31.9082,0.0,114.6461626,-0.5253131615342616,True,True,False,False,False
2026-08-21 02:18:00+08:00,115.25,115.25,False,0.0,17.975,31.9082,0.0,114.70997900000002,-0.46966520204803247,True,True,False,False,False
2026-08-21 02:19:00+08:00,115.25,115.25,False,0.0,17.975,31.9082,0.0,114.70997900000002,-0.46966520204803247,True,True,False,False,False
2026-08-21 02:20:00+08:00,115.25,115.25,False,0.0,17.975,31.90907,0.0,114.71310665000001,-0.4669386823140532,True,True,False,False,False
2026-08-21 02:21:00+08:00,115.25,115.25,False,0.0,17.985,31.90907,0.0,114.77692479,-0.41132159674950425,True,True,False,False,False
2026-08-21 02:22:00+08:00,115.25,115.25,False,0.0,17.985,31.90907,0.0,114.77692479,-0.41132159674950425,True,True,False,False,False
2026-08-21 02:23:00+08:00,115.25,115.25,False,0.0,17.985,31.90907,0.0,114.77692479,-0.41132159674950425,True,True,False,False,False
2026-08-21 02:24:00+08:00,115.25,115.25,False,0.0,17.985,31.90907,0.0,114.77692479,-0.41132159674950425,True,True,False,False,False
2026-08-21 02:25:00+08:00,115.25,115.25,False,0.0,17.985,31.90534,0.0,114.76350797999999,-0.4230116955064356,True,True,False,False,False
2026-08-21 02:26:00+08:00,115.25,115.25,False,0.0,17.985,31.90534,0.0,114.76350797999999,-0.4230116955064356,True,True,False,False,False
2026-08-21 02:27:00+08:00,115.25,115.25,False,0.0,17.985,31.90534,0.0,114.76350797999999,-0.4230116955064356,True,True,False,False,False
2026-08-21 02:28:00+08:00,115.25,115.25,False,0.0,17.985,31.90534,0.0,114.76350797999999,-0.4230116955064356,True,True,False,False,False
2026-08-21 02:29:00+08:00,115.25,115.25,False,0.0,17.985,31.90534,0.0,114.76350797999999,-0.4230116955064356,True,True,False,False,False
2026-08-21 02:30:00+08:00,115.25,115.25,False,0.0,17.985,31.90516,0.0,114.76286051999998,-0.423575863452789,True,True,False,False,False
2026-08-21 02:31:00+08:00,115.25,115.25,False,0.0,17.975,31.90516,0.0,114.69905020000002,-0.4791929338440761,True,True,False,False,False
2026-08-21 02:32:00+08:00,115.25,115.25,False,0.0,17.975,31.90516,0.0,114.69905020000002,-0.4791929338440761,True,True,False,False,False
2026-08-21 02:33:00+08:00,115.25,115.25,False,0.0,17.965,31.90516,0.0,114.63523988,-0.534840880015528,True,True,False,False,False
2026-08-21 02:34:00+08:00,115.25,115.25,False,0.0,17.965,31.90516,0.0,114.63523988,-0.534840880015528,True,True,False,False,False
2026-08-21 02:35:00+08:00,115.25,115.25,False,0.0,17.965,31.90195,0.0,114.62370634999999,-0.5449023813505917,True,True,False,False,False
2026-08-21 02:36:00+08:00,115.25,115.25,False,0.0,17.975,31.90195,0.0,114.68751025000002,-0.4892544495140572,True,True,False,False,False
2026-08-21 02:37:00+08:00,115.25,115.25,False,0.0,17.985,31.90195,0.0,114.75131414999998,-0.43363739189315004,True,True,False,False,False
2026-08-21 02:38:00+08:00,115.25,115.25,False,0.0,17.985,31.90195,0.0,114.75131414999998,-0.43363739189315004,True,True,False,False,False
2026-08-21 02:39:00+08:00,115.25,115.25,False,0.0,17.985,31.90195,0.0,114.75131414999998,-0.43363739189315004,True,True,False,False,False
2026-08-21 02:40:00+08:00,115.25,115.25,False,0.0,17.975,31.90434,0.0,114.6961023,-0.4817630692233683,True,True,False,False,False
2026-08-21 02:41:00+08:00,115.25,115.25,False,0.0,17.965,31.90434,0.0,114.63229362,-0.5374110117598551,True,True,False,False,False
2026-08-21 02:42:00+08:00,115.25,115.25,False,0.0,17.965,31.90434,0.0,114.63229362,-0.5374110117598551,True,True,False,False,False
2026-08-21 02:43:00+08:00,115.25,115.25,False,0.0,17.975,31.90434,0.0,114.6961023,-0.4817630692233683,True,True,False,False,False
2026-08-21 02:44:00+08:00,115.25,115.25,False,0.0,17.975,31.90434,0.0,114.6961023,-0.4817630692233683,True,True,False,False,False
2026-08-21 02:45:00+08:00,115.25,115.25,False,0.0,17.985,31.90339,0.0,114.75649383,-0.42912368410324847,True,True,False,False,False
2026-08-21 02:46:00+08:00,115.25,115.25,False,0.0,17.985,31.90339,0.0,114.75649383,-0.42912368410324847,True,True,False,False,False
2026-08-21 02:47:00+08:00,115.25,115.25,False,0.0,17.994999999999997,31.90339,0.0,114.82030060999998,-0.3735374699478684,True,True,False,False,False
2026-08-21 02:48:00+08:00,115.25,115.25,False,0.0,18.005000000000003,31.90339,0.0,114.88410739000003,-0.31798207936202133,True,True,False,False,False
2026-08-21 02:49:00+08:00,115.25,115.25,False,0.0,18.005000000000003,31.90339,0.0,114.88410739000003,-0.31798207936202133,True,True,False,False,False
2026-08-21 02:50:00+08:00,115.25,115.25,False,0.0,18.005000000000003,31.90597,0.0,114.89339797000002,-0.3098955113598007,True,True,False,False,False
2026-08-21 02:51:00+08:00,115.25,115.25,False,0.0,18.015,31.90597,0.0,114.95720991,-0.2543709122876419,True,True,False,False,False
2026-08-21 02:52:00+08:00,115.25,115.25,False,0.0,18.025,31.90597,0.0,115.02102184999998,-0.19887708680007093,True,True,False,False,False
2026-08-21 02:53:00+08:00,115.25,115.25,False,0.0,18.015,31.90597,0.0,114.95720991,-0.2543709122876419,True,True,False,False,False
2026-08-21 02:54:00+08:00,115.25,115.25,False,0.0,18.015,31.90597,0.0,114.95720991,-0.2543709122876419,True,True,False,False,False
2026-08-21 02:55:00+08:00,115.25,115.25,False,0.0,18.025,31.89829,0.0,114.99333544999999,-0.22295068780025412,True,True,False,False,False
2026-08-21 02:56:00+08:00,115.25,115.25,False,0.0,18.025,31.89829,0.0,114.99333544999999,-0.22295068780025412,True,True,False,False,False
2026-08-21 02:57:00+08:00,115.25,115.25,False,0.0,18.025,31.89829,0.0,114.99333544999999,-0.22295068780025412,True,True,False,False,False
2026-08-21 02:58:00+08:00,115.25,115.25,False,0.0,18.025,31.89829,0.0,114.99333544999999,-0.22295068780025412,True,True,False,False,False
2026-08-21 02:59:00+08:00,115.25,115.25,False,0.0,18.015,31.89829,0.0,114.92953887000002,-0.2784444973460242,True,True,False,False,False
2026-08-21 03:00:00+08:00,115.25,115.25,False,0.0,18.025,31.89618,0.0,114.9857289,-0.22956567276730955,True,True,False,False,False
2026-08-21 03:01:00+08:00,115.25,115.25,False,0.0,18.015,31.89618,0.0,114.92193654,-0.2850594776509462,True,True,False,False,False
2026-08-21 03:02:00+08:00,115.25,115.25,False,0.0,18.025,31.89618,0.0,114.9857289,-0.22956567276730955,True,True,False,False,False
2026-08-21 03:03:00+08:00,115.25,115.25,False,0.0,18.025,31.89618,0.0,114.9857289,-0.22956567276730955,True,True,False,False,False
2026-08-21 03:04:00+08:00,115.25,115.25,False,0.0,18.015,31.89618,0.0,114.92193654,-0.2850594776509462,True,True,False,False,False
2026-08-21 03:05:00+08:00,115.25,115.25,False,0.0,18.025,31.89606,0.0,114.98529629999999,-0.22994189357925357,True,True,False,False,False
2026-08-21 03:06:00+08:00,115.25,115.25,False,0.0,18.035,31.89606,0.0,115.04908842,-0.17447883218155907,True,True,False,False,False
2026-08-21 03:07:00+08:00,115.25,115.25,False,0.0,18.035,31.89606,0.0,115.04908842,-0.17447883218155907,True,True,False,False,False
2026-08-21 03:08:00+08:00,115.25,115.25,False,0.0,17.994999999999997,31.89606,0.0,114.79391993999998,-0.39651563937788403,True,True,False,False,False
2026-08-21 03:09:00+08:00,115.25,115.25,False,0.0,17.994999999999997,31.89606,0.0,114.79391993999998,-0.39651563937788403,True,True,False,False,False
2026-08-21 03:10:00+08:00,115.25,115.25,False,0.0,17.985,31.89413,0.0,114.72318561,-0.45815288300036555,True,True,False,False,False
2026-08-21 03:11:00+08:00,115.25,115.25,False,0.0,18.015,31.89413,0.0,114.91455039,-0.2914867727733037,True,True,False,False,False
2026-08-21 03:12:00+08:00,115.25,115.25,False,0.0,18.005000000000003,31.89413,0.0,114.85076213000002,-0.34701134086154967,True,True,False,False,False
2026-08-21 03:13:00+08:00,115.25,115.25,False,0.0,18.025,31.89413,0.0,114.97833865,-0.23599297253583534,True,True,False,False,False
2026-08-21 03:14:00+08:00,115.25,115.25,False,0.0,18.005000000000003,31.89413,0.0,114.85076213000002,-0.34701134086154967,True,True,False,False,False
2026-08-21 03:15:00+08:00,115.25,115.25,False,0.0,18.025,31.89126,0.0,114.96799229999999,-0.24499188545830117,True,True,False,False,False
2026-08-21 03:16:00+08:00,115.25,115.25,False,0.0,18.035,31.89126,0.0,115.03177481999998,-0.18952883281414237,True,True,False,False,False
2026-08-21 03:17:00+08:00,115.25,115.25,False,0.0,18.025,31.89126,0.0,114.96799229999999,-0.24499188545830117,True,True,False,False,False
2026-08-21 03:18:00+08:00,115.25,115.25,False,0.0,18.035,31.89126,0.0,115.03177481999998,-0.18952883281414237,True,True,False,False,False
2026-08-21 03:19:00+08:00,115.25,115.25,False,0.0,18.035,31.89126,0.0,115.03177481999998,-0.18952883281414237,True,True,False,False,False
2026-08-21 03:20:00+08:00,115.25,115.25,False,0.0,18.045,31.88594,0.0,115.07635746000001,-0.1507795650614105,True,True,False,False,False
2026-08-21 03:21:00+08:00,115.25,115.25,False,0.0,18.045,31.88594,0.0,115.07635746000001,-0.1507795650614105,True,True,False,False,False
2026-08-21 03:22:00+08:00,115.25,115.25,False,0.0,18.055,31.88594,0.0,115.14012934,-0.09537792292989783,True,True,False,False,False
2026-08-21 03:23:00+08:00,115.25,115.25,False,0.0,18.055,31.88594,0.0,115.14012934,-0.09537792292989783,True,True,False,False,False
2026-08-21 03:24:00+08:00,115.25,115.25,False,0.0,18.055,31.88594,0.0,115.14012934,-0.09537792292989783,True,True,False,False,False
2026-08-21 03:25:00+08:00,115.25,115.25,False,0.0,18.055,31.88958,0.0,115.15327338,-0.08396288696859687,True,True,False,False,False
2026-08-21 03:26:00+08:00,115.25,115.25,False,0.0,18.055,31.88958,0.0,115.15327338,-0.08396288696859687,True,True,False,False,False
2026-08-21 03:27:00+08:00,115.25,115.25,False,0.0,18.055,31.88958,0.0,115.15327338,-0.08396288696859687,True,True,False,False,False
2026-08-21 03:28:00+08:00,115.25,115.25,False,0.0,18.045,31.88958,0.0,115.08949422,-0.13936453281146224,True,True,False,False,False
2026-08-21 03:29:00+08:00,115.25,115.25,False,0.0,18.035,31.88958,0.0,115.02571506,-0.19479686769537546,True,True,False,False,False
2026-08-21 03:30:00+08:00,115.25,115.25,False,0.0,18.025,31.89255,0.0,114.97264275,-0.24094697783586652,True,True,False,False,False
2026-08-21 03:31:00+08:00,115.25,115.25,False,0.0,18.025,31.89255,0.0,114.97264275,-0.24094697783586652,True,True,False,False,False
2026-08-21 03:32:00+08:00,115.25,115.25,False,0.0,18.025,31.89255,0.0,114.97264275,-0.24094697783586652,True,True,False,False,False
2026-08-21 03:33:00+08:00,115.25,115.25,False,0.0,18.015,31.89255,0.0,114.90885765,-0.2964407744139656,True,True,False,False,False
2026-08-21 03:34:00+08:00,115.25,115.25,False,0.0,18.025,31.89255,0.0,114.97264275,-0.24094697783586652,True,True,False,False,False
2026-08-21 03:35:00+08:00,115.25,115.25,False,0.0,18.015,31.89009,0.0,114.89999427000001,-0.3041544546721855,True,True,False,False,False
2026-08-21 03:36:00+08:00,115.25,115.25,False,0.0,18.015,31.89009,0.0,114.89999427000001,-0.3041544546721855,True,True,False,False,False
2026-08-21 03:37:00+08:00,115.25,115.25,False,0.0,18.015,31.89009,0.0,114.89999427000001,-0.3041544546721855,True,True,False,False,False
2026-08-21 03:38:00+08:00,115.25,115.25,False,0.0,18.015,31.89009,0.0,114.89999427000001,-0.3041544546721855,True,True,False,False,False
2026-08-21 03:39:00+08:00,115.25,115.25,False,0.0,18.025,31.89009,0.0,114.96377444999999,-0.24866066392754174,True,True,False,False,False
2026-08-21 03:40:00+08:00,115.25,115.25,False,0.0,18.025,31.8917,0.0,114.96957849999998,-0.24361220868104144,True,True,False,False,False
2026-08-21 03:41:00+08:00,115.25,115.25,False,0.0,18.025,31.8917,0.0,114.96957849999998,-0.24361220868104144,True,True,False,False,False
2026-08-21 03:42:00+08:00,115.25,115.25,False,0.0,18.005000000000003,31.8917,0.0,114.84201170000001,-0.3546305645168865,True,True,False,False,False
2026-08-21 03:43:00+08:00,115.25,115.25,False,0.0,18.005000000000003,31.8917,0.0,114.84201170000001,-0.3546305645168865,True,True,False,False,False
2026-08-21 03:44:00+08:00,115.25,115.25,False,0.0,18.005000000000003,31.8917,0.0,114.84201170000001,-0.3546305645168865,True,True,False,False,False
2026-08-21 03:45:00+08:00,115.25,115.25,False,0.0,17.994999999999997,31.8934,0.0,114.78434659999998,-0.40485554168980964,True,True,False,False,False
2026-08-21 03:46:00+08:00,115.25,115.25,False,0.0,17.975,31.8934,0.0,114.656773,-0.5160587417753011,True,True,False,False,False
2026-08-21 03:47:00+08:00,115.25,115.25,False,0.0,17.975,31.8934,0.0,114.656773,-0.5160587417753011,True,True,False,False,False
2026-08-21 03:48:00+08:00,115.25,115.25,False,0.0,17.965,31.8934,0.0,114.5929862,-0.5717066340482496,True,True,False,False,False
2026-08-21 03:49:00+08:00,115.25,115.25,False,0.0,17.994999999999997,31.8934,0.0,114.78434659999998,-0.40485554168980964,True,True,False,False,False
2026-08-21 03:50:00+08:00,115.25,115.25,False,0.0,17.975,31.89468,0.0,114.66137460000002,-0.5120454792844197,True,True,False,False,False
2026-08-21 03:51:00+08:00,115.25,115.25,False,0.0,17.965,31.89468,0.0,114.59758524000002,-0.5676933776082554,True,True,False,False,False
2026-08-21 03:52:00+08:00,115.25,115.25,False,0.0,17.965,31.89468,0.0,114.59758524000002,-0.5676933776082554,True,True,False,False,False
2026-08-21 03:53:00+08:00,115.25,115.25,False,0.0,17.975,31.89468,0.0,114.66137460000002,-0.5120454792844197,True,True,False,False,False
2026-08-21 03:54:00+08:00,115.25,115.25,False,0.0,17.965,31.89468,0.0,114.59758524000002,-0.5676933776082554,True,True,False,False,False
2026-08-21 03:55:00+08:00,115.25,115.25,False,0.0,17.975,31.89323,0.0,114.65616185000002,-0.516591765285026,True,True,False,False,False
2026-08-21 03:56:00+08:00,115.25,115.25,False,0.0,18.005000000000003,31.89323,0.0,114.84752123000001,-0.3498332079793936,True,True,False,False,False
2026-08-21 03:57:00+08:00,115.25,115.25,False,0.0,17.965,31.89323,0.0,114.59237539,-0.5722396567509641,True,True,False,False,False
2026-08-21 03:58:00+08:00,115.25,115.25,False,0.0,17.985,31.89323,0.0,114.71994830999999,-0.46097474378304143,True,True,False,False,False
2026-08-21 03:59:00+08:00,115.25,115.25,False,0.0,18.009999999999998,31.89323,0.0,114.87941445999998,-0.3220670776654978,True,True,False,False,False
2026-08-21 21:30:00+08:00,118.25,118.25,False,0.0,18.415,31.82215,0.0,117.20097845000001,-0.8910742753381766,True,True,False,False,False
2026-08-21 21:31:00+08:00,118.25,118.25,False,0.0,18.425,31.82215,0.0,117.26462275000002,-0.8367864708307033,True,True,False,False,False
2026-08-21 21:32:00+08:00,118.25,118.25,False,0.0,18.455,31.82215,0.0,117.45555565,-0.6740989602974649,True,True,False,False,False
2026-08-21 21:33:00+08:00,118.25,118.25,False,0.0,18.49,31.82215,0.0,117.6783107,-0.4846296727203267,True,True,False,False,False
2026-08-21 21:34:00+08:00,118.75,118.75,False,0.0,18.515,31.82215,0.0,117.83742145000001,-0.7714514528346172,True,True,False,False,False
2026-08-21 21:35:00+08:00,118.75,118.75,False,0.0,18.555,31.82497,0.0,118.10246366999999,-0.5467845425515209,True,True,False,False,False
2026-08-21 21:36:00+08:00,118.75,118.75,False,0.0,18.575,31.82497,0.0,118.22976355,-0.43905559040718245,True,True,False,False,False
2026-08-21 21:37:00+08:00,118.25,118.25,False,0.0,18.585,31.82497,0.0,118.29341349,0.03670657268319279,True,True,False,False,False
2026-08-21 21:38:00+08:00,118.25,118.25,False,0.0,18.555,31.82497,0.0,118.10246366999999,-0.12484433435481467,True,True,False,False,False
2026-08-21 21:39:00+08:00,118.25,118.25,False,0.0,18.545,31.82497,0.0,118.03881373000002,-0.17875266007412502,True,True,False,False,False
2026-08-21 21:40:00+08:00,118.25,118.25,False,0.0,18.475,31.82449,0.0,117.59149055,-0.5584339281983874,True,True,False,False,False
2026-08-21 21:41:00+08:00,118.25,118.25,False,0.0,18.465,31.82449,0.0,117.52784157,-0.6125753168247507,True,True,False,False,False
2026-08-21 21:42:00+08:00,118.25,118.25,False,0.0,18.445,31.82449,0.0,117.40054361,-0.7209458352923171,True,True,False,False,False
2026-08-21 21:43:00+08:00,118.25,118.25,False,0.0,18.435,31.82449,0.0,117.33689463,-0.7751750125439452,True,True,False,False,False
2026-08-21 21:44:00+08:00,118.25,118.25,False,0.0,18.455,31.82449,0.0,117.46419259,-0.6667459446252633,True,True,False,False,False
2026-08-21 21:45:00+08:00,118.25,118.25,False,0.0,18.455,31.82702,0.0,117.47353082,-0.658796495452907,True,True,False,False,False
2026-08-21 21:46:00+08:00,118.25,118.25,False,0.0,18.495,31.82702,0.0,117.72814698000002,-0.4422892769339437,True,True,False,False,False
2026-08-21 21:47:00+08:00,118.25,118.25,False,0.0,18.515,31.82702,0.0,117.85545506000001,-0.3342107787384459,True,True,False,False,False
2026-08-21 21:48:00+08:00,118.25,118.25,False,0.0,18.545,31.82702,0.0,118.04641718000002,-0.1723113895924199,True,True,False,False,False
2026-08-21 21:49:00+08:00,118.25,118.25,False,0.0,18.57,31.82702,0.0,118.20555228,-0.03759498947807389,True,True,False,False,False
2026-08-21 21:50:00+08:00,118.25,118.25,False,0.0,18.56,31.81707,0.0,118.10496384000001,-0.12272740766144548,True,True,False,False,False
2026-08-21 21:51:00+08:00,118.25,118.25,False,0.0,18.555,31.81707,0.0,118.07314677,-0.14967067967500228,True,True,False,False,False
2026-08-21 21:52:00+08:00,118.25,118.25,False,0.0,18.545,31.81707,0.0,118.00951263000002,-0.2035789944057014,True,True,False,False,False
2026-08-21 21:53:00+08:00,118.25,118.25,False,0.0,18.545,31.81707,0.0,118.00951263000002,-0.2035789944057014,True,True,False,False,False
2026-08-21 21:54:00+08:00,118.25,118.25,False,0.0,18.545,31.81707,0.0,118.00951263000002,-0.2035789944057014,True,True,False,False,False
2026-08-21 21:55:00+08:00,118.25,118.25,False,0.0,18.545,31.82309,0.0,118.03184081000002,-0.18466014083190363,True,True,False,False,False
2026-08-21 21:56:00+08:00,118.25,118.25,False,0.0,18.555,31.82309,0.0,118.09548699,-0.1307518175767324,True,True,False,False,False
2026-08-21 21:57:00+08:00,118.25,118.25,False,0.0,18.525,31.82309,0.0,117.90454845,-0.292563960565128,True,True,False,False,False
2026-08-21 21:58:00+08:00,118.25,118.25,False,0.0,18.535,31.82309,0.0,117.96819463,-0.23859751399878923,True,True,False,False,False
2026-08-21 21:59:00+08:00,118.25,118.25,False,0.0,18.535,31.82309,0.0,117.96819463,-0.23859751399878923,True,True,False,False,False
2026-08-21 22:00:00+08:00,118.25,118.25,False,0.0,18.535,31.81873,0.0,117.95203211,-0.2522991756999201,True,True,False,False,False
2026-08-21 22:01:00+08:00,118.25,118.25,False,0.0,18.555,31.81873,0.0,118.07930703,-0.144453493428419,True,True,False,False,False
2026-08-21 22:02:00+08:00,117.75,117.75,False,0.0,18.505000000000003,31.81873,0.0,117.76111973000002,0.009443061552903887,True,True,False,False,False
2026-08-21 22:03:00+08:00,118.25,118.25,False,0.0,18.505000000000003,31.81873,0.0,117.76111973000002,-0.4142857934484335,True,True,False,False,False
2026-08-21 22:04:00+08:00,118.25,118.25,False,0.0,18.495,31.81873,0.0,117.69748227,-0.4683395853046203,True,True,False,False,False
2026-08-21 22:05:00+08:00,118.25,118.25,False,0.0,18.515,31.82287,0.0,117.84008761,-0.34725082628385606,True,True,False,False,False
2026-08-21 22:06:00+08:00,118.25,118.25,False,0.0,18.495,31.82287,0.0,117.71279613000002,-0.45532929666083527,True,True,False,False,False
2026-08-21 22:07:00+08:00,118.25,118.25,False,0.0,18.465,31.82287,0.0,117.52185891000002,-0.6176658175969417,True,True,False,False,False
2026-08-21 22:08:00+08:00,118.25,118.25,False,0.0,18.495,31.82287,0.0,117.71279613000002,-0.45532929666083527,True,True,False,False,False
2026-08-21 22:09:00+08:00,118.25,118.25,False,0.0,18.475,31.82287,0.0,117.58550465,-0.5635244370741915,True,True,False,False,False
2026-08-21 22:10:00+08:00,118.25,118.25,False,0.0,18.465,31.81983,0.0,117.51063219,-0.6272190595452309,True,True,False,False,False
2026-08-21 22:11:00+08:00,117.75,117.75,False,0.0,18.435,31.81983,0.0,117.31971320999999,-0.36609292122257653,True,True,False,False,False
2026-08-21 22:12:00+08:00,117.75,117.75,False,0.0,18.435,31.81983,0.0,117.31971320999999,-0.36609292122257653,True,True,False,False,False
2026-08-21 22:13:00+08:00,117.75,117.75,False,0.0,18.385,31.81983,0.0,117.00151491000001,-0.6376828624828645,True,True,False,False,False
2026-08-21 22:14:00+08:00,117.75,117.75,False,0.0,18.355,31.81983,0.0,116.81059593,-0.8009905212556175,True,True,False,False,False
2026-08-21 22:15:00+08:00,117.25,117.25,False,0.0,18.375,31.82866,0.0,116.97032549999999,-0.23881317678385083,True,True,False,False,False
2026-08-21 22:16:00+08:00,117.75,117.75,False,0.0,18.385,31.82866,0.0,117.03398282,-0.6099369909308827,True,True,False,False,False
2026-08-21 22:17:00+08:00,117.75,117.75,False,0.0,18.365,31.82866,0.0,116.90666818,-0.7187793353931895,True,True,False,False,False
2026-08-21 22:18:00+08:00,117.75,117.75,False,0.0,18.345,31.82866,0.0,116.77935353999999,-0.8277398503419862,True,True,False,False,False
2026-08-21 22:19:00+08:00,117.25,117.25,False,0.0,18.295,31.82866,0.0,116.46106694,-0.6751353886057486,True,True,False,False,False
2026-08-21 22:20:00+08:00,117.25,117.25,False,0.0,18.335,31.82563,0.0,116.70458521,-0.4662569784733438,True,True,False,False,False
2026-08-21 22:21:00+08:00,117.75,117.75,False,0.0,18.355,31.82563,0.0,116.83188772999999,-0.7827648407849299,True,True,False,False,False
2026-08-21 22:22:00+08:00,117.75,117.75,False,0.0,18.405,31.82563,0.0,117.15014403,-0.5107327392046069,True,True,False,False,False
2026-08-21 22:23:00+08:00,117.75,117.75,False,0.0,18.405,31.82563,0.0,117.15014403,-0.5107327392046069,True,True,False,False,False
2026-08-21 22:24:00+08:00,117.75,117.75,False,0.0,18.385,31.82563,0.0,117.02284151,-0.6194570763152097,True,True,False,False,False
2026-08-21 22:25:00+08:00,117.75,117.75,False,0.0,18.425,31.8423,0.0,117.33887550000001,-0.34976091414413646,True,True,False,False,False
2026-08-21 22:26:00+08:00,117.75,117.75,False,0.0,18.465,31.8423,0.0,117.59361390000001,-0.13290022823091505,True,True,False,False,False
2026-08-21 22:27:00+08:00,117.75,117.75,False,0.0,18.465,31.8423,0.0,117.59361390000001,-0.13290022823091505,True,True,False,False,False
2026-08-21 22:28:00+08:00,117.75,117.75,False,0.0,18.465,31.8423,0.0,117.59361390000001,-0.13290022823091505,True,True,False,False,False
2026-08-21 22:29:00+08:00,117.75,117.75,False,0.0,18.435,31.8423,0.0,117.4025601,-0.2955016946039174,True,True,False,False,False
2026-08-21 22:30:00+08:00,117.75,117.75,False,0.0,18.405,31.8244,0.0,117.14561640000002,-0.5145975980844035,True,True,False,False,False
2026-08-21 22:31:00+08:00,117.75,117.75,False,0.0,18.425,31.8244,0.0,117.27291400000001,-0.405991051578899,True,True,False,False,False
2026-08-21 22:32:00+08:00,117.75,117.75,False,0.0,18.425,31.8244,0.0,117.27291400000001,-0.405991051578899,True,True,False,False,False
2026-08-21 22:33:00+08:00,117.75,117.75,False,0.0,18.435,31.8244,0.0,117.3365628,-0.3517318855452713,True,True,False,False,False
2026-08-21 22:34:00+08:00,117.75,117.75,False,0.0,18.395,31.8244,0.0,117.08196760000001,-0.5689450263755207,True,True,False,False,False
2026-08-21 22:35:00+08:00,117.75,117.75,False,0.0,18.425,31.82628,0.0,117.27984180000001,-0.4000838330990069,True,True,False,False,False
2026-08-21 22:36:00+08:00,117.75,117.75,False,0.0,18.395,31.82628,0.0,117.08888411999999,-0.5630378312155397,True,True,False,False,False
2026-08-21 22:37:00+08:00,117.75,117.75,False,0.0,18.395,31.82628,0.0,117.08888411999999,-0.5630378312155397,True,True,False,False,False
2026-08-21 22:38:00+08:00,117.75,117.75,False,0.0,18.395,31.82628,0.0,117.08888411999999,-0.5630378312155397,True,True,False,False,False
2026-08-21 22:39:00+08:00,117.75,117.75,False,0.0,18.375,31.82628,0.0,116.961579,-0.6718211375502694,True,True,False,False,False
2026-08-21 22:40:00+08:00,117.75,117.75,False,0.0,18.375,31.83461,0.0,116.99219175,-0.6456515075969478,True,True,False,False,False
2026-08-21 22:41:00+08:00,117.75,117.75,False,0.0,18.355,31.83461,0.0,116.86485331000002,-0.7545529854671458,True,True,False,False,False
2026-08-21 22:42:00+08:00,117.75,117.75,False,0.0,18.345,31.83461,0.0,116.80118408999999,-0.8090480665712061,True,True,False,False,False
2026-08-21 22:43:00+08:00,117.75,117.75,False,0.0,18.385,31.83461,0.0,117.05586097000003,-0.5912450627360283,True,True,False,False,False
2026-08-21 22:44:00+08:00,117.75,117.75,False,0.0,18.385,31.83461,0.0,117.05586097000003,-0.5912450627360283,True,True,False,False,False
2026-08-21 22:45:00+08:00,117.75,117.75,False,0.0,18.395,31.84753,0.0,117.16706287,-0.4962918596701463,True,True,False,False,False
2026-08-21 22:46:00+08:00,117.75,117.75,False,0.0,18.405,31.84753,0.0,117.23075793000001,-0.44194433159047897,True,True,False,False,False
2026-08-21 22:47:00+08:00,117.75,117.75,False,0.0,18.405,31.84753,0.0,117.23075793000001,-0.44194433159047897,True,True,False,False,False
2026-08-21 22:48:00+08:00,117.75,117.75,False,0.0,18.395,31.84753,0.0,117.16706287,-0.4962918596701463,True,True,False,False,False
2026-08-21 22:49:00+08:00,117.75,117.75,False,0.0,18.425,31.84753,0.0,117.35814805,-0.3333376178154988,True,True,False,False,False
2026-08-21 22:50:00+08:00,117.75,117.75,False,0.0,18.415,31.8316,0.0,117.2357828,-0.4376581373330681,True,True,False,False,False
2026-08-21 22:51:00+08:00,117.75,117.75,False,0.0,18.385,31.8316,0.0,117.04479320000003,-0.6007005439846105,True,True,False,False,False
2026-08-21 22:52:00+08:00,117.75,117.75,False,0.0,18.385,31.8316,0.0,117.04479320000003,-0.6007005439846105,True,True,False,False,False
2026-08-21 22:53:00+08:00,117.75,117.75,False,0.0,18.375,31.8316,0.0,116.98113000000001,-0.6551069728160833,True,True,False,False,False
2026-08-21 22:54:00+08:00,117.75,117.75,False,0.0,18.345,31.8316,0.0,116.7901404,-0.8185034752371126,True,True,False,False,False
2026-08-21 22:55:00+08:00,117.75,117.75,False,0.0,18.365,31.83596,0.0,116.93348108,-0.6958469477633614,True,True,False,False,False
2026-08-21 22:56:00+08:00,117.75,117.75,False,0.0,18.345,31.83596,0.0,116.80613724,-0.8048075578889949,True,True,False,False,False
2026-08-21 22:57:00+08:00,117.75,117.75,False,0.0,18.305,31.83596,0.0,116.55144956,-1.0230841014861756,True,True,False,False,False
2026-08-21 22:58:00+08:00,117.25,117.25,False,0.0,18.295,31.83596,0.0,116.48777764000002,-0.6522029666714353,True,True,False,False,False
2026-08-21 22:59:00+08:00,117.25,117.25,False,0.0,18.295,31.83596,0.0,116.48777764000002,-0.6522029666714353,True,True,False,False,False
2026-08-21 23:00:00+08:00,117.25,117.25,False,0.0,18.295,31.83706,0.0,116.49180254000001,-0.6487478506291072,True,True,False,False,False
2026-08-21 23:01:00+08:00,117.25,117.25,False,0.0,18.305,31.83706,0.0,116.55547666,-0.5941035684206658,True,True,False,False,False
2026-08-21 23:02:00+08:00,117.25,117.25,False,0.0,18.335,31.83706,0.0,116.74649902000002,-0.43034915659738066,True,True,False,False,False
2026-08-21 23:03:00+08:00,117.75,117.75,False,0.0,18.335,31.83706,0.0,116.74649902000002,-0.8558771531291787,True,True,False,False,False
2026-08-21 23:04:00+08:00,117.75,117.75,False,0.0,18.325,31.83706,0.0,116.68282489999999,-0.9104314640709807,True,True,False,False,False
2026-08-21 23:05:00+08:00,117.5,117.5,False,0.0,18.315,31.83797,0.0,116.62248411,-0.7496212021974842,True,True,False,False,False
2026-08-21 23:06:00+08:00,117.75,117.75,False,0.0,18.315,31.83797,0.0,116.62248411,-0.9621572210420499,True,True,False,False,False
2026-08-21 23:07:00+08:00,117.75,117.75,False,0.0,18.345,31.83797,0.0,116.81351192999998,-0.7984942434520654,True,True,False,False,False
2026-08-21 23:08:00+08:00,117.75,117.75,False,0.0,18.345,31.83797,0.0,116.81351192999998,-0.7984942434520654,True,True,False,False,False
2026-08-21 23:09:00+08:00,117.75,117.75,False,0.0,18.345,31.83797,0.0,116.81351192999998,-0.7984942434520654,True,True,False,False,False
2026-08-21 23:10:00+08:00,117.75,117.75,False,0.0,18.335,31.83989,0.0,116.75687663000001,-0.8469886975356558,True,True,False,False,False
2026-08-21 23:11:00+08:00,117.75,117.75,False,0.0,18.345,31.83989,0.0,116.82055641,-0.7924639854419361,True,True,False,False,False
2026-08-21 23:12:00+08:00,117.75,117.75,False,0.0,18.345,31.83989,0.0,116.82055641,-0.7924639854419361,True,True,False,False,False
2026-08-21 23:13:00+08:00,117.75,117.75,False,0.0,18.345,31.83989,0.0,116.82055641,-0.7924639854419361,True,True,False,False,False
2026-08-21 23:14:00+08:00,117.75,117.75,False,0.0,18.335,31.83989,0.0,116.75687663000001,-0.8469886975356558,True,True,False,False,False
2026-08-21 23:15:00+08:00,117.75,117.75,False,0.0,18.315,31.84117,0.0,116.63420571000002,-0.9521070642281568,True,True,False,False,False
2026-08-21 23:16:00+08:00,117.75,117.75,False,0.0,18.325,31.84117,0.0,116.69788805,-0.8975230775170098,True,True,False,False,False
2026-08-21 23:17:00+08:00,117.75,117.75,False,0.0,18.335,31.84117,0.0,116.76157039000002,-0.8429687357056147,True,True,False,False,False
2026-08-21 23:18:00+08:00,117.75,117.75,False,0.0,18.345,31.84117,0.0,116.82525272999999,-0.7884440146500971,True,True,False,False,False
2026-08-21 23:19:00+08:00,117.75,117.75,False,0.0,18.335,31.84117,0.0,116.76157039000002,-0.8429687357056147,True,True,False,False,False
2026-08-21 23:20:00+08:00,117.75,117.75,False,0.0,18.315,31.84004,0.0,116.63006651999999,-0.9556559110409236,True,True,False,False,False
2026-08-21 23:21:00+08:00,117.75,117.75,False,0.0,18.325,31.84004,0.0,116.69374659999998,-0.901071933304462,True,True,False,False,False
2026-08-21 23:22:00+08:00,117.75,117.75,False,0.0,18.335,31.84004,0.0,116.75742668000001,-0.846517599934623,True,True,False,False,False
2026-08-21 23:23:00+08:00,117.75,117.75,False,0.0,18.365,31.84004,0.0,116.94846691999999,-0.6830322247253756,True,True,False,False,False
2026-08-21 23:24:00+08:00,117.75,117.75,False,0.0,18.345,31.84004,0.0,116.82110675999999,-0.7919928867883965,True,True,False,False,False
2026-08-21 23:25:00+08:00,117.75,117.75,False,0.0,18.345,31.84272,0.0,116.83093967999999,-0.783576296738973,True,True,False,False,False
2026-08-21 23:26:00+08:00,117.75,117.75,False,0.0,18.365,31.84272,0.0,116.95831056,-0.6746156010505766,True,True,False,False,False
2026-08-21 23:27:00+08:00,117.75,117.75,False,0.0,18.355,31.84272,0.0,116.89462512,-0.7290811622576487,True,True,False,False,False
2026-08-21 23:28:00+08:00,117.75,117.75,False,0.0,18.355,31.84272,0.0,116.89462512,-0.7290811622576487,True,True,False,False,False
2026-08-21 23:29:00+08:00,117.75,117.75,False,0.0,18.345,31.84272,0.0,116.83093967999999,-0.783576296738973,True,True,False,False,False
2026-08-21 23:30:00+08:00,117.75,117.75,False,0.0,18.355,31.84249,0.0,116.89378079000001,-0.729803455363077,True,True,False,False,False
2026-08-21 23:31:00+08:00,117.75,117.75,False,0.0,18.375,31.84249,0.0,117.02115075000002,-0.620901884811315,True,True,False,False,False
2026-08-21 23:32:00+08:00,117.75,117.75,False,0.0,18.385,31.84249,0.0,117.08483573000001,-0.5664953991449206,True,True,False,False,False
2026-08-21 23:33:00+08:00,117.75,117.75,False,0.0,18.385,31.84249,0.0,117.08483573000001,-0.5664953991449206,True,True,False,False,False
2026-08-21 23:34:00+08:00,117.75,117.75,False,0.0,18.385,31.84249,0.0,117.08483573000001,-0.5664953991449206,True,True,False,False,False
2026-08-21 23:35:00+08:00,117.75,117.75,False,0.0,18.385,31.83904,0.0,117.07215008,-0.5773304773583477,True,True,False,False,False
2026-08-21 23:36:00+08:00,117.75,117.75,False,0.0,18.375,31.83904,0.0,117.00847200000001,-0.6317369453656932,True,True,False,False,False
2026-08-21 23:37:00+08:00,118.25,118.25,False,0.0,18.395,31.83904,0.0,117.13582816,-0.9466770779782507,True,True,False,False,False
2026-08-21 23:38:00+08:00,118.25,118.25,False,0.0,18.415,31.83904,0.0,117.26318432000001,-0.8380131098386164,True,True,False,False,False
2026-08-21 23:39:00+08:00,118.25,118.25,False,0.0,18.425,31.83904,0.0,117.32686240000001,-0.7837251847191508,True,True,False,False,False
2026-08-21 23:40:00+08:00,118.25,118.25,False,0.0,18.425,31.84429,0.0,117.34620865000002,-0.7672376012999794,True,True,False,False,False
2026-08-21 23:41:00+08:00,118.25,118.25,False,0.0,18.435,31.84429,0.0,117.40989723,-0.7129789835901316,True,True,False,False,False
2026-08-21 23:42:00+08:00,118.25,118.25,False,0.0,18.425,31.84429,0.0,117.34620865000002,-0.7672376012999794,True,True,False,False,False
2026-08-21 23:43:00+08:00,118.25,118.25,False,0.0,18.395,31.84429,0.0,117.15514291,-0.930189609679505,True,True,False,False,False
2026-08-21 23:44:00+08:00,118.25,118.25,False,0.0,18.385,31.84429,0.0,117.09145433,-0.9845657436751127,True,True,False,False,False
2026-08-21 23:45:00+08:00,118.25,118.25,False,0.0,18.375,31.82773,0.0,116.96690774999999,-1.0909864110310836,True,True,False,False,False
2026-08-21 23:46:00+08:00,118.25,118.25,False,0.0,18.375,31.82773,0.0,116.96690774999999,-1.0909864110310836,True,True,False,False,False
2026-08-21 23:47:00+08:00,118.25,118.25,False,0.0,18.385,31.82773,0.0,117.03056321000001,-1.0365809851547991,True,True,False,False,False
2026-08-21 23:48:00+08:00,118.25,118.25,False,0.0,18.375,31.82773,0.0,116.96690774999999,-1.0909864110310836,True,True,False,False,False
2026-08-21 23:49:00+08:00,117.75,117.75,False,0.0,18.385,31.82773,0.0,117.03056321000001,-0.6128589012340745,True,True,False,False,False
2026-08-21 23:50:00+08:00,118.25,118.25,False,0.0,18.445,31.82422,0.0,117.39954758000002,-0.7217942310805959,True,True,False,False,False
2026-08-21 23:51:00+08:00,118.25,118.25,False,0.0,18.465,31.82422,0.0,117.52684446,-0.6134237156801698,True,True,False,False,False
2026-08-21 23:52:00+08:00,118.25,118.25,False,0.0,18.475,31.82422,0.0,117.5904929,-0.5592823283995086,True,True,False,False,False
2026-08-21 23:53:00+08:00,118.25,118.25,False,0.0,18.475,31.82422,0.0,117.5904929,-0.5592823283995086,True,True,False,False,False
2026-08-21 23:54:00+08:00,118.25,118.25,False,0.0,18.445,31.82422,0.0,117.39954758000002,-0.7217942310805959,True,True,False,False,False
2026-08-21 23:55:00+08:00,118.25,118.25,False,0.0,18.425,31.84419,0.0,117.34584015,-0.767551625210645,True,True,False,False,False
2026-08-21 23:56:00+08:00,118.25,118.25,False,0.0,18.425,31.84419,0.0,117.34584015,-0.767551625210645,True,True,False,False,False
2026-08-21 23:57:00+08:00,118.25,118.25,False,0.0,18.405,31.84419,0.0,117.21846339000001,-0.876156913031265,True,True,False,False,False
2026-08-21 23:58:00+08:00,118.0,118.0,False,0.0,18.395,31.84419,0.0,117.15477501000001,-0.7188669589754645,True,True,False,False,False
2026-08-21 23:59:00+08:00,118.0,118.0,False,0.0,18.395,31.84419,0.0,117.15477501000001,-0.7188669589754645,True,True,False,False,False
2026-08-22 00:00:00+08:00,117.75,117.75,False,0.0,18.395,31.83742,0.0,117.12986817999999,-0.5280416962127842,True,True,False,False,False
2026-08-22 00:01:00+08:00,117.75,117.75,False,0.0,18.415,31.83742,0.0,117.25721786,-0.4193761744744079,True,True,False,False,False
2026-08-22 00:02:00+08:00,117.75,117.75,False,0.0,18.405,31.83742,0.0,117.19354302000002,-0.4736942099767426,True,True,False,False,False
2026-08-22 00:03:00+08:00,117.75,117.75,False,0.0,18.405,31.83742,0.0,117.19354302000002,-0.4736942099767426,True,True,False,False,False
2026-08-22 00:04:00+08:00,117.75,117.75,False,0.0,18.385,31.83742,0.0,117.06619334000001,-0.5824186571408011,True,True,False,False,False
2026-08-22 00:05:00+08:00,117.75,117.75,False,0.0,18.385,31.84172,0.0,117.08200444000002,-0.5689135614993689,True,True,False,False,False
2026-08-22 00:06:00+08:00,117.75,117.75,False,0.0,18.365,31.84172,0.0,116.95463756,-0.6777560497045385,True,True,False,False,False
2026-08-22 00:07:00+08:00,117.75,117.75,False,0.0,18.355,31.84172,0.0,116.89095411999999,-0.732221604895689,True,True,False,False,False
2026-08-22 00:08:00+08:00,117.75,117.75,False,0.0,18.355,31.84172,0.0,116.89095411999999,-0.732221604895689,True,True,False,False,False
2026-08-22 00:09:00+08:00,117.75,117.75,False,0.0,18.315,31.84172,0.0,116.63622036,-0.9503797947586856,True,True,False,False,False
2026-08-22 00:10:00+08:00,117.75,117.75,False,0.0,18.315,31.83316,0.0,116.60486508000001,-0.9772657543158604,True,True,False,False,False
2026-08-22 00:11:00+08:00,117.75,117.75,False,0.0,18.325,31.83316,0.0,116.66853139999998,-0.9226818319705781,True,True,False,False,False
2026-08-22 00:12:00+08:00,117.75,117.75,False,0.0,18.325,31.83316,0.0,116.66853139999998,-0.9226818319705781,True,True,False,False,False
2026-08-22 00:13:00+08:00,117.75,117.75,False,0.0,18.345,31.83316,0.0,116.79586404,-0.8136028865017901,True,True,False,False,False
2026-08-22 00:14:00+08:00,117.75,117.75,False,0.0,18.325,31.83316,0.0,116.66853139999998,-0.9226818319705781,True,True,False,False,False
2026-08-22 00:15:00+08:00,117.75,117.75,False,0.0,18.335,31.82828,0.0,116.71430276000001,-0.8834583583157564,True,True,False,False,False
2026-08-22 00:16:00+08:00,117.75,117.75,False,0.0,18.355,31.82828,0.0,116.84161587999999,-0.774438691333855,True,True,False,False,False
2026-08-22 00:17:00+08:00,117.75,117.75,False,0.0,18.365,31.82828,0.0,116.90527244,-0.7199732196224038,True,True,False,False,False
2026-08-22 00:18:00+08:00,117.75,117.75,False,0.0,18.355,31.82828,0.0,116.84161587999999,-0.774438691333855,True,True,False,False,False
2026-08-22 00:19:00+08:00,117.75,117.75,False,0.0,18.365,31.82828,0.0,116.90527244,-0.7199732196224038,True,True,False,False,False
2026-08-22 00:20:00+08:00,117.75,117.75,False,0.0,18.345,31.83446,0.0,116.80063374,-0.8095192452580453,True,True,False,False,False
2026-08-22 00:21:00+08:00,117.75,117.75,False,0.0,18.365,31.83446,0.0,116.92797157999999,-0.700558654453672,True,True,False,False,False
2026-08-22 00:22:00+08:00,117.75,117.75,False,0.0,18.365,31.83446,0.0,116.92797157999999,-0.700558654453672,True,True,False,False,False
2026-08-22 00:23:00+08:00,117.75,117.75,False,0.0,18.355,31.83446,0.0,116.86430265999999,-0.7550241651580367,True,True,False,False,False
2026-08-22 00:24:00+08:00,117.75,117.75,False,0.0,18.355,31.83446,0.0,116.86430265999999,-0.7550241651580367,True,True,False,False,False
2026-08-22 00:25:00+08:00,117.75,117.75,False,0.0,18.355,31.83119,0.0,116.85229849,-0.7652964321134043,True,True,False,False,False
2026-08-22 00:26:00+08:00,117.75,117.75,False,0.0,18.345,31.83119,0.0,116.78863611,-0.8197914901740248,True,True,False,False,False
2026-08-22 00:27:00+08:00,117.75,117.75,False,0.0,18.345,31.83119,0.0,116.78863611,-0.8197914901740248,True,True,False,False,False
2026-08-22 00:28:00+08:00,117.75,117.75,False,0.0,18.345,31.83119,0.0,116.78863611,-0.8197914901740248,True,True,False,False,False
2026-08-22 00:29:00+08:00,117.75,117.75,False,0.0,18.345,31.83119,0.0,116.78863611,-0.8197914901740248,True,True,False,False,False
2026-08-22 00:30:00+08:00,117.75,117.75,False,0.0,18.345,31.83574,0.0,116.80533006,-0.8054985915334754,True,True,False,False,False
2026-08-22 00:31:00+08:00,117.75,117.75,False,0.0,18.335,31.83574,0.0,116.74165858,-0.8600232742658386,True,True,False,False,False
2026-08-22 00:32:00+08:00,117.75,117.75,False,0.0,18.345,31.83574,0.0,116.80533006,-0.8054985915334754,True,True,False,False,False
2026-08-22 00:33:00+08:00,117.75,117.75,False,0.0,18.345,31.83574,0.0,116.80533006,-0.8054985915334754,True,True,False,False,False
2026-08-22 00:34:00+08:00,117.75,117.75,False,0.0,18.335,31.83574,0.0,116.74165858,-0.8600232742658386,True,True,False,False,False
2026-08-22 00:35:00+08:00,117.75,117.75,False,0.0,18.335,31.83419,0.0,116.73597473,-0.8648920441127526,True,True,False,False,False
2026-08-22 00:36:00+08:00,117.75,117.75,False,0.0,18.335,31.83419,0.0,116.73597473,-0.8648920441127526,True,True,False,False,False
2026-08-22 00:37:00+08:00,117.75,117.75,False,0.0,18.345,31.83419,0.0,116.79964310999999,-0.8103673724664822,True,True,False,False,False
2026-08-22 00:38:00+08:00,117.75,117.75,False,0.0,18.355,31.83419,0.0,116.86331149,-0.755872294175254,True,True,False,False,False
2026-08-22 00:39:00+08:00,117.75,117.75,False,0.0,18.355,31.83419,0.0,116.86331149,-0.755872294175254,True,True,False,False,False
2026-08-22 00:40:00+08:00,117.75,117.75,False,0.0,18.345,31.83115,0.0,116.78848934999999,-0.8199171510524681,True,True,False,False,False
2026-08-22 00:41:00+08:00,117.75,117.75,False,0.0,18.345,31.83115,0.0,116.78848934999999,-0.8199171510524681,True,True,False,False,False
2026-08-22 00:42:00+08:00,117.75,117.75,False,0.0,18.345,31.83115,0.0,116.78848934999999,-0.8199171510524681,True,True,False,False,False
2026-08-22 00:43:00+08:00,117.75,117.75,False,0.0,18.345,31.83115,0.0,116.78848934999999,-0.8199171510524681,True,True,False,False,False
2026-08-22 00:44:00+08:00,117.75,117.75,False,0.0,18.345,31.83115,0.0,116.78848934999999,-0.8199171510524681,True,True,False,False,False
2026-08-22 00:45:00+08:00,117.75,117.75,False,0.0,18.335,31.84139,0.0,116.76237713,-0.8422778209719097,True,True,False,False,False
2026-08-22 00:46:00+08:00,117.75,117.75,False,0.0,18.345,31.84139,0.0,116.82605991,-0.7877530983805346,True,True,False,False,False
2026-08-22 00:47:00+08:00,117.75,117.75,False,0.0,18.345,31.84139,0.0,116.82605991,-0.7877530983805346,True,True,False,False,False
2026-08-22 00:48:00+08:00,117.75,117.75,False,0.0,18.335,31.84139,0.0,116.76237713,-0.8422778209719097,True,True,False,False,False
2026-08-22 00:49:00+08:00,117.75,117.75,False,0.0,18.335,31.84139,0.0,116.76237713,-0.8422778209719097,True,True,False,False,False
2026-08-22 00:50:00+08:00,117.75,117.75,False,0.0,18.325,31.8311,0.0,116.6609815,-0.9291531420851925,True,True,False,False,False
2026-08-22 00:51:00+08:00,117.75,117.75,False,0.0,18.325,31.8311,0.0,116.6609815,-0.9291531420851925,True,True,False,False,False
2026-08-22 00:52:00+08:00,117.75,117.75,False,0.0,18.335,31.8311,0.0,116.7246437,-0.8745988767228041,True,True,False,False,False
2026-08-22 00:53:00+08:00,117.75,117.75,False,0.0,18.335,31.8311,0.0,116.7246437,-0.8745988767228041,True,True,False,False,False
2026-08-22 00:54:00+08:00,117.75,117.75,False,0.0,18.325,31.8311,0.0,116.6609815,-0.9291531420851925,True,True,False,False,False
2026-08-22 00:55:00+08:00,117.75,117.75,False,0.0,18.325,31.83972,0.0,116.69257379999999,-0.9020769417947834,True,True,False,False,False
2026-08-22 00:56:00+08:00,117.75,117.75,False,0.0,18.325,31.83972,0.0,116.69257379999999,-0.9020769417947834,True,True,False,False,False
2026-08-22 00:57:00+08:00,117.75,117.75,False,0.0,18.325,31.83972,0.0,116.69257379999999,-0.9020769417947834,True,True,False,False,False
2026-08-22 00:58:00+08:00,117.75,117.75,False,0.0,18.335,31.83972,0.0,116.75625324,-0.8475226108217816,True,True,False,False,False
2026-08-22 00:59:00+08:00,117.75,117.75,False,0.0,18.335,31.83972,0.0,116.75625324,-0.8475226108217816,True,True,False,False,False
2026-08-22 01:00:00+08:00,117.75,117.75,False,0.0,18.365,31.83715,0.0,116.93785195000001,-0.6921091511571018,True,True,False,False,False
2026-08-22 01:01:00+08:00,117.75,117.75,False,0.0,18.365,31.83715,0.0,116.93785195000001,-0.6921091511571018,True,True,False,False,False
2026-08-22 01:02:00+08:00,117.75,117.75,False,0.0,18.365,31.83715,0.0,116.93785195000001,-0.6921091511571018,True,True,False,False,False
2026-08-22 01:03:00+08:00,117.75,117.75,False,0.0,18.355,31.83715,0.0,116.87417765000001,-0.7465746785111793,True,True,False,False,False
2026-08-22 01:04:00+08:00,117.75,117.75,False,0.0,18.365,31.83715,0.0,116.93785195000001,-0.6921091511571018,True,True,False,False,False
2026-08-22 01:05:00+08:00,117.75,117.75,False,0.0,18.355,31.83425,0.0,116.86353175000002,-0.7556838204409995,True,True,False,False,False
2026-08-22 01:06:00+08:00,117.75,117.75,False,0.0,18.355,31.83425,0.0,116.86353175000002,-0.7556838204409995,True,True,False,False,False
2026-08-22 01:07:00+08:00,117.75,117.75,False,0.0,18.365,31.83425,0.0,116.92720024999998,-0.701218311044697,True,True,False,False,False
2026-08-22 01:08:00+08:00,117.75,117.75,False,0.0,18.365,31.83425,0.0,116.92720024999998,-0.701218311044697,True,True,False,False,False
2026-08-22 01:09:00+08:00,117.75,117.75,False,0.0,18.355,31.83425,0.0,116.86353175000002,-0.7556838204409995,True,True,False,False,False
2026-08-22 01:10:00+08:00,117.75,117.75,False,0.0,18.355,31.8427,0.0,116.89455170000001,-0.7291439701474149,True,True,False,False,False
2026-08-22 01:11:00+08:00,117.75,117.75,False,0.0,18.345,31.8427,0.0,116.8308663,-0.7836391044992942,True,True,False,False,False
2026-08-22 01:12:00+08:00,117.75,117.75,False,0.0,18.345,31.8427,0.0,116.8308663,-0.7836391044992942,True,True,False,False,False
2026-08-22 01:13:00+08:00,117.75,117.75,False,0.0,18.345,31.8427,0.0,116.8308663,-0.7836391044992942,True,True,False,False,False
2026-08-22 01:14:00+08:00,117.75,117.75,False,0.0,18.345,31.8427,0.0,116.8308663,-0.7836391044992942,True,True,False,False,False
2026-08-22 01:15:00+08:00,117.75,117.75,False,0.0,18.345,31.83727,0.0,116.81094363,-0.8006928651184868,True,True,False,False,False
2026-08-22 01:16:00+08:00,117.75,117.75,False,0.0,18.355,31.83727,0.0,116.87461817,-0.746197766310888,True,True,False,False,False
2026-08-22 01:17:00+08:00,117.75,117.75,False,0.0,18.345,31.83727,0.0,116.81094363,-0.8006928651184868,True,True,False,False,False
2026-08-22 01:18:00+08:00,117.75,117.75,False,0.0,18.345,31.83727,0.0,116.81094363,-0.8006928651184868,True,True,False,False,False
2026-08-22 01:19:00+08:00,117.75,117.75,False,0.0,18.355,31.83727,0.0,116.87461817,-0.746197766310888,True,True,False,False,False
2026-08-22 01:20:00+08:00,117.75,117.75,False,0.0,18.345,31.83823,0.0,116.81446586999998,-0.7976776248099849,True,True,False,False,False
2026-08-22 01:21:00+08:00,117.75,117.75,False,0.0,18.345,31.83823,0.0,116.81446586999998,-0.7976776248099849,True,True,False,False,False
2026-08-22 01:22:00+08:00,117.75,117.75,False,0.0,18.345,31.83823,0.0,116.81446586999998,-0.7976776248099849,True,True,False,False,False
2026-08-22 01:23:00+08:00,117.75,117.75,False,0.0,18.345,31.83823,0.0,116.81446586999998,-0.7976776248099849,True,True,False,False,False
2026-08-22 01:24:00+08:00,117.75,117.75,False,0.0,18.345,31.83823,0.0,116.81446586999998,-0.7976776248099849,True,True,False,False,False
2026-08-22 01:25:00+08:00,117.75,117.75,False,0.0,18.335,31.8394,0.0,116.75507980000002,-0.848527631766876,True,True,False,False,False
2026-08-22 01:26:00+08:00,117.75,117.75,False,0.0,18.335,31.8394,0.0,116.75507980000002,-0.848527631766876,True,True,False,False,False
2026-08-22 01:27:00+08:00,117.75,117.75,False,0.0,18.345,31.8394,0.0,116.8187586,-0.7940029231156144,True,True,False,False,False
2026-08-22 01:28:00+08:00,117.75,117.75,False,0.0,18.355,31.8394,0.0,116.8824374,-0.7395078102700555,True,True,False,False,False
2026-08-22 01:29:00+08:00,117.75,117.75,False,0.0,18.355,31.8394,0.0,116.8824374,-0.7395078102700555,True,True,False,False,False
2026-08-22 01:30:00+08:00,117.75,117.75,False,0.0,18.345,31.84202,0.0,116.82837138,-0.7857745917308253,True,True,False,False,False
2026-08-22 01:31:00+08:00,117.75,117.75,False,0.0,18.355,31.84202,0.0,116.89205542000002,-0.7312794617864162,True,True,False,False,False
2026-08-22 01:32:00+08:00,117.75,117.75,False,0.0,18.355,31.84202,0.0,116.89205542000002,-0.7312794617864162,True,True,False,False,False
2026-08-22 01:33:00+08:00,117.75,117.75,False,0.0,18.355,31.84202,0.0,116.89205542000002,-0.7312794617864162,True,True,False,False,False
2026-08-22 01:34:00+08:00,117.75,117.75,False,0.0,18.355,31.84202,0.0,116.89205542000002,-0.7312794617864162,True,True,False,False,False
2026-08-22 01:35:00+08:00,117.75,117.75,False,0.0,18.355,31.83957,0.0,116.88306147,-0.7389738893304642,True,True,False,False,False
2026-08-22 01:36:00+08:00,117.75,117.75,False,0.0,18.365,31.83957,0.0,116.94674060999998,-0.6845083471651731,True,True,False,False,False
2026-08-22 01:37:00+08:00,117.75,117.75,False,0.0,18.375,31.83957,0.0,117.01041974999998,-0.6300723527310164,True,True,False,False,False
2026-08-22 01:38:00+08:00,117.75,117.75,False,0.0,18.365,31.83957,0.0,116.94674060999998,-0.6845083471651731,True,True,False,False,False
2026-08-22 01:39:00+08:00,117.75,117.75,False,0.0,18.365,31.83957,0.0,116.94674060999998,-0.6845083471651731,True,True,False,False,False
2026-08-22 01:40:00+08:00,117.75,117.75,False,0.0,18.365,31.83512,0.0,116.93039575999998,-0.6984854762544381,True,True,False,False,False
2026-08-22 01:41:00+08:00,117.75,117.75,False,0.0,18.375,31.83512,0.0,116.994066,-0.6440495070916905,True,True,False,False,False
2026-08-22 01:42:00+08:00,117.75,117.75,False,0.0,18.365,31.83512,0.0,116.93039575999998,-0.6984854762544381,True,True,False,False,False
2026-08-22 01:43:00+08:00,117.75,117.75,False,0.0,18.365,31.83512,0.0,116.93039575999998,-0.6984854762544381,True,True,False,False,False
2026-08-22 01:44:00+08:00,117.75,117.75,False,0.0,18.375,31.83512,0.0,116.994066,-0.6440495070916905,True,True,False,False,False
2026-08-22 01:45:00+08:00,117.75,117.75,False,0.0,18.365,31.831,0.0,116.91526299999998,-0.7114278349753183,True,True,False,False,False
2026-08-22 01:46:00+08:00,117.75,117.75,False,0.0,18.375,31.831,0.0,116.978925,-0.6569918896872178,True,True,False,False,False
2026-08-22 01:47:00+08:00,117.75,117.75,False,0.0,18.375,31.831,0.0,116.978925,-0.6569918896872178,True,True,False,False,False
2026-08-22 01:48:00+08:00,117.75,117.75,False,0.0,18.375,31.831,0.0,116.978925,-0.6569918896872178,True,True,False,False,False
2026-08-22 01:49:00+08:00,117.75,117.75,False,0.0,18.365,31.831,0.0,116.91526299999998,-0.7114278349753183,True,True,False,False,False
2026-08-22 01:50:00+08:00,117.75,117.75,False,0.0,18.365,31.83069,0.0,116.91412437,-0.7124017207522192,True,True,False,False,False
2026-08-22 01:51:00+08:00,117.75,117.75,False,0.0,18.365,31.83069,0.0,116.91412437,-0.7124017207522192,True,True,False,False,False
2026-08-22 01:52:00+08:00,117.75,117.75,False,0.0,18.365,31.83069,0.0,116.91412437,-0.7124017207522192,True,True,False,False,False
2026-08-22 01:53:00+08:00,117.75,117.75,False,0.0,18.365,31.83069,0.0,116.91412437,-0.7124017207522192,True,True,False,False,False
2026-08-22 01:54:00+08:00,117.75,117.75,False,0.0,18.365,31.83069,0.0,116.91412437,-0.7124017207522192,True,True,False,False,False
2026-08-22 01:55:00+08:00,117.75,117.75,False,0.0,18.355,31.83308,0.0,116.85923668000001,-0.7593591220919962,True,True,False,False,False
2026-08-22 01:56:00+08:00,117.75,117.75,False,0.0,18.355,31.83308,0.0,116.85923668000001,-0.7593591220919962,True,True,False,False,False
2026-08-22 01:57:00+08:00,117.75,117.75,False,0.0,18.355,31.83308,0.0,116.85923668000001,-0.7593591220919962,True,True,False,False,False
2026-08-22 01:58:00+08:00,117.75,117.75,False,0.0,18.345,31.83308,0.0,116.79557051999998,-0.8138541929263428,True,True,False,False,False
2026-08-22 01:59:00+08:00,117.75,117.75,False,0.0,18.345,31.83308,0.0,116.79557051999998,-0.8138541929263428,True,True,False,False,False
2026-08-22 02:00:00+08:00,117.75,117.75,False,0.0,18.355,31.84032,0.0,116.88581472000001,-0.7366183896787047,True,True,False,False,False
2026-08-22 02:01:00+08:00,117.75,117.75,False,0.0,18.355,31.84032,0.0,116.88581472000001,-0.7366183896787047,True,True,False,False,False
2026-08-22 02:02:00+08:00,117.75,117.75,False,0.0,18.355,31.84032,0.0,116.88581472000001,-0.7366183896787047,True,True,False,False,False
2026-08-22 02:03:00+08:00,117.75,117.75,False,0.0,18.375,31.84032,0.0,117.013176,-0.6277168443146285,True,True,False,False,False
2026-08-22 02:04:00+08:00,117.75,117.75,False,0.0,18.375,31.84032,0.0,117.013176,-0.6277168443146285,True,True,False,False,False
2026-08-22 02:05:00+08:00,117.75,117.75,False,0.0,18.375,31.83793,0.0,117.00439275000001,-0.6352232571801295,True,True,False,False,False
2026-08-22 02:06:00+08:00,117.75,117.75,False,0.0,18.365,31.83793,0.0,116.94071689,-0.6896592423630528,True,True,False,False,False
2026-08-22 02:07:00+08:00,117.75,117.75,False,0.0,18.355,31.83793,0.0,116.87704103000002,-0.7441247745082938,True,True,False,False,False
2026-08-22 02:08:00+08:00,117.75,117.75,False,0.0,18.365,31.83793,0.0,116.94071689,-0.6896592423630528,True,True,False,False,False
2026-08-22 02:09:00+08:00,117.75,117.75,False,0.0,18.345,31.83793,0.0,116.81336517,-0.7986198776788318,True,True,False,False,False
2026-08-22 02:10:00+08:00,117.75,117.75,False,0.0,18.345,31.83651,0.0,116.80815519000001,-0.803079994585621,True,True,False,False,False
2026-08-22 02:11:00+08:00,117.75,117.75,False,0.0,18.345,31.83651,0.0,116.80815519000001,-0.803079994585621,True,True,False,False,False
2026-08-22 02:12:00+08:00,117.75,117.75,False,0.0,18.345,31.83651,0.0,116.80815519000001,-0.803079994585621,True,True,False,False,False
2026-08-22 02:13:00+08:00,117.75,117.75,False,0.0,18.345,31.83651,0.0,116.80815519000001,-0.803079994585621,True,True,False,False,False
2026-08-22 02:14:00+08:00,117.75,117.75,False,0.0,18.315,31.83651,0.0,116.61713613000002,-0.9667429390540464,True,True,False,False,False
2026-08-22 02:15:00+08:00,117.75,117.75,False,0.0,18.325,31.83566,0.0,116.67769390000001,-0.9148288601579692,True,True,False,False,False
2026-08-22 02:16:00+08:00,117.75,117.75,False,0.0,18.325,31.83566,0.0,116.67769390000001,-0.9148288601579692,True,True,False,False,False
2026-08-22 02:17:00+08:00,117.75,117.75,False,0.0,18.335,31.83566,0.0,116.74136522,-0.8602745598360878,True,True,False,False,False
2026-08-22 02:18:00+08:00,117.75,117.75,False,0.0,18.325,31.83566,0.0,116.67769390000001,-0.9148288601579692,True,True,False,False,False
2026-08-22 02:19:00+08:00,117.75,117.75,False,0.0,18.325,31.83566,0.0,116.67769390000001,-0.9148288601579692,True,True,False,False,False
2026-08-22 02:20:00+08:00,117.75,117.75,False,0.0,18.335,31.84191,0.0,116.76428397,-0.8406447686795085,True,True,False,False,False
2026-08-22 02:21:00+08:00,117.75,117.75,False,0.0,18.325,31.84191,0.0,116.70060014999999,-0.895199116000228,True,True,False,False,False
2026-08-22 02:22:00+08:00,117.75,117.75,False,0.0,18.325,31.84191,0.0,116.70060014999999,-0.895199116000228,True,True,False,False,False
2026-08-22 02:23:00+08:00,117.75,117.75,False,0.0,18.335,31.84191,0.0,116.76428397,-0.8406447686795085,True,True,False,False,False
2026-08-22 02:24:00+08:00,117.75,117.75,False,0.0,18.325,31.84191,0.0,116.70060014999999,-0.895199116000228,True,True,False,False,False
2026-08-22 02:25:00+08:00,117.75,117.75,False,0.0,18.325,31.83589,0.0,116.67853685,-0.9141064175865068,True,True,False,False,False
2026-08-22 02:26:00+08:00,117.75,117.75,False,0.0,18.325,31.83589,0.0,116.67853685,-0.9141064175865068,True,True,False,False,False
2026-08-22 02:27:00+08:00,117.75,117.75,False,0.0,18.305,31.83589,0.0,116.55119328999999,-1.0233039731182443,True,True,False,False,False
2026-08-22 02:28:00+08:00,117.75,117.75,False,0.0,18.305,31.83589,0.0,116.55119328999999,-1.0233039731182443,True,True,False,False,False
2026-08-22 02:29:00+08:00,117.75,117.75,False,0.0,18.305,31.83589,0.0,116.55119328999999,-1.0233039731182443,True,True,False,False,False
2026-08-22 02:30:00+08:00,117.75,117.75,False,0.0,18.295,31.83724,0.0,116.49246116000002,-1.073706990417092,True,True,False,False,False
2026-08-22 02:31:00+08:00,117.75,117.75,False,0.0,18.295,31.83724,0.0,116.49246116000002,-1.073706990417092,True,True,False,False,False
2026-08-22 02:32:00+08:00,117.75,117.75,False,0.0,18.295,31.83724,0.0,116.49246116000002,-1.073706990417092,True,True,False,False,False
2026-08-22 02:33:00+08:00,117.75,117.75,False,0.0,18.295,31.83724,0.0,116.49246116000002,-1.073706990417092,True,True,False,False,False
2026-08-22 02:34:00+08:00,117.75,117.75,False,0.0,18.295,31.83724,0.0,116.49246116000002,-1.073706990417092,True,True,False,False,False
2026-08-22 02:35:00+08:00,117.75,117.75,False,0.0,18.315,31.8342,0.0,116.6086746,-0.9739988519289906,True,True,False,False,False
2026-08-22 02:36:00+08:00,117.75,117.75,False,0.0,18.315,31.8342,0.0,116.6086746,-0.9739988519289906,True,True,False,False,False
2026-08-22 02:37:00+08:00,117.75,117.75,False,0.0,18.315,31.8342,0.0,116.6086746,-0.9739988519289906,True,True,False,False,False
2026-08-22 02:38:00+08:00,117.75,117.75,False,0.0,18.315,31.8342,0.0,116.6086746,-0.9739988519289906,True,True,False,False,False
2026-08-22 02:39:00+08:00,117.75,117.75,False,0.0,18.315,31.8342,0.0,116.6086746,-0.9739988519289906,True,True,False,False,False
2026-08-22 02:40:00+08:00,117.75,117.75,False,0.0,18.305,31.83329,0.0,116.54167469000001,-1.0314709744584583,True,True,False,False,False
2026-08-22 02:41:00+08:00,117.75,117.75,False,0.0,18.305,31.83329,0.0,116.54167469000001,-1.0314709744584583,True,True,False,False,False
2026-08-22 02:42:00+08:00,117.75,117.75,False,0.0,18.305,31.83329,0.0,116.54167469000001,-1.0314709744584583,True,True,False,False,False
2026-08-22 02:43:00+08:00,117.75,117.75,False,0.0,18.315,31.83329,0.0,116.60534127000001,-0.9768573857091924,True,True,False,False,False
2026-08-22 02:44:00+08:00,117.75,117.75,False,0.0,18.305,31.83329,0.0,116.54167469000001,-1.0314709744584583,True,True,False,False,False
2026-08-22 02:45:00+08:00,117.75,117.75,False,0.0,18.305,31.82949,0.0,116.52776289,-1.043408554804981,True,True,False,False,False
2026-08-22 02:46:00+08:00,117.75,117.75,False,0.0,18.305,31.82949,0.0,116.52776289,-1.043408554804981,True,True,False,False,False
2026-08-22 02:47:00+08:00,117.75,117.75,False,0.0,18.295,31.82949,0.0,116.46410391000002,-1.0980517983614713,True,True,False,False,False
2026-08-22 02:48:00+08:00,117.75,117.75,False,0.0,18.305,31.82949,0.0,116.52776289,-1.043408554804981,True,True,False,False,False
2026-08-22 02:49:00+08:00,117.75,117.75,False,0.0,18.315,31.82949,0.0,116.59142187,-0.9887949989846113,True,True,False,False,False
2026-08-22 02:50:00+08:00,117.75,117.75,False,0.0,18.325,31.82991,0.0,116.65662015000001,-0.932891613129631,True,True,False,False,False
2026-08-22 02:51:00+08:00,117.75,117.75,False,0.0,18.315,31.82991,0.0,116.59296033000001,-0.9874755088615884,True,True,False,False,False
2026-08-22 02:52:00+08:00,117.75,117.75,False,0.0,18.325,31.82991,0.0,116.65662015000001,-0.932891613129631,True,True,False,False,False
2026-08-22 02:53:00+08:00,117.75,117.75,False,0.0,18.315,31.82991,0.0,116.59296033000001,-0.9874755088615884,True,True,False,False,False
2026-08-22 02:54:00+08:00,117.75,117.75,False,0.0,18.315,31.82991,0.0,116.59296033000001,-0.9874755088615884,True,True,False,False,False
2026-08-22 02:55:00+08:00,117.75,117.75,False,0.0,18.305,31.834,0.0,116.544274,-1.0292406889978016,True,True,False,False,False
2026-08-22 02:56:00+08:00,117.75,117.75,False,0.0,18.305,31.834,0.0,116.544274,-1.0292406889978016,True,True,False,False,False
2026-08-22 02:57:00+08:00,117.75,117.75,False,0.0,18.305,31.834,0.0,116.544274,-1.0292406889978016,True,True,False,False,False
2026-08-22 02:58:00+08:00,117.75,117.75,False,0.0,18.315,31.834,0.0,116.60794200000001,-0.974627094139606,True,True,False,False,False
2026-08-22 02:59:00+08:00,117.75,117.75,False,0.0,18.315,31.834,0.0,116.60794200000001,-0.974627094139606,True,True,False,False,False
2026-08-22 03:00:00+08:00,117.75,117.75,False,0.0,18.325,31.83023,0.0,116.65779295,-0.9318862963169238,True,True,False,False,False
2026-08-22 03:01:00+08:00,117.75,117.75,False,0.0,18.345,31.83023,0.0,116.78511386999999,-0.8228073946614541,True,True,False,False,False
2026-08-22 03:02:00+08:00,117.75,117.75,False,0.0,18.335,31.83023,0.0,116.72145341000001,-0.8773320376885795,True,True,False,False,False
2026-08-22 03:03:00+08:00,117.75,117.75,False,0.0,18.335,31.83023,0.0,116.72145341000001,-0.8773320376885795,True,True,False,False,False
2026-08-22 03:04:00+08:00,117.75,117.75,False,0.0,18.335,31.83023,0.0,116.72145341000001,-0.8773320376885795,True,True,False,False,False
2026-08-22 03:05:00+08:00,117.75,117.75,False,0.0,18.335,31.83182,0.0,116.72728394,-0.8723370066515224,True,True,False,False,False
2026-08-22 03:06:00+08:00,117.75,117.75,False,0.0,18.335,31.83182,0.0,116.72728394,-0.8723370066515224,True,True,False,False,False
2026-08-22 03:07:00+08:00,117.75,117.75,False,0.0,18.355,31.83182,0.0,116.85461122000001,-0.7633172897529634,True,True,False,False,False
2026-08-22 03:08:00+08:00,117.75,117.75,False,0.0,18.355,31.83182,0.0,116.85461122000001,-0.7633172897529634,True,True,False,False,False
2026-08-22 03:09:00+08:00,117.75,117.75,False,0.0,18.345,31.83182,0.0,116.79094758,-0.8178123520822573,True,True,False,False,False
2026-08-22 03:10:00+08:00,117.75,117.75,False,0.0,18.345,31.83119,0.0,116.78863611,-0.8197914901740248,True,True,False,False,False
2026-08-22 03:11:00+08:00,117.75,117.75,False,0.0,18.345,31.83119,0.0,116.78863611,-0.8197914901740248,True,True,False,False,False
2026-08-22 03:12:00+08:00,117.75,117.75,False,0.0,18.335,31.83119,0.0,116.72497373000002,-0.8743161401781927,True,True,False,False,False
2026-08-22 03:13:00+08:00,117.75,117.75,False,0.0,18.335,31.83119,0.0,116.72497373000002,-0.8743161401781927,True,True,False,False,False
2026-08-22 03:14:00+08:00,117.75,117.75,False,0.0,18.335,31.83119,0.0,116.72497373000002,-0.8743161401781927,True,True,False,False,False
2026-08-22 03:15:00+08:00,117.75,117.75,False,0.0,18.335,31.83086,0.0,116.72376362,-0.875352844732915,True,True,False,False,False
2026-08-22 03:16:00+08:00,117.75,117.75,False,0.0,18.345,31.83086,0.0,116.78742534,-0.82082819712427,True,True,False,False,False
2026-08-22 03:17:00+08:00,117.75,117.75,False,0.0,18.345,31.83086,0.0,116.78742534,-0.82082819712427,True,True,False,False,False
2026-08-22 03:18:00+08:00,117.75,117.75,False,0.0,18.365,31.83086,0.0,116.91474878,-0.7118676531881301,True,True,False,False,False
2026-08-22 03:19:00+08:00,117.75,117.75,False,0.0,18.355,31.83086,0.0,116.85108706000001,-0.766333141303892,True,True,False,False,False
2026-08-22 03:20:00+08:00,117.75,117.75,False,0.0,18.365,31.83452,0.0,116.92819196,-0.7003701819383945,True,True,False,False,False
2026-08-22 03:21:00+08:00,117.75,117.75,False,0.0,18.355,31.83452,0.0,116.86452292000001,-0.7548356930162597,True,True,False,False,False
2026-08-22 03:22:00+08:00,117.75,117.75,False,0.0,18.355,31.83452,0.0,116.86452292000001,-0.7548356930162597,True,True,False,False,False
2026-08-22 03:23:00+08:00,117.75,117.75,False,0.0,18.365,31.83452,0.0,116.92819196,-0.7003701819383945,True,True,False,False,False
2026-08-22 03:24:00+08:00,117.75,117.75,False,0.0,18.365,31.83452,0.0,116.92819196,-0.7003701819383945,True,True,False,False,False
2026-08-22 03:25:00+08:00,117.75,117.75,False,0.0,18.365,31.84117,0.0,116.95261740999999,-0.6794833383618142,True,True,False,False,False
2026-08-22 03:26:00+08:00,117.75,117.75,False,0.0,18.365,31.84117,0.0,116.95261740999999,-0.6794833383618142,True,True,False,False,False
2026-08-22 03:27:00+08:00,117.75,117.75,False,0.0,18.365,31.84117,0.0,116.95261740999999,-0.6794833383618142,True,True,False,False,False
2026-08-22 03:28:00+08:00,117.75,117.75,False,0.0,18.365,31.84117,0.0,116.95261740999999,-0.6794833383618142,True,True,False,False,False
2026-08-22 03:29:00+08:00,117.75,117.75,False,0.0,18.355,31.84117,0.0,116.88893507,-0.7339488902326594,True,True,False,False,False
2026-08-22 03:30:00+08:00,117.75,117.75,False,0.0,18.375,31.84076,0.0,117.01479300000001,-0.6263349717859853,True,True,False,False,False
2026-08-22 03:31:00+08:00,117.75,117.75,False,0.0,18.385,31.84076,0.0,117.07847452000001,-0.5719284949345379,True,True,False,False,False
2026-08-22 03:32:00+08:00,117.75,117.75,False,0.0,18.375,31.84076,0.0,117.01479300000001,-0.6263349717859853,True,True,False,False,False
2026-08-22 03:33:00+08:00,117.75,117.75,False,0.0,18.375,31.84076,0.0,117.01479300000001,-0.6263349717859853,True,True,False,False,False
2026-08-22 03:34:00+08:00,117.75,117.75,False,0.0,18.375,31.84076,0.0,117.01479300000001,-0.6263349717859853,True,True,False,False,False
2026-08-22 03:35:00+08:00,117.75,117.75,False,0.0,18.355,31.83795,0.0,116.87711445,-0.7440619572432426,True,True,False,False,False
2026-08-22 03:36:00+08:00,117.75,117.75,False,0.0,18.345,31.83795,0.0,116.81343855,-0.798557060545785,True,True,False,False,False
2026-08-22 03:37:00+08:00,117.75,117.75,False,0.0,18.345,31.83795,0.0,116.81343855,-0.798557060545785,True,True,False,False,False
2026-08-22 03:38:00+08:00,117.75,117.75,False,0.0,18.345,31.83795,0.0,116.81343855,-0.798557060545785,True,True,False,False,False
2026-08-22 03:39:00+08:00,117.75,117.75,False,0.0,18.345,31.83795,0.0,116.81343855,-0.798557060545785,True,True,False,False,False
2026-08-22 03:40:00+08:00,117.75,117.75,False,0.0,18.335,31.84156,0.0,116.76300052000002,-0.8417439355698368,True,True,False,False,False
2026-08-22 03:41:00+08:00,117.75,117.75,False,0.0,18.325,31.84156,0.0,116.6993174,-0.8962982802866559,True,True,False,False,False
2026-08-22 03:42:00+08:00,117.75,117.75,False,0.0,18.315,31.84156,0.0,116.63563428000002,-0.9508822700872064,True,True,False,False,False
2026-08-22 03:43:00+08:00,117.75,117.75,False,0.0,18.305,31.84156,0.0,116.57195116,-1.0054959291420424,True,True,False,False,False
2026-08-22 03:44:00+08:00,117.75,117.75,False,0.0,18.315,31.84156,0.0,116.63563428000002,-0.9508822700872064,True,True,False,False,False
2026-08-22 03:45:00+08:00,117.75,117.75,False,0.0,18.325,31.84057,0.0,116.69568904999998,-0.8994074101103764,True,True,False,False,False
2026-08-22 03:46:00+08:00,117.75,117.75,False,0.0,18.325,31.84057,0.0,116.69568904999998,-0.8994074101103764,True,True,False,False,False
2026-08-22 03:47:00+08:00,117.75,117.75,False,0.0,18.335,31.84057,0.0,116.75937019,-0.8448530727769139,True,True,False,False,False
2026-08-22 03:48:00+08:00,117.75,117.75,False,0.0,18.335,31.84057,0.0,116.75937019,-0.8448530727769139,True,True,False,False,False
2026-08-22 03:49:00+08:00,117.75,117.75,False,0.0,18.335,31.84057,0.0,116.75937019,-0.8448530727769139,True,True,False,False,False
2026-08-22 03:50:00+08:00,117.75,117.75,False,0.0,18.315,31.83706,0.0,116.61915078000001,-0.9650154179732506,True,True,False,False,False
2026-08-22 03:51:00+08:00,117.75,117.75,False,0.0,18.325,31.83706,0.0,116.68282489999999,-0.9104314640709807,True,True,False,False,False
2026-08-22 03:52:00+08:00,117.75,117.75,False,0.0,18.315,31.83706,0.0,116.61915078000001,-0.9650154179732506,True,True,False,False,False
2026-08-22 03:53:00+08:00,117.75,117.75,False,0.0,18.305,31.83706,0.0,116.55547666,-1.0196290390031069,True,True,False,False,False
2026-08-22 03:54:00+08:00,117.25,117.25,False,0.0,18.295,31.83706,0.0,116.49180254000001,-0.6487478506291072,True,True,False,False,False
2026-08-22 03:55:00+08:00,117.5,117.5,False,0.0,18.315,31.8308,0.0,116.59622040000002,-0.7721436924147611,True,True,False,False,False
2026-08-22 03:56:00+08:00,117.25,117.25,False,0.0,18.305,31.8308,0.0,116.53255879999999,-0.6137679420420564,True,True,False,False,False
2026-08-22 03:57:00+08:00,117.25,117.25,False,0.0,18.295,31.8308,0.0,116.46889720000001,-0.6684121903344195,True,True,False,False,False
2026-08-22 03:58:00+08:00,117.75,117.75,False,0.0,18.325,31.8308,0.0,116.659882,-0.9300956006624361,True,True,False,False,False
2026-08-22 03:59:00+08:00,117.5,117.5,False,0.0,18.335,31.8308,0.0,116.72354360000001,-0.6630045708180349,True,True,False,False,False
2026-08-24 21:30:00+08:00,123.75,123.75,False,0.0,19.385,31.82558,0.0,123.38777366,-0.293137171736717,True,True,False,False,False
2026-08-24 21:31:00+08:00,124.25,124.25,False,0.0,19.465,31.82558,0.0,123.89698294,-0.2845225485456383,True,True,False,False,False
2026-08-24 21:32:00+08:00,123.75,123.75,False,0.0,19.325,31.82558,0.0,123.0058667,-0.6031332182303907,True,True,False,False,False
2026-08-24 21:33:00+08:00,123.75,123.75,False,0.0,19.32,31.82558,0.0,122.97404112,-0.6290095415732907,True,True,False,False,False
2026-08-24 21:34:00+08:00,123.75,123.75,False,0.0,19.335,31.82558,0.0,123.06951785999999,-0.5514005909257061,True,True,False,False,False
2026-08-24 21:35:00+08:00,124.25,124.25,False,0.0,19.435,31.82784,0.0,123.71481408,-0.4316627921470652,True,True,False,False,False
2026-08-24 21:36:00+08:00,123.75,123.75,False,0.0,19.365,31.82784,0.0,123.26922431999999,-0.38926175185230855,True,True,False,False,False
2026-08-24 21:37:00+08:00,123.75,123.75,False,0.0,19.335,31.82784,0.0,123.07825728,-0.5442996903210947,True,True,False,False,False
2026-08-24 21:38:00+08:00,123.25,123.25,False,0.0,19.245,31.82784,0.0,122.50535615999999,-0.6060041592869339,True,True,False,False,False
2026-08-24 21:39:00+08:00,123.25,123.25,False,0.0,19.19,31.82784,0.0,122.15524992,-0.8921977670460401,True,True,False,False,False
2026-08-24 21:40:00+08:00,122.75,122.75,False,0.0,19.125,31.83531,0.0,121.77006075,-0.8015205353657274,True,True,False,False,False
2026-08-24 21:41:00+08:00,122.75,122.75,False,0.0,19.125,31.83531,0.0,121.77006075,-0.8015205353657274,True,True,False,False,False
2026-08-24 21:42:00+08:00,122.75,122.75,False,0.0,19.105,31.83531,0.0,121.64271951,-0.9061485073860281,True,True,False,False,False
2026-08-24 21:43:00+08:00,122.75,122.75,False,0.0,19.135,31.83531,0.0,121.83373137000001,-0.7492474048602052,True,True,False,False,False
2026-08-24 21:44:00+08:00,122.75,122.75,False,0.0,19.095,31.83531,0.0,121.57904889,-0.9585033914875845,True,True,False,False,False
2026-08-24 21:45:00+08:00,122.25,122.25,False,0.0,19.035,31.83142,0.0,121.18221594000002,-0.877274239054014,True,True,False,False,False
2026-08-24 21:46:00+08:00,122.75,122.75,False,0.0,19.105,31.83142,0.0,121.62785582000001,-0.9183681362901585,True,True,False,False,False
2026-08-24 21:47:00+08:00,122.75,122.75,False,0.0,19.045,31.83142,0.0,121.24587878000003,-1.2329070700052036,True,True,False,False,False
2026-08-24 21:48:00+08:00,122.25,122.25,False,0.0,18.995,31.83142,0.0,120.92756458000001,-1.0876294630913115,True,True,False,False,False
2026-08-24 21:49:00+08:00,122.25,122.25,False,0.0,18.955,31.83142,0.0,120.67291321999998,-1.2984257096997252,True,True,False,False,False
2026-08-24 21:50:00+08:00,121.75,121.75,False,0.0,18.905,31.8355,0.0,120.3700255,-1.1399094289290854,True,True,False,False,False
2026-08-24 21:51:00+08:00,121.25,121.25,False,0.0,18.845,31.8355,0.0,119.9879995,-1.0462700757058792,True,True,False,False,False
2026-08-24 21:52:00+08:00,121.25,121.25,False,0.0,18.79,31.8355,0.0,119.63780899999999,-1.3385409636898726,True,True,False,False,False
2026-08-24 21:53:00+08:00,121.5,121.5,False,0.0,18.845,31.8355,0.0,119.9879995,-1.252236552649068,True,True,False,False,False
2026-08-24 21:54:00+08:00,121.75,121.75,False,0.0,18.835,31.8355,0.0,119.9243285,-1.510852651443282,True,True,False,False,False
2026-08-24 21:55:00+08:00,121.75,121.75,False,0.0,18.865,31.83737,0.0,120.12239700999999,-1.3458360773037878,True,True,False,False,False
2026-08-24 21:56:00+08:00,121.25,121.25,False,0.0,18.825,31.83737,0.0,119.86769804999999,-1.1465785889456925,True,True,False,False,False
2026-08-24 21:57:00+08:00,121.75,121.75,False,0.0,18.835,31.83737,0.0,119.93137279,-1.5049792120969379,True,True,False,False,False
2026-08-24 21:58:00+08:00,121.75,121.75,False,0.0,18.915,31.83737,0.0,120.44077071,-1.081155393462685,True,True,False,False,False
2026-08-24 21:59:00+08:00,121.75,121.75,False,0.0,18.875,31.83737,0.0,120.18607175,-1.292844211851186,True,True,False,False,False
2026-08-24 22:00:00+08:00,121.75,121.75,False,0.0,18.815,31.83866,0.0,119.80887758000001,-1.6071629736374475,True,True,False,False,False
2026-08-24 22:01:00+08:00,121.75,121.75,False,0.0,18.865,31.83866,0.0,120.12726418,-1.341784500086289,True,True,False,False,False
2026-08-24 22:02:00+08:00,121.25,121.25,False,0.0,18.835,31.83866,0.0,119.93623222000001,-1.0894218694884936,True,True,False,False,False
2026-08-24 22:03:00+08:00,121.25,121.25,False,0.0,18.845,31.83866,0.0,119.99990954,-1.0363448113896403,True,True,False,False,False
2026-08-24 22:04:00+08:00,121.25,121.25,False,0.0,18.825,31.83866,0.0,119.8725549,-1.1425269615040918,True,True,False,False,False
2026-08-24 22:05:00+08:00,121.75,121.75,False,0.0,18.865,31.8393,0.0,120.1296789,-1.3397744757796586,True,True,False,False,False
2026-08-24 22:06:00+08:00,121.75,121.75,False,0.0,18.905,31.8393,0.0,120.38439330000001,-1.1279741645855534,True,True,False,False,False
2026-08-24 22:07:00+08:00,121.75,121.75,False,0.0,18.865,31.8393,0.0,120.1296789,-1.3397744757796586,True,True,False,False,False
2026-08-24 22:08:00+08:00,121.75,121.75,False,0.0,18.845,31.8393,0.0,120.0023217,-1.4458419987120266,True,True,False,False,False
2026-08-24 22:09:00+08:00,121.75,121.75,False,0.0,18.815,31.8393,0.0,119.8112859,-1.6051529886312785,True,True,False,False,False
2026-08-24 22:10:00+08:00,121.75,121.75,False,0.0,18.845,31.84758,0.0,120.03352901999999,-1.4198411173475982,True,True,False,False,False
2026-08-24 22:11:00+08:00,121.25,121.25,False,0.0,18.815,31.84758,0.0,119.84244354,-1.167648756910513,True,True,False,False,False
2026-08-24 22:12:00+08:00,121.75,121.75,False,0.0,18.815,31.84758,0.0,119.84244354,-1.5791524205384881,True,True,False,False,False
2026-08-24 22:13:00+08:00,121.75,121.75,False,0.0,18.825,31.84758,0.0,119.9061387,-1.5260206588743284,True,True,False,False,False
2026-08-24 22:14:00+08:00,121.75,121.75,False,0.0,18.855,31.84758,0.0,120.09722418000001,-1.3667932932485294,True,True,False,False,False
2026-08-24 22:15:00+08:00,121.75,121.75,False,0.0,18.845,31.85021,0.0,120.04344148999999,-1.4115837877849031,True,True,False,False,False
2026-08-24 22:16:00+08:00,121.75,121.75,False,0.0,18.825,31.85021,0.0,119.91604064999999,-1.5177633937042077,True,True,False,False,False
2026-08-24 22:17:00+08:00,121.75,121.75,False,0.0,18.805,31.85021,0.0,119.78863980999999,-1.624055009619049,True,True,False,False,False
2026-08-24 22:18:00+08:00,121.75,121.75,False,0.0,18.835,31.85021,0.0,119.97974107,-1.4646596005638928,True,True,False,False,False
2026-08-24 22:19:00+08:00,121.25,121.25,False,0.0,18.835,31.85021,0.0,119.97974107,-1.0531528362677252,True,True,False,False,False
2026-08-24 22:20:00+08:00,121.25,121.25,False,0.0,18.825,31.84681,0.0,119.90323965,-1.1169332429078125,True,True,False,False,False
2026-08-24 22:21:00+08:00,121.25,121.25,False,0.0,18.855,31.84681,0.0,120.09432051000002,-0.9577018324341282,True,True,False,False,False
2026-08-24 22:22:00+08:00,121.75,121.75,False,0.0,18.865,31.84681,0.0,120.15801413,-1.3161910949708988,True,True,False,False,False
2026-08-24 22:23:00+08:00,121.25,121.25,False,0.0,18.865,31.84681,0.0,120.15801413,-0.9046807115624252,True,True,False,False,False
2026-08-24 22:24:00+08:00,121.25,121.25,False,0.0,18.865,31.84681,0.0,120.15801413,-0.9046807115624252,True,True,False,False,False
2026-08-24 22:25:00+08:00,121.25,121.25,False,0.0,18.835,31.8477,0.0,119.9702859,-1.0610335654195546,True,True,False,False,False
2026-08-24 22:26:00+08:00,121.25,121.25,False,0.0,18.815,31.8477,0.0,119.8428951,-1.1672719757389425,True,True,False,False,False
2026-08-24 22:27:00+08:00,120.75,120.75,False,0.0,18.825,31.8477,0.0,119.9065905,-0.7009236674114745,True,True,False,False,False
2026-08-24 22:28:00+08:00,120.75,120.75,False,0.0,18.855,31.8477,0.0,120.09767670000001,-0.5416895100985559,True,True,False,False,False
2026-08-24 22:29:00+08:00,120.75,120.75,False,0.0,18.875,31.8477,0.0,120.2250675,-0.43567370304814257,True,True,False,False,False
2026-08-24 22:30:00+08:00,121.25,121.25,False,0.0,18.905,31.84751,0.0,120.41543530999999,-0.6906777453957842,True,True,False,False,False
2026-08-24 22:31:00+08:00,121.25,121.25,False,0.0,18.905,31.84751,0.0,120.41543530999999,-0.6906777453957842,True,True,False,False,False
2026-08-24 22:32:00+08:00,121.25,121.25,False,0.0,18.915,31.84751,0.0,120.47913033,-0.6377962547977832,True,True,False,False,False
2026-08-24 22:33:00+08:00,121.75,121.75,False,0.0,18.955,31.84751,0.0,120.73391041,-0.8380676377925186,True,True,False,False,False
2026-08-24 22:34:00+08:00,121.75,121.75,False,0.0,18.955,31.84751,0.0,120.73391041,-0.8380676377925186,True,True,False,False,False
2026-08-24 22:35:00+08:00,121.75,121.75,False,0.0,18.955,31.84081,0.0,120.70851071,-0.8591072237061678,True,True,False,False,False
2026-08-24 22:36:00+08:00,121.75,121.75,False,0.0,18.955,31.84081,0.0,120.70851071,-0.8591072237061678,True,True,False,False,False
2026-08-24 22:37:00+08:00,121.25,121.25,False,0.0,18.895,31.84081,0.0,120.32642099,-0.7646267845306216,True,True,False,False,False
2026-08-24 22:38:00+08:00,121.25,121.25,False,0.0,18.895,31.84081,0.0,120.32642099,-0.7646267845306216,True,True,False,False,False
2026-08-24 22:39:00+08:00,121.25,121.25,False,0.0,18.895,31.84081,0.0,120.32642099,-0.7646267845306216,True,True,False,False,False
2026-08-24 22:40:00+08:00,121.25,121.25,False,0.0,18.885,31.83699,0.0,120.24831123000001,-0.8295617181736653,True,True,False,False,False
2026-08-24 22:41:00+08:00,121.25,121.25,False,0.0,18.895,31.83699,0.0,120.31198520999999,-0.776624508350977,True,True,False,False,False
2026-08-24 22:42:00+08:00,121.25,121.25,False,0.0,18.935,31.83699,0.0,120.56668112999998,-0.5651544523784708,True,True,False,False,False
2026-08-24 22:43:00+08:00,121.25,121.25,False,0.0,18.935,31.83699,0.0,120.56668112999998,-0.5651544523784708,True,True,False,False,False
2026-08-24 22:44:00+08:00,121.25,121.25,False,0.0,18.905,31.83699,0.0,120.37565919000001,-0.7237151988998511,True,True,False,False,False
2026-08-24 22:45:00+08:00,121.25,121.25,False,0.0,18.905,31.8461,0.0,120.41010410000001,-0.6951051379605755,True,True,False,False,False
2026-08-24 22:46:00+08:00,121.25,121.25,False,0.0,18.915,31.8461,0.0,120.4737963,-0.6422236551643934,True,True,False,False,False
2026-08-24 22:47:00+08:00,121.25,121.25,False,0.0,18.895,31.8461,0.0,120.34641189999999,-0.7480145031077818,True,True,False,False,False
2026-08-24 22:48:00+08:00,121.25,121.25,False,0.0,18.905,31.8461,0.0,120.41010410000001,-0.6951051379605755,True,True,False,False,False
2026-08-24 22:49:00+08:00,121.25,121.25,False,0.0,18.905,31.8461,0.0,120.41010410000001,-0.6951051379605755,True,True,False,False,False
2026-08-24 22:50:00+08:00,121.25,121.25,False,0.0,18.935,31.84711,0.0,120.60500557,-0.5333728185446354,True,True,False,False,False
2026-08-24 22:51:00+08:00,121.25,121.25,False,0.0,18.925,31.84711,0.0,120.54131135,-0.5861986074215475,True,True,False,False,False
2026-08-24 22:52:00+08:00,121.25,121.25,False,0.0,18.955,31.84711,0.0,120.73239400999998,-0.42780466911045684,True,True,False,False,False
2026-08-24 22:53:00+08:00,121.25,121.25,False,0.0,18.945,31.84711,0.0,120.66869979,-0.48057484642948106,True,True,False,False,False
2026-08-24 22:54:00+08:00,121.25,121.25,False,0.0,18.945,31.84711,0.0,120.66869979,-0.48057484642948106,True,True,False,False,False
2026-08-24 22:55:00+08:00,121.25,121.25,False,0.0,18.935,31.86167,0.0,120.66014428999999,-0.48766513015088325,True,True,False,False,False
2026-08-24 22:56:00+08:00,121.25,121.25,False,0.0,18.935,31.86167,0.0,120.66014428999999,-0.48766513015088325,True,True,False,False,False
2026-08-24 22:57:00+08:00,121.25,121.25,False,0.0,18.915,31.86167,0.0,120.53269760999999,-0.5933446827175672,True,True,False,False,False
2026-08-24 22:58:00+08:00,121.25,121.25,False,0.0,18.915,31.86167,0.0,120.53269760999999,-0.5933446827175672,True,True,False,False,False
2026-08-24 22:59:00+08:00,121.25,121.25,False,0.0,18.915,31.86167,0.0,120.53269760999999,-0.5933446827175672,True,True,False,False,False
2026-08-24 23:00:00+08:00,120.75,120.75,False,0.0,18.895,31.86154,0.0,120.40475966000001,-0.28632264234530386,True,True,False,False,False
2026-08-24 23:01:00+08:00,120.75,120.75,False,0.0,18.895,31.86154,0.0,120.40475966000001,-0.28632264234530386,True,True,False,False,False
2026-08-24 23:02:00+08:00,120.75,120.75,False,0.0,18.905,31.86154,0.0,120.46848274000001,-0.23341267783648514,True,True,False,False,False
2026-08-24 23:03:00+08:00,121.25,121.25,False,0.0,18.895,31.86154,0.0,120.40475966000001,-0.6995437136758355,True,True,False,False,False
2026-08-24 23:04:00+08:00,121.25,121.25,False,0.0,18.875,31.86154,0.0,120.27731350000002,-0.8054463786349202,True,True,False,False,False
2026-08-24 23:05:00+08:00,120.75,120.75,False,0.0,18.875,31.85484,0.0,120.25202099999998,-0.41325711538328974,True,True,False,False,False
2026-08-24 23:06:00+08:00,120.75,120.75,False,0.0,18.865,31.85484,0.0,120.18831131999998,-0.4662510307495397,True,True,False,False,False
2026-08-24 23:07:00+08:00,120.75,120.75,False,0.0,18.835,31.85484,0.0,119.99718227999999,-0.6254010641955914,True,True,False,False,False
2026-08-24 23:08:00+08:00,120.75,120.75,False,0.0,18.845,31.85484,0.0,120.06089195999998,-0.5723229828943839,True,True,False,False,False
2026-08-24 23:09:00+08:00,120.75,120.75,False,0.0,18.835,31.85484,0.0,119.99718227999999,-0.6254010641955914,True,True,False,False,False
2026-08-24 23:10:00+08:00,120.75,120.75,False,0.0,18.815,31.84886,0.0,119.84726018,-0.7504157107396979,True,True,False,False,False
2026-08-24 23:11:00+08:00,120.75,120.75,False,0.0,18.825,31.84886,0.0,119.9109579,-0.6972814430071712,True,True,False,False,False
2026-08-24 23:12:00+08:00,120.75,120.75,False,0.0,18.845,31.84886,0.0,120.03835333999999,-0.591097243806596,True,True,False,False,False
2026-08-24 23:13:00+08:00,120.75,120.75,False,0.0,18.805,31.84886,0.0,119.78356245999998,-0.8035781203388039,True,True,False,False,False
2026-08-24 23:14:00+08:00,120.75,120.75,False,0.0,18.795,31.84886,0.0,119.71986474,-0.8567686941678067,True,True,False,False,False
2026-08-24 23:15:00+08:00,120.75,120.75,False,0.0,18.785,31.85828,0.0,119.69155796,-0.8804152235414194,True,True,False,False,False
2026-08-24 23:16:00+08:00,120.75,120.75,False,0.0,18.795,31.85828,0.0,119.75527452000001,-0.8271963947445701,True,True,False,False,False
2026-08-24 23:17:00+08:00,120.75,120.75,False,0.0,18.805,31.85828,0.0,119.81899108,-0.7740057567854988,True,True,False,False,False
2026-08-24 23:18:00+08:00,120.75,120.75,False,0.0,18.795,31.85828,0.0,119.75527452000001,-0.8271963947445701,True,True,False,False,False
2026-08-24 23:19:00+08:00,120.75,120.75,False,0.0,18.795,31.85828,0.0,119.75527452000001,-0.8271963947445701,True,True,False,False,False
2026-08-24 23:20:00+08:00,120.75,120.75,False,0.0,18.795,31.85368,0.0,119.73798312000001,-0.8416361323925349,True,True,False,False,False
2026-08-24 23:21:00+08:00,120.75,120.75,False,0.0,18.825,31.85368,0.0,119.92910520000001,-0.6821487883776549,True,True,False,False,False
2026-08-24 23:22:00+08:00,120.75,120.75,False,0.0,18.815,31.85368,0.0,119.86539784000001,-0.7352830849073194,True,True,False,False,False
2026-08-24 23:23:00+08:00,120.75,120.75,False,0.0,18.825,31.85368,0.0,119.92910520000001,-0.6821487883776549,True,True,False,False,False
2026-08-24 23:24:00+08:00,120.75,120.75,False,0.0,18.845,31.85368,0.0,120.05651992,-0.5759645380286101,True,True,False,False,False
2026-08-24 23:25:00+08:00,121.25,121.25,False,0.0,18.855,31.85143,0.0,120.11174253000001,-0.9431962647174753,True,True,False,False,False
2026-08-24 23:26:00+08:00,121.25,121.25,False,0.0,18.865,31.85143,0.0,120.17544538999998,-0.8901751083148504,True,True,False,False,False
2026-08-24 23:27:00+08:00,121.25,121.25,False,0.0,18.865,31.85143,0.0,120.17544538999998,-0.8901751083148504,True,True,False,False,False
2026-08-24 23:28:00+08:00,121.75,121.75,False,0.0,18.885,31.85143,0.0,120.30285111,-1.195729679170226,True,True,False,False,False
2026-08-24 23:29:00+08:00,121.75,121.75,False,0.0,18.905,31.85143,0.0,120.43025683,-1.0898850197573269,True,True,False,False,False
2026-08-24 23:30:00+08:00,121.75,121.75,False,0.0,18.925,31.85071,0.0,120.55493735,-0.9864121326374591,True,True,False,False,False
2026-08-24 23:31:00+08:00,121.75,121.75,False,0.0,18.915,31.85071,0.0,120.49123592999999,-1.0392649006825203,True,True,False,False,False
2026-08-24 23:32:00+08:00,121.25,121.25,False,0.0,18.905,31.85071,0.0,120.42753451000002,-0.6806304869565386,True,True,False,False,False
2026-08-24 23:33:00+08:00,121.25,121.25,False,0.0,18.945,31.85071,0.0,120.68234018999999,-0.46927154059205256,True,True,False,False,False
2026-08-24 23:34:00+08:00,121.25,121.25,False,0.0,18.945,31.85071,0.0,120.68234018999999,-0.46927154059205256,True,True,False,False,False
2026-08-24 23:35:00+08:00,121.25,121.25,False,0.0,18.915,31.84392,0.0,120.46554936,-0.6490692403339582,True,True,False,False,False
2026-08-24 23:36:00+08:00,121.25,121.25,False,0.0,18.935,31.84392,0.0,120.59292504,-0.5433898551229686,True,True,False,False,False
2026-08-24 23:37:00+08:00,121.25,121.25,False,0.0,18.935,31.84392,0.0,120.59292504,-0.5433898551229686,True,True,False,False,False
2026-08-24 23:38:00+08:00,121.25,121.25,False,0.0,18.915,31.84392,0.0,120.46554936,-0.6490692403339582,True,True,False,False,False
2026-08-24 23:39:00+08:00,121.25,121.25,False,0.0,18.945,31.84392,0.0,120.65661288000001,-0.4905918965467419,True,True,False,False,False
2026-08-24 23:40:00+08:00,121.75,121.75,False,0.0,18.995,31.84282,0.0,120.97087318000001,-0.6419940813431344,True,True,False,False,False
2026-08-24 23:41:00+08:00,121.75,121.75,False,0.0,18.975,31.84282,0.0,120.8435019,-0.747339143794266,True,True,False,False,False
2026-08-24 23:42:00+08:00,121.75,121.75,False,0.0,18.985,31.84282,0.0,120.90718754,-0.6946527886062095,True,True,False,False,False
2026-08-24 23:43:00+08:00,121.75,121.75,False,0.0,18.975,31.84282,0.0,120.8435019,-0.747339143794266,True,True,False,False,False
2026-08-24 23:44:00+08:00,121.75,121.75,False,0.0,18.985,31.84282,0.0,120.90718754,-0.6946527886062095,True,True,False,False,False
2026-08-24 23:45:00+08:00,121.25,121.25,False,0.0,18.995,31.8364,0.0,120.94648360000001,-0.2506365042865489,True,True,False,False,False
2026-08-24 23:46:00+08:00,121.75,121.75,False,0.0,19.055,31.8364,0.0,121.3285204,-0.3467847338435567,True,True,False,False,False
2026-08-24 23:47:00+08:00,121.75,121.75,False,0.0,19.105,31.8364,0.0,121.6468844,-0.08473041900613196,True,True,False,False,False
2026-08-24 23:48:00+08:00,121.75,121.75,False,0.0,19.055,31.8364,0.0,121.3285204,-0.3467847338435567,True,True,False,False,False
2026-08-24 23:49:00+08:00,121.75,121.75,False,0.0,19.065,31.8364,0.0,121.39219320000002,-0.29431897055042067,True,True,False,False,False
2026-08-24 23:50:00+08:00,121.75,121.75,False,0.0,19.075,31.83484,0.0,121.44991459999999,-0.24678084323637722,True,True,False,False,False
2026-08-24 23:51:00+08:00,121.75,121.75,False,0.0,19.045,31.83484,0.0,121.25890556000002,-0.40417814225226406,True,True,False,False,False
2026-08-24 23:52:00+08:00,121.75,121.75,False,0.0,19.055,31.83484,0.0,121.32257523999999,-0.3516848904718981,True,True,False,False,False
2026-08-24 23:53:00+08:00,121.75,121.75,False,0.0,19.055,31.83484,0.0,121.32257523999999,-0.3516848904718981,True,True,False,False,False
2026-08-24 23:54:00+08:00,121.75,121.75,False,0.0,19.055,31.83484,0.0,121.32257523999999,-0.3516848904718981,True,True,False,False,False
2026-08-24 23:55:00+08:00,121.75,121.75,False,0.0,19.005000000000003,31.83679,0.0,121.01163879000003,-0.608301388703906,True,True,False,False,False
2026-08-24 23:56:00+08:00,121.75,121.75,False,0.0,18.985,31.83679,0.0,120.88429163,-0.7135911121088659,True,True,False,False,False
2026-08-24 23:57:00+08:00,121.75,121.75,False,0.0,18.975,31.83679,0.0,120.82061805000001,-0.7662774308539076,True,True,False,False,False
2026-08-24 23:58:00+08:00,121.25,121.25,False,0.0,18.965,31.83679,0.0,120.75694447000001,-0.4074722162042034,True,True,False,False,False
2026-08-24 23:59:00+08:00,121.75,121.75,False,0.0,18.995,31.83679,0.0,120.94796521,-0.6609324386432447,True,True,False,False,False
2026-08-25 00:00:00+08:00,121.25,121.25,False,0.0,18.965,31.84331,0.0,120.78167483,-0.3869949421528779,True,True,False,False,False
2026-08-25 00:01:00+08:00,121.75,121.75,False,0.0,18.975,31.84331,0.0,120.84536145,-0.7458003686409739,True,True,False,False,False
2026-08-25 00:02:00+08:00,121.75,121.75,False,0.0,18.975,31.84331,0.0,120.84536145,-0.7458003686409739,True,True,False,False,False
2026-08-25 00:03:00+08:00,121.75,121.75,False,0.0,18.985,31.84331,0.0,120.90904807,-0.6931140105333413,True,True,False,False,False
2026-08-25 00:04:00+08:00,121.75,121.75,False,0.0,18.975,31.84331,0.0,120.84536145,-0.7458003686409739,True,True,False,False,False
2026-08-25 00:05:00+08:00,121.75,121.75,False,0.0,18.975,31.83153,0.0,120.80065635000001,-0.7828003141991817,True,True,False,False,False
2026-08-25 00:06:00+08:00,121.75,121.75,False,0.0,19.005000000000003,31.83153,0.0,120.99164553000003,-0.6248243628275547,True,True,False,False,False
2026-08-25 00:07:00+08:00,121.75,121.75,False,0.0,19.015,31.83153,0.0,121.05530859000001,-0.5722209403362288,True,True,False,False,False
2026-08-25 00:08:00+08:00,121.75,121.75,False,0.0,19.015,31.83153,0.0,121.05530859000001,-0.5722209403362288,True,True,False,False,False
2026-08-25 00:09:00+08:00,121.75,121.75,False,0.0,19.005000000000003,31.83153,0.0,120.99164553000003,-0.6248243628275547,True,True,False,False,False
2026-08-25 00:10:00+08:00,121.75,121.75,False,0.0,19.015,31.83753,0.0,121.07812659000001,-0.5533736305056663,True,True,False,False,False
2026-08-25 00:11:00+08:00,121.75,121.75,False,0.0,19.025,31.83753,0.0,121.14180165,-0.5007977592231714,True,True,False,False,False
2026-08-25 00:12:00+08:00,121.75,121.75,False,0.0,19.025,31.83753,0.0,121.14180165,-0.5007977592231714,True,True,False,False,False
2026-08-25 00:13:00+08:00,121.75,121.75,False,0.0,19.035,31.83753,0.0,121.20547671,-0.44824944666710476,True,True,False,False,False
2026-08-25 00:14:00+08:00,121.75,121.75,False,0.0,19.045,31.83753,0.0,121.26915177000001,-0.39572867117492067,True,True,False,False,False
2026-08-25 00:15:00+08:00,121.75,121.75,False,0.0,19.095,31.83452,0.0,121.57603188,-0.14299178649803723,True,True,False,False,False
2026-08-25 00:16:00+08:00,121.75,121.75,False,0.0,19.115,31.83452,0.0,121.70336995999999,-0.038307163304145055,True,True,False,False,False
2026-08-25 00:17:00+08:00,121.75,121.75,False,0.0,19.095,31.83452,0.0,121.57603188,-0.14299178649803723,True,True,False,False,False
2026-08-25 00:18:00+08:00,121.75,121.75,False,0.0,19.095,31.83452,0.0,121.57603188,-0.14299178649803723,True,True,False,False,False
2026-08-25 00:19:00+08:00,121.75,121.75,False,0.0,19.105,31.83452,0.0,121.63970092000002,-0.09063578251918737,True,True,False,False,False
2026-08-25 00:20:00+08:00,121.75,121.75,False,0.0,19.115,31.83804,0.0,121.71682691999999,-0.027250595425808762,True,True,False,False,False
2026-08-25 00:21:00+08:00,122.25,122.25,False,0.0,19.105,31.83804,0.0,121.65315084,-0.4894148828700757,True,True,False,False,False
2026-08-25 00:22:00+08:00,122.25,122.25,False,0.0,19.115,31.83804,0.0,121.71682691999999,-0.4370865389619928,True,True,False,False,False
2026-08-25 00:23:00+08:00,121.75,121.75,False,0.0,19.105,31.83804,0.0,121.65315084,-0.07957921634602698,True,True,False,False,False
2026-08-25 00:24:00+08:00,121.75,121.75,False,0.0,19.105,31.83804,0.0,121.65315084,-0.07957921634602698,True,True,False,False,False
2026-08-25 00:25:00+08:00,121.75,121.75,False,0.0,19.095,31.838,0.0,121.589322,-0.13206085944466003,True,True,False,False,False
2026-08-25 00:26:00+08:00,121.75,121.75,False,0.0,19.085,31.838,0.0,121.52564600000001,-0.18444427437672167,True,True,False,False,False
2026-08-25 00:27:00+08:00,121.75,121.75,False,0.0,19.075,31.838,0.0,121.46197,-0.23685511860292585,True,True,False,False,False
2026-08-25 00:28:00+08:00,121.75,121.75,False,0.0,19.085,31.838,0.0,121.52564600000001,-0.18444427437672167,True,True,False,False,False
2026-08-25 00:29:00+08:00,121.75,121.75,False,0.0,19.055,31.838,0.0,121.334618,-0.3417591811588785,True,True,False,False,False
2026-08-25 00:30:00+08:00,121.75,121.75,False,0.0,19.075,31.83811,0.0,121.46238965,-0.23650962059448213,True,True,False,False,False
2026-08-25 00:31:00+08:00,121.75,121.75,False,0.0,19.045,31.83811,0.0,121.27136099000002,-0.39390694550482414,True,True,False,False,False
2026-08-25 00:32:00+08:00,121.75,121.75,False,0.0,19.025,31.83811,0.0,121.14400855,-0.4989760378344291,True,True,False,False,False
2026-08-25 00:33:00+08:00,121.75,121.75,False,0.0,19.025,31.83811,0.0,121.14400855,-0.4989760378344291,True,True,False,False,False
2026-08-25 00:34:00+08:00,121.75,121.75,False,0.0,19.015,31.83811,0.0,121.08033233,-0.5515519116367512,True,True,False,False,False
2026-08-25 00:35:00+08:00,121.75,121.75,False,0.0,19.025,31.83872,0.0,121.14632959999999,-0.49706012519343795,True,True,False,False,False
2026-08-25 00:36:00+08:00,121.75,121.75,False,0.0,19.035,31.83872,0.0,121.21000704000001,-0.44451180799570017,True,True,False,False,False
2026-08-25 00:37:00+08:00,121.75,121.75,False,0.0,19.035,31.83872,0.0,121.21000704000001,-0.44451180799570017,True,True,False,False,False
2026-08-25 00:38:00+08:00,121.75,121.75,False,0.0,19.025,31.83872,0.0,121.14632959999999,-0.49706012519343795,True,True,False,False,False
2026-08-25 00:39:00+08:00,121.75,121.75,False,0.0,19.035,31.83872,0.0,121.21000704000001,-0.44451180799570017,True,True,False,False,False
2026-08-25 00:40:00+08:00,121.75,121.75,False,0.0,19.025,31.83822,0.0,121.14442709999999,-0.49863054268486573,True,True,False,False,False
2026-08-25 00:41:00+08:00,121.75,121.75,False,0.0,18.995,31.83822,0.0,120.95339778,-0.6564409293701623,True,True,False,False,False
2026-08-25 00:42:00+08:00,121.75,121.75,False,0.0,18.985,31.83822,0.0,120.88972134000001,-0.709099610936762,True,True,False,False,False
2026-08-25 00:43:00+08:00,121.75,121.75,False,0.0,18.985,31.83822,0.0,120.88972134000001,-0.709099610936762,True,True,False,False,False
2026-08-25 00:44:00+08:00,121.75,121.75,False,0.0,18.985,31.83822,0.0,120.88972134000001,-0.709099610936762,True,True,False,False,False
2026-08-25 00:45:00+08:00,121.75,121.75,False,0.0,18.975,31.84889,0.0,120.86653755000002,-0.7282788378083354,True,True,False,False,False
2026-08-25 00:46:00+08:00,121.75,121.75,False,0.0,18.965,31.84889,0.0,120.80283976999999,-0.7809929010916965,True,True,False,False,False
2026-08-25 00:47:00+08:00,121.75,121.75,False,0.0,18.975,31.84889,0.0,120.86653755000002,-0.7282788378083354,True,True,False,False,False
2026-08-25 00:48:00+08:00,121.75,121.75,False,0.0,19.015,31.84889,0.0,121.12132867,-0.5176990906606408,True,True,False,False,False
2026-08-25 00:49:00+08:00,121.75,121.75,False,0.0,19.005000000000003,31.84889,0.0,121.05763089000001,-0.5703025950726017,True,True,False,False,False
2026-08-25 00:50:00+08:00,121.75,121.75,False,0.0,19.005000000000003,31.84188,0.0,121.03098588000003,-0.5923150179111288,True,True,False,False,False
2026-08-25 00:51:00+08:00,121.75,121.75,False,0.0,19.005000000000003,31.84188,0.0,121.03098588000003,-0.5923150179111288,True,True,False,False,False
2026-08-25 00:52:00+08:00,121.75,121.75,False,0.0,19.005000000000003,31.84188,0.0,121.03098588000003,-0.5923150179111288,True,True,False,False,False
2026-08-25 00:53:00+08:00,121.75,121.75,False,0.0,19.005000000000003,31.84188,0.0,121.03098588000003,-0.5923150179111288,True,True,False,False,False
2026-08-25 00:54:00+08:00,121.75,121.75,False,0.0,19.005000000000003,31.84188,0.0,121.03098588000003,-0.5923150179111288,True,True,False,False,False
2026-08-25 00:55:00+08:00,121.75,121.75,False,0.0,18.995,31.84649,0.0,120.98481551,-0.6304695009591422,True,True,False,False,False
2026-08-25 00:56:00+08:00,121.75,121.75,False,0.0,18.985,31.84649,0.0,120.92112253,-0.6831282283268175,True,True,False,False,False
2026-08-25 00:57:00+08:00,121.75,121.75,False,0.0,18.985,31.84649,0.0,120.92112253,-0.6831282283268175,True,True,False,False,False
2026-08-25 00:58:00+08:00,121.75,121.75,False,0.0,18.985,31.84649,0.0,120.92112253,-0.6831282283268175,True,True,False,False,False
2026-08-25 00:59:00+08:00,121.75,121.75,False,0.0,18.975,31.84649,0.0,120.85742955,-0.7358146052291775,True,True,False,False,False
2026-08-25 01:00:00+08:00,121.75,121.75,False,0.0,18.965,31.84798,0.0,120.79938813999999,-0.7838501406165694,True,True,False,False,False
2026-08-25 01:01:00+08:00,121.75,121.75,False,0.0,18.965,31.84798,0.0,120.79938813999999,-0.7838501406165694,True,True,False,False,False
2026-08-25 01:02:00+08:00,121.75,121.75,False,0.0,18.975,31.84798,0.0,120.86308410000001,-0.7311360830270993,True,True,False,False,False
2026-08-25 01:03:00+08:00,121.75,121.75,False,0.0,18.975,31.84798,0.0,120.86308410000001,-0.7311360830270993,True,True,False,False,False
2026-08-25 01:04:00+08:00,121.75,121.75,False,0.0,18.965,31.84798,0.0,120.79938813999999,-0.7838501406165694,True,True,False,False,False
2026-08-25 01:05:00+08:00,121.75,121.75,False,0.0,18.975,31.84481,0.0,120.85105395000001,-0.7410899790940436,True,True,False,False,False
2026-08-25 01:06:00+08:00,121.75,121.75,False,0.0,18.985,31.84481,0.0,120.91474357,-0.6884036120880164,True,True,False,False,False
2026-08-25 01:07:00+08:00,121.75,121.75,False,0.0,19.035,31.84481,0.0,121.23319167,-0.4253860741955275,True,True,False,False,False
2026-08-25 01:08:00+08:00,121.75,121.75,False,0.0,19.045,31.84481,0.0,121.29688129000002,-0.37286527405330444,True,True,False,False,False
2026-08-25 01:09:00+08:00,122.25,122.25,False,0.0,19.055,31.84481,0.0,121.36057091,-0.7302056611727128,True,True,False,False,False
2026-08-25 01:10:00+08:00,122.25,122.25,False,0.0,19.055,31.83535,0.0,121.32451884999998,-0.7599162296364519,True,True,False,False,False
2026-08-25 01:11:00+08:00,122.25,122.25,False,0.0,19.075,31.83535,0.0,121.45186024999998,-0.6550132602034732,True,True,False,False,False
2026-08-25 01:12:00+08:00,122.25,122.25,False,0.0,19.065,31.83535,0.0,121.38818954999999,-0.7074510376158779,True,True,False,False,False
2026-08-25 01:13:00+08:00,122.25,122.25,False,0.0,19.065,31.83535,0.0,121.38818954999999,-0.7074510376158779,True,True,False,False,False
2026-08-25 01:14:00+08:00,122.25,122.25,False,0.0,19.055,31.83535,0.0,121.32451884999998,-0.7599162296364519,True,True,False,False,False
2026-08-25 01:15:00+08:00,122.25,122.25,False,0.0,19.035,31.83905,0.0,121.21126335000001,-0.8533075329578831,True,True,False,False,False
2026-08-25 01:16:00+08:00,121.75,121.75,False,0.0,19.035,31.83905,0.0,121.21126335000001,-0.4434753446469432,True,True,False,False,False
2026-08-25 01:17:00+08:00,122.25,122.25,False,0.0,19.045,31.83905,0.0,121.27494145,-0.8007874217682108,True,True,False,False,False
2026-08-25 01:18:00+08:00,122.25,122.25,False,0.0,19.025,31.83905,0.0,121.14758524999999,-0.9058551249534292,True,True,False,False,False
2026-08-25 01:19:00+08:00,121.75,121.75,False,0.0,19.005000000000003,31.83905,0.0,121.02022905000001,-0.6012029999359497,True,True,False,False,False
2026-08-25 01:20:00+08:00,121.75,121.75,False,0.0,18.995,31.84336,0.0,120.97292464000002,-0.6402982834460489,True,True,False,False,False
2026-08-25 01:21:00+08:00,121.75,121.75,False,0.0,18.975,31.84336,0.0,120.8455512,-0.7456433520945766,True,True,False,False,False
2026-08-25 01:22:00+08:00,121.75,121.75,False,0.0,18.975,31.84336,0.0,120.8455512,-0.7456433520945766,True,True,False,False,False
2026-08-25 01:23:00+08:00,121.75,121.75,False,0.0,18.985,31.84336,0.0,120.90923792000001,-0.6929569936893754,True,True,False,False,False
2026-08-25 01:24:00+08:00,121.75,121.75,False,0.0,18.985,31.84336,0.0,120.90923792000001,-0.6929569936893754,True,True,False,False,False
2026-08-25 01:25:00+08:00,121.75,121.75,False,0.0,18.965,31.84658,0.0,120.79407794,-0.7882460525269801,True,True,False,False,False
2026-08-25 01:26:00+08:00,121.75,121.75,False,0.0,18.985,31.84658,0.0,120.92146426,-0.6828456263092453,True,True,False,False,False
2026-08-25 01:27:00+08:00,121.75,121.75,False,0.0,18.995,31.84658,0.0,120.98515742,-0.6301868984529624,True,True,False,False,False
2026-08-25 01:28:00+08:00,121.75,121.75,False,0.0,18.975,31.84658,0.0,120.85777110000001,-0.7355320037396709,True,True,False,False,False
2026-08-25 01:29:00+08:00,121.75,121.75,False,0.0,18.955,31.84658,0.0,120.73038477999998,-0.8409877944767422,True,True,False,False,False
2026-08-25 01:30:00+08:00,121.75,121.75,False,0.0,18.965,31.84627,0.0,120.79290211,-0.7892194590513553,True,True,False,False,False
2026-08-25 01:31:00+08:00,121.75,121.75,False,0.0,18.955,31.84627,0.0,120.72920957,-0.841961198908741,True,True,False,False,False
2026-08-25 01:32:00+08:00,121.75,121.75,False,0.0,18.965,31.84627,0.0,120.79290211,-0.7892194590513553,True,True,False,False,False
2026-08-25 01:33:00+08:00,121.75,121.75,False,0.0,18.955,31.84627,0.0,120.72920957,-0.841961198908741,True,True,False,False,False
2026-08-25 01:34:00+08:00,121.75,121.75,False,0.0,18.955,31.84627,0.0,120.72920957,-0.841961198908741,True,True,False,False,False
2026-08-25 01:35:00+08:00,121.75,121.75,False,0.0,18.955,31.83828,0.0,120.69891948,-0.8670531691824716,True,True,False,False,False
2026-08-25 01:36:00+08:00,121.75,121.75,False,0.0,18.955,31.83828,0.0,120.69891948,-0.8670531691824716,True,True,False,False,False
2026-08-25 01:37:00+08:00,121.75,121.75,False,0.0,18.955,31.83828,0.0,120.69891948,-0.8670531691824716,True,True,False,False,False
2026-08-25 01:38:00+08:00,121.75,121.75,False,0.0,18.965,31.83828,0.0,120.76259603999999,-0.8143114841236094,True,True,False,False,False
2026-08-25 01:39:00+08:00,121.75,121.75,False,0.0,18.965,31.83828,0.0,120.76259603999999,-0.8143114841236094,True,True,False,False,False
2026-08-25 01:40:00+08:00,121.75,121.75,False,0.0,18.965,31.84375,0.0,120.78334375,-0.7971326623001707,True,True,False,False,False
2026-08-25 01:41:00+08:00,121.75,121.75,False,0.0,18.955,31.84375,0.0,120.71965624999999,-0.8498743850551521,True,True,False,False,False
2026-08-25 01:42:00+08:00,121.75,121.75,False,0.0,18.955,31.84375,0.0,120.71965624999999,-0.8498743850551521,True,True,False,False,False
2026-08-25 01:43:00+08:00,121.75,121.75,False,0.0,18.945,31.84375,0.0,120.65596875000001,-0.9026438215539907,True,True,False,False,False
2026-08-25 01:44:00+08:00,121.75,121.75,False,0.0,18.935,31.84375,0.0,120.59228125,-0.955440993646255,True,True,False,False,False
2026-08-25 01:45:00+08:00,121.75,121.75,False,0.0,18.945,31.84807,0.0,120.67233723,-0.889078772454506,True,True,False,False,False
2026-08-25 01:46:00+08:00,121.75,121.75,False,0.0,18.945,31.84807,0.0,120.67233723,-0.889078772454506,True,True,False,False,False
2026-08-25 01:47:00+08:00,121.75,121.75,False,0.0,18.945,31.84807,0.0,120.67233723,-0.889078772454506,True,True,False,False,False
2026-08-25 01:48:00+08:00,121.75,121.75,False,0.0,18.935,31.84807,0.0,120.60864108999999,-0.941875977573388,True,True,False,False,False
2026-08-25 01:49:00+08:00,121.75,121.75,False,0.0,18.945,31.84807,0.0,120.67233723,-0.889078772454506,True,True,False,False,False
2026-08-25 01:50:00+08:00,121.75,121.75,False,0.0,18.965,31.84822,0.0,120.80029846,-0.7830965750443106,True,True,False,False,False
2026-08-25 01:51:00+08:00,121.75,121.75,False,0.0,18.955,31.84822,0.0,120.73660201999999,-0.8358383280214581,True,True,False,False,False
2026-08-25 01:52:00+08:00,121.75,121.75,False,0.0,18.955,31.84822,0.0,120.73660201999999,-0.8358383280214581,True,True,False,False,False
2026-08-25 01:53:00+08:00,121.75,121.75,False,0.0,18.965,31.84822,0.0,120.80029846,-0.7830965750443106,True,True,False,False,False
2026-08-25 01:54:00+08:00,121.75,121.75,False,0.0,18.955,31.84822,0.0,120.73660201999999,-0.8358383280214581,True,True,False,False,False
2026-08-25 01:55:00+08:00,121.75,121.75,False,0.0,18.965,31.84912,0.0,120.80371215999999,-0.7802707545253269,True,True,False,False,False
2026-08-25 01:56:00+08:00,121.75,121.75,False,0.0,18.955,31.84912,0.0,120.74001391999998,-0.8330125135241435,True,True,False,False,False
2026-08-25 01:57:00+08:00,121.75,121.75,False,0.0,18.945,31.84912,0.0,120.67631567999999,-0.8857819886330026,True,True,False,False,False
2026-08-25 01:58:00+08:00,121.75,121.75,False,0.0,18.945,31.84912,0.0,120.67631567999999,-0.8857819886330026,True,True,False,False,False
2026-08-25 01:59:00+08:00,121.75,121.75,False,0.0,18.945,31.84912,0.0,120.67631567999999,-0.8857819886330026,True,True,False,False,False
2026-08-25 02:00:00+08:00,121.75,121.75,False,0.0,18.985,31.85146,0.0,120.93999362,-0.6675235084214465,True,True,False,False,False
2026-08-25 02:01:00+08:00,121.75,121.75,False,0.0,18.975,31.85146,0.0,120.8762907,-0.7202099141682189,True,True,False,False,False
2026-08-25 02:02:00+08:00,121.75,121.75,False,0.0,18.975,31.85146,0.0,120.8762907,-0.7202099141682189,True,True,False,False,False
2026-08-25 02:03:00+08:00,121.75,121.75,False,0.0,18.985,31.85146,0.0,120.93999362,-0.6675235084214465,True,True,False,False,False
2026-08-25 02:04:00+08:00,121.75,121.75,False,0.0,18.985,31.85146,0.0,120.93999362,-0.6675235084214465,True,True,False,False,False
2026-08-25 02:05:00+08:00,121.75,121.75,False,0.0,18.995,31.85117,0.0,121.00259482999999,-0.6157752262326311,True,True,False,False,False
2026-08-25 02:06:00+08:00,121.75,121.75,False,0.0,19.015,31.85117,0.0,121.12999950999999,-0.5105405889746657,True,True,False,False,False
2026-08-25 02:07:00+08:00,122.0,122.0,False,0.0,19.035,31.85117,0.0,121.25740419000002,-0.6105432329779915,True,True,False,False,False
2026-08-25 02:08:00+08:00,121.75,121.75,False,0.0,19.025,31.85117,0.0,121.19370184999998,-0.4579646607537834,True,True,False,False,False
2026-08-25 02:09:00+08:00,122.25,122.25,False,0.0,19.035,31.85117,0.0,121.25740419000002,-0.815248976351862,True,True,False,False,False
2026-08-25 02:10:00+08:00,121.75,121.75,False,0.0,19.025,31.85018,0.0,121.1899349,-0.4610728987233319,True,True,False,False,False
2026-08-25 02:11:00+08:00,121.75,121.75,False,0.0,19.035,31.85018,0.0,121.25363526000001,-0.40852453871227734,True,True,False,False,False
2026-08-25 02:12:00+08:00,121.75,121.75,False,0.0,19.035,31.85018,0.0,121.25363526000001,-0.40852453871227734,True,True,False,False,False
2026-08-25 02:13:00+08:00,121.75,121.75,False,0.0,19.045,31.85018,0.0,121.31733562000002,-0.35600372127037605,True,True,False,False,False
2026-08-25 02:14:00+08:00,121.75,121.75,False,0.0,19.065,31.85018,0.0,121.44473634,-0.251044627522874,True,True,False,False,False
2026-08-25 02:15:00+08:00,122.25,122.25,False,0.0,19.085,31.85409,0.0,121.58706153,-0.5437552977716121,True,True,False,False,False
2026-08-25 02:16:00+08:00,122.25,122.25,False,0.0,19.075,31.85409,0.0,121.52335335000001,-0.5961657744902923,True,True,False,False,False
2026-08-25 02:17:00+08:00,122.25,122.25,False,0.0,19.065,31.85409,0.0,121.45964517,-0.6486036524723388,True,True,False,False,False
2026-08-25 02:18:00+08:00,122.25,122.25,False,0.0,19.065,31.85409,0.0,121.45964517,-0.6486036524723388,True,True,False,False,False
2026-08-25 02:19:00+08:00,122.25,122.25,False,0.0,19.075,31.85409,0.0,121.52335335000001,-0.5961657744902923,True,True,False,False,False
2026-08-25 02:20:00+08:00,122.25,122.25,False,0.0,19.095,31.85086,0.0,121.63843434,-0.5015126376574505,True,True,False,False,False
2026-08-25 02:21:00+08:00,122.25,122.25,False,0.0,19.115,31.85086,0.0,121.76583778,-0.3968285209720798,True,True,False,False,False
2026-08-25 02:22:00+08:00,122.25,122.25,False,0.0,19.115,31.85086,0.0,121.76583778,-0.3968285209720798,True,True,False,False,False
2026-08-25 02:23:00+08:00,122.25,122.25,False,0.0,19.125,31.85086,0.0,121.82953950000001,-0.34452744450543354,True,True,False,False,False
2026-08-25 02:24:00+08:00,122.25,122.25,False,0.0,19.125,31.85086,0.0,121.82953950000001,-0.34452744450543354,True,True,False,False,False
2026-08-25 02:25:00+08:00,122.25,122.25,False,0.0,19.125,31.85169,0.0,121.83271425000001,-0.3419215910329387,True,True,False,False,False
2026-08-25 02:26:00+08:00,122.25,122.25,False,0.0,19.125,31.85169,0.0,121.83271425000001,-0.3419215910329387,True,True,False,False,False
2026-08-25 02:27:00+08:00,122.25,122.25,False,0.0,19.115,31.85169,0.0,121.76901086999999,-0.394222670016687,True,True,False,False,False
2026-08-25 02:28:00+08:00,122.25,122.25,False,0.0,19.115,31.85169,0.0,121.76901086999999,-0.394222670016687,True,True,False,False,False
2026-08-25 02:29:00+08:00,122.25,122.25,False,0.0,19.115,31.85169,0.0,121.76901086999999,-0.394222670016687,True,True,False,False,False
2026-08-25 02:30:00+08:00,122.25,122.25,False,0.0,19.125,31.83895,0.0,121.78398374999999,-0.38192733883934704,True,True,False,False,False
2026-08-25 02:31:00+08:00,122.25,122.25,False,0.0,19.125,31.83895,0.0,121.78398374999999,-0.38192733883934704,True,True,False,False,False
2026-08-25 02:32:00+08:00,122.25,122.25,False,0.0,19.135,31.83895,0.0,121.84766165,-0.3296535880600835,True,True,False,False,False
2026-08-25 02:33:00+08:00,122.25,122.25,False,0.0,19.135,31.83895,0.0,121.84766165,-0.3296535880600835,True,True,False,False,False
2026-08-25 02:34:00+08:00,122.25,122.25,False,0.0,19.145,31.83895,0.0,121.91133955000001,-0.2774071035358488,True,True,False,False,False
2026-08-25 02:35:00+08:00,122.25,122.25,False,0.0,19.165,31.84443,0.0,122.05970018999999,-0.15578571776070851,True,True,False,False,False
2026-08-25 02:36:00+08:00,122.25,122.25,False,0.0,19.145,31.84443,0.0,121.93232246999999,-0.2601969927934003,True,True,False,False,False
2026-08-25 02:37:00+08:00,122.25,122.25,False,0.0,19.125,31.84443,0.0,121.80494475,-0.36471725697333635,True,True,False,False,False
2026-08-25 02:38:00+08:00,122.25,122.25,False,0.0,19.105,31.84443,0.0,121.67756703,-0.46934668104125526,True,True,False,False,False
2026-08-25 02:39:00+08:00,122.25,122.25,False,0.0,19.125,31.84443,0.0,121.80494475,-0.36471725697333635,True,True,False,False,False
2026-08-25 02:40:00+08:00,122.25,122.25,False,0.0,19.125,31.8471,0.0,121.81515750000001,-0.3563331238708154,True,True,False,False,False
2026-08-25 02:41:00+08:00,122.25,122.25,False,0.0,19.145,31.8471,0.0,121.9425459,-0.251812846184017,True,True,False,False,False
2026-08-25 02:42:00+08:00,122.25,122.25,False,0.0,19.135,31.8471,0.0,121.87885170000001,-0.3040593501468449,True,True,False,False,False
2026-08-25 02:43:00+08:00,122.25,122.25,False,0.0,19.145,31.8471,0.0,121.9425459,-0.251812846184017,True,True,False,False,False
2026-08-25 02:44:00+08:00,122.25,122.25,False,0.0,19.145,31.8471,0.0,121.9425459,-0.251812846184017,True,True,False,False,False
2026-08-25 02:45:00+08:00,122.25,122.25,False,0.0,19.125,31.84536,0.0,121.808502,-0.36179686131155203,True,True,False,False,False
2026-08-25 02:46:00+08:00,122.25,122.25,False,0.0,19.115,31.84536,0.0,121.74481128,-0.4140979206482138,True,True,False,False,False
2026-08-25 02:47:00+08:00,122.25,122.25,False,0.0,19.145,31.84536,0.0,121.93588344,-0.2572765923851492,True,True,False,False,False
2026-08-25 02:48:00+08:00,122.25,122.25,False,0.0,19.145,31.84536,0.0,121.93588344,-0.2572765923851492,True,True,False,False,False
2026-08-25 02:49:00+08:00,122.25,122.25,False,0.0,19.135,31.84536,0.0,121.87219272,-0.30952309234198244,True,True,False,False,False
2026-08-25 02:50:00+08:00,122.25,122.25,False,0.0,19.145,31.84548,0.0,121.93634291999999,-0.25689977273034703,True,True,False,False,False
2026-08-25 02:51:00+08:00,122.25,122.25,False,0.0,19.125,31.84548,0.0,121.808961,-0.3614200422659371,True,True,False,False,False
2026-08-25 02:52:00+08:00,122.25,122.25,False,0.0,19.105,31.84548,0.0,121.68157908,-0.4660494734989391,True,True,False,False,False
2026-08-25 02:53:00+08:00,122.25,122.25,False,0.0,19.095,31.84548,0.0,121.61788812,-0.5184051782077626,True,True,False,False,False
2026-08-25 02:54:00+08:00,122.25,122.25,False,0.0,19.085,31.84548,0.0,121.55419715999999,-0.5707882375325823,True,True,False,False,False
2026-08-25 02:55:00+08:00,122.25,122.25,False,0.0,19.085,31.84977,0.0,121.57057209,-0.5573179524402134,True,True,False,False,False
2026-08-25 02:56:00+08:00,122.25,122.25,False,0.0,19.075,31.84977,0.0,121.50687255,-0.6097284086606181,True,True,False,False,False
2026-08-25 02:57:00+08:00,122.25,122.25,False,0.0,19.075,31.84977,0.0,121.50687255,-0.6097284086606181,True,True,False,False,False
2026-08-25 02:58:00+08:00,122.25,122.25,False,0.0,19.075,31.84977,0.0,121.50687255,-0.6097284086606181,True,True,False,False,False
2026-08-25 02:59:00+08:00,122.25,122.25,False,0.0,19.075,31.84977,0.0,121.50687255,-0.6097284086606181,True,True,False,False,False
2026-08-25 03:00:00+08:00,122.25,122.25,False,0.0,19.075,31.8527,0.0,121.51805049999999,-0.600529477508385,True,True,False,False,False
2026-08-25 03:01:00+08:00,122.25,122.25,False,0.0,19.115,31.8527,0.0,121.7728721,-0.3910517861657439,True,True,False,False,False
2026-08-25 03:02:00+08:00,122.25,122.25,False,0.0,19.115,31.8527,0.0,121.7728721,-0.3910517861657439,True,True,False,False,False
2026-08-25 03:03:00+08:00,122.25,122.25,False,0.0,19.095,31.8527,0.0,121.6454613,-0.49573591634524294,True,True,False,False,False
2026-08-25 03:04:00+08:00,122.25,122.25,False,0.0,19.115,31.8527,0.0,121.7728721,-0.3910517861657439,True,True,False,False,False
2026-08-25 03:05:00+08:00,122.25,122.25,False,0.0,19.125,31.84621,0.0,121.81175325,-0.35912775694198595,True,True,False,False,False
2026-08-25 03:06:00+08:00,122.25,122.25,False,0.0,19.115,31.84621,0.0,121.74806082999999,-0.4114288189771547,True,True,False,False,False
2026-08-25 03:07:00+08:00,122.25,122.25,False,0.0,19.095,31.84621,0.0,121.62067599,-0.5161129007784524,True,True,False,False,False
2026-08-25 03:08:00+08:00,122.25,122.25,False,0.0,19.095,31.84621,0.0,121.62067599,-0.5161129007784524,True,True,False,False,False
2026-08-25 03:09:00+08:00,122.25,122.25,False,0.0,19.085,31.84621,0.0,121.55698357000001,-0.5684959633660472,True,True,False,False,False
2026-08-25 03:10:00+08:00,122.25,122.25,False,0.0,19.065,31.84943,0.0,121.44187659000002,-0.6632337698803216,True,True,False,False,False
2026-08-25 03:11:00+08:00,122.25,122.25,False,0.0,19.055,31.84943,0.0,121.37817773000002,-0.7156990444399047,True,True,False,False,False
2026-08-25 03:12:00+08:00,122.25,122.25,False,0.0,19.075,31.84943,0.0,121.50557545,-0.6107959160529677,True,True,False,False,False
2026-08-25 03:13:00+08:00,122.25,122.25,False,0.0,19.065,31.84943,0.0,121.44187659000002,-0.6632337698803216,True,True,False,False,False
2026-08-25 03:14:00+08:00,122.25,122.25,False,0.0,19.075,31.84943,0.0,121.50557545,-0.6107959160529677,True,True,False,False,False
2026-08-25 03:15:00+08:00,122.25,122.25,False,0.0,19.065,31.85496,0.0,121.46296248000002,-0.6458725149382002,True,True,False,False,False
2026-08-25 03:16:00+08:00,122.25,122.25,False,0.0,19.055,31.85496,0.0,121.39925256,-0.6983378205032704,True,True,False,False,False
2026-08-25 03:17:00+08:00,122.25,122.25,False,0.0,19.055,31.85496,0.0,121.39925256,-0.6983378205032704,True,True,False,False,False
2026-08-25 03:18:00+08:00,122.25,122.25,False,0.0,19.075,31.85496,0.0,121.52667239999998,-0.5934346325091759,True,True,False,False,False
2026-08-25 03:19:00+08:00,122.25,122.25,False,0.0,19.095,31.85496,0.0,121.65409223999998,-0.48864105110105976,True,True,False,False,False
2026-08-25 03:20:00+08:00,122.25,122.25,False,0.0,19.095,31.85137,0.0,121.64038203,-0.4999114478610439,True,True,False,False,False
2026-08-25 03:21:00+08:00,122.25,122.25,False,0.0,19.105,31.85137,0.0,121.70408477000001,-0.4475557197697103,True,True,False,False,False
2026-08-25 03:22:00+08:00,122.25,122.25,False,0.0,19.095,31.85137,0.0,121.64038203,-0.4999114478610439,True,True,False,False,False
2026-08-25 03:23:00+08:00,122.25,122.25,False,0.0,19.105,31.85137,0.0,121.70408477000001,-0.4475557197697103,True,True,False,False,False
2026-08-25 03:24:00+08:00,122.25,122.25,False,0.0,19.105,31.85137,0.0,121.70408477000001,-0.4475557197697103,True,True,False,False,False
2026-08-25 03:25:00+08:00,122.25,122.25,False,0.0,19.115,31.85253,0.0,121.77222219000001,-0.3915854922655248,True,True,False,False,False
2026-08-25 03:26:00+08:00,122.25,122.25,False,0.0,19.125,31.85253,0.0,121.83592725000001,-0.3392844107525157,True,True,False,False,False
2026-08-25 03:27:00+08:00,122.25,122.25,False,0.0,19.125,31.85253,0.0,121.83592725000001,-0.3392844107525157,True,True,False,False,False
2026-08-25 03:28:00+08:00,122.25,122.25,False,0.0,19.145,31.85253,0.0,121.96333737,-0.23476410673318915,True,True,False,False,False
2026-08-25 03:29:00+08:00,122.25,122.25,False,0.0,19.145,31.85253,0.0,121.96333737,-0.23476410673318915,True,True,False,False,False
2026-08-25 03:30:00+08:00,122.75,122.75,False,0.0,19.195,31.85318,0.0,122.28435801999998,-0.38006260327134117,True,True,False,False,False
2026-08-25 03:31:00+08:00,122.5,122.5,False,0.0,19.185,31.85318,0.0,122.22065165999997,-0.22829976800497948,True,True,False,False,False
2026-08-25 03:32:00+08:00,122.75,122.75,False,0.0,19.165,31.85318,0.0,122.09323893999999,-0.5364747361155032,True,True,False,False,False
2026-08-25 03:33:00+08:00,122.25,122.25,False,0.0,19.145,31.85318,0.0,121.96582621999998,-0.23272347611413327,True,True,False,False,False
2026-08-25 03:34:00+08:00,122.25,122.25,False,0.0,19.135,31.85318,0.0,121.90211986,-0.2849699934610274,True,True,False,False,False
2026-08-25 03:35:00+08:00,122.25,122.25,False,0.0,19.115,31.84749,0.0,121.75295426999999,-0.40740960000837345,True,True,False,False,False
2026-08-25 03:36:00+08:00,122.25,122.25,False,0.0,19.085,31.84749,0.0,121.56186933000001,-0.564476759799258,True,True,False,False,False
2026-08-25 03:37:00+08:00,122.25,122.25,False,0.0,19.105,31.84749,0.0,121.68925929,-0.4597379787346033,True,True,False,False,False
2026-08-25 03:38:00+08:00,122.25,122.25,False,0.0,19.105,31.84749,0.0,121.68925929,-0.4597379787346033,True,True,False,False,False
2026-08-25 03:39:00+08:00,122.25,122.25,False,0.0,19.095,31.84749,0.0,121.62556431,-0.5120936915239719,True,True,False,False,False
2026-08-25 03:40:00+08:00,122.25,122.25,False,0.0,19.105,31.85097,0.0,121.70255637,-0.4488115543005028,True,True,False,False,False
2026-08-25 03:41:00+08:00,122.25,122.25,False,0.0,19.095,31.85097,0.0,121.63885443,-0.5011672808323544,True,True,False,False,False
2026-08-25 03:42:00+08:00,122.25,122.25,False,0.0,19.095,31.85097,0.0,121.63885443,-0.5011672808323544,True,True,False,False,False
2026-08-25 03:43:00+08:00,122.25,122.25,False,0.0,19.095,31.85097,0.0,121.63885443,-0.5011672808323544,True,True,False,False,False
2026-08-25 03:44:00+08:00,122.25,122.25,False,0.0,19.105,31.85097,0.0,121.70255637,-0.4488115543005028,True,True,False,False,False
2026-08-25 03:45:00+08:00,122.25,122.25,False,0.0,19.095,31.85109,0.0,121.63931270999998,-0.5007905292891304,True,True,False,False,False
2026-08-25 03:46:00+08:00,122.25,122.25,False,0.0,19.105,31.85109,0.0,121.70301489,-0.4484348022889845,True,True,False,False,False
2026-08-25 03:47:00+08:00,122.25,122.25,False,0.0,19.105,31.85109,0.0,121.70301489,-0.4484348022889845,True,True,False,False,False
2026-08-25 03:48:00+08:00,122.25,122.25,False,0.0,19.115,31.85109,0.0,121.76671706999998,-0.39610641090739573,True,True,False,False,False
2026-08-25 03:49:00+08:00,122.25,122.25,False,0.0,19.105,31.85109,0.0,121.70301489,-0.4484348022889845,True,True,False,False,False
2026-08-25 03:50:00+08:00,122.25,122.25,False,0.0,19.085,31.85256,0.0,121.58122152000001,-0.5485585281744817,True,True,False,False,False
2026-08-25 03:51:00+08:00,122.25,122.25,False,0.0,19.085,31.85256,0.0,121.58122152000001,-0.5485585281744817,True,True,False,False,False
2026-08-25 03:52:00+08:00,122.25,122.25,False,0.0,19.065,31.85256,0.0,121.45381128000001,-0.653406867802506,True,True,False,False,False
2026-08-25 03:53:00+08:00,122.25,122.25,False,0.0,19.055,31.85256,0.0,121.39010616,-0.7058721600090752,True,True,False,False,False
2026-08-25 03:54:00+08:00,122.25,122.25,False,0.0,19.085,31.85256,0.0,121.58122152000001,-0.5485585281744817,True,True,False,False,False
2026-08-25 03:55:00+08:00,122.25,122.25,False,0.0,19.055,31.84385,0.0,121.35691234999999,-0.7332202862264244,True,True,False,False,False
2026-08-25 03:56:00+08:00,122.25,122.25,False,0.0,19.035,31.84385,0.0,121.22953695000001,-0.8382331121399722,True,True,False,False,False
2026-08-25 03:57:00+08:00,122.25,122.25,False,0.0,19.045,31.84385,0.0,121.29322465,-0.7857129685089771,True,True,False,False,False
2026-08-25 03:58:00+08:00,122.25,122.25,False,0.0,19.065,31.84385,0.0,121.42060005,-0.6807550437597368,True,True,False,False,False
2026-08-25 03:59:00+08:00,122.25,122.25,False,0.0,19.055,31.84385,0.0,121.35691234999999,-0.7332202862264244,True,True,False,False,False
2026-08-25 21:30:00+08:00,126.25,126.25,False,0.0,19.555,31.88299,0.0,124.69437389,-1.2398174829629018,True,True,False,False,False
2026-08-25 21:31:00+08:00,126.25,126.25,False,0.0,19.58,31.88299,0.0,124.85378883999999,-1.112059014680702,True,True,False,False,False
2026-08-25 21:32:00+08:00,126.75,126.75,False,0.0,19.675,31.88299,0.0,125.45956565000002,-1.0233032570943519,True,True,False,False,False
2026-08-25 21:33:00+08:00,126.75,126.75,False,0.0,19.69,31.88299,0.0,125.55521462000002,-0.9470952725249581,True,True,False,False,False
2026-08-25 21:34:00+08:00,126.75,126.75,False,0.0,19.805,31.88299,0.0,126.28852339,-0.3647481054011263,True,True,False,False,False
2026-08-25 21:35:00+08:00,126.75,126.75,False,0.0,19.755000000000003,31.87985,0.0,125.95728735000003,-0.6273761697279919,True,True,False,False,False
2026-08-25 21:36:00+08:00,126.75,126.75,False,0.0,19.72,31.87985,0.0,125.73412839999999,-0.8047013540515376,True,True,False,False,False
2026-08-25 21:37:00+08:00,126.75,126.75,False,0.0,19.770000000000003,31.87985,0.0,126.05292690000003,-0.5514754979681912,True,True,False,False,False
2026-08-25 21:38:00+08:00,126.25,126.25,False,0.0,19.785,31.87985,0.0,126.14856645,-0.08037569422573547,True,True,False,False,False
2026-08-25 21:39:00+08:00,126.25,126.25,False,0.0,19.775,31.87985,0.0,126.08480674999998,-0.13093179821496484,True,True,False,False,False
2026-08-25 21:40:00+08:00,126.75,126.75,False,0.0,19.865,31.88065,0.0,126.66182244999997,-0.06959229379870309,True,True,False,False,False
2026-08-25 21:41:00+08:00,126.75,126.75,False,0.0,19.89,31.88065,0.0,126.82122569999999,0.056178061847011206,True,True,False,False,False
2026-08-25 21:42:00+08:00,126.75,126.75,False,0.0,19.835,31.88065,0.0,126.47053854999999,-0.22072573701981307,True,True,False,False,False
2026-08-25 21:43:00+08:00,126.75,126.75,False,0.0,19.855,31.88065,0.0,126.59806114999999,-0.11994475056199388,True,True,False,False,False
2026-08-25 21:44:00+08:00,126.75,126.75,False,0.0,19.875,31.88065,0.0,126.72558374999998,-0.019265169164456687,True,True,False,False,False
2026-08-25 21:45:00+08:00,126.75,126.75,False,0.0,19.865,31.88025,0.0,126.66023324999999,-0.07084698107787221,True,True,False,False,False
2026-08-25 21:46:00+08:00,127.25,127.25,False,0.0,19.925,31.88025,0.0,127.04279625000001,-0.16296470293738477,True,True,False,False,False
2026-08-25 21:47:00+08:00,127.25,127.25,False,0.0,19.93,31.88025,0.0,127.07467650000001,-0.1378737623204962,True,True,False,False,False
2026-08-25 21:48:00+08:00,127.75,127.75,False,0.0,19.975,31.88025,0.0,127.36159875000001,-0.30449517144895155,True,True,False,False,False
2026-08-25 21:49:00+08:00,127.25,127.25,False,0.0,19.955,31.88025,0.0,127.23407774999998,-0.012513356545362024,True,True,False,False,False
2026-08-25 21:50:00+08:00,127.75,127.75,False,0.0,19.915,31.87597,0.0,126.96198851,-0.6187470755575095,True,True,False,False,False
2026-08-25 21:51:00+08:00,128.25,128.25,False,0.0,19.925,31.87597,0.0,127.02574044999999,-0.9591663883468826,True,True,False,False,False
2026-08-25 21:52:00+08:00,127.75,127.75,False,0.0,19.935,31.87597,0.0,127.08949238999999,-0.5183714688845684,True,True,False,False,False
2026-08-25 21:53:00+08:00,127.75,127.75,False,0.0,19.925,31.87597,0.0,127.02574044999999,-0.5685467138439346,True,True,False,False,False
2026-08-25 21:54:00+08:00,127.75,127.75,False,0.0,19.925,31.87597,0.0,127.02574044999999,-0.5685467138439346,True,True,False,False,False
2026-08-25 21:55:00+08:00,127.25,127.25,False,0.0,19.865,31.88086,0.0,126.66265677999998,-0.4626340627902767,True,True,False,False,False
2026-08-25 21:56:00+08:00,127.25,127.25,False,0.0,19.825,31.88086,0.0,126.40760989999998,-0.6641946207189404,True,True,False,False,False
2026-08-25 21:57:00+08:00,127.25,127.25,False,0.0,19.835,31.88086,0.0,126.47137161999999,-0.6137664911934744,True,True,False,False,False
2026-08-25 21:58:00+08:00,127.25,127.25,False,0.0,19.835,31.88086,0.0,126.47137161999999,-0.6137664911934744,True,True,False,False,False
2026-08-25 21:59:00+08:00,127.25,127.25,False,0.0,19.835,31.88086,0.0,126.47137161999999,-0.6137664911934744,True,True,False,False,False
2026-08-25 22:00:00+08:00,127.25,127.25,False,0.0,19.805,31.87612,0.0,126.26131132,-0.7799957128950372,True,True,False,False,False
2026-08-25 22:01:00+08:00,127.25,127.25,False,0.0,19.815,31.87612,0.0,126.32506356000002,-0.7295168752120824,True,True,False,False,False
2026-08-25 22:02:00+08:00,127.25,127.25,False,0.0,19.785,31.87612,0.0,126.13380684,-0.8810295921592324,True,True,False,False,False
2026-08-25 22:03:00+08:00,127.25,127.25,False,0.0,19.765,31.87612,0.0,126.00630235999999,-0.9821652045066268,True,True,False,False,False
2026-08-25 22:04:00+08:00,126.75,126.75,False,0.0,19.765,31.87612,0.0,126.00630235999999,-0.5884701058340073,True,True,False,False,False
2026-08-25 22:05:00+08:00,126.75,126.75,False,0.0,19.805,31.87932,0.0,126.27398652,-0.3762595685467789,True,True,False,False,False
2026-08-25 22:06:00+08:00,127.25,127.25,False,0.0,19.785,31.87932,0.0,126.14646924000002,-0.8709914256577855,True,True,False,False,False
2026-08-25 22:07:00+08:00,127.25,127.25,False,0.0,19.775,31.87932,0.0,126.0827106,-0.9215465284647703,True,True,False,False,False
2026-08-25 22:08:00+08:00,127.25,127.25,False,0.0,19.815,31.87932,0.0,126.33774516000001,-0.7194786478537484,True,True,False,False,False
2026-08-25 22:09:00+08:00,127.25,127.25,False,0.0,19.825,31.87932,0.0,126.4015038,-0.6690251682237411,True,True,False,False,False
2026-08-25 22:10:00+08:00,127.25,127.25,False,0.0,19.875,31.88515,0.0,126.74347125,-0.3988517874157768,True,True,False,False,False
2026-08-25 22:11:00+08:00,127.25,127.25,False,0.0,19.865,31.88515,0.0,126.67970094999998,-0.44917868832705915,True,True,False,False,False
2026-08-25 22:12:00+08:00,127.25,127.25,False,0.0,19.875,31.88515,0.0,126.74347125,-0.3988517874157768,True,True,False,False,False
2026-08-25 22:13:00+08:00,127.25,127.25,False,0.0,19.835,31.88515,0.0,126.48839004999999,-0.6003111707691766,True,True,False,False,False
2026-08-25 22:14:00+08:00,127.25,127.25,False,0.0,19.815,31.88515,0.0,126.36084945,-0.7011928329787759,True,True,False,False,False
2026-08-25 22:15:00+08:00,127.25,127.25,False,0.0,19.825,31.88484,0.0,126.42339059999999,-0.6517115555911283,True,True,False,False,False
2026-08-25 22:16:00+08:00,126.75,126.75,False,0.0,19.805,31.88484,0.0,126.29585124,-0.35894582564743205,True,True,False,False,False
2026-08-25 22:17:00+08:00,126.75,126.75,False,0.0,19.825,31.88484,0.0,126.42339059999999,-0.2580124232060662,True,True,False,False,False
2026-08-25 22:18:00+08:00,126.75,126.75,False,0.0,19.795,31.88484,0.0,126.23208156000001,-0.40945069058351713,True,True,False,False,False
2026-08-25 22:19:00+08:00,126.75,126.75,False,0.0,19.785,31.88484,0.0,126.16831188,-0.45998102365635274,True,True,False,False,False
2026-08-25 22:20:00+08:00,126.75,126.75,False,0.0,19.775,31.89268,0.0,126.13554939999999,-0.48595153140056174,True,True,False,False,False
2026-08-25 22:21:00+08:00,126.75,126.75,False,0.0,19.725,31.89268,0.0,125.8166226,-0.7391138151126369,True,True,False,False,False
2026-08-25 22:22:00+08:00,126.75,126.75,False,0.0,19.675,31.89268,0.0,125.4976958,-0.9929162651245098,True,True,False,False,False
2026-08-25 22:23:00+08:00,126.25,126.25,False,0.0,19.635,31.89268,0.0,125.24255436000001,-0.8011733329948798,True,True,False,False,False
2026-08-25 22:24:00+08:00,126.25,126.25,False,0.0,19.655,31.89268,0.0,125.37012508000001,-0.699367683503253,True,True,False,False,False
2026-08-25 22:25:00+08:00,126.75,126.75,False,0.0,19.695,31.87756,0.0,125.56570884,-0.9387375565672693,True,True,False,False,False
2026-08-25 22:26:00+08:00,126.75,126.75,False,0.0,19.675,31.87756,0.0,125.4381986,-1.0403352791941414,True,True,False,False,False
2026-08-25 22:27:00+08:00,126.75,126.75,False,0.0,19.695,31.87756,0.0,125.56570884,-0.9387375565672693,True,True,False,False,False
2026-08-25 22:28:00+08:00,126.75,126.75,False,0.0,19.705,31.87756,0.0,125.62946395999998,-0.8879771930870051,True,True,False,False,False
2026-08-25 22:29:00+08:00,126.25,126.25,False,0.0,19.735,31.87756,0.0,125.82072931999998,-0.3405954203076577,True,True,False,False,False
2026-08-25 22:30:00+08:00,126.25,126.25,False,0.0,19.705,31.88165,0.0,125.64558264999998,-0.4798951562718243,True,True,False,False,False
2026-08-25 22:31:00+08:00,126.75,126.75,False,0.0,19.775,31.88165,0.0,126.09192575,-0.5205420327724256,True,True,False,False,False
2026-08-25 22:32:00+08:00,126.75,126.75,False,0.0,19.775,31.88165,0.0,126.09192575,-0.5205420327724256,True,True,False,False,False
2026-08-25 22:33:00+08:00,126.75,126.75,False,0.0,19.765,31.88165,0.0,126.02816245000001,-0.5711233462603955,True,True,False,False,False
2026-08-25 22:34:00+08:00,126.75,126.75,False,0.0,19.745,31.88165,0.0,125.90063585,-0.6723625667059643,True,True,False,False,False
2026-08-25 22:35:00+08:00,126.75,126.75,False,0.0,19.755000000000003,31.88302,0.0,125.96981202000002,-0.6174331753129321,True,True,False,False,False
2026-08-25 22:36:00+08:00,126.75,126.75,False,0.0,19.785,31.88302,0.0,126.16111014,-0.4656891978165865,True,True,False,False,False
2026-08-25 22:37:00+08:00,126.75,126.75,False,0.0,19.775,31.88302,0.0,126.09734409999999,-0.5162450112522368,True,True,False,False,False
2026-08-25 22:38:00+08:00,126.75,126.75,False,0.0,19.795,31.88302,0.0,126.22487618,-0.4151588710543426,True,True,False,False,False
2026-08-25 22:39:00+08:00,126.75,126.75,False,0.0,19.785,31.88302,0.0,126.16111014,-0.4656891978165865,True,True,False,False,False
2026-08-25 22:40:00+08:00,126.75,126.75,False,0.0,19.765,31.88061,0.0,126.02405132999999,-0.5743854372554026,True,True,False,False,False
2026-08-25 22:41:00+08:00,126.75,126.75,False,0.0,19.745,31.88061,0.0,125.89652889000001,-0.675624647407351,True,True,False,False,False
2026-08-25 22:42:00+08:00,126.75,126.75,False,0.0,19.705,31.88061,0.0,125.64148401,-0.8784099783303942,True,True,False,False,False
2026-08-25 22:43:00+08:00,126.25,126.25,False,0.0,19.715,31.88061,0.0,125.70524522999999,-0.43242185293878393,True,True,False,False,False
2026-08-25 22:44:00+08:00,126.75,126.75,False,0.0,19.735,31.88061,0.0,125.83276767,-0.7262825872573941,True,True,False,False,False
2026-08-25 22:45:00+08:00,126.75,126.75,False,0.0,19.725,31.88472,0.0,125.78522040000003,-0.764075283021371,True,True,False,False,False
2026-08-25 22:46:00+08:00,126.75,126.75,False,0.0,19.705,31.88472,0.0,125.65768152000001,-0.8655192056137458,True,True,False,False,False
2026-08-25 22:47:00+08:00,126.75,126.75,False,0.0,19.715,31.88472,0.0,125.72145096000001,-0.8147844329242152,True,True,False,False,False
2026-08-25 22:48:00+08:00,126.75,126.75,False,0.0,19.715,31.88472,0.0,125.72145096000001,-0.8147844329242152,True,True,False,False,False
2026-08-25 22:49:00+08:00,126.75,126.75,False,0.0,19.715,31.88472,0.0,125.72145096000001,-0.8147844329242152,True,True,False,False,False
2026-08-25 22:50:00+08:00,126.75,126.75,False,0.0,19.725,31.87782,0.0,125.7579999,-0.785717759748489,True,True,False,False,False
2026-08-25 22:51:00+08:00,126.75,126.75,False,0.0,19.705,31.87782,0.0,125.63048861999998,-0.8871615917073741,True,True,False,False,False
2026-08-25 22:52:00+08:00,126.75,126.75,False,0.0,19.705,31.87782,0.0,125.63048861999998,-0.8871615917073741,True,True,False,False,False
2026-08-25 22:53:00+08:00,126.75,126.75,False,0.0,19.705,31.87782,0.0,125.63048861999998,-0.8871615917073741,True,True,False,False,False
2026-08-25 22:54:00+08:00,126.75,126.75,False,0.0,19.675,31.87782,0.0,125.4392217,-1.0395196838025655,True,True,False,False,False
2026-08-25 22:55:00+08:00,126.25,126.25,False,0.0,19.675,31.87906,0.0,125.44410110000001,-0.6403796485320079,True,True,False,False,False
2026-08-25 22:56:00+08:00,126.25,126.25,False,0.0,19.655,31.87906,0.0,125.31658486,-0.74208197445575,True,True,False,False,False
2026-08-25 22:57:00+08:00,126.25,126.25,False,0.0,19.675,31.87906,0.0,125.44410110000001,-0.6403796485320079,True,True,False,False,False
2026-08-25 22:58:00+08:00,126.25,126.25,False,0.0,19.665,31.87906,0.0,125.38034298,-0.6912179268214305,True,True,False,False,False
2026-08-25 22:59:00+08:00,126.25,126.25,False,0.0,19.655,31.87906,0.0,125.31658486,-0.74208197445575,True,True,False,False,False
2026-08-25 23:00:00+08:00,126.25,126.25,False,0.0,19.645,31.88857,0.0,125.29019152999999,-0.7631452168036862,True,True,False,False,False
2026-08-25 23:01:00+08:00,126.25,126.25,False,0.0,19.635,31.88857,0.0,125.22641439000002,-0.814060922956031,True,True,False,False,False
2026-08-25 23:02:00+08:00,126.25,126.25,False,0.0,19.635,31.88857,0.0,125.22641439000002,-0.814060922956031,True,True,False,False,False
2026-08-25 23:03:00+08:00,126.25,126.25,False,0.0,19.625,31.88857,0.0,125.16263725000002,-0.8650024612078108,True,True,False,False,False
2026-08-25 23:04:00+08:00,126.25,126.25,False,0.0,19.615,31.88857,0.0,125.09886010999999,-0.9159698512228994,True,True,False,False,False
2026-08-25 23:05:00+08:00,126.25,126.25,False,0.0,19.635,31.88475,0.0,125.21141325,-0.8260406529787871,True,True,False,False,False
2026-08-25 23:06:00+08:00,126.25,126.25,False,0.0,19.615,31.88475,0.0,125.08387424999998,-0.9279495280768111,True,True,False,False,False
2026-08-25 23:07:00+08:00,126.25,126.25,False,0.0,19.615,31.88475,0.0,125.08387424999998,-0.9279495280768111,True,True,False,False,False
2026-08-25 23:08:00+08:00,126.25,126.25,False,0.0,19.595,31.88475,0.0,124.95633524999998,-1.0299618826989907,True,True,False,False,False
2026-08-25 23:09:00+08:00,126.25,126.25,False,0.0,19.595,31.88475,0.0,124.95633524999998,-1.0299618826989907,True,True,False,False,False
2026-08-25 23:10:00+08:00,126.25,126.25,False,0.0,19.605,31.88906,0.0,125.03700426,-0.965426559620204,True,True,False,False,False
2026-08-25 23:11:00+08:00,126.25,126.25,False,0.0,19.605,31.88906,0.0,125.03700426,-0.965426559620204,True,True,False,False,False
2026-08-25 23:12:00+08:00,125.75,125.75,False,0.0,19.605,31.88906,0.0,125.03700426,-0.568606608706732,True,True,False,False,False
2026-08-25 23:13:00+08:00,125.75,125.75,False,0.0,19.605,31.88906,0.0,125.03700426,-0.568606608706732,True,True,False,False,False
2026-08-25 23:14:00+08:00,125.75,125.75,False,0.0,19.615,31.88906,0.0,125.10078237999998,-0.5176125933038168,True,True,False,False,False
2026-08-25 23:15:00+08:00,125.75,125.75,False,0.0,19.635,31.88395,0.0,125.20827165,-0.43172782984059066,True,True,False,False,False
2026-08-25 23:16:00+08:00,125.75,125.75,False,0.0,19.605,31.88395,0.0,125.01696795000001,-0.5846320637781524,True,True,False,False,False
2026-08-25 23:17:00+08:00,125.75,125.75,False,0.0,19.605,31.88395,0.0,125.01696795000001,-0.5846320637781524,True,True,False,False,False
2026-08-25 23:18:00+08:00,125.75,125.75,False,0.0,19.585,31.88395,0.0,124.88943214999999,-0.6866978931591148,True,True,False,False,False
2026-08-25 23:19:00+08:00,125.75,125.75,False,0.0,19.575,31.88395,0.0,124.82566425,-0.7377697692763853,True,True,False,False,False
2026-08-25 23:20:00+08:00,125.75,125.75,False,0.0,19.595,31.88748,0.0,124.96703412,-0.6245813195327266,True,True,False,False,False
2026-08-25 23:21:00+08:00,125.75,125.75,False,0.0,19.605,31.88748,0.0,125.03080908,-0.57356136830277,True,True,False,False,False
2026-08-25 23:22:00+08:00,125.75,125.75,False,0.0,19.595,31.88748,0.0,124.96703412,-0.6245813195327266,True,True,False,False,False
2026-08-25 23:23:00+08:00,125.75,125.75,False,0.0,19.575,31.88748,0.0,124.83948419999999,-0.7266991293803167,True,True,False,False,False
2026-08-25 23:24:00+08:00,125.75,125.75,False,0.0,19.585,31.88748,0.0,124.90325916000002,-0.675627233284431,True,True,False,False,False
2026-08-25 23:25:00+08:00,125.75,125.75,False,0.0,19.585,31.89367,0.0,124.92750539000001,-0.6562173249014656,True,True,False,False,False
2026-08-25 23:26:00+08:00,125.75,125.75,False,0.0,19.595,31.89367,0.0,124.99129272999998,-0.6051713794241285,True,True,False,False,False
2026-08-25 23:27:00+08:00,126.25,126.25,False,0.0,19.605,31.89367,0.0,125.05508007,-0.9509715678387062,True,True,False,False,False
2026-08-25 23:28:00+08:00,126.25,126.25,False,0.0,19.625,31.89367,0.0,125.18265475000001,-0.8490108423356957,True,True,False,False,False
2026-08-25 23:29:00+08:00,126.25,126.25,False,0.0,19.625,31.89367,0.0,125.18265475000001,-0.8490108423356957,True,True,False,False,False
2026-08-25 23:30:00+08:00,126.25,126.25,False,0.0,19.625,31.89283,0.0,125.17935775000001,-0.8516445808723319,True,True,False,False,False
2026-08-25 23:31:00+08:00,126.25,126.25,False,0.0,19.625,31.89283,0.0,125.17935775000001,-0.8516445808723319,True,True,False,False,False
2026-08-25 23:32:00+08:00,126.25,126.25,False,0.0,19.645,31.89283,0.0,125.30692907,-0.7497872815402188,True,True,False,False,False
2026-08-25 23:33:00+08:00,126.75,126.75,False,0.0,19.645,31.89283,0.0,125.30692907,-1.1450357150064636,True,True,False,False,False
2026-08-25 23:34:00+08:00,126.25,126.25,False,0.0,19.625,31.89283,0.0,125.17935775000001,-0.8516445808723319,True,True,False,False,False
2026-08-25 23:35:00+08:00,126.25,126.25,False,0.0,19.645,31.89393,0.0,125.31125096999999,-0.7463383381822677,True,True,False,False,False
2026-08-25 23:36:00+08:00,126.25,126.25,False,0.0,19.655,31.89393,0.0,125.37503883000002,-0.6954484132965071,True,True,False,False,False
2026-08-25 23:37:00+08:00,126.25,126.25,False,0.0,19.635,31.89393,0.0,125.24746311000001,-0.7972540777172752,True,True,False,False,False
2026-08-25 23:38:00+08:00,126.25,126.25,False,0.0,19.635,31.89393,0.0,125.24746311000001,-0.7972540777172752,True,True,False,False,False
2026-08-25 23:39:00+08:00,126.25,126.25,False,0.0,19.615,31.89393,0.0,125.11988738999999,-0.8991630793442207,True,True,False,False,False
2026-08-25 23:40:00+08:00,126.25,126.25,False,0.0,19.615,31.88404,0.0,125.08108891999998,-0.9301762746685793,True,True,False,False,False
2026-08-25 23:41:00+08:00,126.25,126.25,False,0.0,19.605,31.88404,0.0,125.01732084,-0.981169501771334,True,True,False,False,False
2026-08-25 23:42:00+08:00,126.25,126.25,False,0.0,19.595,31.88404,0.0,124.95355275999998,-1.0321886181591124,True,True,False,False,False
2026-08-25 23:43:00+08:00,126.25,126.25,False,0.0,19.595,31.88404,0.0,124.95355275999998,-1.0321886181591124,True,True,False,False,False
2026-08-25 23:44:00+08:00,126.25,126.25,False,0.0,19.595,31.88404,0.0,124.95355275999998,-1.0321886181591124,True,True,False,False,False
2026-08-25 23:45:00+08:00,126.25,126.25,False,0.0,19.585,31.86576,0.0,124.81818192,-1.1405810716837324,True,True,False,False,False
2026-08-25 23:46:00+08:00,126.25,126.25,False,0.0,19.575,31.86576,0.0,124.7544504,-1.1916518592532523,True,True,False,False,False
2026-08-25 23:47:00+08:00,126.25,126.25,False,0.0,19.575,31.86576,0.0,124.7544504,-1.1916518592532523,True,True,False,False,False
2026-08-25 23:48:00+08:00,126.25,126.25,False,0.0,19.575,31.86576,0.0,124.7544504,-1.1916518592532523,True,True,False,False,False
2026-08-25 23:49:00+08:00,126.25,126.25,False,0.0,19.585,31.86576,0.0,124.81818192,-1.1405810716837324,True,True,False,False,False
2026-08-25 23:50:00+08:00,126.25,126.25,False,0.0,19.585,31.87485,0.0,124.85378745,-1.1120601279485012,True,True,False,False,False
2026-08-25 23:51:00+08:00,126.25,126.25,False,0.0,19.585,31.87485,0.0,124.85378745,-1.1120601279485012,True,True,False,False,False
2026-08-25 23:52:00+08:00,126.25,126.25,False,0.0,19.575,31.87485,0.0,124.79003774999998,-1.1631309994096892,True,True,False,False,False
2026-08-25 23:53:00+08:00,126.25,126.25,False,0.0,19.575,31.87485,0.0,124.79003774999998,-1.1631309994096892,True,True,False,False,False
2026-08-25 23:54:00+08:00,126.25,126.25,False,0.0,19.575,31.87485,0.0,124.79003774999998,-1.1631309994096892,True,True,False,False,False
2026-08-25 23:55:00+08:00,126.25,126.25,False,0.0,19.585,31.87355,0.0,124.84869535,-1.116138535126005,True,True,False,False,False
2026-08-25 23:56:00+08:00,126.25,126.25,False,0.0,19.575,31.87355,0.0,124.78494825,-1.1672093947182116,True,True,False,False,False
2026-08-25 23:57:00+08:00,126.25,126.25,False,0.0,19.575,31.87355,0.0,124.78494825,-1.1672093947182116,True,True,False,False,False
2026-08-25 23:58:00+08:00,126.25,126.25,False,0.0,19.585,31.87355,0.0,124.84869535,-1.116138535126005,True,True,False,False,False
2026-08-25 23:59:00+08:00,126.25,126.25,False,0.0,19.585,31.87355,0.0,124.84869535,-1.116138535126005,True,True,False,False,False
2026-08-26 00:00:00+08:00,126.25,126.25,False,0.0,19.585,31.87395,0.0,124.85026215,-1.114883622991864,True,True,False,False,False
2026-08-26 00:01:00+08:00,126.25,126.25,False,0.0,19.585,31.87395,0.0,124.85026215,-1.114883622991864,True,True,False,False,False
2026-08-26 00:02:00+08:00,126.25,126.25,False,0.0,19.615,31.87395,0.0,125.04150585,-0.9618265017850439,True,True,False,False,False
2026-08-26 00:03:00+08:00,126.25,126.25,False,0.0,19.625,31.87395,0.0,125.10525375,-0.9108592185135476,True,True,False,False,False
2026-08-26 00:04:00+08:00,126.25,126.25,False,0.0,19.605,31.87395,0.0,124.97775795,-1.0128196504887867,True,True,False,False,False
2026-08-26 00:05:00+08:00,126.25,126.25,False,0.0,19.625,31.87398,0.0,125.1053715,-0.9107650997623467,True,True,False,False,False
2026-08-26 00:06:00+08:00,126.25,126.25,False,0.0,19.625,31.87398,0.0,125.1053715,-0.9107650997623467,True,True,False,False,False
2026-08-26 00:07:00+08:00,126.25,126.25,False,0.0,19.615,31.87398,0.0,125.04162353999997,-0.9617323832584325,True,True,False,False,False
2026-08-26 00:08:00+08:00,126.25,126.25,False,0.0,19.625,31.87398,0.0,125.1053715,-0.9107650997623467,True,True,False,False,False
2026-08-26 00:09:00+08:00,126.25,126.25,False,0.0,19.615,31.87398,0.0,125.04162353999997,-0.9617323832584325,True,True,False,False,False
2026-08-26 00:10:00+08:00,126.25,126.25,False,0.0,19.655,31.88484,0.0,125.33930604000003,-0.7239528375305301,True,True,False,False,False
2026-08-26 00:11:00+08:00,126.25,126.25,False,0.0,19.655,31.88484,0.0,125.33930604000003,-0.7239528375305301,True,True,False,False,False
2026-08-26 00:12:00+08:00,126.5,126.5,False,0.0,19.655,31.88484,0.0,125.33930604000003,-0.9217734739275528,True,True,False,False,False
2026-08-26 00:13:00+08:00,126.25,126.25,False,0.0,19.675,31.88484,0.0,125.46684540000001,-0.6222504487178742,True,True,False,False,False
2026-08-26 00:14:00+08:00,126.25,126.25,False,0.0,19.695,31.88484,0.0,125.59438476,-0.5206510684165417,True,True,False,False,False
2026-08-26 00:15:00+08:00,126.75,126.75,False,0.0,19.705,31.88339,0.0,125.65243998999999,-0.8696904911406513,True,True,False,False,False
2026-08-26 00:16:00+08:00,126.75,126.75,False,0.0,19.725,31.88339,0.0,125.77997355,-0.768246585831875,True,True,False,False,False
2026-08-26 00:17:00+08:00,126.75,126.75,False,0.0,19.715,31.88339,0.0,125.71620676999999,-0.8189557273633963,True,True,False,False,False
2026-08-26 00:18:00+08:00,126.75,126.75,False,0.0,19.725,31.88339,0.0,125.77997355,-0.768246585831875,True,True,False,False,False
2026-08-26 00:19:00+08:00,126.75,126.75,False,0.0,19.715,31.88339,0.0,125.71620676999999,-0.8189557273633963,True,True,False,False,False
2026-08-26 00:20:00+08:00,126.75,126.75,False,0.0,19.705,31.87887,0.0,125.63462666999999,-0.8838678842815519,True,True,False,False,False
2026-08-26 00:21:00+08:00,126.75,126.75,False,0.0,19.695,31.87887,0.0,125.57086893,-0.9346282572664386,True,True,False,False,False
2026-08-26 00:22:00+08:00,126.75,126.75,False,0.0,19.705,31.87887,0.0,125.63462666999999,-0.8838678842815519,True,True,False,False,False
2026-08-26 00:23:00+08:00,126.75,126.75,False,0.0,19.695,31.87887,0.0,125.57086893,-0.9346282572664386,True,True,False,False,False
2026-08-26 00:24:00+08:00,126.75,126.75,False,0.0,19.675,31.87887,0.0,125.44335344999999,-1.0362260005072395,True,True,False,False,False
2026-08-26 00:25:00+08:00,126.75,126.75,False,0.0,19.685,31.89715,0.0,125.57907954999999,-0.9280899784426067,True,True,False,False,False
2026-08-26 00:26:00+08:00,126.75,126.75,False,0.0,19.685,31.89715,0.0,125.57907954999999,-0.9280899784426067,True,True,False,False,False
2026-08-26 00:27:00+08:00,126.75,126.75,False,0.0,19.695,31.89715,0.0,125.64287385,-0.877303810612321,True,True,False,False,False
2026-08-26 00:28:00+08:00,126.75,126.75,False,0.0,19.675,31.89715,0.0,125.51528525,-0.9789018324708194,True,True,False,False,False
2026-08-26 00:29:00+08:00,126.75,126.75,False,0.0,19.685,31.89715,0.0,125.57907954999999,-0.9280899784426067,True,True,False,False,False
2026-08-26 00:30:00+08:00,126.75,126.75,False,0.0,19.675,31.8894,0.0,125.484789,-1.003201029497952,True,True,False,False,False
2026-08-26 00:31:00+08:00,126.75,126.75,False,0.0,19.675,31.8894,0.0,125.484789,-1.003201029497952,True,True,False,False,False
2026-08-26 00:32:00+08:00,126.75,126.75,False,0.0,19.675,31.8894,0.0,125.484789,-1.003201029497952,True,True,False,False,False
2026-08-26 00:33:00+08:00,126.75,126.75,False,0.0,19.665,31.8894,0.0,125.42101019999998,-1.0540385264317083,True,True,False,False,False
2026-08-26 00:34:00+08:00,126.75,126.75,False,0.0,19.665,31.8894,0.0,125.42101019999998,-1.0540385264317083,True,True,False,False,False
2026-08-26 00:35:00+08:00,126.75,126.75,False,0.0,19.665,31.8841,0.0,125.4001653,-1.0706593813999792,True,True,False,False,False
2026-08-26 00:36:00+08:00,126.75,126.75,False,0.0,19.655,31.8841,0.0,125.3363971,-1.12152255437983,True,True,False,False,False
2026-08-26 00:37:00+08:00,126.75,126.75,False,0.0,19.665,31.8841,0.0,125.4001653,-1.0706593813999792,True,True,False,False,False
2026-08-26 00:38:00+08:00,126.75,126.75,False,0.0,19.665,31.8841,0.0,125.4001653,-1.0706593813999792,True,True,False,False,False
2026-08-26 00:39:00+08:00,126.75,126.75,False,0.0,19.665,31.8841,0.0,125.4001653,-1.0706593813999792,True,True,False,False,False
2026-08-26 00:40:00+08:00,126.75,126.75,False,0.0,19.655,31.88481,0.0,125.33918811000001,-1.1192958338097214,True,True,False,False,False
2026-08-26 00:41:00+08:00,126.75,126.75,False,0.0,19.635,31.88481,0.0,125.21164887000002,-1.2210994307262177,True,True,False,False,False
2026-08-26 00:42:00+08:00,126.75,126.75,False,0.0,19.645,31.88481,0.0,125.27541848999999,-1.1701847526609834,True,True,False,False,False
2026-08-26 00:43:00+08:00,126.75,126.75,False,0.0,19.635,31.88481,0.0,125.21164887000002,-1.2210994307262177,True,True,False,False,False
2026-08-26 00:44:00+08:00,126.75,126.75,False,0.0,19.655,31.88481,0.0,125.33918811000001,-1.1192958338097214,True,True,False,False,False
2026-08-26 00:45:00+08:00,126.75,126.75,False,0.0,19.645,31.87607,0.0,125.24107903,-1.1975987211994643,True,True,False,False,False
2026-08-26 00:46:00+08:00,126.75,126.75,False,0.0,19.655,31.87607,0.0,125.30483117000001,-1.14670988315656,True,True,False,False,False
2026-08-26 00:47:00+08:00,126.75,126.75,False,0.0,19.635,31.87607,0.0,125.17732688999999,-1.248513314862975,True,True,False,False,False
2026-08-26 00:48:00+08:00,126.75,126.75,False,0.0,19.635,31.87607,0.0,125.17732688999999,-1.248513314862975,True,True,False,False,False
2026-08-26 00:49:00+08:00,126.25,126.25,False,0.0,19.635,31.87607,0.0,125.17732688999999,-0.8532669246961431,True,True,False,False,False
2026-08-26 00:50:00+08:00,126.25,126.25,False,0.0,19.625,31.88363,0.0,125.14324775,-0.8804948103463925,True,True,False,False,False
2026-08-26 00:51:00+08:00,126.25,126.25,False,0.0,19.625,31.88363,0.0,125.14324775,-0.8804948103463925,True,True,False,False,False
2026-08-26 00:52:00+08:00,126.25,126.25,False,0.0,19.635,31.88363,0.0,125.20701501,-0.8295533055289914,True,True,False,False,False
2026-08-26 00:53:00+08:00,126.25,126.25,False,0.0,19.635,31.88363,0.0,125.20701501,-0.8295533055289914,True,True,False,False,False
2026-08-26 00:54:00+08:00,126.25,126.25,False,0.0,19.615,31.88363,0.0,125.07948049,-0.9314621648983822,True,True,False,False,False
2026-08-26 00:55:00+08:00,126.25,126.25,False,0.0,19.615,31.88213,0.0,125.07359598999999,-0.9361667816075824,True,True,False,False,False
2026-08-26 00:56:00+08:00,126.25,126.25,False,0.0,19.625,31.88213,0.0,125.13736025,-0.8851994379458858,True,True,False,False,False
2026-08-26 00:57:00+08:00,126.25,126.25,False,0.0,19.615,31.88213,0.0,125.07359598999999,-0.9361667816075824,True,True,False,False,False
2026-08-26 00:58:00+08:00,126.25,126.25,False,0.0,19.625,31.88213,0.0,125.13736025,-0.8851994379458858,True,True,False,False,False
2026-08-26 00:59:00+08:00,126.25,126.25,False,0.0,19.635,31.88213,0.0,125.20112451,-0.8342579434026651,True,True,False,False,False
2026-08-26 01:00:00+08:00,126.25,126.25,False,0.0,19.625,31.8865,0.0,125.15451250000001,-0.8714939036744538,True,True,False,False,False
2026-08-26 01:01:00+08:00,126.25,126.25,False,0.0,19.625,31.8865,0.0,125.15451250000001,-0.8714939036744538,True,True,False,False,False
2026-08-26 01:02:00+08:00,126.25,126.25,False,0.0,19.625,31.8865,0.0,125.15451250000001,-0.8714939036744538,True,True,False,False,False
2026-08-26 01:03:00+08:00,126.25,126.25,False,0.0,19.615,31.8865,0.0,125.0907395,-0.9224612789046099,True,True,False,False,False
2026-08-26 01:04:00+08:00,126.25,126.25,False,0.0,19.605,31.8865,0.0,125.0269665,-0.9734545247305822,True,True,False,False,False
2026-08-26 01:05:00+08:00,126.25,126.25,False,0.0,19.605,31.88124,0.0,125.00634204,-0.9899514972656911,True,True,False,False,False
2026-08-26 01:06:00+08:00,126.25,126.25,False,0.0,19.615,31.88124,0.0,125.07010451999997,-0.9389582916603727,True,True,False,False,False
2026-08-26 01:07:00+08:00,126.25,126.25,False,0.0,19.615,31.88124,0.0,125.07010451999997,-0.9389582916603727,True,True,False,False,False
2026-08-26 01:08:00+08:00,126.25,126.25,False,0.0,19.605,31.88124,0.0,125.00634204,-0.9899514972656911,True,True,False,False,False
2026-08-26 01:09:00+08:00,126.25,126.25,False,0.0,19.595,31.88124,0.0,124.94257955999998,-1.04097059100245,True,True,False,False,False
2026-08-26 01:10:00+08:00,126.25,126.25,False,0.0,19.585,31.87204,0.0,124.84278068,-1.1208759695830501,True,True,False,False,False
2026-08-26 01:11:00+08:00,126.25,126.25,False,0.0,19.585,31.87204,0.0,124.84278068,-1.1208759695830501,True,True,False,False,False
2026-08-26 01:12:00+08:00,126.25,126.25,False,0.0,19.585,31.87204,0.0,124.84278068,-1.1208759695830501,True,True,False,False,False
2026-08-26 01:13:00+08:00,126.25,126.25,False,0.0,19.585,31.87204,0.0,124.84278068,-1.1208759695830501,True,True,False,False,False
2026-08-26 01:14:00+08:00,126.25,126.25,False,0.0,19.585,31.87204,0.0,124.84278068,-1.1208759695830501,True,True,False,False,False
2026-08-26 01:15:00+08:00,126.25,126.25,False,0.0,19.575,31.88933,0.0,124.84672694999999,-1.1177151267921057,True,True,False,False,False
2026-08-26 01:16:00+08:00,126.25,126.25,False,0.0,19.575,31.88933,0.0,124.84672694999999,-1.1177151267921057,True,True,False,False,False
2026-08-26 01:17:00+08:00,126.25,126.25,False,0.0,19.585,31.88933,0.0,124.91050561000002,-1.0666441260314554,True,True,False,False,False
2026-08-26 01:18:00+08:00,126.25,126.25,False,0.0,19.585,31.88933,0.0,124.91050561000002,-1.0666441260314554,True,True,False,False,False
2026-08-26 01:19:00+08:00,126.25,126.25,False,0.0,19.585,31.88933,0.0,124.91050561000002,-1.0666441260314554,True,True,False,False,False
2026-08-26 01:20:00+08:00,126.25,126.25,False,0.0,19.585,31.88101,0.0,124.87791617,-1.0927370010677486,True,True,False,False,False
2026-08-26 01:21:00+08:00,126.25,126.25,False,0.0,19.575,31.88101,0.0,124.81415415,-1.1438079281856788,True,True,False,False,False
2026-08-26 01:22:00+08:00,126.25,126.25,False,0.0,19.585,31.88101,0.0,124.87791617,-1.0927370010677486,True,True,False,False,False
2026-08-26 01:23:00+08:00,126.25,126.25,False,0.0,19.595,31.88101,0.0,124.94167818999999,-1.041692001444731,True,True,False,False,False
2026-08-26 01:24:00+08:00,126.25,126.25,False,0.0,19.585,31.88101,0.0,124.87791617,-1.0927370010677486,True,True,False,False,False
2026-08-26 01:25:00+08:00,126.25,126.25,False,0.0,19.585,31.89057,0.0,124.91536269000001,-1.0627558638706582,True,True,False,False,False
2026-08-26 01:26:00+08:00,126.25,126.25,False,0.0,19.575,31.89057,0.0,124.85158154999999,-1.113826875456419,True,True,False,False,False
2026-08-26 01:27:00+08:00,126.25,126.25,False,0.0,19.575,31.89057,0.0,124.85158154999999,-1.113826875456419,True,True,False,False,False
2026-08-26 01:28:00+08:00,126.25,126.25,False,0.0,19.565,31.89057,0.0,124.78780041,-1.1649238382521705,True,True,False,False,False
2026-08-26 01:29:00+08:00,126.25,126.25,False,0.0,19.575,31.89057,0.0,124.85158154999999,-1.113826875456419,True,True,False,False,False
2026-08-26 01:30:00+08:00,126.25,126.25,False,0.0,19.575,31.88584,0.0,124.83306359999999,-1.1286594800016703,True,True,False,False,False
2026-08-26 01:31:00+08:00,126.25,126.25,False,0.0,19.565,31.88584,0.0,124.76929192000003,-1.1797563993383213,True,True,False,False,False
2026-08-26 01:32:00+08:00,126.25,126.25,False,0.0,19.585,31.88584,0.0,124.89683528,-1.0775885099180098,True,True,False,False,False
2026-08-26 01:33:00+08:00,126.25,126.25,False,0.0,19.585,31.88584,0.0,124.89683528,-1.0775885099180098,True,True,False,False,False
2026-08-26 01:34:00+08:00,126.25,126.25,False,0.0,19.585,31.88584,0.0,124.89683528,-1.0775885099180098,True,True,False,False,False
2026-08-26 01:35:00+08:00,126.25,126.25,False,0.0,19.585,31.8837,0.0,124.88845290000002,-1.0842999821633301,True,True,False,False,False
2026-08-26 01:36:00+08:00,126.25,126.25,False,0.0,19.585,31.8837,0.0,124.88845290000002,-1.0842999821633301,True,True,False,False,False
2026-08-26 01:37:00+08:00,126.25,126.25,False,0.0,19.575,31.8837,0.0,124.82468550000002,-1.1353709332835027,True,True,False,False,False
2026-08-26 01:38:00+08:00,126.25,126.25,False,0.0,19.585,31.8837,0.0,124.88845290000002,-1.0842999821633301,True,True,False,False,False
2026-08-26 01:39:00+08:00,126.25,126.25,False,0.0,19.575,31.8837,0.0,124.82468550000002,-1.1353709332835027,True,True,False,False,False
2026-08-26 01:40:00+08:00,126.25,126.25,False,0.0,19.565,31.88327,0.0,124.75923551000001,-1.1878164458539204,True,True,False,False,False
2026-08-26 01:41:00+08:00,126.25,126.25,False,0.0,19.565,31.88327,0.0,124.75923551000001,-1.1878164458539204,True,True,False,False,False
2026-08-26 01:42:00+08:00,126.25,126.25,False,0.0,19.565,31.88327,0.0,124.75923551000001,-1.1878164458539204,True,True,False,False,False
2026-08-26 01:43:00+08:00,126.25,126.25,False,0.0,19.575,31.88327,0.0,124.82300204999999,-1.136719550368729,True,True,False,False,False
2026-08-26 01:44:00+08:00,126.25,126.25,False,0.0,19.575,31.88327,0.0,124.82300204999999,-1.136719550368729,True,True,False,False,False
2026-08-26 01:45:00+08:00,126.25,126.25,False,0.0,19.565,31.8852,0.0,124.76678760000001,-1.1817635100673125,True,True,False,False,False
2026-08-26 01:46:00+08:00,126.25,126.25,False,0.0,19.565,31.8852,0.0,124.76678760000001,-1.1817635100673125,True,True,False,False,False
2026-08-26 01:47:00+08:00,126.25,126.25,False,0.0,19.565,31.8852,0.0,124.76678760000001,-1.1817635100673125,True,True,False,False,False
2026-08-26 01:48:00+08:00,126.25,126.25,False,0.0,19.565,31.8852,0.0,124.76678760000001,-1.1817635100673125,True,True,False,False,False
2026-08-26 01:49:00+08:00,126.25,126.25,False,0.0,19.575,31.8852,0.0,124.830558,-1.1306665966546112,True,True,False,False,False
2026-08-26 01:50:00+08:00,126.25,126.25,False,0.0,19.575,31.88108,0.0,124.8144282,-1.1435883691626891,True,True,False,False,False
2026-08-26 01:51:00+08:00,126.25,126.25,False,0.0,19.565,31.88108,0.0,124.75066604000001,-1.1946852441905873,True,True,False,False,False
2026-08-26 01:52:00+08:00,126.25,126.25,False,0.0,19.565,31.88108,0.0,124.75066604000001,-1.1946852441905873,True,True,False,False,False
2026-08-26 01:53:00+08:00,126.25,126.25,False,0.0,19.565,31.88108,0.0,124.75066604000001,-1.1946852441905873,True,True,False,False,False
2026-08-26 01:54:00+08:00,126.25,126.25,False,0.0,19.575,31.88108,0.0,124.8144282,-1.1435883691626891,True,True,False,False,False
2026-08-26 01:55:00+08:00,126.25,126.25,False,0.0,19.575,31.88381,0.0,124.82511615000001,-1.1350259411201202,True,True,False,False,False
2026-08-26 01:56:00+08:00,126.25,126.25,False,0.0,19.575,31.88381,0.0,124.82511615000001,-1.1350259411201202,True,True,False,False,False
2026-08-26 01:57:00+08:00,126.25,126.25,False,0.0,19.565,31.88381,0.0,124.76134853,-1.1861228416308636,True,True,False,False,False
2026-08-26 01:58:00+08:00,126.25,126.25,False,0.0,19.565,31.88381,0.0,124.76134853,-1.1861228416308636,True,True,False,False,False
2026-08-26 01:59:00+08:00,126.25,126.25,False,0.0,19.565,31.88381,0.0,124.76134853,-1.1861228416308636,True,True,False,False,False
2026-08-26 02:00:00+08:00,126.25,126.25,False,0.0,19.565,31.88343,0.0,124.75986159000001,-1.1873146342226035,True,True,False,False,False
2026-08-26 02:01:00+08:00,126.25,126.25,False,0.0,19.555,31.88343,0.0,124.69609473,-1.2384374992341618,True,True,False,False,False
2026-08-26 02:02:00+08:00,126.25,126.25,False,0.0,19.545,31.88343,0.0,124.63232787000001,-1.2895863520831323,True,True,False,False,False
2026-08-26 02:03:00+08:00,126.25,126.25,False,0.0,19.545,31.88343,0.0,124.63232787000001,-1.2895863520831323,True,True,False,False,False
2026-08-26 02:04:00+08:00,126.25,126.25,False,0.0,19.545,31.88343,0.0,124.63232787000001,-1.2895863520831323,True,True,False,False,False
2026-08-26 02:05:00+08:00,126.25,126.25,False,0.0,19.545,31.89,0.0,124.65801000000002,-1.2689830029738638,True,True,False,False,False
2026-08-26 02:06:00+08:00,126.25,126.25,False,0.0,19.545,31.89,0.0,124.65801000000002,-1.2689830029738638,True,True,False,False,False
2026-08-26 02:07:00+08:00,126.25,126.25,False,0.0,19.545,31.89,0.0,124.65801000000002,-1.2689830029738638,True,True,False,False,False
2026-08-26 02:08:00+08:00,126.25,126.25,False,0.0,19.545,31.89,0.0,124.65801000000002,-1.2689830029738638,True,True,False,False,False
2026-08-26 02:09:00+08:00,126.25,126.25,False,0.0,19.545,31.89,0.0,124.65801000000002,-1.2689830029738638,True,True,False,False,False
2026-08-26 02:10:00+08:00,126.25,126.25,False,0.0,19.545,31.88859,0.0,124.65249831000001,-1.2734043708295089,True,True,False,False,False
2026-08-26 02:11:00+08:00,126.25,126.25,False,0.0,19.545,31.88859,0.0,124.65249831000001,-1.2734043708295089,True,True,False,False,False
2026-08-26 02:12:00+08:00,126.25,126.25,False,0.0,19.555,31.88859,0.0,124.71627549,-1.2222554660027314,True,True,False,False,False
2026-08-26 02:13:00+08:00,126.25,126.25,False,0.0,19.545,31.88859,0.0,124.65249831000001,-1.2734043708295089,True,True,False,False,False
2026-08-26 02:14:00+08:00,126.25,126.25,False,0.0,19.545,31.88859,0.0,124.65249831000001,-1.2734043708295089,True,True,False,False,False
2026-08-26 02:15:00+08:00,126.25,126.25,False,0.0,19.555,31.88217,0.0,124.69116686999999,-1.242389321324519,True,True,False,False,False
2026-08-26 02:16:00+08:00,126.25,126.25,False,0.0,19.555,31.88217,0.0,124.69116686999999,-1.242389321324519,True,True,False,False,False
2026-08-26 02:17:00+08:00,126.25,126.25,False,0.0,19.555,31.88217,0.0,124.69116686999999,-1.242389321324519,True,True,False,False,False
2026-08-26 03:18:00+08:00,126.25,126.25,False,0.0,19.535,31.87604,0.0,124.53968828,-1.3639410230379885,True,True,False,False,False
2026-08-26 03:19:00+08:00,126.25,126.25,False,0.0,19.545,31.87604,0.0,124.60344036000001,-1.3127662412259629,True,True,False,False,False
2026-08-26 03:20:00+08:00,126.25,126.25,False,0.0,19.535,31.87604,0.0,124.53968828,-1.3639410230379885,True,True,False,False,False
2026-08-26 03:21:00+08:00,126.25,126.25,False,0.0,19.525,31.87604,0.0,124.4759362,-1.4151418292719835,True,True,False,False,False
2026-08-26 03:22:00+08:00,126.25,126.25,False,0.0,19.535,31.87604,0.0,124.53968828,-1.3639410230379885,True,True,False,False,False
2026-08-26 03:23:00+08:00,125.75,125.75,False,0.0,19.535,31.87141,0.0,124.52159887,-0.981654439054485,True,True,False,False,False
2026-08-26 03:24:00+08:00,125.75,125.75,False,0.0,19.535,31.87141,0.0,124.52159887,-0.981654439054485,True,True,False,False,False
2026-08-26 03:25:00+08:00,125.75,125.75,False,0.0,19.545,31.87141,0.0,124.58534169000002,-0.9304785350222108,True,True,False,False,False
2026-08-26 03:26:00+08:00,125.75,125.75,False,0.0,19.535,31.87141,0.0,124.52159887,-0.981654439054485,True,True,False,False,False
2026-08-26 03:27:00+08:00,125.75,125.75,False,0.0,19.535,31.87141,0.0,124.52159887,-0.981654439054485,True,True,False,False,False
2026-08-26 03:28:00+08:00,125.75,125.75,False,0.0,19.535,31.88015,0.0,124.55574605,-0.9542361442724889,True,True,False,False,False
2026-08-26 03:29:00+08:00,125.75,125.75,False,0.0,19.555,31.88015,0.0,124.68326665,-0.8519102627773887,True,True,False,False,False
2026-08-26 03:30:00+08:00,125.75,125.75,False,0.0,19.515,31.88015,0.0,124.42822545000001,-1.0566663406637307,True,True,False,False,False
2026-08-26 03:31:00+08:00,125.75,125.75,False,0.0,19.515,31.88015,0.0,124.42822545000001,-1.0566663406637307,True,True,False,False,False
2026-08-26 03:32:00+08:00,125.75,125.75,False,0.0,19.515,31.88015,0.0,124.42822545000001,-1.0566663406637307,True,True,False,False,False
2026-08-26 03:33:00+08:00,125.75,125.75,False,0.0,19.515,31.87692,0.0,124.41561876,-1.0667982647768692,True,True,False,False,False
2026-08-26 03:34:00+08:00,125.75,125.75,False,0.0,19.515,31.87692,0.0,124.41561876,-1.0667982647768692,True,True,False,False,False
2026-08-26 03:35:00+08:00,125.75,125.75,False,0.0,19.505000000000003,31.87692,0.0,124.35186492,-1.1180525026850352,True,True,False,False,False
2026-08-26 03:36:00+08:00,125.75,125.75,False,0.0,19.505000000000003,31.87692,0.0,124.35186492,-1.1180525026850352,True,True,False,False,False
2026-08-26 03:37:00+08:00,125.75,125.75,False,0.0,19.485,31.87692,0.0,124.22435723999999,-1.2206394102537834,True,True,False,False,False
2026-08-26 03:38:00+08:00,125.75,125.75,False,0.0,19.485,31.8774,0.0,124.22622779999999,-1.2191336859592459,True,True,False,False,False
2026-08-26 03:39:00+08:00,125.75,125.75,False,0.0,19.485,31.8774,0.0,124.22622779999999,-1.2191336859592459,True,True,False,False,False
2026-08-26 03:40:00+08:00,125.75,125.75,False,0.0,19.485,31.8774,0.0,124.22622779999999,-1.2191336859592459,True,True,False,False,False
2026-08-26 03:41:00+08:00,125.75,125.75,False,0.0,19.485,31.8774,0.0,124.22622779999999,-1.2191336859592459,True,True,False,False,False
2026-08-26 03:42:00+08:00,125.75,125.75,False,0.0,19.485,31.8774,0.0,124.22622779999999,-1.2191336859592459,True,True,False,False,False
2026-08-26 03:43:00+08:00,125.75,125.75,False,0.0,19.485,31.87656,0.0,124.22295432000001,-1.2217687182631416,True,True,False,False,False
2026-08-26 03:44:00+08:00,125.75,125.75,False,0.0,19.475,31.87656,0.0,124.15920120000001,-1.2731014243264185,True,True,False,False,False
2026-08-26 03:45:00+08:00,125.75,125.75,False,0.0,19.455,31.87656,0.0,124.03169496000001,-1.3758454479822142,True,True,False,False,False
2026-08-26 03:46:00+08:00,125.75,125.75,False,0.0,19.445,31.87656,0.0,123.96794184000001,-1.4272568057138615,True,True,False,False,False
2026-08-26 03:47:00+08:00,125.75,125.75,False,0.0,19.455,31.87656,0.0,124.03169496000001,-1.3758454479822142,True,True,False,False,False
2026-08-26 03:48:00+08:00,125.75,125.75,False,0.0,19.445,31.87946,0.0,123.97921994000001,-1.4181600858925847,True,True,False,False,False
2026-08-26 03:49:00+08:00,125.75,125.75,False,0.0,19.44,31.87946,0.0,123.94734048000002,-1.4438756268165898,True,True,False,False,False
2026-08-26 03:50:00+08:00,125.75,125.75,False,0.0,19.465,31.87946,0.0,124.10673778,-1.3153635436054534,True,True,False,False,False
2026-08-26 03:51:00+08:00,125.75,125.75,False,0.0,19.475,31.87946,0.0,124.17049670000002,-1.2640046101508766,True,True,False,False,False
2026-08-26 03:52:00+08:00,125.75,125.75,False,0.0,19.495,31.87946,0.0,124.29801454000001,-1.161365318313868,True,True,False,False,False
2026-08-26 03:53:00+08:00,125.75,125.75,False,0.0,19.505000000000003,31.87435,0.0,124.34183935000001,-1.1261148333826951,True,True,False,False,False
2026-08-26 03:54:00+08:00,125.75,125.75,False,0.0,19.525,31.87435,0.0,124.46933674999998,-1.0236325190802968,True,True,False,False,False
2026-08-26 03:55:00+08:00,125.75,125.75,False,0.0,19.525,31.87435,0.0,124.46933674999998,-1.0236325190802968,True,True,False,False,False
2026-08-26 03:56:00+08:00,125.75,125.75,False,0.0,19.525,31.87435,0.0,124.46933674999998,-1.0236325190802968,True,True,False,False,False
2026-08-26 03:57:00+08:00,125.75,125.75,False,0.0,19.555,31.87435,0.0,124.66058285,-0.8701047196975547,True,True,False,False,False
2026-08-26 03:58:00+08:00,125.75,125.75,False,0.0,19.595,31.87707,0.0,124.92623732999998,-0.6572323557861519,True,True,False,False,False
2026-08-26 03:59:00+08:00,126.25,126.25,False,0.0,19.605,31.87707,0.0,124.98999146999999,-1.003031820394296,True,True,False,False,False
2026-08-26 21:30:00+08:00,123.75,123.75,False,0.0,19.34,31.85201,0.0,123.20357468,-0.44253282885906786,True,True,False,False,False
2026-08-26 21:31:00+08:00,123.75,123.75,False,0.0,19.34,31.85201,0.0,123.20357468,-0.44253282885906786,True,True,False,False,False
2026-08-26 21:32:00+08:00,123.75,123.75,False,0.0,19.33,31.85201,0.0,123.13987066,-0.4942522253901855,True,True,False,False,False
2026-08-26 21:33:00+08:00,123.75,123.75,False,0.0,19.355,31.85201,0.0,123.29913071000001,-0.3650037453717991,True,True,False,False,False
2026-08-26 21:34:00+08:00,123.75,123.75,False,0.0,19.29,31.85201,0.0,122.88505458,-0.7013969863066964,True,True,False,False,False
2026-08-26 21:35:00+08:00,123.75,123.75,False,0.0,19.245,31.85588,0.0,122.61328212000001,-0.922798129833579,True,True,False,False,False
2026-08-26 21:36:00+08:00,123.75,123.75,False,0.0,19.24,31.85588,0.0,122.58142624,-0.9487817107521337,True,True,False,False,False
2026-08-26 21:37:00+08:00,123.75,123.75,False,0.0,19.175,31.85588,0.0,122.1672998,-1.2871808541222485,True,True,False,False,False
2026-08-26 21:38:00+08:00,123.25,123.25,False,0.0,19.115,31.85588,0.0,121.78502924,-1.1957235376050104,True,True,False,False,False
2026-08-26 21:39:00+08:00,123.25,123.25,False,0.0,19.095,31.85588,0.0,121.65760571999999,-1.300404105718606,True,True,False,False,False
2026-08-26 21:40:00+08:00,123.25,123.25,False,0.0,19.125,31.86253,0.0,121.87417725,-1.1225516515221654,True,True,False,False,False
2026-08-26 21:41:00+08:00,123.25,123.25,False,0.0,19.085,31.86253,0.0,121.61927700999999,-1.3319131006650653,True,True,False,False,False
2026-08-26 21:42:00+08:00,123.25,123.25,False,0.0,19.075,31.86253,0.0,121.55555195,-1.3843215862572316,True,True,False,False,False
2026-08-26 21:43:00+08:00,123.25,123.25,False,0.0,19.075,31.86253,0.0,121.55555195,-1.3843215862572316,True,True,False,False,False
2026-08-26 21:44:00+08:00,123.25,123.25,False,0.0,19.055,31.86253,0.0,121.42810182999999,-1.4892204544449579,True,True,False,False,False
2026-08-26 21:45:00+08:00,123.25,123.25,False,0.0,19.035,31.8609,0.0,121.2944463,-1.5993441925080394,True,True,False,False,False
2026-08-26 21:46:00+08:00,122.75,122.75,False,0.0,19.015,31.8609,0.0,121.16700270000001,-1.2979802822085007,True,True,False,False,False
2026-08-26 21:47:00+08:00,122.75,122.75,False,0.0,19.0,31.8609,0.0,121.07142000000002,-1.3768929735541546,True,True,False,False,False
2026-08-26 21:48:00+08:00,123.25,123.25,False,0.0,19.085,31.8609,0.0,121.61305530000001,-1.3370287306057205,True,True,False,False,False
2026-08-26 21:49:00+08:00,123.25,123.25,False,0.0,19.055,31.8609,0.0,121.4218899,-1.4943360275241848,True,True,False,False,False
2026-08-26 21:50:00+08:00,123.25,123.25,False,0.0,19.075,31.85756,0.0,121.53659139999999,-1.399920306255801,True,True,False,False,False
2026-08-26 21:51:00+08:00,123.25,123.25,False,0.0,19.085,31.85756,0.0,121.60030652,-1.3475118764985048,True,True,False,False,False
2026-08-26 21:52:00+08:00,123.25,123.25,False,0.0,19.095,31.85756,0.0,121.66402163999999,-1.295130715162767,True,True,False,False,False
2026-08-26 21:53:00+08:00,123.25,123.25,False,0.0,19.105,31.85756,0.0,121.72773676,-1.2427768009721905,True,True,False,False,False
2026-08-26 21:54:00+08:00,123.25,123.25,False,0.0,19.085,31.85756,0.0,121.60030652,-1.3475118764985048,True,True,False,False,False
2026-08-26 21:55:00+08:00,123.25,123.25,False,0.0,19.105,31.85378,0.0,121.71329338000001,-1.2546423578786305,True,True,False,False,False
2026-08-26 21:56:00+08:00,123.25,123.25,False,0.0,19.105,31.85378,0.0,121.71329338000001,-1.2546423578786305,True,True,False,False,False
2026-08-26 21:57:00+08:00,123.25,123.25,False,0.0,19.095,31.85378,0.0,121.64958582,-1.3069962324691704,True,True,False,False,False
2026-08-26 21:58:00+08:00,123.25,123.25,False,0.0,19.095,31.85378,0.0,121.64958582,-1.3069962324691704,True,True,False,False,False
2026-08-26 21:59:00+08:00,123.25,123.25,False,0.0,19.095,31.85378,0.0,121.64958582,-1.3069962324691704,True,True,False,False,False
2026-08-26 22:00:00+08:00,123.25,123.25,False,0.0,19.065,31.85452,0.0,121.46128476000001,-1.4618984504570485,True,True,False,False,False
2026-08-26 22:01:00+08:00,123.25,123.25,False,0.0,19.085,31.85452,0.0,121.58870284000002,-1.3570543714942147,True,True,False,False,False
2026-08-26 22:02:00+08:00,123.25,123.25,False,0.0,19.105,31.85452,0.0,121.71612092000001,-1.252319360929848,True,True,False,False,False
2026-08-26 22:03:00+08:00,123.25,123.25,False,0.0,19.105,31.85452,0.0,121.71612092000001,-1.252319360929848,True,True,False,False,False
2026-08-26 22:04:00+08:00,123.25,123.25,False,0.0,19.105,31.85452,0.0,121.71612092000001,-1.252319360929848,True,True,False,False,False
2026-08-26 22:05:00+08:00,123.25,123.25,False,0.0,19.085,31.85834,0.0,121.60328378,-1.3450636189789245,True,True,False,False,False
2026-08-26 22:06:00+08:00,123.25,123.25,False,0.0,19.075,31.85834,0.0,121.5395671,-1.3974720575417863,True,True,False,False,False
2026-08-26 22:07:00+08:00,122.75,122.75,False,0.0,19.055,31.85834,0.0,121.41213373999999,-1.095883493076499,True,True,False,False,False
2026-08-26 22:08:00+08:00,122.75,122.75,False,0.0,19.035,31.85834,0.0,121.28470038,-1.2008944774806998,True,True,False,False,False
2026-08-26 22:09:00+08:00,122.75,122.75,False,0.0,19.025,31.85834,0.0,121.22098369999999,-1.2534411074721665,True,True,False,False,False
2026-08-26 22:10:00+08:00,122.75,122.75,False,0.0,19.005000000000003,31.86003,0.0,121.09997403,-1.3533124016630034,True,True,False,False,False
2026-08-26 22:11:00+08:00,122.75,122.75,False,0.0,19.015,31.86003,0.0,121.16369408999999,-1.3007108238987906,True,True,False,False,False
2026-08-26 22:12:00+08:00,122.75,122.75,False,0.0,19.005000000000003,31.86003,0.0,121.09997403,-1.3533124016630034,True,True,False,False,False
2026-08-26 22:13:00+08:00,122.75,122.75,False,0.0,19.025,31.86003,0.0,121.22741414999999,-1.2481367222491426,True,True,False,False,False
2026-08-26 22:14:00+08:00,122.25,122.25,False,0.0,19.035,31.86003,0.0,121.29113421,-0.7874364165301095,True,True,False,False,False
2026-08-26 22:15:00+08:00,122.75,122.75,False,0.0,19.025,31.84942,0.0,121.18704309999998,-1.2814428511042466,True,True,False,False,False
2026-08-26 22:16:00+08:00,122.75,122.75,False,0.0,19.035,31.84942,0.0,121.25074193999998,-1.2288963124289891,True,True,False,False,False
2026-08-26 22:17:00+08:00,122.75,122.75,False,0.0,19.035,31.84942,0.0,121.25074193999998,-1.2288963124289891,True,True,False,False,False
2026-08-26 22:18:00+08:00,122.75,122.75,False,0.0,19.065,31.84942,0.0,121.44183846000001,-1.071421181190927,True,True,False,False,False
2026-08-26 22:19:00+08:00,122.75,122.75,False,0.0,19.015,31.84942,0.0,121.12334426,-1.3340168397131438,True,True,False,False,False
2026-08-26 22:20:00+08:00,122.25,122.25,False,0.0,18.985,31.8531,0.0,120.9462207,-1.072203586262393,True,True,False,False,False
2026-08-26 22:21:00+08:00,122.25,122.25,False,0.0,18.945,31.8531,0.0,120.6913959,-1.2831111752083224,True,True,False,False,False
2026-08-26 22:22:00+08:00,122.25,122.25,False,0.0,18.965,31.8531,0.0,120.8188083,-1.1776021037085072,True,True,False,False,False
2026-08-26 22:23:00+08:00,122.25,122.25,False,0.0,18.935,31.8531,0.0,120.62768969999999,-1.3359072230997175,True,True,False,False,False
2026-08-26 22:24:00+08:00,122.25,122.25,False,0.0,18.935,31.8531,0.0,120.62768969999999,-1.3359072230997175,True,True,False,False,False
2026-08-26 22:25:00+08:00,122.25,122.25,False,0.0,18.915,31.85847,0.0,120.52059201,-1.424726096914376,True,True,False,False,False
2026-08-26 22:26:00+08:00,121.75,121.75,False,0.0,18.855,31.85847,0.0,120.13829037,-1.332606574327902,True,True,False,False,False
2026-08-26 22:27:00+08:00,121.75,121.75,False,0.0,18.855,31.85847,0.0,120.13829037,-1.332606574327902,True,True,False,False,False
2026-08-26 22:28:00+08:00,122.25,122.25,False,0.0,18.915,31.85847,0.0,120.52059201,-1.424726096914376,True,True,False,False,False
2026-08-26 22:29:00+08:00,121.75,121.75,False,0.0,18.885,31.85847,0.0,120.32944119000001,-1.1736302785704464,True,True,False,False,False
2026-08-26 22:30:00+08:00,122.25,122.25,False,0.0,18.925,31.85768,0.0,120.5813188,-1.374354188122125,True,True,False,False,False
2026-08-26 22:31:00+08:00,122.25,122.25,False,0.0,18.945,31.85768,0.0,120.70874952,-1.2687342876475654,True,True,False,False,False
2026-08-26 22:32:00+08:00,122.25,122.25,False,0.0,18.955,31.85768,0.0,120.77246487999999,-1.215965874372637,True,True,False,False,False
2026-08-26 22:33:00+08:00,122.25,122.25,False,0.0,18.985,31.85768,0.0,120.96361095999998,-1.057826521239868,True,True,False,False,False
2026-08-26 22:34:00+08:00,122.25,122.25,False,0.0,18.975,31.85768,0.0,120.89989560000001,-1.1105120129033625,True,True,False,False,False
2026-08-26 22:35:00+08:00,122.25,122.25,False,0.0,18.965,31.86211,0.0,120.85298322999999,-1.1493209597335863,True,True,False,False,False
2026-08-26 22:36:00+08:00,122.25,122.25,False,0.0,18.985,31.86211,0.0,120.98043167,-1.0439222767342453,True,True,False,False,False
2026-08-26 22:37:00+08:00,122.75,122.75,False,0.0,18.965,31.86211,0.0,120.85298322999999,-1.557465959445104,True,True,False,False,False
2026-08-26 22:38:00+08:00,122.25,122.25,False,0.0,18.955,31.86211,0.0,120.78925901,-1.2020617540970218,True,True,False,False,False
2026-08-26 22:39:00+08:00,122.25,122.25,False,0.0,18.955,31.86211,0.0,120.78925901,-1.2020617540970218,True,True,False,False,False
2026-08-26 22:40:00+08:00,122.75,122.75,False,0.0,18.985,31.86693,0.0,120.99873321,-1.436944321258245,True,True,False,False,False
2026-08-26 22:41:00+08:00,122.5,122.5,False,0.0,18.975,31.86693,0.0,120.93499935,-1.2857647044827054,True,True,False,False,False
2026-08-26 22:42:00+08:00,122.25,122.25,False,0.0,18.955,31.86693,0.0,120.80753163,-1.1869357516522727,True,True,False,False,False
2026-08-26 22:43:00+08:00,122.25,122.25,False,0.0,18.965,31.86693,0.0,120.87126549,-1.1341949106930023,True,True,False,False,False
2026-08-26 22:44:00+08:00,122.25,122.25,False,0.0,18.965,31.86693,0.0,120.87126549,-1.1341949106930023,True,True,False,False,False
2026-08-26 22:45:00+08:00,122.25,122.25,False,0.0,18.955,31.86023,0.0,120.78213192999999,-1.2079621392802458,True,True,False,False,False
2026-08-26 22:46:00+08:00,122.25,122.25,False,0.0,18.965,31.86023,0.0,120.84585239,-1.155221363256592,True,True,False,False,False
2026-08-26 22:47:00+08:00,122.25,122.25,False,0.0,18.975,31.86023,0.0,120.90957285000002,-1.102508228887919,True,True,False,False,False
2026-08-26 22:48:00+08:00,122.25,122.25,False,0.0,18.975,31.86023,0.0,120.90957285000002,-1.102508228887919,True,True,False,False,False
2026-08-26 22:49:00+08:00,122.25,122.25,False,0.0,18.965,31.86023,0.0,120.84585239,-1.155221363256592,True,True,False,False,False
2026-08-26 22:50:00+08:00,122.25,122.25,False,0.0,18.975,31.86478,0.0,120.9268401,-1.088228549606845,True,True,False,False,False
2026-08-26 22:51:00+08:00,122.25,122.25,False,0.0,18.975,31.86478,0.0,120.9268401,-1.088228549606845,True,True,False,False,False
2026-08-26 22:52:00+08:00,122.25,122.25,False,0.0,18.985,31.86478,0.0,120.99056966,-1.0355429949538577,True,True,False,False,False
2026-08-26 22:53:00+08:00,122.25,122.25,False,0.0,18.945,31.86478,0.0,120.73565142,-1.2464510321084403,True,True,False,False,False
2026-08-26 22:54:00+08:00,122.25,122.25,False,0.0,18.945,31.86478,0.0,120.73565142,-1.2464510321084403,True,True,False,False,False
2026-08-26 22:55:00+08:00,122.25,122.25,False,0.0,18.965,31.86845,0.0,120.87703085000001,-1.1294253421348757,True,True,False,False,False
2026-08-26 22:56:00+08:00,122.25,122.25,False,0.0,18.975,31.86845,0.0,120.94076775,-1.0767121318897137,True,True,False,False,False
2026-08-26 22:57:00+08:00,122.25,122.25,False,0.0,18.965,31.86845,0.0,120.87703085000001,-1.1294253421348757,True,True,False,False,False
2026-08-26 22:58:00+08:00,122.25,122.25,False,0.0,18.945,31.86845,0.0,120.74955704999999,-1.234934720223604,True,True,False,False,False
2026-08-26 22:59:00+08:00,122.25,122.25,False,0.0,18.965,31.86845,0.0,120.87703085000001,-1.1294253421348757,True,True,False,False,False
2026-08-26 23:00:00+08:00,122.25,122.25,False,0.0,18.965,31.86101,0.0,120.84881092999998,-1.152773281481402,True,True,False,False,False
2026-08-26 23:01:00+08:00,122.25,122.25,False,0.0,18.965,31.86101,0.0,120.84881092999998,-1.152773281481402,True,True,False,False,False
2026-08-26 23:02:00+08:00,122.75,122.75,False,0.0,19.005000000000003,31.86101,0.0,121.10369901000001,-1.3502366350673847,True,True,False,False,False
2026-08-26 23:03:00+08:00,122.75,122.75,False,0.0,18.995,31.86101,0.0,121.03997699000001,-1.4028657216454223,True,True,False,False,False
2026-08-26 23:04:00+08:00,122.75,122.75,False,0.0,18.995,31.86101,0.0,121.03997699000001,-1.4028657216454223,True,True,False,False,False
2026-08-26 23:05:00+08:00,122.75,122.75,False,0.0,18.995,31.85997,0.0,121.03602603000002,-1.4061297916961524,True,True,False,False,False
2026-08-26 23:06:00+08:00,122.75,122.75,False,0.0,19.005000000000003,31.85997,0.0,121.09974597000003,-1.353500716956249,True,True,False,False,False
2026-08-26 23:07:00+08:00,122.75,122.75,False,0.0,19.025,31.85997,0.0,121.22718585,-1.2483250388306766,True,True,False,False,False
2026-08-26 23:08:00+08:00,122.75,122.75,False,0.0,19.005000000000003,31.85997,0.0,121.09974597000003,-1.353500716956249,True,True,False,False,False
2026-08-26 23:09:00+08:00,122.75,122.75,False,0.0,19.005000000000003,31.85997,0.0,121.09974597000003,-1.353500716956249,True,True,False,False,False
2026-08-26 23:10:00+08:00,122.75,122.75,False,0.0,18.995,31.85237,0.0,121.00715363000002,-1.4299858232226117,True,True,False,False,False
2026-08-26 23:11:00+08:00,122.75,122.75,False,0.0,18.995,31.85237,0.0,121.00715363000002,-1.4299858232226117,True,True,False,False,False
2026-08-26 23:12:00+08:00,122.75,122.75,False,0.0,19.005000000000003,31.85237,0.0,121.07085837000002,-1.377356835855171,True,True,False,False,False
2026-08-26 23:13:00+08:00,122.75,122.75,False,0.0,19.005000000000003,31.85237,0.0,121.07085837000002,-1.377356835855171,True,True,False,False,False
2026-08-26 23:14:00+08:00,122.75,122.75,False,0.0,19.005000000000003,31.85237,0.0,121.07085837000002,-1.377356835855171,True,True,False,False,False
2026-08-26 23:15:00+08:00,122.25,122.25,False,0.0,19.005000000000003,31.85583,0.0,121.08400983000001,-0.958345420613074,True,True,False,False,False
2026-08-26 23:16:00+08:00,122.25,122.25,False,0.0,18.995,31.85583,0.0,121.02029817,-1.0109757247394557,True,True,False,False,False
2026-08-26 23:17:00+08:00,122.25,122.25,False,0.0,19.005000000000003,31.85583,0.0,121.08400983000001,-0.958345420613074,True,True,False,False,False
2026-08-26 23:18:00+08:00,122.25,122.25,False,0.0,19.025,31.85583,0.0,121.21143314999999,-0.8531674496141931,True,True,False,False,False
2026-08-26 23:19:00+08:00,122.75,122.75,False,0.0,19.025,31.85583,0.0,121.21143314999999,-1.261319734135206,True,True,False,False,False
2026-08-26 23:20:00+08:00,122.75,122.75,False,0.0,19.015,31.85532,0.0,121.14578196,-1.315494697864931,True,True,False,False,False
2026-08-26 23:21:00+08:00,122.75,122.75,False,0.0,19.015,31.85532,0.0,121.14578196,-1.315494697864931,True,True,False,False,False
2026-08-26 23:22:00+08:00,122.75,122.75,False,0.0,19.005000000000003,31.85532,0.0,121.08207132000003,-1.3680962237416427,True,True,False,False,False
2026-08-26 23:23:00+08:00,122.75,122.75,False,0.0,19.015,31.85532,0.0,121.14578196,-1.315494697864931,True,True,False,False,False
2026-08-26 23:24:00+08:00,122.75,122.75,False,0.0,19.005000000000003,31.85532,0.0,121.08207132000003,-1.3680962237416427,True,True,False,False,False
2026-08-26 23:25:00+08:00,122.75,122.75,False,0.0,19.005000000000003,31.85459,0.0,121.07929659000001,-1.3703877535350333,True,True,False,False,False
2026-08-26 23:26:00+08:00,122.75,122.75,False,0.0,19.005000000000003,31.85459,0.0,121.07929659000001,-1.3703877535350333,True,True,False,False,False
2026-08-26 23:27:00+08:00,122.75,122.75,False,0.0,19.005000000000003,31.85459,0.0,121.07929659000001,-1.3703877535350333,True,True,False,False,False
2026-08-26 23:28:00+08:00,122.75,122.75,False,0.0,19.025,31.85459,0.0,121.20671494999999,-1.2652121916925398,True,True,False,False,False
2026-08-26 23:29:00+08:00,122.75,122.75,False,0.0,19.015,31.85459,0.0,121.14300577000002,-1.3177862357524412,True,True,False,False,False
2026-08-26 23:30:00+08:00,122.75,122.75,False,0.0,19.025,31.85486,0.0,121.20774229999999,-1.2643646276275673,True,True,False,False,False
2026-08-26 23:31:00+08:00,122.75,122.75,False,0.0,19.025,31.85486,0.0,121.20774229999999,-1.2643646276275673,True,True,False,False,False
2026-08-26 23:32:00+08:00,122.75,122.75,False,0.0,19.025,31.85486,0.0,121.20774229999999,-1.2643646276275673,True,True,False,False,False
2026-08-26 23:33:00+08:00,122.75,122.75,False,0.0,19.025,31.85486,0.0,121.20774229999999,-1.2643646276275673,True,True,False,False,False
2026-08-26 23:34:00+08:00,122.25,122.25,False,0.0,19.015,31.85486,0.0,121.14403258,-0.9087876216821248,True,True,False,False,False
2026-08-26 23:35:00+08:00,122.75,122.75,False,0.0,19.035,31.86105,0.0,121.29501735,-1.1923887369626769,True,True,False,False,False
2026-08-26 23:36:00+08:00,122.75,122.75,False,0.0,19.035,31.86105,0.0,121.29501735,-1.1923887369626769,True,True,False,False,False
2026-08-26 23:37:00+08:00,122.75,122.75,False,0.0,19.045,31.86105,0.0,121.35873945,-1.1398695131805927,True,True,False,False,False
2026-08-26 23:38:00+08:00,122.75,122.75,False,0.0,19.035,31.86105,0.0,121.29501735,-1.1923887369626769,True,True,False,False,False
2026-08-26 23:39:00+08:00,122.75,122.75,False,0.0,19.045,31.86105,0.0,121.35873945,-1.1398695131805927,True,True,False,False,False
2026-08-26 23:40:00+08:00,122.75,122.75,False,0.0,19.045,31.8533,0.0,121.32921970000002,-1.164196035816789,True,True,False,False,False
2026-08-26 23:41:00+08:00,122.75,122.75,False,0.0,19.035,31.8533,0.0,121.26551309999999,-1.216715184326539,True,True,False,False,False
2026-08-26 23:42:00+08:00,122.75,122.75,False,0.0,19.045,31.8533,0.0,121.32921970000002,-1.164196035816789,True,True,False,False,False
2026-08-26 23:43:00+08:00,122.75,122.75,False,0.0,19.045,31.8533,0.0,121.32921970000002,-1.164196035816789,True,True,False,False,False
2026-08-26 23:44:00+08:00,122.75,122.75,False,0.0,19.045,31.8533,0.0,121.32921970000002,-1.164196035816789,True,True,False,False,False
2026-08-26 23:45:00+08:00,122.75,122.75,False,0.0,19.035,31.85533,0.0,121.27324131,-1.210342655947239,True,True,False,False,False
2026-08-26 23:46:00+08:00,122.75,122.75,False,0.0,19.035,31.85533,0.0,121.27324131,-1.210342655947239,True,True,False,False,False
2026-08-26 23:47:00+08:00,122.75,122.75,False,0.0,19.025,31.85533,0.0,121.20953064999999,-1.2628892553577384,True,True,False,False,False
2026-08-26 23:48:00+08:00,122.75,122.75,False,0.0,19.025,31.85533,0.0,121.20953064999999,-1.2628892553577384,True,True,False,False,False
2026-08-26 23:49:00+08:00,122.75,122.75,False,0.0,19.025,31.85533,0.0,121.20953064999999,-1.2628892553577384,True,True,False,False,False
2026-08-26 23:50:00+08:00,122.75,122.75,False,0.0,19.025,31.85797,0.0,121.21957585,-1.2546024598911083,True,True,False,False,False
2026-08-26 23:51:00+08:00,122.75,122.75,False,0.0,19.005000000000003,31.85797,0.0,121.09214397000002,-1.3597780949661786,True,True,False,False,False
2026-08-26 23:52:00+08:00,122.75,122.75,False,0.0,19.005000000000003,31.85797,0.0,121.09214397000002,-1.3597780949661786,True,True,False,False,False
2026-08-26 23:53:00+08:00,122.75,122.75,False,0.0,19.005000000000003,31.85797,0.0,121.09214397000002,-1.3597780949661786,True,True,False,False,False
2026-08-26 23:54:00+08:00,122.75,122.75,False,0.0,18.995,31.85797,0.0,121.02842803000001,-1.4124071468605286,True,True,False,False,False
2026-08-26 23:55:00+08:00,122.75,122.75,False,0.0,19.015,31.85763,0.0,121.15456689,-1.3082437367558895,True,True,False,False,False
2026-08-26 23:56:00+08:00,122.75,122.75,False,0.0,19.015,31.85763,0.0,121.15456689,-1.3082437367558895,True,True,False,False,False
2026-08-26 23:57:00+08:00,122.75,122.75,False,0.0,19.015,31.85763,0.0,121.15456689,-1.3082437367558895,True,True,False,False,False
2026-08-26 23:58:00+08:00,122.75,122.75,False,0.0,19.025,31.85763,0.0,121.21828214999998,-1.2556696604177988,True,True,False,False,False
2026-08-26 23:59:00+08:00,122.75,122.75,False,0.0,19.025,31.85763,0.0,121.21828214999998,-1.2556696604177988,True,True,False,False,False
2026-08-27 00:00:00+08:00,122.75,122.75,False,0.0,19.025,31.85763,0.0,121.21828214999998,-1.2556696604177988,True,True,False,False,False
2026-08-27 00:01:00+08:00,122.75,122.75,False,0.0,18.995,31.8603,0.0,121.0372797,-1.4050940657015756,True,True,False,False,False
2026-08-27 00:02:00+08:00,122.75,122.75,False,0.0,18.995,31.8603,0.0,121.0372797,-1.4050940657015756,True,True,False,False,False
2026-08-27 00:03:00+08:00,122.75,122.75,False,0.0,19.005000000000003,31.8603,0.0,121.10100030000001,-1.352464987202261,True,True,False,False,False
2026-08-27 00:04:00+08:00,122.75,122.75,False,0.0,19.015,31.8603,0.0,121.16472089999999,-1.2998634064812675,True,True,False,False,False
2026-08-27 00:05:00+08:00,122.75,122.75,False,0.0,19.015,31.8603,0.0,121.16472089999999,-1.2998634064812675,True,True,False,False,False
2026-08-27 00:06:00+08:00,122.75,122.75,False,0.0,19.005000000000003,31.85921,0.0,121.09685721000002,-1.3558860744932997,True,True,False,False,False
2026-08-27 00:07:00+08:00,122.75,122.75,False,0.0,19.005000000000003,31.85921,0.0,121.09685721000002,-1.3558860744932997,True,True,False,False,False
2026-08-27 00:08:00+08:00,122.75,122.75,False,0.0,18.995,31.85921,0.0,121.03313879000002,-1.4085151405642677,True,True,False,False,False
2026-08-27 00:09:00+08:00,122.75,122.75,False,0.0,18.995,31.85921,0.0,121.03313879000002,-1.4085151405642677,True,True,False,False,False
2026-08-27 00:10:00+08:00,122.75,122.75,False,0.0,18.995,31.85921,0.0,121.03313879000002,-1.4085151405642677,True,True,False,False,False
2026-08-27 00:11:00+08:00,122.75,122.75,False,0.0,18.995,31.86085,0.0,121.03936915,-1.4033678793823656,True,True,False,False,False
2026-08-27 00:12:00+08:00,122.75,122.75,False,0.0,18.995,31.86085,0.0,121.03936915,-1.4033678793823656,True,True,False,False,False
2026-08-27 00:13:00+08:00,122.75,122.75,False,0.0,19.005000000000003,31.86085,0.0,121.10309085000002,-1.3507387946237177,True,True,False,False,False
2026-08-27 00:14:00+08:00,122.75,122.75,False,0.0,18.995,31.86085,0.0,121.03936915,-1.4033678793823656,True,True,False,False,False
2026-08-27 00:15:00+08:00,122.75,122.75,False,0.0,18.995,31.86085,0.0,121.03936915,-1.4033678793823656,True,True,False,False,False
2026-08-27 00:16:00+08:00,122.75,122.75,False,0.0,18.995,31.86432,0.0,121.05255168000001,-1.3924778951681827,True,True,False,False,False
2026-08-27 00:17:00+08:00,122.75,122.75,False,0.0,18.995,31.86432,0.0,121.05255168000001,-1.3924778951681827,True,True,False,False,False
2026-08-27 00:18:00+08:00,122.75,122.75,False,0.0,18.985,31.86432,0.0,120.98882303999999,-1.445134540352636,True,True,False,False,False
2026-08-27 00:19:00+08:00,122.75,122.75,False,0.0,18.995,31.86432,0.0,121.05255168000001,-1.3924778951681827,True,True,False,False,False
2026-08-27 00:20:00+08:00,122.75,122.75,False,0.0,18.985,31.86432,0.0,120.98882303999999,-1.445134540352636,True,True,False,False,False
2026-08-27 00:21:00+08:00,122.75,122.75,False,0.0,18.985,31.86305,0.0,120.98400085,-1.4491200602634335,True,True,False,False,False
2026-08-27 00:22:00+08:00,122.75,122.75,False,0.0,18.995,31.86305,0.0,121.04772695000001,-1.3964634299885033,True,True,False,False,False
2026-08-27 00:23:00+08:00,122.75,122.75,False,0.0,19.005000000000003,31.86305,0.0,121.11145305000002,-1.3438343202720262,True,True,False,False,False
2026-08-27 00:24:00+08:00,122.75,122.75,False,0.0,18.995,31.86305,0.0,121.04772695000001,-1.3964634299885033,True,True,False,False,False
2026-08-27 00:25:00+08:00,122.75,122.75,False,0.0,18.995,31.86305,0.0,121.04772695000001,-1.3964634299885033,True,True,False,False,False
2026-08-27 00:26:00+08:00,122.75,122.75,False,0.0,18.985,31.86729,0.0,121.00010013,-1.4358146881307645,True,True,False,False,False
2026-08-27 00:27:00+08:00,122.75,122.75,False,0.0,18.965,31.86729,0.0,120.87263097,-1.5412107015880463,True,True,False,False,False
2026-08-27 00:28:00+08:00,122.75,122.75,False,0.0,18.965,31.86729,0.0,120.87263097,-1.5412107015880463,True,True,False,False,False
2026-08-27 00:29:00+08:00,122.75,122.75,False,0.0,18.965,31.86729,0.0,120.87263097,-1.5412107015880463,True,True,False,False,False
2026-08-27 00:30:00+08:00,122.75,122.75,False,0.0,18.975,31.86729,0.0,120.93636555,-1.4884989120393526,True,True,False,False,False
2026-08-27 00:31:00+08:00,122.75,122.75,False,0.0,18.975,31.86131,0.0,120.91367145000001,-1.507264943577612,True,True,False,False,False
2026-08-27 00:32:00+08:00,122.75,122.75,False,0.0,18.975,31.86131,0.0,120.91367145000001,-1.507264943577612,True,True,False,False,False
2026-08-27 00:33:00+08:00,122.75,122.75,False,0.0,18.985,31.86131,0.0,120.97739406999999,-1.454580792416718,True,True,False,False,False
2026-08-27 00:34:00+08:00,122.75,122.75,False,0.0,18.975,31.86131,0.0,120.91367145000001,-1.507264943577612,True,True,False,False,False
2026-08-27 00:35:00+08:00,122.75,122.75,False,0.0,18.965,31.86131,0.0,120.84994882999999,-1.5599766577340226,True,True,False,False,False
2026-08-27 00:36:00+08:00,122.75,122.75,False,0.0,18.955,31.86165,0.0,120.78751514999999,-1.61164890656889,True,True,False,False,False
2026-08-27 00:37:00+08:00,122.75,122.75,False,0.0,18.955,31.86165,0.0,120.78751514999999,-1.61164890656889,True,True,False,False,False
2026-08-27 00:38:00+08:00,122.75,122.75,False,0.0,18.965,31.86165,0.0,120.85123845000001,-1.5589096033185532,True,True,False,False,False
2026-08-27 00:39:00+08:00,122.75,122.75,False,0.0,18.955,31.86165,0.0,120.78751514999999,-1.61164890656889,True,True,False,False,False
2026-08-27 00:40:00+08:00,122.75,122.75,False,0.0,18.955,31.86165,0.0,120.78751514999999,-1.61164890656889,True,True,False,False,False
2026-08-27 00:41:00+08:00,122.75,122.75,False,0.0,18.965,31.86348,0.0,120.85817964,-1.5531665338952876,True,True,False,False,False
2026-08-27 00:42:00+08:00,122.75,122.75,False,0.0,18.965,31.86348,0.0,120.85817964,-1.5531665338952876,True,True,False,False,False
2026-08-27 00:43:00+08:00,122.25,122.25,False,0.0,18.955,31.86348,0.0,120.79445267999999,-1.1977622232887806,True,True,False,False,False
2026-08-27 00:44:00+08:00,122.25,122.25,False,0.0,18.955,31.86348,0.0,120.79445267999999,-1.1977622232887806,True,True,False,False,False
2026-08-27 00:45:00+08:00,122.25,122.25,False,0.0,18.955,31.86348,0.0,120.79445267999999,-1.1977622232887806,True,True,False,False,False
2026-08-27 00:46:00+08:00,122.25,122.25,False,0.0,18.945,31.87243,0.0,120.76463727000001,-1.2224471304991293,True,True,False,False,False
2026-08-27 00:47:00+08:00,122.25,122.25,False,0.0,18.955,31.87243,0.0,120.82838213,-1.1696785683226365,True,True,False,False,False
2026-08-27 00:48:00+08:00,122.25,122.25,False,0.0,18.965,31.87243,0.0,120.89212699,-1.1169376749392774,True,True,False,False,False
2026-08-27 00:49:00+08:00,122.25,122.25,False,0.0,18.965,31.87243,0.0,120.89212699,-1.1169376749392774,True,True,False,False,False
2026-08-27 00:50:00+08:00,122.75,122.75,False,0.0,18.965,31.87243,0.0,120.89212699,-1.5250835583751572,True,True,False,False,False
2026-08-27 00:51:00+08:00,122.75,122.75,False,0.0,18.965,31.86553,0.0,120.86595528999999,-1.5467334294728345,True,True,False,False,False
2026-08-27 00:52:00+08:00,122.25,122.25,False,0.0,18.965,31.86553,0.0,120.86595528999999,-1.1385881344966102,True,True,False,False,False
2026-08-27 00:53:00+08:00,122.25,122.25,False,0.0,18.965,31.86553,0.0,120.86595528999999,-1.1385881344966102,True,True,False,False,False
2026-08-27 00:54:00+08:00,122.25,122.25,False,0.0,18.965,31.86553,0.0,120.86595528999999,-1.1385881344966102,True,True,False,False,False
2026-08-27 00:55:00+08:00,122.25,122.25,False,0.0,18.975,31.86553,0.0,120.92968635,-1.0858749510020518,True,True,False,False,False
2026-08-27 00:56:00+08:00,122.25,122.25,False,0.0,18.985,31.86859,0.0,121.00503623,-1.0235872517129494,True,True,False,False,False
2026-08-27 00:57:00+08:00,122.75,122.75,False,0.0,18.985,31.86859,0.0,121.00503623,-1.4317355628734598,True,True,False,False,False
2026-08-27 00:58:00+08:00,122.75,122.75,False,0.0,18.985,31.86859,0.0,121.00503623,-1.4317355628734598,True,True,False,False,False
2026-08-27 00:59:00+08:00,122.75,122.75,False,0.0,18.985,31.86859,0.0,121.00503623,-1.4317355628734598,True,True,False,False,False
2026-08-27 01:00:00+08:00,122.75,122.75,False,0.0,18.995,31.86859,0.0,121.06877341000002,-1.3790788678711532,True,True,False,False,False
2026-08-27 01:01:00+08:00,122.75,122.75,False,0.0,18.995,31.87265,0.0,121.08419735,-1.3663404625799125,True,True,False,False,False
2026-08-27 01:02:00+08:00,122.75,122.75,False,0.0,19.005000000000003,31.87265,0.0,121.14794265000003,-1.3137112454441335,True,True,False,False,False
2026-08-27 01:03:00+08:00,122.75,122.75,False,0.0,18.995,31.87265,0.0,121.08419735,-1.3663404625799125,True,True,False,False,False
2026-08-27 01:04:00+08:00,122.75,122.75,False,0.0,19.005000000000003,31.87265,0.0,121.14794265000003,-1.3137112454441335,True,True,False,False,False
2026-08-27 01:05:00+08:00,122.75,122.75,False,0.0,18.995,31.87265,0.0,121.08419735,-1.3663404625799125,True,True,False,False,False
2026-08-27 01:06:00+08:00,122.75,122.75,False,0.0,18.995,31.87705,0.0,121.10091295,-1.3525371138045645,True,True,False,False,False
2026-08-27 01:07:00+08:00,122.75,122.75,False,0.0,18.995,31.87705,0.0,121.10091295,-1.3525371138045645,True,True,False,False,False
2026-08-27 01:08:00+08:00,122.75,122.75,False,0.0,19.005000000000003,31.87705,0.0,121.16466705000002,-1.2999078482435031,True,True,False,False,False
2026-08-27 01:09:00+08:00,122.75,122.75,False,0.0,19.005000000000003,31.87705,0.0,121.16466705000002,-1.2999078482435031,True,True,False,False,False
2026-08-27 01:10:00+08:00,122.75,122.75,False,0.0,19.005000000000003,31.87705,0.0,121.16466705000002,-1.2999078482435031,True,True,False,False,False
2026-08-27 01:11:00+08:00,122.75,122.75,False,0.0,19.005000000000003,31.86762,0.0,121.12882362,-1.3294933573453935,True,True,False,False,False
2026-08-27 01:12:00+08:00,122.75,122.75,False,0.0,19.005000000000003,31.86762,0.0,121.12882362,-1.3294933573453935,True,True,False,False,False
2026-08-27 01:13:00+08:00,122.75,122.75,False,0.0,19.005000000000003,31.86762,0.0,121.12882362,-1.3294933573453935,True,True,False,False,False
2026-08-27 01:14:00+08:00,122.75,122.75,False,0.0,19.005000000000003,31.86762,0.0,121.12882362,-1.3294933573453935,True,True,False,False,False
2026-08-27 01:15:00+08:00,122.75,122.75,False,0.0,19.025,31.86762,0.0,121.25629409999999,-1.224317516488202,True,True,False,False,False
2026-08-27 01:16:00+08:00,122.75,122.75,False,0.0,19.035,31.8732,0.0,121.34127240000001,-1.1542629821614152,True,True,False,False,False
2026-08-27 01:17:00+08:00,122.75,122.75,False,0.0,19.035,31.8732,0.0,121.34127240000001,-1.1542629821614152,True,True,False,False,False
2026-08-27 01:18:00+08:00,122.75,122.75,False,0.0,19.025,31.8732,0.0,121.277526,-1.2068097596498235,True,True,False,False,False
2026-08-27 01:19:00+08:00,122.75,122.75,False,0.0,19.025,31.8732,0.0,121.277526,-1.2068097596498235,True,True,False,False,False
2026-08-27 01:20:00+08:00,122.75,122.75,False,0.0,19.025,31.8732,0.0,121.277526,-1.2068097596498235,True,True,False,False,False
2026-08-27 01:21:00+08:00,122.75,122.75,False,0.0,19.025,31.86775,0.0,121.25678874999998,-1.2239095950153278,True,True,False,False,False
2026-08-27 01:22:00+08:00,122.75,122.75,False,0.0,19.015,31.86775,0.0,121.19305325,-1.2764837770595499,True,True,False,False,False
2026-08-27 01:23:00+08:00,122.75,122.75,False,0.0,19.025,31.86775,0.0,121.25678874999998,-1.2239095950153278,True,True,False,False,False
2026-08-27 01:24:00+08:00,122.75,122.75,False,0.0,19.025,31.86775,0.0,121.25678874999998,-1.2239095950153278,True,True,False,False,False
2026-08-27 01:25:00+08:00,122.75,122.75,False,0.0,19.025,31.86775,0.0,121.25678874999998,-1.2239095950153278,True,True,False,False,False
2026-08-27 01:26:00+08:00,122.75,122.75,False,0.0,19.015,31.85719,0.0,121.15289356999999,-1.309624831934716,True,True,False,False,False
2026-08-27 01:27:00+08:00,122.75,122.75,False,0.0,19.015,31.85719,0.0,121.15289356999999,-1.309624831934716,True,True,False,False,False
2026-08-27 01:28:00+08:00,122.75,122.75,False,0.0,19.035,31.85719,0.0,121.28032232999999,-1.2045041419177231,True,True,False,False,False
2026-08-27 01:29:00+08:00,122.75,122.75,False,0.0,19.025,31.85719,0.0,121.21660794999998,-1.2570507602534526,True,True,False,False,False
2026-08-27 01:30:00+08:00,122.75,122.75,False,0.0,19.025,31.85719,0.0,121.21660794999998,-1.2570507602534526,True,True,False,False,False
2026-08-27 01:31:00+08:00,122.75,122.75,False,0.0,19.025,31.86314,0.0,121.23924769999999,-1.2383761286543016,True,True,False,False,False
2026-08-27 01:32:00+08:00,122.75,122.75,False,0.0,19.035,31.86314,0.0,121.30297398,-1.18582945038693,True,True,False,False,False
2026-08-27 01:33:00+08:00,122.75,122.75,False,0.0,19.035,31.86314,0.0,121.30297398,-1.18582945038693,True,True,False,False,False
2026-08-27 01:34:00+08:00,122.75,122.75,False,0.0,19.035,31.86314,0.0,121.30297398,-1.18582945038693,True,True,False,False,False
2026-08-27 01:35:00+08:00,122.75,122.75,False,0.0,19.035,31.86314,0.0,121.30297398,-1.18582945038693,True,True,False,False,False
2026-08-27 01:36:00+08:00,122.75,122.75,False,0.0,19.035,31.86146,0.0,121.29657822000001,-1.1911019532425264,True,True,False,False,False
2026-08-27 01:37:00+08:00,122.75,122.75,False,0.0,19.035,31.86146,0.0,121.29657822000001,-1.1911019532425264,True,True,False,False,False
2026-08-27 01:38:00+08:00,122.75,122.75,False,0.0,19.035,31.86146,0.0,121.29657822000001,-1.1911019532425264,True,True,False,False,False
2026-08-27 01:39:00+08:00,122.75,122.75,False,0.0,19.035,31.86146,0.0,121.29657822000001,-1.1911019532425264,True,True,False,False,False
2026-08-27 01:40:00+08:00,122.75,122.75,False,0.0,19.035,31.86146,0.0,121.29657822000001,-1.1911019532425264,True,True,False,False,False
2026-08-27 01:41:00+08:00,122.75,122.75,False,0.0,19.045,31.86512,0.0,121.37424208000002,-1.1270965212452315,True,True,False,False,False
2026-08-27 01:42:00+08:00,122.75,122.75,False,0.0,19.035,31.86512,0.0,121.31051184,-1.1796157839279537,True,True,False,False,False
2026-08-27 01:43:00+08:00,122.75,122.75,False,0.0,19.035,31.86512,0.0,121.31051184,-1.1796157839279537,True,True,False,False,False
2026-08-27 01:44:00+08:00,122.75,122.75,False,0.0,19.015,31.86512,0.0,121.18305136000001,-1.2847366367647053,True,True,False,False,False
2026-08-27 01:45:00+08:00,122.75,122.75,False,0.0,19.005000000000003,31.86512,0.0,121.11932112000002,-1.337338269947923,True,True,False,False,False
2026-08-27 01:46:00+08:00,122.75,122.75,False,0.0,19.015,31.85903,0.0,121.15989109,-1.3038494690756641,True,True,False,False,False
2026-08-27 01:47:00+08:00,122.75,122.75,False,0.0,19.015,31.85903,0.0,121.15989109,-1.3038494690756641,True,True,False,False,False
2026-08-27 01:48:00+08:00,122.75,122.75,False,0.0,19.015,31.85903,0.0,121.15989109,-1.3038494690756641,True,True,False,False,False
2026-08-27 01:49:00+08:00,122.75,122.75,False,0.0,19.015,31.85903,0.0,121.15989109,-1.3038494690756641,True,True,False,False,False
2026-08-27 01:50:00+08:00,122.75,122.75,False,0.0,19.025,31.85903,0.0,121.22360914999999,-1.2512753779541428,True,True,False,False,False
2026-08-27 01:51:00+08:00,122.75,122.75,False,0.0,19.025,31.85852,0.0,121.22166859999997,-1.2528761300606424,True,True,False,False,False
2026-08-27 01:52:00+08:00,122.75,122.75,False,0.0,19.015,31.85852,0.0,121.15795155999999,-1.3054502158027255,True,True,False,False,False
2026-08-27 01:53:00+08:00,122.75,122.75,False,0.0,19.015,31.85852,0.0,121.15795155999999,-1.3054502158027255,True,True,False,False,False
2026-08-27 01:54:00+08:00,122.75,122.75,False,0.0,19.015,31.85852,0.0,121.15795155999999,-1.3054502158027255,True,True,False,False,False
2026-08-27 01:55:00+08:00,122.75,122.75,False,0.0,19.025,31.85852,0.0,121.22166859999997,-1.2528761300606424,True,True,False,False,False
2026-08-27 01:56:00+08:00,122.75,122.75,False,0.0,19.025,31.85804,0.0,121.21984219999999,-1.2543827435405965,True,True,False,False,False
2026-08-27 01:57:00+08:00,122.75,122.75,False,0.0,19.025,31.85804,0.0,121.21984219999999,-1.2543827435405965,True,True,False,False,False
2026-08-27 01:58:00+08:00,122.75,122.75,False,0.0,19.025,31.85804,0.0,121.21984219999999,-1.2543827435405965,True,True,False,False,False
2026-08-27 01:59:00+08:00,122.75,122.75,False,0.0,19.025,31.85804,0.0,121.21984219999999,-1.2543827435405965,True,True,False,False,False
2026-08-27 02:00:00+08:00,122.75,122.75,False,0.0,19.035,31.85804,0.0,121.28355828,-1.2018361165864209,True,True,False,False,False
2026-08-27 02:01:00+08:00,122.75,122.75,False,0.0,19.035,31.85411,0.0,121.26859677,-1.2141724029306638,True,True,False,False,False
2026-08-27 02:02:00+08:00,122.75,122.75,False,0.0,19.035,31.85411,0.0,121.26859677,-1.2141724029306638,True,True,False,False,False
2026-08-27 02:03:00+08:00,122.75,122.75,False,0.0,19.025,31.85411,0.0,121.20488854999999,-1.2667189898785962,True,True,False,False,False
2026-08-27 02:04:00+08:00,122.75,122.75,False,0.0,19.035,31.85411,0.0,121.26859677,-1.2141724029306638,True,True,False,False,False
2026-08-27 02:05:00+08:00,122.75,122.75,False,0.0,19.045,31.85411,0.0,121.33230499000001,-1.161653246480175,True,True,False,False,False
2026-08-27 02:06:00+08:00,122.75,122.75,False,0.0,19.045,31.8596,0.0,121.35321640000002,-1.1444204796639277,True,True,False,False,False
2026-08-27 02:07:00+08:00,122.75,122.75,False,0.0,19.045,31.8596,0.0,121.35321640000002,-1.1444204796639277,True,True,False,False,False
2026-08-27 02:08:00+08:00,122.75,122.75,False,0.0,19.045,31.8596,0.0,121.35321640000002,-1.1444204796639277,True,True,False,False,False
2026-08-27 02:09:00+08:00,122.75,122.75,False,0.0,19.055,31.8596,0.0,121.41693560000002,-1.0919286812722595,True,True,False,False,False
2026-08-27 02:10:00+08:00,122.75,122.75,False,0.0,19.055,31.8596,0.0,121.41693560000002,-1.0919286812722595,True,True,False,False,False
2026-08-27 02:11:00+08:00,122.75,122.75,False,0.0,19.055,31.85966,0.0,121.41716426,-1.0917403607806417,True,True,False,False,False
2026-08-27 02:12:00+08:00,122.75,122.75,False,0.0,19.055,31.85966,0.0,121.41716426,-1.0917403607806417,True,True,False,False,False
2026-08-27 02:13:00+08:00,122.75,122.75,False,0.0,19.045,31.85966,0.0,121.35344494,-1.1442321597249616,True,True,False,False,False
2026-08-27 02:14:00+08:00,122.75,122.75,False,0.0,19.045,31.85966,0.0,121.35344494,-1.1442321597249616,True,True,False,False,False
2026-08-27 02:15:00+08:00,122.75,122.75,False,0.0,19.035,31.85966,0.0,121.28972562000001,-1.1967513701222683,True,True,False,False,False
2026-08-27 02:16:00+08:00,122.75,122.75,False,0.0,19.035,31.85608,0.0,121.27609656,-1.20798837565113,True,True,False,False,False
2026-08-27 02:17:00+08:00,122.75,122.75,False,0.0,19.025,31.85608,0.0,121.21238439999999,-1.2605349827036774,True,True,False,False,False
2026-08-27 02:18:00+08:00,122.75,122.75,False,0.0,19.035,31.85608,0.0,121.27609656,-1.20798837565113,True,True,False,False,False
2026-08-27 02:19:00+08:00,122.75,122.75,False,0.0,19.035,31.85608,0.0,121.27609656,-1.20798837565113,True,True,False,False,False
2026-08-27 02:20:00+08:00,122.75,122.75,False,0.0,19.035,31.85608,0.0,121.27609656,-1.20798837565113,True,True,False,False,False
2026-08-27 02:21:00+08:00,122.75,122.75,False,0.0,19.025,31.85519,0.0,121.20899795,-1.2633287256867938,True,True,False,False,False
2026-08-27 02:22:00+08:00,122.75,122.75,False,0.0,19.035,31.85519,0.0,121.27270833,-1.2107821277044506,True,True,False,False,False
2026-08-27 02:23:00+08:00,122.75,122.75,False,0.0,19.035,31.85519,0.0,121.27270833,-1.2107821277044506,True,True,False,False,False
2026-08-27 02:24:00+08:00,122.75,122.75,False,0.0,19.035,31.85519,0.0,121.27270833,-1.2107821277044506,True,True,False,False,False
2026-08-27 02:25:00+08:00,122.75,122.75,False,0.0,19.045,31.85519,0.0,121.33641871000002,-1.1582629606930022,True,True,False,False,False
2026-08-27 02:26:00+08:00,122.75,122.75,False,0.0,19.045,31.85888,0.0,121.35047392000001,-1.146680346436901,True,True,False,False,False
2026-08-27 02:27:00+08:00,122.75,122.75,False,0.0,19.045,31.85888,0.0,121.35047392000001,-1.146680346436901,True,True,False,False,False
2026-08-27 02:28:00+08:00,122.75,122.75,False,0.0,19.045,31.85888,0.0,121.35047392000001,-1.146680346436901,True,True,False,False,False
2026-08-27 02:29:00+08:00,122.75,122.75,False,0.0,19.045,31.85888,0.0,121.35047392000001,-1.146680346436901,True,True,False,False,False
2026-08-27 02:30:00+08:00,122.75,122.75,False,0.0,19.055,31.85888,0.0,121.41419168,-1.0941885546843002,True,True,False,False,False
2026-08-27 02:31:00+08:00,122.75,122.75,False,0.0,19.055,31.86053,0.0,121.42047983,-1.0890097532884837,True,True,False,False,False
2026-08-27 02:32:00+08:00,122.75,122.75,False,0.0,19.065,31.86053,0.0,121.48420089000001,-1.0365453367197242,True,True,False,False,False
2026-08-27 02:33:00+08:00,122.75,122.75,False,0.0,19.065,31.86053,0.0,121.48420089000001,-1.0365453367197242,True,True,False,False,False
2026-08-27 02:34:00+08:00,122.75,122.75,False,0.0,19.065,31.86053,0.0,121.48420089000001,-1.0365453367197242,True,True,False,False,False
2026-08-27 02:35:00+08:00,122.75,122.75,False,0.0,19.075,31.86053,0.0,121.54792195,-0.9841082890963144,True,True,False,False,False
2026-08-27 02:36:00+08:00,122.75,122.75,False,0.0,19.075,31.85699,0.0,121.53441685,-0.9952195606045677,True,True,False,False,False
2026-08-27 02:37:00+08:00,122.75,122.75,False,0.0,19.075,31.85699,0.0,121.53441685,-0.9952195606045677,True,True,False,False,False
2026-08-27 02:38:00+08:00,122.75,122.75,False,0.0,19.075,31.85699,0.0,121.53441685,-0.9952195606045677,True,True,False,False,False
2026-08-27 02:39:00+08:00,122.75,122.75,False,0.0,19.065,31.85699,0.0,121.47070287000001,-1.0476565786324559,True,True,False,False,False
2026-08-27 02:40:00+08:00,122.75,122.75,False,0.0,19.075,31.85699,0.0,121.53441685,-0.9952195606045677,True,True,False,False,False
2026-08-27 02:41:00+08:00,122.75,122.75,False,0.0,19.085,31.86036,0.0,121.61099412000002,-0.9322321544007516,True,True,False,False,False
2026-08-27 02:42:00+08:00,122.75,122.75,False,0.0,19.085,31.86036,0.0,121.61099412000002,-0.9322321544007516,True,True,False,False,False
2026-08-27 02:43:00+08:00,122.75,122.75,False,0.0,19.075,31.86036,0.0,121.5472734,-0.9846418531497253,True,True,False,False,False
2026-08-27 02:44:00+08:00,122.75,122.75,False,0.0,19.075,31.86036,0.0,121.5472734,-0.9846418531497253,True,True,False,False,False
2026-08-27 02:45:00+08:00,122.75,122.75,False,0.0,19.085,31.86036,0.0,121.61099412000002,-0.9322321544007516,True,True,False,False,False
2026-08-27 02:46:00+08:00,122.75,122.75,False,0.0,19.085,31.8672,0.0,121.6371024,-0.9107662303540586,True,True,False,False,False
2026-08-27 02:47:00+08:00,123.25,123.25,False,0.0,19.095,31.8672,0.0,121.7008368,-1.2648768383386844,True,True,False,False,False
2026-08-27 02:48:00+08:00,123.25,123.25,False,0.0,19.085,31.8672,0.0,121.6371024,-1.3172581031772597,True,True,False,False,False
2026-08-27 02:49:00+08:00,123.25,123.25,False,0.0,19.085,31.8672,0.0,121.6371024,-1.3172581031772597,True,True,False,False,False
2026-08-27 02:50:00+08:00,123.25,123.25,False,0.0,19.085,31.8672,0.0,121.6371024,-1.3172581031772597,True,True,False,False,False
2026-08-27 02:51:00+08:00,122.75,122.75,False,0.0,19.075,31.86226,0.0,121.55452189999998,-0.9786786513017194,True,True,False,False,False
2026-08-27 02:52:00+08:00,122.75,122.75,False,0.0,19.085,31.86226,0.0,121.61824641999999,-0.9262689376219888,True,True,False,False,False
2026-08-27 02:53:00+08:00,123.25,123.25,False,0.0,19.095,31.86226,0.0,121.68197094,-1.2803792448835636,True,True,False,False,False
2026-08-27 02:54:00+08:00,123.25,123.25,False,0.0,19.095,31.86226,0.0,121.68197094,-1.2803792448835636,True,True,False,False,False
2026-08-27 02:55:00+08:00,122.75,122.75,False,0.0,19.095,31.86226,0.0,121.68197094,-0.8738865508409018,True,True,False,False,False
2026-08-27 02:56:00+08:00,122.75,122.75,False,0.0,19.105,31.86218,0.0,121.74538978000001,-0.8217825464144336,True,True,False,False,False
2026-08-27 02:57:00+08:00,122.75,122.75,False,0.0,19.105,31.86218,0.0,121.74538978000001,-0.8217825464144336,True,True,False,False,False
2026-08-27 02:58:00+08:00,123.25,123.25,False,0.0,19.095,31.86218,0.0,121.68166541999999,-1.2806303156520729,True,True,False,False,False
2026-08-27 02:59:00+08:00,123.25,123.25,False,0.0,19.095,31.86218,0.0,121.68166541999999,-1.2806303156520729,True,True,False,False,False
2026-08-27 03:00:00+08:00,123.25,123.25,False,0.0,19.125,31.86218,0.0,121.87283849999999,-1.1236500918701737,True,True,False,False,False
2026-08-27 03:01:00+08:00,123.25,123.25,False,0.0,19.115,31.85716,0.0,121.78992267999999,-1.1917056649636149,True,True,False,False,False
2026-08-27 03:02:00+08:00,123.25,123.25,False,0.0,19.125,31.85716,0.0,121.853637,-1.1394061851477086,True,True,False,False,False
2026-08-27 03:03:00+08:00,123.25,123.25,False,0.0,19.115,31.85716,0.0,121.78992267999999,-1.1917056649636149,True,True,False,False,False
2026-08-27 03:04:00+08:00,123.25,123.25,False,0.0,19.135,31.85716,0.0,121.91735132000001,-1.0871338886070332,True,True,False,False,False
2026-08-27 03:05:00+08:00,123.25,123.25,False,0.0,19.115,31.85716,0.0,121.78992267999999,-1.1917056649636149,True,True,False,False,False
2026-08-27 03:06:00+08:00,123.25,123.25,False,0.0,19.135,31.85408,0.0,121.90556416000001,-1.0968022240136035,True,True,False,False,False
2026-08-27 03:07:00+08:00,123.25,123.25,False,0.0,19.125,31.85408,0.0,121.841856,-1.1490744922997302,True,True,False,False,False
2026-08-27 03:08:00+08:00,123.25,123.25,False,0.0,19.115,31.85408,0.0,121.77814784,-1.2013739425244292,True,True,False,False,False
2026-08-27 03:09:00+08:00,123.25,123.25,False,0.0,19.125,31.85408,0.0,121.841856,-1.1490744922997302,True,True,False,False,False
2026-08-27 03:10:00+08:00,123.25,123.25,False,0.0,19.115,31.85408,0.0,121.77814784,-1.2013739425244292,True,True,False,False,False
2026-08-27 03:11:00+08:00,123.25,123.25,False,0.0,19.125,31.8511,0.0,121.8304575,-1.1584297781066495,True,True,False,False,False
2026-08-27 03:12:00+08:00,123.25,123.25,False,0.0,19.115,31.8511,0.0,121.76675529999997,-1.21072919946551,True,True,False,False,False
2026-08-27 03:13:00+08:00,123.25,123.25,False,0.0,19.105,31.8511,0.0,121.70305309999999,-1.2630558226751158,True,True,False,False,False
2026-08-27 03:14:00+08:00,123.25,123.25,False,0.0,19.105,31.8511,0.0,121.70305309999999,-1.2630558226751158,True,True,False,False,False
2026-08-27 03:15:00+08:00,123.25,123.25,False,0.0,19.115,31.8511,0.0,121.76675529999997,-1.21072919946551,True,True,False,False,False
2026-08-27 03:16:00+08:00,123.25,123.25,False,0.0,19.095,31.85319,0.0,121.64733260999999,-1.308848383867261,True,True,False,False,False
2026-08-27 03:17:00+08:00,123.25,123.25,False,0.0,19.105,31.85319,0.0,121.71103898999999,-1.256494515491366,True,True,False,False,False
2026-08-27 03:18:00+08:00,123.25,123.25,False,0.0,19.105,31.85319,0.0,121.71103898999999,-1.256494515491366,True,True,False,False,False
2026-08-27 03:19:00+08:00,123.25,123.25,False,0.0,19.105,31.85319,0.0,121.71103898999999,-1.256494515491366,True,True,False,False,False
2026-08-27 03:20:00+08:00,123.25,123.25,False,0.0,19.095,31.85319,0.0,121.64733260999999,-1.308848383867261,True,True,False,False,False
2026-08-27 03:21:00+08:00,123.25,123.25,False,0.0,19.095,31.85297,0.0,121.64649243,-1.3095390253156391,True,True,False,False,False
2026-08-27 03:22:00+08:00,123.25,123.25,False,0.0,19.095,31.85297,0.0,121.64649243,-1.3095390253156391,True,True,False,False,False
2026-08-27 03:23:00+08:00,123.25,123.25,False,0.0,19.095,31.85297,0.0,121.64649243,-1.3095390253156391,True,True,False,False,False
2026-08-27 03:24:00+08:00,123.25,123.25,False,0.0,19.095,31.85297,0.0,121.64649243,-1.3095390253156391,True,True,False,False,False
2026-08-27 03:25:00+08:00,123.25,123.25,False,0.0,19.085,31.85297,0.0,121.58278649000002,-1.361920136515767,True,True,False,False,False
2026-08-27 03:26:00+08:00,123.25,123.25,False,0.0,19.095,31.85349,0.0,121.64847831,-1.3079066077109252,True,True,False,False,False
2026-08-27 03:27:00+08:00,123.25,123.25,False,0.0,19.115,31.85349,0.0,121.77589226999999,-1.2032260887560886,True,True,False,False,False
2026-08-27 03:28:00+08:00,123.25,123.25,False,0.0,19.105,31.85349,0.0,121.71218529000001,-1.2555527361739043,True,True,False,False,False
2026-08-27 03:29:00+08:00,123.25,123.25,False,0.0,19.105,31.85349,0.0,121.71218529000001,-1.2555527361739043,True,True,False,False,False
2026-08-27 03:30:00+08:00,122.75,122.75,False,0.0,19.095,31.85349,0.0,121.64847831,-0.901414524032188,True,True,False,False,False
2026-08-27 03:31:00+08:00,123.25,123.25,False,0.0,19.105,31.85132,0.0,121.70389372,-1.262365138614465,True,True,False,False,False
2026-08-27 03:32:00+08:00,123.25,123.25,False,0.0,19.105,31.85132,0.0,121.70389372,-1.262365138614465,True,True,False,False,False
2026-08-27 03:33:00+08:00,123.25,123.25,False,0.0,19.105,31.85132,0.0,121.70389372,-1.262365138614465,True,True,False,False,False
2026-08-27 03:34:00+08:00,123.25,123.25,False,0.0,19.105,31.85132,0.0,121.70389372,-1.262365138614465,True,True,False,False,False
2026-08-27 03:35:00+08:00,123.25,123.25,False,0.0,19.085,31.85132,0.0,121.57648844,-1.3671000802759334,True,True,False,False,False
2026-08-27 03:36:00+08:00,123.25,123.25,False,0.0,19.085,31.85837,0.0,121.60339829000002,-1.3449694564171648,True,True,False,False,False
2026-08-27 03:37:00+08:00,123.25,123.25,False,0.0,19.075,31.85837,0.0,121.53968155,-1.3973778953184004,True,True,False,False,False
2026-08-27 03:38:00+08:00,122.75,122.75,False,0.0,19.075,31.85837,0.0,121.53968155,-0.9908879018717626,True,True,False,False,False
2026-08-27 03:39:00+08:00,122.75,122.75,False,0.0,19.065,31.85837,0.0,121.47596481000001,-1.0433249314757758,True,True,False,False,False
2026-08-27 03:40:00+08:00,122.75,122.75,False,0.0,19.075,31.85837,0.0,121.53968155,-0.9908879018717626,True,True,False,False,False
2026-08-27 03:41:00+08:00,122.75,122.75,False,0.0,19.075,31.86358,0.0,121.55955769999998,-0.9745360035908371,True,True,False,False,False
2026-08-27 03:42:00+08:00,122.75,122.75,False,0.0,19.075,31.86358,0.0,121.55955769999998,-0.9745360035908371,True,True,False,False,False
2026-08-27 03:43:00+08:00,122.75,122.75,False,0.0,19.065,31.86358,0.0,121.49583054,-1.026973076451027,True,True,False,False,False
2026-08-27 03:44:00+08:00,122.75,122.75,False,0.0,19.065,31.86358,0.0,121.49583054,-1.026973076451027,True,True,False,False,False
2026-08-27 03:45:00+08:00,122.75,122.75,False,0.0,19.055,31.86358,0.0,121.43210337999999,-1.0794375195868324,True,True,False,False,False
2026-08-27 03:46:00+08:00,122.75,122.75,False,0.0,19.055,31.861,0.0,121.422271,-1.087534628369005,True,True,False,False,False
2026-08-27 03:47:00+08:00,122.75,122.75,False,0.0,19.065,31.861,0.0,121.48599300000001,-1.0350702076904712,True,True,False,False,False
2026-08-27 03:48:00+08:00,122.75,122.75,False,0.0,19.075,31.861,0.0,121.54971499999999,-0.9826331561623051,True,True,False,False,False
2026-08-27 03:49:00+08:00,122.75,122.75,False,0.0,19.075,31.861,0.0,121.54971499999999,-0.9826331561623051,True,True,False,False,False
2026-08-27 03:50:00+08:00,122.75,122.75,False,0.0,19.065,31.861,0.0,121.48599300000001,-1.0350702076904712,True,True,False,False,False
2026-08-27 03:51:00+08:00,122.75,122.75,False,0.0,19.075,31.85213,0.0,121.51587594999998,-1.0104760193786861,True,True,False,False,False
2026-08-27 03:52:00+08:00,122.75,122.75,False,0.0,19.075,31.85213,0.0,121.51587594999998,-1.0104760193786861,True,True,False,False,False
2026-08-27 03:53:00+08:00,122.75,122.75,False,0.0,19.075,31.85213,0.0,121.51587594999998,-1.0104760193786861,True,True,False,False,False
2026-08-27 03:54:00+08:00,122.75,122.75,False,0.0,19.075,31.85213,0.0,121.51587594999998,-1.0104760193786861,True,True,False,False,False
2026-08-27 03:55:00+08:00,122.75,122.75,False,0.0,19.055,31.85213,0.0,121.38846742999999,-1.1153773383871926,True,True,False,False,False
2026-08-27 03:56:00+08:00,122.75,122.75,False,0.0,19.035,31.85649,0.0,121.27765743,-1.2067013923799523,True,True,False,False,False
2026-08-27 03:57:00+08:00,122.75,122.75,False,0.0,19.055,31.85649,0.0,121.40508339,-1.1016904430793293,True,True,False,False,False
2026-08-27 03:58:00+08:00,122.75,122.75,False,0.0,19.085,31.85649,0.0,121.59622233,-0.9443793802072952,True,True,False,False,False
2026-08-27 03:59:00+08:00,122.75,122.75,False,0.0,19.035,31.85649,0.0,121.27765743,-1.2067013923799523,True,True,False,False,False
2026-08-27 21:30:00+08:00,119.75,119.75,False,0.0,18.785,31.70761,0.0,119.12549076999998,-0.5228742622250189,True,True,False,False,False
2026-08-27 21:31:00+08:00,119.75,119.75,False,0.0,18.83,31.70761,0.0,119.41085925999998,-0.2836088990894011,True,True,False,False,False
2026-08-27 21:32:00+08:00,120.25,120.25,False,0.0,18.85,31.70761,0.0,119.53768970000002,-0.5941174885926468,True,True,False,False,False
2026-08-27 21:33:00+08:00,120.25,120.25,False,0.0,18.86,31.70761,0.0,119.60110491999998,-0.5410815849411655,True,True,False,False,False
2026-08-27 21:34:00+08:00,119.75,119.75,False,0.0,18.835,31.70761,0.0,119.44256687,-0.25705910014092975,True,True,False,False,False
2026-08-27 21:35:00+08:00,119.75,119.75,False,0.0,18.785,31.69229,0.0,119.06793353,-0.5712020533117249,True,True,False,False,False
2026-08-27 21:36:00+08:00,119.75,119.75,False,0.0,18.785,31.69229,0.0,119.06793353,-0.5712020533117249,True,True,False,False,False
2026-08-27 21:37:00+08:00,119.75,119.75,False,0.0,18.805,31.69229,0.0,119.19470269000001,-0.4647914799939405,True,True,False,False,False
2026-08-27 21:38:00+08:00,119.75,119.75,False,0.0,18.775,31.69229,0.0,119.00454894999999,-0.624449714804074,True,True,False,False,False
2026-08-27 21:39:00+08:00,119.75,119.75,False,0.0,18.835,31.69229,0.0,119.38485643000001,-0.3053871572309845,True,True,False,False,False
2026-08-27 21:40:00+08:00,120.25,120.25,False,0.0,18.845,31.69365,0.0,119.45336685,-0.6646824869160198,True,True,False,False,False
2026-08-27 21:41:00+08:00,120.25,120.25,False,0.0,18.835,31.69365,0.0,119.38997955000002,-0.7177604101076456,True,True,False,False,False
2026-08-27 21:42:00+08:00,120.25,120.25,False,0.0,18.83,31.69365,0.0,119.35828589999998,-0.7443099028488278,True,True,False,False,False
2026-08-27 21:43:00+08:00,120.25,120.25,False,0.0,18.795,31.69365,0.0,119.13643035000003,-0.9303531936809081,True,True,False,False,False
2026-08-27 21:44:00+08:00,120.25,120.25,False,0.0,18.835,31.69365,0.0,119.38997955000002,-0.7177604101076456,True,True,False,False,False
2026-08-27 21:45:00+08:00,120.25,120.25,False,0.0,18.815,31.70228,0.0,119.29567964,-0.7967752634355105,True,True,False,False,False
2026-08-27 21:46:00+08:00,119.75,119.75,False,0.0,18.795,31.70228,0.0,119.16887052,-0.486465952844319,True,True,False,False,False
2026-08-27 21:47:00+08:00,119.75,119.75,False,0.0,18.755000000000003,31.70228,0.0,118.91525228,-0.699513408026969,True,True,False,False,False
2026-08-27 21:48:00+08:00,119.5,119.5,False,0.0,18.745,31.70228,0.0,118.85184772,-0.5438617625162373,True,True,False,False,False
2026-08-27 21:49:00+08:00,119.25,119.25,False,0.0,18.715,31.70228,0.0,118.66163404,-0.49460881757559,True,True,False,False,False
2026-08-27 21:50:00+08:00,119.75,119.75,False,0.0,18.775,31.70891,0.0,119.06695705,-0.5720221532317702,True,True,False,False,False
2026-08-27 21:51:00+08:00,119.75,119.75,False,0.0,18.785,31.70891,0.0,119.13037487,-0.5187744119517614,True,True,False,False,False
2026-08-27 21:52:00+08:00,119.75,119.75,False,0.0,18.775,31.70891,0.0,119.06695705,-0.5720221532317702,True,True,False,False,False
2026-08-27 21:53:00+08:00,119.75,119.75,False,0.0,18.785,31.70891,0.0,119.13037487,-0.5187744119517614,True,True,False,False,False
2026-08-27 21:54:00+08:00,119.75,119.75,False,0.0,18.755000000000003,31.70891,0.0,118.94012141,-0.67860252046951,True,True,False,False,False
2026-08-27 21:55:00+08:00,119.25,119.25,False,0.0,18.755000000000003,31.69932,0.0,118.90414932000002,-0.29044270779030223,True,True,False,False,False
2026-08-27 21:56:00+08:00,119.25,119.25,False,0.0,18.705,31.69932,0.0,118.58715611999999,-0.5573930422087416,True,True,False,False,False
2026-08-27 21:57:00+08:00,119.25,119.25,False,0.0,18.705,31.69932,0.0,118.58715611999999,-0.5573930422087416,True,True,False,False,False
2026-08-27 21:58:00+08:00,119.25,119.25,False,0.0,18.745,31.69932,0.0,118.84075068,-0.3437759079940423,True,True,False,False,False
2026-08-27 21:59:00+08:00,119.25,119.25,False,0.0,18.755000000000003,31.69932,0.0,118.90414932000002,-0.29044270779030223,True,True,False,False,False
2026-08-27 22:00:00+08:00,119.25,119.25,False,0.0,18.735,31.70959,0.0,118.81583372999998,-0.3647447121643044,True,True,False,False,False
2026-08-27 22:01:00+08:00,119.75,119.75,False,0.0,18.765,31.70959,0.0,119.00609127,-0.6231537181254518,True,True,False,False,False
2026-08-27 22:02:00+08:00,119.75,119.75,False,0.0,18.785,31.70959,0.0,119.13292962999999,-0.5166299416670526,True,True,False,False,False
2026-08-27 22:03:00+08:00,119.75,119.75,False,0.0,18.795,31.70959,0.0,119.19634880999999,-0.4634104624383699,True,True,False,False,False
2026-08-27 22:04:00+08:00,119.75,119.75,False,0.0,18.795,31.70959,0.0,119.19634880999999,-0.4634104624383699,True,True,False,False,False
2026-08-27 22:05:00+08:00,119.75,119.75,False,0.0,18.815,31.71354,0.0,119.33805102000001,-0.3446002242625928,True,True,False,False,False
2026-08-27 22:06:00+08:00,119.75,119.75,False,0.0,18.745,31.71354,0.0,118.89406145999999,-0.7173348750129934,True,True,False,False,False
2026-08-27 22:07:00+08:00,119.75,119.75,False,0.0,18.765,31.71354,0.0,119.02091562000001,-0.6106978130957247,True,True,False,False,False
2026-08-27 22:08:00+08:00,119.75,119.75,False,0.0,18.775,31.71354,0.0,119.08434269999998,-0.5574217614391859,True,True,False,False,False
2026-08-27 22:09:00+08:00,119.75,119.75,False,0.0,18.795,31.71354,0.0,119.21119686,-0.45095450397803877,True,True,False,False,False
2026-08-27 22:10:00+08:00,119.75,119.75,False,0.0,18.825,31.71152,0.0,119.39387279999998,-0.2978351030535099,True,True,False,False,False
2026-08-27 22:11:00+08:00,119.75,119.75,False,0.0,18.835,31.71152,0.0,119.45729584,-0.24472845526900844,True,True,False,False,False
2026-08-27 22:12:00+08:00,119.75,119.75,False,0.0,18.855,31.71152,0.0,119.58414192000001,-0.13859959859419665,True,True,False,False,False
2026-08-27 22:13:00+08:00,120.25,120.25,False,0.0,18.855,31.71152,0.0,119.58414192000001,-0.555265463598672,True,True,False,False,False
2026-08-27 22:14:00+08:00,119.75,119.75,False,0.0,18.825,31.71152,0.0,119.39387279999998,-0.2978351030535099,True,True,False,False,False
2026-08-27 22:15:00+08:00,120.25,120.25,False,0.0,18.875,31.71474,0.0,119.72314349999999,-0.4390962191150428,True,True,False,False,False
2026-08-27 22:16:00+08:00,120.25,120.25,False,0.0,18.845,31.71474,0.0,119.53285506,-0.5981619826993457,True,True,False,False,False
2026-08-27 22:17:00+08:00,120.25,120.25,False,0.0,18.885,31.71474,0.0,119.78657298,-0.3861303419280282,True,True,False,False,False
2026-08-27 22:18:00+08:00,120.25,120.25,False,0.0,18.905,31.71474,0.0,119.91343194000001,-0.2802825203497885,True,True,False,False,False
2026-08-27 22:19:00+08:00,120.25,120.25,False,0.0,18.905,31.71474,0.0,119.91343194000001,-0.2802825203497885,True,True,False,False,False
2026-08-27 22:20:00+08:00,120.25,120.25,False,0.0,18.915,31.71472,0.0,119.97678575999998,-0.22746359373344155,True,True,False,False,False
2026-08-27 22:21:00+08:00,120.25,120.25,False,0.0,18.915,31.71472,0.0,119.97678575999998,-0.22746359373344155,True,True,False,False,False
2026-08-27 22:22:00+08:00,120.25,120.25,False,0.0,18.905,31.71472,0.0,119.91335632,-0.28034558240553703,True,True,False,False,False
2026-08-27 22:23:00+08:00,120.25,120.25,False,0.0,18.915,31.71472,0.0,119.97678575999998,-0.22746359373344155,True,True,False,False,False
2026-08-27 22:24:00+08:00,120.25,120.25,False,0.0,18.915,31.71472,0.0,119.97678575999998,-0.22746359373344155,True,True,False,False,False
2026-08-27 22:27:00+08:00,120.75,120.75,False,0.0,18.995,31.70616,0.0,120.45170184000001,-0.24734332944123427,True,True,False,False,False
2026-08-27 22:28:00+08:00,120.75,120.75,False,0.0,18.985,31.70616,0.0,120.38828951999999,-0.3000025261189499,True,True,False,False,False
2026-08-27 22:29:00+08:00,120.75,120.75,False,0.0,18.985,31.70616,0.0,120.38828951999999,-0.3000025261189499,True,True,False,False,False
2026-08-27 22:30:00+08:00,120.25,120.25,False,0.0,18.915,31.70616,0.0,119.94440328,-0.2544578190223325,True,True,False,False,False
2026-08-27 22:31:00+08:00,120.75,120.75,False,0.0,18.905,31.70616,0.0,119.88099096,-0.7222752452068399,True,True,False,False,False
2026-08-27 22:32:00+08:00,120.25,120.25,False,0.0,18.925,31.69684,0.0,119.9725394,-0.23100296974048032,True,True,False,False,False
2026-08-27 22:33:00+08:00,120.25,120.25,False,0.0,18.925,31.69684,0.0,119.9725394,-0.23100296974048032,True,True,False,False,False
2026-08-27 22:34:00+08:00,120.25,120.25,False,0.0,18.895,31.69684,0.0,119.78235836000002,-0.3896488316784476,True,True,False,False,False
2026-08-27 22:35:00+08:00,120.25,120.25,False,0.0,18.895,31.69684,0.0,119.78235836000002,-0.3896488316784476,True,True,False,False,False
2026-08-27 22:36:00+08:00,120.25,120.25,False,0.0,18.895,31.69684,0.0,119.78235836000002,-0.3896488316784476,True,True,False,False,False
2026-08-27 22:37:00+08:00,120.25,120.25,False,0.0,18.885,31.7028,0.0,119.74147560000002,-0.423785385483904,True,True,False,False,False
2026-08-27 22:38:00+08:00,120.25,120.25,False,0.0,18.875,31.7028,0.0,119.67807,-0.4767512196467839,True,True,False,False,False
2026-08-27 22:39:00+08:00,120.25,120.25,False,0.0,18.835,31.7028,0.0,119.42444760000001,-0.6888947973108772,True,True,False,False,False
2026-08-27 22:40:00+08:00,120.25,120.25,False,0.0,18.845,31.7028,0.0,119.48785319999999,-0.6358168222722792,True,True,False,False,False
2026-08-27 22:41:00+08:00,120.25,120.25,False,0.0,18.855,31.7028,0.0,119.5512588,-0.5827669158173749,True,True,False,False,False
2026-08-27 22:42:00+08:00,120.25,120.25,False,0.0,18.865,31.69478,0.0,119.58440493999998,-0.5550455199841149,True,True,False,False,False
2026-08-27 22:43:00+08:00,120.25,120.25,False,0.0,18.845,31.69478,0.0,119.45762582,-0.6611172066715987,True,True,False,False,False
2026-08-27 22:44:00+08:00,120.25,120.25,False,0.0,18.855,31.69478,0.0,119.52101538000002,-0.6080673419551142,True,True,False,False,False
2026-08-27 22:45:00+08:00,120.25,120.25,False,0.0,18.845,31.69478,0.0,119.45762582,-0.6611172066715987,True,True,False,False,False
2026-08-27 22:46:00+08:00,120.25,120.25,False,0.0,18.865,31.69478,0.0,119.58440493999998,-0.5550455199841149,True,True,False,False,False
2026-08-27 22:47:00+08:00,120.25,120.25,False,0.0,18.895,31.70006,0.0,119.79452674,-0.3794906438282119,True,True,False,False,False
2026-08-27 22:48:00+08:00,120.25,120.25,False,0.0,18.905,31.70006,0.0,119.85792686000002,-0.326580754852451,True,True,False,False,False
2026-08-27 22:49:00+08:00,120.25,120.25,False,0.0,18.905,31.70006,0.0,119.85792686000002,-0.326580754852451,True,True,False,False,False
2026-08-27 22:50:00+08:00,120.25,120.25,False,0.0,18.885,31.70006,0.0,119.73112662000001,-0.4324284891133145,True,True,False,False,False
2026-08-27 22:51:00+08:00,120.25,120.25,False,0.0,18.865,31.70006,0.0,119.60432638,-0.5383881372871792,True,True,False,False,False
2026-08-27 22:52:00+08:00,120.25,120.25,False,0.0,18.875,31.69312,0.0,119.641528,-0.507289277843948,True,True,False,False,False
2026-08-27 22:53:00+08:00,120.25,120.25,False,0.0,18.855,31.69312,0.0,119.51475552,-0.6133048857872485,True,True,False,False,False
2026-08-27 22:54:00+08:00,120.25,120.25,False,0.0,18.845,31.69312,0.0,119.45136928,-0.6663547416511493,True,True,False,False,False
2026-08-27 22:55:00+08:00,120.25,120.25,False,0.0,18.845,31.69312,0.0,119.45136928,-0.6663547416511493,True,True,False,False,False
2026-08-27 22:56:00+08:00,120.25,120.25,False,0.0,18.865,31.69312,0.0,119.57814176,-0.5602830719276853,True,True,False,False,False
2026-08-27 22:57:00+08:00,120.25,120.25,False,0.0,18.875,31.69377,0.0,119.64398175000001,-0.5052383937097172,True,True,False,False,False
2026-08-27 22:58:00+08:00,120.25,120.25,False,0.0,18.915,31.69377,0.0,119.89753191,-0.2935429626918643,True,True,False,False,False
2026-08-27 22:59:00+08:00,120.25,120.25,False,0.0,18.915,31.69377,0.0,119.89753191,-0.2935429626918643,True,True,False,False,False
2026-08-27 23:00:00+08:00,120.25,120.25,False,0.0,18.915,31.69377,0.0,119.89753191,-0.2935429626918643,True,True,False,False,False
2026-08-27 23:01:00+08:00,120.25,120.25,False,0.0,18.935,31.69377,0.0,120.02430698999999,-0.1878627913465653,True,True,False,False,False
2026-08-27 23:02:00+08:00,120.25,120.25,False,0.0,18.935,31.68227,0.0,119.98075649,-0.22415407080583635,True,True,False,False,False
2026-08-27 23:03:00+08:00,120.25,120.25,False,0.0,18.935,31.68227,0.0,119.98075649,-0.22415407080583635,True,True,False,False,False
2026-08-27 23:04:00+08:00,120.25,120.25,False,0.0,18.945,31.68227,0.0,120.04412103,-0.17135581105148817,True,True,False,False,False
2026-08-27 23:05:00+08:00,120.25,120.25,False,0.0,18.935,31.68227,0.0,119.98075649,-0.22415407080583635,True,True,False,False,False
2026-08-27 23:06:00+08:00,120.25,120.25,False,0.0,18.925,31.68227,0.0,119.91739195,-0.2769801906074324,True,True,False,False,False
2026-08-27 23:07:00+08:00,120.25,120.25,False,0.0,18.935,31.68048,0.0,119.97397775999998,-0.2298040708290846,True,True,False,False,False
2026-08-27 23:08:00+08:00,120.25,120.25,False,0.0,18.935,31.68048,0.0,119.97397775999998,-0.2298040708290846,True,True,False,False,False
2026-08-27 23:09:00+08:00,120.25,120.25,False,0.0,18.945,31.68048,0.0,120.03733872000001,-0.17700581406646648,True,True,False,False,False
2026-08-27 23:10:00+08:00,120.25,120.25,False,0.0,18.935,31.68048,0.0,119.97397775999998,-0.2298040708290846,True,True,False,False,False
2026-08-27 23:11:00+08:00,120.25,120.25,False,0.0,18.935,31.68048,0.0,119.97397775999998,-0.2298040708290846,True,True,False,False,False
2026-08-27 23:12:00+08:00,120.25,120.25,False,0.0,18.935,31.68801,0.0,120.00249387,-0.20603834408805755,True,True,False,False,False
2026-08-27 23:13:00+08:00,120.25,120.25,False,0.0,18.945,31.68801,0.0,120.06586989,-0.15324007530945016,True,True,False,False,False
2026-08-27 23:14:00+08:00,120.25,120.25,False,0.0,18.945,31.68801,0.0,120.06586989,-0.15324007530945016,True,True,False,False,False
2026-08-27 23:15:00+08:00,120.25,120.25,False,0.0,18.955,31.68801,0.0,120.12924590999998,-0.1004696470719698,True,True,False,False,False
2026-08-27 23:16:00+08:00,120.75,120.75,False,0.0,19.015,31.68801,0.0,120.50950203,-0.1993687029745271,True,True,False,False,False
2026-08-27 23:17:00+08:00,120.75,120.75,False,0.0,19.015,31.67004,0.0,120.44116212000002,-0.2560938612222683,True,True,False,False,False
2026-08-27 23:18:00+08:00,120.75,120.75,False,0.0,19.015,31.67004,0.0,120.44116212000002,-0.2560938612222683,True,True,False,False,False
2026-08-27 23:19:00+08:00,120.75,120.75,False,0.0,19.025,31.67004,0.0,120.5045022,-0.20351769418709356,True,True,False,False,False
2026-08-27 23:20:00+08:00,120.75,120.75,False,0.0,19.025,31.67004,0.0,120.5045022,-0.20351769418709356,True,True,False,False,False
2026-08-27 23:21:00+08:00,120.5,120.5,False,0.0,19.005000000000003,31.67004,0.0,120.37782204000003,-0.10144392619066832,True,True,False,False,False
2026-08-27 23:22:00+08:00,120.75,120.75,False,0.0,19.015,31.67332,0.0,120.45363596,-0.2457376223376233,True,True,False,False,False
2026-08-27 23:23:00+08:00,120.25,120.25,False,0.0,19.025,31.67332,0.0,120.51698259999998,0.2217767545340973,True,True,False,False,False
2026-08-27 23:24:00+08:00,120.25,120.25,False,0.0,19.005000000000003,31.67332,0.0,120.39028932000001,0.11659670157182465,True,True,False,False,False
2026-08-27 23:25:00+08:00,120.25,120.25,False,0.0,19.005000000000003,31.67332,0.0,120.39028932000001,0.11659670157182465,True,True,False,False,False
2026-08-27 23:26:00+08:00,120.25,120.25,False,0.0,19.005000000000003,31.67332,0.0,120.39028932000001,0.11659670157182465,True,True,False,False,False
2026-08-27 23:27:00+08:00,120.25,120.25,False,0.0,19.015,31.68057,0.0,120.48120771,0.19208785782235108,True,True,False,False,False
2026-08-27 23:28:00+08:00,120.25,120.25,False,0.0,19.015,31.68057,0.0,120.48120771,0.19208785782235108,True,True,False,False,False
2026-08-27 23:29:00+08:00,120.25,120.25,False,0.0,19.015,31.68057,0.0,120.48120771,0.19208785782235108,True,True,False,False,False
2026-08-27 23:30:00+08:00,120.25,120.25,False,0.0,19.005000000000003,31.68057,0.0,120.41784657000001,0.13948400036993683,True,True,False,False,False
2026-08-27 23:31:00+08:00,120.25,120.25,False,0.0,19.015,31.68057,0.0,120.48120771,0.19208785782235108,True,True,False,False,False
2026-08-27 23:32:00+08:00,120.25,120.25,False,0.0,19.015,31.68202,0.0,120.48672206,0.19666468661229497,True,True,False,False,False
2026-08-27 23:33:00+08:00,120.25,120.25,False,0.0,19.005000000000003,31.68202,0.0,120.42335802000002,0.14406083118316504,True,True,False,False,False
2026-08-27 23:34:00+08:00,120.25,120.25,False,0.0,19.015,31.68202,0.0,120.48672206,0.19666468661229497,True,True,False,False,False
2026-08-27 23:35:00+08:00,120.25,120.25,False,0.0,19.015,31.68202,0.0,120.48672206,0.19666468661229497,True,True,False,False,False
2026-08-27 23:36:00+08:00,120.25,120.25,False,0.0,19.005000000000003,31.68202,0.0,120.42335802000002,0.14406083118316504,True,True,False,False,False
2026-08-27 23:37:00+08:00,120.25,120.25,False,0.0,18.995,31.6793,0.0,120.3496607,0.0828435914747748,True,True,False,False,False
2026-08-27 23:38:00+08:00,120.25,120.25,False,0.0,18.995,31.6793,0.0,120.3496607,0.0828435914747748,True,True,False,False,False
2026-08-27 23:39:00+08:00,120.25,120.25,False,0.0,19.005000000000003,31.6793,0.0,120.41301930000002,0.13547515565472354,True,True,False,False,False
2026-08-27 23:40:00+08:00,120.25,120.25,False,0.0,18.995,31.6793,0.0,120.3496607,0.0828435914747748,True,True,False,False,False
2026-08-27 23:41:00+08:00,120.25,120.25,False,0.0,19.015,31.6793,0.0,120.47637790000002,0.18807901483405903,True,True,False,False,False
2026-08-27 23:42:00+08:00,120.25,120.25,False,0.0,18.995,31.67929,0.0,120.34962271000002,0.08281202512116753,True,True,False,False,False
2026-08-27 23:43:00+08:00,120.25,120.25,False,0.0,18.995,31.67929,0.0,120.34962271000002,0.08281202512116753,True,True,False,False,False
2026-08-27 23:44:00+08:00,120.25,120.25,False,0.0,19.005000000000003,31.67929,0.0,120.41298129000002,0.1354435893101696,True,True,False,False,False
2026-08-27 23:45:00+08:00,120.25,120.25,False,0.0,18.985,31.67929,0.0,120.28626412999999,0.030152734042957364,True,True,False,False,False
2026-08-27 23:46:00+08:00,120.25,120.25,False,0.0,18.985,31.67929,0.0,120.28626412999999,0.030152734042957364,True,True,False,False,False
2026-08-27 23:47:00+08:00,120.25,120.25,False,0.0,18.985,31.69354,0.0,120.34037138,0.07512468556545561,True,True,False,False,False
2026-08-27 23:48:00+08:00,120.25,120.25,False,0.0,18.975,31.69354,0.0,120.27698430000001,0.02243764879731991,True,True,False,False,False
2026-08-27 23:49:00+08:00,120.25,120.25,False,0.0,18.975,31.69354,0.0,120.27698430000001,0.02243764879731991,True,True,False,False,False
2026-08-27 23:50:00+08:00,120.25,120.25,False,0.0,19.005000000000003,31.69354,0.0,120.46714554,0.18041551590592544,True,True,False,False,False
2026-08-27 23:51:00+08:00,120.75,120.75,False,0.0,19.035,31.69354,0.0,120.65730678,-0.0767940467390032,True,True,False,False,False
2026-08-27 23:52:00+08:00,120.75,120.75,False,0.0,19.035,31.67903,0.0,120.60206721,-0.12258671882125016,True,True,False,False,False
2026-08-27 23:53:00+08:00,120.75,120.75,False,0.0,19.025,31.67903,0.0,120.53870915,-0.1751352980786565,True,True,False,False,False
2026-08-27 23:54:00+08:00,120.75,120.75,False,0.0,19.045,31.67903,0.0,120.66542527000001,-0.07006572169561824,True,True,False,False,False
2026-08-27 23:55:00+08:00,120.75,120.75,False,0.0,19.035,31.67903,0.0,120.60206721,-0.12258671882125016,True,True,False,False,False
2026-08-27 23:56:00+08:00,120.75,120.75,False,0.0,19.035,31.67903,0.0,120.60206721,-0.12258671882125016,True,True,False,False,False
2026-08-27 23:57:00+08:00,120.75,120.75,False,0.0,19.045,31.68062,0.0,120.67148158000002,-0.06504675514880537,True,True,False,False,False
2026-08-27 23:58:00+08:00,120.75,120.75,False,0.0,19.045,31.68062,0.0,120.67148158000002,-0.06504675514880537,True,True,False,False,False
2026-08-27 23:59:00+08:00,120.75,120.75,False,0.0,19.045,31.68062,0.0,120.67148158000002,-0.06504675514880537,True,True,False,False,False
2026-08-28 00:00:00+08:00,120.75,120.75,False,0.0,19.045,31.68062,0.0,120.67148158000002,-0.06504675514880537,True,True,False,False,False
2026-08-28 00:01:00+08:00,120.75,120.75,False,0.0,19.055,31.68062,0.0,120.73484282,-0.012553317900205235,True,True,False,False,False
2026-08-28 00:02:00+08:00,120.75,120.75,False,0.0,19.065,31.68212,0.0,120.80392356000002,0.0446472234483256,True,True,False,False,False
2026-08-28 00:03:00+08:00,120.75,120.75,False,0.0,19.065,31.68212,0.0,120.80392356000002,0.0446472234483256,True,True,False,False,False
2026-08-28 00:04:00+08:00,120.75,120.75,False,0.0,19.045,31.68212,0.0,120.67719508000002,-0.06031211187774995,True,True,False,False,False
2026-08-28 00:05:00+08:00,120.75,120.75,False,0.0,19.035,31.68212,0.0,120.61383084000002,-0.11283311134570664,True,True,False,False,False
2026-08-28 00:06:00+08:00,120.75,120.75,False,0.0,19.045,31.68212,0.0,120.67719508000002,-0.06031211187774995,True,True,False,False,False
2026-08-28 00:07:00+08:00,120.75,120.75,False,0.0,19.025,31.67347,0.0,120.51755334999999,-0.1926878660412413,True,True,False,False,False
2026-08-28 00:08:00+08:00,120.75,120.75,False,0.0,19.035,31.67347,0.0,120.58090029,-0.14013929405376238,True,True,False,False,False
2026-08-28 00:09:00+08:00,120.75,120.75,False,0.0,19.025,31.67347,0.0,120.51755334999999,-0.1926878660412413,True,True,False,False,False
2026-08-28 00:10:00+08:00,120.75,120.75,False,0.0,19.015,31.67347,0.0,120.45420641000001,-0.24526403946471556,True,True,False,False,False
2026-08-28 00:11:00+08:00,120.75,120.75,False,0.0,19.005000000000003,31.67347,0.0,120.39085947000001,-0.2978678360766735,True,True,False,False,False
2026-08-28 00:12:00+08:00,120.75,120.75,False,0.0,19.005000000000003,31.6778,0.0,120.40731780000002,-0.2841980522309363,True,True,False,False,False
2026-08-28 00:13:00+08:00,120.75,120.75,False,0.0,19.005000000000003,31.6778,0.0,120.40731780000002,-0.2841980522309363,True,True,False,False,False
2026-08-28 00:14:00+08:00,120.75,120.75,False,0.0,19.005000000000003,31.6778,0.0,120.40731780000002,-0.2841980522309363,True,True,False,False,False
2026-08-28 00:15:00+08:00,120.75,120.75,False,0.0,19.005000000000003,31.6778,0.0,120.40731780000002,-0.2841980522309363,True,True,False,False,False
2026-08-28 00:16:00+08:00,120.75,120.75,False,0.0,19.005000000000003,31.6778,0.0,120.40731780000002,-0.2841980522309363,True,True,False,False,False
2026-08-28 00:17:00+08:00,120.75,120.75,False,0.0,18.995,31.67889,0.0,120.34810311000001,-0.33338867856345206,True,True,False,False,False
2026-08-28 00:18:00+08:00,120.75,120.75,False,0.0,18.985,31.67889,0.0,120.28474532999999,-0.3860478034924205,True,True,False,False,False
2026-08-28 00:19:00+08:00,120.75,120.75,False,0.0,18.995,31.67889,0.0,120.34810311000001,-0.33338867856345206,True,True,False,False,False
2026-08-28 00:20:00+08:00,120.75,120.75,False,0.0,18.995,31.67889,0.0,120.34810311000001,-0.33338867856345206,True,True,False,False,False
2026-08-28 00:21:00+08:00,120.75,120.75,False,0.0,18.985,31.67889,0.0,120.28474532999999,-0.3860478034924205,True,True,False,False,False
2026-08-28 00:22:00+08:00,120.75,120.75,False,0.0,19.005000000000003,31.67257,0.0,120.38743857000001,-0.30070936487511624,True,True,False,False,False
2026-08-28 00:23:00+08:00,120.75,120.75,False,0.0,19.005000000000003,31.67257,0.0,120.38743857000001,-0.30070936487511624,True,True,False,False,False
2026-08-28 00:24:00+08:00,120.75,120.75,False,0.0,19.005000000000003,31.67257,0.0,120.38743857000001,-0.30070936487511624,True,True,False,False,False
2026-08-28 00:25:00+08:00,120.75,120.75,False,0.0,19.005000000000003,31.67257,0.0,120.38743857000001,-0.30070936487511624,True,True,False,False,False
2026-08-28 00:26:00+08:00,120.75,120.75,False,0.0,19.005000000000003,31.67257,0.0,120.38743857000001,-0.30070936487511624,True,True,False,False,False
2026-08-28 00:27:00+08:00,120.75,120.75,False,0.0,19.015,31.6846,0.0,120.4965338,-0.2101304387735874,True,True,False,False,False
2026-08-28 00:28:00+08:00,120.75,120.75,False,0.0,19.025,31.6846,0.0,120.55990299999999,-0.15755424674801566,True,True,False,False,False
2026-08-28 00:29:00+08:00,120.75,120.75,False,0.0,19.025,31.6846,0.0,120.55990299999999,-0.15755424674801566,True,True,False,False,False
2026-08-28 00:30:00+08:00,120.75,120.75,False,0.0,19.025,31.6846,0.0,120.55990299999999,-0.15755424674801566,True,True,False,False,False
2026-08-28 00:31:00+08:00,120.75,120.75,False,0.0,19.035,31.6846,0.0,120.6232722,-0.1050056610203237,True,True,False,False,False
2026-08-28 00:32:00+08:00,120.75,120.75,False,0.0,19.035,31.67758,0.0,120.59654705999999,-0.12716398214046876,True,True,False,False,False
2026-08-28 00:33:00+08:00,120.75,120.75,False,0.0,19.035,31.67758,0.0,120.59654705999999,-0.12716398214046876,True,True,False,False,False
2026-08-28 00:34:00+08:00,120.75,120.75,False,0.0,19.055,31.67758,0.0,120.72325737999999,-0.02214955004969617,True,True,False,False,False
2026-08-28 00:35:00+08:00,120.75,120.75,False,0.0,19.055,31.67758,0.0,120.72325737999999,-0.02214955004969617,True,True,False,False,False
2026-08-28 00:36:00+08:00,120.75,120.75,False,0.0,19.055,31.67758,0.0,120.72325737999999,-0.02214955004969617,True,True,False,False,False
2026-08-28 00:37:00+08:00,120.75,120.75,False,0.0,19.065,31.67451,0.0,120.77490663,0.02062448163009466,True,True,False,False,False
2026-08-28 00:38:00+08:00,120.75,120.75,False,0.0,19.055,31.67451,0.0,120.71155761,-0.03184141639812572,True,True,False,False,False
2026-08-28 00:39:00+08:00,120.75,120.75,False,0.0,19.055,31.67451,0.0,120.71155761,-0.03184141639812572,True,True,False,False,False
2026-08-28 00:40:00+08:00,120.75,120.75,False,0.0,19.065,31.67451,0.0,120.77490663,0.02062448163009466,True,True,False,False,False
2026-08-28 00:41:00+08:00,120.75,120.75,False,0.0,19.065,31.67451,0.0,120.77490663,0.02062448163009466,True,True,False,False,False
2026-08-28 00:42:00+08:00,120.75,120.75,False,0.0,19.065,31.66968,0.0,120.75648984000001,0.005374464267452353,True,True,False,False,False
2026-08-28 00:43:00+08:00,120.75,120.75,False,0.0,19.065,31.66968,0.0,120.75648984000001,0.005374464267452353,True,True,False,False,False
2026-08-28 00:44:00+08:00,120.75,120.75,False,0.0,19.065,31.66968,0.0,120.75648984000001,0.005374464267452353,True,True,False,False,False
2026-08-28 00:45:00+08:00,120.75,120.75,False,0.0,19.075,31.66968,0.0,120.8198292,0.05781284875785384,True,True,False,False,False
2026-08-28 00:46:00+08:00,120.75,120.75,False,0.0,19.065,31.66968,0.0,120.75648984000001,0.005374464267452353,True,True,False,False,False
2026-08-28 00:47:00+08:00,120.75,120.75,False,0.0,19.065,31.66982,0.0,120.75702366,0.005816526487353541,True,True,False,False,False
2026-08-28 00:48:00+08:00,120.75,120.75,False,0.0,19.065,31.66982,0.0,120.75702366,0.005816526487353541,True,True,False,False,False
2026-08-28 00:49:00+08:00,120.75,120.75,False,0.0,19.065,31.66982,0.0,120.75702366,0.005816526487353541,True,True,False,False,False
2026-08-28 00:50:00+08:00,120.75,120.75,False,0.0,19.075,31.66982,0.0,120.82036330000001,0.05825491094089935,True,True,False,False,False
2026-08-28 00:51:00+08:00,120.75,120.75,False,0.0,19.055,31.66982,0.0,120.69368402,-0.046649371035382955,True,True,False,False,False
2026-08-28 00:52:00+08:00,120.75,120.75,False,0.0,19.065,31.67709,0.0,120.78474417,0.02876950073529969,True,True,False,False,False
2026-08-28 00:53:00+08:00,120.75,120.75,False,0.0,19.065,31.67709,0.0,120.78474417,0.02876950073529969,True,True,False,False,False
2026-08-28 00:54:00+08:00,120.75,120.75,False,0.0,19.055,31.67709,0.0,120.72138998999999,-0.023696397325739686,True,True,False,False,False
2026-08-28 00:55:00+08:00,120.75,120.75,False,0.0,19.055,31.67709,0.0,120.72138998999999,-0.023696397325739686,True,True,False,False,False
2026-08-28 00:56:00+08:00,120.75,120.75,False,0.0,19.055,31.67709,0.0,120.72138998999999,-0.023696397325739686,True,True,False,False,False
2026-08-28 00:57:00+08:00,120.75,120.75,False,0.0,19.055,31.67899,0.0,120.72863089,-0.017698551562294607,True,True,False,False,False
2026-08-28 00:58:00+08:00,120.75,120.75,False,0.0,19.055,31.67899,0.0,120.72863089,-0.017698551562294607,True,True,False,False,False
2026-08-28 00:59:00+08:00,120.75,120.75,False,0.0,19.055,31.67899,0.0,120.72863089,-0.017698551562294607,True,True,False,False,False
2026-08-28 01:00:00+08:00,120.75,120.75,False,0.0,19.055,31.67899,0.0,120.72863089,-0.017698551562294607,True,True,False,False,False
2026-08-28 01:01:00+08:00,120.75,120.75,False,0.0,19.075,31.67899,0.0,120.85534685,0.08720572733467521,True,True,False,False,False
2026-08-28 01:02:00+08:00,120.75,120.75,False,0.0,19.055,31.67899,0.0,120.72863089,-0.017698551562294607,True,True,False,False,False
2026-08-28 01:03:00+08:00,120.75,120.75,False,0.0,19.055,31.67828,0.0,120.72592508,-0.019939809728052982,True,True,False,False,False
2026-08-28 01:04:00+08:00,120.75,120.75,False,0.0,19.055,31.67828,0.0,120.72592508,-0.019939809728052982,True,True,False,False,False
2026-08-28 01:05:00+08:00,120.75,120.75,False,0.0,19.045,31.67828,0.0,120.66256852000001,-0.07243324615283972,True,True,False,False,False
2026-08-28 01:06:00+08:00,120.75,120.75,False,0.0,19.045,31.67828,0.0,120.66256852000001,-0.07243324615283972,True,True,False,False,False
2026-08-28 01:07:00+08:00,120.75,120.75,False,0.0,19.035,31.67828,0.0,120.59921196,-0.12495424267222024,True,True,False,False,False
2026-08-28 01:08:00+08:00,120.75,120.75,False,0.0,19.045,31.68144,0.0,120.67460496000001,-0.06245845572573774,True,True,False,False,False
2026-08-28 01:09:00+08:00,120.75,120.75,False,0.0,19.045,31.68144,0.0,120.67460496000001,-0.06245845572573774,True,True,False,False,False
2026-08-28 01:10:00+08:00,120.75,120.75,False,0.0,19.045,31.68144,0.0,120.67460496000001,-0.06245845572573774,True,True,False,False,False
2026-08-28 01:11:00+08:00,120.75,120.75,False,0.0,19.045,31.68144,0.0,120.67460496000001,-0.06245845572573774,True,True,False,False,False
2026-08-28 01:12:00+08:00,120.75,120.75,False,0.0,19.045,31.68144,0.0,120.67460496000001,-0.06245845572573774,True,True,False,False,False
2026-08-28 01:13:00+08:00,120.75,120.75,False,0.0,19.035,31.67897,0.0,120.60183879000002,-0.12277611866789921,True,True,False,False,False
2026-08-28 01:14:00+08:00,120.75,120.75,False,0.0,19.025,31.67897,0.0,120.53848085,-0.17532469785119534,True,True,False,False,False
2026-08-28 01:15:00+08:00,120.75,120.75,False,0.0,19.025,31.67897,0.0,120.53848085,-0.17532469785119534,True,True,False,False,False
2026-08-28 01:16:00+08:00,120.75,120.75,False,0.0,19.025,31.67897,0.0,120.53848085,-0.17532469785119534,True,True,False,False,False
2026-08-28 01:17:00+08:00,120.75,120.75,False,0.0,19.025,31.67897,0.0,120.53848085,-0.17532469785119534,True,True,False,False,False
2026-08-28 01:18:00+08:00,120.75,120.75,False,0.0,19.025,31.67879,0.0,120.53779594999999,-0.17589289931927127,True,True,False,False,False
2026-08-28 01:19:00+08:00,121.25,121.25,False,0.0,19.025,31.67879,0.0,120.53779594999999,-0.5891149693488169,True,True,False,False,False
2026-08-28 01:20:00+08:00,121.25,121.25,False,0.0,19.025,31.67879,0.0,120.53779594999999,-0.5891149693488169,True,True,False,False,False
2026-08-28 01:21:00+08:00,121.25,121.25,False,0.0,19.035,31.67879,0.0,120.60115352999999,-0.5365667771516537,True,True,False,False,False
2026-08-28 01:22:00+08:00,121.75,121.75,False,0.0,19.045,31.67879,0.0,120.66451111,-0.895564283697054,True,True,False,False,False
2026-08-28 01:23:00+08:00,121.75,121.75,False,0.0,19.045,31.6749,0.0,120.6496941,-0.9078442974817228,True,True,False,False,False
2026-08-28 01:24:00+08:00,121.75,121.75,False,0.0,19.045,31.6749,0.0,120.6496941,-0.9078442974817228,True,True,False,False,False
2026-08-28 01:25:00+08:00,121.25,121.25,False,0.0,19.015,31.6749,0.0,120.45964470000001,-0.6539708425627315,True,True,False,False,False
2026-08-28 01:26:00+08:00,121.25,121.25,False,0.0,19.015,31.6749,0.0,120.45964470000001,-0.6539708425627315,True,True,False,False,False
2026-08-28 01:27:00+08:00,121.25,121.25,False,0.0,19.015,31.6749,0.0,120.45964470000001,-0.6539708425627315,True,True,False,False,False
2026-08-28 01:28:00+08:00,121.25,121.25,False,0.0,19.015,31.68389,0.0,120.49383367,-0.6255930656185652,True,True,False,False,False
2026-08-28 01:29:00+08:00,121.25,121.25,False,0.0,19.005000000000003,31.68389,0.0,120.43046589000002,-0.6781964003437381,True,True,False,False,False
2026-08-28 01:30:00+08:00,121.25,121.25,False,0.0,19.015,31.68389,0.0,120.49383367,-0.6255930656185652,True,True,False,False,False
2026-08-28 01:31:00+08:00,121.25,121.25,False,0.0,19.015,31.68389,0.0,120.49383367,-0.6255930656185652,True,True,False,False,False
2026-08-28 01:32:00+08:00,121.25,121.25,False,0.0,19.025,31.68389,0.0,120.55720145000001,-0.5730173012595295,True,True,False,False,False
2026-08-28 01:33:00+08:00,121.25,121.25,False,0.0,19.035,31.68296,0.0,120.61702872000001,-0.5234043543262431,True,True,False,False,False
2026-08-28 01:34:00+08:00,121.25,121.25,False,0.0,19.025,31.68296,0.0,120.55366280000001,-0.5759525657607101,True,True,False,False,False
2026-08-28 01:35:00+08:00,121.25,121.25,False,0.0,19.035,31.68296,0.0,120.61702872000001,-0.5234043543262431,True,True,False,False,False
2026-08-28 01:36:00+08:00,121.25,121.25,False,0.0,19.035,31.68296,0.0,120.61702872000001,-0.5234043543262431,True,True,False,False,False
2026-08-28 01:37:00+08:00,121.25,121.25,False,0.0,19.035,31.68296,0.0,120.61702872000001,-0.5234043543262431,True,True,False,False,False
2026-08-28 01:38:00+08:00,121.25,121.25,False,0.0,19.035,31.67876,0.0,120.60103932,-0.5366614771014844,True,True,False,False,False
2026-08-28 01:39:00+08:00,121.25,121.25,False,0.0,19.025,31.67876,0.0,120.5376818,-0.5892096691585871,True,True,False,False,False
2026-08-28 01:40:00+08:00,121.25,121.25,False,0.0,19.025,31.67876,0.0,120.5376818,-0.5892096691585871,True,True,False,False,False
2026-08-28 01:41:00+08:00,121.25,121.25,False,0.0,19.025,31.67876,0.0,120.5376818,-0.5892096691585871,True,True,False,False,False
2026-08-28 01:42:00+08:00,121.25,121.25,False,0.0,18.995,31.67876,0.0,120.34760924,-0.7470196106978686,True,True,False,False,False
2026-08-28 01:43:00+08:00,121.25,121.25,False,0.0,18.995,31.6896,0.0,120.38879039999999,-0.7128074085906443,True,True,False,False,False
2026-08-28 01:44:00+08:00,121.25,121.25,False,0.0,18.975,31.6896,0.0,120.262032,-0.818152198727718,True,True,False,False,False
2026-08-28 01:45:00+08:00,121.25,121.25,False,0.0,18.975,31.6896,0.0,120.262032,-0.818152198727718,True,True,False,False,False
2026-08-28 01:46:00+08:00,121.25,121.25,False,0.0,18.975,31.6896,0.0,120.262032,-0.818152198727718,True,True,False,False,False
2026-08-28 01:47:00+08:00,121.25,121.25,False,0.0,18.985,31.6896,0.0,120.32541119999999,-0.7654659846440608,True,True,False,False,False
2026-08-28 01:48:00+08:00,120.75,120.75,False,0.0,18.975,31.69658,0.0,120.2885211,-0.3829088378853342,True,True,False,False,False
2026-08-28 01:49:00+08:00,120.75,120.75,False,0.0,18.975,31.69658,0.0,120.2885211,-0.3829088378853342,True,True,False,False,False
2026-08-28 01:50:00+08:00,120.75,120.75,False,0.0,18.975,31.69658,0.0,120.2885211,-0.3829088378853342,True,True,False,False,False
2026-08-28 01:51:00+08:00,121.0,121.0,False,0.0,18.985,31.69658,0.0,120.35191425999999,-0.5370462811426913,True,True,False,False,False
2026-08-28 01:52:00+08:00,120.75,120.75,False,0.0,18.985,31.69658,0.0,120.35191425999999,-0.3302219654471302,True,True,False,False,False
2026-08-28 01:53:00+08:00,120.75,120.75,False,0.0,18.985,31.69053,0.0,120.32894241,-0.34931096494020314,True,True,False,False,False
2026-08-28 01:54:00+08:00,120.75,120.75,False,0.0,18.985,31.69053,0.0,120.32894241,-0.34931096494020314,True,True,False,False,False
2026-08-28 01:55:00+08:00,120.75,120.75,False,0.0,18.975,31.69053,0.0,120.26556135000001,-0.4019978189677893,True,True,False,False,False
2026-08-28 01:56:00+08:00,120.75,120.75,False,0.0,18.965,31.69053,0.0,120.20218029,-0.4547123909322305,True,True,False,False,False
2026-08-28 01:57:00+08:00,120.75,120.75,False,0.0,18.955,31.69053,0.0,120.13879922999999,-0.5074547027123811,True,True,False,False,False
2026-08-28 01:58:00+08:00,120.75,120.75,False,0.0,18.955,31.6952,0.0,120.1565032,-0.4927196170435277,True,True,False,False,False
2026-08-28 01:59:00+08:00,120.75,120.75,False,0.0,18.955,31.6952,0.0,120.1565032,-0.4927196170435277,True,True,False,False,False
2026-08-28 02:00:00+08:00,120.75,120.75,False,0.0,18.965,31.6952,0.0,120.2198936,-0.43997728685555093,True,True,False,False,False
2026-08-28 02:01:00+08:00,120.75,120.75,False,0.0,18.925,31.6952,0.0,119.96633200000001,-0.6511132780138835,True,True,False,False,False
2026-08-28 02:02:00+08:00,120.75,120.75,False,0.0,18.925,31.6952,0.0,119.96633200000001,-0.6511132780138835,True,True,False,False,False
2026-08-28 02:03:00+08:00,120.75,120.75,False,0.0,18.925,31.68717,0.0,119.93593845000001,-0.6764512752531273,True,True,False,False,False
2026-08-28 02:04:00+08:00,120.75,120.75,False,0.0,18.915,31.68717,0.0,119.87256410999998,-0.7293047459995461,True,True,False,False,False
2026-08-28 02:05:00+08:00,120.75,120.75,False,0.0,18.915,31.68717,0.0,119.87256410999998,-0.7293047459995461,True,True,False,False,False
2026-08-28 02:06:00+08:00,120.75,120.75,False,0.0,18.935,31.68717,0.0,119.99931278999998,-0.623625630578502,True,True,False,False,False
2026-08-28 02:07:00+08:00,120.75,120.75,False,0.0,18.925,31.68717,0.0,119.93593845000001,-0.6764512752531273,True,True,False,False,False
2026-08-28 02:08:00+08:00,120.75,120.75,False,0.0,18.925,31.70119,0.0,119.98900415,-0.6322164974362344,True,True,False,False,False
2026-08-28 02:09:00+08:00,120.75,120.75,False,0.0,18.925,31.70119,0.0,119.98900415,-0.6322164974362344,True,True,False,False,False
2026-08-28 02:10:00+08:00,120.75,120.75,False,0.0,18.915,31.70119,0.0,119.92560177,-0.685070047763155,True,True,False,False,False
2026-08-28 02:11:00+08:00,120.75,120.75,False,0.0,18.925,31.70119,0.0,119.98900415,-0.6322164974362344,True,True,False,False,False
2026-08-28 02:12:00+08:00,120.75,120.75,False,0.0,18.935,31.70119,0.0,120.05240652999998,-0.5793907793966392,True,True,False,False,False
2026-08-28 02:13:00+08:00,120.75,120.75,False,0.0,18.935,31.69739,0.0,120.03801592999999,-0.5913783269072631,True,True,False,False,False
2026-08-28 02:14:00+08:00,120.75,120.75,False,0.0,18.945,31.69739,0.0,120.10141071000001,-0.538580436866057,True,True,False,False,False
2026-08-28 02:15:00+08:00,120.75,120.75,False,0.0,18.945,31.69739,0.0,120.10141071000001,-0.538580436866057,True,True,False,False,False
2026-08-28 02:16:00+08:00,120.75,120.75,False,0.0,18.925,31.69739,0.0,119.97462115,-0.6442040255756328,True,True,False,False,False
2026-08-28 02:17:00+08:00,120.75,120.75,False,0.0,18.925,31.69739,0.0,119.97462115,-0.6442040255756328,True,True,False,False,False
2026-08-28 02:18:00+08:00,120.75,120.75,False,0.0,18.925,31.69387,0.0,119.96129795000002,-0.6553095402807481,True,True,False,False,False
2026-08-28 02:19:00+08:00,120.75,120.75,False,0.0,18.925,31.69387,0.0,119.96129795000002,-0.6553095402807481,True,True,False,False,False
2026-08-28 02:20:00+08:00,120.75,120.75,False,0.0,18.925,31.69387,0.0,119.96129795000002,-0.6553095402807481,True,True,False,False,False
2026-08-28 02:21:00+08:00,120.75,120.75,False,0.0,18.925,31.69387,0.0,119.96129795000002,-0.6553095402807481,True,True,False,False,False
2026-08-28 02:22:00+08:00,120.75,120.75,False,0.0,18.925,31.69387,0.0,119.96129795000002,-0.6553095402807481,True,True,False,False,False
2026-08-28 02:23:00+08:00,120.75,120.75,False,0.0,18.915,31.70223,0.0,119.92953608999998,-0.6817895059372309,True,True,False,False,False
2026-08-28 02:24:00+08:00,120.75,120.75,False,0.0,18.915,31.70223,0.0,119.92953608999998,-0.6817895059372309,True,True,False,False,False
2026-08-28 02:25:00+08:00,120.75,120.75,False,0.0,18.905,31.70223,0.0,119.86613163000001,-0.7346709167107123,True,True,False,False,False
2026-08-28 02:26:00+08:00,120.75,120.75,False,0.0,18.905,31.70223,0.0,119.86613163000001,-0.7346709167107123,True,True,False,False,False
2026-08-28 02:27:00+08:00,120.75,120.75,False,0.0,18.895,31.70223,0.0,119.80272717,-0.7875802042606316,True,True,False,False,False
2026-08-28 02:28:00+08:00,120.75,120.75,False,0.0,18.895,31.6977,0.0,119.7856083,-0.8018702152383091,True,True,False,False,False
2026-08-28 02:29:00+08:00,120.75,120.75,False,0.0,18.895,31.6977,0.0,119.7856083,-0.8018702152383091,True,True,False,False,False
2026-08-28 02:30:00+08:00,120.75,120.75,False,0.0,18.905,31.6977,0.0,119.8490037,-0.7489609567323431,True,True,False,False,False
2026-08-28 02:31:00+08:00,120.75,120.75,False,0.0,18.915,31.6977,0.0,119.91239909999999,-0.6960795729888596,True,True,False,False,False
2026-08-28 02:32:00+08:00,120.75,120.75,False,0.0,18.925,31.6977,0.0,119.9757945,-0.6432260419852877,True,True,False,False,False
2026-08-28 02:33:00+08:00,120.75,120.75,False,0.0,18.905,31.69242,0.0,119.82904002000001,-0.7656194653727358,True,True,False,False,False
2026-08-28 02:34:00+08:00,120.75,120.75,False,0.0,18.915,31.69242,0.0,119.89242485999998,-0.7127381138209022,True,True,False,False,False
2026-08-28 02:35:00+08:00,120.75,120.75,False,0.0,18.905,31.69242,0.0,119.82904002000001,-0.7656194653727358,True,True,False,False,False
2026-08-28 02:36:00+08:00,120.75,120.75,False,0.0,18.905,31.69242,0.0,119.82904002000001,-0.7656194653727358,True,True,False,False,False
2026-08-28 02:37:00+08:00,120.75,120.75,False,0.0,18.915,31.69242,0.0,119.89242485999998,-0.7127381138209022,True,True,False,False,False
2026-08-28 02:38:00+08:00,120.75,120.75,False,0.0,18.905,31.69388,0.0,119.83456028,-0.7610128587924153,True,True,False,False,False
2026-08-28 02:39:00+08:00,120.75,120.75,False,0.0,18.915,31.69388,0.0,119.89794804,-0.7081314982651511,True,True,False,False,False
2026-08-28 02:40:00+08:00,120.75,120.75,False,0.0,18.905,31.69388,0.0,119.83456028,-0.7610128587924153,True,True,False,False,False
2026-08-28 02:41:00+08:00,120.75,120.75,False,0.0,18.905,31.69388,0.0,119.83456028,-0.7610128587924153,True,True,False,False,False
2026-08-28 02:42:00+08:00,120.75,120.75,False,0.0,18.905,31.69388,0.0,119.83456028,-0.7610128587924153,True,True,False,False,False
2026-08-28 02:43:00+08:00,120.75,120.75,False,0.0,18.905,31.68961,0.0,119.81841541000001,-0.7744862004534461,True,True,False,False,False
2026-08-28 02:44:00+08:00,120.75,120.75,False,0.0,18.905,31.68961,0.0,119.81841541000001,-0.7744862004534461,True,True,False,False,False
2026-08-28 02:45:00+08:00,120.75,120.75,False,0.0,18.905,31.68961,0.0,119.81841541000001,-0.7744862004534461,True,True,False,False,False
2026-08-28 02:46:00+08:00,120.75,120.75,False,0.0,18.905,31.68961,0.0,119.81841541000001,-0.7744862004534461,True,True,False,False,False
2026-08-28 02:47:00+08:00,120.75,120.75,False,0.0,18.905,31.68961,0.0,119.81841541000001,-0.7744862004534461,True,True,False,False,False
2026-08-28 02:48:00+08:00,120.75,120.75,False,0.0,18.905,31.68826,0.0,119.81331106,-0.7787462983217524,True,True,False,False,False
2026-08-28 02:49:00+08:00,120.75,120.75,False,0.0,18.905,31.68826,0.0,119.81331106,-0.7787462983217524,True,True,False,False,False
2026-08-28 02:50:00+08:00,120.75,120.75,False,0.0,18.895,31.68826,0.0,119.74993454,-0.8316554945537175,True,True,False,False,False
2026-08-28 02:51:00+08:00,120.75,120.75,False,0.0,18.895,31.68826,0.0,119.74993454,-0.8316554945537175,True,True,False,False,False
2026-08-28 02:52:00+08:00,120.75,120.75,False,0.0,18.895,31.68826,0.0,119.74993454,-0.8316554945537175,True,True,False,False,False
2026-08-28 02:53:00+08:00,120.75,120.75,False,0.0,18.895,31.68851,0.0,119.75087929000001,-0.8308665755813965,True,True,False,False,False
2026-08-28 02:54:00+08:00,120.75,120.75,False,0.0,18.895,31.68851,0.0,119.75087929000001,-0.8308665755813965,True,True,False,False,False
2026-08-28 02:55:00+08:00,120.75,120.75,False,0.0,18.895,31.68851,0.0,119.75087929000001,-0.8308665755813965,True,True,False,False,False
2026-08-28 02:56:00+08:00,120.75,120.75,False,0.0,18.885,31.68851,0.0,119.68750227000001,-0.8838036662074911,True,True,False,False,False
2026-08-28 02:57:00+08:00,120.75,120.75,False,0.0,18.885,31.68851,0.0,119.68750227000001,-0.8838036662074911,True,True,False,False,False
2026-08-28 02:58:00+08:00,120.75,120.75,False,0.0,18.895,31.6879,0.0,119.7485741,-0.8327915487628673,True,True,False,False,False
2026-08-28 02:59:00+08:00,120.75,120.75,False,0.0,18.885,31.6879,0.0,119.6851983,-0.8857286350157525,True,True,False,False,False
2026-08-28 03:00:00+08:00,120.75,120.75,False,0.0,18.885,31.6879,0.0,119.6851983,-0.8857286350157525,True,True,False,False,False
2026-08-28 03:01:00+08:00,120.75,120.75,False,0.0,18.895,31.6879,0.0,119.7485741,-0.8327915487628673,True,True,False,False,False
2026-08-28 03:02:00+08:00,120.75,120.75,False,0.0,18.885,31.6879,0.0,119.6851983,-0.8857286350157525,True,True,False,False,False
2026-08-28 03:03:00+08:00,120.75,120.75,False,0.0,18.895,31.68243,0.0,119.72790296999999,-0.8500548427749057,True,True,False,False,False
2026-08-28 03:04:00+08:00,120.75,120.75,False,0.0,18.905,31.68243,0.0,119.79126783000001,-0.7971456861843468,True,True,False,False,False
2026-08-28 03:05:00+08:00,120.75,120.75,False,0.0,18.895,31.68243,0.0,119.72790296999999,-0.8500548427749057,True,True,False,False,False
2026-08-28 03:06:00+08:00,120.75,120.75,False,0.0,18.895,31.68243,0.0,119.72790296999999,-0.8500548427749057,True,True,False,False,False
2026-08-28 03:07:00+08:00,120.75,120.75,False,0.0,18.885,31.68243,0.0,119.66453811000001,-0.9029918893701386,True,True,False,False,False
2026-08-28 03:08:00+08:00,120.75,120.75,False,0.0,18.885,31.68628,0.0,119.67907956000002,-0.89084102635158,True,True,False,False,False
2026-08-28 03:09:00+08:00,120.75,120.75,False,0.0,18.895,31.68628,0.0,119.74245212000001,-0.8379039517608208,True,True,False,False,False
2026-08-28 03:10:00+08:00,120.75,120.75,False,0.0,18.905,31.68628,0.0,119.80582468,-0.7849947688907479,True,True,False,False,False
2026-08-28 03:11:00+08:00,120.75,120.75,False,0.0,18.895,31.68628,0.0,119.74245212000001,-0.8379039517608208,True,True,False,False,False
2026-08-28 03:12:00+08:00,120.75,120.75,False,0.0,18.895,31.68628,0.0,119.74245212000001,-0.8379039517608208,True,True,False,False,False
2026-08-28 03:13:00+08:00,120.75,120.75,False,0.0,18.905,31.68507,0.0,119.80124967000002,-0.788813470145363,True,True,False,False,False
2026-08-28 03:14:00+08:00,120.75,120.75,False,0.0,18.895,31.68507,0.0,119.73787952999999,-0.8417226447986167,True,True,False,False,False
2026-08-28 03:15:00+08:00,120.75,120.75,False,0.0,18.895,31.68507,0.0,119.73787952999999,-0.8417226447986167,True,True,False,False,False
2026-08-28 03:16:00+08:00,120.75,120.75,False,0.0,18.895,31.68507,0.0,119.73787952999999,-0.8417226447986167,True,True,False,False,False
2026-08-28 03:17:00+08:00,120.75,120.75,False,0.0,18.895,31.68507,0.0,119.73787952999999,-0.8417226447986167,True,True,False,False,False
2026-08-28 03:18:00+08:00,120.75,120.75,False,0.0,18.895,31.68824,0.0,119.74985896000001,-0.8317186083392523,True,True,False,False,False
2026-08-28 03:19:00+08:00,120.75,120.75,False,0.0,18.905,31.68824,0.0,119.81323544000001,-0.7788094122417378,True,True,False,False,False
2026-08-28 03:20:00+08:00,120.75,120.75,False,0.0,18.895,31.68824,0.0,119.74985896000001,-0.8317186083392523,True,True,False,False,False
2026-08-28 03:21:00+08:00,120.75,120.75,False,0.0,18.895,31.68824,0.0,119.74985896000001,-0.8317186083392523,True,True,False,False,False
2026-08-28 03:22:00+08:00,120.75,120.75,False,0.0,18.895,31.68824,0.0,119.74985896000001,-0.8317186083392523,True,True,False,False,False
2026-08-28 03:23:00+08:00,120.75,120.75,False,0.0,18.895,31.68861,0.0,119.75125719,-0.8305510097279638,True,True,False,False,False
2026-08-28 03:24:00+08:00,120.75,120.75,False,0.0,18.885,31.68861,0.0,119.68787997000001,-0.8834881010700241,True,True,False,False,False
2026-08-28 03:25:00+08:00,120.75,120.75,False,0.0,18.895,31.68861,0.0,119.75125719,-0.8305510097279638,True,True,False,False,False
2026-08-28 03:26:00+08:00,120.75,120.75,False,0.0,18.895,31.68861,0.0,119.75125719,-0.8305510097279638,True,True,False,False,False
2026-08-28 03:27:00+08:00,120.75,120.75,False,0.0,18.875,31.68861,0.0,119.62450275,-0.9364531072337248,True,True,False,False,False
2026-08-28 03:28:00+08:00,120.75,120.75,False,0.0,18.885,31.68599,0.0,119.67798423000002,-0.8917562349767563,True,True,False,False,False
2026-08-28 03:29:00+08:00,120.75,120.75,False,0.0,18.865,31.68599,0.0,119.55124027,-0.9977141430090766,True,True,False,False,False
2026-08-28 03:30:00+08:00,120.75,120.75,False,0.0,18.855,31.68599,0.0,119.48786829000001,-1.0507350227370695,True,True,False,False,False
2026-08-28 03:31:00+08:00,120.75,120.75,False,0.0,18.885,31.68599,0.0,119.67798423000002,-0.8917562349767563,True,True,False,False,False
2026-08-28 03:32:00+08:00,120.75,120.75,False,0.0,18.885,31.68599,0.0,119.67798423000002,-0.8917562349767563,True,True,False,False,False
2026-08-28 03:33:00+08:00,120.75,120.75,False,0.0,18.885,31.68926,0.0,119.69033502000002,-0.8814369518424068,True,True,False,False,False
2026-08-28 03:34:00+08:00,120.75,120.75,False,0.0,18.895,31.68926,0.0,119.75371353999999,-0.8284998558530012,True,True,False,False,False
2026-08-28 03:35:00+08:00,120.75,120.75,False,0.0,18.895,31.68926,0.0,119.75371353999999,-0.8284998558530012,True,True,False,False,False
2026-08-28 03:36:00+08:00,120.75,120.75,False,0.0,18.885,31.68926,0.0,119.69033502000002,-0.8814369518424068,True,True,False,False,False
2026-08-28 03:37:00+08:00,120.75,120.75,False,0.0,18.895,31.68926,0.0,119.75371353999999,-0.8284998558530012,True,True,False,False,False
2026-08-28 03:38:00+08:00,120.75,120.75,False,0.0,18.895,31.68824,0.0,119.74985896000001,-0.8317186083392523,True,True,False,False,False
2026-08-28 03:39:00+08:00,120.75,120.75,False,0.0,18.895,31.68824,0.0,119.74985896000001,-0.8317186083392523,True,True,False,False,False
2026-08-28 03:40:00+08:00,120.75,120.75,False,0.0,18.895,31.68824,0.0,119.74985896000001,-0.8317186083392523,True,True,False,False,False
2026-08-28 03:41:00+08:00,120.75,120.75,False,0.0,18.885,31.68824,0.0,119.68648248000002,-0.8846556970308712,True,True,False,False,False
2026-08-28 03:42:00+08:00,120.75,120.75,False,0.0,18.885,31.68824,0.0,119.68648248000002,-0.8846556970308712,True,True,False,False,False
2026-08-28 03:43:00+08:00,120.75,120.75,False,0.0,18.885,31.69398,0.0,119.70816246000001,-0.8665437091770987,True,True,False,False,False
2026-08-28 03:44:00+08:00,120.75,120.75,False,0.0,18.885,31.69398,0.0,119.70816246000001,-0.8665437091770987,True,True,False,False,False
2026-08-28 03:45:00+08:00,120.75,120.75,False,0.0,18.885,31.69398,0.0,119.70816246000001,-0.8665437091770987,True,True,False,False,False
2026-08-28 03:46:00+08:00,120.75,120.75,False,0.0,18.895,31.69398,0.0,119.77155042,-0.8136065797775119,True,True,False,False,False
2026-08-28 03:47:00+08:00,120.75,120.75,False,0.0,18.895,31.69398,0.0,119.77155042,-0.8136065797775119,True,True,False,False,False
2026-08-28 03:48:00+08:00,120.75,120.75,False,0.0,18.885,31.68926,0.0,119.69033502000002,-0.8814369518424068,True,True,False,False,False
2026-08-28 03:49:00+08:00,120.75,120.75,False,0.0,18.885,31.68926,0.0,119.69033502000002,-0.8814369518424068,True,True,False,False,False
2026-08-28 03:50:00+08:00,120.75,120.75,False,0.0,18.905,31.68926,0.0,119.81709206000001,-0.7755906529121743,True,True,False,False,False
2026-08-28 03:51:00+08:00,120.75,120.75,False,0.0,18.905,31.68926,0.0,119.81709206000001,-0.7755906529121743,True,True,False,False,False
2026-08-28 03:52:00+08:00,120.75,120.75,False,0.0,18.925,31.68926,0.0,119.94384910000001,-0.6698558380401848,True,True,False,False,False
2026-08-28 03:53:00+08:00,120.75,120.75,False,0.0,18.935,31.68534,0.0,119.99238258,-0.6294009487492234,True,True,False,False,False
2026-08-28 03:54:00+08:00,120.75,120.75,False,0.0,18.945,31.68534,0.0,120.05575326,-0.576603117327029,True,True,False,False,False
2026-08-28 03:55:00+08:00,120.75,120.75,False,0.0,18.945,31.68534,0.0,120.05575326,-0.576603117327029,True,True,False,False,False
2026-08-28 03:56:00+08:00,120.75,120.75,False,0.0,18.965,31.68534,0.0,120.18249461999999,-0.4710907766053614,True,True,False,False,False
2026-08-28 03:57:00+08:00,121.25,121.25,False,0.0,18.995,31.68534,0.0,120.37260666,-0.7262510343120537,True,True,False,False,False
2026-08-28 03:58:00+08:00,121.25,121.25,False,0.0,19.055,31.68621,0.0,120.75614630999999,-0.4081331796981737,True,True,False,False,False
2026-08-28 03:59:00+08:00,121.25,121.25,False,0.0,19.055,31.68621,0.0,120.75614630999999,-0.4081331796981737,True,True,False,False,False
