timestamp,qff_close,qff_close_filled,qff_was_filled,ccf_staleness_minutes,tsm_close,usdttwd_close,fx_close_staleness_minutes,tsm_twd_fair,spread,close_allowed,entry_allowed,friday_night_close_only,weekend_session_close_only,spread_mean_2500,spread_std_2500,spread_zscore,zscore_valid
2026-08-07 03:08:00+08:00,121.0,121.0,0,0.0,124.1960679,1.0,0.0,124.1960679,2.606948738919808,1,1,0,0,,,,False
2026-08-07 03:09:00+08:00,121.0,121.0,0,0.0,124.20630624,1.0,0.0,124.20630624,2.6151906850729807,1,1,0,0,,,,False
2026-08-07 03:10:00+08:00,121.0,121.0,0,0.0,124.19194947,1.0,0.0,124.19194947,2.603633175477123,1,1,0,0,,,,False
2026-08-07 03:11:00+08:00,121.0,121.0,0,0.0,124.17986361,1.0,0.0,124.17986361,2.593902748113216,1,1,0,0,,,,False
2026-08-07 03:12:00+08:00,121.0,121.0,0,0.0,124.14306007999998,1.0,0.0,124.14306007999998,2.564266007754229,1,1,0,0,,,,False
2026-08-07 03:13:00+08:00,121.0,121.0,0,0.0,124.11606876,1.0,0.0,124.11606876,2.542525078640221,1,1,0,0,,,,False
2026-08-07 03:14:00+08:00,121.0,121.0,0,0.0,123.91534602,1.0,0.0,123.91534602,2.380696895785304,1,1,0,0,,,,False
2026-08-07 03:15:00+08:00,121.0,121.0,0,0.0,123.89652479999998,1.0,0.0,123.89652479999998,2.365509108277865,1,1,0,0,,,,False
2026-08-07 03:16:00+08:00,121.0,121.0,0,0.0,123.902784,1.0,0.0,123.902784,2.37056023013605,1,1,0,0,,,,False
2026-08-07 03:17:00+08:00,121.0,121.0,0,0.0,123.95337024,1.0,0.0,123.95337024,2.4113734276089773,1,1,0,0,,,,False
2026-08-07 03:18:00+08:00,121.0,121.0,0,0.0,123.82947873999998,1.0,0.0,123.82947873999998,2.3113873007137253,1,1,0,0,,,,False
2026-08-07 03:19:00+08:00,121.0,121.0,0,0.0,123.81124349,1.0,0.0,123.81124349,2.2966620731329512,1,1,0,0,,,,False
2026-08-07 03:20:00+08:00,121.0,121.0,0,0.0,124.07355941,1.0,0.0,124.07355941,2.508274999065096,1,1,0,0,,,,False
2026-08-07 03:21:00+08:00,121.0,121.0,0,0.0,123.95392821,1.0,0.0,123.95392821,2.4118235062289526,1,1,0,0,,,,False
2026-08-07 03:22:00+08:00,121.0,121.0,0,0.0,123.8491776,1.0,0.0,123.8491776,2.3272919500302134,1,1,0,0,,,,False
2026-08-07 03:23:00+08:00,121.0,121.0,0,0.0,123.74747069999998,1.0,0.0,123.74747069999998,2.2451473693615416,1,1,0,0,,,,False
2026-08-07 03:24:00+08:00,121.0,121.0,0,0.0,123.61206518999998,1.0,0.0,123.61206518999998,2.1356797654041197,1,1,0,0,,,,False
2026-08-07 03:25:00+08:00,121.0,121.0,0,0.0,123.78553374,1.0,0.0,123.78553374,2.2758973518089283,1,1,0,0,,,,False
2026-08-07 03:26:00+08:00,121.0,121.0,0,0.0,123.82931391,1.0,0.0,123.82931391,2.311254207933663,1,1,0,0,,,,False
2026-08-07 03:27:00+08:00,121.0,121.0,0,0.0,123.85164525,1.0,0.0,123.85164525,2.329284123934229,1,1,0,0,,,,False
2026-08-07 03:28:00+08:00,121.0,121.0,0,0.0,123.9444096,1.0,0.0,123.9444096,2.404145173027864,1,1,0,0,,,,False
2026-08-07 03:29:00+08:00,121.0,121.0,0,0.0,123.75185832,1.0,0.0,123.75185832,2.2486924829817543,1,1,0,0,,,,False
2026-08-07 03:30:00+08:00,121.0,121.0,0,0.0,123.83280557999998,1.0,0.0,123.83280557999998,2.3140735354391517,1,1,0,0,,,,False
2026-08-07 03:31:00+08:00,121.0,121.0,0,0.0,123.87439866,1.0,0.0,123.87439866,2.3476514292463904,1,1,0,0,,,,False
2026-08-07 03:32:00+08:00,121.0,121.0,0,0.0,123.86331344,1.0,0.0,123.86331344,2.3387034993313605,1,1,0,0,,,,False
2026-08-07 03:33:00+08:00,121.0,121.0,0,0.0,123.76933270000002,1.0,0.0,123.76933270000002,2.2628101890478542,1,1,0,0,,,,False
2026-08-07 03:34:00+08:00,121.0,121.0,0,0.0,123.975957,1.0,0.0,123.975957,2.429591080238126,1,1,0,0,,,,False
2026-08-07 03:35:00+08:00,121.0,121.0,0,0.0,124.01814636000002,1.0,0.0,124.01814636000002,2.4636104752547743,1,1,0,0,,,,False
2026-08-07 03:36:00+08:00,121.0,121.0,0,0.0,124.05972599999998,1.0,0.0,124.05972599999998,2.497126761661346,1,1,0,0,,,,False
2026-08-07 03:37:00+08:00,121.0,121.0,0,0.0,123.9247488,1.0,0.0,123.9247488,2.3882835967616214,1,1,0,0,,,,False
2026-08-07 03:38:00+08:00,121.0,121.0,0,0.0,124.01202399,1.0,0.0,124.01202399,2.4586744282582007,1,1,0,0,,,,False
2026-08-07 03:39:00+08:00,121.0,121.0,0,0.0,124.01943711999998,1.0,0.0,124.01943711999998,2.464651095024096,1,1,0,0,,,,False
2026-08-07 03:40:00+08:00,121.0,121.0,0,0.0,124.04681352,1.0,0.0,124.04681352,2.486719558792654,1,1,0,0,,,,False
2026-08-07 03:41:00+08:00,121.0,121.0,0,0.0,124.01540406999996,1.0,0.0,124.01540406999996,2.46139958542238,1,1,0,0,,,,False
2026-08-07 03:42:00+08:00,121.0,121.0,0,0.0,123.98682702999996,1.0,0.0,123.98682702999996,2.4383572506404345,1,1,0,0,,,,False
2026-08-07 03:43:00+08:00,121.0,121.0,0,0.0,124.0641351,1.0,0.0,124.0641351,2.5006801576653896,1,1,0,0,,,,False
2026-08-07 03:44:00+08:00,121.0,121.0,0,0.0,124.03034555999996,1.0,0.0,124.03034555999996,2.4734451180520733,1,1,0,0,,,,False
2026-08-07 03:45:00+08:00,121.0,121.0,0,0.0,124.01463586999998,1.0,0.0,124.01463586999998,2.4607802381238035,1,1,0,0,,,,False
2026-08-07 03:46:00+08:00,121.0,121.0,0,0.0,123.93797775,1.0,0.0,123.93797775,2.398956484403327,1,1,0,0,,,,False
2026-08-07 03:47:00+08:00,121.0,121.0,0,0.0,123.90662946,1.0,0.0,123.90662946,2.3736633560380915,1,1,0,0,,,,False
2026-08-07 03:48:00+08:00,121.0,121.0,0,0.0,123.81072958,1.0,0.0,123.81072958,2.29624705160768,1,1,0,0,,,,False
2026-08-07 03:49:00+08:00,121.0,121.0,0,0.0,123.85698660000004,1.0,0.0,123.85698660000004,2.333596144975205,1,1,0,0,,,,False
2026-08-07 03:50:00+08:00,121.0,121.0,0,0.0,124.0454791,1.0,0.0,124.0454791,2.485643980199425,1,1,0,0,,,,False
2026-08-07 03:51:00+08:00,121.0,121.0,0,0.0,124.08950925,1.0,0.0,124.08950925,2.521127288927396,1,1,0,0,,,,False
2026-08-07 03:52:00+08:00,121.0,121.0,0,0.0,124.02220799999998,1.0,0.0,124.02220799999998,2.4668849608929966,1,1,0,0,,,,False
2026-08-07 03:53:00+08:00,121.0,121.0,0,0.0,124.12318283999998,1.0,0.0,124.12318283999998,2.548255782104942,1,1,0,0,,,,False
2026-08-07 03:54:00+08:00,121.0,121.0,0,0.0,124.14001605,1.0,0.0,124.14001605,2.5618143464260523,1,1,0,0,,,,False
2026-08-07 03:55:00+08:00,121.0,121.0,0,0.0,124.16931495,1.0,0.0,124.16931495,2.5854091493026674,1,1,0,0,,,,False
2026-08-07 03:56:00+08:00,121.0,121.0,0,0.0,124.38599066000002,1.0,0.0,124.38599066000002,2.759726136681986,1,1,0,0,,,,False
2026-08-07 03:57:00+08:00,121.0,121.0,0,0.0,124.35245964,1.0,0.0,124.35245964,2.7327703540604342,1,1,0,0,,,,False
2026-08-07 03:58:00+08:00,121.0,121.0,0,0.0,124.24471925999998,1.0,0.0,124.24471925999998,2.646107341100416,1,1,0,0,,,,False
2026-08-07 03:59:00+08:00,121.0,121.0,0,0.0,123.87582532,1.0,0.0,123.87582532,2.34880296267866,1,1,0,0,,,,False
2026-08-07 21:30:00+08:00,119.0,119.0,0,0.0,121.04995266,1.0,0.0,121.04995266,1.7079383997242306,1,1,0,0,,,,False
2026-08-07 21:31:00+08:00,119.0,119.0,0,0.0,120.4031504,1.0,0.0,120.4031504,1.1722071306543684,1,1,0,0,,,,False
2026-08-07 21:32:00+08:00,118.5,118.5,0,0.0,120.93438267000002,1.0,0.0,120.93438267000002,2.033444522756953,1,1,0,0,,,,False
2026-08-07 21:33:00+08:00,118.5,118.5,0,0.0,120.88643840000002,1.0,0.0,120.88643840000002,1.9937958189698493,1,1,0,0,,,,False
2026-08-07 21:34:00+08:00,118.5,118.5,0,0.0,121.0254564,1.0,0.0,121.0254564,2.1087164913132046,1,1,0,0,,,,False
2026-08-07 21:35:00+08:00,118.5,118.5,0,0.0,120.75265171999996,1.0,0.0,120.75265171999996,1.8830735657937685,1,1,0,0,,,,False
2026-08-07 21:36:00+08:00,118.5,118.5,0,0.0,120.33714894,1.0,0.0,120.33714894,1.5384113804352229,1,1,0,0,,,,False
2026-08-07 21:37:00+08:00,118.5,118.5,0,0.0,120.36715784,1.0,0.0,120.36715784,1.563344125566797,1,1,0,0,,,,False
2026-08-07 21:38:00+08:00,118.5,118.5,0,0.0,120.89788200000002,1.0,0.0,120.89788200000002,2.003260830853987,1,1,0,0,,,,False
2026-08-07 21:39:00+08:00,118.5,118.5,0,0.0,120.6993041,1.0,0.0,120.6993041,1.8388883765987445,1,1,0,0,,,,False
2026-08-07 21:40:00+08:00,118.5,118.5,0,0.0,120.86468449,1.0,0.0,120.86468449,1.975800644976747,1,1,0,0,,,,False
2026-08-07 21:41:00+08:00,118.5,118.5,0,0.0,120.57756792,1.0,0.0,120.57756792,1.7379864937351224,1,1,0,0,,,,False
2026-08-07 21:42:00+08:00,118.5,118.5,0,0.0,120.68896513999998,1.0,0.0,120.68896513999998,1.8303228484798648,1,1,0,0,,,,False
2026-08-07 21:43:00+08:00,118.5,118.5,0,0.0,120.84525,1.0,0.0,120.84525,1.959721364848483,1,1,0,0,,,,False
2026-08-07 21:44:00+08:00,118.5,118.5,0,0.0,120.83306356,1.0,0.0,120.83306356,1.9496374845133824,1,1,0,0,,,,False
2026-08-07 21:45:00+08:00,118.5,118.5,0,0.0,120.119888,1.0,0.0,120.119888,1.357714156667435,1,1,0,0,,,,False
2026-08-07 21:46:00+08:00,118.5,118.5,0,0.0,119.86758701,1.0,0.0,119.86758701,1.1474605479331677,1,1,0,0,,,,False
2026-08-07 21:47:00+08:00,118.5,118.5,0,0.0,119.93272199999998,1.0,0.0,119.93272199999998,1.2017830337901223,1,1,0,0,,,,False
2026-08-07 21:48:00+08:00,118.5,118.5,0,0.0,119.8217172,1.0,0.0,119.8217172,1.1091873753920691,1,1,0,0,,,,False
2026-08-07 21:49:00+08:00,118.5,118.5,0,0.0,120.04400718,1.0,0.0,120.04400718,1.2945260694266116,1,1,0,0,,,,False
2026-08-07 21:50:00+08:00,118.5,118.5,0,0.0,120.34571319999998,1.0,0.0,120.34571319999998,1.5455275920773592,1,1,0,0,,,,False
2026-08-07 21:51:00+08:00,118.5,118.5,0,0.0,120.12070816,1.0,0.0,120.12070816,1.3583969073742663,1,1,0,0,,,,False
2026-08-07 21:52:00+08:00,118.5,118.5,0,0.0,119.93413674,1.0,0.0,119.93413674,1.2029625955479997,1,1,0,0,,,,False
2026-08-07 21:53:00+08:00,118.5,118.5,0,0.0,119.62845996,1.0,0.0,119.62845996,0.9477741217404838,1,1,0,0,,,,False
2026-08-07 21:54:00+08:00,118.5,118.5,0,0.0,119.3705799,1.0,0.0,119.3705799,0.7319777841934036,1,1,0,0,,,,False
2026-08-07 21:55:00+08:00,118.0,118.0,0,0.0,119.33154491999998,1.0,0.0,119.33154491999998,1.122096871234562,1,1,0,0,,,,False
2026-08-07 21:56:00+08:00,117.5,117.5,0,0.0,118.8609384186,1.0,0.0,118.8609384186,1.1515764218110782,1,1,0,0,,,,False
2026-08-07 21:57:00+08:00,117.0,117.0,0,0.0,118.71697491,1.0,0.0,118.71697491,1.4568105760355778,1,1,0,0,,,,False
2026-08-07 21:58:00+08:00,117.0,117.0,0,0.0,118.34712969000002,1.0,0.0,118.34712969000002,1.1448023111855754,1,1,0,0,,,,False
2026-08-07 21:59:00+08:00,117.0,117.0,0,0.0,118.54607553000002,1.0,0.0,118.54607553000002,1.312758471157895,1,1,0,0,,,,False
2026-08-07 22:00:00+08:00,117.0,117.0,0,0.0,118.62151873,1.0,0.0,118.62151873,1.376375756119383,1,1,0,0,,,,False
2026-08-07 22:01:00+08:00,117.0,117.0,0,0.0,118.33801230000002,1.0,0.0,118.33801230000002,1.137098326720266,1,1,0,0,,,,False
2026-08-07 22:02:00+08:00,116.5,116.5,0,0.0,118.3197724,1.0,0.0,118.3197724,1.5499311505166973,1,1,0,0,,,,False
2026-08-07 22:03:00+08:00,116.5,116.5,0,0.0,118.01343428000004,1.0,0.0,118.01343428000004,1.2907015622764235,1,1,0,0,,,,False
2026-08-07 22:04:00+08:00,115.75,115.75,0,0.0,117.75541092,1.0,0.0,117.75541092,1.7176569160421429,1,1,0,0,,,,False
2026-08-07 22:05:00+08:00,116.25,116.25,0,0.0,117.91667552,1.0,0.0,117.91667552,1.423495052230575,1,1,0,0,,,,False
2026-08-07 22:06:00+08:00,116.75,116.75,0,0.0,118.30371056,1.0,0.0,118.30371056,1.3220047080289865,1,1,0,0,,,,False
2026-08-07 22:07:00+08:00,116.75,116.75,0,0.0,118.27145764000002,1.0,0.0,118.27145764000002,1.294739344464924,1,1,0,0,,,,False
2026-08-07 22:08:00+08:00,116.75,116.75,0,0.0,118.11019304,1.0,0.0,118.11019304,1.158300197571883,1,1,0,0,,,,False
2026-08-07 22:09:00+08:00,116.25,116.25,0,0.0,118.08950888,1.0,0.0,118.08950888,1.5699519801775876,1,1,0,0,,,,False
2026-08-07 22:10:00+08:00,116.25,116.25,0,0.0,117.96048455999998,1.0,0.0,117.96048455999998,1.4606387610814169,1,1,0,0,,,,False
2026-08-07 22:11:00+08:00,116.25,116.25,0,0.0,117.83146024,1.0,0.0,117.83146024,1.3512050363822512,1,1,0,0,,,,False
2026-08-07 22:12:00+08:00,115.75,115.75,0,0.0,117.37987512,1.0,0.0,117.37987512,1.3982550448852094,1,1,0,0,,,,False
2026-08-07 22:13:00+08:00,116.25,116.25,0,0.0,117.96048455999998,1.0,0.0,117.96048455999998,1.4606387610814169,1,1,0,0,,,,False
2026-08-07 22:14:00+08:00,116.25,116.25,0,0.0,117.67539648,1.0,0.0,117.67539648,1.2186761261912464,1,1,0,0,,,,False
2026-08-07 22:15:00+08:00,116.25,116.25,0,0.0,118.09474411,1.0,0.0,118.09474411,1.5743848807072849,1,1,0,0,,,,False
2026-08-07 22:16:00+08:00,116.75,116.75,0,0.0,118.32054668,1.0,0.0,118.32054668,1.3362343366121334,1,1,0,0,,,,False
2026-08-07 22:17:00+08:00,116.25,116.25,0,0.0,118.25603166,1.0,0.0,118.25603166,1.710857196976888,1,1,0,0,,,,False
2026-08-07 22:18:00+08:00,116.75,116.75,0,0.0,118.77215182000002,1.0,0.0,118.77215182000002,1.7171648648535338,1,1,0,0,,,,False
2026-08-07 22:19:00+08:00,116.75,116.75,0,0.0,118.96814727,1.0,0.0,118.96814727,1.882033518156957,1,1,0,0,,,,False
2026-08-07 22:20:00+08:00,116.75,116.75,0,0.0,119.12939441999995,1.0,0.0,119.12939441999995,2.017466956662852,1,1,0,0,,,,False
2026-08-07 22:21:00+08:00,116.75,116.75,0,0.0,119.0107165176,1.0,0.0,119.0107165176,1.9178059440884176,1,1,0,0,,,,False
2026-08-07 22:22:00+08:00,116.75,116.75,0,0.0,118.74240126,1.0,0.0,118.74240126,1.6921151165300186,1,1,0,0,,,,False
2026-08-07 22:23:00+08:00,117.25,117.25,0,0.0,119.19389328,1.0,0.0,119.19389328,1.6442744644692628,1,1,0,0,,,,False
2026-08-07 22:24:00+08:00,116.75,116.75,0,0.0,118.6510752,1.0,0.0,118.6510752,1.6151797084060169,1,1,0,0,,,,False
2026-08-07 22:25:00+08:00,117.25,117.25,0,0.0,119.36040228000002,1.0,0.0,119.36040228000002,1.783862636354093,1,1,0,0,,,,False
2026-08-07 22:26:00+08:00,117.25,117.25,0,0.0,119.39264442,1.0,0.0,119.39264442,1.8108692330171776,1,1,0,0,,,,False
2026-08-07 22:27:00+08:00,117.25,117.25,0,0.0,119.6183394,1.0,0.0,119.6183394,1.9997095483500456,1,1,0,0,,,,False
2026-08-07 22:28:00+08:00,117.25,117.25,0,0.0,119.58609726,1.0,0.0,119.58609726,1.9727543959951528,1,1,0,0,,,,False
2026-08-07 22:29:00+08:00,117.25,117.25,0,0.0,119.39675475,1.0,0.0,119.39675475,1.8143115905121143,1,1,0,0,,,,False
2026-08-07 22:30:00+08:00,117.25,117.25,0,0.0,119.24972553000002,1.0,0.0,119.24972553000002,1.691101776561136,1,1,0,0,,,,False
2026-08-07 22:31:00+08:00,117.25,117.25,0,0.0,119.13880875000002,1.0,0.0,119.13880875000002,1.5980525981647378,1,1,0,0,,,,False
2026-08-07 22:32:00+08:00,117.25,117.25,0,0.0,119.13880875000002,1.0,0.0,119.13880875000002,1.5980525981647378,1,1,0,0,,,,False
2026-08-07 22:33:00+08:00,117.25,117.25,0,0.0,119.13880875000002,1.0,0.0,119.13880875000002,1.5980525981647378,1,1,0,0,,,,False
2026-08-07 22:34:00+08:00,117.5,117.5,0,0.0,119.00175246,1.0,0.0,119.00175246,1.269971528227036,1,1,0,0,,,,False
2026-08-07 22:35:00+08:00,117.5,117.5,0,0.0,118.92837985,1.0,0.0,118.92837985,1.2082981331650935,1,1,0,0,,,,False
2026-08-07 22:36:00+08:00,117.5,117.5,0,0.0,118.88466036,1.0,0.0,118.88466036,1.1715314842268034,1,1,0,0,,,,False
2026-08-07 22:37:00+08:00,117.5,117.5,0,0.0,119.06582835,1.0,0.0,119.06582835,1.3237992662941505,1,1,0,0,,,,False
2026-08-07 22:38:00+08:00,117.5,117.5,0,0.0,119.1757994472,1.0,0.0,119.1757994472,1.4161139002079175,1,1,0,0,,,,False
2026-08-07 22:39:00+08:00,117.0,117.0,0,0.0,118.8245938,1.0,0.0,118.8245938,1.5474160439325666,1,1,0,0,,,,False
2026-08-07 22:40:00+08:00,117.0,117.0,0,0.0,118.93693833,1.0,0.0,118.93693833,1.6419118970602635,1,1,0,0,,,,False
2026-08-07 22:41:00+08:00,117.0,117.0,0,0.0,118.84364525,1.0,0.0,118.84364525,1.5634470439478665,1,1,0,0,,,,False
2026-08-07 22:42:00+08:00,116.75,116.75,0,0.0,118.71464265000002,1.0,0.0,118.71464265000002,1.6687368667238125,1,1,0,0,,,,False
2026-08-07 22:43:00+08:00,116.75,116.75,0,0.0,118.58564005,1.0,0.0,118.58564005,1.560018745660457,1,1,0,0,,,,False
2026-08-07 22:44:00+08:00,116.75,116.75,0,0.0,118.5533894,1.0,0.0,118.5533894,1.5328205892813087,1,1,0,0,,,,False
2026-08-07 22:45:00+08:00,116.75,116.75,0,0.0,118.77914395,1.0,0.0,118.77914395,1.7230512674310643,1,1,0,0,,,,False
2026-08-07 22:46:00+08:00,116.75,116.75,0,0.0,118.9403972,1.0,0.0,118.9403972,1.8587072074398512,1,1,0,0,,,,False
2026-08-07 22:47:00+08:00,117.25,117.25,0,0.0,118.9949355,1.0,0.0,118.9949355,1.4772257414170022,1,1,0,0,,,,False
2026-08-07 22:48:00+08:00,117.25,117.25,0,0.0,118.9949355,1.0,0.0,118.9949355,1.4772257414170022,1,1,0,0,,,,False
2026-08-07 22:49:00+08:00,117.25,117.25,0,0.0,119.02718345,1.0,0.0,119.02718345,1.5043208354276745,1,1,0,0,,,,False
2026-08-07 22:50:00+08:00,117.25,117.25,0,0.0,119.12392730000002,1.0,0.0,119.12392730000002,1.5855617592050892,1,1,0,0,,,,False
2026-08-07 22:51:00+08:00,116.75,116.75,0,0.0,118.83369575000002,1.0,0.0,118.83369575000002,1.768964310850462,1,1,0,0,,,,False
2026-08-07 22:52:00+08:00,116.75,116.75,0,0.0,118.86233142,1.0,0.0,118.86233142,1.793056761731686,1,1,0,0,,,,False
2026-08-07 22:53:00+08:00,116.75,116.75,0,0.0,118.76559051,1.0,0.0,118.76559051,1.7116408350167491,1,1,0,0,,,,False
2026-08-07 22:54:00+08:00,116.75,116.75,0,0.0,118.83008445,1.0,0.0,118.83008445,1.765925549145036,1,1,0,0,,,,False
2026-08-07 22:55:00+08:00,117.0,117.0,0,0.0,119.02356626999998,1.0,0.0,119.02356626999998,1.7147154430207274,1,1,0,0,,,,False
2026-08-07 22:56:00+08:00,116.75,116.75,0,0.0,118.92682536,1.0,0.0,118.92682536,1.847296913198708,1,1,0,0,,,,False
2026-08-07 22:57:00+08:00,117.25,117.25,0,0.0,119.14996765,1.0,0.0,119.14996765,1.6074178595599378,1,1,0,0,,,,False
2026-08-07 22:58:00+08:00,117.25,117.25,0,0.0,119.27895273,1.0,0.0,119.27895273,1.7156062347395438,1,1,0,0,,,,False
2026-08-07 22:59:00+08:00,117.25,117.25,0,0.0,119.14996765,1.0,0.0,119.14996765,1.6074178595599378,1,1,0,0,,,,False
2026-08-07 23:00:00+08:00,117.25,117.25,0,0.0,119.21446019,1.0,0.0,119.21446019,1.6615268006207329,1,1,0,0,,,,False
2026-08-07 23:01:00+08:00,117.25,117.25,0,0.0,119.21446019,1.0,0.0,119.21446019,1.6615268006207329,1,1,0,0,,,,False
2026-08-07 23:02:00+08:00,117.25,117.25,0,0.0,119.30928453,1.0,0.0,119.30928453,1.7410304009765727,1,1,0,0,,,,False
2026-08-07 23:03:00+08:00,117.25,117.25,0,0.0,119.53506582,1.0,0.0,119.53506582,1.930075963267944,1,1,0,0,,,,False
2026-08-07 23:04:00+08:00,117.25,117.25,0,0.0,119.43830241,1.0,0.0,119.43830241,1.849100600002909,1,1,0,0,,,,False
2026-08-07 23:05:00+08:00,117.25,117.25,0,0.0,119.56732029,1.0,0.0,119.56732029,1.9570530459193365,1,1,0,0,,,,False
2026-08-07 23:06:00+08:00,117.25,117.25,0,0.0,119.63182923,1.0,0.0,119.63182923,2.010985171587274,1,1,0,0,,,,False
2026-08-07 23:07:00+08:00,117.25,117.25,0,0.0,119.78037749,1.0,0.0,119.78037749,2.135065991789816,1,1,0,0,,,,False
2026-08-07 23:08:00+08:00,117.25,117.25,0,0.0,119.71585802999998,1.0,0.0,119.71585802999998,2.081192666740877,1,1,0,0,,,,False
2026-08-07 23:09:00+08:00,117.25,117.25,0,0.0,119.52229965,1.0,0.0,119.52229965,1.9193965285288332,1,1,0,0,,,,False
2026-08-07 23:10:00+08:00,117.25,117.25,0,0.0,119.58681911,1.0,0.0,119.58681911,1.973357959105713,1,1,0,0,,,,False
2026-08-07 23:11:00+08:00,117.25,117.25,0,0.0,119.52229965,1.0,0.0,119.52229965,1.9193965285288332,1,1,0,0,,,,False
2026-08-07 23:12:00+08:00,117.25,117.25,0,0.0,119.5222626,1.0,0.0,119.5222626,1.919365532979457,1,1,0,0,,,,False
2026-08-07 23:13:00+08:00,117.25,117.25,0,0.0,119.49000288,1.0,0.0,119.49000288,1.892373787910627,1,1,0,0,,,,False
2026-08-07 23:14:00+08:00,117.25,117.25,0,0.0,119.49000288,1.0,0.0,119.49000288,1.892373787910627,1,1,0,0,,,,False
2026-08-07 23:15:00+08:00,117.25,117.25,0,0.0,119.360964,1.0,0.0,119.360964,1.784333206131572,1,1,0,0,,,,False
2026-08-07 23:16:00+08:00,117.25,117.25,0,0.0,119.360964,1.0,0.0,119.360964,1.784333206131572,1,1,0,0,,,,False
2026-08-07 23:17:00+08:00,117.25,117.25,0,0.0,119.39981149999998,1.0,0.0,119.39981149999998,1.816871508473595,1,1,0,0,,,,False
2026-08-07 23:18:00+08:00,117.25,117.25,0,0.0,119.6579035,1.0,0.0,119.6579035,2.032775998121146,1,1,0,0,,,,False
2026-08-07 23:19:00+08:00,117.25,117.25,0,0.0,119.39981149999998,1.0,0.0,119.39981149999998,1.816871508473595,1,1,0,0,,,,False
2026-08-07 23:20:00+08:00,117.25,117.25,0,0.0,119.4643345,1.0,0.0,119.4643345,1.8708917689139712,1,1,0,0,,,,False
2026-08-07 23:21:00+08:00,117.25,117.25,0,0.0,119.5288575,1.0,0.0,119.5288575,1.9248825879650056,1,1,0,0,,,,False
2026-08-07 23:22:00+08:00,117.25,117.25,0,0.0,119.63984067,1.0,0.0,119.63984067,2.0176810142982755,1,1,0,0,,,,False
2026-08-07 23:23:00+08:00,117.25,117.25,0,0.0,119.60758404,1.0,0.0,119.60758404,1.990718641799422,1,1,0,0,,,,False
2026-08-07 23:24:00+08:00,117.75,117.75,0,0.0,119.63984067,1.0,0.0,119.63984067,1.592183275127696,1,1,0,0,,,,False
2026-08-07 23:25:00+08:00,117.75,117.75,0,0.0,119.96240697,1.0,0.0,119.96240697,1.86141480640446,1,1,0,0,,,,False
2026-08-07 23:26:00+08:00,117.75,117.75,0,0.0,119.96240697,1.0,0.0,119.96240697,1.86141480640446,1,1,0,0,,,,False
2026-08-07 23:27:00+08:00,117.75,117.75,0,0.0,120.15468025,1.0,0.0,120.15468025,2.021549342764557,1,1,0,0,,,,False
2026-08-07 23:28:00+08:00,117.75,117.75,0,0.0,120.05791138,1.0,0.0,120.05791138,1.9409878894332628,1,1,0,0,,,,False
2026-08-07 23:29:00+08:00,117.75,117.75,0,0.0,120.02565509,1.0,0.0,120.02565509,1.914119499861044,1,1,0,0,,,,False
2026-08-07 23:30:00+08:00,117.75,117.75,0,0.0,120.09016767,1.0,0.0,120.09016767,1.967848991131672,1,1,0,0,,,,False
2026-08-07 23:31:00+08:00,117.75,117.75,0,0.0,120.21919283000004,1.0,0.0,120.21919283000004,2.0752205784586266,1,1,0,0,,,,False
2026-08-07 23:32:00+08:00,117.75,117.75,0,0.0,120.28706150000002,1.0,0.0,120.28706150000002,2.131652511598511,1,1,0,0,,,,False
2026-08-07 23:33:00+08:00,117.75,117.75,0,0.0,120.22251250000002,1.0,0.0,120.22251250000002,2.077981590415844,1,1,0,0,,,,False
2026-08-07 23:34:00+08:00,117.75,117.75,0,0.0,120.28706150000002,1.0,0.0,120.28706150000002,2.131652511598511,1,1,0,0,,,,False
2026-08-07 23:35:00+08:00,117.75,117.75,0,0.0,120.22251250000002,1.0,0.0,120.22251250000002,2.077981590415844,1,1,0,0,,,,False
2026-08-07 23:36:00+08:00,117.75,117.75,0,0.0,120.0288655,1.0,0.0,120.0288655,1.916793988572554,1,1,0,0,,,,False
2026-08-07 23:37:00+08:00,117.75,117.75,0,0.0,120.23983375,1.0,0.0,120.23983375,2.092386645906468,1,1,0,0,,,,False
2026-08-07 23:38:00+08:00,117.75,117.75,0,0.0,120.04615885,1.0,0.0,120.04615885,1.931199276812887,1,1,0,0,,,,False
2026-08-07 23:39:00+08:00,117.75,117.75,0,0.0,120.0138797,1.0,0.0,120.0138797,1.9043091851095864,1,1,0,0,,,,False
2026-08-07 23:40:00+08:00,117.75,117.75,0,0.0,120.11071715,1.0,0.0,120.11071715,1.9849575653228029,1,1,0,0,,,,False
2026-08-07 23:41:00+08:00,117.25,117.25,0,0.0,119.78792565,1.0,0.0,119.78792565,2.141366739554916,1,1,0,0,,,,False
2026-08-07 23:42:00+08:00,117.25,117.25,0,0.0,119.6990472,1.0,0.0,119.6990472,2.067150916148521,1,1,0,0,,,,False
2026-08-07 23:43:00+08:00,117.25,117.25,0,0.0,119.66679200000002,1.0,0.0,119.66679200000002,2.040203211936125,1,1,0,0,,,,False
2026-08-07 23:44:00+08:00,117.25,117.25,0,0.0,119.6022816,1.0,0.0,119.6022816,1.9862857846331152,1,1,0,0,,,,False
2026-08-07 23:45:00+08:00,117.25,117.25,0,0.0,119.6990472,1.0,0.0,119.6990472,2.067150916148521,1,1,0,0,,,,False
2026-08-07 23:46:00+08:00,117.75,117.75,0,0.0,119.828068,1.0,0.0,119.828068,1.7493769669008352,1,1,0,0,,,,False
2026-08-07 23:47:00+08:00,117.75,117.75,0,0.0,119.84888586,1.0,0.0,119.84888586,1.766747223921512,1,1,0,0,,,,False
2026-08-07 23:48:00+08:00,117.75,117.75,0,0.0,119.88115535,1.0,0.0,119.88115535,1.7936666148519826,1,1,0,0,,,,False
2026-08-07 23:49:00+08:00,117.75,117.75,0,0.0,120.10704178,1.0,0.0,120.10704178,1.9818978343975848,1,1,0,0,,,,False
2026-08-07 23:50:00+08:00,117.75,117.75,0,0.0,120.13931126999998,1.0,0.0,120.13931126999998,2.0087588275777173,1,1,0,0,,,,False
2026-08-07 23:51:00+08:00,117.75,117.75,0,0.0,120.0425028,1.0,0.0,120.0425028,1.9281539771068077,1,1,0,0,,,,False
2026-08-07 23:52:00+08:00,117.75,117.75,0,0.0,120.035739,1.0,0.0,120.035739,1.922519836229545,1,1,0,0,,,,False
2026-08-07 23:53:00+08:00,117.75,117.75,0,0.0,119.938962,1.0,0.0,119.938962,1.8418709742188109,1,1,0,0,,,,False
2026-08-07 23:54:00+08:00,117.75,117.75,0,0.0,119.971221,1.0,0.0,119.971221,1.8687612243081877,1,1,0,0,,,,False
2026-08-07 23:55:00+08:00,117.75,117.75,0,0.0,120.10025699999998,1.0,0.0,120.10025699999998,1.9762492835986167,1,1,0,0,,,,False
2026-08-07 23:56:00+08:00,117.75,117.75,0,0.0,120.067998,1.0,0.0,120.067998,1.949388203999589,1,1,0,0,,,,False
2026-08-07 23:57:00+08:00,117.75,117.75,0,0.0,120.08287059,1.0,0.0,120.08287059,1.9617730587136828,1,1,0,0,,,,False
2026-08-07 23:58:00+08:00,117.75,117.75,0,0.0,120.05061626,1.0,0.0,120.05061626,1.934911941089864,1,1,0,0,,,,False
2026-08-07 23:59:00+08:00,117.75,117.75,0,0.0,120.08287059,1.0,0.0,120.08287059,1.9617730587136828,1,1,0,0,,,,False
2026-08-08 00:00:00+08:00,117.75,117.75,0,0.0,120.01836193,1.0,0.0,120.01836193,1.908043535807196,1,1,0,0,,,,False
2026-08-08 00:01:00+08:00,117.75,117.75,0,0.0,120.11512492,1.0,0.0,120.11512492,1.9886268916432908,1,1,0,0,,,,False
2026-08-08 00:02:00+08:00,117.75,117.75,0,0.0,120.18824250000004,1.0,0.0,120.18824250000004,2.049475085956415,1,1,0,0,,,,False
2026-08-08 00:03:00+08:00,117.75,117.75,0,0.0,120.18824250000004,1.0,0.0,120.18824250000004,2.049475085956415,1,1,0,0,,,,False
2026-08-08 00:04:00+08:00,117.75,117.75,0,0.0,120.3173037,1.0,0.0,120.3173037,2.1567881520052654,1,1,0,0,,,,False
2026-08-08 00:05:00+08:00,117.75,117.75,0,0.0,120.3818343,1.0,0.0,120.3818343,2.2104010643821828,1,1,0,0,,,,False
2026-08-08 00:06:00+08:00,118.25,118.25,0,0.0,120.3818343,1.0,0.0,120.3818343,1.7867140872076082,1,1,0,0,,,,False
2026-08-08 00:07:00+08:00,118.0,118.0,0,0.0,120.41762079999998,1.0,0.0,120.41762079999998,2.02805546996716,1,1,0,0,,,,False
2026-08-08 00:08:00+08:00,118.25,118.25,0,0.0,120.37683476,1.0,0.0,120.37683476,1.7825612631865713,1,1,0,0,,,,False
2026-08-08 00:09:00+08:00,118.25,118.25,0,0.0,120.40909872,1.0,0.0,120.40909872,1.8093579767793424,1,1,0,0,,,,False
2026-08-08 00:10:00+08:00,118.25,118.25,0,0.0,120.37683476,1.0,0.0,120.37683476,1.7825612631865713,1,1,0,0,,,,False
2026-08-08 00:11:00+08:00,118.25,118.25,0,0.0,120.37683476,1.0,0.0,120.37683476,1.7825612631865713,1,1,0,0,,,,False
2026-08-08 00:12:00+08:00,118.25,118.25,0,0.0,120.2130558,1.0,0.0,120.2130558,1.6464234205288637,1,1,0,0,,,,False
2026-08-08 00:13:00+08:00,118.25,118.25,0,0.0,120.2453191,1.0,0.0,120.2453191,1.6732564039660458,1,1,0,0,,,,False
2026-08-08 00:14:00+08:00,118.25,118.25,0,0.0,120.2775824,1.0,0.0,120.2775824,1.7000821285312284,1,1,0,0,,,,False
2026-08-08 00:15:00+08:00,117.75,117.75,0,0.0,120.1807925,1.0,0.0,120.1807925,2.0432769331443383,1,1,0,0,,,,False
2026-08-08 00:16:00+08:00,118.25,118.25,0,0.0,120.2453191,1.0,0.0,120.2453191,1.6732564039660458,1,1,0,0,,,,False
2026-08-08 00:17:00+08:00,118.25,118.25,0,0.0,120.23704516,1.0,0.0,120.23704516,1.6663757636536671,1,1,0,0,,,,False
2026-08-08 00:18:00+08:00,118.0,118.0,0,0.0,120.23704516,1.0,0.0,120.23704516,1.8779994173430152,1,1,0,0,,,,False
2026-08-08 00:19:00+08:00,117.75,117.75,0,0.0,120.10800084,1.0,0.0,120.10800084,1.98269625715568,1,1,0,0,,,,False
2026-08-08 00:20:00+08:00,117.75,117.75,0,0.0,120.172523,1.0,0.0,120.172523,2.036396528965858,1,1,0,0,,,,False
2026-08-08 00:21:00+08:00,117.75,117.75,0,0.0,119.97895652,1.0,0.0,119.97895652,1.875208264595631,1,1,0,0,,,,False
2026-08-08 00:22:00+08:00,117.75,117.75,0,0.0,120.022638,1.0,0.0,120.022638,1.9116059939579768,1,1,0,0,,,,False
2026-08-08 00:23:00+08:00,117.75,117.75,0,0.0,119.7645248,1.0,0.0,119.7645248,1.6963381937979094,1,1,0,0,,,,False
2026-08-08 00:24:00+08:00,117.25,117.25,0,0.0,119.73226065,1.0,0.0,119.73226065,2.094891527485321,1,1,0,0,,,,False
2026-08-08 00:25:00+08:00,117.25,117.25,0,0.0,119.53867575,1.0,0.0,119.53867575,1.933095611731336,1,1,0,0,,,,False
2026-08-08 00:26:00+08:00,117.25,117.25,0,0.0,119.34509085000002,1.0,0.0,119.34509085000002,1.7710349293158374,1,1,0,0,,,,False
2026-08-08 00:27:00+08:00,117.25,117.25,0,0.0,119.39052198999998,1.0,0.0,119.39052198999998,1.8090916737332392,1,1,0,0,,,,False
2026-08-08 00:28:00+08:00,117.25,117.25,0,0.0,119.42278098,1.0,0.0,119.42278098,1.8361055048266064,1,1,0,0,,,,False
2026-08-08 00:29:00+08:00,117.25,117.25,0,0.0,119.39052198999998,1.0,0.0,119.39052198999998,1.8090916737332392,1,1,0,0,,,,False
2026-08-08 00:30:00+08:00,117.25,117.25,0,0.0,119.06793208999996,1.0,0.0,119.06793208999996,1.5385477301042263,1,1,0,0,,,,False
2026-08-08 00:31:00+08:00,117.25,117.25,0,0.0,119.06793208999996,1.0,0.0,119.06793208999996,1.5385477301042263,1,1,0,0,,,,False
2026-08-08 00:32:00+08:00,117.25,117.25,0,0.0,119.20162375,1.0,0.0,119.20162375,1.6507594399634535,1,1,0,0,,,,False
2026-08-08 00:33:00+08:00,117.25,117.25,0,0.0,119.26614425,1.0,0.0,119.26614425,1.7048681868151134,1,1,0,0,,,,False
2026-08-08 00:34:00+08:00,117.25,117.25,0,0.0,119.45970575,1.0,0.0,119.45970575,1.8670174448476424,1,1,0,0,,,,False
2026-08-08 00:35:00+08:00,117.25,117.25,0,0.0,119.39518524999998,1.0,0.0,119.39518524999998,1.8129971651303505,1,1,0,0,,,,False
2026-08-08 00:36:00+08:00,117.25,117.25,0,0.0,119.45970575,1.0,0.0,119.45970575,1.8670174448476424,1,1,0,0,,,,False
2026-08-08 00:37:00+08:00,117.25,117.25,0,0.0,119.4183010752,1.0,0.0,119.4183010752,1.8323544516517456,1,1,0,0,,,,False
2026-08-08 00:38:00+08:00,117.25,117.25,0,0.0,119.39958944,1.0,0.0,119.39958944,1.8166855434541167,1,1,0,0,,,,False
2026-08-08 00:39:00+08:00,117.5,117.5,0,0.0,119.57918269,1.0,0.0,119.57918269,1.7539985302874053,1,1,0,0,,,,False
2026-08-08 00:40:00+08:00,117.25,117.25,0,0.0,119.62541952,1.0,0.0,119.62541952,2.005627704903701,1,1,0,0,,,,False
2026-08-08 00:41:00+08:00,117.75,117.75,0,0.0,119.59315808,1.0,0.0,119.59315808,1.5531588059334287,1,1,0,0,,,,False
2026-08-08 00:42:00+08:00,117.75,117.75,0,0.0,119.50893032000002,1.0,0.0,119.50893032000002,1.4827094749417302,1,1,0,0,,,,False
2026-08-08 00:43:00+08:00,117.75,117.75,0,0.0,119.60572481,1.0,0.0,119.60572481,1.5636655163767332,1,1,0,0,,,,False
2026-08-08 00:44:00+08:00,117.75,117.75,0,0.0,119.60572481,1.0,0.0,119.60572481,1.5636655163767332,1,1,0,0,,,,False
2026-08-08 00:45:00+08:00,117.75,117.75,0,0.0,119.70251930000002,1.0,0.0,119.70251930000002,1.6445555564168908,1,1,0,0,,,,False
2026-08-08 00:46:00+08:00,117.75,117.75,0,0.0,119.67025447000005,1.0,0.0,119.67025447000005,1.6175995382421524,1,1,0,0,,,,False
2026-08-08 00:47:00+08:00,117.75,117.75,0,0.0,119.72257494,1.0,0.0,119.72257494,1.6613075766735417,1,1,0,0,,,,False
2026-08-08 00:48:00+08:00,117.75,117.75,0,0.0,119.72257494,1.0,0.0,119.72257494,1.6613075766735417,1,1,0,0,,,,False
2026-08-08 00:49:00+08:00,117.75,117.75,0,0.0,119.81935956,1.0,0.0,119.81935956,1.742109810652886,1,1,0,0,,,,False
2026-08-08 00:50:00+08:00,117.75,117.75,0,0.0,119.91614418,1.0,0.0,119.91614418,1.8228462345561744,1,1,0,0,,,,False
2026-08-08 00:51:00+08:00,117.75,117.75,0,0.0,119.78709802,1.0,0.0,119.78709802,1.7151830488629356,1,1,0,0,,,,False
2026-08-08 00:52:00+08:00,117.75,117.75,0,0.0,119.76548836,1.0,0.0,119.76548836,1.6971426780767536,1,1,0,0,,,,False
2026-08-08 00:53:00+08:00,117.75,117.75,0,0.0,119.66872119999998,1.0,0.0,119.66872119999998,1.61631836807314,1,1,0,0,,,,False
2026-08-08 00:54:00+08:00,117.5,117.5,0,0.0,119.6720602,1.0,0.0,119.6720602,1.8316324428504416,1,1,0,0,,,,False
2026-08-08 00:55:00+08:00,117.75,117.75,0,0.0,119.76548836,1.0,0.0,119.76548836,1.6971426780767536,1,1,0,0,,,,False
2026-08-08 00:56:00+08:00,117.75,117.75,0,0.0,119.86225552,1.0,0.0,119.86225552,1.7779011569731096,1,1,0,0,,,,False
2026-08-08 00:57:00+08:00,117.75,117.75,0,0.0,119.73140712,1.0,0.0,119.73140712,1.6686839984898605,1,1,0,0,,,,False
2026-08-08 00:58:00+08:00,117.75,117.75,0,0.0,119.73140712,1.0,0.0,119.73140712,1.6686839984898605,1,1,0,0,,,,False
2026-08-08 00:59:00+08:00,118.0,118.0,0,0.0,119.6572944,1.0,0.0,119.6572944,1.3946926427687194,1,1,0,0,,,,False
2026-08-08 01:00:00+08:00,117.75,117.75,0,0.0,119.57008752,1.0,0.0,119.57008752,1.533867224658427,1,1,0,0,,,,False
2026-08-08 01:01:00+08:00,117.75,117.75,0,0.0,119.57008752,1.0,0.0,119.57008752,1.533867224658427,1,1,0,0,,,,False
2026-08-08 01:02:00+08:00,117.75,117.75,0,0.0,119.64455110000002,1.0,0.0,119.64455110000002,1.5961201225734585,1,1,0,0,,,,False
2026-08-08 01:03:00+08:00,117.75,117.75,0,0.0,119.7413248,1.0,0.0,119.7413248,1.6769663495514655,1,1,0,0,,,,False
2026-08-08 01:04:00+08:00,117.75,117.75,0,0.0,119.7090669,1.0,0.0,119.7090669,1.650024928991243,1,1,0,0,,,,False
2026-08-08 01:05:00+08:00,117.75,117.75,0,0.0,119.8380985,1.0,0.0,119.8380985,1.757746716424856,1,1,0,0,,,,False
2026-08-08 01:06:00+08:00,117.75,117.75,0,0.0,119.9671301,1.0,0.0,119.9671301,1.8653515622263448,1,1,0,0,,,,False
2026-08-08 01:07:00+08:00,117.75,117.75,0,0.0,119.89588653,1.0,0.0,119.89588653,1.8059530180246728,1,1,0,0,,,,False
2026-08-08 01:08:00+08:00,117.75,117.75,0,0.0,119.89588653,1.0,0.0,119.89588653,1.8059530180246728,1,1,0,0,,,,False
2026-08-08 01:09:00+08:00,117.75,117.75,0,0.0,119.86363044,1.0,0.0,119.86363044,1.779048143059881,1,1,0,0,,,,False
2026-08-08 01:10:00+08:00,118.0,118.0,0,0.0,119.78630496,1.0,0.0,119.78630496,1.5024456183887451,1,1,0,0,,,,False
2026-08-08 01:11:00+08:00,117.75,117.75,0,0.0,119.76686217,1.0,0.0,119.76686217,1.6982896722140626,1,1,0,0,,,,False
2026-08-08 01:12:00+08:00,117.75,117.75,0,0.0,119.73434624,1.0,0.0,119.73434624,1.6711385583238634,1,1,0,0,,,,False
2026-08-08 01:13:00+08:00,117.75,117.75,0,0.0,119.60532216,1.0,0.0,119.60532216,1.563328888618156,1,1,0,0,,,,False
2026-08-08 01:14:00+08:00,117.75,117.75,0,0.0,119.5085541,1.0,0.0,119.5085541,1.4823946868181626,1,1,0,0,,,,False
2026-08-08 01:15:00+08:00,117.75,117.75,0,0.0,119.57306614,1.0,0.0,119.57306614,1.5363581548576015,1,1,0,0,,,,False
2026-08-08 01:16:00+08:00,117.75,117.75,0,0.0,119.73434624,1.0,0.0,119.73434624,1.6711385583238634,1,1,0,0,,,,False
2026-08-08 01:17:00+08:00,117.75,117.75,0,0.0,119.71979169,1.0,0.0,119.71979169,1.658982960301256,1,1,0,0,,,,False
2026-08-08 01:18:00+08:00,117.75,117.75,0,0.0,119.81657406,1.0,0.0,119.81657406,1.7397852102527336,1,1,0,0,,,,False
2026-08-08 01:19:00+08:00,117.75,117.75,0,0.0,119.84883485,1.0,0.0,119.84883485,1.7667046653027836,1,1,0,0,,,,False
2026-08-08 01:20:00+08:00,117.75,117.75,0,0.0,120.04239959000002,1.0,0.0,120.04239959000002,1.928068007179839,1,1,0,0,,,,False
2026-08-08 01:21:00+08:00,117.75,117.75,0,0.0,119.94561722,1.0,0.0,119.94561722,1.847419187344832,1,1,0,0,,,,False
2026-08-08 01:22:00+08:00,117.75,117.75,0,0.0,119.98122511,1.0,0.0,119.98122511,1.8770989035770056,1,1,0,0,,,,False
2026-08-08 01:23:00+08:00,117.75,117.75,0,0.0,119.94896342,1.0,0.0,119.94896342,1.8502086743344863,1,1,0,0,,,,False
2026-08-08 01:24:00+08:00,117.75,117.75,0,0.0,119.91670173000004,1.0,0.0,119.91670173000004,1.8233111447488324,1,1,0,0,,,,False
2026-08-08 01:25:00+08:00,117.75,117.75,0,0.0,119.94896342,1.0,0.0,119.94896342,1.8502086743344863,1,1,0,0,,,,False
2026-08-08 01:26:00+08:00,117.75,117.75,0,0.0,119.98122511,1.0,0.0,119.98122511,1.8770989035770056,1,1,0,0,,,,False
2026-08-08 01:27:00+08:00,118.0,118.0,0,0.0,119.92026046,1.0,0.0,119.92026046,1.6142050755049924,1,1,0,0,,,,False
2026-08-08 01:28:00+08:00,117.75,117.75,0,0.0,119.99559360000003,1.0,0.0,119.99559360000003,1.889072740316004,1,1,0,0,,,,False
2026-08-08 01:29:00+08:00,117.75,117.75,0,0.0,120.02785048,1.0,0.0,120.02785048,1.9159484160545115,1,1,0,0,,,,False
2026-08-08 01:30:00+08:00,117.75,117.75,0,0.0,119.99559360000003,1.0,0.0,119.99559360000003,1.889072740316004,1,1,0,0,,,,False
2026-08-08 01:31:00+08:00,117.75,117.75,0,0.0,120.02785048,1.0,0.0,120.02785048,1.9159484160545115,1,1,0,0,,,,False
2026-08-08 01:32:00+08:00,118.0,118.0,0,0.0,120.12644588,1.0,0.0,120.12644588,1.7859804459279538,1,1,0,0,,,,False
2026-08-08 01:33:00+08:00,117.75,117.75,0,0.0,119.9965236,1.0,0.0,119.9965236,1.8898476965995084,1,1,0,0,,,,False
2026-08-08 01:34:00+08:00,117.75,117.75,0,0.0,119.93200934,1.0,0.0,119.93200934,1.836074464414904,1,1,0,0,,,,False
2026-08-08 01:35:00+08:00,117.75,117.75,0,0.0,119.93200934,1.0,0.0,119.93200934,1.836074464414904,1,1,0,0,,,,False
2026-08-08 01:36:00+08:00,117.75,117.75,0,0.0,119.96426646999998,1.0,0.0,119.96426646999998,1.8629647289422813,1,1,0,0,,,,False
2026-08-08 01:37:00+08:00,117.75,117.75,0,0.0,119.94089536,1.0,0.0,119.94089536,1.8434827776484612,1,1,0,0,,,,False
2026-08-08 01:38:00+08:00,117.75,117.75,0,0.0,119.9583155008,1.0,0.0,119.9583155008,1.858004417007936,1,1,0,0,,,,False
2026-08-08 01:39:00+08:00,117.75,117.75,0,0.0,120.10219296,1.0,0.0,120.10219296,1.977861066343474,1,1,0,0,,,,False
2026-08-08 01:40:00+08:00,117.75,117.75,0,0.0,119.97315488,1.0,0.0,119.97315488,1.8703730237151024,1,1,0,0,,,,False
2026-08-08 01:41:00+08:00,117.75,117.75,0,0.0,119.90863584000002,1.0,0.0,119.90863584000002,1.8165852314773736,1,1,0,0,,,,False
2026-08-08 01:42:00+08:00,117.75,117.75,0,0.0,119.81811179999995,1.0,0.0,119.81811179999995,1.7410685165869713,1,1,0,0,,,,False
2026-08-08 01:43:00+08:00,117.75,117.75,0,0.0,119.81811179999995,1.0,0.0,119.81811179999995,1.7410685165869713,1,1,0,0,,,,False
2026-08-08 01:44:00+08:00,117.75,117.75,0,0.0,119.81811179999995,1.0,0.0,119.81811179999995,1.7410685165869713,1,1,0,0,,,,False
2026-08-08 01:45:00+08:00,117.75,117.75,0,0.0,119.88261684,1.0,0.0,119.88261684,1.7948856250115748,1,1,0,0,,,,False
2026-08-08 01:46:00+08:00,117.75,117.75,0,0.0,119.91486935999998,1.0,0.0,119.91486935999998,1.821783224276848,1,1,0,0,,,,False
2026-08-08 01:47:00+08:00,117.75,117.75,0,0.0,119.83873004999998,1.0,0.0,119.83873004999998,1.7582736770051448,1,1,0,0,,,,False
2026-08-08 01:48:00+08:00,117.75,117.75,0,0.0,119.8716332814,1.0,0.0,119.8716332814,1.7857240118263815,1,1,0,0,,,,False
2026-08-08 01:49:00+08:00,117.75,117.75,0,0.0,119.83873004999998,1.0,0.0,119.83873004999998,1.7582736770051448,1,1,0,0,,,,False
2026-08-08 01:50:00+08:00,117.75,117.75,0,0.0,119.90324618999998,1.0,0.0,119.90324618999998,1.812090703173892,1,1,0,0,,,,False
2026-08-08 01:51:00+08:00,117.75,117.75,0,0.0,119.748407454,1.0,0.0,119.748407454,1.682880719431393,1,1,0,0,,,,False
2026-08-08 01:52:00+08:00,117.75,117.75,0,0.0,119.77161481,1.0,0.0,119.77161481,1.7022575495852426,1,1,0,0,,,,False
2026-08-08 01:53:00+08:00,117.75,117.75,0,0.0,119.73935744,1.0,0.0,119.73935744,1.675323443074794,1,1,0,0,,,,False
2026-08-08 01:54:00+08:00,117.75,117.75,0,0.0,119.77161481,1.0,0.0,119.77161481,1.7022575495852426,1,1,0,0,,,,False
2026-08-08 01:55:00+08:00,117.75,117.75,0,0.0,119.80387218,1.0,0.0,119.80387218,1.7291843413469996,1,1,0,0,,,,False
2026-08-08 01:56:00+08:00,117.75,117.75,0,0.0,119.77161481,1.0,0.0,119.77161481,1.7022575495852426,1,1,0,0,,,,False
2026-08-08 01:57:00+08:00,117.75,117.75,0,0.0,119.83525548,1.0,0.0,119.83525548,1.7553744871811188,1,1,0,0,,,,False
2026-08-08 01:58:00+08:00,117.75,117.75,0,0.0,119.941526184752,1.0,0.0,119.941526184752,1.8440086779101963,1,1,0,0,,,,False
2026-08-08 01:59:00+08:00,117.75,117.75,0,0.0,119.89978711999996,1.0,0.0,119.89978711999996,1.80920601364936,1,1,0,0,,,,False
2026-08-08 02:00:00+08:00,117.75,117.75,0,0.0,119.8675213,1.0,0.0,119.8675213,1.7822939052769196,1,1,0,0,,,,False
2026-08-08 02:01:00+08:00,117.75,117.75,0,0.0,119.93205294,1.0,0.0,119.93205294,1.836110815275417,1,1,0,0,,,,False
2026-08-08 02:02:00+08:00,117.75,117.75,0,0.0,119.87972072,1.0,0.0,119.87972072,1.792469993691953,1,1,0,0,,,,False
2026-08-08 02:03:00+08:00,117.75,117.75,0,0.0,119.8474603,1.0,0.0,119.8474603,1.7655578450642289,1,1,0,0,,,,False
2026-08-08 02:04:00+08:00,117.75,117.75,0,0.0,119.88101113680004,1.0,0.0,119.88101113680004,1.7935463276493324,1,1,0,0,,,,False
2026-08-08 02:05:00+08:00,117.75,117.75,0,0.0,119.91198114,1.0,0.0,119.91198114,1.8193748361682185,1,1,0,0,,,,False
2026-08-08 02:06:00+08:00,117.75,117.75,0,0.0,120.00876240000002,1.0,0.0,120.00876240000002,1.900045556428269,1,1,0,0,,,,False
2026-08-08 02:07:00+08:00,117.75,117.75,0,0.0,120.11221535999998,1.0,0.0,120.11221535999998,1.9862047920682235,1,1,0,0,,,,False
2026-08-08 02:08:00+08:00,117.75,117.75,0,0.0,120.14448624,1.0,0.0,120.14448624,2.013065773692891,1,1,0,0,,,,False
2026-08-08 02:09:00+08:00,117.75,117.75,0,0.0,120.14448624,1.0,0.0,120.14448624,2.013065773692891,1,1,0,0,,,,False
2026-08-08 02:10:00+08:00,117.75,117.75,0,0.0,120.17675712,1.0,0.0,120.17675712,2.039919468810356,1,1,0,0,,,,False
2026-08-08 02:11:00+08:00,117.75,117.75,0,0.0,120.07994448,1.0,0.0,120.07994448,1.9593365209702835,1,1,0,0,,,,False
2026-08-08 02:12:00+08:00,117.75,117.75,0,0.0,120.00034618,1.0,0.0,120.00034618,1.8930329365714271,1,1,0,0,,,,False
2026-08-08 02:13:00+08:00,117.75,117.75,0,0.0,119.93579515999996,1.0,0.0,119.93579515999996,1.8392307866177573,1,1,0,0,,,,False
2026-08-08 02:14:00+08:00,117.75,117.75,0,0.0,119.90351964999998,1.0,0.0,119.90351964999998,1.8123187514088048,1,1,0,0,,,,False
2026-08-08 02:15:00+08:00,118.0,118.0,0,0.0,119.8911487,1.0,0.0,119.8911487,1.589927755054796,1,1,0,0,,,,False
2026-08-08 02:16:00+08:00,117.75,117.75,0,0.0,119.87124414,1.0,0.0,119.87124414,1.785399405408569,1,1,0,0,,,,False
2026-08-08 02:17:00+08:00,117.25,117.25,0,0.0,119.90967167999996,1.0,0.0,119.90967167999996,2.2429375628320773,1,1,0,0,,,,False
2026-08-08 02:18:00+08:00,117.25,117.25,0,0.0,120.00647711999996,1.0,0.0,120.00647711999996,2.323626442961804,1,1,0,0,,,,False
2026-08-08 02:19:00+08:00,118.0,118.0,0,0.0,119.93339106,1.0,0.0,119.93339106,1.6251532005547378,1,1,0,0,,,,False
2026-08-08 02:20:00+08:00,117.25,117.25,0,0.0,119.94194016,1.0,0.0,119.94194016,2.26984117435366,1,1,0,0,,,,False
2026-08-08 02:21:00+08:00,117.25,117.25,0,0.0,119.94194016,1.0,0.0,119.94194016,2.26984117435366,1,1,0,0,,,,False
2026-08-08 02:22:00+08:00,118.0,118.0,0,0.0,119.8813186,1.0,0.0,119.8813186,1.5817287469836534,1,1,0,0,,,,False
2026-08-08 02:23:00+08:00,117.25,117.25,0,0.0,119.92579912,1.0,0.0,119.92579912,2.256384614221265,1,1,0,0,,,,False
2026-08-08 02:24:00+08:00,117.25,117.25,0,0.0,119.79670784,1.0,0.0,119.79670784,2.148697075952604,1,1,0,0,,,,False
2026-08-08 02:25:00+08:00,117.25,117.25,0,0.0,119.82898066000004,1.0,0.0,119.82898066000004,2.1756299548955784,1,1,0,0,,,,False
2026-08-08 02:26:00+08:00,117.25,117.25,0,0.0,119.76443502000002,1.0,0.0,119.76443502000002,2.121756862435696,1,1,0,0,,,,False
2026-08-08 02:27:00+08:00,117.25,117.25,0,0.0,119.71630335,1.0,0.0,119.71630335,2.0815646065569635,1,1,0,0,,,,False
2026-08-08 02:28:00+08:00,117.25,117.25,0,0.0,119.71630335,1.0,0.0,119.71630335,2.0815646065569635,1,1,0,0,,,,False
2026-08-08 02:29:00+08:00,117.25,117.25,0,0.0,119.6195238,1.0,0.0,119.6195238,2.000699593587815,1,1,0,0,,,,False
2026-08-08 02:30:00+08:00,117.25,117.25,0,0.0,119.71630335,1.0,0.0,119.71630335,2.0815646065569635,1,1,0,0,,,,False
2026-08-08 02:31:00+08:00,117.25,117.25,0,0.0,119.84534275,1.0,0.0,119.84534275,2.189281931814737,1,1,0,0,,,,False
2026-08-08 02:32:00+08:00,117.25,117.25,0,0.0,119.91919212,1.0,0.0,119.91919212,2.2508759220712613,1,1,0,0,,,,False
2026-08-08 02:33:00+08:00,117.25,117.25,0,0.0,119.91919212,1.0,0.0,119.91919212,2.2508759220712613,1,1,0,0,,,,False
2026-08-08 02:34:00+08:00,117.25,117.25,0,0.0,119.75788032,1.0,0.0,119.75788032,2.1162843333427928,1,1,0,0,,,,False
2026-08-08 02:35:00+08:00,117.25,117.25,0,0.0,119.69335560000002,1.0,0.0,119.69335560000002,2.0623963848345346,1,1,0,0,,,,False
2026-08-08 02:36:00+08:00,117.25,117.25,0,0.0,119.75788032,1.0,0.0,119.75788032,2.1162843333427928,1,1,0,0,,,,False
2026-08-08 02:37:00+08:00,117.25,117.25,0,0.0,119.85619055,1.0,0.0,119.85619055,2.198331932164724,1,1,0,0,,,,False
2026-08-08 02:38:00+08:00,117.25,117.25,0,0.0,119.82392778,1.0,0.0,119.82392778,2.171413621145688,1,1,0,0,,,,False
2026-08-08 02:39:00+08:00,117.25,117.25,0,0.0,119.92071609,1.0,0.0,119.92071609,2.2521465837178205,1,1,0,0,,,,False
2026-08-08 02:40:00+08:00,117.25,117.25,0,0.0,119.92071609,1.0,0.0,119.92071609,2.2521465837178205,1,1,0,0,,,,False
2026-08-08 02:41:00+08:00,117.25,117.25,0,0.0,119.92071609,1.0,0.0,119.92071609,2.2521465837178205,1,1,0,0,,,,False
2026-08-08 02:42:00+08:00,117.25,117.25,0,0.0,119.99379532999998,1.0,0.0,119.99379532999998,2.313059716637424,1,1,0,0,,,,False
2026-08-08 02:43:00+08:00,118.0,118.0,0,0.0,119.91625569,1.0,0.0,119.91625569,1.610865709400573,1,1,0,0,,,,False
2026-08-08 02:44:00+08:00,117.25,117.25,0,0.0,119.76793984,1.0,0.0,119.76793984,2.124682917841373,1,1,0,0,,,,False
2026-08-08 02:45:00+08:00,117.25,117.25,0,0.0,119.80020491000002,1.0,0.0,119.80020491000002,2.1516158663252334,1,1,0,0,,,,False
2026-08-08 02:46:00+08:00,117.25,117.25,0,0.0,119.80020491000002,1.0,0.0,119.80020491000002,2.1516158663252334,1,1,0,0,,,,False
2026-08-08 02:47:00+08:00,117.25,117.25,0,0.0,119.77677439999998,1.0,0.0,119.77677439999998,2.13205820852615,1,1,0,0,,,,False
2026-08-08 02:48:00+08:00,117.25,117.25,0,0.0,119.87357674999998,1.0,0.0,119.87357674999998,2.2128350001788544,1,1,0,0,,,,False
2026-08-08 02:49:00+08:00,117.25,117.25,0,0.0,120.00264654999998,1.0,0.0,120.00264654999998,2.320434852911006,1,1,0,0,,,,False
2026-08-08 02:50:00+08:00,117.25,117.25,0,0.0,119.9703791,1.0,0.0,119.9703791,2.293545866776661,1,1,0,0,,,,False
2026-08-08 02:51:00+08:00,117.25,117.25,0,0.0,120.00264654999998,1.0,0.0,120.00264654999998,2.320434852911006,1,1,0,0,,,,False
2026-08-08 02:52:00+08:00,117.25,117.25,0,0.0,119.93658768,1.0,0.0,119.93658768,2.265379089330809,1,1,0,0,,,,False
2026-08-08 02:53:00+08:00,117.25,117.25,0,0.0,119.93658768,1.0,0.0,119.93658768,2.265379089330809,1,1,0,0,,,,False
2026-08-08 02:54:00+08:00,117.25,117.25,0,0.0,120.00112176,1.0,0.0,120.00112176,2.31916438547591,1,1,0,0,,,,False
2026-08-08 02:55:00+08:00,117.25,117.25,0,0.0,119.93658768,1.0,0.0,119.93658768,2.265379089330809,1,1,0,0,,,,False
2026-08-08 02:56:00+08:00,117.25,117.25,0,0.0,119.80751952,1.0,0.0,119.80751952,2.157720645334119,1,1,0,0,,,,False
2026-08-08 02:57:00+08:00,117.25,117.25,0,0.0,119.8811328,1.0,0.0,119.8811328,2.2191373768025144,1,1,0,0,,,,False
2026-08-08 02:58:00+08:00,117.25,117.25,0,0.0,119.91339360000002,1.0,0.0,119.91339360000002,2.2460410601916942,1,1,0,0,,,,False
2026-08-08 02:59:00+08:00,117.5,117.5,0,0.0,120.04243680000002,1.0,0.0,120.04243680000002,2.140616922390701,1,1,0,0,,,,False
2026-08-08 03:00:00+08:00,117.5,117.5,0,0.0,120.04243680000002,1.0,0.0,120.04243680000002,2.140616922390701,1,1,0,0,,,,False
2026-08-08 03:01:00+08:00,117.75,117.75,0,0.0,120.13921920000004,1.0,0.0,120.13921920000004,2.008682199247832,1,1,0,0,,,,False
2026-08-08 03:02:00+08:00,117.75,117.75,0,0.0,120.10008164,1.0,0.0,120.10008164,1.9761032864029024,1,1,0,0,,,,False
2026-08-08 03:03:00+08:00,117.75,117.75,0,0.0,120.03554640000002,1.0,0.0,120.03554640000002,1.922359398712398,1,1,0,0,,,,False
2026-08-08 03:04:00+08:00,117.75,117.75,0,0.0,120.00327878,1.0,0.0,120.00327878,1.8954765137729408,1,1,0,0,,,,False
2026-08-08 03:05:00+08:00,117.75,117.75,0,0.0,120.1968845,1.0,0.0,120.1968845,2.056664456978852,1,1,0,0,,,,False
2026-08-08 03:06:00+08:00,117.75,117.75,0,0.0,120.32595498,1.0,0.0,120.32595498,2.1639774417508093,1,1,0,0,,,,False
2026-08-08 03:07:00+08:00,117.75,117.75,0,0.0,120.42029472,1.0,0.0,120.42029472,2.2423406941988837,1,1,0,0,,,,False
2026-08-08 03:08:00+08:00,117.75,117.75,0,0.0,120.45256168,1.0,0.0,120.45256168,2.2691289807626798,1,1,0,0,,,,False
2026-08-08 03:09:00+08:00,117.75,117.75,0,0.0,120.45256168,1.0,0.0,120.45256168,2.2691289807626798,1,1,0,0,,,,False
2026-08-08 03:10:00+08:00,117.75,117.75,0,0.0,120.58162951999998,1.0,0.0,120.58162951999998,2.3762095914024357,1,1,0,0,,,,False
2026-08-08 03:11:00+08:00,117.75,117.75,0,0.0,120.48482864,1.0,0.0,120.48482864,2.295910010817639,1,1,0,0,,,,False
2026-08-08 03:12:00+08:00,117.75,117.75,0,0.0,120.58592707,1.0,0.0,120.58592707,2.3797730412394573,1,1,0,0,,,,False
2026-08-08 03:13:00+08:00,117.75,117.75,0,0.0,120.45685463,1.0,0.0,120.45685463,2.272692474953734,1,1,0,0,,,,False
2026-08-08 03:14:00+08:00,117.75,117.75,0,0.0,120.32778219,1.0,0.0,120.32778219,2.1654958024959865,1,1,0,0,,,,False
2026-08-08 03:15:00+08:00,117.75,117.75,0,0.0,120.48912274,1.0,0.0,120.48912274,2.299473494107287,1,1,0,0,,,,False
2026-08-08 03:16:00+08:00,117.75,117.75,0,0.0,120.36005029999998,1.0,0.0,120.36005029999998,2.192305865889764,1,1,0,0,,,,False
2026-08-08 03:17:00+08:00,117.75,117.75,0,0.0,120.26399137,1.0,0.0,120.26399137,2.1124736033621967,1,1,0,0,,,,False
2026-08-08 03:18:00+08:00,117.75,117.75,0,0.0,120.32852799,1.0,0.0,120.32852799,2.16611553487789,1,1,0,0,,,,False
2026-08-08 03:19:00+08:00,117.75,117.75,0,0.0,120.29625968,1.0,0.0,120.29625968,2.139298204830341,1,1,0,0,,,,False
2026-08-08 03:20:00+08:00,117.75,117.75,0,0.0,120.45760123,1.0,0.0,120.45760123,2.273312199962658,1,1,0,0,,,,False
2026-08-08 03:21:00+08:00,117.75,117.75,0,0.0,120.29625968,1.0,0.0,120.29625968,2.139298204830341,1,1,0,0,,,,False
2026-08-08 03:22:00+08:00,118.0,118.0,0,0.0,120.21924096,1.0,0.0,120.21924096,1.863192033570996,1,1,0,0,,,,False
2026-08-08 03:23:00+08:00,117.75,117.75,0,0.0,120.2826152,1.0,0.0,120.2826152,2.127956454935432,1,1,0,0,,,,False
2026-08-08 03:24:00+08:00,117.75,117.75,0,0.0,120.09548023000002,1.0,0.0,120.09548023000002,1.9722722733531932,1,1,0,0,,,,False
2026-08-08 03:25:00+08:00,117.75,117.75,0,0.0,120.05676265000002,1.0,0.0,120.05676265000002,1.9400311616832184,1,1,0,0,,,,False
2026-08-08 03:26:00+08:00,117.75,117.75,0,0.0,120.2826152,1.0,0.0,120.2826152,2.127956454935432,1,1,0,0,,,,False
2026-08-08 03:27:00+08:00,117.75,117.75,0,0.0,120.1961395,1.0,0.0,120.1961395,2.056044704183991,1,1,0,0,,,,False
2026-08-08 03:28:00+08:00,117.75,117.75,0,0.0,120.26067434,1.0,0.0,120.26067434,2.1097157486420057,1,1,0,0,,,,False
2026-08-08 03:29:00+08:00,117.75,117.75,0,0.0,120.22840692,1.0,0.0,120.22840692,2.0828838650333106,1,1,0,0,,,,False
2026-08-08 03:30:00+08:00,117.75,117.75,0,0.0,119.80893046,1.0,0.0,119.80893046,1.7334060698229106,1,1,0,0,,,,False
2026-08-08 03:31:00+08:00,117.75,117.75,0,0.0,119.93800014,1.0,0.0,119.93800014,1.8410690810737316,1,1,0,0,,,,False
2026-08-08 03:32:00+08:00,117.75,117.75,0,0.0,119.87223935000002,1.0,0.0,119.87223935000002,1.786229568246862,1,1,0,0,,,,False
2026-08-08 03:33:00+08:00,117.75,117.75,0,0.0,119.87223935000002,1.0,0.0,119.87223935000002,1.786229568246862,1,1,0,0,,,,False
2026-08-08 03:34:00+08:00,117.75,117.75,0,0.0,119.87223935000002,1.0,0.0,119.87223935000002,1.786229568246862,1,1,0,0,,,,False
2026-08-08 03:35:00+08:00,117.75,117.75,0,0.0,120.13037607,1.0,0.0,120.13037607,2.0013219327512317,1,1,0,0,,,,False
2026-08-08 03:36:00+08:00,117.75,117.75,0,0.0,120.03357480000004,1.0,0.0,120.03357480000004,1.9207170233862805,1,1,0,0,,,,False
2026-08-08 03:37:00+08:00,117.75,117.75,0,0.0,120.07079082,1.0,0.0,120.07079082,1.9517139876610212,1,1,0,0,,,,False
2026-08-08 03:38:00+08:00,117.75,117.75,0,0.0,120.16759608,1.0,0.0,120.16759608,2.032296996803109,1,1,0,0,,,,False
2026-08-08 03:39:00+08:00,117.75,117.75,0,0.0,120.10305924,1.0,0.0,120.10305924,1.9785822789234715,1,1,0,0,,,,False
2026-08-08 03:40:00+08:00,117.75,117.75,0,0.0,119.94171714,1.0,0.0,119.94171714,1.844167871200221,1,1,0,0,,,,False
2026-08-08 03:41:00+08:00,117.75,117.75,0,0.0,119.94171714,1.0,0.0,119.94171714,1.844167871200221,1,1,0,0,,,,False
2026-08-08 03:42:00+08:00,117.75,117.75,0,0.0,119.89027386,1.0,0.0,119.89027386,1.8012720026243514,1,1,0,0,,,,False
2026-08-08 03:43:00+08:00,117.75,117.75,0,0.0,119.89027386,1.0,0.0,119.89027386,1.8012720026243514,1,1,0,0,,,,False
2026-08-08 03:44:00+08:00,117.75,117.75,0,0.0,119.85801927999998,1.0,0.0,119.85801927999998,1.774367116385803,1,1,0,0,,,,False
2026-08-08 03:45:00+08:00,117.75,117.75,0,0.0,119.95478302,1.0,0.0,119.95478302,1.8550598704734416,1,1,0,0,,,,False
2026-08-08 03:46:00+08:00,117.75,117.75,0,0.0,119.89027386,1.0,0.0,119.89027386,1.8012720026243514,1,1,0,0,,,,False
2026-08-08 03:47:00+08:00,117.75,117.75,0,0.0,119.93655051,1.0,0.0,119.93655051,1.8398605266544188,1,1,0,0,,,,False
2026-08-08 03:48:00+08:00,117.75,117.75,0,0.0,119.74294833,1.0,0.0,119.74294833,1.6783221093628082,1,1,0,0,,,,False
2026-08-08 03:49:00+08:00,117.75,117.75,0,0.0,119.96881754,1.0,0.0,119.96881754,1.8667580151719687,1,1,0,0,,,,False
2026-08-08 03:50:00+08:00,117.75,117.75,0,0.0,120.35602189999996,1.0,0.0,120.35602189999996,2.1889592537012383,1,1,0,0,,,,False
2026-08-08 03:51:00+08:00,117.75,117.75,0,0.0,120.38828893,1.0,0.0,120.38828893,2.215762061493201,1,1,0,0,,,,False
2026-08-08 03:52:00+08:00,117.75,117.75,0,0.0,120.362359285,1.0,0.0,120.362359285,2.1942240149518883,1,1,0,0,,,,False
2026-08-08 03:53:00+08:00,117.75,117.75,0,0.0,120.31525274999998,1.0,0.0,120.31525274999998,2.1550837179030404,1,1,0,0,,,,False
2026-08-08 03:54:00+08:00,117.75,117.75,0,0.0,120.25072325,1.0,0.0,120.25072325,2.101441723244853,1,1,0,0,,,,False
2026-08-08 03:55:00+08:00,117.75,117.75,0,0.0,120.16038195,1.0,0.0,120.16038195,2.0262940442057387,1,1,0,0,,,,False
2026-08-08 03:56:00+08:00,117.75,117.75,0,0.0,120.31525274999998,1.0,0.0,120.31525274999998,2.1550837179030404,1,1,0,0,,,,False
2026-08-08 03:57:00+08:00,117.75,117.75,0,0.0,120.59160731,1.0,0.0,120.59160731,2.384482795153808,1,1,0,0,,,,False
2026-08-08 03:58:00+08:00,118.25,118.25,0,0.0,120.78522509,1.0,0.0,120.78522509,2.121214636081733,1,1,0,0,,,,False
2026-08-08 03:59:00+08:00,118.0,118.0,0,0.0,120.7883664,1.0,0.0,120.7883664,2.335429017784848,1,1,0,0,,,,False
2026-08-10 21:30:00+08:00,122.25,122.25,0,0.0,124.5295158952,1.0,0.0,124.5295158952,1.8474109465131212,1,1,0,0,,,,False
2026-08-10 21:31:00+08:00,118.0,118.0,0,0.0,123.85451558,1.0,0.0,123.85451558,4.841353129967471,1,1,0,0,,,,False
2026-08-10 21:32:00+08:00,118.0,118.0,0,0.0,124.32222144,1.0,0.0,124.32222144,5.218028625216612,1,1,0,0,,,,False
2026-08-10 21:33:00+08:00,122.25,122.25,0,0.0,123.55065424,1.0,0.0,123.55065424,1.058300063538513,1,1,0,0,,,,False
2026-08-10 21:34:00+08:00,121.75,121.75,0,0.0,123.0586440668,1.0,0.0,123.0586440668,1.069115898083158,1,1,0,0,,,,False
2026-08-10 21:35:00+08:00,122.25,122.25,0,0.0,123.84913678,1.0,0.0,123.84913678,1.2995874759443429,1,1,0,0,,,,False
2026-08-10 21:36:00+08:00,122.25,122.25,0,0.0,123.4623097,1.0,0.0,123.4623097,0.986771644839568,1,1,0,0,,,,False
2026-08-10 21:37:00+08:00,121.75,121.75,0,0.0,123.1573610186,1.0,0.0,123.1573610186,1.1493007092531733,1,1,0,0,,,,False
2026-08-10 21:38:00+08:00,121.75,121.75,0,0.0,123.31724954500002,1.0,0.0,123.31724954500002,1.279036303634885,1,1,0,0,,,,False
2026-08-10 21:39:00+08:00,121.75,121.75,0,0.0,123.26889616,1.0,0.0,123.26889616,1.239819608858376,1,1,0,0,,,,False
2026-08-10 21:40:00+08:00,121.75,121.75,0,0.0,123.0001017,1.0,0.0,123.0001017,1.021533140388478,1,1,0,0,,,,False
2026-08-10 21:41:00+08:00,121.75,121.75,0,0.0,123.29027232,1.0,0.0,123.29027232,1.2571585114699515,1,1,0,0,,,,False
2026-08-10 21:42:00+08:00,121.75,121.75,0,0.0,123.4837194,1.0,0.0,123.4837194,1.4139323126051306,1,1,0,0,,,,False
2026-08-10 21:43:00+08:00,121.75,121.75,0,0.0,123.22578996,1.0,0.0,123.22578996,1.20484555656783,1,1,0,0,,,,False
2026-08-10 21:44:00+08:00,121.75,121.75,0,0.0,123.25803114,1.0,0.0,123.25803114,1.2310054760109328,1,1,0,0,,,,False
2026-08-10 21:45:00+08:00,121.75,121.75,0,0.0,123.57618390000002,1.0,0.0,123.57618390000002,1.4887802606055358,1,1,0,0,,,,False
2026-08-10 21:46:00+08:00,121.75,121.75,0,0.0,123.83423910000002,1.0,0.0,123.83423910000002,1.6973720362822902,1,1,0,0,,,,False
2026-08-10 21:47:00+08:00,122.25,122.25,0,0.0,124.1245512,1.0,0.0,124.1245512,1.5217084645063774,1,1,0,0,,,,False
2026-08-10 21:48:00+08:00,122.25,122.25,0,0.0,124.1245512,1.0,0.0,124.1245512,1.5217084645063774,1,1,0,0,,,,False
2026-08-10 21:49:00+08:00,122.25,122.25,0,0.0,124.02778050000002,1.0,0.0,124.02778050000002,1.4437197674842777,1,1,0,0,,,,False
2026-08-10 21:50:00+08:00,122.25,122.25,0,0.0,124.087418,1.0,0.0,124.087418,1.4917896070502772,1,1,0,0,,,,False
2026-08-10 21:51:00+08:00,122.25,122.25,0,0.0,124.11966525,1.0,0.0,124.11966525,1.5177722858881848,1,1,0,0,,,,False
2026-08-10 21:52:00+08:00,122.25,122.25,0,0.0,123.700451,1.0,0.0,123.700451,1.1794660217963993,1,1,0,0,,,,False
2026-08-10 21:53:00+08:00,121.75,121.75,0,0.0,123.571462,1.0,0.0,123.571462,1.484959355084878,1,1,0,0,,,,False
2026-08-10 21:54:00+08:00,121.75,121.75,0,0.0,123.63595650000002,1.0,0.0,123.63595650000002,1.537134827844168,1,1,0,0,,,,False
2026-08-10 21:55:00+08:00,121.75,121.75,0,0.0,123.58797792,1.0,0.0,123.58797792,1.4983231993534485,1,1,0,0,,,,False
2026-08-10 21:56:00+08:00,121.75,121.75,0,0.0,123.97499664,1.0,0.0,123.97499664,1.8109648350181784,1,1,0,0,,,,False
2026-08-10 21:57:00+08:00,121.75,121.75,0,0.0,124.03949975999998,1.0,0.0,124.03949975999998,1.862976052464044,1,1,0,0,,,,False
2026-08-10 21:58:00+08:00,121.75,121.75,0,0.0,124.03949975999998,1.0,0.0,124.03949975999998,1.862976052464044,1,1,0,0,,,,False
2026-08-10 21:59:00+08:00,121.75,121.75,0,0.0,124.03949975999998,1.0,0.0,124.03949975999998,1.862976052464044,1,1,0,0,,,,False
2026-08-10 22:00:00+08:00,122.0,122.0,0,0.0,123.864153206,1.0,0.0,123.864153206,1.516409107787348,1,1,0,0,,,,False
2026-08-10 22:01:00+08:00,122.25,122.25,0,0.0,124.1931845,1.0,0.0,124.1931845,1.5769837611394777,1,1,0,0,,,,False
2026-08-10 22:02:00+08:00,122.25,122.25,0,0.0,123.799637266,1.0,0.0,123.799637266,1.2596135342599224,1,1,0,0,,,,False
2026-08-10 22:03:00+08:00,122.25,122.25,0,0.0,123.74157292,1.0,0.0,123.74157292,1.212702453417034,1,1,0,0,,,,False
2026-08-10 22:04:00+08:00,122.25,122.25,0,0.0,123.8706048,1.0,0.0,123.8706048,1.3169192407250214,1,1,0,0,,,,False
2026-08-10 22:05:00+08:00,122.25,122.25,0,0.0,123.8458368,1.0,0.0,123.8458368,1.2969230367736042,1,1,0,0,,,,False
2026-08-10 22:06:00+08:00,122.25,122.25,0,0.0,123.94259136,1.0,0.0,123.94259136,1.375014049488584,1,1,0,0,,,,False
2026-08-10 22:07:00+08:00,122.25,122.25,0,0.0,123.94259136,1.0,0.0,123.94259136,1.375014049488584,1,1,0,0,,,,False
2026-08-10 22:08:00+08:00,122.25,122.25,0,0.0,123.91033984,1.0,0.0,123.91033984,1.3489905328203549,1,1,0,0,,,,False
2026-08-10 22:09:00+08:00,122.25,122.25,0,0.0,124.10384895999998,1.0,0.0,124.10384895999998,1.5050294264336703,1,1,0,0,,,,False
2026-08-10 22:10:00+08:00,122.25,122.25,0,0.0,124.14248982,1.0,0.0,124.14248982,1.5361586884263814,1,1,0,0,,,,False
2026-08-10 22:11:00+08:00,122.25,122.25,0,0.0,124.36826208,1.0,0.0,124.36826208,1.717846895955219,1,1,0,0,,,,False
2026-08-10 22:12:00+08:00,122.75,122.75,0,0.0,124.14248982,1.0,0.0,124.14248982,1.1280131048256838,1,1,0,0,,,,False
2026-08-10 22:13:00+08:00,122.75,122.75,0,0.0,124.174743,1.0,0.0,124.174743,1.1539896591084082,1,1,0,0,,,,False
2026-08-10 22:14:00+08:00,122.75,122.75,0,0.0,124.07798346,1.0,0.0,124.07798346,1.0760396300164294,1,1,0,0,,,,False
2026-08-10 22:15:00+08:00,122.75,122.75,0,0.0,124.103158382,1.0,0.0,124.103158382,1.0963265699084197,1,1,0,0,,,,False
2026-08-10 22:16:00+08:00,122.75,122.75,0,0.0,124.01280297,1.0,0.0,124.01280297,1.0234954010905235,1,1,0,0,,,,False
2026-08-10 22:17:00+08:00,122.75,122.75,0,0.0,123.9159936,1.0,0.0,123.9159936,0.9454027958882836,1,1,0,0,,,,False
2026-08-10 22:18:00+08:00,122.25,122.25,0,0.0,123.62556549,1.0,0.0,123.62556549,1.11891190754045,1,1,0,0,,,,False
2026-08-10 22:19:00+08:00,122.25,122.25,0,0.0,123.65783528,1.0,0.0,123.65783528,1.1450105104597303,1,1,0,0,,,,False
2026-08-10 22:20:00+08:00,122.25,122.25,0,0.0,123.88546304,1.0,0.0,123.88546304,1.3289129650807028,1,1,0,0,,,,False
2026-08-10 22:21:00+08:00,122.25,122.25,0,0.0,123.65968896,1.0,0.0,123.65968896,1.1465094896926156,1,1,0,0,,,,False
2026-08-10 22:22:00+08:00,122.25,122.25,0,0.0,123.62743552,1.0,0.0,123.62743552,1.1204245050684605,1,1,0,0,,,,False
2026-08-10 22:23:00+08:00,122.25,122.25,0,0.0,123.49842176,1.0,0.0,123.49842176,1.0160160956957998,1,1,0,0,,,,False
2026-08-10 22:24:00+08:00,122.25,122.25,0,0.0,123.40166143999996,1.0,0.0,123.40166143999996,0.937637818729967,1,1,0,0,,,,False
2026-08-10 22:25:00+08:00,122.25,122.25,0,0.0,123.6151468,1.0,0.0,123.6151468,1.1104841965343624,1,1,0,0,,,,False
2026-08-10 22:26:00+08:00,122.25,122.25,0,0.0,123.5506295,1.0,0.0,123.5506295,1.0582800399215295,1,1,0,0,,,,False
2026-08-10 22:27:00+08:00,122.25,122.25,0,0.0,123.58288815,1.0,0.0,123.58288815,1.0843855433913407,1,1,0,0,,,,False
2026-08-10 22:28:00+08:00,122.25,122.25,0,0.0,123.60869507,1.0,0.0,123.60869507,1.1052650138024631,1,1,0,0,,,,False
2026-08-10 22:29:00+08:00,122.25,122.25,0,0.0,123.56224261400004,1.0,0.0,123.56224261400004,1.0676788104981796,1,1,0,0,,,,False
2026-08-10 22:30:00+08:00,122.25,122.25,0,0.0,123.77302512,1.0,0.0,123.77302512,1.2381159196437943,1,1,0,0,,,,False
2026-08-10 22:31:00+08:00,122.25,122.25,0,0.0,123.93431392,1.0,0.0,123.93431392,1.3683356938389897,1,1,0,0,,,,False
2026-08-10 22:32:00+08:00,122.25,122.25,0,0.0,123.96657168,1.0,0.0,123.96657168,1.3943591759785867,1,1,0,0,,,,False
2026-08-10 22:33:00+08:00,122.25,122.25,0,0.0,123.77302512,1.0,0.0,123.77302512,1.2381159196437943,1,1,0,0,,,,False
2026-08-10 22:34:00+08:00,122.25,122.25,0,0.0,123.80528288,1.0,0.0,123.80528288,1.2641735318956848,1,1,0,0,,,,False
2026-08-10 22:35:00+08:00,122.25,122.25,0,0.0,124.04500610000002,1.0,0.0,124.04500610000002,1.4576065738590085,1,1,0,0,,,,False
2026-08-10 22:36:00+08:00,122.25,122.25,0,0.0,124.07726748000002,1.0,0.0,124.07726748000002,1.4836095887341243,1,1,0,0,,,,False
2026-08-10 22:37:00+08:00,122.25,122.25,0,0.0,124.04500610000002,1.0,0.0,124.04500610000002,1.4576065738590085,1,1,0,0,,,,False
2026-08-10 22:38:00+08:00,122.25,122.25,0,0.0,123.72239230000002,1.0,0.0,123.72239230000002,1.1972012681847823,1,1,0,0,,,,False
2026-08-10 22:39:00+08:00,122.25,122.25,0,0.0,123.62560816,1.0,0.0,123.62560816,1.118946421968658,1,1,0,0,,,,False
2026-08-10 22:40:00+08:00,122.25,122.25,0,0.0,123.5471059,1.0,0.0,123.5471059,1.055428130653178,1,1,0,0,,,,False
2026-08-10 22:41:00+08:00,122.25,122.25,0,0.0,123.61162136,1.0,0.0,123.61162136,1.107632295327836,1,1,0,0,,,,False
2026-08-10 22:42:00+08:00,122.25,122.25,0,0.0,123.67613682,1.0,0.0,123.67613682,1.1598090698621748,1,1,0,0,,,,False
2026-08-10 22:43:00+08:00,122.25,122.25,0,0.0,123.51484817,1.0,0.0,123.51484817,1.0293157702724751,1,1,0,0,,,,False
2026-08-10 22:44:00+08:00,122.25,122.25,0,0.0,123.476138894,1.0,0.0,123.476138894,0.997971888150594,1,1,0,0,,,,False
2026-08-10 22:45:00+08:00,122.25,122.25,0,0.0,123.75288912,1.0,0.0,123.75288912,1.2218467233259882,1,1,0,0,,,,False
2026-08-10 22:46:00+08:00,122.25,122.25,0,0.0,123.68836728,1.0,0.0,123.68836728,1.169697348085939,1,1,0,0,,,,False
2026-08-10 22:47:00+08:00,122.25,122.25,0,0.0,123.65610636,1.0,0.0,123.65610636,1.1436123980927038,1,1,0,0,,,,False
2026-08-10 22:48:00+08:00,122.25,122.25,0,0.0,123.68836728,1.0,0.0,123.68836728,1.169697348085939,1,1,0,0,,,,False
2026-08-10 22:49:00+08:00,122.25,122.25,0,0.0,123.68836728,1.0,0.0,123.68836728,1.169697348085939,1,1,0,0,,,,False
2026-08-10 22:50:00+08:00,122.25,122.25,0,0.0,123.73382060000002,1.0,0.0,123.73382060000002,1.2064375586822766,1,1,0,0,,,,False
2026-08-10 22:51:00+08:00,122.25,122.25,0,0.0,123.60476316000002,1.0,0.0,123.60476316000002,1.1020841268943415,1,1,0,0,,,,False
2026-08-10 22:52:00+08:00,122.25,122.25,0,0.0,123.43698848800004,1.0,0.0,123.43698848800004,0.966260765622923,1,1,0,0,,,,False
2026-08-10 22:53:00+08:00,122.25,122.25,0,0.0,123.28211956000004,1.0,0.0,123.28211956000004,0.8407206045788321,1,1,0,0,,,,False
2026-08-10 22:54:00+08:00,121.75,121.75,0,0.0,123.0885334,1.0,0.0,123.0885334,1.09340092951235,1,1,0,0,,,,False
2026-08-10 22:55:00+08:00,121.75,121.75,0,0.0,123.0050922,1.0,0.0,123.0050922,1.0255902655332023,1,1,0,0,,,,False
2026-08-10 22:56:00+08:00,121.75,121.75,0,0.0,122.9405734,1.0,0.0,122.9405734,0.9731256774274992,1,1,0,0,,,,False
2026-08-10 22:57:00+08:00,121.75,121.75,0,0.0,123.06961099999998,1.0,0.0,123.06961099999998,1.078027201015347,1,1,0,0,,,,False
2026-08-10 22:58:00+08:00,121.75,121.75,0,0.0,123.06961099999998,1.0,0.0,123.06961099999998,1.078027201015347,1,1,0,0,,,,False
2026-08-10 22:59:00+08:00,121.75,121.75,0,0.0,122.8760546,1.0,0.0,122.8760546,0.9206334148186056,1,1,0,0,,,,False
2026-08-10 23:00:00+08:00,121.75,121.75,0,0.0,122.86519616,1.0,0.0,122.86519616,0.9117963049773684,1,1,0,0,,,,False
2026-08-10 23:01:00+08:00,121.75,121.75,0,0.0,122.96199122,1.0,0.0,122.96199122,0.9905450190304748,1,1,0,0,,,,False
2026-08-10 23:02:00+08:00,121.75,121.75,0,0.0,123.05878628,1.0,0.0,123.05878628,1.0692314601021573,1,1,0,0,,,,False
2026-08-10 23:03:00+08:00,121.75,121.75,0,0.0,123.05878628,1.0,0.0,123.05878628,1.0692314601021573,1,1,0,0,,,,False
2026-08-10 23:04:00+08:00,122.25,122.25,0,0.0,123.28464142,1.0,0.0,123.28464142,0.8427661482032516,1,1,0,0,,,,False
2026-08-10 23:05:00+08:00,122.25,122.25,0,0.0,123.3122358,1.0,0.0,123.3122358,0.8651458939029667,1,1,0,0,,,,False
2026-08-10 23:06:00+08:00,122.0,122.0,0,0.0,123.17342883299996,1.0,0.0,123.17342883299996,0.9572234956988394,1,1,0,0,,,,False
2026-08-10 23:07:00+08:00,122.0,122.0,0,0.0,123.30676501,1.0,0.0,123.30676501,1.0654129411773343,1,1,0,0,,,,False
2026-08-10 23:08:00+08:00,122.0,122.0,0,0.0,123.15083235,1.0,0.0,123.15083235,0.9388769672680262,1,1,0,0,,,,False
2026-08-10 23:09:00+08:00,122.0,122.0,0,0.0,123.02170959,1.0,0.0,123.02170959,0.8339747459191665,1,1,0,0,,,,False
2026-08-10 23:10:00+08:00,122.25,122.25,0,0.0,123.09585836,1.0,0.0,123.09585836,0.6895232433545843,1,1,0,0,,,,False
2026-08-10 23:11:00+08:00,122.0,122.0,0,0.0,123.0108117,1.0,0.0,123.0108117,0.8251159962995257,1,1,0,0,,,,False
2026-08-10 23:12:00+08:00,121.75,121.75,0,0.0,122.83766044,1.0,0.0,122.83766044,0.889382921479657,1,1,0,0,,,,False
2026-08-10 23:13:00+08:00,122.0,122.0,0,0.0,122.98975808,1.0,0.0,122.98975808,0.8079995570074416,1,1,0,0,,,,False
2026-08-10 23:14:00+08:00,121.75,121.75,0,0.0,123.1281331,1.0,0.0,123.1281331,1.1255664869326671,1,1,0,0,,,,False
2026-08-10 23:15:00+08:00,121.75,121.75,0,0.0,123.21560496,1.0,0.0,123.21560496,1.1965801976479995,1,1,0,0,,,,False
2026-08-10 23:16:00+08:00,121.75,121.75,0,0.0,123.0865496,1.0,0.0,123.0865496,1.091789279160804,1,1,0,0,,,,False
2026-08-10 23:17:00+08:00,121.75,121.75,0,0.0,123.11881343999998,1.0,0.0,123.11881343999998,1.1179973641971208,1,1,0,0,,,,False
2026-08-10 23:18:00+08:00,121.75,121.75,0,0.0,123.047832992,1.0,0.0,123.047832992,1.060330458106975,1,1,0,0,,,,False
2026-08-10 23:19:00+08:00,122.0,122.0,0,0.0,123.16979030720002,1.0,0.0,123.16979030720002,0.954269533562238,1,1,0,0,,,,False
2026-08-10 23:20:00+08:00,121.75,121.75,0,0.0,123.12813284,1.0,0.0,123.12813284,1.125566275777233,1,1,0,0,,,,False
2026-08-10 23:21:00+08:00,121.75,121.75,0,0.0,122.87013780000002,1.0,0.0,122.87013780000002,0.9158181416084732,1,1,0,0,,,,False
2026-08-10 23:22:00+08:00,121.75,121.75,0,0.0,122.93463656,1.0,0.0,122.93463656,0.9682966422859148,1,1,0,0,,,,False
2026-08-10 23:23:00+08:00,121.75,121.75,0,0.0,123.06363408,1.0,0.0,123.06363408,1.073170687520395,1,1,0,0,,,,False
2026-08-10 23:24:00+08:00,121.75,121.75,0,0.0,122.93463656,1.0,0.0,122.93463656,0.9682966422859148,1,1,0,0,,,,False
2026-08-10 23:25:00+08:00,121.75,121.75,0,0.0,122.8464015,1.0,0.0,122.8464015,0.8964984711764036,1,1,0,0,,,,False
2026-08-10 23:26:00+08:00,121.75,121.75,0,0.0,122.74967205,1.0,0.0,122.74967205,0.8177287450885159,1,1,0,0,,,,False
2026-08-10 23:27:00+08:00,121.75,121.75,0,0.0,122.83995287,1.0,0.0,122.83995287,0.8912490944215657,1,1,0,0,,,,False
2026-08-10 23:28:00+08:00,121.75,121.75,0,0.0,122.81415835,1.0,0.0,122.81415835,0.8702488191070615,1,1,0,0,,,,False
2026-08-10 23:29:00+08:00,121.75,121.75,0,0.0,122.74967205,1.0,0.0,122.74967205,0.8177287450885159,1,1,0,0,,,,False
2026-08-10 23:30:00+08:00,121.75,121.75,0,0.0,122.78427768000002,1.0,0.0,122.78427768000002,0.8459163188184871,1,1,0,0,,,,False
2026-08-10 23:31:00+08:00,121.25,121.25,0,0.0,122.65526872,1.0,0.0,122.65526872,1.152306981620179,1,1,0,0,,,,False
2026-08-10 23:32:00+08:00,121.25,121.25,0,0.0,122.59076424,1.0,0.0,122.59076424,1.0997047554201012,1,1,0,0,,,,False
2026-08-10 23:33:00+08:00,121.25,121.25,0,0.0,122.68752096,1.0,0.0,122.68752096,1.178597662502047,1,1,0,0,,,,False
2026-08-10 23:34:00+08:00,121.25,121.25,0,0.0,122.558512,1.0,0.0,122.558512,1.0733932045817935,1,1,0,0,,,,False
2026-08-10 23:35:00+08:00,121.25,121.25,0,0.0,122.65024876,1.0,0.0,122.65024876,1.1482142942608096,1,1,0,0,,,,False
2026-08-10 23:36:00+08:00,121.25,121.25,0,0.0,122.68249968,1.0,0.0,122.68249968,1.174504981401998,1,1,0,0,,,,False
2026-08-10 23:37:00+08:00,121.25,121.25,0,0.0,122.58574692,1.0,0.0,122.58574692,1.0956120559617832,1,1,0,0,,,,False
2026-08-10 23:38:00+08:00,121.25,121.25,0,0.0,122.5541410184,1.0,0.0,122.5541410184,1.0698267986363403,1,1,0,0,,,,False
2026-08-10 23:39:00+08:00,121.25,121.25,0,0.0,122.553496,1.0,0.0,122.553496,1.0693004992840591,1,1,0,0,,,,False
2026-08-10 23:40:00+08:00,121.25,121.25,0,0.0,122.78062296,1.0,0.0,122.78062296,1.2544515450021143,1,1,0,0,,,,False
2026-08-10 23:41:00+08:00,121.25,121.25,0,0.0,122.78062296,1.0,0.0,122.78062296,1.2544515450021143,1,1,0,0,,,,False
2026-08-10 23:42:00+08:00,121.25,121.25,0,0.0,122.78062296,1.0,0.0,122.78062296,1.2544515450021143,1,1,0,0,,,,False
2026-08-10 23:43:00+08:00,121.25,121.25,0,0.0,122.84512552,1.0,0.0,122.84512552,1.3069704006598963,1,1,0,0,,,,False
2026-08-10 23:44:00+08:00,121.25,121.25,0,0.0,122.94187936,1.0,0.0,122.94187936,1.3856966615222674,1,1,0,0,,,,False
2026-08-10 23:45:00+08:00,121.25,121.25,0,0.0,122.94279423999998,1.0,0.0,122.94279423999998,1.3864407795229656,1,1,0,0,,,,False
2026-08-10 23:46:00+08:00,121.75,121.75,0,0.0,122.81378816,1.0,0.0,122.81378816,0.8699474014558765,1,1,0,0,,,,False
2026-08-10 23:47:00+08:00,121.25,121.25,0,0.0,122.91054272,1.0,0.0,122.91054272,1.3602056265940423,1,1,0,0,,,,False
2026-08-10 23:48:00+08:00,121.25,121.25,0,0.0,122.74928512,1.0,0.0,122.74928512,1.228925830059424,1,1,0,0,,,,False
2026-08-10 23:49:00+08:00,121.25,121.25,0,0.0,122.758960576,1.0,0.0,122.758960576,1.236807511034022,1,1,0,0,,,,False
2026-08-10 23:50:00+08:00,121.25,121.25,0,0.0,122.84394752,1.0,0.0,122.84394752,1.3060115059750796,1,1,0,0,,,,False
2026-08-10 23:51:00+08:00,121.75,121.75,0,0.0,122.9084664,1.0,0.0,122.9084664,0.9470069988144048,1,1,0,0,,,,False
2026-08-10 23:52:00+08:00,121.75,121.75,0,0.0,122.9084664,1.0,0.0,122.9084664,0.9470069988144048,1,1,0,0,,,,False
2026-08-10 23:53:00+08:00,121.75,121.75,0,0.0,122.94072583999998,1.0,0.0,122.94072583999998,0.973249669281364,1,1,0,0,,,,False
2026-08-10 23:54:00+08:00,121.75,121.75,0,0.0,123.03750416,1.0,0.0,123.03750416,1.0519361798455598,1,1,0,0,,,,False
2026-08-10 23:55:00+08:00,121.75,121.75,0,0.0,122.98724736,1.0,0.0,122.98724736,1.0110821898556897,1,1,0,0,,,,False
2026-08-10 23:56:00+08:00,121.75,121.75,0,0.0,123.01950208,1.0,0.0,123.01950208,1.037304132428302,1,1,0,0,,,,False
2026-08-10 23:57:00+08:00,121.75,121.75,0,0.0,122.98724736,1.0,0.0,122.98724736,1.0110821898556897,1,1,0,0,,,,False
2026-08-10 23:58:00+08:00,121.75,121.75,0,0.0,122.95499263999996,1.0,0.0,122.95499263999996,0.9848533346213396,1,1,0,0,,,,False
2026-08-10 23:59:00+08:00,121.75,121.75,0,0.0,122.95499263999996,1.0,0.0,122.95499263999996,0.9848533346213396,1,1,0,0,,,,False
2026-08-11 00:00:00+08:00,122.0,122.0,0,0.0,123.08139935,1.0,0.0,123.08139935,0.8824817818635472,1,1,0,0,,,,False
2026-08-11 00:01:00+08:00,121.75,121.75,0,0.0,123.07953,1.0,0.0,123.07953,1.0860863066640738,1,1,0,0,,,,False
2026-08-11 00:02:00+08:00,122.0,122.0,0,0.0,123.07354045,1.0,0.0,123.07354045,0.8760965774018513,1,1,0,0,,,,False
2026-08-11 00:03:00+08:00,121.75,121.75,0,0.0,123.015006,1.0,0.0,123.015006,1.0336493934921511,1,1,0,0,,,,False
2026-08-11 00:04:00+08:00,121.75,121.75,0,0.0,122.950482,1.0,0.0,122.950482,0.9811848265995716,1,1,0,0,,,,False
2026-08-11 00:05:00+08:00,121.75,121.75,0,0.0,122.8805391,1.0,0.0,122.8805391,0.9242828832076976,1,1,0,0,,,,False
2026-08-11 00:06:00+08:00,121.75,121.75,0,0.0,122.68702644,1.0,0.0,122.68702644,0.7666812623659542,1,1,0,0,,,,False
2026-08-11 00:07:00+08:00,121.75,121.75,0,0.0,122.71927854999998,1.0,0.0,122.71927854999998,0.7929655257699326,1,1,0,0,,,,False
2026-08-11 00:08:00+08:00,121.75,121.75,0,0.0,122.71927854999998,1.0,0.0,122.71927854999998,0.7929655257699326,1,1,0,0,,,,False
2026-08-11 00:09:00+08:00,122.0,122.0,0,0.0,122.5175931,1.0,0.0,122.5175931,0.4233585759109937,1,1,0,0,,,,False
2026-08-11 00:10:00+08:00,121.75,121.75,0,0.0,122.58211,1.0,0.0,122.58211,0.6811302861502848,1,1,0,0,,,,False
2026-08-11 00:11:00+08:00,121.25,121.25,0,0.0,122.48533465,1.0,0.0,122.48533465,1.013668905884261,1,1,0,0,,,,False
2026-08-11 00:12:00+08:00,121.25,121.25,0,0.0,122.5175931,1.0,0.0,122.5175931,1.040001325754567,1,1,0,0,,,,False
2026-08-11 00:13:00+08:00,121.25,121.25,0,0.0,122.54985155,1.0,0.0,122.54985155,1.0663267772609222,1,1,0,0,,,,False
2026-08-11 00:14:00+08:00,121.25,121.25,0,0.0,122.54339986000002,1.0,0.0,122.54339986000002,1.0610622442960027,1,1,0,0,,,,False
2026-08-11 00:15:00+08:00,121.25,121.25,0,0.0,122.4648438,1.0,0.0,122.4648438,0.9969387018518542,1,1,0,0,,,,False
2026-08-11 00:16:00+08:00,122.0,122.0,0,0.0,122.62594402000002,1.0,0.0,122.62594402000002,0.5117560383937398,1,1,0,0,,,,False
2026-08-11 00:17:00+08:00,122.0,122.0,0,0.0,122.77026554999998,1.0,0.0,122.77026554999998,0.6293783669100378,1,1,0,0,,,,False
2026-08-11 00:18:00+08:00,121.25,121.25,0,0.0,122.75519774999998,1.0,0.0,122.75519774999998,1.2337423660475932,1,1,0,0,,,,False
2026-08-11 00:19:00+08:00,121.25,121.25,0,0.0,122.59389000000002,1.0,0.0,122.59389000000002,1.1022543972703325,1,1,0,0,,,,False
2026-08-11 00:20:00+08:00,121.25,121.25,0,0.0,122.67751627000004,1.0,0.0,122.67751627000004,1.170443000304999,1,1,0,0,,,,False
2026-08-11 00:21:00+08:00,121.25,121.25,0,0.0,122.67751627000004,1.0,0.0,122.67751627000004,1.170443000304999,1,1,0,0,,,,False
2026-08-11 00:22:00+08:00,121.25,121.25,0,0.0,122.67751627000004,1.0,0.0,122.67751627000004,1.170443000304999,1,1,0,0,,,,False
2026-08-11 00:23:00+08:00,121.25,121.25,0,0.0,122.67751627000004,1.0,0.0,122.67751627000004,1.170443000304999,1,1,0,0,,,,False
2026-08-11 00:24:00+08:00,121.25,121.25,0,0.0,122.67751627000004,1.0,0.0,122.67751627000004,1.170443000304999,1,1,0,0,,,,False
2026-08-11 00:25:00+08:00,121.25,121.25,0,0.0,122.75230594999998,1.0,0.0,122.75230594999998,1.231386682310966,1,1,0,0,,,,False
2026-08-11 00:26:00+08:00,121.25,121.25,0,0.0,122.591002,1.0,0.0,122.591002,1.09989869546222,1,1,0,0,,,,False
2026-08-11 00:27:00+08:00,121.25,121.25,0,0.0,122.46195884,1.0,0.0,122.46195884,0.9945829870381326,1,1,0,0,,,,False
2026-08-11 00:28:00+08:00,121.25,121.25,0,0.0,122.36517647,1.0,0.0,122.36517647,0.9155229868343914,1,1,0,0,,,,False
2026-08-11 00:29:00+08:00,121.25,121.25,0,0.0,122.30065489,1.0,0.0,122.30065489,0.8627814123304409,1,1,0,0,,,,False
2026-08-11 00:30:00+08:00,121.25,121.25,0,0.0,122.35580776,1.0,0.0,122.35580776,0.9078664997095884,1,1,0,0,,,,False
2026-08-11 00:31:00+08:00,121.25,121.25,0,0.0,122.06548288000002,1.0,0.0,122.06548288000002,0.6703090739212878,1,1,0,0,,,,False
2026-08-11 00:32:00+08:00,121.25,121.25,0,0.0,122.29129111999998,1.0,0.0,122.29129111999998,0.8551249073299096,1,1,0,0,,,,False
2026-08-11 00:33:00+08:00,121.25,121.25,0,0.0,122.16225783999998,1.0,0.0,122.16225783999998,0.7495578473288123,1,1,0,0,,,,False
2026-08-11 00:34:00+08:00,121.25,121.25,0,0.0,122.0977412,1.0,0.0,122.0977412,0.6967323352331997,1,1,0,0,,,,False
2026-08-11 00:35:00+08:00,121.25,121.25,0,0.0,122.11265964,1.0,0.0,122.11265964,0.7089498785689633,1,1,0,0,,,,False
2026-08-11 00:36:00+08:00,121.25,121.25,0,0.0,122.14491338,1.0,0.0,122.14491338,0.7353591474632202,1,1,0,0,,,,False
2026-08-11 00:37:00+08:00,121.25,121.25,0,0.0,122.1133047148,1.0,0.0,122.1133047148,0.709478132548968,1,1,0,0,,,,False
2026-08-11 00:38:00+08:00,121.25,121.25,0,0.0,122.11265964,1.0,0.0,122.11265964,0.7089498785689633,1,1,0,0,,,,False
2026-08-11 00:39:00+08:00,121.25,121.25,0,0.0,122.11265964,1.0,0.0,122.11265964,0.7089498785689633,1,1,0,0,,,,False
2026-08-11 00:40:00+08:00,121.25,121.25,0,0.0,122.16877148,1.0,0.0,122.16877148,0.754889587531649,1,1,0,0,,,,False
2026-08-11 00:41:00+08:00,121.25,121.25,0,0.0,122.00747127999998,1.0,0.0,122.00747127999998,0.6227732912080577,1,1,0,0,,,,False
2026-08-11 00:42:00+08:00,120.75,120.75,0,0.0,122.03973132,1.0,0.0,122.03973132,1.062426580389518,1,1,0,0,,,,False
2026-08-11 00:43:00+08:00,120.75,120.75,0,0.0,121.97521124,1.0,0.0,121.97521124,1.0095459254033057,1,1,0,0,,,,False
2026-08-11 00:44:00+08:00,120.75,120.75,0,0.0,121.94295119999995,1.0,0.0,121.94295119999995,0.9830950541426088,1,1,0,0,,,,False
2026-08-11 00:45:00+08:00,120.75,120.75,0,0.0,121.95600376,1.0,0.0,121.95600376,0.9937980448086148,1,1,0,0,,,,False
2026-08-11 00:46:00+08:00,121.25,121.25,0,0.0,122.0850236,1.0,0.0,122.0850236,0.6863159997655179,1,1,0,0,,,,False
2026-08-11 00:47:00+08:00,121.0,121.0,0,0.0,122.0850236,1.0,0.0,122.0850236,0.8927111871650487,1,1,0,0,,,,False
2026-08-11 00:48:00+08:00,121.25,121.25,0,0.0,122.02051367999998,1.0,0.0,122.02051367999998,0.6334624516093383,1,1,0,0,,,,False
2026-08-11 00:49:00+08:00,121.25,121.25,0,0.0,122.05276864,1.0,0.0,122.05276864,0.6598927291187576,1,1,0,0,,,,False
2026-08-11 00:50:00+08:00,120.75,120.75,0,0.0,121.91352541,1.0,0.0,121.91352541,0.9589619272481262,1,1,0,0,,,,False
2026-08-11 00:51:00+08:00,121.0,121.0,0,0.0,121.93944935000002,1.0,0.0,121.93944935000002,0.7734020576020689,1,1,0,0,,,,False
2026-08-11 00:52:00+08:00,120.75,120.75,0,0.0,121.939334042,1.0,0.0,121.939334042,0.9801288109300856,1,1,0,0,,,,False
2026-08-11 00:53:00+08:00,120.75,120.75,0,0.0,121.88126462,1.0,0.0,121.88126462,0.9324969902553492,1,1,0,0,,,,False
2026-08-11 00:54:00+08:00,120.75,120.75,0,0.0,121.88126462,1.0,0.0,121.88126462,0.9324969902553492,1,1,0,0,,,,False
2026-08-11 00:55:00+08:00,121.0,121.0,0,0.0,121.86917502,1.0,0.0,121.86917502,0.7157557313960808,1,1,0,0,,,,False
2026-08-11 00:56:00+08:00,120.75,120.75,0,0.0,121.92607169,1.0,0.0,121.92607169,0.9692522891192517,1,1,0,0,,,,False
2026-08-11 00:57:00+08:00,120.75,120.75,0,0.0,121.9583358,1.0,0.0,121.9583358,0.9957101770049832,1,1,0,0,,,,False
2026-08-11 00:58:00+08:00,120.75,120.75,0,0.0,121.86154347000002,1.0,0.0,121.86154347000002,0.91631540206368,1,1,0,0,,,,False
2026-08-11 00:59:00+08:00,120.75,120.75,0,0.0,121.92607169,1.0,0.0,121.92607169,0.9692522891192517,1,1,0,0,,,,False
2026-08-11 01:00:00+08:00,120.75,120.75,0,0.0,121.84624662000002,1.0,0.0,121.84624662000002,0.9037622265584055,1,1,0,0,,,,False
2026-08-11 01:01:00+08:00,121.0,121.0,0,0.0,121.76549400000002,1.0,0.0,121.76549400000002,0.6306448147857603,1,1,0,0,,,,False
2026-08-11 01:02:00+08:00,120.75,120.75,0,0.0,121.74946644000002,1.0,0.0,121.74946644000002,0.8243040322295402,1,1,0,0,,,,False
2026-08-11 01:03:00+08:00,120.75,120.75,0,0.0,121.71720638,1.0,0.0,121.71720638,0.7978038716577334,1,1,0,0,,,,False
2026-08-11 01:04:00+08:00,120.75,120.75,0,0.0,121.78172650000002,1.0,0.0,121.78172650000002,0.8507971430286412,1,1,0,0,,,,False
2026-08-11 01:05:00+08:00,120.75,120.75,0,0.0,121.72324317999998,1.0,0.0,121.72324317999998,0.8027633624527355,1,1,0,0,,,,False
2026-08-11 01:06:00+08:00,120.75,120.75,0,0.0,121.75550484,1.0,0.0,121.75550484,0.8292635176784222,1,1,0,0,,,,False
2026-08-11 01:07:00+08:00,120.75,120.75,0,0.0,121.7877665,1.0,0.0,121.7877665,0.8557566229587619,1,1,0,0,,,,False
2026-08-11 01:08:00+08:00,120.75,120.75,0,0.0,121.82002816,1.0,0.0,121.82002816,0.8822426811066687,1,1,0,0,,,,False
2026-08-11 01:09:00+08:00,120.75,120.75,0,0.0,121.85228982,1.0,0.0,121.85228982,0.9087216949335964,1,1,0,0,,,,False
2026-08-11 01:10:00+08:00,121.25,121.25,0,0.0,121.9610952,1.0,0.0,121.9610952,0.5847555592932527,1,1,0,0,,,,False
2026-08-11 01:11:00+08:00,120.75,120.75,0,0.0,121.92883036,1.0,0.0,121.92883036,0.971514786231069,1,1,0,0,,,,False
2026-08-11 01:12:00+08:00,121.25,121.25,0,0.0,121.89656552,1.0,0.0,121.89656552,0.5318319167842218,1,1,0,0,,,,False
2026-08-11 01:13:00+08:00,121.25,121.25,0,0.0,121.9610952,1.0,0.0,121.9610952,0.5847555592932527,1,1,0,0,,,,False
2026-08-11 01:14:00+08:00,121.25,121.25,0,0.0,121.99336004,1.0,0.0,121.99336004,0.6112068505202128,1,1,0,0,,,,False
2026-08-11 01:15:00+08:00,121.25,121.25,0,0.0,121.9811096,1.0,0.0,121.9811096,0.6011645477441924,1,1,0,0,,,,False
2026-08-11 01:16:00+08:00,121.25,121.25,0,0.0,122.0133712,1.0,0.0,122.0133712,0.6276088309015498,1,1,0,0,,,,False
2026-08-11 01:17:00+08:00,121.25,121.25,0,0.0,121.9811096,1.0,0.0,121.9811096,0.6011645477441924,1,1,0,0,,,,False
2026-08-11 01:18:00+08:00,121.25,121.25,0,0.0,121.88432480000002,1.0,0.0,121.88432480000002,0.5217895914300094,1,1,0,0,,,,False
2026-08-11 01:19:00+08:00,121.25,121.25,0,0.0,121.85206320000002,1.0,0.0,121.85206320000002,0.4953172277313832,1,1,0,0,,,,False
2026-08-11 01:20:00+08:00,121.25,121.25,0,0.0,121.89312754,1.0,0.0,121.89312754,0.5290114892465488,1,1,0,0,,,,False
2026-08-11 01:21:00+08:00,121.25,121.25,0,0.0,121.86086361000002,1.0,0.0,121.86086361000002,0.5025391304437758,1,1,0,0,,,,False
2026-08-11 01:22:00+08:00,121.5,121.5,0,0.0,122.01563013,1.0,0.0,122.01563013,0.4234883237061521,1,1,0,0,,,,False
2026-08-11 01:23:00+08:00,121.25,121.25,0,0.0,122.02218326000002,1.0,0.0,122.02218326000002,0.6348307066202796,1,1,0,0,,,,False
2026-08-11 01:24:00+08:00,121.25,121.25,0,0.0,121.92539147,1.0,0.0,121.92539147,0.5554768234706968,1,1,0,0,,,,False
2026-08-11 01:25:00+08:00,121.25,121.25,0,0.0,121.93782438,1.0,0.0,121.93782438,0.5656733693420686,1,1,0,0,,,,False
2026-08-11 01:26:00+08:00,121.25,121.25,0,0.0,121.9700916,1.0,0.0,121.9700916,0.5921316740430037,1,1,0,0,,,,False
2026-08-11 01:27:00+08:00,121.25,121.25,0,0.0,121.93782438,1.0,0.0,121.93782438,0.5656733693420686,1,1,0,0,,,,False
2026-08-11 01:28:00+08:00,120.75,120.75,0,0.0,121.87328994000002,1.0,0.0,121.87328994000002,0.92595392658125,1,1,0,0,,,,False
2026-08-11 01:29:00+08:00,120.75,120.75,0,0.0,121.93782438,1.0,0.0,121.93782438,0.9788907894613754,1,1,0,0,,,,False
2026-08-11 01:30:00+08:00,120.75,120.75,0,0.0,121.9249002,1.0,0.0,121.9249002,0.9682914871144108,1,1,0,0,,,,False
2026-08-11 01:31:00+08:00,121.25,121.25,0,0.0,121.98942780000002,1.0,0.0,121.98942780000002,0.6079835055425299,1,1,0,0,,,,False
2026-08-11 01:32:00+08:00,121.25,121.25,0,0.0,122.0216916,1.0,0.0,122.0216916,0.6344277831297089,1,1,0,0,,,,False
2026-08-11 01:33:00+08:00,121.25,121.25,0,0.0,122.0216916,1.0,0.0,122.0216916,0.6344277831297089,1,1,0,0,,,,False
2026-08-11 01:34:00+08:00,121.25,121.25,0,0.0,121.98942780000002,1.0,0.0,121.98942780000002,0.6079835055425299,1,1,0,0,,,,False
2026-08-11 01:35:00+08:00,121.25,121.25,0,0.0,121.99555302000002,1.0,0.0,121.99555302000002,0.6130044399526732,1,1,0,0,,,,False
2026-08-11 01:36:00+08:00,121.25,121.25,0,0.0,121.99555302000002,1.0,0.0,121.99555302000002,0.6130044399526732,1,1,0,0,,,,False
2026-08-11 01:37:00+08:00,120.75,120.75,0,0.0,121.89875676,1.0,0.0,121.89875676,0.9468474311090038,1,1,0,0,,,,False
2026-08-11 01:38:00+08:00,120.75,120.75,0,0.0,121.93102218,1.0,0.0,121.93102218,0.9733123500065072,1,1,0,0,,,,False
2026-08-11 01:39:00+08:00,120.75,120.75,0,0.0,121.89875676,1.0,0.0,121.89875676,0.9468474311090038,1,1,0,0,,,,False
2026-08-11 01:40:00+08:00,120.75,120.75,0,0.0,121.87793998,1.0,0.0,121.87793998,0.929769242646144,1,1,0,0,,,,False
2026-08-11 01:41:00+08:00,121.5,121.5,0,0.0,121.95776879999998,1.0,0.0,121.95776879999998,0.3760560217538496,1,1,0,0,,,,False
2026-08-11 01:42:00+08:00,121.75,121.75,0,0.0,122.03923953,1.0,0.0,122.03923953,0.2372865435386832,1,1,0,0,,,,False
2026-08-11 01:43:00+08:00,121.75,121.75,0,0.0,122.03923953,1.0,0.0,122.03923953,0.2372865435386832,1,1,0,0,,,,False
2026-08-11 01:44:00+08:00,121.5,121.5,0,0.0,121.89229638000002,1.0,0.0,121.89229638000002,0.3223572691779366,1,1,0,0,,,,False
2026-08-11 01:45:00+08:00,121.5,121.5,0,0.0,121.92709202,1.0,0.0,121.92709202,0.3508993320800246,1,1,0,0,,,,False
2026-08-11 01:46:00+08:00,121.75,121.75,0,0.0,121.9568238,1.0,0.0,121.9568238,0.1697316445843477,1,1,0,0,,,,False
2026-08-11 01:47:00+08:00,121.5,121.5,0,0.0,121.9568238,1.0,0.0,121.9568238,0.3752811630987928,1,1,0,0,,,,False
2026-08-11 01:48:00+08:00,121.5,121.5,0,0.0,121.92456009,1.0,0.0,121.92456009,0.3488227234285889,1,1,0,0,,,,False
2026-08-11 01:49:00+08:00,121.5,121.5,0,0.0,121.92456009,1.0,0.0,121.92456009,0.3488227234285889,1,1,0,0,,,,False
2026-08-11 01:50:00+08:00,121.25,121.25,0,0.0,121.9604526,1.0,0.0,121.9604526,0.5842286730730837,1,1,0,0,,,,False
2026-08-11 01:51:00+08:00,121.25,121.25,0,0.0,121.9604526,1.0,0.0,121.9604526,0.5842286730730837,1,1,0,0,,,,False
2026-08-11 01:52:00+08:00,121.25,121.25,0,0.0,121.9604526,1.0,0.0,121.9604526,0.5842286730730837,1,1,0,0,,,,False
2026-08-11 01:53:00+08:00,121.25,121.25,0,0.0,121.99271727000004,1.0,0.0,121.99271727000004,0.6106799647165678,1,1,0,0,,,,False
2026-08-11 01:54:00+08:00,121.25,121.25,0,0.0,121.99271727000004,1.0,0.0,121.99271727000004,0.6106799647165678,1,1,0,0,,,,False
2026-08-11 01:55:00+08:00,121.25,121.25,0,0.0,122.01718034000002,1.0,0.0,122.01718034000002,0.6307306550170739,1,1,0,0,,,,False
2026-08-11 01:56:00+08:00,121.25,121.25,0,0.0,121.9849092,1.0,0.0,121.9849092,0.6042793794830745,1,1,0,0,,,,False
2026-08-11 01:57:00+08:00,121.25,121.25,0,0.0,122.01718034000002,1.0,0.0,122.01718034000002,0.6307306550170739,1,1,0,0,,,,False
2026-08-11 01:58:00+08:00,121.25,121.25,0,0.0,122.01718034000002,1.0,0.0,122.01718034000002,0.6307306550170739,1,1,0,0,,,,False
2026-08-11 01:59:00+08:00,121.25,121.25,0,0.0,122.01718034000002,1.0,0.0,122.01718034000002,0.6307306550170739,1,1,0,0,,,,False
2026-08-11 02:00:00+08:00,121.25,121.25,0,0.0,122.05607388,1.0,0.0,122.05607388,0.6626007046561231,1,1,0,0,,,,False
2026-08-11 02:01:00+08:00,121.5,121.5,0,0.0,122.01056359000002,1.0,0.0,122.01056359000002,0.4193358862736292,1,1,0,0,,,,False
2026-08-11 02:02:00+08:00,121.75,121.75,0,0.0,122.02380952,1.0,0.0,122.02380952,0.224642278462281,1,1,0,0,,,,False
2026-08-11 02:03:00+08:00,121.5,121.5,0,0.0,122.0611431,1.0,0.0,122.0611431,0.4607821205450809,1,1,0,0,,,,False
2026-08-11 02:04:00+08:00,121.75,121.75,0,0.0,122.1206026,1.0,0.0,122.1206026,0.3039338042788862,1,1,0,0,,,,False
2026-08-11 02:05:00+08:00,121.75,121.75,0,0.0,122.15366202,1.0,0.0,122.15366202,0.3310011966666565,1,1,0,0,,,,False
2026-08-11 02:06:00+08:00,121.75,121.75,0,0.0,122.12139745,1.0,0.0,122.12139745,0.3045846736299901,1,1,0,0,,,,False
2026-08-11 02:07:00+08:00,121.75,121.75,0,0.0,122.15366202,1.0,0.0,122.15366202,0.3310011966666565,1,1,0,0,,,,False
2026-08-11 02:08:00+08:00,121.75,121.75,0,0.0,122.15366202,1.0,0.0,122.15366202,0.3310011966666565,1,1,0,0,,,,False
2026-08-11 02:09:00+08:00,121.75,121.75,0,0.0,122.15366202,1.0,0.0,122.15366202,0.3310011966666565,1,1,0,0,,,,False
2026-08-11 02:10:00+08:00,121.75,121.75,0,0.0,122.26012432000002,1.0,0.0,122.26012432000002,0.418117339533854,1,1,0,0,,,,False
2026-08-11 02:11:00+08:00,121.75,121.75,0,0.0,122.19557304,1.0,0.0,122.19557304,0.3653052887554867,1,1,0,0,,,,False
2026-08-11 02:12:00+08:00,121.75,121.75,0,0.0,122.19557304,1.0,0.0,122.19557304,0.3653052887554867,1,1,0,0,,,,False
2026-08-11 02:13:00+08:00,121.75,121.75,0,0.0,122.19557304,1.0,0.0,122.19557304,0.3653052887554867,1,1,0,0,,,,False
2026-08-11 02:14:00+08:00,121.75,121.75,0,0.0,122.1632974,1.0,0.0,122.1632974,0.3388887808951449,1,1,0,0,,,,False
2026-08-11 02:15:00+08:00,121.75,121.75,0,0.0,122.1227222,1.0,0.0,122.1227222,0.3056694464535717,1,1,0,0,,,,False
2026-08-11 02:16:00+08:00,121.75,121.75,0,0.0,122.0911025784,1.0,0.0,122.0911025784,0.279774471812295,1,1,0,0,,,,False
2026-08-11 02:17:00+08:00,121.75,121.75,0,0.0,122.15498712,1.0,0.0,122.15498712,0.3320859690341104,1,1,0,0,,,,False
2026-08-11 02:18:00+08:00,121.75,121.75,0,0.0,122.1227222,1.0,0.0,122.1227222,0.3056694464535717,1,1,0,0,,,,False
2026-08-11 02:19:00+08:00,121.75,121.75,0,0.0,122.09045727999998,1.0,0.0,122.09045727999998,0.2792459330151575,1,1,0,0,,,,False
2026-08-11 02:20:00+08:00,121.75,121.75,0,0.0,122.03812700980002,1.0,0.0,122.03812700980002,0.2363749320642174,1,1,0,0,,,,False
2026-08-11 02:21:00+08:00,121.75,121.75,0,0.0,122.09685224000002,1.0,0.0,122.09685224000002,0.2844836722834853,1,1,0,0,,,,False
2026-08-11 02:22:00+08:00,121.75,121.75,0,0.0,122.22591868000002,1.0,0.0,122.22591868000002,0.3901357827238991,1,1,0,0,,,,False
2026-08-11 02:23:00+08:00,121.75,121.75,0,0.0,122.19365206999998,1.0,0.0,122.19365206999998,0.3637332361267413,1,1,0,0,,,,False
2026-08-11 02:24:00+08:00,121.75,121.75,0,0.0,122.19365206999998,1.0,0.0,122.19365206999998,0.3637332361267413,1,1,0,0,,,,False
2026-08-11 02:25:00+08:00,121.75,121.75,0,0.0,122.11217744,1.0,0.0,122.11217744,0.2970345330317744,1,1,0,0,,,,False
2026-08-11 02:26:00+08:00,121.75,121.75,0,0.0,122.01536546,1.0,0.0,122.01536546,0.2177220373363849,1,1,0,0,,,,False
2026-08-11 02:27:00+08:00,121.75,121.75,0,0.0,122.01536546,1.0,0.0,122.01536546,0.2177220373363849,1,1,0,0,,,,False
2026-08-11 02:28:00+08:00,121.75,121.75,0,0.0,122.0482815332,1.0,0.0,122.0482815332,0.2446953533258419,1,1,0,0,,,,False
2026-08-11 02:29:00+08:00,121.75,121.75,0,0.0,122.07990678,1.0,0.0,122.07990678,0.2706040324230218,1,1,0,0,,,,False
2026-08-11 02:30:00+08:00,121.75,121.75,0,0.0,122.13490990000004,1.0,0.0,122.13490990000004,0.3156488034932948,1,1,0,0,,,,False
2026-08-11 02:31:00+08:00,121.75,121.75,0,0.0,122.23171432,1.0,0.0,122.23171432,0.3948773959086171,1,1,0,0,,,,False
2026-08-11 02:32:00+08:00,121.75,121.75,0,0.0,122.22203387800002,1.0,0.0,122.22203387800002,0.3869573659709399,1,1,0,0,,,,False
2026-08-11 02:33:00+08:00,121.75,121.75,0,0.0,122.19944618,1.0,0.0,122.19944618,0.3684748516857611,1,1,0,0,,,,False
2026-08-11 02:34:00+08:00,121.75,121.75,0,0.0,122.19944618,1.0,0.0,122.19944618,0.3684748516857611,1,1,0,0,,,,False
2026-08-11 02:35:00+08:00,121.75,121.75,0,0.0,122.24856123,1.0,0.0,122.24856123,0.4086591556005404,1,1,0,0,,,,False
2026-08-11 02:36:00+08:00,121.75,121.75,0,0.0,122.11950495,1.0,0.0,122.11950495,0.3030349777236406,1,1,0,0,,,,False
2026-08-11 02:37:00+08:00,121.75,121.75,0,0.0,122.080788066,1.0,0.0,122.080788066,0.2713259212454,1,1,0,0,,,,False
2026-08-11 02:38:00+08:00,121.75,121.75,0,0.0,122.05497680999996,1.0,0.0,122.05497680999996,0.2501809552785651,1,1,0,0,,,,False
2026-08-11 02:39:00+08:00,121.75,121.75,0,0.0,122.11950495,1.0,0.0,122.11950495,0.3030349777236406,1,1,0,0,,,,False
2026-08-11 02:40:00+08:00,121.75,121.75,0,0.0,122.07365632,1.0,0.0,122.07365632,0.2654839361240959,1,1,0,0,,,,False
2026-08-11 02:41:00+08:00,121.75,121.75,0,0.0,122.17043776,1.0,0.0,122.17043776,0.3447335236530519,1,1,0,0,,,,False
2026-08-11 02:42:00+08:00,121.75,121.75,0,0.0,122.17043776,1.0,0.0,122.17043776,0.3447335236530519,1,1,0,0,,,,False
2026-08-11 02:43:00+08:00,121.75,121.75,0,0.0,122.17043776,1.0,0.0,122.17043776,0.3447335236530519,1,1,0,0,,,,False
2026-08-11 02:44:00+08:00,121.5,121.5,0,0.0,122.20421344000002,1.0,0.0,122.20421344000002,0.5779247146035867,1,1,0,0,,,,False
2026-08-11 02:45:00+08:00,121.75,121.75,0,0.0,122.2687352,1.0,0.0,122.2687352,0.4251601415562084,1,1,0,0,,,,False
2026-08-11 02:46:00+08:00,121.75,121.75,0,0.0,122.17195256,1.0,0.0,122.17195256,0.3459734194249712,1,1,0,0,,,,False
2026-08-11 02:47:00+08:00,121.75,121.75,0,0.0,122.20421344000002,1.0,0.0,122.20421344000002,0.3723759746512685,1,1,0,0,,,,False
2026-08-11 02:48:00+08:00,121.75,121.75,0,0.0,122.23647432,1.0,0.0,122.23647432,0.3987715477719185,1,1,0,0,,,,False
2026-08-11 02:49:00+08:00,121.75,121.75,0,0.0,122.13969168,1.0,0.0,122.13969168,0.3195638793223905,1,1,0,0,,,,False
2026-08-11 02:50:00+08:00,121.75,121.75,0,0.0,122.16437855999996,1.0,0.0,122.16437855999996,0.3397737865609611,1,1,0,0,,,,False
2026-08-11 02:51:00+08:00,121.75,121.75,0,0.0,122.16437855999996,1.0,0.0,122.16437855999996,0.3397737865609611,1,1,0,0,,,,False
2026-08-11 02:52:00+08:00,121.75,121.75,0,0.0,122.19663744,1.0,0.0,122.19663744,0.3661763447014859,1,1,0,0,,,,False
2026-08-11 02:53:00+08:00,121.75,121.75,0,0.0,122.2611552,1.0,0.0,122.2611552,0.4189605180804376,1,1,0,0,,,,False
2026-08-11 02:54:00+08:00,121.75,121.75,0,0.0,122.19663744,1.0,0.0,122.19663744,0.3661763447014859,1,1,0,0,,,,False
2026-08-11 02:55:00+08:00,121.75,121.75,0,0.0,122.1886911,1.0,0.0,122.1886911,0.3596732425035134,1,1,0,0,,,,False
2026-08-11 02:56:00+08:00,121.75,121.75,0,0.0,122.22095640000002,1.0,0.0,122.22095640000002,0.3860757911100436,1,1,0,0,,,,False
2026-08-11 02:57:00+08:00,121.75,121.75,0,0.0,122.3177523,1.0,0.0,122.3177523,0.4652415525195209,1,1,0,0,,,,False
2026-08-11 02:58:00+08:00,121.75,121.75,0,0.0,122.2532217,1.0,0.0,122.2532217,0.4124713571353731,1,1,0,0,,,,False
2026-08-11 02:59:00+08:00,121.75,121.75,0,0.0,122.3177523,1.0,0.0,122.3177523,0.4652415525195209,1,1,0,0,,,,False
2026-08-11 03:00:00+08:00,121.75,121.75,0,0.0,122.3608248,1.0,0.0,122.3608248,0.5004487617461879,1,1,0,0,,,,False
2026-08-11 03:01:00+08:00,121.75,121.75,0,0.0,122.4898974,1.0,0.0,122.4898974,0.6058775882862696,1,1,0,0,,,,False
2026-08-11 03:02:00+08:00,121.75,121.75,0,0.0,122.39309295,1.0,0.0,122.39309295,0.5268164191986496,1,1,0,0,,,,False
2026-08-11 03:03:00+08:00,121.75,121.75,0,0.0,122.39309295,1.0,0.0,122.39309295,0.5268164191986496,1,1,0,0,,,,False
2026-08-11 03:04:00+08:00,121.75,121.75,0,0.0,122.39309295,1.0,0.0,122.39309295,0.5268164191986496,1,1,0,0,,,,False
2026-08-11 03:05:00+08:00,121.75,121.75,0,0.0,122.4275349,1.0,0.0,122.4275349,0.5549526906948864,1,1,0,0,,,,False
2026-08-11 03:06:00+08:00,121.75,121.75,0,0.0,122.49205533999998,1.0,0.0,122.49205533999998,0.607639285516978,1,1,0,0,,,,False
2026-08-11 03:07:00+08:00,121.75,121.75,0,0.0,122.4275349,1.0,0.0,122.4275349,0.5549526906948864,1,1,0,0,,,,False
2026-08-11 03:08:00+08:00,121.75,121.75,0,0.0,122.4275349,1.0,0.0,122.4275349,0.5549526906948864,1,1,0,0,,,,False
2026-08-11 03:09:00+08:00,121.75,121.75,0,0.0,122.52431555999996,1.0,0.0,122.52431555999996,0.6339721458024276,1,1,0,0,,,,False
2026-08-11 03:10:00+08:00,121.75,121.75,0,0.0,122.49433354,1.0,0.0,122.49433354,0.609499126724346,1,1,0,0,,,,False
2026-08-11 03:11:00+08:00,121.75,121.75,0,0.0,122.52659436,1.0,0.0,122.52659436,0.635831985487314,1,1,0,0,,,,False
2026-08-11 03:12:00+08:00,122.0,122.0,0,0.0,122.60050199999998,1.0,0.0,122.60050199999998,0.4910063512461454,1,1,0,0,,,,False
2026-08-11 03:13:00+08:00,121.75,121.75,0,0.0,122.55885518000002,1.0,0.0,122.55885518000002,0.6621578897777415,1,1,0,0,,,,False
2026-08-11 03:14:00+08:00,121.75,121.75,0,0.0,122.46207272,1.0,0.0,122.46207272,0.5831593107327105,1,1,0,0,,,,False
2026-08-11 03:15:00+08:00,121.75,121.75,0,0.0,122.57530485,1.0,0.0,122.57530485,0.6755786925195316,1,1,0,0,,,,False
2026-08-11 03:16:00+08:00,121.75,121.75,0,0.0,122.57530485,1.0,0.0,122.57530485,0.6755786925195316,1,1,0,0,,,,False
2026-08-11 03:17:00+08:00,121.75,121.75,0,0.0,122.57530485,1.0,0.0,122.57530485,0.6755786925195316,1,1,0,0,,,,False
2026-08-11 03:18:00+08:00,121.75,121.75,0,0.0,122.57530485,1.0,0.0,122.57530485,0.6755786925195316,1,1,0,0,,,,False
2026-08-11 03:19:00+08:00,121.75,121.75,0,0.0,122.57530485,1.0,0.0,122.57530485,0.6755786925195316,1,1,0,0,,,,False
2026-08-11 03:20:00+08:00,121.75,121.75,0,0.0,122.54292576,1.0,0.0,122.54292576,0.6491598211722223,1,1,0,0,,,,False
2026-08-11 03:21:00+08:00,121.75,121.75,0,0.0,122.57519088,1.0,0.0,122.57519088,0.6754857139600472,1,1,0,0,,,,False
2026-08-11 03:22:00+08:00,121.75,121.75,0,0.0,122.48807505600004,1.0,0.0,122.48807505600004,0.6043898403889719,1,1,0,0,,,,False
2026-08-11 03:23:00+08:00,121.75,121.75,0,0.0,122.51066064,1.0,0.0,122.51066064,0.6228269734528395,1,1,0,0,,,,False
2026-08-11 03:24:00+08:00,121.75,121.75,0,0.0,122.67198624000002,1.0,0.0,122.67198624000002,0.7544216902768458,1,1,0,0,,,,False
2026-08-11 03:25:00+08:00,121.75,121.75,0,0.0,122.64853944,1.0,0.0,122.64853944,0.7353067183288837,1,1,0,0,,,,False
2026-08-11 03:26:00+08:00,121.75,121.75,0,0.0,122.71307432,1.0,0.0,122.71307432,0.7879098491082118,1,1,0,0,,,,False
2026-08-11 03:27:00+08:00,121.75,121.75,0,0.0,122.7776092,1.0,0.0,122.7776092,0.8404852142152187,1,1,0,0,,,,False
2026-08-11 03:28:00+08:00,121.75,121.75,0,0.0,122.84214408,1.0,0.0,122.84214408,0.8930328356276104,1,1,0,0,,,,False
2026-08-11 03:29:00+08:00,121.75,121.75,0,0.0,122.9395917488,1.0,0.0,122.9395917488,0.9723272169428891,1,1,0,0,,,,False
2026-08-11 03:30:00+08:00,121.75,121.75,0,0.0,123.03380409000002,1.0,0.0,123.03380409000002,1.0489289475442582,1,1,0,0,,,,False
2026-08-11 03:31:00+08:00,121.75,121.75,0,0.0,122.96927023,1.0,0.0,122.96927023,0.9964644213380274,1,1,0,0,,,,False
2026-08-11 03:32:00+08:00,121.75,121.75,0,0.0,122.77566865,1.0,0.0,122.77566865,0.8389046889535913,1,1,0,0,,,,False
2026-08-11 03:33:00+08:00,121.75,121.75,0,0.0,122.77566865,1.0,0.0,122.77566865,0.8389046889535913,1,1,0,0,,,,False
2026-08-11 03:34:00+08:00,121.75,121.75,0,0.0,122.80858091860004,1.0,0.0,122.80858091860004,0.8657074428742877,1,1,0,0,,,,False
2026-08-11 03:35:00+08:00,121.75,121.75,0,0.0,122.70892905,1.0,0.0,122.70892905,0.7845318260425465,1,1,0,0,,,,False
2026-08-11 03:36:00+08:00,121.75,121.75,0,0.0,122.70892905,1.0,0.0,122.70892905,0.7845318260425465,1,1,0,0,,,,False
2026-08-11 03:37:00+08:00,121.75,121.75,0,0.0,122.548242627,1.0,0.0,122.548242627,0.6534984602560422,1,1,0,0,,,,False
2026-08-11 03:38:00+08:00,121.75,121.75,0,0.0,122.57986365000002,1.0,0.0,122.57986365000002,0.6792977637713516,1,1,0,0,,,,False
2026-08-11 03:39:00+08:00,121.75,121.75,0,0.0,122.61213,1.0,0.0,122.61213,0.7056167009184341,1,1,0,0,,,,False
2026-08-11 03:40:00+08:00,121.75,121.75,0,0.0,122.5366657632,1.0,0.0,122.5366657632,0.6440513326769527,1,1,0,0,,,,False
2026-08-11 03:41:00+08:00,121.75,121.75,0,0.0,122.42114976,1.0,0.0,122.42114976,0.5497371500766495,1,1,0,0,,,,False
2026-08-11 03:42:00+08:00,121.75,121.75,0,0.0,122.35661568,1.0,0.0,122.35661568,0.4970087994626237,1,1,0,0,,,,False
2026-08-11 03:43:00+08:00,121.75,121.75,0,0.0,122.25981456000002,1.0,0.0,122.25981456000002,0.4178639788889839,1,1,0,0,,,,False
2026-08-11 03:44:00+08:00,121.75,121.75,0,0.0,122.32434864,1.0,0.0,122.32434864,0.4706341679904578,1,1,0,0,,,,False
2026-08-11 03:45:00+08:00,121.75,121.75,0,0.0,122.2992447,1.0,0.0,122.2992447,0.4501097314807535,1,1,0,0,,,,False
2026-08-11 03:46:00+08:00,121.75,121.75,0,0.0,122.42832041999998,1.0,0.0,122.42832041999998,0.5555943040587955,1,1,0,0,,,,False
2026-08-11 03:47:00+08:00,121.75,121.75,0,0.0,122.52512720999998,1.0,0.0,122.52512720999998,0.6346345768831496,1,1,0,0,,,,False
2026-08-11 03:48:00+08:00,121.75,121.75,0,0.0,122.52512720999998,1.0,0.0,122.52512720999998,0.6346345768831496,1,1,0,0,,,,False
2026-08-11 03:49:00+08:00,121.75,121.75,0,0.0,122.75100971999998,1.0,0.0,122.75100971999998,0.8188184753480818,1,1,0,0,,,,False
2026-08-11 03:50:00+08:00,121.75,121.75,0,0.0,122.38681405999998,1.0,0.0,122.38681405999998,0.5216862212705633,1,1,0,0,,,,False
2026-08-11 03:51:00+08:00,121.75,121.75,0,0.0,122.38681405999998,1.0,0.0,122.38681405999998,0.5216862212705633,1,1,0,0,,,,False
2026-08-11 03:52:00+08:00,121.25,121.25,0,0.0,122.2577821,1.0,0.0,122.2577821,0.8277206513146472,1,1,0,0,,,,False
2026-08-11 03:53:00+08:00,121.25,121.25,0,0.0,122.22552411,1.0,0.0,122.22552411,0.8013323832577621,1,1,0,0,,,,False
2026-08-11 03:54:00+08:00,121.25,121.25,0,0.0,122.16100812999998,1.0,0.0,122.16100812999998,0.7485348645476521,1,1,0,0,,,,False
2026-08-11 03:55:00+08:00,121.25,121.25,0,0.0,122.116212,1.0,0.0,122.116212,0.7118588836810184,1,1,0,0,,,,False
2026-08-11 03:56:00+08:00,121.25,121.25,0,0.0,122.0516856,1.0,0.0,122.0516856,0.6590053809310716,1,1,0,0,,,,False
2026-08-11 03:57:00+08:00,121.25,121.25,0,0.0,121.60000079999998,1.0,0.0,121.60000079999998,0.2882444297689912,1,1,0,0,,,,False
2026-08-11 03:58:00+08:00,121.25,121.25,0,0.0,121.4386848,1.0,0.0,121.4386848,0.1554953418248448,1,1,0,0,,,,False
2026-08-11 03:59:00+08:00,121.5,121.5,0,0.0,121.10828202,1.0,0.0,121.10828202,-0.322922182819549,1,1,0,0,,,,False
2026-08-11 21:30:00+08:00,123.75,123.75,0,0.0,123.70633924,1.0,0.0,123.70633924,-0.0352876472141207,1,1,0,0,,,,False
2026-08-11 21:31:00+08:00,123.75,123.75,0,0.0,124.093123,1.0,0.0,124.093123,0.2768872469380491,1,1,0,0,,,,False
2026-08-11 21:32:00+08:00,123.75,123.75,0,0.0,123.57741132,1.0,0.0,123.57741132,-0.1395629211326594,1,1,0,0,,,,False
2026-08-11 21:33:00+08:00,123.25,123.25,0,0.0,123.25509152,1.0,0.0,123.25509152,0.0041309653837964,1,1,0,0,,,,False
2026-08-11 21:34:00+08:00,123.25,123.25,0,0.0,123.31955548,1.0,0.0,123.31955548,0.0564185467784833,1,1,0,0,,,,False
2026-08-11 21:35:00+08:00,122.75,122.75,0,0.0,123.21367422,1.0,0.0,123.21367422,0.3770265844909051,1,1,0,0,,,,False
2026-08-11 21:36:00+08:00,123.25,123.25,0,0.0,123.34262626,1.0,0.0,123.34262626,0.0751249227560767,1,1,0,0,,,,False
2026-08-11 21:37:00+08:00,123.25,123.25,0,0.0,123.60053034000002,1.0,0.0,123.60053034000002,0.2840020959381505,1,1,0,0,,,,False
2026-08-11 21:38:00+08:00,123.25,123.25,0,0.0,123.66500636,1.0,0.0,123.66500636,0.3361532100604131,1,1,0,0,,,,False
2026-08-11 21:39:00+08:00,123.25,123.25,0,0.0,123.53605432000002,1.0,0.0,123.53605432000002,0.2318237315217994,1,1,0,0,,,,False
2026-08-11 21:40:00+08:00,123.25,123.25,0,0.0,123.6509666,1.0,0.0,123.6509666,0.3247995384721103,1,1,0,0,,,,False
2026-08-11 21:41:00+08:00,123.75,123.75,0,0.0,123.94107575,1.0,0.0,123.94107575,0.1542855344476497,1,1,0,0,,,,False
2026-08-11 21:42:00+08:00,123.25,123.25,0,0.0,124.1022475,1.0,0.0,124.1022475,0.6890962250100471,1,1,0,0,,,,False
2026-08-11 21:43:00+08:00,123.75,123.75,0,0.0,124.19895055,1.0,0.0,124.19895055,0.3621314379465052,1,1,0,0,,,,False
2026-08-11 21:44:00+08:00,123.75,123.75,0,0.0,124.2956536,1.0,0.0,124.2956536,0.4399622344360308,1,1,0,0,,,,False
2026-08-11 21:45:00+08:00,123.25,123.25,0,0.0,123.27673536,1.0,0.0,123.27673536,0.0216896232053389,1,1,0,0,,,,False
2026-08-11 21:46:00+08:00,122.75,122.75,0,0.0,123.13811350800002,1.0,0.0,123.13811350800002,0.3156830173390146,1,1,0,0,,,,False
2026-08-11 21:47:00+08:00,122.75,122.75,0,0.0,123.21226008,1.0,0.0,123.21226008,0.3758788684488762,1,1,0,0,,,,False
2026-08-11 21:48:00+08:00,122.75,122.75,0,0.0,123.1477848,1.0,0.0,123.1477848,0.3235367088186933,1,1,0,0,,,,False
2026-08-11 21:49:00+08:00,122.75,122.75,0,0.0,122.95435896,1.0,0.0,122.95435896,0.1663454086569643,1,1,0,0,,,,False
2026-08-11 21:50:00+08:00,122.75,122.75,0,0.0,123.07029201,1.0,0.0,123.07029201,0.26059037468475,1,1,0,0,,,,False
2026-08-11 21:51:00+08:00,122.75,122.75,0,0.0,122.90916306,1.0,0.0,122.90916306,0.1295803975047635,1,1,0,0,,,,False
2026-08-11 21:52:00+08:00,122.75,122.75,0,0.0,122.97361464,1.0,0.0,122.97361464,0.1820050061754277,1,1,0,0,,,,False
2026-08-11 21:53:00+08:00,122.75,122.75,0,0.0,122.90916306,1.0,0.0,122.90916306,0.1295803975047635,1,1,0,0,,,,False
2026-08-11 21:54:00+08:00,122.25,122.25,0,0.0,122.68358253,1.0,0.0,122.68358253,0.3540409000034966,1,1,0,0,,,,False
2026-08-11 21:55:00+08:00,122.75,122.75,0,0.0,122.84993391999998,1.0,0.0,122.84993391999998,0.0813794355763431,1,1,0,0,,,,False
2026-08-11 21:56:00+08:00,122.75,122.75,0,0.0,123.13997836,1.0,0.0,123.13997836,0.3171974413931023,1,1,0,0,,,,False
2026-08-11 21:57:00+08:00,122.75,122.75,0,0.0,123.04329688,1.0,0.0,123.04329688,0.2386532779558895,1,1,0,0,,,,False
2026-08-11 21:58:00+08:00,122.75,122.75,0,0.0,123.23665984,1.0,0.0,123.23665984,0.3956798635475039,1,1,0,0,,,,False
2026-08-11 21:59:00+08:00,122.75,122.75,0,0.0,123.4300228,1.0,0.0,123.4300228,0.5524597749773131,1,1,0,0,,,,False
2026-08-11 22:00:00+08:00,122.75,122.75,0,0.0,123.4451513,1.0,0.0,123.4451513,0.5647156707427747,1,1,0,0,,,,False
2026-08-11 22:01:00+08:00,123.25,123.25,0,0.0,123.70300018,1.0,0.0,123.70300018,0.3668715744856869,1,1,0,0,,,,False
2026-08-11 22:02:00+08:00,122.75,122.75,0,0.0,123.38068908,1.0,0.0,123.38068908,0.5124830896605527,1,1,0,0,,,,False
2026-08-11 22:03:00+08:00,122.75,122.75,0,0.0,123.47738241000002,1.0,0.0,123.47738241000002,0.5908217054339097,1,1,0,0,,,,False
2026-08-11 22:04:00+08:00,122.75,122.75,0,0.0,123.38068908,1.0,0.0,123.38068908,0.5124830896605527,1,1,0,0,,,,False
2026-08-11 22:05:00+08:00,122.75,122.75,0,0.0,123.65457693,1.0,0.0,123.65457693,0.7342208828020007,1,1,0,0,,,,False
2026-08-11 22:06:00+08:00,123.25,123.25,0,0.0,123.78348448999998,1.0,0.0,123.78348448999998,0.4319126948327312,1,1,0,0,,,,False
2026-08-11 22:07:00+08:00,123.25,123.25,0,0.0,123.81571138,1.0,0.0,123.81571138,0.4579440642250049,1,1,0,0,,,,False
2026-08-11 22:08:00+08:00,122.75,122.75,0,0.0,123.62235004,1.0,0.0,123.62235004,0.7081557974004431,1,1,0,0,,,,False
2026-08-11 22:09:00+08:00,122.75,122.75,0,0.0,123.7512576,1.0,0.0,123.7512576,0.8123752468839236,1,1,0,0,,,,False
2026-08-11 22:10:00+08:00,122.75,122.75,0,0.0,123.79449599999998,1.0,0.0,123.79449599999998,0.8473083090039708,1,1,0,0,,,,False
2026-08-11 22:11:00+08:00,123.25,123.25,0,0.0,123.8589723,1.0,0.0,123.8589723,0.4928775303720568,1,1,0,0,,,,False
2026-08-11 22:12:00+08:00,122.75,122.75,0,0.0,123.98792489999998,1.0,0.0,123.98792489999998,1.0034330154164166,1,1,0,0,,,,False
2026-08-11 22:13:00+08:00,122.75,122.75,0,0.0,123.9234486,1.0,0.0,123.9234486,0.951418652197808,1,1,0,0,,,,False
2026-08-11 22:14:00+08:00,122.75,122.75,0,0.0,123.66554339999998,1.0,0.0,123.66554339999998,0.7430890010974656,1,1,0,0,,,,False
2026-08-11 22:15:00+08:00,122.75,122.75,0,0.0,123.81367474999998,1.0,0.0,123.81367474999998,0.8627992351902404,1,1,0,0,,,,False
2026-08-11 22:16:00+08:00,123.25,123.25,0,0.0,123.81367474999998,1.0,0.0,123.81367474999998,0.4562991711107266,1,1,0,0,,,,False
2026-08-11 22:17:00+08:00,122.75,122.75,0,0.0,123.7169705,1.0,0.0,123.7169705,0.7846653837942981,1,1,0,0,,,,False
2026-08-11 22:18:00+08:00,122.75,122.75,0,0.0,123.55579674999998,1.0,0.0,123.55579674999998,0.6543059567679337,1,1,0,0,,,,False
2026-08-11 22:19:00+08:00,122.75,122.75,0,0.0,123.33015349999998,1.0,0.0,123.33015349999998,0.4715158794794722,1,1,0,0,,,,False
2026-08-11 22:20:00+08:00,122.75,122.75,0,0.0,123.58676628,1.0,0.0,123.58676628,0.6793677554806344,1,1,0,0,,,,False
2026-08-11 22:21:00+08:00,122.75,122.75,0,0.0,123.40303008600002,1.0,0.0,123.40303008600002,0.5305887039228094,1,1,0,0,,,,False
2026-08-11 22:22:00+08:00,122.75,122.75,0,0.0,123.58676628,1.0,0.0,123.58676628,0.6793677554806344,1,1,0,0,,,,False
2026-08-11 22:23:00+08:00,122.75,122.75,0,0.0,123.65123512,1.0,0.0,123.65123512,0.7315183461325464,1,1,0,0,,,,False
2026-08-11 22:24:00+08:00,122.75,122.75,0,0.0,123.52229744000002,1.0,0.0,123.52229744000002,0.6271898610018642,1,1,0,0,,,,False
2026-08-11 22:25:00+08:00,122.75,122.75,0,0.0,123.63910038000002,1.0,0.0,123.63910038000002,0.7217043112936231,1,1,0,0,,,,False
2026-08-11 22:26:00+08:00,122.75,122.75,0,0.0,123.89708493999998,1.0,0.0,123.89708493999998,0.9301427100012374,1,1,0,0,,,,False
2026-08-11 22:27:00+08:00,122.75,122.75,0,0.0,123.89708493999998,1.0,0.0,123.89708493999998,0.9301427100012374,1,1,0,0,,,,False
2026-08-11 22:28:00+08:00,123.25,123.25,0,0.0,123.89708493999998,1.0,0.0,123.89708493999998,0.5236435947905904,1,1,0,0,,,,False
2026-08-11 22:29:00+08:00,123.25,123.25,0,0.0,123.89708493999998,1.0,0.0,123.89708493999998,0.5236435947905904,1,1,0,0,,,,False
2026-08-11 22:30:00+08:00,122.75,122.75,0,0.0,123.70777776000004,1.0,0.0,123.70777776000004,0.7772347610248349,1,1,0,0,,,,False
2026-08-11 22:31:00+08:00,122.75,122.75,0,0.0,123.64327944,1.0,0.0,123.64327944,0.7250842571926075,1,1,0,0,,,,False
2026-08-11 22:32:00+08:00,123.25,123.25,0,0.0,123.77227608000004,1.0,0.0,123.77227608000004,0.4228574752755358,1,1,0,0,,,,False
2026-08-11 22:33:00+08:00,123.25,123.25,0,0.0,123.90127272000002,1.0,0.0,123.90127272000002,0.5270235615884169,1,1,0,0,,,,False
2026-08-11 22:34:00+08:00,123.25,123.25,0,0.0,123.93352188,1.0,0.0,123.93352188,0.553048095440475,1,1,0,0,,,,False
2026-08-11 22:35:00+08:00,122.75,122.75,0,0.0,123.95396996,1.0,0.0,123.95396996,0.9760442527091912,1,1,0,0,,,,False
2026-08-11 22:36:00+08:00,122.75,122.75,0,0.0,123.88947778000002,1.0,0.0,123.88947778000002,0.9240027511057448,1,1,0,0,,,,False
2026-08-11 22:37:00+08:00,122.75,122.75,0,0.0,123.72824733,1.0,0.0,123.72824733,0.7937798492134402,1,1,0,0,,,,False
2026-08-11 22:38:00+08:00,122.75,122.75,0,0.0,123.76049342000002,1.0,0.0,123.76049342000002,0.8198380571802737,1,1,0,0,,,,False
2026-08-11 22:39:00+08:00,122.75,122.75,0,0.0,123.69600124000002,1.0,0.0,123.69600124000002,0.7677148221031653,1,1,0,0,,,,False
2026-08-11 22:40:00+08:00,122.75,122.75,0,0.0,123.63039065,1.0,0.0,123.63039065,0.7146596753721881,1,1,0,0,,,,False
2026-08-11 22:41:00+08:00,122.75,122.75,0,0.0,123.66262804,1.0,0.0,123.66262804,0.7407315503747972,1,1,0,0,,,,False
2026-08-11 22:42:00+08:00,122.75,122.75,0,0.0,123.63039065,1.0,0.0,123.63039065,0.7146596753721881,1,1,0,0,,,,False
2026-08-11 22:43:00+08:00,122.75,122.75,0,0.0,123.63039065,1.0,0.0,123.63039065,0.7146596753721881,1,1,0,0,,,,False
2026-08-11 22:44:00+08:00,122.75,122.75,0,0.0,123.66262804,1.0,0.0,123.66262804,0.7407315503747972,1,1,0,0,,,,False
2026-08-11 22:45:00+08:00,122.75,122.75,0,0.0,123.76886026,1.0,0.0,123.76886026,0.8265982237021695,1,1,0,0,,,,False
2026-08-11 22:46:00+08:00,122.75,122.75,0,0.0,123.89785334,1.0,0.0,123.89785334,0.9307628868090856,1,1,0,0,,,,False
2026-08-11 22:47:00+08:00,122.75,122.75,0,0.0,123.99459815,1.0,0.0,123.99459815,1.0088149117196803,1,1,0,0,,,,False
2026-08-11 22:48:00+08:00,122.75,122.75,0,0.0,124.02684642,1.0,0.0,124.02684642,1.0348186537945128,1,1,0,0,,,,False
2026-08-11 22:49:00+08:00,122.75,122.75,0,0.0,123.96234988,1.0,0.0,123.96234988,0.9828043716414469,1,1,0,0,,,,False
2026-08-11 22:50:00+08:00,122.75,122.75,0,0.0,123.91880319000002,1.0,0.0,123.91880319000002,0.9476700538411688,1,1,0,0,,,,False
2026-08-11 22:51:00+08:00,122.75,122.75,0,0.0,124.11227517000002,1.0,0.0,124.11227517000002,1.103672214850889,1,1,0,0,,,,False
2026-08-11 22:52:00+08:00,122.75,122.75,0,0.0,124.27350182,1.0,0.0,124.27350182,1.2334873473781014,1,1,0,0,,,,False
2026-08-11 22:53:00+08:00,123.25,123.25,0,0.0,124.24125649000004,1.0,0.0,124.24125649000004,0.8010436441742163,1,1,0,0,,,,False
2026-08-11 22:54:00+08:00,123.25,123.25,0,0.0,124.27350182,1.0,0.0,124.27350182,0.8269936490671511,1,1,0,0,,,,False
2026-08-11 22:55:00+08:00,123.25,123.25,0,0.0,124.27546736,1.0,0.0,124.27546736,0.8285752338433587,1,1,0,0,,,,False
2026-08-11 22:56:00+08:00,123.25,123.25,0,0.0,124.24322152,1.0,0.0,124.24322152,0.8026252306225116,1,1,0,0,,,,False
2026-08-11 22:57:00+08:00,123.25,123.25,0,0.0,124.3077132,1.0,0.0,124.3077132,0.8545184767848266,1,1,0,0,,,,False
2026-08-11 22:58:00+08:00,123.25,123.25,0,0.0,124.27546736,1.0,0.0,124.27546736,0.8285752338433587,1,1,0,0,,,,False
2026-08-11 22:59:00+08:00,122.75,122.75,0,0.0,124.04974648,1.0,0.0,124.04974648,1.053280239171821,1,1,0,0,,,,False
2026-08-11 23:00:00+08:00,122.75,122.75,0,0.0,124.0384363,1.0,0.0,124.0384363,1.0441626190570312,1,1,0,0,,,,False
2026-08-11 23:01:00+08:00,122.75,122.75,0,0.0,124.135165,1.0,0.0,124.135165,1.1221127847029615,1,1,0,0,,,,False
2026-08-11 23:02:00+08:00,123.25,123.25,0,0.0,124.135165,1.0,0.0,124.135165,0.7156168802603832,1,1,0,0,,,,False
2026-08-11 23:03:00+08:00,122.75,122.75,0,0.0,124.1996508,1.0,0.0,124.1996508,1.174045636674373,1,1,0,0,,,,False
2026-08-11 23:04:00+08:00,123.5,123.5,0,0.0,124.16717684,1.0,0.0,124.16717684,0.5387688821042372,1,1,0,0,,,,False
2026-08-11 23:05:00+08:00,122.75,122.75,0,0.0,124.01107782,1.0,0.0,124.01107782,1.0221043214277827,1,1,0,0,,,,False
2026-08-11 23:06:00+08:00,122.75,122.75,0,0.0,123.91434530999996,1.0,0.0,123.91434530999996,0.9440726494432428,1,1,0,0,,,,False
2026-08-11 23:07:00+08:00,123.5,123.5,0,0.0,123.80341193,1.0,0.0,123.80341193,0.2453762587682191,1,1,0,0,,,,False
2026-08-11 23:08:00+08:00,122.75,122.75,0,0.0,123.81761279999998,1.0,0.0,123.81761279999998,0.8659797512546449,1,1,0,0,,,,False
2026-08-11 23:09:00+08:00,122.75,122.75,0,0.0,123.75312446,1.0,0.0,123.75312446,0.813883768976556,1,1,0,0,,,,False
2026-08-11 23:10:00+08:00,122.75,122.75,0,0.0,123.73473963,1.0,0.0,123.73473963,0.7990268537339933,1,1,0,0,,,,False
2026-08-11 23:11:00+08:00,122.75,122.75,0,0.0,123.7766541,1.0,0.0,123.7766541,0.8328950098706603,1,1,0,0,,,,False
2026-08-11 23:12:00+08:00,122.75,122.75,0,0.0,123.6799284,1.0,0.0,123.6799284,0.7547203426448703,1,1,0,0,,,,False
2026-08-11 23:13:00+08:00,122.75,122.75,0,0.0,123.6476865,1.0,0.0,123.6476865,0.7286484810400247,1,1,0,0,,,,False
2026-08-11 23:14:00+08:00,122.75,122.75,0,0.0,123.6476865,1.0,0.0,123.6476865,0.7286484810400247,1,1,0,0,,,,False
2026-08-11 23:15:00+08:00,122.75,122.75,0,0.0,123.60078822,1.0,0.0,123.60078822,0.6907128052216454,1,1,0,0,,,,False
2026-08-11 23:16:00+08:00,122.75,122.75,0,0.0,123.7394228,1.0,0.0,123.7394228,0.8028115679453114,1,1,0,0,,,,False
2026-08-11 23:17:00+08:00,122.75,122.75,0,0.0,123.6104604,1.0,0.0,123.6104604,0.6985377431126183,1,1,0,0,,,,False
2026-08-11 23:18:00+08:00,122.75,122.75,0,0.0,123.64270100000002,1.0,0.0,123.64270100000002,0.7246164325298066,1,1,0,0,,,,False
2026-08-11 23:19:00+08:00,122.25,122.25,0,0.0,123.6104604,1.0,0.0,123.6104604,1.1066931199808392,1,1,0,0,,,,False
2026-08-11 23:20:00+08:00,122.25,122.25,0,0.0,123.52214416,1.0,0.0,123.52214416,1.0352224124893767,1,1,0,0,,,,False
2026-08-11 23:21:00+08:00,122.75,122.75,0,0.0,123.65108168,1.0,0.0,123.65108168,0.7313942567591655,1,1,0,0,,,,False
2026-08-11 23:22:00+08:00,122.75,122.75,0,0.0,123.65108168,1.0,0.0,123.65108168,0.7313942567591655,1,1,0,0,,,,False
2026-08-11 23:23:00+08:00,122.75,122.75,0,0.0,123.58661292000002,1.0,0.0,123.58661292000002,0.6792436658790295,1,1,0,0,,,,False
2026-08-11 23:24:00+08:00,122.5,122.5,0,0.0,123.39722604,1.0,0.0,123.39722604,0.7297569431336776,1,1,0,0,,,,False
2026-08-11 23:25:00+08:00,122.25,122.25,0,0.0,123.56534092,1.0,0.0,123.56534092,1.0701861934874697,1,1,0,0,,,,False
2026-08-11 23:26:00+08:00,122.25,122.25,0,0.0,123.53310368,1.0,0.0,123.53310368,1.044094293536587,1,1,0,0,,,,False
2026-08-11 23:27:00+08:00,122.5,122.5,0,0.0,123.51029959999998,1.0,0.0,123.51029959999998,0.8213474002045255,1,1,0,0,,,,False
2026-08-11 23:28:00+08:00,122.5,122.5,0,0.0,123.43083991,1.0,0.0,123.43083991,0.7569932346351113,1,1,0,0,,,,False
2026-08-11 23:29:00+08:00,122.25,122.25,0,0.0,123.40415472,1.0,0.0,123.40415472,0.939658212836266,1,1,0,0,,,,False
2026-08-11 23:30:00+08:00,122.25,122.25,0,0.0,123.52754728,1.0,0.0,123.52754728,1.039596410769417,1,1,0,0,,,,False
2026-08-11 23:31:00+08:00,122.25,122.25,0,0.0,123.59201886,1.0,0.0,123.59201886,1.091773380501119,1,1,0,0,,,,False
2026-08-11 23:32:00+08:00,122.5,122.5,0,0.0,123.59746314,1.0,0.0,123.59746314,0.8918930947091175,1,1,0,0,,,,False
2026-08-11 23:33:00+08:00,122.25,122.25,0,0.0,123.52754728,1.0,0.0,123.52754728,1.039596410769417,1,1,0,0,,,,False
2026-08-11 23:34:00+08:00,122.25,122.25,0,0.0,123.36636833000004,1.0,0.0,123.36636833000004,0.9090341475126138,1,1,0,0,,,,False
2026-08-11 23:35:00+08:00,122.25,122.25,0,0.0,123.39760884,1.0,0.0,123.39760884,0.9343537642554351,1,1,0,0,,,,False
2026-08-11 23:36:00+08:00,122.5,122.5,0,0.0,123.37132126000002,1.0,0.0,123.37132126000002,0.7087620105792051,1,1,0,0,,,,False
2026-08-11 23:37:00+08:00,122.25,122.25,0,0.0,123.46207989999998,1.0,0.0,123.46207989999998,0.9865855195180232,1,1,0,0,,,,False
2026-08-11 23:38:00+08:00,122.25,122.25,0,0.0,123.39760884,1.0,0.0,123.39760884,0.9343537642554351,1,1,0,0,,,,False
2026-08-11 23:39:00+08:00,122.25,122.25,0,0.0,123.30090225,1.0,0.0,123.30090225,0.8559547046013699,1,1,0,0,,,,False
2026-08-11 23:40:00+08:00,122.25,122.25,0,0.0,123.31772864,1.0,0.0,123.31772864,0.8696001269493181,1,1,0,0,,,,False
2026-08-11 23:41:00+08:00,122.25,122.25,0,0.0,123.25323192,1.0,0.0,123.25323192,0.8172861205565757,1,1,0,0,,,,False
2026-08-11 23:42:00+08:00,122.25,122.25,0,0.0,123.31772864,1.0,0.0,123.31772864,0.8696001269493181,1,1,0,0,,,,False
2026-08-11 23:43:00+08:00,122.25,122.25,0,0.0,123.41447372,1.0,0.0,123.41447372,0.948019632115982,1,1,0,0,,,,False
2026-08-11 23:44:00+08:00,122.25,122.25,0,0.0,123.44672208,1.0,0.0,123.44672208,0.974145743475033,1,1,0,0,,,,False
2026-08-11 23:45:00+08:00,122.5,122.5,0,0.0,123.31681088,1.0,0.0,123.31681088,0.6645687714163266,1,1,0,0,,,,False
2026-08-11 23:46:00+08:00,122.5,122.5,0,0.0,123.30755775,1.0,0.0,123.30755775,0.6570650287501185,1,1,0,0,,,,False
2026-08-11 23:47:00+08:00,121.75,121.75,0,0.0,123.3312345,1.0,0.0,123.3312345,1.2903758243473415,1,1,0,0,,,,False
2026-08-11 23:48:00+08:00,121.75,121.75,0,0.0,123.29899104,1.0,0.0,123.29899104,1.2642296819309558,1,1,0,0,,,,False
2026-08-11 23:49:00+08:00,121.75,121.75,0,0.0,123.29899104,1.0,0.0,123.29899104,1.2642296819309558,1,1,0,0,,,,False
2026-08-11 23:50:00+08:00,121.75,121.75,0,0.0,123.31015875,1.0,0.0,123.31015875,1.2732863293307446,1,1,0,0,,,,False
2026-08-11 23:51:00+08:00,121.75,121.75,0,0.0,123.21344489999998,1.0,0.0,123.21344489999998,1.1948271715376948,1,1,0,0,,,,False
2026-08-11 23:52:00+08:00,122.0,122.0,0,0.0,123.31700549999998,1.0,0.0,123.31700549999998,1.073717247865215,1,1,0,0,,,,False
2026-08-11 23:53:00+08:00,121.75,121.75,0,0.0,123.18120695,1.0,0.0,123.18120695,1.1686603498362451,1,1,0,0,,,,False
2026-08-11 23:54:00+08:00,121.75,121.75,0,0.0,123.18120695,1.0,0.0,123.18120695,1.1686603498362451,1,1,0,0,,,,False
2026-08-11 23:55:00+08:00,122.5,122.5,0,0.0,123.25397875999997,1.0,0.0,123.25397875999997,0.6136045192873907,1,1,0,0,,,,False
2026-08-11 23:56:00+08:00,121.75,121.75,0,0.0,123.09869606,1.0,0.0,123.09869606,1.101656722459733,1,1,0,0,,,,False
2026-08-11 23:57:00+08:00,121.75,121.75,0,0.0,123.09869606,1.0,0.0,123.09869606,1.101656722459733,1,1,0,0,,,,False
2026-08-11 23:58:00+08:00,121.75,121.75,0,0.0,123.03421272,1.0,0.0,123.03421272,1.0492610660875836,1,1,0,0,,,,False
2026-08-11 23:59:00+08:00,121.75,121.75,0,0.0,123.00197105,1.0,0.0,123.00197105,1.023052884623537,1,1,0,0,,,,False
2026-08-12 00:00:00+08:00,121.75,121.75,0,0.0,122.98152265000002,1.0,0.0,122.98152265000002,1.0064274815641665,1,1,0,0,,,,False
2026-08-12 00:01:00+08:00,121.75,121.75,0,0.0,122.98152265000002,1.0,0.0,122.98152265000002,1.0064274815641665,1,1,0,0,,,,False
2026-08-12 00:02:00+08:00,121.75,121.75,0,0.0,122.94993106620002,1.0,0.0,122.94993106620002,0.9807367423208622,1,1,0,0,,,,False
2026-08-12 00:03:00+08:00,121.75,121.75,0,0.0,122.85257741,1.0,0.0,122.85257741,0.9015255862589556,1,1,0,0,,,,False
2026-08-12 00:04:00+08:00,121.75,121.75,0,0.0,122.82034110000002,1.0,0.0,122.82034110000002,0.8752828288057873,1,1,0,0,,,,False
2026-08-12 00:05:00+08:00,122.5,122.5,0,0.0,122.94634956,1.0,0.0,122.94634956,0.3637043784111283,1,1,0,0,,,,False
2026-08-12 00:06:00+08:00,122.5,122.5,0,0.0,123.03590915399998,1.0,0.0,123.03590915399998,0.4365220189963001,1,1,0,0,,,,False
2026-08-12 00:07:00+08:00,122.5,122.5,0,0.0,123.10064324,1.0,0.0,123.10064324,0.4891218785718328,1,1,0,0,,,,False
2026-08-12 00:08:00+08:00,122.25,122.25,0,0.0,123.06937381999998,1.0,0.0,123.06937381999998,0.6680057977004187,1,1,0,0,,,,False
2026-08-12 00:09:00+08:00,122.25,122.25,0,0.0,123.06937381999998,1.0,0.0,123.06937381999998,0.6680057977004187,1,1,0,0,,,,False
2026-08-12 00:10:00+08:00,122.25,122.25,0,0.0,123.07964424,1.0,0.0,123.07964424,0.6763505833713048,1,1,0,0,,,,False
2026-08-12 00:11:00+08:00,122.25,122.25,0,0.0,123.04740756,1.0,0.0,123.04740756,0.65015571744676,1,1,0,0,,,,False
2026-08-12 00:12:00+08:00,121.75,121.75,0,0.0,122.9829342,1.0,0.0,122.9829342,1.0075752199272268,1,1,0,0,,,,False
2026-08-12 00:13:00+08:00,122.5,122.5,0,0.0,122.85881587999998,1.0,0.0,122.85881587999998,0.2924825657582811,1,1,0,0,,,,False
2026-08-12 00:14:00+08:00,122.5,122.5,0,0.0,122.87417824,1.0,0.0,122.87417824,0.3049858324000246,1,1,0,0,,,,False
2026-08-12 00:15:00+08:00,121.75,121.75,0,0.0,122.92327486,1.0,0.0,122.92327486,0.9590543639646222,1,1,0,0,,,,False
2026-08-12 00:16:00+08:00,121.75,121.75,0,0.0,123.01996333,1.0,0.0,123.01996333,1.037679062187729,1,1,0,0,,,,False
2026-08-12 00:17:00+08:00,122.0,122.0,0,0.0,123.01996333,1.0,0.0,123.01996333,0.832555287445113,1,1,0,0,,,,False
2026-08-12 00:18:00+08:00,121.75,121.75,0,0.0,122.98773384,1.0,0.0,122.98773384,1.011477732166281,1,1,0,0,,,,False
2026-08-12 00:19:00+08:00,121.75,121.75,0,0.0,122.85881587999998,1.0,0.0,122.85881587999998,0.906603366694635,1,1,0,0,,,,False
2026-08-12 00:20:00+08:00,121.75,121.75,0,0.0,122.85337772,1.0,0.0,122.85337772,0.9021770102153251,1,1,0,0,,,,False
2026-08-12 00:21:00+08:00,121.75,121.75,0,0.0,122.78890468,1.0,0.0,122.78890468,0.8496845778871032,1,1,0,0,,,,False
2026-08-12 00:22:00+08:00,122.0,122.0,0,0.0,122.88389884,1.0,0.0,122.88389884,0.7218921653787456,1,1,0,0,,,,False
2026-08-12 00:23:00+08:00,122.0,122.0,0,0.0,123.00585984,1.0,0.0,123.00585984,0.8210904348629635,1,1,0,0,,,,False
2026-08-12 00:24:00+08:00,121.75,121.75,0,0.0,122.88561424,1.0,0.0,122.88561424,0.9284128507028416,1,1,0,0,,,,False
2026-08-12 00:25:00+08:00,122.0,122.0,0,0.0,122.74893792,1.0,0.0,122.74893792,0.6120050418725862,1,1,0,0,,,,False
2026-08-12 00:26:00+08:00,121.75,121.75,0,0.0,122.6907869,1.0,0.0,122.6907869,0.7697462538319182,1,1,0,0,,,,False
2026-08-12 00:27:00+08:00,122.0,122.0,0,0.0,122.78016352,1.0,0.0,122.78016352,0.6374401493822501,1,1,0,0,,,,False
2026-08-12 00:28:00+08:00,122.0,122.0,0,0.0,122.61467435999998,1.0,0.0,122.61467435999998,0.5025654013670195,1,1,0,0,,,,False
2026-08-12 00:29:00+08:00,121.75,121.75,0,0.0,122.72302305,1.0,0.0,122.72302305,0.7960167038970225,1,1,0,0,,,,False
2026-08-12 00:30:00+08:00,122.0,122.0,0,0.0,122.76165664,1.0,0.0,122.76165664,0.6223659787695072,1,1,0,0,,,,False
2026-08-12 00:31:00+08:00,122.5,122.5,0,0.0,122.63251512,1.0,0.0,122.63251512,0.1081171299818168,1,1,0,0,,,,False
2026-08-12 00:32:00+08:00,121.75,121.75,0,0.0,122.64161849999998,1.0,0.0,122.64161849999998,0.72966373026412,1,1,0,0,,,,False
2026-08-12 00:33:00+08:00,121.75,121.75,0,0.0,122.64161849999998,1.0,0.0,122.64161849999998,0.72966373026412,1,1,0,0,,,,False
2026-08-12 00:34:00+08:00,121.75,121.75,0,0.0,122.6738502,1.0,0.0,122.6738502,0.7559411237848096,1,1,0,0,,,,False
2026-08-12 00:35:00+08:00,122.25,122.25,0,0.0,122.74094112,1.0,0.0,122.74094112,0.4007830801870607,1,1,0,0,,,,False
2026-08-12 00:36:00+08:00,122.25,122.25,0,0.0,122.83763829000002,1.0,0.0,122.83763829000002,0.4795331940036012,1,1,0,0,,,,False
2026-08-12 00:37:00+08:00,122.5,122.5,0,0.0,122.91228378,1.0,0.0,122.91228378,0.3359927821458211,1,1,0,0,,,,False
2026-08-12 00:38:00+08:00,122.25,122.25,0,0.0,122.90210307000002,1.0,0.0,122.90210307000002,0.5319987565546801,1,1,0,0,,,,False
2026-08-12 00:39:00+08:00,122.25,122.25,0,0.0,122.93433546,1.0,0.0,122.93433546,0.5582211919991588,1,1,0,0,,,,False
2026-08-12 00:40:00+08:00,122.25,122.25,0,0.0,122.83474193000002,1.0,0.0,122.83474193000002,0.477175303036231,1,1,0,0,,,,False
2026-08-12 00:41:00+08:00,122.25,122.25,0,0.0,122.80251030000002,1.0,0.0,122.80251030000002,0.4509321690470541,1,1,0,0,,,,False
2026-08-12 00:42:00+08:00,122.25,122.25,0,0.0,122.83474193000002,1.0,0.0,122.83474193000002,0.477175303036231,1,1,0,0,,,,False
2026-08-12 00:43:00+08:00,122.5,122.5,0,0.0,122.82628470000002,1.0,0.0,122.82628470000002,0.2660006043779754,1,1,0,0,,,,False
2026-08-12 00:44:00+08:00,122.25,122.25,0,0.0,122.89920519000002,1.0,0.0,122.89920519000002,0.5296408687083923,1,1,0,0,,,,False
2026-08-12 00:45:00+08:00,121.75,121.75,0,0.0,122.73012640000002,1.0,0.0,122.73012640000002,0.8018045592764528,1,1,0,0,,,,False
2026-08-12 00:46:00+08:00,121.75,121.75,0,0.0,122.56897865,1.0,0.0,122.56897865,0.6704175455589441,1,1,0,0,,,,False
2026-08-12 00:47:00+08:00,121.25,121.25,0,0.0,122.66566730000002,1.0,0.0,122.66566730000002,1.1607842297877875,1,1,0,0,,,,False
2026-08-12 00:48:00+08:00,122.0,122.0,0,0.0,122.73797088,1.0,0.0,122.73797088,0.6030701957252461,1,1,0,0,,,,False
2026-08-12 00:49:00+08:00,121.75,121.75,0,0.0,122.69789685,1.0,0.0,122.69789685,0.7755410148459262,1,1,0,0,,,,False
2026-08-12 00:50:00+08:00,122.0,122.0,0,0.0,122.79560852000002,1.0,0.0,122.79560852000002,0.6500186215023658,1,1,0,0,,,,False
2026-08-12 00:51:00+08:00,121.75,121.75,0,0.0,122.78338163,1.0,0.0,122.78338163,0.845186553354587,1,1,0,0,,,,False
2026-08-12 00:52:00+08:00,121.75,121.75,0,0.0,122.75114656,1.0,0.0,122.75114656,0.8189299511152439,1,1,0,0,,,,False
2026-08-12 00:53:00+08:00,121.75,121.75,0,0.0,122.75114656,1.0,0.0,122.75114656,0.8189299511152439,1,1,0,0,,,,False
2026-08-12 00:54:00+08:00,121.75,121.75,0,0.0,122.78338163,1.0,0.0,122.78338163,0.845186553354587,1,1,0,0,,,,False
2026-08-12 00:55:00+08:00,122.0,122.0,0,0.0,122.794542,1.0,0.0,122.794542,0.6491500942043119,1,1,0,0,,,,False
2026-08-12 00:56:00+08:00,121.5,121.5,0,0.0,122.7409792,1.0,0.0,122.7409792,1.0161924539156109,1,1,0,0,,,,False
2026-08-12 00:57:00+08:00,121.75,121.75,0,0.0,122.70261556799998,1.0,0.0,122.70261556799998,0.7793866846435874,1,1,0,0,,,,False
2026-08-12 00:58:00+08:00,121.75,121.75,0,0.0,122.75419295999998,1.0,0.0,122.75419295999998,0.8214116476638629,1,1,0,0,,,,False
2026-08-12 00:59:00+08:00,121.75,121.75,0,0.0,122.65748534999996,1.0,0.0,122.65748534999996,0.7426002920495033,1,1,0,0,,,,False
2026-08-12 01:00:00+08:00,121.75,121.75,0,0.0,122.54754678000002,1.0,0.0,122.54754678000002,0.6529306499489679,1,1,0,0,,,,False
2026-08-12 01:01:00+08:00,121.25,121.25,0,0.0,122.54754678000002,1.0,0.0,122.54754678000002,1.0644461333902673,1,1,0,0,,,,False
2026-08-12 01:02:00+08:00,121.25,121.25,0,0.0,122.41861722,1.0,0.0,122.41861722,0.9591856623414768,1,1,0,0,,,,False
2026-08-12 01:03:00+08:00,121.25,121.25,0,0.0,122.41861722,1.0,0.0,122.41861722,0.9591856623414768,1,1,0,0,,,,False
2026-08-12 01:04:00+08:00,121.25,121.25,0,0.0,122.28968766,1.0,0.0,122.28968766,0.8538137418090819,1,1,0,0,,,,False
2026-08-12 01:05:00+08:00,121.25,121.25,0,0.0,122.38995401,1.0,0.0,122.38995401,0.9357693524709894,1,1,0,0,,,,False
2026-08-12 01:06:00+08:00,121.75,121.75,0,0.0,122.55112066,1.0,0.0,122.55112066,0.6558468973336795,1,1,0,0,,,,False
2026-08-12 01:07:00+08:00,121.75,121.75,0,0.0,122.51888733,1.0,0.0,122.51888733,0.6295417630991773,1,1,0,0,,,,False
2026-08-12 01:08:00+08:00,121.75,121.75,0,0.0,122.486654,1.0,0.0,122.486654,0.6032296855819205,1,1,0,0,,,,False
2026-08-12 01:09:00+08:00,121.75,121.75,0,0.0,122.5195319966,1.0,0.0,122.5195319966,0.6300679338188648,1,1,0,0,,,,False
2026-08-12 01:10:00+08:00,121.25,121.25,0,0.0,122.45014062,1.0,0.0,122.45014062,0.9849322342996676,1,1,0,0,,,,False
2026-08-12 01:11:00+08:00,121.25,121.25,0,0.0,122.5139771862,1.0,0.0,122.5139771862,1.037050019277061,1,1,0,0,,,,False
2026-08-12 01:12:00+08:00,121.25,121.25,0,0.0,122.48238131,1.0,0.0,122.48238131,1.011257760151745,1,1,0,0,,,,False
2026-08-12 01:13:00+08:00,121.25,121.25,0,0.0,122.48238131,1.0,0.0,122.48238131,1.011257760151745,1,1,0,0,,,,False
2026-08-12 01:14:00+08:00,121.25,121.25,0,0.0,122.38565924,1.0,0.0,122.38565924,0.9322602804060658,1,1,0,0,,,,False
2026-08-12 01:15:00+08:00,122.0,122.0,0,0.0,122.43111349,1.0,0.0,122.43111349,0.3527484564829138,1,1,0,0,,,,False
2026-08-12 01:16:00+08:00,121.25,121.25,0,0.0,122.38721560000002,1.0,0.0,122.38721560000002,0.9335319295941082,1,1,0,0,,,,False
2026-08-12 01:17:00+08:00,122.0,122.0,0,0.0,122.50300988,1.0,0.0,122.50300988,0.4114549593862802,1,1,0,0,,,,False
2026-08-12 01:18:00+08:00,122.0,122.0,0,0.0,122.535826,1.0,0.0,122.535826,0.4382392623320676,1,1,0,0,,,,False
2026-08-12 01:19:00+08:00,121.25,121.25,0,0.0,122.54132805800002,1.0,0.0,122.54132805800002,1.0593716095535617,1,1,0,0,,,,False
2026-08-12 01:20:00+08:00,122.0,122.0,0,0.0,122.521994,1.0,0.0,122.521994,0.4269505507140533,1,1,0,0,,,,False
2026-08-12 01:21:00+08:00,121.25,121.25,0,0.0,122.535826,1.0,0.0,122.535826,1.0548816730633177,1,1,0,0,,,,False
2026-08-12 01:22:00+08:00,122.0,122.0,0,0.0,122.50870838,1.0,0.0,122.50870838,0.4161065537260122,1,1,0,0,,,,False
2026-08-12 01:23:00+08:00,121.25,121.25,0,0.0,122.47133346,1.0,0.0,122.47133346,1.0022376315288448,1,1,0,0,,,,False
2026-08-12 01:24:00+08:00,121.25,121.25,0,0.0,122.4706885346,1.0,0.0,122.4706885346,1.00171105041557,1,1,0,0,,,,False
2026-08-12 01:25:00+08:00,121.75,121.75,0,0.0,122.42720258,1.0,0.0,122.42720258,0.554681250210594,1,1,0,0,,,,False
2026-08-12 01:26:00+08:00,121.75,121.75,0,0.0,122.42720258,1.0,0.0,122.42720258,0.554681250210594,1,1,0,0,,,,False
2026-08-12 01:27:00+08:00,121.75,121.75,0,0.0,122.3627163,1.0,0.0,122.3627163,0.5019945779858485,1,1,0,0,,,,False
2026-08-12 01:28:00+08:00,121.75,121.75,0,0.0,122.45944572,1.0,0.0,122.45944572,0.5810141519369489,1,1,0,0,,,,False
2026-08-12 01:29:00+08:00,121.75,121.75,0,0.0,122.39495943999998,1.0,0.0,122.39495943999998,0.5283413931455604,1,1,0,0,,,,False
2026-08-12 01:30:00+08:00,121.75,121.75,0,0.0,122.2381413,1.0,0.0,122.2381413,0.400135266738072,1,1,0,0,,,,False
2026-08-12 01:31:00+08:00,121.75,121.75,0,0.0,122.2381413,1.0,0.0,122.2381413,0.400135266738072,1,1,0,0,,,,False
2026-08-12 01:32:00+08:00,121.75,121.75,0,0.0,122.3026299,1.0,0.0,122.3026299,0.4528776438315395,1,1,0,0,,,,False
2026-08-12 01:33:00+08:00,121.25,121.25,0,0.0,122.39936280000002,1.0,0.0,122.39936280000002,0.94345643821238,1,1,0,0,,,,False
2026-08-12 01:34:00+08:00,121.25,121.25,0,0.0,122.4316071,1.0,0.0,122.4316071,0.9697958857560356,1,1,0,0,,,,False
2026-08-12 01:35:00+08:00,122.0,122.0,0,0.0,122.58456861,1.0,0.0,122.58456861,0.4780093963590232,1,1,0,0,,,,False
2026-08-12 01:36:00+08:00,122.0,122.0,0,0.0,122.6078465,1.0,0.0,122.6078465,0.4969967306424963,1,1,0,0,,,,False
2026-08-12 01:37:00+08:00,121.75,121.75,0,0.0,122.58327626999998,1.0,0.0,122.58327626999998,0.6820816899939364,1,1,0,0,,,,False
2026-08-12 01:38:00+08:00,121.75,121.75,0,0.0,122.48652545999998,1.0,0.0,122.48652545999998,0.6031247444359886,1,1,0,0,,,,False
2026-08-12 01:39:00+08:00,121.75,121.75,0,0.0,122.51877573000002,1.0,0.0,122.51877573000002,0.6294506759634101,1,1,0,0,,,,False
2026-08-12 01:40:00+08:00,121.75,121.75,0,0.0,122.50654295,1.0,0.0,122.50654295,0.6194658622961655,1,1,0,0,,,,False
2026-08-12 01:41:00+08:00,121.75,121.75,0,0.0,122.53879000000002,1.0,0.0,122.53879000000002,0.6457848516094579,1,1,0,0,,,,False
2026-08-12 01:42:00+08:00,121.75,121.75,0,0.0,122.63553115000002,1.0,0.0,122.63553115000002,0.7247001455716252,1,1,0,0,,,,False
2026-08-12 01:43:00+08:00,121.75,121.75,0,0.0,122.60328410000002,1.0,0.0,122.60328410000002,0.6984019904973519,1,1,0,0,,,,False
2026-08-12 01:44:00+08:00,121.75,121.75,0,0.0,122.53879000000002,1.0,0.0,122.53879000000002,0.6457848516094579,1,1,0,0,,,,False
2026-08-12 01:45:00+08:00,121.75,121.75,0,0.0,122.539702,1.0,0.0,122.539702,0.6465290951969734,1,1,0,0,,,,False
2026-08-12 01:46:00+08:00,122.0,122.0,0,0.0,122.49104303,1.0,0.0,122.49104303,0.4016859054748778,1,1,0,0,,,,False
2026-08-12 01:47:00+08:00,121.75,121.75,0,0.0,122.50745471,1.0,0.0,122.50745471,0.6202101065036556,1,1,0,0,,,,False
2026-08-12 01:48:00+08:00,121.75,121.75,0,0.0,122.60419658,1.0,0.0,122.60419658,0.6991462327681764,1,1,0,0,,,,False
2026-08-12 01:49:00+08:00,121.75,121.75,0,0.0,122.47520742,1.0,0.0,122.47520742,0.5938841675362633,1,1,0,0,,,,False
2026-08-12 01:50:00+08:00,121.75,121.75,0,0.0,122.57305158,1.0,0.0,122.57305158,0.6737404225081902,1,1,0,0,,,,False
2026-08-12 01:51:00+08:00,121.75,121.75,0,0.0,122.50855642000002,1.0,0.0,122.50855642000002,0.6211093941746625,1,1,0,0,,,,False
2026-08-12 01:52:00+08:00,121.75,121.75,0,0.0,122.50855642000002,1.0,0.0,122.50855642000002,0.6211093941746625,1,1,0,0,,,,False
2026-08-12 01:53:00+08:00,121.75,121.75,0,0.0,122.47630883999996,1.0,0.0,122.47630883999996,0.5947834559263637,1,1,0,0,,,,False
2026-08-12 01:54:00+08:00,121.75,121.75,0,0.0,122.540804,1.0,0.0,122.540804,0.6474283821179028,1,1,0,0,,,,False
2026-08-12 01:55:00+08:00,121.75,121.75,0,0.0,122.46540858,1.0,0.0,122.46540858,0.5858832447631037,1,1,0,0,,,,False
2026-08-12 01:56:00+08:00,121.75,121.75,0,0.0,122.49765329,1.0,0.0,122.49765329,0.6122091900815807,1,1,0,0,,,,False
2026-08-12 01:57:00+08:00,121.75,121.75,0,0.0,122.46540858,1.0,0.0,122.46540858,0.5858832447631037,1,1,0,0,,,,False
2026-08-12 01:58:00+08:00,121.75,121.75,0,0.0,122.56214271,1.0,0.0,122.56214271,0.6648402334746067,1,1,0,0,,,,False
2026-08-12 01:59:00+08:00,122.0,122.0,0,0.0,122.56563963,1.0,0.0,122.56563963,0.4625667210289565,1,1,0,0,,,,False
2026-08-12 02:00:00+08:00,121.75,121.75,0,0.0,122.533394,1.0,0.0,122.533394,0.6413812966754517,1,1,0,0,,,,False
2026-08-12 02:01:00+08:00,121.75,121.75,0,0.0,122.56563963,1.0,0.0,122.56563963,0.6676933422970591,1,1,0,0,,,,False
2026-08-12 02:02:00+08:00,121.75,121.75,0,0.0,122.50114837,1.0,0.0,122.50114837,0.6150623037089222,1,1,0,0,,,,False
2026-08-12 02:03:00+08:00,121.75,121.75,0,0.0,122.63013089,1.0,0.0,122.63013089,0.7202966025058336,1,1,0,0,,,,False
2026-08-12 02:04:00+08:00,121.75,121.75,0,0.0,122.63013089,1.0,0.0,122.63013089,0.7202966025058336,1,1,0,0,,,,False
2026-08-12 02:05:00+08:00,121.75,121.75,0,0.0,122.55674529,1.0,0.0,122.55674529,0.6604363617078001,1,1,0,0,,,,False
2026-08-12 02:06:00+08:00,121.75,121.75,0,0.0,122.46001542,1.0,0.0,122.46001542,0.5814793621620178,1,1,0,0,,,,False
2026-08-12 02:07:00+08:00,121.75,121.75,0,0.0,122.49225871000002,1.0,0.0,122.49225871000002,0.6078053109403425,1,1,0,0,,,,False
2026-08-12 02:08:00+08:00,121.75,121.75,0,0.0,122.42777213,1.0,0.0,122.42777213,0.5551464607836202,1,1,0,0,,,,False
2026-08-12 02:09:00+08:00,122.0,122.0,0,0.0,122.52485413,1.0,0.0,122.52485413,0.429284893650082,1,1,0,0,,,,False
2026-08-12 02:10:00+08:00,121.75,121.75,0,0.0,122.46035039,1.0,0.0,122.46035039,0.5817528936554653,1,1,0,0,,,,False
2026-08-12 02:11:00+08:00,121.75,121.75,0,0.0,122.46035039,1.0,0.0,122.46035039,0.5817528936554653,1,1,0,0,,,,False
2026-08-12 02:12:00+08:00,121.75,121.75,0,0.0,122.49260225999996,1.0,0.0,122.49260225999996,0.6080857746589666,1,1,0,0,,,,False
2026-08-12 02:13:00+08:00,121.75,121.75,0,0.0,122.39584665,1.0,0.0,122.39584665,0.5290662600751604,1,1,0,0,,,,False
2026-08-12 02:14:00+08:00,121.75,121.75,0,0.0,122.39584665,1.0,0.0,122.39584665,0.5290662600751604,1,1,0,0,,,,False
2026-08-12 02:15:00+08:00,121.75,121.75,0,0.0,122.40047655,1.0,0.0,122.40047655,0.5328488882689487,1,1,0,0,,,,False
2026-08-12 02:16:00+08:00,121.75,121.75,0,0.0,122.40047655,1.0,0.0,122.40047655,0.5328488882689487,1,1,0,0,,,,False
2026-08-12 02:17:00+08:00,121.75,121.75,0,0.0,122.36822346,1.0,0.0,122.36822346,0.5064951327579155,1,1,0,0,,,,False
2026-08-12 02:18:00+08:00,121.75,121.75,0,0.0,122.40047655,1.0,0.0,122.40047655,0.5328488882689487,1,1,0,0,,,,False
2026-08-12 02:19:00+08:00,121.75,121.75,0,0.0,122.30371728,1.0,0.0,122.30371728,0.4537667249417286,1,1,0,0,,,,False
2026-08-12 02:20:00+08:00,121.75,121.75,0,0.0,122.237990406,1.0,0.0,122.237990406,0.4000118245065837,1,1,0,0,,,,False
2026-08-12 02:21:00+08:00,121.25,121.25,0,0.0,122.40571365,1.0,0.0,122.40571365,0.9486448174657938,1,1,0,0,,,,False
2026-08-12 02:22:00+08:00,121.5,121.5,0,0.0,122.4078009,1.0,0.0,122.4078009,0.7443803737726309,1,1,0,0,,,,False
2026-08-12 02:23:00+08:00,121.25,121.25,0,0.0,122.34120471,1.0,0.0,122.34120471,0.8959311246882542,1,1,0,0,,,,False
2026-08-12 02:24:00+08:00,121.5,121.5,0,0.0,122.36795788,1.0,0.0,122.36795788,0.7118260943711903,1,1,0,0,,,,False
2026-08-12 02:25:00+08:00,121.25,121.25,0,0.0,122.4002109,1.0,0.0,122.4002109,0.9441493161457426,1,1,0,0,,,,False
2026-08-12 02:26:00+08:00,121.25,121.25,0,0.0,122.4002109,1.0,0.0,122.4002109,0.9441493161457426,1,1,0,0,,,,False
2026-08-12 02:27:00+08:00,121.25,121.25,0,0.0,122.20669278,1.0,0.0,122.20669278,0.7859244032896759,1,1,0,0,,,,False
2026-08-12 02:28:00+08:00,121.25,121.25,0,0.0,122.14218674,1.0,0.0,122.14218674,0.7331268533718795,1,1,0,0,,,,False
2026-08-12 02:29:00+08:00,121.25,121.25,0,0.0,122.10993372,1.0,0.0,122.10993372,0.7067175823522416,1,1,0,0,,,,False
2026-08-12 02:30:00+08:00,121.25,121.25,0,0.0,122.2422052,1.0,0.0,122.2422052,0.814979025045205,1,1,0,0,,,,False
2026-08-12 02:31:00+08:00,121.25,121.25,0,0.0,122.30671296,1.0,0.0,122.30671296,0.8677346209492863,1,1,0,0,,,,False
2026-08-12 02:32:00+08:00,121.25,121.25,0,0.0,122.2422052,1.0,0.0,122.2422052,0.814979025045205,1,1,0,0,,,,False
2026-08-12 02:33:00+08:00,121.25,121.25,0,0.0,122.2422052,1.0,0.0,122.2422052,0.814979025045205,1,1,0,0,,,,False
2026-08-12 02:34:00+08:00,121.25,121.25,0,0.0,122.27445908,1.0,0.0,122.27445908,0.8413603166353453,1,1,0,0,,,,False
2026-08-12 02:35:00+08:00,121.25,121.25,0,0.0,122.29033152000002,1.0,0.0,122.29033152000002,0.8543402347422603,1,1,0,0,,,,False
2026-08-12 02:36:00+08:00,121.25,121.25,0,0.0,122.32258108,1.0,0.0,122.32258108,0.8807075699934575,1,1,0,0,,,,False
2026-08-12 02:37:00+08:00,121.25,121.25,0,0.0,122.22583240000002,1.0,0.0,122.22583240000002,0.801584609347877,1,1,0,0,,,,False
2026-08-12 02:38:00+08:00,121.25,121.25,0,0.0,122.22583240000002,1.0,0.0,122.22583240000002,0.801584609347877,1,1,0,0,,,,False
2026-08-12 02:39:00+08:00,121.25,121.25,0,0.0,122.25808196,1.0,0.0,122.25808196,0.8279659154521135,1,1,0,0,,,,False
2026-08-12 02:40:00+08:00,121.25,121.25,0,0.0,122.15159812,1.0,0.0,122.15159812,0.7408317175924947,1,1,0,0,,,,False
2026-08-12 02:41:00+08:00,121.25,121.25,0,0.0,122.08710414,1.0,0.0,122.08710414,0.6880201381194869,1,1,0,0,,,,False
2026-08-12 02:42:00+08:00,121.25,121.25,0,0.0,122.15159812,1.0,0.0,122.15159812,0.7408317175924947,1,1,0,0,,,,False
2026-08-12 02:43:00+08:00,121.25,121.25,0,0.0,122.15159812,1.0,0.0,122.15159812,0.7408317175924947,1,1,0,0,,,,False
2026-08-12 02:44:00+08:00,121.25,121.25,0,0.0,122.11935112999996,1.0,0.0,122.11935112999996,0.7144294266828947,1,1,0,0,,,,False
2026-08-12 02:45:00+08:00,121.25,121.25,0,0.0,122.11045167999998,1.0,0.0,122.11045167999998,0.7071417513075704,1,1,0,0,,,,False
2026-08-12 02:46:00+08:00,121.5,121.5,0,0.0,122.22843634,1.0,0.0,122.22843634,0.5977442361168087,1,1,0,0,,,,False
2026-08-12 02:47:00+08:00,121.25,121.25,0,0.0,122.30391951999998,1.0,0.0,122.30391951999998,0.8654506748050381,1,1,0,0,,,,False
2026-08-12 02:48:00+08:00,121.5,121.5,0,0.0,122.33149754,1.0,0.0,122.33149754,0.6820263570448534,1,1,0,0,,,,False
2026-08-12 02:49:00+08:00,121.25,121.25,0,0.0,122.46514271999996,1.0,0.0,122.46514271999996,0.9971827818643428,1,1,0,0,,,,False
2026-08-12 02:50:00+08:00,121.25,121.25,0,0.0,122.43623943999998,1.0,0.0,122.43623943999998,0.9735793393389812,1,1,0,0,,,,False
2026-08-12 02:51:00+08:00,121.25,121.25,0,0.0,122.43623943999998,1.0,0.0,122.43623943999998,0.9735793393389812,1,1,0,0,,,,False
2026-08-12 02:52:00+08:00,121.25,121.25,0,0.0,122.43623943999998,1.0,0.0,122.43623943999998,0.9735793393389812,1,1,0,0,,,,False
2026-08-12 02:53:00+08:00,121.5,121.5,0,0.0,122.52743745,1.0,0.0,122.52743745,0.8420671550186029,1,1,0,0,,,,False
2026-08-12 02:54:00+08:00,121.25,121.25,0,0.0,122.50073048,1.0,0.0,122.50073048,1.0262373183760456,1,1,0,0,,,,False
2026-08-12 02:55:00+08:00,121.25,121.25,0,0.0,122.46780132,1.0,0.0,122.46780132,0.9993536076595626,1,1,0,0,,,,False
2026-08-12 02:56:00+08:00,121.25,121.25,0,0.0,122.40331064,1.0,0.0,122.40331064,0.9466816904483007,1,1,0,0,,,,False
2026-08-12 02:57:00+08:00,121.25,121.25,0,0.0,122.46780132,1.0,0.0,122.46780132,0.9993536076595626,1,1,0,0,,,,False
2026-08-12 02:58:00+08:00,121.25,121.25,0,0.0,122.43555597999998,1.0,0.0,122.43555597999998,0.973021133921682,1,1,0,0,,,,False
2026-08-12 02:59:00+08:00,121.25,121.25,0,0.0,122.43555597999998,1.0,0.0,122.43555597999998,0.973021133921682,1,1,0,0,,,,False
2026-08-12 03:00:00+08:00,121.25,121.25,0,0.0,122.3730387,1.0,0.0,122.3730387,0.9219478633816164,1,1,0,0,,,,False
2026-08-12 03:01:00+08:00,121.25,121.25,0,0.0,122.3730387,1.0,0.0,122.3730387,0.9219478633816164,1,1,0,0,,,,False
2026-08-12 03:02:00+08:00,121.25,121.25,0,0.0,122.3730387,1.0,0.0,122.3730387,0.9219478633816164,1,1,0,0,,,,False
2026-08-12 03:03:00+08:00,121.25,121.25,0,0.0,122.46977628,1.0,0.0,122.46977628,1.0009661904486882,1,1,0,0,,,,False
2026-08-12 03:04:00+08:00,121.75,121.75,0,0.0,122.40528456,1.0,0.0,122.40528456,0.5367768804848173,1,1,0,0,,,,False
2026-08-12 03:05:00+08:00,121.75,121.75,0,0.0,122.30953316,1.0,0.0,122.30953316,0.458521863707068,1,1,0,0,,,,False
2026-08-12 03:06:00+08:00,121.75,121.75,0,0.0,122.21279479999998,1.0,0.0,122.21279479999998,0.3793978507086551,1,1,0,0,,,,False
2026-08-12 03:07:00+08:00,121.75,121.75,0,0.0,122.3740254,1.0,0.0,122.3740254,0.5112363676434838,1,1,0,0,,,,False
2026-08-12 03:08:00+08:00,121.75,121.75,0,0.0,122.27728704,1.0,0.0,122.27728704,0.432154163082229,1,1,0,0,,,,False
2026-08-12 03:09:00+08:00,121.75,121.75,0,0.0,122.18054868,1.0,0.0,122.18054868,0.3530092334312761,1,1,0,0,,,,False
2026-08-12 03:10:00+08:00,121.75,121.75,0,0.0,122.24758088999997,1.0,0.0,122.24758088999997,0.4078572321782877,1,1,0,0,,,,False
2026-08-12 03:11:00+08:00,121.5,121.5,0,0.0,122.35866258,1.0,0.0,122.35866258,0.704229713158804,1,1,0,0,,,,False
2026-08-12 03:12:00+08:00,121.75,121.75,0,0.0,122.37656805,1.0,0.0,122.37656805,0.5133141017831868,1,1,0,0,,,,False
2026-08-12 03:13:00+08:00,121.75,121.75,0,0.0,122.4739533558,1.0,0.0,122.4739533558,0.5928602381972694,1,1,0,0,,,,False
2026-08-12 03:14:00+08:00,121.75,121.75,0,0.0,122.40881484,1.0,0.0,122.40881484,0.539660909176447,1,1,0,0,,,,False
2026-08-12 03:15:00+08:00,121.75,121.75,0,0.0,122.46582635999998,1.0,0.0,122.46582635999998,0.5862243824810731,1,1,0,0,,,,False
2026-08-12 03:16:00+08:00,121.75,121.75,0,0.0,122.46582635999998,1.0,0.0,122.46582635999998,0.5862243824810731,1,1,0,0,,,,False
2026-08-12 03:17:00+08:00,121.75,121.75,0,0.0,122.49807117999998,1.0,0.0,122.49807117999998,0.612550327530478,1,1,0,0,,,,False
2026-08-12 03:18:00+08:00,121.75,121.75,0,0.0,122.56256081999996,1.0,0.0,122.56256081999996,0.66518137035012,1,1,0,0,,,,False
2026-08-12 03:19:00+08:00,121.75,121.75,0,0.0,122.530316,1.0,0.0,122.530316,0.6388693225695673,1,1,0,0,,,,False
2026-08-12 03:20:00+08:00,121.75,121.75,0,0.0,122.535636,1.0,0.0,122.535636,0.643210966362342,1,1,0,0,,,,False
2026-08-12 03:21:00+08:00,121.75,121.75,0,0.0,122.47114356,1.0,0.0,122.47114356,0.5905660332991044,1,1,0,0,,,,False
2026-08-12 03:22:00+08:00,121.75,121.75,0,0.0,122.37440490000002,1.0,0.0,122.37440490000002,0.5115464799644176,1,1,0,0,,,,False
2026-08-12 03:23:00+08:00,121.25,121.25,0,0.0,122.34215867999998,1.0,0.0,122.34215867999998,0.896710867803196,1,1,0,0,,,,False
2026-08-12 03:24:00+08:00,121.25,121.25,0,0.0,122.43889734,1.0,0.0,122.43889734,0.97575010841895,1,1,0,0,,,,False
2026-08-12 03:25:00+08:00,121.25,121.25,0,0.0,122.45750264,1.0,0.0,122.45750264,0.990944166198856,1,1,0,0,,,,False
2026-08-12 03:26:00+08:00,121.25,121.25,0,0.0,122.45750264,1.0,0.0,122.45750264,0.990944166198856,1,1,0,0,,,,False
2026-08-12 03:27:00+08:00,121.25,121.25,0,0.0,122.52200488,1.0,0.0,122.52200488,1.0436020991222292,1,1,0,0,,,,False
2026-08-12 03:28:00+08:00,121.75,121.75,0,0.0,122.61875824,1.0,0.0,122.61875824,0.7110223469292899,1,1,0,0,,,,False
2026-08-12 03:29:00+08:00,121.75,121.75,0,0.0,122.554256,1.0,0.0,122.554256,0.6584052305662734,1,1,0,0,,,,False
2026-08-12 03:30:00+08:00,121.75,121.75,0,0.0,122.64534289,1.0,0.0,122.64534289,0.7327004511726677,1,1,0,0,,,,False
2026-08-12 03:31:00+08:00,121.75,121.75,0,0.0,122.548594,1.0,0.0,122.548594,0.6537851789683312,1,1,0,0,,,,False
2026-08-12 03:32:00+08:00,121.75,121.75,0,0.0,122.35509622,1.0,0.0,122.35509622,0.4957669703500572,1,1,0,0,,,,False
2026-08-12 03:33:00+08:00,121.75,121.75,0,0.0,122.45184511,1.0,0.0,122.45184511,0.5748073768106458,1,1,0,0,,,,False
2026-08-12 03:34:00+08:00,121.75,121.75,0,0.0,122.548594,1.0,0.0,122.548594,0.6537851789683312,1,1,0,0,,,,False
2026-08-12 03:35:00+08:00,121.75,121.75,0,0.0,122.39197575,1.0,0.0,122.39197575,0.5259036247477409,1,1,0,0,,,,False
2026-08-12 03:36:00+08:00,121.75,121.75,0,0.0,122.4242266,1.0,0.0,122.4242266,0.5522504233049117,1,1,0,0,,,,False
2026-08-12 03:37:00+08:00,121.5,121.5,0,0.0,122.400848868,1.0,0.0,122.400848868,0.7387008878247403,1,1,0,0,,,,False
2026-08-12 03:38:00+08:00,121.75,121.75,0,0.0,122.45647745,1.0,0.0,122.45647745,0.578590262942261,1,1,0,0,,,,False
2026-08-12 03:39:00+08:00,121.75,121.75,0,0.0,122.39197575,1.0,0.0,122.39197575,0.5259036247477409,1,1,0,0,,,,False
2026-08-12 03:40:00+08:00,121.25,121.25,0,0.0,122.34644589999998,1.0,0.0,122.34644589999998,0.9002150223900109,1,1,0,0,,,,False
2026-08-12 03:41:00+08:00,121.25,121.25,0,0.0,122.21745649999998,1.0,0.0,122.21745649999998,0.7947316770033972,1,1,0,0,,,,False
2026-08-12 03:42:00+08:00,121.25,121.25,0,0.0,122.12071445,1.0,0.0,122.12071445,0.7155457894494374,1,1,0,0,,,,False
2026-08-12 03:43:00+08:00,121.25,121.25,0,0.0,122.21745649999998,1.0,0.0,122.21745649999998,0.7947316770033972,1,1,0,0,,,,False
2026-08-12 03:44:00+08:00,121.25,121.25,0,0.0,122.12071445,1.0,0.0,122.12071445,0.7155457894494374,1,1,0,0,,,,False
2026-08-12 03:45:00+08:00,121.5,121.5,0,0.0,122.0296484,1.0,0.0,122.0296484,0.4349765241972068,1,1,0,0,,,,False
2026-08-12 03:46:00+08:00,121.5,121.5,0,0.0,122.08876998,1.0,0.0,122.08876998,0.4834130736391095,1,1,0,0,,,,False
2026-08-12 03:47:00+08:00,121.25,121.25,0,0.0,122.19521211,1.0,0.0,122.19521211,0.7765296362229498,1,1,0,0,,,,False
2026-08-12 03:48:00+08:00,121.25,121.25,0,0.0,122.16296212,1.0,0.0,122.16296212,0.7501343495010118,1,1,0,0,,,,False
2026-08-12 03:49:00+08:00,121.25,121.25,0,0.0,122.00171216999998,1.0,0.0,122.00171216999998,0.6180529323260272,1,1,0,0,,,,False
2026-08-12 03:50:00+08:00,121.25,121.25,0,0.0,122.199039,1.0,0.0,122.199039,0.7796613236990425,1,1,0,0,,,,False
2026-08-12 03:51:00+08:00,121.25,121.25,0,0.0,122.13453699999998,1.0,0.0,122.13453699999998,0.726863761275007,1,1,0,0,,,,False
2026-08-12 03:52:00+08:00,121.25,121.25,0,0.0,122.070035,1.0,0.0,122.070035,0.6740382065126731,1,1,0,0,,,,False
2026-08-12 03:53:00+08:00,121.25,121.25,0,0.0,122.03778400000002,1.0,0.0,122.03778400000002,0.6476149250469693,1,1,0,0,,,,False
2026-08-12 03:54:00+08:00,121.25,121.25,0,0.0,122.166788,1.0,0.0,122.166788,0.7532660401385273,1,1,0,0,,,,False
2026-08-12 03:55:00+08:00,121.25,121.25,0,0.0,122.18179905000002,1.0,0.0,122.18179905000002,0.7655524492990624,1,1,0,0,,,,False
2026-08-12 03:56:00+08:00,121.75,121.75,0,0.0,122.27853840000004,1.0,0.0,122.27853840000004,0.4331775319931437,1,1,0,0,,,,False
2026-08-12 03:57:00+08:00,121.75,121.75,0,0.0,122.11730615000002,1.0,0.0,122.11730615000002,0.3012344342493314,1,1,0,0,,,,False
2026-08-12 03:58:00+08:00,121.25,121.25,0,0.0,122.08505970000002,1.0,0.0,122.08505970000002,0.6863455689694159,1,1,0,0,,,,False
2026-08-12 03:59:00+08:00,121.5,121.5,0,0.0,122.15500732,1.0,0.0,122.15500732,0.5376514336434446,1,1,0,0,,,,False
2026-08-12 21:30:00+08:00,126.25,126.25,0,0.0,125.7511584,1.0,0.0,125.7511584,-0.3959042118434893,1,1,0,0,,,,False
2026-08-12 21:31:00+08:00,125.75,125.75,0,0.0,124.7848329,1.0,0.0,124.7848329,-0.7704853563298566,1,1,0,0,,,,False
2026-08-12 21:32:00+08:00,126.25,126.25,0,0.0,125.3002065,1.0,0.0,125.3002065,-0.7551522324033653,1,1,0,0,,,,False
2026-08-12 21:33:00+08:00,126.25,126.25,0,0.0,125.3646282,1.0,0.0,125.3646282,-0.7037522471040395,1,1,0,0,,,,False
2026-08-12 21:34:00+08:00,125.75,125.75,0,0.0,125.4934716,1.0,0.0,125.4934716,-0.2042070174929135,1,1,0,0,,,,False
2026-08-12 21:35:00+08:00,125.75,125.75,0,0.0,125.42079462,1.0,0.0,125.42079462,-0.2621366711827022,1,1,0,0,,,,False
2026-08-12 21:36:00+08:00,125.75,125.75,0,0.0,125.54962954,1.0,0.0,125.54962954,-0.1594673739605402,1,1,0,0,,,,False
2026-08-12 21:37:00+08:00,126.25,126.25,0,0.0,125.614047,1.0,0.0,125.614047,-0.5049970470775456,1,1,0,0,,,,False
2026-08-12 21:38:00+08:00,125.75,125.75,0,0.0,125.48521208000004,1.0,0.0,125.48521208000004,-0.2107888602141163,1,1,0,0,,,,False
2026-08-12 21:39:00+08:00,125.75,125.75,0,0.0,125.51742081,1.0,0.0,125.51742081,-0.1851248277633766,1,1,0,0,,,,False
2026-08-12 21:40:00+08:00,125.75,125.75,0,0.0,125.50052336000002,1.0,0.0,125.50052336000002,-0.198587956485587,1,1,0,0,,,,False
2026-08-12 21:41:00+08:00,125.75,125.75,0,0.0,125.629374,1.0,0.0,125.629374,-0.0959712788528045,1,1,0,0,,,,False
2026-08-12 21:42:00+08:00,125.75,125.75,0,0.0,125.66158665999998,1.0,0.0,125.66158665999998,-0.0703335444277544,1,1,0,0,,,,False
2026-08-12 21:43:00+08:00,126.25,126.25,0,0.0,125.69379932,1.0,0.0,125.69379932,-0.4415275799612318,1,1,0,0,,,,False
2026-08-12 21:44:00+08:00,126.25,126.25,0,0.0,125.6287297468,1.0,0.0,125.6287297468,-0.4933090251999751,1,1,0,0,,,,False
2026-08-12 21:45:00+08:00,126.25,126.25,0,0.0,125.90569152,1.0,0.0,125.90569152,-0.273091975774567,1,1,0,0,,,,False
2026-08-12 21:46:00+08:00,126.25,126.25,0,0.0,126.09909503999998,1.0,0.0,126.09909503999998,-0.11960015943477,1,1,0,0,,,,False
2026-08-12 21:47:00+08:00,126.25,126.25,0,0.0,125.93792544,1.0,0.0,125.93792544,-0.2474936573236227,1,1,0,0,,,,False
2026-08-12 21:48:00+08:00,126.25,126.25,0,0.0,126.29249855999998,1.0,0.0,126.29249855999998,0.0336565609687965,1,1,0,0,,,,False
2026-08-12 21:49:00+08:00,126.25,126.25,0,0.0,126.1957968,1.0,0.0,126.1957968,-0.042942446011843,1,1,0,0,,,,False
2026-08-12 21:50:00+08:00,126.25,126.25,0,0.0,126.15675252,1.0,0.0,126.15675252,-0.0738866762232118,1,1,0,0,,,,False
2026-08-12 21:51:00+08:00,126.25,126.25,0,0.0,125.96335944,1.0,0.0,125.96335944,-0.2273000610565873,1,1,0,0,,,,False
2026-08-12 21:52:00+08:00,126.25,126.25,0,0.0,126.15675252,1.0,0.0,126.15675252,-0.0738866762232118,1,1,0,0,,,,False
2026-08-12 21:53:00+08:00,126.25,126.25,0,0.0,126.12452034,1.0,0.0,126.12452034,-0.0994392459515719,1,1,0,0,,,,False
2026-08-12 21:54:00+08:00,125.75,125.75,0,0.0,125.83443072,1.0,0.0,125.83443072,0.0671191931538618,1,1,0,0,,,,False
2026-08-12 21:55:00+08:00,125.75,125.75,0,0.0,125.77702898,1.0,0.0,125.77702898,0.0214919089289178,1,1,0,0,,,,False
2026-08-12 21:56:00+08:00,125.75,125.75,0,0.0,125.3902211,1.0,0.0,125.3902211,-0.2865163520396447,1,1,0,0,,,,False
2026-08-12 21:57:00+08:00,125.75,125.75,0,0.0,125.51915706,1.0,0.0,125.51915706,-0.1837415643853812,1,1,0,0,,,,False
2026-08-12 21:58:00+08:00,125.75,125.75,0,0.0,125.712561,1.0,0.0,125.712561,-0.0297769973002,1,1,0,0,,,,False
2026-08-12 21:59:00+08:00,125.75,125.75,0,0.0,125.74479499,1.0,0.0,125.74479499,-0.0041392586277728,1,1,0,0,,,,False
2026-08-12 22:00:00+08:00,125.75,125.75,0,0.0,125.45655724,1.0,0.0,125.45655724,-0.2336266721888463,1,1,0,0,,,,False
2026-08-12 22:01:00+08:00,125.75,125.75,0,0.0,125.714433,1.0,0.0,125.714433,-0.0282878970800503,1,1,0,0,,,,False
2026-08-12 22:02:00+08:00,125.75,125.75,0,0.0,125.23091595,1.0,0.0,125.23091595,-0.4136442390730619,1,1,0,0,,,,False
2026-08-12 22:03:00+08:00,125.75,125.75,0,0.0,125.45655724,1.0,0.0,125.45655724,-0.2336266721888463,1,1,0,0,,,,False
2026-08-12 22:04:00+08:00,125.75,125.75,0,0.0,125.42432277,1.0,0.0,125.42432277,-0.259323665260337,1,1,0,0,,,,False
2026-08-12 22:05:00+08:00,125.75,125.75,0,0.0,125.7852622,1.0,0.0,125.7852622,0.0280375798538876,1,1,0,0,,,,False
2026-08-12 22:06:00+08:00,125.75,125.75,0,0.0,125.7852622,1.0,0.0,125.7852622,0.0280375798538876,1,1,0,0,,,,False
2026-08-12 22:07:00+08:00,125.75,125.75,0,0.0,125.8819705,1.0,0.0,125.8819705,0.1048916794934801,1,1,0,0,,,,False
2026-08-12 22:08:00+08:00,125.75,125.75,0,0.0,125.8174983,1.0,0.0,125.8174983,0.053662178505681,1,1,0,0,,,,False
2026-08-12 22:09:00+08:00,125.75,125.75,0,0.0,125.8497344,1.0,0.0,125.8497344,0.0792802108776697,1,1,0,0,,,,False
2026-08-12 22:10:00+08:00,125.75,125.75,0,0.0,125.83739776,1.0,0.0,125.83739776,0.0694770571007489,1,1,0,0,,,,False
2026-08-12 22:11:00+08:00,125.75,125.75,0,0.0,125.74069894,1.0,0.0,125.74069894,-0.0073967427337992,1,1,0,0,,,,False
2026-08-12 22:12:00+08:00,125.75,125.75,0,0.0,125.74069894,1.0,0.0,125.74069894,-0.0073967427337992,1,1,0,0,,,,False
2026-08-12 22:13:00+08:00,125.75,125.75,0,0.0,125.58275753399998,1.0,0.0,125.58275753399998,-0.1330844953446981,1,1,0,0,,,,False
2026-08-12 22:14:00+08:00,125.75,125.75,0,0.0,125.48283542,1.0,0.0,125.48283542,-0.2126828521864027,1,1,0,0,,,,False
2026-08-12 22:15:00+08:00,125.75,125.75,0,0.0,125.55121032,1.0,0.0,125.55121032,-0.1582082949356838,1,1,0,0,,,,False
2026-08-12 22:16:00+08:00,125.75,125.75,0,0.0,125.55121032,1.0,0.0,125.55121032,-0.1582082949356838,1,1,0,0,,,,False
2026-08-12 22:17:00+08:00,125.75,125.75,0,0.0,125.58343599,1.0,0.0,125.58343599,-0.1325442509023185,1,1,0,0,,,,False
2026-08-12 22:18:00+08:00,125.75,125.75,0,0.0,125.64788733,1.0,0.0,125.64788733,-0.0812359014504824,1,1,0,0,,,,False
2026-08-12 22:19:00+08:00,125.75,125.75,0,0.0,125.42230764,1.0,0.0,125.42230764,-0.2609303255434199,1,1,0,0,,,,False
2026-08-12 22:20:00+08:00,126.5,126.5,0,0.0,125.44499799999998,1.0,0.0,125.44499799999998,-0.8374859658853129,1,1,0,0,,,,False
2026-08-12 22:21:00+08:00,125.75,125.75,0,0.0,124.97363018,1.0,0.0,124.97363018,-0.6193032698534563,1,1,0,0,,,,False
2026-08-12 22:22:00+08:00,125.25,125.25,0,0.0,125.07030911,1.0,0.0,125.07030911,-0.1435687664647622,1,1,0,0,,,,False
2026-08-12 22:23:00+08:00,125.75,125.75,0,0.0,124.97363018,1.0,0.0,124.97363018,-0.6193032698534563,1,1,0,0,,,,False
2026-08-12 22:24:00+08:00,125.75,125.75,0,0.0,125.19921435,1.0,0.0,125.19921435,-0.438961844472504,1,1,0,0,,,,False
2026-08-12 22:25:00+08:00,125.75,125.75,0,0.0,125.26175664,1.0,0.0,125.26175664,-0.3890203124630811,1,1,0,0,,,,False
2026-08-12 22:26:00+08:00,125.75,125.75,0,0.0,125.42284429,1.0,0.0,125.42284429,-0.2605024527430881,1,1,0,0,,,,False
2026-08-12 22:27:00+08:00,125.75,125.75,0,0.0,125.35840922999998,1.0,0.0,125.35840922999998,-0.3118898098242091,1,1,0,0,,,,False
2026-08-12 22:28:00+08:00,125.75,125.75,0,0.0,125.35840922999998,1.0,0.0,125.35840922999998,-0.3118898098242091,1,1,0,0,,,,False
2026-08-12 22:29:00+08:00,125.75,125.75,0,0.0,125.31652644099998,1.0,0.0,125.31652644099998,-0.3453057364075859,1,1,0,0,,,,False
2026-08-12 22:30:00+08:00,125.75,125.75,0,0.0,125.17362968000002,1.0,0.0,125.17362968000002,-0.4593989978026536,1,1,0,0,,,,False
2026-08-12 22:31:00+08:00,125.25,125.25,0,0.0,125.07694562000002,1.0,0.0,125.07694562000002,-0.1382626864809682,1,1,0,0,,,,False
2026-08-12 22:32:00+08:00,125.25,125.25,0,0.0,125.01248958,1.0,0.0,125.01248958,-0.1898090444145996,1,1,0,0,,,,False
2026-08-12 22:33:00+08:00,125.75,125.75,0,0.0,125.01248958,1.0,0.0,125.01248958,-0.5882143068807798,1,1,0,0,,,,False
2026-08-12 22:34:00+08:00,125.25,125.25,0,0.0,124.8835775,1.0,0.0,124.8835775,-0.2929814570776678,1,1,0,0,,,,False
2026-08-12 22:35:00+08:00,125.25,125.25,0,0.0,125.095509,1.0,0.0,125.095509,-0.1234222260404178,1,1,0,0,,,,False
2026-08-12 22:36:00+08:00,125.75,125.75,0,0.0,125.1921825,1.0,0.0,125.1921825,-0.4445785036559272,1,1,0,0,,,,False
2026-08-12 22:37:00+08:00,125.75,125.75,0,0.0,125.1921825,1.0,0.0,125.1921825,-0.4445785036559272,1,1,0,0,,,,False
2026-08-12 22:38:00+08:00,125.75,125.75,0,0.0,125.224407,1.0,0.0,125.224407,-0.4188419100438402,1,1,0,0,,,,False
2026-08-12 22:39:00+08:00,125.75,125.75,0,0.0,125.159958,1.0,0.0,125.159958,-0.4703217079969355,1,1,0,0,,,,False
2026-08-12 22:40:00+08:00,125.75,125.75,0,0.0,125.27307351,1.0,0.0,125.27307351,-0.3799861768332716,1,1,0,0,,,,False
2026-08-12 22:41:00+08:00,125.75,125.75,0,0.0,125.17638732,1.0,0.0,125.17638732,-0.4571959817589713,1,1,0,0,,,,False
2026-08-12 22:42:00+08:00,125.75,125.75,0,0.0,125.11192986,1.0,0.0,125.11192986,-0.5087022493656987,1,1,0,0,,,,False
2026-08-12 22:43:00+08:00,125.75,125.75,0,0.0,125.24084478,1.0,0.0,125.24084478,-0.4057161690071082,1,1,0,0,,,,False
2026-08-12 22:44:00+08:00,125.75,125.75,0,0.0,125.27307351,1.0,0.0,125.27307351,-0.3799861768332716,1,1,0,0,,,,False
2026-08-12 22:45:00+08:00,125.75,125.75,0,0.0,125.17735832,1.0,0.0,125.17735832,-0.4564202834110398,1,1,0,0,,,,False
2026-08-12 22:46:00+08:00,125.75,125.75,0,0.0,125.2095873,1.0,0.0,125.2095873,-0.4306770710090377,1,1,0,0,,,,False
2026-08-12 22:47:00+08:00,125.75,125.75,0,0.0,125.0484424,1.0,0.0,125.0484424,-0.5594592959082916,1,1,0,0,,,,False
2026-08-12 22:48:00+08:00,125.25,125.25,0,0.0,125.14512934,1.0,0.0,125.14512934,-0.083764137326812,1,1,0,0,,,,False
2026-08-12 22:49:00+08:00,125.25,125.25,0,0.0,125.14512934,1.0,0.0,125.14512934,-0.083764137326812,1,1,0,0,,,,False
2026-08-12 22:50:00+08:00,125.25,125.25,0,0.0,125.10644122,1.0,0.0,125.10644122,-0.1146835122758871,1,1,0,0,,,,False
2026-08-12 22:51:00+08:00,125.25,125.25,0,0.0,125.04196997999998,1.0,0.0,125.04196997999998,-0.1662298794616917,1,1,0,0,,,,False
2026-08-12 22:52:00+08:00,125.25,125.25,0,0.0,125.17091245999998,1.0,0.0,125.17091245999998,-0.0631636864693959,1,1,0,0,,,,False
2026-08-12 22:53:00+08:00,125.25,125.25,0,0.0,125.17091245999998,1.0,0.0,125.17091245999998,-0.0631636864693959,1,1,0,0,,,,False
2026-08-12 22:54:00+08:00,125.25,125.25,0,0.0,124.84855625999998,1.0,0.0,124.84855625999998,-0.3210284345525626,1,1,0,0,,,,False
2026-08-12 22:55:00+08:00,125.25,125.25,0,0.0,124.85984191999998,1.0,0.0,124.85984191999998,-0.311989385947328,1,1,0,0,,,,False
2026-08-12 22:56:00+08:00,125.25,125.25,0,0.0,124.98882935999998,1.0,0.0,124.98882935999998,-0.2087371018062832,1,1,0,0,,,,False
2026-08-12 22:57:00+08:00,125.25,125.25,0,0.0,125.05332308,1.0,0.0,125.05332308,-0.1571508660611279,1,1,0,0,,,,False
2026-08-12 22:58:00+08:00,125.25,125.25,0,0.0,125.02107622,1.0,0.0,125.02107622,-0.1829406605490068,1,1,0,0,,,,False
2026-08-12 22:59:00+08:00,125.25,125.25,0,0.0,124.98882935999998,1.0,0.0,124.98882935999998,-0.2087371018062832,1,1,0,0,,,,False
2026-08-12 23:00:00+08:00,125.25,125.25,0,0.0,125.00359692,1.0,0.0,125.00359692,-0.196922708031067,1,1,0,0,,,,False
2026-08-12 23:01:00+08:00,125.25,125.25,0,0.0,125.13259959999998,1.0,0.0,125.13259959999998,-0.0937768041290217,1,1,0,0,,,,False
2026-08-12 23:02:00+08:00,125.25,125.25,0,0.0,125.13259959999998,1.0,0.0,125.13259959999998,-0.0937768041290217,1,1,0,0,,,,False
2026-08-12 23:03:00+08:00,125.25,125.25,0,0.0,124.90684491,1.0,0.0,124.90684491,-0.2743519491729029,1,1,0,0,,,,False
2026-08-12 23:04:00+08:00,125.75,125.75,0,0.0,125.06809826,1.0,0.0,125.06809826,-0.5437420542859884,1,1,0,0,,,,False
2026-08-12 23:05:00+08:00,125.75,125.75,0,0.0,125.20706319,1.0,0.0,125.20706319,-0.4326929898673196,1,1,0,0,,,,False
2026-08-12 23:06:00+08:00,125.75,125.75,0,0.0,125.49726756,1.0,0.0,125.49726756,-0.2011822396752218,1,1,0,0,,,,False
2026-08-12 23:07:00+08:00,125.75,125.75,0,0.0,125.40053277,1.0,0.0,125.40053277,-0.27829304293775,1,1,0,0,,,,False
2026-08-12 23:08:00+08:00,125.75,125.75,0,0.0,125.40053277,1.0,0.0,125.40053277,-0.27829304293775,1,1,0,0,,,,False
2026-08-12 23:09:00+08:00,125.75,125.75,0,0.0,125.40053277,1.0,0.0,125.40053277,-0.27829304293775,1,1,0,0,,,,False
2026-08-12 23:10:00+08:00,125.75,125.75,0,0.0,125.33433263,1.0,0.0,125.33433263,-0.3310978153404253,1,1,0,0,,,,False
2026-08-12 23:11:00+08:00,125.75,125.75,0,0.0,125.4310661,1.0,0.0,125.4310661,-0.2539474053136082,1,1,0,0,,,,False
2026-08-12 23:12:00+08:00,125.75,125.75,0,0.0,125.52779957,1.0,0.0,125.52779957,-0.1768563958935028,1,1,0,0,,,,False
2026-08-12 23:13:00+08:00,125.75,125.75,0,0.0,125.62453304,1.0,0.0,125.62453304,-0.0998247185048233,1,1,0,0,,,,False
2026-08-12 23:14:00+08:00,125.75,125.75,0,0.0,125.65677753,1.0,0.0,125.65677753,-0.0741606657671561,1,1,0,0,,,,False
2026-08-12 23:15:00+08:00,125.75,125.75,0,0.0,125.64085728,1.0,0.0,125.64085728,-0.0868310973445073,1,1,0,0,,,,False
2026-08-12 23:16:00+08:00,125.75,125.75,0,0.0,125.6086086,1.0,0.0,125.6086086,-0.1125017366920636,1,1,0,0,,,,False
2026-08-12 23:17:00+08:00,125.75,125.75,0,0.0,125.64085728,1.0,0.0,125.64085728,-0.0868310973445073,1,1,0,0,,,,False
2026-08-12 23:18:00+08:00,125.75,125.75,0,0.0,125.67310596,1.0,0.0,125.67310596,-0.061167043264697,1,1,0,0,,,,False
2026-08-12 23:19:00+08:00,125.75,125.75,0,0.0,125.67310596,1.0,0.0,125.67310596,-0.061167043264697,1,1,0,0,,,,False
2026-08-12 23:20:00+08:00,125.75,125.75,0,0.0,125.65062027000002,1.0,0.0,125.65062027000002,-0.0790608470999388,1,1,0,0,,,,False
2026-08-12 23:21:00+08:00,125.75,125.75,0,0.0,125.61837736,1.0,0.0,125.61837736,-0.1047248992752167,1,1,0,0,,,,False
2026-08-12 23:22:00+08:00,125.75,125.75,0,0.0,125.65062027000002,1.0,0.0,125.65062027000002,-0.0790608470999388,1,1,0,0,,,,False
2026-08-12 23:23:00+08:00,125.75,125.75,0,0.0,125.65062027000002,1.0,0.0,125.65062027000002,-0.0790608470999388,1,1,0,0,,,,False
2026-08-12 23:24:00+08:00,125.75,125.75,0,0.0,125.65062027000002,1.0,0.0,125.65062027000002,-0.0790608470999388,1,1,0,0,,,,False
2026-08-12 23:25:00+08:00,125.75,125.75,0,0.0,125.5972352,1.0,0.0,125.5972352,-0.1215567777210226,1,1,0,0,,,,False
2026-08-12 23:26:00+08:00,125.75,125.75,0,0.0,125.53274368,1.0,0.0,125.53274368,-0.172917819041862,1,1,0,0,,,,False
2026-08-12 23:27:00+08:00,125.75,125.75,0,0.0,125.53274368,1.0,0.0,125.53274368,-0.172917819041862,1,1,0,0,,,,False
2026-08-12 23:28:00+08:00,125.75,125.75,0,0.0,125.50049792,1.0,0.0,125.50049792,-0.1986082272994678,1,1,0,0,,,,False
2026-08-12 23:29:00+08:00,125.75,125.75,0,0.0,125.69397248,1.0,0.0,125.69397248,-0.0445646156854854,1,1,0,0,,,,False
2026-08-12 23:30:00+08:00,125.75,125.75,0,0.0,125.61592288,1.0,0.0,125.61592288,-0.1066788357497397,1,1,0,0,,,,False
2026-08-12 23:31:00+08:00,125.75,125.75,0,0.0,125.51919604,1.0,0.0,125.51919604,-0.1837105093958758,1,1,0,0,,,,False
2026-08-12 23:32:00+08:00,125.75,125.75,0,0.0,125.51919604,1.0,0.0,125.51919604,-0.1837105093958758,1,1,0,0,,,,False
2026-08-12 23:33:00+08:00,125.75,125.75,0,0.0,125.39022692,1.0,0.0,125.39022692,-0.28651171053899,1,1,0,0,,,,False
2026-08-12 23:34:00+08:00,125.75,125.75,0,0.0,125.39022692,1.0,0.0,125.39022692,-0.28651171053899,1,1,0,0,,,,False
2026-08-12 23:35:00+08:00,125.75,125.75,0,0.0,125.45463365999998,1.0,0.0,125.45463365999998,-0.2351599456559286,1,1,0,0,,,,False
2026-08-12 23:36:00+08:00,125.75,125.75,0,0.0,125.45463365999998,1.0,0.0,125.45463365999998,-0.2351599456559286,1,1,0,0,,,,False
2026-08-12 23:37:00+08:00,125.75,125.75,0,0.0,125.39014914000002,1.0,0.0,125.39014914000002,-0.2865737407835803,1,1,0,0,,,,False
2026-08-12 23:38:00+08:00,125.75,125.75,0,0.0,125.32566462,1.0,0.0,125.32566462,-0.3380139454313334,1,1,0,0,,,,False
2026-08-12 23:39:00+08:00,125.75,125.75,0,0.0,125.16445332,1.0,0.0,125.16445332,-0.4667301323238043,1,1,0,0,,,,False
2026-08-12 23:40:00+08:00,125.75,125.75,0,0.0,125.116226,1.0,0.0,125.116226,-0.5052684931769079,1,1,0,0,,,,False
2026-08-12 23:41:00+08:00,126.5,126.5,0,0.0,125.01049201,1.0,0.0,125.01049201,-1.184449983057383,1,1,0,0,,,,False
2026-08-12 23:42:00+08:00,125.75,125.75,0,0.0,125.01948665000002,1.0,0.0,125.01948665000002,-0.5826174147092796,1,1,0,0,,,,False
2026-08-12 23:43:00+08:00,125.75,125.75,0,0.0,124.9872402,1.0,0.0,124.9872402,-0.6084136519900946,1,1,0,0,,,,False
2026-08-12 23:44:00+08:00,125.25,125.25,0,0.0,125.01948665000002,1.0,0.0,125.01948665000002,-0.184212109183212,1,1,0,0,,,,False
2026-08-12 23:45:00+08:00,125.25,125.25,0,0.0,124.94684358000002,1.0,0.0,124.94684358000002,-0.2423343281731254,1,1,0,0,,,,False
2026-08-12 23:46:00+08:00,125.25,125.25,0,0.0,124.94684358000002,1.0,0.0,124.94684358000002,-0.2423343281731254,1,1,0,0,,,,False
2026-08-12 23:47:00+08:00,125.25,125.25,0,0.0,124.97909625,1.0,0.0,124.97909625,-0.216524580122646,1,1,0,0,,,,False
2026-08-12 23:48:00+08:00,125.75,125.75,0,0.0,124.91459091,1.0,0.0,124.91459091,-0.6665553255584975,1,1,0,0,,,,False
2026-08-12 23:49:00+08:00,125.75,125.75,0,0.0,124.88233824,1.0,0.0,124.88233824,-0.6923781393039043,1,1,0,0,,,,False
2026-08-12 23:50:00+08:00,125.75,125.75,0,0.0,124.87527996,1.0,0.0,124.87527996,-0.6980301748806984,1,1,0,0,,,,False
2026-08-12 23:51:00+08:00,125.75,125.75,0,0.0,124.87527996,1.0,0.0,124.87527996,-0.6980301748806984,1,1,0,0,,,,False
2026-08-12 23:52:00+08:00,125.75,125.75,0,0.0,124.939765,1.0,0.0,124.939765,-0.6464045311143882,1,1,0,0,,,,False
2026-08-12 23:53:00+08:00,125.75,125.75,0,0.0,125.06873507999998,1.0,0.0,125.06873507999998,-0.5432328807357432,1,1,0,0,,,,False
2026-08-12 23:54:00+08:00,125.75,125.75,0,0.0,124.87527996,1.0,0.0,124.87527996,-0.6980301748806984,1,1,0,0,,,,False
2026-08-12 23:55:00+08:00,125.75,125.75,0,0.0,124.88046977999996,1.0,0.0,124.88046977999996,-0.6938743088685839,1,1,0,0,,,,False
2026-08-12 23:56:00+08:00,125.75,125.75,0,0.0,124.9449575,1.0,0.0,124.9449575,-0.6422486579132836,1,1,0,0,,,,False
2026-08-12 23:57:00+08:00,125.75,125.75,0,0.0,124.9449575,1.0,0.0,124.9449575,-0.6422486579132836,1,1,0,0,,,,False
2026-08-12 23:58:00+08:00,125.75,125.75,0,0.0,124.9449575,1.0,0.0,124.9449575,-0.6422486579132836,1,1,0,0,,,,False
2026-08-12 23:59:00+08:00,125.75,125.75,0,0.0,125.00944522,1.0,0.0,125.00944522,-0.5906495600596675,1,1,0,0,,,,False
2026-08-13 00:00:00+08:00,125.75,125.75,0,0.0,125.14404811,1.0,0.0,125.14404811,-0.4830340891421362,1,1,0,0,,,,False
2026-08-13 00:01:00+08:00,125.75,125.75,0,0.0,125.20853873,1.0,0.0,125.20853873,-0.4315145224706058,1,1,0,0,,,,False
2026-08-13 00:02:00+08:00,125.75,125.75,0,0.0,125.24078404000002,1.0,0.0,125.24078404000002,-0.4057646673742606,1,1,0,0,,,,False
2026-08-13 00:03:00+08:00,125.75,125.75,0,0.0,125.20853873,1.0,0.0,125.20853873,-0.4315145224706058,1,1,0,0,,,,False
2026-08-13 00:04:00+08:00,125.75,125.75,0,0.0,125.27302935000004,1.0,0.0,125.27302935000004,-0.3800214277032984,1,1,0,0,,,,False
2026-08-13 00:05:00+08:00,125.75,125.75,0,0.0,125.28938092,1.0,0.0,125.28938092,-0.3669695792842979,1,1,0,0,,,,False
2026-08-13 00:06:00+08:00,125.75,125.75,0,0.0,125.2571397,1.0,0.0,125.2571397,-0.39270619998225,1,1,0,0,,,,False
2026-08-13 00:07:00+08:00,125.75,125.75,0,0.0,125.2571397,1.0,0.0,125.2571397,-0.39270619998225,1,1,0,0,,,,False
2026-08-13 00:08:00+08:00,125.75,125.75,0,0.0,125.2571397,1.0,0.0,125.2571397,-0.39270619998225,1,1,0,0,,,,False
2026-08-13 00:09:00+08:00,125.75,125.75,0,0.0,125.28938092,1.0,0.0,125.28938092,-0.3669695792842979,1,1,0,0,,,,False
2026-08-13 00:10:00+08:00,125.75,125.75,0,0.0,125.24101708,1.0,0.0,125.24101708,-0.4055785947413111,1,1,0,0,,,,False
2026-08-13 00:11:00+08:00,125.75,125.75,0,0.0,125.20877171,1.0,0.0,125.20877171,-0.4313284499379307,1,1,0,0,,,,False
2026-08-13 00:12:00+08:00,125.75,125.75,0,0.0,125.11203559999998,1.0,0.0,125.11203559999998,-0.5086177336273002,1,1,0,0,,,,False
2026-08-13 00:13:00+08:00,125.75,125.75,0,0.0,125.11203559999998,1.0,0.0,125.11203559999998,-0.5086177336273002,1,1,0,0,,,,False
2026-08-13 00:14:00+08:00,125.75,125.75,0,0.0,125.14428097000004,1.0,0.0,125.14428097000004,-0.4828480168285716,1,1,0,0,,,,False
2026-08-13 00:15:00+08:00,125.75,125.75,0,0.0,125.05049652,1.0,0.0,125.05049652,-0.5578166628104921,1,1,0,0,,,,False
2026-08-13 00:16:00+08:00,125.75,125.75,0,0.0,125.1014716966,1.0,0.0,125.1014716966,-0.51706158948463,1,1,0,0,,,,False
2026-08-13 00:17:00+08:00,125.75,125.75,0,0.0,125.08275929,1.0,0.0,125.08275929,-0.5320203883166296,1,1,0,0,,,,False
2026-08-13 00:18:00+08:00,125.75,125.75,0,0.0,125.11502206000004,1.0,0.0,125.11502206000004,-0.5062307489388466,1,1,0,0,,,,False
2026-08-13 00:19:00+08:00,125.75,125.75,0,0.0,125.14728483000002,1.0,0.0,125.14728483000002,-0.4804477421175462,1,1,0,0,,,,False
2026-08-13 00:20:00+08:00,125.75,125.75,0,0.0,125.04491801999998,1.0,0.0,125.04491801999998,-0.5622777252159386,1,1,0,0,,,,False
2026-08-13 00:21:00+08:00,125.75,125.75,0,0.0,125.10939077999998,1.0,0.0,125.10939077999998,-0.5107317035317374,1,1,0,0,,,,False
2026-08-13 00:22:00+08:00,125.75,125.75,0,0.0,125.17386354,1.0,0.0,125.17386354,-0.45921217047431,1,1,0,0,,,,False
2026-08-13 00:23:00+08:00,125.75,125.75,0,0.0,125.17386354,1.0,0.0,125.17386354,-0.45921217047431,1,1,0,0,,,,False
2026-08-13 00:24:00+08:00,125.75,125.75,0,0.0,125.17386354,1.0,0.0,125.17386354,-0.45921217047431,1,1,0,0,,,,False
2026-08-13 00:25:00+08:00,125.75,125.75,0,0.0,125.1387933,1.0,0.0,125.1387933,-0.4872331617212946,1,1,0,0,,,,False
2026-08-13 00:26:00+08:00,125.75,125.75,0,0.0,125.17102895,1.0,0.0,125.17102895,-0.4614767063747071,1,1,0,0,,,,False
2026-08-13 00:27:00+08:00,125.75,125.75,0,0.0,124.9453794,1.0,0.0,124.9453794,-0.6419109932745675,1,1,0,0,,,,False
2026-08-13 00:28:00+08:00,125.75,125.75,0,0.0,124.97761505,1.0,0.0,124.97761505,-0.6161147824470472,1,1,0,0,,,,False
2026-08-13 00:29:00+08:00,125.75,125.75,0,0.0,124.97761505,1.0,0.0,124.97761505,-0.6161147824470472,1,1,0,0,,,,False
2026-08-13 00:30:00+08:00,125.75,125.75,0,0.0,124.948135,1.0,0.0,124.948135,-0.6397055965334503,1,1,0,0,,,,False
2026-08-13 00:31:00+08:00,125.75,125.75,0,0.0,124.9178250008,1.0,0.0,124.9178250008,-0.6639663460576454,1,1,0,0,,,,False
2026-08-13 00:32:00+08:00,125.75,125.75,0,0.0,125.01262436000002,1.0,0.0,125.01262436000002,-0.5881064946436279,1,1,0,0,,,,False
2026-08-13 00:33:00+08:00,125.75,125.75,0,0.0,125.01262436000002,1.0,0.0,125.01262436000002,-0.5881064946436279,1,1,0,0,,,,False
2026-08-13 00:34:00+08:00,125.75,125.75,0,0.0,124.91589032000002,1.0,0.0,124.91589032000002,-0.6655151037384137,1,1,0,0,,,,False
2026-08-13 00:35:00+08:00,125.75,125.75,0,0.0,124.98215114,1.0,0.0,124.98215114,-0.6124853605800612,1,1,0,0,,,,False
2026-08-13 00:36:00+08:00,125.75,125.75,0,0.0,124.98215114,1.0,0.0,124.98215114,-0.6124853605800612,1,1,0,0,,,,False
2026-08-13 00:37:00+08:00,125.75,125.75,0,0.0,125.01438796,1.0,0.0,125.01438796,-0.5866957792406677,1,1,0,0,,,,False
2026-08-13 00:38:00+08:00,125.75,125.75,0,0.0,124.88544068000002,1.0,0.0,124.88544068000002,-0.6898939093803689,1,1,0,0,,,,False
2026-08-13 00:39:00+08:00,125.75,125.75,0,0.0,125.01438796,1.0,0.0,125.01438796,-0.5866957792406677,1,1,0,0,,,,False
2026-08-13 00:40:00+08:00,125.75,125.75,0,0.0,124.98122066,1.0,0.0,124.98122066,-0.6132298466671605,1,1,0,0,,,,False
2026-08-13 00:41:00+08:00,125.75,125.75,0,0.0,125.04569381999995,1.0,0.0,125.04569381999995,-0.5616573149820693,1,1,0,0,,,,False
2026-08-13 00:42:00+08:00,125.75,125.75,0,0.0,124.98122066,1.0,0.0,124.98122066,-0.6132298466671605,1,1,0,0,,,,False
2026-08-13 00:43:00+08:00,125.75,125.75,0,0.0,124.98122066,1.0,0.0,124.98122066,-0.6132298466671605,1,1,0,0,,,,False
2026-08-13 00:44:00+08:00,125.75,125.75,0,0.0,124.98122066,1.0,0.0,124.98122066,-0.6132298466671605,1,1,0,0,,,,False
2026-08-13 00:45:00+08:00,125.75,125.75,0,0.0,125.00029550000002,1.0,0.0,125.00029550000002,-0.5979689862419154,1,1,0,0,,,,False
2026-08-13 00:46:00+08:00,125.75,125.75,0,0.0,124.968054,1.0,0.0,124.968054,-0.6237652115790518,1,1,0,0,,,,False
2026-08-13 00:47:00+08:00,125.75,125.75,0,0.0,124.903571,1.0,0.0,124.903571,-0.6753775712215856,1,1,0,0,,,,False
2026-08-13 00:48:00+08:00,125.75,125.75,0,0.0,124.903571,1.0,0.0,124.903571,-0.6753775712215856,1,1,0,0,,,,False
2026-08-13 00:49:00+08:00,125.75,125.75,0,0.0,124.903571,1.0,0.0,124.903571,-0.6753775712215856,1,1,0,0,,,,False
2026-08-13 00:50:00+08:00,125.75,125.75,0,0.0,125.02815486,1.0,0.0,125.02815486,-0.5756842260865809,1,1,0,0,,,,False
2026-08-13 00:51:00+08:00,125.75,125.75,0,0.0,125.02815486,1.0,0.0,125.02815486,-0.5756842260865809,1,1,0,0,,,,False
2026-08-13 00:52:00+08:00,125.75,125.75,0,0.0,124.99591449,1.0,0.0,124.99591449,-0.6014738158615811,1,1,0,0,,,,False
2026-08-13 00:53:00+08:00,125.75,125.75,0,0.0,124.99591449,1.0,0.0,124.99591449,-0.6014738158615811,1,1,0,0,,,,False
2026-08-13 00:54:00+08:00,125.75,125.75,0,0.0,124.99591449,1.0,0.0,124.99591449,-0.6014738158615811,1,1,0,0,,,,False
2026-08-13 00:55:00+08:00,125.75,125.75,0,0.0,124.9715424,1.0,0.0,124.9715424,-0.6209738441685623,1,1,0,0,,,,False
2026-08-13 00:56:00+08:00,125.75,125.75,0,0.0,125.00378480000002,1.0,0.0,125.00378480000002,-0.5951776166370992,1,1,0,0,,,,False
2026-08-13 00:57:00+08:00,125.75,125.75,0,0.0,124.9715424,1.0,0.0,124.9715424,-0.6209738441685623,1,1,0,0,,,,False
2026-08-13 00:58:00+08:00,125.75,125.75,0,0.0,125.00378480000002,1.0,0.0,125.00378480000002,-0.5951776166370992,1,1,0,0,,,,False
2026-08-13 00:59:00+08:00,125.75,125.75,0,0.0,125.0682696,1.0,0.0,125.0682696,-0.5436050580264367,1,1,0,0,,,,False
2026-08-13 01:00:00+08:00,125.75,125.75,0,0.0,125.0900748,1.0,0.0,125.0900748,-0.5261720644328269,1,1,0,0,,,,False
2026-08-13 01:01:00+08:00,125.75,125.75,0,0.0,125.15455422,1.0,0.0,125.15455422,-0.4746392761590948,1,1,0,0,,,,False
2026-08-13 01:02:00+08:00,125.75,125.75,0,0.0,125.12231451000002,1.0,0.0,125.12231451000002,-0.5004023590454466,1,1,0,0,,,,False
2026-08-13 01:03:00+08:00,125.75,125.75,0,0.0,125.12231451000002,1.0,0.0,125.12231451000002,-0.5004023590454466,1,1,0,0,,,,False
2026-08-13 01:04:00+08:00,125.75,125.75,0,0.0,125.12231451000002,1.0,0.0,125.12231451000002,-0.5004023590454466,1,1,0,0,,,,False
2026-08-13 01:05:00+08:00,125.75,125.75,0,0.0,125.12177117000002,1.0,0.0,125.12177117000002,-0.5008366043497753,1,1,0,0,,,,False
2026-08-13 01:06:00+08:00,125.75,125.75,0,0.0,125.083083686,1.0,0.0,125.083083686,-0.5317610453929242,1,1,0,0,,,,False
2026-08-13 01:07:00+08:00,125.75,125.75,0,0.0,125.05729203,1.0,0.0,125.05729203,-0.5523826395901831,1,1,0,0,,,,False
2026-08-13 01:08:00+08:00,125.75,125.75,0,0.0,125.02505246,1.0,0.0,125.02505246,-0.5781655973260109,1,1,0,0,,,,False
2026-08-13 01:09:00+08:00,125.75,125.75,0,0.0,125.02505246,1.0,0.0,125.02505246,-0.5781655973260109,1,1,0,0,,,,False
2026-08-13 01:10:00+08:00,125.75,125.75,0,0.0,125.01981716,1.0,0.0,125.01981716,-0.5823530505141417,1,1,0,0,,,,False
2026-08-13 01:11:00+08:00,125.75,125.75,0,0.0,125.05205538,1.0,0.0,125.05205538,-0.556570095841135,1,1,0,0,,,,False
2026-08-13 01:12:00+08:00,125.75,125.75,0,0.0,125.05205538,1.0,0.0,125.05205538,-0.556570095841135,1,1,0,0,,,,False
2026-08-13 01:13:00+08:00,125.75,125.75,0,0.0,125.11653182,1.0,0.0,125.11653182,-0.505024066306713,1,1,0,0,,,,False
2026-08-13 01:14:00+08:00,125.75,125.75,0,0.0,125.11653182,1.0,0.0,125.11653182,-0.505024066306713,1,1,0,0,,,,False
2026-08-13 01:15:00+08:00,125.75,125.75,0,0.0,125.06493366,1.0,0.0,125.06493366,-0.5462723690357839,1,1,0,0,,,,False
2026-08-13 01:16:00+08:00,126.5,126.5,0,0.0,124.98720144,1.0,0.0,124.98720144,-1.2030819471828529,1,1,0,0,,,,False
2026-08-13 01:17:00+08:00,125.75,125.75,0,0.0,125.12941674,1.0,0.0,125.12941674,-0.4947263255503608,1,1,0,0,,,,False
2026-08-13 01:18:00+08:00,125.75,125.75,0,0.0,125.12941674,1.0,0.0,125.12941674,-0.4947263255503608,1,1,0,0,,,,False
2026-08-13 01:19:00+08:00,125.75,125.75,0,0.0,125.12941674,1.0,0.0,125.12941674,-0.4947263255503608,1,1,0,0,,,,False
2026-08-13 01:20:00+08:00,125.75,125.75,0,0.0,125.20081156,1.0,0.0,125.20081156,-0.4376861238950033,1,1,0,0,,,,False
2026-08-13 01:21:00+08:00,125.75,125.75,0,0.0,125.20081156,1.0,0.0,125.20081156,-0.4376861238950033,1,1,0,0,,,,False
2026-08-13 01:22:00+08:00,125.75,125.75,0,0.0,125.2652982,1.0,0.0,125.2652982,-0.3861930356243208,1,1,0,0,,,,False
2026-08-13 01:23:00+08:00,125.75,125.75,0,0.0,125.29754151999998,1.0,0.0,125.29754151999998,-0.3604564117700972,1,1,0,0,,,,False
2026-08-13 01:24:00+08:00,125.75,125.75,0,0.0,125.32978483999996,1.0,0.0,125.32978483999996,-0.334726398039418,1,1,0,0,,,,False
2026-08-13 01:25:00+08:00,125.75,125.75,0,0.0,125.34375456,1.0,0.0,125.34375456,-0.3235806806201688,1,1,0,0,,,,False
2026-08-13 01:26:00+08:00,125.75,125.75,0,0.0,125.40823179999998,1.0,0.0,125.40823179999998,-0.2721536917588846,1,1,0,0,,,,False
2026-08-13 01:27:00+08:00,125.75,125.75,0,0.0,125.37599318,1.0,0.0,125.37599318,-0.2978638851868495,1,1,0,0,,,,False
2026-08-13 01:28:00+08:00,125.75,125.75,0,0.0,125.34375456,1.0,0.0,125.34375456,-0.3235806806201688,1,1,0,0,,,,False
2026-08-13 01:29:00+08:00,125.75,125.75,0,0.0,125.37599318,1.0,0.0,125.37599318,-0.2978638851868495,1,1,0,0,,,,False
2026-08-13 01:30:00+08:00,125.75,125.75,0,0.0,125.34103296000004,1.0,0.0,125.34103296000004,-0.3257520072930004,1,1,0,0,,,,False
2026-08-13 01:31:00+08:00,125.75,125.75,0,0.0,125.4055088,1.0,0.0,125.4055088,-0.2743250201008476,1,1,0,0,,,,False
2026-08-13 01:32:00+08:00,125.75,125.75,0,0.0,125.4055088,1.0,0.0,125.4055088,-0.2743250201008476,1,1,0,0,,,,False
2026-08-13 01:33:00+08:00,125.75,125.75,0,0.0,125.4055088,1.0,0.0,125.4055088,-0.2743250201008476,1,1,0,0,,,,False
2026-08-13 01:34:00+08:00,125.75,125.75,0,0.0,125.34103296000004,1.0,0.0,125.34103296000004,-0.3257520072930004,1,1,0,0,,,,False
2026-08-13 01:35:00+08:00,125.75,125.75,0,0.0,125.35020864,1.0,0.0,125.35020864,-0.3184317226698698,1,1,0,0,,,,False
2026-08-13 01:36:00+08:00,125.75,125.75,0,0.0,125.4146892,1.0,0.0,125.4146892,-0.2670047298989527,1,1,0,0,,,,False
2026-08-13 01:37:00+08:00,125.75,125.75,0,0.0,125.44692948,1.0,0.0,125.44692948,-0.2413011342355089,1,1,0,0,,,,False
2026-08-13 01:38:00+08:00,125.75,125.75,0,0.0,125.44692948,1.0,0.0,125.44692948,-0.2413011342355089,1,1,0,0,,,,False
2026-08-13 01:39:00+08:00,125.75,125.75,0,0.0,125.51141004,1.0,0.0,125.51141004,-0.1899137316486684,1,1,0,0,,,,False
2026-08-13 01:40:00+08:00,125.75,125.75,0,0.0,125.50568733,1.0,0.0,125.50568733,-0.1944733451379497,1,1,0,0,,,,False
2026-08-13 01:41:00+08:00,125.75,125.75,0,0.0,125.47344852,1.0,0.0,125.47344852,-0.2201637479536298,1,1,0,0,,,,False
2026-08-13 01:42:00+08:00,125.75,125.75,0,0.0,125.50568733,1.0,0.0,125.50568733,-0.1944733451379497,1,1,0,0,,,,False
2026-08-13 01:43:00+08:00,125.75,125.75,0,0.0,125.47344852,1.0,0.0,125.47344852,-0.2201637479536298,1,1,0,0,,,,False
2026-08-13 01:44:00+08:00,125.75,125.75,0,0.0,125.53792614,1.0,0.0,125.53792614,-0.1687895341870513,1,1,0,0,,,,False
2026-08-13 01:45:00+08:00,125.75,125.75,0,0.0,125.53149792000002,1.0,0.0,125.53149792000002,-0.1739102017527316,1,1,0,0,,,,False
2026-08-13 01:46:00+08:00,125.75,125.75,0,0.0,125.66047968,1.0,0.0,125.66047968,-0.0712144697499757,1,1,0,0,,,,False
2026-08-13 01:47:00+08:00,125.75,125.75,0,0.0,125.78946144,1.0,0.0,125.78946144,0.0313759437776401,1,1,0,0,,,,False
2026-08-13 01:48:00+08:00,125.75,125.75,0,0.0,125.78946144,1.0,0.0,125.78946144,0.0313759437776401,1,1,0,0,,,,False
2026-08-13 01:49:00+08:00,125.75,125.75,0,0.0,125.78946144,1.0,0.0,125.78946144,0.0313759437776401,1,1,0,0,,,,False
2026-08-13 01:50:00+08:00,125.75,125.75,0,0.0,125.76790199999998,1.0,0.0,125.76790199999998,0.0142351696301745,1,1,0,0,,,,False
2026-08-13 01:51:00+08:00,125.75,125.75,0,0.0,125.86464654,1.0,0.0,125.86464654,0.0911286696355092,1,1,0,0,,,,False
2026-08-13 01:52:00+08:00,125.75,125.75,0,0.0,125.8330433236,1.0,0.0,125.8330433236,0.0660166301376632,1,1,0,0,,,,False
2026-08-13 01:53:00+08:00,125.75,125.75,0,0.0,125.83175339639998,1.0,0.0,125.83175339639998,0.064991514922119,1,1,0,0,,,,False
2026-08-13 01:54:00+08:00,125.75,125.75,0,0.0,125.86464654,1.0,0.0,125.86464654,0.0911286696355092,1,1,0,0,,,,False
2026-08-13 01:55:00+08:00,125.75,125.75,0,0.0,125.84407773,1.0,0.0,125.84407773,0.074785329486944,1,1,0,0,,,,False
2026-08-13 01:56:00+08:00,125.75,125.75,0,0.0,125.81183482000002,1.0,0.0,125.81183482000002,0.04916073222654,1,1,0,0,,,,False
2026-08-13 01:57:00+08:00,125.75,125.75,0,0.0,125.87632064,1.0,0.0,125.87632064,0.1004033597746833,1,1,0,0,,,,False
2026-08-13 01:58:00+08:00,125.75,125.75,0,0.0,125.81183482000002,1.0,0.0,125.81183482000002,0.04916073222654,1,1,0,0,,,,False
2026-08-13 01:59:00+08:00,125.75,125.75,0,0.0,125.84407773,1.0,0.0,125.84407773,0.074785329486944,1,1,0,0,,,,False
2026-08-13 02:00:00+08:00,125.75,125.75,0,0.0,125.81476132,1.0,0.0,125.81476132,0.0514867978012416,1,1,0,0,,,,False
2026-08-13 02:01:00+08:00,125.75,125.75,0,0.0,125.750274,1.0,0.0,125.750274,0.0002178924067417,1,1,0,0,,,,False
2026-08-13 02:02:00+08:00,125.75,125.75,0,0.0,125.68578667999998,1.0,0.0,125.68578667999998,-0.0510773115059753,1,1,0,0,,,,False
2026-08-13 02:03:00+08:00,125.75,125.75,0,0.0,125.5890557,1.0,0.0,125.5890557,-0.1280694713774332,1,1,0,0,,,,False
2026-08-13 02:04:00+08:00,125.75,125.75,0,0.0,125.5890557,1.0,0.0,125.5890557,-0.1280694713774332,1,1,0,0,,,,False
2026-08-13 02:05:00+08:00,125.75,125.75,0,0.0,125.6206831,1.0,0.0,125.6206831,-0.1028894049260005,1,1,0,0,,,,False
2026-08-13 02:06:00+08:00,125.75,125.75,0,0.0,125.58843131999996,1.0,0.0,125.58843131999996,-0.1285666335637496,1,1,0,0,,,,False
2026-08-13 02:07:00+08:00,125.75,125.75,0,0.0,125.55617954,1.0,0.0,125.55617954,-0.1542504528577753,1,1,0,0,,,,False
2026-08-13 02:08:00+08:00,125.75,125.75,0,0.0,125.55617954,1.0,0.0,125.55617954,-0.1542504528577753,1,1,0,0,,,,False
2026-08-13 02:09:00+08:00,125.75,125.75,0,0.0,125.6206831,1.0,0.0,125.6206831,-0.1028894049260005,1,1,0,0,,,,False
2026-08-13 02:10:00+08:00,125.75,125.75,0,0.0,125.54255404,1.0,0.0,125.54255404,-0.1651031490308149,1,1,0,0,,,,False
2026-08-13 02:11:00+08:00,125.75,125.75,0,0.0,125.63929888,1.0,0.0,125.63929888,-0.0880714656456753,1,1,0,0,,,,False
2026-08-13 02:12:00+08:00,125.75,125.75,0,0.0,125.67154716,1.0,0.0,125.67154716,-0.0624074116846247,1,1,0,0,,,,False
2026-08-13 02:13:00+08:00,125.75,125.75,0,0.0,125.67154716,1.0,0.0,125.67154716,-0.0624074116846247,1,1,0,0,,,,False
2026-08-13 02:14:00+08:00,125.75,125.75,0,0.0,125.60705060000002,1.0,0.0,125.60705060000002,-0.1137421048335437,1,1,0,0,,,,False
2026-08-13 02:15:00+08:00,125.75,125.75,0,0.0,125.63454576,1.0,0.0,125.63454576,-0.0918546839472232,1,1,0,0,,,,False
2026-08-13 02:16:00+08:00,125.75,125.75,0,0.0,125.66679281999998,1.0,0.0,125.66679281999998,-0.0661906303606283,1,1,0,0,,,,False
2026-08-13 02:17:00+08:00,125.75,125.75,0,0.0,125.6022987,1.0,0.0,125.6022987,-0.1175253226359248,1,1,0,0,,,,False
2026-08-13 02:18:00+08:00,125.75,125.75,0,0.0,125.6022987,1.0,0.0,125.6022987,-0.1175253226359248,1,1,0,0,,,,False
2026-08-13 02:19:00+08:00,125.75,125.75,0,0.0,125.66679281999998,1.0,0.0,125.66679281999998,-0.0661906303606283,1,1,0,0,,,,False
2026-08-13 02:20:00+08:00,125.75,125.75,0,0.0,125.72511749999998,1.0,0.0,125.72511749999998,-0.0197892342171929,1,1,0,0,,,,False
2026-08-13 02:21:00+08:00,125.75,125.75,0,0.0,125.8541325,1.0,0.0,125.8541325,0.0827748725470489,1,1,0,0,,,,False
2026-08-13 02:22:00+08:00,125.75,125.75,0,0.0,125.82187874999995,1.0,0.0,125.82187874999995,0.0571437080782764,1,1,0,0,,,,False
2026-08-13 02:23:00+08:00,125.75,125.75,0,0.0,125.78962499999996,1.0,0.0,125.78962499999996,0.0315059704807721,1,1,0,0,,,,False
2026-08-13 02:24:00+08:00,125.75,125.75,0,0.0,125.78962499999996,1.0,0.0,125.78962499999996,0.0315059704807721,1,1,0,0,,,,False
2026-08-13 02:25:00+08:00,125.75,125.75,0,0.0,125.775546,1.0,0.0,125.775546,0.0203128472684087,1,1,0,0,,,,False
2026-08-13 02:26:00+08:00,125.75,125.75,0,0.0,125.84004628000002,1.0,0.0,125.84004628000002,0.0715817508136309,1,1,0,0,,,,False
2026-08-13 02:27:00+08:00,125.75,125.75,0,0.0,125.80779614,1.0,0.0,125.80779614,0.0459505854216041,1,1,0,0,,,,False
2026-08-13 02:28:00+08:00,125.75,125.75,0,0.0,125.71104572,1.0,0.0,125.71104572,-0.0309823574370944,1,1,0,0,,,,False
2026-08-13 02:29:00+08:00,125.75,125.75,0,0.0,125.71104572,1.0,0.0,125.71104572,-0.0309823574370944,1,1,0,0,,,,False
2026-08-13 02:30:00+08:00,125.75,125.75,0,0.0,125.74649304,1.0,0.0,125.74649304,-0.0027888738786128,1,1,0,0,,,,False
2026-08-13 02:31:00+08:00,126.5,126.5,0,0.0,125.7591258,1.0,0.0,125.7591258,-0.5873913957724557,1,1,0,0,,,,False
2026-08-13 02:32:00+08:00,125.75,125.75,0,0.0,125.778744,1.0,0.0,125.778744,0.0228554395357718,1,1,0,0,,,,False
2026-08-13 02:33:00+08:00,125.75,125.75,0,0.0,125.778744,1.0,0.0,125.778744,0.0228554395357718,1,1,0,0,,,,False
2026-08-13 02:34:00+08:00,125.75,125.75,0,0.0,125.64974016,1.0,0.0,125.64974016,-0.0797612916673529,1,1,0,0,,,,False
2026-08-13 02:35:00+08:00,125.75,125.75,0,0.0,125.67906837,1.0,0.0,125.67906837,-0.056422775981978,1,1,0,0,,,,False
2026-08-13 02:36:00+08:00,125.75,125.75,0,0.0,125.61456795,1.0,0.0,125.61456795,-0.1077574704378628,1,1,0,0,,,,False
2026-08-13 02:37:00+08:00,125.75,125.75,0,0.0,125.67906837,1.0,0.0,125.67906837,-0.056422775981978,1,1,0,0,,,,False
2026-08-13 02:38:00+08:00,125.75,125.75,0,0.0,125.64681816000002,1.0,0.0,125.64681816000002,-0.0820868304978362,1,1,0,0,,,,False
2026-08-13 02:39:00+08:00,125.75,125.75,0,0.0,125.67906837,1.0,0.0,125.67906837,-0.056422775981978,1,1,0,0,,,,False
2026-08-13 02:40:00+08:00,125.75,125.75,0,0.0,125.769696,1.0,0.0,125.769696,0.01566159653755,1,1,0,0,,,,False
2026-08-13 02:41:00+08:00,125.75,125.75,0,0.0,125.80194464000002,1.0,0.0,125.80194464000002,0.0412993348744372,1,1,0,0,,,,False
2026-08-13 02:42:00+08:00,125.75,125.75,0,0.0,125.67295008,1.0,0.0,125.67295008,-0.0612910794145695,1,1,0,0,,,,False
2026-08-13 02:43:00+08:00,125.75,125.75,0,0.0,125.64070144000002,1.0,0.0,125.64070144000002,-0.0869551334825894,1,1,0,0,,,,False
2026-08-13 02:44:00+08:00,125.75,125.75,0,0.0,125.64070144000002,1.0,0.0,125.64070144000002,-0.0869551334825894,1,1,0,0,,,,False
2026-08-13 02:45:00+08:00,125.75,125.75,0,0.0,125.611413,1.0,0.0,125.611413,-0.1102691127854114,1,1,0,0,,,,False
2026-08-13 02:46:00+08:00,125.75,125.75,0,0.0,125.5791636,1.0,0.0,125.5791636,-0.1359463402917345,1,1,0,0,,,,False
2026-08-13 02:47:00+08:00,125.75,125.75,0,0.0,125.611413,1.0,0.0,125.611413,-0.1102691127854114,1,1,0,0,,,,False
2026-08-13 02:48:00+08:00,125.75,125.75,0,0.0,125.6759118,1.0,0.0,125.6759118,-0.0589344188668509,1,1,0,0,,,,False
2026-08-13 02:49:00+08:00,125.75,125.75,0,0.0,125.611413,1.0,0.0,125.611413,-0.1102691127854114,1,1,0,0,,,,False
2026-08-13 02:50:00+08:00,125.75,125.75,0,0.0,125.60965032,1.0,0.0,125.60965032,-0.1116724023297373,1,1,0,0,,,,False
2026-08-13 02:51:00+08:00,125.75,125.75,0,0.0,125.60965032,1.0,0.0,125.60965032,-0.1116724023297373,1,1,0,0,,,,False
2026-08-13 02:52:00+08:00,125.75,125.75,0,0.0,125.51292831,1.0,0.0,125.51292831,-0.1887040731352952,1,1,0,0,,,,False
2026-08-13 02:53:00+08:00,125.75,125.75,0,0.0,125.57740965,1.0,0.0,125.57740965,-0.1373430381034391,1,1,0,0,,,,False
2026-08-13 02:54:00+08:00,125.75,125.75,0,0.0,125.51292831,1.0,0.0,125.51292831,-0.1887040731352952,1,1,0,0,,,,False
2026-08-13 02:55:00+08:00,125.75,125.75,0,0.0,125.5161595,1.0,0.0,125.5161595,-0.1861297203454088,1,1,0,0,,,,False
2026-08-13 02:56:00+08:00,125.75,125.75,0,0.0,125.5161595,1.0,0.0,125.5161595,-0.1861297203454088,1,1,0,0,,,,False
2026-08-13 02:57:00+08:00,125.75,125.75,0,0.0,125.48391800000002,1.0,0.0,125.48391800000002,-0.2118201253383176,1,1,0,0,,,,False
2026-08-13 02:58:00+08:00,125.75,125.75,0,0.0,125.58064250000002,1.0,0.0,125.58064250000002,-0.1347686842442822,1,1,0,0,,,,False
2026-08-13 02:59:00+08:00,125.75,125.75,0,0.0,125.58064250000002,1.0,0.0,125.58064250000002,-0.1347686842442822,1,1,0,0,,,,False
2026-08-13 03:00:00+08:00,125.75,125.75,0,0.0,125.70215828,1.0,0.0,125.70215828,-0.0380523438949532,1,1,0,0,,,,False
2026-08-13 03:01:00+08:00,125.75,125.75,0,0.0,125.60541470000004,1.0,0.0,125.60541470000004,-0.1150445079311628,1,1,0,0,,,,False
2026-08-13 03:02:00+08:00,125.75,125.75,0,0.0,125.54091898,1.0,0.0,125.54091898,-0.1664055516599273,1,1,0,0,,,,False
2026-08-13 03:03:00+08:00,125.75,125.75,0,0.0,125.47642326,1.0,0.0,125.47642326,-0.2177929665597833,1,1,0,0,,,,False
2026-08-13 03:04:00+08:00,125.75,125.75,0,0.0,125.47642326,1.0,0.0,125.47642326,-0.2177929665597833,1,1,0,0,,,,False
2026-08-13 03:05:00+08:00,125.75,125.75,0,0.0,125.56802676,1.0,0.0,125.56802676,-0.1448151112325763,1,1,0,0,,,,False
2026-08-13 03:06:00+08:00,125.75,125.75,0,0.0,125.56802676,1.0,0.0,125.56802676,-0.1448151112325763,1,1,0,0,,,,False
2026-08-13 03:07:00+08:00,125.75,125.75,0,0.0,125.60027330000004,1.0,0.0,125.60027330000004,-0.1191378851784791,1,1,0,0,,,,False
2026-08-13 03:08:00+08:00,125.75,125.75,0,0.0,125.69701292,1.0,0.0,125.69701292,-0.0421457223807757,1,1,0,0,,,,False
2026-08-13 03:09:00+08:00,125.75,125.75,0,0.0,125.60027330000004,1.0,0.0,125.60027330000004,-0.1191378851784791,1,1,0,0,,,,False
2026-08-13 03:10:00+08:00,125.75,125.75,0,0.0,125.53854425,1.0,0.0,125.53854425,-0.1682971666146686,1,1,0,0,,,,False
2026-08-13 03:11:00+08:00,125.75,125.75,0,0.0,125.5707915,1.0,0.0,125.5707915,-0.1426133499981448,1,1,0,0,,,,False
2026-08-13 03:12:00+08:00,125.75,125.75,0,0.0,125.66753325,1.0,0.0,125.66753325,-0.0656014311603376,1,1,0,0,,,,False
2026-08-13 03:13:00+08:00,125.75,125.75,0,0.0,125.66753325,1.0,0.0,125.66753325,-0.0656014311603376,1,1,0,0,,,,False
2026-08-13 03:14:00+08:00,125.75,125.75,0,0.0,125.66753325,1.0,0.0,125.66753325,-0.0656014311603376,1,1,0,0,,,,False
2026-08-13 03:15:00+08:00,125.75,125.75,0,0.0,125.7900856,1.0,0.0,125.7900856,0.0318721367247539,1,1,0,0,,,,False
2026-08-13 03:16:00+08:00,125.75,125.75,0,0.0,125.85457680000002,1.0,0.0,125.85457680000002,0.0831278996034685,1,1,0,0,,,,False
2026-08-13 03:17:00+08:00,125.75,125.75,0,0.0,125.919068,1.0,0.0,125.919068,0.1343573934958075,1,1,0,0,,,,False
2026-08-13 03:18:00+08:00,125.75,125.75,0,0.0,125.919068,1.0,0.0,125.919068,0.1343573934958075,1,1,0,0,,,,False
2026-08-13 03:19:00+08:00,125.75,125.75,0,0.0,125.85457680000002,1.0,0.0,125.85457680000002,0.0831278996034685,1,1,0,0,,,,False
2026-08-13 03:20:00+08:00,125.75,125.75,0,0.0,125.68913896,1.0,0.0,125.68913896,-0.0484101562324297,1,1,0,0,,,,False
2026-08-13 03:21:00+08:00,125.75,125.75,0,0.0,125.68913896,1.0,0.0,125.68913896,-0.0484101562324297,1,1,0,0,,,,False
2026-08-13 03:22:00+08:00,125.75,125.75,0,0.0,125.65689444,1.0,0.0,125.65689444,-0.0740676266714063,1,1,0,0,,,,False
2026-08-13 03:23:00+08:00,125.75,125.75,0,0.0,125.5608057704,1.0,0.0,125.5608057704,-0.1505659329052925,1,1,0,0,,,,False
2026-08-13 03:24:00+08:00,125.75,125.75,0,0.0,125.36669376000002,1.0,0.0,125.36669376000002,-0.3052813688016452,1,1,0,0,,,,False
2026-08-13 03:25:00+08:00,125.75,125.75,0,0.0,125.27663484,1.0,0.0,125.27663484,-0.3771433738907546,1,1,0,0,,,,False
2026-08-13 03:26:00+08:00,125.75,125.75,0,0.0,125.17992102,1.0,0.0,125.17992102,-0.4543730597632107,1,1,0,0,,,,False
2026-08-13 03:27:00+08:00,125.75,125.75,0,0.0,125.17992102,1.0,0.0,125.17992102,-0.4543730597632107,1,1,0,0,,,,False
2026-08-13 03:28:00+08:00,125.75,125.75,0,0.0,125.0832072,1.0,0.0,125.0832072,-0.531662300572785,1,1,0,0,,,,False
2026-08-13 03:29:00+08:00,125.75,125.75,0,0.0,125.2443969,1.0,0.0,125.2443969,-0.4028799895492707,1,1,0,0,,,,False
2026-08-13 03:30:00+08:00,125.75,125.75,0,0.0,124.90961444,1.0,0.0,124.90961444,-0.6705392584900535,1,1,0,0,,,,False
2026-08-13 03:31:00+08:00,125.75,125.75,0,0.0,125.1030728,1.0,0.0,125.1030728,-0.5157817624309424,1,1,0,0,,,,False
2026-08-13 03:32:00+08:00,125.75,125.75,0,0.0,124.9418575,1.0,0.0,124.9418575,-0.6447297555326482,1,1,0,0,,,,False
2026-08-13 03:33:00+08:00,125.75,125.75,0,0.0,125.1030728,1.0,0.0,125.1030728,-0.5157817624309424,1,1,0,0,,,,False
2026-08-13 03:34:00+08:00,125.75,125.75,0,0.0,125.1030728,1.0,0.0,125.1030728,-0.5157817624309424,1,1,0,0,,,,False
2026-08-13 03:35:00+08:00,125.75,125.75,0,0.0,125.0567745,1.0,0.0,125.0567745,-0.5527964716120513,1,1,0,0,,,,False
2026-08-13 03:36:00+08:00,125.75,125.75,0,0.0,124.96003125,1.0,0.0,124.96003125,-0.6301851952722658,1,1,0,0,,,,False
2026-08-13 03:37:00+08:00,125.75,125.75,0,0.0,124.96003125,1.0,0.0,124.96003125,-0.6301851952722658,1,1,0,0,,,,False
2026-08-13 03:38:00+08:00,125.75,125.75,0,0.0,125.0567745,1.0,0.0,125.0567745,-0.5527964716120513,1,1,0,0,,,,False
2026-08-13 03:39:00+08:00,125.75,125.75,0,0.0,125.02452675000002,1.0,0.0,125.02452675000002,-0.5785860784203266,1,1,0,0,,,,False
2026-08-13 03:40:00+08:00,125.75,125.75,0,0.0,125.08510446,1.0,0.0,125.08510446,-0.5301455244323926,1,1,0,0,,,,False
2026-08-13 03:41:00+08:00,125.75,125.75,0,0.0,124.85937728000002,1.0,0.0,124.85937728000002,-0.7107656781772455,1,1,0,0,,,,False
2026-08-13 03:42:00+08:00,125.75,125.75,0,0.0,124.82713054,1.0,0.0,124.82713054,-0.736595121838278,1,1,0,0,,,,False
2026-08-13 03:43:00+08:00,125.75,125.75,0,0.0,124.85937728000002,1.0,0.0,124.85937728000002,-0.7107656781772455,1,1,0,0,,,,False
2026-08-13 03:44:00+08:00,125.75,125.75,0,0.0,124.98836424,1.0,0.0,124.98836424,-0.6075143405426167,1,1,0,0,,,,False
2026-08-13 03:45:00+08:00,125.75,125.75,0,0.0,124.9157741,1.0,0.0,124.9157741,-0.6656081413549525,1,1,0,0,,,,False
2026-08-13 03:46:00+08:00,125.75,125.75,0,0.0,124.7867955,1.0,0.0,124.7867955,-0.7689126046956157,1,1,0,0,,,,False
2026-08-13 03:47:00+08:00,125.75,125.75,0,0.0,124.88352945,1.0,0.0,124.88352945,-0.6914242894008789,1,1,0,0,,,,False
2026-08-13 03:48:00+08:00,125.75,125.75,0,0.0,124.7867955,1.0,0.0,124.7867955,-0.7689126046956157,1,1,0,0,,,,False
2026-08-13 03:49:00+08:00,125.75,125.75,0,0.0,124.788730179,1.0,0.0,124.788730179,-0.7673622519865194,1,1,0,0,,,,False
2026-08-13 03:50:00+08:00,125.75,125.75,0,0.0,124.91348844,1.0,0.0,124.91348844,-0.6674378986792381,1,1,0,0,,,,False
2026-08-13 03:51:00+08:00,125.75,125.75,0,0.0,124.81675626,1.0,0.0,124.81675626,-0.744906270831579,1,1,0,0,,,,False
2026-08-13 03:52:00+08:00,125.75,125.75,0,0.0,124.88124437999996,1.0,0.0,124.88124437999996,-0.693254045120446,1,1,0,0,,,,False
2026-08-13 03:53:00+08:00,125.75,125.75,0,0.0,124.84900032,1.0,0.0,124.84900032,-0.7190768349829725,1,1,0,0,,,,False
2026-08-13 03:54:00+08:00,125.75,125.75,0,0.0,124.81675626,1.0,0.0,124.81675626,-0.744906270831579,1,1,0,0,,,,False
2026-08-13 03:55:00+08:00,125.25,125.25,0,0.0,124.62259619999998,1.0,0.0,124.62259619999998,-0.5021789580301521,1,1,0,0,,,,False
2026-08-13 03:56:00+08:00,125.25,125.25,0,0.0,124.71932783999998,1.0,0.0,124.71932783999998,-0.4245898203476347,1,1,0,0,,,,False
2026-08-13 03:57:00+08:00,125.25,125.25,0,0.0,124.62259619999998,1.0,0.0,124.62259619999998,-0.5021789580301521,1,1,0,0,,,,False
2026-08-13 03:58:00+08:00,125.25,125.25,0,0.0,124.59035232,1.0,0.0,124.59035232,-0.5280553552495136,1,1,0,0,,,,False
2026-08-13 03:59:00+08:00,126.5,126.5,0,0.0,124.4329672,1.0,0.0,124.4329672,-1.647478067999343,1,1,0,0,,,,False
2026-08-13 21:30:00+08:00,125.5,125.5,0,0.0,123.9443298,1.0,0.0,123.9443298,-1.2473085287184658,1,1,0,0,,,,False
2026-08-13 21:31:00+08:00,124.75,124.75,0,0.0,123.7997805408,1.0,0.0,123.7997805408,-0.7646109822607701,1,1,0,0,,,,False
2026-08-13 21:32:00+08:00,124.75,124.75,0,0.0,124.00018487999998,1.0,0.0,124.00018487999998,-0.6028659800689128,1,1,0,0,,,,False
2026-08-13 21:33:00+08:00,125.25,125.25,0,0.0,124.41769392,1.0,0.0,124.41769392,-0.6667310991919538,1,1,0,0,,,,False
2026-08-13 21:34:00+08:00,125.25,125.25,0,0.0,124.41769392,1.0,0.0,124.41769392,-0.6667310991919538,1,1,0,0,,,,False
2026-08-13 21:35:00+08:00,125.25,125.25,0,0.0,124.8584544,1.0,0.0,124.8584544,-0.31310065142684,1,1,0,0,,,,False
2026-08-13 21:36:00+08:00,125.75,125.75,0,0.0,124.92268199999998,1.0,0.0,124.92268199999998,-0.6600783088123018,1,1,0,0,,,,False
2026-08-13 21:37:00+08:00,125.75,125.75,0,0.0,124.79422679999998,1.0,0.0,124.79422679999998,-0.7629576719506549,1,1,0,0,,,,False
2026-08-13 21:38:00+08:00,125.75,125.75,0,0.0,124.4730888,1.0,0.0,124.4730888,-1.0206182060366409,1,1,0,0,,,,False
2026-08-13 21:39:00+08:00,126.0,126.0,0,0.0,124.66239478,1.0,0.0,124.66239478,-1.067256395738166,1,1,0,0,,,,False
2026-08-13 21:40:00+08:00,125.25,125.25,0,0.0,124.64232432,1.0,0.0,124.64232432,-0.4863500162748929,1,1,0,0,,,,False
2026-08-13 21:41:00+08:00,125.25,125.25,0,0.0,124.44967776,1.0,0.0,124.44967776,-0.6410278516812885,1,1,0,0,,,,False
2026-08-13 21:42:00+08:00,125.25,125.25,0,0.0,124.5132511248,1.0,0.0,124.5132511248,-0.589957787530459,1,1,0,0,,,,False
2026-08-13 21:43:00+08:00,126.0,126.0,0,0.0,124.32612544,1.0,0.0,124.32612544,-1.3373550659626965,1,1,0,0,,,,False
2026-08-13 21:44:00+08:00,125.25,125.25,0,0.0,124.51389328,1.0,0.0,124.51389328,-0.5894420609265377,1,1,0,0,,,,False
2026-08-13 21:45:00+08:00,125.75,125.75,0,0.0,124.67932466,1.0,0.0,124.67932466,-0.8550718582607132,1,1,0,0,,,,False
2026-08-13 21:46:00+08:00,125.75,125.75,0,0.0,124.71143368,1.0,0.0,124.71143368,-0.829322346950163,1,1,0,0,,,,False
2026-08-13 21:47:00+08:00,125.75,125.75,0,0.0,124.80776074,1.0,0.0,124.80776074,-0.7521134106699982,1,1,0,0,,,,False
2026-08-13 21:48:00+08:00,125.75,125.75,0,0.0,124.77565172,1.0,0.0,124.77565172,-0.7778431256923594,1,1,0,0,,,,False
2026-08-13 21:49:00+08:00,125.75,125.75,0,0.0,124.77565172,1.0,0.0,124.77565172,-0.7778431256923594,1,1,0,0,,,,False
2026-08-13 21:50:00+08:00,125.75,125.75,0,0.0,124.73223735000002,1.0,0.0,124.73223735000002,-0.8126425735952332,1,1,0,0,,,,False
2026-08-13 21:51:00+08:00,126.0,126.0,0,0.0,124.696791,1.0,0.0,124.696791,-1.0396694706794196,1,1,0,0,,,,False
2026-08-13 21:52:00+08:00,125.75,125.75,0,0.0,124.50749458,1.0,0.0,124.50749458,-0.9929815864937526,1,1,0,0,,,,False
2026-08-13 21:53:00+08:00,125.75,125.75,0,0.0,124.37907014000002,1.0,0.0,124.37907014000002,-1.0961779526327355,1,1,0,0,,,,False
2026-08-13 21:54:00+08:00,125.75,125.75,0,0.0,124.5717068,1.0,0.0,124.5717068,-0.9414231111338948,1,1,0,0,,,,False
2026-08-13 21:55:00+08:00,125.75,125.75,0,0.0,124.4378172,1.0,0.0,124.4378172,-1.0489581904390204,1,1,0,0,,,,False
2026-08-13 21:56:00+08:00,125.75,125.75,0,0.0,124.5341313,1.0,0.0,124.5341313,-0.9715907226596008,1,1,0,0,,,,False
2026-08-13 21:57:00+08:00,125.75,125.75,0,0.0,124.6304454,1.0,0.0,124.6304454,-0.8942827769248681,1,1,0,0,,,,False
2026-08-13 21:58:00+08:00,125.75,125.75,0,0.0,124.629803306,1.0,0.0,124.629803306,-0.8947979662967827,1,1,0,0,,,,False
2026-08-13 21:59:00+08:00,125.75,125.75,0,0.0,124.7267595,1.0,0.0,124.7267595,-0.8170342845720183,1,1,0,0,,,,False
2026-08-13 22:00:00+08:00,125.75,125.75,0,0.0,124.87733804,1.0,0.0,124.87733804,-0.6963821000729982,1,1,0,0,,,,False
2026-08-13 22:01:00+08:00,125.75,125.75,0,0.0,124.65244959999998,1.0,0.0,124.65244959999998,-0.8766291238390643,1,1,0,0,,,,False
2026-08-13 22:02:00+08:00,125.75,125.75,0,0.0,124.78095728,1.0,0.0,124.78095728,-0.773591200481434,1,1,0,0,,,,False
2026-08-13 22:03:00+08:00,126.0,126.0,0,0.0,124.69233271,1.0,0.0,124.69233271,-1.043244742161873,1,1,0,0,,,,False
2026-08-13 22:04:00+08:00,126.25,126.25,0,0.0,124.78095728,1.0,0.0,124.78095728,-1.170407614995006,1,1,0,0,,,,False
2026-08-13 22:05:00+08:00,126.25,126.25,0,0.0,124.62810797,1.0,0.0,124.62810797,-1.2929721474094853,1,1,0,0,,,,False
2026-08-13 22:06:00+08:00,125.75,125.75,0,0.0,124.5959956,1.0,0.0,124.5959956,-0.921927588443524,1,1,0,0,,,,False
2026-08-13 22:07:00+08:00,125.75,125.75,0,0.0,124.5966378474,1.0,0.0,124.5966378474,-0.9214121368013322,1,1,0,0,,,,False
2026-08-13 22:08:00+08:00,125.75,125.75,0,0.0,124.69233271,1.0,0.0,124.69233271,-0.8446393854865895,1,1,0,0,,,,False
2026-08-13 22:09:00+08:00,125.75,125.75,0,0.0,124.78866982,1.0,0.0,124.78866982,-0.7674106202373263,1,1,0,0,,,,False
2026-08-13 22:10:00+08:00,126.5,126.5,0,0.0,124.91382357,1.0,0.0,124.91382357,-1.2618052639085398,1,1,0,0,,,,False
2026-08-13 22:11:00+08:00,126.5,126.5,0,0.0,124.88053405600002,1.0,0.0,124.88053405600002,-1.288457716172419,1,1,0,0,,,,False
2026-08-13 22:12:00+08:00,126.5,126.5,0,0.0,124.79147421,1.0,0.0,124.79147421,-1.359796065800633,1,1,0,0,,,,False
2026-08-13 22:13:00+08:00,125.75,125.75,0,0.0,124.8219072,1.0,0.0,124.8219072,-0.7407796112268945,1,1,0,0,,,,False
2026-08-13 22:14:00+08:00,125.75,125.75,0,0.0,124.6613852,1.0,0.0,124.6613852,-0.8694611062756119,1,1,0,0,,,,False
2026-08-13 22:15:00+08:00,125.75,125.75,0,0.0,124.6694946,1.0,0.0,124.6694946,-0.8629562979718534,1,1,0,0,,,,False
2026-08-13 22:16:00+08:00,125.75,125.75,0,0.0,124.63740464,1.0,0.0,124.63740464,-0.8886991433132658,1,1,0,0,,,,False
2026-08-13 22:17:00+08:00,125.75,125.75,0,0.0,124.60531468,1.0,0.0,124.60531468,-0.9144485879703615,1,1,0,0,,,,False
2026-08-13 22:18:00+08:00,125.75,125.75,0,0.0,124.44486488,1.0,0.0,124.44486488,-1.0432948898659289,1,1,0,0,,,,False
2026-08-13 22:19:00+08:00,125.75,125.75,0,0.0,124.38068495999998,1.0,0.0,124.38068495999998,-1.0948796947635544,1,1,0,0,,,,False
2026-08-13 22:20:00+08:00,125.75,125.75,0,0.0,124.4580323896,1.0,0.0,124.4580323896,-1.0327147358628992,1,1,0,0,,,,False
2026-08-13 22:21:00+08:00,125.75,125.75,0,0.0,124.60500404,1.0,0.0,124.60500404,-0.914697882225724,1,1,0,0,,,,False
2026-08-13 22:22:00+08:00,125.75,125.75,0,0.0,124.57291416,1.0,0.0,124.57291416,-0.9404539284387096,1,1,0,0,,,,False
2026-08-13 22:23:00+08:00,125.75,125.75,0,0.0,124.57291416,1.0,0.0,124.57291416,-0.9404539284387096,1,1,0,0,,,,False
2026-08-13 22:24:00+08:00,125.75,125.75,0,0.0,124.54082428,1.0,0.0,124.54082428,-0.9662165790363032,1,1,0,0,,,,False
2026-08-13 22:25:00+08:00,125.75,125.75,0,0.0,124.52207905000004,1.0,0.0,124.52207905000004,-0.9812688292365624,1,1,0,0,,,,False
2026-08-13 22:26:00+08:00,126.0,126.0,0,0.0,124.43874669,1.0,0.0,124.43874669,-1.2468145050514683,1,1,0,0,,,,False
2026-08-13 22:27:00+08:00,125.75,125.75,0,0.0,124.52207905000004,1.0,0.0,124.52207905000004,-0.9812688292365624,1,1,0,0,,,,False
2026-08-13 22:28:00+08:00,125.75,125.75,0,0.0,124.6825043,1.0,0.0,124.6825043,-0.8525216828253351,1,1,0,0,,,,False
2026-08-13 22:29:00+08:00,125.75,125.75,0,0.0,124.61833420000002,1.0,0.0,124.61833420000002,-0.9040007424389204,1,1,0,0,,,,False
2026-08-13 22:30:00+08:00,125.75,125.75,0,0.0,124.64933145,1.0,0.0,124.64933145,-0.8791305820397346,1,1,0,0,,,,False
2026-08-13 22:31:00+08:00,126.25,126.25,0,0.0,124.77767053,1.0,0.0,124.77767053,-1.173041574971751,1,1,0,0,,,,False
2026-08-13 22:32:00+08:00,126.5,126.5,0,0.0,124.93002942,1.0,0.0,124.93002942,-1.2488329923212471,1,1,0,0,,,,False
2026-08-13 22:33:00+08:00,126.25,126.25,0,0.0,125.09851823,1.0,0.0,125.09851823,-0.9162431337242336,1,1,0,0,,,,False
2026-08-13 22:34:00+08:00,126.25,126.25,0,0.0,125.19477254,1.0,0.0,125.19477254,-0.8393313961873129,1,1,0,0,,,,False
2026-08-13 22:35:00+08:00,126.5,126.5,0,0.0,125.22405049999998,1.0,0.0,125.22405049999998,-1.0137684480013756,1,1,0,0,,,,False
2026-08-13 22:36:00+08:00,126.25,126.25,0,0.0,125.16262199999998,1.0,0.0,125.16262199999998,-0.8650146451278928,1,1,0,0,,,,False
2026-08-13 22:37:00+08:00,126.25,126.25,0,0.0,125.25890094,1.0,0.0,125.25890094,-0.7881224531583852,1,1,0,0,,,,False
2026-08-13 22:38:00+08:00,126.5,126.5,0,0.0,125.22423264,1.0,0.0,125.22423264,-1.0136230005511708,1,1,0,0,,,,False
2026-08-13 22:39:00+08:00,126.25,126.25,0,0.0,125.35517988,1.0,0.0,125.35517988,-0.711289108139013,1,1,0,0,,,,False
2026-08-13 22:40:00+08:00,126.25,126.25,0,0.0,125.35260192,1.0,0.0,125.35260192,-0.7133456277096261,1,1,0,0,,,,False
2026-08-13 22:41:00+08:00,126.5,126.5,0,0.0,125.42651748,1.0,0.0,125.42651748,-0.8522187586586399,1,1,0,0,,,,False
2026-08-13 22:42:00+08:00,126.25,126.25,0,0.0,125.38469424,1.0,0.0,125.38469424,-0.6877475799697964,1,1,0,0,,,,False
2026-08-13 22:43:00+08:00,126.25,126.25,0,0.0,125.4809712,1.0,0.0,125.4809712,-0.6109925976402867,1,1,0,0,,,,False
2026-08-13 22:44:00+08:00,126.25,126.25,0,0.0,125.41678656,1.0,0.0,125.41678656,-0.662156060709554,1,1,0,0,,,,False
2026-08-13 22:45:00+08:00,126.25,126.25,0,0.0,125.32839424,1.0,0.0,125.32839424,-0.7326589095888854,1,1,0,0,,,,False
2026-08-13 22:46:00+08:00,126.25,126.25,0,0.0,125.5210096,1.0,0.0,125.5210096,-0.5790900240326959,1,1,0,0,,,,False
2026-08-13 22:47:00+08:00,126.5,126.5,0,0.0,125.550491,1.0,0.0,125.550491,-0.7534276138347152,1,1,0,0,,,,False
2026-08-13 22:48:00+08:00,126.25,126.25,0,0.0,125.44717371199997,1.0,0.0,125.44717371199997,-0.637930316149401,1,1,0,0,,,,False
2026-08-13 22:49:00+08:00,127.0,127.0,0,0.0,125.42912046,1.0,0.0,125.42912046,-1.2446103976731282,1,1,0,0,,,,False
2026-08-13 22:50:00+08:00,126.25,126.25,0,0.0,125.2649908014,1.0,0.0,125.2649908014,-0.7832608270874709,1,1,0,0,,,,False
2026-08-13 22:51:00+08:00,126.25,126.25,0,0.0,125.26563286,1.0,0.0,125.26563286,-0.7827482759673334,1,1,0,0,,,,False
2026-08-13 22:52:00+08:00,126.25,126.25,0,0.0,125.26563286,1.0,0.0,125.26563286,-0.7827482759673334,1,1,0,0,,,,False
2026-08-13 22:53:00+08:00,126.25,126.25,0,0.0,125.29773579,1.0,0.0,125.29773579,-0.7571240560042058,1,1,0,0,,,,False
2026-08-13 22:54:00+08:00,126.5,126.5,0,0.0,125.39614945,1.0,0.0,125.39614945,-0.8764330478335464,1,1,0,0,,,,False
2026-08-13 22:55:00+08:00,126.25,126.25,0,0.0,125.27070546000002,1.0,0.0,125.27070546000002,-0.7786989450502503,1,1,0,0,,,,False
2026-08-13 22:56:00+08:00,126.0,126.0,0,0.0,125.30280969,1.0,0.0,125.30280969,-0.5548607362249793,1,1,0,0,,,,False
2026-08-13 22:57:00+08:00,125.75,125.75,0,0.0,125.23860123,1.0,0.0,125.23860123,-0.4075075660757724,1,1,0,0,,,,False
2026-08-13 22:58:00+08:00,125.75,125.75,0,0.0,125.30280969,1.0,0.0,125.30280969,-0.3562519858289472,1,1,0,0,,,,False
2026-08-13 22:59:00+08:00,125.75,125.75,0,0.0,125.17439277,1.0,0.0,125.17439277,-0.4587893776653243,1,1,0,0,,,,False
2026-08-13 23:00:00+08:00,126.0,126.0,0,0.0,125.30887424,1.0,0.0,125.30887424,-0.5500209748581982,1,1,0,0,,,,False
2026-08-13 23:01:00+08:00,126.25,126.25,0,0.0,125.46936204,1.0,0.0,125.46936204,-0.6202446674530693,1,1,0,0,,,,False
2026-08-13 23:02:00+08:00,126.25,126.25,0,0.0,125.40516692,1.0,0.0,125.40516692,-0.6714212073130651,1,1,0,0,,,,False
2026-08-13 23:03:00+08:00,126.25,126.25,0,0.0,125.30887424,1.0,0.0,125.30887424,-0.7482349909883311,1,1,0,0,,,,False
2026-08-13 23:04:00+08:00,126.25,126.25,0,0.0,125.49183033200002,1.0,0.0,125.49183033200002,-0.6023390447269701,1,1,0,0,,,,False
2026-08-13 23:05:00+08:00,126.25,126.25,0,0.0,125.56781783,1.0,0.0,125.56781783,-0.5418061167224675,1,1,0,0,,,,False
2026-08-13 23:06:00+08:00,126.25,126.25,0,0.0,125.63199765000002,1.0,0.0,125.63199765000002,-0.4907078360230587,1,1,0,0,,,,False
2026-08-13 23:07:00+08:00,126.25,126.25,0,0.0,125.66408756,1.0,0.0,125.66408756,-0.4651684593545698,1,1,0,0,,,,False
2026-08-13 23:08:00+08:00,126.25,126.25,0,0.0,125.59990774,1.0,0.0,125.59990774,-0.5162537209829942,1,1,0,0,,,,False
2026-08-13 23:09:00+08:00,126.5,126.5,0,0.0,125.7194442758,1.0,0.0,125.7194442758,-0.6189496820447212,1,1,0,0,,,,False
2026-08-13 23:10:00+08:00,126.25,126.25,0,0.0,125.74255475000002,1.0,0.0,125.74255475000002,-0.4027462243901673,1,1,0,0,,,,False
2026-08-13 23:11:00+08:00,126.25,126.25,0,0.0,125.80675825,1.0,0.0,125.80675825,-0.3516999528815439,1,1,0,0,,,,False
2026-08-13 23:12:00+08:00,126.25,126.25,0,0.0,125.99936875,1.0,0.0,125.99936875,-0.1987170483256147,1,1,0,0,,,,False
2026-08-13 23:13:00+08:00,126.25,126.25,0,0.0,126.35248800000002,1.0,0.0,126.35248800000002,0.0811456773933456,1,1,0,0,,,,False
2026-08-13 23:14:00+08:00,126.25,126.25,0,0.0,126.25618275000002,1.0,0.0,126.25618275000002,0.004897107811529,1,1,0,0,,,,False
2026-08-13 23:15:00+08:00,126.25,126.25,0,0.0,126.27108881999996,1.0,0.0,126.27108881999996,0.0167026208373485,1,1,0,0,,,,False
2026-08-13 23:16:00+08:00,126.25,126.25,0,0.0,126.20687774,1.0,0.0,126.20687774,-0.0341620797864739,1,1,0,0,,,,False
2026-08-13 23:17:00+08:00,126.25,126.25,0,0.0,126.3352999,1.0,0.0,126.3352999,0.0675414602779862,1,1,0,0,,,,False
2026-08-13 23:18:00+08:00,126.25,126.25,0,0.0,126.11056112,1.0,0.0,126.11056112,-0.1105076636231679,1,1,0,0,,,,False
2026-08-13 23:19:00+08:00,126.25,126.25,0,0.0,126.2884258116,1.0,0.0,126.2884258116,0.0304316552829543,1,1,0,0,,,,False
2026-08-13 23:20:00+08:00,126.5,126.5,0,0.0,126.48834081,1.0,0.0,126.48834081,-0.0092171757502133,1,1,0,0,,,,False
2026-08-13 23:21:00+08:00,126.25,126.25,0,0.0,126.57166758,1.0,0.0,126.57166758,0.2544620349031007,1,1,0,0,,,,False
2026-08-13 23:22:00+08:00,126.25,126.25,0,0.0,126.5074506,1.0,0.0,126.5074506,0.2037135596904242,1,1,0,0,,,,False
2026-08-13 23:23:00+08:00,126.25,126.25,0,0.0,126.60377607,1.0,0.0,126.60377607,0.2798266061109326,1,1,0,0,,,,False
2026-08-13 23:24:00+08:00,126.25,126.25,0,0.0,126.5074506,1.0,0.0,126.5074506,0.2037135596904242,1,1,0,0,,,,False
2026-08-13 23:25:00+08:00,126.25,126.25,0,0.0,126.49923198,1.0,0.0,126.49923198,0.1972168050106773,1,1,0,0,,,,False
2026-08-13 23:26:00+08:00,126.25,126.25,0,0.0,126.53135469,1.0,0.0,126.53135469,0.2226071541906462,1,1,0,0,,,,False
2026-08-13 23:27:00+08:00,126.25,126.25,0,0.0,126.40286385,1.0,0.0,126.40286385,0.1210070194104301,1,1,0,0,,,,False
2026-08-13 23:28:00+08:00,126.25,126.25,0,0.0,126.30649572,1.0,0.0,126.30649572,0.0447390749851357,1,1,0,0,,,,False
2026-08-13 23:29:00+08:00,126.25,126.25,0,0.0,126.33861843,1.0,0.0,126.33861843,0.0701681893276245,1,1,0,0,,,,False
2026-08-13 23:30:00+08:00,126.25,126.25,0,0.0,126.22507827,1.0,0.0,126.22507827,-0.0197419326856102,1,1,0,0,,,,False
2026-08-13 23:31:00+08:00,126.25,126.25,0,0.0,126.12874775999998,1.0,0.0,126.12874775999998,-0.0960875201071393,1,1,0,0,,,,False
2026-08-13 23:32:00+08:00,125.75,125.75,0,0.0,125.96819691,1.0,0.0,125.96819691,0.1733660201594433,1,1,0,0,,,,False
2026-08-13 23:33:00+08:00,125.75,125.75,0,0.0,126.09663759,1.0,0.0,126.09663759,0.2752767265960624,1,1,0,0,,,,False
2026-08-13 23:34:00+08:00,125.75,125.75,0,0.0,125.61498504,1.0,0.0,125.61498504,-0.1074254315719601,1,1,0,0,,,,False
2026-08-13 23:35:00+08:00,125.75,125.75,0,0.0,125.68358906,1.0,0.0,125.68358906,-0.0528258298728446,1,1,0,0,,,,False
2026-08-13 23:36:00+08:00,125.75,125.75,0,0.0,125.49092131999998,1.0,0.0,125.49092131999998,-0.206239237333502,1,1,0,0,,,,False
2026-08-13 23:37:00+08:00,125.75,125.75,0,0.0,125.58725519,1.0,0.0,125.58725519,-0.1295031330528207,1,1,0,0,,,,False
2026-08-13 23:38:00+08:00,126.0,126.0,0,0.0,125.62722561,1.0,0.0,125.62722561,-0.2962909828984537,1,1,0,0,,,,False
2026-08-13 23:39:00+08:00,125.75,125.75,0,0.0,125.68358906,1.0,0.0,125.68358906,-0.0528258298728446,1,1,0,0,,,,False
2026-08-13 23:40:00+08:00,125.75,125.75,0,0.0,125.49873957,1.0,0.0,125.49873957,-0.2000093058616111,1,1,0,0,,,,False
2026-08-13 23:41:00+08:00,125.75,125.75,0,0.0,125.62722561,1.0,0.0,125.62722561,-0.0976813947262414,1,1,0,0,,,,False
2026-08-13 23:42:00+08:00,125.75,125.75,0,0.0,125.85207618,1.0,0.0,125.85207618,0.0811409679520852,1,1,0,0,,,,False
2026-08-13 23:43:00+08:00,126.0,126.0,0,0.0,125.88658828,1.0,0.0,125.88658828,-0.0900498281980239,1,1,0,0,,,,False
2026-08-13 23:44:00+08:00,126.25,126.25,0,0.0,125.7580998,1.0,0.0,125.7580998,-0.3903844363656356,1,1,0,0,,,,False
2026-08-13 23:45:00+08:00,125.75,125.75,0,0.0,125.5974892,1.0,0.0,125.5974892,-0.1213545442490041,1,1,0,0,,,,False
2026-08-13 23:46:00+08:00,125.75,125.75,0,0.0,125.50112284000002,1.0,0.0,125.50112284000002,-0.1981102867814574,1,1,0,0,,,,False
2026-08-13 23:47:00+08:00,125.75,125.75,0,0.0,125.4368786,1.0,0.0,125.4368786,-0.2493135005659487,1,1,0,0,,,,False
2026-08-13 23:48:00+08:00,125.75,125.75,0,0.0,125.37263436,1.0,0.0,125.37263436,-0.3005429127977499,1,1,0,0,,,,False
2026-08-13 23:49:00+08:00,125.75,125.75,0,0.0,125.47068731000002,1.0,0.0,125.47068731000002,-0.2223644023832468,1,1,0,0,,,,False
2026-08-13 23:50:00+08:00,125.75,125.75,0,0.0,125.50280164,1.0,0.0,125.50280164,-0.196772619757044,1,1,0,0,,,,False
2026-08-13 23:51:00+08:00,125.75,125.75,0,0.0,125.245887,1.0,0.0,125.245887,-0.4016902476174756,1,1,0,0,,,,False
2026-08-13 23:52:00+08:00,125.75,125.75,0,0.0,125.14954401,1.0,0.0,125.14954401,-0.4786425518382514,1,1,0,0,,,,False
2026-08-13 23:53:00+08:00,125.75,125.75,0,0.0,125.18165833999998,1.0,0.0,125.18165833999998,-0.4529852181743771,1,1,0,0,,,,False
2026-08-13 23:54:00+08:00,125.75,125.75,0,0.0,125.135624,1.0,0.0,125.135624,-0.4897658065892153,1,1,0,0,,,,False
2026-08-13 23:55:00+08:00,125.75,125.75,0,0.0,125.19986199999998,1.0,0.0,125.19986199999998,-0.4384445527210676,1,1,0,0,,,,False
2026-08-13 23:56:00+08:00,125.75,125.75,0,0.0,125.328338,1.0,0.0,125.328338,-0.3358808277598187,1,1,0,0,,,,False
2026-08-13 23:57:00+08:00,125.75,125.75,0,0.0,125.167743,1.0,0.0,125.167743,-0.4641018949385325,1,1,0,0,,,,False
2026-08-13 23:58:00+08:00,125.75,125.75,0,0.0,125.2641,1.0,0.0,125.2641,-0.387149566498445,1,1,0,0,,,,False
2026-08-13 23:59:00+08:00,125.75,125.75,0,0.0,125.19958914,1.0,0.0,125.19958914,-0.4386624914479936,1,1,0,0,,,,False
2026-08-14 00:00:00+08:00,125.75,125.75,0,0.0,125.36018379,1.0,0.0,125.36018379,-0.3104742341521317,1,1,0,0,,,,False
2026-08-14 00:01:00+08:00,126.5,126.5,0,0.0,125.542334434,1.0,0.0,125.542334434,-0.7599243739354935,1,1,0,0,,,,False
2026-08-14 00:02:00+08:00,126.25,126.25,0,0.0,125.6595322176,1.0,0.0,125.6595322176,-0.468793520596088,1,1,0,0,,,,False
2026-08-14 00:03:00+08:00,126.25,126.25,0,0.0,125.74561095,1.0,0.0,125.74561095,-0.4003157420865505,1,1,0,0,,,,False
2026-08-14 00:04:00+08:00,125.75,125.75,0,0.0,125.61048653,1.0,0.0,125.61048653,-0.1110066836088385,1,1,0,0,,,,False
2026-08-14 00:05:00+08:00,126.0,126.0,0,0.0,125.77107268,1.0,0.0,125.77107268,-0.181853552565161,1,1,0,0,,,,False
2026-08-14 00:06:00+08:00,126.0,126.0,0,0.0,125.80318991,1.0,0.0,125.80318991,-0.156320569306813,1,1,0,0,,,,False
2026-08-14 00:07:00+08:00,126.25,126.25,0,0.0,125.77107268,1.0,0.0,125.77107268,-0.3800692655634456,1,1,0,0,,,,False
2026-08-14 00:08:00+08:00,126.25,126.25,0,0.0,125.9502868234,1.0,0.0,125.9502868234,-0.2376786960673555,1,1,0,0,,,,False
2026-08-14 00:09:00+08:00,126.25,126.25,0,0.0,125.84512526,1.0,0.0,125.84512526,-0.3212079087863684,1,1,0,0,,,,False
2026-08-14 00:10:00+08:00,126.25,126.25,0,0.0,125.81301372,1.0,0.0,125.81301372,-0.346727807107339,1,1,0,0,,,,False
2026-08-14 00:11:00+08:00,126.0,126.0,0,0.0,125.74879063999995,1.0,0.0,125.74879063999995,-0.1995714532422611,1,1,0,0,,,,False
2026-08-14 00:12:00+08:00,126.0,126.0,0,0.0,125.70062333,1.0,0.0,125.70062333,-0.2378831375458927,1,1,0,0,,,,False
2026-08-14 00:13:00+08:00,126.0,126.0,0,0.0,125.65245602,1.0,0.0,125.65245602,-0.2762094878759114,1,1,0,0,,,,False
2026-08-14 00:14:00+08:00,125.75,125.75,0,0.0,125.54003676,1.0,0.0,125.54003676,-0.1671082886589232,1,1,0,0,,,,False
2026-08-14 00:15:00+08:00,125.75,125.75,0,0.0,125.7012572728,1.0,0.0,125.7012572728,-0.0387691258565683,1,1,0,0,,,,False
2026-08-14 00:16:00+08:00,125.75,125.75,0,0.0,125.63638368,1.0,0.0,125.63638368,-0.0903917852166825,1,1,0,0,,,,False
2026-08-14 00:17:00+08:00,125.75,125.75,0,0.0,125.60426804,1.0,0.0,125.60426804,-0.1159574182975995,1,1,0,0,,,,False
2026-08-14 00:18:00+08:00,125.75,125.75,0,0.0,125.5721524,1.0,0.0,125.5721524,-0.1415295852766162,1,1,0,0,,,,False
2026-08-14 00:19:00+08:00,125.75,125.75,0,0.0,125.6081219168,1.0,0.0,125.6081219168,-0.1128891973874312,1,1,0,0,,,,False
2026-08-14 00:20:00+08:00,125.75,125.75,0,0.0,125.6010473,1.0,0.0,125.6010473,-0.1185216465974878,1,1,0,0,,,,False
2026-08-14 00:21:00+08:00,125.75,125.75,0,0.0,125.66529336,1.0,0.0,125.66529336,-0.0673838403924907,1,1,0,0,,,,False
2026-08-14 00:22:00+08:00,125.75,125.75,0,0.0,125.72953942,1.0,0.0,125.72953942,-0.0162721627749076,1,1,0,0,,,,False
2026-08-14 00:23:00+08:00,125.75,125.75,0,0.0,125.72953942,1.0,0.0,125.72953942,-0.0162721627749076,1,1,0,0,,,,False
2026-08-14 00:24:00+08:00,125.75,125.75,0,0.0,125.82590851,1.0,0.0,125.82590851,0.0603464063388149,1,1,0,0,,,,False
2026-08-14 00:25:00+08:00,126.25,126.25,0,0.0,125.88611799999998,1.0,0.0,125.88611799999998,-0.2886393293324347,1,1,0,0,,,,False
2026-08-14 00:26:00+08:00,126.25,126.25,0,0.0,125.821874,1.0,0.0,125.821874,-0.3396856564806526,1,1,0,0,,,,False
2026-08-14 00:27:00+08:00,126.25,126.25,0,0.0,125.88611799999998,1.0,0.0,125.88611799999998,-0.2886393293324347,1,1,0,0,,,,False
2026-08-14 00:28:00+08:00,126.25,126.25,0,0.0,125.821874,1.0,0.0,125.821874,-0.3396856564806526,1,1,0,0,,,,False
2026-08-14 00:29:00+08:00,126.25,126.25,0,0.0,125.853996,1.0,0.0,125.853996,-0.3141592408555005,1,1,0,0,,,,False
2026-08-14 00:30:00+08:00,126.25,126.25,0,0.0,125.86793383999998,1.0,0.0,125.86793383999998,-0.3030852698027347,1,1,0,0,,,,False
2026-08-14 00:31:00+08:00,126.5,126.5,0,0.0,125.96788887,1.0,0.0,125.96788887,-0.421527769239594,1,1,0,0,,,,False
2026-08-14 00:32:00+08:00,126.25,126.25,0,0.0,125.9000512,1.0,0.0,125.9000512,-0.2775718651133019,1,1,0,0,,,,False
2026-08-14 00:33:00+08:00,126.25,126.25,0,0.0,125.93216856,1.0,0.0,125.93216856,-0.2520649590848345,1,1,0,0,,,,False
2026-08-14 00:34:00+08:00,126.25,126.25,0,0.0,125.8865619088,1.0,0.0,125.8865619088,-0.288286703402792,1,1,0,0,,,,False
2026-08-14 00:35:00+08:00,126.25,126.25,0,0.0,125.92080115000002,1.0,0.0,125.92080115000002,-0.2610919650480582,1,1,0,0,,,,False
2026-08-14 00:36:00+08:00,126.25,126.25,0,0.0,125.98506285,1.0,0.0,125.98506285,-0.2100716268440031,1,1,0,0,,,,False
2026-08-14 00:37:00+08:00,126.25,126.25,0,0.0,125.88867030000002,1.0,0.0,125.88867030000002,-0.2866118866812986,1,1,0,0,,,,False
2026-08-14 00:38:00+08:00,126.25,126.25,0,0.0,125.88867030000002,1.0,0.0,125.88867030000002,-0.2866118866812986,1,1,0,0,,,,False
2026-08-14 00:39:00+08:00,126.25,126.25,0,0.0,125.79227775,1.0,0.0,125.79227775,-0.3632106915443898,1,1,0,0,,,,False
2026-08-14 00:40:00+08:00,126.25,126.25,0,0.0,125.71029016,1.0,0.0,125.71029016,-0.4284086509483487,1,1,0,0,,,,False
2026-08-14 00:41:00+08:00,126.5,126.5,0,0.0,125.7921603,1.0,0.0,125.7921603,-0.5611269879795736,1,1,0,0,,,,False
2026-08-14 00:42:00+08:00,126.25,126.25,0,0.0,125.90304808,1.0,0.0,125.90304808,-0.2751915335879126,1,1,0,0,,,,False
2026-08-14 00:43:00+08:00,126.5,126.5,0,0.0,125.94054480000004,1.0,0.0,125.94054480000004,-0.4432371990348943,1,1,0,0,,,,False
2026-08-14 00:44:00+08:00,126.25,126.25,0,0.0,125.90304808,1.0,0.0,125.90304808,-0.2751915335879126,1,1,0,0,,,,False
2026-08-14 00:45:00+08:00,126.25,126.25,0,0.0,125.9270511702,1.0,0.0,125.9270511702,-0.25612864319048,1,1,0,0,,,,False
2026-08-14 00:46:00+08:00,126.25,126.25,0,0.0,125.84416173000002,1.0,0.0,125.84416173000002,-0.3219735571937914,1,1,0,0,,,,False
2026-08-14 00:47:00+08:00,126.25,126.25,0,0.0,125.81203404,1.0,0.0,125.81203404,-0.3475064871772782,1,1,0,0,,,,False
2026-08-14 00:48:00+08:00,126.25,126.25,0,0.0,125.81203404,1.0,0.0,125.81203404,-0.3475064871772782,1,1,0,0,,,,False
2026-08-14 00:49:00+08:00,126.5,126.5,0,0.0,125.85418925,1.0,0.0,125.85418925,-0.5118288322610121,1,1,0,0,,,,False
2026-08-14 00:50:00+08:00,126.25,126.25,0,0.0,125.88411513,1.0,0.0,125.88411513,-0.2902303560240852,1,1,0,0,,,,False
2026-08-14 00:51:00+08:00,126.5,126.5,0,0.0,125.81712484,1.0,0.0,125.81712484,-0.5412832445939098,1,1,0,0,,,,False
2026-08-14 00:52:00+08:00,126.25,126.25,0,0.0,125.75556357,1.0,0.0,125.75556357,-0.3924012017795415,1,1,0,0,,,,False
2026-08-14 00:53:00+08:00,126.25,126.25,0,0.0,125.75556357,1.0,0.0,125.75556357,-0.3924012017795415,1,1,0,0,,,,False
2026-08-14 00:54:00+08:00,126.25,126.25,0,0.0,125.75556357,1.0,0.0,125.75556357,-0.3924012017795415,1,1,0,0,,,,False
2026-08-14 00:55:00+08:00,126.25,126.25,0,0.0,125.72390740000004,1.0,0.0,125.72390740000004,-0.4175770463128277,1,1,0,0,,,,False
2026-08-14 00:56:00+08:00,126.25,126.25,0,0.0,125.72390740000004,1.0,0.0,125.72390740000004,-0.4175770463128277,1,1,0,0,,,,False
2026-08-14 00:57:00+08:00,126.25,126.25,0,0.0,125.72390740000004,1.0,0.0,125.72390740000004,-0.4175770463128277,1,1,0,0,,,,False
2026-08-14 00:58:00+08:00,126.5,126.5,0,0.0,125.755669664,1.0,0.0,125.755669664,-0.5901396285692407,1,1,0,0,,,,False
2026-08-14 00:59:00+08:00,126.25,126.25,0,0.0,125.8202968,1.0,0.0,125.8202968,-0.3409391788362361,1,1,0,0,,,,False
2026-08-14 01:00:00+08:00,126.25,126.25,0,0.0,125.92918781,1.0,0.0,125.92918781,-0.2544319321400326,1,1,0,0,,,,False
2026-08-14 01:01:00+08:00,126.25,126.25,0,0.0,126.02558678,1.0,0.0,126.02558678,-0.1779111668032346,1,1,0,0,,,,False
2026-08-14 01:02:00+08:00,126.25,126.25,0,0.0,126.05771977,1.0,0.0,126.05771977,-0.1524172388980317,1,1,0,0,,,,False
2026-08-14 01:03:00+08:00,126.5,126.5,0,0.0,126.0432026532,1.0,0.0,126.0432026532,-0.3617577840155056,1,1,0,0,,,,False
2026-08-14 01:04:00+08:00,126.25,126.25,0,0.0,125.9613208,1.0,0.0,125.9613208,-0.2289185109410078,1,1,0,0,,,,False
2026-08-14 01:05:00+08:00,126.25,126.25,0,0.0,125.92819680000002,1.0,0.0,125.92819680000002,-0.2552188921036623,1,1,0,0,,,,False
2026-08-14 01:06:00+08:00,126.25,126.25,0,0.0,125.92819680000002,1.0,0.0,125.92819680000002,-0.2552188921036623,1,1,0,0,,,,False
2026-08-14 01:07:00+08:00,126.25,126.25,0,0.0,125.99244588000002,1.0,0.0,125.99244588000002,-0.2042115624921488,1,1,0,0,,,,False
2026-08-14 01:08:00+08:00,126.25,126.25,0,0.0,125.99244588000002,1.0,0.0,125.99244588000002,-0.2042115624921488,1,1,0,0,,,,False
2026-08-14 01:09:00+08:00,126.25,126.25,0,0.0,125.96032134000002,1.0,0.0,125.96032134000002,-0.2297119788444091,1,1,0,0,,,,False
2026-08-14 01:10:00+08:00,126.25,126.25,0,0.0,125.9434064,1.0,0.0,125.9434064,-0.2431416462282253,1,1,0,0,,,,False
2026-08-14 01:11:00+08:00,126.25,126.25,0,0.0,125.97553482,1.0,0.0,125.97553482,-0.217634729327357,1,1,0,0,,,,False
2026-08-14 01:12:00+08:00,126.25,126.25,0,0.0,126.03979166,1.0,0.0,126.03979166,-0.1666403849453385,1,1,0,0,,,,False
2026-08-14 01:13:00+08:00,126.25,126.25,0,0.0,126.07192008,1.0,0.0,126.07192008,-0.1411529525009485,1,1,0,0,,,,False
2026-08-14 01:14:00+08:00,126.25,126.25,0,0.0,126.00766324,1.0,0.0,126.00766324,-0.1921343097271567,1,1,0,0,,,,False
2026-08-14 01:15:00+08:00,126.5,126.5,0,0.0,126.04391081,1.0,0.0,126.04391081,-0.3611959508642839,1,1,0,0,,,,False
2026-08-14 01:16:00+08:00,126.25,126.25,0,0.0,126.04912164000002,1.0,0.0,126.04912164000002,-0.1592382555232235,1,1,0,0,,,,False
2026-08-14 01:17:00+08:00,126.25,126.25,0,0.0,126.04912164000002,1.0,0.0,126.04912164000002,-0.1592382555232235,1,1,0,0,,,,False
2026-08-14 01:18:00+08:00,126.25,126.25,0,0.0,126.01699903,1.0,0.0,126.01699903,-0.1847256842123034,1,1,0,0,,,,False
2026-08-14 01:19:00+08:00,126.25,126.25,0,0.0,126.01699903,1.0,0.0,126.01699903,-0.1847256842123034,1,1,0,0,,,,False
2026-08-14 01:20:00+08:00,126.25,126.25,0,0.0,126.01193835999996,1.0,0.0,126.01193835999996,-0.1887416243193148,1,1,0,0,,,,False
2026-08-14 01:21:00+08:00,126.25,126.25,0,0.0,126.01193835999996,1.0,0.0,126.01193835999996,-0.1887416243193148,1,1,0,0,,,,False
2026-08-14 01:22:00+08:00,126.25,126.25,0,0.0,126.01193835999996,1.0,0.0,126.01193835999996,-0.1887416243193148,1,1,0,0,,,,False
2026-08-14 01:23:00+08:00,126.25,126.25,0,0.0,126.076181,1.0,0.0,126.076181,-0.1377732578610293,1,1,0,0,,,,False
2026-08-14 01:24:00+08:00,126.25,126.25,0,0.0,126.076181,1.0,0.0,126.076181,-0.1377732578610293,1,1,0,0,,,,False
2026-08-14 01:25:00+08:00,126.25,126.25,0,0.0,126.09498175,1.0,0.0,126.09498175,-0.1228621618904152,1,1,0,0,,,,False
2026-08-14 01:26:00+08:00,126.25,126.25,0,0.0,126.06285564,1.0,0.0,126.06285564,-0.1483431032678116,1,1,0,0,,,,False
2026-08-14 01:27:00+08:00,126.25,126.25,0,0.0,125.99860342,1.0,0.0,125.99860342,-0.1993244573738422,1,1,0,0,,,,False
2026-08-14 01:28:00+08:00,126.25,126.25,0,0.0,126.03072953,1.0,0.0,126.03072953,-0.1738305342691167,1,1,0,0,,,,False
2026-08-14 01:29:00+08:00,126.25,126.25,0,0.0,125.96647731,1.0,0.0,125.96647731,-0.2248248750628086,1,1,0,0,,,,False
2026-08-14 01:30:00+08:00,126.25,126.25,0,0.0,126.04806216,1.0,0.0,126.04806216,-0.1600787879788962,1,1,0,0,,,,False
2026-08-14 01:31:00+08:00,126.25,126.25,0,0.0,126.01593982,1.0,0.0,126.01593982,-0.1855662164832952,1,1,0,0,,,,False
2026-08-14 01:32:00+08:00,126.25,126.25,0,0.0,126.01593982,1.0,0.0,126.01593982,-0.1855662164832952,1,1,0,0,,,,False
2026-08-14 01:33:00+08:00,126.25,126.25,0,0.0,125.9195728,1.0,0.0,125.9195728,-0.2620674622485527,1,1,0,0,,,,False
2026-08-14 01:34:00+08:00,126.25,126.25,0,0.0,125.95169514,1.0,0.0,125.95169514,-0.236560551136974,1,1,0,0,,,,False
2026-08-14 01:35:00+08:00,126.25,126.25,0,0.0,125.98789636,1.0,0.0,125.98789636,-0.2078225705037802,1,1,0,0,,,,False
2026-08-14 01:36:00+08:00,126.25,126.25,0,0.0,125.95577297999998,1.0,0.0,125.95577297999998,-0.2333229858488248,1,1,0,0,,,,False
2026-08-14 01:37:00+08:00,126.25,126.25,0,0.0,125.95577297999998,1.0,0.0,125.95577297999998,-0.2333229858488248,1,1,0,0,,,,False
2026-08-14 01:38:00+08:00,126.25,126.25,0,0.0,125.95577297999998,1.0,0.0,125.95577297999998,-0.2333229858488248,1,1,0,0,,,,False
2026-08-14 01:39:00+08:00,126.25,126.25,0,0.0,125.95577297999998,1.0,0.0,125.95577297999998,-0.2333229858488248,1,1,0,0,,,,False
2026-08-14 01:40:00+08:00,126.25,126.25,0,0.0,125.9815035,1.0,0.0,125.9815035,-0.2128968794732747,1,1,0,0,,,,False
2026-08-14 01:41:00+08:00,126.25,126.25,0,0.0,125.91726,1.0,0.0,125.91726,-0.2639042039002104,1,1,0,0,,,,False
2026-08-14 01:42:00+08:00,126.25,126.25,0,0.0,126.01362525,1.0,0.0,126.01362525,-0.1874029597138758,1,1,0,0,,,,False
2026-08-14 01:43:00+08:00,126.25,126.25,0,0.0,126.01362525,1.0,0.0,126.01362525,-0.1874029597138758,1,1,0,0,,,,False
2026-08-14 01:44:00+08:00,126.25,126.25,0,0.0,125.94938175,1.0,0.0,125.94938175,-0.2383972933748077,1,1,0,0,,,,False
2026-08-14 01:45:00+08:00,126.5,126.5,0,0.0,126.01593982,1.0,0.0,126.01593982,-0.3833898013290179,1,1,0,0,,,,False
2026-08-14 01:46:00+08:00,126.25,126.25,0,0.0,125.97039831000002,1.0,0.0,125.97039831000002,-0.2217121944723317,1,1,0,0,,,,False
2026-08-14 01:47:00+08:00,126.25,126.25,0,0.0,125.97039831000002,1.0,0.0,125.97039831000002,-0.2217121944723317,1,1,0,0,,,,False
2026-08-14 01:48:00+08:00,126.25,126.25,0,0.0,125.97039831000002,1.0,0.0,125.97039831000002,-0.2217121944723317,1,1,0,0,,,,False
2026-08-14 01:49:00+08:00,126.25,126.25,0,0.0,125.9382712,1.0,0.0,125.9382712,-0.247219110164547,1,1,0,0,,,,False
2026-08-14 01:50:00+08:00,126.25,126.25,0,0.0,125.96290919999998,1.0,0.0,125.96290919999998,-0.2276574985084194,1,1,0,0,,,,False
2026-08-14 01:51:00+08:00,126.25,126.25,0,0.0,125.8986588,1.0,0.0,125.8986588,-0.2786778257493609,1,1,0,0,,,,False
2026-08-14 01:52:00+08:00,126.25,126.25,0,0.0,125.8344084,1.0,0.0,125.8344084,-0.3297241607585271,1,1,0,0,,,,False
2026-08-14 01:53:00+08:00,126.25,126.25,0,0.0,125.8344084,1.0,0.0,125.8344084,-0.3297241607585271,1,1,0,0,,,,False
2026-08-14 01:54:00+08:00,126.25,126.25,0,0.0,125.770158,1.0,0.0,125.770158,-0.3807965234273086,1,1,0,0,,,,False
2026-08-14 01:55:00+08:00,126.25,126.25,0,0.0,125.79750568,1.0,0.0,125.79750568,-0.3590547891193871,1,1,0,0,,,,False
2026-08-14 01:56:00+08:00,126.25,126.25,0,0.0,125.73325772,1.0,0.0,125.73325772,-0.4101401693712402,1,1,0,0,,,,False
2026-08-14 01:57:00+08:00,126.25,126.25,0,0.0,125.7653817,1.0,0.0,125.7653817,-0.3845942233612432,1,1,0,0,,,,False
2026-08-14 01:58:00+08:00,126.25,126.25,0,0.0,125.73325772,1.0,0.0,125.73325772,-0.4101401693712402,1,1,0,0,,,,False
2026-08-14 01:59:00+08:00,126.25,126.25,0,0.0,125.63688578,1.0,0.0,125.63688578,-0.4868171029241153,1,1,0,0,,,,False
2026-08-14 02:00:00+08:00,126.25,126.25,0,0.0,125.6001871,1.0,0.0,125.6001871,-0.5160313021661331,1,1,0,0,,,,False
2026-08-14 02:01:00+08:00,126.5,126.5,0,0.0,125.63383519999998,1.0,0.0,125.63383519999998,-0.6870674848641032,1,1,0,0,,,,False
2026-08-14 02:02:00+08:00,126.25,126.25,0,0.0,125.63230991,1.0,0.0,125.63230991,-0.490459286498288,1,1,0,0,,,,False
2026-08-14 02:03:00+08:00,126.25,126.25,0,0.0,125.63230991,1.0,0.0,125.63230991,-0.490459286498288,1,1,0,0,,,,False
2026-08-14 02:04:00+08:00,126.25,126.25,0,0.0,125.63230991,1.0,0.0,125.63230991,-0.490459286498288,1,1,0,0,,,,False
2026-08-14 02:05:00+08:00,126.25,126.25,0,0.0,125.80365379999998,1.0,0.0,125.80365379999998,-0.3541676093727168,1,1,0,0,,,,False
2026-08-14 02:06:00+08:00,126.25,126.25,0,0.0,125.77152825,1.0,0.0,125.77152825,-0.3797070459198053,1,1,0,0,,,,False
2026-08-14 02:07:00+08:00,126.25,126.25,0,0.0,125.67515159999998,1.0,0.0,125.67515159999998,-0.4563644370949913,1,1,0,0,,,,False
2026-08-14 02:08:00+08:00,126.25,126.25,0,0.0,125.77152825,1.0,0.0,125.77152825,-0.3797070459198053,1,1,0,0,,,,False
2026-08-14 02:09:00+08:00,126.25,126.25,0,0.0,125.70727715,1.0,0.0,125.70727715,-0.4308054572894005,1,1,0,0,,,,False
2026-08-14 02:10:00+08:00,126.25,126.25,0,0.0,125.7755559556,1.0,0.0,125.7755559556,-0.3765047100886753,1,1,0,0,,,,False
2026-08-14 02:11:00+08:00,126.25,126.25,0,0.0,125.72480348,1.0,0.0,125.72480348,-0.4168643155955036,1,1,0,0,,,,False
2026-08-14 02:12:00+08:00,126.25,126.25,0,0.0,125.62843802,1.0,0.0,125.62843802,-0.4935412375001638,1,1,0,0,,,,False
2026-08-14 02:13:00+08:00,126.25,126.25,0,0.0,125.62843802,1.0,0.0,125.62843802,-0.4935412375001638,1,1,0,0,,,,False
2026-08-14 02:14:00+08:00,126.25,126.25,0,0.0,125.62843802,1.0,0.0,125.62843802,-0.4935412375001638,1,1,0,0,,,,False
2026-08-14 02:15:00+08:00,126.25,126.25,0,0.0,125.7478425,1.0,0.0,125.7478425,-0.3985411105255758,1,1,0,0,,,,False
2026-08-14 02:16:00+08:00,126.25,126.25,0,0.0,125.68360350000005,1.0,0.0,125.68360350000005,-0.449639501941207,1,1,0,0,,,,False
2026-08-14 02:17:00+08:00,126.25,126.25,0,0.0,125.7478425,1.0,0.0,125.7478425,-0.3985411105255758,1,1,0,0,,,,False
2026-08-14 02:18:00+08:00,126.25,126.25,0,0.0,125.715723,1.0,0.0,125.715723,-0.4240870493325023,1,1,0,0,,,,False
2026-08-14 02:19:00+08:00,126.25,126.25,0,0.0,125.68360350000005,1.0,0.0,125.68360350000005,-0.449639501941207,1,1,0,0,,,,False
2026-08-14 02:20:00+08:00,126.5,126.5,0,0.0,125.5887308,1.0,0.0,125.5887308,-0.7229749597358776,1,1,0,0,,,,False
2026-08-14 02:21:00+08:00,126.25,126.25,0,0.0,125.71431396,1.0,0.0,125.71431396,-0.425207865019364,1,1,0,0,,,,False
2026-08-14 02:22:00+08:00,126.25,126.25,0,0.0,125.772128412,1.0,0.0,125.772128412,-0.3792298644655407,1,1,0,0,,,,False
2026-08-14 02:23:00+08:00,126.25,126.25,0,0.0,125.65007568,1.0,0.0,125.65007568,-0.4763192852407842,1,1,0,0,,,,False
2026-08-14 02:24:00+08:00,125.75,125.75,0,0.0,125.65007568,1.0,0.0,125.65007568,-0.0794942640567667,1,1,0,0,,,,False
2026-08-14 02:25:00+08:00,125.75,125.75,0,0.0,125.76455955,1.0,0.0,125.76455955,0.0115775007427295,1,1,0,0,,,,False
2026-08-14 02:26:00+08:00,125.75,125.75,0,0.0,125.79668332,1.0,0.0,125.79668332,0.0371170228792865,1,1,0,0,,,,False
2026-08-14 02:27:00+08:00,125.75,125.75,0,0.0,125.66818824,1.0,0.0,125.66818824,-0.0650802239668608,1,1,0,0,,,,False
2026-08-14 02:28:00+08:00,125.75,125.75,0,0.0,125.78383381199998,1.0,0.0,125.78383381199998,0.0269019968305903,1,1,0,0,,,,False
2026-08-14 02:29:00+08:00,126.5,126.5,0,0.0,125.7309508,1.0,0.0,125.7309508,-0.6097976458169049,1,1,0,0,,,,False
2026-08-14 02:30:00+08:00,125.75,125.75,0,0.0,125.80385580000002,1.0,0.0,125.80385580000002,0.0428185048714504,1,1,0,0,,,,False
2026-08-14 02:31:00+08:00,125.75,125.75,0,0.0,125.7717384,1.0,0.0,125.7717384,0.0172855039395702,1,1,0,0,,,,False
2026-08-14 02:32:00+08:00,125.75,125.75,0,0.0,125.80385580000002,1.0,0.0,125.80385580000002,0.0428185048714504,1,1,0,0,,,,False
2026-08-14 02:33:00+08:00,125.75,125.75,0,0.0,125.8680906,1.0,0.0,125.8680906,0.0938649520139091,1,1,0,0,,,,False
2026-08-14 02:34:00+08:00,126.0,126.0,0,0.0,125.7717384,1.0,0.0,125.7717384,-0.181324243499759,1,1,0,0,,,,False
2026-08-14 02:35:00+08:00,126.0,126.0,0,0.0,125.7862095,1.0,0.0,125.7862095,-0.1698190702537279,1,1,0,0,,,,False
2026-08-14 02:36:00+08:00,126.5,126.5,0,0.0,125.77776904,1.0,0.0,125.77776904,-0.5725680568274654,1,1,0,0,,,,False
2026-08-14 02:37:00+08:00,126.0,126.0,0,0.0,125.869103094,1.0,0.0,125.869103094,-0.1039404233326322,1,1,0,0,,,,False
2026-08-14 02:38:00+08:00,126.25,126.25,0,0.0,125.8504681,1.0,0.0,125.8504681,-0.3169624420066559,1,1,0,0,,,,False
2026-08-14 02:39:00+08:00,126.25,126.25,0,0.0,125.8504681,1.0,0.0,125.8504681,-0.3169624420066559,1,1,0,0,,,,False
2026-08-14 02:40:00+08:00,126.25,126.25,0,0.0,125.69772943,1.0,0.0,125.69772943,-0.4384009105773113,1,1,0,0,,,,False
2026-08-14 02:41:00+08:00,126.25,126.25,0,0.0,125.63348320999998,1.0,0.0,125.63348320999998,-0.4895253806586582,1,1,0,0,,,,False
2026-08-14 02:42:00+08:00,126.25,126.25,0,0.0,125.53711388,1.0,0.0,125.53711388,-0.5662610043973609,1,1,0,0,,,,False
2026-08-14 02:43:00+08:00,126.25,126.25,0,0.0,125.50499077,1.0,0.0,125.50499077,-0.5918526005950273,1,1,0,0,,,,False
2026-08-14 02:44:00+08:00,126.25,126.25,0,0.0,125.47286766,1.0,0.0,125.47286766,-0.6174507284333618,1,1,0,0,,,,False
2026-08-14 02:45:00+08:00,126.25,126.25,0,0.0,125.69478983999996,1.0,0.0,125.69478983999996,-0.4407395448444253,1,1,0,0,,,,False
2026-08-14 02:46:00+08:00,126.25,126.25,0,0.0,125.75905098,1.0,0.0,125.75905098,-0.3896280852539306,1,1,0,0,,,,False
2026-08-14 02:47:00+08:00,126.25,126.25,0,0.0,125.72692041,1.0,0.0,125.72692041,-0.4151805563373618,1,1,0,0,,,,False
2026-08-14 02:48:00+08:00,126.25,126.25,0,0.0,125.79118155,1.0,0.0,125.79118155,-0.3640821291015803,1,1,0,0,,,,False
2026-08-14 02:49:00+08:00,126.25,126.25,0,0.0,125.79118155,1.0,0.0,125.79118155,-0.3640821291015803,1,1,0,0,,,,False
2026-08-14 02:50:00+08:00,126.25,126.25,0,0.0,125.74611989999998,1.0,0.0,125.74611989999998,-0.3999109987883728,1,1,0,0,,,,False
2026-08-14 02:51:00+08:00,126.25,126.25,0,0.0,125.64976271999998,1.0,0.0,125.64976271999998,-0.4765683568088245,1,1,0,0,,,,False
2026-08-14 02:52:00+08:00,126.25,126.25,0,0.0,125.64976271999998,1.0,0.0,125.64976271999998,-0.4765683568088245,1,1,0,0,,,,False
2026-08-14 02:53:00+08:00,126.25,126.25,0,0.0,125.68188178,1.0,0.0,125.68188178,-0.4510093887173142,1,1,0,0,,,,False
2026-08-14 02:54:00+08:00,126.25,126.25,0,0.0,125.68188178,1.0,0.0,125.68188178,-0.4510093887173142,1,1,0,0,,,,False
2026-08-14 02:55:00+08:00,126.25,126.25,0,0.0,125.53382145,1.0,0.0,125.53382145,-0.5688836922686996,1,1,0,0,,,,False
2026-08-14 02:56:00+08:00,126.25,126.25,0,0.0,125.59804955,1.0,0.0,125.59804955,-0.5177331737648163,1,1,0,0,,,,False
2026-08-14 02:57:00+08:00,126.25,126.25,0,0.0,125.59804955,1.0,0.0,125.59804955,-0.5177331737648163,1,1,0,0,,,,False
2026-08-14 02:58:00+08:00,126.25,126.25,0,0.0,125.66227765,1.0,0.0,125.66227765,-0.4666087381549208,1,1,0,0,,,,False
2026-08-14 02:59:00+08:00,126.25,126.25,0,0.0,125.59804955,1.0,0.0,125.59804955,-0.5177331737648163,1,1,0,0,,,,False
2026-08-14 03:00:00+08:00,126.25,126.25,0,0.0,125.78961554999998,1.0,0.0,125.78961554999998,-0.3653270530470944,1,1,0,0,,,,False
2026-08-14 03:01:00+08:00,126.25,126.25,0,0.0,125.75748538,1.0,0.0,125.75748538,-0.3908730085991975,1,1,0,0,,,,False
2026-08-14 03:02:00+08:00,126.25,126.25,0,0.0,125.6289647,1.0,0.0,125.6289647,-0.493122004641929,1,1,0,0,,,,False
2026-08-14 03:03:00+08:00,126.25,126.25,0,0.0,125.59683453,1.0,0.0,125.59683453,-0.5187005595833285,1,1,0,0,,,,False
2026-08-14 03:04:00+08:00,126.25,126.25,0,0.0,125.50044402,1.0,0.0,125.50044402,-0.5954753985978664,1,1,0,0,,,,False
2026-08-14 03:05:00+08:00,126.25,126.25,0,0.0,125.60716218,1.0,0.0,125.60716218,-0.5104780935636578,1,1,0,0,,,,False
2026-08-14 03:06:00+08:00,126.5,126.5,0,0.0,125.67448656,1.0,0.0,125.67448656,-0.654716066848098,1,1,0,0,,,,False
2026-08-14 03:07:00+08:00,126.25,126.25,0,0.0,125.51081304,1.0,0.0,125.51081304,-0.5872136740220721,1,1,0,0,,,,False
2026-08-14 03:08:00+08:00,126.25,126.25,0,0.0,125.54292942000002,1.0,0.0,125.54292942000002,-0.5616286220814076,1,1,0,0,,,,False
2026-08-14 03:09:00+08:00,126.25,126.25,0,0.0,125.54292942000002,1.0,0.0,125.54292942000002,-0.5616286220814076,1,1,0,0,,,,False
2026-08-14 03:10:00+08:00,126.25,126.25,0,0.0,125.53444689,1.0,0.0,125.53444689,-0.5683854732398256,1,1,0,0,,,,False
2026-08-14 03:11:00+08:00,126.25,126.25,0,0.0,125.47021847,1.0,0.0,125.47021847,-0.6195620953609876,1,1,0,0,,,,False
2026-08-14 03:12:00+08:00,125.75,125.75,0,0.0,125.30964742,1.0,0.0,125.30964742,-0.3507951871399911,1,1,0,0,,,,False
2026-08-14 03:13:00+08:00,125.75,125.75,0,0.0,125.30964742,1.0,0.0,125.30964742,-0.3507951871399911,1,1,0,0,,,,False
2026-08-14 03:14:00+08:00,125.75,125.75,0,0.0,125.245419,1.0,0.0,125.245419,-0.4020639117720326,1,1,0,0,,,,False
2026-08-14 03:15:00+08:00,125.75,125.75,0,0.0,125.38429268,1.0,0.0,125.38429268,-0.2912444302984854,1,1,0,0,,,,False
2026-08-14 03:16:00+08:00,125.75,125.75,0,0.0,125.25575931999995,1.0,0.0,125.25575931999995,-0.3938082387742662,1,1,0,0,,,,False
2026-08-14 03:17:00+08:00,125.75,125.75,0,0.0,125.22362597999998,1.0,0.0,125.22362597999998,-0.4194656055548774,1,1,0,0,,,,False
2026-08-14 03:18:00+08:00,125.75,125.75,0,0.0,125.44855936,1.0,0.0,125.44855936,-0.2400018859726073,1,1,0,0,,,,False
2026-08-14 03:19:00+08:00,125.75,125.75,0,0.0,125.51282604,1.0,0.0,125.51282604,-0.188785554741978,1,1,0,0,,,,False
2026-08-14 03:20:00+08:00,125.75,125.75,0,0.0,125.44888482000002,1.0,0.0,125.44888482000002,-0.2397424496655313,1,1,0,0,,,,False
2026-08-14 03:21:00+08:00,125.75,125.75,0,0.0,125.32041694000002,1.0,0.0,125.32041694000002,-0.3422012559151044,1,1,0,0,,,,False
2026-08-14 03:22:00+08:00,125.75,125.75,0,0.0,125.35253391,1.0,0.0,125.35253391,-0.3165767256991952,1,1,0,0,,,,False
2026-08-14 03:23:00+08:00,125.75,125.75,0,0.0,125.35253391,1.0,0.0,125.35253391,-0.3165767256991952,1,1,0,0,,,,False
2026-08-14 03:24:00+08:00,125.75,125.75,0,0.0,125.28829997,1.0,0.0,125.28829997,-0.3678323427581988,1,1,0,0,,,,False
2026-08-14 03:25:00+08:00,125.75,125.75,0,0.0,125.1470889,1.0,0.0,125.1470889,-0.4806043008656048,1,1,0,0,,,,False
2026-08-14 03:26:00+08:00,125.75,125.75,0,0.0,125.1470889,1.0,0.0,125.1470889,-0.4806043008656048,1,1,0,0,,,,False
2026-08-14 03:27:00+08:00,125.75,125.75,0,0.0,125.0828615,1.0,0.0,125.0828615,-0.5319386750288243,1,1,0,0,,,,False
2026-08-14 03:28:00+08:00,125.75,125.75,0,0.0,125.1470889,1.0,0.0,125.1470889,-0.4806043008656048,1,1,0,0,,,,False
2026-08-14 03:29:00+08:00,125.75,125.75,0,0.0,124.98652040000002,1.0,0.0,124.98652040000002,-0.6089895471006802,1,1,0,0,,,,False
2026-08-14 03:30:00+08:00,125.75,125.75,0,0.0,125.03221248,1.0,0.0,125.03221248,-0.5724389404669166,1,1,0,0,,,,False
2026-08-14 03:31:00+08:00,125.75,125.75,0,0.0,125.09646336,1.0,0.0,125.09646336,-0.5210650620671464,1,1,0,0,,,,False
2026-08-14 03:32:00+08:00,125.75,125.75,0,0.0,125.06433792,1.0,0.0,125.06433792,-0.5467487111671534,1,1,0,0,,,,False
2026-08-14 03:33:00+08:00,125.75,125.75,0,0.0,125.03221248,1.0,0.0,125.03221248,-0.5724389404669166,1,1,0,0,,,,False
2026-08-14 03:34:00+08:00,125.75,125.75,0,0.0,125.06433792,1.0,0.0,125.06433792,-0.5467487111671534,1,1,0,0,,,,False
2026-08-14 03:35:00+08:00,125.75,125.75,0,0.0,125.03272676,1.0,0.0,125.03272676,-0.572027626676573,1,1,0,0,,,,False
2026-08-14 03:36:00+08:00,125.75,125.75,0,0.0,125.03272676,1.0,0.0,125.03272676,-0.572027626676573,1,1,0,0,,,,False
2026-08-14 03:37:00+08:00,125.75,125.75,0,0.0,124.96849212,1.0,0.0,124.96849212,-0.6234146300034046,1,1,0,0,,,,False
2026-08-14 03:38:00+08:00,125.75,125.75,0,0.0,124.90425748,1.0,0.0,124.90425748,-0.6748279710090179,1,1,0,0,,,,False
2026-08-14 03:39:00+08:00,125.75,125.75,0,0.0,124.90425748,1.0,0.0,124.90425748,-0.6748279710090179,1,1,0,0,,,,False
2026-08-14 03:40:00+08:00,125.75,125.75,0,0.0,124.83485312999998,1.0,0.0,124.83485312999998,-0.7304087685820735,1,1,0,0,,,,False
2026-08-14 03:41:00+08:00,125.75,125.75,0,0.0,124.89908511,1.0,0.0,124.89908511,-0.6789690771275545,1,1,0,0,,,,False
2026-08-14 03:42:00+08:00,125.75,125.75,0,0.0,124.73850516,1.0,0.0,124.73850516,-0.8076177702077812,1,1,0,0,,,,False
2026-08-14 03:43:00+08:00,125.75,125.75,0,0.0,124.77062114999998,1.0,0.0,124.77062114999998,-0.7818748376913943,1,1,0,0,,,,False
2026-08-14 03:44:00+08:00,125.75,125.75,0,0.0,124.70638917,1.0,0.0,124.70638917,-0.8333673047499247,1,1,0,0,,,,False
2026-08-14 03:45:00+08:00,125.75,125.75,0,0.0,124.86552156,1.0,0.0,124.86552156,-0.7058449009817149,1,1,0,0,,,,False
2026-08-14 03:46:00+08:00,125.75,125.75,0,0.0,124.76914992000002,1.0,0.0,124.76914992000002,-0.7830539743673915,1,1,0,0,,,,False
2026-08-14 03:47:00+08:00,125.75,125.75,0,0.0,124.70490216,1.0,0.0,124.70490216,-0.8345596999593555,1,1,0,0,,,,False
2026-08-14 03:48:00+08:00,125.75,125.75,0,0.0,124.86552156,1.0,0.0,124.86552156,-0.7058449009817149,1,1,0,0,,,,False
2026-08-14 03:49:00+08:00,125.75,125.75,0,0.0,124.73702604,1.0,0.0,124.73702604,-0.8088035344698737,1,1,0,0,,,,False
2026-08-14 03:50:00+08:00,125.75,125.75,0,0.0,124.70268941999998,1.0,0.0,124.70268941999998,-0.8363340656675593,1,1,0,0,,,,False
2026-08-14 03:51:00+08:00,125.75,125.75,0,0.0,124.67056611,1.0,0.0,124.67056611,-0.8620968371470231,1,1,0,0,,,,False
2026-08-14 03:52:00+08:00,125.75,125.75,0,0.0,124.60631949,1.0,0.0,124.60631949,-0.9136422138892262,1,1,0,0,,,,False
2026-08-14 03:53:00+08:00,125.75,125.75,0,0.0,124.60631949,1.0,0.0,124.60631949,-0.9136422138892262,1,1,0,0,,,,False
2026-08-14 03:54:00+08:00,125.75,125.75,0,0.0,124.54207287,1.0,0.0,124.54207287,-0.9652140526459188,1,1,0,0,,,,False
2026-08-14 03:55:00+08:00,125.25,125.25,0,0.0,124.63362765,1.0,0.0,124.63362765,-0.4933275187307022,1,1,0,0,,,,False
2026-08-14 03:56:00+08:00,125.25,125.25,0,0.0,124.63362765,1.0,0.0,124.63362765,-0.4933275187307022,1,1,0,0,,,,False
2026-08-14 03:57:00+08:00,125.25,125.25,0,0.0,124.7300187,1.0,0.0,124.7300187,-0.4160182903450576,1,1,0,0,,,,False
2026-08-14 03:58:00+08:00,125.25,125.25,0,0.0,124.63362765,1.0,0.0,124.63362765,-0.4933275187307022,1,1,0,0,,,,False
2026-08-14 03:59:00+08:00,125.5,125.5,0,0.0,124.53669395999998,1.0,0.0,124.53669395999998,-0.7705317365571366,1,1,0,0,,,,False
2026-08-14 21:30:00+08:00,121.25,121.25,0,0.0,121.3696978,1.0,0.0,121.3696978,0.0986711310626299,1,1,0,0,,,,False
2026-08-14 21:31:00+08:00,121.25,121.25,0,0.0,121.35946642400002,1.0,0.0,121.35946642400002,0.0902408513678587,1,1,0,0,,,,False
2026-08-14 21:32:00+08:00,121.5,121.5,0,0.0,121.94223778,1.0,0.0,121.94223778,0.3633205018429479,1,1,0,0,,,,False
2026-08-14 21:33:00+08:00,121.25,121.25,0,0.0,121.3696978,1.0,0.0,121.3696978,0.0986711310626299,1,1,0,0,,,,False
2026-08-14 21:34:00+08:00,120.75,120.75,0,0.0,121.3057517,1.0,0.0,121.3057517,0.4591931371982364,1,1,0,0,,,,False
2026-08-14 21:35:00+08:00,120.75,120.75,0,0.0,121.12387584,1.0,0.0,121.12387584,0.3091494182259934,1,1,0,0,,,,False
2026-08-14 21:36:00+08:00,120.75,120.75,0,0.0,121.05992448,1.0,0.0,121.05992448,0.2563372704130893,1,1,0,0,,,,False
2026-08-14 21:37:00+08:00,121.25,121.25,0,0.0,121.57153536,1.0,0.0,121.57153536,0.264832655409508,1,1,0,0,,,,False
2026-08-14 21:38:00+08:00,121.25,121.25,0,0.0,121.37968128,1.0,0.0,121.37968128,0.1068964681615723,1,1,0,0,,,,False
2026-08-14 21:39:00+08:00,121.25,121.25,0,0.0,121.8273408,1.0,0.0,121.8273408,0.4750264241824401,1,1,0,0,,,,False
2026-08-14 21:40:00+08:00,121.25,121.25,0,0.0,121.84692048,1.0,0.0,121.84692048,0.491096702353417,1,1,0,0,,,,False
2026-08-14 21:41:00+08:00,121.25,121.25,0,0.0,122.03870472,1.0,0.0,122.03870472,0.648369369147433,1,1,0,0,,,,False
2026-08-14 21:42:00+08:00,121.75,121.75,0,0.0,122.32638108,1.0,0.0,122.32638108,0.4722956620789016,1,1,0,0,,,,False
2026-08-14 21:43:00+08:00,121.75,121.75,0,0.0,122.4222732,1.0,0.0,122.4222732,0.550654823489592,1,1,0,0,,,,False
2026-08-14 21:44:00+08:00,121.75,121.75,0,0.0,122.48620128,1.0,0.0,122.48620128,0.6028600806446371,1,1,0,0,,,,False
2026-08-14 21:45:00+08:00,121.75,121.75,0,0.0,122.50812032000002,1.0,0.0,122.50812032000002,0.6207534218365489,1,1,0,0,,,,False
2026-08-14 21:46:00+08:00,121.5,121.5,0,0.0,122.25236224,1.0,0.0,122.25236224,0.6173168810230576,1,1,0,0,,,,False
2026-08-14 21:47:00+08:00,121.75,121.75,0,0.0,122.284332,1.0,0.0,122.284332,0.4379154323253107,1,1,0,0,,,,False
2026-08-14 21:48:00+08:00,121.75,121.75,0,0.0,122.18842272,1.0,0.0,122.18842272,0.3594535990775231,1,1,0,0,,,,False
2026-08-14 21:49:00+08:00,121.25,121.25,0,0.0,121.99660416,1.0,0.0,121.99660416,0.6138660497055876,1,1,0,0,,,,False
2026-08-14 21:50:00+08:00,121.25,121.25,0,0.0,122.10863020000002,1.0,0.0,122.10863020000002,0.7056500928644869,1,1,0,0,,,,False
2026-08-14 21:51:00+08:00,121.75,121.75,0,0.0,122.30042386,1.0,0.0,122.30042386,0.4510738816137002,1,1,0,0,,,,False
2026-08-14 21:52:00+08:00,121.25,121.25,0,0.0,122.10863020000002,1.0,0.0,122.10863020000002,0.7056500928644869,1,1,0,0,,,,False
2026-08-14 21:53:00+08:00,121.25,121.25,0,0.0,122.01273337,1.0,0.0,122.01273337,0.6270860804970873,1,1,0,0,,,,False
2026-08-14 21:54:00+08:00,121.75,121.75,0,0.0,122.17256142,1.0,0.0,122.17256142,0.3464717798468976,1,1,0,0,,,,False
2026-08-14 21:55:00+08:00,121.25,121.25,0,0.0,122.1341121,1.0,0.0,122.1341121,0.7265158702197767,1,1,0,0,,,,False
2026-08-14 21:56:00+08:00,121.75,121.75,0,0.0,122.102795661,1.0,0.0,122.102795661,0.2893513359514256,1,1,0,0,,,,False
2026-08-14 21:57:00+08:00,121.25,121.25,0,0.0,121.8145566,1.0,0.0,121.8145566,0.4645322278961907,1,1,0,0,,,,False
2026-08-14 21:58:00+08:00,121.25,121.25,0,0.0,121.7506455,1.0,0.0,121.7506455,0.4120528148967327,1,1,0,0,,,,False
2026-08-14 21:59:00+08:00,121.25,121.25,0,0.0,121.8145566,1.0,0.0,121.8145566,0.4645322278961907,1,1,0,0,,,,False
2026-08-14 22:00:00+08:00,121.25,121.25,0,0.0,122.01426952,1.0,0.0,122.01426952,0.6283450681088738,1,1,0,0,,,,False
2026-08-14 22:01:00+08:00,121.25,121.25,0,0.0,121.88643896,1.0,0.0,121.88643896,0.5235241272121383,1,1,0,0,,,,False
2026-08-14 22:02:00+08:00,121.25,121.25,0,0.0,121.85448132000002,1.0,0.0,121.85448132000002,0.4973016677585111,1,1,0,0,,,,False
2026-08-14 22:03:00+08:00,121.25,121.25,0,0.0,121.69469312,1.0,0.0,121.69469312,0.3660858891701407,1,1,0,0,,,,False
2026-08-14 22:04:00+08:00,121.5,121.5,0,0.0,121.69469312,1.0,0.0,121.69469312,0.1601129675177106,1,1,0,0,,,,False
2026-08-14 22:05:00+08:00,121.5,121.5,0,0.0,121.6506071,1.0,0.0,121.6506071,0.1238796824702659,1,1,0,0,,,,False
2026-08-14 22:06:00+08:00,121.75,121.75,0,0.0,121.7784585,1.0,0.0,121.7784585,0.0233718064618008,1,1,0,0,,,,False
2026-08-14 22:07:00+08:00,121.75,121.75,0,0.0,121.6506071,1.0,0.0,121.6506071,-0.081670215357485,1,1,0,0,,,,False
2026-08-14 22:08:00+08:00,121.25,121.25,0,0.0,121.49079285,1.0,0.0,121.49079285,0.1983950428544589,1,1,0,0,,,,False
2026-08-14 22:09:00+08:00,121.25,121.25,0,0.0,121.55471855,1.0,0.0,121.55471855,0.2509988700547055,1,1,0,0,,,,False
2026-08-14 22:10:00+08:00,121.25,121.25,0,0.0,121.498046,1.0,0.0,121.498046,0.2043649817885679,1,1,0,0,,,,False
2026-08-14 22:11:00+08:00,121.25,121.25,0,0.0,121.56199234,1.0,0.0,121.56199234,0.256982644879527,1,1,0,0,,,,False
2026-08-14 22:12:00+08:00,121.25,121.25,0,0.0,121.40212649,1.0,0.0,121.40212649,0.1253864882212519,1,1,0,0,,,,False
2026-08-14 22:13:00+08:00,121.25,121.25,0,0.0,121.46607283,1.0,0.0,121.46607283,0.1780457531968561,1,1,0,0,,,,False
2026-08-14 22:14:00+08:00,121.25,121.25,0,0.0,121.53001917,1.0,0.0,121.53001917,0.2306772781032798,1,1,0,0,,,,False
2026-08-14 22:15:00+08:00,121.25,121.25,0,0.0,121.62370489999998,1.0,0.0,121.62370489999998,0.3077359899078796,1,1,0,0,,,,False
2026-08-14 22:16:00+08:00,121.25,121.25,0,0.0,121.463884,1.0,0.0,121.463884,0.1762437290155245,1,1,0,0,,,,False
2026-08-14 22:17:00+08:00,121.25,121.25,0,0.0,121.39995564,1.0,0.0,121.39995564,0.1235983246767739,1,1,0,0,,,,False
2026-08-14 22:18:00+08:00,121.25,121.25,0,0.0,121.3040631,1.0,0.0,121.3040631,0.044578185423114,1,1,0,0,,,,False
2026-08-14 22:19:00+08:00,121.25,121.25,0,0.0,121.14424219999998,1.0,0.0,121.14424219999998,-0.0872609836274572,1,1,0,0,,,,False
2026-08-14 22:20:00+08:00,121.25,121.25,0,0.0,121.37991404,1.0,0.0,121.37991404,0.1070882298367965,1,1,0,0,,,,False
2026-08-14 22:21:00+08:00,121.25,121.25,0,0.0,121.37991404,1.0,0.0,121.37991404,0.1070882298367965,1,1,0,0,,,,False
2026-08-14 22:22:00+08:00,121.25,121.25,0,0.0,121.22007744,1.0,0.0,121.22007744,-0.0246814454929245,1,1,0,0,,,,False
2026-08-14 22:23:00+08:00,121.25,121.25,0,0.0,121.12417548,1.0,0.0,121.12417548,-0.1038266719222959,1,1,0,0,,,,False
2026-08-14 22:24:00+08:00,120.75,120.75,0,0.0,120.86843692,1.0,0.0,120.86843692,0.0980363266228794,1,1,0,0,,,,False
2026-08-14 22:25:00+08:00,120.75,120.75,0,0.0,120.94228302,1.0,0.0,120.94228302,0.1591139093043193,1,1,0,0,,,,False
2026-08-14 22:26:00+08:00,120.75,120.75,0,0.0,120.97425296000002,1.0,0.0,120.97425296000002,0.1855444435169062,1,1,0,0,,,,False
2026-08-14 22:27:00+08:00,120.75,120.75,0,0.0,121.0273230604,1.0,0.0,121.0273230604,0.2294036983201386,1,1,0,0,,,,False
2026-08-14 22:28:00+08:00,120.75,120.75,0,0.0,120.94228302,1.0,0.0,120.94228302,0.1591139093043193,1,1,0,0,,,,False
2026-08-14 22:29:00+08:00,120.75,120.75,0,0.0,121.10213272,1.0,0.0,121.10213272,0.2911967043992866,1,1,0,0,,,,False
2026-08-14 22:30:00+08:00,120.75,120.75,0,0.0,120.87442079999998,1.0,0.0,120.87442079999998,0.1029869411279156,1,1,0,0,,,,False
2026-08-14 22:31:00+08:00,120.75,120.75,0,0.0,120.87442079999998,1.0,0.0,120.87442079999998,0.1029869411279156,1,1,0,0,,,,False
2026-08-14 22:32:00+08:00,120.75,120.75,0,0.0,120.97035288,1.0,0.0,120.97035288,0.1823205016661425,1,1,0,0,,,,False
2026-08-14 22:33:00+08:00,120.75,120.75,0,0.0,120.93837552,1.0,0.0,120.93837552,0.1558829791417962,1,1,0,0,,,,False
2026-08-14 22:34:00+08:00,120.75,120.75,0,0.0,121.0343076,1.0,0.0,121.0343076,0.23517456763187,1,1,0,0,,,,False
2026-08-14 22:35:00+08:00,120.75,120.75,0,0.0,120.93248505,1.0,0.0,120.93248505,0.1510122257823058,1,1,0,0,,,,False
2026-08-14 22:36:00+08:00,121.25,121.25,0,0.0,121.12428915,1.0,0.0,121.12428915,-0.1037328261515317,1,1,0,0,,,,False
2026-08-14 22:37:00+08:00,121.25,121.25,0,0.0,121.12428915,1.0,0.0,121.12428915,-0.1037328261515317,1,1,0,0,,,,False
2026-08-14 22:38:00+08:00,121.0,121.0,0,0.0,121.095518535,1.0,0.0,121.095518535,0.0789097919515493,1,1,0,0,,,,False
2026-08-14 22:39:00+08:00,121.25,121.25,0,0.0,121.12428915,1.0,0.0,121.12428915,-0.1037328261515317,1,1,0,0,,,,False
2026-08-14 22:40:00+08:00,121.25,121.25,0,0.0,121.05906687,1.0,0.0,121.05906687,-0.157594705362339,1,1,0,0,,,,False
2026-08-14 22:41:00+08:00,121.5,121.5,0,0.0,121.02611997,1.0,0.0,121.02611997,-0.3907867986001851,1,1,0,0,,,,False
2026-08-14 22:42:00+08:00,120.75,120.75,0,0.0,121.02709986,1.0,0.0,121.02709986,0.22921927689632,1,1,0,0,,,,False
2026-08-14 22:43:00+08:00,120.75,120.75,0,0.0,121.09103388,1.0,0.0,121.09103388,0.2820314439850028,1,1,0,0,,,,False
2026-08-14 22:44:00+08:00,120.75,120.75,0,0.0,121.18693491,1.0,0.0,121.18693491,0.3611973592725969,1,1,0,0,,,,False
2026-08-14 22:45:00+08:00,120.75,120.75,0,0.0,120.9872979,1.0,0.0,120.9872979,0.1963270890023475,1,1,0,0,,,,False
2026-08-14 22:46:00+08:00,120.75,120.75,0,0.0,121.11515766,1.0,0.0,121.11515766,0.3019514373486665,1,1,0,0,,,,False
2026-08-14 22:47:00+08:00,120.75,120.75,0,0.0,121.08319272,1.0,0.0,121.08319272,0.2755558211446945,1,1,0,0,,,,False
2026-08-14 22:48:00+08:00,120.75,120.75,0,0.0,121.05122777999998,1.0,0.0,121.05122777999998,0.2491532261978794,1,1,0,0,,,,False
2026-08-14 22:49:00+08:00,120.75,120.75,0,0.0,120.76354332,1.0,0.0,120.76354332,0.0112153710420009,1,1,0,0,,,,False
2026-08-14 22:50:00+08:00,120.75,120.75,0,0.0,120.89187912,1.0,0.0,120.89187912,0.1174292473777206,1,1,0,0,,,,False
2026-08-14 22:51:00+08:00,120.75,120.75,0,0.0,120.82793208,1.0,0.0,120.82793208,0.0645192044894258,1,1,0,0,,,,False
2026-08-14 22:52:00+08:00,120.75,120.75,0,0.0,120.92385264,1.0,0.0,120.92385264,0.1438737688011002,1,1,0,0,,,,False
2026-08-14 22:53:00+08:00,120.75,120.75,0,0.0,120.82793208,1.0,0.0,120.82793208,0.0645192044894258,1,1,0,0,,,,False
2026-08-14 22:54:00+08:00,120.75,120.75,0,0.0,120.89187912,1.0,0.0,120.89187912,0.1174292473777206,1,1,0,0,,,,False
2026-08-14 22:55:00+08:00,121.0,121.0,0,0.0,120.90834644,1.0,0.0,120.90834644,-0.0757754425168164,1,1,0,0,,,,False
2026-08-14 22:56:00+08:00,120.75,120.75,0,0.0,120.97171768,1.0,0.0,120.97171768,0.1834487046741325,1,1,0,0,,,,False
2026-08-14 22:57:00+08:00,120.75,120.75,0,0.0,121.06762549,1.0,0.0,121.06762549,0.2626983780494796,1,1,0,0,,,,False
2026-08-14 22:58:00+08:00,120.75,120.75,0,0.0,120.9582905866,1.0,0.0,120.9582905866,0.1723487316835408,1,1,0,0,,,,False
2026-08-14 22:59:00+08:00,120.75,120.75,0,0.0,120.90777914,1.0,0.0,120.90777914,0.1305806422300984,1,1,0,0,,,,False
2026-08-14 23:00:00+08:00,120.75,120.75,0,0.0,120.94383405,1.0,0.0,120.94383405,0.1603963549685701,1,1,0,0,,,,False
2026-08-14 23:01:00+08:00,120.75,120.75,0,0.0,120.94383405,1.0,0.0,120.94383405,0.1603963549685701,1,1,0,0,,,,False
2026-08-14 23:02:00+08:00,121.0,121.0,0,0.0,120.8820186,1.0,0.0,120.8820186,-0.0975528488499268,1,1,0,0,,,,False
2026-08-14 23:03:00+08:00,120.75,120.75,0,0.0,120.7200416,1.0,0.0,120.7200416,-0.0248133472802717,1,1,0,0,,,,False
2026-08-14 23:04:00+08:00,120.75,120.75,0,0.0,120.847923,1.0,0.0,120.847923,0.0810627829776454,1,1,0,0,,,,False
2026-08-14 23:05:00+08:00,120.75,120.75,0,0.0,120.71218752,1.0,0.0,120.71218752,-0.0313195870445491,1,1,0,0,,,,False
2026-08-14 23:06:00+08:00,120.75,120.75,0,0.0,120.77612406,1.0,0.0,120.77612406,0.0216324922214302,1,1,0,0,,,,False
2026-08-14 23:07:00+08:00,120.75,120.75,0,0.0,120.80809233,1.0,0.0,120.80809233,0.0480980201819379,1,1,0,0,,,,False
2026-08-14 23:08:00+08:00,120.75,120.75,0,0.0,120.8400606,1.0,0.0,120.8400606,0.0745565440699979,1,1,0,0,,,,False
2026-08-14 23:09:00+08:00,121.0,121.0,0,0.0,120.853782,1.0,0.0,120.853782,-0.1209143795816305,1,1,0,0,,,,False
2026-08-14 23:10:00+08:00,120.75,120.75,0,0.0,120.85066622000002,1.0,0.0,120.85066622000002,0.0833327337834044,1,1,0,0,,,,False
2026-08-14 23:11:00+08:00,120.75,120.75,0,0.0,120.85066622000002,1.0,0.0,120.85066622000002,0.0833327337834044,1,1,0,0,,,,False
2026-08-14 23:12:00+08:00,120.75,120.75,0,0.0,120.8289316384,1.0,0.0,120.8289316384,0.0653464587037246,1,1,0,0,,,,False
2026-08-14 23:13:00+08:00,120.75,120.75,0,0.0,120.85066622000002,1.0,0.0,120.85066622000002,0.0833327337834044,1,1,0,0,,,,False
2026-08-14 23:14:00+08:00,120.75,120.75,0,0.0,120.75477836,1.0,0.0,120.75477836,0.0039571556575002,1,1,0,0,,,,False
2026-08-14 23:15:00+08:00,120.75,120.75,0,0.0,120.82679838,1.0,0.0,120.82679838,0.0635809237600555,1,1,0,0,,,,False
2026-08-14 23:16:00+08:00,120.75,120.75,0,0.0,120.92271804,1.0,0.0,120.92271804,0.1429354884579113,1,1,0,0,,,,False
2026-08-14 23:17:00+08:00,120.75,120.75,0,0.0,120.82679838,1.0,0.0,120.82679838,0.0635809237600555,1,1,0,0,,,,False
2026-08-14 23:18:00+08:00,120.75,120.75,0,0.0,120.79482516,1.0,0.0,120.79482516,0.037115396672489,1,1,0,0,,,,False
2026-08-14 23:19:00+08:00,120.75,120.75,0,0.0,120.76285194000002,1.0,0.0,120.76285194000002,0.0106428621887265,1,1,0,0,,,,False
2026-08-14 23:20:00+08:00,120.75,120.75,0,0.0,120.69394943999998,1.0,0.0,120.69394943999998,-0.0464294592016237,1,1,0,0,,,,False
2026-08-14 23:21:00+08:00,120.75,120.75,0,0.0,120.5814381312,1.0,0.0,120.5814381312,-0.1396932534818434,1,1,0,0,,,,False
2026-08-14 23:22:00+08:00,120.25,120.25,0,0.0,120.40627848,1.0,0.0,120.40627848,0.129876919054065,1,1,0,0,,,,False
2026-08-14 23:23:00+08:00,120.5,120.5,0,0.0,120.415995,1.0,0.0,120.415995,-0.0697380014141483,1,1,0,0,,,,False
2026-08-14 23:24:00+08:00,120.25,120.25,0,0.0,120.05468064,1.0,0.0,120.05468064,-0.1625597632803673,1,1,0,0,,,,False
2026-08-14 23:25:00+08:00,120.25,120.25,0,0.0,120.064182,1.0,0.0,120.064182,-0.1546458876904714,1,1,0,0,,,,False
2026-08-14 23:26:00+08:00,120.25,120.25,0,0.0,120.00021600000002,1.0,0.0,120.00021600000002,-0.2079365456220666,1,1,0,0,,,,False
2026-08-14 23:27:00+08:00,120.5,120.5,0,0.0,120.2593512,1.0,0.0,120.2593512,-0.1999081645639543,1,1,0,0,,,,False
2026-08-14 23:28:00+08:00,120.25,120.25,0,0.0,120.35202900000002,1.0,0.0,120.35202900000002,0.0848114211040306,1,1,0,0,,,,False
2026-08-14 23:29:00+08:00,120.75,120.75,0,0.0,120.57591000000002,1.0,0.0,120.57591000000002,-0.1442779186039147,1,1,0,0,,,,False
2026-08-14 23:30:00+08:00,120.25,120.25,0,0.0,120.38747488,1.0,0.0,120.38747488,0.1142589117248414,1,1,0,0,,,,False
2026-08-14 23:31:00+08:00,120.25,120.25,0,0.0,120.45144272,1.0,0.0,120.45144272,0.1673797362605213,1,1,0,0,,,,False
2026-08-14 23:32:00+08:00,120.25,120.25,0,0.0,120.54739448,1.0,0.0,120.54739448,0.2470080547526099,1,1,0,0,,,,False
2026-08-14 23:33:00+08:00,120.25,120.25,0,0.0,120.54739448,1.0,0.0,120.54739448,0.2470080547526099,1,1,0,0,,,,False
2026-08-14 23:34:00+08:00,120.25,120.25,0,0.0,120.54739448,1.0,0.0,120.54739448,0.2470080547526099,1,1,0,0,,,,False
2026-08-14 23:35:00+08:00,120.25,120.25,0,0.0,120.50576495,1.0,0.0,120.50576495,0.2124683909879514,1,1,0,0,,,,False
2026-08-14 23:36:00+08:00,120.75,120.75,0,0.0,120.50576495,1.0,0.0,120.50576495,-0.2024698145974814,1,1,0,0,,,,False
2026-08-14 23:37:00+08:00,120.25,120.25,0,0.0,120.4097954,1.0,0.0,120.4097954,0.1327977527234341,1,1,0,0,,,,False
2026-08-14 23:38:00+08:00,120.25,120.25,0,0.0,120.4097954,1.0,0.0,120.4097954,0.1327977527234341,1,1,0,0,,,,False
2026-08-14 23:39:00+08:00,120.25,120.25,0,0.0,120.4097954,1.0,0.0,120.4097954,0.1327977527234341,1,1,0,0,,,,False
2026-08-14 23:40:00+08:00,120.25,120.25,0,0.0,120.19574736,1.0,0.0,120.19574736,-0.0451267203480819,1,1,0,0,,,,False
2026-08-14 23:41:00+08:00,120.25,120.25,0,0.0,120.1317624,1.0,0.0,120.1317624,-0.098374850753653,1,1,0,0,,,,False
2026-08-14 23:42:00+08:00,120.25,120.25,0,0.0,120.09976992,1.0,0.0,120.09976992,-0.1250095475855906,1,1,0,0,,,,False
2026-08-14 23:43:00+08:00,120.25,120.25,0,0.0,120.19574736,1.0,0.0,120.19574736,-0.0451267203480819,1,1,0,0,,,,False
2026-08-14 23:44:00+08:00,120.5,120.5,0,0.0,120.3157136,1.0,0.0,120.3157136,-0.1530518064997156,1,1,0,0,,,,False
2026-08-14 23:45:00+08:00,120.25,120.25,0,0.0,120.46151385,1.0,0.0,120.46151385,0.1757405340666905,1,1,0,0,,,,False
2026-08-14 23:46:00+08:00,120.25,120.25,0,0.0,120.42951876,1.0,0.0,120.42951876,0.1491765987607822,1,1,0,0,,,,False
2026-08-14 23:47:00+08:00,120.25,120.25,0,0.0,120.33353349,1.0,0.0,120.33353349,0.0694424001412215,1,1,0,0,,,,False
2026-08-14 23:48:00+08:00,119.75,119.75,0,0.0,120.23754822,1.0,0.0,120.23754822,0.4063112637436217,1,1,0,0,,,,False
2026-08-14 23:49:00+08:00,119.75,119.75,0,0.0,120.33353349,1.0,0.0,120.33353349,0.4861087151770974,1,1,0,0,,,,False
2026-08-14 23:50:00+08:00,120.25,120.25,0,0.0,120.30409512,1.0,0.0,120.30409512,0.0449754305558589,1,1,0,0,,,,False
2026-08-14 23:51:00+08:00,120.25,120.25,0,0.0,120.20815884,1.0,0.0,120.20815884,-0.034801198014521,1,1,0,0,,,,False
2026-08-14 23:52:00+08:00,120.25,120.25,0,0.0,120.36805264,1.0,0.0,120.36805264,0.0981245078702603,1,1,0,0,,,,False
2026-08-14 23:53:00+08:00,120.25,120.25,0,0.0,120.4000314,1.0,0.0,120.4000314,0.1246884524611692,1,1,0,0,,,,False
2026-08-14 23:54:00+08:00,120.25,120.25,0,0.0,120.43201016,1.0,0.0,120.43201016,0.1512453380948647,1,1,0,0,,,,False
2026-08-14 23:55:00+08:00,120.25,120.25,0,0.0,120.5345825,1.0,0.0,120.5345825,0.2363793371197371,1,1,0,0,,,,False
2026-08-14 23:56:00+08:00,120.25,120.25,0,0.0,120.56658,1.0,0.0,120.56658,0.2629220961447105,1,1,0,0,,,,False
2026-08-14 23:57:00+08:00,120.25,120.25,0,0.0,120.69457,1.0,0.0,120.69457,0.3690226345420432,1,1,0,0,,,,False
2026-08-14 23:58:00+08:00,120.25,120.25,0,0.0,120.66257249999998,1.0,0.0,120.66257249999998,0.3425080689800711,1,1,0,0,,,,False
2026-08-14 23:59:00+08:00,120.25,120.25,0,0.0,120.50258499999998,1.0,0.0,120.50258499999998,0.2098295227027216,1,1,0,0,,,,False
2026-08-15 00:00:00+08:00,120.25,120.25,0,0.0,120.8094375,1.0,0.0,120.8094375,0.4641490130416381,1,1,0,0,,,,False
2026-08-15 00:01:00+08:00,120.5,120.5,0,0.0,120.9561066,1.0,0.0,120.9561066,0.3777966988887066,1,1,0,0,,,,False
2026-08-15 00:02:00+08:00,120.25,120.25,0,0.0,120.8094375,1.0,0.0,120.8094375,0.4641490130416381,1,1,0,0,,,,False
2026-08-15 00:03:00+08:00,120.25,120.25,0,0.0,120.8094375,1.0,0.0,120.8094375,0.4641490130416381,1,1,0,0,,,,False
2026-08-15 00:04:00+08:00,120.25,120.25,0,0.0,120.8734425,1.0,0.0,120.8734425,0.5171147969157002,1,1,0,0,,,,False
2026-08-15 00:05:00+08:00,120.25,120.25,0,0.0,120.80658752,1.0,0.0,120.80658752,0.4617899271919417,1,1,0,0,,,,False
2026-08-15 00:06:00+08:00,120.5,120.5,0,0.0,120.7844665126,1.0,0.0,120.7844665126,0.2357934737461851,1,1,0,0,,,,False
2026-08-15 00:07:00+08:00,120.25,120.25,0,0.0,120.83858079,1.0,0.0,120.83858079,0.4882693224800155,1,1,0,0,,,,False
2026-08-15 00:08:00+08:00,120.25,120.25,0,0.0,120.80658752,1.0,0.0,120.80658752,0.4617899271919417,1,1,0,0,,,,False
2026-08-15 00:09:00+08:00,120.25,120.25,0,0.0,120.77459425,1.0,0.0,120.77459425,0.4353035022275472,1,1,0,0,,,,False
2026-08-15 00:10:00+08:00,120.25,120.25,0,0.0,120.79525952,1.0,0.0,120.79525952,0.4524125644169712,1,1,0,0,,,,False
2026-08-15 00:11:00+08:00,120.25,120.25,0,0.0,120.85924006,1.0,0.0,120.85924006,0.5053643401210135,1,1,0,0,,,,False
2026-08-15 00:12:00+08:00,120.25,120.25,0,0.0,120.85924006,1.0,0.0,120.85924006,0.5053643401210135,1,1,0,0,,,,False
2026-08-15 00:13:00+08:00,120.25,120.25,0,0.0,120.98720114,1.0,0.0,120.98720114,0.6111836288236222,1,1,0,0,,,,False
2026-08-15 00:14:00+08:00,120.25,120.25,0,0.0,121.01919141,1.0,0.0,121.01919141,0.6376209125622407,1,1,0,0,,,,False
2026-08-15 00:15:00+08:00,120.25,120.25,0,0.0,121.0950947,1.0,0.0,121.0950947,0.7003205936714687,1,1,0,0,,,,False
2026-08-15 00:16:00+08:00,120.75,120.75,0,0.0,121.12708812,1.0,0.0,121.12708812,0.3118014384338293,1,1,0,0,,,,False
2026-08-15 00:17:00+08:00,120.75,120.75,0,0.0,121.0950947,1.0,0.0,121.0950947,0.2853849075815092,1,1,0,0,,,,False
2026-08-15 00:18:00+08:00,121.0,121.0,0,0.0,121.06984875,1.0,0.0,121.06984875,0.0577095828833623,1,1,0,0,,,,False
2026-08-15 00:19:00+08:00,120.75,120.75,0,0.0,121.12708812,1.0,0.0,121.12708812,0.3118014384338293,1,1,0,0,,,,False
2026-08-15 00:20:00+08:00,120.75,120.75,0,0.0,121.1018355,1.0,0.0,121.1018355,0.2909512754142342,1,1,0,0,,,,False
2026-08-15 00:21:00+08:00,120.75,120.75,0,0.0,121.1018355,1.0,0.0,121.1018355,0.2909512754142342,1,1,0,0,,,,False
2026-08-15 00:22:00+08:00,120.75,120.75,0,0.0,121.13382225,1.0,0.0,121.13382225,0.3173608275491095,1,1,0,0,,,,False
2026-08-15 00:23:00+08:00,120.75,120.75,0,0.0,121.1018355,1.0,0.0,121.1018355,0.2909512754142342,1,1,0,0,,,,False
2026-08-15 00:24:00+08:00,120.75,120.75,0,0.0,121.1018355,1.0,0.0,121.1018355,0.2909512754142342,1,1,0,0,,,,False
2026-08-15 00:25:00+08:00,120.75,120.75,0,0.0,121.17039248,1.0,0.0,121.17039248,0.3475461292786704,1,1,0,0,,,,False
2026-08-15 00:26:00+08:00,120.75,120.75,0,0.0,121.13840452,1.0,0.0,121.13840452,0.3211435626860569,1,1,0,0,,,,False
2026-08-15 00:27:00+08:00,121.0,121.0,0,0.0,121.2352069608,1.0,0.0,121.2352069608,0.1941971720387136,1,1,0,0,,,,False
2026-08-15 00:28:00+08:00,120.75,120.75,0,0.0,121.116012948,1.0,0.0,121.116012948,0.30265761074806,1,1,0,0,,,,False
2026-08-15 00:29:00+08:00,121.0,121.0,0,0.0,121.1731281992,1.0,0.0,121.1731281992,0.1429788684544726,1,1,0,0,,,,False
2026-08-15 00:30:00+08:00,120.75,120.75,0,0.0,121.17440776,1.0,0.0,121.17440776,0.3508598110704398,1,1,0,0,,,,False
2026-08-15 00:31:00+08:00,120.75,120.75,0,0.0,121.07844070000002,1.0,0.0,121.07844070000002,0.2716311605444808,1,1,0,0,,,,False
2026-08-15 00:32:00+08:00,120.75,120.75,0,0.0,120.98183385960002,1.0,0.0,120.98183385960002,0.1918107813095623,1,1,0,0,,,,False
2026-08-15 00:33:00+08:00,120.75,120.75,0,0.0,120.95048462,1.0,0.0,120.95048462,0.1658950914518836,1,1,0,0,,,,False
2026-08-15 00:34:00+08:00,120.75,120.75,0,0.0,120.95048462,1.0,0.0,120.95048462,0.1658950914518836,1,1,0,0,,,,False
2026-08-15 00:35:00+08:00,120.75,120.75,0,0.0,120.92786999999998,1.0,0.0,120.92786999999998,0.1471959348201674,1,1,0,0,,,,False
2026-08-15 00:36:00+08:00,120.75,120.75,0,0.0,121.0878275,1.0,0.0,121.0878275,0.2793835054609089,1,1,0,0,,,,False
2026-08-15 00:37:00+08:00,120.75,120.75,0,0.0,121.12941644999998,1.0,0.0,121.12941644999998,0.3137236359906717,1,1,0,0,,,,False
2026-08-15 00:38:00+08:00,120.75,120.75,0,0.0,121.0878275,1.0,0.0,121.0878275,0.2793835054609089,1,1,0,0,,,,False
2026-08-15 00:39:00+08:00,120.75,120.75,0,0.0,121.0878275,1.0,0.0,121.0878275,0.2793835054609089,1,1,0,0,,,,False
2026-08-15 00:40:00+08:00,120.75,120.75,0,0.0,121.04607328000002,1.0,0.0,121.04607328000002,0.2448950274367465,1,1,0,0,,,,False
2026-08-15 00:41:00+08:00,120.75,120.75,0,0.0,120.98209544,1.0,0.0,120.98209544,0.1920269954865113,1,1,0,0,,,,False
2026-08-15 00:42:00+08:00,120.75,120.75,0,0.0,121.04607328000002,1.0,0.0,121.04607328000002,0.2448950274367465,1,1,0,0,,,,False
2026-08-15 00:43:00+08:00,120.75,120.75,0,0.0,121.01408436,1.0,0.0,121.01408436,0.2184645090680732,1,1,0,0,,,,False
2026-08-15 00:44:00+08:00,120.75,120.75,0,0.0,121.01408436,1.0,0.0,121.01408436,0.2184645090680732,1,1,0,0,,,,False
2026-08-15 00:45:00+08:00,120.75,120.75,0,0.0,120.95574021,1.0,0.0,120.95574021,0.1702402349412551,1,1,0,0,,,,False
2026-08-15 00:46:00+08:00,120.75,120.75,0,0.0,120.89175939,1.0,0.0,120.89175939,0.1173302084522536,1,1,0,0,,,,False
2026-08-15 00:47:00+08:00,120.75,120.75,0,0.0,120.85976898,1.0,0.0,120.85976898,0.0908646868571767,1,1,0,0,,,,False
2026-08-15 00:48:00+08:00,120.75,120.75,0,0.0,121.01972103,1.0,0.0,121.01972103,0.2231222577011876,1,1,0,0,,,,False
2026-08-15 00:49:00+08:00,120.75,120.75,0,0.0,120.98773062,1.0,0.0,120.98773062,0.1966847453976547,1,1,0,0,,,,False
2026-08-15 00:50:00+08:00,120.75,120.75,0,0.0,120.99665063,1.0,0.0,120.99665063,0.2040571229071633,1,1,0,0,,,,False
2026-08-15 00:51:00+08:00,121.0,121.0,0,0.0,121.00078588,1.0,0.0,121.00078588,0.0006494854941496,1,1,0,0,,,,False
2026-08-15 00:52:00+08:00,120.75,120.75,0,0.0,120.96464939999998,1.0,0.0,120.96464939999998,0.1776056192976318,1,1,0,0,,,,False
2026-08-15 00:53:00+08:00,120.75,120.75,0,0.0,120.90064694,1.0,0.0,120.90064694,0.1246815946140677,1,1,0,0,,,,False
2026-08-15 00:54:00+08:00,120.75,120.75,0,0.0,120.83664448,1.0,0.0,120.83664448,0.0717295280842088,1,1,0,0,,,,False
2026-08-15 00:55:00+08:00,120.75,120.75,0,0.0,120.84711681000002,1.0,0.0,120.84711681000002,0.0803956696854068,1,1,0,0,,,,False
2026-08-15 00:56:00+08:00,120.75,120.75,0,0.0,120.91110787,1.0,0.0,120.91110787,0.1333337179656248,1,1,0,0,,,,False
2026-08-15 00:57:00+08:00,121.0,121.0,0,0.0,120.91851471,1.0,0.0,120.91851471,-0.0673658980567766,1,1,0,0,,,,False
2026-08-15 00:58:00+08:00,121.0,121.0,0,0.0,120.85840724300002,1.0,0.0,120.85840724300002,-0.1170873145275637,1,1,0,0,,,,False
2026-08-15 00:59:00+08:00,121.0,121.0,0,0.0,120.82154047999998,1.0,0.0,120.82154047999998,-0.1475960492566442,1,1,0,0,,,,False
2026-08-15 01:00:00+08:00,121.0,121.0,0,0.0,120.8308672,1.0,0.0,120.8308672,-0.1398769329641754,1,1,0,0,,,,False
2026-08-15 01:01:00+08:00,121.0,121.0,0,0.0,120.775236,1.0,0.0,120.775236,-0.1859280575782438,1,1,0,0,,,,False
2026-08-15 01:02:00+08:00,121.0,121.0,0,0.0,120.7855795,1.0,0.0,120.7855795,-0.1773641756827791,1,1,0,0,,,,False
2026-08-15 01:03:00+08:00,121.0,121.0,0,0.0,120.81013696,1.0,0.0,120.81013696,-0.1570348062218854,1,1,0,0,,,,False
2026-08-15 01:04:00+08:00,121.0,121.0,0,0.0,120.92051758,1.0,0.0,120.92051758,-0.0657095320356374,1,1,0,0,,,,False
2026-08-15 01:05:00+08:00,121.0,121.0,0,0.0,120.83601243,1.0,0.0,120.83601243,-0.1356188173566214,1,1,0,0,,,,False
2026-08-15 01:06:00+08:00,121.0,121.0,0,0.0,120.90725844,1.0,0.0,120.90725844,-0.0766753015995142,1,1,0,0,,,,False
2026-08-15 01:07:00+08:00,121.0,121.0,0,0.0,121.08161091,1.0,0.0,121.08161091,0.0674242952145058,1,1,0,0,,,,False
2026-08-15 01:08:00+08:00,121.0,121.0,0,0.0,121.08527552,1.0,0.0,121.08527552,0.0704508110349448,1,1,0,0,,,,False
2026-08-15 01:09:00+08:00,121.0,121.0,0,0.0,121.06118271,1.0,0.0,121.06118271,0.0505514426683576,1,1,0,0,,,,False
2026-08-15 01:10:00+08:00,121.0,121.0,0,0.0,121.07377815,1.0,0.0,121.07377815,0.0609550944045489,1,1,0,0,,,,False
2026-08-15 01:11:00+08:00,121.0,121.0,0,0.0,121.09776272000002,1.0,0.0,121.09776272000002,0.0807630098697674,1,1,0,0,,,,False
2026-08-15 01:12:00+08:00,121.0,121.0,0,0.0,121.03863634,1.0,0.0,121.03863634,0.0319257624189575,1,1,0,0,,,,False
2026-08-15 01:13:00+08:00,121.0,121.0,0,0.0,120.94984734480002,1.0,0.0,120.94984734480002,-0.041457067032994,1,1,0,0,,,,False
2026-08-15 01:14:00+08:00,121.0,121.0,0,0.0,120.9408486,1.0,0.0,120.9408486,-0.0488974064051376,1,1,0,0,,,,False
2026-08-15 01:15:00+08:00,121.0,121.0,0,0.0,120.99317211,1.0,0.0,120.99317211,-0.005643043512726,1,1,0,0,,,,False
2026-08-15 01:16:00+08:00,121.0,121.0,0,0.0,120.94613920000002,1.0,0.0,120.94613920000002,-0.0445229671182793,1,1,0,0,,,,False
2026-08-15 01:17:00+08:00,121.0,121.0,0,0.0,120.9962124,1.0,0.0,120.9962124,-0.0031302969269197,1,1,0,0,,,,False
2026-08-15 01:18:00+08:00,121.0,121.0,0,0.0,121.0087242,1.0,0.0,121.0087242,0.0072098227275303,1,1,0,0,,,,False
2026-08-15 01:19:00+08:00,121.0,121.0,0,0.0,121.03763667,1.0,0.0,121.03763667,0.0310998491952114,1,1,0,0,,,,False
2026-08-15 01:20:00+08:00,121.0,121.0,0,0.0,121.00689714,1.0,0.0,121.00689714,0.0056999532505196,1,1,0,0,,,,False
2026-08-15 01:21:00+08:00,121.0,121.0,0,0.0,121.00077192,1.0,0.0,121.00077192,0.0006379483783186,1,1,0,0,,,,False
2026-08-15 01:22:00+08:00,121.0,121.0,0,0.0,121.05285666,1.0,0.0,121.05285666,0.0436736510606429,1,1,0,0,,,,False
2026-08-15 01:23:00+08:00,121.0,121.0,0,0.0,121.03061850000002,1.0,0.0,121.03061850000002,0.0253013442594801,1,1,0,0,,,,False
2026-08-15 01:24:00+08:00,121.0,121.0,0,0.0,120.87132738,1.0,0.0,120.87132738,-0.1063975803943456,1,1,0,0,,,,False
2026-08-15 01:25:00+08:00,121.0,121.0,0,0.0,120.93423535,1.0,0.0,120.93423535,-0.0543657245572256,1,1,0,0,,,,False
2026-08-15 01:26:00+08:00,121.0,121.0,0,0.0,120.88405587000004,1.0,0.0,120.88405587000004,-0.0958675259375409,1,1,0,0,,,,False
2026-08-15 01:27:00+08:00,121.0,121.0,0,0.0,120.95660703,1.0,0.0,120.95660703,-0.0358683902313151,1,1,0,0,,,,False
2026-08-15 01:28:00+08:00,121.0,121.0,0,0.0,120.892222,1.0,0.0,120.892222,-0.0891124147017925,1,1,0,0,,,,False
2026-08-15 01:29:00+08:00,121.0,121.0,0,0.0,120.97436833,1.0,0.0,120.97436833,-0.0211854422242391,1,1,0,0,,,,False
2026-08-15 01:30:00+08:00,121.0,121.0,0,0.0,120.97455728,1.0,0.0,120.97455728,-0.0210292522370936,1,1,0,0,,,,False
2026-08-15 01:31:00+08:00,121.0,121.0,0,0.0,121.03911126,1.0,0.0,121.03911126,0.0323181322195361,1,1,0,0,,,,False
2026-08-15 01:32:00+08:00,121.0,121.0,0,0.0,121.07895246,1.0,0.0,121.07895246,0.0652286860941009,1,1,0,0,,,,False
2026-08-15 01:33:00+08:00,121.0,121.0,0,0.0,121.04625735000002,1.0,0.0,121.04625735000002,0.0382219089082056,1,1,0,0,,,,False
2026-08-15 01:34:00+08:00,121.0,121.0,0,0.0,121.0111434,1.0,0.0,121.0111434,0.0092089974399043,1,1,0,0,,,,False
2026-08-15 01:35:00+08:00,121.0,121.0,0,0.0,121.04432904000002,1.0,0.0,121.04432904000002,0.0366288606519646,1,1,0,0,,,,False
2026-08-15 01:36:00+08:00,121.0,121.0,0,0.0,121.13371072,1.0,0.0,121.13371072,0.1104437045154918,1,1,0,0,,,,False
2026-08-15 01:37:00+08:00,121.0,121.0,0,0.0,120.95119658,1.0,0.0,120.95119658,-0.04034154051714,1,1,0,0,,,,False
2026-08-15 01:38:00+08:00,121.0,121.0,0,0.0,120.87244096,1.0,0.0,120.87244096,-0.1054762911340557,1,1,0,0,,,,False
2026-08-15 01:39:00+08:00,121.0,121.0,0,0.0,120.9304574342,1.0,0.0,120.9304574342,-0.0574897154641276,1,1,0,0,,,,False
2026-08-15 01:40:00+08:00,121.0,121.0,0,0.0,121.0065696,1.0,0.0,121.0065696,0.0054292740985209,1,1,0,0,,,,False
2026-08-15 01:41:00+08:00,121.0,121.0,0,0.0,121.06115449,1.0,0.0,121.06115449,0.0505281321398748,1,1,0,0,,,,False
2026-08-15 01:42:00+08:00,121.0,121.0,0,0.0,121.01427457,1.0,0.0,121.01427457,0.0117964694647538,1,1,0,0,,,,False
2026-08-15 01:43:00+08:00,121.0,121.0,0,0.0,120.88055936,1.0,0.0,120.88055936,-0.0987600163618155,1,1,0,0,,,,False
2026-08-15 01:44:00+08:00,121.0,121.0,0,0.0,120.941336,1.0,0.0,120.941336,-0.0484944003119774,1,1,0,0,,,,False
2026-08-15 01:45:00+08:00,121.0,121.0,0,0.0,121.0209336,1.0,0.0,121.0209336,0.0172989994614186,1,1,0,0,,,,False
2026-08-15 01:46:00+08:00,121.0,121.0,0,0.0,120.96064158,1.0,0.0,120.96064158,-0.0325329109254918,1,1,0,0,,,,False
2026-08-15 01:47:00+08:00,121.0,121.0,0,0.0,120.94515178000002,1.0,0.0,120.94515178000002,-0.0453393834069101,1,1,0,0,,,,False
2026-08-15 01:48:00+08:00,121.0,121.0,0,0.0,120.93563121999998,1.0,0.0,120.93563121999998,-0.0532114923919503,1,1,0,0,,,,False
2026-08-15 01:49:00+08:00,121.0,121.0,0,0.0,120.92221932,1.0,0.0,120.92221932,-0.0643022209523632,1,1,0,0,,,,False
2026-08-15 01:50:00+08:00,121.0,121.0,0,0.0,120.90448944,1.0,0.0,120.90448944,-0.0789655125633356,1,1,0,0,,,,False
2026-08-15 01:51:00+08:00,121.0,121.0,0,0.0,120.95879885,1.0,0.0,120.95879885,-0.0340563353726586,1,1,0,0,,,,False
2026-08-15 01:52:00+08:00,121.0,121.0,0,0.0,121.0059648,1.0,0.0,121.0059648,0.0049294652757143,1,1,0,0,,,,False
2026-08-15 01:53:00+08:00,121.0,121.0,0,0.0,121.05115476,1.0,0.0,121.05115476,0.0422677264652671,1,1,0,0,,,,False
2026-08-15 01:54:00+08:00,121.0,121.0,0,0.0,121.07835753,1.0,0.0,121.07835753,0.0647373278631737,1,1,0,0,,,,False
2026-08-15 01:55:00+08:00,121.0,121.0,0,0.0,121.02081122,1.0,0.0,121.02081122,0.0171978764099714,1,1,0,0,,,,False
2026-08-15 01:56:00+08:00,121.0,121.0,0,0.0,120.9974976,1.0,0.0,120.9974976,-0.0020681205589436,1,1,0,0,,,,False
2026-08-15 01:57:00+08:00,121.0,121.0,0,0.0,121.10022327,1.0,0.0,121.10022327,0.0827948596215985,1,1,0,0,,,,False
2026-08-15 01:58:00+08:00,121.0,121.0,0,0.0,121.08221618999998,1.0,0.0,121.08221618999998,0.0679241881489177,1,1,0,0,,,,False
2026-08-15 01:59:00+08:00,121.0,121.0,0,0.0,121.07396925,1.0,0.0,121.07396925,0.0611129319101745,1,1,0,0,,,,False
2026-08-15 02:00:00+08:00,121.0,121.0,0,0.0,121.10718399,1.0,0.0,121.10718399,0.0885425936013719,1,1,0,0,,,,False
2026-08-15 02:01:00+08:00,121.0,121.0,0,0.0,121.10794059,1.0,0.0,121.10794059,0.089167327380469,1,1,0,0,,,,False
2026-08-15 02:02:00+08:00,121.0,121.0,0,0.0,121.04637078,1.0,0.0,121.04637078,0.0383156168386849,1,1,0,0,,,,False
2026-08-15 02:03:00+08:00,121.0,121.0,0,0.0,121.11705762,1.0,0.0,121.11705762,0.0966950624220105,1,1,0,0,,,,False
2026-08-15 02:04:00+08:00,121.0,121.0,0,0.0,121.04427152,1.0,0.0,121.04427152,0.0365813408613153,1,1,0,0,,,,False
2026-08-15 02:05:00+08:00,121.0,121.0,0,0.0,121.1311028088,1.0,0.0,121.1311028088,0.1082907625490266,1,1,0,0,,,,False
2026-08-15 02:06:00+08:00,121.0,121.0,0,0.0,120.9954942,1.0,0.0,120.9954942,-0.0037238709876688,1,1,0,0,,,,False
2026-08-15 02:07:00+08:00,121.0,121.0,0,0.0,121.06790902,1.0,0.0,121.06790902,0.0561074123992132,1,1,0,0,,,,False
2026-08-15 02:08:00+08:00,121.0,121.0,0,0.0,121.13310528000002,1.0,0.0,121.13310528000002,0.109943892096954,1,1,0,0,,,,False
2026-08-15 02:09:00+08:00,121.0,121.0,0,0.0,121.15561685000004,1.0,0.0,121.15561685000004,0.1285263187567723,1,1,0,0,,,,False
2026-08-15 02:10:00+08:00,121.0,121.0,0,0.0,121.1505828,1.0,0.0,121.1505828,0.1243712059321208,1,1,0,0,,,,False
2026-08-15 02:11:00+08:00,121.0,121.0,0,0.0,121.07862234,1.0,0.0,121.07862234,0.0649560372080853,1,1,0,0,,,,False
2026-08-15 02:12:00+08:00,121.0,121.0,0,0.0,121.0998828,1.0,0.0,121.0998828,0.0825137119810312,1,1,0,0,,,,False
2026-08-15 02:13:00+08:00,121.0,121.0,0,0.0,121.10090421,1.0,0.0,121.10090421,0.0833571525304762,1,1,0,0,,,,False
2026-08-15 02:14:00+08:00,121.0,121.0,0,0.0,121.09246812,1.0,0.0,121.09246812,0.0763907450058776,1,1,0,0,,,,False
2026-08-15 02:15:00+08:00,121.0,121.0,0,0.0,121.10014761,1.0,0.0,121.10014761,0.0827323824364795,1,1,0,0,,,,False
2026-08-15 02:16:00+08:00,121.0,121.0,0,0.0,121.10540598,1.0,0.0,121.10540598,0.087074453850657,1,1,0,0,,,,False
2026-08-15 02:17:00+08:00,121.0,121.0,0,0.0,121.12901856,1.0,0.0,121.12901856,0.1065700928928803,1,1,0,0,,,,False
2026-08-15 02:18:00+08:00,121.0,121.0,0,0.0,121.1555033,1.0,0.0,121.1555033,0.1284325963117655,1,1,0,0,,,,False
2026-08-15 02:19:00+08:00,121.0,121.0,0,0.0,121.08944172,1.0,0.0,121.08944172,0.0738914670251868,1,1,0,0,,,,False
2026-08-15 02:20:00+08:00,121.0,121.0,0,0.0,121.09519188,1.0,0.0,121.09519188,0.0786400417627223,1,1,0,0,,,,False
2026-08-15 02:21:00+08:00,121.0,121.0,0,0.0,121.0525541,1.0,0.0,121.0525541,0.0434237103552998,1,1,0,0,,,,False
2026-08-15 02:22:00+08:00,121.0,121.0,0,0.0,121.0760499,1.0,0.0,121.0760499,0.0628314118901202,1,1,0,0,,,,False
2026-08-15 02:23:00+08:00,121.0,121.0,0,0.0,121.0563361,1.0,0.0,121.0563361,0.0465479242623269,1,1,0,0,,,,False
2026-08-15 02:24:00+08:00,121.0,121.0,0,0.0,121.02823584,1.0,0.0,121.02823584,0.0233326825707013,1,1,0,0,,,,False
2026-08-15 02:25:00+08:00,121.0,121.0,0,0.0,121.07309916,1.0,0.0,121.07309916,0.0603942860678482,1,1,0,0,,,,False
2026-08-15 02:26:00+08:00,121.0,121.0,0,0.0,121.09322472,1.0,0.0,121.09322472,0.0770155547374914,1,1,0,0,,,,False
2026-08-15 02:27:00+08:00,121.0,121.0,0,0.0,121.17620725000002,1.0,0.0,121.17620725000002,0.1455198691902205,1,1,0,0,,,,False
2026-08-15 02:28:00+08:00,121.0,121.0,0,0.0,121.01192587000004,1.0,0.0,121.01192587000004,0.0098556052204084,1,1,0,0,,,,False
2026-08-15 02:29:00+08:00,121.0,121.0,0,0.0,121.02103808,1.0,0.0,121.02103808,0.017385331595063,1,1,0,0,,,,False
2026-08-15 02:30:00+08:00,121.0,121.0,0,0.0,121.08350240999998,1.0,0.0,121.08350240999998,0.0689864523345814,1,1,0,0,,,,False
2026-08-15 02:31:00+08:00,121.0,121.0,0,0.0,121.00950603,1.0,0.0,121.00950603,0.0078559145514168,1,1,0,0,,,,False
2026-08-15 02:32:00+08:00,121.0,121.0,0,0.0,121.00648123,1.0,0.0,121.00648123,0.0053562449791135,1,1,0,0,,,,False
2026-08-15 02:33:00+08:00,121.0,121.0,0,0.0,121.06337685,1.0,0.0,121.06337685,0.0523638485298703,1,1,0,0,,,,False
2026-08-15 02:34:00+08:00,121.0,121.0,0,0.0,121.08928656,1.0,0.0,121.08928656,0.0737633302726727,1,1,0,0,,,,False
2026-08-15 02:35:00+08:00,121.0,121.0,0,0.0,121.10517936,1.0,0.0,121.10517936,0.0868873274649039,1,1,0,0,,,,False
2026-08-15 02:36:00+08:00,121.0,121.0,0,0.0,121.14509455,1.0,0.0,121.14509455,0.1198409988603223,1,1,0,0,,,,False
2026-08-15 02:37:00+08:00,121.0,121.0,0,0.0,121.15440565000002,1.0,0.0,121.15440565000002,0.1275266081453722,1,1,0,0,,,,False
2026-08-15 02:38:00+08:00,121.0,121.0,0,0.0,121.19180122,1.0,0.0,121.19180122,0.1583878719542413,1,1,0,0,,,,False
2026-08-15 02:39:00+08:00,121.0,121.0,0,0.0,121.19782255,1.0,0.0,121.19782255,0.1633561754744173,1,1,0,0,,,,False
2026-08-15 02:40:00+08:00,121.0,121.0,0,0.0,121.17960708,1.0,0.0,121.17960708,0.1483255193660304,1,1,0,0,,,,False
2026-08-15 02:41:00+08:00,121.0,121.0,0,0.0,121.20653265,1.0,0.0,121.20653265,0.1705425925059049,1,1,0,0,,,,False
2026-08-15 02:42:00+08:00,121.0,121.0,0,0.0,121.20929716,1.0,0.0,121.20929716,0.1728233907237233,1,1,0,0,,,,False
2026-08-15 02:43:00+08:00,121.0,121.0,0,0.0,121.15991274,1.0,0.0,121.15991274,0.1320720165370257,1,1,0,0,,,,False
2026-08-15 02:44:00+08:00,121.0,121.0,0,0.0,121.10419552,1.0,0.0,121.10419552,0.0860749395740208,1,1,0,0,,,,False
2026-08-15 02:45:00+08:00,121.0,121.0,0,0.0,121.11308792000004,1.0,0.0,121.11308792000004,0.0934174364315187,1,1,0,0,,,,False
2026-08-15 02:46:00+08:00,121.0,121.0,0,0.0,121.11970992000002,1.0,0.0,121.11970992000002,0.0988849028768236,1,1,0,0,,,,False
2026-08-15 02:47:00+08:00,121.0,121.0,0,0.0,121.1252724,1.0,0.0,121.1252724,0.1034773435736684,1,1,0,0,,,,False
2026-08-15 02:48:00+08:00,121.0,121.0,0,0.0,121.13332320000002,1.0,0.0,121.13332320000002,0.1101237931549777,1,1,0,0,,,,False
2026-08-15 02:49:00+08:00,121.0,121.0,0,0.0,121.18084932000002,1.0,0.0,121.18084932000002,0.1493506365245753,1,1,0,0,,,,False
2026-08-15 02:50:00+08:00,121.0,121.0,0,0.0,121.19373259,1.0,0.0,121.19373259,0.1599815056551924,1,1,0,0,,,,False
2026-08-15 02:51:00+08:00,121.0,121.0,0,0.0,121.18952902,1.0,0.0,121.18952902,0.1565129762355314,1,1,0,0,,,,False
2026-08-15 02:52:00+08:00,121.0,121.0,0,0.0,121.1120284,1.0,0.0,121.1120284,0.0925426140455349,1,1,0,0,,,,False
2026-08-15 02:53:00+08:00,121.0,121.0,0,0.0,121.1216654,1.0,0.0,121.1216654,0.1004993913279203,1,1,0,0,,,,False
2026-08-15 02:54:00+08:00,121.0,121.0,0,0.0,121.11610145,1.0,0.0,121.11610145,0.0959056000858154,1,1,0,0,,,,False
2026-08-15 02:55:00+08:00,121.0,121.0,0,0.0,121.13093865,1.0,0.0,121.13093865,0.1081552409039938,1,1,0,0,,,,False
2026-08-15 02:56:00+08:00,121.0,121.0,0,0.0,121.10608752,1.0,0.0,121.10608752,0.0876372181192998,1,1,0,0,,,,False
2026-08-15 02:57:00+08:00,121.0,121.0,0,0.0,121.23611428,1.0,0.0,121.23611428,0.1949455643323982,1,1,0,0,,,,False
2026-08-15 02:58:00+08:00,121.0,121.0,0,0.0,121.1908166,1.0,0.0,121.1908166,0.1575754214621124,1,1,0,0,,,,False
2026-08-15 02:59:00+08:00,121.0,121.0,0,0.0,121.088946,1.0,0.0,121.088946,0.073482082903535,1,1,0,0,,,,False
2026-08-15 03:00:00+08:00,121.0,121.0,0,0.0,121.1008656,1.0,0.0,121.1008656,0.0833252700274456,1,1,0,0,,,,False
2026-08-15 03:01:00+08:00,121.0,121.0,0,0.0,120.98844586,1.0,0.0,120.98844586,-0.0095493319599942,1,1,0,0,,,,False
2026-08-15 03:02:00+08:00,121.0,121.0,0,0.0,120.9940956,1.0,0.0,120.9940956,-0.0048797884802654,1,1,0,0,,,,False
2026-08-15 03:03:00+08:00,121.0,121.0,0,0.0,120.97640519999996,1.0,0.0,120.97640519999996,-0.0195017361139195,1,1,0,0,,,,False
2026-08-15 03:04:00+08:00,121.0,121.0,0,0.0,120.99445765,1.0,0.0,120.99445765,-0.0045805594506754,1,1,0,0,,,,False
2026-08-15 03:05:00+08:00,121.0,121.0,0,0.0,121.11573672000002,1.0,0.0,121.11573672000002,0.0956044588988128,1,1,0,0,,,,False
2026-08-15 03:06:00+08:00,121.0,121.0,0,0.0,121.16008315000002,1.0,0.0,121.16008315000002,0.132212665206974,1,1,0,0,,,,False
2026-08-15 03:07:00+08:00,121.0,121.0,0,0.0,121.08263232000002,1.0,0.0,121.08263232000002,0.0682678630912997,1,1,0,0,,,,False
2026-08-15 03:08:00+08:00,121.0,121.0,0,0.0,121.13207415,1.0,0.0,121.13207415,0.1090926515734338,1,1,0,0,,,,False
2026-08-15 03:09:00+08:00,121.0,121.0,0,0.0,121.31074897,1.0,0.0,121.31074897,0.2564879777895985,1,1,0,0,,,,False
2026-08-15 03:10:00+08:00,121.0,121.0,0,0.0,121.35761328,1.0,0.0,121.35761328,0.295112066140751,1,1,0,0,,,,False
2026-08-15 03:11:00+08:00,121.0,121.0,0,0.0,121.37683445999998,1.0,0.0,121.37683445999998,0.3109492380652189,1,1,0,0,,,,False
2026-08-15 03:12:00+08:00,121.0,121.0,0,0.0,121.47821565,1.0,0.0,121.47821565,0.3944400932826724,1,1,0,0,,,,False
2026-08-15 03:13:00+08:00,121.0,121.0,0,0.0,121.38214466000002,1.0,0.0,121.38214466000002,0.3153241015637301,1,1,0,0,,,,False
2026-08-15 03:14:00+08:00,121.0,121.0,0,0.0,121.40410613,1.0,0.0,121.40410613,0.3334152514588744,1,1,0,0,,,,False
2026-08-15 03:15:00+08:00,121.0,121.0,0,0.0,121.4701323,1.0,0.0,121.4701323,0.3877857413121088,1,1,0,0,,,,False
2026-08-15 03:16:00+08:00,121.0,121.0,0,0.0,121.4014131,1.0,0.0,121.4014131,0.3311969966399617,1,1,0,0,,,,False
2026-08-15 03:17:00+08:00,121.0,121.0,0,0.0,121.47032205,1.0,0.0,121.47032205,0.387941951842685,1,1,0,0,,,,False
2026-08-15 03:18:00+08:00,121.0,121.0,0,0.0,121.60238095000004,1.0,0.0,121.60238095000004,0.4965993718950147,1,1,0,0,,,,False
2026-08-15 03:19:00+08:00,121.0,121.0,0,0.0,121.51466956999998,1.0,0.0,121.51466956999998,0.4244440725276833,1,1,0,0,,,,False
2026-08-15 03:20:00+08:00,121.0,121.0,0,0.0,121.51391017,1.0,0.0,121.51391017,0.4238191282633991,1,1,0,0,,,,False
2026-08-15 03:21:00+08:00,121.0,121.0,0,0.0,121.44203217999998,1.0,0.0,121.44203217999998,0.3646497894983814,1,1,0,0,,,,False
2026-08-15 03:22:00+08:00,121.0,121.0,0,0.0,121.56528358,1.0,0.0,121.56528358,0.4660877860648711,1,1,0,0,,,,False
2026-08-15 03:23:00+08:00,121.0,121.0,0,0.0,121.53774708,1.0,0.0,121.53774708,0.4434337223579593,1,1,0,0,,,,False
2026-08-15 03:24:00+08:00,121.0,121.0,0,0.0,121.60944709000005,1.0,0.0,121.60944709000005,0.5024100234431078,1,1,0,0,,,,False
2026-08-15 03:25:00+08:00,121.0,121.0,0,0.0,121.57168503000004,1.0,0.0,121.57168503000004,0.4713534722152941,1,1,0,0,,,,False
2026-08-15 03:26:00+08:00,121.0,121.0,0,0.0,121.65526212,1.0,0.0,121.65526212,0.5400765796506464,1,1,0,0,,,,False
2026-08-15 03:27:00+08:00,121.0,121.0,0,0.0,121.7275649,1.0,0.0,121.7275649,0.5994909562906344,1,1,0,0,,,,False
2026-08-15 03:28:00+08:00,121.0,121.0,0,0.0,121.83839046,1.0,0.0,121.83839046,0.690492519252715,1,1,0,0,,,,False
2026-08-15 03:29:00+08:00,121.0,121.0,0,0.0,121.71658166,1.0,0.0,121.71658166,0.5904678247354341,1,1,0,0,,,,False
2026-08-15 03:30:00+08:00,121.0,121.0,0,0.0,121.76721924,1.0,0.0,121.76721924,0.6320616452269158,1,1,0,0,,,,False
2026-08-15 03:31:00+08:00,121.0,121.0,0,0.0,121.68939736000002,1.0,0.0,121.68939736000002,0.5681314202427875,1,1,0,0,,,,False
2026-08-15 03:32:00+08:00,121.0,121.0,0,0.0,121.71429243,1.0,0.0,121.71429243,0.588587036098013,1,1,0,0,,,,False
2026-08-15 03:33:00+08:00,121.0,121.0,0,0.0,121.72950443,1.0,0.0,121.72950443,0.6010842659717711,1,1,0,0,,,,False
2026-08-15 03:34:00+08:00,121.0,121.0,0,0.0,121.7134938,1.0,0.0,121.7134938,0.5879308882496166,1,1,0,0,,,,False
2026-08-15 03:35:00+08:00,121.0,121.0,0,0.0,121.67342896,1.0,0.0,121.67342896,0.5550084019383903,1,1,0,0,,,,False
2026-08-15 03:36:00+08:00,121.0,121.0,0,0.0,121.75360091999998,1.0,0.0,121.75360091999998,0.6208772328352266,1,1,0,0,,,,False
2026-08-15 03:37:00+08:00,121.0,121.0,0,0.0,121.76387172,1.0,0.0,121.76387172,0.6293125205063749,1,1,0,0,,,,False
2026-08-15 03:38:00+08:00,121.0,121.0,0,0.0,121.82872068000002,1.0,0.0,121.82872068000002,0.6825557353177402,1,1,0,0,,,,False
2026-08-15 03:39:00+08:00,121.0,121.0,0,0.0,121.78530325,1.0,0.0,121.78530325,0.646911686570549,1,1,0,0,,,,False
2026-08-15 03:40:00+08:00,121.0,121.0,0,0.0,121.84688007000004,1.0,0.0,121.84688007000004,0.6974601195254514,1,1,0,0,,,,False
2026-08-15 03:41:00+08:00,121.0,121.0,0,0.0,121.90076015,1.0,0.0,121.90076015,0.7416692722112064,1,1,0,0,,,,False
2026-08-15 03:42:00+08:00,121.0,121.0,0,0.0,121.9637769,1.0,0.0,121.9637769,0.7933502782159074,1,1,0,0,,,,False
2026-08-15 03:43:00+08:00,121.0,121.0,0,0.0,121.96232781,1.0,0.0,121.96232781,0.7921621583676619,1,1,0,0,,,,False
2026-08-15 03:44:00+08:00,121.0,121.0,0,0.0,121.90990175000002,1.0,0.0,121.90990175000002,0.7491681017898375,1,1,0,0,,,,False
2026-08-15 03:45:00+08:00,121.0,121.0,0,0.0,121.81795692,1.0,0.0,121.81795692,0.6737202885447953,1,1,0,0,,,,False
2026-08-15 03:46:00+08:00,121.0,121.0,0,0.0,121.82925366,1.0,0.0,121.82925366,0.6829932123096506,1,1,0,0,,,,False
2026-08-15 03:47:00+08:00,121.0,121.0,0,0.0,121.8169099,1.0,0.0,121.8169099,0.6728607989751978,1,1,0,0,,,,False
2026-08-15 03:48:00+08:00,121.0,121.0,0,0.0,121.82392386,1.0,0.0,121.82392386,0.6786183559697689,1,1,0,0,,,,False
2026-08-15 03:49:00+08:00,121.0,121.0,0,0.0,121.850288,1.0,0.0,121.850288,0.7002569418406505,1,1,0,0,,,,False
2026-08-15 03:50:00+08:00,121.0,121.0,0,0.0,122.0369715,1.0,0.0,122.0369715,0.8533446525439501,1,1,0,0,,,,False
2026-08-15 03:51:00+08:00,121.0,121.0,0,0.0,122.05115586,1.0,0.0,122.05115586,0.8649667649434848,1,1,0,0,,,,False
2026-08-15 03:52:00+08:00,121.0,121.0,0,0.0,122.06476827000002,1.0,0.0,122.06476827000002,0.8761189682720741,1,1,0,0,,,,False
2026-08-15 03:53:00+08:00,121.0,121.0,0,0.0,122.09350102,1.0,0.0,122.09350102,0.8996546723065537,1,1,0,0,,,,False
2026-08-15 03:54:00+08:00,121.0,121.0,0,0.0,122.05127025000002,1.0,0.0,122.05127025000002,0.8650604861424426,1,1,0,0,,,,False
2026-08-15 03:55:00+08:00,121.0,121.0,0,0.0,122.01171324,1.0,0.0,122.01171324,0.8326456585249591,1,1,0,0,,,,False
2026-08-15 03:56:00+08:00,121.0,121.0,0,0.0,122.10033395,1.0,0.0,122.10033395,0.9052508749134992,1,1,0,0,,,,False
2026-08-15 03:57:00+08:00,121.0,121.0,0,0.0,122.32480622,1.0,0.0,122.32480622,1.0889199836059356,1,1,0,0,,,,False
2026-08-15 03:58:00+08:00,121.5,121.5,0,0.0,122.5254756,1.0,0.0,122.5254756,0.840466018950365,1,1,0,0,,,,False
2026-08-15 03:59:00+08:00,121.5,121.5,0,0.0,122.64480775999998,1.0,0.0,122.64480775999998,0.9378104498747728,1,1,0,0,,,,False
2026-08-17 21:30:00+08:00,122.75,122.75,0,0.0,123.27265574,1.0,0.0,123.27265574,0.4248842355009404,1,1,0,0,,,,False
2026-08-17 21:31:00+08:00,122.25,122.25,0,0.0,123.27265574,1.0,0.0,123.27265574,0.8330438891007775,1,1,0,0,,,,False
2026-08-17 21:32:00+08:00,121.5,121.5,0,0.0,122.70027252,1.0,0.0,122.70027252,0.983023079879402,1,1,0,0,,,,False
2026-08-17 21:33:00+08:00,122.75,122.75,0,0.0,123.59086084,1.0,0.0,123.59086084,0.6826807677238325,1,1,0,0,,,,False
2026-08-17 21:34:00+08:00,122.25,122.25,0,0.0,123.1453737,1.0,0.0,123.1453737,0.7297396739798502,1,1,0,0,,,,False
2026-08-17 21:35:00+08:00,122.25,122.25,0,0.0,123.04382628,1.0,0.0,123.04382628,0.6472452177364312,1,1,0,0,,,,False
2026-08-17 21:36:00+08:00,122.25,122.25,0,0.0,123.1074477,1.0,0.0,123.1074477,0.6989375770230664,1,1,0,0,,,,False
2026-08-17 21:37:00+08:00,122.25,122.25,0,0.0,122.88477273,1.0,0.0,122.88477273,0.5178969290490416,1,1,0,0,,,,False
2026-08-17 21:38:00+08:00,122.25,122.25,0,0.0,122.66209776,1.0,0.0,122.66209776,0.3365270754438936,1,1,0,0,,,,False
2026-08-17 21:39:00+08:00,122.25,122.25,0,0.0,122.72571917999998,1.0,0.0,122.72571917999998,0.3883806783728161,1,1,0,0,,,,False
2026-08-17 21:40:00+08:00,122.5,122.5,0,0.0,123.15108592,1.0,0.0,123.15108592,0.5300899994490736,1,1,0,0,,,,False
2026-08-17 21:41:00+08:00,122.25,122.25,0,0.0,123.30190444,1.0,0.0,123.30190444,0.8567674866126168,1,1,0,0,,,,False
2026-08-17 21:42:00+08:00,122.5,122.5,0,0.0,123.30272577,1.0,0.0,123.30272577,0.6531463534307,1,1,0,0,,,,False
2026-08-17 21:43:00+08:00,122.25,122.25,0,0.0,123.30190444,1.0,0.0,123.30190444,0.8567674866126168,1,1,0,0,,,,False
2026-08-17 21:44:00+08:00,122.25,122.25,0,0.0,123.3337325,1.0,0.0,123.3337325,0.8825767806098447,1,1,0,0,,,,False
2026-08-17 21:45:00+08:00,122.25,122.25,0,0.0,123.18222794,1.0,0.0,123.18222794,0.7596622072207149,1,1,0,0,,,,False
2026-08-17 21:46:00+08:00,122.25,122.25,0,0.0,123.24590446,1.0,0.0,123.24590446,0.8113409974725339,1,1,0,0,,,,False
2026-08-17 21:47:00+08:00,122.25,122.25,0,0.0,123.24590446,1.0,0.0,123.24590446,0.8113409974725339,1,1,0,0,,,,False
2026-08-17 21:48:00+08:00,122.25,122.25,0,0.0,123.40509576,1.0,0.0,123.40509576,0.9404207606004636,1,1,0,0,,,,False
2026-08-17 21:49:00+08:00,122.75,122.75,0,0.0,123.65980184,1.0,0.0,123.65980184,0.7384461439490602,1,1,0,0,,,,False
2026-08-17 21:50:00+08:00,122.75,122.75,0,0.0,123.6902290386,1.0,0.0,123.6902290386,0.763048340173979,1,1,0,0,,,,False
2026-08-17 21:51:00+08:00,122.75,122.75,0,0.0,123.91251363,1.0,0.0,123.91251363,0.9425944890384051,1,1,0,0,,,,False
2026-08-17 21:52:00+08:00,122.75,122.75,0,0.0,123.65774618999998,1.0,0.0,123.65774618999998,0.7367838097914654,1,1,0,0,,,,False
2026-08-17 21:53:00+08:00,122.75,122.75,0,0.0,123.75328398,1.0,0.0,123.75328398,0.8140126685544629,1,1,0,0,,,,False
2026-08-17 21:54:00+08:00,122.75,122.75,0,0.0,123.84882177,1.0,0.0,123.84882177,0.8911816870113511,1,1,0,0,,,,False
2026-08-17 21:55:00+08:00,122.75,122.75,0,0.0,123.69965168000002,1.0,0.0,123.69965168000002,0.7706658731521211,1,1,0,0,,,,False
2026-08-17 21:56:00+08:00,122.75,122.75,0,0.0,123.66780316,1.0,0.0,123.66780316,0.7449162749040971,1,1,0,0,,,,False
2026-08-17 21:57:00+08:00,122.75,122.75,0,0.0,123.85889428,1.0,0.0,123.85889428,0.8993141007647205,1,1,0,0,,,,False
2026-08-17 21:58:00+08:00,122.75,122.75,0,0.0,124.33662208,1.0,0.0,124.33662208,1.2842638477499655,1,1,0,0,,,,False
2026-08-17 21:59:00+08:00,122.75,122.75,0,0.0,124.3684706,1.0,0.0,124.3684706,1.3098742445842857,1,1,0,0,,,,False
2026-08-17 22:00:00+08:00,123.0,123.0,0,0.0,124.15733862,1.0,0.0,124.15733862,0.9365197298708396,1,1,0,0,,,,False
2026-08-17 22:01:00+08:00,123.5,123.5,0,0.0,124.27128582,1.0,0.0,124.27128582,0.6225788573098207,1,1,0,0,,,,False
2026-08-17 22:02:00+08:00,123.5,123.5,0,0.0,124.13866241,1.0,0.0,124.13866241,0.5158018572581492,1,1,0,0,,,,False
2026-08-17 22:03:00+08:00,123.5,123.5,0,0.0,124.06855518,1.0,0.0,124.06855518,0.4593113043670865,1,1,0,0,,,,False
2026-08-17 22:04:00+08:00,123.5,123.5,0,0.0,124.2474793554,1.0,0.0,124.2474793554,0.6034203515166431,1,1,0,0,,,,False
2026-08-17 22:05:00+08:00,123.5,123.5,0,0.0,124.13008461,1.0,0.0,124.13008461,0.5088918101307041,1,1,0,0,,,,False
2026-08-17 22:06:00+08:00,123.5,123.5,0,0.0,124.0707208388,1.0,0.0,124.0707208388,0.4610568138803551,1,1,0,0,,,,False
2026-08-17 22:07:00+08:00,123.0,123.0,0,0.0,124.11617902,1.0,0.0,124.11617902,0.9033637736116564,1,1,0,0,,,,False
2026-08-17 22:08:00+08:00,123.0,123.0,0,0.0,124.02900416,1.0,0.0,124.02900416,0.8331039211359298,1,1,0,0,,,,False
2026-08-17 22:09:00+08:00,123.0,123.0,0,0.0,124.25184887999998,1.0,0.0,124.25184887999998,1.0126103288372572,1,1,0,0,,,,False
2026-08-17 22:10:00+08:00,123.5,123.5,0,0.0,124.46244273000002,1.0,0.0,124.46244273000002,0.7762810524076019,1,1,0,0,,,,False
2026-08-17 22:11:00+08:00,123.5,123.5,0,0.0,124.5894695,1.0,0.0,124.5894695,0.8782875808438881,1,1,0,0,,,,False
2026-08-17 22:12:00+08:00,123.5,123.5,0,0.0,124.57631846,1.0,0.0,124.57631846,0.8677317260120033,1,1,0,0,,,,False
2026-08-17 22:13:00+08:00,123.5,123.5,0,0.0,124.49635996,1.0,0.0,124.49635996,0.8035278906196026,1,1,0,0,,,,False
2026-08-17 22:14:00+08:00,123.5,123.5,0,0.0,124.43300796,1.0,0.0,124.43300796,0.7526290812803252,1,1,0,0,,,,False
2026-08-17 22:15:00+08:00,123.5,123.5,0,0.0,124.35101925,1.0,0.0,124.35101925,0.6867183783025796,1,1,0,0,,,,False
2026-08-17 22:16:00+08:00,123.5,123.5,0,0.0,124.34234615,1.0,0.0,124.34234615,0.6797435249343465,1,1,0,0,,,,False
2026-08-17 22:17:00+08:00,123.5,123.5,0,0.0,124.37043704,1.0,0.0,124.37043704,0.7023322751954741,1,1,0,0,,,,False
2026-08-17 22:18:00+08:00,123.5,123.5,0,0.0,124.22928954,1.0,0.0,124.22928954,0.5887794223720604,1,1,0,0,,,,False
2026-08-17 22:19:00+08:00,123.5,123.5,0,0.0,124.144332,1.0,0.0,124.144332,0.5203688651351855,1,1,0,0,,,,False
2026-08-17 22:20:00+08:00,123.5,123.5,0,0.0,124.07984966,1.0,0.0,124.07984966,0.4684142597196806,1,1,0,0,,,,False
2026-08-17 22:21:00+08:00,123.5,123.5,0,0.0,124.04380923,1.0,0.0,124.04380923,0.4393640315155199,1,1,0,0,,,,False
2026-08-17 22:22:00+08:00,123.5,123.5,0,0.0,124.09522755,1.0,0.0,124.09522755,0.4808069653764246,1,1,0,0,,,,False
2026-08-17 22:23:00+08:00,123.0,123.0,0,0.0,124.21461426,1.0,0.0,124.21461426,0.9826395285212168,1,1,0,0,,,,False
2026-08-17 22:24:00+08:00,123.0,123.0,0,0.0,124.31243385,1.0,0.0,124.31243385,1.0613569480263356,1,1,0,0,,,,False
2026-08-17 22:25:00+08:00,123.0,123.0,0,0.0,124.3238787,1.0,0.0,124.3238787,1.0705627834713354,1,1,0,0,,,,False
2026-08-17 22:26:00+08:00,123.0,123.0,0,0.0,124.22222511,1.0,0.0,124.22222511,0.9887663695739128,1,1,0,0,,,,False
2026-08-17 22:27:00+08:00,123.5,123.5,0,0.0,124.23194358,1.0,0.0,124.23194358,0.59091578536269,1,1,0,0,,,,False
2026-08-17 22:28:00+08:00,123.5,123.5,0,0.0,124.30095314999998,1.0,0.0,124.30095314999998,0.6464488048317936,1,1,0,0,,,,False
2026-08-17 22:29:00+08:00,123.5,123.5,0,0.0,124.48251502,1.0,0.0,124.48251502,0.7924066903836082,1,1,0,0,,,,False
2026-08-17 22:30:00+08:00,123.5,123.5,0,0.0,124.40799036,1.0,0.0,124.40799036,0.7325220608512649,1,1,0,0,,,,False
2026-08-17 22:31:00+08:00,123.5,123.5,0,0.0,124.50938359,1.0,0.0,124.50938359,0.8139882252751166,1,1,0,0,,,,False
2026-08-17 22:32:00+08:00,123.5,123.5,0,0.0,124.4535295058,1.0,0.0,124.4535295058,0.7691195263084064,1,1,0,0,,,,False
2026-08-17 22:33:00+08:00,123.5,123.5,0,0.0,124.54116402,1.0,0.0,124.54116402,0.8395090581949096,1,1,0,0,,,,False
2026-08-17 22:34:00+08:00,123.5,123.5,0,0.0,124.6244724,1.0,0.0,124.6244724,0.9063776653092344,1,1,0,0,,,,False
2026-08-17 22:35:00+08:00,123.5,123.5,0,0.0,124.64389124,1.0,0.0,124.64389124,0.9219580093500171,1,1,0,0,,,,False
2026-08-17 22:36:00+08:00,123.5,123.5,0,0.0,124.82327055,1.0,0.0,124.82327055,1.0657644344560633,1,1,0,0,,,,False
2026-08-17 22:37:00+08:00,123.5,123.5,0,0.0,124.58884326,1.0,0.0,124.58884326,0.8777849464668461,1,1,0,0,,,,False
2026-08-17 22:38:00+08:00,123.5,123.5,0,0.0,124.6091256,1.0,0.0,124.6091256,0.8940627212463956,1,1,0,0,,,,False
2026-08-17 22:39:00+08:00,123.5,123.5,0,0.0,124.58911995,1.0,0.0,124.58911995,0.8780070244269583,1,1,0,0,,,,False
2026-08-17 22:40:00+08:00,123.5,123.5,0,0.0,124.71673162000002,1.0,0.0,124.71673162000002,0.9803784072563952,1,1,0,0,,,,False
2026-08-17 22:41:00+08:00,123.5,123.5,0,0.0,124.7013410176,1.0,0.0,124.7013410176,0.968037491396804,1,1,0,0,,,,False
2026-08-17 22:42:00+08:00,124.0,124.0,0,0.0,124.7885697,1.0,0.0,124.7885697,0.6339275963931157,1,1,0,0,,,,False
2026-08-17 22:43:00+08:00,124.0,124.0,0,0.0,124.88807731999998,1.0,0.0,124.88807731999998,0.7136358877152336,1,1,0,0,,,,False
2026-08-17 22:44:00+08:00,124.0,124.0,0,0.0,124.83722931,1.0,0.0,124.83722931,0.6729132230908924,1,1,0,0,,,,False
2026-08-17 22:45:00+08:00,124.0,124.0,0,0.0,124.769484,1.0,0.0,124.769484,0.6186321470200947,1,1,0,0,,,,False
2026-08-17 22:46:00+08:00,124.0,124.0,0,0.0,124.83017151,1.0,0.0,124.83017151,0.6672595248093945,1,1,0,0,,,,False
2026-08-17 22:47:00+08:00,123.5,123.5,0,0.0,124.93035,1.0,0.0,124.93035,1.1515098698689628,1,1,0,0,,,,False
2026-08-17 22:48:00+08:00,124.0,124.0,0,0.0,124.9174008,1.0,0.0,124.9174008,0.7371126301749459,1,1,0,0,,,,False
2026-08-17 22:49:00+08:00,124.0,124.0,0,0.0,124.89062726999998,1.0,0.0,124.89062726999998,0.7156776289802323,1,1,0,0,,,,False
2026-08-17 22:50:00+08:00,124.0,124.0,0,0.0,125.08934105,1.0,0.0,125.08934105,0.8746589038359027,1,1,0,0,,,,False
2026-08-17 22:51:00+08:00,124.0,124.0,0,0.0,125.10537137,1.0,0.0,125.10537137,0.8874729307688521,1,1,0,0,,,,False
2026-08-17 22:52:00+08:00,124.0,124.0,0,0.0,125.12497708,1.0,0.0,125.12497708,0.9031427464125772,1,1,0,0,,,,False
2026-08-17 22:53:00+08:00,124.0,124.0,0,0.0,125.14413189,1.0,0.0,125.14413189,0.9184497995763822,1,1,0,0,,,,False
2026-08-17 22:54:00+08:00,124.0,124.0,0,0.0,125.16339379,1.0,0.0,125.16339379,0.9338400575652352,1,1,0,0,,,,False
2026-08-17 22:55:00+08:00,124.5,124.5,0,0.0,125.26469704000002,1.0,0.0,125.26469704000002,0.6123339679807102,1,1,0,0,,,,False
2026-08-17 22:56:00+08:00,124.5,124.5,0,0.0,125.21952260999998,1.0,0.0,125.21952260999998,0.5762646047691676,1,1,0,0,,,,False
2026-08-17 22:57:00+08:00,124.5,124.5,0,0.0,125.24136842,1.0,0.0,125.24136842,0.5937089435285,1,1,0,0,,,,False
2026-08-17 22:58:00+08:00,124.5,124.5,0,0.0,125.36400124,1.0,0.0,125.36400124,0.6915772065701458,1,1,0,0,,,,False
2026-08-17 22:59:00+08:00,124.25,124.25,0,0.0,125.40054657,1.0,0.0,125.40054657,0.9217256567691102,1,1,0,0,,,,False
2026-08-17 23:00:00+08:00,124.25,124.25,0,0.0,125.30503967999998,1.0,0.0,125.30503967999998,0.8455366650602107,1,1,0,0,,,,False
2026-08-17 23:01:00+08:00,124.25,124.25,0,0.0,125.33687530999998,1.0,0.0,125.33687530999998,0.8709394744014692,1,1,0,0,,,,False
2026-08-17 23:02:00+08:00,124.25,124.25,0,0.0,125.52788909,1.0,0.0,125.52788909,1.0232203456083648,1,1,0,0,,,,False
2026-08-17 23:03:00+08:00,124.25,124.25,0,0.0,125.51651244,1.0,0.0,125.51651244,1.014157124289639,1,1,0,0,,,,False
2026-08-17 23:04:00+08:00,124.75,124.75,0,0.0,125.67571654,1.0,0.0,125.67571654,0.7393142787331489,1,1,0,0,,,,False
2026-08-17 23:05:00+08:00,124.25,124.25,0,0.0,125.64387572,1.0,0.0,125.64387572,1.1155741340070413,1,1,0,0,,,,False
2026-08-17 23:06:00+08:00,124.75,124.75,0,0.0,125.73939818,1.0,0.0,125.73939818,0.7899721003673251,1,1,0,0,,,,False
2026-08-17 23:07:00+08:00,124.75,124.75,0,0.0,125.67571654,1.0,0.0,125.67571654,0.7393142787331489,1,1,0,0,,,,False
2026-08-17 23:08:00+08:00,124.75,124.75,0,0.0,125.6493546,1.0,0.0,125.6493546,0.7183361965422649,1,1,0,0,,,,False
2026-08-17 23:09:00+08:00,124.75,124.75,0,0.0,125.6493546,1.0,0.0,125.6493546,0.7183361965422649,1,1,0,0,,,,False
2026-08-17 23:10:00+08:00,124.75,124.75,0,0.0,125.71305516,1.0,0.0,125.71305516,0.7690197337765288,1,1,0,0,,,,False
2026-08-17 23:11:00+08:00,124.75,124.75,0,0.0,125.84045627999998,1.0,0.0,125.84045627999998,0.8703095051485523,1,1,0,0,,,,False
2026-08-17 23:12:00+08:00,124.75,124.75,0,0.0,125.71305516,1.0,0.0,125.71305516,0.7690197337765288,1,1,0,0,,,,False
2026-08-17 23:13:00+08:00,124.75,124.75,0,0.0,125.68092658,1.0,0.0,125.68092658,0.7434597577169615,1,1,0,0,,,,False
2026-08-17 23:14:00+08:00,124.25,124.25,0,0.0,125.52171588000002,1.0,0.0,125.52171588000002,1.0183025532090253,1,1,0,0,,,,False
2026-08-17 23:15:00+08:00,124.75,124.75,0,0.0,125.68092658,1.0,0.0,125.68092658,0.7434597577169615,1,1,0,0,,,,False
2026-08-17 23:16:00+08:00,124.75,124.75,0,0.0,125.64908444,1.0,0.0,125.64908444,0.7181211880312862,1,1,0,0,,,,False
2026-08-17 23:17:00+08:00,124.75,124.75,0,0.0,125.61724230000002,1.0,0.0,125.61724230000002,0.6927761731391767,1,1,0,0,0.5263782799376895,0.8593655079897637,0.19362877803965722,True
2026-08-17 23:18:00+08:00,124.25,124.25,0,0.0,125.56871704,1.0,0.0,125.56871704,1.0557391820956696,1,1,0,0,0.5257577961149599,0.8584225481278485,0.6173898706837992,True
2026-08-17 23:19:00+08:00,124.25,124.25,0,0.0,125.53687913000002,1.0,0.0,125.53687913000002,1.030381687366588,1,1,0,0,0.5251238725158773,0.8574639557817249,0.5892467099565508,True
2026-08-17 23:20:00+08:00,124.75,124.75,0,0.0,125.53687913000002,1.0,0.0,125.53687913000002,0.6287817665354393,1,1,0,0,0.5243339319523006,0.8564578384680405,0.12195327065949463,True
2026-08-17 23:21:00+08:00,124.75,124.75,0,0.0,125.72790659000002,1.0,0.0,125.72790659000002,0.780832611796556,1,1,0,0,0.523608703897774,0.8554721349715557,0.3006806386596504,True
2026-08-17 23:22:00+08:00,124.75,124.75,0,0.0,125.79158241,1.0,0.0,125.79158241,0.8314647013728053,1,1,0,0,0.5229155833752214,0.8545199181587825,0.36107890692871,True
2026-08-17 23:23:00+08:00,124.75,124.75,0,0.0,125.54736751,1.0,0.0,125.54736751,0.6371361536338523,1,1,0,0,0.5221534278052189,0.8535674543813756,0.13470842314620274,True
2026-08-17 23:24:00+08:00,124.75,124.75,0,0.0,125.54736751,1.0,0.0,125.54736751,0.6371361536338523,1,1,0,0,0.5214560035083583,0.8527605335968584,0.13565373345500262,True
2026-08-17 23:25:00+08:00,124.75,124.75,0,0.0,125.48368637,1.0,0.0,125.48368637,0.586400960352832,1,1,0,0,0.5207443602491882,0.8519633182373254,0.0770650551475436,True
2026-08-17 23:26:00+08:00,124.75,124.75,0,0.0,125.54736751,1.0,0.0,125.54736751,0.6371361536338523,1,1,0,0,0.5200509906185874,0.8511625615470539,0.13755910833584314,True
2026-08-17 23:27:00+08:00,124.75,124.75,0,0.0,125.57920808,1.0,0.0,125.57920808,0.662494070396283,1,1,0,0,0.5193514388757022,0.8503261095572843,0.16833851143899006,True
2026-08-17 23:28:00+08:00,124.75,124.75,0,0.0,125.74303126000002,1.0,0.0,125.74303126000002,0.7928613862070308,1,1,0,0,0.5187440285098995,0.8495878351953636,0.32264746073500183,True
2026-08-17 23:29:00+08:00,124.75,124.75,0,0.0,125.58382256,1.0,0.0,125.58382256,0.6661685196774807,1,1,0,0,0.5180918310885174,0.8488482555282468,0.17444423973848383,True
2026-08-17 23:30:00+08:00,124.75,124.75,0,0.0,125.61566430000002,1.0,0.0,125.61566430000002,0.6915199833174729,1,1,0,0,0.5173651290822183,0.8479213006702316,0.20539035179042614,True
2026-08-17 23:31:00+08:00,124.75,124.75,0,0.0,125.55198082,1.0,0.0,125.55198082,0.6408106059509987,1,1,0,0,0.5166567239221073,0.8470776450772582,0.14656729846479175,True
2026-08-17 23:32:00+08:00,124.75,124.75,0,0.0,125.55198082,1.0,0.0,125.55198082,0.6408106059509987,1,1,0,0,0.5159821313844756,0.8463066154889144,0.14749793075221238,True
2026-08-17 23:33:00+08:00,124.5,124.5,0,0.0,125.55951195,1.0,0.0,125.55951195,0.8474078364288361,1,1,0,0,0.5154230355713024,0.8456255123062852,0.39259080529879864,True
2026-08-17 23:34:00+08:00,124.25,124.25,0,0.0,125.51917506,1.0,0.0,125.51917506,1.0162783775821107,1,1,0,0,0.5149752750161736,0.8450636403579161,0.5932134322494533,True
2026-08-17 23:35:00+08:00,124.25,124.25,0,0.0,125.51917506,1.0,0.0,125.51917506,1.0162783775821107,1,1,0,0,0.5144714274264829,0.8443888237587126,0.594284216034367,True
2026-08-17 23:36:00+08:00,124.25,124.25,0,0.0,125.496891666,1.0,0.0,125.496891666,0.9985242720598468,1,1,0,0,0.5139463354521334,0.8436791816119851,0.5743627994729574,True
2026-08-17 23:37:00+08:00,124.25,124.25,0,0.0,125.5038950184,1.0,0.0,125.5038950184,1.0041044751735495,1,1,0,0,0.513416263592629,0.8429544483514815,0.5821052519985294,True
2026-08-17 23:38:00+08:00,124.25,124.25,0,0.0,125.40655512,1.0,0.0,125.40655512,0.9265169259778476,1,1,0,0,0.5128252122938091,0.8421461697313763,0.49123504749299746,True
2026-08-17 23:39:00+08:00,124.25,124.25,0,0.0,125.34286464,1.0,0.0,125.34286464,0.8757178548163065,1,1,0,0,0.5122760224425429,0.8414613787567174,0.4319174255041378,True
2026-08-17 23:40:00+08:00,124.25,124.25,0,0.0,125.3110194,1.0,0.0,125.3110194,0.8503085959104768,1,1,0,0,0.5116905164667315,0.8407163765617166,0.40277326442550576,True
2026-08-17 23:41:00+08:00,124.25,124.25,0,0.0,125.40655512,1.0,0.0,125.40655512,0.9265169259778476,1,1,0,0,0.511122062665424,0.8399549000214518,0.4945442467230261,True
2026-08-17 23:42:00+08:00,124.25,124.25,0,0.0,125.43840036000002,1.0,0.0,125.43840036000002,0.9519067431939848,1,1,0,0,0.5105673439629691,0.8392053510601475,0.5259015551717855,True
2026-08-17 23:43:00+08:00,124.25,124.25,0,0.0,125.3184959,1.0,0.0,125.3184959,0.8562746641131541,1,1,0,0,0.5100047297529952,0.8385016208323379,0.41296274897648305,True
2026-08-17 23:44:00+08:00,124.25,124.25,0,0.0,125.35034304,1.0,0.0,125.35034304,0.8816839164549352,1,1,0,0,0.5093855668874819,0.8376550114696069,0.4444530796924165,True
2026-08-17 23:45:00+08:00,124.25,124.25,0,0.0,125.35034304,1.0,0.0,125.35034304,0.8816839164549352,1,1,0,0,0.508752796263962,0.8367755746130071,0.4456763934146223,True
2026-08-17 23:46:00+08:00,124.25,124.25,0,0.0,125.41403732,1.0,0.0,125.41403732,0.932482973915889,1,1,0,0,0.5081269387488638,0.8358727995731002,0.5076801582534491,True
2026-08-17 23:47:00+08:00,124.25,124.25,0,0.0,125.38219018,1.0,0.0,125.38219018,0.90708668556216,1,1,0,0,0.507534459984384,0.8350644633580385,0.47846872081115704,True
2026-08-17 23:48:00+08:00,124.25,124.25,0,0.0,125.43221613,1.0,0.0,125.43221613,0.9469766396053338,1,1,0,0,0.5069297808689229,0.8341982721319854,0.5275087151784312,True
2026-08-17 23:49:00+08:00,124.25,124.25,0,0.0,125.4640598,1.0,0.0,125.4640598,0.9723599872368908,1,1,0,0,0.506332864425808,0.8333306558215597,0.5592343442011483,True
2026-08-17 23:50:00+08:00,124.25,124.25,0,0.0,125.4022830802,1.0,0.0,125.4022830802,0.923110388563793,1,1,0,0,0.5057074207577165,0.8324303571893384,0.5014268931943062,True
2026-08-17 23:51:00+08:00,124.25,124.25,0,0.0,125.55959081,1.0,0.0,125.55959081,1.0484712022093954,1,1,0,0,0.5051422494044313,0.8315815801372232,0.65336819114645,True
2026-08-17 23:52:00+08:00,124.25,124.25,0,0.0,125.49590347,1.0,0.0,125.49590347,0.9977368618978356,1,1,0,0,0.5045660012489341,0.8307404673218258,0.593652145343064,True
2026-08-17 23:53:00+08:00,124.25,124.25,0,0.0,125.4554312,1.0,0.0,125.4554312,0.9654825641613778,1,1,0,0,0.5039519222115325,0.8298316310517633,0.5561738365707777,True
2026-08-17 23:54:00+08:00,124.25,124.25,0,0.0,125.48727268,1.0,0.0,125.48727268,0.9908594473884392,1,1,0,0,0.5033588879432671,0.8289532281137646,0.5880917558575067,True
2026-08-17 23:55:00+08:00,124.25,124.25,0,0.0,125.4955514648,1.0,0.0,125.4955514648,0.9974563770963136,1,1,0,0,0.5027735583988562,0.828087051815335,0.5973802121564541,True
2026-08-17 23:56:00+08:00,124.25,124.25,0,0.0,125.48727268,1.0,0.0,125.48727268,0.9908594473884392,1,1,0,0,0.5022103195840502,0.8272756103045191,0.5906727113887933,True
2026-08-17 23:57:00+08:00,124.25,124.25,0,0.0,125.4554312,1.0,0.0,125.4554312,0.9654825641613778,1,1,0,0,0.5016470472672995,0.8264802066661905,0.561217937408413,True
2026-08-17 23:58:00+08:00,124.25,124.25,0,0.0,125.48415928999998,1.0,0.0,125.48415928999998,0.9883784369016424,1,1,0,0,0.5011238998214171,0.8257577039518128,0.5900696230242607,True
2026-08-17 23:59:00+08:00,124.25,124.25,0,0.0,125.48415928999998,1.0,0.0,125.48415928999998,0.9883784369016424,1,1,0,0,0.5005858127381876,0.8250013824715199,0.5912627960720951,True
2026-08-18 00:00:00+08:00,124.25,124.25,0,0.0,125.57968136,1.0,0.0,125.57968136,1.0644702845247187,1,1,0,0,0.5000173432599178,0.8241225405424234,0.6849138489687319,True
2026-08-18 00:01:00+08:00,124.25,124.25,0,0.0,125.54784067,1.0,0.0,125.54784067,1.0391128013908826,1,1,0,0,0.4994245374649032,0.8232010117897015,0.6555971824580927,True
2026-08-18 00:02:00+08:00,124.25,124.25,0,0.0,125.51599998,1.0,0.0,125.51599998,1.0137488530075065,1,1,0,0,0.498843283021749,0.8223241572204854,0.6261588759914036,True
2026-08-18 00:03:00+08:00,124.25,124.25,0,0.0,125.42096820000002,1.0,0.0,125.42096820000002,0.9380090992894372,1,1,0,0,0.49819918434862276,0.8213487168641543,0.535472821604902,True
2026-08-18 00:04:00+08:00,124.25,124.25,0,0.0,125.4528171,1.0,0.0,125.4528171,0.9633989027190596,1,1,0,0,0.49755981817114,0.8203636188920193,0.5678446408643529,True
2026-08-18 00:05:00+08:00,124.25,124.25,0,0.0,125.484666,1.0,0.0,125.484666,0.9887822301770391,1,1,0,0,0.49692116740348974,0.8193588549458823,0.6002999293954494,True
2026-08-18 00:06:00+08:00,124.5,124.5,0,0.0,125.38077285999998,1.0,0.0,125.38077285999998,0.7049544868291626,1,1,0,0,0.4960992587435486,0.8181182397780788,0.2552873385908957,True
2026-08-18 00:07:00+08:00,124.25,124.25,0,0.0,125.42096820000002,1.0,0.0,125.42096820000002,0.9380090992894372,1,1,0,0,0.4953813542416402,0.8169418422128507,0.5418105943121374,True
2026-08-18 00:08:00+08:00,124.25,124.25,0,0.0,125.461026,1.0,0.0,125.461026,0.9699419520225668,1,1,0,0,0.49471088808600905,0.8158635659406707,0.582488400972567,True
2026-08-18 00:09:00+08:00,124.25,124.25,0,0.0,125.396703342,1.0,0.0,125.396703342,0.9186609129214776,1,1,0,0,0.4941388312661062,0.8150643296460827,0.520844878391019,True
2026-08-18 00:10:00+08:00,124.25,124.25,0,0.0,125.3018115,1.0,0.0,125.3018115,0.8429604206660015,1,1,0,0,0.49379284007448293,0.8147325257991425,0.42856713035855837,True
2026-08-18 00:11:00+08:00,124.25,124.25,0,0.0,125.1107541,1.0,0.0,125.1107541,0.6903685410373952,1,1,0,0,0.4936001046386361,0.8146290013685498,0.24154361809878444,True
2026-08-18 00:12:00+08:00,124.25,124.25,0,0.0,125.142597,1.0,0.0,125.142597,0.7158167569825619,1,1,0,0,0.49307305353232633,0.8140586194195596,0.27362120876388035,True
2026-08-18 00:13:00+08:00,124.25,124.25,0,0.0,125.1650055,1.0,0.0,125.1650055,0.7337212916806696,1,1,0,0,0.49256902372141065,0.8135191939392442,0.29643095056128305,True
2026-08-18 00:14:00+08:00,124.25,124.25,0,0.0,125.1650055,1.0,0.0,125.1650055,0.7337212916806696,1,1,0,0,0.4920190256415577,0.812890930642854,0.2973366498848349,True
2026-08-18 00:15:00+08:00,124.25,124.25,0,0.0,125.2923675,1.0,0.0,125.2923675,0.8354232673535867,1,1,0,0,0.49159996552218155,0.8124436269710291,0.4231965030155447,True
2026-08-18 00:16:00+08:00,124.25,124.25,0,0.0,125.2923675,1.0,0.0,125.2923675,0.8354232673535867,1,1,0,0,0.4913187702769489,0.8122028860234803,0.42366815360797666,True
2026-08-18 00:17:00+08:00,124.25,124.25,0,0.0,125.324208,1.0,0.0,125.324208,0.8608325424396409,1,1,0,0,0.491037765643698,0.8119534284227392,0.45543840798146273,True
2026-08-18 00:18:00+08:00,124.25,124.25,0,0.0,125.2822152,1.0,0.0,125.2822152,0.8273201912407789,1,1,0,0,0.4905673893878528,0.8114176825667178,0.41501782508324503,True
2026-08-18 00:19:00+08:00,124.25,124.25,0,0.0,125.2822152,1.0,0.0,125.2822152,0.8273201912407789,1,1,0,0,0.49016276211370957,0.8109973273967755,0.4157318621620033,True
2026-08-18 00:20:00+08:00,124.25,124.25,0,0.0,125.25037728000002,1.0,0.0,125.25037728000002,0.8019044226753671,1,1,0,0,0.489693203624789,0.8104766929018447,0.3852192441620149,True
2026-08-18 00:21:00+08:00,124.25,124.25,0,0.0,125.2822152,1.0,0.0,125.2822152,0.8273201912407789,1,1,0,0,0.48932893710379133,0.8101201388589631,0.41721127265523983,True
2026-08-18 00:22:00+08:00,124.25,124.25,0,0.0,125.25037728000002,1.0,0.0,125.25037728000002,0.8019044226753671,1,1,0,0,0.48891756973346956,0.8097000961265135,0.38654664170003283,True
2026-08-18 00:23:00+08:00,124.25,124.25,0,0.0,125.2322262,1.0,0.0,125.2322262,0.7874117647263364,1,1,0,0,0.4884486458934207,0.8091874688661492,0.36946088556194434,True
2026-08-18 00:24:00+08:00,124.25,124.25,0,0.0,125.2322262,1.0,0.0,125.2322262,0.7874117647263364,1,1,0,0,0.48798375560550583,0.8086815603788374,0.37026689341174,True
2026-08-18 00:25:00+08:00,124.25,124.25,0,0.0,125.26406760000002,1.0,0.0,125.26406760000002,0.8128340095242135,1,1,0,0,0.48776580354664856,0.8085205360907213,0.40205312229829393,True
2026-08-18 00:26:00+08:00,124.25,124.25,0,0.0,125.3595918,1.0,0.0,125.3595918,0.889061828112011,1,1,0,0,0.48766244405872006,0.8084527092753588,0.4965032332108548,True
2026-08-18 00:27:00+08:00,124.25,124.25,0,0.0,125.29075706148,1.0,0.0,125.29075706148,0.8341379370133063,1,1,0,0,0.4875153860200094,0.8083562286076709,0.4287992579587425,True
2026-08-18 00:28:00+08:00,124.25,124.25,0,0.0,125.27799396000005,1.0,0.0,125.27799396000005,0.8239508070303502,1,1,0,0,0.48740129139266464,0.8082886021733137,0.41637295729863877,True
2026-08-18 00:29:00+08:00,124.25,124.25,0,0.0,125.37352878,1.0,0.0,125.37352878,0.9001785893269566,1,1,0,0,0.4872435524006248,0.8081695449581413,0.510950999703558,True
2026-08-18 00:30:00+08:00,124.25,124.25,0,0.0,125.27799396000005,1.0,0.0,125.27799396000005,0.8239508070303502,1,1,0,0,0.4869549216866059,0.8079203505029654,0.41711523312161863,True
2026-08-18 00:31:00+08:00,124.25,124.25,0,0.0,125.24614902,1.0,0.0,125.24614902,0.7985285736175041,1,1,0,0,0.4867309743531033,0.8077563428453469,0.38600451983587525,True
2026-08-18 00:32:00+08:00,124.25,124.25,0,0.0,125.18245914000002,1.0,0.0,125.18245914000002,0.7476646329150408,1,1,0,0,0.48654885516805013,0.8076461574817777,0.3233046741176157,True
2026-08-18 00:33:00+08:00,124.25,124.25,0,0.0,125.23108563,1.0,0.0,125.23108563,0.786501010705907,1,1,0,0,0.48648434592363626,0.8076157555132717,0.37148441289583106,True
2026-08-18 00:34:00+08:00,124.25,124.25,0,0.0,125.19924452,1.0,0.0,125.19924452,0.7610722749043246,1,1,0,0,0.4864959837199206,0.8076195026241242,0.33998224447558334,True
2026-08-18 00:35:00+08:00,124.25,124.25,0,0.0,125.1355623,1.0,0.0,125.1355623,0.7101953231235547,1,1,0,0,0.4863312231006762,0.8075318291159007,0.2772201564710689,True
2026-08-18 00:36:00+08:00,124.25,124.25,0,0.0,125.1355623,1.0,0.0,125.1355623,0.7101953231235547,1,1,0,0,0.48615467066120116,0.8074346100142457,0.2774721936410439,True
2026-08-18 00:37:00+08:00,124.0,124.0,0,0.0,125.19185423000002,1.0,0.0,125.19185423000002,0.9565755940801792,1,1,0,0,0.4859545766684191,0.8072560056107801,0.5829885614238104,True
2026-08-18 00:38:00+08:00,124.25,124.25,0,0.0,125.19185423000002,1.0,0.0,125.19185423000002,0.7551693623409114,1,1,0,0,0.4857987234888812,0.8071663972254276,0.3337238019049988,True
2026-08-18 00:39:00+08:00,124.25,124.25,0,0.0,125.25554889,1.0,0.0,125.25554889,0.8060332882162218,1,1,0,0,0.48559603341570456,0.8070223211457559,0.3970612043859976,True
2026-08-18 00:40:00+08:00,124.25,124.25,0,0.0,125.16000689999998,1.0,0.0,125.16000689999998,0.7297276571303322,1,1,0,0,0.4853373741761089,0.8068403836057093,0.302897931139814,True
2026-08-18 00:41:00+08:00,124.25,124.25,0,0.0,125.16000689999998,1.0,0.0,125.16000689999998,0.7297276571303322,1,1,0,0,0.485174425908273,0.8067498693977748,0.30313389626528736,True
2026-08-18 00:42:00+08:00,124.25,124.25,0,0.0,125.19185423000002,1.0,0.0,125.19185423000002,0.7551693623409114,1,1,0,0,0.4848565211930026,0.8064867803399873,0.3351733069126739,True
2026-08-18 00:43:00+08:00,124.25,124.25,0,0.0,125.18202673,1.0,0.0,125.18202673,0.7473192133493626,1,1,0,0,0.4846391682534318,0.8063427805807358,0.3257672188827016,True
2026-08-18 00:44:00+08:00,124.25,124.25,0,0.0,125.18202673,1.0,0.0,125.18202673,0.7473192133493626,1,1,0,0,0.4842510331723547,0.8059826278287413,0.3263943552799574,True
2026-08-18 00:45:00+08:00,124.25,124.25,0,0.0,125.05464741,1.0,0.0,125.05464741,0.645513365562495,1,1,0,0,0.4839398404976875,0.8057700850775282,0.2005206299626542,True
2026-08-18 00:46:00+08:00,124.25,124.25,0,0.0,125.11833707,1.0,0.0,125.11833707,0.6964292902641119,1,1,0,0,0.4836896103305815,0.8056069060083455,0.26407380367134864,True
2026-08-18 00:47:00+08:00,124.25,124.25,0,0.0,125.11833707,1.0,0.0,125.11833707,0.6964292902641119,1,1,0,0,0.4834502863089012,0.8054547860261453,0.2644208062950133,True
2026-08-18 00:48:00+08:00,124.25,124.25,0,0.0,125.02060402,1.0,0.0,125.02060402,0.6182871205608862,1,1,0,0,0.48323428107809685,0.8053461796655023,0.16769538726673178,True
2026-08-18 00:49:00+08:00,124.0,124.0,0,0.0,125.05892784,1.0,0.0,125.05892784,0.8503432092828007,1,1,0,0,0.48294643756973893,0.8050862759300935,0.4563445964702586,True
2026-08-18 00:50:00+08:00,124.25,124.25,0,0.0,125.02060402,1.0,0.0,125.02060402,0.6182871205608862,1,1,0,0,0.4826094969135307,0.8048532612162222,0.16857436030305895,True
2026-08-18 00:51:00+08:00,124.25,124.25,0,0.0,125.05244829,1.0,0.0,125.05244829,0.6437548411610916,1,1,0,0,0.4823265168354422,0.8046721666970835,0.20061377913474995,True
2026-08-18 00:52:00+08:00,124.25,124.25,0,0.0,125.08238190380004,1.0,0.0,125.08238190380004,0.6676885669196269,1,1,0,0,0.482034290244256,0.8044721151594036,0.23077776491803456,True
2026-08-18 00:53:00+08:00,124.25,124.25,0,0.0,125.11283647,1.0,0.0,125.11283647,0.6920329285745912,1,1,0,0,0.4817268479112532,0.8042449021506819,0.2614950745736097,True
2026-08-18 00:54:00+08:00,123.75,123.75,0,0.0,125.1446799,1.0,0.0,125.1446799,1.1206988438325394,1,1,0,0,0.48168765699830973,0.8042113761248083,0.7945811335241039,True
2026-08-18 00:55:00+08:00,123.75,123.75,0,0.0,125.17652333,1.0,0.0,125.17652333,1.1461400825567132,1,1,0,0,0.4815163590790495,0.8040241986823732,0.8266215426934195,True
2026-08-18 00:56:00+08:00,123.75,123.75,0,0.0,125.27205362000002,1.0,0.0,125.27205362000002,1.2224247594734157,1,1,0,0,0.48147083524819406,0.8039790239608716,0.921608527265859,True
2026-08-18 00:57:00+08:00,124.0,124.0,0,0.0,125.24021019,1.0,0.0,125.24021019,0.995192701093107,1,1,0,0,0.48118456944984056,0.8036685863915459,0.6395772341322329,True
2026-08-18 00:58:00+08:00,124.0,124.0,0,0.0,125.3538322,1.0,0.0,125.3538322,1.085872383075421,1,1,0,0,0.4809320524571292,0.8033793207522101,0.7529946502131543,True
2026-08-18 00:59:00+08:00,124.0,124.0,0,0.0,125.27004728,1.0,0.0,125.27004728,1.019013149681314,1,1,0,0,0.48058684430973897,0.802962509849382,0.6705497439383215,True
2026-08-18 01:00:00+08:00,124.0,124.0,0,0.0,125.3018902,1.0,0.0,125.3018902,1.0444286635416795,1,1,0,0,0.4801976289924905,0.8024531186194013,0.7031327082632978,True
2026-08-18 01:01:00+08:00,124.0,124.0,0,0.0,125.3018902,1.0,0.0,125.3018902,1.0444286635416795,1,1,0,0,0.47984827808027186,0.802017170098639,0.7039504969600222,True
2026-08-18 01:02:00+08:00,124.0,124.0,0,0.0,125.3018902,1.0,0.0,125.3018902,1.0444286635416795,1,1,0,0,0.4795892034990766,0.8017300905311013,0.7045257084818014,True
2026-08-18 01:03:00+08:00,124.0,124.0,0,0.0,125.35733435,1.0,0.0,125.35733435,1.0886660731581583,1,1,0,0,0.47936696014255203,0.8014841744047797,0.7602135294413028,True
2026-08-18 01:04:00+08:00,124.0,124.0,0,0.0,125.29362033,1.0,0.0,125.29362033,1.0378286682888866,1,1,0,0,0.4791360197265052,0.801240009011017,0.6972850110817412,True
2026-08-18 01:05:00+08:00,123.75,123.75,0,0.0,125.35733435,1.0,0.0,125.35733435,1.2904753320042115,1,1,0,0,0.47893866480476527,0.8009793362286033,1.0131805285022106,True
2026-08-18 01:06:00+08:00,123.75,123.75,0,0.0,125.35733435,1.0,0.0,125.35733435,1.2904753320042115,1,1,0,0,0.47873050724436017,0.8007007398679685,1.0137930244621778,True
2026-08-18 01:07:00+08:00,123.75,123.75,0,0.0,125.29362033,1.0,0.0,125.29362033,1.2396385243312738,1,1,0,0,0.47842647883475253,0.8002673452657131,0.9511971842906769,True
2026-08-18 01:08:00+08:00,123.75,123.75,0,0.0,125.192508,1.0,0.0,125.192508,1.1589085460647834,1,1,0,0,0.47810094049478047,0.7998248145008681,0.851195903436507,True
2026-08-18 01:09:00+08:00,123.75,123.75,0,0.0,125.1606524,1.0,0.0,125.1606524,1.133460851432812,1,1,0,0,0.4778286001991487,0.7994856313948171,0.8200675853170981,True
2026-08-18 01:10:00+08:00,124.0,124.0,0,0.0,125.17707562,1.0,0.0,125.17707562,0.9447703943641064,1,1,0,0,0.4775300676462699,0.7991718130793575,0.5846556636144019,True
2026-08-18 01:11:00+08:00,123.75,123.75,0,0.0,125.1606524,1.0,0.0,125.1606524,1.133460851432812,1,1,0,0,0.4773442309475771,0.798965219559623,0.8212079880609522,True
2026-08-18 01:12:00+08:00,123.75,123.75,0,0.0,125.09694120000002,1.0,0.0,125.09694120000002,1.0825459163811637,1,1,0,0,0.4771380282748637,0.7987424442714278,0.7579513176597524,True
2026-08-18 01:13:00+08:00,123.75,123.75,0,0.0,125.09694120000002,1.0,0.0,125.09694120000002,1.0825459163811637,1,1,0,0,0.47693182560215025,0.7985195535842242,0.7584211157518462,True
2026-08-18 01:14:00+08:00,123.75,123.75,0,0.0,125.03323,1.0,0.0,125.03323,1.0316049035941877,1,1,0,0,0.47683647895229714,0.7984390825020835,0.6948162192955313,True
2026-08-18 01:15:00+08:00,123.75,123.75,0,0.0,125.0650856,1.0,0.0,125.0650856,1.0570786709566,1,1,0,0,0.47677599116741376,0.7983893929329949,0.7268416701496538,True
2026-08-18 01:16:00+08:00,123.75,123.75,0,0.0,124.9695188,1.0,0.0,124.9695188,0.9806377930319384,1,1,0,0,0.4766996336909358,0.7983320697088078,0.6312387770227175,True
2026-08-18 01:17:00+08:00,123.75,123.75,0,0.0,124.9695188,1.0,0.0,124.9695188,0.9806377930319384,1,1,0,0,0.47656236910163097,0.7982159012675296,0.6315026086674785,True
2026-08-18 01:18:00+08:00,123.75,123.75,0,0.0,125.04571560000002,1.0,0.0,125.04571560000002,1.0415899621705722,1,1,0,0,0.476412559526416,0.7980746846216562,0.7081760811797837,True
2026-08-18 01:19:00+08:00,123.75,123.75,0,0.0,124.95011490000002,1.0,0.0,124.95011490000002,0.965110048688616,1,1,0,0,0.4761796371283184,0.797847014589911,0.6128122341995667,True
2026-08-18 01:20:00+08:00,123.75,123.75,0,0.0,124.82902068,1.0,0.0,124.82902068,0.8681510427133163,1,1,0,0,0.4758701327865796,0.7975447616588527,0.4918606814128054,True
2026-08-18 01:21:00+08:00,123.75,123.75,0,0.0,124.8226473,1.0,0.0,124.8226473,0.8630453202724643,1,1,0,0,0.4755899720971095,0.7972856456720576,0.48596804705891355,True
2026-08-18 01:22:00+08:00,123.75,123.75,0,0.0,124.72704660000002,1.0,0.0,124.72704660000002,0.7864280531093713,1,1,0,0,0.47523704857166366,0.7969526237863045,0.39047616539518487,True
2026-08-18 01:23:00+08:00,123.5,123.5,0,0.0,124.73884878,1.0,0.0,124.73884878,0.9981103168085776,1,1,0,0,0.475012285200123,0.7967258575514046,0.6565596266902941,True
2026-08-18 01:24:00+08:00,123.75,123.75,0,0.0,124.76603004,1.0,0.0,124.76603004,0.8176776683874022,1,1,0,0,0.47472622803176534,0.7964743528356566,0.4305869223969864,True
2026-08-18 01:25:00+08:00,123.75,123.75,0,0.0,124.82978375999998,1.0,0.0,124.82978375999998,0.8687623294760756,1,1,0,0,0.47438451245658336,0.7961218861289671,0.4953736656293925,True
2026-08-18 01:26:00+08:00,123.75,123.75,0,0.0,124.86166062,1.0,0.0,124.86166062,0.8942948349467446,1,1,0,0,0.4739987475075861,0.7956845473559124,0.5282194920534992,True
2026-08-18 01:27:00+08:00,123.75,123.75,0,0.0,124.76603004,1.0,0.0,124.76603004,0.8176776683874022,1,1,0,0,0.47373492827837427,0.7954611804608298,0.43238155243449294,True
2026-08-18 01:28:00+08:00,123.75,123.75,0,0.0,124.7770008,1.0,0.0,124.7770008,0.826470199772351,1,1,0,0,0.47347462606171636,0.7952392050237299,0.4438860301160596,True
2026-08-18 01:29:00+08:00,123.75,123.75,0,0.0,124.71325776,1.0,0.0,124.71325776,0.7753723980633399,1,1,0,0,0.47318304668677064,0.7949947845937054,0.3801148853209243,True
2026-08-18 01:30:00+08:00,123.75,123.75,0,0.0,124.80887232,1.0,0.0,124.80887232,0.8520092725853625,1,1,0,0,0.4728896256921228,0.7947194917699313,0.4770483809940245,True
2026-08-18 01:31:00+08:00,123.75,123.75,0,0.0,124.80887232,1.0,0.0,124.80887232,0.8520092725853625,1,1,0,0,0.4725228436768168,0.7943327419393412,0.4777423979553458,True
2026-08-18 01:32:00+08:00,123.75,123.75,0,0.0,124.84074384,1.0,0.0,124.84074384,0.8775417967308028,1,1,0,0,0.4721566376908164,0.7939347977129404,0.5106025837483946,True
2026-08-18 01:33:00+08:00,123.75,123.75,0,0.0,124.8164302,1.0,0.0,124.8164302,0.8580645416534489,1,1,0,0,0.47181520717347103,0.793585148537104,0.48671441897821605,True
2026-08-18 01:34:00+08:00,123.75,123.75,0,0.0,124.65706295,1.0,0.0,124.65706295,0.7303036711017936,1,1,0,0,0.4714009584222537,0.7931797112005224,0.3264111638555101,True
2026-08-18 01:35:00+08:00,123.75,123.75,0,0.0,124.59331605,1.0,0.0,124.59331605,0.6791534102171771,1,1,0,0,0.47098673360913235,0.7928006147496318,0.26257128556059994,True
2026-08-18 01:36:00+08:00,123.75,123.75,0,0.0,124.6889364,1.0,0.0,124.6889364,0.7558689580672256,1,1,0,0,0.4705501624270798,0.7923429784011122,0.36009506415504233,True
2026-08-18 01:37:00+08:00,123.75,123.75,0,0.0,124.65706295,1.0,0.0,124.65706295,0.7303036711017936,1,1,0,0,0.47019931675169646,0.7920336317471951,0.32840064351347953,True
2026-08-18 01:38:00+08:00,123.75,123.75,0,0.0,124.6357074,1.0,0.0,124.6357074,0.7131709865847146,1,1,0,0,0.46979834265243464,0.7916566880755893,0.30742195145712214,True
2026-08-18 01:39:00+08:00,123.75,123.75,0,0.0,124.54007898,1.0,0.0,124.54007898,0.6364160688544029,1,1,0,0,0.4694099419361523,0.7913365871993212,0.21104310052099898,True
2026-08-18 01:40:00+08:00,123.75,123.75,0,0.0,124.54007898,1.0,0.0,124.54007898,0.6364160688544029,1,1,0,0,0.4689998976434458,0.7909842763801403,0.21165549835847602,True
2026-08-18 01:41:00+08:00,123.75,123.75,0,0.0,124.76321196,1.0,0.0,124.76321196,0.8154189888005443,1,1,0,0,0.4686614545187177,0.790654896428159,0.4385700206857998,True
2026-08-18 01:42:00+08:00,123.75,123.75,0,0.0,124.85884038,1.0,0.0,124.85884038,0.8920361627568197,1,1,0,0,0.4683218568234298,0.790290566362964,0.5361500237607376,True
2026-08-18 01:43:00+08:00,123.75,123.75,0,0.0,124.81117875,1.0,0.0,124.81117875,0.8538571914863003,1,1,0,0,0.4678913693147172,0.7897871605270788,0.48869599489817217,True
2026-08-18 01:44:00+08:00,123.5,123.5,0,0.0,124.9522203,1.0,0.0,124.9522203,1.169013742961502,1,1,0,0,0.46761933457190064,0.7894284124530104,0.8884838667133111,True
2026-08-18 01:45:00+08:00,123.75,123.75,0,0.0,124.97058,1.0,0.0,124.97058,0.9814869360629608,1,1,0,0,0.4672291081279581,0.7889330294543057,0.6518396476450072,True
2026-08-18 01:46:00+08:00,123.75,123.75,0,0.0,124.843059,1.0,0.0,124.843059,0.8793962344700836,1,1,0,0,0.4667764725531112,0.7883716126723569,0.5233823177857814,True
2026-08-18 01:47:00+08:00,123.75,123.75,0,0.0,124.9068195,1.0,0.0,124.9068195,0.9304546742986164,1,1,0,0,0.46629462802611477,0.7877196776235669,0.5892452092510923,True
2026-08-18 01:48:00+08:00,123.75,123.75,0,0.0,124.8821325864,1.0,0.0,124.8821325864,0.9106888756678084,1,1,0,0,0.46582642650968553,0.7871073036959274,0.5651865343762337,True
2026-08-18 01:49:00+08:00,123.75,123.75,0,0.0,124.93058741999998,1.0,0.0,124.93058741999998,0.9494809645161976,1,1,0,0,0.4654384602840804,0.7866296328526792,0.6153372362502508,True
2026-08-18 01:50:00+08:00,123.75,123.75,0,0.0,124.89870924,1.0,0.0,124.89870924,0.9239615548466285,1,1,0,0,0.46501870172237675,0.786104682577339,0.5838190043844443,True
2026-08-18 01:51:00+08:00,123.75,123.75,0,0.0,124.83495288,1.0,0.0,124.83495288,0.8729031000711701,1,1,0,0,0.46460010435099375,0.7856085912679315,0.5197282721427429,True
2026-08-18 01:52:00+08:00,123.75,123.75,0,0.0,124.93058741999998,1.0,0.0,124.93058741999998,0.9494809645161976,1,1,0,0,0.4642121505236084,0.7851294256135738,0.6180749290008517,True
2026-08-18 01:53:00+08:00,123.75,123.75,0,0.0,124.91970972,1.0,0.0,124.91970972,0.940773784886844,1,1,0,0,0.4638315105223989,0.7846674812995802,0.6078272462298615,True
2026-08-18 01:54:00+08:00,123.75,123.75,0,0.0,124.95159325999998,1.0,0.0,124.95159325999998,0.966293174281196,1,1,0,0,0.46346107827694716,0.7842114592780974,0.6411945273882236,True
2026-08-18 01:55:00+08:00,123.75,123.75,0,0.0,124.9203473908,1.0,0.0,124.9203473908,0.941284236805874,1,1,0,0,0.46312385868921685,0.7838245619161893,0.6100349508667026,True
2026-08-18 01:56:00+08:00,123.75,123.75,0,0.0,124.88782618,1.0,0.0,124.88782618,0.9152478506438372,1,1,0,0,0.4627762245470218,0.7834311404324837,0.5775512393431718,True
2026-08-18 01:57:00+08:00,123.75,123.75,0,0.0,124.88782618,1.0,0.0,124.88782618,0.9152478506438372,1,1,0,0,0.46241557508388986,0.7830151239568077,0.5783186833884529,True
2026-08-18 01:58:00+08:00,123.75,123.75,0,0.0,124.9758328,1.0,0.0,124.9758328,0.9856899753438124,1,1,0,0,0.4619967406747789,0.7824548693814378,0.6692951314662201,True
2026-08-18 01:59:00+08:00,123.75,123.75,0,0.0,125.00771439,1.0,0.0,125.00771439,1.0111962904018093,1,1,0,0,0.46167447058755023,0.7820625886489616,0.7026570862615686,True
2026-08-18 02:00:00+08:00,123.75,123.75,0,0.0,124.84830644,1.0,0.0,124.84830644,0.8835992937587187,1,1,0,0,0.4612795535974881,0.7816000175728556,0.5403271886721327,True
2026-08-18 02:01:00+08:00,123.75,123.75,0,0.0,124.84830644,1.0,0.0,124.84830644,0.8835992937587187,1,1,0,0,0.46086304027980557,0.7810972423679604,0.5412082267725763,True
2026-08-18 02:02:00+08:00,123.75,123.75,0,0.0,124.81642485,1.0,0.0,124.81642485,0.8580602554375952,1,1,0,0,0.4603991919762614,0.7805167008136241,0.5094843749618747,True
2026-08-18 02:03:00+08:00,123.75,123.75,0,0.0,124.78454326,1.0,0.0,124.78454326,0.8325146649073545,1,1,0,0,0.45993591038550447,0.77995175654769,0.4776946155887896,True
2026-08-18 02:04:00+08:00,123.75,123.75,0,0.0,124.8703344,1.0,0.0,124.8703344,0.9012411657346756,1,1,0,0,0.4596595335417474,0.779672862584713,0.5663678362858878,True
2026-08-18 02:05:00+08:00,123.75,123.75,0,0.0,124.77464831999998,1.0,0.0,124.77464831999998,0.8245848666733829,1,1,0,0,0.45924480156585484,0.7792027346653334,0.4688639411211014,True
2026-08-18 02:06:00+08:00,123.75,123.75,0,0.0,124.7108576,1.0,0.0,124.7108576,0.7734478656166494,1,1,0,0,0.4588096147895398,0.778723166124907,0.4040437789886447,True
2026-08-18 02:07:00+08:00,123.75,123.75,0,0.0,124.74275296,1.0,0.0,124.74275296,0.7990196479973869,1,1,0,0,0.4583206029116329,0.7781252889417645,0.4378459997735046,True
2026-08-18 02:08:00+08:00,123.75,123.75,0,0.0,124.7108576,1.0,0.0,124.7108576,0.7734478656166494,1,1,0,0,0.45785358690210626,0.7775854604803402,0.40586442874020573,True
2026-08-18 02:09:00+08:00,123.75,123.75,0,0.0,124.58629747999998,1.0,0.0,124.58629747999998,0.6735201325672795,1,1,0,0,0.4573573471551887,0.7770516216805711,0.27818330131604896,True
2026-08-18 02:10:00+08:00,123.75,123.75,0,0.0,124.49065804999998,1.0,0.0,124.49065804999998,0.5967258190644965,1,1,0,0,0.45680889788636186,0.7764689674324279,0.18019641099218933,True
2026-08-18 02:11:00+08:00,123.75,123.75,0,0.0,124.52253786,1.0,0.0,124.52253786,0.6223304974919501,1,1,0,0,0.4562277418539752,0.7758008610823374,0.21410488692451465,True
2026-08-18 02:12:00+08:00,123.75,123.75,0,0.0,124.52253786,1.0,0.0,124.52253786,0.6223304974919501,1,1,0,0,0.45562401304833255,0.7750837557026777,0.21508189691381716,True
2026-08-18 02:13:00+08:00,123.75,123.75,0,0.0,124.58629747999998,1.0,0.0,124.58629747999998,0.6735201325672795,1,1,0,0,0.4550622284651931,0.774416352226807,0.28209360956017826,True
2026-08-18 02:14:00+08:00,123.75,123.75,0,0.0,124.55265952,1.0,0.0,124.55265952,0.6465170542688771,1,1,0,0,0.4544681742822612,0.7736993044361825,0.24822160093134313,True
2026-08-18 02:15:00+08:00,123.75,123.75,0,0.0,124.48890079999998,1.0,0.0,124.48890079999998,0.5953142699381321,1,1,0,0,0.4538751073540702,0.7730225602663674,0.18296899709540804,True
2026-08-18 02:16:00+08:00,123.75,123.75,0,0.0,124.58453888,1.0,0.0,124.58453888,0.672108586879461,1,1,0,0,0.453377233193393,0.7724808272582006,0.28315441104528194,True
2026-08-18 02:17:00+08:00,123.75,123.75,0,0.0,124.55265952,1.0,0.0,124.55265952,0.6465170542688771,1,1,0,0,0.4527988853567379,0.7717944509061352,0.25099709992045405,True
2026-08-18 02:18:00+08:00,123.75,123.75,0,0.0,124.42514208,1.0,0.0,124.42514208,0.5440851765745068,1,1,0,0,0.4522440397166426,0.7712298183963202,0.1190840066957432,True
2026-08-18 02:19:00+08:00,123.75,123.75,0,0.0,124.47950848,1.0,0.0,124.47950848,0.5877693465753158,1,1,0,0,0.4517174237812288,0.7706874236862901,0.1765332073843042,True
2026-08-18 02:20:00+08:00,123.75,123.75,0,0.0,124.38385312,1.0,0.0,124.38385312,0.5108961248374764,1,1,0,0,0.4511277992050347,0.7700778065143028,0.07761335949022909,True
2026-08-18 02:21:00+08:00,123.75,123.75,0,0.0,124.47950848,1.0,0.0,124.47950848,0.5877693465753158,1,1,0,0,0.4505063602478429,0.7693400725259927,0.1784165302566315,True
2026-08-18 02:22:00+08:00,123.75,123.75,0,0.0,124.44762336,1.0,0.0,124.44762336,0.5621515230934632,1,1,0,0,0.44990436049062094,0.7686633559624767,0.14602902783402846,True
2026-08-18 02:23:00+08:00,123.75,123.75,0,0.0,124.5113936,1.0,0.0,124.5113936,0.6133805896753743,1,1,0,0,0.4493336314417166,0.7680117829070656,0.21359953308621107,True
2026-08-18 02:24:00+08:00,123.75,123.75,0,0.0,124.43618757000002,1.0,0.0,124.43618757000002,0.5529619329089205,1,1,0,0,0.44876030190102695,0.7673989684243743,0.13578547182809045,True
2026-08-18 02:25:00+08:00,123.75,123.75,0,0.0,124.53183414000004,1.0,0.0,124.53183414000004,0.6297956857843834,1,1,0,0,0.4481853598088812,0.766724383616667,0.23686520196323957,True
2026-08-18 02:26:00+08:00,123.75,123.75,0,0.0,124.48401085500002,1.0,0.0,124.48401085500002,0.5913862105130931,1,1,0,0,0.44772216350632615,0.7662878236248136,0.18748052960985992,True
2026-08-18 02:27:00+08:00,123.75,123.75,0,0.0,124.43618757000002,1.0,0.0,124.43618757000002,0.5529619329089205,1,1,0,0,0.44723664938992114,0.7658363351469558,0.13805205977686055,True
2026-08-18 02:28:00+08:00,123.75,123.75,0,0.0,124.43618757000002,1.0,0.0,124.43618757000002,0.5529619329089205,1,1,0,0,0.44674036751714385,0.7653655124246816,0.13878540862818106,True
2026-08-18 02:29:00+08:00,123.75,123.75,0,0.0,124.47529216,1.0,0.0,124.47529216,0.5843821583922266,1,1,0,0,0.44618136124674185,0.7647541760898569,0.18071270673158965,True
2026-08-18 02:30:00+08:00,123.75,123.75,0,0.0,124.57094428,1.0,0.0,124.57094428,0.661196164810272,1,1,0,0,0.4456423361816348,0.7641272750725768,0.28209152540480104,True
2026-08-18 02:31:00+08:00,123.75,123.75,0,0.0,124.41152408,1.0,0.0,124.41152408,0.5331399236464639,1,1,0,0,0.4450843305602506,0.7635536046437744,0.11532339386609856,True
2026-08-18 02:32:00+08:00,123.75,123.75,0,0.0,124.44340812,1.0,0.0,124.44340812,0.5587643324231578,1,1,0,0,0.444538828358728,0.7629848311595808,0.14970874832574382,True
2026-08-18 02:33:00+08:00,123.75,123.75,0,0.0,124.50717619999998,1.0,0.0,124.50717619999998,0.6099934040899441,1,1,0,0,0.4440460773306766,0.7624798653160285,0.21764158544761905,True
2026-08-18 02:34:00+08:00,123.75,123.75,0,0.0,124.4856508506,1.0,0.0,124.4856508506,0.5927036250266445,1,1,0,0,0.443535654290964,0.7619528848998824,0.19577059643954314,True
2026-08-18 02:35:00+08:00,123.75,123.75,0,0.0,124.48501312,1.0,0.0,124.48501312,0.5921913357522133,1,1,0,0,0.4429820311118254,0.7613416101103992,0.19598206988680367,True
2026-08-18 02:36:00+08:00,123.75,123.75,0,0.0,124.51689964999998,1.0,0.0,124.51689964999998,0.6178025754388842,1,1,0,0,0.4424493968604011,0.7607531036100025,0.23049945868952684,True
2026-08-18 02:37:00+08:00,123.75,123.75,0,0.0,124.45312659,1.0,0.0,124.45312659,0.5665735155395415,1,1,0,0,0.4418913170431314,0.7601498524383972,0.16402318318744183,True
2026-08-18 02:38:00+08:00,123.75,123.75,0,0.0,124.45312659,1.0,0.0,124.45312659,0.5665735155395415,1,1,0,0,0.4413439816729113,0.7595670297036508,0.16486962831376345,True
2026-08-18 02:39:00+08:00,123.75,123.75,0,0.0,124.41519196000002,1.0,0.0,124.41519196000002,0.5360880426028749,1,1,0,0,0.4407737076664669,0.7589602467480707,0.12558541154797354,True
2026-08-18 02:40:00+08:00,123.75,123.75,0,0.0,124.351422,1.0,0.0,124.351422,0.4848194703212942,1,1,0,0,0.4402044180402726,0.7583930087793981,0.05882840659729663,True
2026-08-18 02:41:00+08:00,123.75,123.75,0,0.0,124.38330698,1.0,0.0,124.38330698,0.5104570504523571,1,1,0,0,0.4396131501037962,0.7577615294259378,0.09349102269975434,True
2026-08-18 02:42:00+08:00,123.75,123.75,0,0.0,124.54273188,1.0,0.0,124.54273188,0.6385461821597892,1,1,0,0,0.43904877854227764,0.757087435189735,0.2635064252090185,True
2026-08-18 02:43:00+08:00,123.75,123.75,0,0.0,124.54273188,1.0,0.0,124.54273188,0.6385461821597892,1,1,0,0,0.4384844069807589,0.7564123191328174,0.2644877272866067,True
2026-08-18 02:44:00+08:00,123.75,123.75,0,0.0,124.54948926000002,1.0,0.0,124.54948926000002,0.6439717313818977,1,1,0,0,0.4378792804125096,0.7556421727708513,0.27273815358090875,True
2026-08-18 02:45:00+08:00,123.75,123.75,0,0.0,124.48571584,1.0,0.0,124.48571584,0.5927558308927764,1,1,0,0,0.43723222231911385,0.75481622657053,0.2060416868358492,True
2026-08-18 02:46:00+08:00,123.75,123.75,0,0.0,124.58137597,1.0,0.0,124.58137597,0.6695698171466112,1,1,0,0,0.4367853646110894,0.7543477235294644,0.30859038249146303,True
2026-08-18 02:47:00+08:00,123.75,123.75,0,0.0,124.58137597,1.0,0.0,124.58137597,0.6695698171466112,1,1,0,0,0.43624197034996115,0.753690262599975,0.30958055102337184,True
2026-08-18 02:48:00+08:00,123.75,123.75,0,0.0,124.64514939,1.0,0.0,124.64514939,0.7207462723795343,1,1,0,0,0.43581724435363833,0.7532304948484833,0.37827601242194936,True
2026-08-18 02:49:00+08:00,123.75,123.75,0,0.0,124.54538796,1.0,0.0,124.54538796,0.6406788032068877,1,1,0,0,0.43534977268420944,0.752740394482583,0.2727753579158149,True
2026-08-18 02:50:00+08:00,123.75,123.75,0,0.0,124.57727362,1.0,0.0,124.57727362,0.6662768917327427,1,1,0,0,0.43490325893562787,0.752272052867136,0.30756643413148216,True
2026-08-18 02:51:00+08:00,123.75,123.75,0,0.0,124.67293060000002,1.0,0.0,124.67293060000002,0.7430317304211167,1,1,0,0,0.43448744712252163,0.7518141878475548,0.4103996549758629,True
2026-08-18 02:52:00+08:00,123.75,123.75,0,0.0,124.67293060000002,1.0,0.0,124.67293060000002,0.7430317304211167,1,1,0,0,0.4341260904464786,0.7514486055470988,0.41108019589674616,True
2026-08-18 02:53:00+08:00,123.75,123.75,0,0.0,124.73670192,1.0,0.0,124.73670192,0.7941687924351534,1,1,0,0,0.43377445540186627,0.7510742692016705,0.4798384817740545,True
2026-08-18 02:54:00+08:00,123.75,123.75,0,0.0,124.75829639,1.0,0.0,124.75829639,0.8114790569548055,1,1,0,0,0.4334190141732357,0.7506850749652345,0.5036200337392859,True
2026-08-18 02:55:00+08:00,123.75,123.75,0,0.0,124.79017942,1.0,0.0,124.79017942,0.8370311974726916,1,1,0,0,0.43293651587896703,0.7500375677798075,0.5387659218056086,True
2026-08-18 02:56:00+08:00,123.75,123.75,0,0.0,124.72641336,1.0,0.0,124.72641336,0.7859203590365244,1,1,0,0,0.43258158146099523,0.7496603956259837,0.4713317918848882,True
2026-08-18 02:57:00+08:00,123.75,123.75,0,0.0,124.79017942,1.0,0.0,124.79017942,0.8370311974726916,1,1,0,0,0.43224984363452285,0.7492977587603428,0.54021428611751,True
2026-08-18 02:58:00+08:00,123.75,123.75,0,0.0,124.79017942,1.0,0.0,124.79017942,0.8370311974726916,1,1,0,0,0.4318334563465747,0.7487832933170411,0.5411415355317667,True
2026-08-18 02:59:00+08:00,123.75,123.75,0,0.0,124.73466768,1.0,0.0,124.73466768,0.7925379776494281,1,1,0,0,0.4313573930347721,0.7481752245592868,0.4827486566765289,True
2026-08-18 03:00:00+08:00,123.75,123.75,0,0.0,124.76655282000002,1.0,0.0,124.76655282000002,0.8180966687851189,1,1,0,0,0.43087007309069986,0.7475261171487094,0.5180107916114267,True
2026-08-18 03:01:00+08:00,123.75,123.75,0,0.0,124.54335684,1.0,0.0,124.54335684,0.6390479794521765,1,1,0,0,0.4303756089766425,0.7469792108327841,0.27935499067355785,True
2026-08-18 03:02:00+08:00,123.75,123.75,0,0.0,124.47958656,1.0,0.0,124.47958656,0.5878320711972436,1,1,0,0,0.42984609940753815,0.7463979907995643,0.21166451911327633,True
2026-08-18 03:03:00+08:00,123.75,123.75,0,0.0,124.47958656,1.0,0.0,124.47958656,0.5878320711972436,1,1,0,0,0.4294026969584979,0.7459746289256399,0.21237903823474158,True
2026-08-18 03:04:00+08:00,123.75,123.75,0,0.0,124.1945452,1.0,0.0,124.1945452,0.3585843759066438,1,1,0,0,0.4287081740978665,0.7452315945494642,-0.09409665224086021,True
2026-08-18 03:05:00+08:00,123.75,123.75,0,0.0,124.322055,1.0,0.0,124.322055,0.4612006781658707,1,1,0,0,0.42811941612444027,0.7446240209386951,0.04442679944668881,True
2026-08-18 03:06:00+08:00,123.75,123.75,0,0.0,124.22642265,1.0,0.0,124.22642265,0.3842483449907847,1,1,0,0,0.4275647014907102,0.7441397892121548,-0.058209972276561016,True
2026-08-18 03:07:00+08:00,123.75,123.75,0,0.0,124.22642265,1.0,0.0,124.22642265,0.3842483449907847,1,1,0,0,0.42699476415921334,0.7436269258659419,-0.057483689309193724,True
2026-08-18 03:08:00+08:00,123.75,123.75,0,0.0,124.22642265,1.0,0.0,124.22642265,0.3842483449907847,1,1,0,0,0.42641402129527894,0.7430929694737477,-0.05674347361186263,True
2026-08-18 03:09:00+08:00,123.75,123.75,0,0.0,124.25210387999998,1.0,0.0,124.25210387999998,0.4049190487859168,1,1,0,0,0.4258523522453,0.7425781518645072,-0.028190034149028882,True
2026-08-18 03:10:00+08:00,123.75,123.75,0,0.0,124.1883358,1.0,0.0,124.1883358,0.3535845302709371,1,1,0,0,0.4253783669653668,0.742245875447035,-0.0967251406431732,True
2026-08-18 03:11:00+08:00,123.75,123.75,0,0.0,124.15645175999998,1.0,0.0,124.15645175999998,0.3279073675690139,1,1,0,0,0.42489411082035267,0.7419143123973269,-0.13072499294150053,True
2026-08-18 03:12:00+08:00,123.75,123.75,0,0.0,124.1883358,1.0,0.0,124.1883358,0.3535845302709371,1,1,0,0,0.42437524085647554,0.7415102921837242,-0.09546827782667998,True
2026-08-18 03:13:00+08:00,123.75,123.75,0,0.0,124.09268368,1.0,0.0,124.09268368,0.2765332225360024,1,1,0,0,0.42380390687076397,0.7410735894787787,-0.19872612710208967,True
2026-08-18 03:14:00+08:00,123.5,123.5,0,0.0,124.08811194,1.0,0.0,124.08811194,0.4750728420615981,1,1,0,0,0.42324712902964956,0.7405117556773851,0.06998634746121057,True
2026-08-18 03:15:00+08:00,123.5,123.5,0,0.0,124.15192685999996,1.0,0.0,124.15192685999996,0.5264864023194258,1,1,0,0,0.4227325247245252,0.7399926329043388,0.14020933855474363,True
2026-08-18 03:16:00+08:00,123.5,123.5,0,0.0,124.15192685999996,1.0,0.0,124.15192685999996,0.5264864023194258,1,1,0,0,0.4221963123075139,0.7394313569247573,0.14104093508509968,True
2026-08-18 03:17:00+08:00,123.5,123.5,0,0.0,124.21574178,1.0,0.0,124.21574178,0.5778734729225748,1,1,0,0,0.4216945199160222,0.7388996924942755,0.21136692110311392,True
2026-08-18 03:18:00+08:00,123.5,123.5,0,0.0,124.24764924,1.0,0.0,124.24764924,0.6035570810003679,1,1,0,0,0.42120926853104074,0.7383815746031162,0.24695607087343696,True
2026-08-18 03:19:00+08:00,123.25,123.25,0,0.0,123.96832421999996,1.0,0.0,123.96832421999996,0.5811253856415055,1,1,0,0,0.42074011927318244,0.7379070591826957,0.21735158157446743,True
2026-08-18 03:20:00+08:00,123.25,123.25,0,0.0,123.93643115999998,1.0,0.0,123.93643115999998,0.5553955019122124,1,1,0,0,0.4201600263919858,0.7372306266353147,0.18343713708345905,True
2026-08-18 03:21:00+08:00,123.25,123.25,0,0.0,123.77696586,1.0,0.0,123.77696586,0.4266464255555343,1,1,0,0,0.4197094214398346,0.736882172494252,0.00941399368126769,True
2026-08-18 03:22:00+08:00,123.25,123.25,0,0.0,123.87264504,1.0,0.0,123.87264504,0.5039158106285335,1,1,0,0,0.41931790397410934,0.7365772406847885,0.11485272960073319,True
2026-08-18 03:23:00+08:00,123.25,123.25,0,0.0,123.96832421999996,1.0,0.0,123.96832421999996,0.5811253856415055,1,1,0,0,0.4189248879218153,0.7362285902587893,0.22031268530698547,True
2026-08-18 03:24:00+08:00,123.25,123.25,0,0.0,123.94504109,1.0,0.0,123.94504109,0.562342259727561,1,1,0,0,0.41852435861915566,0.7358780005307687,0.19543715263219372,True
2026-08-18 03:25:00+08:00,123.25,123.25,0,0.0,124.13636351,1.0,0.0,124.13636351,0.7165823511239465,1,1,0,0,0.41815316933703844,0.7354934182650773,0.4057537081580681,True
2026-08-18 03:26:00+08:00,123.25,123.25,0,0.0,124.07258937,1.0,0.0,124.07258937,0.6651955020326727,1,1,0,0,0.4177722077225546,0.7351186071025558,0.3365760190526647,True
2026-08-18 03:27:00+08:00,123.25,123.25,0,0.0,123.88126695,1.0,0.0,123.88126695,0.5108758254597789,1,1,0,0,0.4173120350220691,0.7346999863736279,0.127349655877261,True
2026-08-18 03:28:00+08:00,123.25,123.25,0,0.0,123.88126695,1.0,0.0,123.88126695,0.5108758254597789,1,1,0,0,0.41685186232158367,0.7342808385955524,0.12804904907777992,True
2026-08-18 03:29:00+08:00,123.25,123.25,0,0.0,123.69095307,1.0,0.0,123.69095307,0.3571323950264417,1,1,0,0,0.4162978713553331,0.7338030704055827,-0.0806285483327153,True
2026-08-18 03:30:00+08:00,123.25,123.25,0,0.0,123.65906574,1.0,0.0,123.65906574,0.331349307708901,1,1,0,0,0.41570127258459416,0.733265385376089,-0.11503606546547862,True
2026-08-18 03:31:00+08:00,123.0,123.0,0,0.0,123.75963516,1.0,0.0,123.75963516,0.6156883474944653,1,1,0,0,0.4152614747040468,0.7328154397567432,0.27350252453325746,True
2026-08-18 03:32:00+08:00,123.25,123.25,0,0.0,123.88227705,1.0,0.0,123.88227705,0.5116911943251153,1,1,0,0,0.414787294110546,0.7323692208218066,0.1323156373308964,True
2026-08-18 03:33:00+08:00,123.25,123.25,0,0.0,123.97793904,1.0,0.0,123.97793904,0.5888808868662851,1,1,0,0,0.4143763191180633,0.7319830321596478,0.23839974436751954,True
2026-08-18 03:34:00+08:00,123.25,123.25,0,0.0,123.91549989,1.0,0.0,123.91549989,0.5385054874536978,1,1,0,0,0.41385906833590463,0.7314380418554467,0.17041281965810967,True
2026-08-18 03:35:00+08:00,123.25,123.25,0,0.0,124.0111383,1.0,0.0,124.0111383,0.6156554202031665,1,1,0,0,0.41342647343275524,0.7309986210060994,0.2766475078873287,True
2026-08-18 03:36:00+08:00,123.25,123.25,0,0.0,124.0111383,1.0,0.0,124.0111383,0.6156554202031665,1,1,0,0,0.4129615751380472,0.7305001094704573,0.2774727100479875,True
2026-08-18 03:37:00+08:00,123.25,123.25,0,0.0,124.10677671,1.0,0.0,124.10677671,0.6927456942119573,1,1,0,0,0.41257119981633605,0.7300896066120716,0.3837535719700913,True
2026-08-18 03:38:00+08:00,123.25,123.25,0,0.0,124.17053565,1.0,0.0,124.17053565,0.744106100636845,1,1,0,0,0.41220136865719476,0.7296872859786384,0.45485886674660625,True
2026-08-18 03:39:00+08:00,123.25,123.25,0,0.0,124.26562647,1.0,0.0,124.26562647,0.8206564445926691,1,1,0,0,0.4119717541779244,0.7294683688647529,0.5602500503904877,True
2026-08-18 03:40:00+08:00,123.25,123.25,0,0.0,124.16996393999996,1.0,0.0,124.16996393999996,0.7436456827089892,1,1,0,0,0.41165566556114463,0.7291533065970849,0.4553089372895012,True
2026-08-18 03:41:00+08:00,123.25,123.25,0,0.0,124.20185145,1.0,0.0,124.20185145,0.7693225525874372,1,1,0,0,0.41134984769231625,0.7288428347211591,0.49115212202377523,True
2026-08-18 03:42:00+08:00,123.25,123.25,0,0.0,124.13807643,1.0,0.0,124.13807643,0.7179621935023088,1,1,0,0,0.41099858452068777,0.728483278153386,0.4213735828772013,True
2026-08-18 03:43:00+08:00,123.25,123.25,0,0.0,124.0424139,1.0,0.0,124.0424139,0.640871984306349,1,1,0,0,0.41058414677458976,0.728057540136486,0.3163044468828495,True
2026-08-18 03:44:00+08:00,123.25,123.25,0,0.0,124.12908360000002,1.0,0.0,124.12908360000002,0.7107178078333017,1,1,0,0,0.41020842392612655,0.727660076743725,0.4129804472054494,True
2026-08-18 03:45:00+08:00,123.25,123.25,0,0.0,124.1609688,1.0,0.0,124.1609688,0.7364013038050932,1,1,0,0,0.40979988576107873,0.7271899595850486,0.449128063085993,True
2026-08-18 03:46:00+08:00,123.25,123.25,0,0.0,124.1609688,1.0,0.0,124.1609688,0.7364013038050932,1,1,0,0,0.4093483056577102,0.7266362559892521,0.4500917693710848,True
2026-08-18 03:47:00+08:00,123.25,123.25,0,0.0,124.2566244,1.0,0.0,124.2566244,0.8134120874059375,1,1,0,0,0.40895128928546265,0.7261440601030378,0.556998012299492,True
2026-08-18 03:48:00+08:00,123.25,123.25,0,0.0,124.192854,1.0,0.0,124.192854,0.76207818068572,1,1,0,0,0.4085337393505271,0.7256405829220881,0.4872170185293411,True
2026-08-18 03:49:00+08:00,123.25,123.25,0,0.0,123.93866115,1.0,0.0,123.93866115,0.5571947732522337,1,1,0,0,0.4080449980026041,0.7251286319435284,0.20568733419044619,True
2026-08-18 03:50:00+08:00,123.25,123.25,0,0.0,123.90680849999998,1.0,0.0,123.90680849999998,0.5314913264871541,1,1,0,0,0.4076566162858434,0.7248023127275333,0.17085308369850985,True
2026-08-18 03:51:00+08:00,123.25,123.25,0,0.0,123.93866115,1.0,0.0,123.93866115,0.5571947732522337,1,1,0,0,0.40720017832625865,0.7243485593205137,0.2070751615309068,True
2026-08-18 03:52:00+08:00,123.25,123.25,0,0.0,123.93866115,1.0,0.0,123.93866115,0.5571947732522337,1,1,0,0,0.40675460081223,0.7239134064999855,0.20781514900706102,True
2026-08-18 03:53:00+08:00,123.25,123.25,0,0.0,124.06607175000002,1.0,0.0,124.06607175000002,0.6599423516842433,1,1,0,0,0.4063932461974564,0.7235613764670187,0.3504182419531678,True
2026-08-18 03:54:00+08:00,123.25,123.25,0,0.0,124.10354165,1.0,0.0,124.10354165,0.6901390166531387,1,1,0,0,0.40607634392939046,0.7232634776570794,0.39275130225562244,True
2026-08-18 03:55:00+08:00,123.25,123.25,0,0.0,123.84864349,1.0,0.0,123.84864349,0.4845380626496459,1,1,0,0,0.40565561589250726,0.7229117019444403,0.10911767861132392,True
2026-08-18 03:56:00+08:00,123.25,123.25,0,0.0,123.88050576,1.0,0.0,123.88050576,0.5102613763209947,1,1,0,0,0.4051912650197061,0.7224713913377375,0.14543151820411793,True
2026-08-18 03:57:00+08:00,123.25,123.25,0,0.0,124.10354165,1.0,0.0,124.10354165,0.6901390166531387,1,1,0,0,0.40480372744224685,0.7220584753041224,0.39516922655150893,True
2026-08-18 03:58:00+08:00,123.25,123.25,0,0.0,124.16726619,1.0,0.0,124.16726619,0.7414730621876591,1,1,0,0,0.40440440258302085,0.7215959746082119,0.4671154932476564,True
2026-08-18 03:59:00+08:00,123.5,123.5,0,0.0,124.43481654999998,1.0,0.0,124.43481654999998,0.7540825149189636,1,1,0,0,0.40399935372286727,0.721115213829782,0.48547465714505483,True
2026-08-18 21:30:00+08:00,117.75,117.75,0,0.0,119.3165842,1.0,0.0,119.3165842,1.3216406734728732,1,1,0,0,0.4037567827893845,0.720704381080495,1.2735927722645146,True
2026-08-18 21:31:00+08:00,118.25,118.25,0,0.0,119.629231934,1.0,0.0,119.629231934,1.1596068499016,1,1,0,0,0.40348165785440726,0.7202843802895772,1.0497592516766867,True
2026-08-18 21:32:00+08:00,117.75,117.75,0,0.0,119.22087571,1.0,0.0,119.22087571,1.2413978769273133,1,1,0,0,0.40322737744374737,0.7198762019624838,1.1643258899218993,True
2026-08-18 21:33:00+08:00,117.75,117.75,0,0.0,118.694479015,1.0,0.0,118.694479015,0.7989013056550001,1,1,0,0,0.4028068544962755,0.7193376748829072,0.5506377115910136,True
2026-08-18 21:34:00+08:00,117.75,117.75,0,0.0,118.9975559,1.0,0.0,118.9975559,1.0539123795871,1,1,0,0,0.40249909499021086,0.7188943164168881,0.9061321945674327,True
2026-08-18 21:35:00+08:00,118.0,118.0,0,0.0,118.71910036,1.0,0.0,118.71910036,0.6075558405776283,1,1,0,0,0.40200203385670813,0.7183225356369162,0.28615809267164577,True
2026-08-18 21:36:00+08:00,117.75,117.75,0,0.0,118.43195391999998,1.0,0.0,118.43195391999998,0.5774818174558557,1,1,0,0,0.40148218702225963,0.717724841366714,0.24521880850389974,True
2026-08-18 21:37:00+08:00,117.75,117.75,0,0.0,118.91053132,1.0,0.0,118.91053132,0.980756118079343,1,1,0,0,0.4012288074392894,0.7174084110929022,0.8078066853958401,True
2026-08-18 21:38:00+08:00,117.75,117.75,0,0.0,118.81481584,1.0,0.0,118.81481584,0.9002317916288903,1,1,0,0,0.40083327105981453,0.716860378052566,0.6966468448510846,True
2026-08-18 21:39:00+08:00,117.75,117.75,0,0.0,118.81481584,1.0,0.0,118.81481584,0.9002317916288903,1,1,0,0,0.4004269844100443,0.7162891640564778,0.6977696052085433,True
2026-08-18 21:40:00+08:00,117.75,117.75,0,0.0,118.74356152,1.0,0.0,118.74356152,0.840244033380144,1,1,0,0,0.40000745292726997,0.7157240667170959,0.6150926047131041,True
2026-08-18 21:41:00+08:00,117.75,117.75,0,0.0,118.6791171368,1.0,0.0,118.6791171368,0.7859583016269579,1,1,0,0,0.3995554568814989,0.7151231277194176,0.5403305106041351,True
2026-08-18 21:42:00+08:00,117.75,117.75,0,0.0,118.58404572,1.0,0.0,118.58404572,0.7058193562074749,1,1,0,0,0.39912339244561074,0.7146114681768246,0.42917862001897633,True
2026-08-18 21:43:00+08:00,117.75,117.75,0,0.0,118.48833624,1.0,0.0,118.48833624,0.6250774127107824,1,1,0,0,0.3986174843320553,0.7140033704501184,0.3171692708340626,True
2026-08-18 21:44:00+08:00,117.75,117.75,0,0.0,118.13740148,1.0,0.0,118.13740148,0.3284630527695565,1,1,0,0,0.3980144397673971,0.7134254726187268,-0.09748935196067868,True
2026-08-18 21:45:00+08:00,117.5,117.5,0,0.0,118.1553776,1.0,0.0,118.1553776,0.5562169696058693,1,1,0,0,0.3975024967694735,0.7128523321544257,0.2226470556064806,True
2026-08-18 21:46:00+08:00,117.5,117.5,0,0.0,117.91871975,1.0,0.0,117.91871975,0.35572341098844,1,1,0,0,0.39689960024229193,0.7122497808697555,-0.05781144531005694,True
2026-08-18 21:47:00+08:00,117.5,117.5,0,0.0,117.78026416,1.0,0.0,117.78026416,0.2382385628481024,1,1,0,0,0.3962575025563718,0.7116687194431335,-0.222040024229133,True
2026-08-18 21:48:00+08:00,117.25,117.25,0,0.0,117.74836268,1.0,0.0,117.74836268,0.4241414061923585,1,1,0,0,0.3956839573520456,0.7110679761230971,0.04002071503131016,True
2026-08-18 21:49:00+08:00,117.25,117.25,0,0.0,117.62075676,1.0,0.0,117.62075676,0.3157113002184818,1,1,0,0,0.39501909744559555,0.7103650252636113,-0.11164372457340953,True
2026-08-18 21:50:00+08:00,117.25,117.25,0,0.0,117.84406712,1.0,0.0,117.84406712,0.5053867392551198,1,1,0,0,0.39447310293181165,0.709755151958196,0.15627027999346013,True
2026-08-18 21:51:00+08:00,117.25,117.25,0,0.0,117.68455972,1.0,0.0,117.68455972,0.3699410767985036,1,1,0,0,0.39389444526994005,0.709184969138639,-0.033775911100498546,True
2026-08-18 21:52:00+08:00,117.25,117.25,0,0.0,117.68455972,1.0,0.0,117.68455972,0.3699410767985036,1,1,0,0,0.39334599429402467,0.7086729132455057,-0.03302640337745338,True
2026-08-18 21:53:00+08:00,117.25,117.25,0,0.0,117.53050464,1.0,0.0,117.53050464,0.2389505384445056,1,1,0,0,0.39274514710276764,0.7081665974432862,-0.2171729211932772,True
2026-08-18 21:54:00+08:00,117.25,117.25,0,0.0,117.59431056,1.0,0.0,117.59431056,0.2932245274999273,1,1,0,0,0.3921660095071329,0.707655541709424,-0.13981587958486266,True
2026-08-18 21:55:00+08:00,117.25,117.25,0,0.0,117.49860168,1.0,0.0,117.49860168,0.2118024799473704,1,1,0,0,0.3915327762491072,0.7071081446291854,-0.25417653249629757,True
2026-08-18 21:56:00+08:00,117.25,117.25,0,0.0,117.951623712,1.0,0.0,117.951623712,0.5966146839693073,1,1,0,0,0.3910427088329842,0.7065410567920117,0.29095545568109626,True
2026-08-18 21:57:00+08:00,117.25,117.25,0,0.0,117.53050464,1.0,0.0,117.53050464,0.2389505384445056,1,1,0,0,0.39043497957755996,0.7060180027457591,-0.21456172582557323,True
2026-08-18 21:58:00+08:00,117.25,117.25,0,0.0,117.82808247,1.0,0.0,117.82808247,0.4918216653173283,1,1,0,0,0.3899174186389563,0.7054690152249056,0.1444489332332826,True
2026-08-18 21:59:00+08:00,116.75,116.75,0,0.0,117.79617668,1.0,0.0,117.79617668,0.8920858952455571,1,1,0,0,0.38957094352625243,0.7050094475459384,0.7127776137873114,True
2026-08-18 22:00:00+08:00,117.25,117.25,0,0.0,117.66855352,1.0,0.0,117.66855352,0.3563392620365077,1,1,0,0,0.38898864294979746,0.7044352339330385,-0.046348307609487535,True
2026-08-18 22:01:00+08:00,117.25,117.25,0,0.0,117.66855352,1.0,0.0,117.66855352,0.3563392620365077,1,1,0,0,0.38845802636683957,0.703959857493972,-0.04562584640077567,True
2026-08-18 22:02:00+08:00,117.25,117.25,0,0.0,117.82808247,1.0,0.0,117.82808247,0.4918216653173283,1,1,0,0,0.3879738520131324,0.7034721689448616,0.14762177935192133,True
2026-08-18 22:03:00+08:00,117.25,117.25,0,0.0,117.89548848,1.0,0.0,117.89548848,0.5490120045870228,1,1,0,0,0.38752332743773726,0.7030080762227316,0.2297109842847974,True
2026-08-18 22:04:00+08:00,117.25,117.25,0,0.0,117.83233018259996,1.0,0.0,117.83233018259996,0.4954265870579473,1,1,0,0,0.3870405950527264,0.7025193015279017,0.1542818706468183,True
2026-08-18 22:05:00+08:00,117.25,117.25,0,0.0,117.64030344,1.0,0.0,117.64030344,0.3323282692252089,1,1,0,0,0.38648185262387763,0.7020069189597073,-0.07714109638537185,True
2026-08-18 22:06:00+08:00,117.25,117.25,0,0.0,117.825312594,1.0,0.0,117.825312594,0.4894708743777123,1,1,0,0,0.38599673795379463,0.7015163685564387,0.14750067291636249,True
2026-08-18 22:07:00+08:00,117.25,117.25,0,0.0,117.92738661,1.0,0.0,117.92738661,0.5760644080319769,1,1,0,0,0.385525013922135,0.700991701055514,0.2718140511833997,True
2026-08-18 22:08:00+08:00,117.25,117.25,0,0.0,117.61942936,1.0,0.0,117.61942936,0.3145827543470965,1,1,0,0,0.3849132435527098,0.7003857037148514,-0.10041679724840158,True
2026-08-18 22:09:00+08:00,116.75,116.75,0,0.0,117.45996701,1.0,0.0,117.45996701,0.606265411385906,1,1,0,0,0.38443206731180435,0.6998200177134652,0.3169862799851049,True
2026-08-18 22:10:00+08:00,116.75,116.75,0,0.0,117.36428959999998,1.0,0.0,117.36428959999998,0.5247775358347696,1,1,0,0,0.3839290607640275,0.6992668130476992,0.20142307977818244,True
2026-08-18 22:11:00+08:00,116.75,116.75,0,0.0,117.20482725,1.0,0.0,117.20482725,0.3888162987241751,1,1,0,0,0.38335014295740705,0.6986631645498729,0.007823735448096425,True
2026-08-18 22:12:00+08:00,116.75,116.75,0,0.0,117.26861219,1.0,0.0,117.26861219,0.4432230284136008,1,1,0,0,0.38281044417129567,0.6980953463729253,0.08653915909365262,True
2026-08-18 22:13:00+08:00,116.75,116.75,0,0.0,117.36175555,1.0,0.0,117.36175555,0.5226183952726315,1,1,0,0,0.382313268391379,0.6975527849555074,0.20113908209857081,True
2026-08-18 22:14:00+08:00,116.75,116.75,0,0.0,117.393656,1.0,0.0,117.393656,0.5497958056997222,1,1,0,0,0.3818157681825992,0.6969894037600793,0.2410080219454036,True
2026-08-18 22:15:00+08:00,116.25,116.25,0,0.0,117.48935735,1.0,0.0,117.48935735,1.0604609887278835,1,1,0,0,0.38151220264362307,0.6965283412082834,0.9747611775659734,True
2026-08-18 22:16:00+08:00,116.25,116.25,0,0.0,117.6488596,1.0,0.0,117.6488596,1.1961234889235934,1,1,0,0,0.3812306338166212,0.6960565422620707,1.1707279590515778,True
2026-08-18 22:17:00+08:00,116.25,116.25,0,0.0,117.3298551,1.0,0.0,117.3298551,0.9246132116467805,1,1,0,0,0.38080599718445257,0.6954007900056298,0.7820054596974577,True
2026-08-18 22:18:00+08:00,116.25,116.25,0,0.0,117.7922973,1.0,0.0,117.7922973,1.3179645882753015,1,1,0,0,0.3805279567102855,0.6948868822568807,1.3490492560751368,True
2026-08-18 22:19:00+08:00,116.25,116.25,0,0.0,117.6647129,1.0,0.0,117.6647129,1.2095971924645856,1,1,0,0,0.3802065692777942,0.6943173239033609,1.1945411624242157,True
2026-08-18 22:20:00+08:00,116.75,116.75,0,0.0,117.7604012,1.0,0.0,117.7604012,0.8617112032811652,1,1,0,0,0.37973528597158257,0.6935900836126816,0.6949002425166307,True
2026-08-18 22:21:00+08:00,116.75,116.75,0,0.0,117.44144020000002,1.0,0.0,117.44144020000002,0.5904914367574879,1,1,0,0,0.37918774793789745,0.6928828295789571,0.3049630901490127,True
2026-08-18 22:22:00+08:00,116.75,116.75,0,0.0,117.4733363,1.0,0.0,117.4733363,0.6176466541946356,1,1,0,0,0.3786775934249467,0.6922372493774405,0.3452126579212608,True
2026-08-18 22:23:00+08:00,116.75,116.75,0,0.0,117.62005632,1.0,0.0,117.62005632,0.7424637205463324,1,1,0,0,0.3782388865985181,0.6916587792028822,0.5265961264419623,True
2026-08-18 22:24:00+08:00,116.25,116.25,0,0.0,117.5243784,1.0,0.0,117.5243784,1.090263534200892,1,1,0,0,0.377950064511635,0.6912104896818907,1.0305304683918763,True
2026-08-18 22:25:00+08:00,116.75,116.75,0,0.0,117.74762688,1.0,0.0,117.74762688,0.8508630925382716,1,1,0,0,0.3776544386466284,0.6908500245172667,0.684965820508292,True
2026-08-18 22:26:00+08:00,116.75,116.75,0,0.0,118.1622312,1.0,0.0,118.1622312,1.202347951646371,1,1,0,0,0.3774212180651235,0.6904730634740537,1.1947268868545027,True
2026-08-18 22:27:00+08:00,116.75,116.75,0,0.0,118.19412384,1.0,0.0,118.19412384,1.229333865769267,1,1,0,0,0.37701577658629837,0.6896746541458096,1.2358263190614125,True
2026-08-18 22:28:00+08:00,116.75,116.75,0,0.0,118.15048832,1.0,0.0,118.15048832,1.19240988387571,1,1,0,0,0.3765632899626639,0.6887678517559451,1.184501558592095,True
2026-08-18 22:29:00+08:00,116.75,116.75,0,0.0,118.144108704,1.0,0.0,118.144108704,1.1870103611298022,1,1,0,0,0.376388032826894,0.6885058184021167,1.1773645285731924,True
2026-08-18 22:30:00+08:00,116.75,116.75,0,0.0,118.15048832,1.0,0.0,118.15048832,1.19240988387571,1,1,0,0,0.3759570603107028,0.6876571580236414,1.187296335155633,True
2026-08-18 22:31:00+08:00,116.75,116.75,0,0.0,118.11859024,1.0,0.0,118.11859024,1.16540933685642,1,1,0,0,0.3755152875757039,0.6867945449417966,1.1501169528765793,True
2026-08-18 22:32:00+08:00,116.75,116.75,0,0.0,118.1823864,1.0,0.0,118.1823864,1.2194030988653837,1,1,0,0,0.37537035731645657,0.686578185095029,1.2293323031114145,True
2026-08-18 22:33:00+08:00,116.75,116.75,0,0.0,118.11967698,1.0,0.0,118.11967698,1.1663293428181802,1,1,0,0,0.3749343352078954,0.6857290826018184,1.1540928155001753,True
2026-08-18 22:34:00+08:00,116.75,116.75,0,0.0,117.92823504,1.0,0.0,117.92823504,1.0041280903609815,1,1,0,0,0.3744765076136587,0.6849262918944296,0.9192983101959438,True
2026-08-18 22:35:00+08:00,116.75,116.75,0,0.0,117.86442106,1.0,0.0,117.86442106,0.9500021822742069,1,1,0,0,0.37398625650461015,0.684075007149595,0.8420362091135897,True
2026-08-18 22:36:00+08:00,116.75,116.75,0,0.0,117.92823504,1.0,0.0,117.92823504,1.0041280903609815,1,1,0,0,0.37353920499578025,0.683297421484667,0.9228615029675646,True
2026-08-18 22:37:00+08:00,116.75,116.75,0,0.0,117.96014203,1.0,0.0,117.96014203,1.03118000741981,1,1,0,0,0.3731190511561254,0.682569590546927,0.9640935743070473,True
2026-08-18 22:38:00+08:00,116.75,116.75,0,0.0,117.86360913,1.0,0.0,117.86360913,0.9493133276705708,1,1,0,0,0.37266615064457087,0.6818110634713505,0.8457580228899153,True
2026-08-18 22:39:00+08:00,116.75,116.75,0,0.0,117.8936096154,1.0,0.0,117.8936096154,0.974763060689766,1,1,0,0,0.37225577603141163,0.68113946368105,0.8845578868712913,True
2026-08-18 22:40:00+08:00,116.75,116.75,0,0.0,117.70403208000002,1.0,0.0,117.70403208000002,0.8138329475813711,1,1,0,0,0.3717486833678214,0.680338161011763,0.6498007748912766,True
2026-08-18 22:41:00+08:00,116.75,116.75,0,0.0,117.54445503,1.0,0.0,117.54445503,0.6781680171630775,1,1,0,0,0.3711442378019607,0.6793937255038428,0.4519084705020288,True
2026-08-18 22:42:00+08:00,116.75,116.75,0,0.0,117.35296257000002,1.0,0.0,117.35296257000002,0.515125962850404,1,1,0,0,0.3704499378182724,0.6783585246862048,0.21327368901136146,True
2026-08-18 22:43:00+08:00,116.25,116.25,0,0.0,117.3228484,1.0,0.0,117.3228484,0.9186413637964592,1,1,0,0,0.3699170439949625,0.6774037266073477,0.8100403027743615,True
2026-08-18 22:44:00+08:00,116.25,116.25,0,0.0,117.1632689,1.0,0.0,117.1632689,0.7825338330626547,1,1,0,0,0.3693835437948504,0.6765528107702942,0.6106696811996228,True
2026-08-18 22:45:00+08:00,116.25,116.25,0,0.0,117.3228484,1.0,0.0,117.3228484,0.9186413637964592,1,1,0,0,0.3689260417864351,0.6757940907719309,0.8134361183627807,True
2026-08-18 22:46:00+08:00,116.25,116.25,0,0.0,117.3228484,1.0,0.0,117.3228484,0.9186413637964592,1,1,0,0,0.36844698459861663,0.6749792544967174,0.8151278362000655,True
2026-08-18 22:47:00+08:00,116.25,116.25,0,0.0,117.22710069999998,1.0,0.0,117.22710069999998,0.8369991721419213,1,1,0,0,0.3679024514946075,0.674051275777364,0.6959362551555415,True
2026-08-18 22:48:00+08:00,116.25,116.25,0,0.0,117.25082828,1.0,0.0,117.25082828,0.857237455962992,1,1,0,0,0.36737678102853444,0.6731564190666756,0.7277070544965527,True
2026-08-18 22:49:00+08:00,116.25,116.25,0,0.0,117.18698356,1.0,0.0,117.18698356,0.8027721620718853,1,1,0,0,0.36679703125987606,0.6721563160399204,0.6486216381638761,True
2026-08-18 22:50:00+08:00,116.25,116.25,0,0.0,117.21890592,1.0,0.0,117.21890592,0.8300085325555093,1,1,0,0,0.36622817603941116,0.6711615292759912,0.6910115319279349,True
2026-08-18 22:51:00+08:00,116.25,116.25,0,0.0,117.21890592,1.0,0.0,117.21890592,0.8300085325555093,1,1,0,0,0.3656593208189462,0.6701647830013848,0.6928881127667427,True
2026-08-18 22:52:00+08:00,115.75,115.75,0,0.0,117.05929412,1.0,0.0,117.05929412,1.1247782224064793,1,1,0,0,0.36518400822125385,0.6692041300943032,1.1350710194782936,True
2026-08-18 22:53:00+08:00,115.75,115.75,0,0.0,116.91347283,1.0,0.0,116.91347283,1.0001336401009686,1,1,0,0,0.364939715393534,0.6688607353627778,0.9496654402398387,True
2026-08-18 22:55:00+08:00,116.25,116.25,0,0.0,116.84963801,1.0,0.0,116.84963801,0.5144907260424557,1,1,0,0,0.3642956385168144,0.6679405184756368,0.22486296814035797,True
2026-08-18 22:56:00+08:00,116.25,116.25,0,0.0,116.78580319,1.0,0.0,116.78580319,0.4598462405050625,1,1,0,0,0.3636189306664864,0.6669857006085743,0.14427192329727,True
2026-08-18 22:57:00+08:00,115.75,115.75,0,0.0,116.6268544882,1.0,0.0,116.6268544882,0.7546831547670528,1,1,0,0,0.3630601575818631,0.666072077078096,0.5879588871269745,True
2026-08-18 22:58:00+08:00,115.75,115.75,0,0.0,116.42179775999998,1.0,0.0,116.42179775999998,0.5787074627336303,1,1,0,0,0.3624388172835461,0.6651454620319924,0.3251448860364953,True
2026-08-18 22:59:00+08:00,115.75,115.75,0,0.0,116.61328097999998,1.0,0.0,116.61328097999998,0.7430442334598376,1,1,0,0,0.36185090097685846,0.6641584884617742,0.5739493495985316,True
2026-08-18 23:00:00+08:00,115.75,115.75,0,0.0,116.67710872,1.0,0.0,116.67710872,0.797762984796128,1,1,0,0,0.36124183222961254,0.6630593594319502,0.6583440024743601,True
2026-08-18 23:01:00+08:00,115.75,115.75,0,0.0,116.61328097999998,1.0,0.0,116.61328097999998,0.7430442334598376,1,1,0,0,0.36062163157628585,0.661975920376354,0.5776986595919268,True
2026-08-18 23:02:00+08:00,115.75,115.75,0,0.0,116.8047642,1.0,0.0,116.8047642,0.9071103777455908,1,1,0,0,0.3600563017862196,0.6609046167150129,0.8277352920886994,True
2026-08-18 23:03:00+08:00,115.75,115.75,0,0.0,116.95425712,1.0,0.0,116.95425712,1.0350108200891244,1,1,0,0,0.35956415447852297,0.6599430230383998,1.0234923956023088,True
2026-08-18 23:04:00+08:00,115.75,115.75,0,0.0,117.11385627,1.0,0.0,117.11385627,1.1713765217549617,1,1,0,0,0.35912655345149264,0.6590412473160582,1.2324721276723611,True
2026-08-18 23:05:00+08:00,116.25,116.25,0,0.0,117.014904797,1.0,0.0,117.014904797,0.655825013767653,1,1,0,0,0.3584612177028093,0.6579007794961198,0.4519888185762478,True
2026-08-18 23:06:00+08:00,116.0,116.0,0,0.0,117.11385627,1.0,0.0,117.11385627,0.9556328292299324,1,1,0,0,0.357937319198769,0.6569027876769525,0.9098690418788332,True
2026-08-18 23:07:00+08:00,115.75,115.75,0,0.0,117.20961576,1.0,0.0,117.20961576,1.2531062564111703,1,1,0,0,0.3575754734431998,0.656160029632594,1.3648054476427165,True
2026-08-18 23:08:00+08:00,115.75,115.75,0,0.0,116.9361936,1.0,0.0,116.9361936,1.0195650903457778,1,1,0,0,0.3570956445286171,0.6552365078845948,1.0110386674819405,True
2026-08-18 23:09:00+08:00,115.75,115.75,0,0.0,116.64895949999998,1.0,0.0,116.64895949999998,0.7736347029556948,1,1,0,0,0.3565066819857227,0.654199274219605,0.6376161475684371,True
2026-08-18 23:10:00+08:00,115.25,115.25,0,0.0,116.5532148,1.0,0.0,116.5532148,1.124414776666856,1,1,0,0,0.3561002011274331,0.6534058299093706,1.1758612188170872,True
2026-08-18 23:11:00+08:00,115.25,115.25,0,0.0,116.41598072999996,1.0,0.0,116.41598072999996,1.0066050494991663,1,1,0,0,0.35564659637827656,0.6525599094749842,0.9975458860851827,True
2026-08-18 23:12:00+08:00,115.25,115.25,0,0.0,116.64895949999998,1.0,0.0,116.64895949999998,1.206525034020237,1,1,0,0,0.3553257335121855,0.65194395423651,1.305632631419811,True
2026-08-18 23:13:00+08:00,115.25,115.25,0,0.0,116.73469072,1.0,0.0,116.73469072,1.2799902574536606,1,1,0,0,0.3550472883006058,0.6514000888671672,1.4199306769540037,True
2026-08-18 23:14:00+08:00,115.75,115.75,0,0.0,116.83047958000002,1.0,0.0,116.83047958000002,0.9291231851883486,1,1,0,0,0.35464999381519613,0.6507466145027746,0.8827909028955894,True
2026-08-18 23:15:00+08:00,115.75,115.75,0,0.0,116.79854996,1.0,0.0,116.79854996,0.9017901510719774,1,1,0,0,0.3542525192701158,0.6501085176304338,0.8422249777584355,True
2026-08-18 23:16:00+08:00,115.75,115.75,0,0.0,116.79854996,1.0,0.0,116.79854996,0.9017901510719774,1,1,0,0,0.35379056954775306,0.6493084842500738,0.8439741583804231,True
2026-08-18 23:17:00+08:00,115.75,115.75,0,0.0,116.73469072,1.0,0.0,116.73469072,0.8471015592041244,1,1,0,0,0.3532638191947344,0.6483732427709227,0.7616565697543264,True
2026-08-18 23:18:00+08:00,115.75,115.75,0,0.0,116.77330976,1.0,0.0,116.77330976,0.8801782161592464,1,1,0,0,0.3527189542035185,0.6473570699391831,0.8147887563895468,True
2026-08-18 23:19:00+08:00,115.75,115.75,0,0.0,116.64561888,1.0,0.0,116.64561888,0.7707708814101725,1,1,0,0,0.35211961096377753,0.6462752299117639,0.6477909891480036,True
2026-08-18 23:20:00+08:00,115.75,115.75,0,0.0,116.6775416,1.0,0.0,116.6775416,0.7981339849958625,1,1,0,0,0.3515312129654708,0.6451983634080897,0.692194520877782,True
2026-08-18 23:21:00+08:00,115.75,115.75,0,0.0,116.8371552,1.0,0.0,116.8371552,0.9348368348760924,1,1,0,0,0.3509546638628602,0.6440318042617046,0.9066045607523593,True
2026-08-18 23:22:00+08:00,115.75,115.75,0,0.0,117.02869152,1.0,0.0,117.02869152,1.0986327929334083,1,1,0,0,0.35047575297570654,0.6430297069795188,1.1634875213961637,True
2026-08-18 23:23:00+08:00,115.75,115.75,0,0.0,117.09253696,1.0,0.0,117.09253696,1.1531715618015603,1,1,0,0,0.3499851123839314,0.6419481852617984,1.251170215692836,True
2026-08-18 23:24:00+08:00,115.75,115.75,0,0.0,117.13876878,1.0,0.0,117.13876878,1.1926455597452212,1,1,0,0,0.349553093617848,0.6410168446551844,1.315242295357916,True
2026-08-18 23:25:00+08:00,115.75,115.75,0,0.0,117.04298892,1.0,0.0,117.04298892,1.1108486780453155,1,1,0,0,0.34913123476806773,0.6401680922888738,1.189870992404172,True
2026-08-18 23:26:00+08:00,115.75,115.75,0,0.0,116.91528243999998,1.0,0.0,116.91528243999998,1.0016814092583743,1,1,0,0,0.34861211793412816,0.6391116581812242,1.0218391152224362,True
2026-08-18 23:28:00+08:00,115.75,115.75,0,0.0,116.94720906,1.0,0.0,116.94720906,1.0289844599651476,1,1,0,0,0.3481467893717583,0.6381919578367492,1.0668227047253847,True
2026-08-18 23:29:00+08:00,115.75,115.75,0,0.0,116.90620068,1.0,0.0,116.90620068,0.9939134883323172,1,1,0,0,0.34769936532574636,0.6373464058644988,1.0139134967428645,True
2026-08-18 23:30:00+08:00,115.75,115.75,0,0.0,117.03389724,1.0,0.0,117.03389724,1.1030808017414455,1,1,0,0,0.3472741514324918,0.6364871135860147,1.1874657540993785,True
2026-08-18 23:31:00+08:00,115.75,115.75,0,0.0,117.03389724,1.0,0.0,117.03389724,1.1030808017414455,1,1,0,0,0.3468596644712562,0.6356568503174439,1.1896688235052233,True
2026-08-18 23:32:00+08:00,115.75,115.75,0,0.0,116.93812482,1.0,0.0,116.93812482,1.0212165497651482,1,1,0,0,0.34635882621117725,0.6346312280777139,1.0633856225419327,True
2026-08-18 23:33:00+08:00,115.75,115.75,0,0.0,117.03389724,1.0,0.0,117.03389724,1.1030808017414455,1,1,0,0,0.34594433924994167,0.6337979350432795,1.1946022866732786,True
2026-08-18 23:34:00+08:00,115.75,115.75,0,0.0,117.01520375,1.0,0.0,117.01520375,1.0871072906231138,1,1,0,0,0.3456339053527625,0.6332445332395273,1.1709116247354732,True
2026-08-18 23:36:00+08:00,115.75,115.75,0,0.0,116.82363725,1.0,0.0,116.82363725,0.9232665083583153,1,1,0,0,0.3451520293741317,0.6323457922486792,0.9142378838773575,True
2026-08-18 23:37:00+08:00,115.75,115.75,0,0.0,116.69592625,1.0,0.0,116.69592625,0.8138892905205176,1,1,0,0,0.34468867618099863,0.6315772826907855,0.7429029308029044,True
2026-08-18 23:38:00+08:00,115.75,115.75,0,0.0,116.82363725,1.0,0.0,116.82363725,0.9232665083583153,1,1,0,0,0.3442819703196687,0.6308768124334212,0.9177457890794631,True
2026-08-18 23:39:00+08:00,115.75,115.75,0,0.0,116.71819016,1.0,0.0,116.71819016,0.8329657140046723,1,1,0,0,0.34376397402329634,0.6299430220263577,0.7765809333163899,True
2026-08-18 23:40:00+08:00,115.75,115.75,0,0.0,116.8906046,1.0,0.0,116.8906046,0.980572245297546,1,1,0,0,0.3433337850397417,0.6291402655428534,1.012871842987133,True
2026-08-18 23:41:00+08:00,115.75,115.75,0,0.0,117.018957572,1.0,0.0,117.018957572,1.0903151221163083,1,1,0,0,0.3429260247891315,0.6283251211033589,1.1894942160115098,True
2026-08-18 23:42:00+08:00,115.75,115.75,0,0.0,116.9863904,1.0,0.0,116.9863904,1.0624813746359494,1,1,0,0,0.34251786379297255,0.6275256280506942,1.1473053508259508,True
2026-08-18 23:43:00+08:00,115.75,115.75,0,0.0,117.0821762,1.0,0.0,117.0821762,1.144323110097707,1,1,0,0,0.34228223060908247,0.6271137751620134,1.2789399806780182,True
2026-08-18 23:44:00+08:00,115.75,115.75,0,0.0,117.0152404,1.0,0.0,117.0152404,1.0871386104091134,1,1,0,0,0.3419806584208166,0.6265739985456856,1.1892576993584978,True
2026-08-18 23:45:00+08:00,115.75,115.75,0,0.0,117.20680696,1.0,0.0,117.20680696,1.2507099311763288,1,1,0,0,0.34176645056598837,0.6261716245244393,1.4515884224243774,True
2026-08-18 23:46:00+08:00,115.75,115.75,0,0.0,117.20680696,1.0,0.0,117.20680696,1.2507099311763288,1,1,0,0,0.3415522427111602,0.6257689184480256,1.4528648861627351,True
2026-08-18 23:47:00+08:00,115.75,115.75,0,0.0,117.14295143999998,1.0,0.0,117.14295143999998,1.196216056679449,1,1,0,0,0.3413162373065332,0.6253351314783591,1.3671066542380903,True
2026-08-18 23:48:00+08:00,115.75,115.75,0,0.0,117.20680696,1.0,0.0,117.20680696,1.2507099311763288,1,1,0,0,0.34101599250590325,0.6247179265130246,1.4561674958617654,True
2026-08-18 23:49:00+08:00,116.25,116.25,0,0.0,117.26981769,1.0,0.0,117.26981769,0.8734313858996028,1,1,0,0,0.34059707825090857,0.6240092279279554,0.8538885064536453,True
2026-08-18 23:50:00+08:00,116.25,116.25,0,0.0,117.14210756999998,1.0,0.0,117.14210756999998,0.7644710691276604,1,1,0,0,0.34012218108349523,0.6232342092645952,0.6808818927717222,True
2026-08-18 23:51:00+08:00,116.25,116.25,0,0.0,117.14210756999998,1.0,0.0,117.14210756999998,0.7644710691276604,1,1,0,0,0.33961505071242504,0.6223722912896937,0.6826396746147538,True
2026-08-18 23:52:00+08:00,115.75,115.75,0,0.0,117.20596263,1.0,0.0,117.20596263,1.249989580487779,1,1,0,0,0.33932361363305075,0.6217750488024891,1.4646228866993458,True
2026-08-18 23:53:00+08:00,115.75,115.75,0,0.0,117.14210756999998,1.0,0.0,117.14210756999998,1.1954957035901748,1,1,0,0,0.33906414476600677,0.6212821691892342,1.378490485155563,True
2026-08-18 23:54:00+08:00,115.75,115.75,0,0.0,117.34403625,1.0,0.0,117.34403625,1.3677194626209592,1,1,0,0,0.33887356540257507,0.62089340087187,1.6570411213481406,True
2026-08-18 23:55:00+08:00,115.75,115.75,0,0.0,117.34403625,1.0,0.0,117.34403625,1.3677194626209592,1,1,0,0,0.3387001443865737,0.62054536582574,1.658249944168227,True
2026-08-18 23:56:00+08:00,116.25,116.25,0,0.0,117.1205238,1.0,0.0,117.1205238,0.7460443468396593,1,1,0,0,0.3382780533242598,0.6199089433380051,0.6577841760431984,True
2026-08-18 23:57:00+08:00,116.25,116.25,0,0.0,116.89701135,1.0,0.0,116.89701135,0.5550243567383387,1,1,0,0,0.3377903162204008,0.6192581941388897,0.3507971998981992,True
2026-08-18 23:58:00+08:00,116.25,116.25,0,0.0,116.73735960000002,1.0,0.0,116.73735960000002,0.4183571167437867,1,1,0,0,0.337215635118909,0.6185160744826473,0.13118734495744164,True
2026-08-18 23:59:00+08:00,116.25,116.25,0,0.0,117.01564354999998,1.0,0.0,117.01564354999998,0.6564563373738874,1,1,0,0,0.33675770885280876,0.6178554087555241,0.5174327585235698,True
2026-08-19 00:00:00+08:00,116.25,116.25,0,0.0,117.04757141999998,1.0,0.0,117.04757141999998,0.6837374389672786,1,1,0,0,0.33629525961773393,0.6171624769945526,0.5629671153073218,True
2026-08-19 00:01:00+08:00,116.25,116.25,0,0.0,117.01564354999998,1.0,0.0,117.01564354999998,0.6564563373738874,1,1,0,0,0.3358865133089384,0.6166116628451136,0.5198893296727553,True
2026-08-19 00:02:00+08:00,116.25,116.25,0,0.0,116.98371568,1.0,0.0,116.98371568,0.6291677666419992,1,1,0,0,0.3353914772095264,0.6158787837157669,0.47700342534944834,True
2026-08-19 00:03:00+08:00,116.25,116.25,0,0.0,116.95178781,1.0,0.0,116.95178781,0.6018717237037455,1,1,0,0,0.3347566421975274,0.6147848343149082,0.43448547621360994,True
2026-08-19 00:04:00+08:00,116.25,116.25,0,0.0,116.82147844,1.0,0.0,116.82147844,0.4903889946766898,1,1,0,0,0.33406649297080077,0.6136402302769445,0.2547461753531682,True
2026-08-19 00:05:00+08:00,116.25,116.25,0,0.0,116.8534056,1.0,0.0,116.8534056,0.5177149586869889,1,1,0,0,0.33339588934829484,0.6125220802600292,0.3009182448744485,True
2026-08-19 00:06:00+08:00,116.25,116.25,0,0.0,116.82147844,1.0,0.0,116.82147844,0.4903889946766898,1,1,0,0,0.3327300114590043,0.6114452514566424,0.2578464430659906,True
2026-08-19 00:07:00+08:00,115.75,115.75,0,0.0,116.78955128,1.0,0.0,116.78955128,0.894085564608558,1,1,0,0,0.3322470689955498,0.6105241795952975,0.9202559282507666,True
2026-08-19 00:08:00+08:00,115.75,115.75,0,0.0,116.75762412000002,1.0,0.0,116.75762412000002,0.8667450143312031,1,1,0,0,0.33178324938359993,0.6096768946758753,0.8774512690562217,True
2026-08-19 00:09:00+08:00,115.75,115.75,0,0.0,116.67531204999996,1.0,0.0,116.67531204999996,0.7962231323591109,1,1,0,0,0.3312397051493824,0.6086560049681937,0.7639511044239627,True
2026-08-19 00:10:00+08:00,115.75,115.75,0,0.0,116.77107838,1.0,0.0,116.77107838,0.8782673700930319,1,1,0,0,0.33063721897935805,0.6073673865347743,0.9016456320417194,True
2026-08-19 00:11:00+08:00,115.75,115.75,0,0.0,116.73915627,1.0,0.0,116.73915627,0.8509268009482938,1,1,0,0,0.3301291038453047,0.6063997835999613,0.8588355589627924,True
2026-08-19 00:12:00+08:00,115.75,115.75,0,0.0,116.73915627,1.0,0.0,116.73915627,0.8509268009482938,1,1,0,0,0.32953530295857003,0.605161421398598,0.8615742503623707,True
2026-08-19 00:13:00+08:00,115.75,115.75,0,0.0,116.67531204999996,1.0,0.0,116.67531204999996,0.7962231323591109,1,1,0,0,0.32911482783290846,0.6044714299072917,0.7727549747021843,True
2026-08-19 00:14:00+08:00,115.75,115.75,0,0.0,116.57184000000002,1.0,0.0,116.57184000000002,0.7075012835642339,1,1,0,0,0.32746128709434713,0.5977425265974006,0.6357921338360059,True
2026-08-19 00:15:00+08:00,115.75,115.75,0,0.0,116.47608,1.0,0.0,116.47608,0.6253216692974329,1,1,0,0,0.32562420431197947,0.5897127961960178,0.5082091942360284,True
2026-08-19 00:16:00+08:00,115.75,115.75,0,0.0,116.53992,1.0,0.0,116.53992,0.6801156072549419,1,1,0,0,0.3254729305294661,0.589573319621568,0.60152429718684,True
2026-08-19 00:17:00+08:00,115.75,115.75,0,0.0,116.53992,1.0,0.0,116.53992,0.6801156072549419,1,1,0,0,0.32531733041313476,0.5894283515612262,0.6019362249916356,True
2026-08-19 00:18:00+08:00,115.75,115.75,0,0.0,116.41224,1.0,0.0,116.41224,0.5704975968529569,1,1,0,0,0.32502569446149826,0.5891265237546919,0.4166709399315237,True
2026-08-19 00:19:00+08:00,115.75,115.75,0,0.0,116.40625892,1.0,0.0,116.40625892,0.5653596616804055,1,1,0,0,0.3248571296682346,0.5889974309471825,0.40832526489192383,True
2026-08-19 00:20:00+08:00,115.75,115.75,0,0.0,116.40625892,1.0,0.0,116.40625892,0.5653596616804055,1,1,0,0,0.3246235532492054,0.5887861859836996,0.40886847239630186,True
2026-08-19 00:21:00+08:00,115.75,115.75,0,0.0,116.59776908,1.0,0.0,116.59776908,0.7297415278457953,1,1,0,0,0.3244038353388898,0.588532421604255,0.6887261901426145,True
2026-08-19 00:22:00+08:00,115.75,115.75,0,0.0,116.53393236,1.0,0.0,116.53393236,0.6749776896191291,1,1,0,0,0.3241778985711941,0.5882893222110224,0.5963048755151488,True
2026-08-19 00:23:00+08:00,115.75,115.75,0,0.0,116.47009564,1.0,0.0,116.47009564,0.6201837425098019,1,1,0,0,0.32401735881204263,0.5881537442752807,0.5035526621745707,True
2026-08-19 00:24:00+08:00,115.75,115.75,0,0.0,116.48589581000002,1.0,0.0,116.48589581000002,0.6337485490202408,1,1,0,0,0.3237679948270628,0.5878901573613874,0.5272763122697205,True
2026-08-19 00:25:00+08:00,115.75,115.75,0,0.0,116.48589581000002,1.0,0.0,116.48589581000002,0.6337485490202408,1,1,0,0,0.32345592132162876,0.5875183330026498,0.528141183463653,True
2026-08-19 00:26:00+08:00,115.75,115.75,0,0.0,116.35820505,1.0,0.0,116.35820505,0.5240702713365878,1,1,0,0,0.32318361120753636,0.5872674661793715,0.34207013277267734,True
2026-08-19 00:27:00+08:00,115.75,115.75,0,0.0,116.29435967,1.0,0.0,116.29435967,0.4691858666801021,1,1,0,0,0.322878883363804,0.5869939134453063,0.24924787117052516,True
2026-08-19 00:28:00+08:00,115.75,115.75,0,0.0,116.29435967,1.0,0.0,116.29435967,0.4691858666801021,1,1,0,0,0.32247104560623385,0.5865377395999036,0.2501370520061457,True
2026-08-19 00:29:00+08:00,115.75,115.75,0,0.0,116.13064658,1.0,0.0,116.13064658,0.3283125052600533,1,1,0,0,0.3219234217938249,0.5858925606615261,0.010904872147573524,True
2026-08-19 00:30:00+08:00,115.75,115.75,0,0.0,116.29029828,1.0,0.0,116.29029828,0.4656934885922538,1,1,0,0,0.32150101580345924,0.5854078821514581,0.24631112286849724,True
2026-08-19 00:31:00+08:00,115.75,115.75,0,0.0,116.2264376,1.0,0.0,116.2264376,0.4107637869855893,1,1,0,0,0.32105663793245093,0.5849180959607269,0.1533670263796413,True
2026-08-19 00:32:00+08:00,115.75,115.75,0,0.0,116.32222862,1.0,0.0,116.32222862,0.4931470028988117,1,1,0,0,0.32067640882661674,0.5844969901074366,0.2950752475910835,True
2026-08-19 00:33:00+08:00,115.75,115.75,0,0.0,116.32222862,1.0,0.0,116.32222862,0.4931470028988117,1,1,0,0,0.3202769517849562,0.5840375569018066,0.29599132636417064,True
2026-08-19 00:34:00+08:00,115.75,115.75,0,0.0,116.34778035000002,1.0,0.0,116.34778035000002,0.5151107857202065,1,1,0,0,0.31987588718488896,0.5835591598784791,0.33455887930192624,True
2026-08-19 00:35:00+08:00,115.25,115.25,0,0.0,116.34778035000002,1.0,0.0,116.34778035000002,0.9480059336846938,1,1,0,0,0.31978330314964426,0.5834411241664326,1.076754113677874,True
2026-08-19 00:36:00+08:00,115.25,115.25,0,0.0,116.28394069,1.0,0.0,116.28394069,0.8931223533955639,1,1,0,0,0.3195465683489686,0.5830882628719584,0.983686041323298,True
2026-08-19 00:37:00+08:00,115.25,115.25,0,0.0,116.37970018,1.0,0.0,116.37970018,0.9754363789463284,1,1,0,0,0.3193218889694095,0.5827271573625246,1.1259377252066851,True
2026-08-19 00:38:00+08:00,115.25,115.25,0,0.0,116.41162001,1.0,0.0,116.41162001,1.00285926512114,1,1,0,0,0.3191237033957165,0.5824103127110392,1.1739757123165102,True
2026-08-19 00:39:00+08:00,115.25,115.25,0,0.0,116.37220185,1.0,0.0,116.37220185,0.96899333573105,1,1,0,0,0.31878691479600163,0.5817906454700195,1.117595179636752,True
2026-08-19 00:40:00+08:00,115.25,115.25,0,0.0,116.43605490999998,1.0,0.0,116.43605490999998,1.0238466104148671,1,1,0,0,0.318451263019182,0.5811413581280412,1.2138102675532987,True
2026-08-19 00:41:00+08:00,115.75,115.75,0,0.0,116.43605490999998,1.0,0.0,116.43605490999998,0.5909527256199002,1,1,0,0,0.31794245368844437,0.5803451553418304,0.4704274161996742,True
2026-08-19 00:42:00+08:00,115.75,115.75,0,0.0,116.40412838,1.0,0.0,116.40412838,0.5635293970988939,1,1,0,0,0.31742267502629823,0.5795424943945412,0.4246569051501702,True
2026-08-19 00:43:00+08:00,115.5,115.5,0,0.0,116.59568756000002,1.0,0.0,116.59568756000002,0.9441688223670812,1,1,0,0,0.3171937789121302,0.57918179125601,1.0825185682983867,True
2026-08-19 00:44:00+08:00,115.25,115.25,0,0.0,116.59386156,1.0,0.0,116.59386156,1.1592815535055458,1,1,0,0,0.31702669802907657,0.5788785155927093,1.4549768782040406,True
2026-08-19 00:45:00+08:00,115.25,115.25,0,0.0,116.62578759,1.0,0.0,116.62578759,1.1866591197806755,1,1,0,0,0.3169975162632849,0.5788328352860551,1.5024399973571125,True
2026-08-19 00:46:00+08:00,115.75,115.75,0,0.0,116.88119583,1.0,0.0,116.88119583,0.972522903442959,1,1,0,0,0.31690144444329527,0.5787040802128641,1.1329131440692577,True
2026-08-19 00:47:00+08:00,115.75,115.75,0,0.0,116.97697392,1.0,0.0,116.97697392,1.0544320663248763,1,1,0,0,0.31679644957353514,0.57854642662558,1.2749808534012768,True
2026-08-19 00:48:00+08:00,115.75,115.75,0,0.0,117.16853010000004,1.0,0.0,117.16853010000004,1.2180483016022832,1,1,0,0,0.3167648996794667,0.5784951248501332,1.5579792520400337,True
2026-08-19 00:49:00+08:00,115.75,115.75,0,0.0,117.08268958,1.0,0.0,117.08268958,1.1447615731313383,1,1,0,0,0.3166727986889238,0.5783449454123802,1.4318250397294614,True
2026-08-19 00:50:00+08:00,115.75,115.75,0,0.0,117.08268958,1.0,0.0,117.08268958,1.1447615731313383,1,1,0,0,0.3165806976983808,0.5781947122964218,1.43235636338434,True
2026-08-19 00:51:00+08:00,115.75,115.75,0,0.0,117.11461832,1.0,0.0,117.11461832,1.1720271888834235,1,1,0,0,0.3165099123608061,0.5780791362518005,1.4799310732258808,True
2026-08-19 00:52:00+08:00,115.75,115.75,0,0.0,117.05076084,1.0,0.0,117.05076084,1.1174884783937509,1,1,0,0,0.31635489598159017,0.5778123042569401,1.3864945009130762,True
2026-08-19 00:53:00+08:00,115.75,115.75,0,0.0,117.0194706748,1.0,0.0,117.0194706748,1.090753586473176,1,1,0,0,0.31617673394080886,0.5775047497855849,1.3412475876950813,True
2026-08-19 00:54:00+08:00,115.75,115.75,0,0.0,116.9896587,1.0,0.0,116.9896587,1.065275000336668,1,1,0,0,0.31591570518256146,0.5770184186633496,1.2986748272091224,True
2026-08-19 00:55:00+08:00,115.75,115.75,0,0.0,116.92581714,1.0,0.0,116.92581714,1.01069131674524,1,1,0,0,0.31586877646732925,0.576957136761488,1.2042879722019073,True
2026-08-19 00:56:00+08:00,115.75,115.75,0,0.0,116.92581714,1.0,0.0,116.92581714,1.01069131674524,1,1,0,0,0.315811457130384,0.5768809817232075,1.2045463130699383,True
2026-08-19 00:57:00+08:00,115.75,115.75,0,0.0,116.95773792,1.0,0.0,116.95773792,1.0379869021933377,1,1,0,0,0.3157962360392547,0.5768614244701157,1.251930941330427,True
2026-08-19 00:58:00+08:00,115.75,115.75,0,0.0,116.92581714,1.0,0.0,116.92581714,1.01069131674524,1,1,0,0,0.31576198193798943,0.5768176163197404,1.2047644093138077,True
2026-08-19 00:59:00+08:00,115.75,115.75,0,0.0,116.8461954,1.0,0.0,116.8461954,0.9425738010158472,1,1,0,0,0.3157296132979596,0.5767801695920539,1.0867991320874348,True
2026-08-19 01:00:00+08:00,115.75,115.75,0,0.0,116.75041983,1.0,0.0,116.75041983,0.8605746438922571,1,1,0,0,0.3156956820371612,0.5767456198355597,0.9447474642468036,True
2026-08-19 01:01:00+08:00,115.75,115.75,0,0.0,116.7817065162,1.0,0.0,116.7817065162,0.8873684639889112,1,1,0,0,0.3156030646597406,0.5766352077417841,0.9915547848150228,True
2026-08-19 01:02:00+08:00,115.75,115.75,0,0.0,116.87812059,1.0,0.0,116.87812059,0.9698918489637692,1,1,0,0,0.3155330171951422,0.5765450795398485,1.1349655993784271,True
2026-08-19 01:03:00+08:00,115.75,115.75,0,0.0,116.94197097,1.0,0.0,116.94197097,1.0245054567471,1,1,0,0,0.31541125419180877,0.5763631625250597,1.2302906373279197,True
2026-08-19 01:04:00+08:00,115.75,115.75,0,0.0,116.98314309000004,1.0,0.0,116.98314309000004,1.0597056127267266,1,1,0,0,0.3153765326410224,0.5763157067409668,1.2915300960559337,True
2026-08-19 01:05:00+08:00,115.75,115.75,0,0.0,116.98314309000004,1.0,0.0,116.98314309000004,1.0597056127267266,1,1,0,0,0.3153522450840857,0.5762830577616136,1.2916454121241085,True
2026-08-19 01:06:00+08:00,115.75,115.75,0,0.0,116.95120666,1.0,0.0,116.95120666,1.0324026052474076,1,1,0,0,0.31535879968790637,0.5762911201598502,1.2442388585835045,True
2026-08-19 01:07:00+08:00,115.75,115.75,0,0.0,116.85539737000002,1.0,0.0,116.85539737000002,0.9504485987843952,1,1,0,0,0.31536392399992813,0.5762967102968634,1.1020098908031608,True
2026-08-19 01:08:00+08:00,115.75,115.75,0,0.0,116.79152451,1.0,0.0,116.79152451,0.8957750768983314,1,1,0,0,0.3152780403520737,0.5761941992648237,1.0074676858720966,True
2026-08-19 01:09:00+08:00,115.75,115.75,0,0.0,116.7380226,1.0,0.0,116.7380226,0.8499557000404319,1,1,0,0,0.3151947106161213,0.5761017962252407,0.928240448004493,True
2026-08-19 01:10:00+08:00,115.75,115.75,0,0.0,116.674179,1.0,0.0,116.674179,0.7952520292650012,1,1,0,0,0.31507905721047075,0.5759763766293056,0.8336678230877625,True
2026-08-19 01:11:00+08:00,115.75,115.75,0,0.0,116.641618764,1.0,0.0,116.641618764,0.7673415837818812,1,1,0,0,0.3149438878384625,0.575830554228449,0.7856437846539474,True
2026-08-19 01:12:00+08:00,115.75,115.75,0,0.0,116.80186620000002,1.0,0.0,116.80186620000002,0.9046293346838948,1,1,0,0,0.3148786680481368,0.5757545228258252,1.0243092207790905,True
2026-08-19 01:14:00+08:00,115.75,115.75,0,0.0,116.73963168,1.0,0.0,116.73963168,0.8513340339943732,1,1,0,0,0.31472395529387703,0.5755583493905069,0.9323295879014606,True
2026-08-19 01:15:00+08:00,115.75,115.75,0,0.0,116.64386496,1.0,0.0,116.64386496,0.7692672611248627,1,1,0,0,0.3144843279207914,0.5752442619447473,0.7905909946264766,True
2026-08-19 01:16:00+08:00,115.75,115.75,0,0.0,116.6757872,1.0,0.0,116.6757872,0.7966303663227845,1,1,0,0,0.31424523639692903,0.5749195054801601,0.8390481194806184,True
2026-08-19 01:17:00+08:00,115.75,115.75,0,0.0,116.6757872,1.0,0.0,116.6757872,0.7966303663227845,1,1,0,0,0.31406864217560065,0.5747034626185203,0.8396708137941065,True
2026-08-19 01:18:00+08:00,115.75,115.75,0,0.0,116.48425376,1.0,0.0,116.48425376,0.6323388975674605,1,1,0,0,0.31381590832186934,0.5744244464965912,0.5545080666191344,True
2026-08-19 01:19:00+08:00,115.75,115.75,0,0.0,116.35117020000004,1.0,0.0,116.35117020000004,0.5180242731925933,1,1,0,0,0.3134400754016028,0.5739831714174349,0.3564289128647721,True
2026-08-19 01:20:00+08:00,115.75,115.75,0,0.0,116.41501172,1.0,0.0,116.41501172,0.5728785014359007,1,1,0,0,0.3130757829666835,0.5735292085013862,0.45298951582269636,True
2026-08-19 01:21:00+08:00,115.75,115.75,0,0.0,116.41501172,1.0,0.0,116.41501172,0.5728785014359007,1,1,0,0,0.31272189173771425,0.5730956695471655,0.4539497042505146,True
2026-08-19 01:22:00+08:00,115.25,115.25,0,0.0,116.44693248,1.0,0.0,116.44693248,1.0331880247083596,1,1,0,0,0.31265628644032367,0.5730037951202573,1.2574641641192212,True
2026-08-19 01:23:00+08:00,115.25,115.25,0,0.0,116.41501172,1.0,0.0,116.41501172,1.0057726985619144,1,1,0,0,0.312611016950961,0.5729445608469741,1.2098233039969248,True
2026-08-19 01:24:00+08:00,115.25,115.25,0,0.0,116.42952678,1.0,0.0,116.42952678,1.0182399769143633,1,1,0,0,0.3125961416894655,0.572925757466664,1.2316496963674324,True
2026-08-19 01:25:00+08:00,115.25,115.25,0,0.0,116.36567730000002,1.0,0.0,116.36567730000002,0.9633866869511908,1,1,0,0,0.3125384434461148,0.5728529467314865,1.136152388180257,True
2026-08-19 01:26:00+08:00,115.25,115.25,0,0.0,116.49337626000002,1.0,0.0,116.49337626000002,1.073063040736092,1,1,0,0,0.3125037450344644,0.5728042505380401,1.3277822135349513,True
2026-08-19 01:27:00+08:00,115.25,115.25,0,0.0,116.49337626000002,1.0,0.0,116.49337626000002,1.073063040736092,1,1,0,0,0.3125212439426498,0.572826816335736,1.327699358871645,True
2026-08-19 01:28:00+08:00,115.25,115.25,0,0.0,116.52530099999998,1.0,0.0,116.52530099999998,1.1004632456501349,1,1,0,0,0.3125622404856496,0.5728795369338848,1.3753345238711427,True
2026-08-19 01:29:00+08:00,115.25,115.25,0,0.0,116.48965428,1.0,0.0,116.48965428,1.0698680671217324,1,1,0,0,0.31250144902316795,0.5727911012574388,1.3222387995133482,True
2026-08-19 01:30:00+08:00,115.25,115.25,0,0.0,116.45773056,1.0,0.0,116.45773056,1.0424603072854743,1,1,0,0,0.31245055420684775,0.5727205820813334,1.2746350941774889,True
2026-08-19 01:31:00+08:00,115.25,115.25,0,0.0,116.48965428,1.0,0.0,116.48965428,1.0698680671217324,1,1,0,0,0.3124210564744594,0.5726796703050673,1.3226364579063543,True
2026-08-19 01:32:00+08:00,115.25,115.25,0,0.0,116.48965428,1.0,0.0,116.48965428,1.0698680671217324,1,1,0,0,0.31238112476207364,0.5726233705671561,1.322836232844294,True
2026-08-19 01:33:00+08:00,115.25,115.25,0,0.0,116.55350172,1.0,0.0,116.55350172,1.1246609393972926,1,1,0,0,0.31236311019859825,0.5725971071803995,1.4186202113360942,True
2026-08-19 01:34:00+08:00,115.25,115.25,0,0.0,116.488011014,1.0,0.0,116.488011014,1.068457443457735,1,1,0,0,0.3123079181525084,0.5725175699607323,1.3207446635342373,True
2026-08-19 01:36:00+08:00,115.75,115.75,0,0.0,116.32197361,1.0,0.0,116.32197361,0.4929277767605182,1,1,0,0,0.3120642556124549,0.572310981348148,0.3160231535694411,True
2026-08-19 01:37:00+08:00,115.75,115.75,0,0.0,116.44969469,1.0,0.0,116.44969469,0.6026663307496024,1,1,0,0,0.31191881783850556,0.5721909024237275,0.5081302615604819,True
2026-08-19 01:38:00+08:00,115.75,115.75,0,0.0,116.57741577,1.0,0.0,116.57741577,0.7122842280646847,1,1,0,0,0.3118674432878999,0.5721491856412569,0.699846814127688,True
2026-08-19 01:39:00+08:00,115.75,115.75,0,0.0,116.58712742999998,1.0,0.0,116.58712742999998,0.7206144271988525,1,1,0,0,0.31171832868697447,0.5719940386031097,0.7148607693717579,True
2026-08-19 01:41:00+08:00,115.75,115.75,0,0.0,116.5551945,1.0,0.0,116.5551945,0.6932212615676133,1,1,0,0,0.31158538108538825,0.5718667109219272,0.6673511033138753,True
2026-08-19 01:42:00+08:00,115.75,115.75,0,0.0,116.58712742999998,1.0,0.0,116.58712742999998,0.7206144271988525,1,1,0,0,0.31148437658529676,0.5717721508936108,0.7155473556628019,True
2026-08-19 01:43:00+08:00,115.75,115.75,0,0.0,116.5551945,1.0,0.0,116.5551945,0.6932212615676133,1,1,0,0,0.3113304542095177,0.5716175495070779,0.6680879684107162,True
2026-08-19 01:44:00+08:00,115.75,115.75,0,0.0,116.62000988,1.0,0.0,116.62000988,0.748814255720251,1,1,0,0,0.31119876903139965,0.5714788122349762,0.7657597750254229,True
2026-08-19 01:45:00+08:00,115.75,115.75,0,0.0,116.65194307,1.0,0.0,116.65194307,0.776192365765479,1,1,0,0,0.3111409926117784,0.5714244944683345,0.8138457095480204,True
2026-08-19 01:46:00+08:00,115.25,115.25,0,0.0,116.49227712,1.0,0.0,116.49227712,1.072119541965772,1,1,0,0,0.31120512190657373,0.5715008918498262,1.33143172812256,True
2026-08-19 01:47:00+08:00,115.25,115.25,0,0.0,116.49227712,1.0,0.0,116.49227712,1.072119541965772,1,1,0,0,0.3112377517157479,0.5715420050564737,1.3312788623031162,True
2026-08-19 01:48:00+08:00,115.25,115.25,0,0.0,116.46034393,1.0,0.0,116.46034393,1.0447042712651966,1,1,0,0,0.3112279408402131,0.5715292039056793,1.2833575702039377,True
2026-08-19 01:49:00+08:00,115.25,115.25,0,0.0,116.45950512,1.0,0.0,116.45950512,1.0439840345553353,1,1,0,0,0.3112178418699944,0.5715160327393586,1.2821445956171815,True
2026-08-19 01:50:00+08:00,115.25,115.25,0,0.0,116.555304,1.0,0.0,116.555304,1.1262071898061543,1,1,0,0,0.3113312182866355,0.5716495678630722,1.4254816540239332,True
2026-08-19 01:51:00+08:00,115.25,115.25,0,0.0,116.45950512,1.0,0.0,116.45950512,1.0439840345553353,1,1,0,0,0.3114027535428965,0.5717300509002895,1.2813412201420247,True
2026-08-19 01:52:00+08:00,115.25,115.25,0,0.0,116.45950512,1.0,0.0,116.45950512,1.0439840345553353,1,1,0,0,0.31143745775843906,0.5717718830608772,1.281186778327295,True
2026-08-19 01:53:00+08:00,115.25,115.25,0,0.0,116.45950512,1.0,0.0,116.45950512,1.0439840345553353,1,1,0,0,0.31142888619579023,0.5717607404925086,1.2812267378283613,True
2026-08-19 01:54:00+08:00,115.25,115.25,0,0.0,116.4366749,1.0,0.0,116.4366749,1.0243790675594004,1,1,0,0,0.31146308703590686,0.5718008271640663,1.2467907471545807,True
2026-08-19 01:55:00+08:00,115.25,115.25,0,0.0,116.3408948,1.0,0.0,116.3408948,0.9420878147580792,1,1,0,0,0.3115063322634424,0.5718444296491652,1.1027150913781003,True
2026-08-19 01:56:00+08:00,115.25,115.25,0,0.0,116.3728215,1.0,0.0,116.3728215,0.969525794331121,1,1,0,0,0.311618333283833,0.5719458683367736,1.150296728185994,True
2026-08-19 01:57:00+08:00,115.25,115.25,0,0.0,116.3089681,1.0,0.0,116.3089681,0.914642269041954,1,1,0,0,0.31165414379293,0.5719808198112796,1.0542103937121092,True
2026-08-19 01:58:00+08:00,115.25,115.25,0,0.0,116.2451147,1.0,0.0,116.2451147,0.8597284666586549,1,1,0,0,0.3116422820110016,0.5719691460738144,0.9582443186138593,True
2026-08-19 01:59:00+08:00,115.25,115.25,0,0.0,116.2498824336,1.0,0.0,116.2498824336,0.8638297549777793,1,1,0,0,0.3116646140901897,0.5719896150683423,0.9653411991083368,True
2026-08-19 02:00:00+08:00,115.25,115.25,0,0.0,116.20262223,1.0,0.0,116.20262223,0.8231682327222539,1,1,0,0,0.31154365478850554,0.5718494425914751,0.894684054626681,True
2026-08-19 02:01:00+08:00,115.25,115.25,0,0.0,116.20262223,1.0,0.0,116.20262223,0.8231682327222539,1,1,0,0,0.31139429000253527,0.571666992831457,0.8952308759071621,True
2026-08-19 02:02:00+08:00,115.25,115.25,0,0.0,116.10682452,1.0,0.0,116.10682452,0.7406952630661819,1,1,0,0,0.31125385239609743,0.5715183673030884,0.751404390897454,True
2026-08-19 02:03:00+08:00,115.25,115.25,0,0.0,116.13875708999998,1.0,0.0,116.13875708999998,0.7681938406837089,1,1,0,0,0.31111393098669204,0.5713636392092276,0.7999807448888759,True
2026-08-19 02:04:00+08:00,115.25,115.25,0,0.0,116.12944636999998,1.0,0.0,116.12944636999998,0.7601767432649618,1,1,0,0,0.31099386950075525,0.5712377146141494,0.7863326637450986,True
2026-08-19 02:05:00+08:00,115.25,115.25,0,0.0,116.12944636999998,1.0,0.0,116.12944636999998,0.7601767432649618,1,1,0,0,0.3109162323846363,0.5711634663034029,0.7865708109588326,True
2026-08-19 02:06:00+08:00,115.25,115.25,0,0.0,116.12944636999998,1.0,0.0,116.12944636999998,0.7601767432649618,1,1,0,0,0.3107700765716314,0.571001712785147,0.7870495948274507,True
2026-08-19 02:07:00+08:00,115.25,115.25,0,0.0,116.12944636999998,1.0,0.0,116.12944636999998,0.7601767432649618,1,1,0,0,0.310707820012294,0.5709442226733866,0.787237886650427,True
2026-08-19 02:08:00+08:00,115.25,115.25,0,0.0,116.00172633,1.0,0.0,116.00172633,0.6501368374022609,1,1,0,0,0.3105805560903405,0.5708330796366647,0.5948433849139366,True
2026-08-19 02:09:00+08:00,115.25,115.25,0,0.0,115.93461059,1.0,0.0,115.93461059,0.5922631166951945,1,1,0,0,0.3103881930620105,0.5706570672010484,0.49394801157150403,True
2026-08-19 02:10:00+08:00,115.25,115.25,0,0.0,115.93461059,1.0,0.0,115.93461059,0.5922631166951945,1,1,0,0,0.3102377796517742,0.5705331801922768,0.49431890525345823,True
2026-08-19 02:11:00+08:00,115.25,115.25,0,0.0,115.9531396818,1.0,0.0,115.9531396818,0.6082440599792258,1,1,0,0,0.3101224778872953,0.570443808682057,0.5226134065346509,True
2026-08-19 02:12:00+08:00,115.25,115.25,0,0.0,116.06239743,1.0,0.0,116.06239743,0.70242446062221,1,1,0,0,0.3100763561735088,0.5704074258157419,0.6878383532395334,True
2026-08-19 02:13:00+08:00,115.25,115.25,0,0.0,116.12629085,1.0,0.0,116.12629085,0.757459501819137,1,1,0,0,0.31002284033646776,0.5703591715162704,0.78448227683125,True
2026-08-19 02:14:00+08:00,115.25,115.25,0,0.0,116.13653064,1.0,0.0,116.13653064,0.766276790224494,1,1,0,0,0.3099812515249148,0.5703221095231156,0.8000663679006209,True
2026-08-19 02:15:00+08:00,115.25,115.25,0,0.0,116.23235286000002,1.0,0.0,116.23235286000002,0.8487496760447608,1,1,0,0,0.3099936598972973,0.5703334936825513,0.9446333103616322,True
2026-08-19 02:16:00+08:00,115.25,115.25,0,0.0,116.2642936,1.0,0.0,116.2642936,0.8762254668840905,1,1,0,0,0.31000578355652353,0.5703452077595822,0.9927666185743526,True
2026-08-19 02:17:00+08:00,115.25,115.25,0,0.0,116.29623434,1.0,0.0,116.29623434,0.903693677405022,1,1,0,0,0.30990633823483743,0.5702199959031304,1.0413302645231295,True
2026-08-19 02:18:00+08:00,115.25,115.25,0,0.0,116.36011582,1.0,0.0,116.36011582,0.9586073700362472,1,1,0,0,0.3098498992806839,0.5701487991199835,1.1378739580911352,True
2026-08-19 02:19:00+08:00,115.25,115.25,0,0.0,116.40672000000002,1.0,0.0,116.40672000000002,0.9986500715369028,1,1,0,0,0.30977792024429784,0.5700504689564397,1.2084406360610238,True
2026-08-19 02:20:00+08:00,115.25,115.25,0,0.0,116.47059199999998,1.0,0.0,116.47059199999998,1.0535032639654072,1,1,0,0,0.3097699642680513,0.5700399501157152,1.3047038186470645,True
2026-08-19 02:21:00+08:00,115.25,115.25,0,0.0,116.438656,1.0,0.0,116.438656,1.026080448237392,1,1,0,0,0.3097211107296419,0.5699733213644633,1.2568295929936724,True
2026-08-19 02:22:00+08:00,115.75,115.75,0,0.0,116.342848,1.0,0.0,116.342848,0.5108714078083126,1,1,0,0,0.3094556573002044,0.5697249869202952,0.3535315373771493,True
2026-08-19 02:23:00+08:00,115.75,115.75,0,0.0,116.342848,1.0,0.0,116.342848,0.5108714078083126,1,1,0,0,0.3092217610409431,0.5695221826956601,0.3540681169132381,True
2026-08-19 02:24:00+08:00,115.75,115.75,0,0.0,116.4793448,1.0,0.0,116.4793448,0.628124581437485,1,1,0,0,0.30904508015406357,0.5693546846742806,0.5604230717201564,True
2026-08-19 02:25:00+08:00,115.75,115.75,0,0.0,116.5432216,1.0,0.0,116.5432216,0.6829485548794073,1,1,0,0,0.3088905393763017,0.5692007196764035,0.657163637663286,True
2026-08-19 02:26:00+08:00,115.75,115.75,0,0.0,116.5432216,1.0,0.0,116.5432216,0.6829485548794073,1,1,0,0,0.3086619381802526,0.568935620729683,0.6578716520141892,True
2026-08-19 02:27:00+08:00,115.75,115.75,0,0.0,116.4474064,1.0,0.0,116.4474064,0.600701283285312,1,1,0,0,0.30840043807556583,0.5686510175426153,0.5140250104060368,True
2026-08-19 02:28:00+08:00,115.75,115.75,0,0.0,116.3515912,1.0,0.0,116.3515912,0.5183861057476468,1,1,0,0,0.3081060118998641,0.568351586237747,0.3699824174675928,True
2026-08-19 02:29:00+08:00,115.75,115.75,0,0.0,116.33184614,1.0,0.0,116.33184614,0.5014146084041454,1,1,0,0,0.30778378958296176,0.568013447913235,0.34089125800197795,True
2026-08-19 02:30:00+08:00,115.75,115.75,0,0.0,116.26798018,1.0,0.0,116.26798018,0.4465000338319858,1,1,0,0,0.3074081109318857,0.567610847580103,0.24504803509850293,True
2026-08-19 02:31:00+08:00,115.75,115.75,0,0.0,116.33184614,1.0,0.0,116.33184614,0.5014146084041454,1,1,0,0,0.3070541004634382,0.567213610358268,0.342658399571801,True
2026-08-19 02:32:00+08:00,115.75,115.75,0,0.0,116.20411422,1.0,0.0,116.20411422,0.39155521903723,1,1,0,0,0.3068627435904707,0.5671043641046183,0.14934195680274362,True
2026-08-19 02:33:00+08:00,115.75,115.75,0,0.0,116.20411422,1.0,0.0,116.20411422,0.39155521903723,1,1,0,0,0.306475283427448,0.5667153309163382,0.15012817012063856,True
2026-08-19 02:34:00+08:00,115.75,115.75,0,0.0,116.36946376,1.0,0.0,116.36946376,0.5337456411156307,1,1,0,0,0.30619721135187045,0.5664331237607281,0.4017216158776071,True
2026-08-19 02:35:00+08:00,115.75,115.75,0,0.0,116.52913646,1.0,0.0,116.52913646,0.6708621978488902,1,1,0,0,0.30597083322659635,0.5661741873798926,0.644486048208797,True
2026-08-19 02:36:00+08:00,115.75,115.75,0,0.0,116.49720191999998,1.0,0.0,116.49720191999998,0.6434539695831188,1,1,0,0,0.30570581021203963,0.5658609949679806,0.5968747843985797,True
2026-08-19 02:37:00+08:00,115.75,115.75,0,0.0,116.561071,1.0,0.0,116.561071,0.6982628907943852,1,1,0,0,0.30560631256883164,0.5657700851628485,0.6940214559285742,True
2026-08-19 02:38:00+08:00,115.75,115.75,0,0.0,116.561071,1.0,0.0,116.561071,0.6982628907943852,1,1,0,0,0.3055068149256236,0.5656791432469814,0.6943089215104404,True
2026-08-19 02:39:00+08:00,115.75,115.75,0,0.0,116.57215833,1.0,0.0,116.57215833,0.7077743560148748,1,1,0,0,0.305400624800317,0.5655786923941925,0.7114372175359722,True
2026-08-19 02:40:00+08:00,115.75,115.75,0,0.0,116.57215833,1.0,0.0,116.57215833,0.7077743560148748,1,1,0,0,0.30526296007078474,0.5654388331664149,0.7118566542203276,True
2026-08-19 02:41:00+08:00,115.75,115.75,0,0.0,116.57215833,1.0,0.0,116.57215833,0.7077743560148748,1,1,0,0,0.3051416369372484,0.5653199034076072,0.7122210214971328,True
2026-08-19 02:42:00+08:00,115.75,115.75,0,0.0,116.57215833,1.0,0.0,116.57215833,0.7077743560148748,1,1,0,0,0.30500982502668306,0.5651875761984456,0.7126209915958507,True
2026-08-19 02:43:00+08:00,115.75,115.75,0,0.0,116.63601599,1.0,0.0,116.63601599,0.7625381296937688,1,1,0,0,0.30491040740261827,0.5650852183443559,0.8098384233655141,True
2026-08-19 02:44:00+08:00,115.75,115.75,0,0.0,116.67726252,1.0,0.0,116.67726252,0.7978947993849989,1,1,0,0,0.3048356239885237,0.5650075954262161,0.8726593755337636,True
2026-08-19 02:45:00+08:00,115.75,115.75,0,0.0,116.77305666,1.0,0.0,116.77305666,0.8799614753868723,1,1,0,0,0.30479366724483,0.5649609892658213,1.0180664135580142,True
2026-08-19 02:46:00+08:00,115.75,115.75,0,0.0,116.83691942,1.0,0.0,116.83691942,0.9346350368373618,1,1,0,0,0.30481452854681945,0.564983282579452,1.1147595472472631,True
2026-08-19 02:47:00+08:00,115.75,115.75,0,0.0,117.0285077,1.0,0.0,117.0285077,1.0984757249562913,1,1,0,0,0.3048194843141364,0.5649901898007209,1.4047257013826866,True
2026-08-19 02:48:00+08:00,115.75,115.75,0,0.0,116.90078218,1.0,0.0,116.90078218,0.989278582446077,1,1,0,0,0.304864757116154,0.5650404969711459,1.211265084535831,True
2026-08-19 02:49:00+08:00,115.75,115.75,0,0.0,116.81449883999998,1.0,0.0,116.81449883999998,0.9154439695736536,1,1,0,0,0.3048174749465867,0.5649844537269879,1.0807845961052482,True
2026-08-19 02:50:00+08:00,115.75,115.75,0,0.0,116.78256486,1.0,0.0,116.78256486,0.8881034453145781,1,1,0,0,0.30478024239407264,0.564942945312585,1.0325347148069095,True
2026-08-19 02:51:00+08:00,115.75,115.75,0,0.0,116.81449883999998,1.0,0.0,116.81449883999998,0.9154439695736536,1,1,0,0,0.304776706828619,0.5649390959318051,1.0809435338119162,True
2026-08-19 02:52:00+08:00,115.75,115.75,0,0.0,116.78256486,1.0,0.0,116.78256486,0.8881034453145781,1,1,0,0,0.3048252757017985,0.5649840223045891,1.0323799374601215,True
2026-08-19 02:53:00+08:00,115.75,115.75,0,0.0,116.71869689999998,1.0,0.0,116.71869689999998,0.8333998623622718,1,1,0,0,0.30484144943643543,0.5649985745768333,0.9355039759555331,True
2026-08-19 02:54:00+08:00,115.75,115.75,0,0.0,116.7586826,1.0,0.0,116.7586826,0.8676515549617588,1,1,0,0,0.30487132384811216,0.5650263572805848,0.9960247409027988,True
2026-08-19 02:55:00+08:00,115.75,115.75,0,0.0,116.69479276,1.0,0.0,116.69479276,0.8129179826157691,1,1,0,0,0.3050271476107941,0.5651127223945285,0.8987425249477846,True
2026-08-19 02:56:00+08:00,115.75,115.75,0,0.0,116.69479276,1.0,0.0,116.69479276,0.8129179826157691,1,1,0,0,0.30507986268938025,0.5651539489776755,0.8985836882941949,True
2026-08-19 02:57:00+08:00,115.75,115.75,0,0.0,116.69479276,1.0,0.0,116.69479276,0.8129179826157691,1,1,0,0,0.3049995623200729,0.5650675181307784,0.8988632402298945,True
2026-08-19 02:58:00+08:00,115.75,115.75,0,0.0,116.69479276,1.0,0.0,116.69479276,0.8129179826157691,1,1,0,0,0.30490872898281735,0.5649676036796729,0.8991829802704658,True
2026-08-19 02:59:00+08:00,115.75,115.75,0,0.0,116.69197995,1.0,0.0,116.69197995,0.810507594370532,1,1,0,0,0.3048064013096612,0.5648528408744833,0.8952795426822387,True
2026-08-19 03:00:00+08:00,115.75,115.75,0,0.0,116.62809165,1.0,0.0,116.62809165,0.7557439204058354,1,1,0,0,0.3046842739801051,0.5647223084200949,0.7987282239436319,True
2026-08-19 03:01:00+08:00,115.75,115.75,0,0.0,116.69197995,1.0,0.0,116.69197995,0.810507594370532,1,1,0,0,0.3046097015371126,0.5646431939567577,0.8959603130754514,True
2026-08-19 03:02:00+08:00,115.75,115.75,0,0.0,116.8517007,1.0,0.0,116.8517007,0.9472851631647552,1,1,0,0,0.304783913187021,0.5647742513514862,1.1376248978069554,True
2026-08-19 03:03:00+08:00,115.75,115.75,0,0.0,116.8517007,1.0,0.0,116.8517007,0.9472851631647552,1,1,0,0,0.30491107590552285,0.5648831005951663,1.1371805716659265,True
2026-08-19 03:04:00+08:00,115.75,115.75,0,0.0,116.74256404999998,1.0,0.0,116.74256404999998,0.8538458458280178,1,1,0,0,0.30475911729743504,0.5646842790206076,0.9723782809801658,True
2026-08-19 03:05:00+08:00,115.75,115.75,0,0.0,116.87032609,1.0,0.0,116.87032609,0.9632228694981332,1,1,0,0,0.3047035046863261,0.5646125770799072,1.1663207508014999,True
2026-08-19 03:06:00+08:00,115.75,115.75,0,0.0,116.87032609,1.0,0.0,116.87032609,0.9632228694981332,1,1,0,0,0.3046206166340034,0.5645006753567334,1.166698786406109,True
2026-08-19 03:07:00+08:00,115.75,115.75,0,0.0,116.80644507,1.0,0.0,116.80644507,0.9085493800715804,1,1,0,0,0.30451585918591006,0.5643642743163159,1.070290144813668,True
2026-08-19 03:08:00+08:00,115.75,115.75,0,0.0,116.87032609,1.0,0.0,116.87032609,0.9632228694981332,1,1,0,0,0.30443297113358725,0.5642522957851707,1.1675449143681798,True
2026-08-19 03:09:00+08:00,115.75,115.75,0,0.0,116.95320769999998,1.0,0.0,116.95320769999998,1.0341135490931,1,1,0,0,0.30437843935310255,0.5641751806621867,1.293454825296442,True
2026-08-19 03:10:00+08:00,115.75,115.75,0,0.0,116.8893163,1.0,0.0,116.8893163,0.9794701240703312,1,1,0,0,0.30430205020260864,0.5640708297931419,1.1969561945178457,True
2026-08-19 03:11:00+08:00,115.75,115.75,0,0.0,116.8573706,1.0,0.0,116.8573706,0.9521371546770718,1,1,0,0,0.3041903503915551,0.5639148608696841,1.1490153022146576,True
2026-08-19 03:12:00+08:00,115.75,115.75,0,0.0,116.8893163,1.0,0.0,116.8893163,0.9794701240703312,1,1,0,0,0.3041421789629984,0.5638520270337941,1.1977042073608746,True
2026-08-19 03:13:00+08:00,115.75,115.75,0,0.0,116.8893163,1.0,0.0,116.8893163,0.9794701240703312,1,1,0,0,0.30413613381781124,0.5638447056443553,1.197730480559813,True
2026-08-19 03:14:00+08:00,115.75,115.75,0,0.0,116.82842364,1.0,0.0,116.82842364,0.9273634442283996,1,1,0,0,0.30414087000076884,0.5638498908568648,1.1052987405575962,True
2026-08-19 03:15:00+08:00,115.75,115.75,0,0.0,116.95620972,1.0,0.0,116.95620972,1.0366803029892002,1,1,0,0,0.30421042955703237,0.5639295243972476,1.2988677516309568,True
2026-08-19 03:16:00+08:00,115.75,115.75,0,0.0,116.82842364,1.0,0.0,116.82842364,0.9273634442283996,1,1,0,0,0.3042182283348399,0.5639380072645838,1.104988860240444,True
2026-08-19 03:17:00+08:00,115.75,115.75,0,0.0,116.675080344,1.0,0.0,116.675080344,0.7960245448820291,1,1,0,0,0.3042685145232242,0.5639762529461311,0.871944568215314,True
2026-08-19 03:18:00+08:00,115.75,115.75,0,0.0,116.73258408,1.0,0.0,116.73258408,0.8452969360163999,1,1,0,0,0.30426458333469875,0.5639724474357334,0.9593240860287836,True
2026-08-19 03:19:00+08:00,115.75,115.75,0,0.0,116.7031266,1.0,0.0,116.7031266,0.8200591783306994,1,1,0,0,0.3042927838670995,0.5639964750427865,0.9144851382705403,True
2026-08-19 03:20:00+08:00,115.75,115.75,0,0.0,116.73505632,1.0,0.0,116.73505632,0.8474147419128297,1,1,0,0,0.30435305682977143,0.5640464602245036,0.962796016602794,True
2026-08-19 03:21:00+08:00,115.5,115.5,0,0.0,116.67119688,1.0,0.0,116.67119688,1.0089079918085977,1,1,0,0,0.3044730400750672,0.5641644038071792,1.2486341693658025,True
2026-08-19 03:23:00+08:00,115.5,115.5,0,0.0,116.76698604,1.0,0.0,116.76698604,1.090973850051863,1,1,0,0,0.3046152859561027,0.5643178382470653,1.3934674943794405,True
2026-08-19 03:24:00+08:00,115.75,115.75,0,0.0,116.98811962,1.0,0.0,116.98811962,1.063959459689298,1,1,0,0,0.3047570784869588,0.5644640629115122,1.3449968405187116,True
2026-08-19 03:25:00+08:00,115.75,115.75,0,0.0,117.02006613,1.0,0.0,117.02006613,1.0912624214237951,1,1,0,0,0.30491000350410075,0.5646253115708175,1.392697779934839,True
2026-08-19 03:26:00+08:00,115.75,115.75,0,0.0,117.21174519,1.0,0.0,117.21174519,1.2549229392214685,1,1,0,0,0.30512839272836173,0.5648870730646477,1.6813883549153352,True
2026-08-19 03:27:00+08:00,115.75,115.75,0,0.0,117.33953123,1.0,0.0,117.33953123,1.363880412485389,1,1,0,0,0.30537198905834323,0.5652121851651538,1.8727629219772601,True
2026-08-19 03:28:00+08:00,115.75,115.75,0,0.0,117.33953123,1.0,0.0,117.33953123,1.363880412485389,1,1,0,0,0.30566843190685417,0.5655728113860757,1.871044645843433,True
2026-08-19 03:29:00+08:00,115.75,115.75,0,0.0,117.34796414,1.0,0.0,117.34796414,1.3710665778618774,1,1,0,0,0.3057918879058431,0.5657716375565407,1.88287043612994,True
2026-08-19 03:30:00+08:00,115.75,115.75,0,0.0,117.37990425,1.0,0.0,117.37990425,1.3982798605297413,1,1,0,0,0.3059473814798937,0.5660183970289054,1.9298533135735947,True
2026-08-19 03:31:00+08:00,115.75,115.75,0,0.0,117.15632348,1.0,0.0,117.15632348,1.2076301398667353,1,1,0,0,0.30603719551418335,0.5661436379922349,1.592516251794245,True
2026-08-19 03:32:00+08:00,115.75,115.75,0,0.0,117.18826359,1.0,0.0,117.18826359,1.2348882213113015,1,1,0,0,0.3061336315847844,0.5662812986812189,1.6400940520010852,True
2026-08-19 03:33:00+08:00,115.75,115.75,0,0.0,117.31602403,1.0,0.0,117.31602403,1.343845836404209,1,1,0,0,0.3063966435194399,0.5666104157669468,1.8309744473731728,True
2026-08-19 03:34:00+08:00,115.75,115.75,0,0.0,117.2020739,1.0,0.0,117.2020739,1.2466717944939505,1,1,0,0,0.30653822776237144,0.5668010976133289,1.6586657483379421,True
2026-08-19 03:35:00+08:00,115.75,115.75,0,0.0,117.17013873,1.0,0.0,117.17013873,1.2194211610411323,1,1,0,0,0.3067726112461442,0.5670573336451531,1.609446691974352,True
2026-08-19 03:36:00+08:00,115.75,115.75,0,0.0,117.29787941,1.0,0.0,117.29787941,1.3283788841320596,1,1,0,0,0.3070400057081495,0.567381302445378,1.8000925903303533,True
2026-08-19 03:37:00+08:00,115.75,115.75,0,0.0,117.42562009,1.0,0.0,117.42562009,1.4372172265293102,1,1,0,0,0.30723130782786195,0.5676816230173247,1.9905275648969931,True
2026-08-19 03:38:00+08:00,115.75,115.75,0,0.0,117.36174975,1.0,0.0,117.36174975,1.3828129656514554,1,1,0,0,0.3074750721910817,0.5680124910461035,1.8931588836716136,True
2026-08-19 03:39:00+08:00,115.75,115.75,0,0.0,117.36108032,1.0,0.0,117.36108032,1.382242592491464,1,1,0,0,0.30763591770370624,0.568259825239566,1.8910481210504844,True
2026-08-19 03:40:00+08:00,115.75,115.75,0,0.0,117.23330560000002,1.0,0.0,117.23330560000002,1.273314923728185,1,1,0,0,0.3077722448770954,0.5684505644550617,1.6985517109595898,True
2026-08-19 03:41:00+08:00,115.75,115.75,0,0.0,117.32913664,1.0,0.0,117.32913664,1.3550218717679916,1,1,0,0,0.3079412548297005,0.5686990381338167,1.8411858412391224,True
2026-08-19 03:42:00+08:00,115.75,115.75,0,0.0,117.5527424,1.0,0.0,117.5527424,1.545410380911138,1,1,0,0,0.30827311668950647,0.5691787880080541,2.173547732780452,True
2026-08-19 03:43:00+08:00,115.75,115.75,0,0.0,117.5527424,1.0,0.0,117.5527424,1.545410380911138,1,1,0,0,0.30850357992622324,0.5695628899978209,2.1716773032555667,True
2026-08-19 03:44:00+08:00,115.75,115.75,0,0.0,117.55663686,1.0,0.0,117.55663686,1.5487230747611382,1,1,0,0,0.3087247850853257,0.5699370082090366,2.175676034045181,True
2026-08-19 03:45:00+08:00,115.75,115.75,0,0.0,117.62050898,1.0,0.0,117.62050898,1.603038008680266,1,1,0,0,0.30899947412797235,0.5703950823923453,2.2686705662412976,True
2026-08-19 03:46:00+08:00,115.75,115.75,0,0.0,118.00374170000002,1.0,0.0,118.00374170000002,1.9283042774925727,1,1,0,0,0.30938309492332167,0.5711610005585588,2.8344392929244995,True
2026-08-19 03:47:00+08:00,115.75,115.75,0,0.0,117.87599745999998,1.0,0.0,117.87599745999998,1.8200007560065996,1,1,0,0,0.30974959033510097,0.5718358382495001,2.6410572137183093,True
2026-08-19 03:48:00+08:00,116.25,116.25,0,0.0,118.00374170000002,1.0,0.0,118.00374170000002,1.4973009073605077,1,1,0,0,0.3100962527721309,0.5722927812631055,2.0744707839370284,True
2026-08-19 03:49:00+08:00,116.75,116.75,0,0.0,118.18684575999998,1.0,0.0,118.18684575999998,1.22317617345369,1,1,0,0,0.31025580162862054,0.5724916804203027,1.5946439102046621,True
2026-08-19 03:50:00+08:00,116.75,116.75,0,0.0,117.93137568,1.0,0.0,117.93137568,1.0067911665993197,1,1,0,0,0.31033939654659715,0.572578117395328,1.2163436724073542,True
2026-08-19 03:51:00+08:00,116.75,116.75,0,0.0,118.05911072,1.0,0.0,118.05911072,1.1150425262340458,1,1,0,0,0.3104450946998793,0.5727022528053796,1.40491403271569,True
2026-08-19 03:52:00+08:00,116.75,116.75,0,0.0,117.9952432,1.0,0.0,117.9952432,1.060931572478402,1,1,0,0,0.3105483619838896,0.5728142812245964,1.3099938934663058,True
2026-08-19 03:53:00+08:00,116.75,116.75,0,0.0,117.73977312,1.0,0.0,117.73977312,0.8441929955670002,1,1,0,0,0.310554333775045,0.5728197667784088,0.9315995933471156,True
2026-08-19 03:54:00+08:00,116.75,116.75,0,0.0,117.8249472,1.0,0.0,117.8249472,0.916506398343972,1,1,0,0,0.3105786336851991,0.5728441826264405,1.0577531954337862,True
2026-08-19 03:55:00+08:00,116.75,116.75,0,0.0,117.92073983999998,1.0,0.0,117.92073983999998,0.997772317757382,1,1,0,0,0.31062484553985936,0.5728949551042887,1.1994301330379766,True
2026-08-19 03:56:00+08:00,116.75,116.75,0,0.0,117.95267072,1.0,0.0,117.95267072,1.0248462161172174,1,1,0,0,0.3106712953483328,0.57294815154282,1.2464913602492176,True
2026-08-19 03:57:00+08:00,116.75,116.75,0,0.0,118.04846336,1.0,0.0,118.04846336,1.106023728962095,1,1,0,0,0.31087980261620035,0.573142675260723,1.3873402918116038,True
2026-08-19 03:58:00+08:00,116.75,116.75,0,0.0,118.17618687999996,1.0,0.0,118.17618687999996,1.2141574329714628,1,1,0,0,0.3109768596748965,0.5732750697032932,1.5754750573124006,True
