timestamp,symbol,open,high,low,close,volume
2025-11-03 22:30:00+08:00,NYSE:UMC,7.8,7.89,7.8,7.825,22596.0
2025-11-03 22:45:00+08:00,NYSE:UMC,7.825,7.87,7.825,7.87,7416.0
2025-11-03 23:00:00+08:00,NYSE:UMC,7.87,7.88,7.84,7.845,22838.0
2025-11-03 23:15:00+08:00,NYSE:UMC,7.83,7.845,7.815,7.825,18159.0
2025-11-03 23:30:00+08:00,NYSE:UMC,7.82,7.84,7.815,7.84,12135.0
2025-11-03 23:45:00+08:00,NYSE:UMC,7.84,7.86,7.825,7.855,6023.0
2025-11-04 00:00:00+08:00,NYSE:UMC,7.855,7.87,7.85,7.87,7640.0
2025-11-04 00:15:00+08:00,NYSE:UMC,7.87,7.89,7.855,7.86,21126.0
2025-11-04 00:30:00+08:00,NYSE:UMC,7.87,7.895,7.87,7.875,25540.0
2025-11-04 00:45:00+08:00,NYSE:UMC,7.88,7.89,7.865,7.875,14717.0
2025-11-04 01:00:00+08:00,NYSE:UMC,7.87,7.89,7.87,7.89,6284.0
2025-11-04 01:15:00+08:00,NYSE:UMC,7.89,7.89,7.87,7.87,17580.0
2025-11-04 01:30:00+08:00,NYSE:UMC,7.87,7.885,7.87,7.87,8201.0
2025-11-04 01:45:00+08:00,NYSE:UMC,7.87,7.885,7.87,7.88,3920.0
2025-11-04 02:00:00+08:00,NYSE:UMC,7.88,7.885,7.875,7.885,2783.0
2025-11-04 02:15:00+08:00,NYSE:UMC,7.885,7.89,7.88,7.88,9208.0
2025-11-04 02:30:00+08:00,NYSE:UMC,7.885,7.895,7.885,7.895,22213.0
2025-11-04 02:45:00+08:00,NYSE:UMC,7.895,7.895,7.88,7.88,12745.0
2025-11-04 03:00:00+08:00,NYSE:UMC,7.885,7.89,7.87,7.885,6834.0
2025-11-04 03:15:00+08:00,NYSE:UMC,7.885,7.89,7.88,7.885,8611.0
2025-11-04 03:30:00+08:00,NYSE:UMC,7.89,7.89,7.87,7.875,9886.0
2025-11-04 03:45:00+08:00,NYSE:UMC,7.88,7.885,7.875,7.88,7425.0
2025-11-04 04:00:00+08:00,NYSE:UMC,7.88,7.88,7.865,7.87,7806.0
2025-11-04 04:15:00+08:00,NYSE:UMC,7.865,7.87,7.845,7.85,10089.0
2025-11-04 04:30:00+08:00,NYSE:UMC,7.845,7.845,7.83,7.835,8470.0
2025-11-04 04:45:00+08:00,NYSE:UMC,7.83,7.84,7.815,7.84,62145.0
2025-11-04 22:30:00+08:00,NYSE:UMC,7.64,7.71,7.64,7.71,37296.0
2025-11-04 22:45:00+08:00,NYSE:UMC,7.7,7.7,7.67,7.68,11551.0
2025-11-04 23:00:00+08:00,NYSE:UMC,7.68,7.695,7.655,7.66,11360.0
2025-11-04 23:15:00+08:00,NYSE:UMC,7.655,7.69,7.655,7.675,10175.0
2025-11-04 23:30:00+08:00,NYSE:UMC,7.675,7.695,7.665,7.685,12165.0
2025-11-04 23:45:00+08:00,NYSE:UMC,7.685,7.685,7.675,7.675,6610.0
2025-11-05 00:00:00+08:00,NYSE:UMC,7.675,7.695,7.64,7.645,33219.0
2025-11-05 00:15:00+08:00,NYSE:UMC,7.64,7.66,7.64,7.66,6493.0
2025-11-05 00:30:00+08:00,NYSE:UMC,7.66,7.69,7.66,7.68,7831.0
2025-11-05 00:45:00+08:00,NYSE:UMC,7.68,7.69,7.67,7.68,9836.0
2025-11-05 01:00:00+08:00,NYSE:UMC,7.68,7.68,7.67,7.67,5384.0
2025-11-05 01:15:00+08:00,NYSE:UMC,7.675,7.69,7.65,7.68,11926.0
2025-11-05 01:30:00+08:00,NYSE:UMC,7.68,7.69,7.675,7.68,8791.0
2025-11-05 01:45:00+08:00,NYSE:UMC,7.685,7.69,7.665,7.67,6421.0
2025-11-05 02:00:00+08:00,NYSE:UMC,7.67,7.68,7.665,7.665,6242.0
2025-11-05 02:15:00+08:00,NYSE:UMC,7.67,7.67,7.645,7.655,17755.0
2025-11-05 02:30:00+08:00,NYSE:UMC,7.655,7.66,7.65,7.66,5674.0
2025-11-05 02:45:00+08:00,NYSE:UMC,7.655,7.66,7.63,7.65,24111.0
2025-11-05 03:00:00+08:00,NYSE:UMC,7.66,7.66,7.65,7.655,2692.0
2025-11-05 03:15:00+08:00,NYSE:UMC,7.655,7.67,7.655,7.665,6604.0
2025-11-05 03:30:00+08:00,NYSE:UMC,7.67,7.67,7.635,7.635,10950.0
2025-11-05 03:45:00+08:00,NYSE:UMC,7.64,7.645,7.635,7.64,3651.0
2025-11-05 04:00:00+08:00,NYSE:UMC,7.645,7.66,7.635,7.66,27869.0
2025-11-05 04:15:00+08:00,NYSE:UMC,7.66,7.66,7.64,7.64,27569.0
2025-11-05 04:30:00+08:00,NYSE:UMC,7.645,7.645,7.63,7.64,43217.0
2025-11-05 04:45:00+08:00,NYSE:UMC,7.64,7.64,7.6,7.605,200563.0
2025-11-05 22:30:00+08:00,NYSE:UMC,7.645,7.67,7.635,7.66,40428.0
2025-11-05 22:45:00+08:00,NYSE:UMC,7.665,7.74,7.665,7.725,25509.0
2025-11-05 23:00:00+08:00,NYSE:UMC,7.72,7.72,7.67,7.67,17453.0
2025-11-05 23:15:00+08:00,NYSE:UMC,7.68,7.705,7.675,7.705,10076.0
2025-11-05 23:30:00+08:00,NYSE:UMC,7.705,7.72,7.7,7.72,9452.0
2025-11-05 23:45:00+08:00,NYSE:UMC,7.72,7.72,7.71,7.715,5494.0
2025-11-06 00:00:00+08:00,NYSE:UMC,7.715,7.735,7.7,7.73,18128.0
2025-11-06 00:15:00+08:00,NYSE:UMC,7.735,7.74,7.73,7.735,6411.0
2025-11-06 00:30:00+08:00,NYSE:UMC,7.735,7.745,7.725,7.745,14506.0
2025-11-06 00:45:00+08:00,NYSE:UMC,7.745,7.75,7.745,7.745,5890.0
2025-11-06 01:00:00+08:00,NYSE:UMC,7.745,7.765,7.745,7.76,13462.0
2025-11-06 01:15:00+08:00,NYSE:UMC,7.76,7.765,7.76,7.765,7227.0
2025-11-06 01:30:00+08:00,NYSE:UMC,7.765,7.775,7.76,7.76,12785.0
2025-11-06 01:45:00+08:00,NYSE:UMC,7.76,7.775,7.76,7.775,13005.0
2025-11-06 02:00:00+08:00,NYSE:UMC,7.78,7.8,7.78,7.795,5029.0
2025-11-06 02:15:00+08:00,NYSE:UMC,7.795,7.81,7.795,7.81,14698.0
2025-11-06 02:30:00+08:00,NYSE:UMC,7.815,7.825,7.81,7.82,24791.0
2025-11-06 02:45:00+08:00,NYSE:UMC,7.82,7.82,7.805,7.81,50358.0
2025-11-06 03:00:00+08:00,NYSE:UMC,7.81,7.815,7.8,7.8,7336.0
2025-11-06 03:15:00+08:00,NYSE:UMC,7.8,7.81,7.8,7.8,10741.0
2025-11-06 03:30:00+08:00,NYSE:UMC,7.8,7.805,7.79,7.805,24259.0
2025-11-06 03:45:00+08:00,NYSE:UMC,7.805,7.81,7.8,7.805,21580.0
2025-11-06 04:00:00+08:00,NYSE:UMC,7.805,7.83,7.805,7.83,58419.0
2025-11-06 04:15:00+08:00,NYSE:UMC,7.825,7.83,7.82,7.825,33693.0
2025-11-06 04:30:00+08:00,NYSE:UMC,7.825,7.85,7.815,7.845,64855.0
2025-11-06 04:45:00+08:00,NYSE:UMC,7.845,7.85,7.76,7.77,143788.0
2025-11-06 22:30:00+08:00,NYSE:UMC,7.5,7.5,7.32,7.345,175572.0
2025-11-06 22:45:00+08:00,NYSE:UMC,7.345,7.345,7.155,7.155,34505.0
2025-11-06 23:00:00+08:00,NYSE:UMC,7.16,7.26,7.15,7.245,97205.0
2025-11-06 23:15:00+08:00,NYSE:UMC,7.25,7.315,7.245,7.31,28498.0
2025-11-06 23:30:00+08:00,NYSE:UMC,7.31,7.31,7.215,7.22,38193.0
2025-11-06 23:45:00+08:00,NYSE:UMC,7.23,7.255,7.225,7.23,47636.0
2025-11-07 00:00:00+08:00,NYSE:UMC,7.225,7.3,7.225,7.295,31819.0
2025-11-07 00:15:00+08:00,NYSE:UMC,7.3,7.305,7.26,7.275,32141.0
2025-11-07 00:30:00+08:00,NYSE:UMC,7.275,7.285,7.265,7.265,23479.0
2025-11-07 00:45:00+08:00,NYSE:UMC,7.265,7.29,7.26,7.28,15981.0
2025-11-07 01:00:00+08:00,NYSE:UMC,7.28,7.3,7.275,7.285,20540.0
2025-11-07 01:15:00+08:00,NYSE:UMC,7.285,7.29,7.27,7.275,22625.0
2025-11-07 01:30:00+08:00,NYSE:UMC,7.28,7.32,7.28,7.32,33769.0
2025-11-07 01:45:00+08:00,NYSE:UMC,7.33,7.35,7.325,7.34,31909.0
2025-11-07 02:00:00+08:00,NYSE:UMC,7.34,7.34,7.3,7.31,23959.0
2025-11-07 02:15:00+08:00,NYSE:UMC,7.31,7.34,7.31,7.34,17504.0
2025-11-07 02:30:00+08:00,NYSE:UMC,7.34,7.35,7.34,7.345,5279.0
2025-11-07 02:45:00+08:00,NYSE:UMC,7.345,7.35,7.34,7.34,10966.0
2025-11-07 03:00:00+08:00,NYSE:UMC,7.34,7.36,7.34,7.36,9189.0
2025-11-07 03:15:00+08:00,NYSE:UMC,7.36,7.37,7.35,7.36,14834.0
2025-11-07 03:30:00+08:00,NYSE:UMC,7.365,7.37,7.36,7.37,6820.0
2025-11-07 03:45:00+08:00,NYSE:UMC,7.37,7.37,7.345,7.35,28045.0
2025-11-07 04:00:00+08:00,NYSE:UMC,7.36,7.36,7.34,7.34,11740.0
2025-11-07 04:15:00+08:00,NYSE:UMC,7.34,7.35,7.335,7.34,15714.0
2025-11-07 04:30:00+08:00,NYSE:UMC,7.35,7.35,7.31,7.315,32763.0
2025-11-07 04:45:00+08:00,NYSE:UMC,7.31,7.32,7.3,7.3,176133.0
2025-11-07 22:30:00+08:00,NYSE:UMC,7.3,7.33,7.27,7.33,21216.0
2025-11-07 22:45:00+08:00,NYSE:UMC,7.34,7.375,7.33,7.355,33968.0
2025-11-07 23:00:00+08:00,NYSE:UMC,7.36,7.36,7.31,7.315,21550.0
2025-11-07 23:15:00+08:00,NYSE:UMC,7.315,7.33,7.305,7.305,15933.0
2025-11-07 23:30:00+08:00,NYSE:UMC,7.31,7.33,7.3,7.3,45062.0
2025-11-07 23:45:00+08:00,NYSE:UMC,7.31,7.35,7.295,7.31,45587.0
2025-11-08 00:00:00+08:00,NYSE:UMC,7.31,7.31,7.28,7.29,39443.0
2025-11-08 00:15:00+08:00,NYSE:UMC,7.28,7.31,7.275,7.305,34199.0
2025-11-08 00:30:00+08:00,NYSE:UMC,7.31,7.33,7.305,7.325,25388.0
2025-11-08 00:45:00+08:00,NYSE:UMC,7.33,7.33,7.3,7.305,12860.0
2025-11-08 01:00:00+08:00,NYSE:UMC,7.305,7.32,7.3,7.32,28290.0
2025-11-08 01:15:00+08:00,NYSE:UMC,7.32,7.34,7.32,7.33,26437.0
2025-11-08 01:30:00+08:00,NYSE:UMC,7.33,7.34,7.325,7.325,20867.0
2025-11-08 01:45:00+08:00,NYSE:UMC,7.32,7.34,7.32,7.34,9209.0
2025-11-08 02:00:00+08:00,NYSE:UMC,7.34,7.35,7.33,7.345,17417.0
2025-11-08 02:15:00+08:00,NYSE:UMC,7.35,7.36,7.34,7.36,7230.0
2025-11-08 02:30:00+08:00,NYSE:UMC,7.36,7.36,7.35,7.355,11011.0
2025-11-08 02:45:00+08:00,NYSE:UMC,7.36,7.36,7.33,7.345,23286.0
2025-11-08 03:00:00+08:00,NYSE:UMC,7.345,7.35,7.345,7.345,7175.0
2025-11-08 03:15:00+08:00,NYSE:UMC,7.345,7.35,7.34,7.35,15624.0
2025-11-08 03:30:00+08:00,NYSE:UMC,7.345,7.38,7.345,7.38,10800.0
2025-11-08 03:45:00+08:00,NYSE:UMC,7.375,7.38,7.365,7.37,15533.0
2025-11-08 04:00:00+08:00,NYSE:UMC,7.37,7.38,7.365,7.37,28955.0
2025-11-08 04:15:00+08:00,NYSE:UMC,7.37,7.37,7.35,7.35,16749.0
2025-11-08 04:30:00+08:00,NYSE:UMC,7.35,7.365,7.35,7.36,29419.0
2025-11-08 04:45:00+08:00,NYSE:UMC,7.355,7.41,7.355,7.405,124865.0
2025-11-10 22:30:00+08:00,NYSE:UMC,7.41,7.45,7.39,7.405,9235.0
2025-11-10 22:45:00+08:00,NYSE:UMC,7.4,7.4,7.365,7.38,7232.0
2025-11-10 23:00:00+08:00,NYSE:UMC,7.375,7.385,7.37,7.375,9933.0
2025-11-10 23:15:00+08:00,NYSE:UMC,7.375,7.41,7.37,7.4,4200.0
2025-11-10 23:30:00+08:00,NYSE:UMC,7.405,7.415,7.4,7.4,9140.0
2025-11-10 23:45:00+08:00,NYSE:UMC,7.395,7.395,7.355,7.355,10717.0
2025-11-11 00:00:00+08:00,NYSE:UMC,7.355,7.385,7.35,7.37,17306.0
2025-11-11 00:15:00+08:00,NYSE:UMC,7.375,7.38,7.365,7.37,5896.0
2025-11-11 00:30:00+08:00,NYSE:UMC,7.375,7.385,7.37,7.375,5209.0
2025-11-11 00:45:00+08:00,NYSE:UMC,7.38,7.39,7.38,7.39,3825.0
2025-11-11 01:00:00+08:00,NYSE:UMC,7.4,7.435,7.4,7.42,16991.0
2025-11-11 01:15:00+08:00,NYSE:UMC,7.42,7.44,7.42,7.435,13821.0
2025-11-11 01:30:00+08:00,NYSE:UMC,7.435,7.435,7.43,7.435,2349.0
2025-11-11 01:45:00+08:00,NYSE:UMC,7.435,7.445,7.43,7.44,13564.0
2025-11-11 02:00:00+08:00,NYSE:UMC,7.445,7.445,7.43,7.43,13742.0
2025-11-11 02:15:00+08:00,NYSE:UMC,7.43,7.435,7.43,7.43,7057.0
2025-11-11 02:30:00+08:00,NYSE:UMC,7.435,7.445,7.435,7.44,11208.0
2025-11-11 02:45:00+08:00,NYSE:UMC,7.445,7.445,7.42,7.42,13832.0
2025-11-11 03:00:00+08:00,NYSE:UMC,7.425,7.43,7.42,7.425,9044.0
2025-11-11 03:15:00+08:00,NYSE:UMC,7.425,7.43,7.425,7.425,3544.0
2025-11-11 03:30:00+08:00,NYSE:UMC,7.425,7.43,7.425,7.425,7369.0
2025-11-11 03:45:00+08:00,NYSE:UMC,7.425,7.43,7.42,7.425,20673.0
2025-11-11 04:00:00+08:00,NYSE:UMC,7.425,7.45,7.42,7.45,9031.0
2025-11-11 04:15:00+08:00,NYSE:UMC,7.445,7.45,7.43,7.43,31951.0
2025-11-11 04:30:00+08:00,NYSE:UMC,7.435,7.44,7.43,7.44,46749.0
2025-11-11 04:45:00+08:00,NYSE:UMC,7.44,7.44,7.42,7.43,132175.0
2025-11-11 22:30:00+08:00,NYSE:UMC,7.385,7.41,7.355,7.36,23053.0
2025-11-11 22:45:00+08:00,NYSE:UMC,7.355,7.36,7.32,7.36,15313.0
2025-11-11 23:00:00+08:00,NYSE:UMC,7.35,7.36,7.335,7.35,26325.0
2025-11-11 23:15:00+08:00,NYSE:UMC,7.355,7.385,7.35,7.385,37800.0
2025-11-11 23:30:00+08:00,NYSE:UMC,7.385,7.385,7.355,7.375,10096.0
2025-11-11 23:45:00+08:00,NYSE:UMC,7.37,7.375,7.355,7.37,6782.0
2025-11-12 00:00:00+08:00,NYSE:UMC,7.365,7.37,7.345,7.345,10284.0
2025-11-12 00:15:00+08:00,NYSE:UMC,7.35,7.38,7.35,7.37,14487.0
2025-11-12 00:30:00+08:00,NYSE:UMC,7.365,7.365,7.365,7.365,2399.0
2025-11-12 00:45:00+08:00,NYSE:UMC,7.36,7.365,7.36,7.365,6144.0
2025-11-12 01:00:00+08:00,NYSE:UMC,7.37,7.38,7.36,7.36,8956.0
2025-11-12 01:15:00+08:00,NYSE:UMC,7.365,7.37,7.36,7.37,4251.0
2025-11-12 01:30:00+08:00,NYSE:UMC,7.37,7.38,7.36,7.38,10032.0
2025-11-12 01:45:00+08:00,NYSE:UMC,7.375,7.395,7.375,7.39,24824.0
2025-11-12 02:00:00+08:00,NYSE:UMC,7.39,7.39,7.38,7.385,3246.0
2025-11-12 02:15:00+08:00,NYSE:UMC,7.39,7.395,7.38,7.39,21975.0
2025-11-12 02:30:00+08:00,NYSE:UMC,7.395,7.4,7.38,7.39,22230.0
2025-11-12 02:45:00+08:00,NYSE:UMC,7.4,7.4,7.39,7.39,200.0
2025-11-12 03:00:00+08:00,NYSE:UMC,7.395,7.395,7.37,7.38,4946.0
2025-11-12 03:15:00+08:00,NYSE:UMC,7.39,7.39,7.38,7.39,2273.0
2025-11-12 03:30:00+08:00,NYSE:UMC,7.395,7.395,7.385,7.385,3923.0
2025-11-12 03:45:00+08:00,NYSE:UMC,7.385,7.39,7.385,7.39,7013.0
2025-11-12 04:00:00+08:00,NYSE:UMC,7.39,7.39,7.38,7.38,4297.0
2025-11-12 04:15:00+08:00,NYSE:UMC,7.375,7.375,7.365,7.365,17640.0
2025-11-12 04:30:00+08:00,NYSE:UMC,7.36,7.38,7.36,7.38,14578.0
2025-11-12 04:45:00+08:00,NYSE:UMC,7.38,7.39,7.37,7.375,180721.0
2025-11-12 22:30:00+08:00,NYSE:UMC,7.25,7.325,7.245,7.29,43419.0
2025-11-12 22:45:00+08:00,NYSE:UMC,7.285,7.31,7.255,7.265,16460.0
2025-11-12 23:00:00+08:00,NYSE:UMC,7.26,7.27,7.22,7.22,32974.0
2025-11-12 23:15:00+08:00,NYSE:UMC,7.215,7.22,7.195,7.21,20141.0
2025-11-12 23:30:00+08:00,NYSE:UMC,7.215,7.23,7.19,7.21,15152.0
2025-11-12 23:45:00+08:00,NYSE:UMC,7.205,7.21,7.19,7.21,19327.0
2025-11-13 00:00:00+08:00,NYSE:UMC,7.215,7.23,7.21,7.215,12091.0
2025-11-13 00:15:00+08:00,NYSE:UMC,7.215,7.22,7.185,7.185,13370.0
2025-11-13 00:30:00+08:00,NYSE:UMC,7.18,7.195,7.18,7.18,19646.0
2025-11-13 00:45:00+08:00,NYSE:UMC,7.19,7.19,7.16,7.19,7680.0
2025-11-13 01:00:00+08:00,NYSE:UMC,7.18,7.19,7.18,7.19,4060.0
2025-11-13 01:15:00+08:00,NYSE:UMC,7.2,7.2,7.18,7.185,5366.0
2025-11-13 01:30:00+08:00,NYSE:UMC,7.185,7.21,7.185,7.2,5079.0
2025-11-13 01:45:00+08:00,NYSE:UMC,7.2,7.22,7.2,7.22,9483.0
2025-11-13 02:00:00+08:00,NYSE:UMC,7.215,7.22,7.21,7.22,12497.0
2025-11-13 02:15:00+08:00,NYSE:UMC,7.225,7.23,7.22,7.22,3382.0
2025-11-13 02:30:00+08:00,NYSE:UMC,7.23,7.25,7.225,7.23,10973.0
2025-11-13 02:45:00+08:00,NYSE:UMC,7.23,7.24,7.23,7.24,3412.0
2025-11-13 03:00:00+08:00,NYSE:UMC,7.24,7.24,7.235,7.235,4493.0
2025-11-13 03:15:00+08:00,NYSE:UMC,7.235,7.24,7.235,7.24,1615.0
2025-11-13 03:30:00+08:00,NYSE:UMC,7.235,7.25,7.235,7.25,5342.0
2025-11-13 03:45:00+08:00,NYSE:UMC,7.25,7.25,7.245,7.25,2539.0
2025-11-13 04:00:00+08:00,NYSE:UMC,7.24,7.25,7.24,7.245,6448.0
2025-11-13 04:15:00+08:00,NYSE:UMC,7.25,7.26,7.245,7.245,18384.0
2025-11-13 04:30:00+08:00,NYSE:UMC,7.245,7.25,7.235,7.235,12179.0
2025-11-13 04:45:00+08:00,NYSE:UMC,7.23,7.26,7.23,7.255,150627.0
2025-11-13 22:30:00+08:00,NYSE:UMC,7.21,7.225,7.18,7.19,16369.0
2025-11-13 22:45:00+08:00,NYSE:UMC,7.2,7.225,7.19,7.21,4959.0
2025-11-13 23:00:00+08:00,NYSE:UMC,7.21,7.22,7.205,7.205,4909.0
2025-11-13 23:15:00+08:00,NYSE:UMC,7.205,7.205,7.17,7.175,12393.0
2025-11-13 23:30:00+08:00,NYSE:UMC,7.17,7.18,7.155,7.16,8911.0
2025-11-13 23:45:00+08:00,NYSE:UMC,7.16,7.17,7.11,7.13,40519.0
2025-11-14 00:00:00+08:00,NYSE:UMC,7.125,7.13,7.085,7.09,34665.0
2025-11-14 00:15:00+08:00,NYSE:UMC,7.095,7.1,7.085,7.1,15845.0
2025-11-14 00:30:00+08:00,NYSE:UMC,7.1,7.11,7.09,7.1,20780.0
2025-11-14 00:45:00+08:00,NYSE:UMC,7.1,7.105,7.075,7.08,22328.0
2025-11-14 01:00:00+08:00,NYSE:UMC,7.08,7.095,7.08,7.08,13900.0
2025-11-14 01:15:00+08:00,NYSE:UMC,7.08,7.1,7.08,7.1,25229.0
2025-11-14 01:30:00+08:00,NYSE:UMC,7.1,7.11,7.1,7.1,14402.0
2025-11-14 01:45:00+08:00,NYSE:UMC,7.1,7.11,7.085,7.105,10567.0
2025-11-14 02:00:00+08:00,NYSE:UMC,7.105,7.11,7.09,7.095,8738.0
2025-11-14 02:15:00+08:00,NYSE:UMC,7.1,7.1,7.08,7.08,17221.0
2025-11-14 02:30:00+08:00,NYSE:UMC,7.09,7.09,7.075,7.09,27685.0
2025-11-14 02:45:00+08:00,NYSE:UMC,7.09,7.09,7.08,7.09,17952.0
2025-11-14 03:00:00+08:00,NYSE:UMC,7.09,7.09,7.08,7.085,17500.0
2025-11-14 03:15:00+08:00,NYSE:UMC,7.085,7.1,7.08,7.095,14443.0
2025-11-14 03:30:00+08:00,NYSE:UMC,7.09,7.105,7.09,7.1,16241.0
2025-11-14 03:45:00+08:00,NYSE:UMC,7.095,7.1,7.08,7.09,13635.0
2025-11-14 04:00:00+08:00,NYSE:UMC,7.09,7.11,7.085,7.085,33901.0
2025-11-14 04:15:00+08:00,NYSE:UMC,7.09,7.095,7.08,7.09,28351.0
2025-11-14 04:30:00+08:00,NYSE:UMC,7.09,7.11,7.085,7.105,35931.0
2025-11-14 04:45:00+08:00,NYSE:UMC,7.105,7.12,7.1,7.1,136976.0
2025-11-14 22:30:00+08:00,NYSE:UMC,7.075,7.21,7.065,7.19,36862.0
2025-11-14 22:45:00+08:00,NYSE:UMC,7.19,7.21,7.18,7.2,7074.0
2025-11-14 23:00:00+08:00,NYSE:UMC,7.2,7.21,7.145,7.145,22594.0
2025-11-14 23:15:00+08:00,NYSE:UMC,7.15,7.16,7.13,7.15,19157.0
2025-11-14 23:30:00+08:00,NYSE:UMC,7.145,7.17,7.135,7.17,16690.0
2025-11-14 23:45:00+08:00,NYSE:UMC,7.18,7.21,7.18,7.205,19260.0
2025-11-15 00:00:00+08:00,NYSE:UMC,7.21,7.21,7.19,7.195,17001.0
2025-11-15 00:15:00+08:00,NYSE:UMC,7.195,7.215,7.195,7.21,4342.0
2025-11-15 00:30:00+08:00,NYSE:UMC,7.21,7.23,7.2,7.2,5766.0
2025-11-15 00:45:00+08:00,NYSE:UMC,7.2,7.225,7.2,7.215,3576.0
2025-11-15 01:00:00+08:00,NYSE:UMC,7.21,7.21,7.19,7.2,3898.0
2025-11-15 01:15:00+08:00,NYSE:UMC,7.195,7.195,7.19,7.195,2549.0
2025-11-15 01:30:00+08:00,NYSE:UMC,7.19,7.195,7.19,7.19,321.0
2025-11-15 01:45:00+08:00,NYSE:UMC,7.19,7.19,7.17,7.185,2435.0
2025-11-15 02:00:00+08:00,NYSE:UMC,7.19,7.19,7.165,7.19,14944.0
2025-11-15 02:15:00+08:00,NYSE:UMC,7.19,7.19,7.18,7.18,3620.0
2025-11-15 02:30:00+08:00,NYSE:UMC,7.19,7.19,7.155,7.16,4018.0
2025-11-15 02:45:00+08:00,NYSE:UMC,7.17,7.195,7.17,7.18,3253.0
2025-11-15 03:00:00+08:00,NYSE:UMC,7.18,7.18,7.15,7.165,8271.0
2025-11-15 03:15:00+08:00,NYSE:UMC,7.165,7.17,7.15,7.155,16383.0
2025-11-15 03:30:00+08:00,NYSE:UMC,7.155,7.155,7.115,7.12,40152.0
2025-11-15 03:45:00+08:00,NYSE:UMC,7.12,7.145,7.12,7.145,9298.0
2025-11-15 04:00:00+08:00,NYSE:UMC,7.145,7.15,7.13,7.14,23990.0
2025-11-15 04:15:00+08:00,NYSE:UMC,7.135,7.155,7.125,7.15,17674.0
2025-11-15 04:30:00+08:00,NYSE:UMC,7.15,7.175,7.15,7.165,10564.0
2025-11-15 04:45:00+08:00,NYSE:UMC,7.165,7.18,7.14,7.16,127660.0
2025-11-17 22:30:00+08:00,NYSE:UMC,7.04,7.1,7.03,7.08,25058.0
2025-11-17 22:45:00+08:00,NYSE:UMC,7.08,7.1,7.08,7.09,9036.0
2025-11-17 23:00:00+08:00,NYSE:UMC,7.085,7.09,7.07,7.08,4063.0
2025-11-17 23:15:00+08:00,NYSE:UMC,7.08,7.105,7.08,7.085,5705.0
2025-11-17 23:30:00+08:00,NYSE:UMC,7.085,7.09,7.08,7.09,1878.0
2025-11-17 23:45:00+08:00,NYSE:UMC,7.1,7.105,7.075,7.075,7354.0
2025-11-18 00:00:00+08:00,NYSE:UMC,7.075,7.08,7.06,7.06,2813.0
2025-11-18 00:15:00+08:00,NYSE:UMC,7.06,7.09,7.06,7.08,4487.0
2025-11-18 00:30:00+08:00,NYSE:UMC,7.09,7.1,7.08,7.085,7572.0
2025-11-18 00:45:00+08:00,NYSE:UMC,7.085,7.09,7.08,7.08,4551.0
2025-11-18 01:00:00+08:00,NYSE:UMC,7.08,7.085,7.075,7.075,4723.0
2025-11-18 01:15:00+08:00,NYSE:UMC,7.07,7.07,7.06,7.06,3048.0
2025-11-18 01:30:00+08:00,NYSE:UMC,7.065,7.07,7.06,7.06,3914.0
2025-11-18 01:45:00+08:00,NYSE:UMC,7.05,7.055,7.05,7.05,6090.0
2025-11-18 02:00:00+08:00,NYSE:UMC,7.05,7.07,7.045,7.06,6291.0
2025-11-18 02:15:00+08:00,NYSE:UMC,7.06,7.07,7.06,7.06,2315.0
2025-11-18 02:30:00+08:00,NYSE:UMC,7.06,7.07,7.06,7.07,14211.0
2025-11-18 02:45:00+08:00,NYSE:UMC,7.07,7.08,7.055,7.055,10417.0
2025-11-18 03:00:00+08:00,NYSE:UMC,7.055,7.065,7.05,7.06,8611.0
2025-11-18 03:15:00+08:00,NYSE:UMC,7.06,7.06,7.05,7.055,12121.0
2025-11-18 03:30:00+08:00,NYSE:UMC,7.06,7.06,7.02,7.025,7002.0
2025-11-18 03:45:00+08:00,NYSE:UMC,7.025,7.03,7.01,7.01,10115.0
2025-11-18 04:00:00+08:00,NYSE:UMC,7.01,7.02,7.0,7.0,23520.0
2025-11-18 04:15:00+08:00,NYSE:UMC,7.0,7.01,6.98,6.98,44075.0
2025-11-18 04:30:00+08:00,NYSE:UMC,6.99,6.995,6.975,6.975,48444.0
2025-11-18 04:45:00+08:00,NYSE:UMC,6.97,7.03,6.97,7.015,117464.0
2025-11-18 22:30:00+08:00,NYSE:UMC,7.0,7.065,6.985,7.035,20769.0
2025-11-18 22:45:00+08:00,NYSE:UMC,7.04,7.07,7.02,7.02,16754.0
2025-11-18 23:00:00+08:00,NYSE:UMC,7.02,7.05,7.01,7.04,38055.0
2025-11-18 23:15:00+08:00,NYSE:UMC,7.03,7.08,7.03,7.06,21277.0
2025-11-18 23:30:00+08:00,NYSE:UMC,7.07,7.07,7.04,7.06,15677.0
2025-11-18 23:45:00+08:00,NYSE:UMC,7.06,7.07,7.045,7.05,10009.0
2025-11-19 00:00:00+08:00,NYSE:UMC,7.04,7.065,7.01,7.055,30400.0
2025-11-19 00:15:00+08:00,NYSE:UMC,7.05,7.08,7.05,7.075,13792.0
2025-11-19 00:30:00+08:00,NYSE:UMC,7.08,7.08,7.07,7.07,11332.0
2025-11-19 00:45:00+08:00,NYSE:UMC,7.07,7.075,7.07,7.07,3020.0
2025-11-19 01:00:00+08:00,NYSE:UMC,7.07,7.07,7.06,7.06,2883.0
2025-11-19 01:15:00+08:00,NYSE:UMC,7.06,7.07,7.045,7.045,10232.0
2025-11-19 01:30:00+08:00,NYSE:UMC,7.045,7.085,7.045,7.08,16396.0
2025-11-19 01:45:00+08:00,NYSE:UMC,7.075,7.105,7.07,7.105,20390.0
2025-11-19 02:00:00+08:00,NYSE:UMC,7.11,7.115,7.1,7.1,7917.0
2025-11-19 02:15:00+08:00,NYSE:UMC,7.1,7.11,7.1,7.1,2288.0
2025-11-19 02:30:00+08:00,NYSE:UMC,7.11,7.115,7.09,7.11,15478.0
2025-11-19 02:45:00+08:00,NYSE:UMC,7.11,7.115,7.09,7.095,6491.0
2025-11-19 03:00:00+08:00,NYSE:UMC,7.1,7.11,7.095,7.095,8573.0
2025-11-19 03:15:00+08:00,NYSE:UMC,7.095,7.1,7.09,7.09,6387.0
2025-11-19 03:30:00+08:00,NYSE:UMC,7.09,7.1,7.085,7.09,9629.0
2025-11-19 03:45:00+08:00,NYSE:UMC,7.09,7.1,7.08,7.1,9343.0
2025-11-19 04:00:00+08:00,NYSE:UMC,7.1,7.1,7.08,7.08,1722.0
2025-11-19 04:15:00+08:00,NYSE:UMC,7.085,7.085,7.07,7.08,7702.0
2025-11-19 04:30:00+08:00,NYSE:UMC,7.08,7.1,7.08,7.09,17952.0
2025-11-19 04:45:00+08:00,NYSE:UMC,7.095,7.1,7.05,7.05,159164.0
2025-11-19 22:30:00+08:00,NYSE:UMC,7.1,7.18,7.1,7.165,35602.0
2025-11-19 22:45:00+08:00,NYSE:UMC,7.15,7.17,7.15,7.155,6938.0
2025-11-19 23:00:00+08:00,NYSE:UMC,7.15,7.19,7.15,7.185,22474.0
2025-11-19 23:15:00+08:00,NYSE:UMC,7.19,7.2,7.19,7.2,9117.0
2025-11-19 23:30:00+08:00,NYSE:UMC,7.2,7.21,7.18,7.19,4060.0
2025-11-19 23:45:00+08:00,NYSE:UMC,7.17,7.18,7.17,7.18,5058.0
2025-11-20 00:00:00+08:00,NYSE:UMC,7.18,7.185,7.17,7.18,3310.0
2025-11-20 00:15:00+08:00,NYSE:UMC,7.18,7.2,7.18,7.18,11953.0
2025-11-20 00:30:00+08:00,NYSE:UMC,7.19,7.2,7.185,7.2,4483.0
2025-11-20 00:45:00+08:00,NYSE:UMC,7.2,7.21,7.19,7.2,7210.0
2025-11-20 01:00:00+08:00,NYSE:UMC,7.2,7.2,7.19,7.19,1654.0
2025-11-20 01:15:00+08:00,NYSE:UMC,7.2,7.205,7.19,7.2,13034.0
2025-11-20 01:30:00+08:00,NYSE:UMC,7.195,7.195,7.155,7.19,8026.0
2025-11-20 01:45:00+08:00,NYSE:UMC,7.19,7.2,7.19,7.2,3131.0
2025-11-20 02:00:00+08:00,NYSE:UMC,7.205,7.215,7.205,7.21,10301.0
2025-11-20 02:15:00+08:00,NYSE:UMC,7.2,7.21,7.19,7.19,1973.0
2025-11-20 02:30:00+08:00,NYSE:UMC,7.195,7.23,7.195,7.2,16306.0
2025-11-20 02:45:00+08:00,NYSE:UMC,7.195,7.215,7.19,7.21,4478.0
2025-11-20 03:00:00+08:00,NYSE:UMC,7.21,7.215,7.2,7.21,13555.0
2025-11-20 03:15:00+08:00,NYSE:UMC,7.205,7.21,7.19,7.19,7975.0
2025-11-20 03:30:00+08:00,NYSE:UMC,7.195,7.205,7.19,7.19,10177.0
2025-11-20 03:45:00+08:00,NYSE:UMC,7.19,7.21,7.19,7.2,8889.0
2025-11-20 04:00:00+08:00,NYSE:UMC,7.195,7.205,7.195,7.2,11200.0
2025-11-20 04:15:00+08:00,NYSE:UMC,7.21,7.235,7.21,7.23,23842.0
2025-11-20 04:30:00+08:00,NYSE:UMC,7.23,7.25,7.225,7.23,65928.0
2025-11-20 04:45:00+08:00,NYSE:UMC,7.235,7.255,7.22,7.225,100770.0
2025-11-20 22:30:00+08:00,NYSE:UMC,7.19,7.25,7.19,7.235,38281.0
2025-11-20 22:45:00+08:00,NYSE:UMC,7.23,7.265,7.225,7.255,18535.0
2025-11-20 23:00:00+08:00,NYSE:UMC,7.255,7.26,7.22,7.22,12422.0
2025-11-20 23:15:00+08:00,NYSE:UMC,7.225,7.25,7.225,7.245,7926.0
2025-11-20 23:30:00+08:00,NYSE:UMC,7.245,7.245,7.23,7.23,8984.0
2025-11-20 23:45:00+08:00,NYSE:UMC,7.22,7.22,7.2,7.205,11938.0
2025-11-21 00:00:00+08:00,NYSE:UMC,7.205,7.21,7.19,7.205,15312.0
2025-11-21 00:15:00+08:00,NYSE:UMC,7.205,7.205,7.185,7.185,37404.0
2025-11-21 00:30:00+08:00,NYSE:UMC,7.19,7.19,7.15,7.17,68594.0
2025-11-21 00:45:00+08:00,NYSE:UMC,7.17,7.18,7.135,7.14,19743.0
2025-11-21 01:00:00+08:00,NYSE:UMC,7.14,7.16,7.13,7.14,26196.0
2025-11-21 01:15:00+08:00,NYSE:UMC,7.14,7.16,7.12,7.16,25922.0
2025-11-21 01:30:00+08:00,NYSE:UMC,7.16,7.17,7.14,7.15,10431.0
2025-11-21 01:45:00+08:00,NYSE:UMC,7.14,7.16,7.14,7.15,12582.0
2025-11-21 02:00:00+08:00,NYSE:UMC,7.145,7.22,7.145,7.22,25388.0
2025-11-21 02:15:00+08:00,NYSE:UMC,7.22,7.22,7.195,7.195,16631.0
2025-11-21 02:30:00+08:00,NYSE:UMC,7.2,7.2,7.15,7.15,14531.0
2025-11-21 02:45:00+08:00,NYSE:UMC,7.15,7.15,7.12,7.14,37080.0
2025-11-21 03:00:00+08:00,NYSE:UMC,7.135,7.14,7.11,7.13,21720.0
2025-11-21 03:15:00+08:00,NYSE:UMC,7.135,7.15,7.125,7.15,32275.0
2025-11-21 03:30:00+08:00,NYSE:UMC,7.15,7.15,7.13,7.14,24828.0
2025-11-21 03:45:00+08:00,NYSE:UMC,7.15,7.16,7.13,7.155,35861.0
2025-11-21 04:00:00+08:00,NYSE:UMC,7.155,7.16,7.115,7.125,39184.0
2025-11-21 04:15:00+08:00,NYSE:UMC,7.13,7.135,7.095,7.1,126802.0
2025-11-21 04:30:00+08:00,NYSE:UMC,7.1,7.105,7.055,7.07,109059.0
2025-11-21 04:45:00+08:00,NYSE:UMC,7.07,7.12,7.065,7.12,266130.0
2025-11-21 22:30:00+08:00,NYSE:UMC,7.155,7.27,7.155,7.27,29517.0
2025-11-21 22:45:00+08:00,NYSE:UMC,7.25,7.25,7.2,7.2,3698.0
2025-11-21 23:00:00+08:00,NYSE:UMC,7.2,7.21,7.155,7.16,16984.0
2025-11-21 23:15:00+08:00,NYSE:UMC,7.15,7.17,7.13,7.14,15044.0
2025-11-21 23:30:00+08:00,NYSE:UMC,7.14,7.16,7.11,7.16,18268.0
2025-11-21 23:45:00+08:00,NYSE:UMC,7.15,7.16,7.135,7.16,11537.0
2025-11-22 00:00:00+08:00,NYSE:UMC,7.16,7.17,7.14,7.155,14047.0
2025-11-22 00:15:00+08:00,NYSE:UMC,7.155,7.2,7.135,7.19,16489.0
2025-11-22 00:30:00+08:00,NYSE:UMC,7.2,7.24,7.2,7.22,19335.0
2025-11-22 00:45:00+08:00,NYSE:UMC,7.205,7.27,7.205,7.27,11198.0
2025-11-22 01:00:00+08:00,NYSE:UMC,7.27,7.275,7.245,7.275,13798.0
2025-11-22 01:15:00+08:00,NYSE:UMC,7.27,7.27,7.245,7.25,10240.0
2025-11-22 01:30:00+08:00,NYSE:UMC,7.255,7.26,7.25,7.26,3669.0
2025-11-22 01:45:00+08:00,NYSE:UMC,7.26,7.26,7.24,7.24,9177.0
2025-11-22 02:00:00+08:00,NYSE:UMC,7.25,7.25,7.21,7.22,34036.0
2025-11-22 02:15:00+08:00,NYSE:UMC,7.21,7.22,7.21,7.215,11467.0
2025-11-22 02:30:00+08:00,NYSE:UMC,7.22,7.26,7.22,7.26,11345.0
2025-11-22 02:45:00+08:00,NYSE:UMC,7.255,7.31,7.255,7.285,41614.0
2025-11-22 03:00:00+08:00,NYSE:UMC,7.29,7.305,7.29,7.295,12025.0
2025-11-22 03:15:00+08:00,NYSE:UMC,7.295,7.31,7.29,7.305,15606.0
2025-11-22 03:30:00+08:00,NYSE:UMC,7.3,7.305,7.265,7.265,38399.0
2025-11-22 03:45:00+08:00,NYSE:UMC,7.265,7.27,7.245,7.265,12195.0
2025-11-22 04:00:00+08:00,NYSE:UMC,7.27,7.295,7.27,7.295,10444.0
2025-11-22 04:15:00+08:00,NYSE:UMC,7.29,7.295,7.275,7.275,25196.0
2025-11-22 04:30:00+08:00,NYSE:UMC,7.27,7.3,7.27,7.27,61349.0
2025-11-22 04:45:00+08:00,NYSE:UMC,7.275,7.285,7.22,7.235,154130.0
2025-11-24 22:30:00+08:00,NYSE:UMC,7.33,7.395,7.33,7.36,40377.0
2025-11-24 22:45:00+08:00,NYSE:UMC,7.35,7.38,7.335,7.36,35967.0
2025-11-24 23:00:00+08:00,NYSE:UMC,7.36,7.365,7.34,7.36,48483.0
2025-11-24 23:15:00+08:00,NYSE:UMC,7.36,7.39,7.36,7.37,9996.0
2025-11-24 23:30:00+08:00,NYSE:UMC,7.37,7.39,7.37,7.38,12269.0
2025-11-24 23:45:00+08:00,NYSE:UMC,7.38,7.39,7.38,7.385,12225.0
2025-11-25 00:00:00+08:00,NYSE:UMC,7.38,7.4,7.38,7.395,6228.0
2025-11-25 00:15:00+08:00,NYSE:UMC,7.395,7.41,7.39,7.41,16109.0
2025-11-25 00:30:00+08:00,NYSE:UMC,7.4,7.405,7.39,7.395,12593.0
2025-11-25 00:45:00+08:00,NYSE:UMC,7.395,7.395,7.38,7.38,12418.0
2025-11-25 01:00:00+08:00,NYSE:UMC,7.385,7.385,7.37,7.375,12728.0
2025-11-25 01:15:00+08:00,NYSE:UMC,7.375,7.39,7.375,7.385,7011.0
2025-11-25 01:30:00+08:00,NYSE:UMC,7.385,7.4,7.38,7.4,10711.0
2025-11-25 01:45:00+08:00,NYSE:UMC,7.4,7.405,7.395,7.405,11264.0
2025-11-25 02:00:00+08:00,NYSE:UMC,7.405,7.41,7.395,7.405,11038.0
2025-11-25 02:15:00+08:00,NYSE:UMC,7.41,7.425,7.41,7.425,18030.0
2025-11-25 02:30:00+08:00,NYSE:UMC,7.425,7.43,7.42,7.425,6953.0
2025-11-25 02:45:00+08:00,NYSE:UMC,7.43,7.43,7.415,7.415,17579.0
2025-11-25 03:00:00+08:00,NYSE:UMC,7.415,7.42,7.415,7.415,10463.0
2025-11-25 03:15:00+08:00,NYSE:UMC,7.415,7.425,7.41,7.415,16835.0
2025-11-25 03:30:00+08:00,NYSE:UMC,7.415,7.42,7.405,7.405,16363.0
2025-11-25 03:45:00+08:00,NYSE:UMC,7.405,7.41,7.395,7.395,15479.0
2025-11-25 04:00:00+08:00,NYSE:UMC,7.395,7.41,7.395,7.405,19522.0
2025-11-25 04:15:00+08:00,NYSE:UMC,7.405,7.42,7.405,7.415,29581.0
2025-11-25 04:30:00+08:00,NYSE:UMC,7.415,7.44,7.415,7.435,40190.0
2025-11-25 04:45:00+08:00,NYSE:UMC,7.44,7.45,7.425,7.44,166752.0
2025-11-25 22:30:00+08:00,NYSE:UMC,7.23,7.27,7.185,7.185,76778.0
2025-11-25 22:45:00+08:00,NYSE:UMC,7.18,7.195,7.15,7.195,13734.0
2025-11-25 23:00:00+08:00,NYSE:UMC,7.19,7.195,7.155,7.16,8282.0
2025-11-25 23:15:00+08:00,NYSE:UMC,7.17,7.185,7.165,7.17,11203.0
2025-11-25 23:30:00+08:00,NYSE:UMC,7.18,7.205,7.18,7.205,17918.0
2025-11-25 23:45:00+08:00,NYSE:UMC,7.205,7.215,7.175,7.185,13446.0
2025-11-26 00:00:00+08:00,NYSE:UMC,7.185,7.185,7.17,7.175,3874.0
2025-11-26 00:15:00+08:00,NYSE:UMC,7.175,7.21,7.17,7.195,14928.0
2025-11-26 00:30:00+08:00,NYSE:UMC,7.2,7.205,7.185,7.185,10638.0
2025-11-26 00:45:00+08:00,NYSE:UMC,7.18,7.195,7.18,7.185,5183.0
2025-11-26 01:00:00+08:00,NYSE:UMC,7.19,7.21,7.19,7.205,11502.0
2025-11-26 01:15:00+08:00,NYSE:UMC,7.205,7.22,7.205,7.21,5462.0
2025-11-26 01:30:00+08:00,NYSE:UMC,7.22,7.235,7.21,7.225,6408.0
2025-11-26 01:45:00+08:00,NYSE:UMC,7.23,7.23,7.215,7.22,7808.0
2025-11-26 02:00:00+08:00,NYSE:UMC,7.22,7.23,7.215,7.215,4353.0
2025-11-26 02:15:00+08:00,NYSE:UMC,7.215,7.22,7.21,7.215,7232.0
2025-11-26 02:30:00+08:00,NYSE:UMC,7.215,7.22,7.21,7.21,12670.0
2025-11-26 02:45:00+08:00,NYSE:UMC,7.215,7.225,7.215,7.22,13588.0
2025-11-26 03:00:00+08:00,NYSE:UMC,7.22,7.225,7.21,7.215,5425.0
2025-11-26 03:15:00+08:00,NYSE:UMC,7.21,7.215,7.2,7.205,7338.0
2025-11-26 03:30:00+08:00,NYSE:UMC,7.205,7.215,7.2,7.215,5982.0
2025-11-26 03:45:00+08:00,NYSE:UMC,7.215,7.225,7.215,7.225,7400.0
2025-11-26 04:00:00+08:00,NYSE:UMC,7.225,7.23,7.22,7.23,5404.0
2025-11-26 04:15:00+08:00,NYSE:UMC,7.225,7.23,7.22,7.22,11050.0
2025-11-26 04:30:00+08:00,NYSE:UMC,7.22,7.245,7.22,7.245,19244.0
2025-11-26 04:45:00+08:00,NYSE:UMC,7.24,7.275,7.24,7.26,117407.0
2025-11-26 22:30:00+08:00,NYSE:UMC,7.33,7.34,7.295,7.31,12502.0
2025-11-26 22:45:00+08:00,NYSE:UMC,7.32,7.33,7.295,7.3,10986.0
2025-11-26 23:00:00+08:00,NYSE:UMC,7.3,7.315,7.3,7.3,12344.0
2025-11-26 23:15:00+08:00,NYSE:UMC,7.3,7.3,7.29,7.295,4339.0
2025-11-26 23:30:00+08:00,NYSE:UMC,7.295,7.325,7.295,7.315,15615.0
2025-11-26 23:45:00+08:00,NYSE:UMC,7.31,7.33,7.31,7.325,8009.0
2025-11-27 00:00:00+08:00,NYSE:UMC,7.33,7.35,7.33,7.35,11092.0
2025-11-27 00:15:00+08:00,NYSE:UMC,7.35,7.385,7.35,7.38,15573.0
2025-11-27 00:30:00+08:00,NYSE:UMC,7.38,7.385,7.375,7.385,6068.0
2025-11-27 00:45:00+08:00,NYSE:UMC,7.385,7.385,7.36,7.36,65213.0
2025-11-27 01:00:00+08:00,NYSE:UMC,7.36,7.37,7.36,7.37,226.0
2025-11-27 01:15:00+08:00,NYSE:UMC,7.37,7.37,7.36,7.37,1583.0
2025-11-27 01:30:00+08:00,NYSE:UMC,7.37,7.39,7.365,7.39,55784.0
2025-11-27 01:45:00+08:00,NYSE:UMC,7.39,7.39,7.37,7.375,24607.0
2025-11-27 02:00:00+08:00,NYSE:UMC,7.375,7.39,7.36,7.385,25971.0
2025-11-27 02:15:00+08:00,NYSE:UMC,7.39,7.39,7.375,7.38,2987.0
2025-11-27 02:30:00+08:00,NYSE:UMC,7.375,7.38,7.365,7.365,6969.0
2025-11-27 02:45:00+08:00,NYSE:UMC,7.37,7.37,7.36,7.37,1100.0
2025-11-27 03:00:00+08:00,NYSE:UMC,7.365,7.38,7.365,7.38,3726.0
2025-11-27 03:15:00+08:00,NYSE:UMC,7.38,7.39,7.375,7.39,8071.0
2025-11-27 03:30:00+08:00,NYSE:UMC,7.39,7.39,7.38,7.385,7025.0
2025-11-27 03:45:00+08:00,NYSE:UMC,7.39,7.41,7.38,7.41,13600.0
2025-11-27 04:00:00+08:00,NYSE:UMC,7.41,7.425,7.4,7.42,20059.0
2025-11-27 04:15:00+08:00,NYSE:UMC,7.42,7.42,7.4,7.4,29487.0
2025-11-27 04:30:00+08:00,NYSE:UMC,7.41,7.41,7.39,7.4,27577.0
2025-11-27 04:45:00+08:00,NYSE:UMC,7.395,7.395,7.33,7.34,224219.0
2025-11-28 22:30:00+08:00,NYSE:UMC,7.37,7.405,7.34,7.4,11935.0
2025-11-28 22:45:00+08:00,NYSE:UMC,7.4,7.435,7.4,7.43,45565.0
2025-11-28 23:00:00+08:00,NYSE:UMC,7.43,7.45,7.41,7.41,26036.0
2025-11-28 23:15:00+08:00,NYSE:UMC,7.415,7.44,7.41,7.42,36399.0
2025-11-28 23:30:00+08:00,NYSE:UMC,7.42,7.44,7.42,7.435,7248.0
2025-11-28 23:45:00+08:00,NYSE:UMC,7.435,7.44,7.43,7.435,1783.0
2025-11-29 00:00:00+08:00,NYSE:UMC,7.43,7.45,7.43,7.45,8081.0
2025-11-29 00:15:00+08:00,NYSE:UMC,7.445,7.46,7.435,7.445,22447.0
2025-11-29 00:30:00+08:00,NYSE:UMC,7.445,7.45,7.44,7.44,11706.0
2025-11-29 00:45:00+08:00,NYSE:UMC,7.435,7.46,7.435,7.455,9655.0
2025-11-29 01:00:00+08:00,NYSE:UMC,7.45,7.46,7.45,7.455,6769.0
2025-11-29 01:15:00+08:00,NYSE:UMC,7.46,7.465,7.42,7.425,38639.0
2025-11-29 01:30:00+08:00,NYSE:UMC,7.42,7.43,7.42,7.425,16366.0
2025-11-29 01:45:00+08:00,NYSE:UMC,7.42,7.45,7.415,7.45,80250.0
2025-12-01 22:30:00+08:00,NYSE:UMC,7.49,7.54,7.48,7.52,14333.0
2025-12-01 22:45:00+08:00,NYSE:UMC,7.53,7.555,7.525,7.54,11496.0
2025-12-01 23:00:00+08:00,NYSE:UMC,7.55,7.56,7.545,7.55,2871.0
2025-12-01 23:15:00+08:00,NYSE:UMC,7.55,7.555,7.53,7.53,10978.0
2025-12-01 23:30:00+08:00,NYSE:UMC,7.525,7.54,7.52,7.535,6720.0
2025-12-01 23:45:00+08:00,NYSE:UMC,7.53,7.555,7.53,7.55,2609.0
2025-12-02 00:00:00+08:00,NYSE:UMC,7.55,7.555,7.54,7.54,3978.0
2025-12-02 00:15:00+08:00,NYSE:UMC,7.54,7.56,7.535,7.555,12692.0
2025-12-02 00:30:00+08:00,NYSE:UMC,7.555,7.56,7.55,7.555,20099.0
2025-12-02 00:45:00+08:00,NYSE:UMC,7.56,7.57,7.56,7.565,4364.0
2025-12-02 01:00:00+08:00,NYSE:UMC,7.565,7.58,7.565,7.57,11148.0
2025-12-02 01:15:00+08:00,NYSE:UMC,7.56,7.57,7.56,7.565,6823.0
2025-12-02 01:30:00+08:00,NYSE:UMC,7.565,7.58,7.56,7.575,5173.0
2025-12-02 01:45:00+08:00,NYSE:UMC,7.575,7.585,7.575,7.575,13725.0
2025-12-02 02:00:00+08:00,NYSE:UMC,7.58,7.58,7.57,7.58,5550.0
2025-12-02 02:15:00+08:00,NYSE:UMC,7.58,7.58,7.575,7.575,3923.0
2025-12-02 02:30:00+08:00,NYSE:UMC,7.58,7.59,7.58,7.59,6536.0
2025-12-02 02:45:00+08:00,NYSE:UMC,7.59,7.6,7.585,7.59,7374.0
2025-12-02 03:00:00+08:00,NYSE:UMC,7.59,7.59,7.56,7.565,12097.0
2025-12-02 03:15:00+08:00,NYSE:UMC,7.565,7.565,7.54,7.55,9612.0
2025-12-02 03:30:00+08:00,NYSE:UMC,7.54,7.55,7.53,7.54,7241.0
2025-12-02 03:45:00+08:00,NYSE:UMC,7.54,7.55,7.54,7.54,7076.0
2025-12-02 04:00:00+08:00,NYSE:UMC,7.54,7.55,7.54,7.545,12111.0
2025-12-02 04:15:00+08:00,NYSE:UMC,7.55,7.55,7.54,7.545,12350.0
2025-12-02 04:30:00+08:00,NYSE:UMC,7.54,7.54,7.53,7.535,7048.0
2025-12-02 04:45:00+08:00,NYSE:UMC,7.535,7.56,7.53,7.54,90824.0
2025-12-02 22:30:00+08:00,NYSE:UMC,7.52,7.615,7.52,7.595,12614.0
2025-12-02 22:45:00+08:00,NYSE:UMC,7.6,7.62,7.58,7.615,17972.0
2025-12-02 23:00:00+08:00,NYSE:UMC,7.615,7.64,7.61,7.62,15328.0
2025-12-02 23:15:00+08:00,NYSE:UMC,7.62,7.625,7.61,7.61,22416.0
2025-12-02 23:30:00+08:00,NYSE:UMC,7.605,7.64,7.605,7.635,12785.0
2025-12-02 23:45:00+08:00,NYSE:UMC,7.635,7.65,7.635,7.635,12196.0
2025-12-03 00:00:00+08:00,NYSE:UMC,7.635,7.65,7.63,7.63,14609.0
2025-12-03 00:15:00+08:00,NYSE:UMC,7.635,7.66,7.635,7.655,55635.0
2025-12-03 00:30:00+08:00,NYSE:UMC,7.65,7.69,7.64,7.685,13557.0
2025-12-03 00:45:00+08:00,NYSE:UMC,7.68,7.695,7.68,7.695,31233.0
2025-12-03 01:00:00+08:00,NYSE:UMC,7.7,7.7,7.69,7.7,12585.0
2025-12-03 01:15:00+08:00,NYSE:UMC,7.7,7.72,7.7,7.715,32703.0
2025-12-03 01:30:00+08:00,NYSE:UMC,7.715,7.72,7.705,7.705,27108.0
2025-12-03 01:45:00+08:00,NYSE:UMC,7.71,7.715,7.7,7.71,22389.0
2025-12-03 02:00:00+08:00,NYSE:UMC,7.71,7.725,7.705,7.725,8866.0
2025-12-03 02:15:00+08:00,NYSE:UMC,7.72,7.73,7.7,7.705,31032.0
2025-12-03 02:30:00+08:00,NYSE:UMC,7.71,7.71,7.7,7.71,13230.0
2025-12-03 02:45:00+08:00,NYSE:UMC,7.71,7.72,7.705,7.71,20443.0
2025-12-03 03:00:00+08:00,NYSE:UMC,7.71,7.73,7.71,7.73,10305.0
2025-12-03 03:15:00+08:00,NYSE:UMC,7.73,7.73,7.71,7.71,13158.0
2025-12-03 03:30:00+08:00,NYSE:UMC,7.715,7.72,7.71,7.715,13477.0
2025-12-03 03:45:00+08:00,NYSE:UMC,7.72,7.74,7.72,7.735,15453.0
2025-12-03 04:00:00+08:00,NYSE:UMC,7.735,7.74,7.73,7.735,21040.0
2025-12-03 04:15:00+08:00,NYSE:UMC,7.735,7.76,7.73,7.76,94029.0
2025-12-03 04:30:00+08:00,NYSE:UMC,7.76,7.775,7.755,7.77,36088.0
2025-12-03 04:45:00+08:00,NYSE:UMC,7.76,7.795,7.76,7.785,209449.0
2025-12-03 22:30:00+08:00,NYSE:UMC,7.7,7.74,7.69,7.71,27869.0
2025-12-03 22:45:00+08:00,NYSE:UMC,7.71,7.76,7.71,7.755,10390.0
2025-12-03 23:00:00+08:00,NYSE:UMC,7.76,7.8,7.76,7.78,23394.0
2025-12-03 23:15:00+08:00,NYSE:UMC,7.78,7.805,7.78,7.8,7376.0
2025-12-03 23:30:00+08:00,NYSE:UMC,7.805,7.825,7.8,7.815,10274.0
2025-12-03 23:45:00+08:00,NYSE:UMC,7.815,7.82,7.81,7.815,5415.0
2025-12-04 00:00:00+08:00,NYSE:UMC,7.82,7.82,7.8,7.8,11592.0
2025-12-04 00:15:00+08:00,NYSE:UMC,7.8,7.81,7.785,7.8,72111.0
2025-12-04 00:30:00+08:00,NYSE:UMC,7.8,7.83,7.8,7.825,15985.0
2025-12-04 00:45:00+08:00,NYSE:UMC,7.82,7.825,7.805,7.805,16503.0
2025-12-04 01:00:00+08:00,NYSE:UMC,7.81,7.82,7.805,7.82,11068.0
2025-12-04 01:15:00+08:00,NYSE:UMC,7.82,7.83,7.82,7.83,10414.0
2025-12-04 01:30:00+08:00,NYSE:UMC,7.835,7.84,7.83,7.84,10221.0
2025-12-04 01:45:00+08:00,NYSE:UMC,7.835,7.84,7.835,7.835,6654.0
2025-12-04 02:00:00+08:00,NYSE:UMC,7.835,7.85,7.835,7.85,15894.0
2025-12-04 02:15:00+08:00,NYSE:UMC,7.85,7.855,7.845,7.845,33887.0
2025-12-04 02:30:00+08:00,NYSE:UMC,7.85,7.86,7.85,7.855,12764.0
2025-12-04 02:45:00+08:00,NYSE:UMC,7.855,7.87,7.85,7.85,53268.0
2025-12-04 03:00:00+08:00,NYSE:UMC,7.855,7.855,7.85,7.85,4679.0
2025-12-04 03:15:00+08:00,NYSE:UMC,7.855,7.855,7.83,7.83,35336.0
2025-12-04 03:30:00+08:00,NYSE:UMC,7.835,7.845,7.83,7.84,17260.0
2025-12-04 03:45:00+08:00,NYSE:UMC,7.85,7.85,7.825,7.825,34640.0
2025-12-04 04:00:00+08:00,NYSE:UMC,7.825,7.85,7.825,7.845,22599.0
2025-12-04 04:15:00+08:00,NYSE:UMC,7.845,7.845,7.83,7.83,25245.0
2025-12-04 04:30:00+08:00,NYSE:UMC,7.83,7.835,7.83,7.83,27522.0
2025-12-04 04:45:00+08:00,NYSE:UMC,7.835,7.84,7.82,7.835,163866.0
2025-12-04 22:30:00+08:00,NYSE:UMC,7.79,7.825,7.78,7.825,25133.0
2025-12-04 22:45:00+08:00,NYSE:UMC,7.83,7.87,7.83,7.835,29761.0
2025-12-04 23:00:00+08:00,NYSE:UMC,7.84,7.86,7.84,7.855,11556.0
2025-12-04 23:15:00+08:00,NYSE:UMC,7.86,7.86,7.845,7.85,12572.0
2025-12-04 23:30:00+08:00,NYSE:UMC,7.855,7.86,7.855,7.855,3065.0
2025-12-04 23:45:00+08:00,NYSE:UMC,7.86,7.865,7.85,7.865,6065.0
2025-12-05 00:00:00+08:00,NYSE:UMC,7.87,7.885,7.855,7.88,22826.0
2025-12-05 00:15:00+08:00,NYSE:UMC,7.89,7.93,7.89,7.92,33906.0
2025-12-05 00:30:00+08:00,NYSE:UMC,7.92,7.92,7.905,7.905,20024.0
2025-12-05 00:45:00+08:00,NYSE:UMC,7.905,7.915,7.9,7.915,7668.0
2025-12-05 01:00:00+08:00,NYSE:UMC,7.915,7.92,7.89,7.89,10581.0
2025-12-05 01:15:00+08:00,NYSE:UMC,7.895,7.895,7.88,7.885,5780.0
2025-12-05 01:30:00+08:00,NYSE:UMC,7.885,7.895,7.875,7.875,10747.0
2025-12-05 01:45:00+08:00,NYSE:UMC,7.875,7.89,7.875,7.89,25332.0
2025-12-05 02:00:00+08:00,NYSE:UMC,7.89,7.89,7.86,7.865,20152.0
2025-12-05 02:15:00+08:00,NYSE:UMC,7.865,7.865,7.86,7.865,4979.0
2025-12-05 02:30:00+08:00,NYSE:UMC,7.865,7.865,7.855,7.855,9304.0
2025-12-05 02:45:00+08:00,NYSE:UMC,7.855,7.86,7.85,7.86,1097.0
2025-12-05 03:00:00+08:00,NYSE:UMC,7.86,7.87,7.855,7.86,8365.0
2025-12-05 03:15:00+08:00,NYSE:UMC,7.86,7.86,7.84,7.85,21539.0
2025-12-05 03:30:00+08:00,NYSE:UMC,7.85,7.87,7.85,7.865,2791.0
2025-12-05 03:45:00+08:00,NYSE:UMC,7.86,7.87,7.86,7.865,18569.0
2025-12-05 04:00:00+08:00,NYSE:UMC,7.86,7.865,7.85,7.855,23000.0
2025-12-05 04:15:00+08:00,NYSE:UMC,7.855,7.855,7.82,7.82,18638.0
2025-12-05 04:30:00+08:00,NYSE:UMC,7.82,7.83,7.815,7.825,27792.0
2025-12-05 04:45:00+08:00,NYSE:UMC,7.825,7.87,7.825,7.86,219705.0
2025-12-05 22:30:00+08:00,NYSE:UMC,7.9,7.975,7.89,7.975,33327.0
2025-12-05 22:45:00+08:00,NYSE:UMC,7.975,8.04,7.975,8.035,46059.0
2025-12-05 23:00:00+08:00,NYSE:UMC,8.035,8.05,8.03,8.04,6981.0
2025-12-05 23:15:00+08:00,NYSE:UMC,8.035,8.04,8.0,8.005,22628.0
2025-12-05 23:30:00+08:00,NYSE:UMC,8.01,8.015,8.01,8.015,1393.0
2025-12-05 23:45:00+08:00,NYSE:UMC,8.01,8.01,8.0,8.0,12116.0
2025-12-06 00:00:00+08:00,NYSE:UMC,8.01,8.03,8.01,8.02,22194.0
2025-12-06 00:15:00+08:00,NYSE:UMC,8.03,8.03,8.01,8.01,13676.0
2025-12-06 00:30:00+08:00,NYSE:UMC,8.01,8.03,8.01,8.03,8223.0
2025-12-06 00:45:00+08:00,NYSE:UMC,8.03,8.035,8.005,8.015,36085.0
2025-12-06 01:00:00+08:00,NYSE:UMC,8.01,8.02,7.99,7.99,25052.0
2025-12-06 01:15:00+08:00,NYSE:UMC,7.99,8.02,7.99,8.02,9494.0
2025-12-06 01:30:00+08:00,NYSE:UMC,8.025,8.03,8.01,8.015,3655.0
2025-12-06 01:45:00+08:00,NYSE:UMC,8.01,8.03,8.01,8.03,8436.0
2025-12-06 02:00:00+08:00,NYSE:UMC,8.03,8.03,8.025,8.03,4218.0
2025-12-06 02:15:00+08:00,NYSE:UMC,8.03,8.05,8.025,8.05,11460.0
2025-12-06 02:30:00+08:00,NYSE:UMC,8.05,8.06,8.04,8.06,28470.0
2025-12-06 02:45:00+08:00,NYSE:UMC,8.06,8.06,8.045,8.045,9678.0
2025-12-06 03:00:00+08:00,NYSE:UMC,8.04,8.055,8.035,8.055,3978.0
2025-12-06 03:15:00+08:00,NYSE:UMC,8.055,8.06,8.045,8.05,11378.0
2025-12-06 03:30:00+08:00,NYSE:UMC,8.05,8.06,8.045,8.045,11966.0
2025-12-06 03:45:00+08:00,NYSE:UMC,8.045,8.06,8.04,8.06,20880.0
2025-12-06 04:00:00+08:00,NYSE:UMC,8.055,8.055,8.045,8.045,24543.0
2025-12-06 04:15:00+08:00,NYSE:UMC,8.05,8.05,8.025,8.025,13815.0
2025-12-06 04:30:00+08:00,NYSE:UMC,8.025,8.03,7.995,7.995,19221.0
2025-12-06 04:45:00+08:00,NYSE:UMC,7.995,8.02,7.975,8.02,192568.0
2025-12-08 22:30:00+08:00,NYSE:UMC,8.02,8.07,8.02,8.055,33153.0
2025-12-08 22:45:00+08:00,NYSE:UMC,8.06,8.065,8.045,8.05,10296.0
2025-12-08 23:00:00+08:00,NYSE:UMC,8.05,8.065,8.045,8.06,10890.0
2025-12-08 23:15:00+08:00,NYSE:UMC,8.05,8.05,8.01,8.02,13833.0
2025-12-08 23:30:00+08:00,NYSE:UMC,8.025,8.04,8.025,8.035,12323.0
2025-12-08 23:45:00+08:00,NYSE:UMC,8.035,8.04,8.02,8.02,7813.0
2025-12-09 00:00:00+08:00,NYSE:UMC,8.02,8.03,8.015,8.02,11966.0
2025-12-09 00:15:00+08:00,NYSE:UMC,8.025,8.03,8.015,8.03,13444.0
2025-12-09 00:30:00+08:00,NYSE:UMC,8.025,8.025,8.005,8.005,9112.0
2025-12-09 00:45:00+08:00,NYSE:UMC,8.01,8.01,7.985,7.995,30203.0
2025-12-09 01:00:00+08:00,NYSE:UMC,7.995,8.005,7.995,8.0,10575.0
2025-12-09 01:15:00+08:00,NYSE:UMC,7.995,8.0,7.985,7.995,7128.0
2025-12-09 01:30:00+08:00,NYSE:UMC,7.995,8.0,7.99,7.995,9207.0
2025-12-09 01:45:00+08:00,NYSE:UMC,7.99,8.03,7.99,8.02,17904.0
2025-12-09 02:00:00+08:00,NYSE:UMC,8.03,8.03,8.015,8.03,10937.0
2025-12-09 02:15:00+08:00,NYSE:UMC,8.03,8.03,8.015,8.015,18793.0
2025-12-09 02:30:00+08:00,NYSE:UMC,8.01,8.02,8.005,8.01,15378.0
2025-12-09 02:45:00+08:00,NYSE:UMC,8.01,8.01,8.0,8.0,6605.0
2025-12-09 03:00:00+08:00,NYSE:UMC,8.0,8.005,8.0,8.005,7882.0
2025-12-09 03:15:00+08:00,NYSE:UMC,8.01,8.01,8.005,8.01,9306.0
2025-12-09 03:30:00+08:00,NYSE:UMC,8.01,8.02,8.01,8.015,4310.0
2025-12-09 03:45:00+08:00,NYSE:UMC,8.015,8.015,8.005,8.01,23088.0
2025-12-09 04:00:00+08:00,NYSE:UMC,8.01,8.01,8.005,8.01,12259.0
2025-12-09 04:15:00+08:00,NYSE:UMC,8.01,8.02,7.98,8.01,44652.0
2025-12-09 04:30:00+08:00,NYSE:UMC,8.01,8.02,8.005,8.005,31758.0
2025-12-09 04:45:00+08:00,NYSE:UMC,8.005,8.05,8.0,8.05,177842.0
2025-12-09 22:30:00+08:00,NYSE:UMC,8.01,8.035,7.99,8.02,11688.0
2025-12-09 22:45:00+08:00,NYSE:UMC,8.01,8.01,7.99,7.995,6273.0
2025-12-09 23:00:00+08:00,NYSE:UMC,7.995,7.995,7.975,7.985,9037.0
2025-12-09 23:15:00+08:00,NYSE:UMC,7.99,7.99,7.97,7.985,7258.0
2025-12-09 23:30:00+08:00,NYSE:UMC,7.985,8.005,7.975,8.0,12673.0
2025-12-09 23:45:00+08:00,NYSE:UMC,8.0,8.005,7.99,7.995,19372.0
2025-12-10 00:00:00+08:00,NYSE:UMC,8.0,8.01,7.995,8.01,27184.0
2025-12-10 00:15:00+08:00,NYSE:UMC,8.005,8.01,7.995,7.995,17061.0
2025-12-10 00:30:00+08:00,NYSE:UMC,7.995,8.005,7.995,8.0,14415.0
2025-12-10 00:45:00+08:00,NYSE:UMC,8.01,8.01,8.005,8.005,4805.0
2025-12-10 01:00:00+08:00,NYSE:UMC,8.01,8.02,8.01,8.02,57755.0
2025-12-10 01:15:00+08:00,NYSE:UMC,8.02,8.025,8.01,8.025,16553.0
2025-12-10 01:30:00+08:00,NYSE:UMC,8.025,8.03,8.02,8.025,10239.0
2025-12-10 01:45:00+08:00,NYSE:UMC,8.025,8.025,8.02,8.025,6066.0
2025-12-10 02:00:00+08:00,NYSE:UMC,8.025,8.03,8.02,8.025,7240.0
2025-12-10 02:15:00+08:00,NYSE:UMC,8.025,8.055,8.025,8.055,32898.0
2025-12-10 02:30:00+08:00,NYSE:UMC,8.06,8.065,8.045,8.045,19586.0
2025-12-10 02:45:00+08:00,NYSE:UMC,8.04,8.08,8.04,8.065,50698.0
2025-12-10 03:00:00+08:00,NYSE:UMC,8.06,8.07,8.055,8.06,12451.0
2025-12-10 03:15:00+08:00,NYSE:UMC,8.055,8.06,8.055,8.055,10558.0
2025-12-10 03:30:00+08:00,NYSE:UMC,8.055,8.065,8.055,8.065,8100.0
2025-12-10 03:45:00+08:00,NYSE:UMC,8.065,8.065,8.055,8.055,13840.0
2025-12-10 04:00:00+08:00,NYSE:UMC,8.055,8.06,8.055,8.06,6406.0
2025-12-10 04:15:00+08:00,NYSE:UMC,8.055,8.06,8.055,8.06,14864.0
2025-12-10 04:30:00+08:00,NYSE:UMC,8.06,8.075,8.055,8.075,35409.0
2025-12-10 04:45:00+08:00,NYSE:UMC,8.08,8.1,8.07,8.09,276937.0
2025-12-10 22:30:00+08:00,NYSE:UMC,7.93,8.01,7.93,8.0,30996.0
2025-12-10 22:45:00+08:00,NYSE:UMC,8.0,8.0,7.955,7.995,16797.0
2025-12-10 23:00:00+08:00,NYSE:UMC,7.995,8.005,7.985,7.995,8690.0
2025-12-10 23:15:00+08:00,NYSE:UMC,7.99,7.99,7.975,7.98,13758.0
2025-12-10 23:30:00+08:00,NYSE:UMC,7.985,7.985,7.965,7.985,16180.0
2025-12-10 23:45:00+08:00,NYSE:UMC,7.985,7.99,7.975,7.975,14343.0
2025-12-11 00:00:00+08:00,NYSE:UMC,7.98,7.98,7.965,7.975,24078.0
2025-12-11 00:15:00+08:00,NYSE:UMC,7.98,7.99,7.98,7.985,10471.0
2025-12-11 00:30:00+08:00,NYSE:UMC,7.985,7.99,7.985,7.985,8361.0
2025-12-11 00:45:00+08:00,NYSE:UMC,7.98,8.0,7.98,7.995,14236.0
2025-12-11 01:00:00+08:00,NYSE:UMC,8.0,8.0,7.99,7.99,2998.0
2025-12-11 01:15:00+08:00,NYSE:UMC,7.995,7.995,7.975,7.98,9095.0
2025-12-11 01:30:00+08:00,NYSE:UMC,7.975,7.985,7.975,7.98,2954.0
2025-12-11 01:45:00+08:00,NYSE:UMC,7.985,7.985,7.98,7.98,4670.0
2025-12-11 02:00:00+08:00,NYSE:UMC,7.985,7.985,7.975,7.98,6421.0
2025-12-11 02:15:00+08:00,NYSE:UMC,7.98,7.98,7.97,7.97,3221.0
2025-12-11 02:30:00+08:00,NYSE:UMC,7.975,7.985,7.97,7.985,12327.0
2025-12-11 02:45:00+08:00,NYSE:UMC,7.985,7.985,7.96,7.96,9391.0
2025-12-11 03:00:00+08:00,NYSE:UMC,7.965,7.99,7.965,7.98,20442.0
2025-12-11 03:15:00+08:00,NYSE:UMC,7.98,7.985,7.955,7.96,12671.0
2025-12-11 03:30:00+08:00,NYSE:UMC,7.965,8.0,7.965,7.985,30047.0
2025-12-11 03:45:00+08:00,NYSE:UMC,7.98,8.035,7.98,8.03,15533.0
2025-12-11 04:00:00+08:00,NYSE:UMC,8.035,8.05,8.025,8.045,26412.0
2025-12-11 04:15:00+08:00,NYSE:UMC,8.04,8.05,8.03,8.035,55885.0
2025-12-11 04:30:00+08:00,NYSE:UMC,8.03,8.03,8.02,8.02,29560.0
2025-12-11 04:45:00+08:00,NYSE:UMC,8.025,8.025,7.98,7.98,212062.0
2025-12-11 22:30:00+08:00,NYSE:UMC,7.895,7.9,7.86,7.88,15657.0
2025-12-11 22:45:00+08:00,NYSE:UMC,7.87,7.87,7.79,7.79,20604.0
2025-12-11 23:00:00+08:00,NYSE:UMC,7.79,7.845,7.78,7.845,15900.0
2025-12-11 23:15:00+08:00,NYSE:UMC,7.845,7.87,7.835,7.865,21133.0
2025-12-11 23:30:00+08:00,NYSE:UMC,7.86,7.86,7.84,7.845,23371.0
2025-12-11 23:45:00+08:00,NYSE:UMC,7.85,7.865,7.845,7.865,20403.0
2025-12-12 00:00:00+08:00,NYSE:UMC,7.865,7.865,7.83,7.835,15948.0
2025-12-12 00:15:00+08:00,NYSE:UMC,7.83,7.835,7.815,7.82,6625.0
2025-12-12 00:30:00+08:00,NYSE:UMC,7.82,7.85,7.82,7.835,18402.0
2025-12-12 00:45:00+08:00,NYSE:UMC,7.835,7.835,7.82,7.835,13216.0
2025-12-12 01:00:00+08:00,NYSE:UMC,7.835,7.84,7.835,7.835,3091.0
2025-12-12 01:15:00+08:00,NYSE:UMC,7.83,7.845,7.83,7.835,5497.0
2025-12-12 01:30:00+08:00,NYSE:UMC,7.83,7.835,7.83,7.835,282.0
2025-12-12 01:45:00+08:00,NYSE:UMC,7.835,7.835,7.82,7.825,3652.0
2025-12-12 02:00:00+08:00,NYSE:UMC,7.82,7.825,7.82,7.825,1003.0
2025-12-12 02:15:00+08:00,NYSE:UMC,7.82,7.83,7.82,7.82,8260.0
2025-12-12 02:30:00+08:00,NYSE:UMC,7.825,7.83,7.82,7.825,1337.0
2025-12-12 02:45:00+08:00,NYSE:UMC,7.82,7.82,7.82,7.82,962.0
2025-12-12 03:00:00+08:00,NYSE:UMC,7.82,7.835,7.815,7.835,12305.0
2025-12-12 03:15:00+08:00,NYSE:UMC,7.83,7.84,7.83,7.84,4331.0
2025-12-12 03:30:00+08:00,NYSE:UMC,7.84,7.84,7.835,7.835,5804.0
2025-12-12 03:45:00+08:00,NYSE:UMC,7.83,7.835,7.83,7.83,6413.0
2025-12-12 04:00:00+08:00,NYSE:UMC,7.83,7.84,7.83,7.83,10781.0
2025-12-12 04:15:00+08:00,NYSE:UMC,7.83,7.85,7.83,7.845,14338.0
2025-12-12 04:30:00+08:00,NYSE:UMC,7.845,7.88,7.84,7.86,28671.0
2025-12-12 04:45:00+08:00,NYSE:UMC,7.86,7.9,7.86,7.89,214394.0
2025-12-12 22:30:00+08:00,NYSE:UMC,7.86,7.87,7.83,7.855,12623.0
2025-12-12 22:45:00+08:00,NYSE:UMC,7.855,7.885,7.85,7.875,5605.0
2025-12-12 23:00:00+08:00,NYSE:UMC,7.87,7.885,7.85,7.88,25573.0
2025-12-12 23:15:00+08:00,NYSE:UMC,7.875,7.88,7.835,7.84,13194.0
2025-12-12 23:30:00+08:00,NYSE:UMC,7.84,7.87,7.835,7.87,78389.0
2025-12-12 23:45:00+08:00,NYSE:UMC,7.87,7.88,7.815,7.825,24382.0
2025-12-13 00:00:00+08:00,NYSE:UMC,7.83,7.835,7.795,7.815,60671.0
2025-12-13 00:15:00+08:00,NYSE:UMC,7.815,7.83,7.8,7.82,55427.0
2025-12-13 00:30:00+08:00,NYSE:UMC,7.83,7.84,7.82,7.84,27345.0
2025-12-13 00:45:00+08:00,NYSE:UMC,7.83,7.835,7.82,7.83,18709.0
2025-12-13 01:00:00+08:00,NYSE:UMC,7.83,7.855,7.83,7.85,9788.0
2025-12-13 01:15:00+08:00,NYSE:UMC,7.845,7.865,7.845,7.85,16323.0
2025-12-13 01:30:00+08:00,NYSE:UMC,7.845,7.86,7.845,7.855,6939.0
2025-12-13 01:45:00+08:00,NYSE:UMC,7.86,7.87,7.86,7.865,18574.0
2025-12-13 02:00:00+08:00,NYSE:UMC,7.86,7.88,7.855,7.875,20129.0
2025-12-13 02:15:00+08:00,NYSE:UMC,7.875,7.88,7.865,7.87,10651.0
2025-12-13 02:30:00+08:00,NYSE:UMC,7.875,7.88,7.87,7.87,15548.0
2025-12-13 02:45:00+08:00,NYSE:UMC,7.865,7.87,7.86,7.86,13456.0
2025-12-13 03:00:00+08:00,NYSE:UMC,7.855,7.86,7.84,7.85,36503.0
2025-12-13 03:15:00+08:00,NYSE:UMC,7.84,7.85,7.84,7.84,9861.0
2025-12-13 03:30:00+08:00,NYSE:UMC,7.84,7.85,7.84,7.85,16206.0
2025-12-13 03:45:00+08:00,NYSE:UMC,7.84,7.85,7.83,7.84,26408.0
2025-12-13 04:00:00+08:00,NYSE:UMC,7.835,7.85,7.825,7.825,39531.0
2025-12-13 04:15:00+08:00,NYSE:UMC,7.825,7.83,7.82,7.82,13270.0
2025-12-13 04:30:00+08:00,NYSE:UMC,7.82,7.835,7.8,7.83,115384.0
2025-12-13 04:45:00+08:00,NYSE:UMC,7.83,7.87,7.825,7.865,268192.0
2025-12-15 22:30:00+08:00,NYSE:UMC,7.92,7.95,7.885,7.885,27800.0
2025-12-15 22:45:00+08:00,NYSE:UMC,7.88,7.88,7.85,7.86,13102.0
2025-12-15 23:00:00+08:00,NYSE:UMC,7.855,7.875,7.85,7.87,31720.0
2025-12-15 23:15:00+08:00,NYSE:UMC,7.865,7.865,7.84,7.84,17594.0
2025-12-15 23:30:00+08:00,NYSE:UMC,7.85,7.87,7.85,7.87,7179.0
2025-12-15 23:45:00+08:00,NYSE:UMC,7.865,7.875,7.865,7.865,6763.0
2025-12-16 00:00:00+08:00,NYSE:UMC,7.865,7.88,7.86,7.875,17762.0
2025-12-16 00:15:00+08:00,NYSE:UMC,7.88,7.9,7.875,7.9,10447.0
2025-12-16 00:30:00+08:00,NYSE:UMC,7.91,7.91,7.875,7.875,17628.0
2025-12-16 00:45:00+08:00,NYSE:UMC,7.875,7.9,7.87,7.89,18834.0
2025-12-16 01:00:00+08:00,NYSE:UMC,7.9,7.9,7.885,7.885,17569.0
2025-12-16 01:15:00+08:00,NYSE:UMC,7.885,7.9,7.885,7.9,9176.0
2025-12-16 01:30:00+08:00,NYSE:UMC,7.9,7.9,7.89,7.895,3351.0
2025-12-16 01:45:00+08:00,NYSE:UMC,7.895,7.9,7.875,7.88,32368.0
2025-12-16 02:00:00+08:00,NYSE:UMC,7.88,7.88,7.87,7.88,10127.0
2025-12-16 02:15:00+08:00,NYSE:UMC,7.875,7.875,7.855,7.87,8908.0
2025-12-16 02:30:00+08:00,NYSE:UMC,7.87,7.88,7.87,7.875,4501.0
2025-12-16 02:45:00+08:00,NYSE:UMC,7.875,7.885,7.875,7.885,4049.0
2025-12-16 03:00:00+08:00,NYSE:UMC,7.885,7.89,7.88,7.88,2333.0
2025-12-16 03:15:00+08:00,NYSE:UMC,7.875,7.88,7.875,7.88,3652.0
2025-12-16 03:30:00+08:00,NYSE:UMC,7.88,7.88,7.875,7.875,2586.0
2025-12-16 03:45:00+08:00,NYSE:UMC,7.87,7.87,7.865,7.865,6622.0
2025-12-16 04:00:00+08:00,NYSE:UMC,7.865,7.88,7.865,7.87,3689.0
2025-12-16 04:15:00+08:00,NYSE:UMC,7.875,7.88,7.865,7.87,9800.0
2025-12-16 04:30:00+08:00,NYSE:UMC,7.87,7.875,7.86,7.87,25411.0
2025-12-16 04:45:00+08:00,NYSE:UMC,7.87,7.87,7.84,7.84,151936.0
2025-12-16 22:30:00+08:00,NYSE:UMC,7.87,7.92,7.85,7.905,22719.0
2025-12-16 22:45:00+08:00,NYSE:UMC,7.91,7.93,7.9,7.905,13978.0
2025-12-16 23:00:00+08:00,NYSE:UMC,7.91,7.91,7.87,7.875,11238.0
2025-12-16 23:15:00+08:00,NYSE:UMC,7.875,7.885,7.85,7.875,42112.0
2025-12-16 23:30:00+08:00,NYSE:UMC,7.875,7.89,7.865,7.87,10440.0
2025-12-16 23:45:00+08:00,NYSE:UMC,7.87,7.91,7.87,7.91,16422.0
2025-12-17 00:00:00+08:00,NYSE:UMC,7.91,7.915,7.89,7.9,10742.0
2025-12-17 00:15:00+08:00,NYSE:UMC,7.89,7.895,7.885,7.89,10810.0
2025-12-17 00:30:00+08:00,NYSE:UMC,7.885,7.895,7.885,7.895,12660.0
2025-12-17 00:45:00+08:00,NYSE:UMC,7.895,7.905,7.895,7.895,6847.0
2025-12-17 01:00:00+08:00,NYSE:UMC,7.895,7.915,7.895,7.9,9913.0
2025-12-17 01:15:00+08:00,NYSE:UMC,7.9,7.9,7.895,7.895,6521.0
2025-12-17 01:30:00+08:00,NYSE:UMC,7.895,7.9,7.89,7.89,7556.0
2025-12-17 01:45:00+08:00,NYSE:UMC,7.89,7.89,7.875,7.875,8385.0
2025-12-17 02:00:00+08:00,NYSE:UMC,7.875,7.88,7.86,7.86,7360.0
2025-12-17 02:15:00+08:00,NYSE:UMC,7.865,7.87,7.85,7.855,26342.0
2025-12-17 02:30:00+08:00,NYSE:UMC,7.855,7.86,7.855,7.86,13876.0
2025-12-17 02:45:00+08:00,NYSE:UMC,7.86,7.86,7.85,7.855,6822.0
2025-12-17 03:00:00+08:00,NYSE:UMC,7.85,7.86,7.845,7.86,31916.0
2025-12-17 03:15:00+08:00,NYSE:UMC,7.86,7.86,7.855,7.86,47506.0
2025-12-17 03:30:00+08:00,NYSE:UMC,7.86,7.86,7.855,7.86,4607.0
2025-12-17 03:45:00+08:00,NYSE:UMC,7.86,7.865,7.85,7.85,21569.0
2025-12-17 04:00:00+08:00,NYSE:UMC,7.86,7.86,7.845,7.855,38447.0
2025-12-17 04:15:00+08:00,NYSE:UMC,7.85,7.865,7.84,7.865,27370.0
2025-12-17 04:30:00+08:00,NYSE:UMC,7.87,7.89,7.86,7.89,140982.0
2025-12-17 04:45:00+08:00,NYSE:UMC,7.89,7.9,7.88,7.89,185416.0
2025-12-17 22:30:00+08:00,NYSE:UMC,8.07,8.14,8.07,8.14,27800.0
2025-12-17 22:45:00+08:00,NYSE:UMC,8.15,8.16,8.125,8.145,16846.0
2025-12-17 23:00:00+08:00,NYSE:UMC,8.14,8.145,8.135,8.14,7854.0
2025-12-17 23:15:00+08:00,NYSE:UMC,8.135,8.135,8.11,8.12,15268.0
2025-12-17 23:30:00+08:00,NYSE:UMC,8.12,8.12,8.06,8.06,23723.0
2025-12-17 23:45:00+08:00,NYSE:UMC,8.06,8.07,8.05,8.06,34701.0
2025-12-18 00:00:00+08:00,NYSE:UMC,8.06,8.085,8.04,8.04,29893.0
2025-12-18 00:15:00+08:00,NYSE:UMC,8.04,8.07,8.035,8.05,25961.0
2025-12-18 00:30:00+08:00,NYSE:UMC,8.04,8.04,8.015,8.025,49044.0
2025-12-18 00:45:00+08:00,NYSE:UMC,8.03,8.04,8.02,8.03,19537.0
2025-12-18 01:00:00+08:00,NYSE:UMC,8.035,8.04,8.02,8.02,23932.0
2025-12-18 01:15:00+08:00,NYSE:UMC,8.025,8.04,8.02,8.03,7509.0
2025-12-18 01:30:00+08:00,NYSE:UMC,8.025,8.045,8.02,8.02,15505.0
2025-12-18 01:45:00+08:00,NYSE:UMC,8.025,8.03,8.015,8.015,19616.0
2025-12-18 02:00:00+08:00,NYSE:UMC,8.015,8.03,8.01,8.01,6772.0
2025-12-18 02:15:00+08:00,NYSE:UMC,8.005,8.02,8.0,8.015,14612.0
2025-12-18 02:30:00+08:00,NYSE:UMC,8.01,8.01,7.99,8.0,13336.0
2025-12-18 02:45:00+08:00,NYSE:UMC,8.0,8.0,7.99,8.0,17727.0
2025-12-18 03:00:00+08:00,NYSE:UMC,8.0,8.005,8.0,8.0,702.0
2025-12-18 03:15:00+08:00,NYSE:UMC,8.0,8.005,7.995,7.995,24315.0
2025-12-18 03:30:00+08:00,NYSE:UMC,7.99,8.0,7.98,7.995,16099.0
2025-12-18 03:45:00+08:00,NYSE:UMC,7.99,8.0,7.98,7.995,10011.0
2025-12-18 04:00:00+08:00,NYSE:UMC,8.0,8.0,7.98,7.98,17575.0
2025-12-18 04:15:00+08:00,NYSE:UMC,7.98,8.0,7.975,7.99,47827.0
2025-12-18 04:30:00+08:00,NYSE:UMC,7.99,8.0,7.98,7.995,23323.0
2025-12-18 04:45:00+08:00,NYSE:UMC,7.995,8.01,7.985,7.99,305769.0
2025-12-18 22:30:00+08:00,NYSE:UMC,8.05,8.11,8.01,8.01,10132.0
2025-12-18 22:45:00+08:00,NYSE:UMC,8.02,8.045,8.01,8.045,12459.0
2025-12-18 23:00:00+08:00,NYSE:UMC,8.045,8.05,8.015,8.02,19265.0
2025-12-18 23:15:00+08:00,NYSE:UMC,8.02,8.06,8.005,8.06,19433.0
2025-12-18 23:30:00+08:00,NYSE:UMC,8.05,8.09,8.05,8.09,17324.0
2025-12-18 23:45:00+08:00,NYSE:UMC,8.085,8.09,8.075,8.075,15037.0
2025-12-19 00:00:00+08:00,NYSE:UMC,8.07,8.08,8.065,8.08,19312.0
2025-12-19 00:15:00+08:00,NYSE:UMC,8.08,8.08,8.07,8.07,9228.0
2025-12-19 00:30:00+08:00,NYSE:UMC,8.075,8.08,8.075,8.075,9092.0
2025-12-19 00:45:00+08:00,NYSE:UMC,8.07,8.08,8.065,8.08,13603.0
2025-12-19 01:00:00+08:00,NYSE:UMC,8.08,8.08,8.04,8.05,13999.0
2025-12-19 01:15:00+08:00,NYSE:UMC,8.04,8.05,8.03,8.04,23440.0
2025-12-19 01:30:00+08:00,NYSE:UMC,8.05,8.07,8.05,8.07,10549.0
2025-12-19 01:45:00+08:00,NYSE:UMC,8.065,8.065,8.05,8.065,17209.0
2025-12-19 02:00:00+08:00,NYSE:UMC,8.065,8.085,8.065,8.085,11508.0
2025-12-19 02:15:00+08:00,NYSE:UMC,8.085,8.095,8.085,8.095,3955.0
2025-12-19 02:30:00+08:00,NYSE:UMC,8.095,8.1,8.095,8.095,1927.0
2025-12-19 02:45:00+08:00,NYSE:UMC,8.095,8.095,8.09,8.09,9509.0
2025-12-19 03:00:00+08:00,NYSE:UMC,8.08,8.095,8.08,8.09,20139.0
2025-12-19 03:15:00+08:00,NYSE:UMC,8.09,8.095,8.075,8.075,5930.0
2025-12-19 03:30:00+08:00,NYSE:UMC,8.075,8.08,8.06,8.06,15732.0
2025-12-19 03:45:00+08:00,NYSE:UMC,8.06,8.07,8.055,8.06,14727.0
2025-12-19 04:00:00+08:00,NYSE:UMC,8.06,8.09,8.06,8.08,36663.0
2025-12-19 04:15:00+08:00,NYSE:UMC,8.08,8.08,8.07,8.07,14283.0
2025-12-19 04:30:00+08:00,NYSE:UMC,8.075,8.085,8.07,8.085,45714.0
2025-12-19 04:45:00+08:00,NYSE:UMC,8.085,8.09,8.06,8.06,141623.0
2025-12-19 22:30:00+08:00,NYSE:UMC,8.085,8.12,8.085,8.115,24236.0
2025-12-19 22:45:00+08:00,NYSE:UMC,8.115,8.12,8.095,8.12,16381.0
2025-12-19 23:00:00+08:00,NYSE:UMC,8.12,8.13,8.115,8.12,8574.0
2025-12-19 23:15:00+08:00,NYSE:UMC,8.125,8.13,8.115,8.13,21531.0
2025-12-19 23:30:00+08:00,NYSE:UMC,8.13,8.145,8.125,8.135,11647.0
2025-12-19 23:45:00+08:00,NYSE:UMC,8.135,8.14,8.125,8.135,13189.0
2025-12-20 00:00:00+08:00,NYSE:UMC,8.14,8.155,8.135,8.155,14947.0
2025-12-20 00:15:00+08:00,NYSE:UMC,8.15,8.16,8.145,8.16,8584.0
2025-12-20 00:30:00+08:00,NYSE:UMC,8.16,8.16,8.155,8.155,11806.0
2025-12-20 00:45:00+08:00,NYSE:UMC,8.15,8.15,8.135,8.135,5757.0
2025-12-20 01:00:00+08:00,NYSE:UMC,8.14,8.15,8.14,8.15,6776.0
2025-12-20 01:15:00+08:00,NYSE:UMC,8.15,8.155,8.14,8.14,13603.0
2025-12-20 01:30:00+08:00,NYSE:UMC,8.14,8.14,8.13,8.135,14957.0
2025-12-20 01:45:00+08:00,NYSE:UMC,8.13,8.14,8.13,8.14,1748.0
2025-12-20 02:00:00+08:00,NYSE:UMC,8.135,8.14,8.13,8.13,6153.0
2025-12-20 02:15:00+08:00,NYSE:UMC,8.13,8.14,8.13,8.135,6698.0
2025-12-20 02:30:00+08:00,NYSE:UMC,8.135,8.14,8.12,8.125,13476.0
2025-12-20 02:45:00+08:00,NYSE:UMC,8.125,8.13,8.12,8.125,6034.0
2025-12-20 03:00:00+08:00,NYSE:UMC,8.13,8.14,8.13,8.135,14012.0
2025-12-20 03:15:00+08:00,NYSE:UMC,8.14,8.14,8.135,8.14,8977.0
2025-12-20 03:30:00+08:00,NYSE:UMC,8.14,8.145,8.14,8.145,7356.0
2025-12-20 03:45:00+08:00,NYSE:UMC,8.145,8.15,8.14,8.14,5221.0
2025-12-20 04:00:00+08:00,NYSE:UMC,8.145,8.16,8.145,8.155,13475.0
2025-12-20 04:15:00+08:00,NYSE:UMC,8.155,8.17,8.155,8.165,22446.0
2025-12-20 04:30:00+08:00,NYSE:UMC,8.165,8.17,8.145,8.155,68194.0
2025-12-20 04:45:00+08:00,NYSE:UMC,8.155,8.155,8.09,8.095,160658.0
2025-12-22 22:30:00+08:00,NYSE:UMC,8.12,8.14,8.09,8.1,14948.0
2025-12-22 22:45:00+08:00,NYSE:UMC,8.1,8.14,8.1,8.13,19284.0
2025-12-22 23:00:00+08:00,NYSE:UMC,8.14,8.14,8.11,8.11,35161.0
2025-12-22 23:15:00+08:00,NYSE:UMC,8.115,8.135,8.115,8.135,12669.0
2025-12-22 23:30:00+08:00,NYSE:UMC,8.14,8.15,8.115,8.13,13466.0
2025-12-22 23:45:00+08:00,NYSE:UMC,8.13,8.13,8.125,8.125,6121.0
2025-12-23 00:00:00+08:00,NYSE:UMC,8.125,8.14,8.125,8.135,9106.0
2025-12-23 00:15:00+08:00,NYSE:UMC,8.135,8.14,8.135,8.135,6527.0
2025-12-23 00:30:00+08:00,NYSE:UMC,8.135,8.14,8.12,8.12,5452.0
2025-12-23 00:45:00+08:00,NYSE:UMC,8.125,8.13,8.125,8.125,6408.0
2025-12-23 01:00:00+08:00,NYSE:UMC,8.13,8.14,8.125,8.125,12702.0
2025-12-23 01:15:00+08:00,NYSE:UMC,8.125,8.13,8.125,8.125,1682.0
2025-12-23 01:30:00+08:00,NYSE:UMC,8.13,8.13,8.12,8.13,8650.0
2025-12-23 01:45:00+08:00,NYSE:UMC,8.13,8.13,8.125,8.125,510.0
2025-12-23 02:00:00+08:00,NYSE:UMC,8.125,8.14,8.125,8.135,6824.0
2025-12-23 02:15:00+08:00,NYSE:UMC,8.135,8.14,8.125,8.135,6626.0
2025-12-23 02:30:00+08:00,NYSE:UMC,8.14,8.14,8.135,8.14,604.0
2025-12-23 02:45:00+08:00,NYSE:UMC,8.14,8.14,8.135,8.135,301.0
2025-12-23 03:00:00+08:00,NYSE:UMC,8.135,8.135,8.125,8.125,3570.0
2025-12-23 03:15:00+08:00,NYSE:UMC,8.13,8.13,8.125,8.125,1282.0
2025-12-23 03:30:00+08:00,NYSE:UMC,8.125,8.13,8.125,8.13,849.0
2025-12-23 03:45:00+08:00,NYSE:UMC,8.125,8.125,8.125,8.125,2159.0
2025-12-23 04:00:00+08:00,NYSE:UMC,8.13,8.13,8.115,8.125,7943.0
2025-12-23 04:15:00+08:00,NYSE:UMC,8.125,8.13,8.125,8.125,2673.0
2025-12-23 04:30:00+08:00,NYSE:UMC,8.125,8.13,8.12,8.125,23467.0
2025-12-23 04:45:00+08:00,NYSE:UMC,8.125,8.13,8.105,8.125,82881.0
2025-12-23 22:30:00+08:00,NYSE:UMC,8.035,8.035,7.995,8.01,14764.0
2025-12-23 22:45:00+08:00,NYSE:UMC,8.02,8.025,8.005,8.01,11056.0
2025-12-23 23:00:00+08:00,NYSE:UMC,8.01,8.01,7.995,8.005,16701.0
2025-12-23 23:15:00+08:00,NYSE:UMC,8.01,8.01,8.0,8.005,5421.0
2025-12-23 23:30:00+08:00,NYSE:UMC,8.005,8.01,7.995,8.005,6127.0
2025-12-23 23:45:00+08:00,NYSE:UMC,8.01,8.01,7.995,7.995,7718.0
2025-12-24 00:00:00+08:00,NYSE:UMC,7.995,7.995,7.97,7.97,10553.0
2025-12-24 00:15:00+08:00,NYSE:UMC,7.98,7.985,7.975,7.98,3708.0
2025-12-24 00:30:00+08:00,NYSE:UMC,7.98,7.985,7.98,7.985,4846.0
2025-12-24 00:45:00+08:00,NYSE:UMC,7.98,7.99,7.98,7.99,2917.0
2025-12-24 01:00:00+08:00,NYSE:UMC,7.985,7.995,7.98,7.985,2561.0
2025-12-24 01:15:00+08:00,NYSE:UMC,7.98,7.98,7.95,7.95,8714.0
2025-12-24 01:30:00+08:00,NYSE:UMC,7.95,7.96,7.945,7.955,16028.0
2025-12-24 01:45:00+08:00,NYSE:UMC,7.955,7.955,7.94,7.945,5935.0
2025-12-24 02:00:00+08:00,NYSE:UMC,7.94,7.95,7.94,7.95,4239.0
2025-12-24 02:15:00+08:00,NYSE:UMC,7.94,7.95,7.92,7.92,17952.0
2025-12-24 02:30:00+08:00,NYSE:UMC,7.93,7.96,7.925,7.96,30775.0
2025-12-24 02:45:00+08:00,NYSE:UMC,7.96,7.96,7.95,7.955,2246.0
2025-12-24 03:00:00+08:00,NYSE:UMC,7.955,7.975,7.955,7.97,28651.0
2025-12-24 03:15:00+08:00,NYSE:UMC,7.97,7.98,7.97,7.97,1438.0
2025-12-24 03:30:00+08:00,NYSE:UMC,7.975,7.975,7.97,7.97,3895.0
2025-12-24 03:45:00+08:00,NYSE:UMC,7.97,7.97,7.97,7.97,32.0
2025-12-24 04:00:00+08:00,NYSE:UMC,7.97,7.995,7.97,7.98,11594.0
2025-12-24 04:15:00+08:00,NYSE:UMC,7.98,7.98,7.98,7.98,191.0
2025-12-24 04:30:00+08:00,NYSE:UMC,7.98,7.985,7.98,7.98,5582.0
2025-12-24 04:45:00+08:00,NYSE:UMC,7.98,7.98,7.96,7.975,81876.0
2025-12-24 22:30:00+08:00,NYSE:UMC,7.96,7.985,7.94,7.985,20900.0
2025-12-24 22:45:00+08:00,NYSE:UMC,7.99,8.01,7.975,7.975,9909.0
2025-12-24 23:00:00+08:00,NYSE:UMC,7.98,7.99,7.97,7.97,6618.0
2025-12-24 23:15:00+08:00,NYSE:UMC,7.98,7.985,7.97,7.975,7933.0
2025-12-24 23:30:00+08:00,NYSE:UMC,7.98,7.995,7.975,7.99,16729.0
2025-12-24 23:45:00+08:00,NYSE:UMC,7.99,7.99,7.975,7.98,3378.0
2025-12-25 00:00:00+08:00,NYSE:UMC,7.98,7.98,7.97,7.975,3808.0
2025-12-25 00:15:00+08:00,NYSE:UMC,7.975,7.975,7.965,7.965,3598.0
2025-12-25 00:30:00+08:00,NYSE:UMC,7.965,7.975,7.96,7.975,3997.0
2025-12-25 00:45:00+08:00,NYSE:UMC,7.97,7.975,7.97,7.975,10998.0
2025-12-25 01:00:00+08:00,NYSE:UMC,7.975,7.98,7.97,7.975,10031.0
2025-12-25 01:15:00+08:00,NYSE:UMC,7.98,7.99,7.98,7.99,14044.0
2025-12-25 01:30:00+08:00,NYSE:UMC,7.99,7.995,7.97,7.975,13283.0
2025-12-25 01:45:00+08:00,NYSE:UMC,7.98,8.0,7.975,7.985,78762.0
2025-12-26 22:30:00+08:00,NYSE:UMC,7.995,8.045,7.995,8.035,4175.0
2025-12-26 22:45:00+08:00,NYSE:UMC,8.04,8.04,8.01,8.02,12004.0
2025-12-26 23:00:00+08:00,NYSE:UMC,8.03,8.03,8.02,8.025,14652.0
2025-12-26 23:15:00+08:00,NYSE:UMC,8.025,8.035,8.025,8.035,12648.0
2025-12-26 23:30:00+08:00,NYSE:UMC,8.04,8.045,8.03,8.04,6943.0
2025-12-26 23:45:00+08:00,NYSE:UMC,8.04,8.04,8.03,8.035,6410.0
2025-12-27 00:00:00+08:00,NYSE:UMC,8.045,8.045,8.03,8.035,8885.0
2025-12-27 00:15:00+08:00,NYSE:UMC,8.03,8.03,8.025,8.025,704.0
2025-12-27 00:30:00+08:00,NYSE:UMC,8.02,8.035,8.02,8.025,12993.0
2025-12-27 00:45:00+08:00,NYSE:UMC,8.02,8.03,8.02,8.02,4399.0
2025-12-27 01:00:00+08:00,NYSE:UMC,8.025,8.03,8.02,8.025,3860.0
2025-12-27 01:15:00+08:00,NYSE:UMC,8.025,8.035,8.015,8.035,8899.0
2025-12-27 01:30:00+08:00,NYSE:UMC,8.035,8.04,8.03,8.035,8429.0
2025-12-27 01:45:00+08:00,NYSE:UMC,8.03,8.04,8.03,8.035,568.0
2025-12-27 02:00:00+08:00,NYSE:UMC,8.035,8.045,8.035,8.04,4815.0
2025-12-27 02:15:00+08:00,NYSE:UMC,8.035,8.04,8.03,8.04,4881.0
2025-12-27 02:30:00+08:00,NYSE:UMC,8.035,8.04,8.035,8.04,975.0
2025-12-27 02:45:00+08:00,NYSE:UMC,8.035,8.045,8.03,8.04,4272.0
2025-12-27 03:00:00+08:00,NYSE:UMC,8.045,8.045,8.04,8.04,4318.0
2025-12-27 03:15:00+08:00,NYSE:UMC,8.04,8.04,8.035,8.04,327.0
2025-12-27 03:30:00+08:00,NYSE:UMC,8.035,8.035,8.035,8.035,3.0
2025-12-27 03:45:00+08:00,NYSE:UMC,8.035,8.05,8.035,8.045,8107.0
2025-12-27 04:00:00+08:00,NYSE:UMC,8.05,8.05,8.045,8.045,953.0
2025-12-27 04:15:00+08:00,NYSE:UMC,8.05,8.055,8.045,8.045,21664.0
2025-12-27 04:30:00+08:00,NYSE:UMC,8.05,8.06,8.045,8.055,8985.0
2025-12-27 04:45:00+08:00,NYSE:UMC,8.05,8.06,8.02,8.025,136126.0
2025-12-29 22:30:00+08:00,NYSE:UMC,7.92,7.97,7.92,7.94,15518.0
2025-12-29 22:45:00+08:00,NYSE:UMC,7.93,7.95,7.92,7.94,6597.0
2025-12-29 23:00:00+08:00,NYSE:UMC,7.935,7.94,7.93,7.94,3603.0
2025-12-29 23:15:00+08:00,NYSE:UMC,7.94,7.96,7.93,7.955,6750.0
2025-12-29 23:30:00+08:00,NYSE:UMC,7.96,7.96,7.95,7.95,3626.0
2025-12-29 23:45:00+08:00,NYSE:UMC,7.95,7.95,7.93,7.945,10535.0
2025-12-30 00:00:00+08:00,NYSE:UMC,7.95,7.955,7.94,7.955,4587.0
2025-12-30 00:15:00+08:00,NYSE:UMC,7.95,7.95,7.94,7.94,5325.0
2025-12-30 00:30:00+08:00,NYSE:UMC,7.95,7.95,7.94,7.94,6162.0
2025-12-30 00:45:00+08:00,NYSE:UMC,7.95,7.95,7.94,7.94,3514.0
2025-12-30 01:00:00+08:00,NYSE:UMC,7.94,7.94,7.93,7.93,3865.0
2025-12-30 01:15:00+08:00,NYSE:UMC,7.93,7.94,7.93,7.93,9172.0
2025-12-30 01:30:00+08:00,NYSE:UMC,7.935,7.94,7.93,7.93,8229.0
2025-12-30 01:45:00+08:00,NYSE:UMC,7.94,7.94,7.925,7.93,22601.0
2025-12-30 02:00:00+08:00,NYSE:UMC,7.93,7.935,7.92,7.93,6670.0
2025-12-30 02:15:00+08:00,NYSE:UMC,7.93,7.94,7.93,7.94,6375.0
2025-12-30 02:30:00+08:00,NYSE:UMC,7.94,7.95,7.94,7.94,2682.0
2025-12-30 02:45:00+08:00,NYSE:UMC,7.94,7.94,7.94,7.94,713.0
2025-12-30 03:00:00+08:00,NYSE:UMC,7.94,7.96,7.93,7.955,18333.0
2025-12-30 03:15:00+08:00,NYSE:UMC,7.955,7.955,7.95,7.95,748.0
2025-12-30 03:30:00+08:00,NYSE:UMC,7.95,7.955,7.95,7.95,2680.0
2025-12-30 03:45:00+08:00,NYSE:UMC,7.95,7.96,7.95,7.955,2435.0
2025-12-30 04:00:00+08:00,NYSE:UMC,7.955,7.96,7.95,7.95,8374.0
2025-12-30 04:15:00+08:00,NYSE:UMC,7.95,7.955,7.95,7.95,1353.0
2025-12-30 04:30:00+08:00,NYSE:UMC,7.95,7.96,7.95,7.95,18895.0
2025-12-30 04:45:00+08:00,NYSE:UMC,7.95,7.97,7.945,7.96,57787.0
2025-12-30 22:30:00+08:00,NYSE:UMC,7.98,7.99,7.98,7.98,8807.0
2025-12-30 22:45:00+08:00,NYSE:UMC,7.98,8.0,7.98,7.99,2392.0
2025-12-30 23:00:00+08:00,NYSE:UMC,7.99,7.99,7.98,7.98,1822.0
2025-12-30 23:15:00+08:00,NYSE:UMC,7.98,7.99,7.98,7.985,2284.0
2025-12-30 23:30:00+08:00,NYSE:UMC,7.98,7.99,7.98,7.99,2196.0
2025-12-30 23:45:00+08:00,NYSE:UMC,7.99,7.99,7.985,7.99,3592.0
2025-12-31 00:00:00+08:00,NYSE:UMC,7.99,7.99,7.985,7.99,2772.0
2025-12-31 00:15:00+08:00,NYSE:UMC,7.99,8.0,7.99,7.99,5377.0
2025-12-31 00:30:00+08:00,NYSE:UMC,7.99,7.99,7.98,7.98,3903.0
2025-12-31 00:45:00+08:00,NYSE:UMC,7.98,7.99,7.98,7.98,2506.0
2025-12-31 01:00:00+08:00,NYSE:UMC,7.98,7.99,7.98,7.98,6027.0
2025-12-31 01:15:00+08:00,NYSE:UMC,7.98,7.99,7.98,7.985,1391.0
2025-12-31 01:30:00+08:00,NYSE:UMC,7.99,7.99,7.98,7.98,336.0
2025-12-31 01:45:00+08:00,NYSE:UMC,7.98,7.99,7.98,7.98,4918.0
2025-12-31 02:00:00+08:00,NYSE:UMC,7.98,7.98,7.97,7.97,93.0
2025-12-31 02:15:00+08:00,NYSE:UMC,7.97,7.97,7.97,7.97,986.0
2025-12-31 02:30:00+08:00,NYSE:UMC,7.97,7.97,7.965,7.965,4023.0
2025-12-31 02:45:00+08:00,NYSE:UMC,7.965,7.975,7.965,7.97,3806.0
2025-12-31 03:00:00+08:00,NYSE:UMC,7.97,7.97,7.965,7.97,2191.0
2025-12-31 03:15:00+08:00,NYSE:UMC,7.97,7.97,7.96,7.965,143.0
2025-12-31 03:30:00+08:00,NYSE:UMC,7.96,7.97,7.96,7.96,1337.0
2025-12-31 03:45:00+08:00,NYSE:UMC,7.96,7.96,7.95,7.95,3648.0
2025-12-31 04:00:00+08:00,NYSE:UMC,7.96,7.96,7.95,7.955,1848.0
2025-12-31 04:15:00+08:00,NYSE:UMC,7.955,7.965,7.955,7.955,7296.0
2025-12-31 04:30:00+08:00,NYSE:UMC,7.955,7.96,7.95,7.95,7001.0
2025-12-31 04:45:00+08:00,NYSE:UMC,7.955,7.96,7.94,7.955,101028.0
2025-12-31 22:30:00+08:00,NYSE:UMC,7.93,7.95,7.89,7.91,27529.0
2025-12-31 22:45:00+08:00,NYSE:UMC,7.9,7.915,7.895,7.915,4332.0
2025-12-31 23:00:00+08:00,NYSE:UMC,7.915,7.92,7.91,7.91,732.0
2025-12-31 23:15:00+08:00,NYSE:UMC,7.905,7.91,7.905,7.905,3892.0
2025-12-31 23:30:00+08:00,NYSE:UMC,7.91,7.91,7.9,7.9,805.0
2025-12-31 23:45:00+08:00,NYSE:UMC,7.91,7.91,7.895,7.9,5960.0
2026-01-01 00:00:00+08:00,NYSE:UMC,7.9,7.91,7.9,7.91,1137.0
2026-01-01 00:15:00+08:00,NYSE:UMC,7.91,7.91,7.905,7.905,3509.0
2026-01-01 00:30:00+08:00,NYSE:UMC,7.905,7.905,7.89,7.89,1517.0
2026-01-01 00:45:00+08:00,NYSE:UMC,7.895,7.905,7.895,7.905,5232.0
2026-01-01 01:00:00+08:00,NYSE:UMC,7.905,7.91,7.895,7.895,2005.0
2026-01-01 01:15:00+08:00,NYSE:UMC,7.895,7.91,7.895,7.905,3523.0
2026-01-01 01:30:00+08:00,NYSE:UMC,7.9,7.905,7.9,7.9,325.0
2026-01-01 01:45:00+08:00,NYSE:UMC,7.9,7.905,7.89,7.9,2655.0
2026-01-01 02:00:00+08:00,NYSE:UMC,7.89,7.9,7.89,7.895,11861.0
2026-01-01 02:15:00+08:00,NYSE:UMC,7.895,7.9,7.89,7.9,1832.0
2026-01-01 02:30:00+08:00,NYSE:UMC,7.895,7.9,7.89,7.895,2163.0
2026-01-01 02:45:00+08:00,NYSE:UMC,7.895,7.895,7.89,7.895,2394.0
2026-01-01 03:00:00+08:00,NYSE:UMC,7.89,7.9,7.89,7.895,3272.0
2026-01-01 03:15:00+08:00,NYSE:UMC,7.89,7.895,7.88,7.88,4260.0
2026-01-01 03:30:00+08:00,NYSE:UMC,7.885,7.885,7.87,7.88,7189.0
2026-01-01 03:45:00+08:00,NYSE:UMC,7.88,7.885,7.88,7.88,1583.0
2026-01-01 04:00:00+08:00,NYSE:UMC,7.88,7.88,7.875,7.875,6124.0
2026-01-01 04:15:00+08:00,NYSE:UMC,7.875,7.88,7.87,7.87,5106.0
2026-01-01 04:30:00+08:00,NYSE:UMC,7.87,7.88,7.86,7.87,10984.0
2026-01-01 04:45:00+08:00,NYSE:UMC,7.87,7.88,7.845,7.855,104899.0
2026-01-02 22:30:00+08:00,NYSE:UMC,7.83,7.87,7.81,7.82,64859.0
2026-01-02 22:45:00+08:00,NYSE:UMC,7.82,7.835,7.815,7.815,23814.0
2026-01-02 23:00:00+08:00,NYSE:UMC,7.82,7.825,7.8,7.805,11490.0
2026-01-02 23:15:00+08:00,NYSE:UMC,7.8,7.8,7.76,7.77,25188.0
2026-01-02 23:30:00+08:00,NYSE:UMC,7.78,7.82,7.78,7.81,9878.0
2026-01-02 23:45:00+08:00,NYSE:UMC,7.81,7.81,7.785,7.785,12288.0
2026-01-03 00:00:00+08:00,NYSE:UMC,7.78,7.8,7.78,7.795,18383.0
2026-01-03 00:15:00+08:00,NYSE:UMC,7.8,7.825,7.8,7.825,23624.0
2026-01-03 00:30:00+08:00,NYSE:UMC,7.82,7.82,7.8,7.8,17305.0
2026-01-03 00:45:00+08:00,NYSE:UMC,7.81,7.81,7.8,7.81,9237.0
2026-01-03 01:00:00+08:00,NYSE:UMC,7.805,7.82,7.8,7.82,16515.0
2026-01-03 01:15:00+08:00,NYSE:UMC,7.82,7.83,7.81,7.815,16573.0
2026-01-03 01:30:00+08:00,NYSE:UMC,7.82,7.83,7.82,7.83,18265.0
2026-01-03 01:45:00+08:00,NYSE:UMC,7.83,7.84,7.825,7.83,12959.0
2026-01-03 02:00:00+08:00,NYSE:UMC,7.835,7.84,7.83,7.83,7429.0
2026-01-03 02:15:00+08:00,NYSE:UMC,7.83,7.85,7.83,7.845,10879.0
2026-01-03 02:30:00+08:00,NYSE:UMC,7.85,7.875,7.84,7.87,17920.0
2026-01-03 02:45:00+08:00,NYSE:UMC,7.875,7.88,7.85,7.86,25501.0
2026-01-03 03:00:00+08:00,NYSE:UMC,7.86,7.88,7.86,7.88,34683.0
2026-01-03 03:15:00+08:00,NYSE:UMC,7.87,7.885,7.87,7.88,16969.0
2026-01-03 03:30:00+08:00,NYSE:UMC,7.88,7.895,7.88,7.89,21534.0
2026-01-03 03:45:00+08:00,NYSE:UMC,7.9,7.9,7.88,7.885,26807.0
2026-01-03 04:00:00+08:00,NYSE:UMC,7.885,7.89,7.88,7.885,21506.0
2026-01-03 04:15:00+08:00,NYSE:UMC,7.88,7.89,7.88,7.88,12038.0
2026-01-03 04:30:00+08:00,NYSE:UMC,7.885,7.885,7.87,7.87,59425.0
2026-01-03 04:45:00+08:00,NYSE:UMC,7.875,7.88,7.82,7.825,287858.0
2026-01-05 22:30:00+08:00,NYSE:UMC,7.77,7.805,7.71,7.735,86951.0
2026-01-05 22:45:00+08:00,NYSE:UMC,7.74,7.765,7.72,7.73,47758.0
2026-01-05 23:00:00+08:00,NYSE:UMC,7.72,7.735,7.7,7.72,56374.0
2026-01-05 23:15:00+08:00,NYSE:UMC,7.725,7.74,7.72,7.74,49394.0
2026-01-05 23:30:00+08:00,NYSE:UMC,7.735,7.745,7.72,7.735,84519.0
2026-01-05 23:45:00+08:00,NYSE:UMC,7.74,7.755,7.735,7.755,41098.0
2026-01-06 00:00:00+08:00,NYSE:UMC,7.755,7.765,7.75,7.76,54992.0
2026-01-06 00:15:00+08:00,NYSE:UMC,7.76,7.77,7.76,7.77,30202.0
2026-01-06 00:30:00+08:00,NYSE:UMC,7.77,7.77,7.755,7.755,41484.0
2026-01-06 00:45:00+08:00,NYSE:UMC,7.76,7.765,7.75,7.765,37858.0
2026-01-06 01:00:00+08:00,NYSE:UMC,7.765,7.765,7.74,7.755,40313.0
2026-01-06 01:15:00+08:00,NYSE:UMC,7.755,7.76,7.745,7.75,29479.0
2026-01-06 01:30:00+08:00,NYSE:UMC,7.745,7.755,7.74,7.74,29593.0
2026-01-06 01:45:00+08:00,NYSE:UMC,7.74,7.75,7.74,7.75,12393.0
2026-01-06 02:00:00+08:00,NYSE:UMC,7.75,7.75,7.735,7.74,25855.0
2026-01-06 02:15:00+08:00,NYSE:UMC,7.74,7.74,7.725,7.74,47604.0
2026-01-06 02:30:00+08:00,NYSE:UMC,7.74,7.755,7.74,7.755,17925.0
2026-01-06 02:45:00+08:00,NYSE:UMC,7.755,7.76,7.75,7.755,17836.0
2026-01-06 03:00:00+08:00,NYSE:UMC,7.76,7.78,7.76,7.76,62752.0
2026-01-06 03:15:00+08:00,NYSE:UMC,7.76,7.775,7.75,7.775,37827.0
2026-01-06 03:30:00+08:00,NYSE:UMC,7.77,7.78,7.765,7.765,27492.0
2026-01-06 03:45:00+08:00,NYSE:UMC,7.77,7.785,7.77,7.775,31779.0
2026-01-06 04:00:00+08:00,NYSE:UMC,7.775,7.785,7.77,7.77,44277.0
2026-01-06 04:15:00+08:00,NYSE:UMC,7.78,7.78,7.76,7.76,44994.0
2026-01-06 04:30:00+08:00,NYSE:UMC,7.76,7.76,7.73,7.735,59061.0
2026-01-06 04:45:00+08:00,NYSE:UMC,7.735,7.765,7.73,7.75,272027.0
2026-01-06 22:30:00+08:00,NYSE:UMC,7.84,7.96,7.84,7.92,39747.0
2026-01-06 22:45:00+08:00,NYSE:UMC,7.925,7.98,7.92,7.965,35891.0
2026-01-06 23:00:00+08:00,NYSE:UMC,7.96,8.0,7.96,7.99,48681.0
2026-01-06 23:15:00+08:00,NYSE:UMC,7.985,8.07,7.985,8.07,68605.0
2026-01-06 23:30:00+08:00,NYSE:UMC,8.07,8.135,8.06,8.08,72767.0
2026-01-06 23:45:00+08:00,NYSE:UMC,8.08,8.125,8.08,8.12,62249.0
2026-01-07 00:00:00+08:00,NYSE:UMC,8.115,8.15,8.095,8.12,211637.0
2026-01-07 00:15:00+08:00,NYSE:UMC,8.125,8.14,8.08,8.085,41391.0
2026-01-07 00:30:00+08:00,NYSE:UMC,8.085,8.09,8.05,8.055,104647.0
2026-01-07 00:45:00+08:00,NYSE:UMC,8.05,8.08,8.04,8.08,44689.0
2026-01-07 01:00:00+08:00,NYSE:UMC,8.08,8.09,8.07,8.08,18702.0
2026-01-07 01:15:00+08:00,NYSE:UMC,8.08,8.09,8.07,8.09,16666.0
2026-01-07 01:30:00+08:00,NYSE:UMC,8.09,8.09,8.07,8.075,17564.0
2026-01-07 01:45:00+08:00,NYSE:UMC,8.08,8.105,8.075,8.105,29499.0
2026-01-07 02:00:00+08:00,NYSE:UMC,8.105,8.11,8.09,8.1,40538.0
2026-01-07 02:15:00+08:00,NYSE:UMC,8.095,8.105,8.08,8.08,38151.0
2026-01-07 02:30:00+08:00,NYSE:UMC,8.08,8.085,8.06,8.075,62480.0
2026-01-07 02:45:00+08:00,NYSE:UMC,8.07,8.09,8.07,8.08,23968.0
2026-01-07 03:00:00+08:00,NYSE:UMC,8.08,8.09,8.075,8.09,38859.0
2026-01-07 03:15:00+08:00,NYSE:UMC,8.085,8.09,8.08,8.085,11873.0
2026-01-07 03:30:00+08:00,NYSE:UMC,8.08,8.09,8.08,8.09,15888.0
2026-01-07 03:45:00+08:00,NYSE:UMC,8.085,8.095,8.08,8.095,44748.0
2026-01-07 04:00:00+08:00,NYSE:UMC,8.09,8.09,8.075,8.09,59017.0
2026-01-07 04:15:00+08:00,NYSE:UMC,8.09,8.09,8.08,8.085,32809.0
2026-01-07 04:30:00+08:00,NYSE:UMC,8.085,8.095,8.085,8.095,65996.0
2026-01-07 04:45:00+08:00,NYSE:UMC,8.095,8.14,8.095,8.12,392284.0
2026-01-07 22:30:00+08:00,NYSE:UMC,8.885,9.09,8.84,9.025,297615.0
2026-01-07 22:45:00+08:00,NYSE:UMC,9.02,9.11,8.88,8.9,125967.0
2026-01-07 23:00:00+08:00,NYSE:UMC,8.89,8.97,8.88,8.955,151467.0
2026-01-07 23:15:00+08:00,NYSE:UMC,8.96,8.98,8.93,8.98,105749.0
2026-01-07 23:30:00+08:00,NYSE:UMC,8.97,8.98,8.905,8.91,155127.0
2026-01-07 23:45:00+08:00,NYSE:UMC,8.91,8.925,8.9,8.92,136956.0
2026-01-08 00:00:00+08:00,NYSE:UMC,8.92,8.95,8.895,8.9,97968.0
2026-01-08 00:15:00+08:00,NYSE:UMC,8.9,8.93,8.9,8.92,63443.0
2026-01-08 00:30:00+08:00,NYSE:UMC,8.92,8.925,8.9,8.915,85907.0
2026-01-08 00:45:00+08:00,NYSE:UMC,8.92,8.92,8.865,8.87,32490.0
2026-01-08 01:00:00+08:00,NYSE:UMC,8.87,8.87,8.85,8.855,54564.0
2026-01-08 01:15:00+08:00,NYSE:UMC,8.86,8.86,8.82,8.825,53344.0
2026-01-08 01:30:00+08:00,NYSE:UMC,8.825,8.825,8.79,8.8,28613.0
2026-01-08 01:45:00+08:00,NYSE:UMC,8.8,8.805,8.78,8.785,38730.0
2026-01-08 02:00:00+08:00,NYSE:UMC,8.79,8.82,8.79,8.81,62034.0
2026-01-08 02:15:00+08:00,NYSE:UMC,8.81,8.82,8.8,8.82,51828.0
2026-01-08 02:30:00+08:00,NYSE:UMC,8.82,8.84,8.815,8.83,32335.0
2026-01-08 02:45:00+08:00,NYSE:UMC,8.825,8.835,8.82,8.825,27753.0
2026-01-08 03:00:00+08:00,NYSE:UMC,8.83,8.86,8.82,8.86,17641.0
2026-01-08 03:15:00+08:00,NYSE:UMC,8.86,8.86,8.84,8.845,59945.0
2026-01-08 03:30:00+08:00,NYSE:UMC,8.845,8.86,8.845,8.85,31215.0
2026-01-08 03:45:00+08:00,NYSE:UMC,8.85,8.86,8.84,8.845,52250.0
2026-01-08 04:00:00+08:00,NYSE:UMC,8.84,8.87,8.84,8.865,42399.0
2026-01-08 04:15:00+08:00,NYSE:UMC,8.865,8.915,8.865,8.905,115861.0
2026-01-08 04:30:00+08:00,NYSE:UMC,8.9,8.91,8.88,8.89,144651.0
2026-01-08 04:45:00+08:00,NYSE:UMC,8.89,8.955,8.89,8.935,530925.0
2026-01-08 22:30:00+08:00,NYSE:UMC,8.56,8.71,8.48,8.64,106114.0
2026-01-08 22:45:00+08:00,NYSE:UMC,8.64,8.69,8.625,8.645,50211.0
2026-01-08 23:00:00+08:00,NYSE:UMC,8.645,8.65,8.605,8.62,41404.0
2026-01-08 23:15:00+08:00,NYSE:UMC,8.615,8.665,8.615,8.66,19924.0
2026-01-08 23:30:00+08:00,NYSE:UMC,8.655,8.655,8.62,8.645,41320.0
2026-01-08 23:45:00+08:00,NYSE:UMC,8.65,8.65,8.625,8.645,13423.0
2026-01-09 00:00:00+08:00,NYSE:UMC,8.65,8.66,8.62,8.62,37666.0
2026-01-09 00:15:00+08:00,NYSE:UMC,8.615,8.62,8.55,8.55,38551.0
2026-01-09 00:30:00+08:00,NYSE:UMC,8.56,8.595,8.56,8.585,17455.0
2026-01-09 00:45:00+08:00,NYSE:UMC,8.585,8.595,8.585,8.59,14427.0
2026-01-09 01:00:00+08:00,NYSE:UMC,8.59,8.6,8.57,8.59,22155.0
2026-01-09 01:15:00+08:00,NYSE:UMC,8.595,8.595,8.575,8.575,6712.0
2026-01-09 01:30:00+08:00,NYSE:UMC,8.575,8.585,8.575,8.585,2602.0
2026-01-09 01:45:00+08:00,NYSE:UMC,8.585,8.59,8.58,8.58,7780.0
2026-01-09 02:00:00+08:00,NYSE:UMC,8.585,8.59,8.575,8.58,6817.0
2026-01-09 02:15:00+08:00,NYSE:UMC,8.575,8.59,8.57,8.575,11652.0
2026-01-09 02:30:00+08:00,NYSE:UMC,8.58,8.585,8.57,8.57,9791.0
2026-01-09 02:45:00+08:00,NYSE:UMC,8.565,8.57,8.54,8.56,9293.0
2026-01-09 03:00:00+08:00,NYSE:UMC,8.56,8.58,8.56,8.565,4693.0
2026-01-09 03:15:00+08:00,NYSE:UMC,8.565,8.565,8.555,8.56,9441.0
2026-01-09 03:30:00+08:00,NYSE:UMC,8.565,8.565,8.54,8.54,4780.0
2026-01-09 03:45:00+08:00,NYSE:UMC,8.545,8.545,8.53,8.54,10802.0
2026-01-09 04:00:00+08:00,NYSE:UMC,8.535,8.545,8.525,8.53,49097.0
2026-01-09 04:15:00+08:00,NYSE:UMC,8.53,8.54,8.505,8.505,33457.0
2026-01-09 04:30:00+08:00,NYSE:UMC,8.51,8.53,8.5,8.525,65567.0
2026-01-09 04:45:00+08:00,NYSE:UMC,8.525,8.545,8.51,8.52,239106.0
2026-01-09 22:30:00+08:00,NYSE:UMC,8.8,8.84,8.775,8.79,37656.0
2026-01-09 22:45:00+08:00,NYSE:UMC,8.79,8.79,8.735,8.77,15556.0
2026-01-09 23:00:00+08:00,NYSE:UMC,8.78,8.795,8.7,8.73,44998.0
2026-01-09 23:15:00+08:00,NYSE:UMC,8.725,8.725,8.66,8.675,92239.0
2026-01-09 23:30:00+08:00,NYSE:UMC,8.68,8.73,8.68,8.72,15363.0
2026-01-09 23:45:00+08:00,NYSE:UMC,8.72,8.74,8.7,8.73,21227.0
2026-01-10 00:00:00+08:00,NYSE:UMC,8.73,8.765,8.73,8.755,40172.0
2026-01-10 00:15:00+08:00,NYSE:UMC,8.75,8.76,8.745,8.75,13649.0
2026-01-10 00:30:00+08:00,NYSE:UMC,8.76,8.79,8.76,8.765,28406.0
2026-01-10 00:45:00+08:00,NYSE:UMC,8.77,8.78,8.77,8.78,52231.0
2026-01-10 01:00:00+08:00,NYSE:UMC,8.78,8.78,8.769,8.77,25301.0
2026-01-10 01:15:00+08:00,NYSE:UMC,8.77,8.78,8.765,8.775,9201.0
2026-01-10 01:30:00+08:00,NYSE:UMC,8.77,8.79,8.77,8.785,8207.0
2026-01-10 01:45:00+08:00,NYSE:UMC,8.78,8.795,8.78,8.78,16005.0
2026-01-10 02:00:00+08:00,NYSE:UMC,8.78,8.8,8.78,8.8,17557.0
2026-01-10 02:15:00+08:00,NYSE:UMC,8.8,8.82,8.8,8.815,4588.0
2026-01-10 02:30:00+08:00,NYSE:UMC,8.81,8.82,8.8,8.8,11016.0
2026-01-10 02:45:00+08:00,NYSE:UMC,8.8,8.81,8.8,8.8,5769.0
2026-01-10 03:00:00+08:00,NYSE:UMC,8.8,8.82,8.8,8.8,9111.0
2026-01-10 03:15:00+08:00,NYSE:UMC,8.8,8.805,8.795,8.8,9935.0
2026-01-10 03:30:00+08:00,NYSE:UMC,8.805,8.81,8.785,8.795,27903.0
2026-01-10 03:45:00+08:00,NYSE:UMC,8.79,8.8,8.79,8.795,7022.0
2026-01-10 04:00:00+08:00,NYSE:UMC,8.8,8.825,8.8,8.825,18881.0
2026-01-10 04:15:00+08:00,NYSE:UMC,8.825,8.855,8.825,8.83,31619.0
2026-01-10 04:30:00+08:00,NYSE:UMC,8.83,8.83,8.82,8.83,42351.0
2026-01-10 04:45:00+08:00,NYSE:UMC,8.83,8.835,8.78,8.78,257735.0
2026-01-12 22:30:00+08:00,NYSE:UMC,8.77,8.85,8.77,8.83,23258.0
2026-01-12 22:45:00+08:00,NYSE:UMC,8.825,8.845,8.81,8.84,11448.0
2026-01-12 23:00:00+08:00,NYSE:UMC,8.835,8.845,8.82,8.84,12201.0
2026-01-12 23:15:00+08:00,NYSE:UMC,8.85,8.85,8.835,8.84,13142.0
2026-01-12 23:30:00+08:00,NYSE:UMC,8.845,8.85,8.84,8.845,7279.0
2026-01-12 23:45:00+08:00,NYSE:UMC,8.84,8.87,8.84,8.865,20283.0
2026-01-13 00:00:00+08:00,NYSE:UMC,8.865,8.88,8.865,8.87,48180.0
2026-01-13 00:15:00+08:00,NYSE:UMC,8.88,8.88,8.855,8.865,19515.0
2026-01-13 00:30:00+08:00,NYSE:UMC,8.865,8.865,8.845,8.85,20224.0
2026-01-13 00:45:00+08:00,NYSE:UMC,8.85,8.855,8.845,8.85,14442.0
2026-01-13 01:00:00+08:00,NYSE:UMC,8.855,8.855,8.84,8.84,14433.0
2026-01-13 01:15:00+08:00,NYSE:UMC,8.84,8.84,8.825,8.84,21859.0
2026-01-13 01:30:00+08:00,NYSE:UMC,8.84,8.845,8.83,8.83,5665.0
2026-01-13 01:45:00+08:00,NYSE:UMC,8.83,8.85,8.83,8.845,11517.0
2026-01-13 02:00:00+08:00,NYSE:UMC,8.85,8.86,8.845,8.85,11697.0
2026-01-13 02:15:00+08:00,NYSE:UMC,8.85,8.855,8.845,8.85,7287.0
2026-01-13 02:30:00+08:00,NYSE:UMC,8.845,8.85,8.84,8.845,4630.0
2026-01-13 02:45:00+08:00,NYSE:UMC,8.845,8.875,8.84,8.87,24114.0
2026-01-13 03:00:00+08:00,NYSE:UMC,8.87,8.875,8.87,8.875,6721.0
2026-01-13 03:15:00+08:00,NYSE:UMC,8.87,8.88,8.87,8.875,5313.0
2026-01-13 03:30:00+08:00,NYSE:UMC,8.875,8.89,8.875,8.885,5884.0
2026-01-13 03:45:00+08:00,NYSE:UMC,8.89,8.89,8.88,8.89,14548.0
2026-01-13 04:00:00+08:00,NYSE:UMC,8.89,8.89,8.87,8.87,20123.0
2026-01-13 04:15:00+08:00,NYSE:UMC,8.87,8.88,8.86,8.87,15535.0
2026-01-13 04:30:00+08:00,NYSE:UMC,8.87,8.88,8.865,8.875,16486.0
2026-01-13 04:45:00+08:00,NYSE:UMC,8.875,8.88,8.855,8.855,160405.0
2026-01-13 22:30:00+08:00,NYSE:UMC,8.8,8.8,8.73,8.78,14479.0
2026-01-13 22:45:00+08:00,NYSE:UMC,8.785,8.81,8.785,8.805,13706.0
2026-01-13 23:00:00+08:00,NYSE:UMC,8.805,8.81,8.77,8.785,17461.0
2026-01-13 23:15:00+08:00,NYSE:UMC,8.785,8.795,8.775,8.79,11213.0
2026-01-13 23:30:00+08:00,NYSE:UMC,8.795,8.8,8.77,8.775,11494.0
2026-01-13 23:45:00+08:00,NYSE:UMC,8.77,8.775,8.745,8.76,10682.0
2026-01-14 00:00:00+08:00,NYSE:UMC,8.77,8.77,8.74,8.75,8373.0
2026-01-14 00:15:00+08:00,NYSE:UMC,8.75,8.765,8.745,8.765,8433.0
2026-01-14 00:30:00+08:00,NYSE:UMC,8.765,8.78,8.765,8.78,15182.0
2026-01-14 00:45:00+08:00,NYSE:UMC,8.78,8.79,8.78,8.785,13345.0
2026-01-14 01:00:00+08:00,NYSE:UMC,8.785,8.79,8.78,8.79,8378.0
2026-01-14 01:15:00+08:00,NYSE:UMC,8.78,8.785,8.77,8.78,7020.0
2026-01-14 01:30:00+08:00,NYSE:UMC,8.775,8.785,8.665,8.715,170438.0
2026-01-14 01:45:00+08:00,NYSE:UMC,8.71,8.725,8.685,8.715,27178.0
2026-01-14 02:00:00+08:00,NYSE:UMC,8.71,8.71,8.68,8.695,10926.0
2026-01-14 02:15:00+08:00,NYSE:UMC,8.695,8.7,8.68,8.685,4570.0
2026-01-14 02:30:00+08:00,NYSE:UMC,8.69,8.69,8.685,8.69,8564.0
2026-01-14 02:45:00+08:00,NYSE:UMC,8.69,8.69,8.675,8.685,2408.0
2026-01-14 03:00:00+08:00,NYSE:UMC,8.685,8.685,8.665,8.68,19613.0
2026-01-14 03:15:00+08:00,NYSE:UMC,8.68,8.69,8.68,8.69,5557.0
2026-01-14 03:30:00+08:00,NYSE:UMC,8.695,8.7,8.68,8.68,9344.0
2026-01-14 03:45:00+08:00,NYSE:UMC,8.68,8.69,8.675,8.685,10364.0
2026-01-14 04:00:00+08:00,NYSE:UMC,8.68,8.69,8.67,8.68,10608.0
2026-01-14 04:15:00+08:00,NYSE:UMC,8.68,8.685,8.67,8.67,13534.0
2026-01-14 04:30:00+08:00,NYSE:UMC,8.67,8.675,8.66,8.665,7270.0
2026-01-14 04:45:00+08:00,NYSE:UMC,8.66,8.665,8.64,8.66,125269.0
2026-01-14 22:30:00+08:00,NYSE:UMC,8.59,8.645,8.59,8.63,16027.0
2026-01-14 22:45:00+08:00,NYSE:UMC,8.62,8.76,8.595,8.76,22820.0
2026-01-14 23:00:00+08:00,NYSE:UMC,8.75,8.79,8.73,8.775,48398.0
2026-01-14 23:15:00+08:00,NYSE:UMC,8.78,8.79,8.76,8.76,30684.0
2026-01-14 23:30:00+08:00,NYSE:UMC,8.76,8.785,8.76,8.775,32790.0
2026-01-14 23:45:00+08:00,NYSE:UMC,8.77,8.77,8.75,8.755,17349.0
2026-01-15 00:00:00+08:00,NYSE:UMC,8.76,8.77,8.745,8.75,56180.0
2026-01-15 00:15:00+08:00,NYSE:UMC,8.755,8.76,8.74,8.745,34075.0
2026-01-15 00:30:00+08:00,NYSE:UMC,8.745,8.75,8.73,8.73,13782.0
2026-01-15 00:45:00+08:00,NYSE:UMC,8.735,8.735,8.72,8.725,13885.0
2026-01-15 01:00:00+08:00,NYSE:UMC,8.73,8.745,8.73,8.745,27057.0
2026-01-15 01:15:00+08:00,NYSE:UMC,8.745,8.745,8.72,8.725,23940.0
2026-01-15 01:30:00+08:00,NYSE:UMC,8.725,8.725,8.71,8.715,9145.0
2026-01-15 01:45:00+08:00,NYSE:UMC,8.72,8.72,8.7,8.71,8254.0
2026-01-15 02:00:00+08:00,NYSE:UMC,8.705,8.715,8.695,8.695,37289.0
2026-01-15 02:15:00+08:00,NYSE:UMC,8.7,8.72,8.7,8.72,16135.0
2026-01-15 02:30:00+08:00,NYSE:UMC,8.72,8.735,8.71,8.735,29503.0
2026-01-15 02:45:00+08:00,NYSE:UMC,8.735,8.74,8.73,8.74,16610.0
2026-01-15 03:00:00+08:00,NYSE:UMC,8.73,8.745,8.73,8.735,25791.0
2026-01-15 03:15:00+08:00,NYSE:UMC,8.735,8.74,8.735,8.735,15049.0
2026-01-15 03:30:00+08:00,NYSE:UMC,8.74,8.74,8.73,8.74,12326.0
2026-01-15 03:45:00+08:00,NYSE:UMC,8.74,8.755,8.74,8.745,30901.0
2026-01-15 04:00:00+08:00,NYSE:UMC,8.745,8.75,8.73,8.73,28079.0
2026-01-15 04:15:00+08:00,NYSE:UMC,8.73,8.745,8.73,8.745,16241.0
2026-01-15 04:30:00+08:00,NYSE:UMC,8.75,8.76,8.74,8.74,54344.0
2026-01-15 04:45:00+08:00,NYSE:UMC,8.74,8.8,8.73,8.795,195244.0
2026-01-15 22:30:00+08:00,NYSE:UMC,8.86,8.93,8.825,8.89,56892.0
2026-01-15 22:45:00+08:00,NYSE:UMC,8.89,8.94,8.87,8.925,28145.0
2026-01-15 23:00:00+08:00,NYSE:UMC,8.92,8.925,8.895,8.9,18250.0
2026-01-15 23:15:00+08:00,NYSE:UMC,8.9,8.9,8.85,8.85,12058.0
2026-01-15 23:30:00+08:00,NYSE:UMC,8.85,8.86,8.84,8.85,13107.0
2026-01-15 23:45:00+08:00,NYSE:UMC,8.85,8.87,8.84,8.87,14270.0
2026-01-16 00:00:00+08:00,NYSE:UMC,8.87,8.89,8.865,8.89,23115.0
2026-01-16 00:15:00+08:00,NYSE:UMC,8.89,8.9,8.88,8.89,18767.0
2026-01-16 00:30:00+08:00,NYSE:UMC,8.89,8.905,8.89,8.9,22885.0
2026-01-16 00:45:00+08:00,NYSE:UMC,8.895,8.9,8.88,8.89,17148.0
2026-01-16 01:00:00+08:00,NYSE:UMC,8.885,8.895,8.88,8.885,28572.0
2026-01-16 01:15:00+08:00,NYSE:UMC,8.88,8.88,8.87,8.875,17627.0
2026-01-16 01:30:00+08:00,NYSE:UMC,8.88,8.88,8.875,8.875,7749.0
2026-01-16 01:45:00+08:00,NYSE:UMC,8.88,8.88,8.855,8.855,16489.0
2026-01-16 02:00:00+08:00,NYSE:UMC,8.85,8.87,8.845,8.86,14711.0
2026-01-16 02:15:00+08:00,NYSE:UMC,8.85,8.86,8.85,8.85,12412.0
2026-01-16 02:30:00+08:00,NYSE:UMC,8.85,8.86,8.85,8.855,5111.0
2026-01-16 02:45:00+08:00,NYSE:UMC,8.855,8.86,8.85,8.85,22505.0
2026-01-16 03:00:00+08:00,NYSE:UMC,8.85,8.855,8.845,8.855,12320.0
2026-01-16 03:15:00+08:00,NYSE:UMC,8.855,8.855,8.835,8.84,24852.0
2026-01-16 03:30:00+08:00,NYSE:UMC,8.835,8.85,8.835,8.84,23351.0
2026-01-16 03:45:00+08:00,NYSE:UMC,8.835,8.835,8.83,8.83,8257.0
2026-01-16 04:00:00+08:00,NYSE:UMC,8.83,8.84,8.825,8.825,25349.0
2026-01-16 04:15:00+08:00,NYSE:UMC,8.82,8.825,8.81,8.81,18473.0
2026-01-16 04:30:00+08:00,NYSE:UMC,8.81,8.82,8.8,8.8,29907.0
2026-01-16 04:45:00+08:00,NYSE:UMC,8.8,8.8,8.76,8.775,139307.0
2026-01-16 22:30:00+08:00,NYSE:UMC,9.2,9.335,9.2,9.27,79964.0
2026-01-16 22:45:00+08:00,NYSE:UMC,9.26,9.3,9.245,9.26,32442.0
2026-01-16 23:00:00+08:00,NYSE:UMC,9.265,9.32,9.265,9.27,33912.0
2026-01-16 23:15:00+08:00,NYSE:UMC,9.27,9.28,9.25,9.26,41349.0
2026-01-16 23:30:00+08:00,NYSE:UMC,9.26,9.27,9.25,9.27,12424.0
2026-01-16 23:45:00+08:00,NYSE:UMC,9.27,9.28,9.26,9.28,7987.0
2026-01-17 00:00:00+08:00,NYSE:UMC,9.28,9.325,9.28,9.315,42738.0
2026-01-17 00:15:00+08:00,NYSE:UMC,9.32,9.355,9.305,9.305,31564.0
2026-01-17 00:30:00+08:00,NYSE:UMC,9.305,9.37,9.305,9.355,23136.0
2026-01-17 00:45:00+08:00,NYSE:UMC,9.355,9.355,9.34,9.345,7862.0
2026-01-17 01:00:00+08:00,NYSE:UMC,9.34,9.345,9.33,9.345,4972.0
2026-01-17 01:15:00+08:00,NYSE:UMC,9.345,9.355,9.31,9.34,26440.0
2026-01-17 01:30:00+08:00,NYSE:UMC,9.34,9.355,9.32,9.325,17259.0
2026-01-17 01:45:00+08:00,NYSE:UMC,9.32,9.32,9.305,9.305,6007.0
2026-01-17 02:00:00+08:00,NYSE:UMC,9.305,9.34,9.305,9.335,8691.0
2026-01-17 02:15:00+08:00,NYSE:UMC,9.335,9.34,9.32,9.335,14464.0
2026-01-17 02:30:00+08:00,NYSE:UMC,9.335,9.345,9.33,9.345,20714.0
2026-01-17 02:45:00+08:00,NYSE:UMC,9.345,9.345,9.31,9.315,7839.0
2026-01-17 03:00:00+08:00,NYSE:UMC,9.315,9.34,9.31,9.33,42781.0
2026-01-17 03:15:00+08:00,NYSE:UMC,9.33,9.35,9.33,9.34,10585.0
2026-01-17 03:30:00+08:00,NYSE:UMC,9.345,9.35,9.33,9.345,15025.0
2026-01-17 03:45:00+08:00,NYSE:UMC,9.35,9.35,9.32,9.33,16564.0
2026-01-17 04:00:00+08:00,NYSE:UMC,9.33,9.35,9.33,9.35,12326.0
2026-01-17 04:15:00+08:00,NYSE:UMC,9.345,9.35,9.32,9.33,27846.0
2026-01-17 04:30:00+08:00,NYSE:UMC,9.33,9.33,9.31,9.31,13462.0
2026-01-17 04:45:00+08:00,NYSE:UMC,9.31,9.32,9.29,9.295,162330.0
2026-01-20 22:30:00+08:00,NYSE:UMC,10.555,10.765,10.555,10.755,236840.0
2026-01-20 22:45:00+08:00,NYSE:UMC,10.76,10.76,10.65,10.735,159403.0
2026-01-20 23:00:00+08:00,NYSE:UMC,10.74,10.78,10.71,10.765,99840.0
2026-01-20 23:15:00+08:00,NYSE:UMC,10.77,10.77,10.71,10.725,64716.0
2026-01-20 23:30:00+08:00,NYSE:UMC,10.725,10.79,10.72,10.79,48357.0
2026-01-20 23:45:00+08:00,NYSE:UMC,10.79,10.865,10.745,10.77,109344.0
2026-01-21 00:00:00+08:00,NYSE:UMC,10.77,10.93,10.77,10.91,105400.0
2026-01-21 00:15:00+08:00,NYSE:UMC,10.9,10.915,10.865,10.875,49427.0
2026-01-21 00:30:00+08:00,NYSE:UMC,10.87,10.875,10.845,10.845,43770.0
2026-01-21 00:45:00+08:00,NYSE:UMC,10.845,10.88,10.845,10.875,52956.0
2026-01-21 01:00:00+08:00,NYSE:UMC,10.87,10.88,10.845,10.87,38741.0
2026-01-21 01:15:00+08:00,NYSE:UMC,10.87,10.885,10.83,10.84,99737.0
2026-01-21 01:30:00+08:00,NYSE:UMC,10.84,10.845,10.81,10.815,17345.0
2026-01-21 01:45:00+08:00,NYSE:UMC,10.815,10.815,10.76,10.785,56215.0
2026-01-21 02:00:00+08:00,NYSE:UMC,10.785,10.785,10.76,10.78,38880.0
2026-01-21 02:15:00+08:00,NYSE:UMC,10.78,10.785,10.76,10.765,15758.0
2026-01-21 02:30:00+08:00,NYSE:UMC,10.76,10.76,10.725,10.75,105609.0
2026-01-21 02:45:00+08:00,NYSE:UMC,10.75,10.76,10.74,10.745,34905.0
2026-01-21 03:00:00+08:00,NYSE:UMC,10.75,10.795,10.75,10.785,23618.0
2026-01-21 03:15:00+08:00,NYSE:UMC,10.785,10.79,10.77,10.78,15674.0
2026-01-21 03:30:00+08:00,NYSE:UMC,10.775,10.775,10.735,10.745,43320.0
2026-01-21 03:45:00+08:00,NYSE:UMC,10.75,10.76,10.75,10.76,11231.0
2026-01-21 04:00:00+08:00,NYSE:UMC,10.76,10.805,10.75,10.755,61267.0
2026-01-21 04:15:00+08:00,NYSE:UMC,10.755,10.8,10.75,10.8,42654.0
2026-01-21 04:30:00+08:00,NYSE:UMC,10.8,10.805,10.76,10.78,125479.0
2026-01-21 04:45:00+08:00,NYSE:UMC,10.79,10.83,10.78,10.8,350177.0
2026-01-21 22:30:00+08:00,NYSE:UMC,10.85,11.03,10.85,11.005,98141.0
2026-01-21 22:45:00+08:00,NYSE:UMC,11.01,11.14,10.99,11.07,69493.0
2026-01-21 23:00:00+08:00,NYSE:UMC,11.065,11.08,11.01,11.025,49840.0
2026-01-21 23:15:00+08:00,NYSE:UMC,11.03,11.045,11.01,11.025,53732.0
2026-01-21 23:30:00+08:00,NYSE:UMC,11.025,11.045,11.02,11.04,65595.0
2026-01-21 23:45:00+08:00,NYSE:UMC,11.04,11.065,11.03,11.06,59816.0
2026-01-22 00:00:00+08:00,NYSE:UMC,11.065,11.085,11.06,11.065,32891.0
2026-01-22 00:15:00+08:00,NYSE:UMC,11.07,11.07,11.045,11.05,29313.0
2026-01-22 00:30:00+08:00,NYSE:UMC,11.05,11.05,11.01,11.01,38586.0
2026-01-22 00:45:00+08:00,NYSE:UMC,11.015,11.025,10.985,10.995,52849.0
2026-01-22 01:00:00+08:00,NYSE:UMC,10.99,11.02,10.975,10.975,53791.0
2026-01-22 01:15:00+08:00,NYSE:UMC,10.97,10.985,10.96,10.98,49314.0
2026-01-22 01:30:00+08:00,NYSE:UMC,10.975,10.985,10.965,10.975,41137.0
2026-01-22 01:45:00+08:00,NYSE:UMC,10.975,11.02,10.97,11.015,46849.0
2026-01-22 02:00:00+08:00,NYSE:UMC,11.015,11.05,11.0,11.04,23220.0
2026-01-22 02:15:00+08:00,NYSE:UMC,11.045,11.045,11.025,11.045,29499.0
2026-01-22 02:30:00+08:00,NYSE:UMC,11.04,11.04,11.025,11.025,44497.0
2026-01-22 02:45:00+08:00,NYSE:UMC,11.025,11.07,11.025,11.07,18537.0
2026-01-22 03:00:00+08:00,NYSE:UMC,11.065,11.085,11.065,11.075,59430.0
2026-01-22 03:15:00+08:00,NYSE:UMC,11.075,11.19,11.075,11.19,56148.0
2026-01-22 03:30:00+08:00,NYSE:UMC,11.19,11.195,11.16,11.16,62139.0
2026-01-22 03:45:00+08:00,NYSE:UMC,11.15,11.18,11.14,11.165,52405.0
2026-01-22 04:00:00+08:00,NYSE:UMC,11.18,11.2,11.155,11.2,55713.0
2026-01-22 04:15:00+08:00,NYSE:UMC,11.195,11.195,11.14,11.14,86830.0
2026-01-22 04:30:00+08:00,NYSE:UMC,11.145,11.2,11.13,11.19,96246.0
2026-01-22 04:45:00+08:00,NYSE:UMC,11.19,11.19,11.13,11.135,482701.0
2026-01-22 22:30:00+08:00,NYSE:UMC,10.82,10.935,10.785,10.89,77186.0
2026-01-22 22:45:00+08:00,NYSE:UMC,10.9,10.91,10.835,10.87,34712.0
2026-01-22 23:00:00+08:00,NYSE:UMC,10.865,10.87,10.805,10.845,22566.0
2026-01-22 23:15:00+08:00,NYSE:UMC,10.845,10.85,10.825,10.845,14198.0
2026-01-22 23:30:00+08:00,NYSE:UMC,10.845,10.88,10.84,10.875,18307.0
2026-01-22 23:45:00+08:00,NYSE:UMC,10.875,10.895,10.87,10.87,15859.0
2026-01-23 00:00:00+08:00,NYSE:UMC,10.87,10.885,10.865,10.885,13244.0
2026-01-23 00:15:00+08:00,NYSE:UMC,10.885,10.92,10.885,10.91,15155.0
2026-01-23 00:30:00+08:00,NYSE:UMC,10.91,10.915,10.9,10.905,10960.0
2026-01-23 00:45:00+08:00,NYSE:UMC,10.905,10.91,10.89,10.895,13891.0
2026-01-23 01:00:00+08:00,NYSE:UMC,10.895,10.915,10.895,10.905,9785.0
2026-01-23 01:15:00+08:00,NYSE:UMC,10.905,10.915,10.895,10.915,15318.0
2026-01-23 01:30:00+08:00,NYSE:UMC,10.915,10.925,10.905,10.925,8841.0
2026-01-23 01:45:00+08:00,NYSE:UMC,10.925,10.925,10.915,10.915,2308.0
2026-01-23 02:00:00+08:00,NYSE:UMC,10.92,10.92,10.905,10.915,15730.0
2026-01-23 02:15:00+08:00,NYSE:UMC,10.915,10.92,10.905,10.915,12576.0
2026-01-23 02:30:00+08:00,NYSE:UMC,10.91,10.935,10.91,10.915,20872.0
2026-01-23 02:45:00+08:00,NYSE:UMC,10.92,10.93,10.92,10.92,4576.0
2026-01-23 03:00:00+08:00,NYSE:UMC,10.925,10.93,10.92,10.925,22963.0
2026-01-23 03:15:00+08:00,NYSE:UMC,10.925,10.925,10.91,10.925,11027.0
2026-01-23 03:30:00+08:00,NYSE:UMC,10.925,10.925,10.91,10.925,27470.0
2026-01-23 03:45:00+08:00,NYSE:UMC,10.925,10.925,10.905,10.915,19333.0
2026-01-23 04:00:00+08:00,NYSE:UMC,10.915,10.915,10.89,10.905,14705.0
2026-01-23 04:15:00+08:00,NYSE:UMC,10.905,10.91,10.89,10.905,21380.0
2026-01-23 04:30:00+08:00,NYSE:UMC,10.9,10.9,10.88,10.89,31513.0
2026-01-23 04:45:00+08:00,NYSE:UMC,10.89,10.895,10.86,10.875,274257.0
2026-01-23 22:30:00+08:00,NYSE:UMC,10.26,10.55,10.26,10.45,129661.0
2026-01-23 22:45:00+08:00,NYSE:UMC,10.45,10.48,10.44,10.45,93258.0
2026-01-23 23:00:00+08:00,NYSE:UMC,10.44,10.46,10.385,10.395,33176.0
2026-01-23 23:15:00+08:00,NYSE:UMC,10.39,10.465,10.39,10.465,13818.0
2026-01-23 23:30:00+08:00,NYSE:UMC,10.465,10.475,10.44,10.47,21155.0
2026-01-23 23:45:00+08:00,NYSE:UMC,10.465,10.47,10.44,10.455,9471.0
2026-01-24 00:00:00+08:00,NYSE:UMC,10.45,10.455,10.435,10.45,12190.0
2026-01-24 00:15:00+08:00,NYSE:UMC,10.445,10.46,10.435,10.44,17213.0
2026-01-24 00:30:00+08:00,NYSE:UMC,10.45,10.47,10.43,10.455,21458.0
2026-01-24 00:45:00+08:00,NYSE:UMC,10.455,10.465,10.45,10.45,5961.0
2026-01-24 01:00:00+08:00,NYSE:UMC,10.45,10.475,10.45,10.465,13631.0
2026-01-24 01:15:00+08:00,NYSE:UMC,10.465,10.465,10.45,10.46,7943.0
2026-01-24 01:30:00+08:00,NYSE:UMC,10.46,10.465,10.41,10.425,23808.0
2026-01-24 01:45:00+08:00,NYSE:UMC,10.425,10.44,10.41,10.435,20613.0
2026-01-24 02:00:00+08:00,NYSE:UMC,10.435,10.45,10.435,10.44,12180.0
2026-01-24 02:15:00+08:00,NYSE:UMC,10.45,10.475,10.44,10.475,28215.0
2026-01-24 02:30:00+08:00,NYSE:UMC,10.475,10.475,10.435,10.465,36604.0
2026-01-24 02:45:00+08:00,NYSE:UMC,10.465,10.465,10.46,10.46,8156.0
2026-01-24 03:00:00+08:00,NYSE:UMC,10.46,10.48,10.46,10.475,12373.0
2026-01-24 03:15:00+08:00,NYSE:UMC,10.48,10.49,10.475,10.48,10692.0
2026-01-24 03:30:00+08:00,NYSE:UMC,10.48,10.49,10.47,10.475,7101.0
2026-01-24 03:45:00+08:00,NYSE:UMC,10.475,10.475,10.46,10.47,33554.0
2026-01-24 04:00:00+08:00,NYSE:UMC,10.47,10.48,10.455,10.48,18363.0
2026-01-24 04:15:00+08:00,NYSE:UMC,10.475,10.49,10.475,10.485,10401.0
2026-01-24 04:30:00+08:00,NYSE:UMC,10.48,10.505,10.46,10.505,58519.0
2026-01-24 04:45:00+08:00,NYSE:UMC,10.505,10.535,10.5,10.535,252644.0
2026-01-26 22:30:00+08:00,NYSE:UMC,11.215,11.315,11.14,11.315,115741.0
2026-01-26 22:45:00+08:00,NYSE:UMC,11.32,11.395,11.3,11.39,54697.0
2026-01-26 23:00:00+08:00,NYSE:UMC,11.4,11.4,11.335,11.34,52011.0
2026-01-26 23:15:00+08:00,NYSE:UMC,11.345,11.365,11.315,11.35,59971.0
2026-01-26 23:30:00+08:00,NYSE:UMC,11.36,11.365,11.33,11.33,37524.0
2026-01-26 23:45:00+08:00,NYSE:UMC,11.33,11.345,11.32,11.345,47174.0
2026-01-27 00:00:00+08:00,NYSE:UMC,11.34,11.35,11.335,11.335,17885.0
2026-01-27 00:15:00+08:00,NYSE:UMC,11.335,11.335,11.305,11.315,49239.0
2026-01-27 00:30:00+08:00,NYSE:UMC,11.32,11.34,11.29,11.325,89470.0
2026-01-27 00:45:00+08:00,NYSE:UMC,11.325,11.36,11.325,11.35,68268.0
2026-01-27 01:00:00+08:00,NYSE:UMC,11.345,11.405,11.345,11.39,69192.0
2026-01-27 01:15:00+08:00,NYSE:UMC,11.39,11.415,11.38,11.41,44694.0
2026-01-27 01:30:00+08:00,NYSE:UMC,11.405,11.41,11.375,11.385,21495.0
2026-01-27 01:45:00+08:00,NYSE:UMC,11.38,11.39,11.38,11.38,6250.0
2026-01-27 02:00:00+08:00,NYSE:UMC,11.385,11.41,11.38,11.4,43127.0
2026-01-27 02:15:00+08:00,NYSE:UMC,11.4,11.41,11.395,11.405,10687.0
2026-01-27 02:30:00+08:00,NYSE:UMC,11.405,11.41,11.395,11.4,15246.0
2026-01-27 02:45:00+08:00,NYSE:UMC,11.395,11.41,11.395,11.41,27009.0
2026-01-27 03:00:00+08:00,NYSE:UMC,11.41,11.41,11.39,11.4,16472.0
2026-01-27 03:15:00+08:00,NYSE:UMC,11.4,11.4,11.37,11.395,38968.0
2026-01-27 03:30:00+08:00,NYSE:UMC,11.395,11.405,11.39,11.405,38885.0
2026-01-27 03:45:00+08:00,NYSE:UMC,11.4,11.405,11.385,11.385,36167.0
2026-01-27 04:00:00+08:00,NYSE:UMC,11.385,11.39,11.37,11.37,26238.0
2026-01-27 04:15:00+08:00,NYSE:UMC,11.375,11.38,11.335,11.355,60546.0
2026-01-27 04:30:00+08:00,NYSE:UMC,11.36,11.385,11.335,11.38,236118.0
2026-01-27 04:45:00+08:00,NYSE:UMC,11.375,11.385,11.34,11.34,488906.0
2026-01-27 22:30:00+08:00,NYSE:UMC,12.52,12.67,12.26,12.27,337817.0
2026-01-27 22:45:00+08:00,NYSE:UMC,12.26,12.37,12.225,12.365,102676.0
2026-01-27 23:00:00+08:00,NYSE:UMC,12.375,12.45,12.355,12.4,67945.0
2026-01-27 23:15:00+08:00,NYSE:UMC,12.4,12.42,12.355,12.38,59344.0
2026-01-27 23:30:00+08:00,NYSE:UMC,12.375,12.48,12.375,12.46,42441.0
2026-01-27 23:45:00+08:00,NYSE:UMC,12.46,12.49,12.44,12.45,39035.0
2026-01-28 00:00:00+08:00,NYSE:UMC,12.45,12.57,12.45,12.52,78399.0
2026-01-28 00:15:00+08:00,NYSE:UMC,12.52,12.555,12.52,12.535,51112.0
2026-01-28 00:30:00+08:00,NYSE:UMC,12.535,12.59,12.53,12.585,47508.0
2026-01-28 00:45:00+08:00,NYSE:UMC,12.585,12.625,12.58,12.605,71034.0
2026-01-28 01:00:00+08:00,NYSE:UMC,12.605,12.605,12.56,12.56,35633.0
2026-01-28 01:15:00+08:00,NYSE:UMC,12.555,12.555,12.48,12.495,64150.0
2026-01-28 01:30:00+08:00,NYSE:UMC,12.495,12.52,12.465,12.475,36641.0
2026-01-28 01:45:00+08:00,NYSE:UMC,12.475,12.5,12.465,12.48,22926.0
2026-01-28 02:00:00+08:00,NYSE:UMC,12.48,12.48,12.455,12.46,21045.0
2026-01-28 02:15:00+08:00,NYSE:UMC,12.46,12.48,12.45,12.48,28995.0
2026-01-28 02:30:00+08:00,NYSE:UMC,12.475,12.5,12.475,12.48,30684.0
2026-01-28 02:45:00+08:00,NYSE:UMC,12.48,12.495,12.475,12.495,15614.0
2026-01-28 03:00:00+08:00,NYSE:UMC,12.49,12.525,12.49,12.515,13460.0
2026-01-28 03:15:00+08:00,NYSE:UMC,12.52,12.545,12.51,12.53,13120.0
2026-01-28 03:30:00+08:00,NYSE:UMC,12.54,12.54,12.52,12.52,17080.0
2026-01-28 03:45:00+08:00,NYSE:UMC,12.515,12.545,12.495,12.51,26765.0
2026-01-28 04:00:00+08:00,NYSE:UMC,12.515,12.555,12.515,12.555,38506.0
2026-01-28 04:15:00+08:00,NYSE:UMC,12.555,12.555,12.525,12.545,36519.0
2026-01-28 04:30:00+08:00,NYSE:UMC,12.54,12.555,12.515,12.525,79067.0
2026-01-28 04:45:00+08:00,NYSE:UMC,12.53,12.535,12.47,12.49,365947.0
2026-01-28 22:30:00+08:00,NYSE:UMC,11.455,11.86,11.39,11.705,184266.0
2026-01-28 22:45:00+08:00,NYSE:UMC,11.71,11.72,11.52,11.545,76928.0
2026-01-28 23:00:00+08:00,NYSE:UMC,11.54,11.57,11.46,11.485,77052.0
2026-01-28 23:15:00+08:00,NYSE:UMC,11.49,11.5,11.36,11.38,84374.0
2026-01-28 23:30:00+08:00,NYSE:UMC,11.37,11.455,11.34,11.41,75461.0
2026-01-28 23:45:00+08:00,NYSE:UMC,11.405,11.405,11.34,11.34,47840.0
2026-01-29 00:00:00+08:00,NYSE:UMC,11.34,11.42,11.34,11.395,27544.0
2026-01-29 00:15:00+08:00,NYSE:UMC,11.4,11.4,11.29,11.3,54507.0
2026-01-29 00:30:00+08:00,NYSE:UMC,11.3,11.3,11.245,11.27,95603.0
2026-01-29 00:45:00+08:00,NYSE:UMC,11.27,11.32,11.23,11.31,77371.0
2026-01-29 01:00:00+08:00,NYSE:UMC,11.305,11.46,11.3,11.43,77114.0
2026-01-29 01:15:00+08:00,NYSE:UMC,11.43,11.46,11.415,11.445,35252.0
2026-01-29 01:30:00+08:00,NYSE:UMC,11.445,11.5,11.385,11.42,108910.0
2026-01-29 01:45:00+08:00,NYSE:UMC,11.42,11.43,11.405,11.415,49053.0
2026-01-29 02:00:00+08:00,NYSE:UMC,11.415,11.475,11.41,11.45,97042.0
2026-01-29 02:15:00+08:00,NYSE:UMC,11.455,11.565,11.45,11.515,48717.0
2026-01-29 02:30:00+08:00,NYSE:UMC,11.51,11.52,11.49,11.51,35339.0
2026-01-29 02:45:00+08:00,NYSE:UMC,11.51,11.52,11.485,11.485,37382.0
2026-01-29 03:00:00+08:00,NYSE:UMC,11.485,11.485,11.44,11.445,31942.0
2026-01-29 03:15:00+08:00,NYSE:UMC,11.44,11.455,11.38,11.38,45778.0
2026-01-29 03:30:00+08:00,NYSE:UMC,11.375,11.39,11.335,11.345,43456.0
2026-01-29 03:45:00+08:00,NYSE:UMC,11.345,11.42,11.345,11.385,37398.0
2026-01-29 04:00:00+08:00,NYSE:UMC,11.385,11.42,11.385,11.415,30406.0
2026-01-29 04:15:00+08:00,NYSE:UMC,11.415,11.42,11.365,11.365,63657.0
2026-01-29 04:30:00+08:00,NYSE:UMC,11.36,11.44,11.33,11.355,146430.0
2026-01-29 04:45:00+08:00,NYSE:UMC,11.35,11.43,11.345,11.37,296503.0
2026-01-29 22:30:00+08:00,NYSE:UMC,10.705,10.78,10.6,10.67,267349.0
2026-01-29 22:45:00+08:00,NYSE:UMC,10.66,10.71,10.635,10.65,82446.0
2026-01-29 23:00:00+08:00,NYSE:UMC,10.65,10.665,10.565,10.575,99317.0
2026-01-29 23:15:00+08:00,NYSE:UMC,10.575,10.575,10.49,10.49,158839.0
2026-01-29 23:30:00+08:00,NYSE:UMC,10.5,10.5,10.405,10.405,60875.0
2026-01-29 23:45:00+08:00,NYSE:UMC,10.41,10.48,10.385,10.385,185287.0
2026-01-30 00:00:00+08:00,NYSE:UMC,10.385,10.45,10.365,10.45,179302.0
2026-01-30 00:15:00+08:00,NYSE:UMC,10.45,10.51,10.45,10.49,67374.0
2026-01-30 00:30:00+08:00,NYSE:UMC,10.495,10.495,10.44,10.48,62480.0
2026-01-30 00:45:00+08:00,NYSE:UMC,10.48,10.48,10.445,10.46,78294.0
2026-01-30 01:00:00+08:00,NYSE:UMC,10.465,10.48,10.455,10.475,53627.0
2026-01-30 01:15:00+08:00,NYSE:UMC,10.475,10.5,10.47,10.49,62069.0
2026-01-30 01:30:00+08:00,NYSE:UMC,10.49,10.5,10.48,10.495,35778.0
2026-01-30 01:45:00+08:00,NYSE:UMC,10.5,10.5,10.455,10.455,11776.0
2026-01-30 02:00:00+08:00,NYSE:UMC,10.455,10.485,10.45,10.485,81289.0
2026-01-30 02:15:00+08:00,NYSE:UMC,10.485,10.485,10.475,10.48,26897.0
2026-01-30 02:30:00+08:00,NYSE:UMC,10.48,10.5,10.47,10.495,24826.0
2026-01-30 02:45:00+08:00,NYSE:UMC,10.495,10.5,10.49,10.49,18869.0
2026-01-30 03:00:00+08:00,NYSE:UMC,10.49,10.55,10.475,10.52,234251.0
2026-01-30 03:15:00+08:00,NYSE:UMC,10.515,10.52,10.505,10.51,40320.0
2026-01-30 03:30:00+08:00,NYSE:UMC,10.51,10.51,10.465,10.475,52656.0
2026-01-30 03:45:00+08:00,NYSE:UMC,10.48,10.49,10.46,10.46,72840.0
2026-01-30 04:00:00+08:00,NYSE:UMC,10.45,10.52,10.45,10.5,66043.0
2026-01-30 04:15:00+08:00,NYSE:UMC,10.505,10.515,10.485,10.505,76591.0
2026-01-30 04:30:00+08:00,NYSE:UMC,10.505,10.53,10.5,10.51,80478.0
2026-01-30 04:45:00+08:00,NYSE:UMC,10.51,10.57,10.505,10.565,339808.0
2026-01-30 22:30:00+08:00,NYSE:UMC,10.15,10.44,10.15,10.32,128284.0
2026-01-30 22:45:00+08:00,NYSE:UMC,10.315,10.345,10.25,10.25,52872.0
2026-01-30 23:00:00+08:00,NYSE:UMC,10.25,10.305,10.25,10.285,57113.0
2026-01-30 23:15:00+08:00,NYSE:UMC,10.28,10.325,10.275,10.295,22423.0
2026-01-30 23:30:00+08:00,NYSE:UMC,10.29,10.365,10.285,10.365,46459.0
2026-01-30 23:45:00+08:00,NYSE:UMC,10.36,10.36,10.32,10.325,28859.0
2026-01-31 00:00:00+08:00,NYSE:UMC,10.33,10.33,10.28,10.28,21814.0
2026-01-31 00:15:00+08:00,NYSE:UMC,10.27,10.27,10.225,10.245,35027.0
2026-01-31 00:30:00+08:00,NYSE:UMC,10.25,10.27,10.24,10.27,10391.0
2026-01-31 00:45:00+08:00,NYSE:UMC,10.275,10.275,10.17,10.19,64632.0
2026-01-31 01:00:00+08:00,NYSE:UMC,10.19,10.205,10.175,10.185,40126.0
2026-01-31 01:15:00+08:00,NYSE:UMC,10.185,10.205,10.175,10.2,13008.0
2026-01-31 01:30:00+08:00,NYSE:UMC,10.2,10.2,10.16,10.165,9551.0
2026-01-31 01:45:00+08:00,NYSE:UMC,10.17,10.18,10.11,10.13,75066.0
2026-01-31 02:00:00+08:00,NYSE:UMC,10.13,10.145,10.125,10.135,13944.0
2026-01-31 02:15:00+08:00,NYSE:UMC,10.13,10.14,10.105,10.14,29793.0
2026-01-31 02:30:00+08:00,NYSE:UMC,10.14,10.14,10.11,10.12,9711.0
2026-01-31 02:45:00+08:00,NYSE:UMC,10.12,10.19,10.115,10.19,16714.0
2026-01-31 03:00:00+08:00,NYSE:UMC,10.185,10.21,10.16,10.165,26595.0
2026-01-31 03:15:00+08:00,NYSE:UMC,10.165,10.18,10.155,10.16,29072.0
2026-01-31 03:30:00+08:00,NYSE:UMC,10.16,10.17,10.135,10.14,41008.0
2026-01-31 03:45:00+08:00,NYSE:UMC,10.14,10.15,10.125,10.135,59296.0
2026-01-31 04:00:00+08:00,NYSE:UMC,10.13,10.135,10.115,10.125,30353.0
2026-01-31 04:15:00+08:00,NYSE:UMC,10.12,10.125,10.085,10.1,85397.0
2026-01-31 04:30:00+08:00,NYSE:UMC,10.105,10.12,10.07,10.085,132531.0
2026-01-31 04:45:00+08:00,NYSE:UMC,10.085,10.18,10.085,10.17,428163.0
2026-02-02 22:30:00+08:00,NYSE:UMC,9.79,10.04,9.79,9.965,67843.0
2026-02-02 22:45:00+08:00,NYSE:UMC,9.96,10.04,9.96,10.02,17632.0
2026-02-02 23:00:00+08:00,NYSE:UMC,10.02,10.05,10.01,10.03,20554.0
2026-02-02 23:15:00+08:00,NYSE:UMC,10.03,10.05,10.02,10.02,23782.0
2026-02-02 23:30:00+08:00,NYSE:UMC,10.02,10.055,10.01,10.045,15525.0
2026-02-02 23:45:00+08:00,NYSE:UMC,10.05,10.05,10.02,10.045,21999.0
2026-02-03 00:00:00+08:00,NYSE:UMC,10.045,10.045,10.0,10.04,10547.0
2026-02-03 00:15:00+08:00,NYSE:UMC,10.045,10.06,10.04,10.055,16355.0
2026-02-03 00:30:00+08:00,NYSE:UMC,10.055,10.07,10.05,10.06,11840.0
2026-02-03 00:45:00+08:00,NYSE:UMC,10.05,10.075,10.05,10.075,6589.0
2026-02-03 01:00:00+08:00,NYSE:UMC,10.08,10.095,10.06,10.08,20659.0
2026-02-03 01:15:00+08:00,NYSE:UMC,10.07,10.095,10.07,10.085,23858.0
2026-02-03 01:30:00+08:00,NYSE:UMC,10.08,10.08,10.05,10.065,17689.0
2026-02-03 01:45:00+08:00,NYSE:UMC,10.06,10.065,10.055,10.06,9583.0
2026-02-03 02:00:00+08:00,NYSE:UMC,10.055,10.065,10.05,10.05,8926.0
2026-02-03 02:15:00+08:00,NYSE:UMC,10.055,10.055,10.035,10.04,10749.0
2026-02-03 02:30:00+08:00,NYSE:UMC,10.035,10.04,10.03,10.035,5551.0
2026-02-03 02:45:00+08:00,NYSE:UMC,10.04,10.045,10.04,10.045,5043.0
2026-02-03 03:00:00+08:00,NYSE:UMC,10.045,10.065,10.04,10.06,5173.0
2026-02-03 03:15:00+08:00,NYSE:UMC,10.055,10.055,10.04,10.05,5538.0
2026-02-03 03:30:00+08:00,NYSE:UMC,10.04,10.045,10.03,10.035,2788.0
2026-02-03 03:45:00+08:00,NYSE:UMC,10.035,10.05,10.015,10.015,17135.0
2026-02-03 04:00:00+08:00,NYSE:UMC,10.02,10.035,9.975,10.005,32927.0
2026-02-03 04:15:00+08:00,NYSE:UMC,10.005,10.025,10.0,10.0,19362.0
2026-02-03 04:30:00+08:00,NYSE:UMC,9.99,10.02,9.99,10.005,34858.0
2026-02-03 04:45:00+08:00,NYSE:UMC,10.005,10.04,9.975,10.035,165071.0
2026-02-03 22:30:00+08:00,NYSE:UMC,9.8,9.87,9.65,9.85,133427.0
2026-02-03 22:45:00+08:00,NYSE:UMC,9.85,9.885,9.73,9.735,29517.0
2026-02-03 23:00:00+08:00,NYSE:UMC,9.74,9.76,9.695,9.695,24807.0
2026-02-03 23:15:00+08:00,NYSE:UMC,9.695,9.74,9.69,9.7,33520.0
2026-02-03 23:30:00+08:00,NYSE:UMC,9.695,9.72,9.68,9.72,29185.0
2026-02-03 23:45:00+08:00,NYSE:UMC,9.71,9.77,9.705,9.77,17042.0
2026-02-04 00:00:00+08:00,NYSE:UMC,9.77,9.775,9.72,9.725,18087.0
2026-02-04 00:15:00+08:00,NYSE:UMC,9.72,9.77,9.72,9.74,16528.0
2026-02-04 00:30:00+08:00,NYSE:UMC,9.745,9.775,9.745,9.77,18949.0
2026-02-04 00:45:00+08:00,NYSE:UMC,9.77,9.77,9.74,9.77,16485.0
2026-02-04 01:00:00+08:00,NYSE:UMC,9.77,9.77,9.725,9.74,16613.0
2026-02-04 01:15:00+08:00,NYSE:UMC,9.74,9.75,9.73,9.735,16020.0
2026-02-04 01:30:00+08:00,NYSE:UMC,9.73,9.73,9.71,9.715,12874.0
2026-02-04 01:45:00+08:00,NYSE:UMC,9.72,9.75,9.71,9.725,19297.0
2026-02-04 02:00:00+08:00,NYSE:UMC,9.72,9.73,9.69,9.695,11449.0
2026-02-04 02:15:00+08:00,NYSE:UMC,9.695,9.7,9.675,9.675,14418.0
2026-02-04 02:30:00+08:00,NYSE:UMC,9.68,9.69,9.67,9.685,21143.0
2026-02-04 02:45:00+08:00,NYSE:UMC,9.68,9.7,9.67,9.68,26612.0
2026-02-04 03:00:00+08:00,NYSE:UMC,9.67,9.7,9.66,9.7,12194.0
2026-02-04 03:15:00+08:00,NYSE:UMC,9.7,9.73,9.69,9.72,15939.0
2026-02-04 03:30:00+08:00,NYSE:UMC,9.72,9.72,9.69,9.71,18101.0
2026-02-04 03:45:00+08:00,NYSE:UMC,9.71,9.72,9.7,9.715,18305.0
2026-02-04 04:00:00+08:00,NYSE:UMC,9.71,9.72,9.69,9.71,40824.0
2026-02-04 04:15:00+08:00,NYSE:UMC,9.71,9.72,9.69,9.71,45906.0
2026-02-04 04:30:00+08:00,NYSE:UMC,9.715,9.75,9.71,9.74,95634.0
2026-02-04 04:45:00+08:00,NYSE:UMC,9.74,9.85,9.73,9.85,281871.0
2026-02-04 22:30:00+08:00,NYSE:UMC,10.01,10.12,9.96,10.08,50905.0
2026-02-04 22:45:00+08:00,NYSE:UMC,10.07,10.09,10.01,10.01,28039.0
2026-02-04 23:00:00+08:00,NYSE:UMC,10.005,10.025,9.96,10.01,26245.0
2026-02-04 23:15:00+08:00,NYSE:UMC,10.005,10.05,9.995,10.015,26257.0
2026-02-04 23:30:00+08:00,NYSE:UMC,10.02,10.02,9.93,9.935,36733.0
2026-02-04 23:45:00+08:00,NYSE:UMC,9.93,9.93,9.885,9.885,23914.0
2026-02-05 00:00:00+08:00,NYSE:UMC,9.89,9.89,9.8,9.825,48729.0
2026-02-05 00:15:00+08:00,NYSE:UMC,9.83,9.835,9.79,9.82,33792.0
2026-02-05 00:30:00+08:00,NYSE:UMC,9.82,9.89,9.78,9.785,69953.0
2026-02-05 00:45:00+08:00,NYSE:UMC,9.78,9.88,9.775,9.86,60840.0
2026-02-05 01:00:00+08:00,NYSE:UMC,9.86,9.88,9.825,9.88,16402.0
2026-02-05 01:15:00+08:00,NYSE:UMC,9.875,9.88,9.815,9.82,19503.0
2026-02-05 01:30:00+08:00,NYSE:UMC,9.815,9.85,9.81,9.84,11074.0
2026-02-05 01:45:00+08:00,NYSE:UMC,9.85,9.85,9.81,9.83,14488.0
2026-02-05 02:00:00+08:00,NYSE:UMC,9.84,9.845,9.805,9.81,15784.0
2026-02-05 02:15:00+08:00,NYSE:UMC,9.815,9.855,9.8,9.85,26784.0
2026-02-05 02:30:00+08:00,NYSE:UMC,9.84,9.86,9.819,9.835,14257.0
2026-02-05 02:45:00+08:00,NYSE:UMC,9.83,9.87,9.83,9.855,15220.0
2026-02-05 03:00:00+08:00,NYSE:UMC,9.86,9.87,9.83,9.85,22058.0
2026-02-05 03:15:00+08:00,NYSE:UMC,9.85,9.9,9.85,9.9,24450.0
2026-02-05 03:30:00+08:00,NYSE:UMC,9.9,9.95,9.9,9.93,42064.0
2026-02-05 03:45:00+08:00,NYSE:UMC,9.935,9.98,9.935,9.965,42165.0
2026-02-05 04:00:00+08:00,NYSE:UMC,9.97,9.97,9.93,9.93,42068.0
2026-02-05 04:15:00+08:00,NYSE:UMC,9.94,9.945,9.92,9.93,43887.0
2026-02-05 04:30:00+08:00,NYSE:UMC,9.935,9.935,9.89,9.905,40859.0
2026-02-05 04:45:00+08:00,NYSE:UMC,9.9,9.94,9.87,9.935,326085.0
2026-02-05 22:30:00+08:00,NYSE:UMC,9.745,9.89,9.71,9.88,45157.0
2026-02-05 22:45:00+08:00,NYSE:UMC,9.88,9.92,9.83,9.845,21923.0
2026-02-05 23:00:00+08:00,NYSE:UMC,9.845,9.85,9.79,9.805,29982.0
2026-02-05 23:15:00+08:00,NYSE:UMC,9.8,9.825,9.765,9.795,34724.0
2026-02-05 23:30:00+08:00,NYSE:UMC,9.8,9.84,9.745,9.82,29649.0
2026-02-05 23:45:00+08:00,NYSE:UMC,9.82,9.83,9.785,9.83,18119.0
2026-02-06 00:00:00+08:00,NYSE:UMC,9.84,9.855,9.815,9.815,13418.0
2026-02-06 00:15:00+08:00,NYSE:UMC,9.82,9.905,9.82,9.905,17884.0
2026-02-06 00:30:00+08:00,NYSE:UMC,9.91,9.95,9.9,9.92,20663.0
2026-02-06 00:45:00+08:00,NYSE:UMC,9.91,9.99,9.91,9.99,40565.0
2026-02-06 01:00:00+08:00,NYSE:UMC,9.99,10.0,9.96,9.985,24013.0
2026-02-06 01:15:00+08:00,NYSE:UMC,9.99,10.01,9.955,10.0,27376.0
2026-02-06 01:30:00+08:00,NYSE:UMC,9.99,10.0,9.97,9.98,21353.0
2026-02-06 01:45:00+08:00,NYSE:UMC,9.985,9.995,9.96,9.965,8127.0
2026-02-06 02:00:00+08:00,NYSE:UMC,9.97,9.98,9.95,9.98,18796.0
2026-02-06 02:15:00+08:00,NYSE:UMC,9.98,9.98,9.96,9.965,10550.0
2026-02-06 02:30:00+08:00,NYSE:UMC,9.97,9.97,9.93,9.94,5139.0
2026-02-06 02:45:00+08:00,NYSE:UMC,9.93,9.935,9.9,9.91,12055.0
2026-02-06 03:00:00+08:00,NYSE:UMC,9.91,9.955,9.91,9.95,7036.0
2026-02-06 03:15:00+08:00,NYSE:UMC,9.95,9.97,9.95,9.95,18847.0
2026-02-06 03:30:00+08:00,NYSE:UMC,9.95,9.97,9.93,9.96,14293.0
2026-02-06 03:45:00+08:00,NYSE:UMC,9.97,9.99,9.96,9.99,11581.0
2026-02-06 04:00:00+08:00,NYSE:UMC,10.0,10.02,10.0,10.01,18057.0
2026-02-06 04:15:00+08:00,NYSE:UMC,10.005,10.005,9.975,9.98,11643.0
2026-02-06 04:30:00+08:00,NYSE:UMC,9.98,10.0,9.97,9.98,39171.0
2026-02-06 04:45:00+08:00,NYSE:UMC,9.975,9.995,9.94,9.975,144149.0
2026-02-06 22:30:00+08:00,NYSE:UMC,10.06,10.14,10.01,10.14,47517.0
2026-02-06 22:45:00+08:00,NYSE:UMC,10.14,10.19,10.12,10.14,80247.0
2026-02-06 23:00:00+08:00,NYSE:UMC,10.135,10.135,10.075,10.075,38181.0
2026-02-06 23:15:00+08:00,NYSE:UMC,10.075,10.13,10.065,10.105,35237.0
2026-02-06 23:30:00+08:00,NYSE:UMC,10.105,10.13,10.1,10.12,32712.0
2026-02-06 23:45:00+08:00,NYSE:UMC,10.13,10.15,10.08,10.135,32099.0
2026-02-07 00:00:00+08:00,NYSE:UMC,10.13,10.195,10.12,10.19,40301.0
2026-02-07 00:15:00+08:00,NYSE:UMC,10.18,10.19,10.15,10.155,26563.0
2026-02-07 00:30:00+08:00,NYSE:UMC,10.155,10.155,10.09,10.1,25372.0
2026-02-07 00:45:00+08:00,NYSE:UMC,10.1,10.11,10.09,10.1,18890.0
2026-02-07 01:00:00+08:00,NYSE:UMC,10.09,10.11,10.09,10.11,11030.0
2026-02-07 01:15:00+08:00,NYSE:UMC,10.11,10.115,10.1,10.105,14531.0
2026-02-07 01:30:00+08:00,NYSE:UMC,10.11,10.13,10.1,10.13,17571.0
2026-02-07 01:45:00+08:00,NYSE:UMC,10.13,10.14,10.115,10.115,10724.0
2026-02-07 02:00:00+08:00,NYSE:UMC,10.12,10.14,10.115,10.135,6671.0
2026-02-07 02:15:00+08:00,NYSE:UMC,10.135,10.14,10.12,10.135,9670.0
2026-02-07 02:30:00+08:00,NYSE:UMC,10.14,10.145,10.11,10.11,11223.0
2026-02-07 02:45:00+08:00,NYSE:UMC,10.115,10.12,10.09,10.09,8191.0
2026-02-07 03:00:00+08:00,NYSE:UMC,10.09,10.1,10.085,10.085,15507.0
2026-02-07 03:15:00+08:00,NYSE:UMC,10.085,10.085,10.04,10.06,18666.0
2026-02-07 03:30:00+08:00,NYSE:UMC,10.06,10.075,10.06,10.065,12395.0
2026-02-07 03:45:00+08:00,NYSE:UMC,10.065,10.08,10.01,10.01,27041.0
2026-02-07 04:00:00+08:00,NYSE:UMC,10.01,10.03,9.985,10.025,88547.0
2026-02-07 04:15:00+08:00,NYSE:UMC,10.025,10.055,10.02,10.04,48150.0
2026-02-07 04:30:00+08:00,NYSE:UMC,10.045,10.06,10.01,10.06,67866.0
2026-02-07 04:45:00+08:00,NYSE:UMC,10.055,10.105,10.05,10.055,309580.0
2026-02-09 22:30:00+08:00,NYSE:UMC,10.015,10.025,9.93,10.025,28689.0
2026-02-09 22:45:00+08:00,NYSE:UMC,10.03,10.06,10.0,10.015,32873.0
2026-02-09 23:00:00+08:00,NYSE:UMC,10.02,10.08,10.02,10.075,28110.0
2026-02-09 23:15:00+08:00,NYSE:UMC,10.075,10.085,10.06,10.07,11585.0
2026-02-09 23:30:00+08:00,NYSE:UMC,10.07,10.09,10.07,10.085,17807.0
2026-02-09 23:45:00+08:00,NYSE:UMC,10.085,10.085,10.07,10.075,25319.0
2026-02-10 00:00:00+08:00,NYSE:UMC,10.075,10.11,10.065,10.105,17955.0
2026-02-10 00:15:00+08:00,NYSE:UMC,10.105,10.125,10.105,10.115,27155.0
2026-02-10 00:30:00+08:00,NYSE:UMC,10.11,10.115,10.1,10.11,21726.0
2026-02-10 00:45:00+08:00,NYSE:UMC,10.105,10.16,10.09,10.15,25439.0
2026-02-10 01:00:00+08:00,NYSE:UMC,10.15,10.15,10.12,10.125,14717.0
2026-02-10 01:15:00+08:00,NYSE:UMC,10.125,10.135,10.12,10.125,10523.0
2026-02-10 01:30:00+08:00,NYSE:UMC,10.12,10.12,10.095,10.11,9894.0
2026-02-10 01:45:00+08:00,NYSE:UMC,10.105,10.105,10.07,10.075,5051.0
2026-02-10 02:00:00+08:00,NYSE:UMC,10.07,10.08,10.065,10.08,7181.0
2026-02-10 02:15:00+08:00,NYSE:UMC,10.08,10.09,10.055,10.08,13695.0
2026-02-10 02:30:00+08:00,NYSE:UMC,10.085,10.105,10.085,10.105,11476.0
2026-02-10 02:45:00+08:00,NYSE:UMC,10.105,10.11,10.1,10.105,4060.0
2026-02-10 03:00:00+08:00,NYSE:UMC,10.105,10.11,10.095,10.105,7601.0
2026-02-10 03:15:00+08:00,NYSE:UMC,10.105,10.11,10.105,10.105,5888.0
2026-02-10 03:30:00+08:00,NYSE:UMC,10.105,10.12,10.105,10.12,6645.0
2026-02-10 03:45:00+08:00,NYSE:UMC,10.115,10.115,10.09,10.09,6553.0
2026-02-10 04:00:00+08:00,NYSE:UMC,10.09,10.11,10.09,10.105,8835.0
2026-02-10 04:15:00+08:00,NYSE:UMC,10.1,10.1,10.085,10.085,11673.0
2026-02-10 04:30:00+08:00,NYSE:UMC,10.08,10.09,10.07,10.075,49732.0
2026-02-10 04:45:00+08:00,NYSE:UMC,10.075,10.09,10.045,10.05,199854.0
2026-02-10 22:30:00+08:00,NYSE:UMC,10.015,10.06,9.92,9.945,54431.0
2026-02-10 22:45:00+08:00,NYSE:UMC,9.945,10.005,9.935,10.005,19205.0
2026-02-10 23:00:00+08:00,NYSE:UMC,10.005,10.01,9.975,9.985,24259.0
2026-02-10 23:15:00+08:00,NYSE:UMC,9.985,9.995,9.975,9.995,13101.0
2026-02-10 23:30:00+08:00,NYSE:UMC,10.0,10.005,9.985,9.995,37610.0
2026-02-10 23:45:00+08:00,NYSE:UMC,9.995,10.0,9.96,9.985,26294.0
2026-02-11 00:00:00+08:00,NYSE:UMC,9.99,9.99,9.975,9.985,18763.0
2026-02-11 00:15:00+08:00,NYSE:UMC,9.98,10.01,9.98,10.01,29845.0
2026-02-11 00:30:00+08:00,NYSE:UMC,10.0,10.0,9.99,9.995,13749.0
2026-02-11 00:45:00+08:00,NYSE:UMC,9.995,10.0,9.985,9.985,8748.0
2026-02-11 01:00:00+08:00,NYSE:UMC,9.99,10.0,9.975,10.0,13889.0
2026-02-11 01:15:00+08:00,NYSE:UMC,9.995,10.015,9.995,10.01,7705.0
2026-02-11 01:30:00+08:00,NYSE:UMC,10.015,10.03,10.015,10.02,6719.0
2026-02-11 01:45:00+08:00,NYSE:UMC,10.025,10.04,10.02,10.025,12867.0
2026-02-11 02:00:00+08:00,NYSE:UMC,10.02,10.02,9.98,9.995,21813.0
2026-02-11 02:15:00+08:00,NYSE:UMC,9.995,9.995,9.97,9.97,26062.0
2026-02-11 02:30:00+08:00,NYSE:UMC,9.97,9.975,9.965,9.975,10352.0
2026-02-11 02:45:00+08:00,NYSE:UMC,9.975,9.975,9.955,9.97,37788.0
2026-02-11 03:00:00+08:00,NYSE:UMC,9.975,9.985,9.965,9.975,10692.0
2026-02-11 03:15:00+08:00,NYSE:UMC,9.975,9.975,9.965,9.965,8352.0
2026-02-11 03:30:00+08:00,NYSE:UMC,9.965,9.975,9.96,9.96,11094.0
2026-02-11 03:45:00+08:00,NYSE:UMC,9.965,9.965,9.955,9.965,8535.0
2026-02-11 04:00:00+08:00,NYSE:UMC,9.96,9.965,9.925,9.93,25424.0
2026-02-11 04:15:00+08:00,NYSE:UMC,9.93,9.94,9.91,9.915,21751.0
2026-02-11 04:30:00+08:00,NYSE:UMC,9.915,9.945,9.915,9.945,37174.0
2026-02-11 04:45:00+08:00,NYSE:UMC,9.945,9.95,9.9,9.9,184630.0
2026-02-11 22:30:00+08:00,NYSE:UMC,10.03,10.2,10.03,10.18,24745.0
2026-02-11 22:45:00+08:00,NYSE:UMC,10.19,10.24,10.17,10.21,27722.0
2026-02-11 23:00:00+08:00,NYSE:UMC,10.21,10.22,10.14,10.15,11935.0
2026-02-11 23:15:00+08:00,NYSE:UMC,10.15,10.15,10.05,10.06,13982.0
2026-02-11 23:30:00+08:00,NYSE:UMC,10.055,10.14,10.055,10.12,5796.0
2026-02-11 23:45:00+08:00,NYSE:UMC,10.13,10.155,10.105,10.14,6866.0
2026-02-12 00:00:00+08:00,NYSE:UMC,10.14,10.215,10.14,10.215,8988.0
2026-02-12 00:15:00+08:00,NYSE:UMC,10.21,10.23,10.18,10.19,9981.0
2026-02-12 00:30:00+08:00,NYSE:UMC,10.19,10.21,10.18,10.205,9137.0
2026-02-12 00:45:00+08:00,NYSE:UMC,10.205,10.205,10.175,10.185,9389.0
2026-02-12 01:00:00+08:00,NYSE:UMC,10.18,10.225,10.17,10.225,12513.0
2026-02-12 01:15:00+08:00,NYSE:UMC,10.22,10.245,10.21,10.245,7467.0
2026-02-12 01:30:00+08:00,NYSE:UMC,10.25,10.26,10.24,10.25,4500.0
2026-02-12 01:45:00+08:00,NYSE:UMC,10.26,10.26,10.22,10.23,10861.0
2026-02-12 02:00:00+08:00,NYSE:UMC,10.23,10.24,10.215,10.23,13679.0
2026-02-12 02:15:00+08:00,NYSE:UMC,10.23,10.27,10.225,10.27,5732.0
2026-02-12 02:30:00+08:00,NYSE:UMC,10.27,10.28,10.26,10.26,18560.0
2026-02-12 02:45:00+08:00,NYSE:UMC,10.26,10.27,10.24,10.27,8696.0
2026-02-12 03:00:00+08:00,NYSE:UMC,10.27,10.28,10.26,10.275,10141.0
2026-02-12 03:15:00+08:00,NYSE:UMC,10.28,10.29,10.275,10.285,49268.0
2026-02-12 03:30:00+08:00,NYSE:UMC,10.28,10.285,10.265,10.28,30243.0
2026-02-12 03:45:00+08:00,NYSE:UMC,10.28,10.3,10.265,10.28,11791.0
2026-02-12 04:00:00+08:00,NYSE:UMC,10.28,10.3,10.275,10.3,14429.0
2026-02-12 04:15:00+08:00,NYSE:UMC,10.295,10.32,10.295,10.305,31419.0
2026-02-12 04:30:00+08:00,NYSE:UMC,10.305,10.33,10.29,10.325,50518.0
2026-02-12 04:45:00+08:00,NYSE:UMC,10.325,10.345,10.29,10.295,205138.0
2026-02-12 22:30:00+08:00,NYSE:UMC,10.44,10.44,10.31,10.33,34054.0
2026-02-12 22:45:00+08:00,NYSE:UMC,10.34,10.35,10.27,10.275,12450.0
2026-02-12 23:00:00+08:00,NYSE:UMC,10.265,10.355,10.26,10.355,13606.0
2026-02-12 23:15:00+08:00,NYSE:UMC,10.36,10.38,10.35,10.38,12460.0
2026-02-12 23:30:00+08:00,NYSE:UMC,10.38,10.43,10.36,10.37,33505.0
2026-02-12 23:45:00+08:00,NYSE:UMC,10.37,10.37,10.335,10.335,16159.0
2026-02-13 00:00:00+08:00,NYSE:UMC,10.335,10.345,10.28,10.28,18173.0
2026-02-13 00:15:00+08:00,NYSE:UMC,10.28,10.28,10.19,10.19,20558.0
2026-02-13 00:30:00+08:00,NYSE:UMC,10.19,10.28,10.18,10.25,19660.0
2026-02-13 00:45:00+08:00,NYSE:UMC,10.26,10.27,10.23,10.235,16713.0
2026-02-13 01:00:00+08:00,NYSE:UMC,10.23,10.25,10.22,10.24,14713.0
2026-02-13 01:15:00+08:00,NYSE:UMC,10.235,10.285,10.22,10.25,16695.0
2026-02-13 01:30:00+08:00,NYSE:UMC,10.255,10.28,10.25,10.27,14566.0
2026-02-13 01:45:00+08:00,NYSE:UMC,10.265,10.27,10.22,10.225,13731.0
2026-02-13 02:00:00+08:00,NYSE:UMC,10.22,10.24,10.21,10.23,14904.0
2026-02-13 02:15:00+08:00,NYSE:UMC,10.225,10.24,10.195,10.215,30501.0
2026-02-13 02:30:00+08:00,NYSE:UMC,10.22,10.27,10.215,10.27,15386.0
2026-02-13 02:45:00+08:00,NYSE:UMC,10.27,10.31,10.255,10.26,16809.0
2026-02-13 03:00:00+08:00,NYSE:UMC,10.26,10.285,10.255,10.265,13157.0
2026-02-13 03:15:00+08:00,NYSE:UMC,10.27,10.295,10.265,10.265,9958.0
2026-02-13 03:30:00+08:00,NYSE:UMC,10.27,10.315,10.27,10.295,14525.0
2026-02-13 03:45:00+08:00,NYSE:UMC,10.3,10.31,10.28,10.28,11747.0
2026-02-13 04:00:00+08:00,NYSE:UMC,10.29,10.305,10.26,10.265,17391.0
2026-02-13 04:15:00+08:00,NYSE:UMC,10.27,10.27,10.225,10.225,41083.0
2026-02-13 04:30:00+08:00,NYSE:UMC,10.225,10.28,10.225,10.265,46843.0
2026-02-13 04:45:00+08:00,NYSE:UMC,10.265,10.29,10.245,10.28,233986.0
2026-02-13 22:30:00+08:00,NYSE:UMC,10.28,10.46,10.28,10.37,72931.0
2026-02-13 22:45:00+08:00,NYSE:UMC,10.365,10.395,10.31,10.335,41914.0
2026-02-13 23:00:00+08:00,NYSE:UMC,10.34,10.38,10.32,10.37,25888.0
2026-02-13 23:15:00+08:00,NYSE:UMC,10.36,10.395,10.355,10.39,17553.0
2026-02-13 23:30:00+08:00,NYSE:UMC,10.39,10.47,10.39,10.41,26396.0
2026-02-13 23:45:00+08:00,NYSE:UMC,10.41,10.44,10.385,10.415,18472.0
2026-02-14 00:00:00+08:00,NYSE:UMC,10.42,10.435,10.38,10.385,33996.0
2026-02-14 00:15:00+08:00,NYSE:UMC,10.385,10.4,10.35,10.37,114506.0
2026-02-14 00:30:00+08:00,NYSE:UMC,10.375,10.385,10.35,10.36,21873.0
2026-02-14 00:45:00+08:00,NYSE:UMC,10.365,10.385,10.365,10.37,11680.0
2026-02-14 01:00:00+08:00,NYSE:UMC,10.365,10.395,10.365,10.395,3860.0
2026-02-14 01:15:00+08:00,NYSE:UMC,10.39,10.41,10.385,10.41,8412.0
2026-02-14 01:30:00+08:00,NYSE:UMC,10.405,10.43,10.405,10.43,16622.0
2026-02-14 01:45:00+08:00,NYSE:UMC,10.425,10.44,10.41,10.42,11565.0
2026-02-14 02:00:00+08:00,NYSE:UMC,10.41,10.43,10.4,10.43,5402.0
2026-02-14 02:15:00+08:00,NYSE:UMC,10.43,10.43,10.4,10.405,20803.0
2026-02-14 02:30:00+08:00,NYSE:UMC,10.41,10.42,10.405,10.42,6691.0
2026-02-14 02:45:00+08:00,NYSE:UMC,10.415,10.43,10.4,10.415,18487.0
2026-02-14 03:00:00+08:00,NYSE:UMC,10.42,10.455,10.41,10.455,25677.0
2026-02-14 03:15:00+08:00,NYSE:UMC,10.46,10.465,10.445,10.45,19744.0
2026-02-14 03:30:00+08:00,NYSE:UMC,10.45,10.48,10.445,10.465,42714.0
2026-02-14 03:45:00+08:00,NYSE:UMC,10.465,10.475,10.44,10.445,23401.0
2026-02-14 04:00:00+08:00,NYSE:UMC,10.45,10.48,10.45,10.455,18694.0
2026-02-14 04:15:00+08:00,NYSE:UMC,10.455,10.465,10.435,10.435,19103.0
2026-02-14 04:30:00+08:00,NYSE:UMC,10.44,10.465,10.435,10.465,68030.0
2026-02-14 04:45:00+08:00,NYSE:UMC,10.465,10.48,10.42,10.43,116107.0
2026-02-17 22:30:00+08:00,NYSE:UMC,10.3,10.325,10.245,10.265,27968.0
2026-02-17 22:45:00+08:00,NYSE:UMC,10.26,10.26,10.16,10.165,15942.0
2026-02-17 23:00:00+08:00,NYSE:UMC,10.16,10.21,10.155,10.16,16982.0
2026-02-17 23:15:00+08:00,NYSE:UMC,10.17,10.2,10.17,10.2,8226.0
2026-02-17 23:30:00+08:00,NYSE:UMC,10.2,10.2,10.16,10.18,7175.0
2026-02-17 23:45:00+08:00,NYSE:UMC,10.19,10.22,10.185,10.22,8858.0
2026-02-18 00:00:00+08:00,NYSE:UMC,10.23,10.25,10.22,10.25,13779.0
2026-02-18 00:15:00+08:00,NYSE:UMC,10.24,10.285,10.24,10.27,13626.0
2026-02-18 00:30:00+08:00,NYSE:UMC,10.265,10.29,10.265,10.27,7602.0
2026-02-18 00:45:00+08:00,NYSE:UMC,10.28,10.29,10.275,10.29,4019.0
2026-02-18 01:00:00+08:00,NYSE:UMC,10.28,10.29,10.25,10.25,4972.0
2026-02-18 01:15:00+08:00,NYSE:UMC,10.255,10.28,10.255,10.28,5146.0
2026-02-18 01:30:00+08:00,NYSE:UMC,10.29,10.295,10.255,10.255,13148.0
2026-02-18 01:45:00+08:00,NYSE:UMC,10.25,10.28,10.25,10.28,6244.0
2026-02-18 02:00:00+08:00,NYSE:UMC,10.28,10.28,10.215,10.23,22186.0
2026-02-18 02:15:00+08:00,NYSE:UMC,10.225,10.27,10.22,10.265,16942.0
2026-02-18 02:30:00+08:00,NYSE:UMC,10.265,10.29,10.26,10.285,11282.0
2026-02-18 02:45:00+08:00,NYSE:UMC,10.285,10.3,10.27,10.275,7047.0
2026-02-18 03:00:00+08:00,NYSE:UMC,10.275,10.28,10.26,10.27,11128.0
2026-02-18 03:15:00+08:00,NYSE:UMC,10.27,10.27,10.25,10.265,13691.0
2026-02-18 03:30:00+08:00,NYSE:UMC,10.27,10.28,10.26,10.275,14330.0
2026-02-18 03:45:00+08:00,NYSE:UMC,10.275,10.28,10.26,10.265,14282.0
2026-02-18 04:00:00+08:00,NYSE:UMC,10.265,10.285,10.26,10.265,9422.0
2026-02-18 04:15:00+08:00,NYSE:UMC,10.265,10.27,10.25,10.26,14964.0
2026-02-18 04:30:00+08:00,NYSE:UMC,10.25,10.255,10.23,10.25,26654.0
2026-02-18 04:45:00+08:00,NYSE:UMC,10.25,10.28,10.24,10.28,201782.0
2026-02-18 22:30:00+08:00,NYSE:UMC,10.245,10.29,10.2,10.225,21920.0
2026-02-18 22:45:00+08:00,NYSE:UMC,10.22,10.24,10.185,10.235,14467.0
2026-02-18 23:00:00+08:00,NYSE:UMC,10.245,10.29,10.245,10.29,20172.0
2026-02-18 23:15:00+08:00,NYSE:UMC,10.29,10.305,10.275,10.295,16229.0
2026-02-18 23:30:00+08:00,NYSE:UMC,10.29,10.325,10.275,10.31,13730.0
2026-02-18 23:45:00+08:00,NYSE:UMC,10.315,10.33,10.31,10.33,5231.0
2026-02-19 00:00:00+08:00,NYSE:UMC,10.33,10.355,10.32,10.355,25184.0
2026-02-19 00:15:00+08:00,NYSE:UMC,10.355,10.36,10.325,10.35,24359.0
2026-02-19 00:30:00+08:00,NYSE:UMC,10.35,10.355,10.34,10.35,17735.0
2026-02-19 00:45:00+08:00,NYSE:UMC,10.35,10.35,10.34,10.345,11167.0
2026-02-19 01:00:00+08:00,NYSE:UMC,10.345,10.365,10.34,10.35,21756.0
2026-02-19 01:15:00+08:00,NYSE:UMC,10.34,10.36,10.335,10.35,11101.0
2026-02-19 01:30:00+08:00,NYSE:UMC,10.34,10.35,10.34,10.345,10847.0
2026-02-19 01:45:00+08:00,NYSE:UMC,10.345,10.355,10.335,10.355,10160.0
2026-02-19 02:00:00+08:00,NYSE:UMC,10.355,10.365,10.34,10.35,26495.0
2026-02-19 02:15:00+08:00,NYSE:UMC,10.35,10.36,10.33,10.34,8583.0
2026-02-19 02:30:00+08:00,NYSE:UMC,10.34,10.345,10.32,10.33,14844.0
2026-02-19 02:45:00+08:00,NYSE:UMC,10.33,10.34,10.31,10.325,11315.0
2026-02-19 03:00:00+08:00,NYSE:UMC,10.325,10.33,10.32,10.32,3942.0
2026-02-19 03:15:00+08:00,NYSE:UMC,10.315,10.32,10.295,10.31,13723.0
2026-02-19 03:30:00+08:00,NYSE:UMC,10.305,10.31,10.28,10.285,9837.0
2026-02-19 03:45:00+08:00,NYSE:UMC,10.285,10.295,10.26,10.27,11063.0
2026-02-19 04:00:00+08:00,NYSE:UMC,10.27,10.28,10.24,10.245,19958.0
2026-02-19 04:15:00+08:00,NYSE:UMC,10.235,10.24,10.225,10.225,10566.0
2026-02-19 04:30:00+08:00,NYSE:UMC,10.22,10.245,10.22,10.225,67583.0
2026-02-19 04:45:00+08:00,NYSE:UMC,10.225,10.27,10.205,10.24,190441.0
2026-02-19 22:30:00+08:00,NYSE:UMC,10.25,10.25,10.14,10.155,23114.0
2026-02-19 22:45:00+08:00,NYSE:UMC,10.15,10.18,10.13,10.165,6590.0
2026-02-19 23:00:00+08:00,NYSE:UMC,10.16,10.195,10.15,10.155,21917.0
2026-02-19 23:15:00+08:00,NYSE:UMC,10.16,10.17,10.14,10.145,6090.0
2026-02-19 23:30:00+08:00,NYSE:UMC,10.15,10.19,10.14,10.17,8294.0
2026-02-19 23:45:00+08:00,NYSE:UMC,10.17,10.18,10.165,10.17,4459.0
2026-02-20 00:00:00+08:00,NYSE:UMC,10.17,10.175,10.155,10.16,3722.0
2026-02-20 00:15:00+08:00,NYSE:UMC,10.16,10.17,10.15,10.15,6929.0
2026-02-20 00:30:00+08:00,NYSE:UMC,10.15,10.16,10.145,10.145,5281.0
2026-02-20 00:45:00+08:00,NYSE:UMC,10.145,10.15,10.12,10.13,8464.0
2026-02-20 01:00:00+08:00,NYSE:UMC,10.125,10.13,10.12,10.12,3451.0
2026-02-20 01:15:00+08:00,NYSE:UMC,10.13,10.15,10.125,10.14,6193.0
2026-02-20 01:30:00+08:00,NYSE:UMC,10.135,10.135,10.095,10.095,4609.0
2026-02-20 01:45:00+08:00,NYSE:UMC,10.09,10.11,10.09,10.095,12190.0
2026-02-20 02:00:00+08:00,NYSE:UMC,10.095,10.11,10.09,10.11,6776.0
2026-02-20 02:15:00+08:00,NYSE:UMC,10.1,10.1,10.07,10.08,5519.0
2026-02-20 02:30:00+08:00,NYSE:UMC,10.08,10.08,10.075,10.08,1778.0
2026-02-20 02:45:00+08:00,NYSE:UMC,10.08,10.095,10.08,10.095,13466.0
2026-02-20 03:00:00+08:00,NYSE:UMC,10.095,10.1,10.085,10.095,6296.0
2026-02-20 03:15:00+08:00,NYSE:UMC,10.1,10.1,10.08,10.09,7799.0
2026-02-20 03:30:00+08:00,NYSE:UMC,10.09,10.095,10.08,10.085,1394.0
2026-02-20 03:45:00+08:00,NYSE:UMC,10.09,10.09,10.075,10.09,5236.0
2026-02-20 04:00:00+08:00,NYSE:UMC,10.09,10.105,10.08,10.08,7115.0
2026-02-20 04:15:00+08:00,NYSE:UMC,10.08,10.085,10.07,10.08,25356.0
2026-02-20 04:30:00+08:00,NYSE:UMC,10.07,10.1,10.07,10.09,31370.0
2026-02-20 04:45:00+08:00,NYSE:UMC,10.1,10.13,10.09,10.13,79222.0
2026-02-20 22:30:00+08:00,NYSE:UMC,10.17,10.33,10.15,10.32,49737.0
2026-02-20 22:45:00+08:00,NYSE:UMC,10.33,10.34,10.28,10.32,48247.0
2026-02-20 23:00:00+08:00,NYSE:UMC,10.33,10.4,10.31,10.35,63387.0
2026-02-20 23:15:00+08:00,NYSE:UMC,10.35,10.39,10.325,10.38,35346.0
2026-02-20 23:30:00+08:00,NYSE:UMC,10.39,10.425,10.36,10.425,29148.0
2026-02-20 23:45:00+08:00,NYSE:UMC,10.425,10.445,10.4,10.425,23637.0
2026-02-21 00:00:00+08:00,NYSE:UMC,10.425,10.44,10.39,10.415,20624.0
2026-02-21 00:15:00+08:00,NYSE:UMC,10.42,10.425,10.4,10.42,20169.0
2026-02-21 00:30:00+08:00,NYSE:UMC,10.415,10.465,10.41,10.455,11375.0
2026-02-21 00:45:00+08:00,NYSE:UMC,10.46,10.47,10.45,10.455,23038.0
2026-02-21 01:00:00+08:00,NYSE:UMC,10.46,10.47,10.43,10.44,12196.0
2026-02-21 01:15:00+08:00,NYSE:UMC,10.43,10.43,10.39,10.41,9523.0
2026-02-21 01:30:00+08:00,NYSE:UMC,10.41,10.415,10.38,10.39,63464.0
2026-02-21 01:45:00+08:00,NYSE:UMC,10.4,10.42,10.39,10.42,8901.0
2026-02-21 02:00:00+08:00,NYSE:UMC,10.42,10.425,10.41,10.41,5959.0
2026-02-21 02:15:00+08:00,NYSE:UMC,10.405,10.42,10.4,10.41,13379.0
2026-02-21 02:30:00+08:00,NYSE:UMC,10.4,10.455,10.4,10.455,15484.0
2026-02-21 02:45:00+08:00,NYSE:UMC,10.455,10.465,10.45,10.46,10895.0
2026-02-21 03:00:00+08:00,NYSE:UMC,10.46,10.47,10.445,10.445,10651.0
2026-02-21 03:15:00+08:00,NYSE:UMC,10.44,10.46,10.43,10.43,6687.0
2026-02-21 03:30:00+08:00,NYSE:UMC,10.44,10.46,10.44,10.445,9583.0
2026-02-21 03:45:00+08:00,NYSE:UMC,10.445,10.445,10.42,10.42,11065.0
2026-02-21 04:00:00+08:00,NYSE:UMC,10.42,10.44,10.42,10.44,7168.0
2026-02-21 04:15:00+08:00,NYSE:UMC,10.435,10.44,10.405,10.41,16928.0
2026-02-21 04:30:00+08:00,NYSE:UMC,10.405,10.42,10.4,10.405,22450.0
2026-02-21 04:45:00+08:00,NYSE:UMC,10.405,10.415,10.34,10.395,238119.0
2026-02-23 22:30:00+08:00,NYSE:UMC,10.42,10.505,10.38,10.495,36215.0
2026-02-23 22:45:00+08:00,NYSE:UMC,10.49,10.515,10.465,10.5,13839.0
2026-02-23 23:00:00+08:00,NYSE:UMC,10.505,10.525,10.485,10.5,19206.0
2026-02-23 23:15:00+08:00,NYSE:UMC,10.495,10.5,10.48,10.495,8649.0
2026-02-23 23:30:00+08:00,NYSE:UMC,10.5,10.51,10.49,10.495,6588.0
2026-02-23 23:45:00+08:00,NYSE:UMC,10.495,10.495,10.44,10.44,16219.0
2026-02-24 00:00:00+08:00,NYSE:UMC,10.44,10.45,10.405,10.415,27987.0
2026-02-24 00:15:00+08:00,NYSE:UMC,10.41,10.44,10.405,10.43,12298.0
2026-02-24 00:30:00+08:00,NYSE:UMC,10.425,10.425,10.395,10.405,11268.0
2026-02-24 00:45:00+08:00,NYSE:UMC,10.4,10.4,10.38,10.38,6886.0
2026-02-24 01:00:00+08:00,NYSE:UMC,10.38,10.39,10.365,10.365,5095.0
2026-02-24 01:15:00+08:00,NYSE:UMC,10.37,10.395,10.365,10.39,21678.0
2026-02-24 01:30:00+08:00,NYSE:UMC,10.385,10.385,10.35,10.355,3404.0
2026-02-24 01:45:00+08:00,NYSE:UMC,10.36,10.38,10.355,10.375,3542.0
2026-02-24 02:00:00+08:00,NYSE:UMC,10.38,10.39,10.375,10.385,2840.0
2026-02-24 02:15:00+08:00,NYSE:UMC,10.39,10.395,10.385,10.39,7635.0
2026-02-24 02:30:00+08:00,NYSE:UMC,10.385,10.395,10.385,10.395,1364.0
2026-02-24 02:45:00+08:00,NYSE:UMC,10.39,10.4,10.375,10.38,10386.0
2026-02-24 03:00:00+08:00,NYSE:UMC,10.375,10.38,10.37,10.38,5984.0
2026-02-24 03:15:00+08:00,NYSE:UMC,10.375,10.375,10.365,10.365,9320.0
2026-02-24 03:30:00+08:00,NYSE:UMC,10.36,10.365,10.335,10.34,7214.0
2026-02-24 03:45:00+08:00,NYSE:UMC,10.34,10.365,10.335,10.35,12995.0
2026-02-24 04:00:00+08:00,NYSE:UMC,10.35,10.355,10.345,10.345,4235.0
2026-02-24 04:15:00+08:00,NYSE:UMC,10.345,10.355,10.335,10.355,12565.0
2026-02-24 04:30:00+08:00,NYSE:UMC,10.36,10.375,10.345,10.37,33522.0
2026-02-24 04:45:00+08:00,NYSE:UMC,10.37,10.42,10.37,10.41,111514.0
2026-02-24 22:30:00+08:00,NYSE:UMC,10.965,11.03,10.89,10.96,55042.0
2026-02-24 22:45:00+08:00,NYSE:UMC,10.96,10.985,10.95,10.97,21313.0
2026-02-24 23:00:00+08:00,NYSE:UMC,10.975,11.015,10.97,11.005,17915.0
2026-02-24 23:15:00+08:00,NYSE:UMC,11.01,11.01,10.97,10.975,9373.0
2026-02-24 23:30:00+08:00,NYSE:UMC,10.975,10.98,10.93,10.94,17590.0
2026-02-24 23:45:00+08:00,NYSE:UMC,10.93,10.995,10.93,10.95,24869.0
2026-02-25 00:00:00+08:00,NYSE:UMC,10.96,10.98,10.96,10.98,10071.0
2026-02-25 00:15:00+08:00,NYSE:UMC,10.975,10.99,10.97,10.98,7889.0
2026-02-25 00:30:00+08:00,NYSE:UMC,10.975,10.975,10.935,10.955,24796.0
2026-02-25 00:45:00+08:00,NYSE:UMC,10.955,10.96,10.95,10.96,4183.0
2026-02-25 01:00:00+08:00,NYSE:UMC,10.95,10.96,10.95,10.955,5252.0
2026-02-25 01:15:00+08:00,NYSE:UMC,10.955,10.955,10.94,10.94,7132.0
2026-02-25 01:30:00+08:00,NYSE:UMC,10.94,10.96,10.94,10.955,4557.0
2026-02-25 01:45:00+08:00,NYSE:UMC,10.955,10.96,10.95,10.96,3334.0
2026-02-25 02:00:00+08:00,NYSE:UMC,10.96,10.96,10.94,10.945,5941.0
2026-02-25 02:15:00+08:00,NYSE:UMC,10.95,10.95,10.925,10.925,5073.0
2026-02-25 02:30:00+08:00,NYSE:UMC,10.93,10.94,10.925,10.935,5973.0
2026-02-25 02:45:00+08:00,NYSE:UMC,10.935,10.935,10.905,10.925,14521.0
2026-02-25 03:00:00+08:00,NYSE:UMC,10.925,10.93,10.905,10.92,13579.0
2026-02-25 03:15:00+08:00,NYSE:UMC,10.92,10.93,10.92,10.925,4605.0
2026-02-25 03:30:00+08:00,NYSE:UMC,10.93,10.94,10.925,10.935,10308.0
2026-02-25 03:45:00+08:00,NYSE:UMC,10.94,10.95,10.935,10.94,8085.0
2026-02-25 04:00:00+08:00,NYSE:UMC,10.94,10.985,10.94,10.975,21982.0
2026-02-25 04:15:00+08:00,NYSE:UMC,10.97,10.975,10.965,10.965,11782.0
2026-02-25 04:30:00+08:00,NYSE:UMC,10.97,10.97,10.935,10.95,31173.0
2026-02-25 04:45:00+08:00,NYSE:UMC,10.95,10.985,10.91,10.92,212480.0
2026-02-25 22:30:00+08:00,NYSE:UMC,10.52,10.62,10.51,10.62,58333.0
2026-02-25 22:45:00+08:00,NYSE:UMC,10.62,10.635,10.565,10.585,22747.0
2026-02-25 23:00:00+08:00,NYSE:UMC,10.585,10.615,10.57,10.57,22878.0
2026-02-25 23:15:00+08:00,NYSE:UMC,10.57,10.57,10.53,10.54,14438.0
2026-02-25 23:30:00+08:00,NYSE:UMC,10.54,10.54,10.485,10.49,19839.0
2026-02-25 23:45:00+08:00,NYSE:UMC,10.485,10.52,10.485,10.515,22668.0
2026-02-26 00:00:00+08:00,NYSE:UMC,10.515,10.53,10.485,10.525,18102.0
2026-02-26 00:15:00+08:00,NYSE:UMC,10.525,10.545,10.52,10.54,14272.0
2026-02-26 00:30:00+08:00,NYSE:UMC,10.54,10.545,10.53,10.535,3429.0
2026-02-26 00:45:00+08:00,NYSE:UMC,10.535,10.545,10.525,10.525,22777.0
2026-02-26 01:00:00+08:00,NYSE:UMC,10.525,10.535,10.525,10.535,11420.0
2026-02-26 01:15:00+08:00,NYSE:UMC,10.535,10.55,10.53,10.55,6130.0
2026-02-26 01:30:00+08:00,NYSE:UMC,10.55,10.565,10.53,10.565,11220.0
2026-02-26 01:45:00+08:00,NYSE:UMC,10.565,10.57,10.54,10.545,12087.0
2026-02-26 02:00:00+08:00,NYSE:UMC,10.54,10.55,10.54,10.545,7067.0
2026-02-26 02:15:00+08:00,NYSE:UMC,10.545,10.565,10.545,10.565,9506.0
2026-02-26 02:30:00+08:00,NYSE:UMC,10.565,10.565,10.56,10.56,7314.0
2026-02-26 02:45:00+08:00,NYSE:UMC,10.565,10.565,10.54,10.54,7667.0
2026-02-26 03:00:00+08:00,NYSE:UMC,10.54,10.55,10.54,10.55,6489.0
2026-02-26 03:15:00+08:00,NYSE:UMC,10.54,10.55,10.535,10.54,10271.0
2026-02-26 03:30:00+08:00,NYSE:UMC,10.535,10.54,10.535,10.54,5638.0
2026-02-26 03:45:00+08:00,NYSE:UMC,10.54,10.565,10.54,10.56,15780.0
2026-02-26 04:00:00+08:00,NYSE:UMC,10.56,10.56,10.555,10.555,5226.0
2026-02-26 04:15:00+08:00,NYSE:UMC,10.555,10.58,10.555,10.565,27514.0
2026-02-26 04:30:00+08:00,NYSE:UMC,10.57,10.57,10.56,10.565,14916.0
2026-02-26 04:45:00+08:00,NYSE:UMC,10.565,10.585,10.55,10.555,110437.0
2026-02-26 22:30:00+08:00,NYSE:UMC,10.58,10.58,10.455,10.455,32189.0
2026-02-26 22:45:00+08:00,NYSE:UMC,10.46,10.465,10.39,10.4,33281.0
2026-02-26 23:00:00+08:00,NYSE:UMC,10.405,10.435,10.285,10.285,61550.0
2026-02-26 23:15:00+08:00,NYSE:UMC,10.27,10.27,10.18,10.23,35942.0
2026-02-26 23:30:00+08:00,NYSE:UMC,10.23,10.325,10.23,10.325,16758.0
2026-02-26 23:45:00+08:00,NYSE:UMC,10.325,10.345,10.285,10.29,26754.0
2026-02-27 00:00:00+08:00,NYSE:UMC,10.285,10.3,10.24,10.24,21264.0
2026-02-27 00:15:00+08:00,NYSE:UMC,10.245,10.27,10.24,10.245,13554.0
2026-02-27 00:30:00+08:00,NYSE:UMC,10.245,10.245,10.225,10.24,29998.0
2026-02-27 00:45:00+08:00,NYSE:UMC,10.23,10.26,10.225,10.235,9549.0
2026-02-27 01:00:00+08:00,NYSE:UMC,10.24,10.26,10.235,10.235,13398.0
2026-02-27 01:15:00+08:00,NYSE:UMC,10.24,10.245,10.225,10.23,11279.0
2026-02-27 01:30:00+08:00,NYSE:UMC,10.235,10.255,10.235,10.245,4209.0
2026-02-27 01:45:00+08:00,NYSE:UMC,10.245,10.245,10.23,10.235,5362.0
2026-02-27 02:00:00+08:00,NYSE:UMC,10.235,10.24,10.22,10.235,20559.0
2026-02-27 02:15:00+08:00,NYSE:UMC,10.24,10.255,10.23,10.255,11872.0
2026-02-27 02:30:00+08:00,NYSE:UMC,10.25,10.29,10.25,10.28,4651.0
2026-02-27 02:45:00+08:00,NYSE:UMC,10.285,10.285,10.26,10.28,12872.0
2026-02-27 03:00:00+08:00,NYSE:UMC,10.285,10.3,10.28,10.3,16485.0
2026-02-27 03:15:00+08:00,NYSE:UMC,10.305,10.31,10.29,10.305,7523.0
2026-02-27 03:30:00+08:00,NYSE:UMC,10.305,10.305,10.29,10.29,5650.0
2026-02-27 03:45:00+08:00,NYSE:UMC,10.295,10.3,10.285,10.29,8663.0
2026-02-27 04:00:00+08:00,NYSE:UMC,10.295,10.315,10.28,10.295,13404.0
2026-02-27 04:15:00+08:00,NYSE:UMC,10.295,10.31,10.29,10.305,25310.0
2026-02-27 04:30:00+08:00,NYSE:UMC,10.3,10.32,10.3,10.32,67819.0
2026-02-27 04:45:00+08:00,NYSE:UMC,10.31,10.33,10.28,10.31,184048.0
2026-02-27 22:30:00+08:00,NYSE:UMC,10.25,10.25,10.18,10.24,11025.0
2026-02-27 22:45:00+08:00,NYSE:UMC,10.235,10.265,10.205,10.21,7568.0
2026-02-27 23:00:00+08:00,NYSE:UMC,10.22,10.31,10.22,10.3,15586.0
2026-02-27 23:15:00+08:00,NYSE:UMC,10.3,10.34,10.29,10.34,15195.0
2026-02-27 23:30:00+08:00,NYSE:UMC,10.335,10.365,10.33,10.365,4804.0
2026-02-27 23:45:00+08:00,NYSE:UMC,10.365,10.375,10.35,10.36,8666.0
2026-02-28 00:00:00+08:00,NYSE:UMC,10.36,10.37,10.34,10.35,7171.0
2026-02-28 00:15:00+08:00,NYSE:UMC,10.36,10.37,10.355,10.36,7390.0
2026-02-28 00:30:00+08:00,NYSE:UMC,10.36,10.37,10.35,10.35,7488.0
2026-02-28 00:45:00+08:00,NYSE:UMC,10.35,10.375,10.35,10.37,9251.0
2026-02-28 01:00:00+08:00,NYSE:UMC,10.37,10.395,10.37,10.385,9794.0
2026-02-28 01:15:00+08:00,NYSE:UMC,10.385,10.39,10.36,10.375,13087.0
2026-02-28 01:30:00+08:00,NYSE:UMC,10.38,10.385,10.375,10.38,8073.0
2026-02-28 01:45:00+08:00,NYSE:UMC,10.37,10.385,10.37,10.385,1574.0
2026-02-28 02:00:00+08:00,NYSE:UMC,10.38,10.38,10.37,10.37,5177.0
2026-02-28 02:15:00+08:00,NYSE:UMC,10.365,10.38,10.36,10.375,4669.0
2026-02-28 02:30:00+08:00,NYSE:UMC,10.38,10.38,10.365,10.37,7832.0
2026-02-28 02:45:00+08:00,NYSE:UMC,10.37,10.37,10.36,10.365,4302.0
2026-02-28 03:00:00+08:00,NYSE:UMC,10.37,10.39,10.365,10.375,11755.0
2026-02-28 03:15:00+08:00,NYSE:UMC,10.37,10.38,10.37,10.375,8477.0
2026-02-28 03:30:00+08:00,NYSE:UMC,10.37,10.38,10.37,10.375,6105.0
2026-02-28 03:45:00+08:00,NYSE:UMC,10.38,10.38,10.375,10.38,12855.0
2026-02-28 04:00:00+08:00,NYSE:UMC,10.375,10.39,10.365,10.39,11032.0
2026-02-28 04:15:00+08:00,NYSE:UMC,10.39,10.41,10.39,10.405,6775.0
2026-02-28 04:30:00+08:00,NYSE:UMC,10.41,10.43,10.39,10.405,24776.0
2026-02-28 04:45:00+08:00,NYSE:UMC,10.405,10.46,10.385,10.43,182907.0
2026-03-02 22:30:00+08:00,NYSE:UMC,10.3,10.4,10.26,10.36,43122.0
2026-03-02 22:45:00+08:00,NYSE:UMC,10.37,10.39,10.36,10.37,8737.0
2026-03-02 23:00:00+08:00,NYSE:UMC,10.36,10.45,10.355,10.425,24276.0
2026-03-02 23:15:00+08:00,NYSE:UMC,10.42,10.42,10.37,10.375,11629.0
2026-03-02 23:30:00+08:00,NYSE:UMC,10.38,10.385,10.35,10.385,10170.0
2026-03-02 23:45:00+08:00,NYSE:UMC,10.385,10.395,10.37,10.38,16456.0
2026-03-03 00:00:00+08:00,NYSE:UMC,10.39,10.44,10.38,10.435,7082.0
2026-03-03 00:15:00+08:00,NYSE:UMC,10.435,10.435,10.375,10.38,10191.0
2026-03-03 00:30:00+08:00,NYSE:UMC,10.385,10.43,10.375,10.43,5860.0
2026-03-03 00:45:00+08:00,NYSE:UMC,10.43,10.45,10.42,10.45,6308.0
2026-03-03 01:00:00+08:00,NYSE:UMC,10.45,10.47,10.44,10.47,5662.0
2026-03-03 01:15:00+08:00,NYSE:UMC,10.47,10.48,10.47,10.475,6202.0
2026-03-03 01:30:00+08:00,NYSE:UMC,10.48,10.48,10.455,10.46,6410.0
2026-03-03 01:45:00+08:00,NYSE:UMC,10.465,10.47,10.46,10.47,4996.0
2026-03-03 02:00:00+08:00,NYSE:UMC,10.47,10.47,10.46,10.465,4599.0
2026-03-03 02:15:00+08:00,NYSE:UMC,10.47,10.48,10.455,10.47,8766.0
2026-03-03 02:30:00+08:00,NYSE:UMC,10.465,10.47,10.45,10.46,5128.0
2026-03-03 02:45:00+08:00,NYSE:UMC,10.455,10.46,10.44,10.445,7045.0
2026-03-03 03:00:00+08:00,NYSE:UMC,10.44,10.47,10.44,10.47,8802.0
2026-03-03 03:15:00+08:00,NYSE:UMC,10.47,10.49,10.47,10.49,6493.0
2026-03-03 03:30:00+08:00,NYSE:UMC,10.49,10.5,10.485,10.495,15916.0
2026-03-03 03:45:00+08:00,NYSE:UMC,10.495,10.5,10.485,10.485,17589.0
2026-03-03 04:00:00+08:00,NYSE:UMC,10.485,10.49,10.44,10.44,18994.0
2026-03-03 04:15:00+08:00,NYSE:UMC,10.44,10.455,10.43,10.43,17510.0
2026-03-03 04:30:00+08:00,NYSE:UMC,10.435,10.47,10.43,10.46,19576.0
2026-03-03 04:45:00+08:00,NYSE:UMC,10.455,10.53,10.45,10.525,134068.0
2026-03-03 22:30:00+08:00,NYSE:UMC,9.88,10.005,9.83,9.855,111928.0
2026-03-03 22:45:00+08:00,NYSE:UMC,9.85,9.85,9.81,9.825,48415.0
2026-03-03 23:00:00+08:00,NYSE:UMC,9.825,9.93,9.825,9.9,63963.0
2026-03-03 23:15:00+08:00,NYSE:UMC,9.9,9.92,9.81,9.82,35528.0
2026-03-03 23:30:00+08:00,NYSE:UMC,9.82,9.89,9.82,9.85,39796.0
2026-03-03 23:45:00+08:00,NYSE:UMC,9.86,9.88,9.85,9.88,27667.0
2026-03-04 00:00:00+08:00,NYSE:UMC,9.88,9.97,9.87,9.97,18118.0
2026-03-04 00:15:00+08:00,NYSE:UMC,9.97,9.97,9.91,9.94,24183.0
2026-03-04 00:30:00+08:00,NYSE:UMC,9.93,9.97,9.91,9.96,21652.0
2026-03-04 00:45:00+08:00,NYSE:UMC,9.96,9.98,9.94,9.96,36470.0
2026-03-04 01:00:00+08:00,NYSE:UMC,9.96,9.96,9.925,9.945,51703.0
2026-03-04 01:15:00+08:00,NYSE:UMC,9.945,9.98,9.93,9.98,32071.0
2026-03-04 01:30:00+08:00,NYSE:UMC,9.97,9.97,9.94,9.96,23160.0
2026-03-04 01:45:00+08:00,NYSE:UMC,9.96,9.96,9.9,9.92,15317.0
2026-03-04 02:00:00+08:00,NYSE:UMC,9.92,9.93,9.91,9.92,19510.0
2026-03-04 02:15:00+08:00,NYSE:UMC,9.92,9.96,9.91,9.94,46153.0
2026-03-04 02:30:00+08:00,NYSE:UMC,9.94,10.0,9.93,9.99,25073.0
2026-03-04 02:45:00+08:00,NYSE:UMC,9.98,9.985,9.94,9.95,20908.0
2026-03-04 03:00:00+08:00,NYSE:UMC,9.94,9.955,9.885,9.89,34742.0
2026-03-04 03:15:00+08:00,NYSE:UMC,9.9,9.92,9.89,9.905,22197.0
2026-03-04 03:30:00+08:00,NYSE:UMC,9.9,9.94,9.87,9.94,34993.0
2026-03-04 03:45:00+08:00,NYSE:UMC,9.95,9.965,9.89,9.915,16668.0
2026-03-04 04:00:00+08:00,NYSE:UMC,9.915,9.93,9.905,9.905,24924.0
2026-03-04 04:15:00+08:00,NYSE:UMC,9.905,9.92,9.88,9.92,26231.0
2026-03-04 04:30:00+08:00,NYSE:UMC,9.92,9.945,9.9,9.9,46819.0
2026-03-04 04:45:00+08:00,NYSE:UMC,9.9,9.91,9.86,9.9,262039.0
2026-03-04 22:30:00+08:00,NYSE:UMC,9.91,9.93,9.78,9.78,24038.0
2026-03-04 22:45:00+08:00,NYSE:UMC,9.775,9.84,9.775,9.81,7480.0
2026-03-04 23:00:00+08:00,NYSE:UMC,9.83,9.865,9.815,9.84,5681.0
2026-03-04 23:15:00+08:00,NYSE:UMC,9.85,9.89,9.84,9.89,4615.0
2026-03-04 23:30:00+08:00,NYSE:UMC,9.9,9.905,9.88,9.885,12039.0
2026-03-04 23:45:00+08:00,NYSE:UMC,9.88,9.91,9.88,9.905,8275.0
2026-03-05 00:00:00+08:00,NYSE:UMC,9.9,9.905,9.845,9.855,12066.0
2026-03-05 00:15:00+08:00,NYSE:UMC,9.86,9.87,9.845,9.86,9867.0
2026-03-05 00:30:00+08:00,NYSE:UMC,9.86,9.87,9.845,9.87,2578.0
2026-03-05 00:45:00+08:00,NYSE:UMC,9.865,9.87,9.85,9.86,8463.0
2026-03-05 01:00:00+08:00,NYSE:UMC,9.87,9.87,9.855,9.855,5469.0
2026-03-05 01:15:00+08:00,NYSE:UMC,9.85,9.85,9.84,9.84,7506.0
2026-03-05 01:30:00+08:00,NYSE:UMC,9.84,9.855,9.84,9.85,6523.0
2026-03-05 01:45:00+08:00,NYSE:UMC,9.85,9.855,9.835,9.835,10970.0
2026-03-05 02:00:00+08:00,NYSE:UMC,9.84,9.84,9.81,9.81,4363.0
2026-03-05 02:15:00+08:00,NYSE:UMC,9.81,9.81,9.79,9.81,8291.0
2026-03-05 02:30:00+08:00,NYSE:UMC,9.82,9.85,9.82,9.835,9405.0
2026-03-05 02:45:00+08:00,NYSE:UMC,9.84,9.85,9.84,9.845,3137.0
2026-03-05 03:00:00+08:00,NYSE:UMC,9.845,9.855,9.84,9.85,7612.0
2026-03-05 03:15:00+08:00,NYSE:UMC,9.86,9.86,9.85,9.855,5507.0
2026-03-05 03:30:00+08:00,NYSE:UMC,9.86,9.87,9.855,9.86,23744.0
2026-03-05 03:45:00+08:00,NYSE:UMC,9.86,9.87,9.85,9.87,9247.0
2026-03-05 04:00:00+08:00,NYSE:UMC,9.86,9.87,9.855,9.87,19287.0
2026-03-05 04:15:00+08:00,NYSE:UMC,9.865,9.88,9.855,9.87,33142.0
2026-03-05 04:30:00+08:00,NYSE:UMC,9.86,9.87,9.85,9.86,53055.0
2026-03-05 04:45:00+08:00,NYSE:UMC,9.865,9.905,9.84,9.89,158787.0
2026-03-05 22:30:00+08:00,NYSE:UMC,9.85,9.945,9.83,9.87,14685.0
2026-03-05 22:45:00+08:00,NYSE:UMC,9.86,9.94,9.86,9.94,6814.0
2026-03-05 23:00:00+08:00,NYSE:UMC,9.94,9.97,9.93,9.94,6283.0
2026-03-05 23:15:00+08:00,NYSE:UMC,9.95,9.95,9.845,9.855,12140.0
2026-03-05 23:30:00+08:00,NYSE:UMC,9.85,9.86,9.805,9.85,25705.0
2026-03-05 23:45:00+08:00,NYSE:UMC,9.85,9.85,9.82,9.825,5040.0
2026-03-06 00:00:00+08:00,NYSE:UMC,9.82,9.83,9.77,9.77,7873.0
2026-03-06 00:15:00+08:00,NYSE:UMC,9.765,9.77,9.75,9.75,8054.0
2026-03-06 00:30:00+08:00,NYSE:UMC,9.76,9.79,9.76,9.77,11785.0
2026-03-06 00:45:00+08:00,NYSE:UMC,9.77,9.78,9.76,9.76,6216.0
2026-03-06 01:00:00+08:00,NYSE:UMC,9.76,9.77,9.76,9.76,5957.0
2026-03-06 01:15:00+08:00,NYSE:UMC,9.755,9.76,9.74,9.74,4049.0
2026-03-06 01:30:00+08:00,NYSE:UMC,9.735,9.735,9.62,9.63,16393.0
2026-03-06 01:45:00+08:00,NYSE:UMC,9.62,9.62,9.58,9.595,14525.0
2026-03-06 02:00:00+08:00,NYSE:UMC,9.59,9.62,9.58,9.58,13569.0
2026-03-06 02:15:00+08:00,NYSE:UMC,9.575,9.585,9.555,9.58,5573.0
2026-03-06 02:30:00+08:00,NYSE:UMC,9.59,9.63,9.58,9.625,7893.0
2026-03-06 02:45:00+08:00,NYSE:UMC,9.62,9.635,9.61,9.62,4216.0
2026-03-06 03:00:00+08:00,NYSE:UMC,9.62,9.66,9.62,9.655,7970.0
2026-03-06 03:15:00+08:00,NYSE:UMC,9.655,9.665,9.63,9.635,6864.0
2026-03-06 03:30:00+08:00,NYSE:UMC,9.63,9.635,9.61,9.63,10414.0
2026-03-06 03:45:00+08:00,NYSE:UMC,9.63,9.645,9.63,9.645,6802.0
2026-03-06 04:00:00+08:00,NYSE:UMC,9.645,9.69,9.64,9.68,8777.0
2026-03-06 04:15:00+08:00,NYSE:UMC,9.68,9.68,9.66,9.66,10937.0
2026-03-06 04:30:00+08:00,NYSE:UMC,9.66,9.69,9.66,9.675,22344.0
2026-03-06 04:45:00+08:00,NYSE:UMC,9.68,9.77,9.675,9.77,144100.0
2026-03-06 22:30:00+08:00,NYSE:UMC,9.68,9.7,9.65,9.67,21522.0
2026-03-06 22:45:00+08:00,NYSE:UMC,9.675,9.68,9.655,9.67,11558.0
2026-03-06 23:00:00+08:00,NYSE:UMC,9.67,9.73,9.67,9.725,16609.0
2026-03-06 23:15:00+08:00,NYSE:UMC,9.73,9.745,9.725,9.73,8013.0
2026-03-06 23:30:00+08:00,NYSE:UMC,9.74,9.79,9.73,9.75,12040.0
2026-03-06 23:45:00+08:00,NYSE:UMC,9.74,9.74,9.705,9.735,6864.0
2026-03-07 00:00:00+08:00,NYSE:UMC,9.73,9.74,9.71,9.715,5255.0
2026-03-07 00:15:00+08:00,NYSE:UMC,9.72,9.73,9.7,9.715,7962.0
2026-03-07 00:30:00+08:00,NYSE:UMC,9.72,9.725,9.71,9.715,5034.0
2026-03-07 00:45:00+08:00,NYSE:UMC,9.72,9.72,9.69,9.705,5599.0
2026-03-07 01:00:00+08:00,NYSE:UMC,9.705,9.71,9.665,9.665,3607.0
2026-03-07 01:15:00+08:00,NYSE:UMC,9.665,9.675,9.64,9.65,3942.0
2026-03-07 01:30:00+08:00,NYSE:UMC,9.65,9.655,9.63,9.635,5341.0
2026-03-07 01:45:00+08:00,NYSE:UMC,9.635,9.65,9.635,9.635,7501.0
2026-03-07 02:00:00+08:00,NYSE:UMC,9.635,9.675,9.635,9.675,5871.0
2026-03-07 02:15:00+08:00,NYSE:UMC,9.675,9.685,9.655,9.655,3282.0
2026-03-07 02:30:00+08:00,NYSE:UMC,9.655,9.665,9.65,9.665,14031.0
2026-03-07 02:45:00+08:00,NYSE:UMC,9.665,9.665,9.64,9.645,7514.0
2026-03-07 03:00:00+08:00,NYSE:UMC,9.645,9.65,9.63,9.64,15657.0
2026-03-07 03:15:00+08:00,NYSE:UMC,9.64,9.64,9.605,9.625,7581.0
2026-03-07 03:30:00+08:00,NYSE:UMC,9.63,9.645,9.625,9.635,8431.0
2026-03-07 03:45:00+08:00,NYSE:UMC,9.63,9.645,9.625,9.64,3419.0
2026-03-07 04:00:00+08:00,NYSE:UMC,9.65,9.67,9.615,9.64,48476.0
2026-03-07 04:15:00+08:00,NYSE:UMC,9.63,9.63,9.59,9.595,22026.0
2026-03-07 04:30:00+08:00,NYSE:UMC,9.595,9.61,9.545,9.6,113474.0
2026-03-07 04:45:00+08:00,NYSE:UMC,9.6,9.62,9.58,9.59,221664.0
2026-03-09 21:30:00+08:00,NYSE:UMC,9.41,9.5,9.385,9.43,32289.0
2026-03-09 21:45:00+08:00,NYSE:UMC,9.44,9.46,9.36,9.44,35281.0
2026-03-09 22:00:00+08:00,NYSE:UMC,9.44,9.51,9.44,9.44,43975.0
2026-03-09 22:15:00+08:00,NYSE:UMC,9.44,9.5,9.44,9.47,32699.0
2026-03-09 22:30:00+08:00,NYSE:UMC,9.475,9.48,9.455,9.475,16275.0
2026-03-09 22:45:00+08:00,NYSE:UMC,9.48,9.535,9.47,9.525,17587.0
2026-03-09 23:00:00+08:00,NYSE:UMC,9.53,9.55,9.515,9.545,11835.0
2026-03-09 23:15:00+08:00,NYSE:UMC,9.55,9.585,9.545,9.58,13661.0
2026-03-09 23:30:00+08:00,NYSE:UMC,9.57,9.58,9.535,9.55,14050.0
2026-03-09 23:45:00+08:00,NYSE:UMC,9.55,9.585,9.54,9.58,9659.0
2026-03-10 00:00:00+08:00,NYSE:UMC,9.59,9.62,9.59,9.59,9220.0
2026-03-10 00:15:00+08:00,NYSE:UMC,9.585,9.6,9.565,9.585,10448.0
2026-03-10 00:30:00+08:00,NYSE:UMC,9.585,9.615,9.58,9.615,12630.0
2026-03-10 00:45:00+08:00,NYSE:UMC,9.615,9.615,9.59,9.59,7262.0
2026-03-10 01:00:00+08:00,NYSE:UMC,9.59,9.605,9.58,9.605,7664.0
2026-03-10 01:15:00+08:00,NYSE:UMC,9.605,9.605,9.57,9.575,10355.0
2026-03-10 01:30:00+08:00,NYSE:UMC,9.57,9.58,9.54,9.55,7317.0
2026-03-10 01:45:00+08:00,NYSE:UMC,9.55,9.575,9.55,9.57,8320.0
2026-03-10 02:00:00+08:00,NYSE:UMC,9.565,9.595,9.565,9.595,8495.0
2026-03-10 02:15:00+08:00,NYSE:UMC,9.6,9.61,9.6,9.6,8245.0
2026-03-10 02:30:00+08:00,NYSE:UMC,9.6,9.62,9.6,9.61,5692.0
2026-03-10 02:45:00+08:00,NYSE:UMC,9.61,9.61,9.595,9.605,19296.0
2026-03-10 03:00:00+08:00,NYSE:UMC,9.6,9.625,9.6,9.62,17356.0
2026-03-10 03:15:00+08:00,NYSE:UMC,9.61,9.69,9.595,9.69,24611.0
2026-03-10 03:30:00+08:00,NYSE:UMC,9.7,9.74,9.68,9.725,54803.0
2026-03-10 03:45:00+08:00,NYSE:UMC,9.72,9.73,9.66,9.73,241310.0
2026-03-10 21:30:00+08:00,NYSE:UMC,9.61,9.62,9.52,9.56,17154.0
2026-03-10 21:45:00+08:00,NYSE:UMC,9.565,9.64,9.565,9.6,20963.0
2026-03-10 22:00:00+08:00,NYSE:UMC,9.61,9.61,9.535,9.545,11157.0
2026-03-10 22:15:00+08:00,NYSE:UMC,9.545,9.59,9.525,9.565,13706.0
2026-03-10 22:30:00+08:00,NYSE:UMC,9.57,9.6,9.555,9.6,8459.0
2026-03-10 22:45:00+08:00,NYSE:UMC,9.6,9.62,9.6,9.62,6769.0
2026-03-10 23:00:00+08:00,NYSE:UMC,9.62,9.635,9.61,9.63,11725.0
2026-03-10 23:15:00+08:00,NYSE:UMC,9.63,9.655,9.62,9.63,8708.0
2026-03-10 23:30:00+08:00,NYSE:UMC,9.625,9.65,9.62,9.645,15278.0
2026-03-10 23:45:00+08:00,NYSE:UMC,9.645,9.645,9.62,9.635,14878.0
2026-03-11 00:00:00+08:00,NYSE:UMC,9.63,9.63,9.58,9.59,26875.0
2026-03-11 00:15:00+08:00,NYSE:UMC,9.59,9.6,9.57,9.575,10135.0
2026-03-11 00:30:00+08:00,NYSE:UMC,9.58,9.595,9.58,9.595,5209.0
2026-03-11 00:45:00+08:00,NYSE:UMC,9.59,9.595,9.58,9.59,4521.0
2026-03-11 01:00:00+08:00,NYSE:UMC,9.595,9.615,9.59,9.615,9676.0
2026-03-11 01:15:00+08:00,NYSE:UMC,9.615,9.615,9.6,9.61,8114.0
2026-03-11 01:30:00+08:00,NYSE:UMC,9.605,9.605,9.555,9.57,10765.0
2026-03-11 01:45:00+08:00,NYSE:UMC,9.57,9.655,9.57,9.63,15306.0
2026-03-11 02:00:00+08:00,NYSE:UMC,9.625,9.625,9.58,9.58,14821.0
2026-03-11 02:15:00+08:00,NYSE:UMC,9.58,9.61,9.565,9.595,17142.0
2026-03-11 02:30:00+08:00,NYSE:UMC,9.595,9.62,9.585,9.6,21104.0
2026-03-11 02:45:00+08:00,NYSE:UMC,9.6,9.6,9.575,9.575,10195.0
2026-03-11 03:00:00+08:00,NYSE:UMC,9.57,9.58,9.555,9.57,27864.0
2026-03-11 03:15:00+08:00,NYSE:UMC,9.57,9.575,9.54,9.54,13490.0
2026-03-11 03:30:00+08:00,NYSE:UMC,9.54,9.55,9.495,9.5,38698.0
2026-03-11 03:45:00+08:00,NYSE:UMC,9.5,9.515,9.46,9.46,211752.0
2026-03-11 21:30:00+08:00,NYSE:UMC,9.75,9.835,9.75,9.8,25978.0
2026-03-11 21:45:00+08:00,NYSE:UMC,9.82,9.875,9.82,9.875,3899.0
2026-03-11 22:00:00+08:00,NYSE:UMC,9.88,9.895,9.83,9.85,12416.0
2026-03-11 22:15:00+08:00,NYSE:UMC,9.84,9.85,9.82,9.83,10722.0
2026-03-11 22:30:00+08:00,NYSE:UMC,9.83,9.84,9.82,9.84,2717.0
2026-03-11 22:45:00+08:00,NYSE:UMC,9.84,9.84,9.82,9.84,9300.0
2026-03-11 23:00:00+08:00,NYSE:UMC,9.84,9.85,9.805,9.805,14727.0
2026-03-11 23:15:00+08:00,NYSE:UMC,9.8,9.835,9.8,9.82,8267.0
2026-03-11 23:30:00+08:00,NYSE:UMC,9.82,9.82,9.775,9.775,14272.0
2026-03-11 23:45:00+08:00,NYSE:UMC,9.77,9.785,9.75,9.76,18618.0
2026-03-12 00:00:00+08:00,NYSE:UMC,9.76,9.76,9.715,9.73,18413.0
2026-03-12 00:15:00+08:00,NYSE:UMC,9.73,9.73,9.715,9.72,10484.0
2026-03-12 00:30:00+08:00,NYSE:UMC,9.73,9.76,9.725,9.755,3597.0
2026-03-12 00:45:00+08:00,NYSE:UMC,9.76,9.775,9.75,9.775,6487.0
2026-03-12 01:00:00+08:00,NYSE:UMC,9.775,9.78,9.77,9.775,4631.0
2026-03-12 01:15:00+08:00,NYSE:UMC,9.78,9.78,9.77,9.775,2928.0
2026-03-12 01:30:00+08:00,NYSE:UMC,9.775,9.775,9.73,9.75,11610.0
2026-03-12 01:45:00+08:00,NYSE:UMC,9.755,9.76,9.74,9.745,6269.0
2026-03-12 02:00:00+08:00,NYSE:UMC,9.745,9.75,9.73,9.75,3804.0
2026-03-12 02:15:00+08:00,NYSE:UMC,9.74,9.75,9.725,9.75,6054.0
2026-03-12 02:30:00+08:00,NYSE:UMC,9.75,9.755,9.725,9.725,8400.0
2026-03-12 02:45:00+08:00,NYSE:UMC,9.725,9.74,9.72,9.74,2896.0
2026-03-12 03:00:00+08:00,NYSE:UMC,9.735,9.735,9.72,9.73,6090.0
2026-03-12 03:15:00+08:00,NYSE:UMC,9.725,9.745,9.72,9.74,42526.0
2026-03-12 03:30:00+08:00,NYSE:UMC,9.735,9.76,9.735,9.745,14975.0
2026-03-12 03:45:00+08:00,NYSE:UMC,9.74,9.74,9.695,9.705,92688.0
2026-03-12 21:30:00+08:00,NYSE:UMC,9.51,9.515,9.44,9.44,18782.0
2026-03-12 21:45:00+08:00,NYSE:UMC,9.445,9.445,9.355,9.38,5381.0
2026-03-12 22:00:00+08:00,NYSE:UMC,9.39,9.445,9.365,9.39,9031.0
2026-03-12 22:15:00+08:00,NYSE:UMC,9.39,9.395,9.365,9.365,7050.0
2026-03-12 22:30:00+08:00,NYSE:UMC,9.36,9.4,9.35,9.37,13572.0
2026-03-12 22:45:00+08:00,NYSE:UMC,9.37,9.39,9.32,9.325,24517.0
2026-03-12 23:00:00+08:00,NYSE:UMC,9.325,9.33,9.3,9.3,12656.0
2026-03-12 23:15:00+08:00,NYSE:UMC,9.3,9.34,9.285,9.34,16087.0
2026-03-12 23:30:00+08:00,NYSE:UMC,9.34,9.37,9.33,9.36,13475.0
2026-03-12 23:45:00+08:00,NYSE:UMC,9.36,9.36,9.34,9.355,9862.0
2026-03-13 00:00:00+08:00,NYSE:UMC,9.355,9.36,9.32,9.33,6104.0
2026-03-13 00:15:00+08:00,NYSE:UMC,9.34,9.365,9.34,9.34,12223.0
2026-03-13 00:30:00+08:00,NYSE:UMC,9.345,9.365,9.345,9.36,4340.0
2026-03-13 00:45:00+08:00,NYSE:UMC,9.36,9.36,9.335,9.34,5801.0
2026-03-13 01:00:00+08:00,NYSE:UMC,9.345,9.355,9.335,9.335,7862.0
2026-03-13 01:15:00+08:00,NYSE:UMC,9.34,9.34,9.325,9.325,4559.0
2026-03-13 01:30:00+08:00,NYSE:UMC,9.33,9.335,9.32,9.32,5904.0
2026-03-13 01:45:00+08:00,NYSE:UMC,9.32,9.325,9.31,9.315,5448.0
2026-03-13 02:00:00+08:00,NYSE:UMC,9.315,9.34,9.315,9.33,8481.0
2026-03-13 02:15:00+08:00,NYSE:UMC,9.34,9.34,9.31,9.315,6235.0
2026-03-13 02:30:00+08:00,NYSE:UMC,9.315,9.32,9.305,9.31,10885.0
2026-03-13 02:45:00+08:00,NYSE:UMC,9.31,9.32,9.305,9.305,6860.0
2026-03-13 03:00:00+08:00,NYSE:UMC,9.3,9.34,9.3,9.32,31910.0
2026-03-13 03:15:00+08:00,NYSE:UMC,9.325,9.34,9.315,9.315,27968.0
2026-03-13 03:30:00+08:00,NYSE:UMC,9.32,9.35,9.315,9.345,25094.0
2026-03-13 03:45:00+08:00,NYSE:UMC,9.34,9.36,9.305,9.36,257361.0
2026-03-13 21:30:00+08:00,NYSE:UMC,9.42,9.475,9.395,9.47,26179.0
2026-03-13 21:45:00+08:00,NYSE:UMC,9.48,9.51,9.47,9.47,19289.0
2026-03-13 22:00:00+08:00,NYSE:UMC,9.48,9.48,9.43,9.44,16518.0
2026-03-13 22:15:00+08:00,NYSE:UMC,9.42,9.42,9.38,9.395,10212.0
2026-03-13 22:30:00+08:00,NYSE:UMC,9.395,9.405,9.335,9.335,8816.0
2026-03-13 22:45:00+08:00,NYSE:UMC,9.33,9.33,9.29,9.3,13623.0
2026-03-13 23:00:00+08:00,NYSE:UMC,9.3,9.355,9.3,9.355,4581.0
2026-03-13 23:15:00+08:00,NYSE:UMC,9.35,9.35,9.33,9.34,4363.0
2026-03-13 23:30:00+08:00,NYSE:UMC,9.34,9.34,9.31,9.31,6265.0
2026-03-13 23:45:00+08:00,NYSE:UMC,9.315,9.34,9.31,9.32,4202.0
2026-03-14 00:00:00+08:00,NYSE:UMC,9.33,9.345,9.32,9.34,7124.0
2026-03-14 00:15:00+08:00,NYSE:UMC,9.34,9.34,9.32,9.33,1957.0
2026-03-14 00:30:00+08:00,NYSE:UMC,9.33,9.35,9.33,9.335,4036.0
2026-03-14 00:45:00+08:00,NYSE:UMC,9.33,9.35,9.32,9.33,2543.0
2026-03-14 01:00:00+08:00,NYSE:UMC,9.33,9.35,9.32,9.345,4130.0
2026-03-14 01:15:00+08:00,NYSE:UMC,9.345,9.35,9.32,9.325,4665.0
2026-03-14 01:30:00+08:00,NYSE:UMC,9.325,9.33,9.31,9.32,3055.0
2026-03-14 01:45:00+08:00,NYSE:UMC,9.32,9.32,9.28,9.28,6344.0
2026-03-14 02:00:00+08:00,NYSE:UMC,9.28,9.29,9.28,9.29,6927.0
2026-03-14 02:15:00+08:00,NYSE:UMC,9.29,9.29,9.27,9.29,6274.0
2026-03-14 02:30:00+08:00,NYSE:UMC,9.29,9.3,9.29,9.3,6528.0
2026-03-14 02:45:00+08:00,NYSE:UMC,9.31,9.315,9.3,9.3,10987.0
2026-03-14 03:00:00+08:00,NYSE:UMC,9.3,9.3,9.27,9.27,11874.0
2026-03-14 03:15:00+08:00,NYSE:UMC,9.275,9.28,9.25,9.25,15722.0
2026-03-14 03:30:00+08:00,NYSE:UMC,9.25,9.26,9.25,9.25,17817.0
2026-03-14 03:45:00+08:00,NYSE:UMC,9.255,9.29,9.235,9.29,119978.0
2026-03-16 21:30:00+08:00,NYSE:UMC,9.51,9.55,9.5,9.525,14592.0
2026-03-16 21:45:00+08:00,NYSE:UMC,9.525,9.535,9.5,9.53,12894.0
2026-03-16 22:00:00+08:00,NYSE:UMC,9.53,9.535,9.51,9.535,8356.0
2026-03-16 22:15:00+08:00,NYSE:UMC,9.535,9.535,9.52,9.53,6927.0
2026-03-16 22:30:00+08:00,NYSE:UMC,9.52,9.52,9.48,9.48,7556.0
2026-03-16 22:45:00+08:00,NYSE:UMC,9.49,9.49,9.47,9.485,9203.0
2026-03-16 23:00:00+08:00,NYSE:UMC,9.49,9.5,9.475,9.5,6468.0
2026-03-16 23:15:00+08:00,NYSE:UMC,9.5,9.515,9.5,9.505,3691.0
2026-03-16 23:30:00+08:00,NYSE:UMC,9.505,9.51,9.5,9.505,4309.0
2026-03-16 23:45:00+08:00,NYSE:UMC,9.5,9.5,9.48,9.49,6043.0
2026-03-17 00:00:00+08:00,NYSE:UMC,9.49,9.51,9.49,9.51,4248.0
2026-03-17 00:15:00+08:00,NYSE:UMC,9.51,9.51,9.49,9.49,5663.0
2026-03-17 00:30:00+08:00,NYSE:UMC,9.49,9.51,9.49,9.51,2874.0
2026-03-17 00:45:00+08:00,NYSE:UMC,9.5,9.5,9.49,9.49,1213.0
2026-03-17 01:00:00+08:00,NYSE:UMC,9.495,9.515,9.495,9.515,5115.0
2026-03-17 01:15:00+08:00,NYSE:UMC,9.51,9.52,9.51,9.515,3072.0
2026-03-17 01:30:00+08:00,NYSE:UMC,9.515,9.52,9.5,9.5,3678.0
2026-03-17 01:45:00+08:00,NYSE:UMC,9.505,9.515,9.5,9.51,2196.0
2026-03-17 02:00:00+08:00,NYSE:UMC,9.515,9.53,9.51,9.525,2893.0
2026-03-17 02:15:00+08:00,NYSE:UMC,9.525,9.53,9.52,9.53,793.0
2026-03-17 02:30:00+08:00,NYSE:UMC,9.53,9.535,9.52,9.525,4034.0
2026-03-17 02:45:00+08:00,NYSE:UMC,9.53,9.54,9.53,9.535,10797.0
2026-03-17 03:00:00+08:00,NYSE:UMC,9.54,9.57,9.53,9.53,18832.0
2026-03-17 03:15:00+08:00,NYSE:UMC,9.52,9.53,9.49,9.5,5627.0
2026-03-17 03:30:00+08:00,NYSE:UMC,9.49,9.49,9.47,9.47,32718.0
2026-03-17 03:45:00+08:00,NYSE:UMC,9.47,9.49,9.46,9.475,82615.0
2026-03-17 21:30:00+08:00,NYSE:UMC,9.52,9.56,9.49,9.51,9350.0
2026-03-17 21:45:00+08:00,NYSE:UMC,9.51,9.545,9.51,9.535,10229.0
2026-03-17 22:00:00+08:00,NYSE:UMC,9.53,9.55,9.52,9.52,7635.0
2026-03-17 22:15:00+08:00,NYSE:UMC,9.52,9.53,9.5,9.505,11767.0
2026-03-17 22:30:00+08:00,NYSE:UMC,9.51,9.52,9.505,9.52,5122.0
2026-03-17 22:45:00+08:00,NYSE:UMC,9.515,9.525,9.51,9.52,2781.0
2026-03-17 23:00:00+08:00,NYSE:UMC,9.53,9.53,9.5,9.505,6910.0
2026-03-17 23:15:00+08:00,NYSE:UMC,9.51,9.515,9.5,9.5,3628.0
2026-03-17 23:30:00+08:00,NYSE:UMC,9.5,9.5,9.46,9.48,5209.0
2026-03-17 23:45:00+08:00,NYSE:UMC,9.485,9.49,9.47,9.48,3224.0
2026-03-18 00:00:00+08:00,NYSE:UMC,9.48,9.495,9.47,9.495,4273.0
2026-03-18 00:15:00+08:00,NYSE:UMC,9.49,9.515,9.49,9.505,4641.0
2026-03-18 00:30:00+08:00,NYSE:UMC,9.51,9.51,9.48,9.49,3169.0
2026-03-18 00:45:00+08:00,NYSE:UMC,9.49,9.495,9.485,9.485,2740.0
2026-03-18 01:00:00+08:00,NYSE:UMC,9.485,9.5,9.485,9.49,1979.0
2026-03-18 01:15:00+08:00,NYSE:UMC,9.49,9.49,9.48,9.485,1055.0
2026-03-18 01:30:00+08:00,NYSE:UMC,9.485,9.495,9.485,9.495,2829.0
2026-03-18 01:45:00+08:00,NYSE:UMC,9.495,9.5,9.49,9.495,3863.0
2026-03-18 02:00:00+08:00,NYSE:UMC,9.495,9.515,9.495,9.51,4652.0
2026-03-18 02:15:00+08:00,NYSE:UMC,9.515,9.515,9.495,9.495,5085.0
2026-03-18 02:30:00+08:00,NYSE:UMC,9.495,9.5,9.49,9.495,4584.0
2026-03-18 02:45:00+08:00,NYSE:UMC,9.5,9.525,9.5,9.52,7110.0
2026-03-18 03:00:00+08:00,NYSE:UMC,9.52,9.52,9.5,9.5,7921.0
2026-03-18 03:15:00+08:00,NYSE:UMC,9.505,9.52,9.5,9.52,9957.0
2026-03-18 03:30:00+08:00,NYSE:UMC,9.515,9.525,9.49,9.495,48292.0
2026-03-18 03:45:00+08:00,NYSE:UMC,9.495,9.525,9.49,9.52,134408.0
2026-03-18 21:30:00+08:00,NYSE:UMC,9.525,9.525,9.42,9.46,12380.0
2026-03-18 21:45:00+08:00,NYSE:UMC,9.45,9.46,9.43,9.46,8581.0
2026-03-18 22:00:00+08:00,NYSE:UMC,9.45,9.465,9.42,9.42,3204.0
2026-03-18 22:15:00+08:00,NYSE:UMC,9.43,9.435,9.4,9.405,3292.0
2026-03-18 22:30:00+08:00,NYSE:UMC,9.4,9.42,9.385,9.395,11487.0
2026-03-18 22:45:00+08:00,NYSE:UMC,9.4,9.4,9.36,9.38,4455.0
2026-03-18 23:00:00+08:00,NYSE:UMC,9.39,9.44,9.385,9.42,7703.0
2026-03-18 23:15:00+08:00,NYSE:UMC,9.42,9.42,9.39,9.39,5463.0
2026-03-18 23:30:00+08:00,NYSE:UMC,9.395,9.4,9.38,9.395,6354.0
2026-03-18 23:45:00+08:00,NYSE:UMC,9.39,9.42,9.385,9.405,7279.0
2026-03-19 00:00:00+08:00,NYSE:UMC,9.4,9.41,9.39,9.405,5471.0
2026-03-19 00:15:00+08:00,NYSE:UMC,9.4,9.41,9.4,9.4,1635.0
2026-03-19 00:30:00+08:00,NYSE:UMC,9.395,9.395,9.37,9.385,9273.0
2026-03-19 00:45:00+08:00,NYSE:UMC,9.385,9.39,9.38,9.38,2237.0
2026-03-19 01:00:00+08:00,NYSE:UMC,9.38,9.38,9.37,9.37,2841.0
2026-03-19 01:15:00+08:00,NYSE:UMC,9.38,9.39,9.38,9.385,1462.0
2026-03-19 01:30:00+08:00,NYSE:UMC,9.385,9.39,9.38,9.39,5312.0
2026-03-19 01:45:00+08:00,NYSE:UMC,9.395,9.4,9.39,9.391,3305.0
2026-03-19 02:00:00+08:00,NYSE:UMC,9.4,9.405,9.39,9.395,4102.0
2026-03-19 02:15:00+08:00,NYSE:UMC,9.39,9.39,9.375,9.38,9759.0
2026-03-19 02:30:00+08:00,NYSE:UMC,9.38,9.38,9.37,9.37,4228.0
2026-03-19 02:45:00+08:00,NYSE:UMC,9.37,9.375,9.32,9.32,15960.0
2026-03-19 03:00:00+08:00,NYSE:UMC,9.32,9.33,9.315,9.33,14382.0
2026-03-19 03:15:00+08:00,NYSE:UMC,9.33,9.33,9.3,9.31,32546.0
2026-03-19 03:30:00+08:00,NYSE:UMC,9.32,9.33,9.315,9.325,30903.0
2026-03-19 03:45:00+08:00,NYSE:UMC,9.32,9.33,9.29,9.3,124259.0
2026-03-19 21:30:00+08:00,NYSE:UMC,9.05,9.11,9.04,9.06,39011.0
2026-03-19 21:45:00+08:00,NYSE:UMC,9.07,9.145,9.07,9.145,7230.0
2026-03-19 22:00:00+08:00,NYSE:UMC,9.15,9.18,9.15,9.17,7674.0
2026-03-19 22:15:00+08:00,NYSE:UMC,9.17,9.2,9.16,9.16,10821.0
2026-03-19 22:30:00+08:00,NYSE:UMC,9.16,9.19,9.16,9.18,7661.0
2026-03-19 22:45:00+08:00,NYSE:UMC,9.175,9.195,9.17,9.18,5806.0
2026-03-19 23:00:00+08:00,NYSE:UMC,9.18,9.225,9.18,9.225,7701.0
2026-03-19 23:15:00+08:00,NYSE:UMC,9.23,9.24,9.19,9.195,5043.0
2026-03-19 23:30:00+08:00,NYSE:UMC,9.195,9.195,9.17,9.195,3836.0
2026-03-19 23:45:00+08:00,NYSE:UMC,9.19,9.2,9.18,9.195,4016.0
2026-03-20 00:00:00+08:00,NYSE:UMC,9.19,9.23,9.19,9.21,15001.0
2026-03-20 00:15:00+08:00,NYSE:UMC,9.21,9.225,9.2,9.225,6153.0
2026-03-20 00:30:00+08:00,NYSE:UMC,9.225,9.24,9.22,9.225,6547.0
2026-03-20 00:45:00+08:00,NYSE:UMC,9.225,9.225,9.21,9.22,1031.0
2026-03-20 01:00:00+08:00,NYSE:UMC,9.21,9.21,9.18,9.18,8819.0
2026-03-20 01:15:00+08:00,NYSE:UMC,9.18,9.22,9.18,9.21,5795.0
2026-03-20 01:30:00+08:00,NYSE:UMC,9.21,9.21,9.19,9.19,2629.0
2026-03-20 01:45:00+08:00,NYSE:UMC,9.2,9.22,9.2,9.21,4944.0
2026-03-20 02:00:00+08:00,NYSE:UMC,9.2,9.225,9.2,9.225,2701.0
2026-03-20 02:15:00+08:00,NYSE:UMC,9.225,9.225,9.21,9.215,5758.0
2026-03-20 02:30:00+08:00,NYSE:UMC,9.21,9.21,9.19,9.195,4444.0
2026-03-20 02:45:00+08:00,NYSE:UMC,9.195,9.22,9.195,9.2,18747.0
2026-03-20 03:00:00+08:00,NYSE:UMC,9.2,9.305,9.195,9.29,30526.0
2026-03-20 03:15:00+08:00,NYSE:UMC,9.29,9.295,9.26,9.26,9470.0
2026-03-20 03:30:00+08:00,NYSE:UMC,9.265,9.275,9.25,9.27,29118.0
2026-03-20 03:45:00+08:00,NYSE:UMC,9.27,9.28,9.25,9.25,86413.0
2026-03-20 21:30:00+08:00,NYSE:UMC,9.1,9.13,9.06,9.115,14472.0
2026-03-20 21:45:00+08:00,NYSE:UMC,9.12,9.14,9.045,9.05,7318.0
2026-03-20 22:00:00+08:00,NYSE:UMC,9.05,9.105,9.05,9.055,10855.0
2026-03-20 22:15:00+08:00,NYSE:UMC,9.06,9.08,9.05,9.065,7415.0
2026-03-20 22:30:00+08:00,NYSE:UMC,9.065,9.1,9.065,9.08,9358.0
2026-03-20 22:45:00+08:00,NYSE:UMC,9.08,9.085,9.05,9.055,11327.0
2026-03-20 23:00:00+08:00,NYSE:UMC,9.06,9.085,9.03,9.08,11371.0
2026-03-20 23:15:00+08:00,NYSE:UMC,9.08,9.1,9.05,9.06,16283.0
2026-03-20 23:30:00+08:00,NYSE:UMC,9.055,9.06,9.055,9.055,12693.0
2026-03-20 23:45:00+08:00,NYSE:UMC,9.055,9.075,9.05,9.07,10619.0
2026-03-21 00:00:00+08:00,NYSE:UMC,9.07,9.08,9.065,9.08,10235.0
2026-03-21 00:15:00+08:00,NYSE:UMC,9.07,9.08,9.05,9.05,2176.0
2026-03-21 00:30:00+08:00,NYSE:UMC,9.05,9.065,9.035,9.045,28853.0
2026-03-21 00:45:00+08:00,NYSE:UMC,9.04,9.06,9.03,9.05,7012.0
2026-03-21 01:00:00+08:00,NYSE:UMC,9.05,9.05,9.02,9.04,7479.0
2026-03-21 01:15:00+08:00,NYSE:UMC,9.04,9.04,9.03,9.03,4001.0
2026-03-21 01:30:00+08:00,NYSE:UMC,9.035,9.035,9.0,9.02,5752.0
2026-03-21 01:45:00+08:00,NYSE:UMC,9.025,9.04,9.02,9.03,5262.0
2026-03-21 02:00:00+08:00,NYSE:UMC,9.03,9.03,9.02,9.02,3863.0
2026-03-21 02:15:00+08:00,NYSE:UMC,9.02,9.02,8.985,9.02,17342.0
2026-03-21 02:30:00+08:00,NYSE:UMC,9.02,9.02,9.0,9.005,5156.0
2026-03-21 02:45:00+08:00,NYSE:UMC,9.0,9.01,8.995,9.0,13902.0
2026-03-21 03:00:00+08:00,NYSE:UMC,9.005,9.02,9.0,9.02,21119.0
2026-03-21 03:15:00+08:00,NYSE:UMC,9.02,9.025,8.995,9.01,22428.0
2026-03-21 03:30:00+08:00,NYSE:UMC,9.01,9.03,8.99,9.03,33351.0
2026-03-21 03:45:00+08:00,NYSE:UMC,9.03,9.12,9.02,9.12,170223.0
2026-03-23 21:30:00+08:00,NYSE:UMC,9.1,9.19,9.1,9.18,11364.0
2026-03-23 21:45:00+08:00,NYSE:UMC,9.175,9.25,9.175,9.245,13492.0
2026-03-23 22:00:00+08:00,NYSE:UMC,9.24,9.25,9.23,9.24,8640.0
2026-03-23 22:15:00+08:00,NYSE:UMC,9.24,9.255,9.22,9.22,8387.0
2026-03-23 22:30:00+08:00,NYSE:UMC,9.22,9.23,9.18,9.19,9974.0
2026-03-23 22:45:00+08:00,NYSE:UMC,9.19,9.2,9.17,9.18,7970.0
2026-03-23 23:00:00+08:00,NYSE:UMC,9.18,9.19,9.18,9.18,10380.0
2026-03-23 23:15:00+08:00,NYSE:UMC,9.18,9.18,9.13,9.14,15968.0
2026-03-23 23:30:00+08:00,NYSE:UMC,9.14,9.15,9.095,9.105,7010.0
2026-03-23 23:45:00+08:00,NYSE:UMC,9.105,9.11,9.06,9.065,9149.0
2026-03-24 00:00:00+08:00,NYSE:UMC,9.07,9.11,9.07,9.105,5372.0
2026-03-24 00:15:00+08:00,NYSE:UMC,9.1,9.11,9.06,9.06,16383.0
2026-03-24 00:30:00+08:00,NYSE:UMC,9.06,9.08,9.06,9.08,4943.0
2026-03-24 00:45:00+08:00,NYSE:UMC,9.08,9.09,9.06,9.06,5842.0
2026-03-24 01:00:00+08:00,NYSE:UMC,9.07,9.08,9.065,9.08,5675.0
2026-03-24 01:15:00+08:00,NYSE:UMC,9.075,9.08,9.06,9.08,6401.0
2026-03-24 01:30:00+08:00,NYSE:UMC,9.08,9.13,9.08,9.1,2943.0
2026-03-24 01:45:00+08:00,NYSE:UMC,9.1,9.1,9.09,9.1,2531.0
2026-03-24 02:00:00+08:00,NYSE:UMC,9.105,9.115,9.1,9.1,4910.0
2026-03-24 02:15:00+08:00,NYSE:UMC,9.1,9.105,9.1,9.105,3060.0
2026-03-24 02:30:00+08:00,NYSE:UMC,9.11,9.14,9.1,9.13,5159.0
2026-03-24 02:45:00+08:00,NYSE:UMC,9.135,9.135,9.12,9.13,5421.0
2026-03-24 03:00:00+08:00,NYSE:UMC,9.125,9.13,9.115,9.12,9541.0
2026-03-24 03:15:00+08:00,NYSE:UMC,9.12,9.12,9.11,9.115,2749.0
2026-03-24 03:30:00+08:00,NYSE:UMC,9.11,9.12,9.105,9.115,15208.0
2026-03-24 03:45:00+08:00,NYSE:UMC,9.115,9.125,9.07,9.075,127071.0
2026-03-24 21:30:00+08:00,NYSE:UMC,8.99,8.995,8.895,8.905,18035.0
2026-03-24 21:45:00+08:00,NYSE:UMC,8.91,8.975,8.91,8.97,7977.0
2026-03-24 22:00:00+08:00,NYSE:UMC,8.97,9.025,8.97,9.015,11289.0
2026-03-24 22:15:00+08:00,NYSE:UMC,9.015,9.02,9.005,9.01,6437.0
2026-03-24 22:30:00+08:00,NYSE:UMC,9.005,9.015,8.995,9.005,3762.0
2026-03-24 22:45:00+08:00,NYSE:UMC,9.01,9.045,8.99,9.02,15037.0
2026-03-24 23:00:00+08:00,NYSE:UMC,9.03,9.05,9.03,9.05,9345.0
2026-03-24 23:15:00+08:00,NYSE:UMC,9.045,9.075,9.04,9.06,12837.0
2026-03-24 23:30:00+08:00,NYSE:UMC,9.07,9.07,9.01,9.015,15925.0
2026-03-24 23:45:00+08:00,NYSE:UMC,9.015,9.03,9.0,9.005,15838.0
2026-03-25 00:00:00+08:00,NYSE:UMC,9.0,9.02,8.995,9.015,19231.0
2026-03-25 00:15:00+08:00,NYSE:UMC,9.01,9.01,8.985,9.0,16690.0
2026-03-25 00:30:00+08:00,NYSE:UMC,9.0,9.01,8.995,9.005,27058.0
2026-03-25 00:45:00+08:00,NYSE:UMC,9.005,9.015,8.985,9.0,10905.0
2026-03-25 01:00:00+08:00,NYSE:UMC,9.0,9.005,8.97,8.97,12385.0
2026-03-25 01:15:00+08:00,NYSE:UMC,8.975,8.99,8.965,8.99,4946.0
2026-03-25 01:30:00+08:00,NYSE:UMC,8.99,9.0,8.98,8.98,6764.0
2026-03-25 01:45:00+08:00,NYSE:UMC,8.98,9.01,8.975,9.0,12165.0
2026-03-25 02:00:00+08:00,NYSE:UMC,9.01,9.01,9.0,9.005,7062.0
2026-03-25 02:15:00+08:00,NYSE:UMC,9.0,9.025,9.0,9.02,6042.0
2026-03-25 02:30:00+08:00,NYSE:UMC,9.03,9.05,9.03,9.04,6485.0
2026-03-25 02:45:00+08:00,NYSE:UMC,9.035,9.04,9.025,9.03,9745.0
2026-03-25 03:00:00+08:00,NYSE:UMC,9.035,9.065,9.035,9.06,15919.0
2026-03-25 03:15:00+08:00,NYSE:UMC,9.06,9.065,9.05,9.055,9779.0
2026-03-25 03:30:00+08:00,NYSE:UMC,9.05,9.06,9.04,9.05,31658.0
2026-03-25 03:45:00+08:00,NYSE:UMC,9.05,9.06,9.015,9.04,237587.0
2026-03-25 21:30:00+08:00,NYSE:UMC,9.39,9.4,9.305,9.305,18589.0
2026-03-25 21:45:00+08:00,NYSE:UMC,9.31,9.335,9.285,9.32,13630.0
2026-03-25 22:00:00+08:00,NYSE:UMC,9.31,9.335,9.3,9.325,8968.0
2026-03-25 22:15:00+08:00,NYSE:UMC,9.33,9.34,9.31,9.325,8897.0
2026-03-25 22:30:00+08:00,NYSE:UMC,9.335,9.355,9.33,9.335,8547.0
2026-03-25 22:45:00+08:00,NYSE:UMC,9.335,9.35,9.32,9.32,13429.0
2026-03-25 23:00:00+08:00,NYSE:UMC,9.32,9.335,9.315,9.315,11773.0
2026-03-25 23:15:00+08:00,NYSE:UMC,9.315,9.32,9.265,9.32,75156.0
2026-03-25 23:30:00+08:00,NYSE:UMC,9.325,9.33,9.305,9.31,6795.0
2026-03-25 23:45:00+08:00,NYSE:UMC,9.31,9.325,9.31,9.325,6773.0
2026-03-26 00:00:00+08:00,NYSE:UMC,9.32,9.325,9.3,9.315,15197.0
2026-03-26 00:15:00+08:00,NYSE:UMC,9.315,9.35,9.31,9.345,7893.0
2026-03-26 00:30:00+08:00,NYSE:UMC,9.345,9.345,9.33,9.33,8476.0
2026-03-26 00:45:00+08:00,NYSE:UMC,9.33,9.34,9.315,9.335,11523.0
2026-03-26 01:00:00+08:00,NYSE:UMC,9.34,9.34,9.32,9.325,6976.0
2026-03-26 01:15:00+08:00,NYSE:UMC,9.325,9.335,9.31,9.335,14078.0
2026-03-26 01:30:00+08:00,NYSE:UMC,9.33,9.34,9.33,9.34,5491.0
2026-03-26 01:45:00+08:00,NYSE:UMC,9.34,9.345,9.32,9.32,6213.0
2026-03-26 02:00:00+08:00,NYSE:UMC,9.32,9.33,9.32,9.325,4882.0
2026-03-26 02:15:00+08:00,NYSE:UMC,9.325,9.33,9.315,9.315,9224.0
2026-03-26 02:30:00+08:00,NYSE:UMC,9.32,9.32,9.31,9.315,3787.0
2026-03-26 02:45:00+08:00,NYSE:UMC,9.31,9.31,9.285,9.29,4514.0
2026-03-26 03:00:00+08:00,NYSE:UMC,9.295,9.3,9.285,9.3,26994.0
2026-03-26 03:15:00+08:00,NYSE:UMC,9.305,9.315,9.3,9.3,13193.0
2026-03-26 03:30:00+08:00,NYSE:UMC,9.3,9.31,9.29,9.29,28738.0
2026-03-26 03:45:00+08:00,NYSE:UMC,9.29,9.31,9.28,9.29,129262.0
2026-03-26 21:30:00+08:00,NYSE:UMC,9.125,9.125,8.9,9.0,78774.0
2026-03-26 21:45:00+08:00,NYSE:UMC,9.03,9.05,9.02,9.04,7055.0
2026-03-26 22:00:00+08:00,NYSE:UMC,9.06,9.08,9.04,9.08,25639.0
2026-03-26 22:15:00+08:00,NYSE:UMC,9.08,9.1,9.08,9.08,6293.0
2026-03-26 22:30:00+08:00,NYSE:UMC,9.085,9.11,9.07,9.07,13307.0
2026-03-26 22:45:00+08:00,NYSE:UMC,9.06,9.08,9.03,9.06,24756.0
2026-03-26 23:00:00+08:00,NYSE:UMC,9.07,9.08,9.065,9.07,9301.0
2026-03-26 23:15:00+08:00,NYSE:UMC,9.08,9.09,9.07,9.08,6088.0
2026-03-26 23:30:00+08:00,NYSE:UMC,9.08,9.09,9.075,9.08,15224.0
2026-03-26 23:45:00+08:00,NYSE:UMC,9.075,9.11,9.075,9.1,13295.0
2026-03-27 00:00:00+08:00,NYSE:UMC,9.1,9.14,9.1,9.13,18468.0
2026-03-27 00:15:00+08:00,NYSE:UMC,9.12,9.13,9.12,9.12,16419.0
2026-03-27 00:30:00+08:00,NYSE:UMC,9.12,9.13,9.105,9.11,12212.0
2026-03-27 00:45:00+08:00,NYSE:UMC,9.11,9.12,9.1,9.115,10822.0
2026-03-27 01:00:00+08:00,NYSE:UMC,9.115,9.12,9.11,9.11,8570.0
2026-03-27 01:15:00+08:00,NYSE:UMC,9.11,9.12,9.095,9.1,12235.0
2026-03-27 01:30:00+08:00,NYSE:UMC,9.1,9.115,9.1,9.105,10051.0
2026-03-27 01:45:00+08:00,NYSE:UMC,9.11,9.11,9.08,9.085,32463.0
2026-03-27 02:00:00+08:00,NYSE:UMC,9.09,9.11,9.09,9.1,15933.0
2026-03-27 02:15:00+08:00,NYSE:UMC,9.095,9.1,9.085,9.085,17732.0
2026-03-27 02:30:00+08:00,NYSE:UMC,9.09,9.11,9.085,9.11,11851.0
2026-03-27 02:45:00+08:00,NYSE:UMC,9.11,9.12,9.095,9.095,17577.0
2026-03-27 03:00:00+08:00,NYSE:UMC,9.095,9.095,9.035,9.05,29638.0
2026-03-27 03:15:00+08:00,NYSE:UMC,9.05,9.065,9.04,9.045,43591.0
2026-03-27 03:30:00+08:00,NYSE:UMC,9.05,9.05,9.015,9.02,43626.0
2026-03-27 03:45:00+08:00,NYSE:UMC,9.015,9.04,9.005,9.025,277911.0
2026-03-27 21:30:00+08:00,NYSE:UMC,9.02,9.05,8.995,9.025,17531.0
2026-03-27 21:45:00+08:00,NYSE:UMC,9.03,9.04,8.975,8.99,11269.0
2026-03-27 22:00:00+08:00,NYSE:UMC,8.99,9.02,8.99,9.01,10353.0
2026-03-27 22:15:00+08:00,NYSE:UMC,9.02,9.02,8.97,8.975,2810.0
2026-03-27 22:30:00+08:00,NYSE:UMC,8.98,8.995,8.965,8.97,5301.0
2026-03-27 22:45:00+08:00,NYSE:UMC,8.98,9.0,8.975,8.99,3746.0
2026-03-27 23:00:00+08:00,NYSE:UMC,8.98,8.99,8.97,8.97,3877.0
2026-03-27 23:15:00+08:00,NYSE:UMC,8.97,9.0,8.955,8.99,11817.0
2026-03-27 23:30:00+08:00,NYSE:UMC,9.0,9.02,8.99,8.99,11284.0
2026-03-27 23:45:00+08:00,NYSE:UMC,8.995,9.0,8.98,8.99,8096.0
2026-03-28 00:00:00+08:00,NYSE:UMC,8.985,9.0,8.985,8.99,11597.0
2026-03-28 00:15:00+08:00,NYSE:UMC,8.99,9.0,8.985,9.0,6281.0
2026-03-28 00:30:00+08:00,NYSE:UMC,9.0,9.005,8.99,9.0,6730.0
2026-03-28 00:45:00+08:00,NYSE:UMC,8.995,9.01,8.995,9.0,5753.0
2026-03-28 01:00:00+08:00,NYSE:UMC,8.99,9.025,8.98,9.005,31011.0
2026-03-28 01:15:00+08:00,NYSE:UMC,9.005,9.005,8.975,8.98,8566.0
2026-03-28 01:30:00+08:00,NYSE:UMC,8.98,8.99,8.96,8.96,10989.0
2026-03-28 01:45:00+08:00,NYSE:UMC,8.97,8.97,8.95,8.955,14947.0
2026-03-28 02:00:00+08:00,NYSE:UMC,8.955,8.955,8.93,8.93,7045.0
2026-03-28 02:15:00+08:00,NYSE:UMC,8.94,8.95,8.94,8.945,6959.0
2026-03-28 02:30:00+08:00,NYSE:UMC,8.94,8.95,8.94,8.94,7529.0
2026-03-28 02:45:00+08:00,NYSE:UMC,8.94,8.95,8.94,8.945,1539.0
2026-03-28 03:00:00+08:00,NYSE:UMC,8.95,8.955,8.93,8.94,2738.0
2026-03-28 03:15:00+08:00,NYSE:UMC,8.935,8.94,8.92,8.92,25394.0
2026-03-28 03:30:00+08:00,NYSE:UMC,8.915,8.93,8.915,8.92,26161.0
2026-03-28 03:45:00+08:00,NYSE:UMC,8.92,8.92,8.87,8.87,249669.0
2026-03-30 21:30:00+08:00,NYSE:UMC,8.91,8.97,8.865,8.89,19545.0
2026-03-30 21:45:00+08:00,NYSE:UMC,8.885,8.885,8.765,8.765,17048.0
2026-03-30 22:00:00+08:00,NYSE:UMC,8.765,8.84,8.755,8.84,31143.0
2026-03-30 22:15:00+08:00,NYSE:UMC,8.835,8.84,8.805,8.815,14592.0
2026-03-30 22:30:00+08:00,NYSE:UMC,8.815,8.815,8.73,8.73,16619.0
2026-03-30 22:45:00+08:00,NYSE:UMC,8.73,8.775,8.73,8.765,18206.0
2026-03-30 23:00:00+08:00,NYSE:UMC,8.77,8.81,8.73,8.735,39748.0
2026-03-30 23:15:00+08:00,NYSE:UMC,8.735,8.745,8.705,8.71,17977.0
2026-03-30 23:30:00+08:00,NYSE:UMC,8.71,8.76,8.71,8.755,7413.0
2026-03-30 23:45:00+08:00,NYSE:UMC,8.755,8.77,8.735,8.74,11805.0
2026-03-31 00:00:00+08:00,NYSE:UMC,8.74,8.74,8.7,8.715,18075.0
2026-03-31 00:15:00+08:00,NYSE:UMC,8.715,8.715,8.65,8.67,16310.0
2026-03-31 00:30:00+08:00,NYSE:UMC,8.66,8.69,8.66,8.685,6668.0
2026-03-31 00:45:00+08:00,NYSE:UMC,8.685,8.71,8.685,8.69,4874.0
2026-03-31 01:00:00+08:00,NYSE:UMC,8.695,8.7,8.68,8.68,8397.0
2026-03-31 01:15:00+08:00,NYSE:UMC,8.68,8.68,8.645,8.645,14665.0
2026-03-31 01:30:00+08:00,NYSE:UMC,8.645,8.66,8.645,8.65,5050.0
2026-03-31 01:45:00+08:00,NYSE:UMC,8.66,8.68,8.65,8.66,26582.0
2026-03-31 02:00:00+08:00,NYSE:UMC,8.66,8.67,8.65,8.665,16103.0
2026-03-31 02:15:00+08:00,NYSE:UMC,8.66,8.665,8.64,8.655,26143.0
2026-03-31 02:30:00+08:00,NYSE:UMC,8.65,8.67,8.65,8.66,9807.0
2026-03-31 02:45:00+08:00,NYSE:UMC,8.67,8.67,8.64,8.645,9877.0
2026-03-31 03:00:00+08:00,NYSE:UMC,8.64,8.655,8.615,8.62,19595.0
2026-03-31 03:15:00+08:00,NYSE:UMC,8.62,8.64,8.62,8.63,35210.0
2026-03-31 03:30:00+08:00,NYSE:UMC,8.635,8.65,8.59,8.6,146878.0
2026-03-31 03:45:00+08:00,NYSE:UMC,8.6,8.63,8.595,8.605,374087.0
2026-03-31 21:30:00+08:00,NYSE:UMC,8.88,8.89,8.765,8.77,40780.0
2026-03-31 21:45:00+08:00,NYSE:UMC,8.77,8.85,8.77,8.85,13677.0
2026-03-31 22:00:00+08:00,NYSE:UMC,8.85,8.85,8.795,8.8,6532.0
2026-03-31 22:15:00+08:00,NYSE:UMC,8.81,8.84,8.81,8.83,6123.0
2026-03-31 22:30:00+08:00,NYSE:UMC,8.835,8.84,8.81,8.81,7683.0
2026-03-31 22:45:00+08:00,NYSE:UMC,8.8,8.8,8.75,8.77,14855.0
2026-03-31 23:00:00+08:00,NYSE:UMC,8.78,8.855,8.775,8.855,10321.0
2026-03-31 23:15:00+08:00,NYSE:UMC,8.85,8.855,8.84,8.84,13136.0
2026-03-31 23:30:00+08:00,NYSE:UMC,8.84,8.85,8.82,8.82,9947.0
2026-03-31 23:45:00+08:00,NYSE:UMC,8.82,8.835,8.81,8.81,7592.0
2026-04-01 00:00:00+08:00,NYSE:UMC,8.81,8.83,8.81,8.83,4656.0
2026-04-01 00:15:00+08:00,NYSE:UMC,8.83,8.845,8.83,8.84,8044.0
2026-04-01 00:30:00+08:00,NYSE:UMC,8.83,8.965,8.83,8.94,17681.0
2026-04-01 00:45:00+08:00,NYSE:UMC,8.94,8.95,8.89,8.895,15029.0
2026-04-01 01:00:00+08:00,NYSE:UMC,8.89,8.92,8.89,8.905,9836.0
2026-04-01 01:15:00+08:00,NYSE:UMC,8.91,8.93,8.91,8.91,5183.0
2026-04-01 01:30:00+08:00,NYSE:UMC,8.91,8.92,8.9,8.905,3931.0
2026-04-01 01:45:00+08:00,NYSE:UMC,8.91,8.915,8.9,8.91,10746.0
2026-04-01 02:00:00+08:00,NYSE:UMC,8.91,8.93,8.91,8.93,5572.0
2026-04-01 02:15:00+08:00,NYSE:UMC,8.93,8.94,8.93,8.935,10598.0
2026-04-01 02:30:00+08:00,NYSE:UMC,8.935,8.955,8.93,8.95,4589.0
2026-04-01 02:45:00+08:00,NYSE:UMC,8.95,8.96,8.95,8.955,7973.0
2026-04-01 03:00:00+08:00,NYSE:UMC,8.955,8.99,8.955,8.99,13755.0
2026-04-01 03:15:00+08:00,NYSE:UMC,8.99,9.04,8.99,9.01,39876.0
2026-04-01 03:30:00+08:00,NYSE:UMC,9.01,9.015,8.98,9.005,54142.0
2026-04-01 03:45:00+08:00,NYSE:UMC,9.01,9.02,8.98,8.985,210441.0
2026-04-01 21:30:00+08:00,NYSE:UMC,8.99,9.1,8.99,9.02,28965.0
2026-04-01 21:45:00+08:00,NYSE:UMC,9.025,9.09,9.025,9.05,21424.0
2026-04-01 22:00:00+08:00,NYSE:UMC,9.05,9.05,9.03,9.035,10860.0
2026-04-01 22:15:00+08:00,NYSE:UMC,9.03,9.055,9.02,9.04,16091.0
2026-04-01 22:30:00+08:00,NYSE:UMC,9.04,9.05,9.02,9.035,11473.0
2026-04-01 22:45:00+08:00,NYSE:UMC,9.035,9.04,9.03,9.04,16149.0
2026-04-01 23:00:00+08:00,NYSE:UMC,9.035,9.055,9.035,9.04,18094.0
2026-04-01 23:15:00+08:00,NYSE:UMC,9.035,9.04,9.03,9.03,8204.0
2026-04-01 23:30:00+08:00,NYSE:UMC,9.03,9.05,9.02,9.05,5367.0
2026-04-01 23:45:00+08:00,NYSE:UMC,9.045,9.05,9.035,9.04,5585.0
2026-04-02 00:00:00+08:00,NYSE:UMC,9.04,9.055,9.04,9.045,5948.0
2026-04-02 00:15:00+08:00,NYSE:UMC,9.04,9.05,9.04,9.04,2931.0
2026-04-02 00:30:00+08:00,NYSE:UMC,9.04,9.04,9.02,9.02,3461.0
2026-04-02 00:45:00+08:00,NYSE:UMC,9.03,9.04,9.03,9.03,1658.0
2026-04-02 01:00:00+08:00,NYSE:UMC,9.03,9.05,9.03,9.04,7441.0
2026-04-02 01:15:00+08:00,NYSE:UMC,9.04,9.04,9.03,9.035,2394.0
2026-04-02 01:30:00+08:00,NYSE:UMC,9.03,9.03,9.01,9.02,5165.0
2026-04-02 01:45:00+08:00,NYSE:UMC,9.02,9.045,9.01,9.02,65050.0
2026-04-02 02:00:00+08:00,NYSE:UMC,9.02,9.02,8.99,8.99,9223.0
2026-04-02 02:15:00+08:00,NYSE:UMC,8.99,8.99,8.97,8.97,9683.0
2026-04-02 02:30:00+08:00,NYSE:UMC,8.97,8.99,8.955,8.98,7793.0
2026-04-02 02:45:00+08:00,NYSE:UMC,8.98,8.99,8.96,8.96,11404.0
2026-04-02 03:00:00+08:00,NYSE:UMC,8.97,8.99,8.965,8.99,16597.0
2026-04-02 03:15:00+08:00,NYSE:UMC,8.99,9.0,8.985,8.985,15046.0
2026-04-02 03:30:00+08:00,NYSE:UMC,8.98,8.99,8.97,8.985,21318.0
2026-04-02 03:45:00+08:00,NYSE:UMC,8.985,9.0,8.945,8.96,193254.0
2026-04-02 21:30:00+08:00,NYSE:UMC,8.315,8.365,8.31,8.35,29118.0
2026-04-02 21:45:00+08:00,NYSE:UMC,8.355,8.42,8.35,8.415,52962.0
2026-04-02 22:00:00+08:00,NYSE:UMC,8.415,8.465,8.39,8.465,26409.0
2026-04-02 22:15:00+08:00,NYSE:UMC,8.47,8.49,8.43,8.445,41076.0
2026-04-02 22:30:00+08:00,NYSE:UMC,8.445,8.645,8.445,8.64,47103.0
2026-04-02 22:45:00+08:00,NYSE:UMC,8.63,8.645,8.61,8.635,35476.0
2026-04-02 23:00:00+08:00,NYSE:UMC,8.64,8.64,8.6,8.62,16650.0
2026-04-02 23:15:00+08:00,NYSE:UMC,8.625,8.64,8.61,8.62,19920.0
2026-04-02 23:30:00+08:00,NYSE:UMC,8.62,8.635,8.6,8.62,11696.0
2026-04-02 23:45:00+08:00,NYSE:UMC,8.62,8.62,8.6,8.6,11145.0
2026-04-03 00:00:00+08:00,NYSE:UMC,8.605,8.61,8.58,8.58,13926.0
2026-04-03 00:15:00+08:00,NYSE:UMC,8.585,8.585,8.57,8.57,3857.0
2026-04-03 00:30:00+08:00,NYSE:UMC,8.57,8.62,8.57,8.61,9286.0
2026-04-03 00:45:00+08:00,NYSE:UMC,8.615,8.615,8.6,8.6,9846.0
2026-04-03 01:00:00+08:00,NYSE:UMC,8.6,8.615,8.6,8.615,5526.0
2026-04-03 01:15:00+08:00,NYSE:UMC,8.61,8.615,8.61,8.615,11569.0
2026-04-03 01:30:00+08:00,NYSE:UMC,8.61,8.61,8.595,8.6,7152.0
2026-04-03 01:45:00+08:00,NYSE:UMC,8.6,8.605,8.59,8.6,6042.0
2026-04-03 02:00:00+08:00,NYSE:UMC,8.605,8.62,8.605,8.61,1558.0
2026-04-03 02:15:00+08:00,NYSE:UMC,8.615,8.619,8.6,8.61,11451.0
2026-04-03 02:30:00+08:00,NYSE:UMC,8.605,8.625,8.605,8.62,19446.0
2026-04-03 02:45:00+08:00,NYSE:UMC,8.62,8.64,8.62,8.635,7711.0
2026-04-03 03:00:00+08:00,NYSE:UMC,8.635,8.67,8.63,8.65,28972.0
2026-04-03 03:15:00+08:00,NYSE:UMC,8.65,8.655,8.645,8.655,10299.0
2026-04-03 03:30:00+08:00,NYSE:UMC,8.66,8.665,8.65,8.655,15240.0
2026-04-03 03:45:00+08:00,NYSE:UMC,8.66,8.68,8.66,8.675,109266.0
2026-04-06 21:30:00+08:00,NYSE:UMC,8.7,8.745,8.685,8.735,10685.0
2026-04-06 21:45:00+08:00,NYSE:UMC,8.74,8.74,8.725,8.725,3929.0
2026-04-06 22:00:00+08:00,NYSE:UMC,8.725,8.74,8.68,8.69,5132.0
2026-04-06 22:15:00+08:00,NYSE:UMC,8.695,8.71,8.69,8.695,3451.0
2026-04-06 22:30:00+08:00,NYSE:UMC,8.695,8.71,8.68,8.7,5352.0
2026-04-06 22:45:00+08:00,NYSE:UMC,8.7,8.7,8.68,8.68,1345.0
2026-04-06 23:00:00+08:00,NYSE:UMC,8.679,8.69,8.67,8.675,12103.0
2026-04-06 23:15:00+08:00,NYSE:UMC,8.68,8.68,8.665,8.67,4101.0
2026-04-06 23:30:00+08:00,NYSE:UMC,8.67,8.67,8.655,8.66,2336.0
2026-04-06 23:45:00+08:00,NYSE:UMC,8.65,8.68,8.65,8.675,7671.0
2026-04-07 00:00:00+08:00,NYSE:UMC,8.67,8.675,8.65,8.66,9636.0
2026-04-07 00:15:00+08:00,NYSE:UMC,8.66,8.69,8.66,8.685,8707.0
2026-04-07 00:30:00+08:00,NYSE:UMC,8.68,8.71,8.68,8.695,2932.0
2026-04-07 00:45:00+08:00,NYSE:UMC,8.69,8.69,8.67,8.67,3916.0
2026-04-07 01:00:00+08:00,NYSE:UMC,8.67,8.69,8.655,8.675,30423.0
2026-04-07 01:15:00+08:00,NYSE:UMC,8.68,8.7,8.67,8.7,7341.0
2026-04-07 01:30:00+08:00,NYSE:UMC,8.695,8.705,8.685,8.69,4239.0
2026-04-07 01:45:00+08:00,NYSE:UMC,8.69,8.69,8.68,8.68,3369.0
2026-04-07 02:00:00+08:00,NYSE:UMC,8.68,8.7,8.67,8.685,6308.0
2026-04-07 02:15:00+08:00,NYSE:UMC,8.685,8.7,8.68,8.7,2978.0
2026-04-07 02:30:00+08:00,NYSE:UMC,8.695,8.7,8.69,8.69,8255.0
2026-04-07 02:45:00+08:00,NYSE:UMC,8.685,8.69,8.68,8.69,4614.0
2026-04-07 03:00:00+08:00,NYSE:UMC,8.68,8.685,8.675,8.675,17083.0
2026-04-07 03:15:00+08:00,NYSE:UMC,8.675,8.675,8.66,8.675,7294.0
2026-04-07 03:30:00+08:00,NYSE:UMC,8.67,8.68,8.66,8.67,26722.0
2026-04-07 03:45:00+08:00,NYSE:UMC,8.68,8.7,8.675,8.69,104602.0
2026-04-07 21:30:00+08:00,NYSE:UMC,9.125,9.14,9.04,9.05,45011.0
2026-04-07 21:45:00+08:00,NYSE:UMC,9.05,9.05,8.98,9.03,14734.0
2026-04-07 22:00:00+08:00,NYSE:UMC,9.02,9.04,8.995,9.03,18483.0
2026-04-07 22:15:00+08:00,NYSE:UMC,9.035,9.06,9.01,9.05,24567.0
2026-04-07 22:30:00+08:00,NYSE:UMC,9.05,9.06,8.975,8.98,36561.0
2026-04-07 22:45:00+08:00,NYSE:UMC,8.975,9.14,8.975,9.08,100655.0
2026-04-07 23:00:00+08:00,NYSE:UMC,9.07,9.095,9.04,9.045,56263.0
2026-04-07 23:15:00+08:00,NYSE:UMC,9.05,9.12,9.045,9.095,71433.0
2026-04-07 23:30:00+08:00,NYSE:UMC,9.1,9.12,9.09,9.105,24817.0
2026-04-07 23:45:00+08:00,NYSE:UMC,9.11,9.13,9.105,9.12,38936.0
2026-04-08 00:00:00+08:00,NYSE:UMC,9.12,9.185,9.12,9.135,33631.0
2026-04-08 00:15:00+08:00,NYSE:UMC,9.135,9.15,9.115,9.125,22560.0
2026-04-08 00:30:00+08:00,NYSE:UMC,9.12,9.2,9.12,9.2,38212.0
2026-04-08 00:45:00+08:00,NYSE:UMC,9.2,9.22,9.2,9.215,13760.0
2026-04-08 01:00:00+08:00,NYSE:UMC,9.21,9.24,9.21,9.225,16474.0
2026-04-08 01:15:00+08:00,NYSE:UMC,9.225,9.23,9.195,9.195,10508.0
2026-04-08 01:30:00+08:00,NYSE:UMC,9.2,9.235,9.195,9.225,21357.0
2026-04-08 01:45:00+08:00,NYSE:UMC,9.225,9.24,9.22,9.24,10046.0
2026-04-08 02:00:00+08:00,NYSE:UMC,9.23,9.24,9.21,9.21,7535.0
2026-04-08 02:15:00+08:00,NYSE:UMC,9.205,9.21,9.205,9.21,3829.0
2026-04-08 02:30:00+08:00,NYSE:UMC,9.21,9.22,9.2,9.205,17434.0
2026-04-08 02:45:00+08:00,NYSE:UMC,9.2,9.2,9.15,9.155,15724.0
2026-04-08 03:00:00+08:00,NYSE:UMC,9.155,9.175,9.15,9.165,22498.0
2026-04-08 03:15:00+08:00,NYSE:UMC,9.17,9.23,9.165,9.18,48098.0
2026-04-08 03:30:00+08:00,NYSE:UMC,9.18,9.19,9.16,9.185,21849.0
2026-04-08 03:45:00+08:00,NYSE:UMC,9.19,9.31,9.185,9.3,287288.0
2026-04-08 21:30:00+08:00,NYSE:UMC,9.47,9.53,9.41,9.49,37044.0
2026-04-08 21:45:00+08:00,NYSE:UMC,9.5,9.61,9.465,9.61,70259.0
2026-04-08 22:00:00+08:00,NYSE:UMC,9.6,9.6,9.55,9.585,28912.0
2026-04-08 22:15:00+08:00,NYSE:UMC,9.59,9.59,9.54,9.58,17304.0
2026-04-08 22:30:00+08:00,NYSE:UMC,9.575,9.575,9.53,9.535,20878.0
2026-04-08 22:45:00+08:00,NYSE:UMC,9.535,9.535,9.455,9.485,19077.0
2026-04-08 23:00:00+08:00,NYSE:UMC,9.49,9.52,9.485,9.51,10506.0
2026-04-08 23:15:00+08:00,NYSE:UMC,9.52,9.53,9.505,9.51,15417.0
2026-04-08 23:30:00+08:00,NYSE:UMC,9.505,9.535,9.5,9.52,10140.0
2026-04-08 23:45:00+08:00,NYSE:UMC,9.52,9.525,9.51,9.515,15289.0
2026-04-09 00:00:00+08:00,NYSE:UMC,9.51,9.525,9.48,9.485,22702.0
2026-04-09 00:15:00+08:00,NYSE:UMC,9.48,9.49,9.47,9.48,10870.0
2026-04-09 00:30:00+08:00,NYSE:UMC,9.485,9.5,9.47,9.49,9440.0
2026-04-09 00:45:00+08:00,NYSE:UMC,9.49,9.49,9.47,9.47,12003.0
2026-04-09 01:00:00+08:00,NYSE:UMC,9.47,9.48,9.46,9.47,10336.0
2026-04-09 01:15:00+08:00,NYSE:UMC,9.47,9.47,9.44,9.45,17325.0
2026-04-09 01:30:00+08:00,NYSE:UMC,9.45,9.46,9.44,9.45,9471.0
2026-04-09 01:45:00+08:00,NYSE:UMC,9.45,9.48,9.44,9.46,30748.0
2026-04-09 02:00:00+08:00,NYSE:UMC,9.465,9.47,9.45,9.455,9006.0
2026-04-09 02:15:00+08:00,NYSE:UMC,9.45,9.455,9.42,9.425,14196.0
2026-04-09 02:30:00+08:00,NYSE:UMC,9.425,9.43,9.395,9.395,18478.0
2026-04-09 02:45:00+08:00,NYSE:UMC,9.4,9.405,9.38,9.38,23795.0
2026-04-09 03:00:00+08:00,NYSE:UMC,9.38,9.43,9.38,9.425,21476.0
2026-04-09 03:15:00+08:00,NYSE:UMC,9.43,9.43,9.4,9.41,19595.0
2026-04-09 03:30:00+08:00,NYSE:UMC,9.42,9.44,9.415,9.42,48269.0
2026-04-09 03:45:00+08:00,NYSE:UMC,9.42,9.48,9.415,9.465,257091.0
2026-04-09 21:30:00+08:00,NYSE:UMC,9.38,9.5,9.38,9.495,7297.0
2026-04-09 21:45:00+08:00,NYSE:UMC,9.51,9.51,9.43,9.44,6459.0
2026-04-09 22:00:00+08:00,NYSE:UMC,9.45,9.46,9.405,9.42,15137.0
2026-04-09 22:15:00+08:00,NYSE:UMC,9.41,9.41,9.38,9.39,4706.0
2026-04-09 22:30:00+08:00,NYSE:UMC,9.39,9.39,9.38,9.385,3288.0
2026-04-09 22:45:00+08:00,NYSE:UMC,9.39,9.42,9.39,9.41,7144.0
2026-04-09 23:00:00+08:00,NYSE:UMC,9.41,9.41,9.395,9.41,5174.0
2026-04-09 23:15:00+08:00,NYSE:UMC,9.42,9.435,9.41,9.43,9394.0
2026-04-09 23:30:00+08:00,NYSE:UMC,9.44,9.46,9.44,9.455,9900.0
2026-04-09 23:45:00+08:00,NYSE:UMC,9.455,9.5,9.455,9.5,30537.0
2026-04-10 00:00:00+08:00,NYSE:UMC,9.49,9.505,9.49,9.495,11946.0
2026-04-10 00:15:00+08:00,NYSE:UMC,9.495,9.51,9.49,9.49,10148.0
2026-04-10 00:30:00+08:00,NYSE:UMC,9.49,9.49,9.47,9.48,8405.0
2026-04-10 00:45:00+08:00,NYSE:UMC,9.485,9.49,9.47,9.48,12476.0
2026-04-10 01:00:00+08:00,NYSE:UMC,9.48,9.49,9.47,9.485,11509.0
2026-04-10 01:15:00+08:00,NYSE:UMC,9.48,9.49,9.475,9.48,34099.0
2026-04-10 01:30:00+08:00,NYSE:UMC,9.48,9.49,9.47,9.475,11015.0
2026-04-10 01:45:00+08:00,NYSE:UMC,9.48,9.48,9.47,9.475,5775.0
2026-04-10 02:00:00+08:00,NYSE:UMC,9.475,9.48,9.45,9.45,24580.0
2026-04-10 02:15:00+08:00,NYSE:UMC,9.46,9.46,9.45,9.455,9625.0
2026-04-10 02:30:00+08:00,NYSE:UMC,9.46,9.46,9.445,9.455,12518.0
2026-04-10 02:45:00+08:00,NYSE:UMC,9.455,9.465,9.455,9.46,8313.0
2026-04-10 03:00:00+08:00,NYSE:UMC,9.465,9.5,9.465,9.495,14638.0
2026-04-10 03:15:00+08:00,NYSE:UMC,9.49,9.505,9.47,9.505,38166.0
2026-04-10 03:30:00+08:00,NYSE:UMC,9.505,9.52,9.495,9.505,46051.0
2026-04-10 03:45:00+08:00,NYSE:UMC,9.51,9.535,9.505,9.525,190982.0
2026-04-10 21:30:00+08:00,NYSE:UMC,9.8,9.85,9.78,9.8,30989.0
2026-04-10 21:45:00+08:00,NYSE:UMC,9.795,9.845,9.795,9.835,9762.0
2026-04-10 22:00:00+08:00,NYSE:UMC,9.83,9.83,9.78,9.81,16256.0
2026-04-10 22:15:00+08:00,NYSE:UMC,9.81,9.825,9.81,9.82,13512.0
2026-04-10 22:30:00+08:00,NYSE:UMC,9.82,9.83,9.79,9.81,14374.0
2026-04-10 22:45:00+08:00,NYSE:UMC,9.8,9.81,9.79,9.8,3726.0
2026-04-10 23:00:00+08:00,NYSE:UMC,9.8,9.8,9.78,9.79,10277.0
2026-04-10 23:15:00+08:00,NYSE:UMC,9.79,9.81,9.79,9.79,7825.0
2026-04-10 23:30:00+08:00,NYSE:UMC,9.79,9.795,9.76,9.76,7828.0
2026-04-10 23:45:00+08:00,NYSE:UMC,9.765,9.765,9.725,9.73,7580.0
2026-04-11 00:00:00+08:00,NYSE:UMC,9.73,9.745,9.725,9.745,6291.0
2026-04-11 00:15:00+08:00,NYSE:UMC,9.745,9.75,9.73,9.73,6345.0
2026-04-11 00:30:00+08:00,NYSE:UMC,9.73,9.74,9.715,9.72,6183.0
2026-04-11 00:45:00+08:00,NYSE:UMC,9.72,9.74,9.72,9.73,13077.0
2026-04-11 01:00:00+08:00,NYSE:UMC,9.73,9.735,9.72,9.72,4515.0
2026-04-11 01:15:00+08:00,NYSE:UMC,9.72,9.72,9.71,9.72,13556.0
2026-04-11 01:30:00+08:00,NYSE:UMC,9.72,9.74,9.72,9.74,7451.0
2026-04-11 01:45:00+08:00,NYSE:UMC,9.74,9.75,9.74,9.745,13787.0
2026-04-11 02:00:00+08:00,NYSE:UMC,9.745,9.755,9.74,9.755,17546.0
2026-04-11 02:15:00+08:00,NYSE:UMC,9.76,9.77,9.76,9.77,12912.0
2026-04-11 02:30:00+08:00,NYSE:UMC,9.765,9.775,9.765,9.775,15336.0
2026-04-11 02:45:00+08:00,NYSE:UMC,9.77,9.78,9.77,9.775,28409.0
2026-04-11 03:00:00+08:00,NYSE:UMC,9.775,9.79,9.765,9.77,24140.0
2026-04-11 03:15:00+08:00,NYSE:UMC,9.76,9.77,9.755,9.76,21040.0
2026-04-11 03:30:00+08:00,NYSE:UMC,9.75,9.75,9.72,9.73,28644.0
2026-04-11 03:45:00+08:00,NYSE:UMC,9.73,9.74,9.715,9.74,145432.0
2026-04-13 21:30:00+08:00,NYSE:UMC,9.495,9.555,9.47,9.555,68063.0
2026-04-13 21:45:00+08:00,NYSE:UMC,9.545,9.62,9.54,9.6,14956.0
2026-04-13 22:00:00+08:00,NYSE:UMC,9.62,9.62,9.575,9.58,18574.0
2026-04-13 22:15:00+08:00,NYSE:UMC,9.58,9.6,9.58,9.595,14621.0
2026-04-13 22:30:00+08:00,NYSE:UMC,9.6,9.62,9.6,9.615,7132.0
2026-04-13 22:45:00+08:00,NYSE:UMC,9.615,9.615,9.585,9.605,7496.0
2026-04-13 23:00:00+08:00,NYSE:UMC,9.6,9.615,9.58,9.615,15501.0
2026-04-13 23:15:00+08:00,NYSE:UMC,9.62,9.63,9.61,9.62,29328.0
2026-04-13 23:30:00+08:00,NYSE:UMC,9.615,9.62,9.605,9.61,10372.0
2026-04-13 23:45:00+08:00,NYSE:UMC,9.615,9.625,9.605,9.625,7935.0
2026-04-14 00:00:00+08:00,NYSE:UMC,9.63,9.64,9.61,9.64,16696.0
2026-04-14 00:15:00+08:00,NYSE:UMC,9.64,9.655,9.635,9.65,11676.0
2026-04-14 00:30:00+08:00,NYSE:UMC,9.645,9.68,9.645,9.675,23699.0
2026-04-14 00:45:00+08:00,NYSE:UMC,9.675,9.705,9.67,9.695,21539.0
2026-04-14 01:00:00+08:00,NYSE:UMC,9.695,9.7,9.68,9.685,8495.0
2026-04-14 01:15:00+08:00,NYSE:UMC,9.69,9.7,9.69,9.7,2613.0
2026-04-14 01:30:00+08:00,NYSE:UMC,9.7,9.7,9.69,9.7,3680.0
2026-04-14 01:45:00+08:00,NYSE:UMC,9.7,9.7,9.69,9.69,10246.0
2026-04-14 02:00:00+08:00,NYSE:UMC,9.69,9.69,9.68,9.68,7013.0
2026-04-14 02:15:00+08:00,NYSE:UMC,9.67,9.675,9.65,9.66,3885.0
2026-04-14 02:30:00+08:00,NYSE:UMC,9.655,9.675,9.655,9.67,5535.0
2026-04-14 02:45:00+08:00,NYSE:UMC,9.68,9.69,9.68,9.685,8564.0
2026-04-14 03:00:00+08:00,NYSE:UMC,9.685,9.69,9.675,9.685,17225.0
2026-04-14 03:15:00+08:00,NYSE:UMC,9.69,9.695,9.69,9.69,12229.0
2026-04-14 03:30:00+08:00,NYSE:UMC,9.69,9.7,9.675,9.685,24007.0
2026-04-14 03:45:00+08:00,NYSE:UMC,9.685,9.71,9.68,9.705,148914.0
2026-04-14 21:30:00+08:00,NYSE:UMC,9.65,9.7,9.58,9.61,14886.0
2026-04-14 21:45:00+08:00,NYSE:UMC,9.61,9.61,9.585,9.605,16291.0
2026-04-14 22:00:00+08:00,NYSE:UMC,9.6,9.605,9.585,9.605,6900.0
2026-04-14 22:15:00+08:00,NYSE:UMC,9.61,9.619,9.6,9.605,9204.0
2026-04-14 22:30:00+08:00,NYSE:UMC,9.6,9.6,9.58,9.585,4266.0
2026-04-14 22:45:00+08:00,NYSE:UMC,9.58,9.59,9.57,9.585,3871.0
2026-04-14 23:00:00+08:00,NYSE:UMC,9.585,9.585,9.53,9.53,30295.0
2026-04-14 23:15:00+08:00,NYSE:UMC,9.53,9.54,9.53,9.535,20574.0
2026-04-14 23:30:00+08:00,NYSE:UMC,9.535,9.535,9.525,9.53,14068.0
2026-04-14 23:45:00+08:00,NYSE:UMC,9.53,9.53,9.52,9.525,4562.0
2026-04-15 00:00:00+08:00,NYSE:UMC,9.525,9.53,9.52,9.52,5107.0
2026-04-15 00:15:00+08:00,NYSE:UMC,9.52,9.53,9.52,9.525,4652.0
2026-04-15 00:30:00+08:00,NYSE:UMC,9.53,9.54,9.52,9.54,8713.0
2026-04-15 00:45:00+08:00,NYSE:UMC,9.535,9.54,9.52,9.53,4011.0
2026-04-15 01:00:00+08:00,NYSE:UMC,9.53,9.545,9.52,9.545,3298.0
2026-04-15 01:15:00+08:00,NYSE:UMC,9.545,9.57,9.54,9.57,13177.0
2026-04-15 01:30:00+08:00,NYSE:UMC,9.57,9.575,9.56,9.56,8593.0
2026-04-15 01:45:00+08:00,NYSE:UMC,9.565,9.57,9.555,9.57,8630.0
2026-04-15 02:00:00+08:00,NYSE:UMC,9.57,9.575,9.57,9.57,5130.0
2026-04-15 02:15:00+08:00,NYSE:UMC,9.575,9.58,9.56,9.575,20380.0
2026-04-15 02:30:00+08:00,NYSE:UMC,9.58,9.59,9.58,9.59,4773.0
2026-04-15 02:45:00+08:00,NYSE:UMC,9.59,9.59,9.58,9.58,14639.0
2026-04-15 03:00:00+08:00,NYSE:UMC,9.58,9.6,9.58,9.595,26501.0
2026-04-15 03:15:00+08:00,NYSE:UMC,9.6,9.61,9.6,9.61,13652.0
2026-04-15 03:30:00+08:00,NYSE:UMC,9.6,9.6,9.58,9.59,23055.0
2026-04-15 03:45:00+08:00,NYSE:UMC,9.59,9.6,9.57,9.6,143502.0
2026-04-15 21:30:00+08:00,NYSE:UMC,9.9,9.91,9.81,9.81,22167.0
2026-04-15 21:45:00+08:00,NYSE:UMC,9.805,9.84,9.8,9.84,14668.0
2026-04-15 22:00:00+08:00,NYSE:UMC,9.83,9.83,9.82,9.83,3370.0
2026-04-15 22:15:00+08:00,NYSE:UMC,9.83,9.84,9.81,9.835,3160.0
2026-04-15 22:30:00+08:00,NYSE:UMC,9.84,9.87,9.84,9.865,13516.0
2026-04-15 22:45:00+08:00,NYSE:UMC,9.865,9.87,9.855,9.855,10658.0
2026-04-15 23:00:00+08:00,NYSE:UMC,9.855,9.885,9.85,9.885,19396.0
2026-04-15 23:15:00+08:00,NYSE:UMC,9.885,9.89,9.88,9.88,5732.0
2026-04-15 23:30:00+08:00,NYSE:UMC,9.88,9.88,9.86,9.875,7026.0
2026-04-15 23:45:00+08:00,NYSE:UMC,9.875,9.885,9.87,9.87,7096.0
2026-04-16 00:00:00+08:00,NYSE:UMC,9.88,9.885,9.871,9.875,4772.0
2026-04-16 00:15:00+08:00,NYSE:UMC,9.875,9.895,9.875,9.885,5539.0
2026-04-16 00:30:00+08:00,NYSE:UMC,9.885,9.885,9.83,9.835,10531.0
2026-04-16 00:45:00+08:00,NYSE:UMC,9.83,9.84,9.81,9.83,4570.0
2026-04-16 01:00:00+08:00,NYSE:UMC,9.835,9.855,9.83,9.85,5691.0
2026-04-16 01:15:00+08:00,NYSE:UMC,9.855,9.855,9.845,9.85,5929.0
2026-04-16 01:30:00+08:00,NYSE:UMC,9.85,9.855,9.845,9.845,9349.0
2026-04-16 01:45:00+08:00,NYSE:UMC,9.85,9.855,9.85,9.855,5289.0
2026-04-16 02:00:00+08:00,NYSE:UMC,9.86,9.87,9.86,9.865,4887.0
2026-04-16 02:15:00+08:00,NYSE:UMC,9.87,9.875,9.865,9.875,14861.0
2026-04-16 02:30:00+08:00,NYSE:UMC,9.875,9.89,9.875,9.885,6686.0
2026-04-16 02:45:00+08:00,NYSE:UMC,9.89,9.9,9.89,9.9,4453.0
2026-04-16 03:00:00+08:00,NYSE:UMC,9.905,9.915,9.895,9.91,11695.0
2026-04-16 03:15:00+08:00,NYSE:UMC,9.91,9.91,9.88,9.895,37525.0
2026-04-16 03:30:00+08:00,NYSE:UMC,9.895,9.91,9.89,9.895,36113.0
2026-04-16 03:45:00+08:00,NYSE:UMC,9.895,9.96,9.89,9.955,194820.0
2026-04-16 21:30:00+08:00,NYSE:UMC,10.55,10.615,10.41,10.615,115522.0
2026-04-16 21:45:00+08:00,NYSE:UMC,10.615,10.65,10.515,10.56,62295.0
2026-04-16 22:00:00+08:00,NYSE:UMC,10.55,10.59,10.525,10.58,25269.0
2026-04-16 22:15:00+08:00,NYSE:UMC,10.575,10.575,10.545,10.565,13934.0
2026-04-16 22:30:00+08:00,NYSE:UMC,10.565,10.61,10.56,10.6,40134.0
2026-04-16 22:45:00+08:00,NYSE:UMC,10.6,10.65,10.6,10.645,22042.0
2026-04-16 23:00:00+08:00,NYSE:UMC,10.65,10.735,10.65,10.69,32157.0
2026-04-16 23:15:00+08:00,NYSE:UMC,10.69,10.715,10.69,10.7,23249.0
2026-04-16 23:30:00+08:00,NYSE:UMC,10.705,10.74,10.69,10.72,31994.0
2026-04-16 23:45:00+08:00,NYSE:UMC,10.71,10.72,10.7,10.71,13948.0
2026-04-17 00:00:00+08:00,NYSE:UMC,10.71,10.71,10.68,10.695,9237.0
2026-04-17 00:15:00+08:00,NYSE:UMC,10.695,10.71,10.66,10.66,19662.0
2026-04-17 00:30:00+08:00,NYSE:UMC,10.65,10.65,10.61,10.635,16526.0
2026-04-17 00:45:00+08:00,NYSE:UMC,10.64,10.64,10.62,10.62,10117.0
2026-04-17 01:00:00+08:00,NYSE:UMC,10.62,10.63,10.6,10.6,10312.0
2026-04-17 01:15:00+08:00,NYSE:UMC,10.6,10.63,10.595,10.63,7618.0
2026-04-17 01:30:00+08:00,NYSE:UMC,10.63,10.645,10.61,10.615,15559.0
2026-04-17 01:45:00+08:00,NYSE:UMC,10.615,10.615,10.61,10.61,13139.0
2026-04-17 02:00:00+08:00,NYSE:UMC,10.61,10.625,10.58,10.595,14116.0
2026-04-17 02:15:00+08:00,NYSE:UMC,10.6,10.6,10.58,10.585,9072.0
2026-04-17 02:30:00+08:00,NYSE:UMC,10.585,10.61,10.58,10.605,10307.0
2026-04-17 02:45:00+08:00,NYSE:UMC,10.61,10.62,10.605,10.61,16698.0
2026-04-17 03:00:00+08:00,NYSE:UMC,10.61,10.635,10.61,10.635,14089.0
2026-04-17 03:15:00+08:00,NYSE:UMC,10.635,10.635,10.62,10.62,24067.0
2026-04-17 03:30:00+08:00,NYSE:UMC,10.625,10.63,10.6,10.605,59080.0
2026-04-17 03:45:00+08:00,NYSE:UMC,10.605,10.63,10.6,10.61,206634.0
2026-04-17 21:30:00+08:00,NYSE:UMC,11.82,11.83,11.47,11.49,211639.0
2026-04-17 21:45:00+08:00,NYSE:UMC,11.49,11.54,11.42,11.535,91025.0
2026-04-17 22:00:00+08:00,NYSE:UMC,11.53,11.6,11.5,11.59,59776.0
2026-04-17 22:15:00+08:00,NYSE:UMC,11.585,11.6,11.56,11.565,62930.0
2026-04-17 22:30:00+08:00,NYSE:UMC,11.57,11.6,11.57,11.58,40359.0
2026-04-17 22:45:00+08:00,NYSE:UMC,11.575,11.59,11.53,11.535,40610.0
2026-04-17 23:00:00+08:00,NYSE:UMC,11.53,11.54,11.5,11.53,37761.0
2026-04-17 23:15:00+08:00,NYSE:UMC,11.53,11.585,11.53,11.585,31205.0
2026-04-17 23:30:00+08:00,NYSE:UMC,11.59,11.63,11.585,11.615,37148.0
2026-04-17 23:45:00+08:00,NYSE:UMC,11.62,11.635,11.595,11.595,38685.0
2026-04-18 00:00:00+08:00,NYSE:UMC,11.59,11.645,11.58,11.64,37116.0
2026-04-18 00:15:00+08:00,NYSE:UMC,11.64,11.65,11.615,11.615,35355.0
2026-04-18 00:30:00+08:00,NYSE:UMC,11.62,11.665,11.62,11.625,43852.0
2026-04-18 00:45:00+08:00,NYSE:UMC,11.62,11.68,11.62,11.675,44896.0
2026-04-18 01:00:00+08:00,NYSE:UMC,11.67,11.7,11.655,11.67,53171.0
2026-04-18 01:15:00+08:00,NYSE:UMC,11.67,11.68,11.61,11.64,56282.0
2026-04-18 01:30:00+08:00,NYSE:UMC,11.64,11.68,11.64,11.67,22901.0
2026-04-18 01:45:00+08:00,NYSE:UMC,11.67,11.695,11.67,11.675,19846.0
2026-04-18 02:00:00+08:00,NYSE:UMC,11.68,11.69,11.625,11.625,30890.0
2026-04-18 02:15:00+08:00,NYSE:UMC,11.62,11.64,11.605,11.625,39224.0
2026-04-18 02:30:00+08:00,NYSE:UMC,11.625,11.635,11.615,11.62,26716.0
2026-04-18 02:45:00+08:00,NYSE:UMC,11.62,11.63,11.61,11.625,35861.0
2026-04-18 03:00:00+08:00,NYSE:UMC,11.63,11.64,11.585,11.59,105857.0
2026-04-18 03:15:00+08:00,NYSE:UMC,11.59,11.6,11.56,11.565,73497.0
2026-04-18 03:30:00+08:00,NYSE:UMC,11.57,11.61,11.57,11.61,81360.0
2026-04-18 03:45:00+08:00,NYSE:UMC,11.61,11.66,11.585,11.66,509541.0
2026-04-20 21:30:00+08:00,NYSE:UMC,12.5,12.55,12.21,12.345,215819.0
2026-04-20 21:45:00+08:00,NYSE:UMC,12.34,12.44,12.275,12.425,44879.0
2026-04-20 22:00:00+08:00,NYSE:UMC,12.425,12.475,12.38,12.445,46014.0
2026-04-20 22:15:00+08:00,NYSE:UMC,12.44,12.6,12.43,12.575,92206.0
2026-04-20 22:30:00+08:00,NYSE:UMC,12.575,12.575,12.47,12.47,62191.0
2026-04-20 22:45:00+08:00,NYSE:UMC,12.47,12.525,12.46,12.465,38763.0
2026-04-20 23:00:00+08:00,NYSE:UMC,12.47,12.52,12.45,12.51,68809.0
2026-04-20 23:15:00+08:00,NYSE:UMC,12.505,12.56,12.495,12.56,42496.0
2026-04-20 23:30:00+08:00,NYSE:UMC,12.56,12.66,12.555,12.63,67258.0
2026-04-20 23:45:00+08:00,NYSE:UMC,12.63,12.68,12.63,12.66,31322.0
2026-04-21 00:00:00+08:00,NYSE:UMC,12.66,12.66,12.59,12.605,26503.0
2026-04-21 00:15:00+08:00,NYSE:UMC,12.605,12.62,12.585,12.585,25380.0
2026-04-21 00:30:00+08:00,NYSE:UMC,12.585,12.6,12.565,12.575,12100.0
2026-04-21 00:45:00+08:00,NYSE:UMC,12.58,12.6,12.54,12.545,30013.0
2026-04-21 01:00:00+08:00,NYSE:UMC,12.545,12.56,12.53,12.535,13770.0
2026-04-21 01:15:00+08:00,NYSE:UMC,12.535,12.555,12.535,12.55,11097.0
2026-04-21 01:30:00+08:00,NYSE:UMC,12.55,12.565,12.53,12.555,11067.0
2026-04-21 01:45:00+08:00,NYSE:UMC,12.555,12.56,12.54,12.54,11222.0
2026-04-21 02:00:00+08:00,NYSE:UMC,12.53,12.565,12.53,12.535,15505.0
2026-04-21 02:15:00+08:00,NYSE:UMC,12.535,12.64,12.535,12.615,69890.0
2026-04-21 02:30:00+08:00,NYSE:UMC,12.62,12.68,12.61,12.68,73643.0
2026-04-21 02:45:00+08:00,NYSE:UMC,12.68,12.735,12.68,12.73,37939.0
2026-04-21 03:00:00+08:00,NYSE:UMC,12.725,12.74,12.705,12.71,50995.0
2026-04-21 03:15:00+08:00,NYSE:UMC,12.705,12.705,12.615,12.64,44168.0
2026-04-21 03:30:00+08:00,NYSE:UMC,12.64,12.645,12.59,12.62,82323.0
2026-04-21 03:45:00+08:00,NYSE:UMC,12.615,12.64,12.585,12.625,317903.0
2026-04-21 21:30:00+08:00,NYSE:UMC,12.14,12.38,12.06,12.365,170469.0
2026-04-21 21:45:00+08:00,NYSE:UMC,12.37,12.43,12.34,12.355,39983.0
2026-04-21 22:00:00+08:00,NYSE:UMC,12.355,12.365,12.31,12.325,40244.0
2026-04-21 22:15:00+08:00,NYSE:UMC,12.325,12.34,12.29,12.295,34031.0
2026-04-21 22:30:00+08:00,NYSE:UMC,12.3,12.35,12.295,12.305,21411.0
2026-04-21 22:45:00+08:00,NYSE:UMC,12.3,12.305,12.22,12.22,28311.0
2026-04-21 23:00:00+08:00,NYSE:UMC,12.229,12.275,12.18,12.275,41561.0
2026-04-21 23:15:00+08:00,NYSE:UMC,12.27,12.3,12.245,12.25,14871.0
2026-04-21 23:30:00+08:00,NYSE:UMC,12.26,12.275,12.24,12.275,16012.0
2026-04-21 23:45:00+08:00,NYSE:UMC,12.275,12.285,12.26,12.26,7522.0
2026-04-22 00:00:00+08:00,NYSE:UMC,12.26,12.285,12.26,12.275,6419.0
2026-04-22 00:15:00+08:00,NYSE:UMC,12.275,12.28,12.27,12.27,6974.0
2026-04-22 00:30:00+08:00,NYSE:UMC,12.275,12.29,12.26,12.26,18699.0
2026-04-22 00:45:00+08:00,NYSE:UMC,12.255,12.285,12.25,12.25,16043.0
2026-04-22 01:00:00+08:00,NYSE:UMC,12.25,12.285,12.25,12.255,14999.0
2026-04-22 01:15:00+08:00,NYSE:UMC,12.25,12.26,12.23,12.26,10168.0
2026-04-22 01:30:00+08:00,NYSE:UMC,12.265,12.325,12.265,12.325,26077.0
2026-04-22 01:45:00+08:00,NYSE:UMC,12.32,12.32,12.3,12.31,21357.0
2026-04-22 02:00:00+08:00,NYSE:UMC,12.32,12.335,12.315,12.32,14273.0
2026-04-22 02:15:00+08:00,NYSE:UMC,12.32,12.32,12.275,12.275,8336.0
2026-04-22 02:30:00+08:00,NYSE:UMC,12.28,12.295,12.28,12.285,10391.0
2026-04-22 02:45:00+08:00,NYSE:UMC,12.28,12.325,12.28,12.315,23493.0
2026-04-22 03:00:00+08:00,NYSE:UMC,12.32,12.345,12.32,12.325,39265.0
2026-04-22 03:15:00+08:00,NYSE:UMC,12.33,12.34,12.32,12.335,18972.0
2026-04-22 03:30:00+08:00,NYSE:UMC,12.34,12.35,12.245,12.245,75111.0
2026-04-22 03:45:00+08:00,NYSE:UMC,12.25,12.32,12.235,12.32,238367.0
2026-04-22 21:30:00+08:00,NYSE:UMC,12.65,12.73,12.605,12.65,58961.0
2026-04-22 21:45:00+08:00,NYSE:UMC,12.65,12.7,12.64,12.655,18658.0
2026-04-22 22:00:00+08:00,NYSE:UMC,12.655,12.655,12.585,12.615,17628.0
2026-04-22 22:15:00+08:00,NYSE:UMC,12.62,12.65,12.62,12.64,8231.0
2026-04-22 22:30:00+08:00,NYSE:UMC,12.645,12.645,12.6,12.605,17803.0
2026-04-22 22:45:00+08:00,NYSE:UMC,12.61,12.62,12.6,12.62,2708.0
2026-04-22 23:00:00+08:00,NYSE:UMC,12.62,12.625,12.59,12.615,5460.0
2026-04-22 23:15:00+08:00,NYSE:UMC,12.615,12.635,12.61,12.635,27316.0
2026-04-22 23:30:00+08:00,NYSE:UMC,12.63,12.63,12.595,12.595,2804.0
2026-04-22 23:45:00+08:00,NYSE:UMC,12.6,12.62,12.6,12.605,5166.0
2026-04-23 00:00:00+08:00,NYSE:UMC,12.61,12.625,12.61,12.62,2087.0
2026-04-23 00:15:00+08:00,NYSE:UMC,12.62,12.63,12.62,12.62,3082.0
2026-04-23 00:30:00+08:00,NYSE:UMC,12.61,12.615,12.6,12.605,2229.0
2026-04-23 00:45:00+08:00,NYSE:UMC,12.61,12.625,12.61,12.615,2780.0
2026-04-23 01:00:00+08:00,NYSE:UMC,12.62,12.65,12.62,12.65,1924.0
2026-04-23 01:15:00+08:00,NYSE:UMC,12.645,12.655,12.64,12.655,1240.0
2026-04-23 01:30:00+08:00,NYSE:UMC,12.66,12.67,12.66,12.67,1043.0
2026-04-23 01:45:00+08:00,NYSE:UMC,12.665,12.67,12.65,12.655,3147.0
2026-04-23 02:00:00+08:00,NYSE:UMC,12.65,12.675,12.65,12.665,5673.0
2026-04-23 02:15:00+08:00,NYSE:UMC,12.66,12.66,12.64,12.655,3387.0
2026-04-23 02:30:00+08:00,NYSE:UMC,12.655,12.67,12.645,12.665,23296.0
2026-04-23 02:45:00+08:00,NYSE:UMC,12.67,12.69,12.66,12.685,17933.0
2026-04-23 03:00:00+08:00,NYSE:UMC,12.685,12.72,12.665,12.7,58700.0
2026-04-23 03:15:00+08:00,NYSE:UMC,12.7,12.725,12.7,12.72,15220.0
2026-04-23 03:30:00+08:00,NYSE:UMC,12.72,12.74,12.7,12.73,83824.0
2026-04-23 03:45:00+08:00,NYSE:UMC,12.73,12.73,12.7,12.72,298020.0
2026-04-23 21:30:00+08:00,NYSE:UMC,11.91,12.08,11.9,12.08,131280.0
2026-04-23 21:45:00+08:00,NYSE:UMC,12.085,12.085,11.99,11.99,27578.0
2026-04-23 22:00:00+08:00,NYSE:UMC,12.005,12.04,11.96,11.99,29815.0
2026-04-23 22:15:00+08:00,NYSE:UMC,12.0,12.035,12.0,12.005,20912.0
2026-04-23 22:30:00+08:00,NYSE:UMC,12.01,12.045,11.985,12.025,23797.0
2026-04-23 22:45:00+08:00,NYSE:UMC,12.03,12.05,12.025,12.05,16064.0
2026-04-23 23:00:00+08:00,NYSE:UMC,12.05,12.085,12.05,12.085,16915.0
2026-04-23 23:15:00+08:00,NYSE:UMC,12.08,12.095,12.055,12.085,32318.0
2026-04-23 23:30:00+08:00,NYSE:UMC,12.08,12.09,12.055,12.07,31782.0
2026-04-23 23:45:00+08:00,NYSE:UMC,12.06,12.065,12.03,12.055,13486.0
2026-04-24 00:00:00+08:00,NYSE:UMC,12.05,12.05,12.02,12.04,23104.0
2026-04-24 00:15:00+08:00,NYSE:UMC,12.05,12.05,12.02,12.04,10997.0
2026-04-24 00:30:00+08:00,NYSE:UMC,12.04,12.05,12.03,12.045,10450.0
2026-04-24 00:45:00+08:00,NYSE:UMC,12.05,12.06,12.03,12.035,21710.0
2026-04-24 01:00:00+08:00,NYSE:UMC,12.04,12.045,11.96,11.965,38029.0
2026-04-24 01:15:00+08:00,NYSE:UMC,11.965,11.965,11.925,11.94,28233.0
2026-04-24 01:30:00+08:00,NYSE:UMC,11.94,11.98,11.86,11.865,30008.0
2026-04-24 01:45:00+08:00,NYSE:UMC,11.86,11.975,11.82,11.955,42038.0
2026-04-24 02:00:00+08:00,NYSE:UMC,11.95,11.97,11.94,11.965,9671.0
2026-04-24 02:15:00+08:00,NYSE:UMC,11.965,11.965,11.945,11.965,11104.0
2026-04-24 02:30:00+08:00,NYSE:UMC,11.97,11.985,11.95,11.96,7803.0
2026-04-24 02:45:00+08:00,NYSE:UMC,11.96,11.965,11.92,11.92,20391.0
2026-04-24 03:00:00+08:00,NYSE:UMC,11.93,11.935,11.91,11.925,17353.0
2026-04-24 03:15:00+08:00,NYSE:UMC,11.925,11.935,11.92,11.93,21170.0
2026-04-24 03:30:00+08:00,NYSE:UMC,11.925,11.935,11.89,11.925,37619.0
2026-04-24 03:45:00+08:00,NYSE:UMC,11.925,12.01,11.925,11.99,246301.0
2026-04-24 21:30:00+08:00,NYSE:UMC,12.2,12.31,12.14,12.23,109154.0
2026-04-24 21:45:00+08:00,NYSE:UMC,12.23,12.26,12.125,12.2,35900.0
2026-04-24 22:00:00+08:00,NYSE:UMC,12.19,12.235,12.18,12.205,14706.0
2026-04-24 22:15:00+08:00,NYSE:UMC,12.2,12.21,12.16,12.17,12282.0
2026-04-24 22:30:00+08:00,NYSE:UMC,12.17,12.18,12.14,12.17,11756.0
2026-04-24 22:45:00+08:00,NYSE:UMC,12.17,12.19,12.155,12.19,11773.0
2026-04-24 23:00:00+08:00,NYSE:UMC,12.19,12.19,12.16,12.185,12668.0
2026-04-24 23:15:00+08:00,NYSE:UMC,12.18,12.185,12.145,12.16,13597.0
2026-04-24 23:30:00+08:00,NYSE:UMC,12.16,12.2,12.15,12.2,10221.0
2026-04-24 23:45:00+08:00,NYSE:UMC,12.21,12.24,12.205,12.215,16954.0
2026-04-25 00:00:00+08:00,NYSE:UMC,12.215,12.26,12.21,12.23,20717.0
2026-04-25 00:15:00+08:00,NYSE:UMC,12.23,12.25,12.22,12.245,8567.0
2026-04-25 00:30:00+08:00,NYSE:UMC,12.25,12.26,12.22,12.23,7295.0
2026-04-25 00:45:00+08:00,NYSE:UMC,12.24,12.25,12.23,12.245,15257.0
2026-04-25 01:00:00+08:00,NYSE:UMC,12.245,12.26,12.225,12.25,13030.0
2026-04-25 01:15:00+08:00,NYSE:UMC,12.255,12.255,12.23,12.25,8594.0
2026-04-25 01:30:00+08:00,NYSE:UMC,12.25,12.25,12.235,12.245,6815.0
2026-04-25 01:45:00+08:00,NYSE:UMC,12.245,12.25,12.225,12.245,14214.0
2026-04-25 02:00:00+08:00,NYSE:UMC,12.245,12.245,12.215,12.215,11082.0
2026-04-25 02:15:00+08:00,NYSE:UMC,12.22,12.22,12.21,12.21,7182.0
2026-04-25 02:30:00+08:00,NYSE:UMC,12.215,12.26,12.215,12.245,17571.0
2026-04-25 02:45:00+08:00,NYSE:UMC,12.245,12.25,12.235,12.245,6465.0
2026-04-25 03:00:00+08:00,NYSE:UMC,12.25,12.285,12.235,12.275,18607.0
2026-04-25 03:15:00+08:00,NYSE:UMC,12.275,12.275,12.24,12.24,22199.0
2026-04-25 03:30:00+08:00,NYSE:UMC,12.24,12.24,12.205,12.215,53433.0
2026-04-25 03:45:00+08:00,NYSE:UMC,12.215,12.28,12.195,12.275,200892.0
2026-04-27 21:30:00+08:00,NYSE:UMC,11.605,11.79,11.58,11.61,163832.0
2026-04-27 21:45:00+08:00,NYSE:UMC,11.61,11.61,11.46,11.57,92508.0
2026-04-27 22:00:00+08:00,NYSE:UMC,11.565,11.58,11.49,11.55,48574.0
2026-04-27 22:15:00+08:00,NYSE:UMC,11.55,11.55,11.5,11.5,27266.0
2026-04-27 22:30:00+08:00,NYSE:UMC,11.5,11.56,11.48,11.56,28925.0
2026-04-27 22:45:00+08:00,NYSE:UMC,11.555,11.565,11.5,11.525,35826.0
2026-04-27 23:00:00+08:00,NYSE:UMC,11.525,11.55,11.49,11.53,34851.0
2026-04-27 23:15:00+08:00,NYSE:UMC,11.53,11.55,11.505,11.545,36269.0
2026-04-27 23:30:00+08:00,NYSE:UMC,11.545,11.55,11.535,11.55,13080.0
2026-04-27 23:45:00+08:00,NYSE:UMC,11.54,11.575,11.525,11.535,25081.0
2026-04-28 00:00:00+08:00,NYSE:UMC,11.54,11.56,11.53,11.56,19068.0
2026-04-28 00:15:00+08:00,NYSE:UMC,11.56,11.585,11.56,11.575,16603.0
2026-04-28 00:30:00+08:00,NYSE:UMC,11.575,11.63,11.575,11.62,11805.0
2026-04-28 00:45:00+08:00,NYSE:UMC,11.625,11.63,11.6,11.61,15867.0
2026-04-28 01:00:00+08:00,NYSE:UMC,11.61,11.62,11.605,11.62,11931.0
2026-04-28 01:15:00+08:00,NYSE:UMC,11.625,11.625,11.6,11.61,10680.0
2026-04-28 01:30:00+08:00,NYSE:UMC,11.615,11.63,11.615,11.63,6035.0
2026-04-28 01:45:00+08:00,NYSE:UMC,11.62,11.625,11.595,11.6,21510.0
2026-04-28 02:00:00+08:00,NYSE:UMC,11.6,11.62,11.6,11.61,12139.0
2026-04-28 02:15:00+08:00,NYSE:UMC,11.61,11.63,11.605,11.615,12199.0
2026-04-28 02:30:00+08:00,NYSE:UMC,11.615,11.64,11.61,11.61,17215.0
2026-04-28 02:45:00+08:00,NYSE:UMC,11.615,11.65,11.615,11.64,22234.0
2026-04-28 03:00:00+08:00,NYSE:UMC,11.635,11.66,11.635,11.66,25079.0
2026-04-28 03:15:00+08:00,NYSE:UMC,11.67,11.685,11.665,11.665,49222.0
2026-04-28 03:30:00+08:00,NYSE:UMC,11.665,11.68,11.645,11.675,82595.0
2026-04-28 03:45:00+08:00,NYSE:UMC,11.68,11.7,11.655,11.695,178552.0
2026-04-28 21:30:00+08:00,NYSE:UMC,11.75,11.88,11.6,11.82,75834.0
2026-04-28 21:45:00+08:00,NYSE:UMC,11.81,11.88,11.735,11.77,45820.0
2026-04-28 22:00:00+08:00,NYSE:UMC,11.76,11.805,11.73,11.77,17815.0
2026-04-28 22:15:00+08:00,NYSE:UMC,11.76,11.775,11.71,11.72,15068.0
2026-04-28 22:30:00+08:00,NYSE:UMC,11.71,11.72,11.62,11.65,24569.0
2026-04-28 22:45:00+08:00,NYSE:UMC,11.65,11.65,11.575,11.65,32889.0
2026-04-28 23:00:00+08:00,NYSE:UMC,11.67,11.67,11.61,11.635,35751.0
2026-04-28 23:15:00+08:00,NYSE:UMC,11.63,11.64,11.59,11.615,33758.0
2026-04-28 23:30:00+08:00,NYSE:UMC,11.62,11.63,11.595,11.625,12417.0
2026-04-28 23:45:00+08:00,NYSE:UMC,11.625,11.63,11.6,11.62,26166.0
2026-04-29 00:00:00+08:00,NYSE:UMC,11.625,11.625,11.6,11.615,20141.0
2026-04-29 00:15:00+08:00,NYSE:UMC,11.62,11.63,11.61,11.62,15394.0
2026-04-29 00:30:00+08:00,NYSE:UMC,11.62,11.625,11.605,11.61,9787.0
2026-04-29 00:45:00+08:00,NYSE:UMC,11.61,11.645,11.61,11.64,16346.0
2026-04-29 01:00:00+08:00,NYSE:UMC,11.64,11.64,11.61,11.63,15023.0
2026-04-29 01:15:00+08:00,NYSE:UMC,11.63,11.635,11.625,11.635,11830.0
2026-04-29 01:30:00+08:00,NYSE:UMC,11.64,11.69,11.64,11.69,7960.0
2026-04-29 01:45:00+08:00,NYSE:UMC,11.68,11.69,11.675,11.69,23980.0
2026-04-29 02:00:00+08:00,NYSE:UMC,11.68,11.7,11.68,11.7,11529.0
2026-04-29 02:15:00+08:00,NYSE:UMC,11.695,11.73,11.695,11.725,11301.0
2026-04-29 02:30:00+08:00,NYSE:UMC,11.73,11.735,11.71,11.73,7250.0
2026-04-29 02:45:00+08:00,NYSE:UMC,11.735,11.74,11.73,11.74,6749.0
2026-04-29 03:00:00+08:00,NYSE:UMC,11.74,11.755,11.715,11.72,31314.0
2026-04-29 03:15:00+08:00,NYSE:UMC,11.72,11.735,11.7,11.73,27149.0
2026-04-29 03:30:00+08:00,NYSE:UMC,11.73,11.74,11.725,11.725,28586.0
2026-04-29 03:45:00+08:00,NYSE:UMC,11.73,11.74,11.65,11.66,250233.0
2026-04-29 21:30:00+08:00,NYSE:UMC,12.435,12.68,12.11,12.65,247376.0
2026-04-29 21:45:00+08:00,NYSE:UMC,12.65,12.79,12.585,12.77,90270.0
2026-04-29 22:00:00+08:00,NYSE:UMC,12.78,12.895,12.735,12.735,109505.0
2026-04-29 22:15:00+08:00,NYSE:UMC,12.73,12.94,12.7,12.92,91231.0
2026-04-29 22:30:00+08:00,NYSE:UMC,12.915,13.195,12.915,13.17,204225.0
2026-04-29 22:45:00+08:00,NYSE:UMC,13.17,13.39,13.11,13.11,231221.0
2026-04-29 23:00:00+08:00,NYSE:UMC,13.1,13.15,12.9,12.94,141671.0
2026-04-29 23:15:00+08:00,NYSE:UMC,12.93,12.93,12.755,12.775,101253.0
2026-04-29 23:30:00+08:00,NYSE:UMC,12.775,12.78,12.665,12.735,241984.0
2026-04-29 23:45:00+08:00,NYSE:UMC,12.735,12.765,12.595,12.615,77809.0
2026-04-30 00:00:00+08:00,NYSE:UMC,12.61,12.645,12.555,12.565,50709.0
2026-04-30 00:15:00+08:00,NYSE:UMC,12.56,12.585,12.5,12.52,37484.0
2026-04-30 00:30:00+08:00,NYSE:UMC,12.51,12.525,12.445,12.465,22362.0
2026-04-30 00:45:00+08:00,NYSE:UMC,12.465,12.515,12.45,12.515,48368.0
2026-04-30 01:00:00+08:00,NYSE:UMC,12.52,12.53,12.48,12.53,22925.0
2026-04-30 01:15:00+08:00,NYSE:UMC,12.52,12.555,12.52,12.555,12264.0
2026-04-30 01:30:00+08:00,NYSE:UMC,12.555,12.565,12.525,12.535,22334.0
2026-04-30 01:45:00+08:00,NYSE:UMC,12.54,12.57,12.54,12.545,13157.0
2026-04-30 02:00:00+08:00,NYSE:UMC,12.54,12.56,12.515,12.52,21216.0
2026-04-30 02:15:00+08:00,NYSE:UMC,12.52,12.585,12.52,12.585,25936.0
2026-04-30 02:30:00+08:00,NYSE:UMC,12.585,12.59,12.56,12.56,16193.0
2026-04-30 02:45:00+08:00,NYSE:UMC,12.55,12.615,12.55,12.57,29788.0
2026-04-30 03:00:00+08:00,NYSE:UMC,12.56,12.685,12.535,12.68,50596.0
2026-04-30 03:15:00+08:00,NYSE:UMC,12.68,12.78,12.68,12.755,58275.0
2026-04-30 03:30:00+08:00,NYSE:UMC,12.75,12.775,12.68,12.705,57468.0
2026-04-30 03:45:00+08:00,NYSE:UMC,12.71,12.77,12.66,12.73,241614.0
2026-04-30 21:30:00+08:00,NYSE:UMC,12.45,12.765,12.45,12.65,136062.0
2026-04-30 21:45:00+08:00,NYSE:UMC,12.64,12.68,12.605,12.64,61331.0
2026-04-30 22:00:00+08:00,NYSE:UMC,12.63,12.665,12.595,12.645,61646.0
2026-04-30 22:15:00+08:00,NYSE:UMC,12.64,12.77,12.54,12.77,59046.0
2026-04-30 22:30:00+08:00,NYSE:UMC,12.77,12.83,12.77,12.785,29807.0
2026-04-30 22:45:00+08:00,NYSE:UMC,12.78,12.79,12.745,12.765,26007.0
2026-04-30 23:00:00+08:00,NYSE:UMC,12.765,12.815,12.765,12.8,38237.0
2026-04-30 23:15:00+08:00,NYSE:UMC,12.805,12.845,12.795,12.84,31470.0
2026-04-30 23:30:00+08:00,NYSE:UMC,12.84,12.865,12.825,12.845,20880.0
2026-04-30 23:45:00+08:00,NYSE:UMC,12.84,12.855,12.83,12.85,16960.0
2026-05-01 00:00:00+08:00,NYSE:UMC,12.86,12.945,12.86,12.93,42302.0
2026-05-01 00:15:00+08:00,NYSE:UMC,12.925,12.935,12.915,12.93,14951.0
2026-05-01 00:30:00+08:00,NYSE:UMC,12.935,12.94,12.92,12.92,13328.0
2026-05-01 00:45:00+08:00,NYSE:UMC,12.92,12.92,12.885,12.9,12121.0
2026-05-01 01:00:00+08:00,NYSE:UMC,12.905,12.915,12.905,12.915,6819.0
2026-05-01 01:15:00+08:00,NYSE:UMC,12.915,12.915,12.89,12.9,6536.0
2026-05-01 01:30:00+08:00,NYSE:UMC,12.9,12.955,12.9,12.945,32681.0
2026-05-01 01:45:00+08:00,NYSE:UMC,12.945,12.955,12.935,12.95,11435.0
2026-05-01 02:00:00+08:00,NYSE:UMC,12.945,12.96,12.945,12.95,13745.0
2026-05-01 02:15:00+08:00,NYSE:UMC,12.96,13.025,12.955,13.01,41033.0
2026-05-01 02:30:00+08:00,NYSE:UMC,13.01,13.02,13.005,13.01,10289.0
2026-05-01 02:45:00+08:00,NYSE:UMC,13.01,13.02,12.939,12.939,26240.0
2026-05-01 03:00:00+08:00,NYSE:UMC,12.935,13.01,12.935,13.01,24427.0
2026-05-01 03:15:00+08:00,NYSE:UMC,13.005,13.015,12.985,12.995,10414.0
2026-05-01 03:30:00+08:00,NYSE:UMC,13.0,13.035,12.995,13.02,46218.0
2026-05-01 03:45:00+08:00,NYSE:UMC,13.015,13.13,13.015,13.05,275178.0
2026-05-01 21:30:00+08:00,NYSE:UMC,13.01,13.165,12.98,13.14,37801.0
2026-05-01 21:45:00+08:00,NYSE:UMC,13.14,13.19,13.095,13.12,18577.0
2026-05-01 22:00:00+08:00,NYSE:UMC,13.135,13.135,13.085,13.1,25801.0
2026-05-01 22:15:00+08:00,NYSE:UMC,13.09,13.115,13.075,13.075,32231.0
2026-05-01 22:30:00+08:00,NYSE:UMC,13.07,13.08,13.005,13.015,13085.0
2026-05-01 22:45:00+08:00,NYSE:UMC,13.015,13.06,13.0,13.06,13969.0
2026-05-01 23:00:00+08:00,NYSE:UMC,13.05,13.06,13.015,13.02,11143.0
2026-05-01 23:15:00+08:00,NYSE:UMC,13.02,13.035,12.995,13.005,40182.0
2026-05-01 23:30:00+08:00,NYSE:UMC,13.01,13.03,13.01,13.025,7604.0
2026-05-01 23:45:00+08:00,NYSE:UMC,13.03,13.03,12.97,12.99,22591.0
2026-05-02 00:00:00+08:00,NYSE:UMC,12.985,13.015,12.97,13.0,16379.0
2026-05-02 00:15:00+08:00,NYSE:UMC,13.01,13.02,12.99,12.99,8898.0
2026-05-02 00:30:00+08:00,NYSE:UMC,12.99,13.005,12.99,13.0,6303.0
2026-05-02 00:45:00+08:00,NYSE:UMC,13.0,13.0,12.985,12.985,3726.0
2026-05-02 01:00:00+08:00,NYSE:UMC,12.985,12.99,12.96,12.975,7796.0
2026-05-02 01:15:00+08:00,NYSE:UMC,12.975,12.99,12.97,12.985,11535.0
2026-05-02 01:30:00+08:00,NYSE:UMC,12.99,13.0,12.97,12.98,10087.0
2026-05-02 01:45:00+08:00,NYSE:UMC,12.98,13.0,12.98,12.995,6378.0
2026-05-02 02:00:00+08:00,NYSE:UMC,12.995,12.995,12.99,12.995,5255.0
2026-05-02 02:15:00+08:00,NYSE:UMC,12.995,13.01,12.98,13.01,15738.0
2026-05-02 02:30:00+08:00,NYSE:UMC,13.005,13.01,12.985,12.99,8070.0
2026-05-02 02:45:00+08:00,NYSE:UMC,12.995,13.025,12.98,13.025,14846.0
2026-05-02 03:00:00+08:00,NYSE:UMC,13.025,13.025,13.005,13.005,12659.0
2026-05-02 03:15:00+08:00,NYSE:UMC,13.01,13.035,13.0,13.02,17548.0
2026-05-02 03:30:00+08:00,NYSE:UMC,13.02,13.04,13.005,13.035,42970.0
2026-05-02 03:45:00+08:00,NYSE:UMC,13.04,13.055,13.01,13.045,152121.0
2026-05-04 21:30:00+08:00,NYSE:UMC,13.29,13.35,13.1,13.1,105293.0
2026-05-04 21:45:00+08:00,NYSE:UMC,13.09,13.13,13.065,13.075,31607.0
2026-05-04 22:00:00+08:00,NYSE:UMC,13.085,13.155,13.08,13.13,13968.0
2026-05-04 22:15:00+08:00,NYSE:UMC,13.13,13.18,13.12,13.17,9339.0
2026-05-04 22:30:00+08:00,NYSE:UMC,13.16,13.2,13.16,13.175,11761.0
2026-05-04 22:45:00+08:00,NYSE:UMC,13.18,13.205,13.15,13.16,38801.0
2026-05-04 23:00:00+08:00,NYSE:UMC,13.15,13.16,13.1,13.1,37523.0
2026-05-04 23:15:00+08:00,NYSE:UMC,13.1,13.105,13.01,13.04,22324.0
2026-05-04 23:30:00+08:00,NYSE:UMC,13.035,13.035,12.98,13.01,14163.0
2026-05-04 23:45:00+08:00,NYSE:UMC,13.01,13.015,12.98,12.99,9542.0
2026-05-05 00:00:00+08:00,NYSE:UMC,12.985,12.99,12.91,12.915,19754.0
2026-05-05 00:15:00+08:00,NYSE:UMC,12.915,12.945,12.905,12.94,26113.0
2026-05-05 00:30:00+08:00,NYSE:UMC,12.93,12.95,12.885,12.91,15602.0
2026-05-05 00:45:00+08:00,NYSE:UMC,12.915,12.945,12.905,12.945,8491.0
2026-05-05 01:00:00+08:00,NYSE:UMC,12.945,12.97,12.935,12.97,7244.0
2026-05-05 01:15:00+08:00,NYSE:UMC,12.965,13.01,12.965,13.005,10352.0
2026-05-05 01:30:00+08:00,NYSE:UMC,13.005,13.01,12.97,12.985,15514.0
2026-05-05 01:45:00+08:00,NYSE:UMC,12.985,12.985,12.97,12.975,5991.0
2026-05-05 02:00:00+08:00,NYSE:UMC,12.975,12.98,12.965,12.97,13692.0
2026-05-05 02:15:00+08:00,NYSE:UMC,12.965,12.98,12.955,12.98,8275.0
2026-05-05 02:30:00+08:00,NYSE:UMC,12.985,12.99,12.97,12.985,6500.0
2026-05-05 02:45:00+08:00,NYSE:UMC,12.99,12.995,12.98,12.995,12890.0
2026-05-05 03:00:00+08:00,NYSE:UMC,12.995,13.0,12.97,12.975,10721.0
2026-05-05 03:15:00+08:00,NYSE:UMC,12.975,12.975,12.96,12.97,11237.0
2026-05-05 03:30:00+08:00,NYSE:UMC,12.97,12.995,12.97,12.995,17087.0
2026-05-05 03:45:00+08:00,NYSE:UMC,12.995,13.02,12.965,12.975,156208.0
2026-05-05 21:30:00+08:00,NYSE:UMC,13.49,13.69,13.42,13.63,149162.0
2026-05-05 21:45:00+08:00,NYSE:UMC,13.63,13.76,13.615,13.735,100763.0
2026-05-05 22:00:00+08:00,NYSE:UMC,13.735,13.745,13.625,13.645,37959.0
2026-05-05 22:15:00+08:00,NYSE:UMC,13.64,13.68,13.58,13.67,27664.0
2026-05-05 22:30:00+08:00,NYSE:UMC,13.67,13.745,13.635,13.715,40912.0
2026-05-05 22:45:00+08:00,NYSE:UMC,13.715,13.75,13.7,13.72,20796.0
2026-05-05 23:00:00+08:00,NYSE:UMC,13.72,13.79,13.72,13.79,25650.0
2026-05-05 23:15:00+08:00,NYSE:UMC,13.79,13.805,13.765,13.765,25899.0
2026-05-05 23:30:00+08:00,NYSE:UMC,13.765,13.78,13.74,13.78,11829.0
2026-05-05 23:45:00+08:00,NYSE:UMC,13.78,13.84,13.775,13.82,20623.0
2026-05-06 00:00:00+08:00,NYSE:UMC,13.82,13.855,13.81,13.855,12956.0
2026-05-06 00:15:00+08:00,NYSE:UMC,13.86,13.935,13.855,13.905,54445.0
2026-05-06 00:30:00+08:00,NYSE:UMC,13.905,13.905,13.83,13.845,29198.0
2026-05-06 00:45:00+08:00,NYSE:UMC,13.85,13.875,13.845,13.86,16366.0
2026-05-06 01:00:00+08:00,NYSE:UMC,13.855,13.93,13.855,13.9,15672.0
2026-05-06 01:15:00+08:00,NYSE:UMC,13.905,14.035,13.905,14.035,88562.0
2026-05-06 01:30:00+08:00,NYSE:UMC,14.03,14.055,13.99,14.03,42490.0
2026-05-06 01:45:00+08:00,NYSE:UMC,14.03,14.065,14.02,14.04,39617.0
2026-05-06 02:00:00+08:00,NYSE:UMC,14.035,14.135,14.035,14.115,41853.0
2026-05-06 02:15:00+08:00,NYSE:UMC,14.11,14.125,14.09,14.11,20040.0
2026-05-06 02:30:00+08:00,NYSE:UMC,14.11,14.215,14.1,14.16,167200.0
2026-05-06 02:45:00+08:00,NYSE:UMC,14.17,14.21,14.14,14.16,119064.0
2026-05-06 03:00:00+08:00,NYSE:UMC,14.16,14.17,14.025,14.025,83238.0
2026-05-06 03:15:00+08:00,NYSE:UMC,14.03,14.04,13.975,14.0,52303.0
2026-05-06 03:30:00+08:00,NYSE:UMC,13.995,14.0,13.96,13.975,76400.0
2026-05-06 03:45:00+08:00,NYSE:UMC,13.98,14.03,13.945,13.995,251281.0
2026-05-06 21:30:00+08:00,NYSE:UMC,15.22,15.41,14.85,15.14,416987.0
2026-05-06 21:45:00+08:00,NYSE:UMC,15.16,15.225,15.1,15.125,165944.0
2026-05-06 22:00:00+08:00,NYSE:UMC,15.125,15.13,14.805,14.83,115648.0
2026-05-06 22:15:00+08:00,NYSE:UMC,14.83,14.85,14.705,14.74,116783.0
2026-05-06 22:30:00+08:00,NYSE:UMC,14.745,14.995,14.74,14.925,84216.0
2026-05-06 22:45:00+08:00,NYSE:UMC,14.92,14.99,14.92,14.92,53052.0
2026-05-06 23:00:00+08:00,NYSE:UMC,14.92,14.99,14.88,14.975,48610.0
2026-05-06 23:15:00+08:00,NYSE:UMC,14.97,15.15,14.97,15.125,60758.0
2026-05-06 23:30:00+08:00,NYSE:UMC,15.13,15.14,15.035,15.07,53935.0
2026-05-06 23:45:00+08:00,NYSE:UMC,15.07,15.1,14.95,14.955,29590.0
2026-05-07 00:00:00+08:00,NYSE:UMC,14.96,15.04,14.96,15.02,45165.0
2026-05-07 00:15:00+08:00,NYSE:UMC,15.01,15.05,14.91,15.03,27439.0
2026-05-07 00:30:00+08:00,NYSE:UMC,15.04,15.06,14.91,15.045,41190.0
2026-05-07 00:45:00+08:00,NYSE:UMC,15.045,15.1,15.015,15.1,37592.0
2026-05-07 01:00:00+08:00,NYSE:UMC,15.11,15.17,15.11,15.135,32363.0
2026-05-07 01:15:00+08:00,NYSE:UMC,15.13,15.13,15.08,15.105,31648.0
2026-05-07 01:30:00+08:00,NYSE:UMC,15.1,15.15,15.1,15.145,41806.0
2026-05-07 01:45:00+08:00,NYSE:UMC,15.145,15.15,15.1,15.14,16844.0
2026-05-07 02:00:00+08:00,NYSE:UMC,15.14,15.2,15.125,15.175,38403.0
2026-05-07 02:15:00+08:00,NYSE:UMC,15.18,15.19,15.17,15.19,10052.0
2026-05-07 02:30:00+08:00,NYSE:UMC,15.19,15.215,15.16,15.17,19581.0
2026-05-07 02:45:00+08:00,NYSE:UMC,15.175,15.185,15.16,15.17,13263.0
2026-05-07 03:00:00+08:00,NYSE:UMC,15.18,15.23,15.17,15.225,35058.0
2026-05-07 03:15:00+08:00,NYSE:UMC,15.225,15.25,15.22,15.23,25300.0
2026-05-07 03:30:00+08:00,NYSE:UMC,15.23,15.28,15.205,15.205,86399.0
2026-05-07 03:45:00+08:00,NYSE:UMC,15.205,15.275,15.185,15.21,302283.0
2026-05-07 21:30:00+08:00,NYSE:UMC,15.23,15.39,15.13,15.22,76114.0
2026-05-07 21:45:00+08:00,NYSE:UMC,15.21,15.25,15.1,15.235,40278.0
2026-05-07 22:00:00+08:00,NYSE:UMC,15.23,15.32,15.21,15.27,51051.0
2026-05-07 22:15:00+08:00,NYSE:UMC,15.28,15.38,15.24,15.35,34088.0
2026-05-07 22:30:00+08:00,NYSE:UMC,15.345,15.39,15.32,15.34,17438.0
2026-05-07 22:45:00+08:00,NYSE:UMC,15.34,15.36,15.305,15.345,26879.0
2026-05-07 23:00:00+08:00,NYSE:UMC,15.35,15.37,15.32,15.36,20175.0
2026-05-07 23:15:00+08:00,NYSE:UMC,15.36,15.43,15.315,15.415,32175.0
2026-05-07 23:30:00+08:00,NYSE:UMC,15.42,15.445,15.395,15.435,23440.0
2026-05-07 23:45:00+08:00,NYSE:UMC,15.44,15.445,15.285,15.29,29905.0
2026-05-08 00:00:00+08:00,NYSE:UMC,15.28,15.34,15.21,15.22,21634.0
2026-05-08 00:15:00+08:00,NYSE:UMC,15.22,15.22,15.09,15.17,39325.0
2026-05-08 00:30:00+08:00,NYSE:UMC,15.17,15.2,15.13,15.13,11400.0
2026-05-08 00:45:00+08:00,NYSE:UMC,15.14,15.165,15.1,15.165,14615.0
2026-05-08 01:00:00+08:00,NYSE:UMC,15.17,15.19,15.09,15.105,23441.0
2026-05-08 01:15:00+08:00,NYSE:UMC,15.1,15.14,15.02,15.085,32793.0
2026-05-08 01:30:00+08:00,NYSE:UMC,15.09,15.21,15.09,15.185,21232.0
2026-05-08 01:45:00+08:00,NYSE:UMC,15.185,15.24,15.17,15.24,17928.0
2026-05-08 02:00:00+08:00,NYSE:UMC,15.245,15.255,15.18,15.195,21175.0
2026-05-08 02:15:00+08:00,NYSE:UMC,15.195,15.22,15.09,15.11,34474.0
2026-05-08 02:30:00+08:00,NYSE:UMC,15.115,15.155,15.115,15.12,23834.0
2026-05-08 02:45:00+08:00,NYSE:UMC,15.12,15.16,15.1,15.15,24243.0
2026-05-08 03:00:00+08:00,NYSE:UMC,15.15,15.15,15.09,15.135,20761.0
2026-05-08 03:15:00+08:00,NYSE:UMC,15.14,15.145,15.085,15.11,36761.0
2026-05-08 03:30:00+08:00,NYSE:UMC,15.12,15.24,15.12,15.24,46607.0
2026-05-08 03:45:00+08:00,NYSE:UMC,15.24,15.285,15.16,15.16,138913.0
2026-05-08 21:30:00+08:00,NYSE:UMC,14.62,15.0,14.46,14.97,110267.0
2026-05-08 21:45:00+08:00,NYSE:UMC,14.99,15.12,14.98,15.045,70957.0
2026-05-08 22:00:00+08:00,NYSE:UMC,15.05,15.07,14.99,15.01,45387.0
2026-05-08 22:15:00+08:00,NYSE:UMC,15.0,15.075,15.0,15.03,31717.0
2026-05-08 22:30:00+08:00,NYSE:UMC,15.03,15.12,15.02,15.07,35533.0
2026-05-08 22:45:00+08:00,NYSE:UMC,15.07,15.16,15.07,15.14,26277.0
2026-05-08 23:00:00+08:00,NYSE:UMC,15.135,15.16,15.1,15.115,14354.0
2026-05-08 23:15:00+08:00,NYSE:UMC,15.11,15.155,15.11,15.155,10592.0
2026-05-08 23:30:00+08:00,NYSE:UMC,15.155,15.155,15.08,15.085,18987.0
2026-05-08 23:45:00+08:00,NYSE:UMC,15.085,15.135,15.085,15.12,11884.0
2026-05-09 00:00:00+08:00,NYSE:UMC,15.12,15.16,15.115,15.13,6860.0
2026-05-09 00:15:00+08:00,NYSE:UMC,15.125,15.155,15.12,15.155,8901.0
2026-05-09 00:30:00+08:00,NYSE:UMC,15.155,15.155,15.1,15.14,21560.0
2026-05-09 00:45:00+08:00,NYSE:UMC,15.14,15.15,15.13,15.145,13111.0
2026-05-09 01:00:00+08:00,NYSE:UMC,15.15,15.27,15.15,15.26,17149.0
2026-05-09 01:15:00+08:00,NYSE:UMC,15.26,15.285,15.22,15.285,11554.0
2026-05-09 01:30:00+08:00,NYSE:UMC,15.29,15.35,15.275,15.34,76885.0
2026-05-09 01:45:00+08:00,NYSE:UMC,15.34,15.345,15.29,15.29,6380.0
2026-05-09 02:00:00+08:00,NYSE:UMC,15.29,15.33,15.28,15.33,10005.0
2026-05-09 02:15:00+08:00,NYSE:UMC,15.335,15.335,15.3,15.33,11490.0
2026-05-09 02:30:00+08:00,NYSE:UMC,15.32,15.33,15.285,15.31,17824.0
2026-05-09 02:45:00+08:00,NYSE:UMC,15.295,15.3,15.24,15.24,17415.0
2026-05-09 03:00:00+08:00,NYSE:UMC,15.24,15.385,15.235,15.37,30960.0
2026-05-09 03:15:00+08:00,NYSE:UMC,15.375,15.43,15.375,15.39,104569.0
2026-05-09 03:30:00+08:00,NYSE:UMC,15.39,15.45,15.365,15.365,88741.0
2026-05-09 03:45:00+08:00,NYSE:UMC,15.365,15.44,15.35,15.405,168189.0
2026-05-11 21:30:00+08:00,NYSE:UMC,15.61,15.9,15.58,15.745,100263.0
2026-05-11 21:45:00+08:00,NYSE:UMC,15.74,15.745,15.4,15.42,59021.0
2026-05-11 22:00:00+08:00,NYSE:UMC,15.41,15.53,15.4,15.53,67371.0
2026-05-11 22:15:00+08:00,NYSE:UMC,15.525,15.56,15.49,15.495,70532.0
2026-05-11 22:30:00+08:00,NYSE:UMC,15.5,15.65,15.48,15.59,50704.0
2026-05-11 22:45:00+08:00,NYSE:UMC,15.595,15.61,15.5,15.53,51191.0
2026-05-11 23:00:00+08:00,NYSE:UMC,15.54,15.63,15.54,15.57,44920.0
2026-05-11 23:15:00+08:00,NYSE:UMC,15.57,15.57,15.52,15.53,25407.0
2026-05-11 23:30:00+08:00,NYSE:UMC,15.53,15.56,15.52,15.52,18207.0
2026-05-11 23:45:00+08:00,NYSE:UMC,15.52,15.6,15.52,15.6,28363.0
2026-05-12 00:00:00+08:00,NYSE:UMC,15.59,15.66,15.59,15.66,22434.0
2026-05-12 00:15:00+08:00,NYSE:UMC,15.65,15.65,15.615,15.63,9033.0
2026-05-12 00:30:00+08:00,NYSE:UMC,15.625,15.625,15.46,15.5,29573.0
2026-05-12 00:45:00+08:00,NYSE:UMC,15.5,15.565,15.5,15.53,23883.0
2026-05-12 01:00:00+08:00,NYSE:UMC,15.54,15.55,15.51,15.54,14079.0
2026-05-12 01:15:00+08:00,NYSE:UMC,15.53,15.565,15.51,15.56,12756.0
2026-05-12 01:30:00+08:00,NYSE:UMC,15.56,15.585,15.55,15.58,10125.0
2026-05-12 01:45:00+08:00,NYSE:UMC,15.57,15.6,15.57,15.58,8306.0
2026-05-12 02:00:00+08:00,NYSE:UMC,15.58,15.605,15.565,15.6,9685.0
2026-05-12 02:15:00+08:00,NYSE:UMC,15.6,15.6,15.57,15.575,10425.0
2026-05-12 02:30:00+08:00,NYSE:UMC,15.575,15.59,15.57,15.59,6979.0
2026-05-12 02:45:00+08:00,NYSE:UMC,15.58,15.58,15.52,15.535,16599.0
2026-05-12 03:00:00+08:00,NYSE:UMC,15.535,15.655,15.53,15.59,33582.0
2026-05-12 03:15:00+08:00,NYSE:UMC,15.565,15.605,15.545,15.55,28520.0
2026-05-12 03:30:00+08:00,NYSE:UMC,15.54,15.57,15.53,15.56,56862.0
2026-05-12 03:45:00+08:00,NYSE:UMC,15.57,15.62,15.56,15.59,192410.0
2026-05-12 21:30:00+08:00,NYSE:UMC,16.145,16.28,15.87,16.24,172386.0
2026-05-12 21:45:00+08:00,NYSE:UMC,16.25,16.295,15.9,15.91,67529.0
2026-05-12 22:00:00+08:00,NYSE:UMC,15.91,16.045,15.84,16.04,67311.0
2026-05-12 22:15:00+08:00,NYSE:UMC,16.04,16.06,15.83,15.85,56645.0
2026-05-12 22:30:00+08:00,NYSE:UMC,15.85,15.955,15.765,15.84,85337.0
2026-05-12 22:45:00+08:00,NYSE:UMC,15.83,15.86,15.74,15.775,62606.0
2026-05-12 23:00:00+08:00,NYSE:UMC,15.78,15.82,15.68,15.69,43809.0
2026-05-12 23:15:00+08:00,NYSE:UMC,15.68,15.69,15.54,15.54,53007.0
2026-05-12 23:30:00+08:00,NYSE:UMC,15.55,15.7,15.55,15.65,45070.0
2026-05-12 23:45:00+08:00,NYSE:UMC,15.655,15.73,15.59,15.59,36088.0
2026-05-13 00:00:00+08:00,NYSE:UMC,15.58,15.71,15.58,15.7,22461.0
2026-05-13 00:15:00+08:00,NYSE:UMC,15.69,15.69,15.595,15.62,20885.0
2026-05-13 00:30:00+08:00,NYSE:UMC,15.63,15.65,15.55,15.57,24475.0
2026-05-13 00:45:00+08:00,NYSE:UMC,15.59,15.605,15.5,15.515,52587.0
2026-05-13 01:00:00+08:00,NYSE:UMC,15.52,15.7,15.52,15.7,26143.0
2026-05-13 01:15:00+08:00,NYSE:UMC,15.695,15.745,15.655,15.685,31943.0
2026-05-13 01:30:00+08:00,NYSE:UMC,15.69,15.72,15.675,15.69,28356.0
2026-05-13 01:45:00+08:00,NYSE:UMC,15.685,15.74,15.67,15.74,26272.0
2026-05-13 02:00:00+08:00,NYSE:UMC,15.75,15.81,15.73,15.77,59057.0
2026-05-13 02:15:00+08:00,NYSE:UMC,15.77,15.86,15.745,15.845,36248.0
2026-05-13 02:30:00+08:00,NYSE:UMC,15.84,15.88,15.825,15.825,23971.0
2026-05-13 02:45:00+08:00,NYSE:UMC,15.825,15.87,15.77,15.78,44176.0
2026-05-13 03:00:00+08:00,NYSE:UMC,15.8,15.92,15.8,15.9,35515.0
2026-05-13 03:15:00+08:00,NYSE:UMC,15.905,15.92,15.87,15.9,32971.0
2026-05-13 03:30:00+08:00,NYSE:UMC,15.91,16.02,15.91,16.0,61655.0
2026-05-13 03:45:00+08:00,NYSE:UMC,15.995,16.12,15.995,16.07,234844.0
2026-05-13 21:30:00+08:00,NYSE:UMC,15.58,16.09,15.58,15.975,119066.0
2026-05-13 21:45:00+08:00,NYSE:UMC,15.97,16.13,15.85,15.97,72499.0
2026-05-13 22:00:00+08:00,NYSE:UMC,15.98,16.03,15.865,15.98,32021.0
2026-05-13 22:15:00+08:00,NYSE:UMC,15.97,16.08,15.94,16.05,17865.0
2026-05-13 22:30:00+08:00,NYSE:UMC,16.06,16.1,15.98,16.0,36797.0
2026-05-13 22:45:00+08:00,NYSE:UMC,16.01,16.125,15.98,16.09,45500.0
2026-05-13 23:00:00+08:00,NYSE:UMC,16.08,16.095,16.03,16.05,16900.0
2026-05-13 23:15:00+08:00,NYSE:UMC,16.06,16.085,16.0,16.03,22197.0
2026-05-13 23:30:00+08:00,NYSE:UMC,16.035,16.075,16.0,16.045,17135.0
2026-05-13 23:45:00+08:00,NYSE:UMC,16.04,16.04,15.915,15.92,15487.0
2026-05-14 00:00:00+08:00,NYSE:UMC,15.91,16.02,15.91,16.02,9915.0
2026-05-14 00:15:00+08:00,NYSE:UMC,16.015,16.04,15.955,16.04,34510.0
2026-05-14 00:30:00+08:00,NYSE:UMC,16.04,16.04,16.0,16.01,40757.0
2026-05-14 00:45:00+08:00,NYSE:UMC,16.005,16.01,15.975,15.98,46548.0
2026-05-14 01:00:00+08:00,NYSE:UMC,15.99,16.085,15.99,16.085,40364.0
2026-05-14 01:15:00+08:00,NYSE:UMC,16.085,16.1,16.045,16.1,13543.0
2026-05-14 01:30:00+08:00,NYSE:UMC,16.11,16.11,16.07,16.08,11759.0
2026-05-14 01:45:00+08:00,NYSE:UMC,16.08,16.08,16.06,16.06,3831.0
2026-05-14 02:00:00+08:00,NYSE:UMC,16.055,16.095,16.05,16.095,5321.0
2026-05-14 02:15:00+08:00,NYSE:UMC,16.1,16.1,16.05,16.06,6000.0
2026-05-14 02:30:00+08:00,NYSE:UMC,16.06,16.075,16.02,16.025,7413.0
2026-05-14 02:45:00+08:00,NYSE:UMC,16.02,16.02,15.975,15.98,11020.0
2026-05-14 03:00:00+08:00,NYSE:UMC,15.98,16.02,15.98,16.02,11196.0
2026-05-14 03:15:00+08:00,NYSE:UMC,16.02,16.02,15.98,15.985,20150.0
2026-05-14 03:30:00+08:00,NYSE:UMC,15.99,16.045,15.985,15.995,32084.0
2026-05-14 03:45:00+08:00,NYSE:UMC,15.99,15.99,15.92,15.93,96836.0
2026-05-14 21:30:00+08:00,NYSE:UMC,16.86,17.09,16.0,16.86,213993.0
2026-05-14 21:45:00+08:00,NYSE:UMC,16.85,17.145,16.835,17.04,68393.0
2026-05-14 22:00:00+08:00,NYSE:UMC,17.04,17.07,16.93,16.985,79010.0
2026-05-14 22:15:00+08:00,NYSE:UMC,16.98,17.03,16.91,17.0,53400.0
2026-05-14 22:30:00+08:00,NYSE:UMC,17.01,17.1,16.97,17.0,57331.0
2026-05-14 22:45:00+08:00,NYSE:UMC,17.0,17.06,16.95,16.99,45035.0
2026-05-14 23:00:00+08:00,NYSE:UMC,16.995,17.145,16.99,17.13,33928.0
2026-05-14 23:15:00+08:00,NYSE:UMC,17.135,17.175,17.11,17.11,45180.0
2026-05-14 23:30:00+08:00,NYSE:UMC,17.105,17.14,17.075,17.075,53543.0
2026-05-14 23:45:00+08:00,NYSE:UMC,17.075,17.105,17.065,17.065,26134.0
2026-05-15 00:00:00+08:00,NYSE:UMC,17.07,17.11,17.065,17.11,25919.0
2026-05-15 00:15:00+08:00,NYSE:UMC,17.12,17.15,17.105,17.135,26220.0
2026-05-15 00:30:00+08:00,NYSE:UMC,17.14,17.225,17.14,17.18,74899.0
2026-05-15 00:45:00+08:00,NYSE:UMC,17.185,17.26,17.17,17.26,17309.0
2026-05-15 01:00:00+08:00,NYSE:UMC,17.27,17.315,17.115,17.12,47683.0
2026-05-15 01:15:00+08:00,NYSE:UMC,17.12,17.14,17.0,17.1,63598.0
2026-05-15 01:30:00+08:00,NYSE:UMC,17.11,17.17,17.1,17.165,20644.0
2026-05-15 01:45:00+08:00,NYSE:UMC,17.17,17.2,17.165,17.2,10890.0
2026-05-15 02:00:00+08:00,NYSE:UMC,17.19,17.195,17.12,17.17,25317.0
2026-05-15 02:15:00+08:00,NYSE:UMC,17.17,17.21,17.15,17.19,24973.0
2026-05-15 02:30:00+08:00,NYSE:UMC,17.19,17.21,17.15,17.155,22194.0
2026-05-15 02:45:00+08:00,NYSE:UMC,17.16,17.23,17.155,17.23,40684.0
2026-05-15 03:00:00+08:00,NYSE:UMC,17.23,17.29,17.23,17.265,39981.0
2026-05-15 03:15:00+08:00,NYSE:UMC,17.26,17.285,17.21,17.21,31602.0
2026-05-15 03:30:00+08:00,NYSE:UMC,17.21,17.26,17.21,17.225,53493.0
2026-05-15 03:45:00+08:00,NYSE:UMC,17.22,17.235,17.13,17.14,307291.0
2026-05-15 21:30:00+08:00,NYSE:UMC,17.0,17.12,16.9,16.98,99531.0
2026-05-15 21:45:00+08:00,NYSE:UMC,16.98,16.98,16.835,16.865,49019.0
2026-05-15 22:00:00+08:00,NYSE:UMC,16.87,17.095,16.85,17.09,47095.0
2026-05-15 22:15:00+08:00,NYSE:UMC,17.07,17.15,17.03,17.05,49362.0
2026-05-15 22:30:00+08:00,NYSE:UMC,17.06,17.295,17.05,17.28,61048.0
2026-05-15 22:45:00+08:00,NYSE:UMC,17.28,17.28,17.12,17.17,52348.0
2026-05-15 23:00:00+08:00,NYSE:UMC,17.17,17.22,17.15,17.175,26492.0
2026-05-15 23:15:00+08:00,NYSE:UMC,17.18,17.26,17.16,17.26,21216.0
2026-05-15 23:30:00+08:00,NYSE:UMC,17.26,17.345,17.25,17.25,30764.0
2026-05-15 23:45:00+08:00,NYSE:UMC,17.255,17.28,17.2,17.25,29047.0
2026-05-16 00:00:00+08:00,NYSE:UMC,17.25,17.28,17.215,17.26,19940.0
2026-05-16 00:15:00+08:00,NYSE:UMC,17.27,17.31,17.25,17.31,20375.0
2026-05-16 00:30:00+08:00,NYSE:UMC,17.31,17.32,17.28,17.32,14732.0
2026-05-16 00:45:00+08:00,NYSE:UMC,17.32,17.36,17.3,17.33,23850.0
2026-05-16 01:00:00+08:00,NYSE:UMC,17.33,17.37,17.325,17.37,12660.0
2026-05-16 01:15:00+08:00,NYSE:UMC,17.37,17.37,17.34,17.35,13478.0
2026-05-16 01:30:00+08:00,NYSE:UMC,17.36,17.385,17.36,17.37,14892.0
2026-05-16 01:45:00+08:00,NYSE:UMC,17.37,17.42,17.37,17.42,9201.0
2026-05-16 02:00:00+08:00,NYSE:UMC,17.42,17.42,17.36,17.38,17333.0
2026-05-16 02:15:00+08:00,NYSE:UMC,17.385,17.385,17.32,17.32,26555.0
2026-05-16 02:30:00+08:00,NYSE:UMC,17.315,17.35,17.285,17.33,12536.0
2026-05-16 02:45:00+08:00,NYSE:UMC,17.33,17.34,17.305,17.31,18905.0
2026-05-16 03:00:00+08:00,NYSE:UMC,17.32,17.33,17.21,17.22,31130.0
2026-05-16 03:15:00+08:00,NYSE:UMC,17.22,17.23,17.19,17.22,20963.0
2026-05-16 03:30:00+08:00,NYSE:UMC,17.22,17.29,17.22,17.235,31773.0
2026-05-16 03:45:00+08:00,NYSE:UMC,17.24,17.27,17.16,17.185,200851.0
2026-05-18 21:30:00+08:00,NYSE:UMC,17.62,17.74,17.4,17.4,152283.0
2026-05-18 21:45:00+08:00,NYSE:UMC,17.375,17.52,17.34,17.435,72691.0
2026-05-18 22:00:00+08:00,NYSE:UMC,17.445,17.48,17.32,17.47,45577.0
2026-05-18 22:15:00+08:00,NYSE:UMC,17.48,17.495,17.19,17.22,54826.0
2026-05-18 22:30:00+08:00,NYSE:UMC,17.22,17.24,17.05,17.16,68006.0
2026-05-18 22:45:00+08:00,NYSE:UMC,17.155,17.17,17.03,17.15,65747.0
2026-05-18 23:00:00+08:00,NYSE:UMC,17.165,17.3,17.085,17.11,55840.0
2026-05-18 23:15:00+08:00,NYSE:UMC,17.105,17.11,17.0,17.0,39540.0
2026-05-18 23:30:00+08:00,NYSE:UMC,17.0,17.15,17.0,17.105,21836.0
2026-05-18 23:45:00+08:00,NYSE:UMC,17.11,17.13,17.075,17.08,19201.0
2026-05-19 00:00:00+08:00,NYSE:UMC,17.08,17.09,17.02,17.06,16658.0
2026-05-19 00:15:00+08:00,NYSE:UMC,17.06,17.08,16.885,16.9,21465.0
2026-05-19 00:30:00+08:00,NYSE:UMC,16.89,16.965,16.88,16.965,23149.0
2026-05-19 00:45:00+08:00,NYSE:UMC,16.97,17.05,16.94,17.02,22775.0
2026-05-19 01:00:00+08:00,NYSE:UMC,17.01,17.03,16.97,16.975,19619.0
2026-05-19 01:15:00+08:00,NYSE:UMC,16.97,16.99,16.94,16.99,23277.0
2026-05-19 01:30:00+08:00,NYSE:UMC,16.98,17.02,16.945,17.02,11719.0
2026-05-19 01:45:00+08:00,NYSE:UMC,17.01,17.02,16.975,17.02,12154.0
2026-05-19 02:00:00+08:00,NYSE:UMC,17.02,17.035,16.975,16.98,61571.0
2026-05-19 02:15:00+08:00,NYSE:UMC,16.975,16.99,16.895,16.935,30666.0
2026-05-19 02:30:00+08:00,NYSE:UMC,16.935,16.975,16.92,16.96,18993.0
2026-05-19 02:45:00+08:00,NYSE:UMC,16.965,16.985,16.92,16.985,22486.0
2026-05-19 03:00:00+08:00,NYSE:UMC,16.98,17.19,16.98,17.135,87017.0
2026-05-19 03:15:00+08:00,NYSE:UMC,17.14,17.145,17.015,17.05,42930.0
2026-05-19 03:30:00+08:00,NYSE:UMC,17.05,17.16,17.025,17.145,69498.0
2026-05-19 03:45:00+08:00,NYSE:UMC,17.145,17.205,17.08,17.12,269813.0
2026-05-19 21:30:00+08:00,NYSE:UMC,17.54,18.1,17.31,18.07,275228.0
2026-05-19 21:45:00+08:00,NYSE:UMC,18.065,18.1,17.73,17.78,129713.0
2026-05-19 22:00:00+08:00,NYSE:UMC,17.775,17.79,17.42,17.435,129811.0
2026-05-19 22:15:00+08:00,NYSE:UMC,17.42,17.565,17.33,17.53,109829.0
2026-05-19 22:30:00+08:00,NYSE:UMC,17.545,17.63,17.495,17.51,79094.0
2026-05-19 22:45:00+08:00,NYSE:UMC,17.5,17.63,17.37,17.61,44835.0
2026-05-19 23:00:00+08:00,NYSE:UMC,17.61,17.66,17.485,17.65,50018.0
2026-05-19 23:15:00+08:00,NYSE:UMC,17.66,17.7,17.56,17.57,28854.0
2026-05-19 23:30:00+08:00,NYSE:UMC,17.56,17.645,17.54,17.61,32378.0
2026-05-19 23:45:00+08:00,NYSE:UMC,17.62,17.63,17.555,17.6,31917.0
2026-05-20 00:00:00+08:00,NYSE:UMC,17.61,17.74,17.6,17.68,32201.0
2026-05-20 00:15:00+08:00,NYSE:UMC,17.68,17.79,17.68,17.76,24830.0
2026-05-20 00:30:00+08:00,NYSE:UMC,17.76,17.88,17.75,17.86,37576.0
2026-05-20 00:45:00+08:00,NYSE:UMC,17.875,17.92,17.81,17.92,23319.0
2026-05-20 01:00:00+08:00,NYSE:UMC,17.91,17.98,17.9,17.975,33740.0
2026-05-20 01:15:00+08:00,NYSE:UMC,17.975,18.04,17.94,17.96,30943.0
2026-05-20 01:30:00+08:00,NYSE:UMC,17.96,17.99,17.91,17.91,29953.0
2026-05-20 01:45:00+08:00,NYSE:UMC,17.91,17.915,17.8,17.91,29479.0
2026-05-20 02:00:00+08:00,NYSE:UMC,17.91,17.96,17.89,17.89,11954.0
2026-05-20 02:15:00+08:00,NYSE:UMC,17.89,17.89,17.76,17.805,23045.0
2026-05-20 02:30:00+08:00,NYSE:UMC,17.805,17.83,17.77,17.79,14632.0
2026-05-20 02:45:00+08:00,NYSE:UMC,17.78,17.81,17.705,17.735,17944.0
2026-05-20 03:00:00+08:00,NYSE:UMC,17.74,17.83,17.73,17.815,21158.0
2026-05-20 03:15:00+08:00,NYSE:UMC,17.82,17.82,17.685,17.76,21728.0
2026-05-20 03:30:00+08:00,NYSE:UMC,17.75,17.795,17.69,17.695,42701.0
2026-05-20 03:45:00+08:00,NYSE:UMC,17.7,17.71,17.565,17.58,174186.0
2026-05-20 21:30:00+08:00,NYSE:UMC,17.32,17.44,17.125,17.43,146637.0
2026-05-20 21:45:00+08:00,NYSE:UMC,17.45,17.48,17.2,17.3,70636.0
2026-05-20 22:00:00+08:00,NYSE:UMC,17.29,17.375,17.265,17.34,80454.0
2026-05-20 22:15:00+08:00,NYSE:UMC,17.34,17.45,17.32,17.425,43600.0
2026-05-20 22:30:00+08:00,NYSE:UMC,17.43,17.49,17.39,17.425,21284.0
2026-05-20 22:45:00+08:00,NYSE:UMC,17.435,17.45,17.385,17.44,18872.0
2026-05-20 23:00:00+08:00,NYSE:UMC,17.43,17.495,17.42,17.455,14746.0
2026-05-20 23:15:00+08:00,NYSE:UMC,17.455,17.56,17.42,17.465,53165.0
2026-05-20 23:30:00+08:00,NYSE:UMC,17.465,17.56,17.46,17.515,47794.0
2026-05-20 23:45:00+08:00,NYSE:UMC,17.52,17.55,17.475,17.5,33514.0
2026-05-21 00:00:00+08:00,NYSE:UMC,17.505,17.525,17.485,17.51,9550.0
2026-05-21 00:15:00+08:00,NYSE:UMC,17.5,17.5,17.395,17.44,24064.0
2026-05-21 00:30:00+08:00,NYSE:UMC,17.46,17.485,17.425,17.465,11966.0
2026-05-21 00:45:00+08:00,NYSE:UMC,17.465,17.49,17.44,17.45,8471.0
2026-05-21 01:00:00+08:00,NYSE:UMC,17.445,17.46,17.415,17.44,11521.0
2026-05-21 01:15:00+08:00,NYSE:UMC,17.44,17.455,17.42,17.455,11738.0
2026-05-21 01:30:00+08:00,NYSE:UMC,17.45,17.45,17.42,17.43,9398.0
2026-05-21 01:45:00+08:00,NYSE:UMC,17.43,17.44,17.425,17.44,4691.0
2026-05-21 02:00:00+08:00,NYSE:UMC,17.445,17.485,17.435,17.465,8717.0
2026-05-21 02:15:00+08:00,NYSE:UMC,17.465,17.465,17.43,17.455,6896.0
2026-05-21 02:30:00+08:00,NYSE:UMC,17.455,17.49,17.44,17.48,15028.0
2026-05-21 02:45:00+08:00,NYSE:UMC,17.48,17.5,17.465,17.47,16367.0
2026-05-21 03:00:00+08:00,NYSE:UMC,17.47,17.545,17.45,17.515,25322.0
2026-05-21 03:15:00+08:00,NYSE:UMC,17.515,17.53,17.505,17.515,20791.0
2026-05-21 03:30:00+08:00,NYSE:UMC,17.51,17.59,17.51,17.545,88300.0
2026-05-21 03:45:00+08:00,NYSE:UMC,17.545,17.61,17.51,17.57,220453.0
2026-05-21 21:30:00+08:00,NYSE:UMC,18.19,18.22,18.015,18.12,51033.0
2026-05-21 21:45:00+08:00,NYSE:UMC,18.13,18.3,18.08,18.3,27287.0
2026-05-21 22:00:00+08:00,NYSE:UMC,18.29,18.335,18.24,18.28,56562.0
2026-05-21 22:15:00+08:00,NYSE:UMC,18.27,18.27,18.11,18.2,30481.0
2026-05-21 22:30:00+08:00,NYSE:UMC,18.21,18.3,18.185,18.28,29400.0
2026-05-21 22:45:00+08:00,NYSE:UMC,18.28,18.28,18.15,18.22,30657.0
2026-05-21 23:00:00+08:00,NYSE:UMC,18.22,18.22,18.06,18.135,38521.0
2026-05-21 23:15:00+08:00,NYSE:UMC,18.135,18.15,18.07,18.07,23164.0
2026-05-21 23:30:00+08:00,NYSE:UMC,18.07,18.125,18.05,18.085,34463.0
2026-05-21 23:45:00+08:00,NYSE:UMC,18.1,18.145,18.09,18.1,25338.0
2026-05-22 00:00:00+08:00,NYSE:UMC,18.105,18.22,18.105,18.185,38812.0
2026-05-22 00:15:00+08:00,NYSE:UMC,18.185,18.185,18.145,18.16,20407.0
2026-05-22 00:30:00+08:00,NYSE:UMC,18.17,18.22,18.17,18.18,13978.0
2026-05-22 00:45:00+08:00,NYSE:UMC,18.19,18.19,18.15,18.155,14564.0
2026-05-22 01:00:00+08:00,NYSE:UMC,18.16,18.22,18.16,18.18,29778.0
2026-05-22 01:15:00+08:00,NYSE:UMC,18.18,18.26,18.17,18.255,72036.0
2026-05-22 01:30:00+08:00,NYSE:UMC,18.26,18.355,18.26,18.35,32368.0
2026-05-22 01:45:00+08:00,NYSE:UMC,18.35,18.445,18.34,18.385,29148.0
2026-05-22 02:00:00+08:00,NYSE:UMC,18.39,18.395,18.28,18.33,49084.0
2026-05-22 02:15:00+08:00,NYSE:UMC,18.33,18.36,18.29,18.35,6350.0
2026-05-22 02:30:00+08:00,NYSE:UMC,18.35,18.36,18.34,18.36,8946.0
2026-05-22 02:45:00+08:00,NYSE:UMC,18.36,18.36,18.2,18.23,20520.0
2026-05-22 03:00:00+08:00,NYSE:UMC,18.255,18.34,18.25,18.335,19897.0
2026-05-22 03:15:00+08:00,NYSE:UMC,18.335,18.345,18.315,18.32,13921.0
2026-05-22 03:30:00+08:00,NYSE:UMC,18.33,18.33,18.29,18.31,24021.0
2026-05-22 03:45:00+08:00,NYSE:UMC,18.3,18.38,18.285,18.34,126016.0
2026-05-22 21:30:00+08:00,NYSE:UMC,18.03,18.24,17.985,18.18,105188.0
2026-05-22 21:45:00+08:00,NYSE:UMC,18.2,18.26,18.105,18.26,41097.0
2026-05-22 22:00:00+08:00,NYSE:UMC,18.26,18.28,18.16,18.18,45087.0
2026-05-22 22:15:00+08:00,NYSE:UMC,18.17,18.2,18.09,18.14,28155.0
2026-05-22 22:30:00+08:00,NYSE:UMC,18.14,18.23,18.125,18.21,24645.0
2026-05-22 22:45:00+08:00,NYSE:UMC,18.21,18.22,18.11,18.16,18862.0
2026-05-22 23:00:00+08:00,NYSE:UMC,18.16,18.26,18.155,18.215,21835.0
2026-05-22 23:15:00+08:00,NYSE:UMC,18.215,18.235,18.19,18.22,12014.0
2026-05-22 23:30:00+08:00,NYSE:UMC,18.215,18.245,18.2,18.24,16430.0
2026-05-22 23:45:00+08:00,NYSE:UMC,18.245,18.25,18.2,18.24,19338.0
2026-05-23 00:00:00+08:00,NYSE:UMC,18.24,18.24,18.225,18.235,5902.0
2026-05-23 00:15:00+08:00,NYSE:UMC,18.235,18.285,18.22,18.285,20490.0
2026-05-23 00:30:00+08:00,NYSE:UMC,18.285,18.29,18.26,18.26,22401.0
2026-05-23 00:45:00+08:00,NYSE:UMC,18.25,18.255,18.23,18.255,6845.0
2026-05-23 01:00:00+08:00,NYSE:UMC,18.26,18.27,18.24,18.245,12757.0
2026-05-23 01:15:00+08:00,NYSE:UMC,18.25,18.28,18.23,18.265,20983.0
2026-05-23 01:30:00+08:00,NYSE:UMC,18.27,18.27,18.24,18.24,15429.0
2026-05-23 01:45:00+08:00,NYSE:UMC,18.23,18.265,18.22,18.255,8009.0
2026-05-23 02:00:00+08:00,NYSE:UMC,18.26,18.26,18.25,18.26,8839.0
2026-05-23 02:15:00+08:00,NYSE:UMC,18.255,18.265,18.245,18.255,6014.0
2026-05-23 02:30:00+08:00,NYSE:UMC,18.26,18.26,18.21,18.22,21957.0
2026-05-23 02:45:00+08:00,NYSE:UMC,18.22,18.24,18.21,18.24,9031.0
2026-05-23 03:00:00+08:00,NYSE:UMC,18.24,18.24,18.16,18.215,36468.0
2026-05-23 03:15:00+08:00,NYSE:UMC,18.21,18.215,18.19,18.2,16331.0
2026-05-23 03:30:00+08:00,NYSE:UMC,18.2,18.24,18.195,18.205,21930.0
2026-05-23 03:45:00+08:00,NYSE:UMC,18.2,18.23,18.18,18.21,124180.0
2026-05-26 21:30:00+08:00,NYSE:UMC,20.95,21.2,20.49,21.02,275642.0
2026-05-26 21:45:00+08:00,NYSE:UMC,21.03,21.41,21.03,21.225,228095.0
2026-05-26 22:00:00+08:00,NYSE:UMC,21.23,21.415,21.07,21.35,144289.0
2026-05-26 22:15:00+08:00,NYSE:UMC,21.34,21.515,21.25,21.36,166655.0
2026-05-26 22:30:00+08:00,NYSE:UMC,21.36,21.475,21.31,21.44,61356.0
2026-05-26 22:45:00+08:00,NYSE:UMC,21.44,21.46,21.115,21.115,77585.0
2026-05-26 23:00:00+08:00,NYSE:UMC,21.12,21.145,21.03,21.09,87752.0
2026-05-26 23:15:00+08:00,NYSE:UMC,21.09,21.09,21.0,21.05,80953.0
2026-05-26 23:30:00+08:00,NYSE:UMC,21.05,21.105,20.995,21.01,63345.0
2026-05-26 23:45:00+08:00,NYSE:UMC,21.01,21.03,20.865,20.975,72794.0
2026-05-27 00:00:00+08:00,NYSE:UMC,20.97,21.07,20.92,21.0,49448.0
2026-05-27 00:15:00+08:00,NYSE:UMC,21.01,21.02,20.96,21.0,23408.0
2026-05-27 00:30:00+08:00,NYSE:UMC,21.01,21.01,20.85,20.85,35803.0
2026-05-27 00:45:00+08:00,NYSE:UMC,20.85,20.885,20.82,20.865,23753.0
2026-05-27 01:00:00+08:00,NYSE:UMC,20.86,20.9,20.85,20.89,22099.0
2026-05-27 01:15:00+08:00,NYSE:UMC,20.89,20.89,20.82,20.84,13417.0
2026-05-27 01:30:00+08:00,NYSE:UMC,20.84,20.885,20.84,20.86,19897.0
2026-05-27 01:45:00+08:00,NYSE:UMC,20.86,20.89,20.855,20.88,12231.0
2026-05-27 02:00:00+08:00,NYSE:UMC,20.88,20.955,20.855,20.92,20512.0
2026-05-27 02:15:00+08:00,NYSE:UMC,20.91,20.96,20.9,20.945,15170.0
2026-05-27 02:30:00+08:00,NYSE:UMC,20.95,20.99,20.92,20.975,29381.0
2026-05-27 02:45:00+08:00,NYSE:UMC,20.975,21.06,20.95,20.96,49679.0
2026-05-27 03:00:00+08:00,NYSE:UMC,20.97,21.085,20.93,21.06,59172.0
2026-05-27 03:15:00+08:00,NYSE:UMC,21.07,21.2,21.06,21.16,58863.0
2026-05-27 03:30:00+08:00,NYSE:UMC,21.16,21.18,21.125,21.135,65135.0
2026-05-27 03:45:00+08:00,NYSE:UMC,21.13,21.175,21.05,21.09,283108.0
2026-05-27 21:30:00+08:00,NYSE:UMC,23.66,23.92,22.45,22.45,726631.0
2026-05-27 21:45:00+08:00,NYSE:UMC,22.45,22.92,22.24,22.67,329634.0
2026-05-27 22:00:00+08:00,NYSE:UMC,22.64,22.64,22.21,22.24,144099.0
2026-05-27 22:15:00+08:00,NYSE:UMC,22.245,22.335,21.68,21.84,246993.0
2026-05-27 22:30:00+08:00,NYSE:UMC,21.83,22.11,21.805,22.03,180934.0
2026-05-27 22:45:00+08:00,NYSE:UMC,22.03,22.19,21.89,21.99,174909.0
2026-05-27 23:00:00+08:00,NYSE:UMC,21.985,22.24,21.89,22.19,143295.0
2026-05-27 23:15:00+08:00,NYSE:UMC,22.18,22.21,21.97,22.07,88598.0
2026-05-27 23:30:00+08:00,NYSE:UMC,22.09,22.12,21.935,21.97,74013.0
2026-05-27 23:45:00+08:00,NYSE:UMC,21.965,22.11,21.915,22.095,60678.0
2026-05-28 00:00:00+08:00,NYSE:UMC,22.09,22.285,22.06,22.25,69392.0
2026-05-28 00:15:00+08:00,NYSE:UMC,22.26,22.37,22.255,22.29,36324.0
2026-05-28 00:30:00+08:00,NYSE:UMC,22.29,22.32,22.21,22.265,35066.0
2026-05-28 00:45:00+08:00,NYSE:UMC,22.26,22.31,22.17,22.21,30954.0
2026-05-28 01:00:00+08:00,NYSE:UMC,22.21,22.24,22.015,22.05,42684.0
2026-05-28 01:15:00+08:00,NYSE:UMC,22.05,22.27,22.04,22.24,37049.0
2026-05-28 01:30:00+08:00,NYSE:UMC,22.23,22.24,22.12,22.16,22979.0
2026-05-28 01:45:00+08:00,NYSE:UMC,22.16,22.25,22.15,22.18,27721.0
2026-05-28 02:00:00+08:00,NYSE:UMC,22.19,22.225,22.15,22.2,24938.0
2026-05-28 02:15:00+08:00,NYSE:UMC,22.21,22.34,22.195,22.34,32856.0
2026-05-28 02:30:00+08:00,NYSE:UMC,22.34,22.36,22.289,22.289,28804.0
2026-05-28 02:45:00+08:00,NYSE:UMC,22.29,22.29,22.2,22.235,32696.0
2026-05-28 03:00:00+08:00,NYSE:UMC,22.24,22.28,22.2,22.23,45152.0
2026-05-28 03:15:00+08:00,NYSE:UMC,22.23,22.3,22.23,22.28,50539.0
2026-05-28 03:30:00+08:00,NYSE:UMC,22.28,22.34,22.24,22.3,77219.0
2026-05-28 03:45:00+08:00,NYSE:UMC,22.3,22.33,22.165,22.23,172287.0
2026-05-28 21:30:00+08:00,NYSE:UMC,22.225,22.545,21.95,21.96,166296.0
2026-05-28 21:45:00+08:00,NYSE:UMC,21.96,22.04,21.77,22.03,116181.0
2026-05-28 22:00:00+08:00,NYSE:UMC,22.02,22.32,21.875,22.31,88653.0
2026-05-28 22:15:00+08:00,NYSE:UMC,22.33,22.4,22.15,22.35,94552.0
2026-05-28 22:30:00+08:00,NYSE:UMC,22.355,22.42,22.31,22.35,56283.0
2026-05-28 22:45:00+08:00,NYSE:UMC,22.36,22.54,22.31,22.54,47615.0
2026-05-28 23:00:00+08:00,NYSE:UMC,22.54,22.73,22.525,22.66,62179.0
2026-05-28 23:15:00+08:00,NYSE:UMC,22.65,22.855,22.61,22.84,69944.0
2026-05-28 23:30:00+08:00,NYSE:UMC,22.835,22.95,22.78,22.79,46318.0
2026-05-28 23:45:00+08:00,NYSE:UMC,22.79,22.87,22.745,22.8,33910.0
2026-05-29 00:00:00+08:00,NYSE:UMC,22.8,22.825,22.75,22.815,21879.0
2026-05-29 00:15:00+08:00,NYSE:UMC,22.81,22.895,22.8,22.86,20627.0
2026-05-29 00:30:00+08:00,NYSE:UMC,22.84,22.89,22.78,22.865,26197.0
2026-05-29 00:45:00+08:00,NYSE:UMC,22.87,22.895,22.835,22.88,15071.0
2026-05-29 01:00:00+08:00,NYSE:UMC,22.87,23.05,22.84,23.05,33719.0
2026-05-29 01:15:00+08:00,NYSE:UMC,23.065,23.19,23.06,23.06,84596.0
2026-05-29 01:30:00+08:00,NYSE:UMC,23.05,23.06,22.995,23.04,62040.0
2026-05-29 01:45:00+08:00,NYSE:UMC,23.05,23.08,23.01,23.04,11079.0
2026-05-29 02:00:00+08:00,NYSE:UMC,23.05,23.08,23.005,23.005,19261.0
2026-05-29 02:15:00+08:00,NYSE:UMC,23.01,23.1,23.01,23.075,38483.0
2026-05-29 02:30:00+08:00,NYSE:UMC,23.065,23.065,22.95,22.96,33372.0
2026-05-29 02:45:00+08:00,NYSE:UMC,22.97,22.97,22.87,22.92,23228.0
2026-05-29 03:00:00+08:00,NYSE:UMC,22.93,23.01,22.905,22.93,23561.0
2026-05-29 03:15:00+08:00,NYSE:UMC,22.935,22.97,22.875,22.97,40570.0
2026-05-29 03:30:00+08:00,NYSE:UMC,22.96,22.96,22.86,22.88,34490.0
2026-05-29 03:45:00+08:00,NYSE:UMC,22.87,22.895,22.65,22.66,227980.0
2026-05-29 21:30:00+08:00,NYSE:UMC,22.64,22.82,22.49,22.6,129810.0
2026-05-29 21:45:00+08:00,NYSE:UMC,22.64,22.84,22.6,22.76,57272.0
2026-05-29 22:00:00+08:00,NYSE:UMC,22.755,22.82,22.55,22.56,65745.0
2026-05-29 22:15:00+08:00,NYSE:UMC,22.55,22.55,22.25,22.36,80222.0
2026-05-29 22:30:00+08:00,NYSE:UMC,22.38,22.48,21.99,21.995,102830.0
2026-05-29 22:45:00+08:00,NYSE:UMC,21.99,22.34,21.99,22.24,140374.0
2026-05-29 23:00:00+08:00,NYSE:UMC,22.25,22.26,22.12,22.26,58760.0
2026-05-29 23:15:00+08:00,NYSE:UMC,22.25,22.27,22.16,22.25,30066.0
2026-05-29 23:30:00+08:00,NYSE:UMC,22.25,22.3,22.23,22.24,28523.0
2026-05-29 23:45:00+08:00,NYSE:UMC,22.25,22.26,22.19,22.23,36959.0
2026-05-30 00:00:00+08:00,NYSE:UMC,22.23,22.345,22.22,22.325,19868.0
2026-05-30 00:15:00+08:00,NYSE:UMC,22.32,22.33,22.27,22.285,14596.0
2026-05-30 00:30:00+08:00,NYSE:UMC,22.28,22.285,22.21,22.23,64330.0
2026-05-30 00:45:00+08:00,NYSE:UMC,22.23,22.325,22.225,22.325,20054.0
2026-05-30 01:00:00+08:00,NYSE:UMC,22.32,22.33,22.26,22.27,14857.0
2026-05-30 01:15:00+08:00,NYSE:UMC,22.26,22.36,22.26,22.315,33081.0
2026-05-30 01:30:00+08:00,NYSE:UMC,22.31,22.35,22.29,22.295,21276.0
2026-05-30 01:45:00+08:00,NYSE:UMC,22.3,22.31,22.225,22.25,36533.0
2026-05-30 02:00:00+08:00,NYSE:UMC,22.26,22.335,22.26,22.305,21752.0
2026-05-30 02:15:00+08:00,NYSE:UMC,22.31,22.39,22.31,22.37,12107.0
2026-05-30 02:30:00+08:00,NYSE:UMC,22.38,22.415,22.35,22.385,19564.0
2026-05-30 02:45:00+08:00,NYSE:UMC,22.38,22.38,22.24,22.27,25168.0
2026-05-30 03:00:00+08:00,NYSE:UMC,22.28,22.285,22.23,22.275,25014.0
2026-05-30 03:15:00+08:00,NYSE:UMC,22.28,22.285,22.225,22.265,26133.0
2026-05-30 03:30:00+08:00,NYSE:UMC,22.27,22.35,22.27,22.32,49219.0
2026-05-30 03:45:00+08:00,NYSE:UMC,22.32,22.35,22.145,22.2,203988.0
2026-06-01 21:30:00+08:00,NYSE:UMC,22.91,23.0,22.48,22.53,167638.0
2026-06-01 21:45:00+08:00,NYSE:UMC,22.52,22.58,22.17,22.2,122678.0
2026-06-01 22:00:00+08:00,NYSE:UMC,22.19,22.33,22.14,22.23,118053.0
2026-06-01 22:15:00+08:00,NYSE:UMC,22.21,22.65,22.18,22.62,79929.0
2026-06-01 22:30:00+08:00,NYSE:UMC,22.62,22.86,22.61,22.67,73246.0
2026-06-01 22:45:00+08:00,NYSE:UMC,22.69,22.75,22.61,22.715,42132.0
2026-06-01 23:00:00+08:00,NYSE:UMC,22.72,22.785,22.645,22.77,47668.0
2026-06-01 23:15:00+08:00,NYSE:UMC,22.77,22.95,22.77,22.92,40413.0
2026-06-01 23:30:00+08:00,NYSE:UMC,22.93,23.01,22.915,22.94,41348.0
2026-06-01 23:45:00+08:00,NYSE:UMC,22.94,22.975,22.82,22.85,30423.0
2026-06-02 00:00:00+08:00,NYSE:UMC,22.86,22.91,22.76,22.8,30333.0
2026-06-02 00:15:00+08:00,NYSE:UMC,22.805,22.82,22.765,22.79,20117.0
2026-06-02 00:30:00+08:00,NYSE:UMC,22.795,22.835,22.775,22.78,30034.0
2026-06-02 00:45:00+08:00,NYSE:UMC,22.77,22.985,22.74,22.985,34752.0
2026-06-02 01:00:00+08:00,NYSE:UMC,22.98,22.98,22.885,22.925,19136.0
2026-06-02 01:15:00+08:00,NYSE:UMC,22.925,22.98,22.915,22.975,22561.0
2026-06-02 01:30:00+08:00,NYSE:UMC,22.97,23.0,22.925,22.96,42388.0
2026-06-02 01:45:00+08:00,NYSE:UMC,22.97,22.99,22.94,22.955,16123.0
2026-06-02 02:00:00+08:00,NYSE:UMC,22.955,22.96,22.875,22.88,19370.0
2026-06-02 02:15:00+08:00,NYSE:UMC,22.885,22.915,22.85,22.915,12435.0
2026-06-02 02:30:00+08:00,NYSE:UMC,22.915,22.925,22.865,22.91,12699.0
2026-06-02 02:45:00+08:00,NYSE:UMC,22.9,22.905,22.83,22.85,11936.0
2026-06-02 03:00:00+08:00,NYSE:UMC,22.86,22.885,22.83,22.86,25307.0
2026-06-02 03:15:00+08:00,NYSE:UMC,22.855,22.865,22.83,22.86,25402.0
2026-06-02 03:30:00+08:00,NYSE:UMC,22.86,22.87,22.82,22.845,33667.0
2026-06-02 03:45:00+08:00,NYSE:UMC,22.845,22.89,22.79,22.89,125640.0
2026-06-02 21:30:00+08:00,NYSE:UMC,22.355,22.355,21.88,22.03,101650.0
2026-06-02 21:45:00+08:00,NYSE:UMC,22.04,22.22,22.03,22.2,60148.0
2026-06-02 22:00:00+08:00,NYSE:UMC,22.2,22.225,22.07,22.18,43119.0
2026-06-02 22:15:00+08:00,NYSE:UMC,22.18,22.18,21.89,21.95,46637.0
2026-06-02 22:30:00+08:00,NYSE:UMC,21.965,22.12,21.94,21.945,39217.0
2026-06-02 22:45:00+08:00,NYSE:UMC,21.95,22.15,21.905,22.15,52740.0
2026-06-02 23:00:00+08:00,NYSE:UMC,22.15,22.26,22.15,22.26,22947.0
2026-06-02 23:15:00+08:00,NYSE:UMC,22.26,22.35,22.24,22.35,21764.0
2026-06-02 23:30:00+08:00,NYSE:UMC,22.35,22.4,22.335,22.36,27875.0
2026-06-02 23:45:00+08:00,NYSE:UMC,22.35,22.5,22.35,22.49,43725.0
2026-06-03 00:00:00+08:00,NYSE:UMC,22.49,22.5,22.445,22.48,17245.0
2026-06-03 00:15:00+08:00,NYSE:UMC,22.47,22.475,22.34,22.34,29847.0
2026-06-03 00:30:00+08:00,NYSE:UMC,22.34,22.375,22.27,22.32,11100.0
2026-06-03 00:45:00+08:00,NYSE:UMC,22.3,22.375,22.3,22.36,8148.0
2026-06-03 01:00:00+08:00,NYSE:UMC,22.36,22.41,22.35,22.37,15325.0
2026-06-03 01:15:00+08:00,NYSE:UMC,22.36,22.36,22.26,22.3,14417.0
2026-06-03 01:30:00+08:00,NYSE:UMC,22.295,22.315,22.23,22.28,14467.0
2026-06-03 01:45:00+08:00,NYSE:UMC,22.28,22.34,22.27,22.33,9203.0
2026-06-03 02:00:00+08:00,NYSE:UMC,22.33,22.34,22.295,22.295,14305.0
2026-06-03 02:15:00+08:00,NYSE:UMC,22.295,22.305,22.26,22.275,16798.0
2026-06-03 02:30:00+08:00,NYSE:UMC,22.28,22.29,22.21,22.24,14958.0
2026-06-03 02:45:00+08:00,NYSE:UMC,22.23,22.34,22.22,22.33,14645.0
2026-06-03 03:00:00+08:00,NYSE:UMC,22.335,22.47,22.335,22.44,56713.0
2026-06-03 03:15:00+08:00,NYSE:UMC,22.445,22.48,22.42,22.435,36517.0
2026-06-03 03:30:00+08:00,NYSE:UMC,22.43,22.445,22.39,22.42,57213.0
2026-06-03 03:45:00+08:00,NYSE:UMC,22.43,22.485,22.4,22.44,202779.0
2026-06-03 21:30:00+08:00,NYSE:UMC,21.17,21.17,20.84,20.84,180518.0
2026-06-03 21:45:00+08:00,NYSE:UMC,20.84,20.89,20.58,20.86,163984.0
2026-06-03 22:00:00+08:00,NYSE:UMC,20.865,21.24,20.83,21.23,101641.0
2026-06-03 22:15:00+08:00,NYSE:UMC,21.19,21.3,21.03,21.255,86713.0
2026-06-03 22:30:00+08:00,NYSE:UMC,21.245,21.25,21.02,21.05,52342.0
2026-06-03 22:45:00+08:00,NYSE:UMC,21.05,21.17,21.0,21.03,54713.0
2026-06-03 23:00:00+08:00,NYSE:UMC,21.02,21.075,21.005,21.06,54866.0
2026-06-03 23:15:00+08:00,NYSE:UMC,21.07,21.12,20.975,21.115,68135.0
2026-06-03 23:30:00+08:00,NYSE:UMC,21.11,21.195,21.03,21.03,52221.0
2026-06-03 23:45:00+08:00,NYSE:UMC,21.03,21.225,20.98,21.17,55475.0
2026-06-04 00:00:00+08:00,NYSE:UMC,21.175,21.27,21.17,21.22,25580.0
2026-06-04 00:15:00+08:00,NYSE:UMC,21.21,21.24,21.1,21.145,29903.0
2026-06-04 00:30:00+08:00,NYSE:UMC,21.14,21.17,21.06,21.08,26741.0
2026-06-04 00:45:00+08:00,NYSE:UMC,21.09,21.21,21.09,21.19,29301.0
2026-06-04 01:00:00+08:00,NYSE:UMC,21.19,21.19,21.0,21.08,43749.0
2026-06-04 01:15:00+08:00,NYSE:UMC,21.09,21.115,20.99,21.11,44262.0
2026-06-04 01:30:00+08:00,NYSE:UMC,21.09,21.19,21.065,21.19,39137.0
2026-06-04 01:45:00+08:00,NYSE:UMC,21.2,21.24,21.13,21.235,21221.0
2026-06-04 02:00:00+08:00,NYSE:UMC,21.23,21.265,21.195,21.21,16090.0
2026-06-04 02:15:00+08:00,NYSE:UMC,21.21,21.31,21.19,21.3,30763.0
2026-06-04 02:30:00+08:00,NYSE:UMC,21.31,21.355,21.22,21.245,22155.0
2026-06-04 02:45:00+08:00,NYSE:UMC,21.25,21.295,21.23,21.295,15894.0
2026-06-04 03:00:00+08:00,NYSE:UMC,21.295,21.355,21.27,21.295,21158.0
2026-06-04 03:15:00+08:00,NYSE:UMC,21.285,21.31,21.245,21.31,27678.0
2026-06-04 03:30:00+08:00,NYSE:UMC,21.31,21.42,21.3,21.415,47831.0
2026-06-04 03:45:00+08:00,NYSE:UMC,21.42,21.495,21.385,21.395,258107.0
2026-06-04 21:30:00+08:00,NYSE:UMC,20.075,20.56,20.075,20.27,246335.0
2026-06-04 21:45:00+08:00,NYSE:UMC,20.28,20.415,20.2,20.24,202397.0
2026-06-04 22:00:00+08:00,NYSE:UMC,20.23,20.36,20.145,20.36,144612.0
2026-06-04 22:15:00+08:00,NYSE:UMC,20.36,20.49,20.26,20.475,143737.0
2026-06-04 22:30:00+08:00,NYSE:UMC,20.48,20.48,20.22,20.22,84238.0
2026-06-04 22:45:00+08:00,NYSE:UMC,20.23,20.475,20.22,20.46,66086.0
2026-06-04 23:00:00+08:00,NYSE:UMC,20.455,20.67,20.455,20.665,90374.0
2026-06-04 23:15:00+08:00,NYSE:UMC,20.66,20.81,20.65,20.675,116512.0
2026-06-04 23:30:00+08:00,NYSE:UMC,20.67,20.67,20.615,20.66,56030.0
2026-06-04 23:45:00+08:00,NYSE:UMC,20.66,20.67,20.49,20.65,59173.0
2026-06-05 00:00:00+08:00,NYSE:UMC,20.66,20.705,20.635,20.675,29403.0
2026-06-05 00:15:00+08:00,NYSE:UMC,20.675,20.78,20.675,20.755,23725.0
2026-06-05 00:30:00+08:00,NYSE:UMC,20.75,20.775,20.67,20.765,27427.0
2026-06-05 00:45:00+08:00,NYSE:UMC,20.765,20.855,20.75,20.83,27298.0
2026-06-05 01:00:00+08:00,NYSE:UMC,20.82,20.83,20.795,20.815,16857.0
2026-06-05 01:15:00+08:00,NYSE:UMC,20.82,20.82,20.755,20.78,19507.0
2026-06-05 01:30:00+08:00,NYSE:UMC,20.79,20.87,20.79,20.85,29048.0
2026-06-05 01:45:00+08:00,NYSE:UMC,20.855,20.88,20.805,20.845,25325.0
2026-06-05 02:00:00+08:00,NYSE:UMC,20.85,20.97,20.85,20.955,30495.0
2026-06-05 02:15:00+08:00,NYSE:UMC,20.95,20.95,20.875,20.89,19048.0
2026-06-05 02:30:00+08:00,NYSE:UMC,20.895,20.895,20.74,20.765,24313.0
2026-06-05 02:45:00+08:00,NYSE:UMC,20.765,20.855,20.765,20.775,18714.0
2026-06-05 03:00:00+08:00,NYSE:UMC,20.77,20.835,20.715,20.725,30144.0
2026-06-05 03:15:00+08:00,NYSE:UMC,20.72,20.81,20.64,20.81,51829.0
2026-06-05 03:30:00+08:00,NYSE:UMC,20.81,20.85,20.675,20.69,58285.0
2026-06-05 03:45:00+08:00,NYSE:UMC,20.69,20.8,20.65,20.79,218904.0
2026-06-05 21:30:00+08:00,NYSE:UMC,20.55,20.69,20.27,20.335,157531.0
2026-06-05 21:45:00+08:00,NYSE:UMC,20.35,20.53,20.23,20.23,153648.0
2026-06-05 22:00:00+08:00,NYSE:UMC,20.22,20.38,20.13,20.33,133070.0
2026-06-05 22:15:00+08:00,NYSE:UMC,20.36,20.49,20.15,20.21,100238.0
2026-06-05 22:30:00+08:00,NYSE:UMC,20.22,20.45,20.21,20.35,90081.0
2026-06-05 22:45:00+08:00,NYSE:UMC,20.36,20.56,20.33,20.51,85855.0
2026-06-05 23:00:00+08:00,NYSE:UMC,20.505,20.505,20.195,20.2,75767.0
2026-06-05 23:15:00+08:00,NYSE:UMC,20.19,20.28,20.17,20.22,67684.0
2026-06-05 23:30:00+08:00,NYSE:UMC,20.21,20.27,20.12,20.19,66234.0
2026-06-05 23:45:00+08:00,NYSE:UMC,20.2,20.31,20.2,20.29,72180.0
2026-06-06 00:00:00+08:00,NYSE:UMC,20.29,20.29,20.12,20.22,74686.0
2026-06-06 00:15:00+08:00,NYSE:UMC,20.215,20.215,20.13,20.14,59469.0
2026-06-06 00:30:00+08:00,NYSE:UMC,20.14,20.15,19.985,20.0,102122.0
2026-06-06 00:45:00+08:00,NYSE:UMC,19.99,20.23,19.95,20.22,103610.0
2026-06-06 01:00:00+08:00,NYSE:UMC,20.22,20.22,20.01,20.05,75564.0
2026-06-06 01:15:00+08:00,NYSE:UMC,20.05,20.19,20.01,20.18,53564.0
2026-06-06 01:30:00+08:00,NYSE:UMC,20.19,20.35,20.17,20.19,42814.0
2026-06-06 01:45:00+08:00,NYSE:UMC,20.2,20.28,20.195,20.27,31214.0
2026-06-06 02:00:00+08:00,NYSE:UMC,20.265,20.28,20.11,20.12,49146.0
2026-06-06 02:15:00+08:00,NYSE:UMC,20.12,20.16,19.96,20.02,114737.0
2026-06-06 02:30:00+08:00,NYSE:UMC,20.02,20.03,19.675,19.77,187086.0
2026-06-06 02:45:00+08:00,NYSE:UMC,19.76,19.99,19.64,19.975,209869.0
2026-06-06 03:00:00+08:00,NYSE:UMC,19.99,20.02,19.76,19.81,191749.0
2026-06-06 03:15:00+08:00,NYSE:UMC,19.81,20.005,19.705,20.0,161204.0
2026-06-06 03:30:00+08:00,NYSE:UMC,19.995,20.02,19.82,19.92,235870.0
2026-06-06 03:45:00+08:00,NYSE:UMC,19.92,20.045,19.69,19.72,403743.0
2026-06-08 21:30:00+08:00,NYSE:UMC,20.29,20.46,20.12,20.28,171820.0
2026-06-08 21:45:00+08:00,NYSE:UMC,20.29,20.36,19.885,19.885,72817.0
2026-06-08 22:00:00+08:00,NYSE:UMC,19.88,20.05,19.72,19.81,96250.0
2026-06-08 22:15:00+08:00,NYSE:UMC,19.77,19.97,19.65,19.965,79783.0
2026-06-08 22:30:00+08:00,NYSE:UMC,19.96,20.14,19.93,20.06,62747.0
2026-06-08 22:45:00+08:00,NYSE:UMC,20.06,20.32,20.06,20.29,67674.0
2026-06-08 23:00:00+08:00,NYSE:UMC,20.29,20.48,20.25,20.465,76610.0
2026-06-08 23:15:00+08:00,NYSE:UMC,20.47,20.57,20.34,20.36,52552.0
2026-06-08 23:30:00+08:00,NYSE:UMC,20.36,20.41,20.26,20.41,33352.0
2026-06-08 23:45:00+08:00,NYSE:UMC,20.41,20.425,20.33,20.35,38951.0
2026-06-09 00:00:00+08:00,NYSE:UMC,20.365,20.4,20.33,20.35,15919.0
2026-06-09 00:15:00+08:00,NYSE:UMC,20.355,20.38,20.28,20.28,25772.0
2026-06-09 00:30:00+08:00,NYSE:UMC,20.29,20.325,20.25,20.28,35807.0
2026-06-09 00:45:00+08:00,NYSE:UMC,20.28,20.33,20.275,20.28,24968.0
2026-06-09 01:00:00+08:00,NYSE:UMC,20.28,20.28,20.11,20.15,32124.0
2026-06-09 01:15:00+08:00,NYSE:UMC,20.145,20.205,20.1,20.205,41732.0
2026-06-09 01:30:00+08:00,NYSE:UMC,20.21,20.22,20.15,20.18,27596.0
2026-06-09 01:45:00+08:00,NYSE:UMC,20.185,20.315,20.185,20.27,31049.0
2026-06-09 02:00:00+08:00,NYSE:UMC,20.28,20.335,20.28,20.3,22666.0
2026-06-09 02:15:00+08:00,NYSE:UMC,20.31,20.34,20.27,20.295,21605.0
2026-06-09 02:30:00+08:00,NYSE:UMC,20.295,20.3,20.15,20.15,21916.0
2026-06-09 02:45:00+08:00,NYSE:UMC,20.15,20.19,20.125,20.16,33355.0
2026-06-09 03:00:00+08:00,NYSE:UMC,20.16,20.16,19.98,19.99,47604.0
2026-06-09 03:15:00+08:00,NYSE:UMC,19.99,20.02,19.94,20.02,62029.0
2026-06-09 03:30:00+08:00,NYSE:UMC,20.02,20.13,19.97,19.985,185922.0
2026-06-09 03:45:00+08:00,NYSE:UMC,19.985,20.05,19.96,19.985,175451.0
2026-06-09 21:30:00+08:00,NYSE:UMC,20.48,20.72,20.42,20.655,148551.0
2026-06-09 21:45:00+08:00,NYSE:UMC,20.66,20.79,20.53,20.56,107989.0
2026-06-09 22:00:00+08:00,NYSE:UMC,20.55,20.55,20.2,20.23,109096.0
2026-06-09 22:15:00+08:00,NYSE:UMC,20.22,20.4,20.06,20.3,137004.0
2026-06-09 22:30:00+08:00,NYSE:UMC,20.29,20.31,19.99,19.99,178420.0
2026-06-09 22:45:00+08:00,NYSE:UMC,19.99,20.03,19.71,20.01,164713.0
2026-06-09 23:00:00+08:00,NYSE:UMC,19.99,20.06,19.81,19.99,84899.0
2026-06-09 23:15:00+08:00,NYSE:UMC,19.98,19.98,19.48,19.49,125481.0
2026-06-09 23:30:00+08:00,NYSE:UMC,19.49,19.64,19.43,19.59,158156.0
2026-06-09 23:45:00+08:00,NYSE:UMC,19.595,19.64,19.22,19.235,88791.0
2026-06-10 00:00:00+08:00,NYSE:UMC,19.23,19.36,19.0,19.06,131883.0
2026-06-10 00:15:00+08:00,NYSE:UMC,19.065,19.065,18.83,18.98,127187.0
2026-06-10 00:30:00+08:00,NYSE:UMC,18.96,19.025,18.7,18.85,173432.0
2026-06-10 00:45:00+08:00,NYSE:UMC,18.85,19.01,18.74,19.01,113296.0
2026-06-10 01:00:00+08:00,NYSE:UMC,19.025,19.38,19.025,19.36,143154.0
2026-06-10 01:15:00+08:00,NYSE:UMC,19.36,19.615,19.32,19.51,103918.0
2026-06-10 01:30:00+08:00,NYSE:UMC,19.5,19.71,19.45,19.63,70837.0
2026-06-10 01:45:00+08:00,NYSE:UMC,19.62,19.65,19.4,19.6,114784.0
2026-06-10 02:00:00+08:00,NYSE:UMC,19.61,19.66,19.52,19.64,72880.0
2026-06-10 02:15:00+08:00,NYSE:UMC,19.63,19.79,19.6,19.79,67872.0
2026-06-10 02:30:00+08:00,NYSE:UMC,19.78,19.88,19.73,19.73,58859.0
2026-06-10 02:45:00+08:00,NYSE:UMC,19.74,19.94,19.705,19.92,72857.0
2026-06-10 03:00:00+08:00,NYSE:UMC,19.925,19.995,19.725,19.73,82688.0
2026-06-10 03:15:00+08:00,NYSE:UMC,19.73,19.845,19.56,19.81,109224.0
2026-06-10 03:30:00+08:00,NYSE:UMC,19.83,19.86,19.67,19.765,109819.0
2026-06-10 03:45:00+08:00,NYSE:UMC,19.77,19.92,19.68,19.905,293348.0
2026-06-10 21:30:00+08:00,NYSE:UMC,19.025,19.49,19.0,19.405,128496.0
2026-06-10 21:45:00+08:00,NYSE:UMC,19.4,19.54,19.155,19.19,136028.0
2026-06-10 22:00:00+08:00,NYSE:UMC,19.18,19.525,19.11,19.38,94001.0
2026-06-10 22:15:00+08:00,NYSE:UMC,19.38,19.595,19.295,19.535,118880.0
2026-06-10 22:30:00+08:00,NYSE:UMC,19.54,19.71,19.475,19.49,108189.0
2026-06-10 22:45:00+08:00,NYSE:UMC,19.49,19.51,19.09,19.19,179935.0
2026-06-10 23:00:00+08:00,NYSE:UMC,19.18,19.27,18.95,18.97,144501.0
2026-06-10 23:15:00+08:00,NYSE:UMC,18.96,19.2,18.87,19.06,122457.0
2026-06-10 23:30:00+08:00,NYSE:UMC,19.06,19.16,18.975,19.09,92833.0
2026-06-10 23:45:00+08:00,NYSE:UMC,19.08,19.1,18.805,19.09,137493.0
2026-06-11 00:00:00+08:00,NYSE:UMC,19.08,19.12,18.935,18.97,64543.0
2026-06-11 00:15:00+08:00,NYSE:UMC,18.97,19.05,18.955,19.03,43965.0
2026-06-11 00:30:00+08:00,NYSE:UMC,19.02,19.19,19.0,19.08,47217.0
2026-06-11 00:45:00+08:00,NYSE:UMC,19.06,19.08,19.0,19.05,35172.0
2026-06-11 01:00:00+08:00,NYSE:UMC,19.04,19.11,18.96,18.97,35240.0
2026-06-11 01:15:00+08:00,NYSE:UMC,18.97,19.03,18.95,19.01,34310.0
2026-06-11 01:30:00+08:00,NYSE:UMC,19.01,19.045,18.975,18.98,42966.0
2026-06-11 01:45:00+08:00,NYSE:UMC,18.98,19.18,18.98,19.15,69621.0
2026-06-11 02:00:00+08:00,NYSE:UMC,19.17,19.18,19.075,19.105,57228.0
2026-06-11 02:15:00+08:00,NYSE:UMC,19.105,19.12,18.99,19.0,38174.0
2026-06-11 02:30:00+08:00,NYSE:UMC,19.0,19.0,18.93,18.96,43653.0
2026-06-11 02:45:00+08:00,NYSE:UMC,18.96,18.97,18.91,18.94,49772.0
2026-06-11 03:00:00+08:00,NYSE:UMC,18.94,19.045,18.9,18.915,56790.0
2026-06-11 03:15:00+08:00,NYSE:UMC,18.92,18.92,18.805,18.9,68840.0
2026-06-11 03:30:00+08:00,NYSE:UMC,18.89,18.99,18.865,18.94,66151.0
2026-06-11 03:45:00+08:00,NYSE:UMC,18.93,19.0,18.825,18.88,202114.0
2026-06-11 21:30:00+08:00,NYSE:UMC,19.89,20.065,19.85,19.99,177222.0
2026-06-11 21:45:00+08:00,NYSE:UMC,19.995,20.34,19.98,20.22,131517.0
2026-06-11 22:00:00+08:00,NYSE:UMC,20.23,20.46,20.18,20.21,80964.0
2026-06-11 22:15:00+08:00,NYSE:UMC,20.19,20.31,20.12,20.25,56357.0
2026-06-11 22:30:00+08:00,NYSE:UMC,20.255,20.315,20.18,20.18,48685.0
2026-06-11 22:45:00+08:00,NYSE:UMC,20.18,20.225,20.025,20.085,42463.0
2026-06-11 23:00:00+08:00,NYSE:UMC,20.08,20.16,19.98,20.125,54389.0
2026-06-11 23:15:00+08:00,NYSE:UMC,20.12,20.195,20.06,20.08,51669.0
2026-06-11 23:30:00+08:00,NYSE:UMC,20.07,20.2,20.05,20.12,39112.0
2026-06-11 23:45:00+08:00,NYSE:UMC,20.12,20.17,20.075,20.14,37593.0
2026-06-12 00:00:00+08:00,NYSE:UMC,20.13,20.2,20.11,20.18,28466.0
2026-06-12 00:15:00+08:00,NYSE:UMC,20.19,20.19,20.08,20.08,33534.0
2026-06-12 00:30:00+08:00,NYSE:UMC,20.08,20.205,20.06,20.125,25146.0
2026-06-12 00:45:00+08:00,NYSE:UMC,20.125,20.15,20.015,20.015,38445.0
2026-06-12 01:00:00+08:00,NYSE:UMC,20.01,20.06,19.955,19.96,22190.0
2026-06-12 01:15:00+08:00,NYSE:UMC,19.97,20.28,19.91,20.15,53263.0
2026-06-12 01:30:00+08:00,NYSE:UMC,20.15,20.57,20.15,20.55,148582.0
2026-06-12 01:45:00+08:00,NYSE:UMC,20.55,20.58,20.4,20.46,37910.0
2026-06-12 02:00:00+08:00,NYSE:UMC,20.47,20.505,20.29,20.42,45019.0
2026-06-12 02:15:00+08:00,NYSE:UMC,20.43,20.485,20.34,20.38,32428.0
2026-06-12 02:30:00+08:00,NYSE:UMC,20.38,20.53,20.38,20.53,43312.0
2026-06-12 02:45:00+08:00,NYSE:UMC,20.52,20.58,20.48,20.51,38601.0
2026-06-12 03:00:00+08:00,NYSE:UMC,20.51,20.65,20.43,20.62,56379.0
2026-06-12 03:15:00+08:00,NYSE:UMC,20.635,20.735,20.635,20.71,68161.0
2026-06-12 03:30:00+08:00,NYSE:UMC,20.71,20.84,20.675,20.69,131120.0
2026-06-12 03:45:00+08:00,NYSE:UMC,20.68,20.73,20.55,20.65,339288.0
2026-06-12 21:30:00+08:00,NYSE:UMC,20.79,21.24,20.66,21.03,131731.0
2026-06-12 21:45:00+08:00,NYSE:UMC,21.025,21.12,20.94,21.08,77455.0
2026-06-12 22:00:00+08:00,NYSE:UMC,21.09,21.38,21.07,21.26,80847.0
2026-06-12 22:15:00+08:00,NYSE:UMC,21.26,21.37,21.155,21.2,80768.0
2026-06-12 22:30:00+08:00,NYSE:UMC,21.18,21.33,21.14,21.14,40961.0
2026-06-12 22:45:00+08:00,NYSE:UMC,21.145,21.445,21.08,21.41,54240.0
2026-06-12 23:00:00+08:00,NYSE:UMC,21.405,21.6,21.39,21.53,133137.0
2026-06-12 23:15:00+08:00,NYSE:UMC,21.53,21.64,21.51,21.62,23511.0
2026-06-12 23:30:00+08:00,NYSE:UMC,21.61,21.67,21.46,21.47,31464.0
2026-06-12 23:45:00+08:00,NYSE:UMC,21.5,21.6,21.37,21.405,25418.0
2026-06-13 00:00:00+08:00,NYSE:UMC,21.41,21.74,21.37,21.65,30996.0
2026-06-13 00:15:00+08:00,NYSE:UMC,21.67,21.69,21.58,21.65,16860.0
2026-06-13 00:30:00+08:00,NYSE:UMC,21.65,21.71,21.64,21.66,20630.0
2026-06-13 00:45:00+08:00,NYSE:UMC,21.67,21.735,21.65,21.71,12433.0
2026-06-13 01:00:00+08:00,NYSE:UMC,21.72,21.77,21.695,21.74,16090.0
2026-06-13 01:15:00+08:00,NYSE:UMC,21.74,21.775,21.69,21.74,12302.0
2026-06-13 01:30:00+08:00,NYSE:UMC,21.74,21.76,21.69,21.74,18793.0
2026-06-13 01:45:00+08:00,NYSE:UMC,21.74,21.775,21.68,21.72,16337.0
2026-06-13 02:00:00+08:00,NYSE:UMC,21.72,21.72,21.635,21.66,16949.0
2026-06-13 02:15:00+08:00,NYSE:UMC,21.66,21.68,21.615,21.67,12800.0
2026-06-13 02:30:00+08:00,NYSE:UMC,21.68,21.73,21.66,21.71,9631.0
2026-06-13 02:45:00+08:00,NYSE:UMC,21.71,21.73,21.615,21.635,19454.0
2026-06-13 03:00:00+08:00,NYSE:UMC,21.63,21.725,21.63,21.64,17647.0
2026-06-13 03:15:00+08:00,NYSE:UMC,21.63,21.675,21.62,21.625,19465.0
2026-06-13 03:30:00+08:00,NYSE:UMC,21.63,21.67,21.555,21.63,51458.0
2026-06-13 03:45:00+08:00,NYSE:UMC,21.63,21.7,21.57,21.62,206848.0
2026-06-15 21:30:00+08:00,NYSE:UMC,22.5,23.09,22.39,23.07,323612.0
2026-06-15 21:45:00+08:00,NYSE:UMC,23.075,23.215,23.05,23.16,216426.0
2026-06-15 22:00:00+08:00,NYSE:UMC,23.165,23.36,23.01,23.07,125331.0
2026-06-15 22:15:00+08:00,NYSE:UMC,23.08,23.19,23.01,23.16,37961.0
2026-06-15 22:30:00+08:00,NYSE:UMC,23.17,23.24,23.07,23.175,52293.0
2026-06-15 22:45:00+08:00,NYSE:UMC,23.18,23.245,23.085,23.1,34393.0
2026-06-15 23:00:00+08:00,NYSE:UMC,23.11,23.19,23.095,23.125,35193.0
2026-06-15 23:15:00+08:00,NYSE:UMC,23.125,23.16,23.075,23.125,18022.0
2026-06-15 23:30:00+08:00,NYSE:UMC,23.125,23.155,23.085,23.085,20509.0
2026-06-15 23:45:00+08:00,NYSE:UMC,23.1,23.14,23.09,23.11,16452.0
2026-06-16 00:00:00+08:00,NYSE:UMC,23.11,23.205,23.11,23.195,32795.0
2026-06-16 00:15:00+08:00,NYSE:UMC,23.19,23.23,23.18,23.205,12444.0
2026-06-16 00:30:00+08:00,NYSE:UMC,23.2,23.215,23.155,23.215,20406.0
2026-06-16 00:45:00+08:00,NYSE:UMC,23.21,23.21,23.175,23.175,12253.0
2026-06-16 01:00:00+08:00,NYSE:UMC,23.175,23.19,23.105,23.145,23558.0
2026-06-16 01:15:00+08:00,NYSE:UMC,23.14,23.185,23.14,23.17,16183.0
2026-06-16 01:30:00+08:00,NYSE:UMC,23.175,23.195,23.145,23.175,22577.0
2026-06-16 01:45:00+08:00,NYSE:UMC,23.175,23.18,23.125,23.13,14304.0
2026-06-16 02:00:00+08:00,NYSE:UMC,23.13,23.22,23.13,23.215,11372.0
2026-06-16 02:15:00+08:00,NYSE:UMC,23.215,23.25,23.18,23.18,19134.0
2026-06-16 02:30:00+08:00,NYSE:UMC,23.18,23.215,23.17,23.205,14835.0
2026-06-16 02:45:00+08:00,NYSE:UMC,23.2,23.205,23.155,23.16,22878.0
2026-06-16 03:00:00+08:00,NYSE:UMC,23.155,23.185,23.105,23.15,23773.0
2026-06-16 03:15:00+08:00,NYSE:UMC,23.15,23.175,23.085,23.115,21509.0
2026-06-16 03:30:00+08:00,NYSE:UMC,23.11,23.125,23.07,23.08,56867.0
2026-06-16 03:45:00+08:00,NYSE:UMC,23.085,23.14,23.05,23.07,206697.0
2026-06-16 21:30:00+08:00,NYSE:UMC,22.43,22.53,22.32,22.38,83271.0
2026-06-16 21:45:00+08:00,NYSE:UMC,22.37,22.475,22.33,22.395,32238.0
2026-06-16 22:00:00+08:00,NYSE:UMC,22.42,22.45,22.32,22.32,27479.0
2026-06-16 22:15:00+08:00,NYSE:UMC,22.32,22.34,22.005,22.11,58515.0
2026-06-16 22:30:00+08:00,NYSE:UMC,22.1,22.19,21.95,22.165,60290.0
2026-06-16 22:45:00+08:00,NYSE:UMC,22.15,22.15,21.925,21.955,29445.0
2026-06-16 23:00:00+08:00,NYSE:UMC,21.96,22.05,21.93,21.995,20504.0
2026-06-16 23:15:00+08:00,NYSE:UMC,21.99,22.03,21.8,21.865,47611.0
2026-06-16 23:30:00+08:00,NYSE:UMC,21.9,21.945,21.78,21.79,28436.0
2026-06-16 23:45:00+08:00,NYSE:UMC,21.8,21.95,21.7,21.88,27184.0
2026-06-17 00:00:00+08:00,NYSE:UMC,21.89,22.09,21.885,22.06,51487.0
2026-06-17 00:15:00+08:00,NYSE:UMC,22.05,22.09,21.975,22.07,25081.0
2026-06-17 00:30:00+08:00,NYSE:UMC,22.07,22.07,21.9,22.01,23407.0
2026-06-17 00:45:00+08:00,NYSE:UMC,21.99,22.065,21.99,22.05,18887.0
2026-06-17 01:00:00+08:00,NYSE:UMC,22.05,22.05,21.97,22.015,19750.0
2026-06-17 01:15:00+08:00,NYSE:UMC,22.015,22.04,21.98,22.03,16175.0
2026-06-17 01:30:00+08:00,NYSE:UMC,22.02,22.05,21.96,22.005,18621.0
2026-06-17 01:45:00+08:00,NYSE:UMC,22.01,22.13,22.01,22.085,24645.0
2026-06-17 02:00:00+08:00,NYSE:UMC,22.08,22.115,22.07,22.07,20356.0
2026-06-17 02:15:00+08:00,NYSE:UMC,22.06,22.085,22.01,22.085,18083.0
2026-06-17 02:30:00+08:00,NYSE:UMC,22.08,22.08,22.005,22.035,20903.0
2026-06-17 02:45:00+08:00,NYSE:UMC,22.04,22.04,21.96,21.99,21408.0
2026-06-17 03:00:00+08:00,NYSE:UMC,21.99,22.1,21.845,21.86,41451.0
2026-06-17 03:15:00+08:00,NYSE:UMC,21.85,21.99,21.805,21.97,69088.0
2026-06-17 03:30:00+08:00,NYSE:UMC,21.97,22.025,21.78,21.87,73048.0
2026-06-17 03:45:00+08:00,NYSE:UMC,21.865,21.875,21.59,21.635,221375.0
2026-06-17 21:30:00+08:00,NYSE:UMC,22.11,22.33,22.11,22.21,73660.0
2026-06-17 21:45:00+08:00,NYSE:UMC,22.27,22.27,22.05,22.065,30015.0
2026-06-17 22:00:00+08:00,NYSE:UMC,22.05,22.17,22.02,22.13,46057.0
2026-06-17 22:15:00+08:00,NYSE:UMC,22.13,22.175,22.02,22.125,129269.0
2026-06-17 22:30:00+08:00,NYSE:UMC,22.12,22.18,22.07,22.155,22393.0
2026-06-17 22:45:00+08:00,NYSE:UMC,22.155,22.19,21.99,22.1,43296.0
2026-06-17 23:00:00+08:00,NYSE:UMC,22.1,22.15,22.09,22.13,16283.0
2026-06-17 23:15:00+08:00,NYSE:UMC,22.135,22.18,22.11,22.16,21220.0
2026-06-17 23:30:00+08:00,NYSE:UMC,22.16,22.19,22.14,22.16,18373.0
2026-06-17 23:45:00+08:00,NYSE:UMC,22.16,22.2,22.16,22.19,11504.0
2026-06-18 00:00:00+08:00,NYSE:UMC,22.185,22.21,22.155,22.16,20733.0
2026-06-18 00:15:00+08:00,NYSE:UMC,22.15,22.195,22.135,22.18,11955.0
2026-06-18 00:30:00+08:00,NYSE:UMC,22.185,22.32,22.185,22.3,23741.0
2026-06-18 00:45:00+08:00,NYSE:UMC,22.29,22.29,22.235,22.26,10417.0
2026-06-18 01:00:00+08:00,NYSE:UMC,22.26,22.26,22.18,22.23,20351.0
2026-06-18 01:15:00+08:00,NYSE:UMC,22.22,22.26,22.2,22.26,10995.0
2026-06-18 01:30:00+08:00,NYSE:UMC,22.25,22.27,22.235,22.255,12078.0
2026-06-18 01:45:00+08:00,NYSE:UMC,22.255,22.33,22.245,22.33,11623.0
2026-06-18 02:00:00+08:00,NYSE:UMC,22.33,22.33,21.91,22.12,55114.0
2026-06-18 02:15:00+08:00,NYSE:UMC,22.13,22.2,22.065,22.11,29223.0
2026-06-18 02:30:00+08:00,NYSE:UMC,22.11,22.52,22.09,22.52,77527.0
2026-06-18 02:45:00+08:00,NYSE:UMC,22.52,22.52,22.21,22.28,44395.0
2026-06-18 03:00:00+08:00,NYSE:UMC,22.28,22.36,22.15,22.32,40365.0
2026-06-18 03:15:00+08:00,NYSE:UMC,22.32,22.32,21.995,22.05,65106.0
2026-06-18 03:30:00+08:00,NYSE:UMC,22.05,22.11,21.8,21.84,57210.0
2026-06-18 03:45:00+08:00,NYSE:UMC,21.86,21.965,21.745,21.77,120069.0
2026-06-18 21:30:00+08:00,NYSE:UMC,23.48,23.48,23.1,23.31,174708.0
2026-06-18 21:45:00+08:00,NYSE:UMC,23.305,23.44,23.215,23.37,87928.0
2026-06-18 22:00:00+08:00,NYSE:UMC,23.37,23.45,23.285,23.45,46198.0
2026-06-18 22:15:00+08:00,NYSE:UMC,23.45,23.49,23.36,23.39,61192.0
2026-06-18 22:30:00+08:00,NYSE:UMC,23.39,23.48,23.33,23.385,31462.0
2026-06-18 22:45:00+08:00,NYSE:UMC,23.39,23.695,23.35,23.6,82917.0
2026-06-18 23:00:00+08:00,NYSE:UMC,23.59,23.68,23.52,23.57,33269.0
2026-06-18 23:15:00+08:00,NYSE:UMC,23.575,23.58,23.45,23.46,25345.0
2026-06-18 23:30:00+08:00,NYSE:UMC,23.465,23.51,23.31,23.34,70669.0
2026-06-18 23:45:00+08:00,NYSE:UMC,23.34,23.59,23.325,23.58,39228.0
2026-06-19 00:00:00+08:00,NYSE:UMC,23.58,23.58,23.5,23.51,19922.0
2026-06-19 00:15:00+08:00,NYSE:UMC,23.51,23.585,23.48,23.57,23272.0
2026-06-19 00:30:00+08:00,NYSE:UMC,23.56,23.605,23.53,23.6,14856.0
2026-06-19 00:45:00+08:00,NYSE:UMC,23.6,23.615,23.5,23.57,20485.0
2026-06-19 01:00:00+08:00,NYSE:UMC,23.565,23.63,23.525,23.62,21548.0
2026-06-19 01:15:00+08:00,NYSE:UMC,23.625,23.785,23.62,23.775,38944.0
2026-06-19 01:30:00+08:00,NYSE:UMC,23.77,23.83,23.77,23.825,19180.0
2026-06-19 01:45:00+08:00,NYSE:UMC,23.825,23.835,23.705,23.71,22368.0
2026-06-19 02:00:00+08:00,NYSE:UMC,23.71,23.77,23.705,23.72,23438.0
2026-06-19 02:15:00+08:00,NYSE:UMC,23.72,23.74,23.69,23.695,22286.0
2026-06-19 02:30:00+08:00,NYSE:UMC,23.695,23.73,23.665,23.705,26679.0
2026-06-19 02:45:00+08:00,NYSE:UMC,23.705,23.74,23.695,23.73,17351.0
2026-06-19 03:00:00+08:00,NYSE:UMC,23.73,23.765,23.675,23.76,43089.0
2026-06-19 03:15:00+08:00,NYSE:UMC,23.765,23.825,23.73,23.78,47774.0
2026-06-19 03:30:00+08:00,NYSE:UMC,23.775,24.0,23.745,23.995,89471.0
2026-06-19 03:45:00+08:00,NYSE:UMC,23.995,24.165,23.985,24.08,328812.0
2026-06-22 21:30:00+08:00,NYSE:UMC,26.8,28.07,26.8,27.52,214951.0
2026-06-22 21:45:00+08:00,NYSE:UMC,27.52,27.96,27.51,27.91,196235.0
2026-06-22 22:00:00+08:00,NYSE:UMC,27.92,28.135,27.66,27.96,277958.0
2026-06-22 22:15:00+08:00,NYSE:UMC,27.965,27.995,27.56,27.8,133978.0
2026-06-22 22:30:00+08:00,NYSE:UMC,27.82,27.975,27.69,27.72,149905.0
2026-06-22 22:45:00+08:00,NYSE:UMC,27.73,28.175,27.73,28.09,300719.0
2026-06-22 23:00:00+08:00,NYSE:UMC,28.08,28.27,27.92,27.935,126550.0
2026-06-22 23:15:00+08:00,NYSE:UMC,27.93,27.95,27.65,27.81,57268.0
2026-06-22 23:30:00+08:00,NYSE:UMC,27.79,27.88,27.675,27.84,43354.0
2026-06-22 23:45:00+08:00,NYSE:UMC,27.83,27.885,27.71,27.71,57960.0
2026-06-23 00:00:00+08:00,NYSE:UMC,27.71,27.71,27.47,27.64,60362.0
2026-06-23 00:15:00+08:00,NYSE:UMC,27.64,27.72,27.57,27.67,20632.0
2026-06-23 00:30:00+08:00,NYSE:UMC,27.66,27.67,27.54,27.54,31373.0
2026-06-23 00:45:00+08:00,NYSE:UMC,27.545,27.805,27.5,27.73,43532.0
2026-06-23 01:00:00+08:00,NYSE:UMC,27.72,27.765,27.56,27.57,34528.0
2026-06-23 01:15:00+08:00,NYSE:UMC,27.59,27.695,27.59,27.645,27855.0
2026-06-23 01:30:00+08:00,NYSE:UMC,27.64,27.64,27.45,27.455,26852.0
2026-06-23 01:45:00+08:00,NYSE:UMC,27.47,27.575,27.45,27.53,31202.0
2026-06-23 02:00:00+08:00,NYSE:UMC,27.55,27.615,27.54,27.565,19133.0
2026-06-23 02:15:00+08:00,NYSE:UMC,27.57,27.63,27.55,27.59,19767.0
2026-06-23 02:30:00+08:00,NYSE:UMC,27.59,27.63,27.485,27.495,18227.0
2026-06-23 02:45:00+08:00,NYSE:UMC,27.49,27.575,27.49,27.5,25761.0
2026-06-23 03:00:00+08:00,NYSE:UMC,27.51,27.56,27.47,27.52,13593.0
2026-06-23 03:15:00+08:00,NYSE:UMC,27.515,27.515,27.395,27.42,49684.0
2026-06-23 03:30:00+08:00,NYSE:UMC,27.42,27.48,27.31,27.315,34125.0
2026-06-23 03:45:00+08:00,NYSE:UMC,27.32,27.51,27.18,27.48,264387.0
2026-06-23 21:30:00+08:00,NYSE:UMC,25.93,26.52,25.89,26.0,143192.0
2026-06-23 21:45:00+08:00,NYSE:UMC,25.97,26.47,25.89,26.455,106212.0
2026-06-23 22:00:00+08:00,NYSE:UMC,26.44,26.685,26.43,26.57,68259.0
2026-06-23 22:15:00+08:00,NYSE:UMC,26.56,26.7,26.31,26.39,51435.0
2026-06-23 22:30:00+08:00,NYSE:UMC,26.39,26.44,26.195,26.21,69010.0
2026-06-23 22:45:00+08:00,NYSE:UMC,26.21,26.31,26.08,26.27,60381.0
2026-06-23 23:00:00+08:00,NYSE:UMC,26.28,26.42,26.125,26.16,49633.0
2026-06-23 23:15:00+08:00,NYSE:UMC,26.17,26.27,26.12,26.17,159592.0
2026-06-23 23:30:00+08:00,NYSE:UMC,26.18,26.38,26.18,26.2,29917.0
2026-06-23 23:45:00+08:00,NYSE:UMC,26.2,26.38,26.16,26.355,28636.0
2026-06-24 00:00:00+08:00,NYSE:UMC,26.36,26.65,26.33,26.63,44570.0
2026-06-24 00:15:00+08:00,NYSE:UMC,26.63,26.63,26.37,26.485,57305.0
2026-06-24 00:30:00+08:00,NYSE:UMC,26.49,26.58,26.405,26.57,28038.0
2026-06-24 00:45:00+08:00,NYSE:UMC,26.58,26.58,26.465,26.525,24262.0
2026-06-24 01:00:00+08:00,NYSE:UMC,26.53,26.595,26.415,26.535,28090.0
2026-06-24 01:15:00+08:00,NYSE:UMC,26.55,26.65,26.495,26.61,22203.0
2026-06-24 01:30:00+08:00,NYSE:UMC,26.6,26.6,26.445,26.465,18784.0
2026-06-24 01:45:00+08:00,NYSE:UMC,26.46,26.47,26.37,26.39,26158.0
2026-06-24 02:00:00+08:00,NYSE:UMC,26.4,26.46,26.355,26.375,29629.0
2026-06-24 02:15:00+08:00,NYSE:UMC,26.375,26.46,26.325,26.445,21814.0
2026-06-24 02:30:00+08:00,NYSE:UMC,26.45,26.45,26.22,26.24,22417.0
2026-06-24 02:45:00+08:00,NYSE:UMC,26.24,26.27,26.13,26.235,34073.0
2026-06-24 03:00:00+08:00,NYSE:UMC,26.21,26.43,26.155,26.285,55774.0
2026-06-24 03:15:00+08:00,NYSE:UMC,26.275,26.39,26.15,26.37,58306.0
2026-06-24 03:30:00+08:00,NYSE:UMC,26.37,26.43,26.295,26.34,83897.0
2026-06-24 03:45:00+08:00,NYSE:UMC,26.36,26.39,26.175,26.22,366033.0
2026-06-24 21:30:00+08:00,NYSE:UMC,26.69,27.51,26.43,26.64,194060.0
2026-06-24 21:45:00+08:00,NYSE:UMC,26.63,27.38,26.63,27.15,90704.0
2026-06-24 22:00:00+08:00,NYSE:UMC,27.16,27.49,26.895,27.42,113078.0
2026-06-24 22:15:00+08:00,NYSE:UMC,27.42,27.67,27.11,27.57,87875.0
2026-06-24 22:30:00+08:00,NYSE:UMC,27.59,27.98,27.59,27.81,84231.0
2026-06-24 22:45:00+08:00,NYSE:UMC,27.8,28.125,27.77,28.12,53271.0
2026-06-24 23:00:00+08:00,NYSE:UMC,28.1,28.265,27.97,28.23,111840.0
2026-06-24 23:15:00+08:00,NYSE:UMC,28.22,28.48,28.21,28.43,147872.0
2026-06-24 23:30:00+08:00,NYSE:UMC,28.425,28.575,28.15,28.38,93872.0
2026-06-24 23:45:00+08:00,NYSE:UMC,28.375,28.5,28.3,28.455,45742.0
2026-06-25 00:00:00+08:00,NYSE:UMC,28.485,28.62,28.415,28.615,26030.0
2026-06-25 00:15:00+08:00,NYSE:UMC,28.615,28.655,28.565,28.645,27524.0
2026-06-25 00:30:00+08:00,NYSE:UMC,28.64,28.64,28.23,28.285,43447.0
2026-06-25 00:45:00+08:00,NYSE:UMC,28.285,28.35,28.11,28.19,48407.0
2026-06-25 01:00:00+08:00,NYSE:UMC,28.17,28.26,27.905,27.905,42666.0
2026-06-25 01:15:00+08:00,NYSE:UMC,27.95,27.96,27.74,27.76,27210.0
2026-06-25 01:30:00+08:00,NYSE:UMC,27.765,27.86,27.615,27.625,39457.0
2026-06-25 01:45:00+08:00,NYSE:UMC,27.625,27.77,27.565,27.68,38984.0
2026-06-25 02:00:00+08:00,NYSE:UMC,27.68,27.735,27.57,27.71,42846.0
2026-06-25 02:15:00+08:00,NYSE:UMC,27.72,28.0,27.715,27.97,33774.0
2026-06-25 02:30:00+08:00,NYSE:UMC,27.97,27.99,27.745,27.77,28573.0
2026-06-25 02:45:00+08:00,NYSE:UMC,27.77,27.79,27.575,27.635,32483.0
2026-06-25 03:00:00+08:00,NYSE:UMC,27.655,27.82,27.41,27.495,40687.0
2026-06-25 03:15:00+08:00,NYSE:UMC,27.5,27.805,27.435,27.78,40089.0
2026-06-25 03:30:00+08:00,NYSE:UMC,27.785,27.86,27.595,27.66,42069.0
2026-06-25 03:45:00+08:00,NYSE:UMC,27.67,28.09,27.64,28.015,201165.0
2026-06-25 21:30:00+08:00,NYSE:UMC,28.255,28.96,27.95,28.04,174772.0
2026-06-25 21:45:00+08:00,NYSE:UMC,28.08,28.22,27.45,27.61,206985.0
2026-06-25 22:00:00+08:00,NYSE:UMC,27.605,27.94,27.5,27.5,98073.0
2026-06-25 22:15:00+08:00,NYSE:UMC,27.5,27.75,27.34,27.585,71967.0
2026-06-25 22:30:00+08:00,NYSE:UMC,27.56,27.71,27.44,27.495,81351.0
2026-06-25 22:45:00+08:00,NYSE:UMC,27.505,27.87,27.42,27.67,68288.0
2026-06-25 23:00:00+08:00,NYSE:UMC,27.695,27.9,27.52,27.56,45666.0
2026-06-25 23:15:00+08:00,NYSE:UMC,27.52,27.71,27.49,27.555,50981.0
2026-06-25 23:30:00+08:00,NYSE:UMC,27.545,27.7,27.54,27.69,18068.0
2026-06-25 23:45:00+08:00,NYSE:UMC,27.68,27.895,27.68,27.75,29341.0
2026-06-26 00:00:00+08:00,NYSE:UMC,27.75,28.03,27.74,27.9,60065.0
2026-06-26 00:15:00+08:00,NYSE:UMC,27.915,27.94,27.65,27.73,101530.0
2026-06-26 00:30:00+08:00,NYSE:UMC,27.73,27.74,27.41,27.43,62235.0
2026-06-26 00:45:00+08:00,NYSE:UMC,27.435,27.675,27.34,27.67,33221.0
2026-06-26 01:00:00+08:00,NYSE:UMC,27.68,27.92,27.68,27.87,25275.0
2026-06-26 01:15:00+08:00,NYSE:UMC,27.88,27.98,27.805,27.95,23921.0
2026-06-26 01:30:00+08:00,NYSE:UMC,27.96,27.965,27.79,27.815,18461.0
2026-06-26 01:45:00+08:00,NYSE:UMC,27.81,27.92,27.75,27.91,15744.0
2026-06-26 02:00:00+08:00,NYSE:UMC,27.91,27.93,27.735,27.845,18392.0
2026-06-26 02:15:00+08:00,NYSE:UMC,27.84,27.94,27.8,27.91,12825.0
2026-06-26 02:30:00+08:00,NYSE:UMC,27.895,27.895,27.685,27.76,17048.0
2026-06-26 02:45:00+08:00,NYSE:UMC,27.735,27.8,27.61,27.8,20096.0
2026-06-26 03:00:00+08:00,NYSE:UMC,27.8,27.825,27.63,27.65,24550.0
2026-06-26 03:15:00+08:00,NYSE:UMC,27.64,27.79,27.53,27.78,29704.0
2026-06-26 03:30:00+08:00,NYSE:UMC,27.78,27.79,27.63,27.765,39329.0
2026-06-26 03:45:00+08:00,NYSE:UMC,27.775,27.79,27.53,27.685,185366.0
2026-06-26 21:30:00+08:00,NYSE:UMC,25.5,26.09,25.15,25.46,165652.0
2026-06-26 21:45:00+08:00,NYSE:UMC,25.455,25.55,25.17,25.465,84855.0
2026-06-26 22:00:00+08:00,NYSE:UMC,25.46,25.835,25.44,25.685,39231.0
2026-06-26 22:15:00+08:00,NYSE:UMC,25.7,25.8,25.53,25.67,46042.0
2026-06-26 22:30:00+08:00,NYSE:UMC,25.66,25.71,25.19,25.23,62039.0
2026-06-26 22:45:00+08:00,NYSE:UMC,25.235,25.375,25.115,25.17,75297.0
2026-06-26 23:00:00+08:00,NYSE:UMC,25.16,25.245,24.87,25.1,69407.0
2026-06-26 23:15:00+08:00,NYSE:UMC,25.1,25.415,25.03,25.405,34090.0
2026-06-26 23:30:00+08:00,NYSE:UMC,25.42,25.475,25.27,25.44,27309.0
2026-06-26 23:45:00+08:00,NYSE:UMC,25.435,25.48,25.285,25.42,25157.0
2026-06-27 00:00:00+08:00,NYSE:UMC,25.4,25.44,25.33,25.43,18265.0
2026-06-27 00:15:00+08:00,NYSE:UMC,25.43,25.47,25.325,25.455,19121.0
2026-06-27 00:30:00+08:00,NYSE:UMC,25.465,25.645,25.455,25.63,14047.0
2026-06-27 00:45:00+08:00,NYSE:UMC,25.625,25.7,25.595,25.635,12994.0
2026-06-27 01:00:00+08:00,NYSE:UMC,25.63,25.83,25.625,25.8,11708.0
2026-06-27 01:15:00+08:00,NYSE:UMC,25.785,25.79,25.695,25.775,21315.0
2026-06-27 01:30:00+08:00,NYSE:UMC,25.77,25.8,25.6,25.6,21860.0
2026-06-27 01:45:00+08:00,NYSE:UMC,25.59,25.695,25.59,25.64,29019.0
2026-06-27 02:00:00+08:00,NYSE:UMC,25.63,25.635,25.55,25.57,11176.0
2026-06-27 02:15:00+08:00,NYSE:UMC,25.58,25.58,25.51,25.54,16001.0
2026-06-27 02:30:00+08:00,NYSE:UMC,25.54,25.56,25.51,25.535,11705.0
2026-06-27 02:45:00+08:00,NYSE:UMC,25.53,25.55,25.48,25.545,14503.0
2026-06-27 03:00:00+08:00,NYSE:UMC,25.545,25.67,25.465,25.62,27116.0
2026-06-27 03:15:00+08:00,NYSE:UMC,25.61,25.61,25.495,25.61,19674.0
2026-06-27 03:30:00+08:00,NYSE:UMC,25.61,25.825,25.57,25.795,38457.0
2026-06-27 03:45:00+08:00,NYSE:UMC,25.79,25.955,25.575,25.58,197678.0
2026-06-29 21:30:00+08:00,NYSE:UMC,25.75,25.97,25.53,25.97,59996.0
2026-06-29 21:45:00+08:00,NYSE:UMC,25.945,25.95,25.42,25.53,44428.0
2026-06-29 22:00:00+08:00,NYSE:UMC,25.53,25.535,25.0,25.0,49232.0
2026-06-29 22:15:00+08:00,NYSE:UMC,24.96,25.685,24.82,25.66,46098.0
2026-06-29 22:30:00+08:00,NYSE:UMC,25.655,25.78,25.535,25.56,27176.0
2026-06-29 22:45:00+08:00,NYSE:UMC,25.55,25.805,25.35,25.8,27087.0
2026-06-29 23:00:00+08:00,NYSE:UMC,25.8,25.84,25.69,25.805,20775.0
2026-06-29 23:15:00+08:00,NYSE:UMC,25.79,25.85,25.65,25.815,16241.0
2026-06-29 23:30:00+08:00,NYSE:UMC,25.825,26.09,25.825,26.09,19903.0
2026-06-29 23:45:00+08:00,NYSE:UMC,26.07,26.165,26.03,26.13,20123.0
2026-06-30 00:00:00+08:00,NYSE:UMC,26.14,26.5,26.13,26.45,30466.0
2026-06-30 00:15:00+08:00,NYSE:UMC,26.45,26.53,26.38,26.41,19411.0
2026-06-30 00:30:00+08:00,NYSE:UMC,26.42,26.61,26.33,26.61,15570.0
2026-06-30 00:45:00+08:00,NYSE:UMC,26.61,26.64,26.57,26.6,10855.0
2026-06-30 01:00:00+08:00,NYSE:UMC,26.63,26.71,26.625,26.69,9609.0
2026-06-30 01:15:00+08:00,NYSE:UMC,26.69,26.69,26.505,26.63,12617.0
2026-06-30 01:30:00+08:00,NYSE:UMC,26.62,26.68,26.545,26.67,10824.0
2026-06-30 01:45:00+08:00,NYSE:UMC,26.66,26.745,26.63,26.67,13235.0
2026-06-30 02:00:00+08:00,NYSE:UMC,26.655,26.73,26.645,26.725,12238.0
2026-06-30 02:15:00+08:00,NYSE:UMC,26.725,26.805,26.715,26.73,13682.0
2026-06-30 02:30:00+08:00,NYSE:UMC,26.73,26.79,26.71,26.785,12604.0
2026-06-30 02:45:00+08:00,NYSE:UMC,26.78,26.79,26.745,26.76,26181.0
2026-06-30 03:00:00+08:00,NYSE:UMC,26.77,26.78,26.585,26.615,26673.0
2026-06-30 03:15:00+08:00,NYSE:UMC,26.61,26.84,26.595,26.805,24697.0
2026-06-30 03:30:00+08:00,NYSE:UMC,26.79,26.79,26.635,26.705,30841.0
2026-06-30 03:45:00+08:00,NYSE:UMC,26.705,26.86,26.62,26.855,130606.0
2026-06-30 21:30:00+08:00,NYSE:UMC,26.305,26.69,26.16,26.69,66299.0
2026-06-30 21:45:00+08:00,NYSE:UMC,26.7,26.88,26.64,26.88,43590.0
2026-06-30 22:00:00+08:00,NYSE:UMC,26.9,26.97,26.745,26.875,39720.0
2026-06-30 22:15:00+08:00,NYSE:UMC,26.88,27.06,26.81,27.04,30512.0
2026-06-30 22:30:00+08:00,NYSE:UMC,27.03,27.08,26.855,26.9,20873.0
2026-06-30 22:45:00+08:00,NYSE:UMC,26.88,26.88,26.71,26.73,26406.0
2026-06-30 23:00:00+08:00,NYSE:UMC,26.73,26.96,26.73,26.92,22430.0
2026-06-30 23:15:00+08:00,NYSE:UMC,26.91,26.92,26.79,26.79,23062.0
2026-06-30 23:30:00+08:00,NYSE:UMC,26.78,26.805,26.71,26.76,20397.0
2026-06-30 23:45:00+08:00,NYSE:UMC,26.755,26.86,26.71,26.71,17719.0
2026-07-01 00:00:00+08:00,NYSE:UMC,26.71,26.78,26.71,26.76,9870.0
2026-07-01 00:15:00+08:00,NYSE:UMC,26.76,26.785,26.74,26.75,7614.0
2026-07-01 00:30:00+08:00,NYSE:UMC,26.76,26.78,26.67,26.75,11568.0
2026-07-01 00:45:00+08:00,NYSE:UMC,26.755,26.815,26.75,26.77,6136.0
2026-07-01 01:00:00+08:00,NYSE:UMC,26.77,26.84,26.76,26.795,12915.0
2026-07-01 01:15:00+08:00,NYSE:UMC,26.79,26.82,26.765,26.78,12468.0
2026-07-01 01:30:00+08:00,NYSE:UMC,26.78,26.85,26.78,26.84,11704.0
2026-07-01 01:45:00+08:00,NYSE:UMC,26.83,26.875,26.815,26.825,10310.0
2026-07-01 02:00:00+08:00,NYSE:UMC,26.84,26.9,26.825,26.86,9885.0
2026-07-01 02:15:00+08:00,NYSE:UMC,26.84,26.88,26.84,26.87,9963.0
2026-07-01 02:30:00+08:00,NYSE:UMC,26.86,27.0,26.86,27.0,13232.0
2026-07-01 02:45:00+08:00,NYSE:UMC,27.01,27.06,26.95,26.95,12893.0
2026-07-01 03:00:00+08:00,NYSE:UMC,26.95,27.095,26.9,27.07,24175.0
2026-07-01 03:15:00+08:00,NYSE:UMC,27.07,27.125,27.055,27.075,18990.0
2026-07-01 03:30:00+08:00,NYSE:UMC,27.07,27.16,27.03,27.15,32201.0
2026-07-01 03:45:00+08:00,NYSE:UMC,27.17,27.27,27.07,27.195,135472.0
2026-07-01 21:30:00+08:00,NYSE:UMC,26.27,26.49,25.88,26.19,161185.0
2026-07-01 21:45:00+08:00,NYSE:UMC,26.14,26.49,26.1,26.44,79882.0
2026-07-01 22:00:00+08:00,NYSE:UMC,26.44,26.57,26.325,26.325,40181.0
2026-07-01 22:15:00+08:00,NYSE:UMC,26.335,26.385,26.19,26.275,23947.0
2026-07-01 22:30:00+08:00,NYSE:UMC,26.275,26.275,26.05,26.06,35950.0
2026-07-01 22:45:00+08:00,NYSE:UMC,26.06,26.09,25.905,25.96,101602.0
2026-07-01 23:00:00+08:00,NYSE:UMC,25.98,26.215,25.965,26.08,47765.0
2026-07-01 23:15:00+08:00,NYSE:UMC,26.105,26.235,26.075,26.19,36450.0
2026-07-01 23:30:00+08:00,NYSE:UMC,26.19,26.26,26.13,26.155,19343.0
2026-07-01 23:45:00+08:00,NYSE:UMC,26.15,26.15,25.89,25.935,37109.0
2026-07-02 00:00:00+08:00,NYSE:UMC,25.94,26.01,25.91,25.98,33029.0
2026-07-02 00:15:00+08:00,NYSE:UMC,25.98,26.205,25.98,26.09,34838.0
2026-07-02 00:30:00+08:00,NYSE:UMC,26.08,26.14,25.98,26.05,17888.0
2026-07-02 00:45:00+08:00,NYSE:UMC,26.05,26.1,26.035,26.07,21744.0
2026-07-02 01:00:00+08:00,NYSE:UMC,26.08,26.14,25.99,25.995,25947.0
2026-07-02 01:15:00+08:00,NYSE:UMC,26.0,26.135,26.0,26.095,29968.0
2026-07-02 01:30:00+08:00,NYSE:UMC,26.095,26.105,26.01,26.05,15247.0
2026-07-02 01:45:00+08:00,NYSE:UMC,26.05,26.06,25.97,25.99,28318.0
2026-07-02 02:00:00+08:00,NYSE:UMC,26.0,26.05,25.99,26.015,30188.0
2026-07-02 02:15:00+08:00,NYSE:UMC,26.02,26.06,25.985,26.03,26607.0
2026-07-02 02:30:00+08:00,NYSE:UMC,26.02,26.02,25.97,25.98,20242.0
2026-07-02 02:45:00+08:00,NYSE:UMC,25.98,25.985,25.86,25.94,30009.0
2026-07-02 03:00:00+08:00,NYSE:UMC,25.94,26.32,25.93,26.16,49083.0
2026-07-02 03:15:00+08:00,NYSE:UMC,26.16,26.25,26.1,26.21,30782.0
2026-07-02 03:30:00+08:00,NYSE:UMC,26.22,26.365,26.02,26.03,71984.0
2026-07-02 03:45:00+08:00,NYSE:UMC,26.035,26.105,25.68,25.72,231408.0
2026-07-02 21:30:00+08:00,NYSE:UMC,26.055,26.38,25.73,25.96,98531.0
2026-07-02 21:45:00+08:00,NYSE:UMC,25.93,26.21,25.91,26.14,52626.0
2026-07-02 22:00:00+08:00,NYSE:UMC,26.14,26.28,25.92,26.05,37871.0
2026-07-02 22:15:00+08:00,NYSE:UMC,26.06,26.06,25.45,25.465,58764.0
2026-07-02 22:30:00+08:00,NYSE:UMC,25.48,25.57,25.04,25.065,80610.0
2026-07-02 22:45:00+08:00,NYSE:UMC,25.08,25.365,25.07,25.365,88563.0
2026-07-02 23:00:00+08:00,NYSE:UMC,25.36,25.36,24.99,25.045,66291.0
2026-07-02 23:15:00+08:00,NYSE:UMC,25.04,25.09,24.88,24.94,56628.0
2026-07-02 23:30:00+08:00,NYSE:UMC,24.96,25.26,24.91,24.95,42404.0
2026-07-02 23:45:00+08:00,NYSE:UMC,24.975,25.03,24.88,24.95,32830.0
2026-07-03 00:00:00+08:00,NYSE:UMC,24.93,24.955,24.81,24.92,17633.0
2026-07-03 00:15:00+08:00,NYSE:UMC,24.91,24.91,24.62,24.625,20150.0
2026-07-03 00:30:00+08:00,NYSE:UMC,24.605,24.77,24.52,24.74,35931.0
2026-07-03 00:45:00+08:00,NYSE:UMC,24.75,24.755,24.38,24.525,39890.0
2026-07-03 01:00:00+08:00,NYSE:UMC,24.51,24.6,24.4,24.44,31417.0
2026-07-03 01:15:00+08:00,NYSE:UMC,24.44,24.52,24.42,24.44,25276.0
2026-07-03 01:30:00+08:00,NYSE:UMC,24.44,24.49,24.265,24.32,64103.0
2026-07-03 01:45:00+08:00,NYSE:UMC,24.31,24.31,24.15,24.2,24433.0
2026-07-03 02:00:00+08:00,NYSE:UMC,24.21,24.48,24.19,24.41,32835.0
2026-07-03 02:15:00+08:00,NYSE:UMC,24.41,24.495,24.3,24.48,23411.0
2026-07-03 02:30:00+08:00,NYSE:UMC,24.47,24.56,24.395,24.45,40562.0
2026-07-03 02:45:00+08:00,NYSE:UMC,24.44,24.545,24.325,24.5,35122.0
2026-07-03 03:00:00+08:00,NYSE:UMC,24.5,24.53,24.24,24.3,45131.0
2026-07-03 03:15:00+08:00,NYSE:UMC,24.295,24.38,24.15,24.33,76588.0
2026-07-03 03:30:00+08:00,NYSE:UMC,24.32,24.49,24.305,24.325,104980.0
2026-07-03 03:45:00+08:00,NYSE:UMC,24.33,24.62,24.325,24.565,225120.0
2026-07-06 21:30:00+08:00,NYSE:UMC,25.84,26.17,25.585,26.16,109295.0
2026-07-06 21:45:00+08:00,NYSE:UMC,26.14,26.49,26.12,26.39,57822.0
2026-07-06 22:00:00+08:00,NYSE:UMC,26.39,26.655,26.33,26.63,52875.0
2026-07-06 22:15:00+08:00,NYSE:UMC,26.625,26.775,26.48,26.495,53244.0
2026-07-06 22:30:00+08:00,NYSE:UMC,26.51,26.645,26.51,26.64,31272.0
2026-07-06 22:45:00+08:00,NYSE:UMC,26.63,26.63,26.395,26.47,22172.0
2026-07-06 23:00:00+08:00,NYSE:UMC,26.465,26.555,26.27,26.36,14844.0
2026-07-06 23:15:00+08:00,NYSE:UMC,26.36,26.47,26.175,26.47,21309.0
2026-07-06 23:30:00+08:00,NYSE:UMC,26.48,26.59,26.475,26.49,31870.0
2026-07-06 23:45:00+08:00,NYSE:UMC,26.48,26.5,26.37,26.43,14068.0
2026-07-07 00:00:00+08:00,NYSE:UMC,26.43,26.465,26.36,26.405,26927.0
2026-07-07 00:15:00+08:00,NYSE:UMC,26.4,26.42,26.325,26.35,8915.0
2026-07-07 00:30:00+08:00,NYSE:UMC,26.36,26.39,26.23,26.25,9931.0
2026-07-07 00:45:00+08:00,NYSE:UMC,26.25,26.265,26.185,26.19,15265.0
2026-07-07 01:00:00+08:00,NYSE:UMC,26.19,26.25,26.13,26.13,8380.0
2026-07-07 01:15:00+08:00,NYSE:UMC,26.13,26.18,25.99,26.01,16534.0
2026-07-07 01:30:00+08:00,NYSE:UMC,26.03,26.03,25.86,25.89,22511.0
2026-07-07 01:45:00+08:00,NYSE:UMC,25.88,26.0,25.85,25.865,10346.0
2026-07-07 02:00:00+08:00,NYSE:UMC,25.87,26.07,25.87,26.02,12278.0
2026-07-07 02:15:00+08:00,NYSE:UMC,26.03,26.075,25.95,25.95,9679.0
2026-07-07 02:30:00+08:00,NYSE:UMC,25.95,25.96,25.87,25.93,13330.0
2026-07-07 02:45:00+08:00,NYSE:UMC,25.92,25.96,25.915,25.93,6379.0
2026-07-07 03:00:00+08:00,NYSE:UMC,25.925,25.995,25.88,25.985,33978.0
2026-07-07 03:15:00+08:00,NYSE:UMC,25.985,26.135,25.98,26.09,25788.0
2026-07-07 03:30:00+08:00,NYSE:UMC,26.08,26.105,25.88,26.07,96559.0
2026-07-07 03:45:00+08:00,NYSE:UMC,26.06,26.085,25.8,25.81,114512.0
2026-07-07 21:30:00+08:00,NYSE:UMC,24.24,24.46,23.95,24.11,89402.0
2026-07-07 21:45:00+08:00,NYSE:UMC,24.1,24.11,23.68,23.8,79545.0
2026-07-07 22:00:00+08:00,NYSE:UMC,23.78,23.84,23.49,23.49,57620.0
2026-07-07 22:15:00+08:00,NYSE:UMC,23.48,23.72,23.47,23.68,59712.0
2026-07-07 22:30:00+08:00,NYSE:UMC,23.7,23.71,23.35,23.36,43340.0
2026-07-07 22:45:00+08:00,NYSE:UMC,23.36,23.68,23.36,23.61,43204.0
2026-07-07 23:00:00+08:00,NYSE:UMC,23.6,23.69,23.49,23.665,31843.0
2026-07-07 23:15:00+08:00,NYSE:UMC,23.65,23.655,23.45,23.52,26510.0
2026-07-07 23:30:00+08:00,NYSE:UMC,23.53,23.55,23.43,23.54,13462.0
2026-07-07 23:45:00+08:00,NYSE:UMC,23.56,23.72,23.56,23.72,25462.0
2026-07-08 00:00:00+08:00,NYSE:UMC,23.72,23.89,23.72,23.89,40673.0
2026-07-08 00:15:00+08:00,NYSE:UMC,23.89,24.105,23.84,24.1,28994.0
2026-07-08 00:30:00+08:00,NYSE:UMC,24.07,24.09,23.81,23.88,24275.0
2026-07-08 00:45:00+08:00,NYSE:UMC,23.9,24.02,23.9,24.0,22360.0
2026-07-08 01:00:00+08:00,NYSE:UMC,24.0,24.16,23.99,24.05,20500.0
2026-07-08 01:15:00+08:00,NYSE:UMC,24.04,24.11,23.985,24.01,24016.0
2026-07-08 01:30:00+08:00,NYSE:UMC,24.01,24.09,24.0,24.07,12837.0
2026-07-08 01:45:00+08:00,NYSE:UMC,24.07,24.075,24.025,24.07,12354.0
2026-07-08 02:00:00+08:00,NYSE:UMC,24.08,24.095,24.015,24.09,12044.0
2026-07-08 02:15:00+08:00,NYSE:UMC,24.08,24.13,24.01,24.015,19619.0
2026-07-08 02:30:00+08:00,NYSE:UMC,24.01,24.025,23.84,23.855,15349.0
2026-07-08 02:45:00+08:00,NYSE:UMC,23.86,23.89,23.775,23.78,20248.0
2026-07-08 03:00:00+08:00,NYSE:UMC,23.79,23.83,23.645,23.655,40808.0
2026-07-08 03:15:00+08:00,NYSE:UMC,23.64,23.67,23.52,23.63,63682.0
2026-07-08 03:30:00+08:00,NYSE:UMC,23.63,23.81,23.575,23.63,130346.0
2026-07-08 03:45:00+08:00,NYSE:UMC,23.625,23.845,23.61,23.805,231550.0
2026-07-08 21:30:00+08:00,NYSE:UMC,24.41,24.79,24.33,24.77,133005.0
2026-07-08 21:45:00+08:00,NYSE:UMC,24.79,25.04,24.775,24.83,73686.0
2026-07-08 22:00:00+08:00,NYSE:UMC,24.82,24.885,24.495,24.585,96143.0
2026-07-08 22:15:00+08:00,NYSE:UMC,24.585,24.77,24.5,24.72,41119.0
2026-07-08 22:30:00+08:00,NYSE:UMC,24.74,24.74,24.52,24.59,35024.0
2026-07-08 22:45:00+08:00,NYSE:UMC,24.57,24.615,24.3,24.535,104264.0
2026-07-08 23:00:00+08:00,NYSE:UMC,24.525,24.54,24.32,24.32,17759.0
2026-07-08 23:15:00+08:00,NYSE:UMC,24.33,24.36,24.04,24.15,26123.0
2026-07-08 23:30:00+08:00,NYSE:UMC,24.15,24.36,24.14,24.275,14048.0
2026-07-08 23:45:00+08:00,NYSE:UMC,24.26,24.3,24.18,24.27,15586.0
2026-07-09 00:00:00+08:00,NYSE:UMC,24.25,24.47,24.25,24.45,17829.0
2026-07-09 00:15:00+08:00,NYSE:UMC,24.45,24.64,24.42,24.6,11481.0
2026-07-09 00:30:00+08:00,NYSE:UMC,24.58,24.76,24.58,24.74,15854.0
2026-07-09 00:45:00+08:00,NYSE:UMC,24.71,24.92,24.69,24.9,10390.0
2026-07-09 01:00:00+08:00,NYSE:UMC,24.9,24.9,24.8,24.815,12692.0
2026-07-09 01:15:00+08:00,NYSE:UMC,24.8,24.9,24.8,24.9,6543.0
2026-07-09 01:30:00+08:00,NYSE:UMC,24.91,24.92,24.785,24.785,7035.0
2026-07-09 01:45:00+08:00,NYSE:UMC,24.775,24.78,24.685,24.77,12449.0
2026-07-09 02:00:00+08:00,NYSE:UMC,24.75,24.86,24.74,24.84,23485.0
2026-07-09 02:15:00+08:00,NYSE:UMC,24.82,24.855,24.775,24.78,9448.0
2026-07-09 02:30:00+08:00,NYSE:UMC,24.76,24.865,24.745,24.835,11683.0
2026-07-09 02:45:00+08:00,NYSE:UMC,24.835,24.84,24.769,24.79,10481.0
2026-07-09 03:00:00+08:00,NYSE:UMC,24.785,24.825,24.7,24.805,21210.0
2026-07-09 03:15:00+08:00,NYSE:UMC,24.8,24.825,24.75,24.79,18709.0
2026-07-09 03:30:00+08:00,NYSE:UMC,24.785,24.785,24.595,24.635,71110.0
2026-07-09 03:45:00+08:00,NYSE:UMC,24.64,24.845,24.555,24.73,117529.0
2026-07-09 21:30:00+08:00,NYSE:UMC,24.9,25.42,24.72,25.4,168064.0
2026-07-09 21:45:00+08:00,NYSE:UMC,25.42,25.47,25.18,25.23,96874.0
2026-07-09 22:00:00+08:00,NYSE:UMC,25.22,25.3,24.97,25.05,37443.0
2026-07-09 22:15:00+08:00,NYSE:UMC,25.03,25.07,24.65,25.025,47474.0
2026-07-09 22:30:00+08:00,NYSE:UMC,25.03,25.24,24.94,25.2,21576.0
2026-07-09 22:45:00+08:00,NYSE:UMC,25.19,25.27,25.03,25.1,16150.0
2026-07-09 23:00:00+08:00,NYSE:UMC,25.1,25.385,25.07,25.37,20318.0
2026-07-09 23:15:00+08:00,NYSE:UMC,25.37,25.37,25.275,25.295,27880.0
2026-07-09 23:30:00+08:00,NYSE:UMC,25.29,25.38,25.26,25.375,22058.0
2026-07-09 23:45:00+08:00,NYSE:UMC,25.38,25.405,25.32,25.335,24215.0
2026-07-10 00:00:00+08:00,NYSE:UMC,25.34,25.4,25.3,25.3,19789.0
2026-07-10 00:15:00+08:00,NYSE:UMC,25.295,25.305,25.17,25.17,18060.0
2026-07-10 00:30:00+08:00,NYSE:UMC,25.18,25.26,25.07,25.175,17306.0
2026-07-10 00:45:00+08:00,NYSE:UMC,25.18,25.21,25.15,25.155,16300.0
2026-07-10 01:00:00+08:00,NYSE:UMC,25.155,25.285,25.155,25.255,13763.0
2026-07-10 01:15:00+08:00,NYSE:UMC,25.255,25.3,25.255,25.28,12251.0
2026-07-10 01:30:00+08:00,NYSE:UMC,25.275,25.295,25.195,25.2,24368.0
2026-07-10 01:45:00+08:00,NYSE:UMC,25.205,25.205,25.105,25.14,25458.0
2026-07-10 02:00:00+08:00,NYSE:UMC,25.15,25.175,25.09,25.145,23734.0
2026-07-10 02:15:00+08:00,NYSE:UMC,25.145,25.145,25.07,25.07,17550.0
2026-07-10 02:30:00+08:00,NYSE:UMC,25.075,25.125,25.045,25.125,41323.0
2026-07-10 02:45:00+08:00,NYSE:UMC,25.12,25.15,25.065,25.105,22658.0
2026-07-10 03:00:00+08:00,NYSE:UMC,25.11,25.11,24.95,24.975,25642.0
2026-07-10 03:15:00+08:00,NYSE:UMC,24.965,25.045,24.935,24.975,31365.0
2026-07-10 03:30:00+08:00,NYSE:UMC,24.97,25.0,24.89,24.94,41859.0
2026-07-10 03:45:00+08:00,NYSE:UMC,24.95,24.955,24.83,24.86,98777.0
2026-07-10 21:30:00+08:00,NYSE:UMC,24.37,24.48,23.78,24.05,75827.0
2026-07-10 21:45:00+08:00,NYSE:UMC,24.09,24.34,24.06,24.21,18295.0
2026-07-10 22:00:00+08:00,NYSE:UMC,24.225,24.27,24.11,24.14,12753.0
2026-07-10 22:15:00+08:00,NYSE:UMC,24.13,24.13,23.89,24.07,28761.0
2026-07-10 22:30:00+08:00,NYSE:UMC,24.08,24.12,23.79,24.09,35623.0
2026-07-10 22:45:00+08:00,NYSE:UMC,24.09,24.14,23.95,24.0,23060.0
2026-07-10 23:00:00+08:00,NYSE:UMC,24.0,24.12,23.98,24.095,9393.0
2026-07-10 23:15:00+08:00,NYSE:UMC,24.1,24.29,24.1,24.26,16065.0
2026-07-10 23:30:00+08:00,NYSE:UMC,24.295,24.295,24.1,24.13,10662.0
2026-07-10 23:45:00+08:00,NYSE:UMC,24.125,24.215,24.12,24.205,9428.0
2026-07-11 00:00:00+08:00,NYSE:UMC,24.21,24.275,24.21,24.25,8661.0
2026-07-11 00:15:00+08:00,NYSE:UMC,24.26,24.42,24.26,24.415,10769.0
2026-07-11 00:30:00+08:00,NYSE:UMC,24.41,24.48,24.41,24.441,8717.0
2026-07-11 00:45:00+08:00,NYSE:UMC,24.45,24.49,24.39,24.4,7196.0
2026-07-11 01:00:00+08:00,NYSE:UMC,24.4,24.42,24.335,24.42,8253.0
2026-07-11 01:15:00+08:00,NYSE:UMC,24.43,24.52,24.41,24.52,5047.0
2026-07-11 01:30:00+08:00,NYSE:UMC,24.525,24.61,24.515,24.61,7969.0
2026-07-11 01:45:00+08:00,NYSE:UMC,24.625,24.625,24.51,24.51,9079.0
2026-07-11 02:00:00+08:00,NYSE:UMC,24.51,24.54,24.5,24.515,5693.0
2026-07-11 02:15:00+08:00,NYSE:UMC,24.51,24.51,24.435,24.47,7683.0
2026-07-11 02:30:00+08:00,NYSE:UMC,24.47,24.48,24.42,24.425,5348.0
2026-07-11 02:45:00+08:00,NYSE:UMC,24.425,24.475,24.42,24.44,10330.0
2026-07-11 03:00:00+08:00,NYSE:UMC,24.445,24.505,24.415,24.43,13059.0
2026-07-11 03:15:00+08:00,NYSE:UMC,24.435,24.475,24.4,24.475,13621.0
2026-07-11 03:30:00+08:00,NYSE:UMC,24.485,24.54,24.47,24.485,20861.0
2026-07-11 03:45:00+08:00,NYSE:UMC,24.49,24.53,24.32,24.335,93638.0
2026-07-13 21:30:00+08:00,NYSE:UMC,23.455,23.71,23.02,23.13,82904.0
2026-07-13 21:45:00+08:00,NYSE:UMC,23.14,23.33,23.08,23.22,60889.0
2026-07-13 22:00:00+08:00,NYSE:UMC,23.205,23.42,23.13,23.405,37546.0
2026-07-13 22:15:00+08:00,NYSE:UMC,23.405,23.7,23.22,23.7,54604.0
2026-07-13 22:30:00+08:00,NYSE:UMC,23.71,23.72,23.53,23.55,20131.0
2026-07-13 22:45:00+08:00,NYSE:UMC,23.545,23.61,23.465,23.58,20995.0
2026-07-13 23:00:00+08:00,NYSE:UMC,23.585,23.63,23.51,23.54,20663.0
2026-07-13 23:15:00+08:00,NYSE:UMC,23.54,23.67,23.5,23.625,19755.0
2026-07-13 23:30:00+08:00,NYSE:UMC,23.615,23.64,23.56,23.56,16846.0
2026-07-13 23:45:00+08:00,NYSE:UMC,23.56,23.56,23.445,23.5,25194.0
2026-07-14 00:00:00+08:00,NYSE:UMC,23.5,23.565,23.465,23.49,20046.0
2026-07-14 00:15:00+08:00,NYSE:UMC,23.49,23.49,23.38,23.41,18119.0
2026-07-14 00:30:00+08:00,NYSE:UMC,23.41,23.41,23.24,23.35,26902.0
2026-07-14 00:45:00+08:00,NYSE:UMC,23.35,23.51,23.33,23.48,29478.0
2026-07-14 01:00:00+08:00,NYSE:UMC,23.47,23.625,23.47,23.52,20021.0
2026-07-14 01:15:00+08:00,NYSE:UMC,23.51,23.52,23.41,23.44,32953.0
2026-07-14 01:30:00+08:00,NYSE:UMC,23.44,23.48,23.4,23.43,12528.0
2026-07-14 01:45:00+08:00,NYSE:UMC,23.44,23.48,23.4,23.46,16093.0
2026-07-14 02:00:00+08:00,NYSE:UMC,23.46,23.565,23.46,23.505,15995.0
2026-07-14 02:15:00+08:00,NYSE:UMC,23.51,23.52,23.395,23.405,13994.0
2026-07-14 02:30:00+08:00,NYSE:UMC,23.405,23.47,23.39,23.42,18353.0
2026-07-14 02:45:00+08:00,NYSE:UMC,23.42,23.47,23.39,23.4,33936.0
2026-07-14 03:00:00+08:00,NYSE:UMC,23.4,23.51,23.29,23.35,51905.0
2026-07-14 03:15:00+08:00,NYSE:UMC,23.345,23.345,23.22,23.27,36502.0
2026-07-14 03:30:00+08:00,NYSE:UMC,23.28,23.45,23.27,23.44,101376.0
2026-07-14 03:45:00+08:00,NYSE:UMC,23.43,23.58,23.35,23.4,220448.0
2026-07-14 21:30:00+08:00,NYSE:UMC,24.25,24.39,23.95,24.02,124789.0
2026-07-14 21:45:00+08:00,NYSE:UMC,24.03,24.12,23.9,23.98,54228.0
2026-07-14 22:00:00+08:00,NYSE:UMC,23.98,24.01,23.7,23.73,40480.0
2026-07-14 22:15:00+08:00,NYSE:UMC,23.71,23.83,23.58,23.73,46300.0
2026-07-14 22:30:00+08:00,NYSE:UMC,23.74,23.95,23.705,23.78,60321.0
2026-07-14 22:45:00+08:00,NYSE:UMC,23.78,23.86,23.69,23.84,22784.0
2026-07-14 23:00:00+08:00,NYSE:UMC,23.85,24.095,23.83,24.065,58415.0
2026-07-14 23:15:00+08:00,NYSE:UMC,24.095,24.255,24.09,24.15,79640.0
2026-07-14 23:30:00+08:00,NYSE:UMC,24.15,24.185,24.06,24.17,27785.0
2026-07-14 23:45:00+08:00,NYSE:UMC,24.175,24.205,24.09,24.16,41216.0
2026-07-15 00:00:00+08:00,NYSE:UMC,24.17,24.185,24.015,24.025,31828.0
2026-07-15 00:15:00+08:00,NYSE:UMC,24.02,24.105,24.0,24.07,24776.0
2026-07-15 00:30:00+08:00,NYSE:UMC,24.06,24.06,23.945,24.015,21717.0
2026-07-15 00:45:00+08:00,NYSE:UMC,24.01,24.015,23.93,23.955,41942.0
2026-07-15 01:00:00+08:00,NYSE:UMC,23.96,23.99,23.88,23.93,27649.0
2026-07-15 01:15:00+08:00,NYSE:UMC,23.93,24.005,23.92,23.99,16818.0
2026-07-15 01:30:00+08:00,NYSE:UMC,24.005,24.035,23.95,24.02,14750.0
2026-07-15 01:45:00+08:00,NYSE:UMC,24.01,24.065,24.0,24.03,17135.0
2026-07-15 02:00:00+08:00,NYSE:UMC,24.035,24.07,24.01,24.045,13523.0
2026-07-15 02:15:00+08:00,NYSE:UMC,24.05,24.065,24.005,24.015,11692.0
2026-07-15 02:30:00+08:00,NYSE:UMC,24.02,24.05,23.93,23.95,20280.0
2026-07-15 02:45:00+08:00,NYSE:UMC,23.95,23.975,23.92,23.92,15833.0
2026-07-15 03:00:00+08:00,NYSE:UMC,23.92,23.94,23.79,23.875,22471.0
2026-07-15 03:15:00+08:00,NYSE:UMC,23.88,23.905,23.79,23.79,29064.0
2026-07-15 03:30:00+08:00,NYSE:UMC,23.8,23.875,23.75,23.83,36643.0
2026-07-15 03:45:00+08:00,NYSE:UMC,23.83,23.915,23.76,23.87,198296.0
2026-07-15 21:30:00+08:00,NYSE:UMC,25.6,25.8,25.29,25.3,113460.0
2026-07-15 21:45:00+08:00,NYSE:UMC,25.3,25.42,25.21,25.42,74059.0
2026-07-15 22:00:00+08:00,NYSE:UMC,25.45,25.52,25.26,25.29,88681.0
2026-07-15 22:15:00+08:00,NYSE:UMC,25.285,25.31,24.89,25.04,95017.0
2026-07-15 22:30:00+08:00,NYSE:UMC,25.02,25.02,24.53,24.655,90246.0
2026-07-15 22:45:00+08:00,NYSE:UMC,24.65,24.89,24.64,24.76,58598.0
2026-07-15 23:00:00+08:00,NYSE:UMC,24.76,24.835,24.7,24.7,47280.0
2026-07-15 23:15:00+08:00,NYSE:UMC,24.71,24.71,24.5,24.67,34039.0
2026-07-15 23:30:00+08:00,NYSE:UMC,24.67,24.76,24.63,24.66,30599.0
2026-07-15 23:45:00+08:00,NYSE:UMC,24.63,24.64,24.56,24.605,19449.0
2026-07-16 00:00:00+08:00,NYSE:UMC,24.615,24.64,24.305,24.305,34096.0
2026-07-16 00:15:00+08:00,NYSE:UMC,24.3,24.35,24.23,24.305,35863.0
2026-07-16 00:30:00+08:00,NYSE:UMC,24.31,24.34,24.21,24.31,33878.0
2026-07-16 00:45:00+08:00,NYSE:UMC,24.31,24.48,24.31,24.4,34418.0
2026-07-16 01:00:00+08:00,NYSE:UMC,24.41,24.6,24.4,24.57,22945.0
2026-07-16 01:15:00+08:00,NYSE:UMC,24.56,24.76,24.56,24.695,20287.0
2026-07-16 01:30:00+08:00,NYSE:UMC,24.73,24.785,24.71,24.75,19905.0
2026-07-16 01:45:00+08:00,NYSE:UMC,24.75,24.9,24.75,24.8,23049.0
2026-07-16 02:00:00+08:00,NYSE:UMC,24.8,24.96,24.8,24.9,15142.0
2026-07-16 02:15:00+08:00,NYSE:UMC,24.89,24.98,24.75,24.94,19863.0
2026-07-16 02:30:00+08:00,NYSE:UMC,24.94,24.95,24.78,24.785,20671.0
2026-07-16 02:45:00+08:00,NYSE:UMC,24.775,24.835,24.66,24.68,24416.0
2026-07-16 03:00:00+08:00,NYSE:UMC,24.69,24.91,24.68,24.785,31554.0
2026-07-16 03:15:00+08:00,NYSE:UMC,24.78,24.79,24.615,24.78,46064.0
2026-07-16 03:30:00+08:00,NYSE:UMC,24.79,24.955,24.705,24.925,62319.0
2026-07-16 03:45:00+08:00,NYSE:UMC,24.92,25.04,24.855,24.91,157971.0
2026-07-16 21:30:00+08:00,NYSE:UMC,22.81,23.16,22.515,22.55,180590.0
2026-07-16 21:45:00+08:00,NYSE:UMC,22.56,22.8,22.47,22.7,85580.0
2026-07-16 22:00:00+08:00,NYSE:UMC,22.69,23.11,22.69,23.015,105307.0
2026-07-16 22:15:00+08:00,NYSE:UMC,23.04,23.06,22.79,22.96,59803.0
2026-07-16 22:30:00+08:00,NYSE:UMC,22.95,22.98,22.73,22.73,64364.0
2026-07-16 22:45:00+08:00,NYSE:UMC,22.725,22.76,22.49,22.675,65285.0
2026-07-16 23:00:00+08:00,NYSE:UMC,22.68,22.72,22.48,22.525,32408.0
2026-07-16 23:15:00+08:00,NYSE:UMC,22.53,22.69,22.475,22.63,26290.0
2026-07-16 23:30:00+08:00,NYSE:UMC,22.62,22.705,22.555,22.575,32062.0
2026-07-16 23:45:00+08:00,NYSE:UMC,22.57,22.59,22.445,22.455,48007.0
2026-07-17 00:00:00+08:00,NYSE:UMC,22.45,22.48,22.305,22.305,29140.0
2026-07-17 00:15:00+08:00,NYSE:UMC,22.3,22.345,22.245,22.29,33027.0
2026-07-17 00:30:00+08:00,NYSE:UMC,22.31,22.37,22.25,22.26,26496.0
2026-07-17 00:45:00+08:00,NYSE:UMC,22.26,22.41,22.195,22.395,32961.0
2026-07-17 01:00:00+08:00,NYSE:UMC,22.38,22.38,22.21,22.215,24703.0
2026-07-17 01:15:00+08:00,NYSE:UMC,22.215,22.33,22.165,22.32,61980.0
2026-07-17 01:30:00+08:00,NYSE:UMC,22.32,22.32,22.1,22.1,20389.0
2026-07-17 01:45:00+08:00,NYSE:UMC,22.1,22.155,22.06,22.115,26709.0
2026-07-17 02:00:00+08:00,NYSE:UMC,22.11,22.335,22.1,22.3,28095.0
2026-07-17 02:15:00+08:00,NYSE:UMC,22.26,22.48,22.245,22.43,30712.0
2026-07-17 02:30:00+08:00,NYSE:UMC,22.42,22.44,22.29,22.34,27972.0
2026-07-17 02:45:00+08:00,NYSE:UMC,22.33,22.33,22.255,22.275,27931.0
2026-07-17 03:00:00+08:00,NYSE:UMC,22.27,22.355,22.145,22.18,49487.0
2026-07-17 03:15:00+08:00,NYSE:UMC,22.18,22.29,22.12,22.29,73354.0
2026-07-17 03:30:00+08:00,NYSE:UMC,22.285,22.31,22.155,22.255,129211.0
2026-07-17 03:45:00+08:00,NYSE:UMC,22.255,22.42,22.155,22.385,275631.0
2026-07-17 21:30:00+08:00,NYSE:UMC,20.545,20.87,20.2,20.385,209612.0
2026-07-17 21:45:00+08:00,NYSE:UMC,20.39,20.92,20.365,20.85,130395.0
2026-07-17 22:00:00+08:00,NYSE:UMC,20.86,21.35,20.84,21.14,127038.0
2026-07-17 22:15:00+08:00,NYSE:UMC,21.12,21.315,21.05,21.11,95528.0
2026-07-17 22:30:00+08:00,NYSE:UMC,21.115,21.215,20.955,21.14,70183.0
2026-07-17 22:45:00+08:00,NYSE:UMC,21.13,21.19,20.985,20.99,38067.0
2026-07-17 23:00:00+08:00,NYSE:UMC,20.975,20.99,20.835,20.895,41966.0
2026-07-17 23:15:00+08:00,NYSE:UMC,20.9,20.96,20.815,20.89,43042.0
2026-07-17 23:30:00+08:00,NYSE:UMC,20.88,21.15,20.835,21.09,38320.0
2026-07-17 23:45:00+08:00,NYSE:UMC,21.07,21.43,21.07,21.39,28409.0
2026-07-18 00:00:00+08:00,NYSE:UMC,21.38,21.61,21.36,21.59,37712.0
2026-07-18 00:15:00+08:00,NYSE:UMC,21.6,21.62,21.435,21.47,27201.0
2026-07-18 00:30:00+08:00,NYSE:UMC,21.485,21.51,21.42,21.495,17653.0
2026-07-18 00:45:00+08:00,NYSE:UMC,21.505,21.62,21.5,21.56,18841.0
2026-07-18 01:00:00+08:00,NYSE:UMC,21.545,21.74,21.545,21.66,24459.0
2026-07-18 01:15:00+08:00,NYSE:UMC,21.64,21.705,21.64,21.675,13131.0
2026-07-18 01:30:00+08:00,NYSE:UMC,21.67,21.68,21.465,21.49,22638.0
2026-07-18 01:45:00+08:00,NYSE:UMC,21.475,21.53,21.39,21.41,21281.0
2026-07-18 02:00:00+08:00,NYSE:UMC,21.41,21.415,21.265,21.27,35736.0
2026-07-18 02:15:00+08:00,NYSE:UMC,21.28,21.3,21.18,21.3,30254.0
2026-07-18 02:30:00+08:00,NYSE:UMC,21.29,21.38,21.265,21.285,38140.0
2026-07-18 02:45:00+08:00,NYSE:UMC,21.28,21.42,21.265,21.365,36863.0
2026-07-18 03:00:00+08:00,NYSE:UMC,21.36,21.36,21.19,21.19,40565.0
2026-07-18 03:15:00+08:00,NYSE:UMC,21.185,21.395,21.165,21.345,104929.0
2026-07-18 03:30:00+08:00,NYSE:UMC,21.36,21.505,21.35,21.41,139767.0
2026-07-18 03:45:00+08:00,NYSE:UMC,21.4,21.48,21.24,21.26,399616.0
2026-07-20 21:30:00+08:00,NYSE:UMC,20.62,21.23,20.62,20.86,128342.0
2026-07-20 21:45:00+08:00,NYSE:UMC,20.86,20.92,20.59,20.64,81856.0
2026-07-20 22:00:00+08:00,NYSE:UMC,20.64,20.71,20.455,20.51,51640.0
2026-07-20 22:15:00+08:00,NYSE:UMC,20.5,20.59,20.31,20.56,55554.0
2026-07-20 22:30:00+08:00,NYSE:UMC,20.55,20.595,20.43,20.545,47063.0
2026-07-20 22:45:00+08:00,NYSE:UMC,20.54,20.585,20.32,20.37,46297.0
2026-07-20 23:00:00+08:00,NYSE:UMC,20.36,20.47,20.32,20.42,34768.0
2026-07-20 23:15:00+08:00,NYSE:UMC,20.41,20.6,20.39,20.58,35578.0
2026-07-20 23:30:00+08:00,NYSE:UMC,20.59,20.655,20.585,20.62,21960.0
2026-07-20 23:45:00+08:00,NYSE:UMC,20.65,20.75,20.59,20.715,12304.0
2026-07-21 00:00:00+08:00,NYSE:UMC,20.72,20.785,20.67,20.73,13149.0
2026-07-21 00:15:00+08:00,NYSE:UMC,20.735,20.735,20.645,20.67,6710.0
2026-07-21 00:30:00+08:00,NYSE:UMC,20.68,20.68,20.535,20.56,13761.0
2026-07-21 00:45:00+08:00,NYSE:UMC,20.55,20.6,20.51,20.55,9815.0
2026-07-21 01:00:00+08:00,NYSE:UMC,20.545,20.565,20.485,20.49,10936.0
2026-07-21 01:15:00+08:00,NYSE:UMC,20.49,20.56,20.48,20.5,4922.0
2026-07-21 01:30:00+08:00,NYSE:UMC,20.5,20.53,20.475,20.49,10458.0
2026-07-21 01:45:00+08:00,NYSE:UMC,20.49,20.565,20.49,20.525,8114.0
2026-07-21 02:00:00+08:00,NYSE:UMC,20.53,20.57,20.51,20.565,8240.0
2026-07-21 02:15:00+08:00,NYSE:UMC,20.565,20.59,20.5,20.53,16064.0
2026-07-21 02:30:00+08:00,NYSE:UMC,20.515,20.52,20.44,20.45,12882.0
2026-07-21 02:45:00+08:00,NYSE:UMC,20.435,20.505,20.43,20.45,16317.0
2026-07-21 03:00:00+08:00,NYSE:UMC,20.44,20.47,20.355,20.38,23514.0
2026-07-21 03:15:00+08:00,NYSE:UMC,20.38,20.41,20.31,20.39,25793.0
2026-07-21 03:30:00+08:00,NYSE:UMC,20.385,20.425,20.33,20.385,40797.0
2026-07-21 03:45:00+08:00,NYSE:UMC,20.38,20.39,20.265,20.305,95944.0
2026-07-21 21:30:00+08:00,NYSE:UMC,21.51,21.51,20.9,20.99,177054.0
2026-07-21 21:45:00+08:00,NYSE:UMC,20.98,21.18,20.915,21.08,38865.0
2026-07-21 22:00:00+08:00,NYSE:UMC,21.09,21.18,20.89,21.04,38691.0
2026-07-21 22:15:00+08:00,NYSE:UMC,21.01,21.17,20.95,21.17,22933.0
2026-07-21 22:30:00+08:00,NYSE:UMC,21.18,21.29,21.13,21.15,45468.0
2026-07-21 22:45:00+08:00,NYSE:UMC,21.16,21.195,20.98,21.005,58214.0
2026-07-21 23:00:00+08:00,NYSE:UMC,20.995,21.18,20.975,21.18,35748.0
2026-07-21 23:15:00+08:00,NYSE:UMC,21.175,21.28,21.17,21.235,17810.0
2026-07-21 23:30:00+08:00,NYSE:UMC,21.235,21.235,21.14,21.14,13624.0
2026-07-21 23:45:00+08:00,NYSE:UMC,21.15,21.2,21.09,21.11,7976.0
2026-07-22 00:00:00+08:00,NYSE:UMC,21.1,21.17,21.1,21.14,14998.0
2026-07-22 00:15:00+08:00,NYSE:UMC,21.14,21.2,21.14,21.165,8594.0
2026-07-22 00:30:00+08:00,NYSE:UMC,21.17,21.18,21.105,21.14,11198.0
2026-07-22 00:45:00+08:00,NYSE:UMC,21.12,21.17,21.12,21.13,13385.0
2026-07-22 01:00:00+08:00,NYSE:UMC,21.14,21.22,21.135,21.16,12035.0
2026-07-22 01:15:00+08:00,NYSE:UMC,21.16,21.19,21.14,21.155,11423.0
2026-07-22 01:30:00+08:00,NYSE:UMC,21.16,21.2,21.16,21.2,19027.0
2026-07-22 01:45:00+08:00,NYSE:UMC,21.19,21.32,21.185,21.23,18646.0
2026-07-22 02:00:00+08:00,NYSE:UMC,21.24,21.255,21.21,21.21,18644.0
2026-07-22 02:15:00+08:00,NYSE:UMC,21.2,21.205,21.165,21.185,15904.0
2026-07-22 02:30:00+08:00,NYSE:UMC,21.185,21.225,21.165,21.205,16074.0
2026-07-22 02:45:00+08:00,NYSE:UMC,21.205,21.21,21.16,21.175,22775.0
2026-07-22 03:00:00+08:00,NYSE:UMC,21.175,21.185,21.06,21.09,39616.0
2026-07-22 03:15:00+08:00,NYSE:UMC,21.08,21.115,21.04,21.04,36165.0
2026-07-22 03:30:00+08:00,NYSE:UMC,21.065,21.08,21.01,21.06,92723.0
2026-07-22 03:45:00+08:00,NYSE:UMC,21.065,21.25,21.04,21.16,232640.0
2026-07-22 21:30:00+08:00,NYSE:UMC,20.995,21.27,20.99,21.17,45998.0
2026-07-22 21:45:00+08:00,NYSE:UMC,21.19,21.33,21.08,21.33,20647.0
2026-07-22 22:00:00+08:00,NYSE:UMC,21.32,21.32,21.14,21.205,13916.0
2026-07-22 22:15:00+08:00,NYSE:UMC,21.21,21.32,21.12,21.225,11143.0
2026-07-22 22:30:00+08:00,NYSE:UMC,21.23,21.315,21.195,21.235,12929.0
2026-07-22 22:45:00+08:00,NYSE:UMC,21.225,21.31,21.22,21.29,15820.0
2026-07-22 23:00:00+08:00,NYSE:UMC,21.3,21.515,21.3,21.49,13091.0
2026-07-22 23:15:00+08:00,NYSE:UMC,21.485,21.59,21.485,21.54,9476.0
2026-07-22 23:30:00+08:00,NYSE:UMC,21.53,21.55,21.41,21.435,12506.0
2026-07-22 23:45:00+08:00,NYSE:UMC,21.435,21.49,21.43,21.485,6948.0
2026-07-23 00:00:00+08:00,NYSE:UMC,21.48,21.52,21.48,21.51,5830.0
2026-07-23 00:15:00+08:00,NYSE:UMC,21.5,21.515,21.43,21.455,6913.0
2026-07-23 00:30:00+08:00,NYSE:UMC,21.455,21.56,21.415,21.435,10241.0
2026-07-23 00:45:00+08:00,NYSE:UMC,21.43,21.47,21.395,21.45,12120.0
2026-07-23 01:00:00+08:00,NYSE:UMC,21.46,21.53,21.46,21.48,11408.0
2026-07-23 01:15:00+08:00,NYSE:UMC,21.475,21.51,21.465,21.5,6477.0
2026-07-23 01:30:00+08:00,NYSE:UMC,21.495,21.515,21.445,21.485,6236.0
2026-07-23 01:45:00+08:00,NYSE:UMC,21.485,21.49,21.4,21.4,7821.0
2026-07-23 02:00:00+08:00,NYSE:UMC,21.42,21.435,21.35,21.35,11322.0
2026-07-23 02:15:00+08:00,NYSE:UMC,21.35,21.365,21.335,21.355,6037.0
2026-07-23 02:30:00+08:00,NYSE:UMC,21.35,21.36,21.31,21.355,7141.0
2026-07-23 02:45:00+08:00,NYSE:UMC,21.35,21.395,21.35,21.39,11244.0
2026-07-23 03:00:00+08:00,NYSE:UMC,21.385,21.41,21.365,21.37,9256.0
2026-07-23 03:15:00+08:00,NYSE:UMC,21.37,21.42,21.365,21.385,11150.0
2026-07-23 03:30:00+08:00,NYSE:UMC,21.38,21.38,21.305,21.325,30005.0
2026-07-23 03:45:00+08:00,NYSE:UMC,21.33,21.39,21.26,21.28,91809.0
2026-07-23 21:30:00+08:00,NYSE:UMC,20.68,21.07,20.67,21.07,20136.0
2026-07-23 21:45:00+08:00,NYSE:UMC,21.05,21.09,20.9,20.95,19411.0
2026-07-23 22:00:00+08:00,NYSE:UMC,20.97,21.08,20.905,20.93,28550.0
2026-07-23 22:15:00+08:00,NYSE:UMC,20.93,21.03,20.9,20.97,22477.0
2026-07-23 22:30:00+08:00,NYSE:UMC,20.98,21.0,20.84,20.865,23229.0
2026-07-23 22:45:00+08:00,NYSE:UMC,20.86,20.9,20.73,20.78,19643.0
2026-07-23 23:00:00+08:00,NYSE:UMC,20.77,20.775,20.6,20.6,31639.0
2026-07-23 23:15:00+08:00,NYSE:UMC,20.585,20.67,20.45,20.48,34890.0
2026-07-23 23:30:00+08:00,NYSE:UMC,20.49,20.65,20.435,20.595,15088.0
2026-07-23 23:45:00+08:00,NYSE:UMC,20.575,20.725,20.565,20.72,13452.0
2026-07-24 00:00:00+08:00,NYSE:UMC,20.73,20.765,20.68,20.72,7412.0
2026-07-24 00:15:00+08:00,NYSE:UMC,20.73,20.9,20.685,20.9,8785.0
2026-07-24 00:30:00+08:00,NYSE:UMC,20.895,20.995,20.87,20.91,8256.0
2026-07-24 00:45:00+08:00,NYSE:UMC,20.91,20.91,20.795,20.86,14700.0
2026-07-24 01:00:00+08:00,NYSE:UMC,20.85,20.885,20.78,20.865,8483.0
2026-07-24 01:15:00+08:00,NYSE:UMC,20.86,20.905,20.84,20.885,7791.0
2026-07-24 01:30:00+08:00,NYSE:UMC,20.88,20.89,20.785,20.81,5122.0
2026-07-24 01:45:00+08:00,NYSE:UMC,20.8,20.86,20.76,20.77,4972.0
2026-07-24 02:00:00+08:00,NYSE:UMC,20.76,20.805,20.74,20.785,6081.0
2026-07-24 02:15:00+08:00,NYSE:UMC,20.76,20.815,20.755,20.8,12864.0
2026-07-24 02:30:00+08:00,NYSE:UMC,20.805,20.85,20.775,20.79,13541.0
2026-07-24 02:45:00+08:00,NYSE:UMC,20.8,20.825,20.72,20.74,14707.0
2026-07-24 03:00:00+08:00,NYSE:UMC,20.755,20.76,20.68,20.72,16249.0
2026-07-24 03:15:00+08:00,NYSE:UMC,20.73,20.88,20.73,20.875,35142.0
2026-07-24 03:30:00+08:00,NYSE:UMC,20.9,20.905,20.825,20.825,32157.0
2026-07-24 03:45:00+08:00,NYSE:UMC,20.83,20.915,20.8,20.885,162529.0
2026-07-24 21:30:00+08:00,NYSE:UMC,19.8,20.07,19.68,19.82,65306.0
2026-07-24 21:45:00+08:00,NYSE:UMC,19.82,19.83,19.35,19.355,49649.0
2026-07-24 22:00:00+08:00,NYSE:UMC,19.35,19.475,19.31,19.41,45841.0
2026-07-24 22:15:00+08:00,NYSE:UMC,19.41,19.43,19.225,19.3,57956.0
2026-07-24 22:30:00+08:00,NYSE:UMC,19.28,19.3,18.98,19.02,70767.0
2026-07-24 22:45:00+08:00,NYSE:UMC,19.0,19.355,18.97,19.32,41543.0
2026-07-24 23:00:00+08:00,NYSE:UMC,19.32,19.34,19.16,19.32,30351.0
2026-07-24 23:15:00+08:00,NYSE:UMC,19.32,19.4,19.3,19.34,19722.0
2026-07-24 23:30:00+08:00,NYSE:UMC,19.335,19.42,19.325,19.38,13085.0
2026-07-24 23:45:00+08:00,NYSE:UMC,19.39,19.5,19.39,19.475,17924.0
2026-07-25 00:00:00+08:00,NYSE:UMC,19.455,19.59,19.42,19.53,14778.0
2026-07-25 00:15:00+08:00,NYSE:UMC,19.53,19.555,19.475,19.5,18748.0
2026-07-25 00:30:00+08:00,NYSE:UMC,19.495,19.52,19.4,19.42,10380.0
2026-07-25 00:45:00+08:00,NYSE:UMC,19.41,19.485,19.4,19.485,8063.0
2026-07-25 01:00:00+08:00,NYSE:UMC,19.47,19.475,19.345,19.39,11222.0
2026-07-25 01:15:00+08:00,NYSE:UMC,19.39,19.51,19.375,19.51,3402.0
2026-07-25 01:30:00+08:00,NYSE:UMC,19.51,19.59,19.48,19.495,7892.0
2026-07-25 01:45:00+08:00,NYSE:UMC,19.48,19.53,19.475,19.5,3074.0
2026-07-25 02:00:00+08:00,NYSE:UMC,19.5,19.5,19.44,19.44,3914.0
2026-07-25 02:15:00+08:00,NYSE:UMC,19.43,19.44,19.36,19.365,3595.0
2026-07-25 02:30:00+08:00,NYSE:UMC,19.37,19.41,19.34,19.35,4891.0
2026-07-25 02:45:00+08:00,NYSE:UMC,19.37,19.43,19.37,19.41,4920.0
2026-07-25 03:00:00+08:00,NYSE:UMC,19.41,19.445,19.275,19.305,15742.0
2026-07-25 03:15:00+08:00,NYSE:UMC,19.31,19.43,19.295,19.4,20610.0
2026-07-25 03:30:00+08:00,NYSE:UMC,19.4,19.49,19.39,19.46,45508.0
2026-07-25 03:45:00+08:00,NYSE:UMC,19.46,19.52,19.37,19.49,222859.0
2026-07-27 21:30:00+08:00,NYSE:UMC,20.03,20.15,19.72,19.77,52911.0
2026-07-27 21:45:00+08:00,NYSE:UMC,19.78,19.83,19.49,19.5,30339.0
2026-07-27 22:00:00+08:00,NYSE:UMC,19.49,19.52,19.185,19.195,34436.0
2026-07-27 22:15:00+08:00,NYSE:UMC,19.2,19.25,18.84,18.85,66046.0
2026-07-27 22:30:00+08:00,NYSE:UMC,18.865,18.87,18.57,18.67,62997.0
2026-07-27 22:45:00+08:00,NYSE:UMC,18.66,19.02,18.66,19.005,49016.0
2026-07-27 23:00:00+08:00,NYSE:UMC,19.03,19.06,18.78,18.8,52165.0
2026-07-27 23:15:00+08:00,NYSE:UMC,18.81,18.81,18.58,18.64,33161.0
2026-07-27 23:30:00+08:00,NYSE:UMC,18.64,18.71,18.595,18.65,24830.0
2026-07-27 23:45:00+08:00,NYSE:UMC,18.66,18.75,18.625,18.73,18869.0
2026-07-28 00:00:00+08:00,NYSE:UMC,18.745,18.785,18.685,18.715,29751.0
2026-07-28 00:15:00+08:00,NYSE:UMC,18.715,18.89,18.66,18.84,23036.0
2026-07-28 00:30:00+08:00,NYSE:UMC,18.85,18.92,18.82,18.88,16491.0
2026-07-28 00:45:00+08:00,NYSE:UMC,18.885,18.94,18.72,18.75,18579.0
2026-07-28 01:00:00+08:00,NYSE:UMC,18.755,18.775,18.695,18.745,13792.0
2026-07-28 01:15:00+08:00,NYSE:UMC,18.73,18.74,18.63,18.63,15786.0
2026-07-28 01:30:00+08:00,NYSE:UMC,18.62,18.705,18.615,18.645,18866.0
2026-07-28 01:45:00+08:00,NYSE:UMC,18.635,18.68,18.59,18.66,29497.0
2026-07-28 02:00:00+08:00,NYSE:UMC,18.645,18.715,18.64,18.715,19926.0
2026-07-28 02:15:00+08:00,NYSE:UMC,18.71,18.76,18.66,18.74,14974.0
2026-07-28 02:30:00+08:00,NYSE:UMC,18.735,18.75,18.68,18.735,27273.0
2026-07-28 02:45:00+08:00,NYSE:UMC,18.74,18.91,18.72,18.9,23319.0
2026-07-28 03:00:00+08:00,NYSE:UMC,18.92,19.13,18.895,19.09,46562.0
2026-07-28 03:15:00+08:00,NYSE:UMC,19.095,19.21,19.085,19.21,65540.0
2026-07-28 03:30:00+08:00,NYSE:UMC,19.21,19.245,19.025,19.065,48012.0
2026-07-28 03:45:00+08:00,NYSE:UMC,19.06,19.1,19.02,19.075,159258.0
2026-07-28 21:30:00+08:00,NYSE:UMC,16.9,17.42,16.64,17.12,351775.0
2026-07-28 21:45:00+08:00,NYSE:UMC,17.16,17.3,16.98,17.1,131633.0
2026-07-28 22:00:00+08:00,NYSE:UMC,17.09,17.375,17.08,17.115,75657.0
2026-07-28 22:15:00+08:00,NYSE:UMC,17.12,17.18,17.0,17.1,111769.0
2026-07-28 22:30:00+08:00,NYSE:UMC,17.105,17.22,17.04,17.16,80975.0
2026-07-28 22:45:00+08:00,NYSE:UMC,17.18,17.285,17.14,17.2,52535.0
2026-07-28 23:00:00+08:00,NYSE:UMC,17.205,17.29,17.135,17.21,46942.0
2026-07-28 23:15:00+08:00,NYSE:UMC,17.21,17.48,17.19,17.38,44744.0
2026-07-28 23:30:00+08:00,NYSE:UMC,17.39,17.58,17.335,17.57,46455.0
2026-07-28 23:45:00+08:00,NYSE:UMC,17.57,17.67,17.555,17.63,73042.0
2026-07-29 00:00:00+08:00,NYSE:UMC,17.63,17.7,17.51,17.53,39232.0
2026-07-29 00:15:00+08:00,NYSE:UMC,17.53,17.535,17.44,17.48,43316.0
2026-07-29 00:30:00+08:00,NYSE:UMC,17.47,17.515,17.375,17.5,33461.0
2026-07-29 00:45:00+08:00,NYSE:UMC,17.51,17.565,17.495,17.5,26661.0
2026-07-29 01:00:00+08:00,NYSE:UMC,17.49,17.525,17.435,17.46,29412.0
2026-07-29 01:15:00+08:00,NYSE:UMC,17.45,17.48,17.39,17.4,30182.0
2026-07-29 01:30:00+08:00,NYSE:UMC,17.4,17.455,17.34,17.345,21538.0
2026-07-29 01:45:00+08:00,NYSE:UMC,17.35,17.36,17.305,17.34,37007.0
2026-07-29 02:00:00+08:00,NYSE:UMC,17.35,17.365,17.27,17.28,64148.0
2026-07-29 02:15:00+08:00,NYSE:UMC,17.27,17.32,17.265,17.285,25927.0
2026-07-29 02:30:00+08:00,NYSE:UMC,17.285,17.35,17.28,17.295,26569.0
2026-07-29 02:45:00+08:00,NYSE:UMC,17.295,17.36,17.29,17.31,26844.0
2026-07-29 03:00:00+08:00,NYSE:UMC,17.3,17.4,17.295,17.365,62674.0
2026-07-29 03:15:00+08:00,NYSE:UMC,17.37,17.51,17.34,17.485,74524.0
2026-07-29 03:30:00+08:00,NYSE:UMC,17.49,17.51,17.39,17.44,100004.0
2026-07-29 03:45:00+08:00,NYSE:UMC,17.44,17.455,17.31,17.37,242273.0
2026-07-29 21:30:00+08:00,NYSE:UMC,17.08,17.79,16.965,17.65,232218.0
2026-07-29 21:45:00+08:00,NYSE:UMC,17.66,17.73,17.245,17.32,106439.0
2026-07-29 22:00:00+08:00,NYSE:UMC,17.32,17.53,17.27,17.28,100609.0
2026-07-29 22:15:00+08:00,NYSE:UMC,17.29,17.43,17.13,17.16,69288.0
2026-07-29 22:30:00+08:00,NYSE:UMC,17.17,17.26,17.02,17.03,44100.0
2026-07-29 22:45:00+08:00,NYSE:UMC,17.03,17.22,17.0,17.2,66113.0
2026-07-29 23:00:00+08:00,NYSE:UMC,17.19,17.37,17.065,17.14,51836.0
2026-07-29 23:15:00+08:00,NYSE:UMC,17.13,17.21,17.1,17.115,36433.0
2026-07-29 23:30:00+08:00,NYSE:UMC,17.115,17.2,17.09,17.1,33218.0
2026-07-29 23:45:00+08:00,NYSE:UMC,17.1,17.17,17.02,17.16,30763.0
2026-07-30 00:00:00+08:00,NYSE:UMC,17.17,17.24,17.04,17.085,23071.0
2026-07-30 00:15:00+08:00,NYSE:UMC,17.065,17.24,17.065,17.225,25165.0
2026-07-30 00:30:00+08:00,NYSE:UMC,17.22,17.3,17.135,17.15,29886.0
2026-07-30 00:45:00+08:00,NYSE:UMC,17.15,17.295,17.145,17.27,32266.0
2026-07-30 01:00:00+08:00,NYSE:UMC,17.285,17.49,17.27,17.47,34299.0
2026-07-30 01:15:00+08:00,NYSE:UMC,17.48,17.495,17.3,17.345,20321.0
2026-07-30 01:30:00+08:00,NYSE:UMC,17.345,17.415,17.34,17.38,18840.0
2026-07-30 01:45:00+08:00,NYSE:UMC,17.39,17.435,17.345,17.365,10892.0
2026-07-30 02:00:00+08:00,NYSE:UMC,17.37,18.1,17.37,17.74,187200.0
2026-07-30 02:15:00+08:00,NYSE:UMC,17.745,17.805,17.495,17.515,26623.0
2026-07-30 02:30:00+08:00,NYSE:UMC,17.54,17.86,17.51,17.83,71888.0
2026-07-30 02:45:00+08:00,NYSE:UMC,17.82,18.01,17.81,17.965,45782.0
2026-07-30 03:00:00+08:00,NYSE:UMC,17.97,18.12,17.68,17.75,51072.0
2026-07-30 03:15:00+08:00,NYSE:UMC,17.76,17.805,17.415,17.58,88186.0
2026-07-30 03:30:00+08:00,NYSE:UMC,17.575,17.69,17.3,17.31,169238.0
2026-07-30 03:45:00+08:00,NYSE:UMC,17.31,17.365,17.03,17.11,357531.0
2026-07-30 21:30:00+08:00,NYSE:UMC,17.56,18.2,17.54,18.15,117563.0
2026-07-30 21:45:00+08:00,NYSE:UMC,18.18,18.54,18.15,18.53,49517.0
2026-07-30 22:00:00+08:00,NYSE:UMC,18.52,18.615,18.32,18.44,65817.0
2026-07-30 22:15:00+08:00,NYSE:UMC,18.46,18.715,18.45,18.71,47068.0
2026-07-30 22:30:00+08:00,NYSE:UMC,18.73,18.765,18.625,18.645,89643.0
2026-07-30 22:45:00+08:00,NYSE:UMC,18.65,18.685,18.485,18.54,56616.0
2026-07-30 23:00:00+08:00,NYSE:UMC,18.53,18.68,18.44,18.56,29584.0
2026-07-30 23:15:00+08:00,NYSE:UMC,18.555,18.7,18.555,18.6,22494.0
2026-07-30 23:30:00+08:00,NYSE:UMC,18.6,18.63,18.56,18.61,15339.0
2026-07-30 23:45:00+08:00,NYSE:UMC,18.6,18.795,18.6,18.72,43737.0
2026-07-31 00:00:00+08:00,NYSE:UMC,18.72,18.88,18.68,18.86,16277.0
2026-07-31 00:15:00+08:00,NYSE:UMC,18.87,18.905,18.85,18.86,14309.0
2026-07-31 00:30:00+08:00,NYSE:UMC,18.86,18.87,18.645,18.665,18616.0
2026-07-31 00:45:00+08:00,NYSE:UMC,18.665,18.79,18.665,18.775,19126.0
2026-07-31 01:00:00+08:00,NYSE:UMC,18.78,18.83,18.78,18.78,12486.0
2026-07-31 01:15:00+08:00,NYSE:UMC,18.78,18.855,18.77,18.77,16208.0
2026-07-31 01:30:00+08:00,NYSE:UMC,18.77,18.81,18.735,18.785,11094.0
2026-07-31 01:45:00+08:00,NYSE:UMC,18.78,18.815,18.74,18.755,12815.0
2026-07-31 02:00:00+08:00,NYSE:UMC,18.765,18.775,18.71,18.735,16346.0
2026-07-31 02:15:00+08:00,NYSE:UMC,18.74,18.755,18.695,18.74,15845.0
2026-07-31 02:30:00+08:00,NYSE:UMC,18.74,18.77,18.67,18.69,15694.0
2026-07-31 02:45:00+08:00,NYSE:UMC,18.7,18.73,18.69,18.73,22871.0
2026-07-31 03:00:00+08:00,NYSE:UMC,18.73,18.915,18.73,18.91,39590.0
2026-07-31 03:15:00+08:00,NYSE:UMC,18.9,18.95,18.855,18.855,70787.0
2026-07-31 03:30:00+08:00,NYSE:UMC,18.85,18.935,18.81,18.91,79461.0
2026-07-31 03:45:00+08:00,NYSE:UMC,18.91,19.02,18.865,18.95,253500.0
2026-07-31 21:30:00+08:00,NYSE:UMC,19.8,20.07,19.4,19.4,170933.0
2026-07-31 21:45:00+08:00,NYSE:UMC,19.44,19.54,19.245,19.37,89406.0
2026-07-31 22:00:00+08:00,NYSE:UMC,19.37,19.4,18.82,19.03,97081.0
2026-07-31 22:15:00+08:00,NYSE:UMC,19.05,19.24,18.87,19.23,140177.0
2026-07-31 22:30:00+08:00,NYSE:UMC,19.23,19.32,19.12,19.22,77684.0
2026-07-31 22:45:00+08:00,NYSE:UMC,19.215,19.39,19.13,19.295,40512.0
2026-07-31 23:00:00+08:00,NYSE:UMC,19.29,19.33,19.15,19.19,30133.0
2026-07-31 23:15:00+08:00,NYSE:UMC,19.18,19.31,18.94,19.03,53750.0
2026-07-31 23:30:00+08:00,NYSE:UMC,19.05,19.17,18.96,19.08,49450.0
2026-07-31 23:45:00+08:00,NYSE:UMC,19.09,19.125,19.01,19.07,19480.0
2026-08-01 00:00:00+08:00,NYSE:UMC,19.09,19.12,19.02,19.07,25414.0
2026-08-01 00:15:00+08:00,NYSE:UMC,19.08,19.17,19.015,19.17,102734.0
2026-08-01 00:30:00+08:00,NYSE:UMC,19.18,19.24,19.14,19.14,22793.0
2026-08-01 00:45:00+08:00,NYSE:UMC,19.16,19.24,19.12,19.22,21047.0
2026-08-01 01:00:00+08:00,NYSE:UMC,19.21,19.26,19.17,19.21,15441.0
2026-08-01 01:15:00+08:00,NYSE:UMC,19.21,19.29,19.15,19.255,19932.0
2026-08-01 01:30:00+08:00,NYSE:UMC,19.255,19.335,19.24,19.28,24660.0
2026-08-01 01:45:00+08:00,NYSE:UMC,19.28,19.29,19.21,19.22,13777.0
2026-08-01 02:00:00+08:00,NYSE:UMC,19.23,19.275,19.15,19.15,13611.0
2026-08-01 02:15:00+08:00,NYSE:UMC,19.15,19.21,19.14,19.21,11281.0
2026-08-01 02:30:00+08:00,NYSE:UMC,19.22,19.25,19.21,19.215,10236.0
2026-08-01 02:45:00+08:00,NYSE:UMC,19.22,19.255,19.18,19.21,9317.0
2026-08-01 03:00:00+08:00,NYSE:UMC,19.22,19.255,19.14,19.175,16078.0
2026-08-01 03:15:00+08:00,NYSE:UMC,19.18,19.22,19.16,19.19,27513.0
2026-08-01 03:30:00+08:00,NYSE:UMC,19.2,19.215,19.105,19.145,46178.0
2026-08-01 03:45:00+08:00,NYSE:UMC,19.16,19.205,18.985,19.03,180278.0
2026-08-03 21:30:00+08:00,NYSE:UMC,17.6,17.94,17.49,17.88,124712.0
2026-08-03 21:45:00+08:00,NYSE:UMC,17.89,17.97,17.65,17.95,38989.0
2026-08-03 22:00:00+08:00,NYSE:UMC,17.95,18.12,17.82,18.05,57758.0
2026-08-03 22:15:00+08:00,NYSE:UMC,18.04,18.32,18.02,18.32,38923.0
2026-08-03 22:30:00+08:00,NYSE:UMC,18.32,18.43,18.28,18.34,41305.0
2026-08-03 22:45:00+08:00,NYSE:UMC,18.335,18.66,18.305,18.62,35919.0
2026-08-03 23:00:00+08:00,NYSE:UMC,18.62,18.62,18.35,18.35,25257.0
2026-08-03 23:15:00+08:00,NYSE:UMC,18.35,18.44,18.3,18.32,36368.0
2026-08-03 23:30:00+08:00,NYSE:UMC,18.32,18.445,18.31,18.44,26513.0
2026-08-03 23:45:00+08:00,NYSE:UMC,18.44,18.5,18.41,18.46,18106.0
2026-08-04 00:00:00+08:00,NYSE:UMC,18.465,18.53,18.46,18.475,18325.0
2026-08-04 00:15:00+08:00,NYSE:UMC,18.48,18.545,18.47,18.47,17878.0
2026-08-04 00:30:00+08:00,NYSE:UMC,18.47,18.47,18.39,18.435,18083.0
2026-08-04 00:45:00+08:00,NYSE:UMC,18.43,18.49,18.43,18.43,20964.0
2026-08-04 01:00:00+08:00,NYSE:UMC,18.42,18.5,18.41,18.475,13002.0
2026-08-04 01:15:00+08:00,NYSE:UMC,18.48,18.525,18.47,18.525,25979.0
2026-08-04 01:30:00+08:00,NYSE:UMC,18.525,18.56,18.52,18.55,20889.0
2026-08-04 01:45:00+08:00,NYSE:UMC,18.54,18.64,18.54,18.64,13301.0
2026-08-04 02:00:00+08:00,NYSE:UMC,18.645,18.755,18.645,18.69,13727.0
2026-08-04 02:15:00+08:00,NYSE:UMC,18.7,18.71,18.545,18.545,12542.0
2026-08-04 02:30:00+08:00,NYSE:UMC,18.57,18.6,18.55,18.595,13906.0
2026-08-04 02:45:00+08:00,NYSE:UMC,18.61,18.66,18.56,18.62,18543.0
2026-08-04 03:00:00+08:00,NYSE:UMC,18.63,18.685,18.595,18.605,26665.0
2026-08-04 03:15:00+08:00,NYSE:UMC,18.61,18.67,18.61,18.64,28003.0
2026-08-04 03:30:00+08:00,NYSE:UMC,18.645,18.66,18.59,18.64,31707.0
2026-08-04 03:45:00+08:00,NYSE:UMC,18.64,18.73,18.6,18.68,126511.0
2026-08-04 21:30:00+08:00,NYSE:UMC,19.89,20.115,19.6,20.06,86321.0
2026-08-04 21:45:00+08:00,NYSE:UMC,20.1,20.175,19.98,20.075,51396.0
2026-08-04 22:00:00+08:00,NYSE:UMC,20.09,20.24,20.015,20.17,48687.0
2026-08-04 22:15:00+08:00,NYSE:UMC,20.19,20.22,20.085,20.2,36580.0
2026-08-04 22:30:00+08:00,NYSE:UMC,20.2,20.28,20.15,20.28,42212.0
2026-08-04 22:45:00+08:00,NYSE:UMC,20.27,20.295,20.2,20.29,27865.0
2026-08-04 23:00:00+08:00,NYSE:UMC,20.29,20.435,20.28,20.43,51775.0
2026-08-04 23:15:00+08:00,NYSE:UMC,20.43,20.495,20.34,20.355,107628.0
2026-08-04 23:30:00+08:00,NYSE:UMC,20.355,20.435,20.345,20.42,27389.0
2026-08-04 23:45:00+08:00,NYSE:UMC,20.42,20.445,20.4,20.4,20219.0
2026-08-05 00:00:00+08:00,NYSE:UMC,20.43,20.475,20.395,20.415,21922.0
2026-08-05 00:15:00+08:00,NYSE:UMC,20.415,20.52,20.41,20.48,22023.0
2026-08-05 00:30:00+08:00,NYSE:UMC,20.47,20.49,20.45,20.475,26566.0
2026-08-05 00:45:00+08:00,NYSE:UMC,20.475,20.565,20.475,20.565,26094.0
2026-08-05 01:00:00+08:00,NYSE:UMC,20.56,20.605,20.535,20.565,31261.0
2026-08-05 01:15:00+08:00,NYSE:UMC,20.585,20.735,20.58,20.735,35320.0
2026-08-05 01:30:00+08:00,NYSE:UMC,20.73,20.785,20.72,20.765,21952.0
2026-08-05 01:45:00+08:00,NYSE:UMC,20.77,20.82,20.725,20.725,25585.0
2026-08-05 02:00:00+08:00,NYSE:UMC,20.72,20.725,20.64,20.68,18983.0
2026-08-05 02:15:00+08:00,NYSE:UMC,20.7,20.76,20.69,20.745,23058.0
2026-08-05 02:30:00+08:00,NYSE:UMC,20.745,20.765,20.65,20.675,20951.0
2026-08-05 02:45:00+08:00,NYSE:UMC,20.68,20.765,20.68,20.705,32524.0
2026-08-05 03:00:00+08:00,NYSE:UMC,20.715,20.815,20.71,20.8,49007.0
2026-08-05 03:15:00+08:00,NYSE:UMC,20.805,20.845,20.755,20.765,81216.0
2026-08-05 03:30:00+08:00,NYSE:UMC,20.765,20.765,20.655,20.735,80769.0
2026-08-05 03:45:00+08:00,NYSE:UMC,20.74,20.74,20.59,20.625,263201.0
2026-08-05 21:30:00+08:00,NYSE:UMC,19.63,19.87,19.485,19.74,78592.0
2026-08-05 21:45:00+08:00,NYSE:UMC,19.71,19.945,19.71,19.92,46913.0
2026-08-05 22:00:00+08:00,NYSE:UMC,19.9,19.91,19.61,19.675,49698.0
2026-08-05 22:15:00+08:00,NYSE:UMC,19.67,19.72,19.515,19.54,40441.0
2026-08-05 22:30:00+08:00,NYSE:UMC,19.54,19.54,19.3,19.335,61928.0
2026-08-05 22:45:00+08:00,NYSE:UMC,19.35,19.46,19.28,19.38,49798.0
2026-08-05 23:00:00+08:00,NYSE:UMC,19.365,19.48,19.35,19.38,45824.0
2026-08-05 23:15:00+08:00,NYSE:UMC,19.38,19.43,19.34,19.36,53589.0
2026-08-05 23:30:00+08:00,NYSE:UMC,19.37,19.495,19.37,19.42,23954.0
2026-08-05 23:45:00+08:00,NYSE:UMC,19.42,19.455,19.305,19.33,47379.0
2026-08-06 00:00:00+08:00,NYSE:UMC,19.33,19.39,19.29,19.31,57718.0
2026-08-06 00:15:00+08:00,NYSE:UMC,19.32,19.44,19.31,19.425,66566.0
2026-08-06 00:30:00+08:00,NYSE:UMC,19.43,19.44,19.315,19.37,30219.0
2026-08-06 00:45:00+08:00,NYSE:UMC,19.37,19.43,19.355,19.395,21012.0
2026-08-06 01:00:00+08:00,NYSE:UMC,19.395,19.395,19.26,19.28,40806.0
2026-08-06 01:15:00+08:00,NYSE:UMC,19.28,19.31,19.25,19.265,28051.0
2026-08-06 01:30:00+08:00,NYSE:UMC,19.26,19.3,19.25,19.26,34231.0
2026-08-06 01:45:00+08:00,NYSE:UMC,19.25,19.3,19.23,19.285,27254.0
2026-08-06 02:00:00+08:00,NYSE:UMC,19.285,19.3,19.23,19.23,44503.0
2026-08-06 02:15:00+08:00,NYSE:UMC,19.22,19.29,19.22,19.285,27472.0
2026-08-06 02:30:00+08:00,NYSE:UMC,19.28,19.28,19.21,19.22,42885.0
2026-08-06 02:45:00+08:00,NYSE:UMC,19.225,19.29,19.215,19.255,30493.0
2026-08-06 03:00:00+08:00,NYSE:UMC,19.255,19.395,19.245,19.395,32722.0
2026-08-06 03:15:00+08:00,NYSE:UMC,19.4,19.515,19.37,19.48,32167.0
2026-08-06 03:30:00+08:00,NYSE:UMC,19.49,19.51,19.385,19.43,54312.0
2026-08-06 03:45:00+08:00,NYSE:UMC,19.43,19.44,19.2,19.28,297406.0
2026-08-06 21:30:00+08:00,NYSE:UMC,18.9,19.155,18.73,19.14,80176.0
2026-08-06 21:45:00+08:00,NYSE:UMC,19.16,19.33,19.12,19.27,40293.0
2026-08-06 22:00:00+08:00,NYSE:UMC,19.27,19.5,19.25,19.47,48430.0
2026-08-06 22:15:00+08:00,NYSE:UMC,19.47,19.56,19.36,19.37,67867.0
2026-08-06 22:30:00+08:00,NYSE:UMC,19.37,19.46,19.27,19.29,68250.0
2026-08-06 22:45:00+08:00,NYSE:UMC,19.28,19.32,19.165,19.32,68923.0
2026-08-06 23:00:00+08:00,NYSE:UMC,19.32,19.42,19.26,19.39,57729.0
2026-08-06 23:15:00+08:00,NYSE:UMC,19.39,19.415,19.29,19.375,36104.0
2026-08-06 23:30:00+08:00,NYSE:UMC,19.38,19.425,19.255,19.255,42006.0
2026-08-06 23:45:00+08:00,NYSE:UMC,19.255,19.37,19.24,19.25,27885.0
2026-08-07 00:00:00+08:00,NYSE:UMC,19.26,19.27,19.155,19.16,50706.0
2026-08-07 00:15:00+08:00,NYSE:UMC,19.165,19.185,19.03,19.06,43960.0
2026-08-07 00:30:00+08:00,NYSE:UMC,19.05,19.21,19.05,19.16,32482.0
2026-08-07 00:45:00+08:00,NYSE:UMC,19.16,19.26,19.13,19.25,35784.0
2026-08-07 01:00:00+08:00,NYSE:UMC,19.26,19.28,19.23,19.23,30446.0
2026-08-07 01:15:00+08:00,NYSE:UMC,19.22,19.24,19.18,19.23,24001.0
2026-08-07 01:30:00+08:00,NYSE:UMC,19.21,19.23,19.165,19.18,30549.0
2026-08-07 01:45:00+08:00,NYSE:UMC,19.18,19.2,19.16,19.2,15572.0
2026-08-07 02:00:00+08:00,NYSE:UMC,19.2,19.21,19.16,19.205,15486.0
2026-08-07 02:15:00+08:00,NYSE:UMC,19.21,19.37,19.05,19.26,101316.0
2026-08-07 02:30:00+08:00,NYSE:UMC,19.25,19.265,19.175,19.215,32636.0
2026-08-07 02:45:00+08:00,NYSE:UMC,19.215,19.24,19.185,19.205,24717.0
2026-08-07 03:00:00+08:00,NYSE:UMC,19.205,19.285,19.19,19.21,42252.0
2026-08-07 03:15:00+08:00,NYSE:UMC,19.2,19.23,19.145,19.165,33336.0
2026-08-07 03:30:00+08:00,NYSE:UMC,19.185,19.22,19.135,19.21,52552.0
2026-08-07 03:45:00+08:00,NYSE:UMC,19.2,19.28,19.155,19.21,212165.0
2026-08-07 21:30:00+08:00,NYSE:UMC,18.58,18.82,18.57,18.76,64406.0
2026-08-07 21:45:00+08:00,NYSE:UMC,18.75,18.75,18.36,18.39,60218.0
2026-08-07 22:00:00+08:00,NYSE:UMC,18.39,18.41,18.17,18.24,45647.0
2026-08-07 22:15:00+08:00,NYSE:UMC,18.22,18.56,18.215,18.53,40805.0
2026-08-07 22:30:00+08:00,NYSE:UMC,18.53,18.555,18.37,18.375,35353.0
2026-08-07 22:45:00+08:00,NYSE:UMC,18.375,18.495,18.375,18.475,34912.0
2026-08-07 23:00:00+08:00,NYSE:UMC,18.48,18.565,18.465,18.53,39645.0
2026-08-07 23:15:00+08:00,NYSE:UMC,18.525,18.63,18.5,18.605,25333.0
2026-08-07 23:30:00+08:00,NYSE:UMC,18.615,18.64,18.53,18.55,15035.0
2026-08-07 23:45:00+08:00,NYSE:UMC,18.55,18.625,18.55,18.615,21765.0
2026-08-08 00:00:00+08:00,NYSE:UMC,18.615,18.665,18.61,18.64,21036.0
2026-08-08 00:15:00+08:00,NYSE:UMC,18.635,18.645,18.49,18.51,18183.0
2026-08-08 00:30:00+08:00,NYSE:UMC,18.51,18.55,18.445,18.54,16878.0
2026-08-08 00:45:00+08:00,NYSE:UMC,18.535,18.585,18.535,18.54,16698.0
2026-08-08 01:00:00+08:00,NYSE:UMC,18.55,18.595,18.525,18.525,12869.0
2026-08-08 01:15:00+08:00,NYSE:UMC,18.52,18.61,18.51,18.6,17896.0
2026-08-08 01:30:00+08:00,NYSE:UMC,18.6,18.63,18.57,18.57,29091.0
2026-08-08 01:45:00+08:00,NYSE:UMC,18.575,18.585,18.56,18.58,20035.0
2026-08-08 02:00:00+08:00,NYSE:UMC,18.57,18.615,18.57,18.575,9444.0
2026-08-08 02:15:00+08:00,NYSE:UMC,18.575,18.59,18.545,18.55,9864.0
2026-08-08 02:30:00+08:00,NYSE:UMC,18.555,18.6,18.55,18.58,20278.0
2026-08-08 02:45:00+08:00,NYSE:UMC,18.565,18.605,18.56,18.595,11600.0
2026-08-08 03:00:00+08:00,NYSE:UMC,18.615,18.685,18.59,18.645,26252.0
2026-08-08 03:15:00+08:00,NYSE:UMC,18.67,18.67,18.61,18.635,12262.0
2026-08-08 03:30:00+08:00,NYSE:UMC,18.63,18.63,18.55,18.58,54709.0
2026-08-08 03:45:00+08:00,NYSE:UMC,18.58,18.72,18.54,18.71,169687.0
2026-08-10 21:30:00+08:00,NYSE:UMC,19.34,19.34,19.06,19.11,35996.0
2026-08-10 21:45:00+08:00,NYSE:UMC,19.15,19.26,19.14,19.23,31233.0
2026-08-10 22:00:00+08:00,NYSE:UMC,19.21,19.285,19.175,19.24,22400.0
2026-08-10 22:15:00+08:00,NYSE:UMC,19.245,19.26,19.12,19.155,16876.0
2026-08-10 22:30:00+08:00,NYSE:UMC,19.155,19.24,19.135,19.135,16794.0
2026-08-10 22:45:00+08:00,NYSE:UMC,19.135,19.18,19.045,19.045,24775.0
2026-08-10 23:00:00+08:00,NYSE:UMC,19.06,19.115,19.02,19.075,9268.0
2026-08-10 23:15:00+08:00,NYSE:UMC,19.075,19.095,19.035,19.04,7551.0
2026-08-10 23:30:00+08:00,NYSE:UMC,19.04,19.05,18.99,19.05,23950.0
2026-08-10 23:45:00+08:00,NYSE:UMC,19.06,19.07,19.03,19.06,4372.0
2026-08-11 00:00:00+08:00,NYSE:UMC,19.05,19.08,18.975,18.99,9257.0
2026-08-11 00:15:00+08:00,NYSE:UMC,18.995,19.025,18.955,18.955,8144.0
2026-08-11 00:30:00+08:00,NYSE:UMC,18.96,18.97,18.9,18.9,19305.0
2026-08-11 00:45:00+08:00,NYSE:UMC,18.9,18.925,18.88,18.89,8722.0
2026-08-11 01:00:00+08:00,NYSE:UMC,18.895,18.91,18.86,18.9,15237.0
2026-08-11 01:15:00+08:00,NYSE:UMC,18.91,18.91,18.885,18.895,7715.0
2026-08-11 01:30:00+08:00,NYSE:UMC,18.9,18.91,18.88,18.89,9169.0
2026-08-11 01:45:00+08:00,NYSE:UMC,18.885,18.91,18.885,18.905,3818.0
2026-08-11 02:00:00+08:00,NYSE:UMC,18.91,18.94,18.91,18.92,4890.0
2026-08-11 02:15:00+08:00,NYSE:UMC,18.93,18.94,18.905,18.92,2919.0
2026-08-11 02:30:00+08:00,NYSE:UMC,18.92,18.94,18.91,18.935,4026.0
2026-08-11 02:45:00+08:00,NYSE:UMC,18.94,18.955,18.93,18.955,5772.0
2026-08-11 03:00:00+08:00,NYSE:UMC,18.95,19.0,18.95,18.985,7194.0
2026-08-11 03:15:00+08:00,NYSE:UMC,18.985,19.06,18.98,19.055,16636.0
2026-08-11 03:30:00+08:00,NYSE:UMC,19.06,19.06,18.95,18.95,28772.0
2026-08-11 03:45:00+08:00,NYSE:UMC,18.95,19.025,18.77,18.78,180348.0
2026-08-11 21:30:00+08:00,NYSE:UMC,19.33,19.33,19.09,19.27,42587.0
2026-08-11 21:45:00+08:00,NYSE:UMC,19.28,19.28,19.03,19.155,16926.0
2026-08-11 22:00:00+08:00,NYSE:UMC,19.16,19.24,19.13,19.18,13363.0
2026-08-11 22:15:00+08:00,NYSE:UMC,19.19,19.22,19.13,19.21,17104.0
2026-08-11 22:30:00+08:00,NYSE:UMC,19.21,19.22,19.17,19.18,10482.0
2026-08-11 22:45:00+08:00,NYSE:UMC,19.18,19.28,19.17,19.24,12094.0
2026-08-11 23:00:00+08:00,NYSE:UMC,19.24,19.26,19.165,19.18,8064.0
2026-08-11 23:15:00+08:00,NYSE:UMC,19.17,19.19,19.14,19.15,4627.0
2026-08-11 23:30:00+08:00,NYSE:UMC,19.15,19.17,19.11,19.14,6408.0
2026-08-11 23:45:00+08:00,NYSE:UMC,19.135,19.135,19.08,19.1,5662.0
2026-08-12 00:00:00+08:00,NYSE:UMC,19.08,19.09,19.055,19.09,3857.0
2026-08-12 00:15:00+08:00,NYSE:UMC,19.08,19.09,19.025,19.03,5033.0
2026-08-12 00:30:00+08:00,NYSE:UMC,19.04,19.07,19.01,19.05,36357.0
2026-08-12 00:45:00+08:00,NYSE:UMC,19.06,19.06,19.02,19.025,6103.0
2026-08-12 01:00:00+08:00,NYSE:UMC,19.025,19.025,18.96,18.98,6413.0
2026-08-12 01:15:00+08:00,NYSE:UMC,18.97,19.0,18.97,18.98,2424.0
2026-08-12 01:30:00+08:00,NYSE:UMC,18.975,19.01,18.94,19.01,4466.0
2026-08-12 01:45:00+08:00,NYSE:UMC,18.995,19.005,18.99,18.99,4748.0
2026-08-12 02:00:00+08:00,NYSE:UMC,18.995,19.0,18.98,18.98,6374.0
2026-08-12 02:15:00+08:00,NYSE:UMC,18.97,18.98,18.925,18.925,7085.0
2026-08-12 02:30:00+08:00,NYSE:UMC,18.95,18.965,18.935,18.935,4406.0
2026-08-12 02:45:00+08:00,NYSE:UMC,18.94,18.995,18.94,18.98,3871.0
2026-08-12 03:00:00+08:00,NYSE:UMC,18.975,18.99,18.945,18.98,5452.0
2026-08-12 03:15:00+08:00,NYSE:UMC,18.99,19.01,18.97,18.99,8611.0
2026-08-12 03:30:00+08:00,NYSE:UMC,18.99,19.02,18.93,18.935,21963.0
2026-08-12 03:45:00+08:00,NYSE:UMC,18.94,18.975,18.91,18.945,96948.0
2026-08-12 21:30:00+08:00,NYSE:UMC,19.85,19.85,19.33,19.51,75224.0
2026-08-12 21:45:00+08:00,NYSE:UMC,19.51,19.61,19.45,19.51,33685.0
2026-08-12 22:00:00+08:00,NYSE:UMC,19.5,19.535,19.425,19.48,33188.0
2026-08-12 22:15:00+08:00,NYSE:UMC,19.47,19.5,19.35,19.445,98653.0
2026-08-12 22:30:00+08:00,NYSE:UMC,19.44,19.45,19.34,19.44,26697.0
2026-08-12 22:45:00+08:00,NYSE:UMC,19.43,19.43,19.35,19.38,17902.0
2026-08-12 23:00:00+08:00,NYSE:UMC,19.375,19.495,19.36,19.49,12426.0
2026-08-12 23:15:00+08:00,NYSE:UMC,19.47,19.495,19.46,19.48,14182.0
2026-08-12 23:30:00+08:00,NYSE:UMC,19.49,19.49,19.38,19.385,26373.0
2026-08-12 23:45:00+08:00,NYSE:UMC,19.38,19.39,19.35,19.385,16832.0
2026-08-13 00:00:00+08:00,NYSE:UMC,19.385,19.43,19.385,19.405,10176.0
2026-08-13 00:15:00+08:00,NYSE:UMC,19.4,19.42,19.385,19.385,8211.0
2026-08-13 00:30:00+08:00,NYSE:UMC,19.38,19.395,19.37,19.385,7984.0
2026-08-13 00:45:00+08:00,NYSE:UMC,19.385,19.395,19.36,19.39,4553.0
2026-08-13 01:00:00+08:00,NYSE:UMC,19.395,19.42,19.38,19.405,12668.0
2026-08-13 01:15:00+08:00,NYSE:UMC,19.405,19.445,19.39,19.445,10653.0
2026-08-13 01:30:00+08:00,NYSE:UMC,19.45,19.465,19.445,19.46,9603.0
2026-08-13 01:45:00+08:00,NYSE:UMC,19.465,19.52,19.465,19.51,12673.0
2026-08-13 02:00:00+08:00,NYSE:UMC,19.515,19.515,19.46,19.475,9543.0
2026-08-13 02:15:00+08:00,NYSE:UMC,19.48,19.51,19.47,19.5,8528.0
2026-08-13 02:30:00+08:00,NYSE:UMC,19.485,19.505,19.48,19.48,13721.0
2026-08-13 02:45:00+08:00,NYSE:UMC,19.475,19.49,19.46,19.48,11549.0
2026-08-13 03:00:00+08:00,NYSE:UMC,19.48,19.495,19.45,19.485,11607.0
2026-08-13 03:15:00+08:00,NYSE:UMC,19.49,19.53,19.405,19.43,26094.0
2026-08-13 03:30:00+08:00,NYSE:UMC,19.42,19.42,19.35,19.375,35901.0
2026-08-13 03:45:00+08:00,NYSE:UMC,19.37,19.38,19.3,19.31,89270.0
2026-08-13 21:30:00+08:00,NYSE:UMC,19.26,19.45,19.24,19.39,24063.0
2026-08-13 21:45:00+08:00,NYSE:UMC,19.4,19.44,19.37,19.425,15266.0
2026-08-13 22:00:00+08:00,NYSE:UMC,19.43,19.47,19.38,19.41,18652.0
2026-08-13 22:15:00+08:00,NYSE:UMC,19.42,19.43,19.38,19.425,9739.0
2026-08-13 22:30:00+08:00,NYSE:UMC,19.43,19.56,19.415,19.55,14904.0
2026-08-13 22:45:00+08:00,NYSE:UMC,19.545,19.55,19.495,19.495,5355.0
2026-08-13 23:00:00+08:00,NYSE:UMC,19.49,19.7,19.485,19.67,27292.0
2026-08-13 23:15:00+08:00,NYSE:UMC,19.665,19.715,19.635,19.67,28172.0
2026-08-13 23:30:00+08:00,NYSE:UMC,19.66,19.67,19.515,19.585,21001.0
2026-08-13 23:45:00+08:00,NYSE:UMC,19.56,19.56,19.475,19.495,14648.0
2026-08-14 00:00:00+08:00,NYSE:UMC,19.5,19.605,19.5,19.55,8624.0
2026-08-14 00:15:00+08:00,NYSE:UMC,19.55,19.595,19.545,19.595,1844.0
2026-08-14 00:30:00+08:00,NYSE:UMC,19.585,19.605,19.565,19.595,3405.0
2026-08-14 00:45:00+08:00,NYSE:UMC,19.59,19.595,19.555,19.575,6715.0
2026-08-14 01:00:00+08:00,NYSE:UMC,19.59,19.62,19.585,19.615,8738.0
2026-08-14 01:15:00+08:00,NYSE:UMC,19.615,19.62,19.605,19.605,9907.0
2026-08-14 01:30:00+08:00,NYSE:UMC,19.605,19.615,19.59,19.605,5713.0
2026-08-14 01:45:00+08:00,NYSE:UMC,19.61,19.615,19.56,19.56,8961.0
2026-08-14 02:00:00+08:00,NYSE:UMC,19.555,19.58,19.54,19.55,10016.0
2026-08-14 02:15:00+08:00,NYSE:UMC,19.56,19.58,19.55,19.57,12132.0
2026-08-14 02:30:00+08:00,NYSE:UMC,19.565,19.595,19.53,19.535,11635.0
2026-08-14 02:45:00+08:00,NYSE:UMC,19.535,19.58,19.535,19.56,15927.0
2026-08-14 03:00:00+08:00,NYSE:UMC,19.555,19.58,19.505,19.505,18922.0
2026-08-14 03:15:00+08:00,NYSE:UMC,19.5,19.535,19.455,19.47,27473.0
2026-08-14 03:30:00+08:00,NYSE:UMC,19.45,19.49,19.415,19.415,36146.0
2026-08-14 03:45:00+08:00,NYSE:UMC,19.41,19.44,19.36,19.37,115523.0
2026-08-14 21:30:00+08:00,NYSE:UMC,18.92,19.16,18.92,19.16,28514.0
2026-08-14 21:45:00+08:00,NYSE:UMC,19.16,19.17,19.05,19.06,15231.0
2026-08-14 22:00:00+08:00,NYSE:UMC,19.06,19.09,18.98,19.01,13861.0
2026-08-14 22:15:00+08:00,NYSE:UMC,19.01,19.03,18.9,18.94,17303.0
2026-08-14 22:30:00+08:00,NYSE:UMC,18.94,18.97,18.89,18.95,30411.0
2026-08-14 22:45:00+08:00,NYSE:UMC,18.95,18.95,18.89,18.91,9631.0
2026-08-14 23:00:00+08:00,NYSE:UMC,18.91,18.92,18.88,18.89,10349.0
2026-08-14 23:15:00+08:00,NYSE:UMC,18.9,18.9,18.75,18.84,27182.0
2026-08-14 23:30:00+08:00,NYSE:UMC,18.85,18.85,18.77,18.79,13361.0
2026-08-14 23:45:00+08:00,NYSE:UMC,18.81,18.865,18.785,18.83,12769.0
2026-08-15 00:00:00+08:00,NYSE:UMC,18.83,18.915,18.83,18.91,9815.0
2026-08-15 00:15:00+08:00,NYSE:UMC,18.92,18.95,18.92,18.93,7070.0
2026-08-15 00:30:00+08:00,NYSE:UMC,18.94,18.94,18.9,18.91,2674.0
2026-08-15 00:45:00+08:00,NYSE:UMC,18.91,18.91,18.88,18.895,2910.0
2026-08-15 01:00:00+08:00,NYSE:UMC,18.88,18.925,18.87,18.89,1936.0
2026-08-15 01:15:00+08:00,NYSE:UMC,18.905,18.92,18.88,18.895,1849.0
2026-08-15 01:30:00+08:00,NYSE:UMC,18.9,18.92,18.88,18.89,3426.0
2026-08-15 01:45:00+08:00,NYSE:UMC,18.895,18.91,18.89,18.91,2317.0
2026-08-15 02:00:00+08:00,NYSE:UMC,18.91,18.93,18.9,18.92,5418.0
2026-08-15 02:15:00+08:00,NYSE:UMC,18.92,18.925,18.91,18.91,3745.0
2026-08-15 02:30:00+08:00,NYSE:UMC,18.905,18.94,18.9,18.93,4337.0
2026-08-15 02:45:00+08:00,NYSE:UMC,18.925,18.945,18.92,18.92,8156.0
2026-08-15 03:00:00+08:00,NYSE:UMC,18.92,18.975,18.905,18.965,9660.0
2026-08-15 03:15:00+08:00,NYSE:UMC,18.97,19.035,18.97,19.02,8391.0
2026-08-15 03:30:00+08:00,NYSE:UMC,19.02,19.05,19.0,19.05,18289.0
2026-08-15 03:45:00+08:00,NYSE:UMC,19.045,19.155,19.03,19.155,87105.0
2026-08-17 21:30:00+08:00,NYSE:UMC,19.34,19.42,19.27,19.38,15377.0
2026-08-17 21:45:00+08:00,NYSE:UMC,19.37,19.525,19.335,19.525,19770.0
2026-08-17 22:00:00+08:00,NYSE:UMC,19.52,19.6,19.46,19.55,29609.0
2026-08-17 22:15:00+08:00,NYSE:UMC,19.55,19.56,19.48,19.55,12542.0
2026-08-17 22:30:00+08:00,NYSE:UMC,19.55,19.615,19.535,19.61,21764.0
2026-08-17 22:45:00+08:00,NYSE:UMC,19.62,19.695,19.6,19.69,22701.0
2026-08-17 23:00:00+08:00,NYSE:UMC,19.695,19.77,19.67,19.705,20536.0
2026-08-17 23:15:00+08:00,NYSE:UMC,19.7,19.76,19.7,19.73,15600.0
2026-08-17 23:30:00+08:00,NYSE:UMC,19.72,19.73,19.665,19.68,6854.0
2026-08-17 23:45:00+08:00,NYSE:UMC,19.69,19.725,19.685,19.705,8617.0
2026-08-18 00:00:00+08:00,NYSE:UMC,19.71,19.72,19.64,19.65,7527.0
2026-08-18 00:15:00+08:00,NYSE:UMC,19.65,19.685,19.65,19.68,9689.0
2026-08-18 00:30:00+08:00,NYSE:UMC,19.68,19.68,19.65,19.655,4954.0
2026-08-18 00:45:00+08:00,NYSE:UMC,19.65,19.675,19.63,19.67,8288.0
2026-08-18 01:00:00+08:00,NYSE:UMC,19.68,19.68,19.62,19.62,8814.0
2026-08-18 01:15:00+08:00,NYSE:UMC,19.63,19.63,19.56,19.57,7066.0
2026-08-18 01:30:00+08:00,NYSE:UMC,19.57,19.59,19.525,19.59,7330.0
2026-08-18 01:45:00+08:00,NYSE:UMC,19.595,19.605,19.58,19.605,9423.0
2026-08-18 02:00:00+08:00,NYSE:UMC,19.61,19.61,19.5,19.54,5637.0
2026-08-18 02:15:00+08:00,NYSE:UMC,19.53,19.54,19.51,19.52,6076.0
2026-08-18 02:30:00+08:00,NYSE:UMC,19.52,19.535,19.505,19.53,4864.0
2026-08-18 02:45:00+08:00,NYSE:UMC,19.53,19.57,19.53,19.56,9868.0
2026-08-18 03:00:00+08:00,NYSE:UMC,19.565,19.565,19.44,19.45,16114.0
2026-08-18 03:15:00+08:00,NYSE:UMC,19.45,19.465,19.4,19.4,18354.0
2026-08-18 03:30:00+08:00,NYSE:UMC,19.39,19.49,19.39,19.47,27281.0
2026-08-18 03:45:00+08:00,NYSE:UMC,19.47,19.53,19.435,19.525,107090.0
2026-08-18 21:30:00+08:00,NYSE:UMC,18.535,18.755,18.51,18.52,64275.0
2026-08-18 21:45:00+08:00,NYSE:UMC,18.51,18.53,18.4,18.46,19614.0
2026-08-18 22:00:00+08:00,NYSE:UMC,18.46,18.505,18.37,18.4,34420.0
2026-08-18 22:15:00+08:00,NYSE:UMC,18.39,18.53,18.385,18.52,19435.0
2026-08-18 22:30:00+08:00,NYSE:UMC,18.515,18.54,18.36,18.36,13850.0
2026-08-18 22:45:00+08:00,NYSE:UMC,18.36,18.38,18.23,18.265,11479.0
2026-08-18 23:00:00+08:00,NYSE:UMC,18.275,18.35,18.23,18.28,22386.0
2026-08-18 23:15:00+08:00,NYSE:UMC,18.29,18.35,18.26,18.31,20561.0
2026-08-18 23:30:00+08:00,NYSE:UMC,18.31,18.34,18.265,18.33,15262.0
2026-08-18 23:45:00+08:00,NYSE:UMC,18.335,18.385,18.285,18.33,15665.0
2026-08-19 00:00:00+08:00,NYSE:UMC,18.33,18.33,18.27,18.27,9239.0
2026-08-19 00:15:00+08:00,NYSE:UMC,18.26,18.265,18.185,18.185,20331.0
2026-08-19 00:30:00+08:00,NYSE:UMC,18.19,18.285,18.19,18.27,20786.0
2026-08-19 00:45:00+08:00,NYSE:UMC,18.27,18.35,18.265,18.3,11526.0
2026-08-19 01:00:00+08:00,NYSE:UMC,18.29,18.315,18.27,18.285,10902.0
2026-08-19 01:15:00+08:00,NYSE:UMC,18.28,18.28,18.22,18.24,8844.0
2026-08-19 01:30:00+08:00,NYSE:UMC,18.25,18.255,18.21,18.255,15938.0
2026-08-19 01:45:00+08:00,NYSE:UMC,18.26,18.275,18.195,18.2,20999.0
2026-08-19 02:00:00+08:00,NYSE:UMC,18.2,18.2,18.145,18.18,15656.0
2026-08-19 02:15:00+08:00,NYSE:UMC,18.18,18.25,18.18,18.215,13967.0
2026-08-19 02:30:00+08:00,NYSE:UMC,18.21,18.265,18.19,18.265,13185.0
2026-08-19 02:45:00+08:00,NYSE:UMC,18.26,18.32,18.255,18.265,23038.0
2026-08-19 03:00:00+08:00,NYSE:UMC,18.26,18.305,18.255,18.28,17010.0
2026-08-19 03:15:00+08:00,NYSE:UMC,18.29,18.38,18.26,18.375,31534.0
2026-08-19 03:30:00+08:00,NYSE:UMC,18.375,18.415,18.34,18.405,76175.0
2026-08-19 03:45:00+08:00,NYSE:UMC,18.405,18.525,18.4,18.5,251063.0
2026-08-19 21:30:00+08:00,NYSE:UMC,18.675,18.955,18.17,18.32,98521.0
2026-08-19 21:45:00+08:00,NYSE:UMC,18.345,18.37,18.03,18.135,57542.0
2026-08-19 22:00:00+08:00,NYSE:UMC,18.13,18.16,17.965,18.0,63484.0
2026-08-19 22:15:00+08:00,NYSE:UMC,17.995,18.21,17.98,18.205,56421.0
2026-08-19 22:30:00+08:00,NYSE:UMC,18.21,18.29,18.18,18.23,29462.0
2026-08-19 22:45:00+08:00,NYSE:UMC,18.24,18.25,18.13,18.25,8201.0
2026-08-19 23:00:00+08:00,NYSE:UMC,18.24,18.25,18.16,18.22,9692.0
2026-08-19 23:15:00+08:00,NYSE:UMC,18.22,18.25,18.185,18.2,10199.0
2026-08-19 23:30:00+08:00,NYSE:UMC,18.19,18.19,18.085,18.13,12124.0
2026-08-19 23:45:00+08:00,NYSE:UMC,18.13,18.135,18.1,18.135,5647.0
2026-08-20 00:00:00+08:00,NYSE:UMC,18.13,18.205,18.12,18.195,14414.0
2026-08-20 00:15:00+08:00,NYSE:UMC,18.19,18.265,18.165,18.23,11077.0
2026-08-20 00:30:00+08:00,NYSE:UMC,18.22,18.27,18.21,18.265,23373.0
2026-08-20 00:45:00+08:00,NYSE:UMC,18.26,18.26,18.22,18.235,18754.0
2026-08-20 01:00:00+08:00,NYSE:UMC,18.23,18.24,18.185,18.2,18264.0
2026-08-20 01:15:00+08:00,NYSE:UMC,18.2,18.215,18.175,18.19,9616.0
2026-08-20 01:30:00+08:00,NYSE:UMC,18.19,18.2,18.145,18.17,10680.0
2026-08-20 01:45:00+08:00,NYSE:UMC,18.165,18.19,18.155,18.165,7012.0
2026-08-20 02:00:00+08:00,NYSE:UMC,18.16,18.2,18.11,18.135,16878.0
2026-08-20 02:15:00+08:00,NYSE:UMC,18.135,18.17,18.11,18.16,5415.0
2026-08-20 02:30:00+08:00,NYSE:UMC,18.16,18.245,18.16,18.215,9715.0
2026-08-20 02:45:00+08:00,NYSE:UMC,18.21,18.21,18.145,18.17,17542.0
2026-08-20 03:00:00+08:00,NYSE:UMC,18.17,18.19,18.16,18.19,8072.0
2026-08-20 03:15:00+08:00,NYSE:UMC,18.185,18.23,18.18,18.2,24916.0
2026-08-20 03:30:00+08:00,NYSE:UMC,18.2,18.225,18.17,18.19,35965.0
2026-08-20 03:45:00+08:00,NYSE:UMC,18.19,18.2,18.11,18.12,163597.0
2026-08-20 21:30:00+08:00,NYSE:UMC,18.14,18.18,18.03,18.06,46733.0
2026-08-20 21:45:00+08:00,NYSE:UMC,18.06,18.065,17.885,17.955,41699.0
2026-08-20 22:00:00+08:00,NYSE:UMC,17.96,18.07,17.93,18.04,59816.0
2026-08-20 22:15:00+08:00,NYSE:UMC,18.04,18.12,17.96,18.065,65245.0
2026-08-20 22:30:00+08:00,NYSE:UMC,18.06,18.21,18.04,18.2,54436.0
2026-08-20 22:45:00+08:00,NYSE:UMC,18.195,18.2,18.13,18.16,49927.0
2026-08-20 23:00:00+08:00,NYSE:UMC,18.16,18.23,18.105,18.15,49322.0
2026-08-20 23:15:00+08:00,NYSE:UMC,18.14,18.145,18.055,18.075,53167.0
2026-08-20 23:30:00+08:00,NYSE:UMC,18.07,18.07,17.97,17.975,47215.0
2026-08-20 23:45:00+08:00,NYSE:UMC,17.96,18.035,17.95,18.035,7502.0
2026-08-21 00:00:00+08:00,NYSE:UMC,18.045,18.045,18.01,18.02,5709.0
2026-08-21 00:15:00+08:00,NYSE:UMC,18.01,18.055,18.01,18.03,4253.0
2026-08-21 00:30:00+08:00,NYSE:UMC,18.035,18.055,18.005,18.055,2844.0
2026-08-21 00:45:00+08:00,NYSE:UMC,18.055,18.065,18.02,18.05,3861.0
2026-08-21 01:00:00+08:00,NYSE:UMC,18.045,18.1,18.015,18.06,35023.0
2026-08-21 01:15:00+08:00,NYSE:UMC,18.05,18.05,17.975,17.98,16663.0
2026-08-21 01:30:00+08:00,NYSE:UMC,17.985,18.0,17.97,17.985,10381.0
2026-08-21 01:45:00+08:00,NYSE:UMC,17.99,18.005,17.99,17.99,15657.0
2026-08-21 02:00:00+08:00,NYSE:UMC,17.99,17.99,17.93,17.965,18571.0
2026-08-21 02:15:00+08:00,NYSE:UMC,17.96,17.99,17.95,17.99,13241.0
2026-08-21 02:30:00+08:00,NYSE:UMC,17.98,17.985,17.955,17.97,9707.0
2026-08-21 02:45:00+08:00,NYSE:UMC,17.98,18.025,17.98,18.02,16858.0
2026-08-21 03:00:00+08:00,NYSE:UMC,18.02,18.04,17.98,18.01,53371.0
2026-08-21 03:15:00+08:00,NYSE:UMC,18.005,18.06,18.005,18.04,40954.0
2026-08-21 03:30:00+08:00,NYSE:UMC,18.03,18.03,18.0,18.005,37515.0
2026-08-21 03:45:00+08:00,NYSE:UMC,18.0,18.01,17.955,18.005,162734.0
2026-08-21 21:30:00+08:00,NYSE:UMC,18.45,18.605,18.37,18.465,48538.0
2026-08-21 21:45:00+08:00,NYSE:UMC,18.45,18.575,18.44,18.54,45627.0
2026-08-21 22:00:00+08:00,NYSE:UMC,18.535,18.575,18.33,18.35,33918.0
2026-08-21 22:15:00+08:00,NYSE:UMC,18.35,18.475,18.295,18.44,17471.0
2026-08-21 22:30:00+08:00,NYSE:UMC,18.46,18.47,18.345,18.385,18822.0
2026-08-21 22:45:00+08:00,NYSE:UMC,18.38,18.425,18.28,18.295,14953.0
2026-08-21 23:00:00+08:00,NYSE:UMC,18.295,18.355,18.28,18.34,12050.0
2026-08-21 23:15:00+08:00,NYSE:UMC,18.34,18.36,18.31,18.345,7651.0
2026-08-21 23:30:00+08:00,NYSE:UMC,18.345,18.43,18.345,18.385,4285.0
2026-08-21 23:45:00+08:00,NYSE:UMC,18.39,18.475,18.37,18.39,6206.0
2026-08-22 00:00:00+08:00,NYSE:UMC,18.405,18.415,18.31,18.34,3265.0
2026-08-22 00:15:00+08:00,NYSE:UMC,18.33,18.42,18.33,18.345,4751.0
2026-08-22 00:30:00+08:00,NYSE:UMC,18.34,18.36,18.33,18.34,4767.0
2026-08-22 00:45:00+08:00,NYSE:UMC,18.335,18.34,18.32,18.32,3000.0
2026-08-22 01:00:00+08:00,NYSE:UMC,18.34,18.37,18.34,18.35,9629.0
2026-08-22 01:15:00+08:00,NYSE:UMC,18.35,18.355,18.34,18.355,3503.0
2026-08-22 01:30:00+08:00,NYSE:UMC,18.35,18.38,18.35,18.365,5534.0
2026-08-22 01:45:00+08:00,NYSE:UMC,18.37,18.375,18.34,18.345,6042.0
2026-08-22 02:00:00+08:00,NYSE:UMC,18.345,18.385,18.335,18.335,10688.0
2026-08-22 02:15:00+08:00,NYSE:UMC,18.315,18.34,18.3,18.305,6857.0
2026-08-22 02:30:00+08:00,NYSE:UMC,18.3,18.32,18.29,18.31,10612.0
2026-08-22 02:45:00+08:00,NYSE:UMC,18.31,18.33,18.28,18.315,13814.0
2026-08-22 03:00:00+08:00,NYSE:UMC,18.32,18.36,18.32,18.33,5589.0
2026-08-22 03:15:00+08:00,NYSE:UMC,18.335,18.37,18.335,18.36,7243.0
2026-08-22 03:30:00+08:00,NYSE:UMC,18.36,18.39,18.305,18.315,18525.0
2026-08-22 03:45:00+08:00,NYSE:UMC,18.315,18.34,18.28,18.34,68218.0
2026-08-24 21:30:00+08:00,NYSE:UMC,19.48,19.5,19.09,19.1,74287.0
2026-08-24 21:45:00+08:00,NYSE:UMC,19.08,19.1,18.775,18.89,75309.0
2026-08-24 22:00:00+08:00,NYSE:UMC,18.87,18.89,18.81,18.85,35484.0
2026-08-24 22:15:00+08:00,NYSE:UMC,18.86,18.89,18.8,18.87,32823.0
2026-08-24 22:30:00+08:00,NYSE:UMC,18.87,18.97,18.87,18.905,32863.0
2026-08-24 22:45:00+08:00,NYSE:UMC,18.9,18.955,18.89,18.92,19752.0
2026-08-24 23:00:00+08:00,NYSE:UMC,18.92,18.93,18.79,18.8,31977.0
2026-08-24 23:15:00+08:00,NYSE:UMC,18.795,18.93,18.78,18.905,33957.0
2026-08-24 23:30:00+08:00,NYSE:UMC,18.91,19.0,18.89,18.98,20544.0
2026-08-24 23:45:00+08:00,NYSE:UMC,18.99,19.11,18.96,18.995,33117.0
2026-08-25 00:00:00+08:00,NYSE:UMC,19.01,19.05,18.955,19.05,14893.0
2026-08-25 00:15:00+08:00,NYSE:UMC,19.05,19.12,19.05,19.06,15100.0
2026-08-25 00:30:00+08:00,NYSE:UMC,19.06,19.075,18.98,18.98,10219.0
2026-08-25 00:45:00+08:00,NYSE:UMC,18.99,19.015,18.965,18.98,7483.0
2026-08-25 01:00:00+08:00,NYSE:UMC,18.975,19.08,18.965,19.06,9261.0
2026-08-25 01:15:00+08:00,NYSE:UMC,19.05,19.05,18.95,18.95,14621.0
2026-08-25 01:30:00+08:00,NYSE:UMC,18.955,18.97,18.935,18.935,17747.0
2026-08-25 01:45:00+08:00,NYSE:UMC,18.935,18.97,18.935,18.95,16643.0
2026-08-25 02:00:00+08:00,NYSE:UMC,18.95,19.065,18.95,19.065,15507.0
2026-08-25 02:15:00+08:00,NYSE:UMC,19.07,19.13,19.055,19.115,19823.0
2026-08-25 02:30:00+08:00,NYSE:UMC,19.12,19.165,19.105,19.14,30873.0
2026-08-25 02:45:00+08:00,NYSE:UMC,19.14,19.15,19.075,19.075,10247.0
2026-08-25 03:00:00+08:00,NYSE:UMC,19.075,19.135,19.04,19.08,26936.0
2026-08-25 03:15:00+08:00,NYSE:UMC,19.08,19.155,19.05,19.14,40653.0
2026-08-25 03:30:00+08:00,NYSE:UMC,19.15,19.21,19.08,19.11,76665.0
2026-08-25 03:45:00+08:00,NYSE:UMC,19.1,19.12,19.02,19.055,157950.0
2026-08-25 21:30:00+08:00,NYSE:UMC,19.44,19.915,19.37,19.875,68194.0
2026-08-25 21:45:00+08:00,NYSE:UMC,19.88,19.995,19.79,19.835,42685.0
2026-08-25 22:00:00+08:00,NYSE:UMC,19.82,19.9,19.75,19.81,29076.0
2026-08-25 22:15:00+08:00,NYSE:UMC,19.805,19.85,19.6,19.735,22840.0
2026-08-25 22:30:00+08:00,NYSE:UMC,19.72,19.82,19.62,19.725,23965.0
2026-08-25 22:45:00+08:00,NYSE:UMC,19.73,19.74,19.645,19.655,18852.0
2026-08-25 23:00:00+08:00,NYSE:UMC,19.65,19.65,19.58,19.615,28972.0
2026-08-25 23:15:00+08:00,NYSE:UMC,19.605,19.64,19.57,19.63,15772.0
2026-08-25 23:30:00+08:00,NYSE:UMC,19.63,19.69,19.59,19.59,12132.0
2026-08-25 23:45:00+08:00,NYSE:UMC,19.595,19.595,19.56,19.58,13191.0
2026-08-26 00:00:00+08:00,NYSE:UMC,19.59,19.66,19.59,19.65,12767.0
