timestamp,symbol,open,high,low,close,volume
2026-05-18 21:30:00+08:00,NYSE:UMC,17.62,17.68,17.47,17.67,117664.0
2026-05-18 21:35:00+08:00,NYSE:UMC,17.64,17.74,17.45,17.45,19151.0
2026-05-18 21:40:00+08:00,NYSE:UMC,17.47,17.55,17.4,17.4,15468.0
2026-05-18 21:45:00+08:00,NYSE:UMC,17.375,17.48,17.34,17.34,24887.0
2026-05-18 21:50:00+08:00,NYSE:UMC,17.35,17.52,17.35,17.47,14916.0
2026-05-18 21:55:00+08:00,NYSE:UMC,17.47,17.49,17.39,17.435,32888.0
2026-05-18 22:00:00+08:00,NYSE:UMC,17.445,17.445,17.32,17.39,18800.0
2026-05-18 22:05:00+08:00,NYSE:UMC,17.4,17.48,17.345,17.44,14398.0
2026-05-18 22:10:00+08:00,NYSE:UMC,17.43,17.47,17.4,17.47,12379.0
2026-05-18 22:15:00+08:00,NYSE:UMC,17.48,17.495,17.32,17.37,14389.0
2026-05-18 22:20:00+08:00,NYSE:UMC,17.39,17.415,17.315,17.315,10143.0
2026-05-18 22:25:00+08:00,NYSE:UMC,17.31,17.34,17.19,17.22,30294.0
2026-05-18 22:30:00+08:00,NYSE:UMC,17.22,17.24,17.12,17.13,12527.0
2026-05-18 22:35:00+08:00,NYSE:UMC,17.13,17.18,17.075,17.11,23778.0
2026-05-18 22:40:00+08:00,NYSE:UMC,17.09,17.18,17.05,17.16,31701.0
2026-05-18 22:45:00+08:00,NYSE:UMC,17.155,17.155,17.03,17.04,29249.0
2026-05-18 22:50:00+08:00,NYSE:UMC,17.035,17.16,17.03,17.09,18531.0
2026-05-18 22:55:00+08:00,NYSE:UMC,17.09,17.17,17.07,17.15,17967.0
2026-05-18 23:00:00+08:00,NYSE:UMC,17.165,17.3,17.155,17.24,31078.0
2026-05-18 23:05:00+08:00,NYSE:UMC,17.245,17.245,17.09,17.09,10437.0
2026-05-18 23:10:00+08:00,NYSE:UMC,17.09,17.175,17.085,17.11,14325.0
2026-05-18 23:15:00+08:00,NYSE:UMC,17.105,17.105,17.015,17.015,9375.0
2026-05-18 23:20:00+08:00,NYSE:UMC,17.02,17.08,17.015,17.06,10855.0
2026-05-18 23:25:00+08:00,NYSE:UMC,17.06,17.11,17.0,17.0,19310.0
2026-05-18 23:30:00+08:00,NYSE:UMC,17.0,17.08,17.0,17.08,8594.0
2026-05-18 23:35:00+08:00,NYSE:UMC,17.08,17.15,17.08,17.11,10976.0
2026-05-18 23:40:00+08:00,NYSE:UMC,17.11,17.14,17.105,17.105,2266.0
2026-05-18 23:45:00+08:00,NYSE:UMC,17.11,17.125,17.095,17.105,3949.0
2026-05-18 23:50:00+08:00,NYSE:UMC,17.095,17.12,17.09,17.11,8990.0
2026-05-18 23:55:00+08:00,NYSE:UMC,17.115,17.13,17.075,17.08,6262.0
2026-05-19 00:00:00+08:00,NYSE:UMC,17.08,17.09,17.04,17.06,5308.0
2026-05-19 00:05:00+08:00,NYSE:UMC,17.07,17.07,17.02,17.05,6321.0
2026-05-19 00:10:00+08:00,NYSE:UMC,17.05,17.08,17.035,17.06,5029.0
2026-05-19 00:15:00+08:00,NYSE:UMC,17.06,17.06,17.04,17.05,2384.0
2026-05-19 00:20:00+08:00,NYSE:UMC,17.05,17.08,16.98,16.99,7500.0
2026-05-19 00:25:00+08:00,NYSE:UMC,16.995,16.995,16.885,16.9,11581.0
2026-05-19 00:30:00+08:00,NYSE:UMC,16.89,16.94,16.88,16.92,13320.0
2026-05-19 00:35:00+08:00,NYSE:UMC,16.91,16.96,16.91,16.94,4583.0
2026-05-19 00:40:00+08:00,NYSE:UMC,16.93,16.965,16.93,16.965,5246.0
2026-05-19 00:45:00+08:00,NYSE:UMC,16.97,16.975,16.94,16.95,6225.0
2026-05-19 00:50:00+08:00,NYSE:UMC,16.945,17.03,16.94,17.03,11323.0
2026-05-19 00:55:00+08:00,NYSE:UMC,17.04,17.05,17.02,17.02,5227.0
2026-05-19 01:00:00+08:00,NYSE:UMC,17.01,17.03,16.99,17.01,6393.0
2026-05-19 01:05:00+08:00,NYSE:UMC,17.02,17.03,17.005,17.005,5556.0
2026-05-19 01:10:00+08:00,NYSE:UMC,17.01,17.02,16.97,16.975,7670.0
2026-05-19 01:15:00+08:00,NYSE:UMC,16.97,16.99,16.965,16.97,6658.0
2026-05-19 01:20:00+08:00,NYSE:UMC,16.98,16.99,16.94,16.95,6043.0
2026-05-19 01:25:00+08:00,NYSE:UMC,16.96,16.99,16.95,16.99,10576.0
2026-05-19 01:30:00+08:00,NYSE:UMC,16.98,16.99,16.955,16.955,3375.0
2026-05-19 01:35:00+08:00,NYSE:UMC,16.955,16.96,16.945,16.955,3343.0
2026-05-19 01:40:00+08:00,NYSE:UMC,16.96,17.02,16.96,17.02,5001.0
2026-05-19 01:45:00+08:00,NYSE:UMC,17.01,17.01,16.975,16.98,3231.0
2026-05-19 01:50:00+08:00,NYSE:UMC,16.98,16.99,16.975,16.99,3717.0
2026-05-19 01:55:00+08:00,NYSE:UMC,16.99,17.02,16.985,17.02,5206.0
2026-05-19 02:00:00+08:00,NYSE:UMC,17.02,17.035,17.0,17.0,50449.0
2026-05-19 02:05:00+08:00,NYSE:UMC,17.01,17.015,16.98,16.98,5864.0
2026-05-19 02:10:00+08:00,NYSE:UMC,16.98,16.995,16.975,16.98,5258.0
2026-05-19 02:15:00+08:00,NYSE:UMC,16.975,16.99,16.9,16.915,16650.0
2026-05-19 02:20:00+08:00,NYSE:UMC,16.915,16.93,16.9,16.91,7194.0
2026-05-19 02:25:00+08:00,NYSE:UMC,16.915,16.935,16.895,16.935,6822.0
2026-05-19 02:30:00+08:00,NYSE:UMC,16.935,16.975,16.92,16.95,11361.0
2026-05-19 02:35:00+08:00,NYSE:UMC,16.95,16.97,16.94,16.95,4015.0
2026-05-19 02:40:00+08:00,NYSE:UMC,16.95,16.965,16.95,16.96,3617.0
2026-05-19 02:45:00+08:00,NYSE:UMC,16.965,16.975,16.94,16.94,5526.0
2026-05-19 02:50:00+08:00,NYSE:UMC,16.93,16.965,16.92,16.94,9633.0
2026-05-19 02:55:00+08:00,NYSE:UMC,16.94,16.985,16.94,16.985,7327.0
2026-05-19 03:00:00+08:00,NYSE:UMC,16.98,17.19,16.98,17.15,36055.0
2026-05-19 03:05:00+08:00,NYSE:UMC,17.15,17.16,17.02,17.115,38087.0
2026-05-19 03:10:00+08:00,NYSE:UMC,17.12,17.175,17.11,17.135,12875.0
2026-05-19 03:15:00+08:00,NYSE:UMC,17.14,17.145,17.09,17.09,19142.0
2026-05-19 03:20:00+08:00,NYSE:UMC,17.09,17.1,17.075,17.08,14017.0
2026-05-19 03:25:00+08:00,NYSE:UMC,17.07,17.07,17.015,17.05,9771.0
2026-05-19 03:30:00+08:00,NYSE:UMC,17.05,17.09,17.025,17.04,22042.0
2026-05-19 03:35:00+08:00,NYSE:UMC,17.04,17.13,17.04,17.13,16596.0
2026-05-19 03:40:00+08:00,NYSE:UMC,17.13,17.16,17.13,17.145,30860.0
2026-05-19 03:45:00+08:00,NYSE:UMC,17.145,17.2,17.145,17.2,17155.0
2026-05-19 03:50:00+08:00,NYSE:UMC,17.2,17.205,17.16,17.18,52097.0
2026-05-19 03:55:00+08:00,NYSE:UMC,17.19,17.2,17.08,17.12,200561.0
2026-05-19 21:30:00+08:00,NYSE:UMC,17.54,17.71,17.31,17.62,96006.0
2026-05-19 21:35:00+08:00,NYSE:UMC,17.59,17.95,17.55,17.85,88158.0
2026-05-19 21:40:00+08:00,NYSE:UMC,17.87,18.1,17.8,18.07,91064.0
2026-05-19 21:45:00+08:00,NYSE:UMC,18.065,18.1,17.92,17.95,45197.0
2026-05-19 21:50:00+08:00,NYSE:UMC,17.945,17.95,17.84,17.93,42197.0
2026-05-19 21:55:00+08:00,NYSE:UMC,17.93,17.96,17.73,17.78,42319.0
2026-05-19 22:00:00+08:00,NYSE:UMC,17.775,17.79,17.62,17.675,28705.0
2026-05-19 22:05:00+08:00,NYSE:UMC,17.68,17.745,17.48,17.51,57479.0
2026-05-19 22:10:00+08:00,NYSE:UMC,17.52,17.6,17.42,17.435,43627.0
2026-05-19 22:15:00+08:00,NYSE:UMC,17.42,17.46,17.33,17.395,52082.0
2026-05-19 22:20:00+08:00,NYSE:UMC,17.4,17.49,17.36,17.49,29717.0
2026-05-19 22:25:00+08:00,NYSE:UMC,17.485,17.565,17.44,17.53,28030.0
2026-05-19 22:30:00+08:00,NYSE:UMC,17.545,17.6,17.495,17.52,29683.0
2026-05-19 22:35:00+08:00,NYSE:UMC,17.51,17.63,17.5,17.58,28411.0
2026-05-19 22:40:00+08:00,NYSE:UMC,17.585,17.59,17.51,17.51,21000.0
2026-05-19 22:45:00+08:00,NYSE:UMC,17.5,17.54,17.37,17.47,21915.0
2026-05-19 22:50:00+08:00,NYSE:UMC,17.47,17.57,17.47,17.565,17095.0
2026-05-19 22:55:00+08:00,NYSE:UMC,17.56,17.63,17.54,17.61,5825.0
2026-05-19 23:00:00+08:00,NYSE:UMC,17.61,17.66,17.59,17.62,15210.0
2026-05-19 23:05:00+08:00,NYSE:UMC,17.6,17.6,17.485,17.525,22640.0
2026-05-19 23:10:00+08:00,NYSE:UMC,17.55,17.65,17.55,17.65,12168.0
2026-05-19 23:15:00+08:00,NYSE:UMC,17.66,17.7,17.605,17.605,14022.0
2026-05-19 23:20:00+08:00,NYSE:UMC,17.61,17.66,17.57,17.57,8322.0
2026-05-19 23:25:00+08:00,NYSE:UMC,17.56,17.61,17.56,17.57,6510.0
2026-05-19 23:30:00+08:00,NYSE:UMC,17.56,17.645,17.56,17.6,12359.0
2026-05-19 23:35:00+08:00,NYSE:UMC,17.58,17.585,17.54,17.565,6927.0
2026-05-19 23:40:00+08:00,NYSE:UMC,17.57,17.62,17.555,17.61,13092.0
2026-05-19 23:45:00+08:00,NYSE:UMC,17.62,17.63,17.555,17.565,9981.0
2026-05-19 23:50:00+08:00,NYSE:UMC,17.56,17.63,17.56,17.59,15490.0
2026-05-19 23:55:00+08:00,NYSE:UMC,17.59,17.61,17.56,17.6,6446.0
2026-05-20 00:00:00+08:00,NYSE:UMC,17.61,17.72,17.6,17.71,17603.0
2026-05-20 00:05:00+08:00,NYSE:UMC,17.72,17.74,17.68,17.68,8288.0
2026-05-20 00:10:00+08:00,NYSE:UMC,17.67,17.73,17.67,17.68,6310.0
2026-05-20 00:15:00+08:00,NYSE:UMC,17.68,17.73,17.68,17.7,6825.0
2026-05-20 00:20:00+08:00,NYSE:UMC,17.7,17.71,17.68,17.7,6194.0
2026-05-20 00:25:00+08:00,NYSE:UMC,17.71,17.79,17.71,17.76,11811.0
2026-05-20 00:30:00+08:00,NYSE:UMC,17.76,17.88,17.75,17.84,15772.0
2026-05-20 00:35:00+08:00,NYSE:UMC,17.84,17.87,17.8,17.84,8322.0
2026-05-20 00:40:00+08:00,NYSE:UMC,17.835,17.865,17.83,17.86,13482.0
2026-05-20 00:45:00+08:00,NYSE:UMC,17.875,17.88,17.825,17.825,5754.0
2026-05-20 00:50:00+08:00,NYSE:UMC,17.82,17.87,17.81,17.87,7934.0
2026-05-20 00:55:00+08:00,NYSE:UMC,17.87,17.92,17.86,17.92,9631.0
2026-05-20 01:00:00+08:00,NYSE:UMC,17.91,17.96,17.905,17.925,7818.0
2026-05-20 01:05:00+08:00,NYSE:UMC,17.93,17.96,17.9,17.96,12501.0
2026-05-20 01:10:00+08:00,NYSE:UMC,17.97,17.98,17.94,17.975,13421.0
2026-05-20 01:15:00+08:00,NYSE:UMC,17.975,18.035,17.975,18.025,15047.0
2026-05-20 01:20:00+08:00,NYSE:UMC,18.03,18.04,17.98,18.0,10213.0
2026-05-20 01:25:00+08:00,NYSE:UMC,18.0,18.0,17.94,17.96,5683.0
2026-05-20 01:30:00+08:00,NYSE:UMC,17.96,17.99,17.95,17.95,13701.0
2026-05-20 01:35:00+08:00,NYSE:UMC,17.95,17.97,17.94,17.95,6780.0
2026-05-20 01:40:00+08:00,NYSE:UMC,17.96,17.96,17.91,17.91,9472.0
2026-05-20 01:45:00+08:00,NYSE:UMC,17.91,17.91,17.86,17.88,5186.0
2026-05-20 01:50:00+08:00,NYSE:UMC,17.88,17.89,17.8,17.84,14123.0
2026-05-20 01:55:00+08:00,NYSE:UMC,17.85,17.915,17.85,17.91,10170.0
2026-05-20 02:00:00+08:00,NYSE:UMC,17.91,17.96,17.91,17.94,4252.0
2026-05-20 02:05:00+08:00,NYSE:UMC,17.945,17.95,17.92,17.92,4881.0
2026-05-20 02:10:00+08:00,NYSE:UMC,17.92,17.92,17.89,17.89,2821.0
2026-05-20 02:15:00+08:00,NYSE:UMC,17.89,17.89,17.835,17.845,5747.0
2026-05-20 02:20:00+08:00,NYSE:UMC,17.845,17.845,17.76,17.8,6476.0
2026-05-20 02:25:00+08:00,NYSE:UMC,17.805,17.83,17.795,17.805,10822.0
2026-05-20 02:30:00+08:00,NYSE:UMC,17.805,17.82,17.79,17.82,5335.0
2026-05-20 02:35:00+08:00,NYSE:UMC,17.81,17.83,17.795,17.8,4261.0
2026-05-20 02:40:00+08:00,NYSE:UMC,17.8,17.82,17.77,17.79,5036.0
2026-05-20 02:45:00+08:00,NYSE:UMC,17.78,17.8,17.78,17.8,3813.0
2026-05-20 02:50:00+08:00,NYSE:UMC,17.81,17.81,17.79,17.79,4117.0
2026-05-20 02:55:00+08:00,NYSE:UMC,17.76,17.76,17.705,17.735,10014.0
2026-05-20 03:00:00+08:00,NYSE:UMC,17.74,17.785,17.74,17.76,6796.0
2026-05-20 03:05:00+08:00,NYSE:UMC,17.76,17.78,17.73,17.78,7340.0
2026-05-20 03:10:00+08:00,NYSE:UMC,17.79,17.83,17.79,17.815,7022.0
2026-05-20 03:15:00+08:00,NYSE:UMC,17.82,17.82,17.71,17.71,5617.0
2026-05-20 03:20:00+08:00,NYSE:UMC,17.7,17.74,17.69,17.69,10063.0
2026-05-20 03:25:00+08:00,NYSE:UMC,17.69,17.76,17.685,17.76,6048.0
2026-05-20 03:30:00+08:00,NYSE:UMC,17.75,17.795,17.74,17.745,24057.0
2026-05-20 03:35:00+08:00,NYSE:UMC,17.75,17.765,17.705,17.715,10673.0
2026-05-20 03:40:00+08:00,NYSE:UMC,17.715,17.715,17.69,17.695,7971.0
2026-05-20 03:45:00+08:00,NYSE:UMC,17.7,17.71,17.63,17.63,14567.0
2026-05-20 03:50:00+08:00,NYSE:UMC,17.63,17.64,17.605,17.605,24428.0
2026-05-20 03:55:00+08:00,NYSE:UMC,17.61,17.63,17.565,17.58,135191.0
2026-05-20 21:30:00+08:00,NYSE:UMC,17.32,17.36,17.22,17.26,79847.0
2026-05-20 21:35:00+08:00,NYSE:UMC,17.27,17.28,17.125,17.2,37177.0
2026-05-20 21:40:00+08:00,NYSE:UMC,17.205,17.44,17.205,17.43,29613.0
2026-05-20 21:45:00+08:00,NYSE:UMC,17.45,17.48,17.29,17.325,18264.0
2026-05-20 21:50:00+08:00,NYSE:UMC,17.325,17.355,17.245,17.27,22913.0
2026-05-20 21:55:00+08:00,NYSE:UMC,17.26,17.3,17.2,17.3,29459.0
2026-05-20 22:00:00+08:00,NYSE:UMC,17.29,17.36,17.29,17.33,30499.0
2026-05-20 22:05:00+08:00,NYSE:UMC,17.33,17.375,17.325,17.36,24285.0
2026-05-20 22:10:00+08:00,NYSE:UMC,17.36,17.375,17.265,17.34,25670.0
2026-05-20 22:15:00+08:00,NYSE:UMC,17.34,17.4,17.32,17.38,20209.0
2026-05-20 22:20:00+08:00,NYSE:UMC,17.38,17.45,17.38,17.385,13194.0
2026-05-20 22:25:00+08:00,NYSE:UMC,17.38,17.44,17.37,17.425,10197.0
2026-05-20 22:30:00+08:00,NYSE:UMC,17.43,17.49,17.405,17.45,8984.0
2026-05-20 22:35:00+08:00,NYSE:UMC,17.43,17.435,17.39,17.415,7964.0
2026-05-20 22:40:00+08:00,NYSE:UMC,17.41,17.45,17.41,17.425,4336.0
2026-05-20 22:45:00+08:00,NYSE:UMC,17.435,17.435,17.4,17.4,4797.0
2026-05-20 22:50:00+08:00,NYSE:UMC,17.4,17.43,17.385,17.415,5480.0
2026-05-20 22:55:00+08:00,NYSE:UMC,17.41,17.45,17.405,17.44,8595.0
2026-05-20 23:00:00+08:00,NYSE:UMC,17.43,17.44,17.42,17.43,3488.0
2026-05-20 23:05:00+08:00,NYSE:UMC,17.43,17.495,17.43,17.48,7313.0
2026-05-20 23:10:00+08:00,NYSE:UMC,17.48,17.49,17.455,17.455,3945.0
2026-05-20 23:15:00+08:00,NYSE:UMC,17.455,17.56,17.445,17.51,34895.0
2026-05-20 23:20:00+08:00,NYSE:UMC,17.515,17.515,17.45,17.45,10078.0
2026-05-20 23:25:00+08:00,NYSE:UMC,17.45,17.465,17.42,17.465,8192.0
2026-05-20 23:30:00+08:00,NYSE:UMC,17.465,17.54,17.46,17.53,11763.0
2026-05-20 23:35:00+08:00,NYSE:UMC,17.535,17.56,17.53,17.53,17626.0
2026-05-20 23:40:00+08:00,NYSE:UMC,17.53,17.54,17.505,17.515,18405.0
2026-05-20 23:45:00+08:00,NYSE:UMC,17.52,17.55,17.485,17.495,10360.0
2026-05-20 23:50:00+08:00,NYSE:UMC,17.5,17.53,17.49,17.49,15691.0
2026-05-20 23:55:00+08:00,NYSE:UMC,17.5,17.515,17.475,17.5,7463.0
2026-05-21 00:00:00+08:00,NYSE:UMC,17.505,17.51,17.485,17.5,3061.0
2026-05-21 00:05:00+08:00,NYSE:UMC,17.505,17.525,17.505,17.51,2222.0
2026-05-21 00:10:00+08:00,NYSE:UMC,17.515,17.525,17.51,17.51,4267.0
2026-05-21 00:15:00+08:00,NYSE:UMC,17.5,17.5,17.44,17.45,5950.0
2026-05-21 00:20:00+08:00,NYSE:UMC,17.45,17.45,17.41,17.425,7215.0
2026-05-21 00:25:00+08:00,NYSE:UMC,17.42,17.44,17.395,17.44,10899.0
2026-05-21 00:30:00+08:00,NYSE:UMC,17.46,17.485,17.45,17.455,2532.0
2026-05-21 00:35:00+08:00,NYSE:UMC,17.45,17.46,17.435,17.44,5780.0
2026-05-21 00:40:00+08:00,NYSE:UMC,17.425,17.47,17.425,17.465,3654.0
2026-05-21 00:45:00+08:00,NYSE:UMC,17.465,17.465,17.445,17.455,2446.0
2026-05-21 00:50:00+08:00,NYSE:UMC,17.47,17.49,17.465,17.485,1873.0
2026-05-21 00:55:00+08:00,NYSE:UMC,17.48,17.48,17.44,17.45,4152.0
2026-05-21 01:00:00+08:00,NYSE:UMC,17.445,17.46,17.43,17.43,3539.0
2026-05-21 01:05:00+08:00,NYSE:UMC,17.435,17.435,17.415,17.42,3833.0
2026-05-21 01:10:00+08:00,NYSE:UMC,17.415,17.45,17.415,17.44,4149.0
2026-05-21 01:15:00+08:00,NYSE:UMC,17.44,17.45,17.42,17.435,5319.0
2026-05-21 01:20:00+08:00,NYSE:UMC,17.435,17.445,17.425,17.43,2860.0
2026-05-21 01:25:00+08:00,NYSE:UMC,17.43,17.455,17.425,17.455,3559.0
2026-05-21 01:30:00+08:00,NYSE:UMC,17.45,17.45,17.42,17.42,6040.0
2026-05-21 01:35:00+08:00,NYSE:UMC,17.42,17.445,17.42,17.44,1914.0
2026-05-21 01:40:00+08:00,NYSE:UMC,17.44,17.44,17.42,17.43,1444.0
2026-05-21 01:45:00+08:00,NYSE:UMC,17.43,17.44,17.43,17.43,2109.0
2026-05-21 01:50:00+08:00,NYSE:UMC,17.435,17.435,17.425,17.425,183.0
2026-05-21 01:55:00+08:00,NYSE:UMC,17.425,17.44,17.425,17.44,2399.0
2026-05-21 02:00:00+08:00,NYSE:UMC,17.445,17.47,17.435,17.47,3169.0
2026-05-21 02:05:00+08:00,NYSE:UMC,17.47,17.475,17.455,17.46,3665.0
2026-05-21 02:10:00+08:00,NYSE:UMC,17.47,17.485,17.46,17.465,1883.0
2026-05-21 02:15:00+08:00,NYSE:UMC,17.465,17.465,17.45,17.455,1653.0
2026-05-21 02:20:00+08:00,NYSE:UMC,17.45,17.45,17.43,17.43,1706.0
2026-05-21 02:25:00+08:00,NYSE:UMC,17.43,17.455,17.43,17.455,3537.0
2026-05-21 02:30:00+08:00,NYSE:UMC,17.455,17.455,17.44,17.445,4537.0
2026-05-21 02:35:00+08:00,NYSE:UMC,17.445,17.49,17.445,17.485,5990.0
2026-05-21 02:40:00+08:00,NYSE:UMC,17.485,17.485,17.47,17.48,4501.0
2026-05-21 02:45:00+08:00,NYSE:UMC,17.48,17.49,17.48,17.49,2738.0
2026-05-21 02:50:00+08:00,NYSE:UMC,17.48,17.5,17.475,17.48,4339.0
2026-05-21 02:55:00+08:00,NYSE:UMC,17.48,17.485,17.465,17.47,9290.0
2026-05-21 03:00:00+08:00,NYSE:UMC,17.47,17.49,17.45,17.47,4748.0
2026-05-21 03:05:00+08:00,NYSE:UMC,17.48,17.545,17.48,17.535,8767.0
2026-05-21 03:10:00+08:00,NYSE:UMC,17.53,17.53,17.515,17.515,11807.0
2026-05-21 03:15:00+08:00,NYSE:UMC,17.515,17.52,17.51,17.515,8737.0
2026-05-21 03:20:00+08:00,NYSE:UMC,17.515,17.525,17.515,17.52,5924.0
2026-05-21 03:25:00+08:00,NYSE:UMC,17.525,17.53,17.505,17.515,6130.0
2026-05-21 03:30:00+08:00,NYSE:UMC,17.51,17.57,17.51,17.56,40782.0
2026-05-21 03:35:00+08:00,NYSE:UMC,17.56,17.59,17.53,17.57,27432.0
2026-05-21 03:40:00+08:00,NYSE:UMC,17.565,17.565,17.545,17.545,20086.0
2026-05-21 03:45:00+08:00,NYSE:UMC,17.545,17.57,17.52,17.525,36492.0
2026-05-21 03:50:00+08:00,NYSE:UMC,17.53,17.54,17.51,17.535,34756.0
2026-05-21 03:55:00+08:00,NYSE:UMC,17.54,17.61,17.535,17.57,149205.0
2026-05-21 21:30:00+08:00,NYSE:UMC,18.19,18.21,18.015,18.21,27693.0
2026-05-21 21:35:00+08:00,NYSE:UMC,18.22,18.22,18.075,18.1,16377.0
2026-05-21 21:40:00+08:00,NYSE:UMC,18.13,18.19,18.08,18.12,6963.0
2026-05-21 21:45:00+08:00,NYSE:UMC,18.13,18.15,18.08,18.11,6550.0
2026-05-21 21:50:00+08:00,NYSE:UMC,18.105,18.285,18.09,18.285,13498.0
2026-05-21 21:55:00+08:00,NYSE:UMC,18.29,18.3,18.265,18.3,7239.0
2026-05-21 22:00:00+08:00,NYSE:UMC,18.29,18.335,18.275,18.325,21969.0
2026-05-21 22:05:00+08:00,NYSE:UMC,18.325,18.33,18.27,18.31,14150.0
2026-05-21 22:10:00+08:00,NYSE:UMC,18.31,18.32,18.24,18.28,20443.0
2026-05-21 22:15:00+08:00,NYSE:UMC,18.27,18.27,18.195,18.215,9039.0
2026-05-21 22:20:00+08:00,NYSE:UMC,18.21,18.23,18.11,18.21,10455.0
2026-05-21 22:25:00+08:00,NYSE:UMC,18.215,18.215,18.155,18.2,10987.0
2026-05-21 22:30:00+08:00,NYSE:UMC,18.21,18.245,18.185,18.21,9562.0
2026-05-21 22:35:00+08:00,NYSE:UMC,18.22,18.28,18.22,18.27,8576.0
2026-05-21 22:40:00+08:00,NYSE:UMC,18.27,18.3,18.26,18.28,11262.0
2026-05-21 22:45:00+08:00,NYSE:UMC,18.28,18.28,18.2,18.2,11501.0
2026-05-21 22:50:00+08:00,NYSE:UMC,18.19,18.2,18.15,18.19,8777.0
2026-05-21 22:55:00+08:00,NYSE:UMC,18.195,18.235,18.19,18.22,10379.0
2026-05-21 23:00:00+08:00,NYSE:UMC,18.22,18.22,18.13,18.13,14262.0
2026-05-21 23:05:00+08:00,NYSE:UMC,18.135,18.135,18.08,18.08,12775.0
2026-05-21 23:10:00+08:00,NYSE:UMC,18.07,18.14,18.06,18.135,11484.0
2026-05-21 23:15:00+08:00,NYSE:UMC,18.135,18.15,18.12,18.12,8109.0
2026-05-21 23:20:00+08:00,NYSE:UMC,18.1,18.13,18.1,18.12,8737.0
2026-05-21 23:25:00+08:00,NYSE:UMC,18.11,18.11,18.07,18.07,6318.0
2026-05-21 23:30:00+08:00,NYSE:UMC,18.07,18.125,18.05,18.065,21163.0
2026-05-21 23:35:00+08:00,NYSE:UMC,18.06,18.1,18.06,18.1,9517.0
2026-05-21 23:40:00+08:00,NYSE:UMC,18.09,18.09,18.075,18.085,3783.0
2026-05-21 23:45:00+08:00,NYSE:UMC,18.1,18.12,18.09,18.115,10147.0
2026-05-21 23:50:00+08:00,NYSE:UMC,18.11,18.125,18.105,18.11,6800.0
2026-05-21 23:55:00+08:00,NYSE:UMC,18.135,18.145,18.1,18.1,8391.0
2026-05-22 00:00:00+08:00,NYSE:UMC,18.105,18.17,18.105,18.15,6324.0
2026-05-22 00:05:00+08:00,NYSE:UMC,18.15,18.17,18.14,18.17,5677.0
2026-05-22 00:10:00+08:00,NYSE:UMC,18.17,18.22,18.17,18.185,26811.0
2026-05-22 00:15:00+08:00,NYSE:UMC,18.185,18.185,18.15,18.16,10068.0
2026-05-22 00:20:00+08:00,NYSE:UMC,18.17,18.17,18.15,18.15,6825.0
2026-05-22 00:25:00+08:00,NYSE:UMC,18.155,18.16,18.145,18.16,3514.0
2026-05-22 00:30:00+08:00,NYSE:UMC,18.17,18.2,18.17,18.2,3673.0
2026-05-22 00:35:00+08:00,NYSE:UMC,18.195,18.205,18.195,18.205,2639.0
2026-05-22 00:40:00+08:00,NYSE:UMC,18.205,18.22,18.18,18.18,7666.0
2026-05-22 00:45:00+08:00,NYSE:UMC,18.19,18.19,18.17,18.175,4835.0
2026-05-22 00:50:00+08:00,NYSE:UMC,18.175,18.18,18.16,18.18,5606.0
2026-05-22 00:55:00+08:00,NYSE:UMC,18.175,18.18,18.15,18.155,4123.0
2026-05-22 01:00:00+08:00,NYSE:UMC,18.16,18.18,18.16,18.165,5795.0
2026-05-22 01:05:00+08:00,NYSE:UMC,18.165,18.17,18.165,18.17,3850.0
2026-05-22 01:10:00+08:00,NYSE:UMC,18.17,18.22,18.17,18.18,20133.0
2026-05-22 01:15:00+08:00,NYSE:UMC,18.18,18.22,18.18,18.2,25519.0
2026-05-22 01:20:00+08:00,NYSE:UMC,18.21,18.26,18.17,18.23,38535.0
2026-05-22 01:25:00+08:00,NYSE:UMC,18.23,18.26,18.22,18.255,7982.0
2026-05-22 01:30:00+08:00,NYSE:UMC,18.26,18.295,18.26,18.295,4975.0
2026-05-22 01:35:00+08:00,NYSE:UMC,18.295,18.355,18.295,18.345,14411.0
2026-05-22 01:40:00+08:00,NYSE:UMC,18.35,18.35,18.33,18.35,12982.0
2026-05-22 01:45:00+08:00,NYSE:UMC,18.35,18.375,18.34,18.375,4480.0
2026-05-22 01:50:00+08:00,NYSE:UMC,18.37,18.435,18.36,18.435,18310.0
2026-05-22 01:55:00+08:00,NYSE:UMC,18.44,18.445,18.385,18.385,6358.0
2026-05-22 02:00:00+08:00,NYSE:UMC,18.39,18.395,18.365,18.365,19311.0
2026-05-22 02:05:00+08:00,NYSE:UMC,18.36,18.365,18.28,18.32,24531.0
2026-05-22 02:10:00+08:00,NYSE:UMC,18.325,18.34,18.31,18.33,5242.0
2026-05-22 02:15:00+08:00,NYSE:UMC,18.33,18.33,18.29,18.32,1789.0
2026-05-22 02:20:00+08:00,NYSE:UMC,18.33,18.33,18.32,18.33,2850.0
2026-05-22 02:25:00+08:00,NYSE:UMC,18.34,18.36,18.34,18.35,1711.0
2026-05-22 02:30:00+08:00,NYSE:UMC,18.35,18.36,18.34,18.34,2778.0
2026-05-22 02:35:00+08:00,NYSE:UMC,18.345,18.345,18.34,18.34,1149.0
2026-05-22 02:40:00+08:00,NYSE:UMC,18.34,18.36,18.34,18.36,5019.0
2026-05-22 02:45:00+08:00,NYSE:UMC,18.36,18.36,18.27,18.275,5560.0
2026-05-22 02:50:00+08:00,NYSE:UMC,18.27,18.285,18.205,18.21,10452.0
2026-05-22 02:55:00+08:00,NYSE:UMC,18.2,18.23,18.2,18.23,4508.0
2026-05-22 03:00:00+08:00,NYSE:UMC,18.255,18.3,18.25,18.295,8173.0
2026-05-22 03:05:00+08:00,NYSE:UMC,18.31,18.31,18.28,18.305,8067.0
2026-05-22 03:10:00+08:00,NYSE:UMC,18.305,18.34,18.3,18.335,3657.0
2026-05-22 03:15:00+08:00,NYSE:UMC,18.335,18.345,18.325,18.34,5101.0
2026-05-22 03:20:00+08:00,NYSE:UMC,18.34,18.34,18.315,18.33,4094.0
2026-05-22 03:25:00+08:00,NYSE:UMC,18.33,18.335,18.32,18.32,4726.0
2026-05-22 03:30:00+08:00,NYSE:UMC,18.33,18.33,18.3,18.3,9914.0
2026-05-22 03:35:00+08:00,NYSE:UMC,18.3,18.32,18.3,18.32,5321.0
2026-05-22 03:40:00+08:00,NYSE:UMC,18.325,18.325,18.29,18.31,8786.0
2026-05-22 03:45:00+08:00,NYSE:UMC,18.3,18.33,18.285,18.32,23793.0
2026-05-22 03:50:00+08:00,NYSE:UMC,18.33,18.33,18.3,18.31,26996.0
2026-05-22 03:55:00+08:00,NYSE:UMC,18.31,18.38,18.29,18.34,75227.0
2026-05-22 21:30:00+08:00,NYSE:UMC,18.03,18.14,17.985,18.12,58259.0
2026-05-22 21:35:00+08:00,NYSE:UMC,18.13,18.24,18.13,18.21,27358.0
2026-05-22 21:40:00+08:00,NYSE:UMC,18.23,18.24,18.1,18.18,19571.0
2026-05-22 21:45:00+08:00,NYSE:UMC,18.2,18.21,18.105,18.18,24334.0
2026-05-22 21:50:00+08:00,NYSE:UMC,18.17,18.2,18.16,18.19,6605.0
2026-05-22 21:55:00+08:00,NYSE:UMC,18.185,18.26,18.18,18.26,10158.0
2026-05-22 22:00:00+08:00,NYSE:UMC,18.26,18.28,18.19,18.205,19700.0
2026-05-22 22:05:00+08:00,NYSE:UMC,18.21,18.22,18.16,18.19,16185.0
2026-05-22 22:10:00+08:00,NYSE:UMC,18.18,18.2,18.17,18.18,9202.0
2026-05-22 22:15:00+08:00,NYSE:UMC,18.17,18.2,18.13,18.165,12615.0
2026-05-22 22:20:00+08:00,NYSE:UMC,18.165,18.165,18.09,18.1,10966.0
2026-05-22 22:25:00+08:00,NYSE:UMC,18.11,18.145,18.11,18.14,4574.0
2026-05-22 22:30:00+08:00,NYSE:UMC,18.14,18.21,18.125,18.21,8884.0
2026-05-22 22:35:00+08:00,NYSE:UMC,18.215,18.215,18.195,18.21,5136.0
2026-05-22 22:40:00+08:00,NYSE:UMC,18.21,18.23,18.2,18.21,10625.0
2026-05-22 22:45:00+08:00,NYSE:UMC,18.21,18.22,18.145,18.145,7229.0
2026-05-22 22:50:00+08:00,NYSE:UMC,18.14,18.14,18.11,18.115,3720.0
2026-05-22 22:55:00+08:00,NYSE:UMC,18.11,18.16,18.11,18.16,7913.0
2026-05-22 23:00:00+08:00,NYSE:UMC,18.16,18.17,18.155,18.165,4209.0
2026-05-22 23:05:00+08:00,NYSE:UMC,18.17,18.24,18.165,18.24,8976.0
2026-05-22 23:10:00+08:00,NYSE:UMC,18.245,18.26,18.21,18.215,8650.0
2026-05-22 23:15:00+08:00,NYSE:UMC,18.215,18.225,18.2,18.215,4744.0
2026-05-22 23:20:00+08:00,NYSE:UMC,18.22,18.235,18.195,18.195,5783.0
2026-05-22 23:25:00+08:00,NYSE:UMC,18.19,18.22,18.19,18.22,1487.0
2026-05-22 23:30:00+08:00,NYSE:UMC,18.215,18.22,18.205,18.215,6631.0
2026-05-22 23:35:00+08:00,NYSE:UMC,18.22,18.22,18.2,18.22,6830.0
2026-05-22 23:40:00+08:00,NYSE:UMC,18.225,18.245,18.225,18.24,2969.0
2026-05-22 23:45:00+08:00,NYSE:UMC,18.245,18.25,18.2,18.21,14259.0
2026-05-22 23:50:00+08:00,NYSE:UMC,18.22,18.23,18.215,18.23,3107.0
2026-05-22 23:55:00+08:00,NYSE:UMC,18.23,18.24,18.225,18.24,1972.0
2026-05-23 00:00:00+08:00,NYSE:UMC,18.24,18.24,18.235,18.235,1579.0
2026-05-23 00:05:00+08:00,NYSE:UMC,18.23,18.23,18.225,18.225,2022.0
2026-05-23 00:10:00+08:00,NYSE:UMC,18.23,18.235,18.23,18.235,2301.0
2026-05-23 00:15:00+08:00,NYSE:UMC,18.235,18.24,18.22,18.24,8600.0
2026-05-23 00:20:00+08:00,NYSE:UMC,18.235,18.27,18.235,18.265,9217.0
2026-05-23 00:25:00+08:00,NYSE:UMC,18.26,18.285,18.26,18.285,2673.0
2026-05-23 00:30:00+08:00,NYSE:UMC,18.285,18.29,18.28,18.28,1913.0
2026-05-23 00:35:00+08:00,NYSE:UMC,18.27,18.29,18.265,18.28,16771.0
2026-05-23 00:40:00+08:00,NYSE:UMC,18.275,18.28,18.26,18.26,3717.0
2026-05-23 00:45:00+08:00,NYSE:UMC,18.25,18.25,18.235,18.24,3189.0
2026-05-23 00:50:00+08:00,NYSE:UMC,18.245,18.245,18.23,18.24,1538.0
2026-05-23 00:55:00+08:00,NYSE:UMC,18.24,18.255,18.24,18.255,2118.0
2026-05-23 01:00:00+08:00,NYSE:UMC,18.26,18.265,18.26,18.26,2768.0
2026-05-23 01:05:00+08:00,NYSE:UMC,18.27,18.27,18.255,18.255,5571.0
2026-05-23 01:10:00+08:00,NYSE:UMC,18.25,18.255,18.24,18.245,4418.0
2026-05-23 01:15:00+08:00,NYSE:UMC,18.25,18.265,18.25,18.255,6091.0
2026-05-23 01:20:00+08:00,NYSE:UMC,18.25,18.27,18.23,18.27,3042.0
2026-05-23 01:25:00+08:00,NYSE:UMC,18.27,18.28,18.245,18.265,11850.0
2026-05-23 01:30:00+08:00,NYSE:UMC,18.27,18.27,18.24,18.24,10821.0
2026-05-23 01:35:00+08:00,NYSE:UMC,18.24,18.265,18.24,18.255,2899.0
2026-05-23 01:40:00+08:00,NYSE:UMC,18.255,18.255,18.24,18.24,1709.0
2026-05-23 01:45:00+08:00,NYSE:UMC,18.23,18.25,18.22,18.25,4875.0
2026-05-23 01:50:00+08:00,NYSE:UMC,18.255,18.255,18.25,18.255,1014.0
2026-05-23 01:55:00+08:00,NYSE:UMC,18.255,18.265,18.25,18.255,2120.0
2026-05-23 02:00:00+08:00,NYSE:UMC,18.26,18.26,18.25,18.26,4703.0
2026-05-23 02:05:00+08:00,NYSE:UMC,18.26,18.26,18.255,18.26,2327.0
2026-05-23 02:10:00+08:00,NYSE:UMC,18.26,18.26,18.255,18.26,1809.0
2026-05-23 02:15:00+08:00,NYSE:UMC,18.255,18.255,18.245,18.25,2545.0
2026-05-23 02:20:00+08:00,NYSE:UMC,18.255,18.26,18.255,18.255,1399.0
2026-05-23 02:25:00+08:00,NYSE:UMC,18.255,18.265,18.255,18.255,2070.0
2026-05-23 02:30:00+08:00,NYSE:UMC,18.26,18.26,18.24,18.24,1624.0
2026-05-23 02:35:00+08:00,NYSE:UMC,18.24,18.24,18.21,18.22,10567.0
2026-05-23 02:40:00+08:00,NYSE:UMC,18.23,18.245,18.22,18.22,9766.0
2026-05-23 02:45:00+08:00,NYSE:UMC,18.22,18.22,18.215,18.22,1419.0
2026-05-23 02:50:00+08:00,NYSE:UMC,18.225,18.24,18.21,18.23,5564.0
2026-05-23 02:55:00+08:00,NYSE:UMC,18.235,18.24,18.235,18.24,2048.0
2026-05-23 03:00:00+08:00,NYSE:UMC,18.24,18.24,18.18,18.18,20063.0
2026-05-23 03:05:00+08:00,NYSE:UMC,18.185,18.21,18.16,18.21,6054.0
2026-05-23 03:10:00+08:00,NYSE:UMC,18.21,18.24,18.21,18.215,10351.0
2026-05-23 03:15:00+08:00,NYSE:UMC,18.21,18.215,18.2,18.215,2296.0
2026-05-23 03:20:00+08:00,NYSE:UMC,18.21,18.21,18.19,18.205,7126.0
2026-05-23 03:25:00+08:00,NYSE:UMC,18.205,18.21,18.19,18.2,6909.0
2026-05-23 03:30:00+08:00,NYSE:UMC,18.2,18.24,18.2,18.235,7189.0
2026-05-23 03:35:00+08:00,NYSE:UMC,18.235,18.235,18.22,18.22,7512.0
2026-05-23 03:40:00+08:00,NYSE:UMC,18.22,18.22,18.195,18.205,7229.0
2026-05-23 03:45:00+08:00,NYSE:UMC,18.2,18.215,18.195,18.215,13712.0
2026-05-23 03:50:00+08:00,NYSE:UMC,18.22,18.22,18.18,18.18,21546.0
2026-05-23 03:55:00+08:00,NYSE:UMC,18.185,18.23,18.185,18.21,88922.0
2026-05-26 21:30:00+08:00,NYSE:UMC,20.95,21.2,20.49,20.62,130630.0
2026-05-26 21:35:00+08:00,NYSE:UMC,20.62,21.0,20.61,20.99,71791.0
2026-05-26 21:40:00+08:00,NYSE:UMC,20.97,21.045,20.94,21.02,73221.0
2026-05-26 21:45:00+08:00,NYSE:UMC,21.03,21.235,21.03,21.15,112239.0
2026-05-26 21:50:00+08:00,NYSE:UMC,21.17,21.34,21.16,21.27,58788.0
2026-05-26 21:55:00+08:00,NYSE:UMC,21.26,21.41,21.225,21.225,57068.0
2026-05-26 22:00:00+08:00,NYSE:UMC,21.23,21.25,21.07,21.16,58660.0
2026-05-26 22:05:00+08:00,NYSE:UMC,21.18,21.415,21.18,21.41,48112.0
2026-05-26 22:10:00+08:00,NYSE:UMC,21.4,21.41,21.285,21.35,37517.0
2026-05-26 22:15:00+08:00,NYSE:UMC,21.34,21.375,21.25,21.33,50451.0
2026-05-26 22:20:00+08:00,NYSE:UMC,21.345,21.405,21.28,21.4,22143.0
2026-05-26 22:25:00+08:00,NYSE:UMC,21.41,21.515,21.335,21.36,94061.0
2026-05-26 22:30:00+08:00,NYSE:UMC,21.36,21.41,21.31,21.36,24417.0
2026-05-26 22:35:00+08:00,NYSE:UMC,21.385,21.475,21.37,21.44,19193.0
2026-05-26 22:40:00+08:00,NYSE:UMC,21.44,21.465,21.395,21.44,17746.0
2026-05-26 22:45:00+08:00,NYSE:UMC,21.44,21.46,21.34,21.35,12741.0
2026-05-26 22:50:00+08:00,NYSE:UMC,21.36,21.39,21.3,21.3,34094.0
2026-05-26 22:55:00+08:00,NYSE:UMC,21.3,21.3,21.115,21.115,30750.0
2026-05-26 23:00:00+08:00,NYSE:UMC,21.12,21.145,21.07,21.12,30922.0
2026-05-26 23:05:00+08:00,NYSE:UMC,21.12,21.14,21.03,21.135,23949.0
2026-05-26 23:10:00+08:00,NYSE:UMC,21.13,21.13,21.07,21.09,32881.0
2026-05-26 23:15:00+08:00,NYSE:UMC,21.09,21.09,21.0,21.06,43012.0
2026-05-26 23:20:00+08:00,NYSE:UMC,21.065,21.07,21.01,21.06,20237.0
2026-05-26 23:25:00+08:00,NYSE:UMC,21.07,21.085,21.04,21.05,17704.0
2026-05-26 23:30:00+08:00,NYSE:UMC,21.05,21.105,21.03,21.04,25274.0
2026-05-26 23:35:00+08:00,NYSE:UMC,21.035,21.06,21.02,21.05,18746.0
2026-05-26 23:40:00+08:00,NYSE:UMC,21.05,21.055,20.995,21.01,19325.0
2026-05-26 23:45:00+08:00,NYSE:UMC,21.01,21.03,20.94,20.96,36747.0
2026-05-26 23:50:00+08:00,NYSE:UMC,20.95,20.99,20.92,20.92,19472.0
2026-05-26 23:55:00+08:00,NYSE:UMC,20.92,20.975,20.865,20.975,16575.0
2026-05-27 00:00:00+08:00,NYSE:UMC,20.97,21.06,20.92,21.055,21455.0
2026-05-27 00:05:00+08:00,NYSE:UMC,21.06,21.07,21.01,21.03,15016.0
2026-05-27 00:10:00+08:00,NYSE:UMC,21.03,21.03,20.99,21.0,12977.0
2026-05-27 00:15:00+08:00,NYSE:UMC,21.01,21.01,20.97,20.98,8372.0
2026-05-27 00:20:00+08:00,NYSE:UMC,20.98,21.02,20.96,21.02,7500.0
2026-05-27 00:25:00+08:00,NYSE:UMC,21.02,21.02,20.975,21.0,7536.0
2026-05-27 00:30:00+08:00,NYSE:UMC,21.01,21.01,20.925,20.93,14413.0
2026-05-27 00:35:00+08:00,NYSE:UMC,20.93,20.935,20.885,20.9,11363.0
2026-05-27 00:40:00+08:00,NYSE:UMC,20.89,20.9,20.85,20.85,10027.0
2026-05-27 00:45:00+08:00,NYSE:UMC,20.85,20.885,20.82,20.82,9683.0
2026-05-27 00:50:00+08:00,NYSE:UMC,20.83,20.875,20.83,20.845,7015.0
2026-05-27 00:55:00+08:00,NYSE:UMC,20.845,20.865,20.845,20.865,7055.0
2026-05-27 01:00:00+08:00,NYSE:UMC,20.86,20.89,20.86,20.88,6911.0
2026-05-27 01:05:00+08:00,NYSE:UMC,20.88,20.89,20.85,20.875,6047.0
2026-05-27 01:10:00+08:00,NYSE:UMC,20.87,20.9,20.86,20.89,9141.0
2026-05-27 01:15:00+08:00,NYSE:UMC,20.89,20.89,20.83,20.83,2035.0
2026-05-27 01:20:00+08:00,NYSE:UMC,20.82,20.85,20.82,20.825,6849.0
2026-05-27 01:25:00+08:00,NYSE:UMC,20.825,20.84,20.82,20.84,4533.0
2026-05-27 01:30:00+08:00,NYSE:UMC,20.84,20.865,20.84,20.85,8169.0
2026-05-27 01:35:00+08:00,NYSE:UMC,20.85,20.885,20.84,20.865,9251.0
2026-05-27 01:40:00+08:00,NYSE:UMC,20.865,20.88,20.85,20.86,2477.0
2026-05-27 01:45:00+08:00,NYSE:UMC,20.86,20.865,20.86,20.86,2666.0
2026-05-27 01:50:00+08:00,NYSE:UMC,20.86,20.885,20.855,20.88,7000.0
2026-05-27 01:55:00+08:00,NYSE:UMC,20.88,20.89,20.87,20.88,2565.0
2026-05-27 02:00:00+08:00,NYSE:UMC,20.88,20.925,20.855,20.91,13078.0
2026-05-27 02:05:00+08:00,NYSE:UMC,20.925,20.955,20.92,20.955,6204.0
2026-05-27 02:10:00+08:00,NYSE:UMC,20.95,20.95,20.92,20.92,1230.0
2026-05-27 02:15:00+08:00,NYSE:UMC,20.91,20.915,20.9,20.915,1976.0
2026-05-27 02:20:00+08:00,NYSE:UMC,20.91,20.95,20.905,20.94,8932.0
2026-05-27 02:25:00+08:00,NYSE:UMC,20.94,20.96,20.94,20.945,4262.0
2026-05-27 02:30:00+08:00,NYSE:UMC,20.95,20.975,20.95,20.97,6625.0
2026-05-27 02:35:00+08:00,NYSE:UMC,20.97,20.98,20.92,20.935,9650.0
2026-05-27 02:40:00+08:00,NYSE:UMC,20.93,20.99,20.93,20.975,13106.0
2026-05-27 02:45:00+08:00,NYSE:UMC,20.975,21.025,20.95,21.005,23928.0
2026-05-27 02:50:00+08:00,NYSE:UMC,20.995,21.06,20.995,21.05,7330.0
2026-05-27 02:55:00+08:00,NYSE:UMC,21.05,21.05,20.95,20.96,18421.0
2026-05-27 03:00:00+08:00,NYSE:UMC,20.97,21.0,20.93,20.96,34676.0
2026-05-27 03:05:00+08:00,NYSE:UMC,20.97,21.07,20.96,21.07,15096.0
2026-05-27 03:10:00+08:00,NYSE:UMC,21.07,21.085,21.06,21.06,9400.0
2026-05-27 03:15:00+08:00,NYSE:UMC,21.07,21.09,21.06,21.075,14250.0
2026-05-27 03:20:00+08:00,NYSE:UMC,21.08,21.14,21.08,21.13,23950.0
2026-05-27 03:25:00+08:00,NYSE:UMC,21.14,21.2,21.125,21.16,20663.0
2026-05-27 03:30:00+08:00,NYSE:UMC,21.16,21.18,21.14,21.15,29955.0
2026-05-27 03:35:00+08:00,NYSE:UMC,21.16,21.175,21.14,21.155,19892.0
2026-05-27 03:40:00+08:00,NYSE:UMC,21.15,21.15,21.125,21.135,15288.0
2026-05-27 03:45:00+08:00,NYSE:UMC,21.13,21.165,21.12,21.165,59376.0
2026-05-27 03:50:00+08:00,NYSE:UMC,21.17,21.175,21.115,21.135,61139.0
2026-05-27 03:55:00+08:00,NYSE:UMC,21.135,21.14,21.05,21.09,162593.0
2026-05-27 21:30:00+08:00,NYSE:UMC,23.66,23.92,23.05,23.2,388194.0
2026-05-27 21:35:00+08:00,NYSE:UMC,23.2,23.255,22.59,22.77,156179.0
2026-05-27 21:40:00+08:00,NYSE:UMC,22.8,22.855,22.45,22.45,182258.0
2026-05-27 21:45:00+08:00,NYSE:UMC,22.45,22.585,22.24,22.48,79253.0
2026-05-27 21:50:00+08:00,NYSE:UMC,22.47,22.92,22.45,22.68,157200.0
2026-05-27 21:55:00+08:00,NYSE:UMC,22.67,22.73,22.495,22.67,93181.0
2026-05-27 22:00:00+08:00,NYSE:UMC,22.64,22.64,22.48,22.57,45494.0
2026-05-27 22:05:00+08:00,NYSE:UMC,22.57,22.58,22.34,22.405,52691.0
2026-05-27 22:10:00+08:00,NYSE:UMC,22.41,22.425,22.21,22.24,45914.0
2026-05-27 22:15:00+08:00,NYSE:UMC,22.245,22.335,22.18,22.22,70823.0
2026-05-27 22:20:00+08:00,NYSE:UMC,22.22,22.25,21.95,22.03,103298.0
2026-05-27 22:25:00+08:00,NYSE:UMC,22.0,22.0,21.68,21.84,72872.0
2026-05-27 22:30:00+08:00,NYSE:UMC,21.83,21.95,21.805,21.95,61358.0
2026-05-27 22:35:00+08:00,NYSE:UMC,21.95,22.055,21.89,21.99,51766.0
2026-05-27 22:40:00+08:00,NYSE:UMC,22.0,22.11,21.99,22.03,67810.0
2026-05-27 22:45:00+08:00,NYSE:UMC,22.03,22.14,21.98,22.04,43022.0
2026-05-27 22:50:00+08:00,NYSE:UMC,22.05,22.19,22.05,22.11,76887.0
2026-05-27 22:55:00+08:00,NYSE:UMC,22.1,22.105,21.89,21.99,55000.0
2026-05-27 23:00:00+08:00,NYSE:UMC,21.985,21.99,21.89,21.96,46326.0
2026-05-27 23:05:00+08:00,NYSE:UMC,21.97,22.14,21.96,22.14,56771.0
2026-05-27 23:10:00+08:00,NYSE:UMC,22.15,22.24,22.13,22.19,40198.0
2026-05-27 23:15:00+08:00,NYSE:UMC,22.18,22.21,22.065,22.07,37233.0
2026-05-27 23:20:00+08:00,NYSE:UMC,22.08,22.095,21.97,22.03,16891.0
2026-05-27 23:25:00+08:00,NYSE:UMC,22.02,22.07,21.975,22.07,34474.0
2026-05-27 23:30:00+08:00,NYSE:UMC,22.09,22.12,22.05,22.08,17715.0
2026-05-27 23:35:00+08:00,NYSE:UMC,22.08,22.085,21.935,21.95,37880.0
2026-05-27 23:40:00+08:00,NYSE:UMC,21.955,22.01,21.955,21.97,18418.0
2026-05-27 23:45:00+08:00,NYSE:UMC,21.965,22.01,21.915,21.99,23689.0
2026-05-27 23:50:00+08:00,NYSE:UMC,21.99,22.025,21.93,21.98,29112.0
2026-05-27 23:55:00+08:00,NYSE:UMC,21.975,22.11,21.955,22.095,7877.0
2026-05-28 00:00:00+08:00,NYSE:UMC,22.09,22.15,22.06,22.135,29562.0
2026-05-28 00:05:00+08:00,NYSE:UMC,22.13,22.2,22.105,22.195,16539.0
2026-05-28 00:10:00+08:00,NYSE:UMC,22.21,22.285,22.18,22.25,23291.0
2026-05-28 00:15:00+08:00,NYSE:UMC,22.26,22.3,22.255,22.26,11187.0
2026-05-28 00:20:00+08:00,NYSE:UMC,22.26,22.355,22.26,22.355,9986.0
2026-05-28 00:25:00+08:00,NYSE:UMC,22.35,22.37,22.275,22.29,15151.0
2026-05-28 00:30:00+08:00,NYSE:UMC,22.29,22.31,22.23,22.24,16686.0
2026-05-28 00:35:00+08:00,NYSE:UMC,22.23,22.255,22.21,22.23,8546.0
2026-05-28 00:40:00+08:00,NYSE:UMC,22.25,22.32,22.25,22.265,9834.0
2026-05-28 00:45:00+08:00,NYSE:UMC,22.26,22.31,22.26,22.31,6659.0
2026-05-28 00:50:00+08:00,NYSE:UMC,22.3,22.3,22.23,22.26,10993.0
2026-05-28 00:55:00+08:00,NYSE:UMC,22.25,22.25,22.17,22.21,13302.0
2026-05-28 01:00:00+08:00,NYSE:UMC,22.21,22.24,22.19,22.19,17600.0
2026-05-28 01:05:00+08:00,NYSE:UMC,22.185,22.19,22.06,22.06,13809.0
2026-05-28 01:10:00+08:00,NYSE:UMC,22.06,22.11,22.015,22.05,11275.0
2026-05-28 01:15:00+08:00,NYSE:UMC,22.05,22.155,22.04,22.15,11047.0
2026-05-28 01:20:00+08:00,NYSE:UMC,22.16,22.255,22.16,22.25,20618.0
2026-05-28 01:25:00+08:00,NYSE:UMC,22.255,22.27,22.24,22.24,5384.0
2026-05-28 01:30:00+08:00,NYSE:UMC,22.23,22.24,22.21,22.24,6114.0
2026-05-28 01:35:00+08:00,NYSE:UMC,22.24,22.24,22.18,22.18,6544.0
2026-05-28 01:40:00+08:00,NYSE:UMC,22.17,22.17,22.12,22.16,10321.0
2026-05-28 01:45:00+08:00,NYSE:UMC,22.16,22.21,22.15,22.2,9727.0
2026-05-28 01:50:00+08:00,NYSE:UMC,22.215,22.25,22.2,22.205,11979.0
2026-05-28 01:55:00+08:00,NYSE:UMC,22.21,22.245,22.18,22.18,6015.0
2026-05-28 02:00:00+08:00,NYSE:UMC,22.19,22.21,22.15,22.2,10200.0
2026-05-28 02:05:00+08:00,NYSE:UMC,22.2,22.22,22.19,22.205,9756.0
2026-05-28 02:10:00+08:00,NYSE:UMC,22.22,22.225,22.2,22.2,4982.0
2026-05-28 02:15:00+08:00,NYSE:UMC,22.21,22.215,22.195,22.215,2447.0
2026-05-28 02:20:00+08:00,NYSE:UMC,22.21,22.31,22.21,22.31,20216.0
2026-05-28 02:25:00+08:00,NYSE:UMC,22.305,22.34,22.305,22.34,10193.0
2026-05-28 02:30:00+08:00,NYSE:UMC,22.34,22.36,22.325,22.35,14602.0
2026-05-28 02:35:00+08:00,NYSE:UMC,22.34,22.345,22.29,22.31,3501.0
2026-05-28 02:40:00+08:00,NYSE:UMC,22.3,22.34,22.289,22.289,10701.0
2026-05-28 02:45:00+08:00,NYSE:UMC,22.29,22.29,22.22,22.22,9548.0
2026-05-28 02:50:00+08:00,NYSE:UMC,22.23,22.26,22.225,22.25,8801.0
2026-05-28 02:55:00+08:00,NYSE:UMC,22.24,22.24,22.2,22.235,14347.0
2026-05-28 03:00:00+08:00,NYSE:UMC,22.24,22.24,22.2,22.24,19524.0
2026-05-28 03:05:00+08:00,NYSE:UMC,22.24,22.275,22.21,22.25,13170.0
2026-05-28 03:10:00+08:00,NYSE:UMC,22.25,22.28,22.225,22.23,12458.0
2026-05-28 03:15:00+08:00,NYSE:UMC,22.23,22.27,22.23,22.25,12498.0
2026-05-28 03:20:00+08:00,NYSE:UMC,22.26,22.29,22.24,22.28,7563.0
2026-05-28 03:25:00+08:00,NYSE:UMC,22.27,22.3,22.24,22.28,30478.0
2026-05-28 03:30:00+08:00,NYSE:UMC,22.28,22.34,22.28,22.325,20366.0
2026-05-28 03:35:00+08:00,NYSE:UMC,22.325,22.33,22.24,22.24,30842.0
2026-05-28 03:40:00+08:00,NYSE:UMC,22.25,22.31,22.245,22.3,26011.0
2026-05-28 03:45:00+08:00,NYSE:UMC,22.3,22.33,22.26,22.28,27982.0
2026-05-28 03:50:00+08:00,NYSE:UMC,22.28,22.315,22.25,22.255,33697.0
2026-05-28 03:55:00+08:00,NYSE:UMC,22.255,22.295,22.165,22.23,110608.0
2026-05-28 21:30:00+08:00,NYSE:UMC,22.225,22.545,22.225,22.28,95583.0
2026-05-28 21:35:00+08:00,NYSE:UMC,22.27,22.27,22.16,22.2,24004.0
2026-05-28 21:40:00+08:00,NYSE:UMC,22.2,22.2,21.95,21.96,46709.0
2026-05-28 21:45:00+08:00,NYSE:UMC,21.96,21.96,21.77,21.78,24619.0
2026-05-28 21:50:00+08:00,NYSE:UMC,21.78,22.04,21.77,21.945,54875.0
2026-05-28 21:55:00+08:00,NYSE:UMC,21.95,22.04,21.9,22.03,36687.0
2026-05-28 22:00:00+08:00,NYSE:UMC,22.02,22.04,21.9,21.91,25079.0
2026-05-28 22:05:00+08:00,NYSE:UMC,21.905,22.07,21.875,22.07,9077.0
2026-05-28 22:10:00+08:00,NYSE:UMC,22.08,22.32,22.02,22.31,54497.0
2026-05-28 22:15:00+08:00,NYSE:UMC,22.33,22.4,22.25,22.37,42157.0
2026-05-28 22:20:00+08:00,NYSE:UMC,22.38,22.4,22.15,22.21,36096.0
2026-05-28 22:25:00+08:00,NYSE:UMC,22.24,22.36,22.24,22.35,16299.0
2026-05-28 22:30:00+08:00,NYSE:UMC,22.355,22.39,22.31,22.32,10154.0
2026-05-28 22:35:00+08:00,NYSE:UMC,22.315,22.4,22.315,22.39,8793.0
2026-05-28 22:40:00+08:00,NYSE:UMC,22.39,22.42,22.33,22.35,37336.0
2026-05-28 22:45:00+08:00,NYSE:UMC,22.36,22.38,22.31,22.32,8406.0
2026-05-28 22:50:00+08:00,NYSE:UMC,22.32,22.445,22.32,22.43,16774.0
2026-05-28 22:55:00+08:00,NYSE:UMC,22.42,22.54,22.41,22.54,22435.0
2026-05-28 23:00:00+08:00,NYSE:UMC,22.54,22.645,22.525,22.64,20988.0
2026-05-28 23:05:00+08:00,NYSE:UMC,22.64,22.72,22.605,22.72,20990.0
2026-05-28 23:10:00+08:00,NYSE:UMC,22.72,22.73,22.66,22.66,20201.0
2026-05-28 23:15:00+08:00,NYSE:UMC,22.65,22.69,22.61,22.68,10320.0
2026-05-28 23:20:00+08:00,NYSE:UMC,22.68,22.71,22.665,22.69,9453.0
2026-05-28 23:25:00+08:00,NYSE:UMC,22.69,22.855,22.69,22.84,50171.0
2026-05-28 23:30:00+08:00,NYSE:UMC,22.835,22.93,22.83,22.93,21000.0
2026-05-28 23:35:00+08:00,NYSE:UMC,22.93,22.95,22.9,22.92,9664.0
2026-05-28 23:40:00+08:00,NYSE:UMC,22.925,22.93,22.78,22.79,15654.0
2026-05-28 23:45:00+08:00,NYSE:UMC,22.79,22.81,22.745,22.745,12939.0
2026-05-28 23:50:00+08:00,NYSE:UMC,22.75,22.87,22.75,22.82,13511.0
2026-05-28 23:55:00+08:00,NYSE:UMC,22.82,22.82,22.78,22.8,7460.0
2026-05-29 00:00:00+08:00,NYSE:UMC,22.8,22.81,22.75,22.77,8574.0
2026-05-29 00:05:00+08:00,NYSE:UMC,22.775,22.815,22.76,22.81,7607.0
2026-05-29 00:10:00+08:00,NYSE:UMC,22.82,22.825,22.79,22.815,5698.0
2026-05-29 00:15:00+08:00,NYSE:UMC,22.81,22.825,22.805,22.815,6107.0
2026-05-29 00:20:00+08:00,NYSE:UMC,22.815,22.84,22.8,22.84,4294.0
2026-05-29 00:25:00+08:00,NYSE:UMC,22.845,22.895,22.84,22.86,10226.0
2026-05-29 00:30:00+08:00,NYSE:UMC,22.84,22.855,22.785,22.79,8640.0
2026-05-29 00:35:00+08:00,NYSE:UMC,22.79,22.83,22.78,22.83,7891.0
2026-05-29 00:40:00+08:00,NYSE:UMC,22.825,22.89,22.82,22.865,9666.0
2026-05-29 00:45:00+08:00,NYSE:UMC,22.87,22.885,22.84,22.87,6991.0
2026-05-29 00:50:00+08:00,NYSE:UMC,22.89,22.895,22.85,22.85,3767.0
2026-05-29 00:55:00+08:00,NYSE:UMC,22.835,22.885,22.835,22.88,4313.0
2026-05-29 01:00:00+08:00,NYSE:UMC,22.87,22.875,22.86,22.86,3021.0
2026-05-29 01:05:00+08:00,NYSE:UMC,22.86,22.88,22.84,22.86,5057.0
2026-05-29 01:10:00+08:00,NYSE:UMC,22.86,23.05,22.86,23.05,25641.0
2026-05-29 01:15:00+08:00,NYSE:UMC,23.065,23.19,23.065,23.145,63769.0
2026-05-29 01:20:00+08:00,NYSE:UMC,23.15,23.16,23.11,23.13,10417.0
2026-05-29 01:25:00+08:00,NYSE:UMC,23.13,23.13,23.06,23.06,10410.0
2026-05-29 01:30:00+08:00,NYSE:UMC,23.05,23.06,23.01,23.01,42532.0
2026-05-29 01:35:00+08:00,NYSE:UMC,23.01,23.055,22.995,23.055,10082.0
2026-05-29 01:40:00+08:00,NYSE:UMC,23.055,23.055,23.02,23.04,9426.0
2026-05-29 01:45:00+08:00,NYSE:UMC,23.05,23.065,23.04,23.045,3478.0
2026-05-29 01:50:00+08:00,NYSE:UMC,23.05,23.08,23.05,23.05,4163.0
2026-05-29 01:55:00+08:00,NYSE:UMC,23.05,23.05,23.01,23.04,3438.0
2026-05-29 02:00:00+08:00,NYSE:UMC,23.05,23.07,23.02,23.07,2648.0
2026-05-29 02:05:00+08:00,NYSE:UMC,23.075,23.08,23.035,23.05,12472.0
2026-05-29 02:10:00+08:00,NYSE:UMC,23.055,23.055,23.005,23.005,4141.0
2026-05-29 02:15:00+08:00,NYSE:UMC,23.01,23.03,23.01,23.03,22121.0
2026-05-29 02:20:00+08:00,NYSE:UMC,23.02,23.07,23.02,23.07,10682.0
2026-05-29 02:25:00+08:00,NYSE:UMC,23.07,23.1,23.05,23.075,5680.0
2026-05-29 02:30:00+08:00,NYSE:UMC,23.065,23.065,23.02,23.025,5703.0
2026-05-29 02:35:00+08:00,NYSE:UMC,23.02,23.02,22.955,22.97,15933.0
2026-05-29 02:40:00+08:00,NYSE:UMC,22.965,22.99,22.95,22.96,11736.0
2026-05-29 02:45:00+08:00,NYSE:UMC,22.97,22.97,22.89,22.93,8293.0
2026-05-29 02:50:00+08:00,NYSE:UMC,22.94,22.955,22.93,22.93,4073.0
2026-05-29 02:55:00+08:00,NYSE:UMC,22.93,22.93,22.87,22.92,10862.0
2026-05-29 03:00:00+08:00,NYSE:UMC,22.93,22.94,22.905,22.92,7108.0
2026-05-29 03:05:00+08:00,NYSE:UMC,22.92,23.005,22.92,22.995,6423.0
2026-05-29 03:10:00+08:00,NYSE:UMC,23.0,23.01,22.93,22.93,10030.0
2026-05-29 03:15:00+08:00,NYSE:UMC,22.935,22.95,22.895,22.925,11529.0
2026-05-29 03:20:00+08:00,NYSE:UMC,22.93,22.93,22.875,22.905,9027.0
2026-05-29 03:25:00+08:00,NYSE:UMC,22.91,22.97,22.91,22.97,20014.0
2026-05-29 03:30:00+08:00,NYSE:UMC,22.96,22.96,22.885,22.915,9368.0
2026-05-29 03:35:00+08:00,NYSE:UMC,22.92,22.94,22.91,22.91,12142.0
2026-05-29 03:40:00+08:00,NYSE:UMC,22.9,22.905,22.86,22.88,12980.0
2026-05-29 03:45:00+08:00,NYSE:UMC,22.87,22.895,22.83,22.83,24042.0
2026-05-29 03:50:00+08:00,NYSE:UMC,22.84,22.84,22.735,22.735,64170.0
2026-05-29 03:55:00+08:00,NYSE:UMC,22.735,22.745,22.65,22.66,139768.0
2026-05-29 21:30:00+08:00,NYSE:UMC,22.64,22.82,22.5,22.5,89845.0
2026-05-29 21:35:00+08:00,NYSE:UMC,22.56,22.61,22.53,22.565,24235.0
2026-05-29 21:40:00+08:00,NYSE:UMC,22.56,22.6,22.49,22.6,15730.0
2026-05-29 21:45:00+08:00,NYSE:UMC,22.64,22.77,22.6,22.76,32951.0
2026-05-29 21:50:00+08:00,NYSE:UMC,22.765,22.84,22.75,22.75,14335.0
2026-05-29 21:55:00+08:00,NYSE:UMC,22.76,22.78,22.74,22.76,9986.0
2026-05-29 22:00:00+08:00,NYSE:UMC,22.755,22.82,22.67,22.67,27102.0
2026-05-29 22:05:00+08:00,NYSE:UMC,22.67,22.71,22.59,22.61,20569.0
2026-05-29 22:10:00+08:00,NYSE:UMC,22.61,22.65,22.55,22.56,18074.0
2026-05-29 22:15:00+08:00,NYSE:UMC,22.55,22.55,22.405,22.43,30890.0
2026-05-29 22:20:00+08:00,NYSE:UMC,22.44,22.48,22.33,22.36,29199.0
2026-05-29 22:25:00+08:00,NYSE:UMC,22.32,22.36,22.25,22.36,20133.0
2026-05-29 22:30:00+08:00,NYSE:UMC,22.38,22.48,22.36,22.48,14935.0
2026-05-29 22:35:00+08:00,NYSE:UMC,22.48,22.48,22.21,22.21,59145.0
2026-05-29 22:40:00+08:00,NYSE:UMC,22.21,22.21,21.99,21.995,28750.0
2026-05-29 22:45:00+08:00,NYSE:UMC,21.99,22.15,21.99,22.12,51755.0
2026-05-29 22:50:00+08:00,NYSE:UMC,22.12,22.315,22.11,22.24,73745.0
2026-05-29 22:55:00+08:00,NYSE:UMC,22.25,22.34,22.24,22.24,14874.0
2026-05-29 23:00:00+08:00,NYSE:UMC,22.25,22.26,22.175,22.2,11641.0
2026-05-29 23:05:00+08:00,NYSE:UMC,22.2,22.2,22.12,22.145,36507.0
2026-05-29 23:10:00+08:00,NYSE:UMC,22.15,22.26,22.15,22.26,10612.0
2026-05-29 23:15:00+08:00,NYSE:UMC,22.25,22.27,22.23,22.24,14752.0
2026-05-29 23:20:00+08:00,NYSE:UMC,22.22,22.25,22.16,22.24,11112.0
2026-05-29 23:25:00+08:00,NYSE:UMC,22.23,22.26,22.2,22.25,4202.0
2026-05-29 23:30:00+08:00,NYSE:UMC,22.25,22.3,22.25,22.29,5071.0
2026-05-29 23:35:00+08:00,NYSE:UMC,22.29,22.29,22.26,22.26,4735.0
2026-05-29 23:40:00+08:00,NYSE:UMC,22.25,22.26,22.23,22.24,18717.0
2026-05-29 23:45:00+08:00,NYSE:UMC,22.25,22.26,22.215,22.22,6398.0
2026-05-29 23:50:00+08:00,NYSE:UMC,22.225,22.24,22.19,22.235,16986.0
2026-05-29 23:55:00+08:00,NYSE:UMC,22.24,22.25,22.19,22.23,13575.0
2026-05-30 00:00:00+08:00,NYSE:UMC,22.23,22.285,22.22,22.27,10706.0
2026-05-30 00:05:00+08:00,NYSE:UMC,22.26,22.335,22.245,22.335,4932.0
2026-05-30 00:10:00+08:00,NYSE:UMC,22.335,22.345,22.325,22.325,4230.0
2026-05-30 00:15:00+08:00,NYSE:UMC,22.32,22.32,22.275,22.29,6424.0
2026-05-30 00:20:00+08:00,NYSE:UMC,22.295,22.33,22.29,22.32,4442.0
2026-05-30 00:25:00+08:00,NYSE:UMC,22.31,22.31,22.27,22.285,3730.0
2026-05-30 00:30:00+08:00,NYSE:UMC,22.28,22.285,22.245,22.27,19501.0
2026-05-30 00:35:00+08:00,NYSE:UMC,22.27,22.28,22.225,22.23,31789.0
2026-05-30 00:40:00+08:00,NYSE:UMC,22.22,22.24,22.21,22.23,13040.0
2026-05-30 00:45:00+08:00,NYSE:UMC,22.23,22.265,22.225,22.26,8458.0
2026-05-30 00:50:00+08:00,NYSE:UMC,22.255,22.285,22.24,22.285,2173.0
2026-05-30 00:55:00+08:00,NYSE:UMC,22.285,22.325,22.27,22.325,9423.0
2026-05-30 01:00:00+08:00,NYSE:UMC,22.32,22.32,22.3,22.3,4121.0
2026-05-30 01:05:00+08:00,NYSE:UMC,22.295,22.33,22.29,22.325,4081.0
2026-05-30 01:10:00+08:00,NYSE:UMC,22.325,22.325,22.26,22.27,6655.0
2026-05-30 01:15:00+08:00,NYSE:UMC,22.26,22.31,22.26,22.31,15806.0
2026-05-30 01:20:00+08:00,NYSE:UMC,22.32,22.34,22.285,22.33,11101.0
2026-05-30 01:25:00+08:00,NYSE:UMC,22.33,22.36,22.31,22.315,6174.0
2026-05-30 01:30:00+08:00,NYSE:UMC,22.31,22.34,22.29,22.34,8024.0
2026-05-30 01:35:00+08:00,NYSE:UMC,22.34,22.35,22.32,22.33,7128.0
2026-05-30 01:40:00+08:00,NYSE:UMC,22.32,22.32,22.295,22.295,6124.0
2026-05-30 01:45:00+08:00,NYSE:UMC,22.3,22.31,22.295,22.3,18364.0
2026-05-30 01:50:00+08:00,NYSE:UMC,22.29,22.305,22.265,22.275,9889.0
2026-05-30 01:55:00+08:00,NYSE:UMC,22.27,22.27,22.225,22.25,8280.0
2026-05-30 02:00:00+08:00,NYSE:UMC,22.26,22.29,22.26,22.29,6613.0
2026-05-30 02:05:00+08:00,NYSE:UMC,22.29,22.32,22.285,22.32,8354.0
2026-05-30 02:10:00+08:00,NYSE:UMC,22.315,22.335,22.3,22.305,6785.0
2026-05-30 02:15:00+08:00,NYSE:UMC,22.31,22.34,22.31,22.335,2930.0
2026-05-30 02:20:00+08:00,NYSE:UMC,22.33,22.35,22.32,22.35,3382.0
2026-05-30 02:25:00+08:00,NYSE:UMC,22.37,22.39,22.37,22.37,5795.0
2026-05-30 02:30:00+08:00,NYSE:UMC,22.38,22.415,22.38,22.405,6771.0
2026-05-30 02:35:00+08:00,NYSE:UMC,22.405,22.41,22.36,22.36,3139.0
2026-05-30 02:40:00+08:00,NYSE:UMC,22.36,22.385,22.35,22.385,9654.0
2026-05-30 02:45:00+08:00,NYSE:UMC,22.38,22.38,22.32,22.32,5933.0
2026-05-30 02:50:00+08:00,NYSE:UMC,22.32,22.33,22.285,22.305,6969.0
2026-05-30 02:55:00+08:00,NYSE:UMC,22.305,22.31,22.24,22.27,12266.0
2026-05-30 03:00:00+08:00,NYSE:UMC,22.28,22.28,22.23,22.25,12847.0
2026-05-30 03:05:00+08:00,NYSE:UMC,22.26,22.285,22.255,22.28,5267.0
2026-05-30 03:10:00+08:00,NYSE:UMC,22.28,22.285,22.27,22.275,6900.0
2026-05-30 03:15:00+08:00,NYSE:UMC,22.28,22.285,22.26,22.27,5603.0
2026-05-30 03:20:00+08:00,NYSE:UMC,22.27,22.27,22.225,22.24,11405.0
2026-05-30 03:25:00+08:00,NYSE:UMC,22.25,22.265,22.25,22.265,9125.0
2026-05-30 03:30:00+08:00,NYSE:UMC,22.27,22.32,22.27,22.32,14632.0
2026-05-30 03:35:00+08:00,NYSE:UMC,22.33,22.35,22.315,22.33,15242.0
2026-05-30 03:40:00+08:00,NYSE:UMC,22.325,22.34,22.32,22.32,19345.0
2026-05-30 03:45:00+08:00,NYSE:UMC,22.32,22.35,22.3,22.315,46784.0
2026-05-30 03:50:00+08:00,NYSE:UMC,22.3,22.3,22.19,22.195,38463.0
2026-05-30 03:55:00+08:00,NYSE:UMC,22.195,22.21,22.145,22.2,118741.0
2026-06-01 21:30:00+08:00,NYSE:UMC,22.91,23.0,22.48,22.57,93365.0
2026-06-01 21:35:00+08:00,NYSE:UMC,22.6,22.82,22.6,22.7,28393.0
2026-06-01 21:40:00+08:00,NYSE:UMC,22.7,22.7,22.51,22.53,45880.0
2026-06-01 21:45:00+08:00,NYSE:UMC,22.52,22.58,22.485,22.52,29072.0
2026-06-01 21:50:00+08:00,NYSE:UMC,22.52,22.52,22.29,22.31,59385.0
2026-06-01 21:55:00+08:00,NYSE:UMC,22.3,22.3,22.17,22.2,34221.0
2026-06-01 22:00:00+08:00,NYSE:UMC,22.19,22.25,22.14,22.165,49280.0
2026-06-01 22:05:00+08:00,NYSE:UMC,22.17,22.32,22.155,22.3,21245.0
2026-06-01 22:10:00+08:00,NYSE:UMC,22.29,22.33,22.23,22.23,47528.0
2026-06-01 22:15:00+08:00,NYSE:UMC,22.21,22.37,22.18,22.37,40974.0
2026-06-01 22:20:00+08:00,NYSE:UMC,22.39,22.63,22.39,22.62,16922.0
2026-06-01 22:25:00+08:00,NYSE:UMC,22.61,22.65,22.51,22.62,22033.0
2026-06-01 22:30:00+08:00,NYSE:UMC,22.62,22.785,22.61,22.77,32973.0
2026-06-01 22:35:00+08:00,NYSE:UMC,22.78,22.86,22.75,22.755,22139.0
2026-06-01 22:40:00+08:00,NYSE:UMC,22.75,22.76,22.63,22.67,18134.0
2026-06-01 22:45:00+08:00,NYSE:UMC,22.69,22.72,22.61,22.715,18356.0
2026-06-01 22:50:00+08:00,NYSE:UMC,22.715,22.75,22.69,22.73,12123.0
2026-06-01 22:55:00+08:00,NYSE:UMC,22.73,22.75,22.7,22.715,11653.0
2026-06-01 23:00:00+08:00,NYSE:UMC,22.72,22.755,22.705,22.755,12560.0
2026-06-01 23:05:00+08:00,NYSE:UMC,22.75,22.785,22.7,22.71,20124.0
2026-06-01 23:10:00+08:00,NYSE:UMC,22.71,22.785,22.645,22.77,14984.0
2026-06-01 23:15:00+08:00,NYSE:UMC,22.77,22.855,22.77,22.815,14785.0
2026-06-01 23:20:00+08:00,NYSE:UMC,22.82,22.88,22.81,22.86,14925.0
2026-06-01 23:25:00+08:00,NYSE:UMC,22.86,22.95,22.84,22.92,10703.0
2026-06-01 23:30:00+08:00,NYSE:UMC,22.93,23.01,22.93,22.95,22967.0
2026-06-01 23:35:00+08:00,NYSE:UMC,22.95,22.96,22.915,22.945,10962.0
2026-06-01 23:40:00+08:00,NYSE:UMC,22.94,22.97,22.925,22.94,7419.0
2026-06-01 23:45:00+08:00,NYSE:UMC,22.94,22.975,22.915,22.93,11657.0
2026-06-01 23:50:00+08:00,NYSE:UMC,22.94,22.945,22.915,22.93,8722.0
2026-06-01 23:55:00+08:00,NYSE:UMC,22.92,22.92,22.82,22.85,10044.0
2026-06-02 00:00:00+08:00,NYSE:UMC,22.86,22.91,22.86,22.885,7867.0
2026-06-02 00:05:00+08:00,NYSE:UMC,22.87,22.88,22.835,22.85,11651.0
2026-06-02 00:10:00+08:00,NYSE:UMC,22.85,22.85,22.76,22.8,10815.0
2026-06-02 00:15:00+08:00,NYSE:UMC,22.805,22.815,22.77,22.79,8931.0
2026-06-02 00:20:00+08:00,NYSE:UMC,22.8,22.82,22.785,22.805,7062.0
2026-06-02 00:25:00+08:00,NYSE:UMC,22.81,22.815,22.765,22.79,4124.0
2026-06-02 00:30:00+08:00,NYSE:UMC,22.795,22.8,22.78,22.785,6942.0
2026-06-02 00:35:00+08:00,NYSE:UMC,22.78,22.835,22.775,22.83,13698.0
2026-06-02 00:40:00+08:00,NYSE:UMC,22.82,22.82,22.775,22.78,9394.0
2026-06-02 00:45:00+08:00,NYSE:UMC,22.77,22.805,22.74,22.805,12126.0
2026-06-02 00:50:00+08:00,NYSE:UMC,22.81,22.89,22.81,22.89,8616.0
2026-06-02 00:55:00+08:00,NYSE:UMC,22.89,22.985,22.89,22.985,14010.0
2026-06-02 01:00:00+08:00,NYSE:UMC,22.98,22.98,22.91,22.91,6984.0
2026-06-02 01:05:00+08:00,NYSE:UMC,22.905,22.925,22.885,22.92,6003.0
2026-06-02 01:10:00+08:00,NYSE:UMC,22.92,22.945,22.92,22.925,6149.0
2026-06-02 01:15:00+08:00,NYSE:UMC,22.925,22.95,22.925,22.95,7352.0
2026-06-02 01:20:00+08:00,NYSE:UMC,22.945,22.96,22.915,22.945,9172.0
2026-06-02 01:25:00+08:00,NYSE:UMC,22.945,22.98,22.935,22.975,6037.0
2026-06-02 01:30:00+08:00,NYSE:UMC,22.97,23.0,22.95,22.97,20804.0
2026-06-02 01:35:00+08:00,NYSE:UMC,22.965,22.965,22.935,22.94,4426.0
2026-06-02 01:40:00+08:00,NYSE:UMC,22.93,22.99,22.925,22.96,17158.0
2026-06-02 01:45:00+08:00,NYSE:UMC,22.97,22.99,22.97,22.975,8228.0
2026-06-02 01:50:00+08:00,NYSE:UMC,22.97,22.97,22.95,22.95,2885.0
2026-06-02 01:55:00+08:00,NYSE:UMC,22.955,22.97,22.94,22.955,5010.0
2026-06-02 02:00:00+08:00,NYSE:UMC,22.955,22.96,22.935,22.95,5881.0
2026-06-02 02:05:00+08:00,NYSE:UMC,22.945,22.945,22.91,22.92,8104.0
2026-06-02 02:10:00+08:00,NYSE:UMC,22.925,22.93,22.875,22.88,5385.0
2026-06-02 02:15:00+08:00,NYSE:UMC,22.885,22.895,22.85,22.89,3149.0
2026-06-02 02:20:00+08:00,NYSE:UMC,22.895,22.905,22.895,22.895,4418.0
2026-06-02 02:25:00+08:00,NYSE:UMC,22.895,22.915,22.89,22.915,4868.0
2026-06-02 02:30:00+08:00,NYSE:UMC,22.915,22.92,22.885,22.915,5096.0
2026-06-02 02:35:00+08:00,NYSE:UMC,22.92,22.925,22.875,22.88,3225.0
2026-06-02 02:40:00+08:00,NYSE:UMC,22.88,22.91,22.865,22.91,4378.0
2026-06-02 02:45:00+08:00,NYSE:UMC,22.9,22.905,22.88,22.89,2549.0
2026-06-02 02:50:00+08:00,NYSE:UMC,22.9,22.9,22.875,22.88,2927.0
2026-06-02 02:55:00+08:00,NYSE:UMC,22.885,22.89,22.83,22.85,6460.0
2026-06-02 03:00:00+08:00,NYSE:UMC,22.86,22.88,22.83,22.875,8766.0
2026-06-02 03:05:00+08:00,NYSE:UMC,22.875,22.88,22.835,22.87,7549.0
2026-06-02 03:10:00+08:00,NYSE:UMC,22.87,22.885,22.85,22.86,8992.0
2026-06-02 03:15:00+08:00,NYSE:UMC,22.855,22.855,22.83,22.84,7359.0
2026-06-02 03:20:00+08:00,NYSE:UMC,22.84,22.86,22.84,22.855,7632.0
2026-06-02 03:25:00+08:00,NYSE:UMC,22.85,22.865,22.84,22.86,10411.0
2026-06-02 03:30:00+08:00,NYSE:UMC,22.86,22.865,22.825,22.825,13255.0
2026-06-02 03:35:00+08:00,NYSE:UMC,22.825,22.87,22.82,22.86,9334.0
2026-06-02 03:40:00+08:00,NYSE:UMC,22.86,22.865,22.835,22.845,11078.0
2026-06-02 03:45:00+08:00,NYSE:UMC,22.845,22.855,22.795,22.795,19300.0
2026-06-02 03:50:00+08:00,NYSE:UMC,22.8,22.84,22.79,22.835,28938.0
2026-06-02 03:55:00+08:00,NYSE:UMC,22.83,22.89,22.79,22.89,77402.0
2026-06-02 21:30:00+08:00,NYSE:UMC,22.355,22.355,21.97,22.09,52181.0
2026-06-02 21:35:00+08:00,NYSE:UMC,22.08,22.17,22.05,22.1,14683.0
2026-06-02 21:40:00+08:00,NYSE:UMC,22.1,22.1,21.88,22.03,34786.0
2026-06-02 21:45:00+08:00,NYSE:UMC,22.04,22.18,22.03,22.17,12943.0
2026-06-02 21:50:00+08:00,NYSE:UMC,22.195,22.22,22.16,22.17,23011.0
2026-06-02 21:55:00+08:00,NYSE:UMC,22.15,22.22,22.13,22.2,24194.0
2026-06-02 22:00:00+08:00,NYSE:UMC,22.2,22.2,22.07,22.11,24967.0
2026-06-02 22:05:00+08:00,NYSE:UMC,22.11,22.14,22.09,22.13,7483.0
2026-06-02 22:10:00+08:00,NYSE:UMC,22.15,22.225,22.13,22.18,10669.0
2026-06-02 22:15:00+08:00,NYSE:UMC,22.18,22.18,22.12,22.15,6095.0
2026-06-02 22:20:00+08:00,NYSE:UMC,22.14,22.14,22.005,22.03,6914.0
2026-06-02 22:25:00+08:00,NYSE:UMC,22.0,22.0,21.89,21.95,33628.0
2026-06-02 22:30:00+08:00,NYSE:UMC,21.965,22.12,21.965,22.12,11976.0
2026-06-02 22:35:00+08:00,NYSE:UMC,22.115,22.115,21.995,22.0,14768.0
2026-06-02 22:40:00+08:00,NYSE:UMC,22.0,22.0,21.94,21.945,12473.0
2026-06-02 22:45:00+08:00,NYSE:UMC,21.95,22.05,21.905,22.045,19223.0
2026-06-02 22:50:00+08:00,NYSE:UMC,22.04,22.1,22.04,22.075,5827.0
2026-06-02 22:55:00+08:00,NYSE:UMC,22.08,22.15,22.08,22.15,27690.0
2026-06-02 23:00:00+08:00,NYSE:UMC,22.15,22.22,22.15,22.18,8811.0
2026-06-02 23:05:00+08:00,NYSE:UMC,22.18,22.22,22.15,22.21,6963.0
2026-06-02 23:10:00+08:00,NYSE:UMC,22.21,22.26,22.18,22.26,7173.0
2026-06-02 23:15:00+08:00,NYSE:UMC,22.26,22.28,22.24,22.28,5355.0
2026-06-02 23:20:00+08:00,NYSE:UMC,22.29,22.335,22.28,22.33,6666.0
2026-06-02 23:25:00+08:00,NYSE:UMC,22.32,22.35,22.315,22.35,9743.0
2026-06-02 23:30:00+08:00,NYSE:UMC,22.35,22.395,22.335,22.39,16395.0
2026-06-02 23:35:00+08:00,NYSE:UMC,22.38,22.4,22.38,22.38,6682.0
2026-06-02 23:40:00+08:00,NYSE:UMC,22.36,22.37,22.36,22.36,4798.0
2026-06-02 23:45:00+08:00,NYSE:UMC,22.35,22.46,22.35,22.42,31170.0
2026-06-02 23:50:00+08:00,NYSE:UMC,22.415,22.48,22.4,22.48,5848.0
2026-06-02 23:55:00+08:00,NYSE:UMC,22.485,22.5,22.44,22.49,6707.0
2026-06-03 00:00:00+08:00,NYSE:UMC,22.49,22.5,22.445,22.45,5613.0
2026-06-03 00:05:00+08:00,NYSE:UMC,22.46,22.5,22.46,22.49,4243.0
2026-06-03 00:10:00+08:00,NYSE:UMC,22.49,22.5,22.48,22.48,7389.0
2026-06-03 00:15:00+08:00,NYSE:UMC,22.47,22.475,22.41,22.42,9147.0
2026-06-03 00:20:00+08:00,NYSE:UMC,22.415,22.425,22.38,22.395,9697.0
2026-06-03 00:25:00+08:00,NYSE:UMC,22.39,22.39,22.34,22.34,11003.0
2026-06-03 00:30:00+08:00,NYSE:UMC,22.34,22.375,22.34,22.34,3914.0
2026-06-03 00:35:00+08:00,NYSE:UMC,22.33,22.33,22.27,22.27,2582.0
2026-06-03 00:40:00+08:00,NYSE:UMC,22.295,22.325,22.295,22.32,4604.0
2026-06-03 00:45:00+08:00,NYSE:UMC,22.3,22.34,22.3,22.34,3630.0
2026-06-03 00:50:00+08:00,NYSE:UMC,22.34,22.375,22.34,22.375,1914.0
2026-06-03 00:55:00+08:00,NYSE:UMC,22.37,22.37,22.345,22.36,2604.0
2026-06-03 01:00:00+08:00,NYSE:UMC,22.36,22.41,22.35,22.41,2736.0
2026-06-03 01:05:00+08:00,NYSE:UMC,22.4,22.41,22.38,22.38,6385.0
2026-06-03 01:10:00+08:00,NYSE:UMC,22.39,22.395,22.365,22.37,6204.0
2026-06-03 01:15:00+08:00,NYSE:UMC,22.36,22.36,22.3,22.31,5664.0
2026-06-03 01:20:00+08:00,NYSE:UMC,22.31,22.32,22.26,22.32,4330.0
2026-06-03 01:25:00+08:00,NYSE:UMC,22.31,22.31,22.285,22.3,4423.0
2026-06-03 01:30:00+08:00,NYSE:UMC,22.295,22.315,22.29,22.29,6572.0
2026-06-03 01:35:00+08:00,NYSE:UMC,22.28,22.28,22.235,22.235,2505.0
2026-06-03 01:40:00+08:00,NYSE:UMC,22.24,22.28,22.23,22.28,5390.0
2026-06-03 01:45:00+08:00,NYSE:UMC,22.28,22.31,22.27,22.31,2228.0
2026-06-03 01:50:00+08:00,NYSE:UMC,22.31,22.31,22.29,22.295,506.0
2026-06-03 01:55:00+08:00,NYSE:UMC,22.29,22.34,22.285,22.33,6469.0
2026-06-03 02:00:00+08:00,NYSE:UMC,22.33,22.34,22.31,22.31,4534.0
2026-06-03 02:05:00+08:00,NYSE:UMC,22.305,22.31,22.3,22.3,8857.0
2026-06-03 02:10:00+08:00,NYSE:UMC,22.3,22.305,22.295,22.295,914.0
2026-06-03 02:15:00+08:00,NYSE:UMC,22.295,22.305,22.29,22.29,4669.0
2026-06-03 02:20:00+08:00,NYSE:UMC,22.29,22.29,22.26,22.27,5828.0
2026-06-03 02:25:00+08:00,NYSE:UMC,22.28,22.3,22.275,22.275,6301.0
2026-06-03 02:30:00+08:00,NYSE:UMC,22.28,22.29,22.28,22.28,4459.0
2026-06-03 02:35:00+08:00,NYSE:UMC,22.275,22.28,22.21,22.23,5462.0
2026-06-03 02:40:00+08:00,NYSE:UMC,22.22,22.255,22.22,22.24,5037.0
2026-06-03 02:45:00+08:00,NYSE:UMC,22.23,22.28,22.22,22.28,3599.0
2026-06-03 02:50:00+08:00,NYSE:UMC,22.28,22.295,22.265,22.295,3898.0
2026-06-03 02:55:00+08:00,NYSE:UMC,22.295,22.34,22.295,22.33,7148.0
2026-06-03 03:00:00+08:00,NYSE:UMC,22.335,22.38,22.335,22.37,15335.0
2026-06-03 03:05:00+08:00,NYSE:UMC,22.375,22.44,22.345,22.44,33294.0
2026-06-03 03:10:00+08:00,NYSE:UMC,22.445,22.47,22.43,22.44,8084.0
2026-06-03 03:15:00+08:00,NYSE:UMC,22.445,22.48,22.43,22.44,18062.0
2026-06-03 03:20:00+08:00,NYSE:UMC,22.445,22.45,22.42,22.43,8880.0
2026-06-03 03:25:00+08:00,NYSE:UMC,22.435,22.455,22.43,22.435,9575.0
2026-06-03 03:30:00+08:00,NYSE:UMC,22.43,22.445,22.39,22.425,24275.0
2026-06-03 03:35:00+08:00,NYSE:UMC,22.42,22.44,22.41,22.43,9652.0
2026-06-03 03:40:00+08:00,NYSE:UMC,22.43,22.43,22.41,22.42,23286.0
2026-06-03 03:45:00+08:00,NYSE:UMC,22.43,22.48,22.415,22.45,40045.0
2026-06-03 03:50:00+08:00,NYSE:UMC,22.45,22.47,22.415,22.45,37383.0
2026-06-03 03:55:00+08:00,NYSE:UMC,22.46,22.485,22.4,22.44,125351.0
2026-06-03 21:30:00+08:00,NYSE:UMC,21.17,21.17,20.875,21.01,82287.0
2026-06-03 21:35:00+08:00,NYSE:UMC,20.99,21.07,20.885,21.05,44445.0
2026-06-03 21:40:00+08:00,NYSE:UMC,21.04,21.07,20.84,20.84,53786.0
2026-06-03 21:45:00+08:00,NYSE:UMC,20.84,20.845,20.59,20.635,56236.0
2026-06-03 21:50:00+08:00,NYSE:UMC,20.59,20.88,20.58,20.72,49365.0
2026-06-03 21:55:00+08:00,NYSE:UMC,20.73,20.89,20.72,20.86,58383.0
2026-06-03 22:00:00+08:00,NYSE:UMC,20.865,20.98,20.865,20.875,33846.0
2026-06-03 22:05:00+08:00,NYSE:UMC,20.865,21.04,20.83,21.02,29538.0
2026-06-03 22:10:00+08:00,NYSE:UMC,21.03,21.24,20.99,21.23,38257.0
2026-06-03 22:15:00+08:00,NYSE:UMC,21.19,21.3,21.15,21.15,39983.0
2026-06-03 22:20:00+08:00,NYSE:UMC,21.13,21.135,21.04,21.07,26304.0
2026-06-03 22:25:00+08:00,NYSE:UMC,21.07,21.255,21.03,21.255,20426.0
2026-06-03 22:30:00+08:00,NYSE:UMC,21.245,21.25,21.12,21.12,20427.0
2026-06-03 22:35:00+08:00,NYSE:UMC,21.11,21.11,21.02,21.05,14850.0
2026-06-03 22:40:00+08:00,NYSE:UMC,21.105,21.11,21.03,21.05,17065.0
2026-06-03 22:45:00+08:00,NYSE:UMC,21.05,21.16,21.05,21.06,16174.0
2026-06-03 22:50:00+08:00,NYSE:UMC,21.06,21.17,21.06,21.11,23595.0
2026-06-03 22:55:00+08:00,NYSE:UMC,21.105,21.11,21.0,21.03,14944.0
2026-06-03 23:00:00+08:00,NYSE:UMC,21.02,21.05,21.005,21.04,22173.0
2026-06-03 23:05:00+08:00,NYSE:UMC,21.035,21.06,21.005,21.005,14711.0
2026-06-03 23:10:00+08:00,NYSE:UMC,21.01,21.075,21.01,21.06,17982.0
2026-06-03 23:15:00+08:00,NYSE:UMC,21.07,21.08,21.025,21.07,9747.0
2026-06-03 23:20:00+08:00,NYSE:UMC,21.09,21.105,21.01,21.03,27769.0
2026-06-03 23:25:00+08:00,NYSE:UMC,21.03,21.12,20.975,21.115,30619.0
2026-06-03 23:30:00+08:00,NYSE:UMC,21.11,21.195,21.11,21.12,20416.0
2026-06-03 23:35:00+08:00,NYSE:UMC,21.12,21.14,21.08,21.09,10920.0
2026-06-03 23:40:00+08:00,NYSE:UMC,21.1,21.1,21.03,21.03,20885.0
2026-06-03 23:45:00+08:00,NYSE:UMC,21.03,21.07,20.98,21.055,29693.0
2026-06-03 23:50:00+08:00,NYSE:UMC,21.08,21.15,21.07,21.14,8817.0
2026-06-03 23:55:00+08:00,NYSE:UMC,21.14,21.225,21.135,21.17,16965.0
2026-06-04 00:00:00+08:00,NYSE:UMC,21.175,21.21,21.17,21.2,6883.0
2026-06-04 00:05:00+08:00,NYSE:UMC,21.2,21.22,21.18,21.22,7840.0
2026-06-04 00:10:00+08:00,NYSE:UMC,21.22,21.27,21.215,21.22,10857.0
2026-06-04 00:15:00+08:00,NYSE:UMC,21.21,21.22,21.16,21.21,8670.0
2026-06-04 00:20:00+08:00,NYSE:UMC,21.205,21.24,21.15,21.15,12468.0
2026-06-04 00:25:00+08:00,NYSE:UMC,21.14,21.15,21.1,21.145,8765.0
2026-06-04 00:30:00+08:00,NYSE:UMC,21.14,21.17,21.14,21.16,7305.0
2026-06-04 00:35:00+08:00,NYSE:UMC,21.16,21.16,21.125,21.135,4833.0
2026-06-04 00:40:00+08:00,NYSE:UMC,21.14,21.14,21.06,21.08,14603.0
2026-06-04 00:45:00+08:00,NYSE:UMC,21.09,21.16,21.09,21.14,5596.0
2026-06-04 00:50:00+08:00,NYSE:UMC,21.14,21.19,21.14,21.185,11291.0
2026-06-04 00:55:00+08:00,NYSE:UMC,21.165,21.21,21.15,21.19,12414.0
2026-06-04 01:00:00+08:00,NYSE:UMC,21.19,21.19,21.1,21.1,14847.0
2026-06-04 01:05:00+08:00,NYSE:UMC,21.095,21.12,21.0,21.1,17100.0
2026-06-04 01:10:00+08:00,NYSE:UMC,21.11,21.135,21.08,21.08,11802.0
2026-06-04 01:15:00+08:00,NYSE:UMC,21.09,21.105,20.99,21.07,17610.0
2026-06-04 01:20:00+08:00,NYSE:UMC,21.06,21.07,21.015,21.07,12172.0
2026-06-04 01:25:00+08:00,NYSE:UMC,21.07,21.115,21.07,21.11,14480.0
2026-06-04 01:30:00+08:00,NYSE:UMC,21.09,21.1,21.065,21.09,9457.0
2026-06-04 01:35:00+08:00,NYSE:UMC,21.09,21.11,21.065,21.11,12005.0
2026-06-04 01:40:00+08:00,NYSE:UMC,21.11,21.19,21.1,21.19,17675.0
2026-06-04 01:45:00+08:00,NYSE:UMC,21.2,21.22,21.13,21.185,12689.0
2026-06-04 01:50:00+08:00,NYSE:UMC,21.185,21.21,21.17,21.2,5108.0
2026-06-04 01:55:00+08:00,NYSE:UMC,21.2,21.24,21.19,21.235,3424.0
2026-06-04 02:00:00+08:00,NYSE:UMC,21.23,21.26,21.195,21.26,5633.0
2026-06-04 02:05:00+08:00,NYSE:UMC,21.255,21.265,21.215,21.225,4519.0
2026-06-04 02:10:00+08:00,NYSE:UMC,21.225,21.225,21.195,21.21,5938.0
2026-06-04 02:15:00+08:00,NYSE:UMC,21.21,21.24,21.19,21.24,8923.0
2026-06-04 02:20:00+08:00,NYSE:UMC,21.25,21.31,21.235,21.27,14542.0
2026-06-04 02:25:00+08:00,NYSE:UMC,21.27,21.31,21.255,21.3,7298.0
2026-06-04 02:30:00+08:00,NYSE:UMC,21.31,21.355,21.31,21.31,5710.0
2026-06-04 02:35:00+08:00,NYSE:UMC,21.29,21.295,21.22,21.23,10158.0
2026-06-04 02:40:00+08:00,NYSE:UMC,21.24,21.26,21.225,21.245,6287.0
2026-06-04 02:45:00+08:00,NYSE:UMC,21.25,21.29,21.245,21.28,4026.0
2026-06-04 02:50:00+08:00,NYSE:UMC,21.28,21.295,21.27,21.285,4042.0
2026-06-04 02:55:00+08:00,NYSE:UMC,21.265,21.295,21.23,21.295,7826.0
2026-06-04 03:00:00+08:00,NYSE:UMC,21.295,21.315,21.27,21.305,4550.0
2026-06-04 03:05:00+08:00,NYSE:UMC,21.31,21.355,21.31,21.33,8011.0
2026-06-04 03:10:00+08:00,NYSE:UMC,21.34,21.345,21.28,21.295,8597.0
2026-06-04 03:15:00+08:00,NYSE:UMC,21.285,21.29,21.245,21.27,10342.0
2026-06-04 03:20:00+08:00,NYSE:UMC,21.27,21.275,21.245,21.275,7706.0
2026-06-04 03:25:00+08:00,NYSE:UMC,21.275,21.31,21.255,21.31,9630.0
2026-06-04 03:30:00+08:00,NYSE:UMC,21.31,21.38,21.3,21.38,8478.0
2026-06-04 03:35:00+08:00,NYSE:UMC,21.38,21.42,21.355,21.41,24911.0
2026-06-04 03:40:00+08:00,NYSE:UMC,21.4,21.415,21.37,21.415,14442.0
2026-06-04 03:45:00+08:00,NYSE:UMC,21.42,21.44,21.39,21.41,26531.0
2026-06-04 03:50:00+08:00,NYSE:UMC,21.41,21.435,21.395,21.42,42550.0
2026-06-04 03:55:00+08:00,NYSE:UMC,21.415,21.495,21.385,21.395,189026.0
2026-06-04 21:30:00+08:00,NYSE:UMC,20.075,20.56,20.075,20.55,140742.0
2026-06-04 21:35:00+08:00,NYSE:UMC,20.53,20.56,20.37,20.43,49261.0
2026-06-04 21:40:00+08:00,NYSE:UMC,20.43,20.48,20.24,20.27,56332.0
2026-06-04 21:45:00+08:00,NYSE:UMC,20.28,20.4,20.2,20.295,90821.0
2026-06-04 21:50:00+08:00,NYSE:UMC,20.31,20.415,20.23,20.3,60580.0
2026-06-04 21:55:00+08:00,NYSE:UMC,20.27,20.31,20.21,20.24,50996.0
2026-06-04 22:00:00+08:00,NYSE:UMC,20.23,20.27,20.195,20.21,42750.0
2026-06-04 22:05:00+08:00,NYSE:UMC,20.21,20.23,20.145,20.15,45916.0
2026-06-04 22:10:00+08:00,NYSE:UMC,20.16,20.36,20.16,20.36,55946.0
2026-06-04 22:15:00+08:00,NYSE:UMC,20.36,20.42,20.29,20.305,48353.0
2026-06-04 22:20:00+08:00,NYSE:UMC,20.3,20.39,20.26,20.385,36781.0
2026-06-04 22:25:00+08:00,NYSE:UMC,20.38,20.49,20.36,20.475,58603.0
2026-06-04 22:30:00+08:00,NYSE:UMC,20.48,20.48,20.33,20.33,43447.0
2026-06-04 22:35:00+08:00,NYSE:UMC,20.33,20.36,20.29,20.31,18319.0
2026-06-04 22:40:00+08:00,NYSE:UMC,20.305,20.325,20.22,20.22,22472.0
2026-06-04 22:45:00+08:00,NYSE:UMC,20.23,20.315,20.22,20.315,17557.0
2026-06-04 22:50:00+08:00,NYSE:UMC,20.32,20.42,20.31,20.4,17952.0
2026-06-04 22:55:00+08:00,NYSE:UMC,20.41,20.475,20.36,20.46,30577.0
2026-06-04 23:00:00+08:00,NYSE:UMC,20.455,20.54,20.455,20.54,41246.0
2026-06-04 23:05:00+08:00,NYSE:UMC,20.545,20.65,20.51,20.63,27919.0
2026-06-04 23:10:00+08:00,NYSE:UMC,20.63,20.67,20.61,20.665,21209.0
2026-06-04 23:15:00+08:00,NYSE:UMC,20.66,20.81,20.65,20.755,82120.0
2026-06-04 23:20:00+08:00,NYSE:UMC,20.75,20.76,20.66,20.73,21445.0
2026-06-04 23:25:00+08:00,NYSE:UMC,20.72,20.72,20.655,20.675,12947.0
2026-06-04 23:30:00+08:00,NYSE:UMC,20.67,20.67,20.63,20.66,16770.0
2026-06-04 23:35:00+08:00,NYSE:UMC,20.66,20.67,20.615,20.65,23509.0
2026-06-04 23:40:00+08:00,NYSE:UMC,20.655,20.67,20.635,20.66,15751.0
2026-06-04 23:45:00+08:00,NYSE:UMC,20.66,20.66,20.49,20.49,24162.0
2026-06-04 23:50:00+08:00,NYSE:UMC,20.5,20.6,20.5,20.595,18419.0
2026-06-04 23:55:00+08:00,NYSE:UMC,20.6,20.67,20.585,20.65,16592.0
2026-06-05 00:00:00+08:00,NYSE:UMC,20.66,20.67,20.635,20.655,12956.0
2026-06-05 00:05:00+08:00,NYSE:UMC,20.66,20.705,20.645,20.7,6752.0
2026-06-05 00:10:00+08:00,NYSE:UMC,20.695,20.695,20.655,20.675,9695.0
2026-06-05 00:15:00+08:00,NYSE:UMC,20.675,20.7,20.675,20.7,3757.0
2026-06-05 00:20:00+08:00,NYSE:UMC,20.7,20.74,20.69,20.73,6852.0
2026-06-05 00:25:00+08:00,NYSE:UMC,20.73,20.78,20.72,20.755,13116.0
2026-06-05 00:30:00+08:00,NYSE:UMC,20.75,20.75,20.69,20.7,13177.0
2026-06-05 00:35:00+08:00,NYSE:UMC,20.695,20.73,20.67,20.73,9783.0
2026-06-05 00:40:00+08:00,NYSE:UMC,20.73,20.775,20.72,20.765,4467.0
2026-06-05 00:45:00+08:00,NYSE:UMC,20.765,20.82,20.75,20.82,14832.0
2026-06-05 00:50:00+08:00,NYSE:UMC,20.82,20.855,20.82,20.83,7232.0
2026-06-05 00:55:00+08:00,NYSE:UMC,20.83,20.84,20.81,20.83,5234.0
2026-06-05 01:00:00+08:00,NYSE:UMC,20.82,20.83,20.8,20.81,4959.0
2026-06-05 01:05:00+08:00,NYSE:UMC,20.805,20.82,20.795,20.82,5495.0
2026-06-05 01:10:00+08:00,NYSE:UMC,20.83,20.83,20.815,20.815,6403.0
2026-06-05 01:15:00+08:00,NYSE:UMC,20.82,20.82,20.785,20.8,4751.0
2026-06-05 01:20:00+08:00,NYSE:UMC,20.8,20.8,20.76,20.785,4354.0
2026-06-05 01:25:00+08:00,NYSE:UMC,20.79,20.81,20.755,20.78,10402.0
2026-06-05 01:30:00+08:00,NYSE:UMC,20.79,20.85,20.79,20.85,7164.0
2026-06-05 01:35:00+08:00,NYSE:UMC,20.85,20.87,20.815,20.82,12845.0
2026-06-05 01:40:00+08:00,NYSE:UMC,20.815,20.85,20.815,20.85,9039.0
2026-06-05 01:45:00+08:00,NYSE:UMC,20.855,20.86,20.805,20.815,7859.0
2026-06-05 01:50:00+08:00,NYSE:UMC,20.815,20.845,20.815,20.845,7808.0
2026-06-05 01:55:00+08:00,NYSE:UMC,20.85,20.88,20.83,20.845,9658.0
2026-06-05 02:00:00+08:00,NYSE:UMC,20.85,20.905,20.85,20.905,16909.0
2026-06-05 02:05:00+08:00,NYSE:UMC,20.91,20.97,20.905,20.97,7901.0
2026-06-05 02:10:00+08:00,NYSE:UMC,20.97,20.97,20.95,20.955,5685.0
2026-06-05 02:15:00+08:00,NYSE:UMC,20.95,20.95,20.89,20.925,7113.0
2026-06-05 02:20:00+08:00,NYSE:UMC,20.92,20.92,20.875,20.885,5028.0
2026-06-05 02:25:00+08:00,NYSE:UMC,20.88,20.9,20.875,20.89,6907.0
2026-06-05 02:30:00+08:00,NYSE:UMC,20.895,20.895,20.81,20.83,5512.0
2026-06-05 02:35:00+08:00,NYSE:UMC,20.835,20.835,20.75,20.77,7899.0
2026-06-05 02:40:00+08:00,NYSE:UMC,20.775,20.775,20.74,20.765,10902.0
2026-06-05 02:45:00+08:00,NYSE:UMC,20.765,20.83,20.765,20.83,6319.0
2026-06-05 02:50:00+08:00,NYSE:UMC,20.84,20.855,20.83,20.85,4977.0
2026-06-05 02:55:00+08:00,NYSE:UMC,20.84,20.84,20.77,20.775,7418.0
2026-06-05 03:00:00+08:00,NYSE:UMC,20.77,20.82,20.76,20.785,9568.0
2026-06-05 03:05:00+08:00,NYSE:UMC,20.79,20.835,20.79,20.8,5545.0
2026-06-05 03:10:00+08:00,NYSE:UMC,20.78,20.78,20.715,20.725,15031.0
2026-06-05 03:15:00+08:00,NYSE:UMC,20.72,20.72,20.64,20.66,19958.0
2026-06-05 03:20:00+08:00,NYSE:UMC,20.66,20.74,20.66,20.735,17309.0
2026-06-05 03:25:00+08:00,NYSE:UMC,20.74,20.81,20.735,20.81,14562.0
2026-06-05 03:30:00+08:00,NYSE:UMC,20.81,20.85,20.79,20.825,17037.0
2026-06-05 03:35:00+08:00,NYSE:UMC,20.82,20.845,20.79,20.795,12707.0
2026-06-05 03:40:00+08:00,NYSE:UMC,20.8,20.82,20.675,20.69,28541.0
2026-06-05 03:45:00+08:00,NYSE:UMC,20.69,20.71,20.65,20.675,26492.0
2026-06-05 03:50:00+08:00,NYSE:UMC,20.68,20.72,20.665,20.685,42607.0
2026-06-05 03:55:00+08:00,NYSE:UMC,20.68,20.8,20.665,20.79,149805.0
2026-06-05 21:30:00+08:00,NYSE:UMC,20.55,20.69,20.33,20.39,75556.0
2026-06-05 21:35:00+08:00,NYSE:UMC,20.39,20.445,20.29,20.375,38006.0
2026-06-05 21:40:00+08:00,NYSE:UMC,20.38,20.39,20.27,20.335,43969.0
2026-06-05 21:45:00+08:00,NYSE:UMC,20.35,20.46,20.3,20.3,55484.0
2026-06-05 21:50:00+08:00,NYSE:UMC,20.305,20.53,20.305,20.52,49099.0
2026-06-05 21:55:00+08:00,NYSE:UMC,20.52,20.52,20.23,20.23,49065.0
2026-06-05 22:00:00+08:00,NYSE:UMC,20.22,20.3,20.13,20.18,63902.0
2026-06-05 22:05:00+08:00,NYSE:UMC,20.18,20.38,20.18,20.37,33793.0
2026-06-05 22:10:00+08:00,NYSE:UMC,20.38,20.38,20.24,20.33,35375.0
2026-06-05 22:15:00+08:00,NYSE:UMC,20.36,20.49,20.34,20.49,28812.0
2026-06-05 22:20:00+08:00,NYSE:UMC,20.48,20.485,20.27,20.34,29256.0
2026-06-05 22:25:00+08:00,NYSE:UMC,20.33,20.34,20.15,20.21,42170.0
2026-06-05 22:30:00+08:00,NYSE:UMC,20.22,20.34,20.21,20.34,27333.0
2026-06-05 22:35:00+08:00,NYSE:UMC,20.34,20.45,20.33,20.41,28895.0
2026-06-05 22:40:00+08:00,NYSE:UMC,20.41,20.415,20.33,20.35,33853.0
2026-06-05 22:45:00+08:00,NYSE:UMC,20.36,20.41,20.33,20.345,31325.0
2026-06-05 22:50:00+08:00,NYSE:UMC,20.35,20.45,20.345,20.44,26239.0
2026-06-05 22:55:00+08:00,NYSE:UMC,20.445,20.56,20.425,20.51,28291.0
2026-06-05 23:00:00+08:00,NYSE:UMC,20.505,20.505,20.395,20.47,27924.0
2026-06-05 23:05:00+08:00,NYSE:UMC,20.46,20.46,20.335,20.34,24081.0
2026-06-05 23:10:00+08:00,NYSE:UMC,20.34,20.35,20.195,20.2,23762.0
2026-06-05 23:15:00+08:00,NYSE:UMC,20.19,20.265,20.185,20.265,26311.0
2026-06-05 23:20:00+08:00,NYSE:UMC,20.265,20.28,20.17,20.22,20722.0
2026-06-05 23:25:00+08:00,NYSE:UMC,20.215,20.25,20.2,20.22,20651.0
2026-06-05 23:30:00+08:00,NYSE:UMC,20.21,20.27,20.19,20.23,26162.0
2026-06-05 23:35:00+08:00,NYSE:UMC,20.22,20.24,20.12,20.15,18839.0
2026-06-05 23:40:00+08:00,NYSE:UMC,20.15,20.23,20.125,20.19,21233.0
2026-06-05 23:45:00+08:00,NYSE:UMC,20.2,20.28,20.2,20.24,23648.0
2026-06-05 23:50:00+08:00,NYSE:UMC,20.24,20.3,20.22,20.29,14807.0
2026-06-05 23:55:00+08:00,NYSE:UMC,20.295,20.31,20.26,20.29,33725.0
2026-06-06 00:00:00+08:00,NYSE:UMC,20.29,20.29,20.22,20.245,25174.0
2026-06-06 00:05:00+08:00,NYSE:UMC,20.245,20.245,20.135,20.135,17254.0
2026-06-06 00:10:00+08:00,NYSE:UMC,20.13,20.255,20.12,20.22,32258.0
2026-06-06 00:15:00+08:00,NYSE:UMC,20.215,20.215,20.13,20.14,22693.0
2026-06-06 00:20:00+08:00,NYSE:UMC,20.15,20.2,20.14,20.19,12618.0
2026-06-06 00:25:00+08:00,NYSE:UMC,20.18,20.195,20.14,20.14,24158.0
2026-06-06 00:30:00+08:00,NYSE:UMC,20.14,20.15,20.035,20.11,25593.0
2026-06-06 00:35:00+08:00,NYSE:UMC,20.11,20.13,20.045,20.045,36993.0
2026-06-06 00:40:00+08:00,NYSE:UMC,20.05,20.06,19.985,20.0,39536.0
2026-06-06 00:45:00+08:00,NYSE:UMC,19.99,20.06,19.95,20.05,34553.0
2026-06-06 00:50:00+08:00,NYSE:UMC,20.04,20.21,19.995,20.205,45178.0
2026-06-06 00:55:00+08:00,NYSE:UMC,20.205,20.23,20.13,20.22,23879.0
2026-06-06 01:00:00+08:00,NYSE:UMC,20.22,20.22,20.095,20.11,35215.0
2026-06-06 01:05:00+08:00,NYSE:UMC,20.115,20.115,20.01,20.06,18623.0
2026-06-06 01:10:00+08:00,NYSE:UMC,20.06,20.06,20.01,20.05,21726.0
2026-06-06 01:15:00+08:00,NYSE:UMC,20.05,20.08,20.01,20.08,10043.0
2026-06-06 01:20:00+08:00,NYSE:UMC,20.07,20.17,20.025,20.17,17754.0
2026-06-06 01:25:00+08:00,NYSE:UMC,20.17,20.19,20.12,20.18,25767.0
2026-06-06 01:30:00+08:00,NYSE:UMC,20.19,20.25,20.17,20.25,12157.0
2026-06-06 01:35:00+08:00,NYSE:UMC,20.25,20.325,20.24,20.315,14886.0
2026-06-06 01:40:00+08:00,NYSE:UMC,20.315,20.35,20.18,20.19,15771.0
2026-06-06 01:45:00+08:00,NYSE:UMC,20.2,20.23,20.195,20.21,13389.0
2026-06-06 01:50:00+08:00,NYSE:UMC,20.22,20.25,20.22,20.25,8331.0
2026-06-06 01:55:00+08:00,NYSE:UMC,20.25,20.28,20.23,20.27,9494.0
2026-06-06 02:00:00+08:00,NYSE:UMC,20.265,20.28,20.17,20.17,13890.0
2026-06-06 02:05:00+08:00,NYSE:UMC,20.16,20.2,20.15,20.19,15853.0
2026-06-06 02:10:00+08:00,NYSE:UMC,20.19,20.195,20.11,20.12,19403.0
2026-06-06 02:15:00+08:00,NYSE:UMC,20.12,20.13,20.09,20.12,19502.0
2026-06-06 02:20:00+08:00,NYSE:UMC,20.12,20.16,20.115,20.12,18928.0
2026-06-06 02:25:00+08:00,NYSE:UMC,20.1,20.11,19.96,20.02,76307.0
2026-06-06 02:30:00+08:00,NYSE:UMC,20.02,20.03,19.935,19.95,23441.0
2026-06-06 02:35:00+08:00,NYSE:UMC,19.95,19.95,19.77,19.8,99650.0
2026-06-06 02:40:00+08:00,NYSE:UMC,19.795,19.795,19.675,19.77,63995.0
2026-06-06 02:45:00+08:00,NYSE:UMC,19.76,19.775,19.64,19.77,53459.0
2026-06-06 02:50:00+08:00,NYSE:UMC,19.765,19.85,19.73,19.84,54334.0
2026-06-06 02:55:00+08:00,NYSE:UMC,19.84,19.99,19.8,19.975,102076.0
2026-06-06 03:00:00+08:00,NYSE:UMC,19.99,20.015,19.91,20.01,64671.0
2026-06-06 03:05:00+08:00,NYSE:UMC,20.01,20.02,19.83,19.9,71407.0
2026-06-06 03:10:00+08:00,NYSE:UMC,19.905,19.91,19.76,19.81,55671.0
2026-06-06 03:15:00+08:00,NYSE:UMC,19.81,19.81,19.705,19.745,61875.0
2026-06-06 03:20:00+08:00,NYSE:UMC,19.745,19.85,19.73,19.85,55594.0
2026-06-06 03:25:00+08:00,NYSE:UMC,19.85,20.005,19.85,20.0,43735.0
2026-06-06 03:30:00+08:00,NYSE:UMC,19.995,20.02,19.82,19.87,75218.0
2026-06-06 03:35:00+08:00,NYSE:UMC,19.87,19.96,19.865,19.955,60477.0
2026-06-06 03:40:00+08:00,NYSE:UMC,19.96,19.97,19.825,19.92,100175.0
2026-06-06 03:45:00+08:00,NYSE:UMC,19.92,19.955,19.86,19.955,59532.0
2026-06-06 03:50:00+08:00,NYSE:UMC,19.98,20.045,19.92,19.945,71025.0
2026-06-06 03:55:00+08:00,NYSE:UMC,19.94,19.95,19.69,19.72,273186.0
2026-06-08 21:30:00+08:00,NYSE:UMC,20.29,20.46,20.15,20.18,76888.0
2026-06-08 21:35:00+08:00,NYSE:UMC,20.16,20.26,20.12,20.17,43932.0
2026-06-08 21:40:00+08:00,NYSE:UMC,20.17,20.35,20.14,20.28,51000.0
2026-06-08 21:45:00+08:00,NYSE:UMC,20.29,20.36,20.23,20.27,35247.0
2026-06-08 21:50:00+08:00,NYSE:UMC,20.275,20.29,20.13,20.15,23888.0
2026-06-08 21:55:00+08:00,NYSE:UMC,20.155,20.155,19.885,19.885,13682.0
2026-06-08 22:00:00+08:00,NYSE:UMC,19.88,20.05,19.88,19.885,21631.0
2026-06-08 22:05:00+08:00,NYSE:UMC,19.88,19.93,19.83,19.89,30753.0
2026-06-08 22:10:00+08:00,NYSE:UMC,19.885,19.89,19.72,19.81,43866.0
2026-06-08 22:15:00+08:00,NYSE:UMC,19.77,19.78,19.665,19.68,25684.0
2026-06-08 22:20:00+08:00,NYSE:UMC,19.685,19.82,19.65,19.8,29524.0
2026-06-08 22:25:00+08:00,NYSE:UMC,19.8,19.97,19.79,19.965,24575.0
2026-06-08 22:30:00+08:00,NYSE:UMC,19.96,19.99,19.93,19.94,19950.0
2026-06-08 22:35:00+08:00,NYSE:UMC,19.97,20.07,19.97,20.07,21546.0
2026-06-08 22:40:00+08:00,NYSE:UMC,20.05,20.14,20.0,20.06,21251.0
2026-06-08 22:45:00+08:00,NYSE:UMC,20.06,20.18,20.06,20.13,33306.0
2026-06-08 22:50:00+08:00,NYSE:UMC,20.125,20.225,20.12,20.21,16338.0
2026-06-08 22:55:00+08:00,NYSE:UMC,20.23,20.32,20.18,20.29,18030.0
2026-06-08 23:00:00+08:00,NYSE:UMC,20.29,20.31,20.25,20.31,30847.0
2026-06-08 23:05:00+08:00,NYSE:UMC,20.31,20.44,20.31,20.44,31927.0
2026-06-08 23:10:00+08:00,NYSE:UMC,20.44,20.48,20.425,20.465,13836.0
2026-06-08 23:15:00+08:00,NYSE:UMC,20.47,20.57,20.47,20.565,22898.0
2026-06-08 23:20:00+08:00,NYSE:UMC,20.555,20.57,20.45,20.52,15356.0
2026-06-08 23:25:00+08:00,NYSE:UMC,20.51,20.51,20.34,20.36,14298.0
2026-06-08 23:30:00+08:00,NYSE:UMC,20.36,20.36,20.27,20.275,12683.0
2026-06-08 23:35:00+08:00,NYSE:UMC,20.27,20.37,20.26,20.37,10242.0
2026-06-08 23:40:00+08:00,NYSE:UMC,20.37,20.41,20.34,20.41,10427.0
2026-06-08 23:45:00+08:00,NYSE:UMC,20.41,20.425,20.355,20.355,13325.0
2026-06-08 23:50:00+08:00,NYSE:UMC,20.36,20.41,20.36,20.385,13127.0
2026-06-08 23:55:00+08:00,NYSE:UMC,20.38,20.38,20.33,20.35,12499.0
2026-06-09 00:00:00+08:00,NYSE:UMC,20.365,20.4,20.34,20.385,6058.0
2026-06-09 00:05:00+08:00,NYSE:UMC,20.38,20.39,20.34,20.34,5887.0
2026-06-09 00:10:00+08:00,NYSE:UMC,20.34,20.36,20.33,20.35,3974.0
2026-06-09 00:15:00+08:00,NYSE:UMC,20.355,20.37,20.355,20.37,3860.0
2026-06-09 00:20:00+08:00,NYSE:UMC,20.38,20.38,20.33,20.34,10063.0
2026-06-09 00:25:00+08:00,NYSE:UMC,20.34,20.345,20.28,20.28,11849.0
2026-06-09 00:30:00+08:00,NYSE:UMC,20.29,20.325,20.25,20.275,8406.0
2026-06-09 00:35:00+08:00,NYSE:UMC,20.28,20.305,20.265,20.265,11665.0
2026-06-09 00:40:00+08:00,NYSE:UMC,20.255,20.29,20.255,20.28,15736.0
2026-06-09 00:45:00+08:00,NYSE:UMC,20.28,20.33,20.28,20.31,5853.0
2026-06-09 00:50:00+08:00,NYSE:UMC,20.31,20.33,20.31,20.33,7322.0
2026-06-09 00:55:00+08:00,NYSE:UMC,20.32,20.32,20.275,20.28,11793.0
2026-06-09 01:00:00+08:00,NYSE:UMC,20.28,20.28,20.18,20.18,10914.0
2026-06-09 01:05:00+08:00,NYSE:UMC,20.19,20.22,20.15,20.15,9503.0
2026-06-09 01:10:00+08:00,NYSE:UMC,20.16,20.165,20.11,20.15,11707.0
2026-06-09 01:15:00+08:00,NYSE:UMC,20.145,20.15,20.1,20.1,6705.0
2026-06-09 01:20:00+08:00,NYSE:UMC,20.11,20.14,20.1,20.11,8273.0
2026-06-09 01:25:00+08:00,NYSE:UMC,20.115,20.205,20.1,20.205,26754.0
2026-06-09 01:30:00+08:00,NYSE:UMC,20.21,20.22,20.19,20.21,11463.0
2026-06-09 01:35:00+08:00,NYSE:UMC,20.21,20.21,20.15,20.21,9656.0
2026-06-09 01:40:00+08:00,NYSE:UMC,20.2,20.2,20.175,20.18,6477.0
2026-06-09 01:45:00+08:00,NYSE:UMC,20.185,20.26,20.185,20.26,14108.0
2026-06-09 01:50:00+08:00,NYSE:UMC,20.26,20.315,20.26,20.305,12742.0
2026-06-09 01:55:00+08:00,NYSE:UMC,20.31,20.31,20.27,20.27,4199.0
2026-06-09 02:00:00+08:00,NYSE:UMC,20.28,20.32,20.28,20.29,5590.0
2026-06-09 02:05:00+08:00,NYSE:UMC,20.295,20.335,20.29,20.325,9843.0
2026-06-09 02:10:00+08:00,NYSE:UMC,20.33,20.33,20.3,20.3,7233.0
2026-06-09 02:15:00+08:00,NYSE:UMC,20.31,20.34,20.31,20.34,5396.0
2026-06-09 02:20:00+08:00,NYSE:UMC,20.315,20.315,20.27,20.28,7838.0
2026-06-09 02:25:00+08:00,NYSE:UMC,20.28,20.31,20.275,20.295,8371.0
2026-06-09 02:30:00+08:00,NYSE:UMC,20.295,20.3,20.27,20.28,5771.0
2026-06-09 02:35:00+08:00,NYSE:UMC,20.27,20.28,20.205,20.205,6365.0
2026-06-09 02:40:00+08:00,NYSE:UMC,20.205,20.205,20.15,20.15,9780.0
2026-06-09 02:45:00+08:00,NYSE:UMC,20.15,20.19,20.14,20.14,10565.0
2026-06-09 02:50:00+08:00,NYSE:UMC,20.13,20.16,20.125,20.145,9472.0
2026-06-09 02:55:00+08:00,NYSE:UMC,20.15,20.18,20.135,20.16,13318.0
2026-06-09 03:00:00+08:00,NYSE:UMC,20.16,20.16,20.1,20.12,13876.0
2026-06-09 03:05:00+08:00,NYSE:UMC,20.125,20.13,20.03,20.035,13816.0
2026-06-09 03:10:00+08:00,NYSE:UMC,20.025,20.03,19.98,19.99,19912.0
2026-06-09 03:15:00+08:00,NYSE:UMC,19.99,20.01,19.96,19.97,18646.0
2026-06-09 03:20:00+08:00,NYSE:UMC,19.97,20.02,19.94,19.96,20416.0
2026-06-09 03:25:00+08:00,NYSE:UMC,19.955,20.02,19.95,20.02,22967.0
2026-06-09 03:30:00+08:00,NYSE:UMC,20.02,20.13,20.02,20.06,61055.0
2026-06-09 03:35:00+08:00,NYSE:UMC,20.06,20.1,20.02,20.03,51936.0
2026-06-09 03:40:00+08:00,NYSE:UMC,20.02,20.03,19.97,19.985,72931.0
2026-06-09 03:45:00+08:00,NYSE:UMC,19.985,20.05,19.98,19.98,27139.0
2026-06-09 03:50:00+08:00,NYSE:UMC,19.98,20.02,19.96,19.995,45138.0
2026-06-09 03:55:00+08:00,NYSE:UMC,19.99,20.04,19.98,19.985,103174.0
2026-06-09 21:30:00+08:00,NYSE:UMC,20.48,20.65,20.42,20.44,28394.0
2026-06-09 21:35:00+08:00,NYSE:UMC,20.44,20.685,20.42,20.53,73888.0
2026-06-09 21:40:00+08:00,NYSE:UMC,20.53,20.72,20.45,20.655,46269.0
2026-06-09 21:45:00+08:00,NYSE:UMC,20.66,20.79,20.64,20.77,23769.0
2026-06-09 21:50:00+08:00,NYSE:UMC,20.75,20.75,20.57,20.59,36319.0
2026-06-09 21:55:00+08:00,NYSE:UMC,20.59,20.64,20.53,20.56,47901.0
2026-06-09 22:00:00+08:00,NYSE:UMC,20.55,20.55,20.46,20.49,25538.0
2026-06-09 22:05:00+08:00,NYSE:UMC,20.49,20.54,20.365,20.365,34938.0
2026-06-09 22:10:00+08:00,NYSE:UMC,20.345,20.35,20.2,20.23,48620.0
2026-06-09 22:15:00+08:00,NYSE:UMC,20.22,20.27,20.06,20.2,45585.0
2026-06-09 22:20:00+08:00,NYSE:UMC,20.22,20.35,20.17,20.34,48652.0
2026-06-09 22:25:00+08:00,NYSE:UMC,20.34,20.4,20.285,20.3,42767.0
2026-06-09 22:30:00+08:00,NYSE:UMC,20.29,20.31,20.14,20.25,78790.0
2026-06-09 22:35:00+08:00,NYSE:UMC,20.24,20.25,20.14,20.18,55610.0
2026-06-09 22:40:00+08:00,NYSE:UMC,20.19,20.24,19.99,19.99,44020.0
2026-06-09 22:45:00+08:00,NYSE:UMC,19.99,20.03,19.71,19.75,73135.0
2026-06-09 22:50:00+08:00,NYSE:UMC,19.74,20.0,19.74,20.0,52854.0
2026-06-09 22:55:00+08:00,NYSE:UMC,19.99,20.01,19.855,20.01,38724.0
2026-06-09 23:00:00+08:00,NYSE:UMC,19.99,20.01,19.85,19.855,23543.0
2026-06-09 23:05:00+08:00,NYSE:UMC,19.86,20.005,19.81,20.005,16530.0
2026-06-09 23:10:00+08:00,NYSE:UMC,20.01,20.06,19.95,19.99,44826.0
2026-06-09 23:15:00+08:00,NYSE:UMC,19.98,19.98,19.88,19.89,50140.0
2026-06-09 23:20:00+08:00,NYSE:UMC,19.88,19.92,19.68,19.68,27360.0
2026-06-09 23:25:00+08:00,NYSE:UMC,19.68,19.71,19.48,19.49,47981.0
2026-06-09 23:30:00+08:00,NYSE:UMC,19.49,19.56,19.465,19.48,68790.0
2026-06-09 23:35:00+08:00,NYSE:UMC,19.48,19.53,19.43,19.51,37319.0
2026-06-09 23:40:00+08:00,NYSE:UMC,19.5,19.64,19.5,19.59,52047.0
2026-06-09 23:45:00+08:00,NYSE:UMC,19.595,19.64,19.57,19.595,22836.0
2026-06-09 23:50:00+08:00,NYSE:UMC,19.595,19.64,19.46,19.46,34900.0
2026-06-09 23:55:00+08:00,NYSE:UMC,19.47,19.49,19.22,19.235,31055.0
2026-06-10 00:00:00+08:00,NYSE:UMC,19.23,19.36,19.23,19.265,41579.0
2026-06-10 00:05:00+08:00,NYSE:UMC,19.255,19.255,19.015,19.05,50784.0
2026-06-10 00:10:00+08:00,NYSE:UMC,19.07,19.11,19.0,19.06,39520.0
2026-06-10 00:15:00+08:00,NYSE:UMC,19.065,19.065,18.83,18.86,45236.0
2026-06-10 00:20:00+08:00,NYSE:UMC,18.85,18.99,18.83,18.965,47104.0
2026-06-10 00:25:00+08:00,NYSE:UMC,18.97,19.055,18.9,18.98,34847.0
2026-06-10 00:30:00+08:00,NYSE:UMC,18.96,19.025,18.87,18.95,31490.0
2026-06-10 00:35:00+08:00,NYSE:UMC,18.94,19.02,18.71,18.73,73856.0
2026-06-10 00:40:00+08:00,NYSE:UMC,18.73,18.88,18.7,18.85,68086.0
2026-06-10 00:45:00+08:00,NYSE:UMC,18.85,18.94,18.76,18.86,40493.0
2026-06-10 00:50:00+08:00,NYSE:UMC,18.87,18.87,18.75,18.75,36452.0
2026-06-10 00:55:00+08:00,NYSE:UMC,18.75,19.01,18.74,19.01,36351.0
2026-06-10 01:00:00+08:00,NYSE:UMC,19.025,19.32,19.025,19.3,53801.0
2026-06-10 01:05:00+08:00,NYSE:UMC,19.275,19.33,19.245,19.31,35747.0
2026-06-10 01:10:00+08:00,NYSE:UMC,19.3,19.38,19.225,19.36,53606.0
2026-06-10 01:15:00+08:00,NYSE:UMC,19.36,19.54,19.32,19.54,40934.0
2026-06-10 01:20:00+08:00,NYSE:UMC,19.53,19.615,19.44,19.48,40578.0
2026-06-10 01:25:00+08:00,NYSE:UMC,19.48,19.55,19.44,19.51,22406.0
2026-06-10 01:30:00+08:00,NYSE:UMC,19.5,19.62,19.45,19.6,22941.0
2026-06-10 01:35:00+08:00,NYSE:UMC,19.61,19.66,19.545,19.6,21407.0
2026-06-10 01:40:00+08:00,NYSE:UMC,19.59,19.71,19.59,19.63,26489.0
2026-06-10 01:45:00+08:00,NYSE:UMC,19.62,19.65,19.4,19.43,44949.0
2026-06-10 01:50:00+08:00,NYSE:UMC,19.43,19.56,19.43,19.5,38434.0
2026-06-10 01:55:00+08:00,NYSE:UMC,19.5,19.63,19.5,19.6,31401.0
2026-06-10 02:00:00+08:00,NYSE:UMC,19.61,19.63,19.52,19.57,28647.0
2026-06-10 02:05:00+08:00,NYSE:UMC,19.56,19.63,19.54,19.62,15332.0
2026-06-10 02:10:00+08:00,NYSE:UMC,19.62,19.66,19.585,19.64,28901.0
2026-06-10 02:15:00+08:00,NYSE:UMC,19.63,19.71,19.6,19.71,19550.0
2026-06-10 02:20:00+08:00,NYSE:UMC,19.72,19.79,19.68,19.78,24072.0
2026-06-10 02:25:00+08:00,NYSE:UMC,19.78,19.79,19.71,19.79,24250.0
2026-06-10 02:30:00+08:00,NYSE:UMC,19.78,19.865,19.77,19.84,22609.0
2026-06-10 02:35:00+08:00,NYSE:UMC,19.84,19.88,19.815,19.83,16240.0
2026-06-10 02:40:00+08:00,NYSE:UMC,19.83,19.84,19.73,19.73,20010.0
2026-06-10 02:45:00+08:00,NYSE:UMC,19.74,19.78,19.705,19.78,28643.0
2026-06-10 02:50:00+08:00,NYSE:UMC,19.79,19.85,19.77,19.81,17435.0
2026-06-10 02:55:00+08:00,NYSE:UMC,19.82,19.94,19.82,19.92,26779.0
2026-06-10 03:00:00+08:00,NYSE:UMC,19.925,19.985,19.87,19.985,32147.0
2026-06-10 03:05:00+08:00,NYSE:UMC,19.98,19.995,19.86,19.86,22648.0
2026-06-10 03:10:00+08:00,NYSE:UMC,19.855,19.855,19.725,19.73,27893.0
2026-06-10 03:15:00+08:00,NYSE:UMC,19.73,19.73,19.56,19.6,37614.0
2026-06-10 03:20:00+08:00,NYSE:UMC,19.59,19.705,19.575,19.68,36566.0
2026-06-10 03:25:00+08:00,NYSE:UMC,19.67,19.845,19.67,19.81,35044.0
2026-06-10 03:30:00+08:00,NYSE:UMC,19.83,19.86,19.8,19.845,35438.0
2026-06-10 03:35:00+08:00,NYSE:UMC,19.84,19.85,19.77,19.77,33390.0
2026-06-10 03:40:00+08:00,NYSE:UMC,19.78,19.8,19.67,19.765,40991.0
2026-06-10 03:45:00+08:00,NYSE:UMC,19.77,19.78,19.68,19.73,53247.0
2026-06-10 03:50:00+08:00,NYSE:UMC,19.73,19.84,19.72,19.835,83624.0
2026-06-10 03:55:00+08:00,NYSE:UMC,19.83,19.92,19.805,19.905,156477.0
2026-06-10 21:30:00+08:00,NYSE:UMC,19.025,19.49,19.0,19.22,52033.0
2026-06-10 21:35:00+08:00,NYSE:UMC,19.215,19.47,19.2,19.37,53991.0
2026-06-10 21:40:00+08:00,NYSE:UMC,19.36,19.45,19.19,19.405,22472.0
2026-06-10 21:45:00+08:00,NYSE:UMC,19.4,19.54,19.36,19.51,40500.0
2026-06-10 21:50:00+08:00,NYSE:UMC,19.51,19.54,19.19,19.24,55785.0
2026-06-10 21:55:00+08:00,NYSE:UMC,19.23,19.28,19.155,19.19,39743.0
2026-06-10 22:00:00+08:00,NYSE:UMC,19.18,19.31,19.11,19.31,31355.0
2026-06-10 22:05:00+08:00,NYSE:UMC,19.3,19.52,19.255,19.5,25045.0
2026-06-10 22:10:00+08:00,NYSE:UMC,19.51,19.525,19.37,19.38,37601.0
2026-06-10 22:15:00+08:00,NYSE:UMC,19.38,19.44,19.295,19.43,43281.0
2026-06-10 22:20:00+08:00,NYSE:UMC,19.42,19.515,19.33,19.515,46839.0
2026-06-10 22:25:00+08:00,NYSE:UMC,19.52,19.595,19.48,19.535,28760.0
2026-06-10 22:30:00+08:00,NYSE:UMC,19.54,19.7,19.475,19.68,41269.0
2026-06-10 22:35:00+08:00,NYSE:UMC,19.69,19.71,19.585,19.63,28083.0
2026-06-10 22:40:00+08:00,NYSE:UMC,19.635,19.68,19.485,19.49,38837.0
2026-06-10 22:45:00+08:00,NYSE:UMC,19.49,19.5,19.32,19.36,59966.0
2026-06-10 22:50:00+08:00,NYSE:UMC,19.37,19.51,19.35,19.35,54999.0
2026-06-10 22:55:00+08:00,NYSE:UMC,19.37,19.38,19.09,19.19,64970.0
2026-06-10 23:00:00+08:00,NYSE:UMC,19.18,19.27,19.08,19.14,52870.0
2026-06-10 23:05:00+08:00,NYSE:UMC,19.15,19.15,19.01,19.03,50149.0
2026-06-10 23:10:00+08:00,NYSE:UMC,19.04,19.065,18.95,18.97,41482.0
2026-06-10 23:15:00+08:00,NYSE:UMC,18.96,18.98,18.87,18.97,25553.0
2026-06-10 23:20:00+08:00,NYSE:UMC,18.96,19.17,18.95,19.13,62998.0
2026-06-10 23:25:00+08:00,NYSE:UMC,19.13,19.2,19.06,19.06,33906.0
2026-06-10 23:30:00+08:00,NYSE:UMC,19.06,19.16,19.0,19.04,26887.0
2026-06-10 23:35:00+08:00,NYSE:UMC,19.045,19.06,18.975,19.02,29756.0
2026-06-10 23:40:00+08:00,NYSE:UMC,19.01,19.1,18.99,19.09,36190.0
2026-06-10 23:45:00+08:00,NYSE:UMC,19.08,19.1,18.84,18.87,50769.0
2026-06-10 23:50:00+08:00,NYSE:UMC,18.865,19.01,18.805,18.98,49798.0
2026-06-10 23:55:00+08:00,NYSE:UMC,18.97,19.09,18.93,19.09,36926.0
2026-06-11 00:00:00+08:00,NYSE:UMC,19.08,19.12,19.035,19.08,28180.0
2026-06-11 00:05:00+08:00,NYSE:UMC,19.08,19.115,19.03,19.04,23164.0
2026-06-11 00:10:00+08:00,NYSE:UMC,19.04,19.05,18.935,18.97,13199.0
2026-06-11 00:15:00+08:00,NYSE:UMC,18.97,19.02,18.955,18.99,13378.0
2026-06-11 00:20:00+08:00,NYSE:UMC,18.98,19.05,18.965,18.99,20331.0
2026-06-11 00:25:00+08:00,NYSE:UMC,18.99,19.04,18.985,19.03,10256.0
2026-06-11 00:30:00+08:00,NYSE:UMC,19.02,19.13,19.0,19.13,19467.0
2026-06-11 00:35:00+08:00,NYSE:UMC,19.13,19.19,19.09,19.14,15477.0
2026-06-11 00:40:00+08:00,NYSE:UMC,19.14,19.15,19.05,19.08,12273.0
2026-06-11 00:45:00+08:00,NYSE:UMC,19.06,19.065,19.0,19.04,9230.0
2026-06-11 00:50:00+08:00,NYSE:UMC,19.025,19.08,19.0,19.03,12944.0
2026-06-11 00:55:00+08:00,NYSE:UMC,19.02,19.05,19.0,19.05,12998.0
2026-06-11 01:00:00+08:00,NYSE:UMC,19.04,19.11,19.02,19.1,14474.0
2026-06-11 01:05:00+08:00,NYSE:UMC,19.1,19.1,19.005,19.005,10386.0
2026-06-11 01:10:00+08:00,NYSE:UMC,19.0,19.02,18.96,18.97,10380.0
2026-06-11 01:15:00+08:00,NYSE:UMC,18.97,18.98,18.95,18.97,7671.0
2026-06-11 01:20:00+08:00,NYSE:UMC,18.965,19.02,18.955,19.01,11052.0
2026-06-11 01:25:00+08:00,NYSE:UMC,19.01,19.03,18.975,19.01,15587.0
2026-06-11 01:30:00+08:00,NYSE:UMC,19.01,19.045,18.975,19.03,14057.0
2026-06-11 01:35:00+08:00,NYSE:UMC,19.03,19.04,19.01,19.01,13722.0
2026-06-11 01:40:00+08:00,NYSE:UMC,19.01,19.03,18.98,18.98,15187.0
2026-06-11 01:45:00+08:00,NYSE:UMC,18.98,19.16,18.98,19.14,37587.0
2026-06-11 01:50:00+08:00,NYSE:UMC,19.14,19.14,19.08,19.12,18142.0
2026-06-11 01:55:00+08:00,NYSE:UMC,19.12,19.18,19.11,19.15,13892.0
2026-06-11 02:00:00+08:00,NYSE:UMC,19.17,19.18,19.125,19.175,27154.0
2026-06-11 02:05:00+08:00,NYSE:UMC,19.17,19.17,19.08,19.08,13552.0
2026-06-11 02:10:00+08:00,NYSE:UMC,19.08,19.13,19.075,19.105,16522.0
2026-06-11 02:15:00+08:00,NYSE:UMC,19.105,19.12,19.02,19.03,12795.0
2026-06-11 02:20:00+08:00,NYSE:UMC,19.03,19.06,18.99,19.02,13672.0
2026-06-11 02:25:00+08:00,NYSE:UMC,19.01,19.03,18.99,19.0,11707.0
2026-06-11 02:30:00+08:00,NYSE:UMC,19.0,19.0,18.96,18.97,13352.0
2026-06-11 02:35:00+08:00,NYSE:UMC,18.97,18.98,18.93,18.95,18048.0
2026-06-11 02:40:00+08:00,NYSE:UMC,18.95,18.97,18.93,18.96,12253.0
2026-06-11 02:45:00+08:00,NYSE:UMC,18.96,18.97,18.93,18.935,8454.0
2026-06-11 02:50:00+08:00,NYSE:UMC,18.93,18.96,18.91,18.95,24503.0
2026-06-11 02:55:00+08:00,NYSE:UMC,18.95,18.955,18.91,18.94,16815.0
2026-06-11 03:00:00+08:00,NYSE:UMC,18.94,19.0,18.92,18.975,17565.0
2026-06-11 03:05:00+08:00,NYSE:UMC,18.98,19.045,18.97,19.0,24069.0
2026-06-11 03:10:00+08:00,NYSE:UMC,19.005,19.005,18.9,18.915,15156.0
2026-06-11 03:15:00+08:00,NYSE:UMC,18.92,18.92,18.82,18.83,16159.0
2026-06-11 03:20:00+08:00,NYSE:UMC,18.825,18.86,18.805,18.86,23299.0
2026-06-11 03:25:00+08:00,NYSE:UMC,18.86,18.91,18.82,18.9,29382.0
2026-06-11 03:30:00+08:00,NYSE:UMC,18.89,18.96,18.865,18.93,25268.0
2026-06-11 03:35:00+08:00,NYSE:UMC,18.92,18.99,18.92,18.97,15461.0
2026-06-11 03:40:00+08:00,NYSE:UMC,18.97,18.99,18.905,18.94,25422.0
2026-06-11 03:45:00+08:00,NYSE:UMC,18.93,18.94,18.875,18.93,35870.0
2026-06-11 03:50:00+08:00,NYSE:UMC,18.93,19.0,18.88,18.92,53809.0
2026-06-11 03:55:00+08:00,NYSE:UMC,18.91,18.92,18.825,18.88,112435.0
2026-06-11 21:30:00+08:00,NYSE:UMC,19.89,20.02,19.85,19.92,80867.0
2026-06-11 21:35:00+08:00,NYSE:UMC,19.93,20.065,19.91,20.03,60936.0
2026-06-11 21:40:00+08:00,NYSE:UMC,20.02,20.03,19.91,19.99,35419.0
2026-06-11 21:45:00+08:00,NYSE:UMC,19.995,20.2,19.98,20.14,26459.0
2026-06-11 21:50:00+08:00,NYSE:UMC,20.155,20.31,20.15,20.275,82440.0
2026-06-11 21:55:00+08:00,NYSE:UMC,20.27,20.34,20.21,20.22,22618.0
2026-06-11 22:00:00+08:00,NYSE:UMC,20.23,20.46,20.225,20.46,24069.0
2026-06-11 22:05:00+08:00,NYSE:UMC,20.46,20.46,20.35,20.36,27067.0
2026-06-11 22:10:00+08:00,NYSE:UMC,20.37,20.37,20.18,20.21,29828.0
2026-06-11 22:15:00+08:00,NYSE:UMC,20.19,20.24,20.12,20.12,19744.0
2026-06-11 22:20:00+08:00,NYSE:UMC,20.12,20.31,20.12,20.23,21870.0
2026-06-11 22:25:00+08:00,NYSE:UMC,20.22,20.29,20.19,20.25,14743.0
2026-06-11 22:30:00+08:00,NYSE:UMC,20.255,20.27,20.2,20.27,14490.0
2026-06-11 22:35:00+08:00,NYSE:UMC,20.27,20.315,20.22,20.23,18396.0
2026-06-11 22:40:00+08:00,NYSE:UMC,20.24,20.3,20.18,20.18,15799.0
2026-06-11 22:45:00+08:00,NYSE:UMC,20.18,20.22,20.15,20.18,14861.0
2026-06-11 22:50:00+08:00,NYSE:UMC,20.17,20.225,20.15,20.2,11763.0
2026-06-11 22:55:00+08:00,NYSE:UMC,20.19,20.19,20.025,20.085,15839.0
2026-06-11 23:00:00+08:00,NYSE:UMC,20.08,20.09,19.98,20.07,19844.0
2026-06-11 23:05:00+08:00,NYSE:UMC,20.07,20.135,20.02,20.1,17709.0
2026-06-11 23:10:00+08:00,NYSE:UMC,20.08,20.16,20.07,20.125,16836.0
2026-06-11 23:15:00+08:00,NYSE:UMC,20.12,20.19,20.08,20.11,10773.0
2026-06-11 23:20:00+08:00,NYSE:UMC,20.105,20.195,20.105,20.175,16790.0
2026-06-11 23:25:00+08:00,NYSE:UMC,20.16,20.175,20.06,20.08,24106.0
2026-06-11 23:30:00+08:00,NYSE:UMC,20.07,20.13,20.05,20.115,13622.0
2026-06-11 23:35:00+08:00,NYSE:UMC,20.12,20.18,20.12,20.16,12335.0
2026-06-11 23:40:00+08:00,NYSE:UMC,20.16,20.2,20.09,20.12,13155.0
2026-06-11 23:45:00+08:00,NYSE:UMC,20.12,20.17,20.08,20.13,10366.0
2026-06-11 23:50:00+08:00,NYSE:UMC,20.125,20.15,20.095,20.11,11787.0
2026-06-11 23:55:00+08:00,NYSE:UMC,20.11,20.15,20.075,20.14,15440.0
2026-06-12 00:00:00+08:00,NYSE:UMC,20.13,20.2,20.11,20.14,10571.0
2026-06-12 00:05:00+08:00,NYSE:UMC,20.14,20.18,20.12,20.16,8229.0
2026-06-12 00:10:00+08:00,NYSE:UMC,20.16,20.2,20.15,20.18,9666.0
2026-06-12 00:15:00+08:00,NYSE:UMC,20.19,20.19,20.13,20.155,7812.0
2026-06-12 00:20:00+08:00,NYSE:UMC,20.16,20.17,20.1,20.1,13491.0
2026-06-12 00:25:00+08:00,NYSE:UMC,20.11,20.12,20.08,20.08,12231.0
2026-06-12 00:30:00+08:00,NYSE:UMC,20.08,20.205,20.06,20.17,13613.0
2026-06-12 00:35:00+08:00,NYSE:UMC,20.16,20.18,20.12,20.135,6273.0
2026-06-12 00:40:00+08:00,NYSE:UMC,20.14,20.14,20.115,20.125,5260.0
2026-06-12 00:45:00+08:00,NYSE:UMC,20.125,20.15,20.11,20.125,16671.0
2026-06-12 00:50:00+08:00,NYSE:UMC,20.13,20.13,20.05,20.065,13240.0
2026-06-12 00:55:00+08:00,NYSE:UMC,20.06,20.06,20.015,20.015,8534.0
2026-06-12 01:00:00+08:00,NYSE:UMC,20.01,20.06,19.985,19.985,5405.0
2026-06-12 01:05:00+08:00,NYSE:UMC,20.0,20.05,20.0,20.035,8166.0
2026-06-12 01:10:00+08:00,NYSE:UMC,20.03,20.04,19.955,19.96,8619.0
2026-06-12 01:15:00+08:00,NYSE:UMC,19.97,19.98,19.91,19.95,7973.0
2026-06-12 01:20:00+08:00,NYSE:UMC,19.95,19.97,19.91,19.945,9266.0
2026-06-12 01:25:00+08:00,NYSE:UMC,19.94,20.28,19.94,20.15,36024.0
2026-06-12 01:30:00+08:00,NYSE:UMC,20.15,20.43,20.15,20.36,96803.0
2026-06-12 01:35:00+08:00,NYSE:UMC,20.37,20.415,20.33,20.415,27574.0
2026-06-12 01:40:00+08:00,NYSE:UMC,20.41,20.57,20.38,20.55,24205.0
2026-06-12 01:45:00+08:00,NYSE:UMC,20.55,20.58,20.46,20.485,15865.0
2026-06-12 01:50:00+08:00,NYSE:UMC,20.48,20.49,20.41,20.47,7834.0
2026-06-12 01:55:00+08:00,NYSE:UMC,20.47,20.47,20.4,20.46,14211.0
2026-06-12 02:00:00+08:00,NYSE:UMC,20.47,20.505,20.32,20.33,32213.0
2026-06-12 02:05:00+08:00,NYSE:UMC,20.33,20.37,20.29,20.34,6672.0
2026-06-12 02:10:00+08:00,NYSE:UMC,20.35,20.42,20.33,20.42,6134.0
2026-06-12 02:15:00+08:00,NYSE:UMC,20.43,20.485,20.43,20.46,9793.0
2026-06-12 02:20:00+08:00,NYSE:UMC,20.45,20.45,20.34,20.39,11713.0
2026-06-12 02:25:00+08:00,NYSE:UMC,20.385,20.4,20.36,20.38,10922.0
2026-06-12 02:30:00+08:00,NYSE:UMC,20.38,20.465,20.38,20.41,8360.0
2026-06-12 02:35:00+08:00,NYSE:UMC,20.4,20.42,20.38,20.4,5975.0
2026-06-12 02:40:00+08:00,NYSE:UMC,20.41,20.53,20.41,20.53,28977.0
2026-06-12 02:45:00+08:00,NYSE:UMC,20.52,20.57,20.51,20.57,8492.0
2026-06-12 02:50:00+08:00,NYSE:UMC,20.575,20.58,20.52,20.52,8396.0
2026-06-12 02:55:00+08:00,NYSE:UMC,20.515,20.53,20.48,20.51,21713.0
2026-06-12 03:00:00+08:00,NYSE:UMC,20.51,20.57,20.51,20.53,11888.0
2026-06-12 03:05:00+08:00,NYSE:UMC,20.53,20.565,20.43,20.565,17573.0
2026-06-12 03:10:00+08:00,NYSE:UMC,20.57,20.65,20.56,20.62,26918.0
2026-06-12 03:15:00+08:00,NYSE:UMC,20.635,20.7,20.635,20.685,25776.0
2026-06-12 03:20:00+08:00,NYSE:UMC,20.69,20.695,20.67,20.685,19330.0
2026-06-12 03:25:00+08:00,NYSE:UMC,20.68,20.735,20.675,20.71,23055.0
2026-06-12 03:30:00+08:00,NYSE:UMC,20.71,20.84,20.71,20.8,42012.0
2026-06-12 03:35:00+08:00,NYSE:UMC,20.79,20.83,20.7,20.71,30984.0
2026-06-12 03:40:00+08:00,NYSE:UMC,20.7,20.77,20.675,20.69,58124.0
2026-06-12 03:45:00+08:00,NYSE:UMC,20.68,20.695,20.595,20.62,65196.0
2026-06-12 03:50:00+08:00,NYSE:UMC,20.56,20.675,20.55,20.675,67999.0
2026-06-12 03:55:00+08:00,NYSE:UMC,20.68,20.73,20.62,20.65,206093.0
2026-06-12 21:30:00+08:00,NYSE:UMC,20.79,21.1,20.66,21.01,68856.0
2026-06-12 21:35:00+08:00,NYSE:UMC,21.05,21.19,21.03,21.17,29610.0
2026-06-12 21:40:00+08:00,NYSE:UMC,21.17,21.24,21.02,21.03,33265.0
2026-06-12 21:45:00+08:00,NYSE:UMC,21.025,21.095,20.94,21.08,26052.0
2026-06-12 21:50:00+08:00,NYSE:UMC,21.07,21.115,21.0,21.015,33341.0
2026-06-12 21:55:00+08:00,NYSE:UMC,21.025,21.12,21.01,21.08,18062.0
2026-06-12 22:00:00+08:00,NYSE:UMC,21.09,21.29,21.07,21.275,22800.0
2026-06-12 22:05:00+08:00,NYSE:UMC,21.27,21.38,21.23,21.34,44589.0
2026-06-12 22:10:00+08:00,NYSE:UMC,21.37,21.38,21.2,21.26,13458.0
2026-06-12 22:15:00+08:00,NYSE:UMC,21.26,21.37,21.245,21.325,14025.0
2026-06-12 22:20:00+08:00,NYSE:UMC,21.325,21.34,21.155,21.155,44271.0
2026-06-12 22:25:00+08:00,NYSE:UMC,21.16,21.245,21.16,21.2,22472.0
2026-06-12 22:30:00+08:00,NYSE:UMC,21.18,21.28,21.18,21.25,14027.0
2026-06-12 22:35:00+08:00,NYSE:UMC,21.245,21.33,21.245,21.31,13235.0
2026-06-12 22:40:00+08:00,NYSE:UMC,21.305,21.32,21.14,21.14,13699.0
2026-06-12 22:45:00+08:00,NYSE:UMC,21.145,21.19,21.08,21.14,16396.0
2026-06-12 22:50:00+08:00,NYSE:UMC,21.16,21.37,21.115,21.37,14869.0
2026-06-12 22:55:00+08:00,NYSE:UMC,21.37,21.445,21.35,21.41,22975.0
2026-06-12 23:00:00+08:00,NYSE:UMC,21.405,21.6,21.39,21.46,115646.0
2026-06-12 23:05:00+08:00,NYSE:UMC,21.49,21.53,21.49,21.51,9902.0
2026-06-12 23:10:00+08:00,NYSE:UMC,21.51,21.54,21.475,21.53,7589.0
2026-06-12 23:15:00+08:00,NYSE:UMC,21.53,21.575,21.51,21.575,5770.0
2026-06-12 23:20:00+08:00,NYSE:UMC,21.575,21.615,21.54,21.61,10544.0
2026-06-12 23:25:00+08:00,NYSE:UMC,21.61,21.64,21.6,21.62,7197.0
2026-06-12 23:30:00+08:00,NYSE:UMC,21.61,21.65,21.6,21.635,5704.0
2026-06-12 23:35:00+08:00,NYSE:UMC,21.62,21.67,21.57,21.61,16972.0
2026-06-12 23:40:00+08:00,NYSE:UMC,21.61,21.61,21.46,21.47,8788.0
2026-06-12 23:45:00+08:00,NYSE:UMC,21.5,21.58,21.45,21.46,7773.0
2026-06-12 23:50:00+08:00,NYSE:UMC,21.49,21.6,21.44,21.58,7465.0
2026-06-12 23:55:00+08:00,NYSE:UMC,21.585,21.585,21.37,21.405,10180.0
2026-06-13 00:00:00+08:00,NYSE:UMC,21.41,21.48,21.37,21.48,8225.0
2026-06-13 00:05:00+08:00,NYSE:UMC,21.48,21.59,21.45,21.57,8359.0
2026-06-13 00:10:00+08:00,NYSE:UMC,21.565,21.74,21.55,21.65,14412.0
2026-06-13 00:15:00+08:00,NYSE:UMC,21.67,21.69,21.61,21.635,4124.0
2026-06-13 00:20:00+08:00,NYSE:UMC,21.625,21.675,21.58,21.65,5362.0
2026-06-13 00:25:00+08:00,NYSE:UMC,21.64,21.66,21.6,21.65,7374.0
2026-06-13 00:30:00+08:00,NYSE:UMC,21.65,21.71,21.64,21.71,3004.0
2026-06-13 00:35:00+08:00,NYSE:UMC,21.69,21.7,21.66,21.685,3560.0
2026-06-13 00:40:00+08:00,NYSE:UMC,21.7,21.7,21.65,21.66,14066.0
2026-06-13 00:45:00+08:00,NYSE:UMC,21.67,21.715,21.66,21.71,1878.0
2026-06-13 00:50:00+08:00,NYSE:UMC,21.72,21.735,21.7,21.7,6685.0
2026-06-13 00:55:00+08:00,NYSE:UMC,21.695,21.72,21.65,21.71,3870.0
2026-06-13 01:00:00+08:00,NYSE:UMC,21.72,21.745,21.7,21.745,3485.0
2026-06-13 01:05:00+08:00,NYSE:UMC,21.745,21.77,21.72,21.745,4099.0
2026-06-13 01:10:00+08:00,NYSE:UMC,21.75,21.77,21.695,21.74,8506.0
2026-06-13 01:15:00+08:00,NYSE:UMC,21.74,21.76,21.73,21.74,2210.0
2026-06-13 01:20:00+08:00,NYSE:UMC,21.76,21.775,21.74,21.75,2560.0
2026-06-13 01:25:00+08:00,NYSE:UMC,21.74,21.76,21.69,21.74,7532.0
2026-06-13 01:30:00+08:00,NYSE:UMC,21.74,21.74,21.69,21.695,4671.0
2026-06-13 01:35:00+08:00,NYSE:UMC,21.7,21.74,21.695,21.73,8927.0
2026-06-13 01:40:00+08:00,NYSE:UMC,21.735,21.76,21.7,21.74,5195.0
2026-06-13 01:45:00+08:00,NYSE:UMC,21.74,21.775,21.705,21.75,6533.0
2026-06-13 01:50:00+08:00,NYSE:UMC,21.755,21.765,21.74,21.76,1031.0
2026-06-13 01:55:00+08:00,NYSE:UMC,21.75,21.75,21.68,21.72,8773.0
2026-06-13 02:00:00+08:00,NYSE:UMC,21.72,21.72,21.67,21.67,5028.0
2026-06-13 02:05:00+08:00,NYSE:UMC,21.67,21.695,21.635,21.645,7035.0
2026-06-13 02:10:00+08:00,NYSE:UMC,21.645,21.71,21.645,21.66,4886.0
2026-06-13 02:15:00+08:00,NYSE:UMC,21.66,21.675,21.62,21.64,4088.0
2026-06-13 02:20:00+08:00,NYSE:UMC,21.64,21.64,21.615,21.62,5269.0
2026-06-13 02:25:00+08:00,NYSE:UMC,21.62,21.68,21.62,21.67,3443.0
2026-06-13 02:30:00+08:00,NYSE:UMC,21.68,21.69,21.66,21.665,4008.0
2026-06-13 02:35:00+08:00,NYSE:UMC,21.67,21.69,21.67,21.685,1964.0
2026-06-13 02:40:00+08:00,NYSE:UMC,21.695,21.73,21.69,21.71,3659.0
2026-06-13 02:45:00+08:00,NYSE:UMC,21.71,21.73,21.7,21.715,7176.0
2026-06-13 02:50:00+08:00,NYSE:UMC,21.72,21.72,21.695,21.7,2253.0
2026-06-13 02:55:00+08:00,NYSE:UMC,21.69,21.695,21.615,21.635,10025.0
2026-06-13 03:00:00+08:00,NYSE:UMC,21.63,21.7,21.63,21.675,4563.0
2026-06-13 03:05:00+08:00,NYSE:UMC,21.67,21.725,21.67,21.68,9190.0
2026-06-13 03:10:00+08:00,NYSE:UMC,21.68,21.68,21.635,21.64,3894.0
2026-06-13 03:15:00+08:00,NYSE:UMC,21.63,21.66,21.625,21.65,9213.0
2026-06-13 03:20:00+08:00,NYSE:UMC,21.645,21.665,21.63,21.655,2873.0
2026-06-13 03:25:00+08:00,NYSE:UMC,21.655,21.675,21.62,21.625,7379.0
2026-06-13 03:30:00+08:00,NYSE:UMC,21.63,21.65,21.59,21.595,16689.0
2026-06-13 03:35:00+08:00,NYSE:UMC,21.6,21.665,21.555,21.585,17189.0
2026-06-13 03:40:00+08:00,NYSE:UMC,21.58,21.67,21.56,21.63,17580.0
2026-06-13 03:45:00+08:00,NYSE:UMC,21.63,21.655,21.62,21.635,20466.0
2026-06-13 03:50:00+08:00,NYSE:UMC,21.64,21.68,21.57,21.67,71553.0
2026-06-13 03:55:00+08:00,NYSE:UMC,21.665,21.7,21.61,21.62,114829.0
2026-06-15 21:30:00+08:00,NYSE:UMC,22.5,22.79,22.39,22.73,138572.0
2026-06-15 21:35:00+08:00,NYSE:UMC,22.73,22.87,22.73,22.81,104989.0
2026-06-15 21:40:00+08:00,NYSE:UMC,22.815,23.09,22.815,23.07,80051.0
2026-06-15 21:45:00+08:00,NYSE:UMC,23.075,23.215,23.05,23.195,50414.0
2026-06-15 21:50:00+08:00,NYSE:UMC,23.19,23.19,23.11,23.155,41255.0
2026-06-15 21:55:00+08:00,NYSE:UMC,23.15,23.18,23.13,23.16,124757.0
2026-06-15 22:00:00+08:00,NYSE:UMC,23.165,23.36,23.16,23.275,78985.0
2026-06-15 22:05:00+08:00,NYSE:UMC,23.28,23.32,23.13,23.13,27303.0
2026-06-15 22:10:00+08:00,NYSE:UMC,23.12,23.12,23.01,23.07,19043.0
2026-06-15 22:15:00+08:00,NYSE:UMC,23.08,23.14,23.04,23.12,13255.0
2026-06-15 22:20:00+08:00,NYSE:UMC,23.08,23.15,23.01,23.12,15197.0
2026-06-15 22:25:00+08:00,NYSE:UMC,23.125,23.19,23.125,23.16,9509.0
2026-06-15 22:30:00+08:00,NYSE:UMC,23.17,23.17,23.075,23.08,11302.0
2026-06-15 22:35:00+08:00,NYSE:UMC,23.1,23.2,23.07,23.18,28304.0
2026-06-15 22:40:00+08:00,NYSE:UMC,23.17,23.24,23.165,23.175,12687.0
2026-06-15 22:45:00+08:00,NYSE:UMC,23.18,23.215,23.14,23.21,15885.0
2026-06-15 22:50:00+08:00,NYSE:UMC,23.21,23.245,23.195,23.195,8283.0
2026-06-15 22:55:00+08:00,NYSE:UMC,23.19,23.21,23.085,23.1,10225.0
2026-06-15 23:00:00+08:00,NYSE:UMC,23.11,23.19,23.11,23.145,16616.0
2026-06-15 23:05:00+08:00,NYSE:UMC,23.14,23.185,23.14,23.15,12519.0
2026-06-15 23:10:00+08:00,NYSE:UMC,23.145,23.145,23.095,23.125,6058.0
2026-06-15 23:15:00+08:00,NYSE:UMC,23.125,23.125,23.075,23.11,3710.0
2026-06-15 23:20:00+08:00,NYSE:UMC,23.115,23.16,23.115,23.15,5537.0
2026-06-15 23:25:00+08:00,NYSE:UMC,23.15,23.16,23.115,23.125,8775.0
2026-06-15 23:30:00+08:00,NYSE:UMC,23.125,23.155,23.115,23.115,9760.0
2026-06-15 23:35:00+08:00,NYSE:UMC,23.13,23.145,23.1,23.115,6450.0
2026-06-15 23:40:00+08:00,NYSE:UMC,23.115,23.115,23.085,23.085,4299.0
2026-06-15 23:45:00+08:00,NYSE:UMC,23.1,23.115,23.09,23.11,4478.0
2026-06-15 23:50:00+08:00,NYSE:UMC,23.115,23.125,23.105,23.125,5247.0
2026-06-15 23:55:00+08:00,NYSE:UMC,23.125,23.14,23.11,23.11,6727.0
2026-06-16 00:00:00+08:00,NYSE:UMC,23.11,23.15,23.11,23.15,6068.0
2026-06-16 00:05:00+08:00,NYSE:UMC,23.145,23.19,23.13,23.16,20414.0
2026-06-16 00:10:00+08:00,NYSE:UMC,23.155,23.205,23.15,23.195,6313.0
2026-06-16 00:15:00+08:00,NYSE:UMC,23.19,23.23,23.18,23.23,3364.0
2026-06-16 00:20:00+08:00,NYSE:UMC,23.225,23.225,23.19,23.215,3546.0
2026-06-16 00:25:00+08:00,NYSE:UMC,23.21,23.21,23.185,23.205,5534.0
2026-06-16 00:30:00+08:00,NYSE:UMC,23.2,23.215,23.175,23.18,4724.0
2026-06-16 00:35:00+08:00,NYSE:UMC,23.17,23.215,23.155,23.175,10657.0
2026-06-16 00:40:00+08:00,NYSE:UMC,23.18,23.215,23.175,23.215,5025.0
2026-06-16 00:45:00+08:00,NYSE:UMC,23.21,23.21,23.185,23.19,2953.0
2026-06-16 00:50:00+08:00,NYSE:UMC,23.195,23.205,23.18,23.19,5145.0
2026-06-16 00:55:00+08:00,NYSE:UMC,23.195,23.195,23.175,23.175,4155.0
2026-06-16 01:00:00+08:00,NYSE:UMC,23.175,23.19,23.155,23.17,7313.0
2026-06-16 01:05:00+08:00,NYSE:UMC,23.16,23.17,23.105,23.14,12330.0
2026-06-16 01:10:00+08:00,NYSE:UMC,23.15,23.165,23.135,23.145,3915.0
2026-06-16 01:15:00+08:00,NYSE:UMC,23.14,23.175,23.14,23.155,6291.0
2026-06-16 01:20:00+08:00,NYSE:UMC,23.155,23.185,23.15,23.18,3444.0
2026-06-16 01:25:00+08:00,NYSE:UMC,23.175,23.18,23.16,23.17,6448.0
2026-06-16 01:30:00+08:00,NYSE:UMC,23.175,23.195,23.145,23.185,10149.0
2026-06-16 01:35:00+08:00,NYSE:UMC,23.185,23.185,23.175,23.18,5032.0
2026-06-16 01:40:00+08:00,NYSE:UMC,23.175,23.195,23.175,23.175,7396.0
2026-06-16 01:45:00+08:00,NYSE:UMC,23.175,23.18,23.125,23.135,3732.0
2026-06-16 01:50:00+08:00,NYSE:UMC,23.14,23.165,23.13,23.15,4287.0
2026-06-16 01:55:00+08:00,NYSE:UMC,23.15,23.155,23.125,23.13,6285.0
2026-06-16 02:00:00+08:00,NYSE:UMC,23.13,23.17,23.13,23.17,3223.0
2026-06-16 02:05:00+08:00,NYSE:UMC,23.155,23.18,23.155,23.18,1594.0
2026-06-16 02:10:00+08:00,NYSE:UMC,23.18,23.22,23.175,23.215,6555.0
2026-06-16 02:15:00+08:00,NYSE:UMC,23.215,23.25,23.2,23.25,6917.0
2026-06-16 02:20:00+08:00,NYSE:UMC,23.24,23.24,23.215,23.215,4888.0
2026-06-16 02:25:00+08:00,NYSE:UMC,23.215,23.215,23.18,23.18,7329.0
2026-06-16 02:30:00+08:00,NYSE:UMC,23.18,23.205,23.17,23.19,4677.0
2026-06-16 02:35:00+08:00,NYSE:UMC,23.195,23.215,23.18,23.215,5404.0
2026-06-16 02:40:00+08:00,NYSE:UMC,23.21,23.21,23.18,23.205,4754.0
2026-06-16 02:45:00+08:00,NYSE:UMC,23.2,23.2,23.165,23.19,10529.0
2026-06-16 02:50:00+08:00,NYSE:UMC,23.195,23.195,23.16,23.17,5250.0
2026-06-16 02:55:00+08:00,NYSE:UMC,23.18,23.205,23.155,23.16,7099.0
2026-06-16 03:00:00+08:00,NYSE:UMC,23.155,23.175,23.115,23.12,7789.0
2026-06-16 03:05:00+08:00,NYSE:UMC,23.115,23.17,23.105,23.15,8724.0
2026-06-16 03:10:00+08:00,NYSE:UMC,23.17,23.185,23.145,23.15,7260.0
2026-06-16 03:15:00+08:00,NYSE:UMC,23.15,23.175,23.14,23.16,9109.0
2026-06-16 03:20:00+08:00,NYSE:UMC,23.155,23.155,23.135,23.135,3098.0
2026-06-16 03:25:00+08:00,NYSE:UMC,23.135,23.14,23.085,23.115,9302.0
2026-06-16 03:30:00+08:00,NYSE:UMC,23.11,23.12,23.075,23.085,15973.0
2026-06-16 03:35:00+08:00,NYSE:UMC,23.085,23.125,23.08,23.09,16481.0
2026-06-16 03:40:00+08:00,NYSE:UMC,23.08,23.12,23.07,23.08,24413.0
2026-06-16 03:45:00+08:00,NYSE:UMC,23.085,23.135,23.08,23.135,34228.0
2026-06-16 03:50:00+08:00,NYSE:UMC,23.14,23.14,23.075,23.095,37840.0
2026-06-16 03:55:00+08:00,NYSE:UMC,23.09,23.13,23.05,23.07,134629.0
2026-06-16 21:30:00+08:00,NYSE:UMC,22.43,22.53,22.32,22.38,48687.0
2026-06-16 21:35:00+08:00,NYSE:UMC,22.4,22.465,22.355,22.36,15646.0
2026-06-16 21:40:00+08:00,NYSE:UMC,22.355,22.46,22.35,22.38,18938.0
2026-06-16 21:45:00+08:00,NYSE:UMC,22.37,22.46,22.33,22.43,17890.0
2026-06-16 21:50:00+08:00,NYSE:UMC,22.455,22.46,22.4,22.46,8237.0
2026-06-16 21:55:00+08:00,NYSE:UMC,22.475,22.475,22.39,22.395,6111.0
2026-06-16 22:00:00+08:00,NYSE:UMC,22.42,22.45,22.375,22.44,6429.0
2026-06-16 22:05:00+08:00,NYSE:UMC,22.44,22.44,22.33,22.35,12448.0
2026-06-16 22:10:00+08:00,NYSE:UMC,22.36,22.38,22.32,22.32,8602.0
2026-06-16 22:15:00+08:00,NYSE:UMC,22.32,22.34,22.23,22.23,8146.0
2026-06-16 22:20:00+08:00,NYSE:UMC,22.24,22.255,22.005,22.1,23986.0
2026-06-16 22:25:00+08:00,NYSE:UMC,22.1,22.205,22.08,22.11,26383.0
2026-06-16 22:30:00+08:00,NYSE:UMC,22.1,22.1,21.95,22.02,34481.0
2026-06-16 22:35:00+08:00,NYSE:UMC,22.02,22.17,22.02,22.16,15668.0
2026-06-16 22:40:00+08:00,NYSE:UMC,22.15,22.19,22.14,22.165,10141.0
2026-06-16 22:45:00+08:00,NYSE:UMC,22.15,22.15,22.005,22.045,6736.0
2026-06-16 22:50:00+08:00,NYSE:UMC,22.045,22.1,22.045,22.045,12334.0
2026-06-16 22:55:00+08:00,NYSE:UMC,22.04,22.04,21.925,21.955,10375.0
2026-06-16 23:00:00+08:00,NYSE:UMC,21.96,22.015,21.93,22.015,9800.0
2026-06-16 23:05:00+08:00,NYSE:UMC,22.02,22.04,21.955,21.985,6705.0
2026-06-16 23:10:00+08:00,NYSE:UMC,22.01,22.05,21.955,21.995,3999.0
2026-06-16 23:15:00+08:00,NYSE:UMC,21.99,22.03,21.96,21.96,7958.0
2026-06-16 23:20:00+08:00,NYSE:UMC,21.97,21.995,21.9,21.92,12218.0
2026-06-16 23:25:00+08:00,NYSE:UMC,21.935,21.95,21.8,21.865,27435.0
2026-06-16 23:30:00+08:00,NYSE:UMC,21.9,21.93,21.87,21.92,4304.0
2026-06-16 23:35:00+08:00,NYSE:UMC,21.945,21.945,21.85,21.87,3388.0
2026-06-16 23:40:00+08:00,NYSE:UMC,21.86,21.86,21.78,21.79,20744.0
2026-06-16 23:45:00+08:00,NYSE:UMC,21.8,21.8,21.7,21.76,8150.0
2026-06-16 23:50:00+08:00,NYSE:UMC,21.74,21.91,21.72,21.9,9758.0
2026-06-16 23:55:00+08:00,NYSE:UMC,21.91,21.95,21.87,21.88,9276.0
2026-06-17 00:00:00+08:00,NYSE:UMC,21.89,22.01,21.885,22.0,14944.0
2026-06-17 00:05:00+08:00,NYSE:UMC,22.0,22.08,22.0,22.04,20842.0
2026-06-17 00:10:00+08:00,NYSE:UMC,22.045,22.09,22.035,22.06,15701.0
2026-06-17 00:15:00+08:00,NYSE:UMC,22.05,22.05,21.975,22.02,11392.0
2026-06-17 00:20:00+08:00,NYSE:UMC,22.03,22.065,22.015,22.065,5619.0
2026-06-17 00:25:00+08:00,NYSE:UMC,22.06,22.09,22.05,22.07,8070.0
2026-06-17 00:30:00+08:00,NYSE:UMC,22.07,22.07,21.96,21.96,8653.0
2026-06-17 00:35:00+08:00,NYSE:UMC,21.965,21.98,21.9,21.92,5719.0
2026-06-17 00:40:00+08:00,NYSE:UMC,21.93,22.01,21.92,22.01,9035.0
2026-06-17 00:45:00+08:00,NYSE:UMC,21.99,22.04,21.99,22.02,5373.0
2026-06-17 00:50:00+08:00,NYSE:UMC,22.03,22.065,22.03,22.04,9058.0
2026-06-17 00:55:00+08:00,NYSE:UMC,22.04,22.05,22.0,22.05,4456.0
2026-06-17 01:00:00+08:00,NYSE:UMC,22.05,22.05,21.99,22.02,8177.0
2026-06-17 01:05:00+08:00,NYSE:UMC,22.01,22.01,21.97,21.97,6116.0
2026-06-17 01:10:00+08:00,NYSE:UMC,21.98,22.05,21.975,22.015,5457.0
2026-06-17 01:15:00+08:00,NYSE:UMC,22.015,22.04,22.01,22.015,6432.0
2026-06-17 01:20:00+08:00,NYSE:UMC,22.03,22.04,21.98,22.04,4240.0
2026-06-17 01:25:00+08:00,NYSE:UMC,22.04,22.04,22.015,22.03,5503.0
2026-06-17 01:30:00+08:00,NYSE:UMC,22.02,22.05,22.0,22.05,5979.0
2026-06-17 01:35:00+08:00,NYSE:UMC,22.01,22.015,21.97,21.985,5536.0
2026-06-17 01:40:00+08:00,NYSE:UMC,21.985,22.015,21.96,22.005,7106.0
2026-06-17 01:45:00+08:00,NYSE:UMC,22.01,22.055,22.01,22.045,8503.0
2026-06-17 01:50:00+08:00,NYSE:UMC,22.055,22.12,22.04,22.12,6900.0
2026-06-17 01:55:00+08:00,NYSE:UMC,22.125,22.13,22.075,22.085,9242.0
2026-06-17 02:00:00+08:00,NYSE:UMC,22.08,22.115,22.08,22.1,6683.0
2026-06-17 02:05:00+08:00,NYSE:UMC,22.1,22.11,22.075,22.095,6926.0
2026-06-17 02:10:00+08:00,NYSE:UMC,22.095,22.105,22.07,22.07,6747.0
2026-06-17 02:15:00+08:00,NYSE:UMC,22.06,22.06,22.01,22.015,6757.0
2026-06-17 02:20:00+08:00,NYSE:UMC,22.02,22.045,22.02,22.045,6286.0
2026-06-17 02:25:00+08:00,NYSE:UMC,22.045,22.085,22.045,22.085,5040.0
2026-06-17 02:30:00+08:00,NYSE:UMC,22.08,22.08,22.035,22.035,5959.0
2026-06-17 02:35:00+08:00,NYSE:UMC,22.03,22.04,22.005,22.025,7299.0
2026-06-17 02:40:00+08:00,NYSE:UMC,22.03,22.04,22.02,22.035,7645.0
2026-06-17 02:45:00+08:00,NYSE:UMC,22.04,22.04,21.985,21.985,7520.0
2026-06-17 02:50:00+08:00,NYSE:UMC,21.99,22.015,21.965,21.98,9375.0
2026-06-17 02:55:00+08:00,NYSE:UMC,21.97,21.99,21.96,21.99,4513.0
2026-06-17 03:00:00+08:00,NYSE:UMC,21.99,22.09,21.98,22.09,6313.0
2026-06-17 03:05:00+08:00,NYSE:UMC,22.09,22.1,21.945,21.95,15260.0
2026-06-17 03:10:00+08:00,NYSE:UMC,21.95,21.95,21.845,21.86,19878.0
2026-06-17 03:15:00+08:00,NYSE:UMC,21.85,21.85,21.805,21.845,22029.0
2026-06-17 03:20:00+08:00,NYSE:UMC,21.855,21.905,21.85,21.9,14554.0
2026-06-17 03:25:00+08:00,NYSE:UMC,21.89,21.99,21.88,21.97,32505.0
2026-06-17 03:30:00+08:00,NYSE:UMC,21.97,22.025,21.905,21.905,25603.0
2026-06-17 03:35:00+08:00,NYSE:UMC,21.91,21.91,21.78,21.78,19627.0
2026-06-17 03:40:00+08:00,NYSE:UMC,21.795,21.87,21.78,21.87,27818.0
2026-06-17 03:45:00+08:00,NYSE:UMC,21.865,21.87,21.8,21.84,23671.0
2026-06-17 03:50:00+08:00,NYSE:UMC,21.85,21.875,21.73,21.785,39591.0
2026-06-17 03:55:00+08:00,NYSE:UMC,21.785,21.785,21.59,21.635,158113.0
2026-06-17 21:30:00+08:00,NYSE:UMC,22.11,22.33,22.11,22.13,39042.0
2026-06-17 21:35:00+08:00,NYSE:UMC,22.14,22.26,22.115,22.12,20833.0
2026-06-17 21:40:00+08:00,NYSE:UMC,22.12,22.27,22.12,22.21,13785.0
2026-06-17 21:45:00+08:00,NYSE:UMC,22.27,22.27,22.14,22.14,9716.0
2026-06-17 21:50:00+08:00,NYSE:UMC,22.155,22.23,22.145,22.205,8861.0
2026-06-17 21:55:00+08:00,NYSE:UMC,22.205,22.205,22.05,22.065,11438.0
2026-06-17 22:00:00+08:00,NYSE:UMC,22.05,22.17,22.04,22.16,11922.0
2026-06-17 22:05:00+08:00,NYSE:UMC,22.15,22.15,22.02,22.045,28946.0
2026-06-17 22:10:00+08:00,NYSE:UMC,22.06,22.13,22.03,22.13,5189.0
2026-06-17 22:15:00+08:00,NYSE:UMC,22.13,22.17,22.12,22.16,9258.0
2026-06-17 22:20:00+08:00,NYSE:UMC,22.14,22.175,22.02,22.17,112782.0
2026-06-17 22:25:00+08:00,NYSE:UMC,22.16,22.175,22.07,22.125,7229.0
2026-06-17 22:30:00+08:00,NYSE:UMC,22.12,22.17,22.11,22.16,6371.0
2026-06-17 22:35:00+08:00,NYSE:UMC,22.16,22.18,22.115,22.14,3673.0
2026-06-17 22:40:00+08:00,NYSE:UMC,22.13,22.18,22.07,22.155,12349.0
2026-06-17 22:45:00+08:00,NYSE:UMC,22.155,22.19,21.99,22.07,24011.0
2026-06-17 22:50:00+08:00,NYSE:UMC,22.08,22.17,22.08,22.17,7868.0
2026-06-17 22:55:00+08:00,NYSE:UMC,22.17,22.17,22.09,22.1,11417.0
2026-06-17 23:00:00+08:00,NYSE:UMC,22.1,22.135,22.09,22.115,4309.0
2026-06-17 23:05:00+08:00,NYSE:UMC,22.13,22.15,22.1,22.115,5824.0
2026-06-17 23:10:00+08:00,NYSE:UMC,22.12,22.14,22.105,22.13,6150.0
2026-06-17 23:15:00+08:00,NYSE:UMC,22.135,22.17,22.11,22.13,8690.0
2026-06-17 23:20:00+08:00,NYSE:UMC,22.135,22.175,22.13,22.17,8125.0
2026-06-17 23:25:00+08:00,NYSE:UMC,22.15,22.18,22.15,22.16,4405.0
2026-06-17 23:30:00+08:00,NYSE:UMC,22.16,22.185,22.14,22.17,6874.0
2026-06-17 23:35:00+08:00,NYSE:UMC,22.17,22.19,22.16,22.18,7463.0
2026-06-17 23:40:00+08:00,NYSE:UMC,22.185,22.185,22.14,22.16,4036.0
2026-06-17 23:45:00+08:00,NYSE:UMC,22.16,22.19,22.16,22.185,3313.0
2026-06-17 23:50:00+08:00,NYSE:UMC,22.185,22.19,22.17,22.17,4414.0
2026-06-17 23:55:00+08:00,NYSE:UMC,22.17,22.2,22.17,22.19,3777.0
2026-06-18 00:00:00+08:00,NYSE:UMC,22.185,22.2,22.175,22.18,5794.0
2026-06-18 00:05:00+08:00,NYSE:UMC,22.18,22.21,22.175,22.175,10973.0
2026-06-18 00:10:00+08:00,NYSE:UMC,22.18,22.18,22.155,22.16,3966.0
2026-06-18 00:15:00+08:00,NYSE:UMC,22.15,22.15,22.135,22.15,3692.0
2026-06-18 00:20:00+08:00,NYSE:UMC,22.16,22.185,22.15,22.185,4607.0
2026-06-18 00:25:00+08:00,NYSE:UMC,22.18,22.195,22.175,22.18,3656.0
2026-06-18 00:30:00+08:00,NYSE:UMC,22.185,22.21,22.185,22.2,5182.0
2026-06-18 00:35:00+08:00,NYSE:UMC,22.2,22.26,22.2,22.26,5458.0
2026-06-18 00:40:00+08:00,NYSE:UMC,22.265,22.32,22.25,22.3,13101.0
2026-06-18 00:45:00+08:00,NYSE:UMC,22.29,22.29,22.235,22.26,2365.0
2026-06-18 00:50:00+08:00,NYSE:UMC,22.26,22.275,22.24,22.25,5035.0
2026-06-18 00:55:00+08:00,NYSE:UMC,22.245,22.26,22.235,22.26,3017.0
2026-06-18 01:00:00+08:00,NYSE:UMC,22.26,22.26,22.2,22.21,5444.0
2026-06-18 01:05:00+08:00,NYSE:UMC,22.2,22.235,22.18,22.22,8933.0
2026-06-18 01:10:00+08:00,NYSE:UMC,22.22,22.24,22.21,22.23,5974.0
2026-06-18 01:15:00+08:00,NYSE:UMC,22.22,22.255,22.2,22.255,3986.0
2026-06-18 01:20:00+08:00,NYSE:UMC,22.245,22.26,22.235,22.25,4119.0
2026-06-18 01:25:00+08:00,NYSE:UMC,22.245,22.26,22.24,22.26,2890.0
2026-06-18 01:30:00+08:00,NYSE:UMC,22.25,22.26,22.235,22.235,3965.0
2026-06-18 01:35:00+08:00,NYSE:UMC,22.24,22.27,22.235,22.265,2819.0
2026-06-18 01:40:00+08:00,NYSE:UMC,22.26,22.26,22.24,22.255,5294.0
2026-06-18 01:45:00+08:00,NYSE:UMC,22.255,22.28,22.245,22.28,3662.0
2026-06-18 01:50:00+08:00,NYSE:UMC,22.27,22.285,22.25,22.285,3383.0
2026-06-18 01:55:00+08:00,NYSE:UMC,22.28,22.33,22.28,22.33,4578.0
2026-06-18 02:00:00+08:00,NYSE:UMC,22.33,22.33,21.99,21.99,30349.0
2026-06-18 02:05:00+08:00,NYSE:UMC,21.98,22.14,21.91,22.13,16569.0
2026-06-18 02:10:00+08:00,NYSE:UMC,22.13,22.18,22.09,22.12,8196.0
2026-06-18 02:15:00+08:00,NYSE:UMC,22.13,22.2,22.13,22.2,11425.0
2026-06-18 02:20:00+08:00,NYSE:UMC,22.18,22.18,22.075,22.075,6543.0
2026-06-18 02:25:00+08:00,NYSE:UMC,22.09,22.13,22.065,22.11,11255.0
2026-06-18 02:30:00+08:00,NYSE:UMC,22.11,22.23,22.09,22.15,39572.0
2026-06-18 02:35:00+08:00,NYSE:UMC,22.14,22.35,22.14,22.33,17150.0
2026-06-18 02:40:00+08:00,NYSE:UMC,22.34,22.52,22.34,22.52,20805.0
2026-06-18 02:45:00+08:00,NYSE:UMC,22.52,22.52,22.43,22.465,10813.0
2026-06-18 02:50:00+08:00,NYSE:UMC,22.46,22.5,22.43,22.455,10957.0
2026-06-18 02:55:00+08:00,NYSE:UMC,22.455,22.455,22.21,22.28,22625.0
2026-06-18 03:00:00+08:00,NYSE:UMC,22.28,22.36,22.24,22.27,15636.0
2026-06-18 03:05:00+08:00,NYSE:UMC,22.26,22.295,22.23,22.26,7013.0
2026-06-18 03:10:00+08:00,NYSE:UMC,22.26,22.34,22.15,22.32,17716.0
2026-06-18 03:15:00+08:00,NYSE:UMC,22.32,22.32,22.16,22.16,18306.0
2026-06-18 03:20:00+08:00,NYSE:UMC,22.135,22.15,21.995,22.01,28176.0
2026-06-18 03:25:00+08:00,NYSE:UMC,22.02,22.13,22.02,22.05,18624.0
2026-06-18 03:30:00+08:00,NYSE:UMC,22.05,22.11,21.925,21.93,19206.0
2026-06-18 03:35:00+08:00,NYSE:UMC,21.92,22.025,21.815,21.825,24848.0
2026-06-18 03:40:00+08:00,NYSE:UMC,21.825,21.85,21.8,21.84,13156.0
2026-06-18 03:45:00+08:00,NYSE:UMC,21.86,21.965,21.845,21.95,27572.0
2026-06-18 03:50:00+08:00,NYSE:UMC,21.95,21.95,21.835,21.875,18509.0
2026-06-18 03:55:00+08:00,NYSE:UMC,21.87,21.95,21.745,21.77,73988.0
2026-06-18 21:30:00+08:00,NYSE:UMC,23.48,23.48,23.1,23.3,103603.0
2026-06-18 21:35:00+08:00,NYSE:UMC,23.29,23.32,23.155,23.28,42325.0
2026-06-18 21:40:00+08:00,NYSE:UMC,23.27,23.39,23.265,23.31,28780.0
2026-06-18 21:45:00+08:00,NYSE:UMC,23.305,23.44,23.305,23.35,28226.0
2026-06-18 21:50:00+08:00,NYSE:UMC,23.345,23.395,23.27,23.29,30583.0
2026-06-18 21:55:00+08:00,NYSE:UMC,23.3,23.37,23.215,23.37,29119.0
2026-06-18 22:00:00+08:00,NYSE:UMC,23.37,23.45,23.315,23.43,18976.0
2026-06-18 22:05:00+08:00,NYSE:UMC,23.43,23.44,23.32,23.32,17569.0
2026-06-18 22:10:00+08:00,NYSE:UMC,23.34,23.45,23.285,23.45,9653.0
2026-06-18 22:15:00+08:00,NYSE:UMC,23.45,23.49,23.43,23.45,19570.0
2026-06-18 22:20:00+08:00,NYSE:UMC,23.415,23.44,23.39,23.41,20797.0
2026-06-18 22:25:00+08:00,NYSE:UMC,23.41,23.435,23.36,23.39,20825.0
2026-06-18 22:30:00+08:00,NYSE:UMC,23.39,23.44,23.33,23.44,10799.0
2026-06-18 22:35:00+08:00,NYSE:UMC,23.44,23.48,23.42,23.42,7099.0
2026-06-18 22:40:00+08:00,NYSE:UMC,23.41,23.415,23.37,23.385,13564.0
2026-06-18 22:45:00+08:00,NYSE:UMC,23.39,23.445,23.35,23.445,10284.0
2026-06-18 22:50:00+08:00,NYSE:UMC,23.44,23.645,23.44,23.615,52781.0
2026-06-18 22:55:00+08:00,NYSE:UMC,23.63,23.695,23.6,23.6,19852.0
2026-06-18 23:00:00+08:00,NYSE:UMC,23.59,23.625,23.52,23.61,8804.0
2026-06-18 23:05:00+08:00,NYSE:UMC,23.61,23.665,23.59,23.655,8816.0
2026-06-18 23:10:00+08:00,NYSE:UMC,23.65,23.68,23.57,23.57,15649.0
2026-06-18 23:15:00+08:00,NYSE:UMC,23.575,23.58,23.47,23.48,9680.0
2026-06-18 23:20:00+08:00,NYSE:UMC,23.49,23.53,23.47,23.48,8736.0
2026-06-18 23:25:00+08:00,NYSE:UMC,23.485,23.5,23.45,23.46,6929.0
2026-06-18 23:30:00+08:00,NYSE:UMC,23.465,23.51,23.44,23.49,19570.0
2026-06-18 23:35:00+08:00,NYSE:UMC,23.475,23.475,23.315,23.37,12432.0
2026-06-18 23:40:00+08:00,NYSE:UMC,23.37,23.415,23.31,23.34,38667.0
2026-06-18 23:45:00+08:00,NYSE:UMC,23.34,23.41,23.325,23.405,13256.0
2026-06-18 23:50:00+08:00,NYSE:UMC,23.405,23.575,23.4,23.53,16871.0
2026-06-18 23:55:00+08:00,NYSE:UMC,23.53,23.59,23.53,23.58,9101.0
2026-06-19 00:00:00+08:00,NYSE:UMC,23.58,23.58,23.51,23.555,7516.0
2026-06-19 00:05:00+08:00,NYSE:UMC,23.555,23.57,23.53,23.54,5148.0
2026-06-19 00:10:00+08:00,NYSE:UMC,23.535,23.535,23.5,23.51,7258.0
2026-06-19 00:15:00+08:00,NYSE:UMC,23.51,23.535,23.48,23.5,6367.0
2026-06-19 00:20:00+08:00,NYSE:UMC,23.495,23.535,23.495,23.53,7239.0
2026-06-19 00:25:00+08:00,NYSE:UMC,23.52,23.585,23.515,23.57,9666.0
2026-06-19 00:30:00+08:00,NYSE:UMC,23.56,23.57,23.53,23.54,3589.0
2026-06-19 00:35:00+08:00,NYSE:UMC,23.55,23.605,23.55,23.6,6339.0
2026-06-19 00:40:00+08:00,NYSE:UMC,23.585,23.605,23.57,23.6,4928.0
2026-06-19 00:45:00+08:00,NYSE:UMC,23.6,23.615,23.59,23.61,4085.0
2026-06-19 00:50:00+08:00,NYSE:UMC,23.585,23.595,23.56,23.56,6644.0
2026-06-19 00:55:00+08:00,NYSE:UMC,23.55,23.57,23.5,23.57,9756.0
2026-06-19 01:00:00+08:00,NYSE:UMC,23.565,23.565,23.525,23.565,7030.0
2026-06-19 01:05:00+08:00,NYSE:UMC,23.56,23.605,23.56,23.595,7224.0
2026-06-19 01:10:00+08:00,NYSE:UMC,23.595,23.63,23.59,23.62,7294.0
2026-06-19 01:15:00+08:00,NYSE:UMC,23.625,23.69,23.62,23.69,6555.0
2026-06-19 01:20:00+08:00,NYSE:UMC,23.695,23.785,23.695,23.73,19694.0
2026-06-19 01:25:00+08:00,NYSE:UMC,23.73,23.78,23.705,23.775,12695.0
2026-06-19 01:30:00+08:00,NYSE:UMC,23.77,23.8,23.77,23.785,5711.0
2026-06-19 01:35:00+08:00,NYSE:UMC,23.785,23.82,23.78,23.82,9086.0
2026-06-19 01:40:00+08:00,NYSE:UMC,23.82,23.83,23.81,23.825,4383.0
2026-06-19 01:45:00+08:00,NYSE:UMC,23.825,23.835,23.785,23.785,5859.0
2026-06-19 01:50:00+08:00,NYSE:UMC,23.78,23.79,23.77,23.77,6210.0
2026-06-19 01:55:00+08:00,NYSE:UMC,23.77,23.77,23.705,23.71,10299.0
2026-06-19 02:00:00+08:00,NYSE:UMC,23.71,23.77,23.705,23.71,10541.0
2026-06-19 02:05:00+08:00,NYSE:UMC,23.71,23.77,23.705,23.745,7663.0
2026-06-19 02:10:00+08:00,NYSE:UMC,23.745,23.76,23.72,23.72,5234.0
2026-06-19 02:15:00+08:00,NYSE:UMC,23.72,23.74,23.7,23.72,12061.0
2026-06-19 02:20:00+08:00,NYSE:UMC,23.71,23.735,23.71,23.715,4113.0
2026-06-19 02:25:00+08:00,NYSE:UMC,23.72,23.735,23.69,23.695,6112.0
2026-06-19 02:30:00+08:00,NYSE:UMC,23.695,23.7,23.665,23.69,9295.0
2026-06-19 02:35:00+08:00,NYSE:UMC,23.68,23.7,23.67,23.68,6204.0
2026-06-19 02:40:00+08:00,NYSE:UMC,23.685,23.73,23.685,23.705,11180.0
2026-06-19 02:45:00+08:00,NYSE:UMC,23.705,23.735,23.705,23.73,5485.0
2026-06-19 02:50:00+08:00,NYSE:UMC,23.725,23.73,23.715,23.725,4110.0
2026-06-19 02:55:00+08:00,NYSE:UMC,23.725,23.74,23.695,23.73,7756.0
2026-06-19 03:00:00+08:00,NYSE:UMC,23.73,23.75,23.675,23.72,16374.0
2026-06-19 03:05:00+08:00,NYSE:UMC,23.725,23.745,23.72,23.73,7610.0
2026-06-19 03:10:00+08:00,NYSE:UMC,23.725,23.765,23.675,23.76,19105.0
2026-06-19 03:15:00+08:00,NYSE:UMC,23.765,23.815,23.75,23.79,8636.0
2026-06-19 03:20:00+08:00,NYSE:UMC,23.795,23.825,23.765,23.765,13867.0
2026-06-19 03:25:00+08:00,NYSE:UMC,23.77,23.795,23.73,23.78,25271.0
2026-06-19 03:30:00+08:00,NYSE:UMC,23.775,23.84,23.745,23.82,29868.0
2026-06-19 03:35:00+08:00,NYSE:UMC,23.835,23.955,23.835,23.95,26307.0
2026-06-19 03:40:00+08:00,NYSE:UMC,23.955,24.0,23.92,23.995,33296.0
2026-06-19 03:45:00+08:00,NYSE:UMC,23.995,24.055,23.995,24.055,34232.0
2026-06-19 03:50:00+08:00,NYSE:UMC,24.06,24.165,24.02,24.095,86602.0
2026-06-19 03:55:00+08:00,NYSE:UMC,24.09,24.135,23.985,24.08,207978.0
2026-06-22 21:30:00+08:00,NYSE:UMC,26.8,27.68,26.8,27.65,66094.0
2026-06-22 21:35:00+08:00,NYSE:UMC,27.68,28.07,27.68,27.87,97589.0
2026-06-22 21:40:00+08:00,NYSE:UMC,27.87,27.88,27.37,27.52,51268.0
2026-06-22 21:45:00+08:00,NYSE:UMC,27.52,27.89,27.51,27.81,92858.0
2026-06-22 21:50:00+08:00,NYSE:UMC,27.82,27.86,27.56,27.59,49044.0
2026-06-22 21:55:00+08:00,NYSE:UMC,27.62,27.96,27.62,27.91,54333.0
2026-06-22 22:00:00+08:00,NYSE:UMC,27.92,27.92,27.67,27.735,53496.0
2026-06-22 22:05:00+08:00,NYSE:UMC,27.74,28.105,27.66,28.09,143236.0
2026-06-22 22:10:00+08:00,NYSE:UMC,28.1,28.135,27.885,27.96,81226.0
2026-06-22 22:15:00+08:00,NYSE:UMC,27.965,27.995,27.765,27.82,46142.0
2026-06-22 22:20:00+08:00,NYSE:UMC,27.825,27.835,27.56,27.6,51695.0
2026-06-22 22:25:00+08:00,NYSE:UMC,27.61,27.86,27.6,27.8,36141.0
2026-06-22 22:30:00+08:00,NYSE:UMC,27.82,27.9,27.75,27.87,35209.0
2026-06-22 22:35:00+08:00,NYSE:UMC,27.85,27.975,27.765,27.83,78042.0
2026-06-22 22:40:00+08:00,NYSE:UMC,27.83,27.885,27.69,27.72,36654.0
2026-06-22 22:45:00+08:00,NYSE:UMC,27.73,27.97,27.73,27.845,163940.0
2026-06-22 22:50:00+08:00,NYSE:UMC,27.88,28.02,27.88,27.98,40970.0
2026-06-22 22:55:00+08:00,NYSE:UMC,27.98,28.175,27.95,28.09,95809.0
2026-06-22 23:00:00+08:00,NYSE:UMC,28.08,28.27,28.08,28.16,48022.0
2026-06-22 23:05:00+08:00,NYSE:UMC,28.17,28.195,28.09,28.16,41430.0
2026-06-22 23:10:00+08:00,NYSE:UMC,28.185,28.185,27.92,27.935,37098.0
2026-06-22 23:15:00+08:00,NYSE:UMC,27.93,27.95,27.65,27.66,30775.0
2026-06-22 23:20:00+08:00,NYSE:UMC,27.68,27.84,27.65,27.82,16083.0
2026-06-22 23:25:00+08:00,NYSE:UMC,27.83,27.83,27.71,27.81,10410.0
2026-06-22 23:30:00+08:00,NYSE:UMC,27.79,27.8,27.69,27.69,19191.0
2026-06-22 23:35:00+08:00,NYSE:UMC,27.69,27.74,27.675,27.685,12439.0
2026-06-22 23:40:00+08:00,NYSE:UMC,27.69,27.88,27.69,27.84,11724.0
2026-06-22 23:45:00+08:00,NYSE:UMC,27.83,27.885,27.76,27.8,18431.0
2026-06-22 23:50:00+08:00,NYSE:UMC,27.79,27.88,27.775,27.775,27065.0
2026-06-22 23:55:00+08:00,NYSE:UMC,27.76,27.805,27.71,27.71,12464.0
2026-06-23 00:00:00+08:00,NYSE:UMC,27.71,27.71,27.52,27.53,30133.0
2026-06-23 00:05:00+08:00,NYSE:UMC,27.52,27.55,27.47,27.51,18678.0
2026-06-23 00:10:00+08:00,NYSE:UMC,27.51,27.65,27.51,27.64,11551.0
2026-06-23 00:15:00+08:00,NYSE:UMC,27.64,27.64,27.57,27.635,5803.0
2026-06-23 00:20:00+08:00,NYSE:UMC,27.66,27.72,27.64,27.67,8537.0
2026-06-23 00:25:00+08:00,NYSE:UMC,27.67,27.7,27.62,27.67,6292.0
2026-06-23 00:30:00+08:00,NYSE:UMC,27.66,27.67,27.6,27.61,6982.0
2026-06-23 00:35:00+08:00,NYSE:UMC,27.615,27.65,27.58,27.65,14206.0
2026-06-23 00:40:00+08:00,NYSE:UMC,27.65,27.65,27.54,27.54,10185.0
2026-06-23 00:45:00+08:00,NYSE:UMC,27.545,27.68,27.5,27.675,28796.0
2026-06-23 00:50:00+08:00,NYSE:UMC,27.68,27.805,27.68,27.8,4910.0
2026-06-23 00:55:00+08:00,NYSE:UMC,27.78,27.78,27.71,27.73,9826.0
2026-06-23 01:00:00+08:00,NYSE:UMC,27.72,27.765,27.72,27.74,5160.0
2026-06-23 01:05:00+08:00,NYSE:UMC,27.73,27.73,27.61,27.61,23941.0
2026-06-23 01:10:00+08:00,NYSE:UMC,27.6,27.6,27.56,27.57,5427.0
2026-06-23 01:15:00+08:00,NYSE:UMC,27.59,27.65,27.59,27.65,6264.0
2026-06-23 01:20:00+08:00,NYSE:UMC,27.655,27.695,27.64,27.67,3222.0
2026-06-23 01:25:00+08:00,NYSE:UMC,27.65,27.69,27.64,27.645,18369.0
2026-06-23 01:30:00+08:00,NYSE:UMC,27.64,27.64,27.535,27.57,14757.0
2026-06-23 01:35:00+08:00,NYSE:UMC,27.57,27.59,27.53,27.555,4429.0
2026-06-23 01:40:00+08:00,NYSE:UMC,27.56,27.56,27.45,27.455,7666.0
2026-06-23 01:45:00+08:00,NYSE:UMC,27.47,27.565,27.45,27.55,18949.0
2026-06-23 01:50:00+08:00,NYSE:UMC,27.555,27.575,27.53,27.56,5667.0
2026-06-23 01:55:00+08:00,NYSE:UMC,27.555,27.56,27.525,27.53,6586.0
2026-06-23 02:00:00+08:00,NYSE:UMC,27.55,27.59,27.54,27.585,9309.0
2026-06-23 02:05:00+08:00,NYSE:UMC,27.59,27.615,27.575,27.595,7440.0
2026-06-23 02:10:00+08:00,NYSE:UMC,27.6,27.6,27.55,27.565,2384.0
2026-06-23 02:15:00+08:00,NYSE:UMC,27.57,27.595,27.55,27.55,6186.0
2026-06-23 02:20:00+08:00,NYSE:UMC,27.56,27.615,27.56,27.6,5308.0
2026-06-23 02:25:00+08:00,NYSE:UMC,27.61,27.63,27.585,27.59,8273.0
2026-06-23 02:30:00+08:00,NYSE:UMC,27.59,27.63,27.59,27.59,5037.0
2026-06-23 02:35:00+08:00,NYSE:UMC,27.595,27.615,27.565,27.565,6768.0
2026-06-23 02:40:00+08:00,NYSE:UMC,27.56,27.565,27.485,27.495,6422.0
2026-06-23 02:45:00+08:00,NYSE:UMC,27.49,27.56,27.49,27.545,10739.0
2026-06-23 02:50:00+08:00,NYSE:UMC,27.54,27.575,27.505,27.54,7779.0
2026-06-23 02:55:00+08:00,NYSE:UMC,27.51,27.52,27.495,27.5,7243.0
2026-06-23 03:00:00+08:00,NYSE:UMC,27.51,27.555,27.5,27.55,3740.0
2026-06-23 03:05:00+08:00,NYSE:UMC,27.555,27.56,27.475,27.5,5360.0
2026-06-23 03:10:00+08:00,NYSE:UMC,27.5,27.545,27.47,27.52,4493.0
2026-06-23 03:15:00+08:00,NYSE:UMC,27.515,27.515,27.465,27.49,5937.0
2026-06-23 03:20:00+08:00,NYSE:UMC,27.495,27.495,27.405,27.425,35724.0
2026-06-23 03:25:00+08:00,NYSE:UMC,27.43,27.435,27.395,27.42,8023.0
2026-06-23 03:30:00+08:00,NYSE:UMC,27.42,27.48,27.42,27.42,8697.0
2026-06-23 03:35:00+08:00,NYSE:UMC,27.415,27.42,27.365,27.39,10315.0
2026-06-23 03:40:00+08:00,NYSE:UMC,27.38,27.39,27.31,27.315,15113.0
2026-06-23 03:45:00+08:00,NYSE:UMC,27.32,27.345,27.3,27.34,19649.0
2026-06-23 03:50:00+08:00,NYSE:UMC,27.33,27.37,27.245,27.255,47413.0
2026-06-23 03:55:00+08:00,NYSE:UMC,27.26,27.51,27.18,27.48,197325.0
2026-06-23 21:30:00+08:00,NYSE:UMC,25.93,26.52,25.89,26.43,62635.0
2026-06-23 21:35:00+08:00,NYSE:UMC,26.43,26.43,25.93,26.08,45376.0
2026-06-23 21:40:00+08:00,NYSE:UMC,26.07,26.07,25.89,26.0,35181.0
2026-06-23 21:45:00+08:00,NYSE:UMC,25.97,26.08,25.89,26.0,41526.0
2026-06-23 21:50:00+08:00,NYSE:UMC,26.005,26.47,26.0,26.37,41251.0
2026-06-23 21:55:00+08:00,NYSE:UMC,26.34,26.455,26.25,26.455,23435.0
2026-06-23 22:00:00+08:00,NYSE:UMC,26.44,26.685,26.44,26.615,34636.0
2026-06-23 22:05:00+08:00,NYSE:UMC,26.61,26.62,26.43,26.54,20434.0
2026-06-23 22:10:00+08:00,NYSE:UMC,26.55,26.595,26.49,26.57,13189.0
2026-06-23 22:15:00+08:00,NYSE:UMC,26.56,26.59,26.465,26.53,12916.0
2026-06-23 22:20:00+08:00,NYSE:UMC,26.54,26.7,26.51,26.515,17960.0
2026-06-23 22:25:00+08:00,NYSE:UMC,26.52,26.54,26.31,26.39,20559.0
2026-06-23 22:30:00+08:00,NYSE:UMC,26.39,26.42,26.21,26.34,24212.0
2026-06-23 22:35:00+08:00,NYSE:UMC,26.31,26.44,26.25,26.25,22941.0
2026-06-23 22:40:00+08:00,NYSE:UMC,26.26,26.27,26.195,26.21,21857.0
2026-06-23 22:45:00+08:00,NYSE:UMC,26.21,26.22,26.08,26.16,21230.0
2026-06-23 22:50:00+08:00,NYSE:UMC,26.17,26.31,26.12,26.14,22826.0
2026-06-23 22:55:00+08:00,NYSE:UMC,26.13,26.28,26.09,26.27,16325.0
2026-06-23 23:00:00+08:00,NYSE:UMC,26.28,26.42,26.26,26.36,19070.0
2026-06-23 23:05:00+08:00,NYSE:UMC,26.35,26.405,26.255,26.255,14814.0
2026-06-23 23:10:00+08:00,NYSE:UMC,26.255,26.29,26.125,26.16,15749.0
2026-06-23 23:15:00+08:00,NYSE:UMC,26.17,26.26,26.12,26.17,136335.0
2026-06-23 23:20:00+08:00,NYSE:UMC,26.16,26.27,26.16,26.2,13220.0
2026-06-23 23:25:00+08:00,NYSE:UMC,26.195,26.24,26.17,26.17,10037.0
2026-06-23 23:30:00+08:00,NYSE:UMC,26.18,26.335,26.18,26.32,10819.0
2026-06-23 23:35:00+08:00,NYSE:UMC,26.31,26.38,26.24,26.26,9568.0
2026-06-23 23:40:00+08:00,NYSE:UMC,26.27,26.28,26.195,26.2,9530.0
2026-06-23 23:45:00+08:00,NYSE:UMC,26.2,26.23,26.16,26.16,8498.0
2026-06-23 23:50:00+08:00,NYSE:UMC,26.17,26.38,26.17,26.35,7399.0
2026-06-23 23:55:00+08:00,NYSE:UMC,26.34,26.38,26.29,26.355,12739.0
2026-06-24 00:00:00+08:00,NYSE:UMC,26.36,26.54,26.33,26.5,17309.0
2026-06-24 00:05:00+08:00,NYSE:UMC,26.5,26.54,26.37,26.48,11227.0
2026-06-24 00:10:00+08:00,NYSE:UMC,26.47,26.65,26.465,26.63,16034.0
2026-06-24 00:15:00+08:00,NYSE:UMC,26.63,26.63,26.47,26.475,24887.0
2026-06-24 00:20:00+08:00,NYSE:UMC,26.48,26.53,26.37,26.5,19891.0
2026-06-24 00:25:00+08:00,NYSE:UMC,26.49,26.53,26.425,26.485,12527.0
2026-06-24 00:30:00+08:00,NYSE:UMC,26.49,26.53,26.41,26.43,9191.0
2026-06-24 00:35:00+08:00,NYSE:UMC,26.425,26.47,26.405,26.46,13640.0
2026-06-24 00:40:00+08:00,NYSE:UMC,26.45,26.58,26.45,26.57,5207.0
2026-06-24 00:45:00+08:00,NYSE:UMC,26.58,26.58,26.465,26.505,8694.0
2026-06-24 00:50:00+08:00,NYSE:UMC,26.5,26.53,26.465,26.49,7972.0
2026-06-24 00:55:00+08:00,NYSE:UMC,26.5,26.55,26.47,26.525,7596.0
2026-06-24 01:00:00+08:00,NYSE:UMC,26.53,26.53,26.42,26.45,9642.0
2026-06-24 01:05:00+08:00,NYSE:UMC,26.45,26.47,26.415,26.45,8163.0
2026-06-24 01:10:00+08:00,NYSE:UMC,26.455,26.595,26.455,26.535,10285.0
2026-06-24 01:15:00+08:00,NYSE:UMC,26.55,26.55,26.495,26.52,8462.0
2026-06-24 01:20:00+08:00,NYSE:UMC,26.52,26.6,26.505,26.59,6955.0
2026-06-24 01:25:00+08:00,NYSE:UMC,26.59,26.65,26.585,26.61,6786.0
2026-06-24 01:30:00+08:00,NYSE:UMC,26.6,26.6,26.505,26.55,5744.0
2026-06-24 01:35:00+08:00,NYSE:UMC,26.545,26.58,26.47,26.47,8678.0
2026-06-24 01:40:00+08:00,NYSE:UMC,26.475,26.48,26.445,26.465,4362.0
2026-06-24 01:45:00+08:00,NYSE:UMC,26.46,26.47,26.415,26.435,9175.0
2026-06-24 01:50:00+08:00,NYSE:UMC,26.43,26.43,26.375,26.39,10228.0
2026-06-24 01:55:00+08:00,NYSE:UMC,26.38,26.41,26.37,26.39,6755.0
2026-06-24 02:00:00+08:00,NYSE:UMC,26.4,26.46,26.395,26.41,12408.0
2026-06-24 02:05:00+08:00,NYSE:UMC,26.405,26.42,26.355,26.38,8438.0
2026-06-24 02:10:00+08:00,NYSE:UMC,26.39,26.39,26.355,26.375,8783.0
2026-06-24 02:15:00+08:00,NYSE:UMC,26.375,26.39,26.325,26.35,7859.0
2026-06-24 02:20:00+08:00,NYSE:UMC,26.35,26.395,26.335,26.385,5691.0
2026-06-24 02:25:00+08:00,NYSE:UMC,26.38,26.46,26.37,26.445,8264.0
2026-06-24 02:30:00+08:00,NYSE:UMC,26.45,26.45,26.365,26.365,8261.0
2026-06-24 02:35:00+08:00,NYSE:UMC,26.37,26.39,26.35,26.355,4105.0
2026-06-24 02:40:00+08:00,NYSE:UMC,26.35,26.35,26.22,26.24,10051.0
2026-06-24 02:45:00+08:00,NYSE:UMC,26.24,26.24,26.15,26.23,11999.0
2026-06-24 02:50:00+08:00,NYSE:UMC,26.225,26.27,26.13,26.17,9751.0
2026-06-24 02:55:00+08:00,NYSE:UMC,26.17,26.245,26.14,26.235,12323.0
2026-06-24 03:00:00+08:00,NYSE:UMC,26.21,26.405,26.21,26.39,15251.0
2026-06-24 03:05:00+08:00,NYSE:UMC,26.39,26.43,26.205,26.22,16543.0
2026-06-24 03:10:00+08:00,NYSE:UMC,26.22,26.31,26.155,26.285,23980.0
2026-06-24 03:15:00+08:00,NYSE:UMC,26.275,26.32,26.215,26.215,18355.0
2026-06-24 03:20:00+08:00,NYSE:UMC,26.205,26.32,26.15,26.305,21653.0
2026-06-24 03:25:00+08:00,NYSE:UMC,26.285,26.39,26.27,26.37,18298.0
2026-06-24 03:30:00+08:00,NYSE:UMC,26.37,26.42,26.325,26.4,31929.0
2026-06-24 03:35:00+08:00,NYSE:UMC,26.405,26.43,26.35,26.39,25777.0
2026-06-24 03:40:00+08:00,NYSE:UMC,26.375,26.395,26.295,26.34,26191.0
2026-06-24 03:45:00+08:00,NYSE:UMC,26.36,26.365,26.225,26.355,59434.0
2026-06-24 03:50:00+08:00,NYSE:UMC,26.35,26.36,26.175,26.305,66013.0
2026-06-24 03:55:00+08:00,NYSE:UMC,26.315,26.39,26.185,26.22,240586.0
2026-06-24 21:30:00+08:00,NYSE:UMC,26.69,27.51,26.57,27.43,93606.0
2026-06-24 21:35:00+08:00,NYSE:UMC,27.42,27.42,26.91,26.98,45085.0
2026-06-24 21:40:00+08:00,NYSE:UMC,27.0,27.0,26.43,26.64,55369.0
2026-06-24 21:45:00+08:00,NYSE:UMC,26.63,27.12,26.63,27.065,43897.0
2026-06-24 21:50:00+08:00,NYSE:UMC,27.07,27.38,27.045,27.29,22742.0
2026-06-24 21:55:00+08:00,NYSE:UMC,27.28,27.28,27.03,27.15,24065.0
2026-06-24 22:00:00+08:00,NYSE:UMC,27.16,27.19,26.895,27.11,67170.0
2026-06-24 22:05:00+08:00,NYSE:UMC,27.09,27.38,27.09,27.32,21096.0
2026-06-24 22:10:00+08:00,NYSE:UMC,27.31,27.49,27.3,27.42,24812.0
2026-06-24 22:15:00+08:00,NYSE:UMC,27.42,27.45,27.205,27.22,39014.0
2026-06-24 22:20:00+08:00,NYSE:UMC,27.22,27.415,27.11,27.41,23061.0
2026-06-24 22:25:00+08:00,NYSE:UMC,27.41,27.67,27.4,27.57,25800.0
2026-06-24 22:30:00+08:00,NYSE:UMC,27.59,27.865,27.59,27.82,30520.0
2026-06-24 22:35:00+08:00,NYSE:UMC,27.805,27.98,27.805,27.84,41557.0
2026-06-24 22:40:00+08:00,NYSE:UMC,27.895,27.895,27.74,27.81,12154.0
2026-06-24 22:45:00+08:00,NYSE:UMC,27.8,27.99,27.77,27.98,19216.0
2026-06-24 22:50:00+08:00,NYSE:UMC,27.98,28.075,27.94,27.95,19029.0
2026-06-24 22:55:00+08:00,NYSE:UMC,27.915,28.125,27.85,28.12,15026.0
2026-06-24 23:00:00+08:00,NYSE:UMC,28.1,28.19,28.06,28.14,10554.0
2026-06-24 23:05:00+08:00,NYSE:UMC,28.155,28.2,27.97,28.01,20345.0
2026-06-24 23:10:00+08:00,NYSE:UMC,28.01,28.265,28.01,28.23,80941.0
2026-06-24 23:15:00+08:00,NYSE:UMC,28.22,28.41,28.22,28.38,66618.0
2026-06-24 23:20:00+08:00,NYSE:UMC,28.38,28.48,28.22,28.23,61396.0
2026-06-24 23:25:00+08:00,NYSE:UMC,28.235,28.45,28.21,28.43,19858.0
2026-06-24 23:30:00+08:00,NYSE:UMC,28.425,28.505,28.355,28.495,22084.0
2026-06-24 23:35:00+08:00,NYSE:UMC,28.5,28.575,28.33,28.355,17932.0
2026-06-24 23:40:00+08:00,NYSE:UMC,28.375,28.38,28.15,28.38,53856.0
2026-06-24 23:45:00+08:00,NYSE:UMC,28.375,28.445,28.3,28.425,29430.0
2026-06-24 23:50:00+08:00,NYSE:UMC,28.43,28.495,28.415,28.48,10454.0
2026-06-24 23:55:00+08:00,NYSE:UMC,28.49,28.5,28.445,28.455,5858.0
2026-06-25 00:00:00+08:00,NYSE:UMC,28.485,28.58,28.47,28.53,10981.0
2026-06-25 00:05:00+08:00,NYSE:UMC,28.52,28.52,28.415,28.45,3730.0
2026-06-25 00:10:00+08:00,NYSE:UMC,28.47,28.62,28.465,28.615,11319.0
2026-06-25 00:15:00+08:00,NYSE:UMC,28.615,28.63,28.565,28.61,9948.0
2026-06-25 00:20:00+08:00,NYSE:UMC,28.605,28.655,28.565,28.65,8010.0
2026-06-25 00:25:00+08:00,NYSE:UMC,28.655,28.655,28.575,28.645,9566.0
2026-06-25 00:30:00+08:00,NYSE:UMC,28.64,28.64,28.56,28.56,5593.0
2026-06-25 00:35:00+08:00,NYSE:UMC,28.58,28.59,28.335,28.34,10449.0
2026-06-25 00:40:00+08:00,NYSE:UMC,28.33,28.36,28.23,28.285,27405.0
2026-06-25 00:45:00+08:00,NYSE:UMC,28.285,28.32,28.22,28.3,9578.0
2026-06-25 00:50:00+08:00,NYSE:UMC,28.32,28.35,28.13,28.13,8297.0
2026-06-25 00:55:00+08:00,NYSE:UMC,28.13,28.285,28.11,28.19,30532.0
2026-06-25 01:00:00+08:00,NYSE:UMC,28.17,28.26,28.16,28.26,13640.0
2026-06-25 01:05:00+08:00,NYSE:UMC,28.255,28.255,27.955,27.98,20441.0
2026-06-25 01:10:00+08:00,NYSE:UMC,27.985,27.99,27.905,27.905,8585.0
2026-06-25 01:15:00+08:00,NYSE:UMC,27.95,27.96,27.815,27.88,9244.0
2026-06-25 01:20:00+08:00,NYSE:UMC,27.87,27.87,27.75,27.76,11401.0
2026-06-25 01:25:00+08:00,NYSE:UMC,27.76,27.805,27.74,27.76,6565.0
2026-06-25 01:30:00+08:00,NYSE:UMC,27.765,27.845,27.665,27.81,11424.0
2026-06-25 01:35:00+08:00,NYSE:UMC,27.82,27.86,27.64,27.7,19130.0
2026-06-25 01:40:00+08:00,NYSE:UMC,27.7,27.76,27.615,27.625,8903.0
2026-06-25 01:45:00+08:00,NYSE:UMC,27.625,27.765,27.565,27.755,16759.0
2026-06-25 01:50:00+08:00,NYSE:UMC,27.75,27.76,27.65,27.7,11778.0
2026-06-25 01:55:00+08:00,NYSE:UMC,27.715,27.77,27.62,27.68,10447.0
2026-06-25 02:00:00+08:00,NYSE:UMC,27.68,27.71,27.57,27.59,15386.0
2026-06-25 02:05:00+08:00,NYSE:UMC,27.58,27.735,27.58,27.735,10408.0
2026-06-25 02:10:00+08:00,NYSE:UMC,27.73,27.73,27.675,27.71,17052.0
2026-06-25 02:15:00+08:00,NYSE:UMC,27.72,27.93,27.715,27.88,15967.0
2026-06-25 02:20:00+08:00,NYSE:UMC,27.89,27.95,27.87,27.94,7146.0
2026-06-25 02:25:00+08:00,NYSE:UMC,27.95,28.0,27.95,27.97,10661.0
2026-06-25 02:30:00+08:00,NYSE:UMC,27.97,27.99,27.88,27.895,10096.0
2026-06-25 02:35:00+08:00,NYSE:UMC,27.91,27.91,27.82,27.83,8857.0
2026-06-25 02:40:00+08:00,NYSE:UMC,27.83,27.83,27.745,27.77,9620.0
2026-06-25 02:45:00+08:00,NYSE:UMC,27.77,27.77,27.575,27.635,7581.0
2026-06-25 02:50:00+08:00,NYSE:UMC,27.64,27.75,27.62,27.725,13846.0
2026-06-25 02:55:00+08:00,NYSE:UMC,27.73,27.79,27.62,27.635,11056.0
2026-06-25 03:00:00+08:00,NYSE:UMC,27.655,27.82,27.62,27.775,7258.0
2026-06-25 03:05:00+08:00,NYSE:UMC,27.77,27.77,27.53,27.54,13528.0
2026-06-25 03:10:00+08:00,NYSE:UMC,27.54,27.54,27.41,27.495,19901.0
2026-06-25 03:15:00+08:00,NYSE:UMC,27.5,27.5,27.435,27.485,15466.0
2026-06-25 03:20:00+08:00,NYSE:UMC,27.495,27.605,27.48,27.585,8698.0
2026-06-25 03:25:00+08:00,NYSE:UMC,27.61,27.805,27.61,27.78,15925.0
2026-06-25 03:30:00+08:00,NYSE:UMC,27.785,27.86,27.715,27.745,14353.0
2026-06-25 03:35:00+08:00,NYSE:UMC,27.745,27.82,27.705,27.785,11963.0
2026-06-25 03:40:00+08:00,NYSE:UMC,27.785,27.79,27.595,27.66,15753.0
2026-06-25 03:45:00+08:00,NYSE:UMC,27.67,27.775,27.64,27.775,19263.0
2026-06-25 03:50:00+08:00,NYSE:UMC,27.77,27.9,27.77,27.89,28019.0
2026-06-25 03:55:00+08:00,NYSE:UMC,27.89,28.09,27.835,28.015,153883.0
2026-06-25 21:30:00+08:00,NYSE:UMC,28.255,28.96,28.255,28.76,67677.0
2026-06-25 21:35:00+08:00,NYSE:UMC,28.72,28.83,28.49,28.53,37116.0
2026-06-25 21:40:00+08:00,NYSE:UMC,28.54,28.6,27.95,28.04,69979.0
2026-06-25 21:45:00+08:00,NYSE:UMC,28.08,28.11,27.74,28.09,95692.0
2026-06-25 21:50:00+08:00,NYSE:UMC,28.03,28.22,27.53,27.57,53885.0
2026-06-25 21:55:00+08:00,NYSE:UMC,27.59,27.81,27.45,27.61,57408.0
2026-06-25 22:00:00+08:00,NYSE:UMC,27.605,27.92,27.56,27.68,55158.0
2026-06-25 22:05:00+08:00,NYSE:UMC,27.665,27.8,27.62,27.79,14428.0
2026-06-25 22:10:00+08:00,NYSE:UMC,27.78,27.94,27.5,27.5,28487.0
2026-06-25 22:15:00+08:00,NYSE:UMC,27.5,27.64,27.34,27.54,37257.0
2026-06-25 22:20:00+08:00,NYSE:UMC,27.53,27.75,27.475,27.56,16467.0
2026-06-25 22:25:00+08:00,NYSE:UMC,27.59,27.69,27.505,27.585,18243.0
2026-06-25 22:30:00+08:00,NYSE:UMC,27.56,27.71,27.52,27.625,15269.0
2026-06-25 22:35:00+08:00,NYSE:UMC,27.67,27.68,27.5,27.61,23513.0
2026-06-25 22:40:00+08:00,NYSE:UMC,27.61,27.7,27.44,27.495,42569.0
2026-06-25 22:45:00+08:00,NYSE:UMC,27.505,27.735,27.42,27.73,24294.0
2026-06-25 22:50:00+08:00,NYSE:UMC,27.735,27.87,27.66,27.84,15183.0
2026-06-25 22:55:00+08:00,NYSE:UMC,27.84,27.84,27.66,27.67,28811.0
2026-06-25 23:00:00+08:00,NYSE:UMC,27.695,27.9,27.67,27.88,18552.0
2026-06-25 23:05:00+08:00,NYSE:UMC,27.88,27.88,27.77,27.79,8914.0
2026-06-25 23:10:00+08:00,NYSE:UMC,27.78,27.785,27.52,27.56,18200.0
2026-06-25 23:15:00+08:00,NYSE:UMC,27.52,27.7,27.49,27.7,17748.0
2026-06-25 23:20:00+08:00,NYSE:UMC,27.69,27.71,27.61,27.685,17147.0
2026-06-25 23:25:00+08:00,NYSE:UMC,27.66,27.66,27.525,27.555,16086.0
2026-06-25 23:30:00+08:00,NYSE:UMC,27.545,27.63,27.54,27.58,6841.0
2026-06-25 23:35:00+08:00,NYSE:UMC,27.58,27.63,27.58,27.6,4884.0
2026-06-25 23:40:00+08:00,NYSE:UMC,27.62,27.7,27.61,27.69,6343.0
2026-06-25 23:45:00+08:00,NYSE:UMC,27.68,27.77,27.68,27.71,7276.0
2026-06-25 23:50:00+08:00,NYSE:UMC,27.73,27.895,27.695,27.87,15562.0
2026-06-25 23:55:00+08:00,NYSE:UMC,27.87,27.87,27.74,27.75,6503.0
2026-06-26 00:00:00+08:00,NYSE:UMC,27.75,27.81,27.74,27.795,5782.0
2026-06-26 00:05:00+08:00,NYSE:UMC,27.8,27.975,27.765,27.945,14100.0
2026-06-26 00:10:00+08:00,NYSE:UMC,27.94,28.03,27.83,27.9,40183.0
2026-06-26 00:15:00+08:00,NYSE:UMC,27.915,27.94,27.855,27.865,46189.0
2026-06-26 00:20:00+08:00,NYSE:UMC,27.87,27.88,27.65,27.71,39748.0
2026-06-26 00:25:00+08:00,NYSE:UMC,27.71,27.75,27.66,27.73,15593.0
2026-06-26 00:30:00+08:00,NYSE:UMC,27.73,27.74,27.61,27.63,29377.0
2026-06-26 00:35:00+08:00,NYSE:UMC,27.62,27.71,27.58,27.59,13959.0
2026-06-26 00:40:00+08:00,NYSE:UMC,27.59,27.6,27.41,27.43,18899.0
2026-06-26 00:45:00+08:00,NYSE:UMC,27.435,27.515,27.34,27.5,13150.0
2026-06-26 00:50:00+08:00,NYSE:UMC,27.49,27.66,27.455,27.65,11885.0
2026-06-26 00:55:00+08:00,NYSE:UMC,27.62,27.675,27.57,27.67,8186.0
2026-06-26 01:00:00+08:00,NYSE:UMC,27.68,27.74,27.68,27.72,5303.0
2026-06-26 01:05:00+08:00,NYSE:UMC,27.72,27.74,27.7,27.74,5570.0
2026-06-26 01:10:00+08:00,NYSE:UMC,27.75,27.92,27.75,27.87,14402.0
2026-06-26 01:15:00+08:00,NYSE:UMC,27.88,27.98,27.84,27.84,6297.0
2026-06-26 01:20:00+08:00,NYSE:UMC,27.84,27.92,27.805,27.92,11376.0
2026-06-26 01:25:00+08:00,NYSE:UMC,27.92,27.96,27.905,27.95,6248.0
2026-06-26 01:30:00+08:00,NYSE:UMC,27.96,27.965,27.865,27.885,2947.0
2026-06-26 01:35:00+08:00,NYSE:UMC,27.885,27.92,27.88,27.91,7226.0
2026-06-26 01:40:00+08:00,NYSE:UMC,27.9,27.915,27.79,27.815,8288.0
2026-06-26 01:45:00+08:00,NYSE:UMC,27.81,27.81,27.75,27.77,4913.0
2026-06-26 01:50:00+08:00,NYSE:UMC,27.775,27.87,27.77,27.845,6515.0
2026-06-26 01:55:00+08:00,NYSE:UMC,27.84,27.92,27.83,27.91,4316.0
2026-06-26 02:00:00+08:00,NYSE:UMC,27.91,27.93,27.78,27.795,4908.0
2026-06-26 02:05:00+08:00,NYSE:UMC,27.8,27.84,27.735,27.82,10118.0
2026-06-26 02:10:00+08:00,NYSE:UMC,27.83,27.86,27.815,27.845,3366.0
2026-06-26 02:15:00+08:00,NYSE:UMC,27.84,27.895,27.8,27.865,5056.0
2026-06-26 02:20:00+08:00,NYSE:UMC,27.86,27.875,27.805,27.84,4299.0
2026-06-26 02:25:00+08:00,NYSE:UMC,27.845,27.94,27.845,27.91,3470.0
2026-06-26 02:30:00+08:00,NYSE:UMC,27.895,27.895,27.735,27.77,7034.0
2026-06-26 02:35:00+08:00,NYSE:UMC,27.77,27.77,27.705,27.74,6270.0
2026-06-26 02:40:00+08:00,NYSE:UMC,27.735,27.77,27.685,27.76,3744.0
2026-06-26 02:45:00+08:00,NYSE:UMC,27.735,27.74,27.61,27.69,10188.0
2026-06-26 02:50:00+08:00,NYSE:UMC,27.7,27.77,27.69,27.74,4332.0
2026-06-26 02:55:00+08:00,NYSE:UMC,27.75,27.8,27.75,27.8,5576.0
2026-06-26 03:00:00+08:00,NYSE:UMC,27.8,27.825,27.66,27.665,9104.0
2026-06-26 03:05:00+08:00,NYSE:UMC,27.64,27.68,27.63,27.655,9317.0
2026-06-26 03:10:00+08:00,NYSE:UMC,27.65,27.7,27.63,27.65,6129.0
2026-06-26 03:15:00+08:00,NYSE:UMC,27.64,27.64,27.53,27.575,8563.0
2026-06-26 03:20:00+08:00,NYSE:UMC,27.585,27.67,27.555,27.67,9545.0
2026-06-26 03:25:00+08:00,NYSE:UMC,27.69,27.79,27.68,27.78,11596.0
2026-06-26 03:30:00+08:00,NYSE:UMC,27.78,27.79,27.63,27.71,14800.0
2026-06-26 03:35:00+08:00,NYSE:UMC,27.72,27.73,27.69,27.71,12570.0
2026-06-26 03:40:00+08:00,NYSE:UMC,27.71,27.79,27.67,27.765,11959.0
2026-06-26 03:45:00+08:00,NYSE:UMC,27.775,27.79,27.555,27.57,27260.0
2026-06-26 03:50:00+08:00,NYSE:UMC,27.56,27.68,27.53,27.675,9891.0
2026-06-26 03:55:00+08:00,NYSE:UMC,27.675,27.78,27.66,27.685,148215.0
2026-06-26 21:30:00+08:00,NYSE:UMC,25.5,26.09,25.36,25.43,89254.0
2026-06-26 21:35:00+08:00,NYSE:UMC,25.43,25.62,25.15,25.22,47122.0
2026-06-26 21:40:00+08:00,NYSE:UMC,25.22,25.54,25.2,25.46,29276.0
2026-06-26 21:45:00+08:00,NYSE:UMC,25.455,25.5,25.29,25.33,27364.0
2026-06-26 21:50:00+08:00,NYSE:UMC,25.33,25.43,25.18,25.27,21686.0
2026-06-26 21:55:00+08:00,NYSE:UMC,25.24,25.55,25.17,25.465,35805.0
2026-06-26 22:00:00+08:00,NYSE:UMC,25.46,25.64,25.44,25.58,16298.0
2026-06-26 22:05:00+08:00,NYSE:UMC,25.61,25.835,25.59,25.81,13954.0
2026-06-26 22:10:00+08:00,NYSE:UMC,25.79,25.79,25.6,25.685,8979.0
2026-06-26 22:15:00+08:00,NYSE:UMC,25.7,25.7,25.535,25.535,12659.0
2026-06-26 22:20:00+08:00,NYSE:UMC,25.53,25.8,25.53,25.73,21130.0
2026-06-26 22:25:00+08:00,NYSE:UMC,25.73,25.765,25.61,25.67,12253.0
2026-06-26 22:30:00+08:00,NYSE:UMC,25.66,25.71,25.49,25.58,18424.0
2026-06-26 22:35:00+08:00,NYSE:UMC,25.54,25.54,25.255,25.3,25859.0
2026-06-26 22:40:00+08:00,NYSE:UMC,25.3,25.43,25.19,25.23,17756.0
2026-06-26 22:45:00+08:00,NYSE:UMC,25.235,25.32,25.195,25.27,29081.0
2026-06-26 22:50:00+08:00,NYSE:UMC,25.285,25.375,25.155,25.16,33465.0
2026-06-26 22:55:00+08:00,NYSE:UMC,25.18,25.21,25.115,25.17,12751.0
2026-06-26 23:00:00+08:00,NYSE:UMC,25.16,25.16,25.0,25.0,19463.0
2026-06-26 23:05:00+08:00,NYSE:UMC,25.0,25.245,24.87,25.24,41311.0
2026-06-26 23:10:00+08:00,NYSE:UMC,25.235,25.235,25.05,25.1,8633.0
2026-06-26 23:15:00+08:00,NYSE:UMC,25.1,25.25,25.03,25.24,16414.0
2026-06-26 23:20:00+08:00,NYSE:UMC,25.25,25.4,25.21,25.385,8601.0
2026-06-26 23:25:00+08:00,NYSE:UMC,25.38,25.415,25.33,25.405,9075.0
2026-06-26 23:30:00+08:00,NYSE:UMC,25.42,25.465,25.27,25.27,11136.0
2026-06-26 23:35:00+08:00,NYSE:UMC,25.285,25.41,25.275,25.385,7313.0
2026-06-26 23:40:00+08:00,NYSE:UMC,25.385,25.475,25.35,25.44,8860.0
2026-06-26 23:45:00+08:00,NYSE:UMC,25.435,25.435,25.31,25.315,9651.0
2026-06-26 23:50:00+08:00,NYSE:UMC,25.32,25.4,25.285,25.37,11188.0
2026-06-26 23:55:00+08:00,NYSE:UMC,25.37,25.48,25.37,25.42,4318.0
2026-06-27 00:00:00+08:00,NYSE:UMC,25.4,25.4,25.33,25.375,8230.0
2026-06-27 00:05:00+08:00,NYSE:UMC,25.38,25.435,25.38,25.39,5253.0
2026-06-27 00:10:00+08:00,NYSE:UMC,25.385,25.44,25.35,25.43,4782.0
2026-06-27 00:15:00+08:00,NYSE:UMC,25.43,25.445,25.365,25.38,7791.0
2026-06-27 00:20:00+08:00,NYSE:UMC,25.38,25.41,25.325,25.4,7562.0
2026-06-27 00:25:00+08:00,NYSE:UMC,25.395,25.47,25.39,25.455,3768.0
2026-06-27 00:30:00+08:00,NYSE:UMC,25.465,25.55,25.455,25.55,5282.0
2026-06-27 00:35:00+08:00,NYSE:UMC,25.58,25.61,25.535,25.545,4813.0
2026-06-27 00:40:00+08:00,NYSE:UMC,25.57,25.645,25.555,25.63,3952.0
2026-06-27 00:45:00+08:00,NYSE:UMC,25.625,25.645,25.595,25.64,3833.0
2026-06-27 00:50:00+08:00,NYSE:UMC,25.645,25.7,25.645,25.68,6617.0
2026-06-27 00:55:00+08:00,NYSE:UMC,25.685,25.685,25.625,25.635,2544.0
2026-06-27 01:00:00+08:00,NYSE:UMC,25.63,25.685,25.625,25.675,3181.0
2026-06-27 01:05:00+08:00,NYSE:UMC,25.685,25.77,25.685,25.77,3890.0
2026-06-27 01:10:00+08:00,NYSE:UMC,25.785,25.83,25.76,25.8,4637.0
2026-06-27 01:15:00+08:00,NYSE:UMC,25.785,25.79,25.72,25.76,9299.0
2026-06-27 01:20:00+08:00,NYSE:UMC,25.755,25.78,25.71,25.71,6741.0
2026-06-27 01:25:00+08:00,NYSE:UMC,25.71,25.79,25.695,25.775,5275.0
2026-06-27 01:30:00+08:00,NYSE:UMC,25.77,25.8,25.685,25.7,14293.0
2026-06-27 01:35:00+08:00,NYSE:UMC,25.69,25.69,25.65,25.65,3220.0
2026-06-27 01:40:00+08:00,NYSE:UMC,25.65,25.65,25.6,25.6,4347.0
2026-06-27 01:45:00+08:00,NYSE:UMC,25.59,25.69,25.59,25.64,3508.0
2026-06-27 01:50:00+08:00,NYSE:UMC,25.63,25.695,25.63,25.68,5657.0
2026-06-27 01:55:00+08:00,NYSE:UMC,25.67,25.675,25.61,25.64,19854.0
2026-06-27 02:00:00+08:00,NYSE:UMC,25.63,25.63,25.595,25.615,3236.0
2026-06-27 02:05:00+08:00,NYSE:UMC,25.61,25.635,25.565,25.57,4844.0
2026-06-27 02:10:00+08:00,NYSE:UMC,25.57,25.575,25.55,25.57,3096.0
2026-06-27 02:15:00+08:00,NYSE:UMC,25.58,25.58,25.51,25.51,6577.0
2026-06-27 02:20:00+08:00,NYSE:UMC,25.525,25.55,25.51,25.52,4749.0
2026-06-27 02:25:00+08:00,NYSE:UMC,25.525,25.565,25.52,25.54,4675.0
2026-06-27 02:30:00+08:00,NYSE:UMC,25.54,25.56,25.51,25.52,2036.0
2026-06-27 02:35:00+08:00,NYSE:UMC,25.52,25.54,25.51,25.54,5254.0
2026-06-27 02:40:00+08:00,NYSE:UMC,25.54,25.54,25.52,25.535,4415.0
2026-06-27 02:45:00+08:00,NYSE:UMC,25.53,25.53,25.485,25.52,4828.0
2026-06-27 02:50:00+08:00,NYSE:UMC,25.51,25.54,25.505,25.53,3080.0
2026-06-27 02:55:00+08:00,NYSE:UMC,25.54,25.55,25.48,25.545,6595.0
2026-06-27 03:00:00+08:00,NYSE:UMC,25.545,25.545,25.475,25.49,7045.0
2026-06-27 03:05:00+08:00,NYSE:UMC,25.48,25.67,25.465,25.67,6589.0
2026-06-27 03:10:00+08:00,NYSE:UMC,25.655,25.67,25.57,25.62,13482.0
2026-06-27 03:15:00+08:00,NYSE:UMC,25.61,25.61,25.525,25.555,6196.0
2026-06-27 03:20:00+08:00,NYSE:UMC,25.55,25.605,25.495,25.56,6903.0
2026-06-27 03:25:00+08:00,NYSE:UMC,25.575,25.61,25.555,25.61,6575.0
2026-06-27 03:30:00+08:00,NYSE:UMC,25.61,25.65,25.57,25.645,7446.0
2026-06-27 03:35:00+08:00,NYSE:UMC,25.645,25.685,25.615,25.675,14017.0
2026-06-27 03:40:00+08:00,NYSE:UMC,25.675,25.825,25.675,25.795,16994.0
2026-06-27 03:45:00+08:00,NYSE:UMC,25.79,25.82,25.745,25.78,11522.0
2026-06-27 03:50:00+08:00,NYSE:UMC,25.79,25.955,25.74,25.75,54226.0
2026-06-27 03:55:00+08:00,NYSE:UMC,25.735,25.89,25.575,25.58,131930.0
2026-06-29 21:30:00+08:00,NYSE:UMC,25.75,25.86,25.53,25.85,28667.0
2026-06-29 21:35:00+08:00,NYSE:UMC,25.82,25.92,25.58,25.715,20521.0
2026-06-29 21:40:00+08:00,NYSE:UMC,25.69,25.97,25.645,25.97,10808.0
2026-06-29 21:45:00+08:00,NYSE:UMC,25.945,25.95,25.67,25.7,18365.0
2026-06-29 21:50:00+08:00,NYSE:UMC,25.675,25.76,25.63,25.64,11902.0
2026-06-29 21:55:00+08:00,NYSE:UMC,25.66,25.66,25.42,25.53,14161.0
2026-06-29 22:00:00+08:00,NYSE:UMC,25.53,25.535,25.35,25.41,16457.0
2026-06-29 22:05:00+08:00,NYSE:UMC,25.41,25.43,25.25,25.32,14089.0
2026-06-29 22:10:00+08:00,NYSE:UMC,25.32,25.33,25.0,25.0,18686.0
2026-06-29 22:15:00+08:00,NYSE:UMC,24.96,25.105,24.82,25.1,23025.0
2026-06-29 22:20:00+08:00,NYSE:UMC,25.1,25.32,25.09,25.31,11014.0
2026-06-29 22:25:00+08:00,NYSE:UMC,25.34,25.685,25.325,25.66,12059.0
2026-06-29 22:30:00+08:00,NYSE:UMC,25.655,25.78,25.6,25.71,8909.0
2026-06-29 22:35:00+08:00,NYSE:UMC,25.71,25.73,25.54,25.575,10354.0
2026-06-29 22:40:00+08:00,NYSE:UMC,25.59,25.6,25.535,25.56,7913.0
2026-06-29 22:45:00+08:00,NYSE:UMC,25.55,25.56,25.35,25.52,8467.0
2026-06-29 22:50:00+08:00,NYSE:UMC,25.53,25.72,25.53,25.72,4113.0
2026-06-29 22:55:00+08:00,NYSE:UMC,25.71,25.805,25.68,25.8,14507.0
2026-06-29 23:00:00+08:00,NYSE:UMC,25.8,25.84,25.71,25.74,9431.0
2026-06-29 23:05:00+08:00,NYSE:UMC,25.73,25.785,25.69,25.785,5498.0
2026-06-29 23:10:00+08:00,NYSE:UMC,25.81,25.83,25.71,25.805,5846.0
2026-06-29 23:15:00+08:00,NYSE:UMC,25.79,25.85,25.695,25.695,6702.0
2026-06-29 23:20:00+08:00,NYSE:UMC,25.69,25.765,25.65,25.655,5483.0
2026-06-29 23:25:00+08:00,NYSE:UMC,25.68,25.815,25.68,25.815,4056.0
2026-06-29 23:30:00+08:00,NYSE:UMC,25.825,25.99,25.825,25.99,6883.0
2026-06-29 23:35:00+08:00,NYSE:UMC,25.98,26.055,25.92,26.04,7732.0
2026-06-29 23:40:00+08:00,NYSE:UMC,26.06,26.09,26.03,26.09,5288.0
2026-06-29 23:45:00+08:00,NYSE:UMC,26.07,26.11,26.04,26.06,8719.0
2026-06-29 23:50:00+08:00,NYSE:UMC,26.065,26.13,26.03,26.13,3351.0
2026-06-29 23:55:00+08:00,NYSE:UMC,26.12,26.165,26.09,26.13,8053.0
2026-06-30 00:00:00+08:00,NYSE:UMC,26.14,26.41,26.13,26.4,20397.0
2026-06-30 00:05:00+08:00,NYSE:UMC,26.41,26.49,26.41,26.49,6366.0
2026-06-30 00:10:00+08:00,NYSE:UMC,26.5,26.5,26.43,26.45,3703.0
2026-06-30 00:15:00+08:00,NYSE:UMC,26.45,26.47,26.38,26.47,8722.0
2026-06-30 00:20:00+08:00,NYSE:UMC,26.46,26.53,26.45,26.515,7580.0
2026-06-30 00:25:00+08:00,NYSE:UMC,26.52,26.52,26.39,26.41,3109.0
2026-06-30 00:30:00+08:00,NYSE:UMC,26.42,26.48,26.33,26.47,8401.0
2026-06-30 00:35:00+08:00,NYSE:UMC,26.45,26.48,26.43,26.475,2971.0
2026-06-30 00:40:00+08:00,NYSE:UMC,26.52,26.61,26.52,26.61,4198.0
2026-06-30 00:45:00+08:00,NYSE:UMC,26.61,26.64,26.57,26.595,3903.0
2026-06-30 00:50:00+08:00,NYSE:UMC,26.59,26.625,26.58,26.62,4814.0
2026-06-30 00:55:00+08:00,NYSE:UMC,26.61,26.61,26.57,26.6,2138.0
2026-06-30 01:00:00+08:00,NYSE:UMC,26.63,26.68,26.625,26.68,1986.0
2026-06-30 01:05:00+08:00,NYSE:UMC,26.67,26.67,26.64,26.67,2415.0
2026-06-30 01:10:00+08:00,NYSE:UMC,26.67,26.71,26.67,26.69,5208.0
2026-06-30 01:15:00+08:00,NYSE:UMC,26.69,26.69,26.65,26.665,2925.0
2026-06-30 01:20:00+08:00,NYSE:UMC,26.66,26.68,26.525,26.53,6408.0
2026-06-30 01:25:00+08:00,NYSE:UMC,26.52,26.63,26.505,26.63,3284.0
2026-06-30 01:30:00+08:00,NYSE:UMC,26.62,26.66,26.545,26.56,3477.0
2026-06-30 01:35:00+08:00,NYSE:UMC,26.56,26.665,26.56,26.65,3915.0
2026-06-30 01:40:00+08:00,NYSE:UMC,26.64,26.68,26.63,26.67,3432.0
2026-06-30 01:45:00+08:00,NYSE:UMC,26.66,26.725,26.63,26.715,4830.0
2026-06-30 01:50:00+08:00,NYSE:UMC,26.72,26.745,26.715,26.725,5654.0
2026-06-30 01:55:00+08:00,NYSE:UMC,26.725,26.735,26.655,26.67,2751.0
2026-06-30 02:00:00+08:00,NYSE:UMC,26.655,26.71,26.645,26.7,2149.0
2026-06-30 02:05:00+08:00,NYSE:UMC,26.7,26.72,26.7,26.705,3580.0
2026-06-30 02:10:00+08:00,NYSE:UMC,26.705,26.73,26.695,26.725,6509.0
2026-06-30 02:15:00+08:00,NYSE:UMC,26.725,26.805,26.725,26.805,4608.0
2026-06-30 02:20:00+08:00,NYSE:UMC,26.8,26.8,26.765,26.765,5962.0
2026-06-30 02:25:00+08:00,NYSE:UMC,26.76,26.76,26.715,26.73,3112.0
2026-06-30 02:30:00+08:00,NYSE:UMC,26.73,26.735,26.71,26.72,5460.0
2026-06-30 02:35:00+08:00,NYSE:UMC,26.73,26.765,26.73,26.76,4083.0
2026-06-30 02:40:00+08:00,NYSE:UMC,26.77,26.79,26.77,26.785,3061.0
2026-06-30 02:45:00+08:00,NYSE:UMC,26.78,26.78,26.75,26.755,6131.0
2026-06-30 02:50:00+08:00,NYSE:UMC,26.76,26.79,26.745,26.765,13640.0
2026-06-30 02:55:00+08:00,NYSE:UMC,26.76,26.775,26.745,26.76,6410.0
2026-06-30 03:00:00+08:00,NYSE:UMC,26.77,26.78,26.6,26.61,10930.0
2026-06-30 03:05:00+08:00,NYSE:UMC,26.6,26.68,26.59,26.65,8393.0
2026-06-30 03:10:00+08:00,NYSE:UMC,26.64,26.64,26.585,26.615,7350.0
2026-06-30 03:15:00+08:00,NYSE:UMC,26.61,26.695,26.595,26.69,8317.0
2026-06-30 03:20:00+08:00,NYSE:UMC,26.695,26.84,26.695,26.8,8290.0
2026-06-30 03:25:00+08:00,NYSE:UMC,26.8,26.81,26.775,26.805,8090.0
2026-06-30 03:30:00+08:00,NYSE:UMC,26.79,26.79,26.635,26.645,11372.0
2026-06-30 03:35:00+08:00,NYSE:UMC,26.645,26.71,26.64,26.71,11638.0
2026-06-30 03:40:00+08:00,NYSE:UMC,26.72,26.74,26.685,26.705,7831.0
2026-06-30 03:45:00+08:00,NYSE:UMC,26.705,26.72,26.66,26.68,14631.0
2026-06-30 03:50:00+08:00,NYSE:UMC,26.68,26.69,26.62,26.64,26715.0
2026-06-30 03:55:00+08:00,NYSE:UMC,26.64,26.86,26.64,26.855,89260.0
2026-06-30 21:30:00+08:00,NYSE:UMC,26.305,26.38,26.16,26.29,21462.0
2026-06-30 21:35:00+08:00,NYSE:UMC,26.265,26.625,26.24,26.52,26684.0
2026-06-30 21:40:00+08:00,NYSE:UMC,26.51,26.69,26.51,26.69,18153.0
2026-06-30 21:45:00+08:00,NYSE:UMC,26.7,26.83,26.67,26.69,15459.0
2026-06-30 21:50:00+08:00,NYSE:UMC,26.68,26.82,26.64,26.79,15084.0
2026-06-30 21:55:00+08:00,NYSE:UMC,26.8,26.88,26.74,26.88,13047.0
2026-06-30 22:00:00+08:00,NYSE:UMC,26.9,26.97,26.78,26.81,16414.0
2026-06-30 22:05:00+08:00,NYSE:UMC,26.82,26.85,26.745,26.83,14138.0
2026-06-30 22:10:00+08:00,NYSE:UMC,26.86,26.96,26.83,26.875,9168.0
2026-06-30 22:15:00+08:00,NYSE:UMC,26.88,26.94,26.81,26.92,9688.0
2026-06-30 22:20:00+08:00,NYSE:UMC,26.9,27.02,26.88,27.02,12472.0
2026-06-30 22:25:00+08:00,NYSE:UMC,27.01,27.06,26.96,27.04,8352.0
2026-06-30 22:30:00+08:00,NYSE:UMC,27.03,27.08,27.01,27.07,7939.0
2026-06-30 22:35:00+08:00,NYSE:UMC,27.07,27.07,26.93,26.93,7517.0
2026-06-30 22:40:00+08:00,NYSE:UMC,26.925,26.95,26.855,26.9,5417.0
2026-06-30 22:45:00+08:00,NYSE:UMC,26.88,26.88,26.74,26.79,12600.0
2026-06-30 22:50:00+08:00,NYSE:UMC,26.79,26.85,26.79,26.8,6142.0
2026-06-30 22:55:00+08:00,NYSE:UMC,26.78,26.84,26.71,26.73,7664.0
2026-06-30 23:00:00+08:00,NYSE:UMC,26.73,26.89,26.73,26.86,6865.0
2026-06-30 23:05:00+08:00,NYSE:UMC,26.86,26.96,26.86,26.935,9129.0
2026-06-30 23:10:00+08:00,NYSE:UMC,26.95,26.96,26.9,26.92,6436.0
2026-06-30 23:15:00+08:00,NYSE:UMC,26.91,26.92,26.795,26.805,10321.0
2026-06-30 23:20:00+08:00,NYSE:UMC,26.81,26.87,26.805,26.86,6330.0
2026-06-30 23:25:00+08:00,NYSE:UMC,26.86,26.86,26.79,26.79,6411.0
2026-06-30 23:30:00+08:00,NYSE:UMC,26.78,26.805,26.74,26.8,6657.0
2026-06-30 23:35:00+08:00,NYSE:UMC,26.8,26.805,26.73,26.73,7483.0
2026-06-30 23:40:00+08:00,NYSE:UMC,26.75,26.775,26.71,26.76,6257.0
2026-06-30 23:45:00+08:00,NYSE:UMC,26.755,26.79,26.73,26.79,7569.0
2026-06-30 23:50:00+08:00,NYSE:UMC,26.78,26.86,26.775,26.82,6068.0
2026-06-30 23:55:00+08:00,NYSE:UMC,26.805,26.81,26.71,26.71,4082.0
2026-07-01 00:00:00+08:00,NYSE:UMC,26.71,26.755,26.71,26.74,4739.0
2026-07-01 00:05:00+08:00,NYSE:UMC,26.77,26.78,26.76,26.78,2738.0
2026-07-01 00:10:00+08:00,NYSE:UMC,26.78,26.78,26.75,26.76,2393.0
2026-07-01 00:15:00+08:00,NYSE:UMC,26.76,26.76,26.74,26.75,2623.0
2026-07-01 00:20:00+08:00,NYSE:UMC,26.765,26.77,26.76,26.76,1824.0
2026-07-01 00:25:00+08:00,NYSE:UMC,26.77,26.785,26.745,26.75,3167.0
2026-07-01 00:30:00+08:00,NYSE:UMC,26.76,26.78,26.715,26.715,2045.0
2026-07-01 00:35:00+08:00,NYSE:UMC,26.69,26.73,26.68,26.72,4783.0
2026-07-01 00:40:00+08:00,NYSE:UMC,26.72,26.755,26.67,26.75,4740.0
2026-07-01 00:45:00+08:00,NYSE:UMC,26.755,26.78,26.75,26.78,2289.0
2026-07-01 00:50:00+08:00,NYSE:UMC,26.77,26.815,26.77,26.8,2121.0
2026-07-01 00:55:00+08:00,NYSE:UMC,26.79,26.79,26.77,26.77,1726.0
2026-07-01 01:00:00+08:00,NYSE:UMC,26.77,26.8,26.76,26.8,3321.0
2026-07-01 01:05:00+08:00,NYSE:UMC,26.8,26.835,26.8,26.835,1186.0
2026-07-01 01:10:00+08:00,NYSE:UMC,26.83,26.84,26.795,26.795,8408.0
2026-07-01 01:15:00+08:00,NYSE:UMC,26.79,26.82,26.78,26.8,2461.0
2026-07-01 01:20:00+08:00,NYSE:UMC,26.805,26.81,26.765,26.79,4312.0
2026-07-01 01:25:00+08:00,NYSE:UMC,26.79,26.8,26.78,26.78,5695.0
2026-07-01 01:30:00+08:00,NYSE:UMC,26.78,26.835,26.78,26.8,4834.0
2026-07-01 01:35:00+08:00,NYSE:UMC,26.8,26.84,26.8,26.83,3208.0
2026-07-01 01:40:00+08:00,NYSE:UMC,26.83,26.85,26.825,26.84,3662.0
2026-07-01 01:45:00+08:00,NYSE:UMC,26.83,26.865,26.82,26.845,4173.0
2026-07-01 01:50:00+08:00,NYSE:UMC,26.84,26.875,26.83,26.845,3869.0
2026-07-01 01:55:00+08:00,NYSE:UMC,26.85,26.85,26.815,26.825,2268.0
2026-07-01 02:00:00+08:00,NYSE:UMC,26.84,26.9,26.825,26.88,6482.0
2026-07-01 02:05:00+08:00,NYSE:UMC,26.885,26.895,26.83,26.89,1402.0
2026-07-01 02:10:00+08:00,NYSE:UMC,26.89,26.89,26.85,26.86,2001.0
2026-07-01 02:15:00+08:00,NYSE:UMC,26.84,26.87,26.84,26.87,1759.0
2026-07-01 02:20:00+08:00,NYSE:UMC,26.86,26.86,26.85,26.86,3221.0
2026-07-01 02:25:00+08:00,NYSE:UMC,26.865,26.88,26.85,26.87,4983.0
2026-07-01 02:30:00+08:00,NYSE:UMC,26.86,26.91,26.86,26.91,4824.0
2026-07-01 02:35:00+08:00,NYSE:UMC,26.91,26.925,26.905,26.915,4384.0
2026-07-01 02:40:00+08:00,NYSE:UMC,26.92,27.0,26.915,27.0,4024.0
2026-07-01 02:45:00+08:00,NYSE:UMC,27.01,27.06,27.01,27.03,4782.0
2026-07-01 02:50:00+08:00,NYSE:UMC,27.02,27.06,26.99,27.005,5592.0
2026-07-01 02:55:00+08:00,NYSE:UMC,27.01,27.01,26.95,26.95,2519.0
2026-07-01 03:00:00+08:00,NYSE:UMC,26.95,26.955,26.91,26.91,4346.0
2026-07-01 03:05:00+08:00,NYSE:UMC,26.92,27.055,26.9,27.02,15795.0
2026-07-01 03:10:00+08:00,NYSE:UMC,27.02,27.095,27.015,27.07,4034.0
2026-07-01 03:15:00+08:00,NYSE:UMC,27.07,27.115,27.07,27.115,3436.0
2026-07-01 03:20:00+08:00,NYSE:UMC,27.12,27.125,27.08,27.1,8946.0
2026-07-01 03:25:00+08:00,NYSE:UMC,27.1,27.1,27.055,27.075,6608.0
2026-07-01 03:30:00+08:00,NYSE:UMC,27.07,27.09,27.03,27.09,10448.0
2026-07-01 03:35:00+08:00,NYSE:UMC,27.095,27.13,27.085,27.12,11867.0
2026-07-01 03:40:00+08:00,NYSE:UMC,27.12,27.16,27.1,27.15,9886.0
2026-07-01 03:45:00+08:00,NYSE:UMC,27.17,27.18,27.105,27.105,17938.0
2026-07-01 03:50:00+08:00,NYSE:UMC,27.1,27.165,27.07,27.12,25837.0
2026-07-01 03:55:00+08:00,NYSE:UMC,27.12,27.27,27.1,27.195,91697.0
2026-07-01 21:30:00+08:00,NYSE:UMC,26.27,26.49,26.06,26.1,64405.0
2026-07-01 21:35:00+08:00,NYSE:UMC,26.07,26.09,25.88,26.06,55714.0
2026-07-01 21:40:00+08:00,NYSE:UMC,25.97,26.23,25.97,26.19,41066.0
2026-07-01 21:45:00+08:00,NYSE:UMC,26.14,26.37,26.1,26.34,37526.0
2026-07-01 21:50:00+08:00,NYSE:UMC,26.38,26.49,26.37,26.4,17863.0
2026-07-01 21:55:00+08:00,NYSE:UMC,26.39,26.45,26.36,26.44,24493.0
2026-07-01 22:00:00+08:00,NYSE:UMC,26.44,26.57,26.34,26.4,21910.0
2026-07-01 22:05:00+08:00,NYSE:UMC,26.41,26.465,26.35,26.41,9071.0
2026-07-01 22:10:00+08:00,NYSE:UMC,26.41,26.43,26.325,26.325,9200.0
2026-07-01 22:15:00+08:00,NYSE:UMC,26.335,26.385,26.28,26.38,9294.0
2026-07-01 22:20:00+08:00,NYSE:UMC,26.36,26.36,26.29,26.29,4757.0
2026-07-01 22:25:00+08:00,NYSE:UMC,26.295,26.33,26.19,26.275,9896.0
2026-07-01 22:30:00+08:00,NYSE:UMC,26.275,26.275,26.085,26.13,11166.0
2026-07-01 22:35:00+08:00,NYSE:UMC,26.125,26.14,26.05,26.115,16398.0
2026-07-01 22:40:00+08:00,NYSE:UMC,26.12,26.14,26.055,26.06,8386.0
2026-07-01 22:45:00+08:00,NYSE:UMC,26.06,26.07,25.95,25.98,62223.0
2026-07-01 22:50:00+08:00,NYSE:UMC,26.0,26.085,25.96,26.06,29940.0
2026-07-01 22:55:00+08:00,NYSE:UMC,26.08,26.09,25.905,25.96,9439.0
2026-07-01 23:00:00+08:00,NYSE:UMC,25.98,26.215,25.98,26.2,17732.0
2026-07-01 23:05:00+08:00,NYSE:UMC,26.185,26.185,26.015,26.04,16077.0
2026-07-01 23:10:00+08:00,NYSE:UMC,26.04,26.085,25.965,26.08,13956.0
2026-07-01 23:15:00+08:00,NYSE:UMC,26.105,26.235,26.1,26.2,13727.0
2026-07-01 23:20:00+08:00,NYSE:UMC,26.19,26.225,26.115,26.12,13626.0
2026-07-01 23:25:00+08:00,NYSE:UMC,26.1,26.2,26.075,26.19,9097.0
2026-07-01 23:30:00+08:00,NYSE:UMC,26.19,26.26,26.18,26.21,11012.0
2026-07-01 23:35:00+08:00,NYSE:UMC,26.215,26.215,26.13,26.19,4906.0
2026-07-01 23:40:00+08:00,NYSE:UMC,26.2,26.22,26.155,26.155,3425.0
2026-07-01 23:45:00+08:00,NYSE:UMC,26.15,26.15,25.99,26.0,8736.0
2026-07-01 23:50:00+08:00,NYSE:UMC,26.01,26.015,25.91,25.925,11645.0
2026-07-01 23:55:00+08:00,NYSE:UMC,25.91,25.97,25.89,25.935,16728.0
2026-07-02 00:00:00+08:00,NYSE:UMC,25.94,25.99,25.93,25.95,8665.0
2026-07-02 00:05:00+08:00,NYSE:UMC,25.95,25.985,25.91,25.955,15078.0
2026-07-02 00:10:00+08:00,NYSE:UMC,25.96,26.01,25.955,25.98,9286.0
2026-07-02 00:15:00+08:00,NYSE:UMC,25.98,26.115,25.98,26.11,13193.0
2026-07-02 00:20:00+08:00,NYSE:UMC,26.11,26.205,26.095,26.19,13884.0
2026-07-02 00:25:00+08:00,NYSE:UMC,26.18,26.195,26.07,26.09,7761.0
2026-07-02 00:30:00+08:00,NYSE:UMC,26.08,26.14,26.06,26.11,5241.0
2026-07-02 00:35:00+08:00,NYSE:UMC,26.1,26.1,26.03,26.03,2686.0
2026-07-02 00:40:00+08:00,NYSE:UMC,26.03,26.05,25.98,26.05,9961.0
2026-07-02 00:45:00+08:00,NYSE:UMC,26.05,26.085,26.035,26.07,5812.0
2026-07-02 00:50:00+08:00,NYSE:UMC,26.07,26.095,26.035,26.095,7302.0
2026-07-02 00:55:00+08:00,NYSE:UMC,26.1,26.1,26.045,26.07,8630.0
2026-07-02 01:00:00+08:00,NYSE:UMC,26.08,26.14,26.06,26.06,9844.0
2026-07-02 01:05:00+08:00,NYSE:UMC,26.06,26.06,25.99,25.99,7829.0
2026-07-02 01:10:00+08:00,NYSE:UMC,25.995,26.02,25.99,25.995,8274.0
2026-07-02 01:15:00+08:00,NYSE:UMC,26.0,26.085,26.0,26.085,9449.0
2026-07-02 01:20:00+08:00,NYSE:UMC,26.09,26.135,26.065,26.13,12859.0
2026-07-02 01:25:00+08:00,NYSE:UMC,26.125,26.125,26.085,26.095,7660.0
2026-07-02 01:30:00+08:00,NYSE:UMC,26.095,26.105,26.045,26.05,5044.0
2026-07-02 01:35:00+08:00,NYSE:UMC,26.05,26.05,26.01,26.025,5819.0
2026-07-02 01:40:00+08:00,NYSE:UMC,26.04,26.07,26.04,26.05,4384.0
2026-07-02 01:45:00+08:00,NYSE:UMC,26.05,26.06,26.005,26.005,8298.0
2026-07-02 01:50:00+08:00,NYSE:UMC,26.01,26.04,25.99,26.02,8238.0
2026-07-02 01:55:00+08:00,NYSE:UMC,26.02,26.04,25.97,25.99,11782.0
2026-07-02 02:00:00+08:00,NYSE:UMC,26.0,26.03,25.99,26.005,12270.0
2026-07-02 02:05:00+08:00,NYSE:UMC,26.01,26.035,26.0,26.035,8411.0
2026-07-02 02:10:00+08:00,NYSE:UMC,26.04,26.05,26.01,26.015,9507.0
2026-07-02 02:15:00+08:00,NYSE:UMC,26.02,26.045,25.985,26.035,10805.0
2026-07-02 02:20:00+08:00,NYSE:UMC,26.045,26.055,26.03,26.055,8751.0
2026-07-02 02:25:00+08:00,NYSE:UMC,26.06,26.06,26.01,26.03,7051.0
2026-07-02 02:30:00+08:00,NYSE:UMC,26.02,26.02,25.98,25.98,5275.0
2026-07-02 02:35:00+08:00,NYSE:UMC,25.975,25.995,25.97,25.99,6533.0
2026-07-02 02:40:00+08:00,NYSE:UMC,25.99,25.995,25.98,25.98,8434.0
2026-07-02 02:45:00+08:00,NYSE:UMC,25.98,25.985,25.96,25.97,7331.0
2026-07-02 02:50:00+08:00,NYSE:UMC,25.965,25.965,25.89,25.905,9854.0
2026-07-02 02:55:00+08:00,NYSE:UMC,25.905,25.95,25.86,25.94,12824.0
2026-07-02 03:00:00+08:00,NYSE:UMC,25.94,26.16,25.93,26.16,16637.0
2026-07-02 03:05:00+08:00,NYSE:UMC,26.16,26.29,26.14,26.27,17827.0
2026-07-02 03:10:00+08:00,NYSE:UMC,26.26,26.32,26.14,26.16,14619.0
2026-07-02 03:15:00+08:00,NYSE:UMC,26.16,26.16,26.1,26.15,8161.0
2026-07-02 03:20:00+08:00,NYSE:UMC,26.17,26.25,26.17,26.25,8689.0
2026-07-02 03:25:00+08:00,NYSE:UMC,26.25,26.25,26.16,26.21,13932.0
2026-07-02 03:30:00+08:00,NYSE:UMC,26.22,26.365,26.22,26.27,25854.0
2026-07-02 03:35:00+08:00,NYSE:UMC,26.27,26.27,26.06,26.06,22263.0
2026-07-02 03:40:00+08:00,NYSE:UMC,26.06,26.1,26.02,26.03,23867.0
2026-07-02 03:45:00+08:00,NYSE:UMC,26.035,26.075,26.03,26.05,18491.0
2026-07-02 03:50:00+08:00,NYSE:UMC,26.07,26.105,25.955,25.995,37796.0
2026-07-02 03:55:00+08:00,NYSE:UMC,25.99,25.99,25.68,25.72,175121.0
2026-07-02 21:30:00+08:00,NYSE:UMC,26.055,26.38,25.83,25.95,45360.0
2026-07-02 21:35:00+08:00,NYSE:UMC,25.98,26.1,25.73,25.82,30303.0
2026-07-02 21:40:00+08:00,NYSE:UMC,25.84,26.03,25.8,25.96,22868.0
2026-07-02 21:45:00+08:00,NYSE:UMC,25.93,26.02,25.91,25.99,15564.0
2026-07-02 21:50:00+08:00,NYSE:UMC,25.95,26.21,25.95,26.13,27590.0
2026-07-02 21:55:00+08:00,NYSE:UMC,26.14,26.2,26.08,26.14,9472.0
2026-07-02 22:00:00+08:00,NYSE:UMC,26.14,26.28,26.08,26.2,16259.0
2026-07-02 22:05:00+08:00,NYSE:UMC,26.19,26.19,25.96,26.0,14644.0
2026-07-02 22:10:00+08:00,NYSE:UMC,26.0,26.075,25.92,26.05,6968.0
2026-07-02 22:15:00+08:00,NYSE:UMC,26.06,26.06,25.85,25.91,15029.0
2026-07-02 22:20:00+08:00,NYSE:UMC,25.93,25.94,25.8,25.83,12642.0
2026-07-02 22:25:00+08:00,NYSE:UMC,25.82,25.82,25.45,25.465,31093.0
2026-07-02 22:30:00+08:00,NYSE:UMC,25.48,25.57,25.26,25.3,34322.0
2026-07-02 22:35:00+08:00,NYSE:UMC,25.31,25.38,25.245,25.255,14919.0
2026-07-02 22:40:00+08:00,NYSE:UMC,25.24,25.24,25.04,25.065,31369.0
2026-07-02 22:45:00+08:00,NYSE:UMC,25.08,25.32,25.07,25.26,46772.0
2026-07-02 22:50:00+08:00,NYSE:UMC,25.26,25.325,25.12,25.21,23795.0
2026-07-02 22:55:00+08:00,NYSE:UMC,25.21,25.365,25.21,25.365,17996.0
2026-07-02 23:00:00+08:00,NYSE:UMC,25.36,25.36,25.1,25.1,15918.0
2026-07-02 23:05:00+08:00,NYSE:UMC,25.11,25.12,24.99,25.06,31810.0
2026-07-02 23:10:00+08:00,NYSE:UMC,25.065,25.19,25.045,25.045,18563.0
2026-07-02 23:15:00+08:00,NYSE:UMC,25.04,25.09,24.89,24.89,24209.0
2026-07-02 23:20:00+08:00,NYSE:UMC,24.9,24.99,24.88,24.965,16657.0
2026-07-02 23:25:00+08:00,NYSE:UMC,24.98,25.07,24.91,24.94,15762.0
2026-07-02 23:30:00+08:00,NYSE:UMC,24.96,25.16,24.94,25.14,15708.0
2026-07-02 23:35:00+08:00,NYSE:UMC,25.15,25.26,25.13,25.15,10076.0
2026-07-02 23:40:00+08:00,NYSE:UMC,25.13,25.16,24.91,24.95,16620.0
2026-07-02 23:45:00+08:00,NYSE:UMC,24.975,25.02,24.97,24.97,13461.0
2026-07-02 23:50:00+08:00,NYSE:UMC,24.975,25.03,24.89,24.9,9784.0
2026-07-02 23:55:00+08:00,NYSE:UMC,24.94,24.98,24.88,24.95,9585.0
2026-07-03 00:00:00+08:00,NYSE:UMC,24.93,24.93,24.81,24.84,7053.0
2026-07-03 00:05:00+08:00,NYSE:UMC,24.84,24.86,24.81,24.82,5411.0
2026-07-03 00:10:00+08:00,NYSE:UMC,24.82,24.955,24.82,24.92,5169.0
2026-07-03 00:15:00+08:00,NYSE:UMC,24.91,24.91,24.79,24.79,5649.0
2026-07-03 00:20:00+08:00,NYSE:UMC,24.79,24.79,24.62,24.62,6409.0
2026-07-03 00:25:00+08:00,NYSE:UMC,24.62,24.68,24.62,24.625,8092.0
2026-07-03 00:30:00+08:00,NYSE:UMC,24.605,24.605,24.525,24.535,9092.0
2026-07-03 00:35:00+08:00,NYSE:UMC,24.55,24.58,24.52,24.56,7460.0
2026-07-03 00:40:00+08:00,NYSE:UMC,24.57,24.77,24.57,24.74,19379.0
2026-07-03 00:45:00+08:00,NYSE:UMC,24.75,24.755,24.67,24.67,9389.0
2026-07-03 00:50:00+08:00,NYSE:UMC,24.64,24.66,24.57,24.57,12472.0
2026-07-03 00:55:00+08:00,NYSE:UMC,24.57,24.57,24.38,24.525,18029.0
2026-07-03 01:00:00+08:00,NYSE:UMC,24.51,24.525,24.425,24.445,9114.0
2026-07-03 01:05:00+08:00,NYSE:UMC,24.44,24.6,24.43,24.485,13422.0
2026-07-03 01:10:00+08:00,NYSE:UMC,24.48,24.48,24.4,24.44,8881.0
2026-07-03 01:15:00+08:00,NYSE:UMC,24.44,24.52,24.42,24.46,8558.0
2026-07-03 01:20:00+08:00,NYSE:UMC,24.475,24.515,24.445,24.445,11494.0
2026-07-03 01:25:00+08:00,NYSE:UMC,24.44,24.46,24.43,24.44,5224.0
2026-07-03 01:30:00+08:00,NYSE:UMC,24.44,24.49,24.42,24.44,9444.0
2026-07-03 01:35:00+08:00,NYSE:UMC,24.4,24.41,24.29,24.29,17007.0
2026-07-03 01:40:00+08:00,NYSE:UMC,24.29,24.36,24.265,24.32,37652.0
2026-07-03 01:45:00+08:00,NYSE:UMC,24.31,24.31,24.18,24.18,8217.0
2026-07-03 01:50:00+08:00,NYSE:UMC,24.19,24.27,24.15,24.265,8967.0
2026-07-03 01:55:00+08:00,NYSE:UMC,24.26,24.28,24.18,24.2,7249.0
2026-07-03 02:00:00+08:00,NYSE:UMC,24.21,24.24,24.19,24.2,6121.0
2026-07-03 02:05:00+08:00,NYSE:UMC,24.21,24.38,24.21,24.38,16182.0
2026-07-03 02:10:00+08:00,NYSE:UMC,24.405,24.48,24.4,24.41,10532.0
2026-07-03 02:15:00+08:00,NYSE:UMC,24.41,24.41,24.3,24.34,8180.0
2026-07-03 02:20:00+08:00,NYSE:UMC,24.34,24.42,24.34,24.41,7194.0
2026-07-03 02:25:00+08:00,NYSE:UMC,24.41,24.495,24.4,24.48,8037.0
2026-07-03 02:30:00+08:00,NYSE:UMC,24.47,24.56,24.445,24.46,16627.0
2026-07-03 02:35:00+08:00,NYSE:UMC,24.465,24.51,24.395,24.46,10289.0
2026-07-03 02:40:00+08:00,NYSE:UMC,24.46,24.475,24.415,24.45,13646.0
2026-07-03 02:45:00+08:00,NYSE:UMC,24.44,24.46,24.325,24.46,10539.0
2026-07-03 02:50:00+08:00,NYSE:UMC,24.45,24.545,24.42,24.49,10929.0
2026-07-03 02:55:00+08:00,NYSE:UMC,24.47,24.51,24.41,24.5,13654.0
2026-07-03 03:00:00+08:00,NYSE:UMC,24.5,24.53,24.39,24.39,9480.0
2026-07-03 03:05:00+08:00,NYSE:UMC,24.37,24.39,24.26,24.26,13844.0
2026-07-03 03:10:00+08:00,NYSE:UMC,24.265,24.31,24.24,24.3,21807.0
2026-07-03 03:15:00+08:00,NYSE:UMC,24.295,24.32,24.2,24.23,16484.0
2026-07-03 03:20:00+08:00,NYSE:UMC,24.22,24.225,24.18,24.185,28858.0
2026-07-03 03:25:00+08:00,NYSE:UMC,24.18,24.38,24.15,24.33,31246.0
2026-07-03 03:30:00+08:00,NYSE:UMC,24.32,24.49,24.31,24.48,51692.0
2026-07-03 03:35:00+08:00,NYSE:UMC,24.48,24.48,24.36,24.37,31897.0
2026-07-03 03:40:00+08:00,NYSE:UMC,24.38,24.38,24.305,24.325,21391.0
2026-07-03 03:45:00+08:00,NYSE:UMC,24.33,24.5,24.325,24.5,43755.0
2026-07-03 03:50:00+08:00,NYSE:UMC,24.51,24.57,24.42,24.54,37744.0
2026-07-03 03:55:00+08:00,NYSE:UMC,24.53,24.62,24.46,24.565,143621.0
2026-07-06 21:30:00+08:00,NYSE:UMC,25.84,25.95,25.585,25.95,40322.0
2026-07-06 21:35:00+08:00,NYSE:UMC,25.95,26.07,25.85,25.97,31238.0
2026-07-06 21:40:00+08:00,NYSE:UMC,26.02,26.17,25.97,26.16,37735.0
2026-07-06 21:45:00+08:00,NYSE:UMC,26.14,26.34,26.12,26.34,18998.0
2026-07-06 21:50:00+08:00,NYSE:UMC,26.34,26.45,26.34,26.415,20013.0
2026-07-06 21:55:00+08:00,NYSE:UMC,26.43,26.49,26.34,26.39,18811.0
2026-07-06 22:00:00+08:00,NYSE:UMC,26.39,26.48,26.33,26.39,12827.0
2026-07-06 22:05:00+08:00,NYSE:UMC,26.39,26.485,26.335,26.44,13142.0
2026-07-06 22:10:00+08:00,NYSE:UMC,26.44,26.655,26.44,26.63,26906.0
2026-07-06 22:15:00+08:00,NYSE:UMC,26.625,26.775,26.625,26.64,23990.0
2026-07-06 22:20:00+08:00,NYSE:UMC,26.63,26.65,26.54,26.56,15610.0
2026-07-06 22:25:00+08:00,NYSE:UMC,26.56,26.61,26.48,26.495,13644.0
2026-07-06 22:30:00+08:00,NYSE:UMC,26.51,26.62,26.51,26.62,7057.0
2026-07-06 22:35:00+08:00,NYSE:UMC,26.62,26.62,26.555,26.59,13321.0
2026-07-06 22:40:00+08:00,NYSE:UMC,26.605,26.645,26.53,26.64,10894.0
2026-07-06 22:45:00+08:00,NYSE:UMC,26.63,26.63,26.55,26.55,7129.0
2026-07-06 22:50:00+08:00,NYSE:UMC,26.545,26.595,26.515,26.53,6756.0
2026-07-06 22:55:00+08:00,NYSE:UMC,26.535,26.54,26.395,26.47,8287.0
2026-07-06 23:00:00+08:00,NYSE:UMC,26.465,26.555,26.465,26.51,3054.0
2026-07-06 23:05:00+08:00,NYSE:UMC,26.475,26.49,26.36,26.36,6379.0
2026-07-06 23:10:00+08:00,NYSE:UMC,26.43,26.43,26.27,26.36,5411.0
2026-07-06 23:15:00+08:00,NYSE:UMC,26.36,26.36,26.175,26.24,6168.0
2026-07-06 23:20:00+08:00,NYSE:UMC,26.25,26.34,26.22,26.34,6940.0
2026-07-06 23:25:00+08:00,NYSE:UMC,26.36,26.47,26.36,26.47,8201.0
2026-07-06 23:30:00+08:00,NYSE:UMC,26.48,26.59,26.48,26.55,18530.0
2026-07-06 23:35:00+08:00,NYSE:UMC,26.53,26.53,26.475,26.525,7561.0
2026-07-06 23:40:00+08:00,NYSE:UMC,26.525,26.54,26.49,26.49,5779.0
2026-07-06 23:45:00+08:00,NYSE:UMC,26.48,26.49,26.46,26.49,3001.0
2026-07-06 23:50:00+08:00,NYSE:UMC,26.5,26.5,26.38,26.38,7257.0
2026-07-06 23:55:00+08:00,NYSE:UMC,26.39,26.44,26.37,26.43,3810.0
2026-07-07 00:00:00+08:00,NYSE:UMC,26.43,26.455,26.4,26.41,3745.0
2026-07-07 00:05:00+08:00,NYSE:UMC,26.43,26.465,26.37,26.38,19560.0
2026-07-07 00:10:00+08:00,NYSE:UMC,26.36,26.445,26.36,26.405,3622.0
2026-07-07 00:15:00+08:00,NYSE:UMC,26.4,26.42,26.365,26.39,2838.0
2026-07-07 00:20:00+08:00,NYSE:UMC,26.4,26.4,26.35,26.36,1946.0
2026-07-07 00:25:00+08:00,NYSE:UMC,26.365,26.385,26.325,26.35,4131.0
2026-07-07 00:30:00+08:00,NYSE:UMC,26.36,26.39,26.335,26.34,2408.0
2026-07-07 00:35:00+08:00,NYSE:UMC,26.345,26.345,26.23,26.27,5046.0
2026-07-07 00:40:00+08:00,NYSE:UMC,26.27,26.29,26.25,26.25,2477.0
2026-07-07 00:45:00+08:00,NYSE:UMC,26.25,26.265,26.24,26.26,4435.0
2026-07-07 00:50:00+08:00,NYSE:UMC,26.26,26.26,26.205,26.21,7128.0
2026-07-07 00:55:00+08:00,NYSE:UMC,26.2,26.23,26.185,26.19,3702.0
2026-07-07 01:00:00+08:00,NYSE:UMC,26.19,26.2,26.135,26.18,3747.0
2026-07-07 01:05:00+08:00,NYSE:UMC,26.17,26.25,26.165,26.22,3707.0
2026-07-07 01:10:00+08:00,NYSE:UMC,26.185,26.19,26.13,26.13,926.0
2026-07-07 01:15:00+08:00,NYSE:UMC,26.13,26.18,26.1,26.11,3414.0
2026-07-07 01:20:00+08:00,NYSE:UMC,26.105,26.105,26.01,26.035,4498.0
2026-07-07 01:25:00+08:00,NYSE:UMC,26.06,26.07,25.99,26.01,8622.0
2026-07-07 01:30:00+08:00,NYSE:UMC,26.03,26.03,25.94,25.96,8207.0
2026-07-07 01:35:00+08:00,NYSE:UMC,25.96,25.96,25.92,25.92,7183.0
2026-07-07 01:40:00+08:00,NYSE:UMC,25.92,25.925,25.86,25.89,7121.0
2026-07-07 01:45:00+08:00,NYSE:UMC,25.88,25.98,25.85,25.96,4362.0
2026-07-07 01:50:00+08:00,NYSE:UMC,25.97,26.0,25.94,25.94,2437.0
2026-07-07 01:55:00+08:00,NYSE:UMC,25.92,25.92,25.865,25.865,3547.0
2026-07-07 02:00:00+08:00,NYSE:UMC,25.87,25.98,25.87,25.955,7216.0
2026-07-07 02:05:00+08:00,NYSE:UMC,25.98,26.07,25.98,26.05,3528.0
2026-07-07 02:10:00+08:00,NYSE:UMC,26.06,26.07,26.02,26.02,1534.0
2026-07-07 02:15:00+08:00,NYSE:UMC,26.03,26.07,26.03,26.06,2761.0
2026-07-07 02:20:00+08:00,NYSE:UMC,26.075,26.075,26.015,26.025,3809.0
2026-07-07 02:25:00+08:00,NYSE:UMC,26.01,26.03,25.95,25.95,3109.0
2026-07-07 02:30:00+08:00,NYSE:UMC,25.95,25.96,25.89,25.89,3181.0
2026-07-07 02:35:00+08:00,NYSE:UMC,25.89,25.93,25.88,25.88,2599.0
2026-07-07 02:40:00+08:00,NYSE:UMC,25.88,25.945,25.87,25.93,7550.0
2026-07-07 02:45:00+08:00,NYSE:UMC,25.92,25.96,25.92,25.94,2109.0
2026-07-07 02:50:00+08:00,NYSE:UMC,25.93,25.935,25.92,25.92,1945.0
2026-07-07 02:55:00+08:00,NYSE:UMC,25.92,25.93,25.915,25.93,2325.0
2026-07-07 03:00:00+08:00,NYSE:UMC,25.925,25.955,25.89,25.915,6174.0
2026-07-07 03:05:00+08:00,NYSE:UMC,25.91,25.995,25.88,25.915,11336.0
2026-07-07 03:10:00+08:00,NYSE:UMC,25.92,25.99,25.92,25.985,16468.0
2026-07-07 03:15:00+08:00,NYSE:UMC,25.985,26.08,25.98,26.08,8637.0
2026-07-07 03:20:00+08:00,NYSE:UMC,26.08,26.115,26.045,26.115,10175.0
2026-07-07 03:25:00+08:00,NYSE:UMC,26.135,26.135,26.08,26.09,6976.0
2026-07-07 03:30:00+08:00,NYSE:UMC,26.08,26.09,25.88,26.02,30109.0
2026-07-07 03:35:00+08:00,NYSE:UMC,26.03,26.06,25.97,26.03,27576.0
2026-07-07 03:40:00+08:00,NYSE:UMC,26.03,26.105,26.015,26.07,38874.0
2026-07-07 03:45:00+08:00,NYSE:UMC,26.06,26.085,25.965,25.98,20283.0
2026-07-07 03:50:00+08:00,NYSE:UMC,25.97,25.99,25.87,25.87,31265.0
2026-07-07 03:55:00+08:00,NYSE:UMC,25.86,25.94,25.8,25.81,62964.0
2026-07-07 21:30:00+08:00,NYSE:UMC,24.24,24.46,24.0,24.0,49931.0
2026-07-07 21:35:00+08:00,NYSE:UMC,24.02,24.12,23.95,24.06,21932.0
2026-07-07 21:40:00+08:00,NYSE:UMC,24.02,24.11,23.99,24.11,17539.0
2026-07-07 21:45:00+08:00,NYSE:UMC,24.1,24.11,23.92,23.93,27508.0
2026-07-07 21:50:00+08:00,NYSE:UMC,23.94,23.96,23.73,23.76,26663.0
2026-07-07 21:55:00+08:00,NYSE:UMC,23.76,23.815,23.68,23.8,25374.0
2026-07-07 22:00:00+08:00,NYSE:UMC,23.78,23.84,23.69,23.7,27846.0
2026-07-07 22:05:00+08:00,NYSE:UMC,23.685,23.82,23.685,23.74,10760.0
2026-07-07 22:10:00+08:00,NYSE:UMC,23.72,23.72,23.49,23.49,19014.0
2026-07-07 22:15:00+08:00,NYSE:UMC,23.48,23.71,23.47,23.7,32724.0
2026-07-07 22:20:00+08:00,NYSE:UMC,23.71,23.72,23.59,23.6,10348.0
2026-07-07 22:25:00+08:00,NYSE:UMC,23.595,23.69,23.54,23.68,16640.0
2026-07-07 22:30:00+08:00,NYSE:UMC,23.7,23.71,23.57,23.58,13304.0
2026-07-07 22:35:00+08:00,NYSE:UMC,23.57,23.57,23.42,23.42,14328.0
2026-07-07 22:40:00+08:00,NYSE:UMC,23.42,23.43,23.35,23.36,15708.0
2026-07-07 22:45:00+08:00,NYSE:UMC,23.36,23.53,23.36,23.47,24825.0
2026-07-07 22:50:00+08:00,NYSE:UMC,23.48,23.65,23.45,23.62,11304.0
2026-07-07 22:55:00+08:00,NYSE:UMC,23.62,23.68,23.57,23.61,7075.0
2026-07-07 23:00:00+08:00,NYSE:UMC,23.6,23.64,23.56,23.58,14558.0
2026-07-07 23:05:00+08:00,NYSE:UMC,23.575,23.63,23.49,23.62,10170.0
2026-07-07 23:10:00+08:00,NYSE:UMC,23.61,23.69,23.6,23.665,7115.0
2026-07-07 23:15:00+08:00,NYSE:UMC,23.65,23.655,23.47,23.49,9890.0
2026-07-07 23:20:00+08:00,NYSE:UMC,23.46,23.53,23.45,23.47,10724.0
2026-07-07 23:25:00+08:00,NYSE:UMC,23.49,23.52,23.465,23.52,5896.0
2026-07-07 23:30:00+08:00,NYSE:UMC,23.53,23.54,23.495,23.52,5501.0
2026-07-07 23:35:00+08:00,NYSE:UMC,23.51,23.55,23.47,23.475,3739.0
2026-07-07 23:40:00+08:00,NYSE:UMC,23.465,23.54,23.43,23.54,4222.0
2026-07-07 23:45:00+08:00,NYSE:UMC,23.56,23.7,23.56,23.61,8250.0
2026-07-07 23:50:00+08:00,NYSE:UMC,23.605,23.71,23.605,23.67,10542.0
2026-07-07 23:55:00+08:00,NYSE:UMC,23.69,23.72,23.635,23.72,6670.0
2026-07-08 00:00:00+08:00,NYSE:UMC,23.72,23.87,23.72,23.83,15541.0
2026-07-08 00:05:00+08:00,NYSE:UMC,23.83,23.88,23.76,23.77,10867.0
2026-07-08 00:10:00+08:00,NYSE:UMC,23.78,23.89,23.78,23.89,14265.0
2026-07-08 00:15:00+08:00,NYSE:UMC,23.89,23.9,23.84,23.9,8042.0
2026-07-08 00:20:00+08:00,NYSE:UMC,23.91,24.025,23.91,23.96,13607.0
2026-07-08 00:25:00+08:00,NYSE:UMC,23.95,24.105,23.95,24.1,7345.0
2026-07-08 00:30:00+08:00,NYSE:UMC,24.07,24.09,23.96,23.99,8025.0
2026-07-08 00:35:00+08:00,NYSE:UMC,23.96,23.96,23.83,23.83,8964.0
2026-07-08 00:40:00+08:00,NYSE:UMC,23.83,23.88,23.81,23.88,7286.0
2026-07-08 00:45:00+08:00,NYSE:UMC,23.9,23.94,23.9,23.93,8968.0
2026-07-08 00:50:00+08:00,NYSE:UMC,23.95,24.02,23.93,24.0,7379.0
2026-07-08 00:55:00+08:00,NYSE:UMC,23.99,24.0,23.93,24.0,6013.0
2026-07-08 01:00:00+08:00,NYSE:UMC,24.0,24.05,23.99,24.05,5242.0
2026-07-08 01:05:00+08:00,NYSE:UMC,24.06,24.16,24.06,24.15,9495.0
2026-07-08 01:10:00+08:00,NYSE:UMC,24.14,24.14,24.04,24.05,5763.0
2026-07-08 01:15:00+08:00,NYSE:UMC,24.04,24.04,23.985,24.02,10510.0
2026-07-08 01:20:00+08:00,NYSE:UMC,24.02,24.11,23.99,24.09,4970.0
2026-07-08 01:25:00+08:00,NYSE:UMC,24.08,24.08,24.01,24.01,8536.0
2026-07-08 01:30:00+08:00,NYSE:UMC,24.01,24.05,24.0,24.02,5228.0
2026-07-08 01:35:00+08:00,NYSE:UMC,24.02,24.06,24.02,24.05,3635.0
2026-07-08 01:40:00+08:00,NYSE:UMC,24.05,24.09,24.03,24.07,3974.0
2026-07-08 01:45:00+08:00,NYSE:UMC,24.07,24.07,24.025,24.05,4892.0
2026-07-08 01:50:00+08:00,NYSE:UMC,24.045,24.07,24.03,24.035,4387.0
2026-07-08 01:55:00+08:00,NYSE:UMC,24.03,24.075,24.03,24.07,3075.0
2026-07-08 02:00:00+08:00,NYSE:UMC,24.08,24.08,24.055,24.075,3242.0
2026-07-08 02:05:00+08:00,NYSE:UMC,24.08,24.09,24.015,24.02,3757.0
2026-07-08 02:10:00+08:00,NYSE:UMC,24.03,24.095,24.03,24.09,5045.0
2026-07-08 02:15:00+08:00,NYSE:UMC,24.08,24.09,24.05,24.09,5852.0
2026-07-08 02:20:00+08:00,NYSE:UMC,24.09,24.13,24.07,24.1,8789.0
2026-07-08 02:25:00+08:00,NYSE:UMC,24.09,24.1,24.01,24.015,4978.0
2026-07-08 02:30:00+08:00,NYSE:UMC,24.01,24.025,23.96,23.975,8062.0
2026-07-08 02:35:00+08:00,NYSE:UMC,23.97,23.985,23.95,23.95,3680.0
2026-07-08 02:40:00+08:00,NYSE:UMC,23.95,23.95,23.84,23.855,3607.0
2026-07-08 02:45:00+08:00,NYSE:UMC,23.86,23.89,23.79,23.83,12022.0
2026-07-08 02:50:00+08:00,NYSE:UMC,23.825,23.825,23.78,23.81,2919.0
2026-07-08 02:55:00+08:00,NYSE:UMC,23.81,23.81,23.775,23.78,5307.0
2026-07-08 03:00:00+08:00,NYSE:UMC,23.79,23.79,23.67,23.74,5624.0
2026-07-08 03:05:00+08:00,NYSE:UMC,23.76,23.83,23.675,23.685,14131.0
2026-07-08 03:10:00+08:00,NYSE:UMC,23.685,23.69,23.645,23.655,21053.0
2026-07-08 03:15:00+08:00,NYSE:UMC,23.64,23.64,23.52,23.555,22956.0
2026-07-08 03:20:00+08:00,NYSE:UMC,23.56,23.59,23.55,23.555,16908.0
2026-07-08 03:25:00+08:00,NYSE:UMC,23.55,23.67,23.53,23.63,23818.0
2026-07-08 03:30:00+08:00,NYSE:UMC,23.63,23.81,23.63,23.74,81096.0
2026-07-08 03:35:00+08:00,NYSE:UMC,23.73,23.73,23.62,23.67,26348.0
2026-07-08 03:40:00+08:00,NYSE:UMC,23.67,23.675,23.575,23.63,22902.0
2026-07-08 03:45:00+08:00,NYSE:UMC,23.625,23.735,23.61,23.725,38038.0
2026-07-08 03:50:00+08:00,NYSE:UMC,23.72,23.75,23.67,23.695,46169.0
2026-07-08 03:55:00+08:00,NYSE:UMC,23.695,23.845,23.69,23.805,147343.0
2026-07-08 21:30:00+08:00,NYSE:UMC,24.41,24.62,24.33,24.58,70031.0
2026-07-08 21:35:00+08:00,NYSE:UMC,24.54,24.72,24.45,24.57,46518.0
2026-07-08 21:40:00+08:00,NYSE:UMC,24.56,24.79,24.56,24.77,16456.0
2026-07-08 21:45:00+08:00,NYSE:UMC,24.79,25.04,24.79,24.85,21460.0
2026-07-08 21:50:00+08:00,NYSE:UMC,24.85,24.97,24.78,24.9,30867.0
2026-07-08 21:55:00+08:00,NYSE:UMC,24.9,24.9,24.775,24.83,21359.0
2026-07-08 22:00:00+08:00,NYSE:UMC,24.82,24.885,24.68,24.77,44523.0
2026-07-08 22:05:00+08:00,NYSE:UMC,24.795,24.795,24.66,24.695,10090.0
2026-07-08 22:10:00+08:00,NYSE:UMC,24.69,24.71,24.495,24.585,41530.0
2026-07-08 22:15:00+08:00,NYSE:UMC,24.585,24.685,24.5,24.63,11005.0
2026-07-08 22:20:00+08:00,NYSE:UMC,24.62,24.77,24.62,24.68,12878.0
2026-07-08 22:25:00+08:00,NYSE:UMC,24.68,24.765,24.67,24.72,17236.0
2026-07-08 22:30:00+08:00,NYSE:UMC,24.74,24.74,24.65,24.67,11578.0
2026-07-08 22:35:00+08:00,NYSE:UMC,24.66,24.73,24.61,24.63,8002.0
2026-07-08 22:40:00+08:00,NYSE:UMC,24.64,24.67,24.52,24.59,15444.0
2026-07-08 22:45:00+08:00,NYSE:UMC,24.57,24.57,24.31,24.33,51665.0
2026-07-08 22:50:00+08:00,NYSE:UMC,24.33,24.54,24.3,24.48,46397.0
2026-07-08 22:55:00+08:00,NYSE:UMC,24.45,24.615,24.45,24.535,6202.0
2026-07-08 23:00:00+08:00,NYSE:UMC,24.525,24.54,24.385,24.42,6783.0
2026-07-08 23:05:00+08:00,NYSE:UMC,24.415,24.5,24.405,24.48,3254.0
2026-07-08 23:10:00+08:00,NYSE:UMC,24.465,24.475,24.32,24.32,7722.0
2026-07-08 23:15:00+08:00,NYSE:UMC,24.33,24.36,24.23,24.29,12619.0
2026-07-08 23:20:00+08:00,NYSE:UMC,24.25,24.26,24.06,24.085,5854.0
2026-07-08 23:25:00+08:00,NYSE:UMC,24.05,24.155,24.04,24.15,7650.0
2026-07-08 23:30:00+08:00,NYSE:UMC,24.15,24.27,24.14,24.27,6540.0
2026-07-08 23:35:00+08:00,NYSE:UMC,24.275,24.36,24.24,24.24,4703.0
2026-07-08 23:40:00+08:00,NYSE:UMC,24.27,24.315,24.26,24.275,2805.0
2026-07-08 23:45:00+08:00,NYSE:UMC,24.26,24.3,24.23,24.25,3598.0
2026-07-08 23:50:00+08:00,NYSE:UMC,24.24,24.25,24.18,24.21,6287.0
2026-07-08 23:55:00+08:00,NYSE:UMC,24.23,24.27,24.21,24.27,5701.0
2026-07-09 00:00:00+08:00,NYSE:UMC,24.25,24.32,24.25,24.3,4593.0
2026-07-09 00:05:00+08:00,NYSE:UMC,24.32,24.35,24.27,24.35,4682.0
2026-07-09 00:10:00+08:00,NYSE:UMC,24.37,24.47,24.37,24.45,8554.0
2026-07-09 00:15:00+08:00,NYSE:UMC,24.45,24.51,24.42,24.5,2907.0
2026-07-09 00:20:00+08:00,NYSE:UMC,24.51,24.64,24.51,24.54,7053.0
2026-07-09 00:25:00+08:00,NYSE:UMC,24.545,24.615,24.545,24.6,1521.0
2026-07-09 00:30:00+08:00,NYSE:UMC,24.58,24.675,24.58,24.58,3460.0
2026-07-09 00:35:00+08:00,NYSE:UMC,24.59,24.64,24.58,24.64,7100.0
2026-07-09 00:40:00+08:00,NYSE:UMC,24.63,24.76,24.62,24.74,5294.0
2026-07-09 00:45:00+08:00,NYSE:UMC,24.71,24.81,24.69,24.81,2072.0
2026-07-09 00:50:00+08:00,NYSE:UMC,24.81,24.89,24.79,24.89,7431.0
2026-07-09 00:55:00+08:00,NYSE:UMC,24.9,24.92,24.86,24.9,887.0
2026-07-09 01:00:00+08:00,NYSE:UMC,24.9,24.9,24.82,24.83,4663.0
2026-07-09 01:05:00+08:00,NYSE:UMC,24.825,24.9,24.82,24.85,3426.0
2026-07-09 01:10:00+08:00,NYSE:UMC,24.81,24.835,24.8,24.815,4603.0
2026-07-09 01:15:00+08:00,NYSE:UMC,24.8,24.865,24.8,24.85,1145.0
2026-07-09 01:20:00+08:00,NYSE:UMC,24.82,24.86,24.82,24.86,3780.0
2026-07-09 01:25:00+08:00,NYSE:UMC,24.86,24.9,24.86,24.9,1618.0
2026-07-09 01:30:00+08:00,NYSE:UMC,24.91,24.92,24.9,24.91,2474.0
2026-07-09 01:35:00+08:00,NYSE:UMC,24.89,24.92,24.87,24.87,1260.0
2026-07-09 01:40:00+08:00,NYSE:UMC,24.87,24.87,24.785,24.785,3301.0
2026-07-09 01:45:00+08:00,NYSE:UMC,24.775,24.775,24.685,24.69,2898.0
2026-07-09 01:50:00+08:00,NYSE:UMC,24.695,24.78,24.695,24.75,4190.0
2026-07-09 01:55:00+08:00,NYSE:UMC,24.73,24.78,24.695,24.77,5361.0
2026-07-09 02:00:00+08:00,NYSE:UMC,24.75,24.86,24.74,24.85,9934.0
2026-07-09 02:05:00+08:00,NYSE:UMC,24.84,24.84,24.79,24.835,6537.0
2026-07-09 02:10:00+08:00,NYSE:UMC,24.835,24.86,24.82,24.84,7014.0
2026-07-09 02:15:00+08:00,NYSE:UMC,24.82,24.84,24.805,24.84,3939.0
2026-07-09 02:20:00+08:00,NYSE:UMC,24.825,24.855,24.81,24.815,2820.0
2026-07-09 02:25:00+08:00,NYSE:UMC,24.81,24.825,24.775,24.78,2689.0
2026-07-09 02:30:00+08:00,NYSE:UMC,24.76,24.795,24.745,24.75,4903.0
2026-07-09 02:35:00+08:00,NYSE:UMC,24.765,24.865,24.765,24.85,5164.0
2026-07-09 02:40:00+08:00,NYSE:UMC,24.85,24.86,24.805,24.835,1616.0
2026-07-09 02:45:00+08:00,NYSE:UMC,24.835,24.835,24.79,24.825,1094.0
2026-07-09 02:50:00+08:00,NYSE:UMC,24.82,24.84,24.805,24.815,3749.0
2026-07-09 02:55:00+08:00,NYSE:UMC,24.815,24.815,24.769,24.79,5638.0
2026-07-09 03:00:00+08:00,NYSE:UMC,24.785,24.825,24.76,24.765,4420.0
2026-07-09 03:05:00+08:00,NYSE:UMC,24.77,24.81,24.7,24.81,7966.0
2026-07-09 03:10:00+08:00,NYSE:UMC,24.81,24.825,24.79,24.805,8824.0
2026-07-09 03:15:00+08:00,NYSE:UMC,24.8,24.825,24.8,24.8,6128.0
2026-07-09 03:20:00+08:00,NYSE:UMC,24.79,24.81,24.78,24.78,6515.0
2026-07-09 03:25:00+08:00,NYSE:UMC,24.775,24.79,24.75,24.79,6066.0
2026-07-09 03:30:00+08:00,NYSE:UMC,24.785,24.785,24.67,24.68,44601.0
2026-07-09 03:35:00+08:00,NYSE:UMC,24.675,24.705,24.65,24.67,11382.0
2026-07-09 03:40:00+08:00,NYSE:UMC,24.665,24.665,24.595,24.635,15127.0
2026-07-09 03:45:00+08:00,NYSE:UMC,24.64,24.65,24.59,24.625,18452.0
2026-07-09 03:50:00+08:00,NYSE:UMC,24.62,24.78,24.555,24.775,26574.0
2026-07-09 03:55:00+08:00,NYSE:UMC,24.75,24.845,24.715,24.73,72503.0
2026-07-09 21:30:00+08:00,NYSE:UMC,24.9,25.09,24.72,25.06,79397.0
2026-07-09 21:35:00+08:00,NYSE:UMC,25.08,25.39,25.05,25.39,44563.0
2026-07-09 21:40:00+08:00,NYSE:UMC,25.37,25.42,25.27,25.4,44104.0
2026-07-09 21:45:00+08:00,NYSE:UMC,25.42,25.47,25.19,25.235,65691.0
2026-07-09 21:50:00+08:00,NYSE:UMC,25.24,25.31,25.18,25.24,17891.0
2026-07-09 21:55:00+08:00,NYSE:UMC,25.295,25.31,25.19,25.23,13292.0
2026-07-09 22:00:00+08:00,NYSE:UMC,25.22,25.3,25.18,25.22,19404.0
2026-07-09 22:05:00+08:00,NYSE:UMC,25.2,25.205,25.14,25.145,8513.0
2026-07-09 22:10:00+08:00,NYSE:UMC,25.14,25.145,24.97,25.05,9526.0
2026-07-09 22:15:00+08:00,NYSE:UMC,25.03,25.03,24.77,24.78,20267.0
2026-07-09 22:20:00+08:00,NYSE:UMC,24.76,24.93,24.65,24.93,17317.0
2026-07-09 22:25:00+08:00,NYSE:UMC,24.93,25.07,24.925,25.025,9890.0
2026-07-09 22:30:00+08:00,NYSE:UMC,25.03,25.05,24.94,25.015,4384.0
2026-07-09 22:35:00+08:00,NYSE:UMC,25.035,25.08,25.015,25.08,5581.0
2026-07-09 22:40:00+08:00,NYSE:UMC,25.09,25.24,25.085,25.2,11611.0
2026-07-09 22:45:00+08:00,NYSE:UMC,25.19,25.27,25.18,25.255,3564.0
2026-07-09 22:50:00+08:00,NYSE:UMC,25.21,25.21,25.03,25.05,8928.0
2026-07-09 22:55:00+08:00,NYSE:UMC,25.08,25.14,25.065,25.1,3658.0
2026-07-09 23:00:00+08:00,NYSE:UMC,25.1,25.18,25.07,25.155,5278.0
2026-07-09 23:05:00+08:00,NYSE:UMC,25.17,25.3,25.16,25.3,10007.0
2026-07-09 23:10:00+08:00,NYSE:UMC,25.32,25.385,25.3,25.37,5033.0
2026-07-09 23:15:00+08:00,NYSE:UMC,25.37,25.37,25.275,25.295,14887.0
2026-07-09 23:20:00+08:00,NYSE:UMC,25.3,25.36,25.275,25.35,4523.0
2026-07-09 23:25:00+08:00,NYSE:UMC,25.35,25.355,25.295,25.295,8470.0
2026-07-09 23:30:00+08:00,NYSE:UMC,25.29,25.315,25.27,25.28,3843.0
2026-07-09 23:35:00+08:00,NYSE:UMC,25.285,25.29,25.26,25.285,6549.0
2026-07-09 23:40:00+08:00,NYSE:UMC,25.29,25.38,25.29,25.375,11666.0
2026-07-09 23:45:00+08:00,NYSE:UMC,25.38,25.38,25.345,25.375,6265.0
2026-07-09 23:50:00+08:00,NYSE:UMC,25.38,25.405,25.375,25.375,13508.0
2026-07-09 23:55:00+08:00,NYSE:UMC,25.375,25.375,25.32,25.335,4442.0
2026-07-10 00:00:00+08:00,NYSE:UMC,25.34,25.385,25.34,25.38,5852.0
2026-07-10 00:05:00+08:00,NYSE:UMC,25.38,25.4,25.375,25.39,6301.0
2026-07-10 00:10:00+08:00,NYSE:UMC,25.375,25.38,25.3,25.3,7636.0
2026-07-10 00:15:00+08:00,NYSE:UMC,25.295,25.305,25.25,25.275,4358.0
2026-07-10 00:20:00+08:00,NYSE:UMC,25.27,25.28,25.245,25.25,3574.0
2026-07-10 00:25:00+08:00,NYSE:UMC,25.25,25.25,25.17,25.17,10128.0
2026-07-10 00:30:00+08:00,NYSE:UMC,25.18,25.26,25.165,25.17,5094.0
2026-07-10 00:35:00+08:00,NYSE:UMC,25.17,25.18,25.07,25.12,5192.0
2026-07-10 00:40:00+08:00,NYSE:UMC,25.125,25.205,25.125,25.175,7020.0
2026-07-10 00:45:00+08:00,NYSE:UMC,25.18,25.19,25.15,25.17,8449.0
2026-07-10 00:50:00+08:00,NYSE:UMC,25.17,25.21,25.17,25.21,4691.0
2026-07-10 00:55:00+08:00,NYSE:UMC,25.2,25.2,25.15,25.155,3160.0
2026-07-10 01:00:00+08:00,NYSE:UMC,25.155,25.19,25.155,25.175,3744.0
2026-07-10 01:05:00+08:00,NYSE:UMC,25.185,25.24,25.16,25.24,4466.0
2026-07-10 01:10:00+08:00,NYSE:UMC,25.24,25.285,25.235,25.255,5553.0
2026-07-10 01:15:00+08:00,NYSE:UMC,25.255,25.295,25.255,25.295,5276.0
2026-07-10 01:20:00+08:00,NYSE:UMC,25.285,25.285,25.26,25.285,3507.0
2026-07-10 01:25:00+08:00,NYSE:UMC,25.295,25.3,25.27,25.28,3468.0
2026-07-10 01:30:00+08:00,NYSE:UMC,25.275,25.295,25.21,25.21,7682.0
2026-07-10 01:35:00+08:00,NYSE:UMC,25.21,25.255,25.205,25.235,6282.0
2026-07-10 01:40:00+08:00,NYSE:UMC,25.235,25.235,25.195,25.2,10404.0
2026-07-10 01:45:00+08:00,NYSE:UMC,25.205,25.205,25.185,25.185,3264.0
2026-07-10 01:50:00+08:00,NYSE:UMC,25.185,25.185,25.16,25.16,8218.0
2026-07-10 01:55:00+08:00,NYSE:UMC,25.155,25.155,25.105,25.14,13976.0
2026-07-10 02:00:00+08:00,NYSE:UMC,25.15,25.165,25.09,25.09,10879.0
2026-07-10 02:05:00+08:00,NYSE:UMC,25.095,25.175,25.09,25.17,8415.0
2026-07-10 02:10:00+08:00,NYSE:UMC,25.16,25.16,25.125,25.145,4440.0
2026-07-10 02:15:00+08:00,NYSE:UMC,25.145,25.145,25.115,25.14,5057.0
2026-07-10 02:20:00+08:00,NYSE:UMC,25.14,25.14,25.095,25.095,5173.0
2026-07-10 02:25:00+08:00,NYSE:UMC,25.09,25.11,25.07,25.07,7320.0
2026-07-10 02:30:00+08:00,NYSE:UMC,25.075,25.125,25.06,25.065,15969.0
2026-07-10 02:35:00+08:00,NYSE:UMC,25.055,25.095,25.045,25.09,7150.0
2026-07-10 02:40:00+08:00,NYSE:UMC,25.08,25.125,25.07,25.125,18204.0
2026-07-10 02:45:00+08:00,NYSE:UMC,25.12,25.15,25.12,25.13,4490.0
2026-07-10 02:50:00+08:00,NYSE:UMC,25.125,25.13,25.115,25.12,7602.0
2026-07-10 02:55:00+08:00,NYSE:UMC,25.11,25.11,25.065,25.105,10566.0
2026-07-10 03:00:00+08:00,NYSE:UMC,25.11,25.11,24.955,24.975,12416.0
2026-07-10 03:05:00+08:00,NYSE:UMC,24.97,25.045,24.95,25.01,7891.0
2026-07-10 03:10:00+08:00,NYSE:UMC,25.0,25.015,24.97,24.975,5335.0
2026-07-10 03:15:00+08:00,NYSE:UMC,24.965,25.035,24.935,25.035,9955.0
2026-07-10 03:20:00+08:00,NYSE:UMC,25.035,25.045,25.005,25.015,10217.0
2026-07-10 03:25:00+08:00,NYSE:UMC,25.01,25.01,24.965,24.975,11193.0
2026-07-10 03:30:00+08:00,NYSE:UMC,24.97,24.97,24.89,24.92,19498.0
2026-07-10 03:35:00+08:00,NYSE:UMC,24.92,25.0,24.92,24.985,9261.0
2026-07-10 03:40:00+08:00,NYSE:UMC,24.985,24.985,24.925,24.94,13100.0
2026-07-10 03:45:00+08:00,NYSE:UMC,24.95,24.955,24.895,24.91,17861.0
2026-07-10 03:50:00+08:00,NYSE:UMC,24.88,24.89,24.845,24.85,31673.0
2026-07-10 03:55:00+08:00,NYSE:UMC,24.87,24.95,24.83,24.86,49243.0
2026-07-10 21:30:00+08:00,NYSE:UMC,24.37,24.48,24.11,24.24,40536.0
2026-07-10 21:35:00+08:00,NYSE:UMC,24.21,24.21,23.98,24.015,11779.0
2026-07-10 21:40:00+08:00,NYSE:UMC,23.99,24.08,23.78,24.05,23512.0
2026-07-10 21:45:00+08:00,NYSE:UMC,24.09,24.32,24.06,24.3,5110.0
2026-07-10 21:50:00+08:00,NYSE:UMC,24.34,24.34,24.24,24.27,7399.0
2026-07-10 21:55:00+08:00,NYSE:UMC,24.22,24.25,24.11,24.21,5786.0
2026-07-10 22:00:00+08:00,NYSE:UMC,24.225,24.27,24.16,24.175,3565.0
2026-07-10 22:05:00+08:00,NYSE:UMC,24.16,24.23,24.15,24.23,4277.0
2026-07-10 22:10:00+08:00,NYSE:UMC,24.225,24.225,24.11,24.14,4911.0
2026-07-10 22:15:00+08:00,NYSE:UMC,24.13,24.13,24.01,24.04,10489.0
2026-07-10 22:20:00+08:00,NYSE:UMC,24.02,24.03,23.89,23.985,11391.0
2026-07-10 22:25:00+08:00,NYSE:UMC,24.0,24.09,23.965,24.07,6881.0
2026-07-10 22:30:00+08:00,NYSE:UMC,24.08,24.12,23.79,24.03,28904.0
2026-07-10 22:35:00+08:00,NYSE:UMC,24.05,24.09,24.01,24.07,3672.0
2026-07-10 22:40:00+08:00,NYSE:UMC,24.07,24.095,24.025,24.09,3047.0
2026-07-10 22:45:00+08:00,NYSE:UMC,24.09,24.14,24.065,24.14,7742.0
2026-07-10 22:50:00+08:00,NYSE:UMC,24.13,24.13,24.04,24.05,6404.0
2026-07-10 22:55:00+08:00,NYSE:UMC,24.04,24.05,23.95,24.0,8914.0
2026-07-10 23:00:00+08:00,NYSE:UMC,24.0,24.08,23.98,24.05,2444.0
2026-07-10 23:05:00+08:00,NYSE:UMC,24.04,24.09,24.01,24.085,3358.0
2026-07-10 23:10:00+08:00,NYSE:UMC,24.09,24.12,24.075,24.095,3591.0
2026-07-10 23:15:00+08:00,NYSE:UMC,24.1,24.155,24.1,24.14,5611.0
2026-07-10 23:20:00+08:00,NYSE:UMC,24.16,24.21,24.16,24.18,6053.0
2026-07-10 23:25:00+08:00,NYSE:UMC,24.19,24.29,24.19,24.26,4401.0
2026-07-10 23:30:00+08:00,NYSE:UMC,24.295,24.295,24.26,24.28,3963.0
2026-07-10 23:35:00+08:00,NYSE:UMC,24.28,24.28,24.18,24.185,2852.0
2026-07-10 23:40:00+08:00,NYSE:UMC,24.17,24.17,24.1,24.13,3847.0
2026-07-10 23:45:00+08:00,NYSE:UMC,24.125,24.18,24.12,24.16,1814.0
2026-07-10 23:50:00+08:00,NYSE:UMC,24.15,24.17,24.13,24.17,1965.0
2026-07-10 23:55:00+08:00,NYSE:UMC,24.175,24.215,24.15,24.205,5649.0
2026-07-11 00:00:00+08:00,NYSE:UMC,24.21,24.255,24.21,24.255,3262.0
2026-07-11 00:05:00+08:00,NYSE:UMC,24.26,24.275,24.245,24.245,2773.0
2026-07-11 00:10:00+08:00,NYSE:UMC,24.245,24.27,24.24,24.25,2626.0
2026-07-11 00:15:00+08:00,NYSE:UMC,24.26,24.37,24.26,24.37,3373.0
2026-07-11 00:20:00+08:00,NYSE:UMC,24.37,24.39,24.35,24.37,3844.0
2026-07-11 00:25:00+08:00,NYSE:UMC,24.36,24.42,24.34,24.415,3552.0
2026-07-11 00:30:00+08:00,NYSE:UMC,24.41,24.43,24.41,24.43,1714.0
2026-07-11 00:35:00+08:00,NYSE:UMC,24.44,24.46,24.435,24.45,3982.0
2026-07-11 00:40:00+08:00,NYSE:UMC,24.46,24.48,24.435,24.441,3021.0
2026-07-11 00:45:00+08:00,NYSE:UMC,24.45,24.48,24.45,24.47,1835.0
2026-07-11 00:50:00+08:00,NYSE:UMC,24.49,24.49,24.44,24.44,2462.0
2026-07-11 00:55:00+08:00,NYSE:UMC,24.41,24.42,24.39,24.4,2899.0
2026-07-11 01:00:00+08:00,NYSE:UMC,24.4,24.405,24.335,24.365,3382.0
2026-07-11 01:05:00+08:00,NYSE:UMC,24.37,24.385,24.365,24.365,2090.0
2026-07-11 01:10:00+08:00,NYSE:UMC,24.365,24.42,24.365,24.42,2781.0
2026-07-11 01:15:00+08:00,NYSE:UMC,24.43,24.445,24.415,24.415,862.0
2026-07-11 01:20:00+08:00,NYSE:UMC,24.415,24.46,24.41,24.46,2416.0
2026-07-11 01:25:00+08:00,NYSE:UMC,24.48,24.52,24.47,24.52,1769.0
2026-07-11 01:30:00+08:00,NYSE:UMC,24.525,24.545,24.525,24.525,3167.0
2026-07-11 01:35:00+08:00,NYSE:UMC,24.52,24.575,24.515,24.57,2065.0
2026-07-11 01:40:00+08:00,NYSE:UMC,24.57,24.61,24.57,24.61,2737.0
2026-07-11 01:45:00+08:00,NYSE:UMC,24.625,24.625,24.575,24.58,3940.0
2026-07-11 01:50:00+08:00,NYSE:UMC,24.595,24.595,24.56,24.56,2832.0
2026-07-11 01:55:00+08:00,NYSE:UMC,24.555,24.555,24.51,24.51,2307.0
2026-07-11 02:00:00+08:00,NYSE:UMC,24.51,24.53,24.505,24.53,1363.0
2026-07-11 02:05:00+08:00,NYSE:UMC,24.53,24.535,24.5,24.505,2358.0
2026-07-11 02:10:00+08:00,NYSE:UMC,24.51,24.54,24.51,24.515,1972.0
2026-07-11 02:15:00+08:00,NYSE:UMC,24.51,24.51,24.435,24.45,3164.0
2026-07-11 02:20:00+08:00,NYSE:UMC,24.45,24.48,24.435,24.48,1349.0
2026-07-11 02:25:00+08:00,NYSE:UMC,24.48,24.505,24.465,24.47,3170.0
2026-07-11 02:30:00+08:00,NYSE:UMC,24.47,24.48,24.44,24.48,1314.0
2026-07-11 02:35:00+08:00,NYSE:UMC,24.47,24.47,24.45,24.45,1022.0
2026-07-11 02:40:00+08:00,NYSE:UMC,24.45,24.45,24.42,24.425,3012.0
2026-07-11 02:45:00+08:00,NYSE:UMC,24.425,24.43,24.42,24.42,3707.0
2026-07-11 02:50:00+08:00,NYSE:UMC,24.435,24.475,24.435,24.45,3495.0
2026-07-11 02:55:00+08:00,NYSE:UMC,24.45,24.46,24.43,24.44,3128.0
2026-07-11 03:00:00+08:00,NYSE:UMC,24.445,24.505,24.43,24.505,2618.0
2026-07-11 03:05:00+08:00,NYSE:UMC,24.5,24.5,24.455,24.455,3904.0
2026-07-11 03:10:00+08:00,NYSE:UMC,24.46,24.46,24.415,24.43,6537.0
2026-07-11 03:15:00+08:00,NYSE:UMC,24.435,24.435,24.4,24.42,4212.0
2026-07-11 03:20:00+08:00,NYSE:UMC,24.42,24.44,24.41,24.42,4239.0
2026-07-11 03:25:00+08:00,NYSE:UMC,24.415,24.475,24.405,24.475,5170.0
2026-07-11 03:30:00+08:00,NYSE:UMC,24.485,24.54,24.48,24.48,13776.0
2026-07-11 03:35:00+08:00,NYSE:UMC,24.47,24.51,24.47,24.5,3132.0
2026-07-11 03:40:00+08:00,NYSE:UMC,24.505,24.52,24.48,24.485,3953.0
2026-07-11 03:45:00+08:00,NYSE:UMC,24.49,24.53,24.485,24.485,10389.0
2026-07-11 03:50:00+08:00,NYSE:UMC,24.49,24.5,24.44,24.45,5185.0
2026-07-11 03:55:00+08:00,NYSE:UMC,24.45,24.48,24.32,24.335,78064.0
2026-07-13 21:30:00+08:00,NYSE:UMC,23.455,23.71,23.42,23.47,38176.0
2026-07-13 21:35:00+08:00,NYSE:UMC,23.47,23.48,23.29,23.29,19362.0
2026-07-13 21:40:00+08:00,NYSE:UMC,23.3,23.3,23.02,23.13,25366.0
2026-07-13 21:45:00+08:00,NYSE:UMC,23.14,23.26,23.09,23.25,25411.0
2026-07-13 21:50:00+08:00,NYSE:UMC,23.26,23.33,23.16,23.16,14824.0
2026-07-13 21:55:00+08:00,NYSE:UMC,23.15,23.24,23.08,23.22,20654.0
2026-07-13 22:00:00+08:00,NYSE:UMC,23.205,23.29,23.2,23.2,8329.0
2026-07-13 22:05:00+08:00,NYSE:UMC,23.2,23.27,23.13,23.25,9416.0
2026-07-13 22:10:00+08:00,NYSE:UMC,23.25,23.42,23.25,23.405,19801.0
2026-07-13 22:15:00+08:00,NYSE:UMC,23.405,23.43,23.22,23.42,40041.0
2026-07-13 22:20:00+08:00,NYSE:UMC,23.43,23.62,23.43,23.61,8019.0
2026-07-13 22:25:00+08:00,NYSE:UMC,23.6,23.7,23.59,23.7,6544.0
2026-07-13 22:30:00+08:00,NYSE:UMC,23.71,23.72,23.59,23.65,5802.0
2026-07-13 22:35:00+08:00,NYSE:UMC,23.65,23.66,23.59,23.66,7449.0
2026-07-13 22:40:00+08:00,NYSE:UMC,23.65,23.65,23.53,23.55,6880.0
2026-07-13 22:45:00+08:00,NYSE:UMC,23.545,23.61,23.51,23.61,9024.0
2026-07-13 22:50:00+08:00,NYSE:UMC,23.59,23.61,23.49,23.5,7021.0
2026-07-13 22:55:00+08:00,NYSE:UMC,23.49,23.58,23.465,23.58,4950.0
2026-07-13 23:00:00+08:00,NYSE:UMC,23.585,23.63,23.57,23.57,6652.0
2026-07-13 23:05:00+08:00,NYSE:UMC,23.57,23.575,23.51,23.51,8891.0
2026-07-13 23:10:00+08:00,NYSE:UMC,23.52,23.56,23.51,23.54,5120.0
2026-07-13 23:15:00+08:00,NYSE:UMC,23.54,23.6,23.5,23.6,5650.0
2026-07-13 23:20:00+08:00,NYSE:UMC,23.61,23.67,23.58,23.665,8928.0
2026-07-13 23:25:00+08:00,NYSE:UMC,23.66,23.66,23.615,23.625,5177.0
2026-07-13 23:30:00+08:00,NYSE:UMC,23.615,23.64,23.58,23.595,7960.0
2026-07-13 23:35:00+08:00,NYSE:UMC,23.6,23.61,23.56,23.58,3779.0
2026-07-13 23:40:00+08:00,NYSE:UMC,23.575,23.58,23.56,23.56,5107.0
2026-07-13 23:45:00+08:00,NYSE:UMC,23.56,23.56,23.48,23.5,8232.0
2026-07-13 23:50:00+08:00,NYSE:UMC,23.53,23.535,23.47,23.5,6381.0
2026-07-13 23:55:00+08:00,NYSE:UMC,23.5,23.505,23.445,23.5,10581.0
2026-07-14 00:00:00+08:00,NYSE:UMC,23.5,23.52,23.48,23.5,6758.0
2026-07-14 00:05:00+08:00,NYSE:UMC,23.5,23.525,23.465,23.52,6194.0
2026-07-14 00:10:00+08:00,NYSE:UMC,23.525,23.565,23.47,23.49,7094.0
2026-07-14 00:15:00+08:00,NYSE:UMC,23.49,23.49,23.43,23.47,5655.0
2026-07-14 00:20:00+08:00,NYSE:UMC,23.47,23.47,23.39,23.41,8262.0
2026-07-14 00:25:00+08:00,NYSE:UMC,23.41,23.41,23.38,23.41,4202.0
2026-07-14 00:30:00+08:00,NYSE:UMC,23.41,23.41,23.345,23.36,6176.0
2026-07-14 00:35:00+08:00,NYSE:UMC,23.36,23.36,23.24,23.32,12558.0
2026-07-14 00:40:00+08:00,NYSE:UMC,23.31,23.37,23.31,23.35,8168.0
2026-07-14 00:45:00+08:00,NYSE:UMC,23.35,23.39,23.34,23.35,6686.0
2026-07-14 00:50:00+08:00,NYSE:UMC,23.33,23.42,23.33,23.4,11328.0
2026-07-14 00:55:00+08:00,NYSE:UMC,23.375,23.51,23.355,23.48,11464.0
2026-07-14 01:00:00+08:00,NYSE:UMC,23.47,23.565,23.47,23.53,7195.0
2026-07-14 01:05:00+08:00,NYSE:UMC,23.52,23.61,23.515,23.61,4495.0
2026-07-14 01:10:00+08:00,NYSE:UMC,23.62,23.625,23.52,23.52,8331.0
2026-07-14 01:15:00+08:00,NYSE:UMC,23.51,23.52,23.43,23.495,20611.0
2026-07-14 01:20:00+08:00,NYSE:UMC,23.49,23.5,23.45,23.45,9047.0
2026-07-14 01:25:00+08:00,NYSE:UMC,23.455,23.455,23.41,23.44,3295.0
2026-07-14 01:30:00+08:00,NYSE:UMC,23.44,23.48,23.44,23.47,5581.0
2026-07-14 01:35:00+08:00,NYSE:UMC,23.46,23.46,23.415,23.42,2242.0
2026-07-14 01:40:00+08:00,NYSE:UMC,23.42,23.445,23.4,23.43,4705.0
2026-07-14 01:45:00+08:00,NYSE:UMC,23.44,23.445,23.405,23.405,3771.0
2026-07-14 01:50:00+08:00,NYSE:UMC,23.4,23.44,23.4,23.43,7097.0
2026-07-14 01:55:00+08:00,NYSE:UMC,23.44,23.48,23.43,23.46,5225.0
2026-07-14 02:00:00+08:00,NYSE:UMC,23.46,23.535,23.46,23.52,8650.0
2026-07-14 02:05:00+08:00,NYSE:UMC,23.52,23.565,23.52,23.55,2552.0
2026-07-14 02:10:00+08:00,NYSE:UMC,23.52,23.52,23.48,23.505,4793.0
2026-07-14 02:15:00+08:00,NYSE:UMC,23.51,23.52,23.45,23.46,4884.0
2026-07-14 02:20:00+08:00,NYSE:UMC,23.47,23.495,23.445,23.495,3327.0
2026-07-14 02:25:00+08:00,NYSE:UMC,23.5,23.5,23.395,23.405,5783.0
2026-07-14 02:30:00+08:00,NYSE:UMC,23.405,23.47,23.39,23.43,8680.0
2026-07-14 02:35:00+08:00,NYSE:UMC,23.425,23.46,23.42,23.425,4909.0
2026-07-14 02:40:00+08:00,NYSE:UMC,23.42,23.445,23.415,23.42,4764.0
2026-07-14 02:45:00+08:00,NYSE:UMC,23.42,23.46,23.415,23.45,11348.0
2026-07-14 02:50:00+08:00,NYSE:UMC,23.45,23.47,23.43,23.43,10800.0
2026-07-14 02:55:00+08:00,NYSE:UMC,23.425,23.435,23.39,23.4,11788.0
2026-07-14 03:00:00+08:00,NYSE:UMC,23.4,23.5,23.39,23.49,9584.0
2026-07-14 03:05:00+08:00,NYSE:UMC,23.49,23.51,23.38,23.38,28012.0
2026-07-14 03:10:00+08:00,NYSE:UMC,23.38,23.39,23.29,23.35,14309.0
2026-07-14 03:15:00+08:00,NYSE:UMC,23.345,23.345,23.3,23.3,10732.0
2026-07-14 03:20:00+08:00,NYSE:UMC,23.3,23.305,23.25,23.25,11804.0
2026-07-14 03:25:00+08:00,NYSE:UMC,23.24,23.28,23.22,23.27,13966.0
2026-07-14 03:30:00+08:00,NYSE:UMC,23.28,23.39,23.27,23.38,42879.0
2026-07-14 03:35:00+08:00,NYSE:UMC,23.37,23.375,23.31,23.325,25898.0
2026-07-14 03:40:00+08:00,NYSE:UMC,23.33,23.45,23.32,23.44,32599.0
2026-07-14 03:45:00+08:00,NYSE:UMC,23.43,23.505,23.39,23.495,32325.0
2026-07-14 03:50:00+08:00,NYSE:UMC,23.51,23.58,23.45,23.465,42399.0
2026-07-14 03:55:00+08:00,NYSE:UMC,23.46,23.465,23.35,23.4,145724.0
2026-07-14 21:30:00+08:00,NYSE:UMC,24.25,24.39,24.12,24.14,79836.0
2026-07-14 21:35:00+08:00,NYSE:UMC,24.15,24.32,24.14,24.2,19634.0
2026-07-14 21:40:00+08:00,NYSE:UMC,24.18,24.19,23.95,24.02,25319.0
2026-07-14 21:45:00+08:00,NYSE:UMC,24.03,24.12,23.98,24.09,28884.0
2026-07-14 21:50:00+08:00,NYSE:UMC,24.105,24.11,23.92,23.97,12499.0
2026-07-14 21:55:00+08:00,NYSE:UMC,23.925,24.0,23.9,23.98,12845.0
2026-07-14 22:00:00+08:00,NYSE:UMC,23.98,24.01,23.89,23.9,13849.0
2026-07-14 22:05:00+08:00,NYSE:UMC,23.88,23.88,23.72,23.76,16998.0
2026-07-14 22:10:00+08:00,NYSE:UMC,23.77,23.8,23.7,23.73,9633.0
2026-07-14 22:15:00+08:00,NYSE:UMC,23.71,23.71,23.58,23.71,10318.0
2026-07-14 22:20:00+08:00,NYSE:UMC,23.705,23.815,23.68,23.68,23603.0
2026-07-14 22:25:00+08:00,NYSE:UMC,23.68,23.83,23.67,23.73,12379.0
2026-07-14 22:30:00+08:00,NYSE:UMC,23.74,23.95,23.705,23.87,26828.0
2026-07-14 22:35:00+08:00,NYSE:UMC,23.89,23.93,23.86,23.87,14336.0
2026-07-14 22:40:00+08:00,NYSE:UMC,23.87,23.87,23.76,23.78,19157.0
2026-07-14 22:45:00+08:00,NYSE:UMC,23.78,23.8,23.69,23.71,8508.0
2026-07-14 22:50:00+08:00,NYSE:UMC,23.72,23.82,23.705,23.82,7792.0
2026-07-14 22:55:00+08:00,NYSE:UMC,23.83,23.86,23.82,23.84,6484.0
2026-07-14 23:00:00+08:00,NYSE:UMC,23.85,23.94,23.83,23.92,20024.0
2026-07-14 23:05:00+08:00,NYSE:UMC,23.89,24.08,23.865,24.07,27263.0
2026-07-14 23:10:00+08:00,NYSE:UMC,24.06,24.095,24.04,24.065,11128.0
2026-07-14 23:15:00+08:00,NYSE:UMC,24.095,24.255,24.09,24.19,57129.0
2026-07-14 23:20:00+08:00,NYSE:UMC,24.18,24.23,24.16,24.21,12266.0
2026-07-14 23:25:00+08:00,NYSE:UMC,24.21,24.215,24.14,24.15,10245.0
2026-07-14 23:30:00+08:00,NYSE:UMC,24.15,24.18,24.07,24.09,9285.0
2026-07-14 23:35:00+08:00,NYSE:UMC,24.09,24.125,24.08,24.125,8595.0
2026-07-14 23:40:00+08:00,NYSE:UMC,24.12,24.185,24.06,24.17,9905.0
2026-07-14 23:45:00+08:00,NYSE:UMC,24.175,24.205,24.165,24.17,19545.0
2026-07-14 23:50:00+08:00,NYSE:UMC,24.185,24.185,24.09,24.09,9948.0
2026-07-14 23:55:00+08:00,NYSE:UMC,24.1,24.16,24.1,24.16,11723.0
2026-07-15 00:00:00+08:00,NYSE:UMC,24.17,24.185,24.075,24.095,11547.0
2026-07-15 00:05:00+08:00,NYSE:UMC,24.11,24.125,24.06,24.09,11284.0
2026-07-15 00:10:00+08:00,NYSE:UMC,24.065,24.065,24.015,24.025,8997.0
2026-07-15 00:15:00+08:00,NYSE:UMC,24.02,24.055,24.0,24.055,8739.0
2026-07-15 00:20:00+08:00,NYSE:UMC,24.05,24.09,24.045,24.085,10011.0
2026-07-15 00:25:00+08:00,NYSE:UMC,24.09,24.105,24.07,24.07,6026.0
2026-07-15 00:30:00+08:00,NYSE:UMC,24.06,24.06,23.945,23.985,10174.0
2026-07-15 00:35:00+08:00,NYSE:UMC,23.995,24.01,23.96,23.975,5644.0
2026-07-15 00:40:00+08:00,NYSE:UMC,23.97,24.02,23.97,24.015,5899.0
2026-07-15 00:45:00+08:00,NYSE:UMC,24.01,24.015,23.95,23.995,10565.0
2026-07-15 00:50:00+08:00,NYSE:UMC,23.995,24.0,23.945,23.945,9105.0
2026-07-15 00:55:00+08:00,NYSE:UMC,23.945,23.97,23.93,23.955,22272.0
2026-07-15 01:00:00+08:00,NYSE:UMC,23.96,23.99,23.96,23.985,6290.0
2026-07-15 01:05:00+08:00,NYSE:UMC,23.97,23.97,23.88,23.96,15511.0
2026-07-15 01:10:00+08:00,NYSE:UMC,23.965,23.98,23.93,23.93,5848.0
2026-07-15 01:15:00+08:00,NYSE:UMC,23.93,23.96,23.92,23.955,7452.0
2026-07-15 01:20:00+08:00,NYSE:UMC,23.96,24.005,23.96,23.995,4126.0
2026-07-15 01:25:00+08:00,NYSE:UMC,23.99,24.0,23.98,23.99,5240.0
2026-07-15 01:30:00+08:00,NYSE:UMC,24.005,24.015,23.965,23.965,5413.0
2026-07-15 01:35:00+08:00,NYSE:UMC,23.96,24.02,23.95,24.02,5867.0
2026-07-15 01:40:00+08:00,NYSE:UMC,24.02,24.035,24.01,24.02,3470.0
2026-07-15 01:45:00+08:00,NYSE:UMC,24.01,24.035,24.0,24.02,6443.0
2026-07-15 01:50:00+08:00,NYSE:UMC,24.025,24.065,24.025,24.055,7461.0
2026-07-15 01:55:00+08:00,NYSE:UMC,24.05,24.06,24.03,24.03,3231.0
2026-07-15 02:00:00+08:00,NYSE:UMC,24.035,24.045,24.01,24.035,5582.0
2026-07-15 02:05:00+08:00,NYSE:UMC,24.035,24.05,24.025,24.05,3932.0
2026-07-15 02:10:00+08:00,NYSE:UMC,24.06,24.07,24.045,24.045,4009.0
2026-07-15 02:15:00+08:00,NYSE:UMC,24.05,24.06,24.035,24.06,4372.0
2026-07-15 02:20:00+08:00,NYSE:UMC,24.065,24.065,24.01,24.01,4596.0
2026-07-15 02:25:00+08:00,NYSE:UMC,24.01,24.03,24.005,24.015,2724.0
2026-07-15 02:30:00+08:00,NYSE:UMC,24.02,24.05,24.015,24.045,3022.0
2026-07-15 02:35:00+08:00,NYSE:UMC,24.05,24.05,24.01,24.035,4360.0
2026-07-15 02:40:00+08:00,NYSE:UMC,24.035,24.035,23.93,23.95,12898.0
2026-07-15 02:45:00+08:00,NYSE:UMC,23.95,23.97,23.94,23.94,3771.0
2026-07-15 02:50:00+08:00,NYSE:UMC,23.945,23.975,23.945,23.965,6558.0
2026-07-15 02:55:00+08:00,NYSE:UMC,23.97,23.975,23.92,23.92,5504.0
2026-07-15 03:00:00+08:00,NYSE:UMC,23.92,23.94,23.835,23.85,7692.0
2026-07-15 03:05:00+08:00,NYSE:UMC,23.85,23.865,23.79,23.84,10579.0
2026-07-15 03:10:00+08:00,NYSE:UMC,23.84,23.905,23.83,23.875,4200.0
2026-07-15 03:15:00+08:00,NYSE:UMC,23.88,23.905,23.875,23.895,7724.0
2026-07-15 03:20:00+08:00,NYSE:UMC,23.89,23.905,23.86,23.89,8685.0
2026-07-15 03:25:00+08:00,NYSE:UMC,23.89,23.89,23.79,23.79,12655.0
2026-07-15 03:30:00+08:00,NYSE:UMC,23.8,23.835,23.75,23.83,15682.0
2026-07-15 03:35:00+08:00,NYSE:UMC,23.83,23.875,23.82,23.825,9109.0
2026-07-15 03:40:00+08:00,NYSE:UMC,23.82,23.84,23.8,23.83,11852.0
2026-07-15 03:45:00+08:00,NYSE:UMC,23.83,23.855,23.795,23.795,18765.0
2026-07-15 03:50:00+08:00,NYSE:UMC,23.78,23.885,23.76,23.86,33042.0
2026-07-15 03:55:00+08:00,NYSE:UMC,23.85,23.915,23.77,23.87,146489.0
2026-07-15 21:30:00+08:00,NYSE:UMC,25.6,25.8,25.51,25.6,51194.0
2026-07-15 21:35:00+08:00,NYSE:UMC,25.57,25.58,25.32,25.49,28107.0
2026-07-15 21:40:00+08:00,NYSE:UMC,25.465,25.465,25.29,25.3,34159.0
2026-07-15 21:45:00+08:00,NYSE:UMC,25.3,25.375,25.25,25.29,22999.0
2026-07-15 21:50:00+08:00,NYSE:UMC,25.3,25.32,25.21,25.3,38056.0
2026-07-15 21:55:00+08:00,NYSE:UMC,25.31,25.42,25.26,25.42,13004.0
2026-07-15 22:00:00+08:00,NYSE:UMC,25.45,25.52,25.365,25.37,40618.0
2026-07-15 22:05:00+08:00,NYSE:UMC,25.375,25.48,25.34,25.41,16304.0
2026-07-15 22:10:00+08:00,NYSE:UMC,25.41,25.41,25.26,25.29,31759.0
2026-07-15 22:15:00+08:00,NYSE:UMC,25.285,25.31,25.17,25.18,24562.0
2026-07-15 22:20:00+08:00,NYSE:UMC,25.17,25.17,24.93,24.945,54381.0
2026-07-15 22:25:00+08:00,NYSE:UMC,24.93,25.04,24.89,25.04,16074.0
2026-07-15 22:30:00+08:00,NYSE:UMC,25.02,25.02,24.77,24.92,24251.0
2026-07-15 22:35:00+08:00,NYSE:UMC,24.9,24.92,24.61,24.64,43159.0
2026-07-15 22:40:00+08:00,NYSE:UMC,24.64,24.68,24.53,24.655,22836.0
2026-07-15 22:45:00+08:00,NYSE:UMC,24.65,24.87,24.64,24.87,19578.0
2026-07-15 22:50:00+08:00,NYSE:UMC,24.87,24.89,24.74,24.75,16011.0
2026-07-15 22:55:00+08:00,NYSE:UMC,24.76,24.8,24.71,24.76,23009.0
2026-07-15 23:00:00+08:00,NYSE:UMC,24.76,24.79,24.7,24.75,21463.0
2026-07-15 23:05:00+08:00,NYSE:UMC,24.76,24.835,24.74,24.8,12565.0
2026-07-15 23:10:00+08:00,NYSE:UMC,24.8,24.81,24.7,24.7,13252.0
2026-07-15 23:15:00+08:00,NYSE:UMC,24.71,24.71,24.605,24.69,11179.0
2026-07-15 23:20:00+08:00,NYSE:UMC,24.67,24.67,24.5,24.56,10641.0
2026-07-15 23:25:00+08:00,NYSE:UMC,24.57,24.675,24.55,24.67,12219.0
2026-07-15 23:30:00+08:00,NYSE:UMC,24.67,24.75,24.63,24.74,11824.0
2026-07-15 23:35:00+08:00,NYSE:UMC,24.74,24.76,24.67,24.69,10828.0
2026-07-15 23:40:00+08:00,NYSE:UMC,24.69,24.715,24.66,24.66,7947.0
2026-07-15 23:45:00+08:00,NYSE:UMC,24.63,24.64,24.565,24.63,8151.0
2026-07-15 23:50:00+08:00,NYSE:UMC,24.6,24.62,24.56,24.6,5888.0
2026-07-15 23:55:00+08:00,NYSE:UMC,24.61,24.63,24.56,24.605,5410.0
2026-07-16 00:00:00+08:00,NYSE:UMC,24.615,24.64,24.48,24.49,8029.0
2026-07-16 00:05:00+08:00,NYSE:UMC,24.5,24.5,24.4,24.48,12217.0
2026-07-16 00:10:00+08:00,NYSE:UMC,24.47,24.47,24.305,24.305,13850.0
2026-07-16 00:15:00+08:00,NYSE:UMC,24.3,24.35,24.28,24.29,12014.0
2026-07-16 00:20:00+08:00,NYSE:UMC,24.29,24.315,24.23,24.24,10305.0
2026-07-16 00:25:00+08:00,NYSE:UMC,24.25,24.305,24.24,24.305,13544.0
2026-07-16 00:30:00+08:00,NYSE:UMC,24.31,24.34,24.26,24.275,9101.0
2026-07-16 00:35:00+08:00,NYSE:UMC,24.27,24.29,24.24,24.25,9479.0
2026-07-16 00:40:00+08:00,NYSE:UMC,24.24,24.31,24.21,24.31,15298.0
2026-07-16 00:45:00+08:00,NYSE:UMC,24.31,24.48,24.31,24.405,12658.0
2026-07-16 00:50:00+08:00,NYSE:UMC,24.41,24.475,24.39,24.39,11033.0
2026-07-16 00:55:00+08:00,NYSE:UMC,24.395,24.4,24.31,24.4,10727.0
2026-07-16 01:00:00+08:00,NYSE:UMC,24.41,24.49,24.4,24.46,9341.0
2026-07-16 01:05:00+08:00,NYSE:UMC,24.46,24.56,24.46,24.56,8291.0
2026-07-16 01:10:00+08:00,NYSE:UMC,24.55,24.6,24.53,24.57,5313.0
2026-07-16 01:15:00+08:00,NYSE:UMC,24.56,24.695,24.56,24.695,4598.0
2026-07-16 01:20:00+08:00,NYSE:UMC,24.71,24.76,24.7,24.735,8964.0
2026-07-16 01:25:00+08:00,NYSE:UMC,24.76,24.76,24.68,24.695,6725.0
2026-07-16 01:30:00+08:00,NYSE:UMC,24.73,24.78,24.71,24.77,7100.0
2026-07-16 01:35:00+08:00,NYSE:UMC,24.77,24.785,24.735,24.77,7948.0
2026-07-16 01:40:00+08:00,NYSE:UMC,24.77,24.775,24.72,24.75,4857.0
2026-07-16 01:45:00+08:00,NYSE:UMC,24.75,24.84,24.75,24.835,4291.0
2026-07-16 01:50:00+08:00,NYSE:UMC,24.83,24.9,24.83,24.87,8620.0
2026-07-16 01:55:00+08:00,NYSE:UMC,24.86,24.875,24.79,24.8,10138.0
2026-07-16 02:00:00+08:00,NYSE:UMC,24.8,24.91,24.8,24.89,4260.0
2026-07-16 02:05:00+08:00,NYSE:UMC,24.89,24.93,24.875,24.925,5210.0
2026-07-16 02:10:00+08:00,NYSE:UMC,24.94,24.96,24.9,24.9,5672.0
2026-07-16 02:15:00+08:00,NYSE:UMC,24.89,24.89,24.75,24.84,8477.0
2026-07-16 02:20:00+08:00,NYSE:UMC,24.84,24.955,24.84,24.94,4411.0
2026-07-16 02:25:00+08:00,NYSE:UMC,24.95,24.98,24.94,24.94,6975.0
2026-07-16 02:30:00+08:00,NYSE:UMC,24.94,24.95,24.9,24.94,5753.0
2026-07-16 02:35:00+08:00,NYSE:UMC,24.94,24.94,24.825,24.825,6153.0
2026-07-16 02:40:00+08:00,NYSE:UMC,24.83,24.855,24.78,24.785,8765.0
2026-07-16 02:45:00+08:00,NYSE:UMC,24.775,24.835,24.76,24.82,6917.0
2026-07-16 02:50:00+08:00,NYSE:UMC,24.81,24.81,24.74,24.78,9736.0
2026-07-16 02:55:00+08:00,NYSE:UMC,24.76,24.77,24.66,24.68,7763.0
2026-07-16 03:00:00+08:00,NYSE:UMC,24.69,24.85,24.68,24.835,13868.0
2026-07-16 03:05:00+08:00,NYSE:UMC,24.84,24.91,24.74,24.74,9581.0
2026-07-16 03:10:00+08:00,NYSE:UMC,24.75,24.81,24.735,24.785,8105.0
2026-07-16 03:15:00+08:00,NYSE:UMC,24.78,24.79,24.705,24.705,7016.0
2026-07-16 03:20:00+08:00,NYSE:UMC,24.71,24.71,24.615,24.66,22444.0
2026-07-16 03:25:00+08:00,NYSE:UMC,24.665,24.79,24.64,24.78,16604.0
2026-07-16 03:30:00+08:00,NYSE:UMC,24.79,24.88,24.72,24.73,27306.0
2026-07-16 03:35:00+08:00,NYSE:UMC,24.72,24.85,24.705,24.845,16453.0
2026-07-16 03:40:00+08:00,NYSE:UMC,24.84,24.955,24.84,24.925,18560.0
2026-07-16 03:45:00+08:00,NYSE:UMC,24.92,24.97,24.855,24.97,26578.0
2026-07-16 03:50:00+08:00,NYSE:UMC,24.97,25.02,24.92,24.98,35297.0
2026-07-16 03:55:00+08:00,NYSE:UMC,25.0,25.04,24.905,24.91,96096.0
2026-07-16 21:30:00+08:00,NYSE:UMC,22.81,23.16,22.73,22.82,109699.0
2026-07-16 21:35:00+08:00,NYSE:UMC,22.82,22.82,22.57,22.61,32468.0
2026-07-16 21:40:00+08:00,NYSE:UMC,22.6,22.76,22.515,22.55,38423.0
2026-07-16 21:45:00+08:00,NYSE:UMC,22.56,22.57,22.47,22.495,24670.0
2026-07-16 21:50:00+08:00,NYSE:UMC,22.5,22.8,22.5,22.695,34290.0
2026-07-16 21:55:00+08:00,NYSE:UMC,22.665,22.76,22.61,22.7,26620.0
2026-07-16 22:00:00+08:00,NYSE:UMC,22.69,22.82,22.69,22.78,24861.0
2026-07-16 22:05:00+08:00,NYSE:UMC,22.78,23.11,22.72,23.04,49573.0
2026-07-16 22:10:00+08:00,NYSE:UMC,23.03,23.1,22.97,23.015,30873.0
2026-07-16 22:15:00+08:00,NYSE:UMC,23.04,23.06,22.91,22.99,25616.0
2026-07-16 22:20:00+08:00,NYSE:UMC,22.99,23.0,22.79,22.855,19582.0
2026-07-16 22:25:00+08:00,NYSE:UMC,22.86,22.96,22.8,22.96,14605.0
2026-07-16 22:30:00+08:00,NYSE:UMC,22.95,22.97,22.86,22.89,15728.0
2026-07-16 22:35:00+08:00,NYSE:UMC,22.885,22.98,22.85,22.885,18621.0
2026-07-16 22:40:00+08:00,NYSE:UMC,22.87,22.875,22.73,22.73,30015.0
2026-07-16 22:45:00+08:00,NYSE:UMC,22.725,22.76,22.66,22.66,12914.0
2026-07-16 22:50:00+08:00,NYSE:UMC,22.66,22.66,22.52,22.545,23509.0
2026-07-16 22:55:00+08:00,NYSE:UMC,22.53,22.675,22.49,22.675,28862.0
2026-07-16 23:00:00+08:00,NYSE:UMC,22.68,22.72,22.6,22.6,9914.0
2026-07-16 23:05:00+08:00,NYSE:UMC,22.59,22.59,22.5,22.55,11026.0
2026-07-16 23:10:00+08:00,NYSE:UMC,22.55,22.55,22.48,22.525,11468.0
2026-07-16 23:15:00+08:00,NYSE:UMC,22.53,22.56,22.475,22.56,9248.0
2026-07-16 23:20:00+08:00,NYSE:UMC,22.56,22.58,22.51,22.57,8344.0
2026-07-16 23:25:00+08:00,NYSE:UMC,22.58,22.69,22.58,22.63,8698.0
2026-07-16 23:30:00+08:00,NYSE:UMC,22.62,22.64,22.555,22.64,7686.0
2026-07-16 23:35:00+08:00,NYSE:UMC,22.64,22.705,22.61,22.7,12830.0
2026-07-16 23:40:00+08:00,NYSE:UMC,22.67,22.68,22.56,22.575,11546.0
2026-07-16 23:45:00+08:00,NYSE:UMC,22.57,22.57,22.445,22.53,32127.0
2026-07-16 23:50:00+08:00,NYSE:UMC,22.53,22.59,22.51,22.54,8096.0
2026-07-16 23:55:00+08:00,NYSE:UMC,22.525,22.53,22.45,22.455,7784.0
2026-07-17 00:00:00+08:00,NYSE:UMC,22.45,22.48,22.385,22.385,16878.0
2026-07-17 00:05:00+08:00,NYSE:UMC,22.38,22.42,22.38,22.41,6655.0
2026-07-17 00:10:00+08:00,NYSE:UMC,22.4,22.4,22.305,22.305,5607.0
2026-07-17 00:15:00+08:00,NYSE:UMC,22.3,22.345,22.255,22.31,15009.0
2026-07-17 00:20:00+08:00,NYSE:UMC,22.3,22.3,22.245,22.275,8464.0
2026-07-17 00:25:00+08:00,NYSE:UMC,22.28,22.33,22.27,22.29,9554.0
2026-07-17 00:30:00+08:00,NYSE:UMC,22.31,22.37,22.29,22.34,6507.0
2026-07-17 00:35:00+08:00,NYSE:UMC,22.335,22.335,22.25,22.27,11719.0
2026-07-17 00:40:00+08:00,NYSE:UMC,22.275,22.33,22.26,22.26,8270.0
2026-07-17 00:45:00+08:00,NYSE:UMC,22.26,22.26,22.195,22.235,11753.0
2026-07-17 00:50:00+08:00,NYSE:UMC,22.23,22.305,22.225,22.3,10581.0
2026-07-17 00:55:00+08:00,NYSE:UMC,22.29,22.41,22.29,22.395,10627.0
2026-07-17 01:00:00+08:00,NYSE:UMC,22.38,22.38,22.31,22.33,10066.0
2026-07-17 01:05:00+08:00,NYSE:UMC,22.32,22.32,22.25,22.26,7679.0
2026-07-17 01:10:00+08:00,NYSE:UMC,22.255,22.275,22.21,22.215,6958.0
2026-07-17 01:15:00+08:00,NYSE:UMC,22.215,22.22,22.165,22.17,43633.0
2026-07-17 01:20:00+08:00,NYSE:UMC,22.17,22.27,22.17,22.26,7641.0
2026-07-17 01:25:00+08:00,NYSE:UMC,22.25,22.33,22.205,22.32,10706.0
2026-07-17 01:30:00+08:00,NYSE:UMC,22.32,22.32,22.23,22.23,8774.0
2026-07-17 01:35:00+08:00,NYSE:UMC,22.23,22.23,22.185,22.19,5624.0
2026-07-17 01:40:00+08:00,NYSE:UMC,22.17,22.17,22.1,22.1,5991.0
2026-07-17 01:45:00+08:00,NYSE:UMC,22.1,22.15,22.06,22.14,15482.0
2026-07-17 01:50:00+08:00,NYSE:UMC,22.15,22.155,22.115,22.14,5784.0
2026-07-17 01:55:00+08:00,NYSE:UMC,22.13,22.13,22.095,22.115,5443.0
2026-07-17 02:00:00+08:00,NYSE:UMC,22.11,22.22,22.1,22.18,12757.0
2026-07-17 02:05:00+08:00,NYSE:UMC,22.18,22.25,22.175,22.24,7532.0
2026-07-17 02:10:00+08:00,NYSE:UMC,22.25,22.335,22.25,22.3,7806.0
2026-07-17 02:15:00+08:00,NYSE:UMC,22.26,22.4,22.245,22.4,8014.0
2026-07-17 02:20:00+08:00,NYSE:UMC,22.39,22.465,22.39,22.45,12609.0
2026-07-17 02:25:00+08:00,NYSE:UMC,22.44,22.48,22.4,22.43,10089.0
2026-07-17 02:30:00+08:00,NYSE:UMC,22.42,22.44,22.355,22.37,12443.0
2026-07-17 02:35:00+08:00,NYSE:UMC,22.36,22.36,22.305,22.32,8283.0
2026-07-17 02:40:00+08:00,NYSE:UMC,22.32,22.36,22.29,22.34,7246.0
2026-07-17 02:45:00+08:00,NYSE:UMC,22.33,22.33,22.265,22.3,10414.0
2026-07-17 02:50:00+08:00,NYSE:UMC,22.29,22.305,22.26,22.275,5839.0
2026-07-17 02:55:00+08:00,NYSE:UMC,22.27,22.3,22.255,22.275,11678.0
2026-07-17 03:00:00+08:00,NYSE:UMC,22.27,22.355,22.26,22.325,9158.0
2026-07-17 03:05:00+08:00,NYSE:UMC,22.32,22.35,22.18,22.18,16567.0
2026-07-17 03:10:00+08:00,NYSE:UMC,22.18,22.235,22.145,22.18,23762.0
2026-07-17 03:15:00+08:00,NYSE:UMC,22.18,22.18,22.12,22.12,15642.0
2026-07-17 03:20:00+08:00,NYSE:UMC,22.13,22.195,22.125,22.145,27853.0
2026-07-17 03:25:00+08:00,NYSE:UMC,22.155,22.29,22.135,22.29,29859.0
2026-07-17 03:30:00+08:00,NYSE:UMC,22.285,22.31,22.195,22.215,35873.0
2026-07-17 03:35:00+08:00,NYSE:UMC,22.21,22.25,22.155,22.225,51943.0
2026-07-17 03:40:00+08:00,NYSE:UMC,22.225,22.29,22.215,22.255,41395.0
2026-07-17 03:45:00+08:00,NYSE:UMC,22.255,22.255,22.205,22.21,38965.0
2026-07-17 03:50:00+08:00,NYSE:UMC,22.22,22.35,22.155,22.345,76118.0
2026-07-17 03:55:00+08:00,NYSE:UMC,22.35,22.42,22.295,22.385,160548.0
2026-07-17 21:30:00+08:00,NYSE:UMC,20.545,20.87,20.3,20.3,37072.0
2026-07-17 21:35:00+08:00,NYSE:UMC,20.3,20.68,20.2,20.29,124690.0
2026-07-17 21:40:00+08:00,NYSE:UMC,20.295,20.53,20.295,20.385,47850.0
2026-07-17 21:45:00+08:00,NYSE:UMC,20.39,20.66,20.365,20.66,62301.0
2026-07-17 21:50:00+08:00,NYSE:UMC,20.64,20.78,20.605,20.765,39871.0
2026-07-17 21:55:00+08:00,NYSE:UMC,20.75,20.92,20.73,20.85,28223.0
2026-07-17 22:00:00+08:00,NYSE:UMC,20.86,21.045,20.84,20.84,52527.0
2026-07-17 22:05:00+08:00,NYSE:UMC,20.85,21.26,20.85,21.18,45011.0
2026-07-17 22:10:00+08:00,NYSE:UMC,21.17,21.35,21.13,21.14,29500.0
2026-07-17 22:15:00+08:00,NYSE:UMC,21.12,21.315,21.05,21.26,29751.0
2026-07-17 22:20:00+08:00,NYSE:UMC,21.26,21.295,21.165,21.21,46588.0
2026-07-17 22:25:00+08:00,NYSE:UMC,21.245,21.28,21.11,21.11,19189.0
2026-07-17 22:30:00+08:00,NYSE:UMC,21.115,21.135,20.955,21.01,37446.0
2026-07-17 22:35:00+08:00,NYSE:UMC,21.0,21.215,21.0,21.2,23484.0
2026-07-17 22:40:00+08:00,NYSE:UMC,21.2,21.215,21.08,21.14,9253.0
2026-07-17 22:45:00+08:00,NYSE:UMC,21.13,21.18,21.05,21.15,10958.0
2026-07-17 22:50:00+08:00,NYSE:UMC,21.14,21.19,21.055,21.06,11549.0
2026-07-17 22:55:00+08:00,NYSE:UMC,21.05,21.125,20.985,20.99,15560.0
2026-07-17 23:00:00+08:00,NYSE:UMC,20.975,20.99,20.885,20.89,18940.0
2026-07-17 23:05:00+08:00,NYSE:UMC,20.89,20.93,20.835,20.905,9397.0
2026-07-17 23:10:00+08:00,NYSE:UMC,20.92,20.95,20.87,20.895,13629.0
2026-07-17 23:15:00+08:00,NYSE:UMC,20.9,20.92,20.815,20.9,24902.0
2026-07-17 23:20:00+08:00,NYSE:UMC,20.87,20.96,20.845,20.86,9309.0
2026-07-17 23:25:00+08:00,NYSE:UMC,20.875,20.9,20.84,20.89,8831.0
2026-07-17 23:30:00+08:00,NYSE:UMC,20.88,20.94,20.835,20.91,11303.0
2026-07-17 23:35:00+08:00,NYSE:UMC,20.92,21.12,20.915,21.12,15798.0
2026-07-17 23:40:00+08:00,NYSE:UMC,21.12,21.15,21.05,21.09,11219.0
2026-07-17 23:45:00+08:00,NYSE:UMC,21.07,21.17,21.07,21.17,6803.0
2026-07-17 23:50:00+08:00,NYSE:UMC,21.195,21.26,21.14,21.25,8228.0
2026-07-17 23:55:00+08:00,NYSE:UMC,21.27,21.43,21.27,21.39,13378.0
2026-07-18 00:00:00+08:00,NYSE:UMC,21.38,21.46,21.36,21.405,12199.0
2026-07-18 00:05:00+08:00,NYSE:UMC,21.41,21.505,21.38,21.49,15004.0
2026-07-18 00:10:00+08:00,NYSE:UMC,21.53,21.61,21.49,21.59,10509.0
2026-07-18 00:15:00+08:00,NYSE:UMC,21.6,21.62,21.555,21.57,10007.0
2026-07-18 00:20:00+08:00,NYSE:UMC,21.57,21.58,21.435,21.44,7619.0
2026-07-18 00:25:00+08:00,NYSE:UMC,21.44,21.52,21.435,21.47,9575.0
2026-07-18 00:30:00+08:00,NYSE:UMC,21.485,21.5,21.42,21.47,4428.0
2026-07-18 00:35:00+08:00,NYSE:UMC,21.475,21.51,21.455,21.49,4522.0
2026-07-18 00:40:00+08:00,NYSE:UMC,21.46,21.495,21.42,21.495,8703.0
2026-07-18 00:45:00+08:00,NYSE:UMC,21.505,21.56,21.5,21.56,9451.0
2026-07-18 00:50:00+08:00,NYSE:UMC,21.56,21.6,21.54,21.595,3957.0
2026-07-18 00:55:00+08:00,NYSE:UMC,21.6,21.62,21.535,21.56,5433.0
2026-07-18 01:00:00+08:00,NYSE:UMC,21.545,21.64,21.545,21.635,5421.0
2026-07-18 01:05:00+08:00,NYSE:UMC,21.64,21.74,21.64,21.69,13906.0
2026-07-18 01:10:00+08:00,NYSE:UMC,21.685,21.705,21.635,21.66,5132.0
2026-07-18 01:15:00+08:00,NYSE:UMC,21.64,21.705,21.64,21.67,5215.0
2026-07-18 01:20:00+08:00,NYSE:UMC,21.66,21.66,21.64,21.645,4844.0
2026-07-18 01:25:00+08:00,NYSE:UMC,21.65,21.69,21.65,21.675,3072.0
2026-07-18 01:30:00+08:00,NYSE:UMC,21.67,21.68,21.615,21.615,3025.0
2026-07-18 01:35:00+08:00,NYSE:UMC,21.6,21.6,21.54,21.54,11042.0
2026-07-18 01:40:00+08:00,NYSE:UMC,21.53,21.53,21.465,21.49,8571.0
2026-07-18 01:45:00+08:00,NYSE:UMC,21.475,21.53,21.475,21.52,9928.0
2026-07-18 01:50:00+08:00,NYSE:UMC,21.525,21.525,21.475,21.5,6868.0
2026-07-18 01:55:00+08:00,NYSE:UMC,21.48,21.48,21.39,21.41,4485.0
2026-07-18 02:00:00+08:00,NYSE:UMC,21.41,21.415,21.365,21.4,11831.0
2026-07-18 02:05:00+08:00,NYSE:UMC,21.37,21.385,21.34,21.34,12694.0
2026-07-18 02:10:00+08:00,NYSE:UMC,21.34,21.34,21.265,21.27,11211.0
2026-07-18 02:15:00+08:00,NYSE:UMC,21.28,21.3,21.225,21.245,12530.0
2026-07-18 02:20:00+08:00,NYSE:UMC,21.25,21.25,21.18,21.23,9345.0
2026-07-18 02:25:00+08:00,NYSE:UMC,21.215,21.3,21.21,21.3,8379.0
2026-07-18 02:30:00+08:00,NYSE:UMC,21.29,21.38,21.28,21.29,19177.0
2026-07-18 02:35:00+08:00,NYSE:UMC,21.295,21.335,21.285,21.32,9069.0
2026-07-18 02:40:00+08:00,NYSE:UMC,21.33,21.33,21.265,21.285,9894.0
2026-07-18 02:45:00+08:00,NYSE:UMC,21.28,21.36,21.265,21.33,10865.0
2026-07-18 02:50:00+08:00,NYSE:UMC,21.32,21.4,21.315,21.395,9924.0
2026-07-18 02:55:00+08:00,NYSE:UMC,21.4,21.42,21.355,21.365,16074.0
2026-07-18 03:00:00+08:00,NYSE:UMC,21.36,21.36,21.315,21.335,12775.0
2026-07-18 03:05:00+08:00,NYSE:UMC,21.34,21.34,21.265,21.275,10778.0
2026-07-18 03:10:00+08:00,NYSE:UMC,21.275,21.285,21.19,21.19,17012.0
2026-07-18 03:15:00+08:00,NYSE:UMC,21.185,21.265,21.165,21.265,28578.0
2026-07-18 03:20:00+08:00,NYSE:UMC,21.26,21.3,21.225,21.27,24819.0
2026-07-18 03:25:00+08:00,NYSE:UMC,21.265,21.395,21.235,21.345,51532.0
2026-07-18 03:30:00+08:00,NYSE:UMC,21.36,21.48,21.36,21.435,44882.0
2026-07-18 03:35:00+08:00,NYSE:UMC,21.43,21.505,21.38,21.38,48041.0
2026-07-18 03:40:00+08:00,NYSE:UMC,21.375,21.435,21.35,21.41,46844.0
2026-07-18 03:45:00+08:00,NYSE:UMC,21.4,21.465,21.375,21.46,56778.0
2026-07-18 03:50:00+08:00,NYSE:UMC,21.47,21.48,21.355,21.38,84926.0
2026-07-18 03:55:00+08:00,NYSE:UMC,21.385,21.415,21.24,21.26,257912.0
2026-07-20 21:30:00+08:00,NYSE:UMC,20.62,21.23,20.62,20.97,83819.0
2026-07-20 21:35:00+08:00,NYSE:UMC,20.98,21.03,20.835,20.88,22838.0
2026-07-20 21:40:00+08:00,NYSE:UMC,20.86,20.92,20.82,20.86,21685.0
2026-07-20 21:45:00+08:00,NYSE:UMC,20.86,20.92,20.77,20.82,29385.0
2026-07-20 21:50:00+08:00,NYSE:UMC,20.81,20.82,20.59,20.725,32247.0
2026-07-20 21:55:00+08:00,NYSE:UMC,20.71,20.72,20.6,20.64,20224.0
2026-07-20 22:00:00+08:00,NYSE:UMC,20.64,20.71,20.55,20.63,18134.0
2026-07-20 22:05:00+08:00,NYSE:UMC,20.65,20.66,20.56,20.59,16069.0
2026-07-20 22:10:00+08:00,NYSE:UMC,20.585,20.585,20.455,20.51,17437.0
2026-07-20 22:15:00+08:00,NYSE:UMC,20.5,20.57,20.43,20.47,18544.0
2026-07-20 22:20:00+08:00,NYSE:UMC,20.47,20.5,20.31,20.48,18689.0
2026-07-20 22:25:00+08:00,NYSE:UMC,20.48,20.59,20.48,20.56,18321.0
2026-07-20 22:30:00+08:00,NYSE:UMC,20.55,20.595,20.49,20.51,16194.0
2026-07-20 22:35:00+08:00,NYSE:UMC,20.5,20.54,20.43,20.47,11674.0
2026-07-20 22:40:00+08:00,NYSE:UMC,20.49,20.56,20.49,20.545,19195.0
2026-07-20 22:45:00+08:00,NYSE:UMC,20.54,20.585,20.45,20.45,19882.0
2026-07-20 22:50:00+08:00,NYSE:UMC,20.44,20.48,20.38,20.4,10995.0
2026-07-20 22:55:00+08:00,NYSE:UMC,20.395,20.42,20.32,20.37,15420.0
2026-07-20 23:00:00+08:00,NYSE:UMC,20.36,20.47,20.35,20.4,15344.0
2026-07-20 23:05:00+08:00,NYSE:UMC,20.4,20.45,20.32,20.45,11208.0
2026-07-20 23:10:00+08:00,NYSE:UMC,20.445,20.45,20.385,20.42,8216.0
2026-07-20 23:15:00+08:00,NYSE:UMC,20.41,20.495,20.39,20.455,9412.0
2026-07-20 23:20:00+08:00,NYSE:UMC,20.45,20.6,20.45,20.55,14908.0
2026-07-20 23:25:00+08:00,NYSE:UMC,20.54,20.59,20.535,20.58,11258.0
2026-07-20 23:30:00+08:00,NYSE:UMC,20.59,20.64,20.59,20.63,10979.0
2026-07-20 23:35:00+08:00,NYSE:UMC,20.64,20.655,20.61,20.61,5571.0
2026-07-20 23:40:00+08:00,NYSE:UMC,20.59,20.64,20.585,20.62,5410.0
2026-07-20 23:45:00+08:00,NYSE:UMC,20.65,20.65,20.605,20.61,3660.0
2026-07-20 23:50:00+08:00,NYSE:UMC,20.61,20.695,20.59,20.69,5601.0
2026-07-20 23:55:00+08:00,NYSE:UMC,20.69,20.75,20.68,20.715,3043.0
2026-07-21 00:00:00+08:00,NYSE:UMC,20.72,20.73,20.67,20.7,3502.0
2026-07-21 00:05:00+08:00,NYSE:UMC,20.72,20.77,20.72,20.76,5912.0
2026-07-21 00:10:00+08:00,NYSE:UMC,20.76,20.785,20.715,20.73,3735.0
2026-07-21 00:15:00+08:00,NYSE:UMC,20.735,20.735,20.695,20.71,1754.0
2026-07-21 00:20:00+08:00,NYSE:UMC,20.72,20.725,20.69,20.69,2310.0
2026-07-21 00:25:00+08:00,NYSE:UMC,20.68,20.68,20.645,20.67,2646.0
2026-07-21 00:30:00+08:00,NYSE:UMC,20.68,20.68,20.62,20.62,1273.0
2026-07-21 00:35:00+08:00,NYSE:UMC,20.63,20.64,20.62,20.64,1364.0
2026-07-21 00:40:00+08:00,NYSE:UMC,20.65,20.65,20.535,20.56,11124.0
2026-07-21 00:45:00+08:00,NYSE:UMC,20.55,20.6,20.55,20.59,3013.0
2026-07-21 00:50:00+08:00,NYSE:UMC,20.59,20.59,20.55,20.55,4177.0
2026-07-21 00:55:00+08:00,NYSE:UMC,20.55,20.55,20.51,20.55,2625.0
2026-07-21 01:00:00+08:00,NYSE:UMC,20.545,20.565,20.51,20.52,3334.0
2026-07-21 01:05:00+08:00,NYSE:UMC,20.52,20.55,20.51,20.55,4513.0
2026-07-21 01:10:00+08:00,NYSE:UMC,20.555,20.555,20.485,20.49,3089.0
2026-07-21 01:15:00+08:00,NYSE:UMC,20.49,20.525,20.48,20.525,1746.0
2026-07-21 01:20:00+08:00,NYSE:UMC,20.53,20.56,20.525,20.54,926.0
2026-07-21 01:25:00+08:00,NYSE:UMC,20.54,20.54,20.49,20.5,2250.0
2026-07-21 01:30:00+08:00,NYSE:UMC,20.5,20.53,20.485,20.52,2392.0
2026-07-21 01:35:00+08:00,NYSE:UMC,20.51,20.525,20.5,20.525,3239.0
2026-07-21 01:40:00+08:00,NYSE:UMC,20.525,20.525,20.475,20.49,4827.0
2026-07-21 01:45:00+08:00,NYSE:UMC,20.49,20.54,20.49,20.53,2552.0
2026-07-21 01:50:00+08:00,NYSE:UMC,20.535,20.565,20.53,20.54,2735.0
2026-07-21 01:55:00+08:00,NYSE:UMC,20.54,20.545,20.52,20.525,2827.0
2026-07-21 02:00:00+08:00,NYSE:UMC,20.53,20.545,20.52,20.52,3314.0
2026-07-21 02:05:00+08:00,NYSE:UMC,20.525,20.545,20.51,20.545,2238.0
2026-07-21 02:10:00+08:00,NYSE:UMC,20.55,20.57,20.53,20.565,2688.0
2026-07-21 02:15:00+08:00,NYSE:UMC,20.565,20.59,20.55,20.58,3454.0
2026-07-21 02:20:00+08:00,NYSE:UMC,20.57,20.575,20.5,20.5,6988.0
2026-07-21 02:25:00+08:00,NYSE:UMC,20.52,20.54,20.52,20.53,5622.0
2026-07-21 02:30:00+08:00,NYSE:UMC,20.515,20.52,20.44,20.455,5342.0
2026-07-21 02:35:00+08:00,NYSE:UMC,20.47,20.5,20.45,20.46,2721.0
2026-07-21 02:40:00+08:00,NYSE:UMC,20.47,20.47,20.44,20.45,4819.0
2026-07-21 02:45:00+08:00,NYSE:UMC,20.435,20.47,20.43,20.46,5392.0
2026-07-21 02:50:00+08:00,NYSE:UMC,20.46,20.505,20.46,20.49,6066.0
2026-07-21 02:55:00+08:00,NYSE:UMC,20.49,20.495,20.44,20.45,4859.0
2026-07-21 03:00:00+08:00,NYSE:UMC,20.44,20.47,20.385,20.395,7050.0
2026-07-21 03:05:00+08:00,NYSE:UMC,20.39,20.445,20.355,20.42,7275.0
2026-07-21 03:10:00+08:00,NYSE:UMC,20.43,20.46,20.38,20.38,9189.0
2026-07-21 03:15:00+08:00,NYSE:UMC,20.38,20.41,20.36,20.4,8456.0
2026-07-21 03:20:00+08:00,NYSE:UMC,20.38,20.38,20.325,20.35,5715.0
2026-07-21 03:25:00+08:00,NYSE:UMC,20.34,20.4,20.31,20.39,11622.0
2026-07-21 03:30:00+08:00,NYSE:UMC,20.385,20.41,20.34,20.38,17516.0
2026-07-21 03:35:00+08:00,NYSE:UMC,20.37,20.37,20.33,20.35,8059.0
2026-07-21 03:40:00+08:00,NYSE:UMC,20.34,20.425,20.34,20.385,15222.0
2026-07-21 03:45:00+08:00,NYSE:UMC,20.38,20.39,20.34,20.35,14334.0
2026-07-21 03:50:00+08:00,NYSE:UMC,20.35,20.38,20.3,20.325,18886.0
2026-07-21 03:55:00+08:00,NYSE:UMC,20.335,20.335,20.265,20.305,62724.0
2026-07-21 21:30:00+08:00,NYSE:UMC,21.51,21.51,20.94,21.02,131771.0
2026-07-21 21:35:00+08:00,NYSE:UMC,21.02,21.18,21.01,21.1,31952.0
2026-07-21 21:40:00+08:00,NYSE:UMC,21.08,21.08,20.9,20.99,13331.0
2026-07-21 21:45:00+08:00,NYSE:UMC,20.98,21.02,20.915,21.0,14047.0
2026-07-21 21:50:00+08:00,NYSE:UMC,21.03,21.18,21.03,21.14,11955.0
2026-07-21 21:55:00+08:00,NYSE:UMC,21.14,21.18,20.995,21.08,12863.0
2026-07-21 22:00:00+08:00,NYSE:UMC,21.09,21.18,21.055,21.09,14394.0
2026-07-21 22:05:00+08:00,NYSE:UMC,21.1,21.13,20.98,20.98,11784.0
2026-07-21 22:10:00+08:00,NYSE:UMC,20.99,21.07,20.89,21.04,12513.0
2026-07-21 22:15:00+08:00,NYSE:UMC,21.01,21.07,20.95,21.025,5625.0
2026-07-21 22:20:00+08:00,NYSE:UMC,21.025,21.07,21.01,21.05,7263.0
2026-07-21 22:25:00+08:00,NYSE:UMC,21.045,21.17,21.03,21.17,10045.0
2026-07-21 22:30:00+08:00,NYSE:UMC,21.18,21.265,21.18,21.23,6068.0
2026-07-21 22:35:00+08:00,NYSE:UMC,21.235,21.29,21.2,21.2,6978.0
2026-07-21 22:40:00+08:00,NYSE:UMC,21.2,21.22,21.13,21.15,32422.0
2026-07-21 22:45:00+08:00,NYSE:UMC,21.16,21.195,21.055,21.08,36570.0
2026-07-21 22:50:00+08:00,NYSE:UMC,21.07,21.08,21.0,21.005,11104.0
2026-07-21 22:55:00+08:00,NYSE:UMC,21.0,21.01,20.98,21.005,10540.0
2026-07-21 23:00:00+08:00,NYSE:UMC,20.995,21.02,20.975,20.995,3529.0
2026-07-21 23:05:00+08:00,NYSE:UMC,21.0,21.11,20.98,21.11,4758.0
2026-07-21 23:10:00+08:00,NYSE:UMC,21.12,21.18,21.12,21.18,27461.0
2026-07-21 23:15:00+08:00,NYSE:UMC,21.175,21.24,21.175,21.21,8605.0
2026-07-21 23:20:00+08:00,NYSE:UMC,21.215,21.23,21.17,21.23,5297.0
2026-07-21 23:25:00+08:00,NYSE:UMC,21.23,21.28,21.23,21.235,3908.0
2026-07-21 23:30:00+08:00,NYSE:UMC,21.235,21.235,21.19,21.225,6544.0
2026-07-21 23:35:00+08:00,NYSE:UMC,21.225,21.23,21.17,21.18,3543.0
2026-07-21 23:40:00+08:00,NYSE:UMC,21.18,21.18,21.14,21.14,3537.0
2026-07-21 23:45:00+08:00,NYSE:UMC,21.15,21.2,21.145,21.18,2580.0
2026-07-21 23:50:00+08:00,NYSE:UMC,21.19,21.19,21.145,21.155,2143.0
2026-07-21 23:55:00+08:00,NYSE:UMC,21.14,21.14,21.09,21.11,3253.0
2026-07-22 00:00:00+08:00,NYSE:UMC,21.1,21.15,21.1,21.15,4004.0
2026-07-22 00:05:00+08:00,NYSE:UMC,21.165,21.17,21.13,21.165,7350.0
2026-07-22 00:10:00+08:00,NYSE:UMC,21.165,21.17,21.135,21.14,3644.0
2026-07-22 00:15:00+08:00,NYSE:UMC,21.14,21.2,21.14,21.175,3216.0
2026-07-22 00:20:00+08:00,NYSE:UMC,21.19,21.2,21.18,21.185,3809.0
2026-07-22 00:25:00+08:00,NYSE:UMC,21.19,21.19,21.16,21.165,1569.0
2026-07-22 00:30:00+08:00,NYSE:UMC,21.17,21.17,21.105,21.125,5643.0
2026-07-22 00:35:00+08:00,NYSE:UMC,21.13,21.175,21.13,21.17,2619.0
2026-07-22 00:40:00+08:00,NYSE:UMC,21.18,21.18,21.14,21.14,2936.0
2026-07-22 00:45:00+08:00,NYSE:UMC,21.12,21.14,21.12,21.14,4409.0
2026-07-22 00:50:00+08:00,NYSE:UMC,21.14,21.17,21.14,21.15,4622.0
2026-07-22 00:55:00+08:00,NYSE:UMC,21.15,21.15,21.125,21.13,4354.0
2026-07-22 01:00:00+08:00,NYSE:UMC,21.14,21.185,21.135,21.185,4550.0
2026-07-22 01:05:00+08:00,NYSE:UMC,21.18,21.22,21.18,21.2,4736.0
2026-07-22 01:10:00+08:00,NYSE:UMC,21.19,21.195,21.16,21.16,2749.0
2026-07-22 01:15:00+08:00,NYSE:UMC,21.16,21.19,21.16,21.18,4182.0
2026-07-22 01:20:00+08:00,NYSE:UMC,21.17,21.185,21.16,21.175,4226.0
2026-07-22 01:25:00+08:00,NYSE:UMC,21.175,21.18,21.14,21.155,3015.0
2026-07-22 01:30:00+08:00,NYSE:UMC,21.16,21.195,21.16,21.175,6416.0
2026-07-22 01:35:00+08:00,NYSE:UMC,21.17,21.2,21.17,21.195,5397.0
2026-07-22 01:40:00+08:00,NYSE:UMC,21.195,21.2,21.195,21.2,7214.0
2026-07-22 01:45:00+08:00,NYSE:UMC,21.19,21.295,21.185,21.295,8769.0
2026-07-22 01:50:00+08:00,NYSE:UMC,21.295,21.32,21.275,21.275,3750.0
2026-07-22 01:55:00+08:00,NYSE:UMC,21.27,21.27,21.22,21.23,6127.0
2026-07-22 02:00:00+08:00,NYSE:UMC,21.24,21.255,21.22,21.23,11723.0
2026-07-22 02:05:00+08:00,NYSE:UMC,21.225,21.25,21.22,21.22,4329.0
2026-07-22 02:10:00+08:00,NYSE:UMC,21.22,21.225,21.21,21.21,2592.0
2026-07-22 02:15:00+08:00,NYSE:UMC,21.2,21.205,21.19,21.19,4032.0
2026-07-22 02:20:00+08:00,NYSE:UMC,21.2,21.2,21.19,21.195,4482.0
2026-07-22 02:25:00+08:00,NYSE:UMC,21.195,21.195,21.165,21.185,7390.0
2026-07-22 02:30:00+08:00,NYSE:UMC,21.185,21.2,21.165,21.19,7012.0
2026-07-22 02:35:00+08:00,NYSE:UMC,21.19,21.225,21.19,21.215,5013.0
2026-07-22 02:40:00+08:00,NYSE:UMC,21.21,21.21,21.195,21.205,4049.0
2026-07-22 02:45:00+08:00,NYSE:UMC,21.205,21.21,21.16,21.165,7417.0
2026-07-22 02:50:00+08:00,NYSE:UMC,21.17,21.19,21.17,21.17,6251.0
2026-07-22 02:55:00+08:00,NYSE:UMC,21.17,21.185,21.165,21.175,9107.0
2026-07-22 03:00:00+08:00,NYSE:UMC,21.175,21.185,21.14,21.17,14539.0
2026-07-22 03:05:00+08:00,NYSE:UMC,21.165,21.185,21.08,21.08,8549.0
2026-07-22 03:10:00+08:00,NYSE:UMC,21.08,21.105,21.06,21.09,16528.0
2026-07-22 03:15:00+08:00,NYSE:UMC,21.08,21.115,21.08,21.105,7423.0
2026-07-22 03:20:00+08:00,NYSE:UMC,21.105,21.115,21.09,21.095,14226.0
2026-07-22 03:25:00+08:00,NYSE:UMC,21.09,21.095,21.04,21.04,14516.0
2026-07-22 03:30:00+08:00,NYSE:UMC,21.065,21.08,21.01,21.01,29167.0
2026-07-22 03:35:00+08:00,NYSE:UMC,21.02,21.065,21.01,21.04,28401.0
2026-07-22 03:40:00+08:00,NYSE:UMC,21.045,21.07,21.04,21.06,35155.0
2026-07-22 03:45:00+08:00,NYSE:UMC,21.065,21.1,21.04,21.1,39121.0
2026-07-22 03:50:00+08:00,NYSE:UMC,21.1,21.14,21.05,21.115,44942.0
2026-07-22 03:55:00+08:00,NYSE:UMC,21.12,21.25,21.12,21.16,148577.0
2026-07-22 21:30:00+08:00,NYSE:UMC,20.995,21.27,20.99,21.21,23387.0
2026-07-22 21:35:00+08:00,NYSE:UMC,21.2,21.2,21.05,21.16,15621.0
2026-07-22 21:40:00+08:00,NYSE:UMC,21.14,21.2,21.08,21.17,6990.0
2026-07-22 21:45:00+08:00,NYSE:UMC,21.19,21.2,21.1,21.1,8647.0
2026-07-22 21:50:00+08:00,NYSE:UMC,21.1,21.26,21.08,21.25,7873.0
2026-07-22 21:55:00+08:00,NYSE:UMC,21.25,21.33,21.24,21.33,4127.0
2026-07-22 22:00:00+08:00,NYSE:UMC,21.32,21.32,21.18,21.18,5529.0
2026-07-22 22:05:00+08:00,NYSE:UMC,21.18,21.2,21.15,21.15,2799.0
2026-07-22 22:10:00+08:00,NYSE:UMC,21.14,21.225,21.14,21.205,5588.0
2026-07-22 22:15:00+08:00,NYSE:UMC,21.21,21.21,21.12,21.2,7728.0
2026-07-22 22:20:00+08:00,NYSE:UMC,21.255,21.32,21.185,21.195,1444.0
2026-07-22 22:25:00+08:00,NYSE:UMC,21.215,21.245,21.215,21.225,1971.0
2026-07-22 22:30:00+08:00,NYSE:UMC,21.23,21.3,21.23,21.25,4294.0
2026-07-22 22:35:00+08:00,NYSE:UMC,21.25,21.315,21.225,21.27,2664.0
2026-07-22 22:40:00+08:00,NYSE:UMC,21.265,21.275,21.195,21.235,5971.0
2026-07-22 22:45:00+08:00,NYSE:UMC,21.225,21.3,21.225,21.295,3353.0
2026-07-22 22:50:00+08:00,NYSE:UMC,21.31,21.31,21.245,21.25,7557.0
2026-07-22 22:55:00+08:00,NYSE:UMC,21.235,21.29,21.22,21.29,4910.0
2026-07-22 23:00:00+08:00,NYSE:UMC,21.3,21.445,21.3,21.435,5210.0
2026-07-22 23:05:00+08:00,NYSE:UMC,21.435,21.47,21.42,21.44,3887.0
2026-07-22 23:10:00+08:00,NYSE:UMC,21.43,21.515,21.43,21.49,3994.0
2026-07-22 23:15:00+08:00,NYSE:UMC,21.485,21.51,21.485,21.5,3066.0
2026-07-22 23:20:00+08:00,NYSE:UMC,21.515,21.545,21.5,21.52,4636.0
2026-07-22 23:25:00+08:00,NYSE:UMC,21.515,21.59,21.51,21.54,1774.0
2026-07-22 23:30:00+08:00,NYSE:UMC,21.53,21.55,21.46,21.465,4933.0
2026-07-22 23:35:00+08:00,NYSE:UMC,21.47,21.5,21.425,21.425,3458.0
2026-07-22 23:40:00+08:00,NYSE:UMC,21.41,21.455,21.41,21.435,4115.0
2026-07-22 23:45:00+08:00,NYSE:UMC,21.435,21.455,21.435,21.44,1398.0
2026-07-22 23:50:00+08:00,NYSE:UMC,21.435,21.49,21.43,21.45,2384.0
2026-07-22 23:55:00+08:00,NYSE:UMC,21.44,21.485,21.43,21.485,3166.0
2026-07-23 00:00:00+08:00,NYSE:UMC,21.48,21.5,21.48,21.49,1358.0
2026-07-23 00:05:00+08:00,NYSE:UMC,21.495,21.52,21.49,21.52,2258.0
2026-07-23 00:10:00+08:00,NYSE:UMC,21.51,21.515,21.49,21.51,2214.0
2026-07-23 00:15:00+08:00,NYSE:UMC,21.5,21.515,21.48,21.48,1851.0
2026-07-23 00:20:00+08:00,NYSE:UMC,21.49,21.49,21.43,21.44,1771.0
2026-07-23 00:25:00+08:00,NYSE:UMC,21.445,21.455,21.43,21.455,3291.0
2026-07-23 00:30:00+08:00,NYSE:UMC,21.455,21.535,21.455,21.535,3424.0
2026-07-23 00:35:00+08:00,NYSE:UMC,21.545,21.56,21.48,21.485,2315.0
2026-07-23 00:40:00+08:00,NYSE:UMC,21.46,21.465,21.415,21.435,4502.0
2026-07-23 00:45:00+08:00,NYSE:UMC,21.43,21.435,21.395,21.41,6490.0
2026-07-23 00:50:00+08:00,NYSE:UMC,21.42,21.43,21.41,21.425,3567.0
2026-07-23 00:55:00+08:00,NYSE:UMC,21.425,21.47,21.425,21.45,2063.0
2026-07-23 01:00:00+08:00,NYSE:UMC,21.46,21.475,21.46,21.475,4758.0
2026-07-23 01:05:00+08:00,NYSE:UMC,21.49,21.53,21.49,21.51,4895.0
2026-07-23 01:10:00+08:00,NYSE:UMC,21.505,21.505,21.48,21.48,1755.0
2026-07-23 01:15:00+08:00,NYSE:UMC,21.475,21.495,21.47,21.49,1682.0
2026-07-23 01:20:00+08:00,NYSE:UMC,21.485,21.495,21.475,21.495,1328.0
2026-07-23 01:25:00+08:00,NYSE:UMC,21.485,21.51,21.465,21.5,3467.0
2026-07-23 01:30:00+08:00,NYSE:UMC,21.495,21.515,21.445,21.45,2443.0
2026-07-23 01:35:00+08:00,NYSE:UMC,21.455,21.5,21.455,21.5,1612.0
2026-07-23 01:40:00+08:00,NYSE:UMC,21.49,21.49,21.465,21.485,2181.0
2026-07-23 01:45:00+08:00,NYSE:UMC,21.485,21.49,21.46,21.47,1584.0
2026-07-23 01:50:00+08:00,NYSE:UMC,21.47,21.47,21.42,21.42,3592.0
2026-07-23 01:55:00+08:00,NYSE:UMC,21.41,21.44,21.4,21.4,2645.0
2026-07-23 02:00:00+08:00,NYSE:UMC,21.42,21.435,21.37,21.4,2369.0
2026-07-23 02:05:00+08:00,NYSE:UMC,21.4,21.41,21.38,21.38,3893.0
2026-07-23 02:10:00+08:00,NYSE:UMC,21.38,21.39,21.35,21.35,5060.0
2026-07-23 02:15:00+08:00,NYSE:UMC,21.35,21.36,21.34,21.34,2023.0
2026-07-23 02:20:00+08:00,NYSE:UMC,21.335,21.365,21.335,21.355,2775.0
2026-07-23 02:25:00+08:00,NYSE:UMC,21.35,21.365,21.34,21.355,1239.0
2026-07-23 02:30:00+08:00,NYSE:UMC,21.35,21.35,21.31,21.32,2389.0
2026-07-23 02:35:00+08:00,NYSE:UMC,21.32,21.36,21.32,21.34,3079.0
2026-07-23 02:40:00+08:00,NYSE:UMC,21.345,21.355,21.34,21.355,1673.0
2026-07-23 02:45:00+08:00,NYSE:UMC,21.35,21.38,21.35,21.35,1864.0
2026-07-23 02:50:00+08:00,NYSE:UMC,21.35,21.39,21.35,21.39,7395.0
2026-07-23 02:55:00+08:00,NYSE:UMC,21.39,21.395,21.38,21.39,1985.0
2026-07-23 03:00:00+08:00,NYSE:UMC,21.385,21.41,21.365,21.41,4721.0
2026-07-23 03:05:00+08:00,NYSE:UMC,21.41,21.41,21.38,21.39,3452.0
2026-07-23 03:10:00+08:00,NYSE:UMC,21.39,21.4,21.37,21.37,1083.0
2026-07-23 03:15:00+08:00,NYSE:UMC,21.37,21.42,21.365,21.41,3028.0
2026-07-23 03:20:00+08:00,NYSE:UMC,21.41,21.41,21.395,21.4,2889.0
2026-07-23 03:25:00+08:00,NYSE:UMC,21.39,21.42,21.385,21.385,5233.0
2026-07-23 03:30:00+08:00,NYSE:UMC,21.38,21.38,21.35,21.35,13120.0
2026-07-23 03:35:00+08:00,NYSE:UMC,21.35,21.355,21.305,21.315,6469.0
2026-07-23 03:40:00+08:00,NYSE:UMC,21.32,21.345,21.305,21.325,10416.0
2026-07-23 03:45:00+08:00,NYSE:UMC,21.33,21.37,21.33,21.335,12056.0
2026-07-23 03:50:00+08:00,NYSE:UMC,21.34,21.39,21.32,21.34,17787.0
2026-07-23 03:55:00+08:00,NYSE:UMC,21.33,21.35,21.26,21.28,61966.0
2026-07-23 21:30:00+08:00,NYSE:UMC,20.68,21.0,20.67,20.9,10961.0
2026-07-23 21:35:00+08:00,NYSE:UMC,20.9,21.02,20.86,20.95,4153.0
2026-07-23 21:40:00+08:00,NYSE:UMC,20.98,21.07,20.96,21.07,5022.0
2026-07-23 21:45:00+08:00,NYSE:UMC,21.05,21.07,20.92,20.94,6968.0
2026-07-23 21:50:00+08:00,NYSE:UMC,20.94,21.09,20.9,21.065,6680.0
2026-07-23 21:55:00+08:00,NYSE:UMC,21.07,21.08,20.94,20.95,5763.0
2026-07-23 22:00:00+08:00,NYSE:UMC,20.97,21.015,20.935,20.99,6504.0
2026-07-23 22:05:00+08:00,NYSE:UMC,20.96,21.08,20.905,20.93,11756.0
2026-07-23 22:10:00+08:00,NYSE:UMC,20.97,21.005,20.92,20.93,10290.0
2026-07-23 22:15:00+08:00,NYSE:UMC,20.93,20.98,20.9,20.94,7757.0
2026-07-23 22:20:00+08:00,NYSE:UMC,20.95,21.03,20.91,20.95,8992.0
2026-07-23 22:25:00+08:00,NYSE:UMC,20.94,21.015,20.94,20.97,5728.0
2026-07-23 22:30:00+08:00,NYSE:UMC,20.98,21.0,20.86,20.895,8980.0
2026-07-23 22:35:00+08:00,NYSE:UMC,20.9,21.0,20.865,20.98,3977.0
2026-07-23 22:40:00+08:00,NYSE:UMC,20.99,20.99,20.84,20.865,10272.0
2026-07-23 22:45:00+08:00,NYSE:UMC,20.86,20.9,20.835,20.85,6585.0
2026-07-23 22:50:00+08:00,NYSE:UMC,20.88,20.88,20.735,20.745,7839.0
2026-07-23 22:55:00+08:00,NYSE:UMC,20.74,20.8,20.73,20.78,5219.0
2026-07-23 23:00:00+08:00,NYSE:UMC,20.77,20.775,20.69,20.71,14616.0
2026-07-23 23:05:00+08:00,NYSE:UMC,20.725,20.745,20.665,20.68,8398.0
2026-07-23 23:10:00+08:00,NYSE:UMC,20.67,20.695,20.6,20.6,8625.0
2026-07-23 23:15:00+08:00,NYSE:UMC,20.585,20.655,20.585,20.635,12799.0
2026-07-23 23:20:00+08:00,NYSE:UMC,20.635,20.67,20.51,20.57,7240.0
2026-07-23 23:25:00+08:00,NYSE:UMC,20.57,20.57,20.45,20.48,14851.0
2026-07-23 23:30:00+08:00,NYSE:UMC,20.49,20.54,20.435,20.53,6086.0
2026-07-23 23:35:00+08:00,NYSE:UMC,20.55,20.65,20.55,20.6,5538.0
2026-07-23 23:40:00+08:00,NYSE:UMC,20.6,20.635,20.585,20.595,3464.0
2026-07-23 23:45:00+08:00,NYSE:UMC,20.575,20.6,20.565,20.585,4684.0
2026-07-23 23:50:00+08:00,NYSE:UMC,20.6,20.67,20.59,20.67,5900.0
2026-07-23 23:55:00+08:00,NYSE:UMC,20.67,20.725,20.67,20.72,2868.0
2026-07-24 00:00:00+08:00,NYSE:UMC,20.73,20.76,20.7,20.755,2409.0
2026-07-24 00:05:00+08:00,NYSE:UMC,20.74,20.74,20.68,20.72,2535.0
2026-07-24 00:10:00+08:00,NYSE:UMC,20.74,20.765,20.72,20.72,2468.0
2026-07-24 00:15:00+08:00,NYSE:UMC,20.73,20.73,20.685,20.7,2059.0
2026-07-24 00:20:00+08:00,NYSE:UMC,20.72,20.84,20.72,20.83,3836.0
2026-07-24 00:25:00+08:00,NYSE:UMC,20.83,20.9,20.83,20.9,2890.0
2026-07-24 00:30:00+08:00,NYSE:UMC,20.895,20.925,20.87,20.91,2722.0
2026-07-24 00:35:00+08:00,NYSE:UMC,20.93,20.995,20.93,20.99,1770.0
2026-07-24 00:40:00+08:00,NYSE:UMC,20.98,20.985,20.905,20.91,3764.0
2026-07-24 00:45:00+08:00,NYSE:UMC,20.91,20.91,20.86,20.885,4331.0
2026-07-24 00:50:00+08:00,NYSE:UMC,20.885,20.885,20.795,20.795,6284.0
2026-07-24 00:55:00+08:00,NYSE:UMC,20.8,20.86,20.8,20.86,4085.0
2026-07-24 01:00:00+08:00,NYSE:UMC,20.85,20.88,20.805,20.805,3077.0
2026-07-24 01:05:00+08:00,NYSE:UMC,20.79,20.835,20.78,20.825,3066.0
2026-07-24 01:10:00+08:00,NYSE:UMC,20.83,20.885,20.83,20.865,2340.0
2026-07-24 01:15:00+08:00,NYSE:UMC,20.86,20.88,20.84,20.87,1723.0
2026-07-24 01:20:00+08:00,NYSE:UMC,20.88,20.905,20.875,20.885,3511.0
2026-07-24 01:25:00+08:00,NYSE:UMC,20.895,20.9,20.875,20.885,2557.0
2026-07-24 01:30:00+08:00,NYSE:UMC,20.88,20.89,20.835,20.85,1013.0
2026-07-24 01:35:00+08:00,NYSE:UMC,20.85,20.85,20.81,20.81,1348.0
2026-07-24 01:40:00+08:00,NYSE:UMC,20.81,20.81,20.785,20.81,2761.0
2026-07-24 01:45:00+08:00,NYSE:UMC,20.8,20.86,20.8,20.86,1928.0
2026-07-24 01:50:00+08:00,NYSE:UMC,20.85,20.86,20.815,20.815,1041.0
2026-07-24 01:55:00+08:00,NYSE:UMC,20.795,20.795,20.76,20.77,2003.0
2026-07-24 02:00:00+08:00,NYSE:UMC,20.76,20.79,20.74,20.78,1744.0
2026-07-24 02:05:00+08:00,NYSE:UMC,20.755,20.77,20.745,20.75,2324.0
2026-07-24 02:10:00+08:00,NYSE:UMC,20.75,20.805,20.75,20.785,2013.0
2026-07-24 02:15:00+08:00,NYSE:UMC,20.76,20.79,20.755,20.785,4341.0
2026-07-24 02:20:00+08:00,NYSE:UMC,20.785,20.815,20.775,20.81,4189.0
2026-07-24 02:25:00+08:00,NYSE:UMC,20.81,20.81,20.785,20.8,4334.0
2026-07-24 02:30:00+08:00,NYSE:UMC,20.805,20.85,20.8,20.85,2483.0
2026-07-24 02:35:00+08:00,NYSE:UMC,20.85,20.85,20.795,20.81,3780.0
2026-07-24 02:40:00+08:00,NYSE:UMC,20.82,20.83,20.775,20.79,7278.0
2026-07-24 02:45:00+08:00,NYSE:UMC,20.8,20.825,20.79,20.79,3026.0
2026-07-24 02:50:00+08:00,NYSE:UMC,20.79,20.805,20.745,20.745,5823.0
2026-07-24 02:55:00+08:00,NYSE:UMC,20.725,20.74,20.72,20.74,5858.0
2026-07-24 03:00:00+08:00,NYSE:UMC,20.755,20.76,20.685,20.685,3302.0
2026-07-24 03:05:00+08:00,NYSE:UMC,20.685,20.715,20.68,20.695,5636.0
2026-07-24 03:10:00+08:00,NYSE:UMC,20.685,20.72,20.685,20.72,7311.0
2026-07-24 03:15:00+08:00,NYSE:UMC,20.73,20.775,20.73,20.77,10783.0
2026-07-24 03:20:00+08:00,NYSE:UMC,20.775,20.83,20.775,20.83,5832.0
2026-07-24 03:25:00+08:00,NYSE:UMC,20.84,20.88,20.825,20.875,18527.0
2026-07-24 03:30:00+08:00,NYSE:UMC,20.9,20.905,20.835,20.87,10733.0
2026-07-24 03:35:00+08:00,NYSE:UMC,20.86,20.9,20.855,20.87,12395.0
2026-07-24 03:40:00+08:00,NYSE:UMC,20.86,20.88,20.825,20.825,9029.0
2026-07-24 03:45:00+08:00,NYSE:UMC,20.83,20.865,20.815,20.845,20090.0
2026-07-24 03:50:00+08:00,NYSE:UMC,20.86,20.9,20.8,20.84,29584.0
2026-07-24 03:55:00+08:00,NYSE:UMC,20.85,20.915,20.83,20.885,112855.0
2026-07-24 21:30:00+08:00,NYSE:UMC,19.8,20.07,19.8,20.04,40959.0
2026-07-24 21:35:00+08:00,NYSE:UMC,20.03,20.07,19.825,19.84,12905.0
2026-07-24 21:40:00+08:00,NYSE:UMC,19.85,19.85,19.68,19.82,11442.0
2026-07-24 21:45:00+08:00,NYSE:UMC,19.82,19.83,19.67,19.75,7428.0
2026-07-24 21:50:00+08:00,NYSE:UMC,19.74,19.74,19.455,19.455,25496.0
2026-07-24 21:55:00+08:00,NYSE:UMC,19.45,19.46,19.35,19.355,16725.0
2026-07-24 22:00:00+08:00,NYSE:UMC,19.35,19.42,19.31,19.33,17873.0
2026-07-24 22:05:00+08:00,NYSE:UMC,19.325,19.47,19.32,19.45,13295.0
2026-07-24 22:10:00+08:00,NYSE:UMC,19.47,19.475,19.405,19.41,14673.0
2026-07-24 22:15:00+08:00,NYSE:UMC,19.41,19.43,19.24,19.26,19968.0
2026-07-24 22:20:00+08:00,NYSE:UMC,19.26,19.34,19.24,19.27,15715.0
2026-07-24 22:25:00+08:00,NYSE:UMC,19.28,19.31,19.225,19.3,22273.0
2026-07-24 22:30:00+08:00,NYSE:UMC,19.28,19.3,19.08,19.08,34050.0
2026-07-24 22:35:00+08:00,NYSE:UMC,19.08,19.13,19.02,19.025,18566.0
2026-07-24 22:40:00+08:00,NYSE:UMC,19.02,19.02,18.98,19.02,18151.0
2026-07-24 22:45:00+08:00,NYSE:UMC,19.0,19.105,18.97,19.1,24913.0
2026-07-24 22:50:00+08:00,NYSE:UMC,19.11,19.17,19.1,19.16,9020.0
2026-07-24 22:55:00+08:00,NYSE:UMC,19.18,19.355,19.18,19.32,7610.0
2026-07-24 23:00:00+08:00,NYSE:UMC,19.32,19.34,19.25,19.26,10840.0
2026-07-24 23:05:00+08:00,NYSE:UMC,19.24,19.25,19.16,19.21,10593.0
2026-07-24 23:10:00+08:00,NYSE:UMC,19.2,19.32,19.2,19.32,8918.0
2026-07-24 23:15:00+08:00,NYSE:UMC,19.32,19.38,19.3,19.31,6881.0
2026-07-24 23:20:00+08:00,NYSE:UMC,19.315,19.4,19.31,19.33,8192.0
2026-07-24 23:25:00+08:00,NYSE:UMC,19.32,19.37,19.32,19.34,4649.0
2026-07-24 23:30:00+08:00,NYSE:UMC,19.335,19.41,19.33,19.36,4992.0
2026-07-24 23:35:00+08:00,NYSE:UMC,19.34,19.4,19.325,19.395,5776.0
2026-07-24 23:40:00+08:00,NYSE:UMC,19.4,19.42,19.35,19.38,2317.0
2026-07-24 23:45:00+08:00,NYSE:UMC,19.39,19.43,19.39,19.43,4845.0
2026-07-24 23:50:00+08:00,NYSE:UMC,19.42,19.5,19.41,19.45,7897.0
2026-07-24 23:55:00+08:00,NYSE:UMC,19.45,19.49,19.45,19.475,5182.0
2026-07-25 00:00:00+08:00,NYSE:UMC,19.455,19.48,19.42,19.48,2704.0
2026-07-25 00:05:00+08:00,NYSE:UMC,19.48,19.56,19.465,19.56,7184.0
2026-07-25 00:10:00+08:00,NYSE:UMC,19.57,19.59,19.53,19.53,4890.0
2026-07-25 00:15:00+08:00,NYSE:UMC,19.53,19.53,19.475,19.51,4281.0
2026-07-25 00:20:00+08:00,NYSE:UMC,19.525,19.555,19.51,19.52,8556.0
2026-07-25 00:25:00+08:00,NYSE:UMC,19.53,19.53,19.5,19.5,5911.0
2026-07-25 00:30:00+08:00,NYSE:UMC,19.495,19.52,19.455,19.51,2357.0
2026-07-25 00:35:00+08:00,NYSE:UMC,19.5,19.5,19.43,19.44,4820.0
2026-07-25 00:40:00+08:00,NYSE:UMC,19.45,19.46,19.4,19.42,3203.0
2026-07-25 00:45:00+08:00,NYSE:UMC,19.41,19.43,19.4,19.42,2259.0
2026-07-25 00:50:00+08:00,NYSE:UMC,19.41,19.44,19.405,19.42,2473.0
2026-07-25 00:55:00+08:00,NYSE:UMC,19.415,19.485,19.415,19.485,3331.0
2026-07-25 01:00:00+08:00,NYSE:UMC,19.47,19.475,19.43,19.44,1378.0
2026-07-25 01:05:00+08:00,NYSE:UMC,19.44,19.45,19.38,19.39,7356.0
2026-07-25 01:10:00+08:00,NYSE:UMC,19.37,19.41,19.345,19.39,2488.0
2026-07-25 01:15:00+08:00,NYSE:UMC,19.39,19.435,19.375,19.43,898.0
2026-07-25 01:20:00+08:00,NYSE:UMC,19.44,19.45,19.43,19.45,1254.0
2026-07-25 01:25:00+08:00,NYSE:UMC,19.46,19.51,19.455,19.51,1250.0
2026-07-25 01:30:00+08:00,NYSE:UMC,19.51,19.59,19.5,19.58,3387.0
2026-07-25 01:35:00+08:00,NYSE:UMC,19.565,19.57,19.54,19.54,1622.0
2026-07-25 01:40:00+08:00,NYSE:UMC,19.525,19.53,19.48,19.495,2883.0
2026-07-25 01:45:00+08:00,NYSE:UMC,19.48,19.51,19.475,19.485,907.0
2026-07-25 01:50:00+08:00,NYSE:UMC,19.52,19.53,19.5,19.51,913.0
2026-07-25 01:55:00+08:00,NYSE:UMC,19.52,19.52,19.5,19.5,1254.0
2026-07-25 02:00:00+08:00,NYSE:UMC,19.5,19.5,19.475,19.48,1624.0
2026-07-25 02:05:00+08:00,NYSE:UMC,19.48,19.49,19.47,19.475,1285.0
2026-07-25 02:10:00+08:00,NYSE:UMC,19.48,19.48,19.44,19.44,1005.0
2026-07-25 02:15:00+08:00,NYSE:UMC,19.43,19.44,19.39,19.4,1312.0
2026-07-25 02:20:00+08:00,NYSE:UMC,19.39,19.4,19.38,19.38,746.0
2026-07-25 02:25:00+08:00,NYSE:UMC,19.38,19.385,19.36,19.365,1537.0
2026-07-25 02:30:00+08:00,NYSE:UMC,19.37,19.375,19.35,19.375,1685.0
2026-07-25 02:35:00+08:00,NYSE:UMC,19.365,19.41,19.36,19.37,1911.0
2026-07-25 02:40:00+08:00,NYSE:UMC,19.35,19.37,19.34,19.35,1295.0
2026-07-25 02:45:00+08:00,NYSE:UMC,19.37,19.395,19.37,19.38,1201.0
2026-07-25 02:50:00+08:00,NYSE:UMC,19.39,19.405,19.38,19.4,1789.0
2026-07-25 02:55:00+08:00,NYSE:UMC,19.395,19.43,19.395,19.41,1930.0
2026-07-25 03:00:00+08:00,NYSE:UMC,19.41,19.43,19.38,19.4,4293.0
2026-07-25 03:05:00+08:00,NYSE:UMC,19.39,19.445,19.325,19.34,4882.0
2026-07-25 03:10:00+08:00,NYSE:UMC,19.3,19.34,19.275,19.305,6567.0
2026-07-25 03:15:00+08:00,NYSE:UMC,19.31,19.34,19.295,19.34,5600.0
2026-07-25 03:20:00+08:00,NYSE:UMC,19.34,19.365,19.315,19.315,5585.0
2026-07-25 03:25:00+08:00,NYSE:UMC,19.32,19.43,19.315,19.4,9425.0
2026-07-25 03:30:00+08:00,NYSE:UMC,19.4,19.49,19.39,19.47,16254.0
2026-07-25 03:35:00+08:00,NYSE:UMC,19.46,19.47,19.42,19.43,9445.0
2026-07-25 03:40:00+08:00,NYSE:UMC,19.43,19.46,19.42,19.46,19809.0
2026-07-25 03:45:00+08:00,NYSE:UMC,19.46,19.48,19.43,19.46,27103.0
2026-07-25 03:50:00+08:00,NYSE:UMC,19.47,19.47,19.37,19.4,55822.0
2026-07-25 03:55:00+08:00,NYSE:UMC,19.42,19.52,19.375,19.49,139934.0
2026-07-27 21:30:00+08:00,NYSE:UMC,20.03,20.15,19.72,19.76,32431.0
2026-07-27 21:35:00+08:00,NYSE:UMC,19.76,19.92,19.76,19.86,6774.0
2026-07-27 21:40:00+08:00,NYSE:UMC,19.85,19.85,19.72,19.77,13706.0
2026-07-27 21:45:00+08:00,NYSE:UMC,19.78,19.83,19.71,19.74,11702.0
2026-07-27 21:50:00+08:00,NYSE:UMC,19.74,19.75,19.68,19.695,11634.0
2026-07-27 21:55:00+08:00,NYSE:UMC,19.685,19.685,19.49,19.5,7003.0
2026-07-27 22:00:00+08:00,NYSE:UMC,19.49,19.52,19.33,19.36,9425.0
2026-07-27 22:05:00+08:00,NYSE:UMC,19.385,19.4,19.3,19.35,12443.0
2026-07-27 22:10:00+08:00,NYSE:UMC,19.33,19.33,19.185,19.195,12568.0
2026-07-27 22:15:00+08:00,NYSE:UMC,19.2,19.25,19.125,19.2,15115.0
2026-07-27 22:20:00+08:00,NYSE:UMC,19.19,19.19,19.01,19.02,14765.0
2026-07-27 22:25:00+08:00,NYSE:UMC,19.01,19.01,18.84,18.85,36166.0
2026-07-27 22:30:00+08:00,NYSE:UMC,18.865,18.87,18.805,18.805,20378.0
2026-07-27 22:35:00+08:00,NYSE:UMC,18.805,18.83,18.69,18.69,18153.0
2026-07-27 22:40:00+08:00,NYSE:UMC,18.7,18.71,18.57,18.67,24466.0
2026-07-27 22:45:00+08:00,NYSE:UMC,18.66,18.905,18.66,18.9,22578.0
2026-07-27 22:50:00+08:00,NYSE:UMC,18.94,18.97,18.89,18.92,11833.0
2026-07-27 22:55:00+08:00,NYSE:UMC,18.91,19.02,18.87,19.005,14605.0
2026-07-27 23:00:00+08:00,NYSE:UMC,19.03,19.06,18.86,18.87,25268.0
2026-07-27 23:05:00+08:00,NYSE:UMC,18.865,18.955,18.865,18.895,11930.0
2026-07-27 23:10:00+08:00,NYSE:UMC,18.885,18.935,18.78,18.8,14967.0
2026-07-27 23:15:00+08:00,NYSE:UMC,18.81,18.81,18.655,18.75,13875.0
2026-07-27 23:20:00+08:00,NYSE:UMC,18.75,18.8,18.645,18.665,10740.0
2026-07-27 23:25:00+08:00,NYSE:UMC,18.66,18.66,18.58,18.64,8546.0
2026-07-27 23:30:00+08:00,NYSE:UMC,18.64,18.71,18.595,18.65,6564.0
2026-07-27 23:35:00+08:00,NYSE:UMC,18.65,18.67,18.625,18.645,6529.0
2026-07-27 23:40:00+08:00,NYSE:UMC,18.65,18.685,18.6,18.65,11737.0
2026-07-27 23:45:00+08:00,NYSE:UMC,18.66,18.69,18.625,18.65,6722.0
2026-07-27 23:50:00+08:00,NYSE:UMC,18.66,18.715,18.65,18.68,6601.0
2026-07-27 23:55:00+08:00,NYSE:UMC,18.695,18.75,18.68,18.73,5546.0
2026-07-28 00:00:00+08:00,NYSE:UMC,18.745,18.785,18.685,18.77,9703.0
2026-07-28 00:05:00+08:00,NYSE:UMC,18.77,18.785,18.715,18.735,9077.0
2026-07-28 00:10:00+08:00,NYSE:UMC,18.745,18.775,18.7,18.715,10971.0
2026-07-28 00:15:00+08:00,NYSE:UMC,18.715,18.715,18.665,18.69,5055.0
2026-07-28 00:20:00+08:00,NYSE:UMC,18.675,18.77,18.66,18.77,5091.0
2026-07-28 00:25:00+08:00,NYSE:UMC,18.77,18.89,18.76,18.84,12890.0
2026-07-28 00:30:00+08:00,NYSE:UMC,18.85,18.91,18.85,18.86,6160.0
2026-07-28 00:35:00+08:00,NYSE:UMC,18.86,18.92,18.82,18.915,2830.0
2026-07-28 00:40:00+08:00,NYSE:UMC,18.915,18.92,18.87,18.88,7501.0
2026-07-28 00:45:00+08:00,NYSE:UMC,18.885,18.94,18.88,18.905,7234.0
2026-07-28 00:50:00+08:00,NYSE:UMC,18.9,18.9,18.77,18.785,7207.0
2026-07-28 00:55:00+08:00,NYSE:UMC,18.725,18.76,18.72,18.75,4138.0
2026-07-28 01:00:00+08:00,NYSE:UMC,18.755,18.775,18.705,18.725,4993.0
2026-07-28 01:05:00+08:00,NYSE:UMC,18.72,18.74,18.695,18.735,5599.0
2026-07-28 01:10:00+08:00,NYSE:UMC,18.715,18.75,18.705,18.745,3200.0
2026-07-28 01:15:00+08:00,NYSE:UMC,18.73,18.74,18.65,18.685,4498.0
2026-07-28 01:20:00+08:00,NYSE:UMC,18.68,18.71,18.665,18.665,6023.0
2026-07-28 01:25:00+08:00,NYSE:UMC,18.66,18.66,18.63,18.63,5265.0
2026-07-28 01:30:00+08:00,NYSE:UMC,18.62,18.705,18.62,18.7,6361.0
2026-07-28 01:35:00+08:00,NYSE:UMC,18.7,18.7,18.635,18.635,4494.0
2026-07-28 01:40:00+08:00,NYSE:UMC,18.63,18.645,18.615,18.645,8011.0
2026-07-28 01:45:00+08:00,NYSE:UMC,18.635,18.66,18.6,18.61,15583.0
2026-07-28 01:50:00+08:00,NYSE:UMC,18.59,18.655,18.59,18.655,5764.0
2026-07-28 01:55:00+08:00,NYSE:UMC,18.67,18.68,18.635,18.66,8150.0
2026-07-28 02:00:00+08:00,NYSE:UMC,18.645,18.69,18.645,18.685,6560.0
2026-07-28 02:05:00+08:00,NYSE:UMC,18.68,18.68,18.64,18.65,6996.0
2026-07-28 02:10:00+08:00,NYSE:UMC,18.65,18.715,18.64,18.715,6370.0
2026-07-28 02:15:00+08:00,NYSE:UMC,18.71,18.735,18.66,18.71,6631.0
2026-07-28 02:20:00+08:00,NYSE:UMC,18.7,18.745,18.68,18.73,4159.0
2026-07-28 02:25:00+08:00,NYSE:UMC,18.74,18.76,18.735,18.74,4184.0
2026-07-28 02:30:00+08:00,NYSE:UMC,18.735,18.735,18.705,18.71,10462.0
2026-07-28 02:35:00+08:00,NYSE:UMC,18.705,18.725,18.7,18.705,3827.0
2026-07-28 02:40:00+08:00,NYSE:UMC,18.695,18.75,18.68,18.735,12984.0
2026-07-28 02:45:00+08:00,NYSE:UMC,18.74,18.765,18.72,18.745,7516.0
2026-07-28 02:50:00+08:00,NYSE:UMC,18.74,18.835,18.73,18.825,9026.0
2026-07-28 02:55:00+08:00,NYSE:UMC,18.83,18.91,18.83,18.9,6777.0
2026-07-28 03:00:00+08:00,NYSE:UMC,18.92,19.0,18.895,18.97,14158.0
2026-07-28 03:05:00+08:00,NYSE:UMC,18.98,19.07,18.94,19.045,17440.0
2026-07-28 03:10:00+08:00,NYSE:UMC,19.04,19.13,19.04,19.09,14964.0
2026-07-28 03:15:00+08:00,NYSE:UMC,19.095,19.17,19.085,19.15,32870.0
2026-07-28 03:20:00+08:00,NYSE:UMC,19.15,19.17,19.125,19.15,18630.0
2026-07-28 03:25:00+08:00,NYSE:UMC,19.16,19.21,19.125,19.21,14040.0
2026-07-28 03:30:00+08:00,NYSE:UMC,19.21,19.245,19.19,19.19,11101.0
2026-07-28 03:35:00+08:00,NYSE:UMC,19.18,19.19,19.025,19.045,16542.0
2026-07-28 03:40:00+08:00,NYSE:UMC,19.045,19.105,19.03,19.065,20369.0
2026-07-28 03:45:00+08:00,NYSE:UMC,19.06,19.09,19.045,19.075,16741.0
2026-07-28 03:50:00+08:00,NYSE:UMC,19.08,19.08,19.02,19.05,32524.0
2026-07-28 03:55:00+08:00,NYSE:UMC,19.04,19.1,19.035,19.075,109993.0
2026-07-28 21:30:00+08:00,NYSE:UMC,16.9,17.42,16.64,17.26,256602.0
2026-07-28 21:35:00+08:00,NYSE:UMC,17.255,17.3,17.06,17.135,64795.0
2026-07-28 21:40:00+08:00,NYSE:UMC,17.135,17.16,16.98,17.12,30378.0
2026-07-28 21:45:00+08:00,NYSE:UMC,17.16,17.3,17.025,17.16,35445.0
2026-07-28 21:50:00+08:00,NYSE:UMC,17.17,17.25,16.98,17.15,69168.0
2026-07-28 21:55:00+08:00,NYSE:UMC,17.155,17.24,17.055,17.1,27020.0
2026-07-28 22:00:00+08:00,NYSE:UMC,17.09,17.25,17.08,17.21,30116.0
2026-07-28 22:05:00+08:00,NYSE:UMC,17.19,17.375,17.17,17.18,27574.0
2026-07-28 22:10:00+08:00,NYSE:UMC,17.17,17.32,17.1,17.115,17967.0
2026-07-28 22:15:00+08:00,NYSE:UMC,17.12,17.16,17.0,17.06,40932.0
2026-07-28 22:20:00+08:00,NYSE:UMC,17.06,17.18,17.01,17.09,40713.0
2026-07-28 22:25:00+08:00,NYSE:UMC,17.07,17.14,17.065,17.1,30124.0
2026-07-28 22:30:00+08:00,NYSE:UMC,17.105,17.17,17.05,17.05,24617.0
2026-07-28 22:35:00+08:00,NYSE:UMC,17.05,17.135,17.04,17.07,38030.0
2026-07-28 22:40:00+08:00,NYSE:UMC,17.07,17.22,17.07,17.16,18328.0
2026-07-28 22:45:00+08:00,NYSE:UMC,17.18,17.25,17.14,17.235,19026.0
2026-07-28 22:50:00+08:00,NYSE:UMC,17.255,17.285,17.2,17.27,13792.0
2026-07-28 22:55:00+08:00,NYSE:UMC,17.28,17.28,17.165,17.2,19717.0
2026-07-28 23:00:00+08:00,NYSE:UMC,17.205,17.26,17.195,17.195,12700.0
2026-07-28 23:05:00+08:00,NYSE:UMC,17.19,17.25,17.135,17.2,11634.0
2026-07-28 23:10:00+08:00,NYSE:UMC,17.215,17.29,17.175,17.21,22608.0
2026-07-28 23:15:00+08:00,NYSE:UMC,17.21,17.32,17.19,17.29,18653.0
2026-07-28 23:20:00+08:00,NYSE:UMC,17.3,17.44,17.3,17.44,16810.0
2026-07-28 23:25:00+08:00,NYSE:UMC,17.44,17.48,17.345,17.38,9281.0
2026-07-28 23:30:00+08:00,NYSE:UMC,17.39,17.48,17.335,17.45,11898.0
2026-07-28 23:35:00+08:00,NYSE:UMC,17.44,17.58,17.44,17.55,22100.0
2026-07-28 23:40:00+08:00,NYSE:UMC,17.54,17.57,17.505,17.57,12457.0
2026-07-28 23:45:00+08:00,NYSE:UMC,17.57,17.67,17.57,17.635,31942.0
2026-07-28 23:50:00+08:00,NYSE:UMC,17.635,17.64,17.555,17.595,26264.0
2026-07-28 23:55:00+08:00,NYSE:UMC,17.59,17.65,17.575,17.63,14836.0
2026-07-29 00:00:00+08:00,NYSE:UMC,17.63,17.665,17.61,17.65,9618.0
2026-07-29 00:05:00+08:00,NYSE:UMC,17.66,17.7,17.54,17.54,16838.0
2026-07-29 00:10:00+08:00,NYSE:UMC,17.53,17.57,17.51,17.53,12776.0
2026-07-29 00:15:00+08:00,NYSE:UMC,17.53,17.535,17.485,17.525,18763.0
2026-07-29 00:20:00+08:00,NYSE:UMC,17.53,17.53,17.44,17.455,13513.0
2026-07-29 00:25:00+08:00,NYSE:UMC,17.46,17.49,17.44,17.48,11040.0
2026-07-29 00:30:00+08:00,NYSE:UMC,17.47,17.47,17.375,17.435,12857.0
2026-07-29 00:35:00+08:00,NYSE:UMC,17.44,17.49,17.42,17.49,12148.0
2026-07-29 00:40:00+08:00,NYSE:UMC,17.5,17.515,17.485,17.5,8456.0
2026-07-29 00:45:00+08:00,NYSE:UMC,17.51,17.56,17.495,17.51,8401.0
2026-07-29 00:50:00+08:00,NYSE:UMC,17.52,17.565,17.51,17.55,9116.0
2026-07-29 00:55:00+08:00,NYSE:UMC,17.55,17.56,17.5,17.5,9144.0
2026-07-29 01:00:00+08:00,NYSE:UMC,17.49,17.525,17.465,17.49,11751.0
2026-07-29 01:05:00+08:00,NYSE:UMC,17.48,17.51,17.45,17.45,8867.0
2026-07-29 01:10:00+08:00,NYSE:UMC,17.45,17.47,17.435,17.46,8794.0
2026-07-29 01:15:00+08:00,NYSE:UMC,17.45,17.45,17.39,17.425,11552.0
2026-07-29 01:20:00+08:00,NYSE:UMC,17.42,17.48,17.42,17.43,9045.0
2026-07-29 01:25:00+08:00,NYSE:UMC,17.42,17.42,17.39,17.4,9585.0
2026-07-29 01:30:00+08:00,NYSE:UMC,17.4,17.44,17.395,17.44,6208.0
2026-07-29 01:35:00+08:00,NYSE:UMC,17.435,17.455,17.385,17.395,7907.0
2026-07-29 01:40:00+08:00,NYSE:UMC,17.39,17.4,17.34,17.345,7423.0
2026-07-29 01:45:00+08:00,NYSE:UMC,17.35,17.36,17.32,17.355,15802.0
2026-07-29 01:50:00+08:00,NYSE:UMC,17.35,17.36,17.32,17.325,9989.0
2026-07-29 01:55:00+08:00,NYSE:UMC,17.32,17.35,17.305,17.34,11216.0
2026-07-29 02:00:00+08:00,NYSE:UMC,17.35,17.365,17.315,17.335,15753.0
2026-07-29 02:05:00+08:00,NYSE:UMC,17.335,17.34,17.27,17.29,28997.0
2026-07-29 02:10:00+08:00,NYSE:UMC,17.29,17.295,17.27,17.28,19398.0
2026-07-29 02:15:00+08:00,NYSE:UMC,17.27,17.305,17.265,17.3,11025.0
2026-07-29 02:20:00+08:00,NYSE:UMC,17.295,17.32,17.285,17.285,7214.0
2026-07-29 02:25:00+08:00,NYSE:UMC,17.285,17.3,17.265,17.285,7688.0
2026-07-29 02:30:00+08:00,NYSE:UMC,17.285,17.35,17.285,17.325,9467.0
2026-07-29 02:35:00+08:00,NYSE:UMC,17.315,17.34,17.31,17.315,5955.0
2026-07-29 02:40:00+08:00,NYSE:UMC,17.31,17.315,17.28,17.295,11147.0
2026-07-29 02:45:00+08:00,NYSE:UMC,17.295,17.345,17.29,17.33,8607.0
2026-07-29 02:50:00+08:00,NYSE:UMC,17.325,17.36,17.305,17.31,8383.0
2026-07-29 02:55:00+08:00,NYSE:UMC,17.31,17.35,17.3,17.31,9854.0
2026-07-29 03:00:00+08:00,NYSE:UMC,17.3,17.39,17.295,17.39,10082.0
2026-07-29 03:05:00+08:00,NYSE:UMC,17.38,17.4,17.31,17.31,23809.0
2026-07-29 03:10:00+08:00,NYSE:UMC,17.3,17.385,17.295,17.365,28783.0
2026-07-29 03:15:00+08:00,NYSE:UMC,17.37,17.41,17.34,17.41,24480.0
2026-07-29 03:20:00+08:00,NYSE:UMC,17.4,17.5,17.4,17.49,20876.0
2026-07-29 03:25:00+08:00,NYSE:UMC,17.49,17.51,17.445,17.485,29168.0
2026-07-29 03:30:00+08:00,NYSE:UMC,17.49,17.51,17.43,17.5,22349.0
2026-07-29 03:35:00+08:00,NYSE:UMC,17.5,17.5,17.4,17.405,28122.0
2026-07-29 03:40:00+08:00,NYSE:UMC,17.405,17.485,17.39,17.44,49533.0
2026-07-29 03:45:00+08:00,NYSE:UMC,17.44,17.455,17.4,17.445,31363.0
2026-07-29 03:50:00+08:00,NYSE:UMC,17.44,17.44,17.34,17.365,65679.0
2026-07-29 03:55:00+08:00,NYSE:UMC,17.36,17.4,17.31,17.37,145231.0
2026-07-29 21:30:00+08:00,NYSE:UMC,17.08,17.61,16.965,17.54,90703.0
2026-07-29 21:35:00+08:00,NYSE:UMC,17.535,17.79,17.51,17.53,89049.0
2026-07-29 21:40:00+08:00,NYSE:UMC,17.53,17.74,17.5,17.65,52466.0
2026-07-29 21:45:00+08:00,NYSE:UMC,17.66,17.73,17.52,17.55,25606.0
2026-07-29 21:50:00+08:00,NYSE:UMC,17.58,17.58,17.31,17.4,44615.0
2026-07-29 21:55:00+08:00,NYSE:UMC,17.36,17.39,17.245,17.32,36218.0
2026-07-29 22:00:00+08:00,NYSE:UMC,17.32,17.53,17.32,17.45,51022.0
2026-07-29 22:05:00+08:00,NYSE:UMC,17.455,17.5,17.325,17.33,24778.0
2026-07-29 22:10:00+08:00,NYSE:UMC,17.315,17.44,17.27,17.28,24809.0
2026-07-29 22:15:00+08:00,NYSE:UMC,17.29,17.395,17.28,17.36,26633.0
2026-07-29 22:20:00+08:00,NYSE:UMC,17.35,17.43,17.325,17.345,18865.0
2026-07-29 22:25:00+08:00,NYSE:UMC,17.35,17.35,17.13,17.16,23790.0
2026-07-29 22:30:00+08:00,NYSE:UMC,17.17,17.26,17.17,17.195,10740.0
2026-07-29 22:35:00+08:00,NYSE:UMC,17.18,17.2,17.04,17.05,18767.0
2026-07-29 22:40:00+08:00,NYSE:UMC,17.05,17.09,17.02,17.03,14593.0
2026-07-29 22:45:00+08:00,NYSE:UMC,17.03,17.12,17.0,17.11,22243.0
2026-07-29 22:50:00+08:00,NYSE:UMC,17.11,17.14,17.08,17.11,29604.0
2026-07-29 22:55:00+08:00,NYSE:UMC,17.12,17.22,17.055,17.2,14266.0
2026-07-29 23:00:00+08:00,NYSE:UMC,17.19,17.3,17.16,17.3,24510.0
2026-07-29 23:05:00+08:00,NYSE:UMC,17.3,17.37,17.23,17.23,18250.0
2026-07-29 23:10:00+08:00,NYSE:UMC,17.235,17.25,17.065,17.14,9076.0
2026-07-29 23:15:00+08:00,NYSE:UMC,17.13,17.2,17.12,17.13,2568.0
2026-07-29 23:20:00+08:00,NYSE:UMC,17.1,17.21,17.1,17.155,6245.0
2026-07-29 23:25:00+08:00,NYSE:UMC,17.15,17.16,17.1,17.115,27620.0
2026-07-29 23:30:00+08:00,NYSE:UMC,17.115,17.185,17.11,17.185,17857.0
2026-07-29 23:35:00+08:00,NYSE:UMC,17.18,17.2,17.125,17.13,7015.0
2026-07-29 23:40:00+08:00,NYSE:UMC,17.11,17.155,17.09,17.1,8346.0
2026-07-29 23:45:00+08:00,NYSE:UMC,17.1,17.14,17.08,17.08,6617.0
2026-07-29 23:50:00+08:00,NYSE:UMC,17.09,17.11,17.02,17.05,6753.0
2026-07-29 23:55:00+08:00,NYSE:UMC,17.05,17.17,17.025,17.16,17393.0
2026-07-30 00:00:00+08:00,NYSE:UMC,17.17,17.24,17.075,17.08,8843.0
2026-07-30 00:05:00+08:00,NYSE:UMC,17.07,17.13,17.04,17.11,7681.0
2026-07-30 00:10:00+08:00,NYSE:UMC,17.11,17.17,17.085,17.085,6547.0
2026-07-30 00:15:00+08:00,NYSE:UMC,17.065,17.145,17.065,17.125,4469.0
2026-07-30 00:20:00+08:00,NYSE:UMC,17.14,17.2,17.11,17.155,8630.0
2026-07-30 00:25:00+08:00,NYSE:UMC,17.16,17.24,17.16,17.225,12066.0
2026-07-30 00:30:00+08:00,NYSE:UMC,17.22,17.3,17.215,17.215,10294.0
2026-07-30 00:35:00+08:00,NYSE:UMC,17.18,17.23,17.16,17.22,12875.0
2026-07-30 00:40:00+08:00,NYSE:UMC,17.22,17.23,17.135,17.15,6717.0
2026-07-30 00:45:00+08:00,NYSE:UMC,17.15,17.24,17.145,17.23,10203.0
2026-07-30 00:50:00+08:00,NYSE:UMC,17.23,17.27,17.195,17.255,12234.0
2026-07-30 00:55:00+08:00,NYSE:UMC,17.25,17.295,17.245,17.27,9829.0
2026-07-30 01:00:00+08:00,NYSE:UMC,17.285,17.34,17.27,17.33,7409.0
2026-07-30 01:05:00+08:00,NYSE:UMC,17.315,17.38,17.285,17.38,12417.0
2026-07-30 01:10:00+08:00,NYSE:UMC,17.37,17.49,17.37,17.47,14473.0
2026-07-30 01:15:00+08:00,NYSE:UMC,17.48,17.495,17.44,17.44,6132.0
2026-07-30 01:20:00+08:00,NYSE:UMC,17.44,17.49,17.37,17.37,7092.0
2026-07-30 01:25:00+08:00,NYSE:UMC,17.35,17.35,17.3,17.345,7097.0
2026-07-30 01:30:00+08:00,NYSE:UMC,17.345,17.415,17.34,17.39,8739.0
2026-07-30 01:35:00+08:00,NYSE:UMC,17.385,17.385,17.35,17.365,6781.0
2026-07-30 01:40:00+08:00,NYSE:UMC,17.37,17.4,17.36,17.38,3320.0
2026-07-30 01:45:00+08:00,NYSE:UMC,17.39,17.41,17.355,17.4,3677.0
2026-07-30 01:50:00+08:00,NYSE:UMC,17.415,17.435,17.395,17.4,4066.0
2026-07-30 01:55:00+08:00,NYSE:UMC,17.4,17.4,17.345,17.365,3149.0
2026-07-30 02:00:00+08:00,NYSE:UMC,17.37,17.84,17.37,17.84,100518.0
2026-07-30 02:05:00+08:00,NYSE:UMC,17.835,18.1,17.72,17.92,75388.0
2026-07-30 02:10:00+08:00,NYSE:UMC,17.93,17.93,17.74,17.74,11294.0
2026-07-30 02:15:00+08:00,NYSE:UMC,17.745,17.805,17.58,17.62,11480.0
2026-07-30 02:20:00+08:00,NYSE:UMC,17.61,17.62,17.535,17.575,7852.0
2026-07-30 02:25:00+08:00,NYSE:UMC,17.565,17.57,17.495,17.515,7291.0
2026-07-30 02:30:00+08:00,NYSE:UMC,17.54,17.595,17.51,17.565,17287.0
2026-07-30 02:35:00+08:00,NYSE:UMC,17.56,17.76,17.52,17.73,28983.0
2026-07-30 02:40:00+08:00,NYSE:UMC,17.73,17.86,17.715,17.83,25618.0
2026-07-30 02:45:00+08:00,NYSE:UMC,17.82,17.945,17.81,17.93,19120.0
2026-07-30 02:50:00+08:00,NYSE:UMC,17.92,18.01,17.87,17.995,14801.0
2026-07-30 02:55:00+08:00,NYSE:UMC,17.995,18.01,17.9,17.965,11861.0
2026-07-30 03:00:00+08:00,NYSE:UMC,17.97,18.12,17.93,17.94,22013.0
2026-07-30 03:05:00+08:00,NYSE:UMC,17.945,17.98,17.75,17.755,12956.0
2026-07-30 03:10:00+08:00,NYSE:UMC,17.76,17.8,17.68,17.75,16103.0
2026-07-30 03:15:00+08:00,NYSE:UMC,17.76,17.805,17.605,17.605,16840.0
2026-07-30 03:20:00+08:00,NYSE:UMC,17.605,17.605,17.44,17.52,33604.0
2026-07-30 03:25:00+08:00,NYSE:UMC,17.52,17.58,17.415,17.58,37742.0
2026-07-30 03:30:00+08:00,NYSE:UMC,17.575,17.69,17.56,17.59,85952.0
2026-07-30 03:35:00+08:00,NYSE:UMC,17.59,17.605,17.38,17.38,55447.0
2026-07-30 03:40:00+08:00,NYSE:UMC,17.38,17.38,17.3,17.31,27839.0
2026-07-30 03:45:00+08:00,NYSE:UMC,17.31,17.365,17.27,17.345,40368.0
2026-07-30 03:50:00+08:00,NYSE:UMC,17.34,17.34,17.23,17.265,59884.0
2026-07-30 03:55:00+08:00,NYSE:UMC,17.245,17.245,17.03,17.11,257279.0
2026-07-30 21:30:00+08:00,NYSE:UMC,17.56,17.87,17.54,17.81,62489.0
2026-07-30 21:35:00+08:00,NYSE:UMC,17.82,17.82,17.65,17.77,37249.0
2026-07-30 21:40:00+08:00,NYSE:UMC,17.755,18.2,17.73,18.15,17825.0
2026-07-30 21:45:00+08:00,NYSE:UMC,18.18,18.38,18.15,18.37,22161.0
2026-07-30 21:50:00+08:00,NYSE:UMC,18.39,18.49,18.34,18.49,12359.0
2026-07-30 21:55:00+08:00,NYSE:UMC,18.5,18.54,18.38,18.53,14997.0
2026-07-30 22:00:00+08:00,NYSE:UMC,18.52,18.615,18.48,18.59,12742.0
2026-07-30 22:05:00+08:00,NYSE:UMC,18.575,18.58,18.32,18.365,37774.0
2026-07-30 22:10:00+08:00,NYSE:UMC,18.39,18.46,18.35,18.44,15301.0
2026-07-30 22:15:00+08:00,NYSE:UMC,18.46,18.55,18.45,18.515,15011.0
2026-07-30 22:20:00+08:00,NYSE:UMC,18.49,18.605,18.49,18.565,17616.0
2026-07-30 22:25:00+08:00,NYSE:UMC,18.57,18.715,18.57,18.71,14441.0
2026-07-30 22:30:00+08:00,NYSE:UMC,18.73,18.765,18.69,18.73,10889.0
2026-07-30 22:35:00+08:00,NYSE:UMC,18.735,18.75,18.66,18.67,38986.0
2026-07-30 22:40:00+08:00,NYSE:UMC,18.675,18.74,18.625,18.645,39768.0
2026-07-30 22:45:00+08:00,NYSE:UMC,18.65,18.66,18.57,18.65,14839.0
2026-07-30 22:50:00+08:00,NYSE:UMC,18.68,18.685,18.51,18.52,16094.0
2026-07-30 22:55:00+08:00,NYSE:UMC,18.515,18.57,18.485,18.54,25683.0
2026-07-30 23:00:00+08:00,NYSE:UMC,18.53,18.58,18.44,18.535,10521.0
2026-07-30 23:05:00+08:00,NYSE:UMC,18.56,18.68,18.555,18.68,13250.0
2026-07-30 23:10:00+08:00,NYSE:UMC,18.66,18.66,18.53,18.56,5813.0
2026-07-30 23:15:00+08:00,NYSE:UMC,18.555,18.66,18.555,18.62,8249.0
2026-07-30 23:20:00+08:00,NYSE:UMC,18.645,18.69,18.625,18.665,5353.0
2026-07-30 23:25:00+08:00,NYSE:UMC,18.68,18.7,18.565,18.6,8892.0
2026-07-30 23:30:00+08:00,NYSE:UMC,18.6,18.625,18.57,18.625,3523.0
2026-07-30 23:35:00+08:00,NYSE:UMC,18.62,18.63,18.565,18.57,5194.0
2026-07-30 23:40:00+08:00,NYSE:UMC,18.605,18.63,18.56,18.61,6622.0
2026-07-30 23:45:00+08:00,NYSE:UMC,18.6,18.69,18.6,18.665,7403.0
2026-07-30 23:50:00+08:00,NYSE:UMC,18.68,18.72,18.6,18.72,26388.0
2026-07-30 23:55:00+08:00,NYSE:UMC,18.74,18.795,18.7,18.72,9946.0
2026-07-31 00:00:00+08:00,NYSE:UMC,18.72,18.8,18.68,18.795,5539.0
2026-07-31 00:05:00+08:00,NYSE:UMC,18.79,18.82,18.78,18.805,4732.0
2026-07-31 00:10:00+08:00,NYSE:UMC,18.81,18.88,18.8,18.86,6006.0
2026-07-31 00:15:00+08:00,NYSE:UMC,18.87,18.905,18.87,18.885,4530.0
2026-07-31 00:20:00+08:00,NYSE:UMC,18.88,18.905,18.85,18.875,5170.0
2026-07-31 00:25:00+08:00,NYSE:UMC,18.875,18.905,18.86,18.86,4609.0
2026-07-31 00:30:00+08:00,NYSE:UMC,18.86,18.87,18.74,18.745,4565.0
2026-07-31 00:35:00+08:00,NYSE:UMC,18.75,18.815,18.75,18.77,5446.0
2026-07-31 00:40:00+08:00,NYSE:UMC,18.77,18.77,18.645,18.665,8605.0
2026-07-31 00:45:00+08:00,NYSE:UMC,18.665,18.73,18.665,18.73,11262.0
2026-07-31 00:50:00+08:00,NYSE:UMC,18.73,18.775,18.7,18.74,4381.0
2026-07-31 00:55:00+08:00,NYSE:UMC,18.74,18.79,18.74,18.775,3483.0
2026-07-31 01:00:00+08:00,NYSE:UMC,18.78,18.83,18.78,18.8,5568.0
2026-07-31 01:05:00+08:00,NYSE:UMC,18.795,18.815,18.79,18.79,4036.0
2026-07-31 01:10:00+08:00,NYSE:UMC,18.8,18.8,18.78,18.78,2882.0
2026-07-31 01:15:00+08:00,NYSE:UMC,18.78,18.855,18.775,18.845,8628.0
2026-07-31 01:20:00+08:00,NYSE:UMC,18.84,18.85,18.8,18.81,4243.0
2026-07-31 01:25:00+08:00,NYSE:UMC,18.81,18.815,18.77,18.77,3337.0
2026-07-31 01:30:00+08:00,NYSE:UMC,18.77,18.79,18.75,18.76,3695.0
2026-07-31 01:35:00+08:00,NYSE:UMC,18.77,18.775,18.735,18.735,2989.0
2026-07-31 01:40:00+08:00,NYSE:UMC,18.75,18.81,18.75,18.785,4410.0
2026-07-31 01:45:00+08:00,NYSE:UMC,18.78,18.815,18.775,18.78,4509.0
2026-07-31 01:50:00+08:00,NYSE:UMC,18.775,18.805,18.755,18.775,4855.0
2026-07-31 01:55:00+08:00,NYSE:UMC,18.745,18.765,18.74,18.755,3451.0
2026-07-31 02:00:00+08:00,NYSE:UMC,18.765,18.775,18.74,18.74,3204.0
2026-07-31 02:05:00+08:00,NYSE:UMC,18.74,18.765,18.735,18.74,5850.0
2026-07-31 02:10:00+08:00,NYSE:UMC,18.74,18.745,18.71,18.735,7292.0
2026-07-31 02:15:00+08:00,NYSE:UMC,18.74,18.75,18.695,18.7,6607.0
2026-07-31 02:20:00+08:00,NYSE:UMC,18.71,18.74,18.7,18.72,4706.0
2026-07-31 02:25:00+08:00,NYSE:UMC,18.72,18.755,18.72,18.74,4532.0
2026-07-31 02:30:00+08:00,NYSE:UMC,18.74,18.77,18.73,18.73,5109.0
2026-07-31 02:35:00+08:00,NYSE:UMC,18.72,18.735,18.685,18.685,4527.0
2026-07-31 02:40:00+08:00,NYSE:UMC,18.685,18.695,18.67,18.69,6058.0
2026-07-31 02:45:00+08:00,NYSE:UMC,18.7,18.72,18.69,18.71,7089.0
2026-07-31 02:50:00+08:00,NYSE:UMC,18.71,18.72,18.695,18.705,10245.0
2026-07-31 02:55:00+08:00,NYSE:UMC,18.71,18.73,18.7,18.73,5537.0
2026-07-31 03:00:00+08:00,NYSE:UMC,18.73,18.77,18.73,18.77,10649.0
2026-07-31 03:05:00+08:00,NYSE:UMC,18.775,18.885,18.775,18.88,13558.0
2026-07-31 03:10:00+08:00,NYSE:UMC,18.89,18.915,18.87,18.91,15383.0
2026-07-31 03:15:00+08:00,NYSE:UMC,18.9,18.95,18.88,18.92,22117.0
2026-07-31 03:20:00+08:00,NYSE:UMC,18.92,18.935,18.875,18.89,28487.0
2026-07-31 03:25:00+08:00,NYSE:UMC,18.89,18.9,18.855,18.855,20183.0
2026-07-31 03:30:00+08:00,NYSE:UMC,18.85,18.87,18.81,18.83,29370.0
2026-07-31 03:35:00+08:00,NYSE:UMC,18.835,18.885,18.83,18.885,27343.0
2026-07-31 03:40:00+08:00,NYSE:UMC,18.88,18.935,18.88,18.91,22748.0
2026-07-31 03:45:00+08:00,NYSE:UMC,18.91,18.935,18.89,18.915,38332.0
2026-07-31 03:50:00+08:00,NYSE:UMC,18.9,18.95,18.865,18.935,40235.0
2026-07-31 03:55:00+08:00,NYSE:UMC,18.93,19.02,18.91,18.95,174933.0
2026-07-31 21:30:00+08:00,NYSE:UMC,19.8,20.07,19.78,19.99,57064.0
2026-07-31 21:35:00+08:00,NYSE:UMC,20.02,20.055,19.74,19.75,56086.0
2026-07-31 21:40:00+08:00,NYSE:UMC,19.75,19.79,19.4,19.4,57783.0
2026-07-31 21:45:00+08:00,NYSE:UMC,19.44,19.54,19.25,19.34,48933.0
2026-07-31 21:50:00+08:00,NYSE:UMC,19.35,19.48,19.245,19.3,26312.0
2026-07-31 21:55:00+08:00,NYSE:UMC,19.31,19.44,19.27,19.37,14161.0
2026-07-31 22:00:00+08:00,NYSE:UMC,19.37,19.4,19.14,19.14,26266.0
2026-07-31 22:05:00+08:00,NYSE:UMC,19.15,19.17,18.89,18.89,41935.0
2026-07-31 22:10:00+08:00,NYSE:UMC,18.9,19.08,18.82,19.03,28880.0
2026-07-31 22:15:00+08:00,NYSE:UMC,19.05,19.12,18.87,19.08,65881.0
2026-07-31 22:20:00+08:00,NYSE:UMC,19.07,19.205,19.04,19.115,50123.0
2026-07-31 22:25:00+08:00,NYSE:UMC,19.1,19.24,19.08,19.23,24173.0
2026-07-31 22:30:00+08:00,NYSE:UMC,19.23,19.31,19.12,19.17,55035.0
2026-07-31 22:35:00+08:00,NYSE:UMC,19.17,19.32,19.17,19.29,13336.0
2026-07-31 22:40:00+08:00,NYSE:UMC,19.295,19.32,19.17,19.22,9313.0
2026-07-31 22:45:00+08:00,NYSE:UMC,19.215,19.36,19.13,19.35,21531.0
2026-07-31 22:50:00+08:00,NYSE:UMC,19.36,19.39,19.27,19.29,10392.0
2026-07-31 22:55:00+08:00,NYSE:UMC,19.3,19.335,19.26,19.295,8589.0
2026-07-31 23:00:00+08:00,NYSE:UMC,19.29,19.33,19.21,19.25,8557.0
2026-07-31 23:05:00+08:00,NYSE:UMC,19.25,19.3,19.2,19.22,10598.0
2026-07-31 23:10:00+08:00,NYSE:UMC,19.21,19.23,19.15,19.19,10978.0
2026-07-31 23:15:00+08:00,NYSE:UMC,19.18,19.31,19.18,19.21,15581.0
2026-07-31 23:20:00+08:00,NYSE:UMC,19.2,19.2,19.085,19.085,12002.0
2026-07-31 23:25:00+08:00,NYSE:UMC,19.09,19.09,18.94,19.03,26167.0
2026-07-31 23:30:00+08:00,NYSE:UMC,19.05,19.08,18.96,19.04,26693.0
2026-07-31 23:35:00+08:00,NYSE:UMC,19.05,19.17,19.05,19.155,9153.0
2026-07-31 23:40:00+08:00,NYSE:UMC,19.15,19.17,19.03,19.08,13604.0
2026-07-31 23:45:00+08:00,NYSE:UMC,19.09,19.1,19.01,19.06,8019.0
2026-07-31 23:50:00+08:00,NYSE:UMC,19.05,19.1,19.03,19.1,6300.0
2026-07-31 23:55:00+08:00,NYSE:UMC,19.1,19.125,19.05,19.07,5161.0
2026-08-01 00:00:00+08:00,NYSE:UMC,19.09,19.12,19.06,19.08,8909.0
2026-08-01 00:05:00+08:00,NYSE:UMC,19.08,19.09,19.03,19.06,8387.0
2026-08-01 00:10:00+08:00,NYSE:UMC,19.055,19.08,19.02,19.07,8118.0
2026-08-01 00:15:00+08:00,NYSE:UMC,19.08,19.08,19.015,19.045,7804.0
2026-08-01 00:20:00+08:00,NYSE:UMC,19.04,19.09,19.035,19.08,11610.0
2026-08-01 00:25:00+08:00,NYSE:UMC,19.07,19.17,19.03,19.17,83320.0
2026-08-01 00:30:00+08:00,NYSE:UMC,19.18,19.23,19.15,19.185,11188.0
2026-08-01 00:35:00+08:00,NYSE:UMC,19.2,19.24,19.2,19.23,6348.0
2026-08-01 00:40:00+08:00,NYSE:UMC,19.22,19.22,19.14,19.14,5257.0
2026-08-01 00:45:00+08:00,NYSE:UMC,19.16,19.16,19.12,19.15,7882.0
2026-08-01 00:50:00+08:00,NYSE:UMC,19.18,19.23,19.17,19.19,6901.0
2026-08-01 00:55:00+08:00,NYSE:UMC,19.19,19.24,19.19,19.22,6264.0
2026-08-01 01:00:00+08:00,NYSE:UMC,19.21,19.26,19.2,19.23,5119.0
2026-08-01 01:05:00+08:00,NYSE:UMC,19.22,19.22,19.17,19.19,5651.0
2026-08-01 01:10:00+08:00,NYSE:UMC,19.19,19.215,19.17,19.21,4671.0
2026-08-01 01:15:00+08:00,NYSE:UMC,19.21,19.21,19.18,19.2,4876.0
2026-08-01 01:20:00+08:00,NYSE:UMC,19.2,19.245,19.15,19.245,8942.0
2026-08-01 01:25:00+08:00,NYSE:UMC,19.25,19.29,19.245,19.255,6114.0
2026-08-01 01:30:00+08:00,NYSE:UMC,19.255,19.31,19.24,19.3,13396.0
2026-08-01 01:35:00+08:00,NYSE:UMC,19.29,19.335,19.29,19.3,4904.0
2026-08-01 01:40:00+08:00,NYSE:UMC,19.295,19.33,19.26,19.28,6360.0
2026-08-01 01:45:00+08:00,NYSE:UMC,19.28,19.29,19.21,19.21,6872.0
2026-08-01 01:50:00+08:00,NYSE:UMC,19.22,19.27,19.22,19.24,2942.0
2026-08-01 01:55:00+08:00,NYSE:UMC,19.23,19.24,19.22,19.22,3963.0
2026-08-01 02:00:00+08:00,NYSE:UMC,19.23,19.245,19.21,19.22,3331.0
2026-08-01 02:05:00+08:00,NYSE:UMC,19.22,19.275,19.22,19.23,4288.0
2026-08-01 02:10:00+08:00,NYSE:UMC,19.22,19.225,19.15,19.15,5992.0
2026-08-01 02:15:00+08:00,NYSE:UMC,19.15,19.19,19.14,19.18,3072.0
2026-08-01 02:20:00+08:00,NYSE:UMC,19.18,19.205,19.18,19.19,5159.0
2026-08-01 02:25:00+08:00,NYSE:UMC,19.19,19.21,19.16,19.21,3050.0
2026-08-01 02:30:00+08:00,NYSE:UMC,19.22,19.24,19.21,19.23,2066.0
2026-08-01 02:35:00+08:00,NYSE:UMC,19.22,19.25,19.21,19.23,4381.0
2026-08-01 02:40:00+08:00,NYSE:UMC,19.21,19.225,19.21,19.215,3789.0
2026-08-01 02:45:00+08:00,NYSE:UMC,19.22,19.23,19.195,19.23,3462.0
2026-08-01 02:50:00+08:00,NYSE:UMC,19.23,19.255,19.23,19.24,3508.0
2026-08-01 02:55:00+08:00,NYSE:UMC,19.24,19.24,19.18,19.21,2347.0
2026-08-01 03:00:00+08:00,NYSE:UMC,19.22,19.255,19.18,19.18,4452.0
2026-08-01 03:05:00+08:00,NYSE:UMC,19.17,19.21,19.14,19.18,6298.0
2026-08-01 03:10:00+08:00,NYSE:UMC,19.18,19.19,19.15,19.175,5328.0
2026-08-01 03:15:00+08:00,NYSE:UMC,19.18,19.22,19.16,19.21,5879.0
2026-08-01 03:20:00+08:00,NYSE:UMC,19.215,19.22,19.18,19.18,10537.0
2026-08-01 03:25:00+08:00,NYSE:UMC,19.18,19.205,19.16,19.19,11097.0
2026-08-01 03:30:00+08:00,NYSE:UMC,19.2,19.215,19.17,19.205,13808.0
2026-08-01 03:35:00+08:00,NYSE:UMC,19.21,19.215,19.13,19.135,13417.0
2026-08-01 03:40:00+08:00,NYSE:UMC,19.13,19.16,19.105,19.145,18953.0
2026-08-01 03:45:00+08:00,NYSE:UMC,19.16,19.2,19.16,19.185,15812.0
2026-08-01 03:50:00+08:00,NYSE:UMC,19.185,19.205,19.15,19.18,23760.0
2026-08-01 03:55:00+08:00,NYSE:UMC,19.185,19.185,18.985,19.03,140706.0
2026-08-03 21:30:00+08:00,NYSE:UMC,17.6,17.78,17.49,17.59,72944.0
2026-08-03 21:35:00+08:00,NYSE:UMC,17.6,17.94,17.55,17.91,27261.0
2026-08-03 21:40:00+08:00,NYSE:UMC,17.9,17.9,17.73,17.88,24507.0
2026-08-03 21:45:00+08:00,NYSE:UMC,17.89,17.9,17.67,17.7,15061.0
2026-08-03 21:50:00+08:00,NYSE:UMC,17.66,17.72,17.65,17.71,13496.0
2026-08-03 21:55:00+08:00,NYSE:UMC,17.71,17.97,17.71,17.95,10432.0
2026-08-03 22:00:00+08:00,NYSE:UMC,17.95,17.98,17.82,17.87,24689.0
2026-08-03 22:05:00+08:00,NYSE:UMC,17.86,18.06,17.86,18.04,18162.0
2026-08-03 22:10:00+08:00,NYSE:UMC,18.05,18.12,18.0,18.05,14907.0
2026-08-03 22:15:00+08:00,NYSE:UMC,18.04,18.18,18.02,18.14,12812.0
2026-08-03 22:20:00+08:00,NYSE:UMC,18.13,18.29,18.12,18.275,16688.0
2026-08-03 22:25:00+08:00,NYSE:UMC,18.285,18.32,18.24,18.32,9423.0
2026-08-03 22:30:00+08:00,NYSE:UMC,18.32,18.39,18.28,18.35,17694.0
2026-08-03 22:35:00+08:00,NYSE:UMC,18.37,18.42,18.36,18.4,13195.0
2026-08-03 22:40:00+08:00,NYSE:UMC,18.38,18.43,18.34,18.34,10416.0
2026-08-03 22:45:00+08:00,NYSE:UMC,18.335,18.515,18.305,18.51,12681.0
2026-08-03 22:50:00+08:00,NYSE:UMC,18.51,18.635,18.51,18.615,12282.0
2026-08-03 22:55:00+08:00,NYSE:UMC,18.63,18.66,18.58,18.62,10956.0
2026-08-03 23:00:00+08:00,NYSE:UMC,18.62,18.62,18.5,18.55,7900.0
2026-08-03 23:05:00+08:00,NYSE:UMC,18.545,18.57,18.42,18.42,10055.0
2026-08-03 23:10:00+08:00,NYSE:UMC,18.41,18.43,18.35,18.35,7302.0
2026-08-03 23:15:00+08:00,NYSE:UMC,18.35,18.43,18.345,18.41,9801.0
2026-08-03 23:20:00+08:00,NYSE:UMC,18.42,18.44,18.38,18.39,8863.0
2026-08-03 23:25:00+08:00,NYSE:UMC,18.39,18.42,18.3,18.32,17704.0
2026-08-03 23:30:00+08:00,NYSE:UMC,18.32,18.43,18.31,18.43,11881.0
2026-08-03 23:35:00+08:00,NYSE:UMC,18.42,18.44,18.365,18.38,4724.0
2026-08-03 23:40:00+08:00,NYSE:UMC,18.4,18.445,18.4,18.44,9908.0
2026-08-03 23:45:00+08:00,NYSE:UMC,18.44,18.46,18.41,18.425,4602.0
2026-08-03 23:50:00+08:00,NYSE:UMC,18.42,18.5,18.41,18.485,6337.0
2026-08-03 23:55:00+08:00,NYSE:UMC,18.48,18.49,18.445,18.46,7167.0
2026-08-04 00:00:00+08:00,NYSE:UMC,18.465,18.51,18.465,18.48,8855.0
2026-08-04 00:05:00+08:00,NYSE:UMC,18.5,18.53,18.48,18.49,4655.0
2026-08-04 00:10:00+08:00,NYSE:UMC,18.5,18.51,18.46,18.475,4815.0
2026-08-04 00:15:00+08:00,NYSE:UMC,18.48,18.545,18.48,18.53,6221.0
2026-08-04 00:20:00+08:00,NYSE:UMC,18.535,18.54,18.48,18.48,6083.0
2026-08-04 00:25:00+08:00,NYSE:UMC,18.49,18.5,18.47,18.47,5574.0
2026-08-04 00:30:00+08:00,NYSE:UMC,18.47,18.47,18.43,18.46,7479.0
2026-08-04 00:35:00+08:00,NYSE:UMC,18.46,18.46,18.41,18.41,5275.0
2026-08-04 00:40:00+08:00,NYSE:UMC,18.41,18.44,18.39,18.435,5329.0
2026-08-04 00:45:00+08:00,NYSE:UMC,18.43,18.46,18.43,18.46,6515.0
2026-08-04 00:50:00+08:00,NYSE:UMC,18.46,18.49,18.43,18.43,10121.0
2026-08-04 00:55:00+08:00,NYSE:UMC,18.43,18.45,18.43,18.43,4328.0
2026-08-04 01:00:00+08:00,NYSE:UMC,18.42,18.45,18.41,18.42,5335.0
2026-08-04 01:05:00+08:00,NYSE:UMC,18.43,18.46,18.43,18.46,2945.0
2026-08-04 01:10:00+08:00,NYSE:UMC,18.455,18.5,18.455,18.475,4722.0
2026-08-04 01:15:00+08:00,NYSE:UMC,18.48,18.49,18.47,18.48,5882.0
2026-08-04 01:20:00+08:00,NYSE:UMC,18.49,18.525,18.47,18.515,16734.0
2026-08-04 01:25:00+08:00,NYSE:UMC,18.51,18.525,18.51,18.525,3363.0
2026-08-04 01:30:00+08:00,NYSE:UMC,18.525,18.545,18.52,18.545,3771.0
2026-08-04 01:35:00+08:00,NYSE:UMC,18.54,18.55,18.52,18.53,13198.0
2026-08-04 01:40:00+08:00,NYSE:UMC,18.53,18.56,18.525,18.55,3920.0
2026-08-04 01:45:00+08:00,NYSE:UMC,18.54,18.575,18.54,18.57,2373.0
2026-08-04 01:50:00+08:00,NYSE:UMC,18.575,18.585,18.565,18.575,5968.0
2026-08-04 01:55:00+08:00,NYSE:UMC,18.58,18.64,18.58,18.64,4960.0
2026-08-04 02:00:00+08:00,NYSE:UMC,18.645,18.69,18.645,18.69,4779.0
2026-08-04 02:05:00+08:00,NYSE:UMC,18.7,18.74,18.69,18.74,4345.0
2026-08-04 02:10:00+08:00,NYSE:UMC,18.75,18.755,18.675,18.69,4603.0
2026-08-04 02:15:00+08:00,NYSE:UMC,18.7,18.71,18.665,18.67,3640.0
2026-08-04 02:20:00+08:00,NYSE:UMC,18.67,18.67,18.615,18.615,3992.0
2026-08-04 02:25:00+08:00,NYSE:UMC,18.61,18.61,18.545,18.545,4910.0
2026-08-04 02:30:00+08:00,NYSE:UMC,18.57,18.58,18.56,18.57,4482.0
2026-08-04 02:35:00+08:00,NYSE:UMC,18.57,18.58,18.55,18.55,5361.0
2026-08-04 02:40:00+08:00,NYSE:UMC,18.55,18.6,18.55,18.595,4063.0
2026-08-04 02:45:00+08:00,NYSE:UMC,18.61,18.62,18.56,18.62,5790.0
2026-08-04 02:50:00+08:00,NYSE:UMC,18.63,18.66,18.63,18.63,4747.0
2026-08-04 02:55:00+08:00,NYSE:UMC,18.625,18.625,18.595,18.62,8006.0
2026-08-04 03:00:00+08:00,NYSE:UMC,18.63,18.685,18.63,18.67,9157.0
2026-08-04 03:05:00+08:00,NYSE:UMC,18.68,18.68,18.63,18.635,8342.0
2026-08-04 03:10:00+08:00,NYSE:UMC,18.63,18.645,18.595,18.605,9166.0
2026-08-04 03:15:00+08:00,NYSE:UMC,18.61,18.65,18.61,18.65,10430.0
2026-08-04 03:20:00+08:00,NYSE:UMC,18.65,18.67,18.63,18.65,9422.0
2026-08-04 03:25:00+08:00,NYSE:UMC,18.645,18.67,18.63,18.64,8151.0
2026-08-04 03:30:00+08:00,NYSE:UMC,18.645,18.655,18.61,18.65,10046.0
2026-08-04 03:35:00+08:00,NYSE:UMC,18.65,18.66,18.6,18.6,12428.0
2026-08-04 03:40:00+08:00,NYSE:UMC,18.6,18.645,18.59,18.64,9233.0
2026-08-04 03:45:00+08:00,NYSE:UMC,18.64,18.66,18.635,18.635,20201.0
2026-08-04 03:50:00+08:00,NYSE:UMC,18.64,18.645,18.62,18.62,25100.0
2026-08-04 03:55:00+08:00,NYSE:UMC,18.625,18.73,18.6,18.68,81210.0
2026-08-04 21:30:00+08:00,NYSE:UMC,19.89,19.97,19.6,19.88,52100.0
2026-08-04 21:35:00+08:00,NYSE:UMC,19.93,20.03,19.895,20.0,15676.0
2026-08-04 21:40:00+08:00,NYSE:UMC,20.05,20.115,20.0,20.06,18545.0
2026-08-04 21:45:00+08:00,NYSE:UMC,20.1,20.13,20.04,20.05,18600.0
2026-08-04 21:50:00+08:00,NYSE:UMC,20.08,20.175,20.08,20.145,12379.0
2026-08-04 21:55:00+08:00,NYSE:UMC,20.14,20.14,19.98,20.075,20417.0
2026-08-04 22:00:00+08:00,NYSE:UMC,20.09,20.19,20.015,20.18,21486.0
2026-08-04 22:05:00+08:00,NYSE:UMC,20.18,20.24,20.12,20.125,15476.0
2026-08-04 22:10:00+08:00,NYSE:UMC,20.12,20.235,20.11,20.17,11725.0
2026-08-04 22:15:00+08:00,NYSE:UMC,20.19,20.205,20.135,20.155,11276.0
2026-08-04 22:20:00+08:00,NYSE:UMC,20.15,20.175,20.085,20.125,13787.0
2026-08-04 22:25:00+08:00,NYSE:UMC,20.13,20.22,20.13,20.2,11517.0
2026-08-04 22:30:00+08:00,NYSE:UMC,20.2,20.23,20.17,20.18,11923.0
2026-08-04 22:35:00+08:00,NYSE:UMC,20.2,20.22,20.15,20.185,15271.0
2026-08-04 22:40:00+08:00,NYSE:UMC,20.2,20.28,20.2,20.28,15018.0
2026-08-04 22:45:00+08:00,NYSE:UMC,20.27,20.27,20.2,20.215,9862.0
2026-08-04 22:50:00+08:00,NYSE:UMC,20.21,20.26,20.21,20.23,11170.0
2026-08-04 22:55:00+08:00,NYSE:UMC,20.23,20.295,20.225,20.29,6833.0
2026-08-04 23:00:00+08:00,NYSE:UMC,20.29,20.33,20.28,20.305,11770.0
2026-08-04 23:05:00+08:00,NYSE:UMC,20.31,20.38,20.295,20.37,21056.0
2026-08-04 23:10:00+08:00,NYSE:UMC,20.365,20.435,20.365,20.43,18949.0
2026-08-04 23:15:00+08:00,NYSE:UMC,20.43,20.495,20.38,20.4,92313.0
2026-08-04 23:20:00+08:00,NYSE:UMC,20.4,20.42,20.34,20.35,7000.0
2026-08-04 23:25:00+08:00,NYSE:UMC,20.35,20.37,20.34,20.355,8315.0
2026-08-04 23:30:00+08:00,NYSE:UMC,20.355,20.405,20.345,20.355,9279.0
2026-08-04 23:35:00+08:00,NYSE:UMC,20.36,20.435,20.36,20.4,10028.0
2026-08-04 23:40:00+08:00,NYSE:UMC,20.395,20.42,20.385,20.42,8082.0
2026-08-04 23:45:00+08:00,NYSE:UMC,20.42,20.435,20.405,20.42,8990.0
2026-08-04 23:50:00+08:00,NYSE:UMC,20.41,20.425,20.405,20.41,5210.0
2026-08-04 23:55:00+08:00,NYSE:UMC,20.4,20.445,20.4,20.4,6019.0
2026-08-05 00:00:00+08:00,NYSE:UMC,20.43,20.45,20.43,20.45,5476.0
2026-08-05 00:05:00+08:00,NYSE:UMC,20.47,20.475,20.43,20.43,4442.0
2026-08-05 00:10:00+08:00,NYSE:UMC,20.43,20.43,20.395,20.415,12004.0
2026-08-05 00:15:00+08:00,NYSE:UMC,20.415,20.48,20.41,20.48,7818.0
2026-08-05 00:20:00+08:00,NYSE:UMC,20.485,20.52,20.485,20.515,6541.0
2026-08-05 00:25:00+08:00,NYSE:UMC,20.51,20.515,20.48,20.48,7664.0
2026-08-05 00:30:00+08:00,NYSE:UMC,20.47,20.49,20.46,20.475,6125.0
2026-08-05 00:35:00+08:00,NYSE:UMC,20.47,20.485,20.455,20.46,10186.0
2026-08-05 00:40:00+08:00,NYSE:UMC,20.46,20.475,20.45,20.475,10255.0
2026-08-05 00:45:00+08:00,NYSE:UMC,20.475,20.51,20.475,20.51,10422.0
2026-08-05 00:50:00+08:00,NYSE:UMC,20.51,20.52,20.49,20.51,9824.0
2026-08-05 00:55:00+08:00,NYSE:UMC,20.505,20.565,20.495,20.565,5848.0
2026-08-05 01:00:00+08:00,NYSE:UMC,20.56,20.56,20.535,20.55,8957.0
2026-08-05 01:05:00+08:00,NYSE:UMC,20.555,20.605,20.54,20.56,15582.0
2026-08-05 01:10:00+08:00,NYSE:UMC,20.555,20.575,20.55,20.565,6722.0
2026-08-05 01:15:00+08:00,NYSE:UMC,20.585,20.64,20.58,20.63,11357.0
2026-08-05 01:20:00+08:00,NYSE:UMC,20.64,20.71,20.63,20.71,14983.0
2026-08-05 01:25:00+08:00,NYSE:UMC,20.715,20.735,20.71,20.735,8980.0
2026-08-05 01:30:00+08:00,NYSE:UMC,20.73,20.745,20.72,20.74,5889.0
2026-08-05 01:35:00+08:00,NYSE:UMC,20.745,20.76,20.73,20.75,5155.0
2026-08-05 01:40:00+08:00,NYSE:UMC,20.74,20.785,20.74,20.765,10908.0
2026-08-05 01:45:00+08:00,NYSE:UMC,20.77,20.82,20.77,20.79,13252.0
2026-08-05 01:50:00+08:00,NYSE:UMC,20.79,20.79,20.75,20.76,5626.0
2026-08-05 01:55:00+08:00,NYSE:UMC,20.765,20.765,20.725,20.725,6707.0
2026-08-05 02:00:00+08:00,NYSE:UMC,20.72,20.725,20.67,20.67,7217.0
2026-08-05 02:05:00+08:00,NYSE:UMC,20.66,20.685,20.64,20.68,6546.0
2026-08-05 02:10:00+08:00,NYSE:UMC,20.685,20.69,20.65,20.68,5220.0
2026-08-05 02:15:00+08:00,NYSE:UMC,20.7,20.715,20.69,20.7,5029.0
2026-08-05 02:20:00+08:00,NYSE:UMC,20.7,20.76,20.7,20.74,9395.0
2026-08-05 02:25:00+08:00,NYSE:UMC,20.745,20.75,20.72,20.745,8634.0
2026-08-05 02:30:00+08:00,NYSE:UMC,20.745,20.765,20.725,20.725,4390.0
2026-08-05 02:35:00+08:00,NYSE:UMC,20.73,20.735,20.68,20.69,8463.0
2026-08-05 02:40:00+08:00,NYSE:UMC,20.68,20.695,20.65,20.675,8098.0
2026-08-05 02:45:00+08:00,NYSE:UMC,20.68,20.74,20.68,20.72,13218.0
2026-08-05 02:50:00+08:00,NYSE:UMC,20.735,20.765,20.72,20.73,11535.0
2026-08-05 02:55:00+08:00,NYSE:UMC,20.73,20.73,20.7,20.705,7771.0
2026-08-05 03:00:00+08:00,NYSE:UMC,20.715,20.76,20.71,20.75,8878.0
2026-08-05 03:05:00+08:00,NYSE:UMC,20.75,20.815,20.72,20.8,20765.0
2026-08-05 03:10:00+08:00,NYSE:UMC,20.8,20.815,20.77,20.8,19364.0
2026-08-05 03:15:00+08:00,NYSE:UMC,20.805,20.825,20.77,20.795,27064.0
2026-08-05 03:20:00+08:00,NYSE:UMC,20.79,20.845,20.79,20.83,24019.0
2026-08-05 03:25:00+08:00,NYSE:UMC,20.825,20.825,20.755,20.765,30133.0
2026-08-05 03:30:00+08:00,NYSE:UMC,20.765,20.765,20.655,20.665,34174.0
2026-08-05 03:35:00+08:00,NYSE:UMC,20.67,20.735,20.66,20.735,17961.0
2026-08-05 03:40:00+08:00,NYSE:UMC,20.735,20.755,20.72,20.735,28634.0
2026-08-05 03:45:00+08:00,NYSE:UMC,20.74,20.74,20.655,20.67,58148.0
2026-08-05 03:50:00+08:00,NYSE:UMC,20.65,20.665,20.6,20.61,65453.0
2026-08-05 03:55:00+08:00,NYSE:UMC,20.61,20.67,20.59,20.625,139600.0
2026-08-05 21:30:00+08:00,NYSE:UMC,19.63,19.87,19.55,19.61,23011.0
2026-08-05 21:35:00+08:00,NYSE:UMC,19.6,19.67,19.485,19.57,45632.0
2026-08-05 21:40:00+08:00,NYSE:UMC,19.57,19.75,19.52,19.74,9949.0
2026-08-05 21:45:00+08:00,NYSE:UMC,19.71,19.85,19.71,19.85,9580.0
2026-08-05 21:50:00+08:00,NYSE:UMC,19.84,19.88,19.73,19.88,18868.0
2026-08-05 21:55:00+08:00,NYSE:UMC,19.87,19.945,19.835,19.92,18465.0
2026-08-05 22:00:00+08:00,NYSE:UMC,19.9,19.91,19.61,19.65,26087.0
2026-08-05 22:05:00+08:00,NYSE:UMC,19.665,19.74,19.665,19.67,9357.0
2026-08-05 22:10:00+08:00,NYSE:UMC,19.69,19.72,19.645,19.675,14254.0
2026-08-05 22:15:00+08:00,NYSE:UMC,19.67,19.72,19.66,19.675,11723.0
2026-08-05 22:20:00+08:00,NYSE:UMC,19.66,19.66,19.515,19.6,19127.0
2026-08-05 22:25:00+08:00,NYSE:UMC,19.6,19.61,19.53,19.54,9591.0
2026-08-05 22:30:00+08:00,NYSE:UMC,19.54,19.54,19.4,19.42,22702.0
2026-08-05 22:35:00+08:00,NYSE:UMC,19.435,19.49,19.37,19.37,17787.0
2026-08-05 22:40:00+08:00,NYSE:UMC,19.36,19.405,19.3,19.335,21439.0
2026-08-05 22:45:00+08:00,NYSE:UMC,19.35,19.46,19.32,19.43,13082.0
2026-08-05 22:50:00+08:00,NYSE:UMC,19.44,19.44,19.28,19.31,18187.0
2026-08-05 22:55:00+08:00,NYSE:UMC,19.32,19.41,19.29,19.38,18529.0
2026-08-05 23:00:00+08:00,NYSE:UMC,19.365,19.41,19.35,19.355,18455.0
2026-08-05 23:05:00+08:00,NYSE:UMC,19.36,19.48,19.35,19.46,14970.0
2026-08-05 23:10:00+08:00,NYSE:UMC,19.43,19.47,19.38,19.38,12399.0
2026-08-05 23:15:00+08:00,NYSE:UMC,19.38,19.43,19.34,19.415,19971.0
2026-08-05 23:20:00+08:00,NYSE:UMC,19.42,19.42,19.355,19.38,17503.0
2026-08-05 23:25:00+08:00,NYSE:UMC,19.365,19.4,19.35,19.36,16115.0
2026-08-05 23:30:00+08:00,NYSE:UMC,19.37,19.47,19.37,19.43,8453.0
2026-08-05 23:35:00+08:00,NYSE:UMC,19.44,19.495,19.44,19.48,8816.0
2026-08-05 23:40:00+08:00,NYSE:UMC,19.48,19.48,19.42,19.42,6685.0
2026-08-05 23:45:00+08:00,NYSE:UMC,19.42,19.44,19.38,19.435,9730.0
2026-08-05 23:50:00+08:00,NYSE:UMC,19.43,19.455,19.38,19.4,13926.0
2026-08-05 23:55:00+08:00,NYSE:UMC,19.38,19.38,19.305,19.33,23723.0
2026-08-06 00:00:00+08:00,NYSE:UMC,19.33,19.375,19.32,19.37,21549.0
2026-08-06 00:05:00+08:00,NYSE:UMC,19.37,19.39,19.32,19.325,15679.0
2026-08-06 00:10:00+08:00,NYSE:UMC,19.32,19.35,19.29,19.31,20490.0
2026-08-06 00:15:00+08:00,NYSE:UMC,19.32,19.37,19.31,19.32,33818.0
2026-08-06 00:20:00+08:00,NYSE:UMC,19.33,19.4,19.32,19.365,17684.0
2026-08-06 00:25:00+08:00,NYSE:UMC,19.37,19.44,19.37,19.425,15064.0
2026-08-06 00:30:00+08:00,NYSE:UMC,19.43,19.44,19.33,19.35,11548.0
2026-08-06 00:35:00+08:00,NYSE:UMC,19.345,19.4,19.315,19.385,6338.0
2026-08-06 00:40:00+08:00,NYSE:UMC,19.39,19.43,19.365,19.37,12333.0
2026-08-06 00:45:00+08:00,NYSE:UMC,19.37,19.42,19.355,19.4,9651.0
2026-08-06 00:50:00+08:00,NYSE:UMC,19.39,19.43,19.39,19.405,5854.0
2026-08-06 00:55:00+08:00,NYSE:UMC,19.4,19.41,19.385,19.395,5507.0
2026-08-06 01:00:00+08:00,NYSE:UMC,19.395,19.395,19.32,19.33,11910.0
2026-08-06 01:05:00+08:00,NYSE:UMC,19.32,19.33,19.275,19.285,18747.0
2026-08-06 01:10:00+08:00,NYSE:UMC,19.28,19.31,19.26,19.28,10149.0
2026-08-06 01:15:00+08:00,NYSE:UMC,19.28,19.29,19.26,19.27,6753.0
2026-08-06 01:20:00+08:00,NYSE:UMC,19.26,19.28,19.25,19.275,13767.0
2026-08-06 01:25:00+08:00,NYSE:UMC,19.28,19.31,19.265,19.265,7531.0
2026-08-06 01:30:00+08:00,NYSE:UMC,19.26,19.295,19.25,19.25,16385.0
2026-08-06 01:35:00+08:00,NYSE:UMC,19.26,19.3,19.26,19.28,11248.0
2026-08-06 01:40:00+08:00,NYSE:UMC,19.28,19.3,19.26,19.26,6598.0
2026-08-06 01:45:00+08:00,NYSE:UMC,19.25,19.275,19.23,19.27,5764.0
2026-08-06 01:50:00+08:00,NYSE:UMC,19.26,19.29,19.25,19.25,10345.0
2026-08-06 01:55:00+08:00,NYSE:UMC,19.25,19.3,19.24,19.285,11145.0
2026-08-06 02:00:00+08:00,NYSE:UMC,19.285,19.3,19.275,19.28,17215.0
2026-08-06 02:05:00+08:00,NYSE:UMC,19.28,19.29,19.25,19.27,12006.0
2026-08-06 02:10:00+08:00,NYSE:UMC,19.27,19.28,19.23,19.23,15282.0
2026-08-06 02:15:00+08:00,NYSE:UMC,19.22,19.27,19.22,19.26,11736.0
2026-08-06 02:20:00+08:00,NYSE:UMC,19.25,19.27,19.24,19.26,6407.0
2026-08-06 02:25:00+08:00,NYSE:UMC,19.27,19.29,19.27,19.285,9329.0
2026-08-06 02:30:00+08:00,NYSE:UMC,19.28,19.28,19.22,19.225,17863.0
2026-08-06 02:35:00+08:00,NYSE:UMC,19.22,19.255,19.215,19.22,10011.0
2026-08-06 02:40:00+08:00,NYSE:UMC,19.21,19.235,19.21,19.22,15011.0
2026-08-06 02:45:00+08:00,NYSE:UMC,19.225,19.29,19.215,19.27,10641.0
2026-08-06 02:50:00+08:00,NYSE:UMC,19.275,19.28,19.24,19.255,10926.0
2026-08-06 02:55:00+08:00,NYSE:UMC,19.25,19.26,19.245,19.255,8926.0
2026-08-06 03:00:00+08:00,NYSE:UMC,19.255,19.33,19.245,19.32,14811.0
2026-08-06 03:05:00+08:00,NYSE:UMC,19.32,19.35,19.31,19.34,10523.0
2026-08-06 03:10:00+08:00,NYSE:UMC,19.34,19.395,19.34,19.395,7388.0
2026-08-06 03:15:00+08:00,NYSE:UMC,19.4,19.44,19.37,19.42,7682.0
2026-08-06 03:20:00+08:00,NYSE:UMC,19.42,19.44,19.41,19.44,9330.0
2026-08-06 03:25:00+08:00,NYSE:UMC,19.44,19.515,19.44,19.48,15155.0
2026-08-06 03:30:00+08:00,NYSE:UMC,19.49,19.49,19.385,19.395,20292.0
2026-08-06 03:35:00+08:00,NYSE:UMC,19.395,19.48,19.39,19.465,16622.0
2026-08-06 03:40:00+08:00,NYSE:UMC,19.47,19.51,19.415,19.43,17398.0
2026-08-06 03:45:00+08:00,NYSE:UMC,19.43,19.44,19.39,19.425,28403.0
2026-08-06 03:50:00+08:00,NYSE:UMC,19.43,19.44,19.35,19.38,55540.0
2026-08-06 03:55:00+08:00,NYSE:UMC,19.36,19.37,19.2,19.28,213463.0
2026-08-06 21:30:00+08:00,NYSE:UMC,18.9,18.92,18.73,18.88,44166.0
2026-08-06 21:35:00+08:00,NYSE:UMC,18.95,19.015,18.84,18.95,24608.0
2026-08-06 21:40:00+08:00,NYSE:UMC,18.945,19.155,18.945,19.14,11402.0
2026-08-06 21:45:00+08:00,NYSE:UMC,19.16,19.3,19.12,19.28,15282.0
2026-08-06 21:50:00+08:00,NYSE:UMC,19.29,19.33,19.2,19.2,12601.0
2026-08-06 21:55:00+08:00,NYSE:UMC,19.2,19.29,19.17,19.27,12410.0
2026-08-06 22:00:00+08:00,NYSE:UMC,19.27,19.31,19.25,19.285,13301.0
2026-08-06 22:05:00+08:00,NYSE:UMC,19.31,19.47,19.28,19.44,24502.0
2026-08-06 22:10:00+08:00,NYSE:UMC,19.44,19.5,19.44,19.47,10627.0
2026-08-06 22:15:00+08:00,NYSE:UMC,19.47,19.56,19.435,19.485,19806.0
2026-08-06 22:20:00+08:00,NYSE:UMC,19.495,19.52,19.42,19.45,36083.0
2026-08-06 22:25:00+08:00,NYSE:UMC,19.46,19.46,19.36,19.37,11978.0
2026-08-06 22:30:00+08:00,NYSE:UMC,19.37,19.45,19.315,19.43,14880.0
2026-08-06 22:35:00+08:00,NYSE:UMC,19.43,19.46,19.3,19.31,13896.0
2026-08-06 22:40:00+08:00,NYSE:UMC,19.29,19.37,19.27,19.29,39474.0
2026-08-06 22:45:00+08:00,NYSE:UMC,19.28,19.29,19.165,19.23,30470.0
2026-08-06 22:50:00+08:00,NYSE:UMC,19.23,19.28,19.17,19.23,23834.0
2026-08-06 22:55:00+08:00,NYSE:UMC,19.25,19.32,19.215,19.32,14619.0
2026-08-06 23:00:00+08:00,NYSE:UMC,19.32,19.35,19.26,19.3,22101.0
2026-08-06 23:05:00+08:00,NYSE:UMC,19.29,19.39,19.29,19.38,18333.0
2026-08-06 23:10:00+08:00,NYSE:UMC,19.38,19.42,19.38,19.39,17295.0
2026-08-06 23:15:00+08:00,NYSE:UMC,19.39,19.415,19.31,19.32,16407.0
2026-08-06 23:20:00+08:00,NYSE:UMC,19.29,19.38,19.29,19.34,7857.0
2026-08-06 23:25:00+08:00,NYSE:UMC,19.335,19.38,19.33,19.375,11840.0
2026-08-06 23:30:00+08:00,NYSE:UMC,19.38,19.425,19.325,19.325,14921.0
2026-08-06 23:35:00+08:00,NYSE:UMC,19.33,19.36,19.3,19.315,14972.0
2026-08-06 23:40:00+08:00,NYSE:UMC,19.31,19.345,19.255,19.255,12113.0
2026-08-06 23:45:00+08:00,NYSE:UMC,19.255,19.34,19.255,19.32,7826.0
2026-08-06 23:50:00+08:00,NYSE:UMC,19.33,19.37,19.255,19.26,13003.0
2026-08-06 23:55:00+08:00,NYSE:UMC,19.25,19.29,19.24,19.25,7056.0
2026-08-07 00:00:00+08:00,NYSE:UMC,19.26,19.27,19.16,19.18,16252.0
2026-08-07 00:05:00+08:00,NYSE:UMC,19.19,19.27,19.19,19.25,12415.0
2026-08-07 00:10:00+08:00,NYSE:UMC,19.25,19.26,19.155,19.16,22039.0
2026-08-07 00:15:00+08:00,NYSE:UMC,19.165,19.185,19.11,19.145,14946.0
2026-08-07 00:20:00+08:00,NYSE:UMC,19.14,19.14,19.03,19.09,18260.0
2026-08-07 00:25:00+08:00,NYSE:UMC,19.1,19.1,19.05,19.06,10754.0
2026-08-07 00:30:00+08:00,NYSE:UMC,19.05,19.13,19.05,19.095,9628.0
2026-08-07 00:35:00+08:00,NYSE:UMC,19.095,19.18,19.085,19.17,10041.0
2026-08-07 00:40:00+08:00,NYSE:UMC,19.18,19.21,19.14,19.16,12813.0
2026-08-07 00:45:00+08:00,NYSE:UMC,19.16,19.195,19.13,19.19,9286.0
2026-08-07 00:50:00+08:00,NYSE:UMC,19.19,19.23,19.19,19.19,15090.0
2026-08-07 00:55:00+08:00,NYSE:UMC,19.19,19.26,19.185,19.25,11408.0
2026-08-07 01:00:00+08:00,NYSE:UMC,19.26,19.265,19.235,19.235,9332.0
2026-08-07 01:05:00+08:00,NYSE:UMC,19.235,19.28,19.23,19.26,11006.0
2026-08-07 01:10:00+08:00,NYSE:UMC,19.25,19.265,19.23,19.23,10108.0
2026-08-07 01:15:00+08:00,NYSE:UMC,19.22,19.23,19.18,19.23,10859.0
2026-08-07 01:20:00+08:00,NYSE:UMC,19.23,19.24,19.19,19.2,7629.0
2026-08-07 01:25:00+08:00,NYSE:UMC,19.22,19.24,19.22,19.23,5513.0
2026-08-07 01:30:00+08:00,NYSE:UMC,19.21,19.23,19.21,19.22,15852.0
2026-08-07 01:35:00+08:00,NYSE:UMC,19.22,19.23,19.2,19.2,5169.0
2026-08-07 01:40:00+08:00,NYSE:UMC,19.19,19.21,19.165,19.18,9528.0
2026-08-07 01:45:00+08:00,NYSE:UMC,19.18,19.195,19.16,19.18,7587.0
2026-08-07 01:50:00+08:00,NYSE:UMC,19.18,19.195,19.17,19.19,4250.0
2026-08-07 01:55:00+08:00,NYSE:UMC,19.185,19.2,19.17,19.2,3735.0
2026-08-07 02:00:00+08:00,NYSE:UMC,19.2,19.21,19.16,19.17,6823.0
2026-08-07 02:05:00+08:00,NYSE:UMC,19.18,19.19,19.17,19.19,3613.0
2026-08-07 02:10:00+08:00,NYSE:UMC,19.19,19.205,19.17,19.205,5050.0
2026-08-07 02:15:00+08:00,NYSE:UMC,19.21,19.37,19.05,19.25,87326.0
2026-08-07 02:20:00+08:00,NYSE:UMC,19.27,19.29,19.26,19.27,5795.0
2026-08-07 02:25:00+08:00,NYSE:UMC,19.28,19.28,19.24,19.26,8195.0
2026-08-07 02:30:00+08:00,NYSE:UMC,19.25,19.265,19.22,19.23,6226.0
2026-08-07 02:35:00+08:00,NYSE:UMC,19.225,19.25,19.21,19.21,9284.0
2026-08-07 02:40:00+08:00,NYSE:UMC,19.22,19.22,19.175,19.215,17126.0
2026-08-07 02:45:00+08:00,NYSE:UMC,19.215,19.24,19.19,19.19,6724.0
2026-08-07 02:50:00+08:00,NYSE:UMC,19.19,19.215,19.185,19.205,6435.0
2026-08-07 02:55:00+08:00,NYSE:UMC,19.2,19.23,19.2,19.205,11558.0
2026-08-07 03:00:00+08:00,NYSE:UMC,19.205,19.28,19.205,19.275,18663.0
2026-08-07 03:05:00+08:00,NYSE:UMC,19.28,19.285,19.19,19.25,14630.0
2026-08-07 03:10:00+08:00,NYSE:UMC,19.24,19.255,19.205,19.21,8959.0
2026-08-07 03:15:00+08:00,NYSE:UMC,19.2,19.21,19.185,19.19,9981.0
2026-08-07 03:20:00+08:00,NYSE:UMC,19.21,19.23,19.16,19.16,10695.0
2026-08-07 03:25:00+08:00,NYSE:UMC,19.16,19.2,19.145,19.165,12660.0
2026-08-07 03:30:00+08:00,NYSE:UMC,19.185,19.21,19.135,19.21,17532.0
2026-08-07 03:35:00+08:00,NYSE:UMC,19.2,19.22,19.19,19.2,19816.0
2026-08-07 03:40:00+08:00,NYSE:UMC,19.2,19.22,19.2,19.21,15204.0
2026-08-07 03:45:00+08:00,NYSE:UMC,19.2,19.21,19.155,19.17,28291.0
2026-08-07 03:50:00+08:00,NYSE:UMC,19.16,19.235,19.16,19.23,32713.0
2026-08-07 03:55:00+08:00,NYSE:UMC,19.22,19.28,19.16,19.21,151161.0
2026-08-07 21:30:00+08:00,NYSE:UMC,18.58,18.82,18.57,18.745,30589.0
2026-08-07 21:35:00+08:00,NYSE:UMC,18.74,18.785,18.665,18.75,16674.0
2026-08-07 21:40:00+08:00,NYSE:UMC,18.73,18.765,18.69,18.76,17143.0
2026-08-07 21:45:00+08:00,NYSE:UMC,18.75,18.75,18.54,18.62,22856.0
2026-08-07 21:50:00+08:00,NYSE:UMC,18.63,18.69,18.525,18.525,13850.0
2026-08-07 21:55:00+08:00,NYSE:UMC,18.525,18.54,18.36,18.39,23512.0
2026-08-07 22:00:00+08:00,NYSE:UMC,18.39,18.41,18.235,18.26,11445.0
2026-08-07 22:05:00+08:00,NYSE:UMC,18.25,18.355,18.25,18.305,11969.0
2026-08-07 22:10:00+08:00,NYSE:UMC,18.305,18.305,18.17,18.24,22233.0
2026-08-07 22:15:00+08:00,NYSE:UMC,18.22,18.45,18.215,18.45,14185.0
2026-08-07 22:20:00+08:00,NYSE:UMC,18.45,18.48,18.395,18.4,12465.0
2026-08-07 22:25:00+08:00,NYSE:UMC,18.41,18.56,18.41,18.53,14155.0
2026-08-07 22:30:00+08:00,NYSE:UMC,18.53,18.555,18.45,18.46,11948.0
2026-08-07 22:35:00+08:00,NYSE:UMC,18.46,18.485,18.42,18.425,14034.0
2026-08-07 22:40:00+08:00,NYSE:UMC,18.42,18.44,18.37,18.375,9371.0
2026-08-07 22:45:00+08:00,NYSE:UMC,18.375,18.475,18.375,18.47,13664.0
2026-08-07 22:50:00+08:00,NYSE:UMC,18.45,18.48,18.41,18.425,10061.0
2026-08-07 22:55:00+08:00,NYSE:UMC,18.43,18.495,18.41,18.475,11187.0
2026-08-07 23:00:00+08:00,NYSE:UMC,18.48,18.54,18.465,18.52,20890.0
2026-08-07 23:05:00+08:00,NYSE:UMC,18.52,18.565,18.515,18.52,13494.0
2026-08-07 23:10:00+08:00,NYSE:UMC,18.525,18.565,18.515,18.53,5261.0
2026-08-07 23:15:00+08:00,NYSE:UMC,18.525,18.545,18.5,18.505,9585.0
2026-08-07 23:20:00+08:00,NYSE:UMC,18.5,18.55,18.5,18.545,6350.0
2026-08-07 23:25:00+08:00,NYSE:UMC,18.55,18.63,18.55,18.605,9398.0
2026-08-07 23:30:00+08:00,NYSE:UMC,18.615,18.64,18.61,18.64,3153.0
2026-08-07 23:35:00+08:00,NYSE:UMC,18.625,18.63,18.59,18.59,5411.0
2026-08-07 23:40:00+08:00,NYSE:UMC,18.6,18.625,18.53,18.55,6471.0
2026-08-07 23:45:00+08:00,NYSE:UMC,18.55,18.61,18.55,18.61,3221.0
2026-08-07 23:50:00+08:00,NYSE:UMC,18.6,18.625,18.585,18.6,10238.0
2026-08-07 23:55:00+08:00,NYSE:UMC,18.6,18.62,18.595,18.615,8306.0
2026-08-08 00:00:00+08:00,NYSE:UMC,18.615,18.645,18.61,18.645,11606.0
2026-08-08 00:05:00+08:00,NYSE:UMC,18.645,18.665,18.645,18.65,4772.0
2026-08-08 00:10:00+08:00,NYSE:UMC,18.66,18.66,18.625,18.64,4658.0
2026-08-08 00:15:00+08:00,NYSE:UMC,18.635,18.645,18.615,18.615,3175.0
2026-08-08 00:20:00+08:00,NYSE:UMC,18.62,18.635,18.555,18.555,5271.0
2026-08-08 00:25:00+08:00,NYSE:UMC,18.555,18.565,18.49,18.51,9737.0
2026-08-08 00:30:00+08:00,NYSE:UMC,18.51,18.52,18.445,18.52,5615.0
2026-08-08 00:35:00+08:00,NYSE:UMC,18.51,18.535,18.49,18.535,6364.0
2026-08-08 00:40:00+08:00,NYSE:UMC,18.55,18.55,18.52,18.54,4899.0
2026-08-08 00:45:00+08:00,NYSE:UMC,18.535,18.555,18.535,18.55,3916.0
2026-08-08 00:50:00+08:00,NYSE:UMC,18.57,18.585,18.555,18.555,5146.0
2026-08-08 00:55:00+08:00,NYSE:UMC,18.555,18.58,18.54,18.54,7636.0
2026-08-08 01:00:00+08:00,NYSE:UMC,18.55,18.555,18.53,18.555,3074.0
2026-08-08 01:05:00+08:00,NYSE:UMC,18.555,18.595,18.555,18.58,4103.0
2026-08-08 01:10:00+08:00,NYSE:UMC,18.585,18.585,18.525,18.525,5692.0
2026-08-08 01:15:00+08:00,NYSE:UMC,18.52,18.585,18.51,18.575,2937.0
2026-08-08 01:20:00+08:00,NYSE:UMC,18.58,18.605,18.58,18.59,10673.0
2026-08-08 01:25:00+08:00,NYSE:UMC,18.59,18.61,18.585,18.6,4286.0
2026-08-08 01:30:00+08:00,NYSE:UMC,18.6,18.63,18.59,18.59,13591.0
2026-08-08 01:35:00+08:00,NYSE:UMC,18.6,18.615,18.585,18.61,3273.0
2026-08-08 01:40:00+08:00,NYSE:UMC,18.61,18.61,18.57,18.57,12227.0
2026-08-08 01:45:00+08:00,NYSE:UMC,18.575,18.585,18.57,18.57,6816.0
2026-08-08 01:50:00+08:00,NYSE:UMC,18.58,18.58,18.56,18.56,6587.0
2026-08-08 01:55:00+08:00,NYSE:UMC,18.56,18.58,18.56,18.58,6632.0
2026-08-08 02:00:00+08:00,NYSE:UMC,18.57,18.585,18.57,18.575,2911.0
2026-08-08 02:05:00+08:00,NYSE:UMC,18.58,18.615,18.58,18.615,3904.0
2026-08-08 02:10:00+08:00,NYSE:UMC,18.615,18.615,18.575,18.575,2629.0
2026-08-08 02:15:00+08:00,NYSE:UMC,18.575,18.59,18.565,18.59,2793.0
2026-08-08 02:20:00+08:00,NYSE:UMC,18.58,18.585,18.56,18.56,2334.0
2026-08-08 02:25:00+08:00,NYSE:UMC,18.56,18.565,18.545,18.55,4737.0
2026-08-08 02:30:00+08:00,NYSE:UMC,18.555,18.6,18.55,18.55,12498.0
2026-08-08 02:35:00+08:00,NYSE:UMC,18.555,18.575,18.55,18.57,4772.0
2026-08-08 02:40:00+08:00,NYSE:UMC,18.58,18.595,18.58,18.58,3008.0
2026-08-08 02:45:00+08:00,NYSE:UMC,18.565,18.585,18.565,18.58,5404.0
2026-08-08 02:50:00+08:00,NYSE:UMC,18.595,18.595,18.58,18.59,2148.0
2026-08-08 02:55:00+08:00,NYSE:UMC,18.58,18.605,18.56,18.595,4048.0
2026-08-08 03:00:00+08:00,NYSE:UMC,18.615,18.635,18.59,18.595,5911.0
2026-08-08 03:05:00+08:00,NYSE:UMC,18.595,18.675,18.595,18.66,11001.0
2026-08-08 03:10:00+08:00,NYSE:UMC,18.675,18.685,18.645,18.645,9340.0
2026-08-08 03:15:00+08:00,NYSE:UMC,18.67,18.67,18.63,18.65,3872.0
2026-08-08 03:20:00+08:00,NYSE:UMC,18.64,18.66,18.615,18.615,3799.0
2026-08-08 03:25:00+08:00,NYSE:UMC,18.61,18.635,18.61,18.635,4591.0
2026-08-08 03:30:00+08:00,NYSE:UMC,18.63,18.63,18.55,18.585,22864.0
2026-08-08 03:35:00+08:00,NYSE:UMC,18.6,18.625,18.58,18.61,15719.0
2026-08-08 03:40:00+08:00,NYSE:UMC,18.615,18.615,18.58,18.58,16126.0
2026-08-08 03:45:00+08:00,NYSE:UMC,18.58,18.605,18.54,18.59,30657.0
2026-08-08 03:50:00+08:00,NYSE:UMC,18.58,18.66,18.58,18.64,25917.0
2026-08-08 03:55:00+08:00,NYSE:UMC,18.63,18.72,18.62,18.71,113113.0
2026-08-10 21:30:00+08:00,NYSE:UMC,19.34,19.34,19.08,19.08,20712.0
2026-08-10 21:35:00+08:00,NYSE:UMC,19.09,19.22,19.07,19.11,8191.0
2026-08-10 21:40:00+08:00,NYSE:UMC,19.13,19.18,19.06,19.11,7093.0
2026-08-10 21:45:00+08:00,NYSE:UMC,19.15,19.26,19.14,19.22,6681.0
2026-08-10 21:50:00+08:00,NYSE:UMC,19.23,19.26,19.16,19.17,14911.0
2026-08-10 21:55:00+08:00,NYSE:UMC,19.18,19.26,19.16,19.23,9641.0
2026-08-10 22:00:00+08:00,NYSE:UMC,19.21,19.25,19.18,19.205,5374.0
2026-08-10 22:05:00+08:00,NYSE:UMC,19.19,19.24,19.175,19.24,8070.0
2026-08-10 22:10:00+08:00,NYSE:UMC,19.25,19.285,19.235,19.24,8956.0
2026-08-10 22:15:00+08:00,NYSE:UMC,19.245,19.26,19.14,19.14,8444.0
2026-08-10 22:20:00+08:00,NYSE:UMC,19.16,19.2,19.12,19.125,5439.0
2026-08-10 22:25:00+08:00,NYSE:UMC,19.13,19.18,19.12,19.155,2993.0
2026-08-10 22:30:00+08:00,NYSE:UMC,19.155,19.21,19.15,19.2,6836.0
2026-08-10 22:35:00+08:00,NYSE:UMC,19.215,19.24,19.16,19.16,5608.0
2026-08-10 22:40:00+08:00,NYSE:UMC,19.16,19.17,19.135,19.135,4350.0
2026-08-10 22:45:00+08:00,NYSE:UMC,19.135,19.18,19.13,19.17,3834.0
2026-08-10 22:50:00+08:00,NYSE:UMC,19.175,19.18,19.07,19.075,17190.0
2026-08-10 22:55:00+08:00,NYSE:UMC,19.07,19.08,19.045,19.045,3751.0
2026-08-10 23:00:00+08:00,NYSE:UMC,19.06,19.11,19.02,19.11,2843.0
2026-08-10 23:05:00+08:00,NYSE:UMC,19.11,19.115,19.05,19.055,4886.0
2026-08-10 23:10:00+08:00,NYSE:UMC,19.05,19.08,19.03,19.075,1539.0
2026-08-10 23:15:00+08:00,NYSE:UMC,19.075,19.095,19.065,19.08,3132.0
2026-08-10 23:20:00+08:00,NYSE:UMC,19.09,19.095,19.05,19.07,2442.0
2026-08-10 23:25:00+08:00,NYSE:UMC,19.06,19.07,19.035,19.04,1977.0
2026-08-10 23:30:00+08:00,NYSE:UMC,19.04,19.05,18.99,19.01,18571.0
2026-08-10 23:35:00+08:00,NYSE:UMC,19.005,19.025,19.0,19.005,3791.0
2026-08-10 23:40:00+08:00,NYSE:UMC,18.995,19.05,18.99,19.05,1588.0
2026-08-10 23:45:00+08:00,NYSE:UMC,19.06,19.07,19.03,19.03,553.0
2026-08-10 23:50:00+08:00,NYSE:UMC,19.035,19.07,19.035,19.07,1423.0
2026-08-10 23:55:00+08:00,NYSE:UMC,19.07,19.07,19.05,19.06,2396.0
2026-08-11 00:00:00+08:00,NYSE:UMC,19.05,19.08,19.045,19.05,2167.0
2026-08-11 00:05:00+08:00,NYSE:UMC,19.055,19.055,18.995,19.0,3706.0
2026-08-11 00:10:00+08:00,NYSE:UMC,18.995,19.0,18.975,18.99,3384.0
2026-08-11 00:15:00+08:00,NYSE:UMC,18.995,19.02,18.99,19.02,2083.0
2026-08-11 00:20:00+08:00,NYSE:UMC,19.0,19.015,19.0,19.015,1126.0
2026-08-11 00:25:00+08:00,NYSE:UMC,19.02,19.025,18.955,18.955,4935.0
2026-08-11 00:30:00+08:00,NYSE:UMC,18.96,18.97,18.9,18.92,14607.0
2026-08-11 00:35:00+08:00,NYSE:UMC,18.92,18.945,18.92,18.93,2519.0
2026-08-11 00:40:00+08:00,NYSE:UMC,18.93,18.935,18.9,18.9,2179.0
2026-08-11 00:45:00+08:00,NYSE:UMC,18.9,18.925,18.895,18.91,2419.0
2026-08-11 00:50:00+08:00,NYSE:UMC,18.9,18.91,18.88,18.89,3443.0
2026-08-11 00:55:00+08:00,NYSE:UMC,18.9,18.9,18.885,18.89,2860.0
2026-08-11 01:00:00+08:00,NYSE:UMC,18.895,18.895,18.86,18.88,4124.0
2026-08-11 01:05:00+08:00,NYSE:UMC,18.87,18.89,18.87,18.885,2979.0
2026-08-11 01:10:00+08:00,NYSE:UMC,18.89,18.91,18.885,18.9,8134.0
2026-08-11 01:15:00+08:00,NYSE:UMC,18.91,18.91,18.89,18.89,2520.0
2026-08-11 01:20:00+08:00,NYSE:UMC,18.9,18.9,18.885,18.895,2660.0
2026-08-11 01:25:00+08:00,NYSE:UMC,18.89,18.9,18.885,18.895,2535.0
2026-08-11 01:30:00+08:00,NYSE:UMC,18.9,18.91,18.895,18.905,1329.0
2026-08-11 01:35:00+08:00,NYSE:UMC,18.9,18.91,18.88,18.89,3751.0
2026-08-11 01:40:00+08:00,NYSE:UMC,18.89,18.91,18.88,18.89,4089.0
2026-08-11 01:45:00+08:00,NYSE:UMC,18.885,18.9,18.885,18.895,844.0
2026-08-11 01:50:00+08:00,NYSE:UMC,18.91,18.91,18.89,18.9,2140.0
2026-08-11 01:55:00+08:00,NYSE:UMC,18.91,18.91,18.9,18.905,834.0
2026-08-11 02:00:00+08:00,NYSE:UMC,18.91,18.92,18.91,18.92,860.0
2026-08-11 02:05:00+08:00,NYSE:UMC,18.93,18.935,18.925,18.935,2717.0
2026-08-11 02:10:00+08:00,NYSE:UMC,18.935,18.94,18.92,18.92,1313.0
2026-08-11 02:15:00+08:00,NYSE:UMC,18.93,18.93,18.915,18.915,933.0
2026-08-11 02:20:00+08:00,NYSE:UMC,18.92,18.94,18.92,18.93,1107.0
2026-08-11 02:25:00+08:00,NYSE:UMC,18.93,18.93,18.905,18.92,879.0
2026-08-11 02:30:00+08:00,NYSE:UMC,18.92,18.94,18.92,18.935,1923.0
2026-08-11 02:35:00+08:00,NYSE:UMC,18.935,18.94,18.91,18.92,1475.0
2026-08-11 02:40:00+08:00,NYSE:UMC,18.92,18.935,18.92,18.935,628.0
2026-08-11 02:45:00+08:00,NYSE:UMC,18.94,18.945,18.93,18.93,2234.0
2026-08-11 02:50:00+08:00,NYSE:UMC,18.94,18.95,18.93,18.935,1560.0
2026-08-11 02:55:00+08:00,NYSE:UMC,18.94,18.955,18.935,18.955,1978.0
2026-08-11 03:00:00+08:00,NYSE:UMC,18.95,18.98,18.95,18.965,2443.0
2026-08-11 03:05:00+08:00,NYSE:UMC,18.97,19.0,18.97,18.985,3210.0
2026-08-11 03:10:00+08:00,NYSE:UMC,18.99,18.995,18.98,18.985,1541.0
2026-08-11 03:15:00+08:00,NYSE:UMC,18.985,19.0,18.985,18.995,1730.0
2026-08-11 03:20:00+08:00,NYSE:UMC,18.995,19.005,18.98,19.0,5674.0
2026-08-11 03:25:00+08:00,NYSE:UMC,19.01,19.06,19.0,19.055,9232.0
2026-08-11 03:30:00+08:00,NYSE:UMC,19.06,19.06,19.02,19.035,6304.0
2026-08-11 03:35:00+08:00,NYSE:UMC,19.03,19.03,18.99,18.995,11845.0
2026-08-11 03:40:00+08:00,NYSE:UMC,18.995,19.0,18.95,18.95,10623.0
2026-08-11 03:45:00+08:00,NYSE:UMC,18.95,19.025,18.94,19.025,17426.0
2026-08-11 03:50:00+08:00,NYSE:UMC,19.02,19.02,18.935,18.935,26575.0
2026-08-11 03:55:00+08:00,NYSE:UMC,18.935,18.935,18.77,18.78,136347.0
2026-08-11 21:30:00+08:00,NYSE:UMC,19.33,19.33,19.1,19.135,23749.0
2026-08-11 21:35:00+08:00,NYSE:UMC,19.13,19.22,19.09,19.15,10588.0
2026-08-11 21:40:00+08:00,NYSE:UMC,19.165,19.275,19.16,19.27,8250.0
2026-08-11 21:45:00+08:00,NYSE:UMC,19.28,19.28,19.07,19.07,7579.0
2026-08-11 21:50:00+08:00,NYSE:UMC,19.07,19.1,19.03,19.03,4751.0
2026-08-11 21:55:00+08:00,NYSE:UMC,19.04,19.155,19.03,19.155,4596.0
2026-08-11 22:00:00+08:00,NYSE:UMC,19.16,19.18,19.13,19.14,4393.0
2026-08-11 22:05:00+08:00,NYSE:UMC,19.14,19.215,19.14,19.195,4908.0
2026-08-11 22:10:00+08:00,NYSE:UMC,19.21,19.24,19.18,19.18,4062.0
2026-08-11 22:15:00+08:00,NYSE:UMC,19.19,19.22,19.13,19.13,4305.0
2026-08-11 22:20:00+08:00,NYSE:UMC,19.14,19.185,19.135,19.16,6703.0
2026-08-11 22:25:00+08:00,NYSE:UMC,19.17,19.22,19.17,19.21,6096.0
2026-08-11 22:30:00+08:00,NYSE:UMC,19.21,19.22,19.17,19.2,3120.0
2026-08-11 22:35:00+08:00,NYSE:UMC,19.21,19.22,19.175,19.18,4861.0
2026-08-11 22:40:00+08:00,NYSE:UMC,19.18,19.19,19.17,19.18,2501.0
2026-08-11 22:45:00+08:00,NYSE:UMC,19.18,19.23,19.17,19.22,2050.0
2026-08-11 22:50:00+08:00,NYSE:UMC,19.215,19.275,19.205,19.27,7407.0
2026-08-11 22:55:00+08:00,NYSE:UMC,19.27,19.28,19.24,19.24,2637.0
2026-08-11 23:00:00+08:00,NYSE:UMC,19.24,19.26,19.23,19.26,2274.0
2026-08-11 23:05:00+08:00,NYSE:UMC,19.25,19.26,19.19,19.19,3485.0
2026-08-11 23:10:00+08:00,NYSE:UMC,19.18,19.19,19.165,19.18,2305.0
2026-08-11 23:15:00+08:00,NYSE:UMC,19.17,19.19,19.17,19.17,1932.0
2026-08-11 23:20:00+08:00,NYSE:UMC,19.16,19.18,19.14,19.15,1734.0
2026-08-11 23:25:00+08:00,NYSE:UMC,19.15,19.16,19.15,19.15,961.0
2026-08-11 23:30:00+08:00,NYSE:UMC,19.15,19.17,19.13,19.14,2641.0
2026-08-11 23:35:00+08:00,NYSE:UMC,19.14,19.15,19.12,19.12,2064.0
2026-08-11 23:40:00+08:00,NYSE:UMC,19.13,19.14,19.11,19.14,1703.0
2026-08-11 23:45:00+08:00,NYSE:UMC,19.135,19.135,19.12,19.12,1589.0
2026-08-11 23:50:00+08:00,NYSE:UMC,19.115,19.12,19.105,19.105,2797.0
2026-08-11 23:55:00+08:00,NYSE:UMC,19.11,19.115,19.08,19.1,1276.0
2026-08-12 00:00:00+08:00,NYSE:UMC,19.08,19.09,19.055,19.055,2101.0
2026-08-12 00:05:00+08:00,NYSE:UMC,19.055,19.09,19.055,19.08,770.0
2026-08-12 00:10:00+08:00,NYSE:UMC,19.085,19.09,19.085,19.09,986.0
2026-08-12 00:15:00+08:00,NYSE:UMC,19.08,19.09,19.06,19.06,1946.0
2026-08-12 00:20:00+08:00,NYSE:UMC,19.06,19.07,19.045,19.07,1486.0
2026-08-12 00:25:00+08:00,NYSE:UMC,19.05,19.05,19.025,19.03,1601.0
2026-08-12 00:30:00+08:00,NYSE:UMC,19.04,19.04,19.015,19.04,2374.0
2026-08-12 00:35:00+08:00,NYSE:UMC,19.03,19.06,19.03,19.06,458.0
2026-08-12 00:40:00+08:00,NYSE:UMC,19.07,19.07,19.01,19.05,33525.0
2026-08-12 00:45:00+08:00,NYSE:UMC,19.06,19.06,19.03,19.035,1289.0
2026-08-12 00:50:00+08:00,NYSE:UMC,19.04,19.05,19.035,19.045,2685.0
2026-08-12 00:55:00+08:00,NYSE:UMC,19.045,19.045,19.02,19.025,2129.0
2026-08-12 01:00:00+08:00,NYSE:UMC,19.025,19.025,18.98,18.99,2754.0
2026-08-12 01:05:00+08:00,NYSE:UMC,18.96,19.015,18.96,19.01,918.0
2026-08-12 01:10:00+08:00,NYSE:UMC,19.0,19.0,18.98,18.98,2741.0
2026-08-12 01:15:00+08:00,NYSE:UMC,18.97,19.0,18.97,19.0,1703.0
2026-08-12 01:20:00+08:00,NYSE:UMC,18.99,18.99,18.985,18.985,300.0
2026-08-12 01:25:00+08:00,NYSE:UMC,18.99,18.99,18.975,18.98,421.0
2026-08-12 01:30:00+08:00,NYSE:UMC,18.975,18.99,18.94,18.99,2109.0
2026-08-12 01:35:00+08:00,NYSE:UMC,18.99,19.0,18.99,18.995,1433.0
2026-08-12 01:40:00+08:00,NYSE:UMC,18.995,19.01,18.995,19.01,924.0
2026-08-12 01:45:00+08:00,NYSE:UMC,18.995,19.005,18.99,18.99,2100.0
2026-08-12 01:50:00+08:00,NYSE:UMC,19.0,19.0,18.995,18.995,1300.0
2026-08-12 01:55:00+08:00,NYSE:UMC,18.995,18.995,18.99,18.99,1348.0
2026-08-12 02:00:00+08:00,NYSE:UMC,18.995,19.0,18.995,19.0,2594.0
2026-08-12 02:05:00+08:00,NYSE:UMC,18.99,18.99,18.98,18.99,1524.0
2026-08-12 02:10:00+08:00,NYSE:UMC,18.985,18.99,18.98,18.98,2256.0
2026-08-12 02:15:00+08:00,NYSE:UMC,18.97,18.98,18.965,18.965,314.0
2026-08-12 02:20:00+08:00,NYSE:UMC,18.96,18.97,18.94,18.97,5224.0
2026-08-12 02:25:00+08:00,NYSE:UMC,18.975,18.975,18.925,18.925,1547.0
2026-08-12 02:30:00+08:00,NYSE:UMC,18.95,18.96,18.95,18.95,1732.0
2026-08-12 02:35:00+08:00,NYSE:UMC,18.955,18.965,18.945,18.95,1073.0
2026-08-12 02:40:00+08:00,NYSE:UMC,18.945,18.945,18.935,18.935,1601.0
2026-08-12 02:45:00+08:00,NYSE:UMC,18.94,18.985,18.94,18.985,2086.0
2026-08-12 02:50:00+08:00,NYSE:UMC,18.99,18.995,18.99,18.995,991.0
2026-08-12 02:55:00+08:00,NYSE:UMC,18.99,18.99,18.98,18.98,794.0
2026-08-12 03:00:00+08:00,NYSE:UMC,18.975,18.98,18.96,18.98,1680.0
2026-08-12 03:05:00+08:00,NYSE:UMC,18.96,18.97,18.945,18.945,2569.0
2026-08-12 03:10:00+08:00,NYSE:UMC,18.955,18.99,18.955,18.98,1203.0
2026-08-12 03:15:00+08:00,NYSE:UMC,18.99,19.01,18.99,19.0,2045.0
2026-08-12 03:20:00+08:00,NYSE:UMC,18.995,18.995,18.97,18.99,976.0
2026-08-12 03:25:00+08:00,NYSE:UMC,18.98,19.0,18.98,18.99,5590.0
2026-08-12 03:30:00+08:00,NYSE:UMC,18.99,19.02,18.98,18.99,4245.0
2026-08-12 03:35:00+08:00,NYSE:UMC,18.99,19.0,18.97,18.97,6329.0
2026-08-12 03:40:00+08:00,NYSE:UMC,18.97,18.97,18.93,18.935,11389.0
2026-08-12 03:45:00+08:00,NYSE:UMC,18.94,18.95,18.915,18.92,11353.0
2026-08-12 03:50:00+08:00,NYSE:UMC,18.91,18.945,18.91,18.94,19372.0
2026-08-12 03:55:00+08:00,NYSE:UMC,18.94,18.975,18.91,18.945,66223.0
2026-08-12 21:30:00+08:00,NYSE:UMC,19.85,19.85,19.33,19.5,51851.0
2026-08-12 21:35:00+08:00,NYSE:UMC,19.5,19.54,19.43,19.48,12396.0
2026-08-12 21:40:00+08:00,NYSE:UMC,19.5,19.52,19.45,19.51,10977.0
2026-08-12 21:45:00+08:00,NYSE:UMC,19.51,19.61,19.51,19.58,18000.0
2026-08-12 21:50:00+08:00,NYSE:UMC,19.575,19.585,19.51,19.52,9174.0
2026-08-12 21:55:00+08:00,NYSE:UMC,19.53,19.53,19.45,19.51,6511.0
2026-08-12 22:00:00+08:00,NYSE:UMC,19.5,19.5,19.425,19.47,11004.0
2026-08-12 22:05:00+08:00,NYSE:UMC,19.46,19.53,19.45,19.52,8018.0
2026-08-12 22:10:00+08:00,NYSE:UMC,19.52,19.535,19.48,19.48,14166.0
2026-08-12 22:15:00+08:00,NYSE:UMC,19.47,19.5,19.46,19.47,7878.0
2026-08-12 22:20:00+08:00,NYSE:UMC,19.46,19.47,19.35,19.43,80868.0
2026-08-12 22:25:00+08:00,NYSE:UMC,19.43,19.47,19.41,19.445,9907.0
2026-08-12 22:30:00+08:00,NYSE:UMC,19.44,19.44,19.34,19.38,14703.0
2026-08-12 22:35:00+08:00,NYSE:UMC,19.37,19.45,19.36,19.43,5911.0
2026-08-12 22:40:00+08:00,NYSE:UMC,19.44,19.44,19.395,19.44,6083.0
2026-08-12 22:45:00+08:00,NYSE:UMC,19.43,19.43,19.4,19.415,5480.0
2026-08-12 22:50:00+08:00,NYSE:UMC,19.41,19.42,19.37,19.37,6463.0
2026-08-12 22:55:00+08:00,NYSE:UMC,19.37,19.39,19.35,19.38,5959.0
2026-08-12 23:00:00+08:00,NYSE:UMC,19.375,19.41,19.36,19.39,4347.0
2026-08-12 23:05:00+08:00,NYSE:UMC,19.4,19.46,19.4,19.44,4184.0
2026-08-12 23:10:00+08:00,NYSE:UMC,19.45,19.495,19.435,19.49,3895.0
2026-08-12 23:15:00+08:00,NYSE:UMC,19.47,19.495,19.47,19.485,3998.0
2026-08-12 23:20:00+08:00,NYSE:UMC,19.49,19.49,19.475,19.485,4951.0
2026-08-12 23:25:00+08:00,NYSE:UMC,19.485,19.485,19.46,19.48,5233.0
2026-08-12 23:30:00+08:00,NYSE:UMC,19.49,19.49,19.44,19.45,3516.0
2026-08-12 23:35:00+08:00,NYSE:UMC,19.45,19.455,19.415,19.415,1979.0
2026-08-12 23:40:00+08:00,NYSE:UMC,19.41,19.41,19.38,19.385,20878.0
2026-08-12 23:45:00+08:00,NYSE:UMC,19.38,19.38,19.35,19.365,5320.0
2026-08-12 23:50:00+08:00,NYSE:UMC,19.365,19.39,19.36,19.375,4703.0
2026-08-12 23:55:00+08:00,NYSE:UMC,19.37,19.39,19.365,19.385,6809.0
2026-08-13 00:00:00+08:00,NYSE:UMC,19.385,19.43,19.385,19.425,5633.0
2026-08-13 00:05:00+08:00,NYSE:UMC,19.43,19.43,19.415,19.43,2524.0
2026-08-13 00:10:00+08:00,NYSE:UMC,19.43,19.43,19.405,19.405,2019.0
2026-08-13 00:15:00+08:00,NYSE:UMC,19.4,19.4,19.39,19.39,1557.0
2026-08-13 00:20:00+08:00,NYSE:UMC,19.4,19.42,19.395,19.415,3236.0
2026-08-13 00:25:00+08:00,NYSE:UMC,19.42,19.42,19.385,19.385,3418.0
2026-08-13 00:30:00+08:00,NYSE:UMC,19.38,19.385,19.375,19.375,3194.0
2026-08-13 00:35:00+08:00,NYSE:UMC,19.38,19.39,19.375,19.385,1326.0
2026-08-13 00:40:00+08:00,NYSE:UMC,19.385,19.395,19.37,19.385,3464.0
2026-08-13 00:45:00+08:00,NYSE:UMC,19.385,19.385,19.36,19.38,1453.0
2026-08-13 00:50:00+08:00,NYSE:UMC,19.38,19.39,19.375,19.385,1334.0
2026-08-13 00:55:00+08:00,NYSE:UMC,19.39,19.395,19.38,19.39,1766.0
2026-08-13 01:00:00+08:00,NYSE:UMC,19.395,19.42,19.395,19.415,2190.0
2026-08-13 01:05:00+08:00,NYSE:UMC,19.405,19.41,19.38,19.39,4338.0
2026-08-13 01:10:00+08:00,NYSE:UMC,19.39,19.405,19.39,19.405,6140.0
2026-08-13 01:15:00+08:00,NYSE:UMC,19.405,19.41,19.39,19.41,3714.0
2026-08-13 01:20:00+08:00,NYSE:UMC,19.405,19.435,19.405,19.435,4457.0
2026-08-13 01:25:00+08:00,NYSE:UMC,19.44,19.445,19.44,19.445,2482.0
2026-08-13 01:30:00+08:00,NYSE:UMC,19.45,19.455,19.445,19.45,2378.0
2026-08-13 01:35:00+08:00,NYSE:UMC,19.445,19.465,19.445,19.465,4537.0
2026-08-13 01:40:00+08:00,NYSE:UMC,19.46,19.465,19.45,19.46,2688.0
2026-08-13 01:45:00+08:00,NYSE:UMC,19.465,19.505,19.465,19.505,5015.0
2026-08-13 01:50:00+08:00,NYSE:UMC,19.505,19.52,19.5,19.515,4992.0
2026-08-13 01:55:00+08:00,NYSE:UMC,19.515,19.52,19.51,19.51,2666.0
2026-08-13 02:00:00+08:00,NYSE:UMC,19.515,19.515,19.465,19.47,3591.0
2026-08-13 02:05:00+08:00,NYSE:UMC,19.475,19.485,19.46,19.48,3433.0
2026-08-13 02:10:00+08:00,NYSE:UMC,19.475,19.49,19.465,19.475,2519.0
2026-08-13 02:15:00+08:00,NYSE:UMC,19.48,19.485,19.47,19.48,1827.0
2026-08-13 02:20:00+08:00,NYSE:UMC,19.485,19.505,19.485,19.5,3314.0
2026-08-13 02:25:00+08:00,NYSE:UMC,19.51,19.51,19.49,19.5,3387.0
2026-08-13 02:30:00+08:00,NYSE:UMC,19.485,19.5,19.48,19.49,6718.0
2026-08-13 02:35:00+08:00,NYSE:UMC,19.485,19.49,19.48,19.485,4520.0
2026-08-13 02:40:00+08:00,NYSE:UMC,19.49,19.505,19.48,19.48,2483.0
2026-08-13 02:45:00+08:00,NYSE:UMC,19.475,19.49,19.47,19.48,5118.0
2026-08-13 02:50:00+08:00,NYSE:UMC,19.475,19.48,19.46,19.47,3972.0
2026-08-13 02:55:00+08:00,NYSE:UMC,19.465,19.49,19.465,19.48,2459.0
2026-08-13 03:00:00+08:00,NYSE:UMC,19.48,19.495,19.45,19.46,6138.0
2026-08-13 03:05:00+08:00,NYSE:UMC,19.46,19.485,19.46,19.475,4132.0
2026-08-13 03:10:00+08:00,NYSE:UMC,19.47,19.485,19.47,19.485,1337.0
2026-08-13 03:15:00+08:00,NYSE:UMC,19.49,19.53,19.49,19.515,7761.0
2026-08-13 03:20:00+08:00,NYSE:UMC,19.515,19.515,19.435,19.435,6555.0
2026-08-13 03:25:00+08:00,NYSE:UMC,19.435,19.445,19.405,19.43,11778.0
2026-08-13 03:30:00+08:00,NYSE:UMC,19.42,19.42,19.36,19.395,13319.0
2026-08-13 03:35:00+08:00,NYSE:UMC,19.39,19.41,19.37,19.38,8583.0
2026-08-13 03:40:00+08:00,NYSE:UMC,19.39,19.4,19.35,19.375,13999.0
2026-08-13 03:45:00+08:00,NYSE:UMC,19.37,19.38,19.34,19.36,17489.0
2026-08-13 03:50:00+08:00,NYSE:UMC,19.36,19.37,19.35,19.35,11521.0
2026-08-13 03:55:00+08:00,NYSE:UMC,19.35,19.35,19.3,19.31,60260.0
2026-08-13 21:30:00+08:00,NYSE:UMC,19.26,19.38,19.24,19.36,14880.0
2026-08-13 21:35:00+08:00,NYSE:UMC,19.36,19.45,19.36,19.41,4642.0
2026-08-13 21:40:00+08:00,NYSE:UMC,19.41,19.415,19.37,19.39,4541.0
2026-08-13 21:45:00+08:00,NYSE:UMC,19.4,19.44,19.4,19.43,7254.0
2026-08-13 21:50:00+08:00,NYSE:UMC,19.43,19.43,19.37,19.4,4534.0
2026-08-13 21:55:00+08:00,NYSE:UMC,19.395,19.44,19.37,19.425,3478.0
2026-08-13 22:00:00+08:00,NYSE:UMC,19.43,19.44,19.39,19.42,8421.0
2026-08-13 22:05:00+08:00,NYSE:UMC,19.42,19.435,19.38,19.435,4477.0
2026-08-13 22:10:00+08:00,NYSE:UMC,19.44,19.47,19.41,19.41,5754.0
2026-08-13 22:15:00+08:00,NYSE:UMC,19.42,19.43,19.39,19.39,2613.0
2026-08-13 22:20:00+08:00,NYSE:UMC,19.39,19.42,19.38,19.4,3154.0
2026-08-13 22:25:00+08:00,NYSE:UMC,19.4,19.43,19.39,19.425,3972.0
2026-08-13 22:30:00+08:00,NYSE:UMC,19.43,19.51,19.415,19.51,7486.0
2026-08-13 22:35:00+08:00,NYSE:UMC,19.51,19.53,19.491,19.53,4745.0
2026-08-13 22:40:00+08:00,NYSE:UMC,19.53,19.56,19.53,19.55,2673.0
2026-08-13 22:45:00+08:00,NYSE:UMC,19.545,19.55,19.52,19.53,1647.0
2026-08-13 22:50:00+08:00,NYSE:UMC,19.52,19.52,19.505,19.52,2553.0
2026-08-13 22:55:00+08:00,NYSE:UMC,19.51,19.515,19.495,19.495,1155.0
2026-08-13 23:00:00+08:00,NYSE:UMC,19.49,19.54,19.485,19.54,4461.0
2026-08-13 23:05:00+08:00,NYSE:UMC,19.55,19.59,19.55,19.57,3921.0
2026-08-13 23:10:00+08:00,NYSE:UMC,19.565,19.7,19.55,19.67,18910.0
2026-08-13 23:15:00+08:00,NYSE:UMC,19.665,19.68,19.635,19.67,7986.0
2026-08-13 23:20:00+08:00,NYSE:UMC,19.67,19.715,19.67,19.705,8805.0
2026-08-13 23:25:00+08:00,NYSE:UMC,19.7,19.7,19.665,19.67,11381.0
2026-08-13 23:30:00+08:00,NYSE:UMC,19.66,19.67,19.56,19.56,7790.0
2026-08-13 23:35:00+08:00,NYSE:UMC,19.56,19.585,19.515,19.585,5065.0
2026-08-13 23:40:00+08:00,NYSE:UMC,19.565,19.595,19.53,19.585,8146.0
2026-08-13 23:45:00+08:00,NYSE:UMC,19.56,19.56,19.505,19.535,3304.0
2026-08-13 23:50:00+08:00,NYSE:UMC,19.545,19.555,19.48,19.49,4934.0
2026-08-13 23:55:00+08:00,NYSE:UMC,19.48,19.53,19.475,19.495,6410.0
2026-08-14 00:00:00+08:00,NYSE:UMC,19.5,19.575,19.5,19.56,3244.0
2026-08-14 00:05:00+08:00,NYSE:UMC,19.57,19.605,19.57,19.595,1950.0
2026-08-14 00:10:00+08:00,NYSE:UMC,19.59,19.59,19.545,19.55,3430.0
2026-08-14 00:15:00+08:00,NYSE:UMC,19.55,19.57,19.55,19.56,159.0
2026-08-14 00:20:00+08:00,NYSE:UMC,19.55,19.57,19.545,19.565,636.0
2026-08-14 00:25:00+08:00,NYSE:UMC,19.585,19.595,19.575,19.595,1049.0
2026-08-14 00:30:00+08:00,NYSE:UMC,19.585,19.605,19.585,19.6,1861.0
2026-08-14 00:35:00+08:00,NYSE:UMC,19.585,19.6,19.565,19.565,1249.0
2026-08-14 00:40:00+08:00,NYSE:UMC,19.565,19.595,19.565,19.595,295.0
2026-08-14 00:45:00+08:00,NYSE:UMC,19.59,19.595,19.585,19.585,1677.0
2026-08-14 00:50:00+08:00,NYSE:UMC,19.585,19.595,19.565,19.565,3324.0
2026-08-14 00:55:00+08:00,NYSE:UMC,19.555,19.575,19.555,19.575,1714.0
2026-08-14 01:00:00+08:00,NYSE:UMC,19.59,19.62,19.585,19.6,607.0
2026-08-14 01:05:00+08:00,NYSE:UMC,19.605,19.61,19.595,19.605,3887.0
2026-08-14 01:10:00+08:00,NYSE:UMC,19.605,19.615,19.595,19.615,4244.0
2026-08-14 01:15:00+08:00,NYSE:UMC,19.615,19.62,19.615,19.615,2791.0
2026-08-14 01:20:00+08:00,NYSE:UMC,19.615,19.62,19.605,19.615,4632.0
2026-08-14 01:25:00+08:00,NYSE:UMC,19.62,19.62,19.605,19.605,2484.0
2026-08-14 01:30:00+08:00,NYSE:UMC,19.605,19.615,19.595,19.605,2100.0
2026-08-14 01:35:00+08:00,NYSE:UMC,19.605,19.61,19.6,19.605,2227.0
2026-08-14 01:40:00+08:00,NYSE:UMC,19.61,19.615,19.59,19.605,1386.0
2026-08-14 01:45:00+08:00,NYSE:UMC,19.61,19.615,19.59,19.595,5065.0
2026-08-14 01:50:00+08:00,NYSE:UMC,19.6,19.61,19.565,19.58,3192.0
2026-08-14 01:55:00+08:00,NYSE:UMC,19.575,19.58,19.56,19.56,704.0
2026-08-14 02:00:00+08:00,NYSE:UMC,19.555,19.56,19.555,19.56,990.0
2026-08-14 02:05:00+08:00,NYSE:UMC,19.555,19.58,19.555,19.565,6134.0
2026-08-14 02:10:00+08:00,NYSE:UMC,19.565,19.575,19.54,19.55,2892.0
2026-08-14 02:15:00+08:00,NYSE:UMC,19.56,19.575,19.555,19.565,4697.0
2026-08-14 02:20:00+08:00,NYSE:UMC,19.56,19.575,19.55,19.56,2282.0
2026-08-14 02:25:00+08:00,NYSE:UMC,19.56,19.58,19.56,19.57,5153.0
2026-08-14 02:30:00+08:00,NYSE:UMC,19.565,19.595,19.565,19.575,3715.0
2026-08-14 02:35:00+08:00,NYSE:UMC,19.57,19.59,19.565,19.585,3361.0
2026-08-14 02:40:00+08:00,NYSE:UMC,19.585,19.585,19.53,19.535,4559.0
2026-08-14 02:45:00+08:00,NYSE:UMC,19.535,19.575,19.535,19.575,3423.0
2026-08-14 02:50:00+08:00,NYSE:UMC,19.575,19.58,19.56,19.56,3689.0
2026-08-14 02:55:00+08:00,NYSE:UMC,19.56,19.58,19.54,19.56,8815.0
2026-08-14 03:00:00+08:00,NYSE:UMC,19.555,19.58,19.525,19.525,3766.0
2026-08-14 03:05:00+08:00,NYSE:UMC,19.52,19.57,19.515,19.54,9340.0
2026-08-14 03:10:00+08:00,NYSE:UMC,19.54,19.545,19.505,19.505,5816.0
2026-08-14 03:15:00+08:00,NYSE:UMC,19.5,19.53,19.48,19.53,14828.0
2026-08-14 03:20:00+08:00,NYSE:UMC,19.535,19.535,19.505,19.505,4051.0
2026-08-14 03:25:00+08:00,NYSE:UMC,19.495,19.495,19.455,19.47,8594.0
2026-08-14 03:30:00+08:00,NYSE:UMC,19.45,19.49,19.425,19.45,11805.0
2026-08-14 03:35:00+08:00,NYSE:UMC,19.47,19.48,19.44,19.45,6743.0
2026-08-14 03:40:00+08:00,NYSE:UMC,19.44,19.445,19.415,19.415,17598.0
2026-08-14 03:45:00+08:00,NYSE:UMC,19.41,19.44,19.4,19.415,22789.0
2026-08-14 03:50:00+08:00,NYSE:UMC,19.41,19.43,19.385,19.385,19798.0
2026-08-14 03:55:00+08:00,NYSE:UMC,19.385,19.44,19.36,19.37,72936.0
2026-08-14 21:30:00+08:00,NYSE:UMC,18.92,19.08,18.92,18.96,16511.0
2026-08-14 21:35:00+08:00,NYSE:UMC,18.93,19.05,18.93,19.05,9866.0
2026-08-14 21:40:00+08:00,NYSE:UMC,19.08,19.16,19.045,19.16,2137.0
2026-08-14 21:45:00+08:00,NYSE:UMC,19.16,19.17,19.075,19.075,4100.0
2026-08-14 21:50:00+08:00,NYSE:UMC,19.085,19.15,19.08,19.12,6260.0
2026-08-14 21:55:00+08:00,NYSE:UMC,19.12,19.12,19.05,19.06,4871.0
2026-08-14 22:00:00+08:00,NYSE:UMC,19.06,19.09,19.03,19.05,2770.0
2026-08-14 22:05:00+08:00,NYSE:UMC,19.04,19.06,19.0,19.01,7255.0
2026-08-14 22:10:00+08:00,NYSE:UMC,19.03,19.03,18.98,19.01,3836.0
2026-08-14 22:15:00+08:00,NYSE:UMC,19.01,19.03,18.95,18.95,4486.0
2026-08-14 22:20:00+08:00,NYSE:UMC,18.94,18.985,18.9,18.905,5619.0
2026-08-14 22:25:00+08:00,NYSE:UMC,18.91,18.97,18.9,18.94,7198.0
2026-08-14 22:30:00+08:00,NYSE:UMC,18.94,18.94,18.89,18.925,21533.0
2026-08-14 22:35:00+08:00,NYSE:UMC,18.925,18.97,18.91,18.95,5509.0
2026-08-14 22:40:00+08:00,NYSE:UMC,18.955,18.955,18.93,18.95,3369.0
2026-08-14 22:45:00+08:00,NYSE:UMC,18.95,18.95,18.895,18.895,2817.0
2026-08-14 22:50:00+08:00,NYSE:UMC,18.9,18.91,18.89,18.9,3949.0
2026-08-14 22:55:00+08:00,NYSE:UMC,18.91,18.93,18.89,18.91,2865.0
2026-08-14 23:00:00+08:00,NYSE:UMC,18.91,18.92,18.89,18.89,2684.0
2026-08-14 23:05:00+08:00,NYSE:UMC,18.9,18.9,18.88,18.9,3846.0
2026-08-14 23:10:00+08:00,NYSE:UMC,18.91,18.915,18.89,18.89,3819.0
2026-08-14 23:15:00+08:00,NYSE:UMC,18.9,18.9,18.88,18.89,3912.0
2026-08-14 23:20:00+08:00,NYSE:UMC,18.89,18.89,18.77,18.78,15170.0
2026-08-14 23:25:00+08:00,NYSE:UMC,18.78,18.84,18.75,18.84,8100.0
2026-08-14 23:30:00+08:00,NYSE:UMC,18.85,18.85,18.82,18.83,6737.0
2026-08-14 23:35:00+08:00,NYSE:UMC,18.85,18.85,18.82,18.82,3276.0
2026-08-14 23:40:00+08:00,NYSE:UMC,18.81,18.81,18.77,18.79,3348.0
2026-08-14 23:45:00+08:00,NYSE:UMC,18.81,18.825,18.79,18.8,5119.0
2026-08-14 23:50:00+08:00,NYSE:UMC,18.81,18.83,18.785,18.83,4526.0
2026-08-14 23:55:00+08:00,NYSE:UMC,18.83,18.865,18.83,18.83,3124.0
2026-08-15 00:00:00+08:00,NYSE:UMC,18.83,18.9,18.83,18.885,3273.0
2026-08-15 00:05:00+08:00,NYSE:UMC,18.88,18.895,18.87,18.875,3712.0
2026-08-15 00:10:00+08:00,NYSE:UMC,18.871,18.915,18.87,18.91,2830.0
2026-08-15 00:15:00+08:00,NYSE:UMC,18.92,18.93,18.92,18.93,1380.0
2026-08-15 00:20:00+08:00,NYSE:UMC,18.93,18.935,18.93,18.935,1238.0
2026-08-15 00:25:00+08:00,NYSE:UMC,18.935,18.95,18.93,18.93,4452.0
2026-08-15 00:30:00+08:00,NYSE:UMC,18.94,18.94,18.9,18.9,1113.0
2026-08-15 00:35:00+08:00,NYSE:UMC,18.91,18.935,18.91,18.92,820.0
2026-08-15 00:40:00+08:00,NYSE:UMC,18.925,18.925,18.91,18.91,741.0
2026-08-15 00:45:00+08:00,NYSE:UMC,18.91,18.91,18.895,18.91,1402.0
2026-08-15 00:50:00+08:00,NYSE:UMC,18.91,18.91,18.88,18.88,1141.0
2026-08-15 00:55:00+08:00,NYSE:UMC,18.89,18.9,18.88,18.895,367.0
2026-08-15 01:00:00+08:00,NYSE:UMC,18.88,18.88,18.87,18.88,325.0
2026-08-15 01:05:00+08:00,NYSE:UMC,18.89,18.915,18.89,18.915,119.0
2026-08-15 01:10:00+08:00,NYSE:UMC,18.915,18.925,18.89,18.89,1492.0
2026-08-15 01:15:00+08:00,NYSE:UMC,18.905,18.905,18.89,18.89,216.0
2026-08-15 01:20:00+08:00,NYSE:UMC,18.91,18.92,18.89,18.89,843.0
2026-08-15 01:25:00+08:00,NYSE:UMC,18.885,18.895,18.88,18.895,790.0
2026-08-15 01:30:00+08:00,NYSE:UMC,18.9,18.91,18.9,18.905,426.0
2026-08-15 01:35:00+08:00,NYSE:UMC,18.905,18.92,18.88,18.88,1988.0
2026-08-15 01:40:00+08:00,NYSE:UMC,18.885,18.9,18.885,18.89,1012.0
2026-08-15 01:45:00+08:00,NYSE:UMC,18.895,18.9,18.89,18.89,1090.0
2026-08-15 01:50:00+08:00,NYSE:UMC,18.89,18.91,18.89,18.91,212.0
2026-08-15 01:55:00+08:00,NYSE:UMC,18.91,18.91,18.9,18.91,1015.0
2026-08-15 02:00:00+08:00,NYSE:UMC,18.91,18.925,18.9,18.92,3469.0
2026-08-15 02:05:00+08:00,NYSE:UMC,18.915,18.92,18.905,18.92,1207.0
2026-08-15 02:10:00+08:00,NYSE:UMC,18.925,18.93,18.91,18.92,742.0
2026-08-15 02:15:00+08:00,NYSE:UMC,18.92,18.925,18.92,18.92,1068.0
2026-08-15 02:20:00+08:00,NYSE:UMC,18.915,18.915,18.91,18.91,307.0
2026-08-15 02:25:00+08:00,NYSE:UMC,18.915,18.925,18.91,18.91,2370.0
2026-08-15 02:30:00+08:00,NYSE:UMC,18.905,18.92,18.9,18.91,2500.0
2026-08-15 02:35:00+08:00,NYSE:UMC,18.92,18.93,18.92,18.93,562.0
2026-08-15 02:40:00+08:00,NYSE:UMC,18.935,18.94,18.93,18.93,1275.0
2026-08-15 02:45:00+08:00,NYSE:UMC,18.925,18.935,18.925,18.93,2221.0
2026-08-15 02:50:00+08:00,NYSE:UMC,18.935,18.935,18.92,18.92,3376.0
2026-08-15 02:55:00+08:00,NYSE:UMC,18.92,18.945,18.92,18.92,2559.0
2026-08-15 03:00:00+08:00,NYSE:UMC,18.92,18.925,18.905,18.905,2351.0
2026-08-15 03:05:00+08:00,NYSE:UMC,18.905,18.955,18.905,18.955,5928.0
2026-08-15 03:10:00+08:00,NYSE:UMC,18.96,18.975,18.96,18.965,1381.0
2026-08-15 03:15:00+08:00,NYSE:UMC,18.97,18.995,18.97,18.985,2456.0
2026-08-15 03:20:00+08:00,NYSE:UMC,18.985,19.0,18.98,19.0,1881.0
2026-08-15 03:25:00+08:00,NYSE:UMC,19.0,19.035,19.0,19.02,4054.0
2026-08-15 03:30:00+08:00,NYSE:UMC,19.02,19.03,19.0,19.02,3327.0
2026-08-15 03:35:00+08:00,NYSE:UMC,19.01,19.04,19.01,19.03,6756.0
2026-08-15 03:40:00+08:00,NYSE:UMC,19.03,19.05,19.02,19.05,8206.0
2026-08-15 03:45:00+08:00,NYSE:UMC,19.045,19.05,19.03,19.04,6854.0
2026-08-15 03:50:00+08:00,NYSE:UMC,19.05,19.075,19.045,19.07,12526.0
2026-08-15 03:55:00+08:00,NYSE:UMC,19.06,19.155,19.035,19.155,67725.0
2026-08-17 21:30:00+08:00,NYSE:UMC,19.34,19.42,19.29,19.34,7108.0
2026-08-17 21:35:00+08:00,NYSE:UMC,19.35,19.36,19.27,19.29,4915.0
2026-08-17 21:40:00+08:00,NYSE:UMC,19.3,19.38,19.3,19.38,3354.0
2026-08-17 21:45:00+08:00,NYSE:UMC,19.37,19.415,19.335,19.41,6605.0
2026-08-17 21:50:00+08:00,NYSE:UMC,19.42,19.45,19.42,19.44,2559.0
2026-08-17 21:55:00+08:00,NYSE:UMC,19.45,19.525,19.41,19.525,10606.0
2026-08-17 22:00:00+08:00,NYSE:UMC,19.52,19.53,19.465,19.515,7322.0
2026-08-17 22:05:00+08:00,NYSE:UMC,19.52,19.52,19.46,19.51,9160.0
2026-08-17 22:10:00+08:00,NYSE:UMC,19.52,19.6,19.52,19.55,13127.0
2026-08-17 22:15:00+08:00,NYSE:UMC,19.55,19.55,19.49,19.5,3016.0
2026-08-17 22:20:00+08:00,NYSE:UMC,19.5,19.525,19.48,19.52,5442.0
2026-08-17 22:25:00+08:00,NYSE:UMC,19.53,19.56,19.51,19.55,4084.0
2026-08-17 22:30:00+08:00,NYSE:UMC,19.55,19.58,19.535,19.575,4716.0
2026-08-17 22:35:00+08:00,NYSE:UMC,19.57,19.615,19.56,19.575,8244.0
2026-08-17 22:40:00+08:00,NYSE:UMC,19.575,19.61,19.575,19.61,8804.0
2026-08-17 22:45:00+08:00,NYSE:UMC,19.62,19.63,19.6,19.62,4993.0
2026-08-17 22:50:00+08:00,NYSE:UMC,19.62,19.66,19.62,19.655,3825.0
2026-08-17 22:55:00+08:00,NYSE:UMC,19.66,19.695,19.65,19.69,13883.0
2026-08-17 23:00:00+08:00,NYSE:UMC,19.695,19.73,19.67,19.72,7691.0
2026-08-17 23:05:00+08:00,NYSE:UMC,19.73,19.745,19.72,19.73,3293.0
2026-08-17 23:10:00+08:00,NYSE:UMC,19.725,19.77,19.705,19.705,9552.0
2026-08-17 23:15:00+08:00,NYSE:UMC,19.7,19.735,19.7,19.715,9549.0
2026-08-17 23:20:00+08:00,NYSE:UMC,19.72,19.76,19.7,19.73,4111.0
2026-08-17 23:25:00+08:00,NYSE:UMC,19.705,19.74,19.7,19.73,1940.0
2026-08-17 23:30:00+08:00,NYSE:UMC,19.72,19.73,19.705,19.715,1212.0
2026-08-17 23:35:00+08:00,NYSE:UMC,19.71,19.72,19.68,19.68,2365.0
2026-08-17 23:40:00+08:00,NYSE:UMC,19.675,19.695,19.665,19.68,3277.0
2026-08-17 23:45:00+08:00,NYSE:UMC,19.69,19.695,19.685,19.69,1598.0
2026-08-17 23:50:00+08:00,NYSE:UMC,19.69,19.725,19.69,19.705,4569.0
2026-08-17 23:55:00+08:00,NYSE:UMC,19.705,19.705,19.69,19.705,2450.0
2026-08-18 00:00:00+08:00,NYSE:UMC,19.71,19.72,19.69,19.695,2265.0
2026-08-18 00:05:00+08:00,NYSE:UMC,19.7,19.705,19.69,19.69,2340.0
2026-08-18 00:10:00+08:00,NYSE:UMC,19.685,19.685,19.64,19.65,2922.0
2026-08-18 00:15:00+08:00,NYSE:UMC,19.65,19.675,19.65,19.67,5238.0
2026-08-18 00:20:00+08:00,NYSE:UMC,19.675,19.675,19.67,19.67,2266.0
2026-08-18 00:25:00+08:00,NYSE:UMC,19.67,19.685,19.67,19.68,2185.0
2026-08-18 00:30:00+08:00,NYSE:UMC,19.68,19.68,19.655,19.66,2168.0
2026-08-18 00:35:00+08:00,NYSE:UMC,19.66,19.66,19.65,19.66,2283.0
2026-08-18 00:40:00+08:00,NYSE:UMC,19.66,19.66,19.65,19.655,503.0
2026-08-18 00:45:00+08:00,NYSE:UMC,19.65,19.65,19.63,19.64,2289.0
2026-08-18 00:50:00+08:00,NYSE:UMC,19.63,19.65,19.63,19.65,4408.0
2026-08-18 00:55:00+08:00,NYSE:UMC,19.655,19.675,19.65,19.67,1591.0
2026-08-18 01:00:00+08:00,NYSE:UMC,19.68,19.68,19.66,19.66,2843.0
2026-08-18 01:05:00+08:00,NYSE:UMC,19.66,19.67,19.64,19.645,2103.0
2026-08-18 01:10:00+08:00,NYSE:UMC,19.645,19.65,19.62,19.62,3868.0
2026-08-18 01:15:00+08:00,NYSE:UMC,19.63,19.63,19.6,19.61,3028.0
2026-08-18 01:20:00+08:00,NYSE:UMC,19.6,19.6,19.56,19.56,1649.0
2026-08-18 01:25:00+08:00,NYSE:UMC,19.57,19.585,19.56,19.57,2389.0
2026-08-18 01:30:00+08:00,NYSE:UMC,19.57,19.58,19.55,19.55,2009.0
2026-08-18 01:35:00+08:00,NYSE:UMC,19.55,19.56,19.53,19.53,2412.0
2026-08-18 01:40:00+08:00,NYSE:UMC,19.53,19.59,19.525,19.59,2909.0
2026-08-18 01:45:00+08:00,NYSE:UMC,19.595,19.595,19.58,19.59,2799.0
2026-08-18 01:50:00+08:00,NYSE:UMC,19.59,19.6,19.59,19.6,1448.0
2026-08-18 01:55:00+08:00,NYSE:UMC,19.595,19.605,19.58,19.605,5176.0
2026-08-18 02:00:00+08:00,NYSE:UMC,19.61,19.61,19.57,19.575,953.0
2026-08-18 02:05:00+08:00,NYSE:UMC,19.57,19.57,19.535,19.55,3171.0
2026-08-18 02:10:00+08:00,NYSE:UMC,19.53,19.54,19.5,19.54,1513.0
2026-08-18 02:15:00+08:00,NYSE:UMC,19.53,19.54,19.52,19.52,900.0
2026-08-18 02:20:00+08:00,NYSE:UMC,19.51,19.525,19.51,19.52,2331.0
2026-08-18 02:25:00+08:00,NYSE:UMC,19.52,19.525,19.51,19.52,2845.0
2026-08-18 02:30:00+08:00,NYSE:UMC,19.52,19.53,19.52,19.52,542.0
2026-08-18 02:35:00+08:00,NYSE:UMC,19.52,19.525,19.515,19.515,1965.0
2026-08-18 02:40:00+08:00,NYSE:UMC,19.51,19.535,19.505,19.53,2357.0
2026-08-18 02:45:00+08:00,NYSE:UMC,19.53,19.545,19.53,19.54,3593.0
2026-08-18 02:50:00+08:00,NYSE:UMC,19.54,19.57,19.54,19.56,4115.0
2026-08-18 02:55:00+08:00,NYSE:UMC,19.56,19.565,19.56,19.56,2160.0
2026-08-18 03:00:00+08:00,NYSE:UMC,19.565,19.565,19.485,19.485,4878.0
2026-08-18 03:05:00+08:00,NYSE:UMC,19.49,19.5,19.47,19.49,4265.0
2026-08-18 03:10:00+08:00,NYSE:UMC,19.48,19.49,19.44,19.45,6971.0
2026-08-18 03:15:00+08:00,NYSE:UMC,19.45,19.46,19.43,19.43,4954.0
2026-08-18 03:20:00+08:00,NYSE:UMC,19.43,19.44,19.4,19.43,5787.0
2026-08-18 03:25:00+08:00,NYSE:UMC,19.44,19.465,19.4,19.4,7613.0
2026-08-18 03:30:00+08:00,NYSE:UMC,19.39,19.44,19.39,19.44,5787.0
2026-08-18 03:35:00+08:00,NYSE:UMC,19.44,19.485,19.44,19.485,9600.0
2026-08-18 03:40:00+08:00,NYSE:UMC,19.485,19.49,19.46,19.47,11894.0
2026-08-18 03:45:00+08:00,NYSE:UMC,19.47,19.49,19.45,19.45,8721.0
2026-08-18 03:50:00+08:00,NYSE:UMC,19.45,19.485,19.445,19.475,11474.0
2026-08-18 03:55:00+08:00,NYSE:UMC,19.47,19.53,19.435,19.525,86895.0
2026-08-18 21:30:00+08:00,NYSE:UMC,18.535,18.755,18.53,18.64,46578.0
2026-08-18 21:35:00+08:00,NYSE:UMC,18.65,18.66,18.56,18.63,12375.0
2026-08-18 21:40:00+08:00,NYSE:UMC,18.6,18.62,18.51,18.52,5322.0
2026-08-18 21:45:00+08:00,NYSE:UMC,18.51,18.53,18.43,18.43,8768.0
2026-08-18 21:50:00+08:00,NYSE:UMC,18.43,18.485,18.42,18.43,5543.0
2026-08-18 21:55:00+08:00,NYSE:UMC,18.425,18.48,18.4,18.46,5303.0
2026-08-18 22:00:00+08:00,NYSE:UMC,18.46,18.505,18.42,18.5,4924.0
2026-08-18 22:05:00+08:00,NYSE:UMC,18.47,18.48,18.42,18.42,6508.0
2026-08-18 22:10:00+08:00,NYSE:UMC,18.41,18.41,18.37,18.4,22988.0
2026-08-18 22:15:00+08:00,NYSE:UMC,18.39,18.48,18.385,18.46,10166.0
2026-08-18 22:20:00+08:00,NYSE:UMC,18.43,18.465,18.395,18.435,4121.0
2026-08-18 22:25:00+08:00,NYSE:UMC,18.43,18.53,18.43,18.52,5148.0
2026-08-18 22:30:00+08:00,NYSE:UMC,18.515,18.54,18.49,18.49,2767.0
2026-08-18 22:35:00+08:00,NYSE:UMC,18.465,18.505,18.445,18.455,4339.0
2026-08-18 22:40:00+08:00,NYSE:UMC,18.46,18.46,18.36,18.36,6744.0
2026-08-18 22:45:00+08:00,NYSE:UMC,18.36,18.38,18.35,18.35,2542.0
2026-08-18 22:50:00+08:00,NYSE:UMC,18.37,18.37,18.31,18.32,3915.0
2026-08-18 22:55:00+08:00,NYSE:UMC,18.31,18.31,18.23,18.265,5022.0
2026-08-18 23:00:00+08:00,NYSE:UMC,18.275,18.34,18.26,18.34,11057.0
2026-08-18 23:05:00+08:00,NYSE:UMC,18.33,18.35,18.26,18.27,5536.0
2026-08-18 23:10:00+08:00,NYSE:UMC,18.25,18.29,18.23,18.28,5793.0
2026-08-18 23:15:00+08:00,NYSE:UMC,18.29,18.31,18.265,18.27,11418.0
2026-08-18 23:20:00+08:00,NYSE:UMC,18.26,18.34,18.26,18.34,4653.0
2026-08-18 23:25:00+08:00,NYSE:UMC,18.34,18.35,18.28,18.31,4490.0
2026-08-18 23:30:00+08:00,NYSE:UMC,18.31,18.34,18.305,18.33,4835.0
2026-08-18 23:35:00+08:00,NYSE:UMC,18.3,18.305,18.27,18.275,6546.0
2026-08-18 23:40:00+08:00,NYSE:UMC,18.27,18.34,18.265,18.33,3881.0
2026-08-18 23:45:00+08:00,NYSE:UMC,18.335,18.37,18.335,18.37,3480.0
2026-08-18 23:50:00+08:00,NYSE:UMC,18.36,18.38,18.325,18.38,3660.0
2026-08-18 23:55:00+08:00,NYSE:UMC,18.38,18.385,18.285,18.33,8525.0
2026-08-19 00:00:00+08:00,NYSE:UMC,18.33,18.33,18.3,18.3,3672.0
2026-08-19 00:05:00+08:00,NYSE:UMC,18.29,18.3,18.27,18.28,3598.0
2026-08-19 00:10:00+08:00,NYSE:UMC,18.29,18.29,18.27,18.27,1969.0
2026-08-19 00:15:00+08:00,NYSE:UMC,18.26,18.26,18.235,18.235,2475.0
2026-08-19 00:20:00+08:00,NYSE:UMC,18.235,18.265,18.235,18.25,10782.0
2026-08-19 00:25:00+08:00,NYSE:UMC,18.245,18.245,18.185,18.185,7074.0
2026-08-19 00:30:00+08:00,NYSE:UMC,18.19,18.22,18.19,18.22,6419.0
2026-08-19 00:35:00+08:00,NYSE:UMC,18.225,18.235,18.215,18.235,3834.0
2026-08-19 00:40:00+08:00,NYSE:UMC,18.23,18.285,18.215,18.27,10533.0
2026-08-19 00:45:00+08:00,NYSE:UMC,18.27,18.35,18.265,18.34,4705.0
2026-08-19 00:50:00+08:00,NYSE:UMC,18.34,18.35,18.32,18.33,2931.0
2026-08-19 00:55:00+08:00,NYSE:UMC,18.32,18.32,18.3,18.3,3890.0
2026-08-19 01:00:00+08:00,NYSE:UMC,18.29,18.315,18.28,18.31,6134.0
2026-08-19 01:05:00+08:00,NYSE:UMC,18.31,18.315,18.29,18.29,2650.0
2026-08-19 01:10:00+08:00,NYSE:UMC,18.28,18.29,18.27,18.285,2118.0
2026-08-19 01:15:00+08:00,NYSE:UMC,18.28,18.28,18.225,18.225,3997.0
2026-08-19 01:20:00+08:00,NYSE:UMC,18.23,18.24,18.23,18.23,1363.0
2026-08-19 01:25:00+08:00,NYSE:UMC,18.23,18.25,18.22,18.24,3484.0
2026-08-19 01:30:00+08:00,NYSE:UMC,18.25,18.25,18.24,18.25,1962.0
2026-08-19 01:35:00+08:00,NYSE:UMC,18.24,18.25,18.21,18.25,11095.0
2026-08-19 01:40:00+08:00,NYSE:UMC,18.25,18.255,18.245,18.255,2881.0
2026-08-19 01:45:00+08:00,NYSE:UMC,18.26,18.275,18.23,18.235,10837.0
2026-08-19 01:50:00+08:00,NYSE:UMC,18.235,18.24,18.235,18.24,2723.0
2026-08-19 01:55:00+08:00,NYSE:UMC,18.24,18.24,18.195,18.2,7439.0
2026-08-19 02:00:00+08:00,NYSE:UMC,18.2,18.2,18.185,18.185,3361.0
2026-08-19 02:05:00+08:00,NYSE:UMC,18.19,18.19,18.145,18.145,6695.0
2026-08-19 02:10:00+08:00,NYSE:UMC,18.15,18.18,18.145,18.18,5600.0
2026-08-19 02:15:00+08:00,NYSE:UMC,18.18,18.22,18.18,18.22,3343.0
2026-08-19 02:20:00+08:00,NYSE:UMC,18.23,18.235,18.21,18.235,3962.0
2026-08-19 02:25:00+08:00,NYSE:UMC,18.245,18.25,18.2,18.215,6662.0
2026-08-19 02:30:00+08:00,NYSE:UMC,18.21,18.21,18.19,18.21,5607.0
2026-08-19 02:35:00+08:00,NYSE:UMC,18.23,18.26,18.23,18.255,4192.0
2026-08-19 02:40:00+08:00,NYSE:UMC,18.25,18.265,18.25,18.265,3386.0
2026-08-19 02:45:00+08:00,NYSE:UMC,18.26,18.32,18.26,18.29,10380.0
2026-08-19 02:50:00+08:00,NYSE:UMC,18.28,18.29,18.275,18.275,4810.0
2026-08-19 02:55:00+08:00,NYSE:UMC,18.27,18.275,18.255,18.265,7848.0
2026-08-19 03:00:00+08:00,NYSE:UMC,18.26,18.29,18.255,18.27,6580.0
2026-08-19 03:05:00+08:00,NYSE:UMC,18.27,18.305,18.27,18.3,4462.0
2026-08-19 03:10:00+08:00,NYSE:UMC,18.3,18.3,18.28,18.28,5968.0
2026-08-19 03:15:00+08:00,NYSE:UMC,18.29,18.305,18.26,18.28,9890.0
2026-08-19 03:20:00+08:00,NYSE:UMC,18.28,18.31,18.265,18.31,6676.0
2026-08-19 03:25:00+08:00,NYSE:UMC,18.31,18.38,18.305,18.375,14968.0
2026-08-19 03:30:00+08:00,NYSE:UMC,18.375,18.38,18.34,18.36,30211.0
2026-08-19 03:35:00+08:00,NYSE:UMC,18.345,18.4,18.345,18.37,22292.0
2026-08-19 03:40:00+08:00,NYSE:UMC,18.36,18.415,18.345,18.405,23672.0
2026-08-19 03:45:00+08:00,NYSE:UMC,18.405,18.505,18.405,18.505,64493.0
2026-08-19 03:50:00+08:00,NYSE:UMC,18.51,18.52,18.4,18.46,35460.0
2026-08-19 03:55:00+08:00,NYSE:UMC,18.46,18.525,18.45,18.5,151110.0
2026-08-19 21:30:00+08:00,NYSE:UMC,18.675,18.955,18.42,18.44,53676.0
2026-08-19 21:35:00+08:00,NYSE:UMC,18.43,18.43,18.21,18.21,29163.0
2026-08-19 21:40:00+08:00,NYSE:UMC,18.19,18.35,18.17,18.32,15682.0
2026-08-19 21:45:00+08:00,NYSE:UMC,18.345,18.37,18.14,18.14,18373.0
2026-08-19 21:50:00+08:00,NYSE:UMC,18.14,18.14,18.03,18.07,21289.0
2026-08-19 21:55:00+08:00,NYSE:UMC,18.08,18.16,18.08,18.135,17880.0
2026-08-19 22:00:00+08:00,NYSE:UMC,18.13,18.16,18.06,18.09,7662.0
2026-08-19 22:05:00+08:00,NYSE:UMC,18.08,18.15,18.045,18.06,20292.0
2026-08-19 22:10:00+08:00,NYSE:UMC,18.06,18.06,17.965,18.0,35530.0
2026-08-19 22:15:00+08:00,NYSE:UMC,17.995,18.08,17.99,18.01,24250.0
2026-08-19 22:20:00+08:00,NYSE:UMC,17.98,18.11,17.98,18.095,19893.0
2026-08-19 22:25:00+08:00,NYSE:UMC,18.085,18.21,18.07,18.205,12278.0
2026-08-19 22:30:00+08:00,NYSE:UMC,18.21,18.23,18.18,18.2,11659.0
2026-08-19 22:35:00+08:00,NYSE:UMC,18.21,18.29,18.19,18.29,13067.0
2026-08-19 22:40:00+08:00,NYSE:UMC,18.29,18.29,18.19,18.23,4736.0
2026-08-19 22:45:00+08:00,NYSE:UMC,18.24,18.24,18.15,18.15,2344.0
2026-08-19 22:50:00+08:00,NYSE:UMC,18.13,18.21,18.13,18.21,3926.0
2026-08-19 22:55:00+08:00,NYSE:UMC,18.2,18.25,18.2,18.25,1931.0
2026-08-19 23:00:00+08:00,NYSE:UMC,18.24,18.25,18.185,18.185,3477.0
2026-08-19 23:05:00+08:00,NYSE:UMC,18.18,18.2,18.16,18.19,1975.0
2026-08-19 23:10:00+08:00,NYSE:UMC,18.2,18.23,18.19,18.22,4240.0
2026-08-19 23:15:00+08:00,NYSE:UMC,18.22,18.245,18.2,18.24,5939.0
2026-08-19 23:20:00+08:00,NYSE:UMC,18.25,18.25,18.21,18.21,1754.0
2026-08-19 23:25:00+08:00,NYSE:UMC,18.195,18.22,18.185,18.2,2506.0
2026-08-19 23:30:00+08:00,NYSE:UMC,18.19,18.19,18.16,18.16,1656.0
2026-08-19 23:35:00+08:00,NYSE:UMC,18.16,18.17,18.125,18.13,6809.0
2026-08-19 23:40:00+08:00,NYSE:UMC,18.13,18.13,18.085,18.13,3659.0
2026-08-19 23:45:00+08:00,NYSE:UMC,18.13,18.135,18.12,18.13,2472.0
2026-08-19 23:50:00+08:00,NYSE:UMC,18.12,18.125,18.1,18.1,1027.0
2026-08-19 23:55:00+08:00,NYSE:UMC,18.1,18.135,18.1,18.135,2148.0
2026-08-20 00:00:00+08:00,NYSE:UMC,18.13,18.175,18.12,18.16,3148.0
2026-08-20 00:05:00+08:00,NYSE:UMC,18.17,18.2,18.17,18.19,3512.0
2026-08-20 00:10:00+08:00,NYSE:UMC,18.205,18.205,18.185,18.195,7754.0
2026-08-20 00:15:00+08:00,NYSE:UMC,18.19,18.25,18.165,18.25,3843.0
2026-08-20 00:20:00+08:00,NYSE:UMC,18.25,18.265,18.235,18.26,3511.0
2026-08-20 00:25:00+08:00,NYSE:UMC,18.26,18.26,18.23,18.23,3723.0
2026-08-20 00:30:00+08:00,NYSE:UMC,18.22,18.265,18.21,18.265,4522.0
2026-08-20 00:35:00+08:00,NYSE:UMC,18.26,18.27,18.23,18.24,5393.0
2026-08-20 00:40:00+08:00,NYSE:UMC,18.245,18.265,18.235,18.265,13458.0
2026-08-20 00:45:00+08:00,NYSE:UMC,18.26,18.26,18.22,18.25,11195.0
2026-08-20 00:50:00+08:00,NYSE:UMC,18.25,18.25,18.225,18.24,4921.0
2026-08-20 00:55:00+08:00,NYSE:UMC,18.24,18.24,18.22,18.235,2638.0
2026-08-20 01:00:00+08:00,NYSE:UMC,18.23,18.24,18.21,18.21,7878.0
2026-08-20 01:05:00+08:00,NYSE:UMC,18.215,18.23,18.19,18.19,8327.0
2026-08-20 01:10:00+08:00,NYSE:UMC,18.19,18.21,18.185,18.2,2059.0
2026-08-20 01:15:00+08:00,NYSE:UMC,18.2,18.215,18.18,18.18,3425.0
2026-08-20 01:20:00+08:00,NYSE:UMC,18.175,18.205,18.175,18.19,3354.0
2026-08-20 01:25:00+08:00,NYSE:UMC,18.19,18.2,18.19,18.19,2837.0
2026-08-20 01:30:00+08:00,NYSE:UMC,18.19,18.2,18.18,18.18,3018.0
2026-08-20 01:35:00+08:00,NYSE:UMC,18.18,18.185,18.15,18.15,4434.0
2026-08-20 01:40:00+08:00,NYSE:UMC,18.15,18.18,18.145,18.17,3228.0
2026-08-20 01:45:00+08:00,NYSE:UMC,18.165,18.19,18.165,18.18,1349.0
2026-08-20 01:50:00+08:00,NYSE:UMC,18.17,18.175,18.16,18.17,603.0
2026-08-20 01:55:00+08:00,NYSE:UMC,18.17,18.17,18.155,18.165,5060.0
2026-08-20 02:00:00+08:00,NYSE:UMC,18.16,18.2,18.16,18.18,4728.0
2026-08-20 02:05:00+08:00,NYSE:UMC,18.19,18.19,18.12,18.12,8396.0
2026-08-20 02:10:00+08:00,NYSE:UMC,18.11,18.15,18.11,18.135,3754.0
2026-08-20 02:15:00+08:00,NYSE:UMC,18.135,18.135,18.11,18.13,2416.0
2026-08-20 02:20:00+08:00,NYSE:UMC,18.13,18.15,18.13,18.14,1711.0
2026-08-20 02:25:00+08:00,NYSE:UMC,18.14,18.17,18.14,18.16,1288.0
2026-08-20 02:30:00+08:00,NYSE:UMC,18.16,18.245,18.16,18.24,3584.0
2026-08-20 02:35:00+08:00,NYSE:UMC,18.23,18.23,18.16,18.175,4694.0
2026-08-20 02:40:00+08:00,NYSE:UMC,18.17,18.215,18.17,18.215,1437.0
2026-08-20 02:45:00+08:00,NYSE:UMC,18.21,18.21,18.18,18.19,1429.0
2026-08-20 02:50:00+08:00,NYSE:UMC,18.19,18.195,18.175,18.19,3383.0
2026-08-20 02:55:00+08:00,NYSE:UMC,18.18,18.18,18.145,18.17,12730.0
2026-08-20 03:00:00+08:00,NYSE:UMC,18.17,18.19,18.17,18.18,2310.0
2026-08-20 03:05:00+08:00,NYSE:UMC,18.18,18.18,18.16,18.18,3329.0
2026-08-20 03:10:00+08:00,NYSE:UMC,18.18,18.19,18.17,18.19,2433.0
2026-08-20 03:15:00+08:00,NYSE:UMC,18.185,18.2,18.18,18.195,4850.0
2026-08-20 03:20:00+08:00,NYSE:UMC,18.19,18.215,18.19,18.215,13386.0
2026-08-20 03:25:00+08:00,NYSE:UMC,18.21,18.23,18.195,18.2,6680.0
2026-08-20 03:30:00+08:00,NYSE:UMC,18.2,18.225,18.18,18.21,13043.0
2026-08-20 03:35:00+08:00,NYSE:UMC,18.21,18.21,18.17,18.19,14244.0
2026-08-20 03:40:00+08:00,NYSE:UMC,18.19,18.21,18.18,18.19,8678.0
2026-08-20 03:45:00+08:00,NYSE:UMC,18.19,18.2,18.18,18.18,12415.0
2026-08-20 03:50:00+08:00,NYSE:UMC,18.18,18.195,18.135,18.15,19109.0
2026-08-20 03:55:00+08:00,NYSE:UMC,18.16,18.2,18.11,18.12,132073.0
2026-08-20 21:30:00+08:00,NYSE:UMC,18.14,18.18,18.03,18.06,34133.0
2026-08-20 21:35:00+08:00,NYSE:UMC,18.04,18.13,18.03,18.09,6720.0
2026-08-20 21:40:00+08:00,NYSE:UMC,18.09,18.13,18.05,18.06,5880.0
2026-08-20 21:45:00+08:00,NYSE:UMC,18.06,18.065,17.95,18.01,9925.0
2026-08-20 21:50:00+08:00,NYSE:UMC,18.0,18.02,17.885,17.96,8928.0
2026-08-20 21:55:00+08:00,NYSE:UMC,17.98,18.04,17.93,17.955,22846.0
2026-08-20 22:00:00+08:00,NYSE:UMC,17.96,18.02,17.93,17.95,24968.0
2026-08-20 22:05:00+08:00,NYSE:UMC,17.95,18.02,17.94,18.02,15045.0
2026-08-20 22:10:00+08:00,NYSE:UMC,18.035,18.07,18.02,18.04,19803.0
2026-08-20 22:15:00+08:00,NYSE:UMC,18.04,18.06,17.96,17.975,22072.0
2026-08-20 22:20:00+08:00,NYSE:UMC,17.97,18.12,17.97,18.1,25620.0
2026-08-20 22:25:00+08:00,NYSE:UMC,18.11,18.11,18.04,18.065,17553.0
2026-08-20 22:30:00+08:00,NYSE:UMC,18.06,18.1,18.05,18.05,17204.0
2026-08-20 22:35:00+08:00,NYSE:UMC,18.04,18.155,18.04,18.15,19438.0
2026-08-20 22:40:00+08:00,NYSE:UMC,18.14,18.21,18.14,18.2,17794.0
2026-08-20 22:45:00+08:00,NYSE:UMC,18.195,18.2,18.14,18.16,13256.0
2026-08-20 22:50:00+08:00,NYSE:UMC,18.15,18.19,18.13,18.15,19005.0
2026-08-20 22:55:00+08:00,NYSE:UMC,18.15,18.17,18.145,18.16,17666.0
2026-08-20 23:00:00+08:00,NYSE:UMC,18.16,18.23,18.16,18.21,24272.0
2026-08-20 23:05:00+08:00,NYSE:UMC,18.21,18.21,18.15,18.15,12032.0
2026-08-20 23:10:00+08:00,NYSE:UMC,18.16,18.16,18.105,18.15,13018.0
2026-08-20 23:15:00+08:00,NYSE:UMC,18.14,18.145,18.12,18.13,18380.0
2026-08-20 23:20:00+08:00,NYSE:UMC,18.12,18.12,18.09,18.1,15728.0
2026-08-20 23:25:00+08:00,NYSE:UMC,18.09,18.09,18.055,18.075,19059.0
2026-08-20 23:30:00+08:00,NYSE:UMC,18.07,18.07,18.02,18.035,12775.0
2026-08-20 23:35:00+08:00,NYSE:UMC,18.03,18.04,17.99,17.99,16612.0
2026-08-20 23:40:00+08:00,NYSE:UMC,17.99,18.035,17.97,17.975,17828.0
2026-08-20 23:45:00+08:00,NYSE:UMC,17.96,18.01,17.95,18.0,2755.0
2026-08-20 23:50:00+08:00,NYSE:UMC,17.99,18.035,17.99,18.02,2949.0
2026-08-20 23:55:00+08:00,NYSE:UMC,18.03,18.035,18.03,18.035,1798.0
2026-08-21 00:00:00+08:00,NYSE:UMC,18.045,18.045,18.03,18.03,3098.0
2026-08-21 00:05:00+08:00,NYSE:UMC,18.025,18.025,18.01,18.02,1378.0
2026-08-21 00:10:00+08:00,NYSE:UMC,18.03,18.035,18.015,18.02,1233.0
2026-08-21 00:15:00+08:00,NYSE:UMC,18.01,18.02,18.01,18.02,914.0
2026-08-21 00:20:00+08:00,NYSE:UMC,18.02,18.055,18.02,18.045,2344.0
2026-08-21 00:25:00+08:00,NYSE:UMC,18.03,18.05,18.03,18.03,995.0
2026-08-21 00:30:00+08:00,NYSE:UMC,18.035,18.035,18.005,18.01,1425.0
2026-08-21 00:35:00+08:00,NYSE:UMC,18.03,18.035,18.03,18.03,1146.0
2026-08-21 00:40:00+08:00,NYSE:UMC,18.05,18.055,18.05,18.055,273.0
2026-08-21 00:45:00+08:00,NYSE:UMC,18.055,18.065,18.02,18.04,2614.0
2026-08-21 00:50:00+08:00,NYSE:UMC,18.05,18.05,18.03,18.03,421.0
2026-08-21 00:55:00+08:00,NYSE:UMC,18.035,18.05,18.03,18.05,826.0
2026-08-21 01:00:00+08:00,NYSE:UMC,18.045,18.045,18.03,18.03,1129.0
2026-08-21 01:05:00+08:00,NYSE:UMC,18.03,18.03,18.015,18.02,1369.0
2026-08-21 01:10:00+08:00,NYSE:UMC,18.03,18.1,18.025,18.06,32525.0
2026-08-21 01:15:00+08:00,NYSE:UMC,18.05,18.05,17.995,18.0,7659.0
2026-08-21 01:20:00+08:00,NYSE:UMC,17.99,18.0,17.98,17.985,6563.0
2026-08-21 01:25:00+08:00,NYSE:UMC,17.985,17.985,17.975,17.98,2441.0
2026-08-21 01:30:00+08:00,NYSE:UMC,17.985,17.99,17.97,17.97,5224.0
2026-08-21 01:35:00+08:00,NYSE:UMC,17.97,18.0,17.97,18.0,1190.0
2026-08-21 01:40:00+08:00,NYSE:UMC,18.0,18.0,17.98,17.985,3967.0
2026-08-21 01:45:00+08:00,NYSE:UMC,17.99,18.005,17.99,17.99,6716.0
2026-08-21 01:50:00+08:00,NYSE:UMC,17.99,17.995,17.99,17.995,3952.0
2026-08-21 01:55:00+08:00,NYSE:UMC,17.99,17.995,17.99,17.99,4989.0
2026-08-21 02:00:00+08:00,NYSE:UMC,17.99,17.99,17.985,17.99,3401.0
2026-08-21 02:05:00+08:00,NYSE:UMC,17.98,17.98,17.935,17.94,8594.0
2026-08-21 02:10:00+08:00,NYSE:UMC,17.94,17.965,17.93,17.965,6576.0
2026-08-21 02:15:00+08:00,NYSE:UMC,17.96,17.98,17.95,17.98,6342.0
2026-08-21 02:20:00+08:00,NYSE:UMC,17.98,17.98,17.98,17.98,2443.0
2026-08-21 02:25:00+08:00,NYSE:UMC,17.985,17.99,17.97,17.99,4456.0
2026-08-21 02:30:00+08:00,NYSE:UMC,17.98,17.985,17.96,17.965,2969.0
2026-08-21 02:35:00+08:00,NYSE:UMC,17.97,17.98,17.97,17.98,1000.0
2026-08-21 02:40:00+08:00,NYSE:UMC,17.98,17.98,17.955,17.97,5738.0
2026-08-21 02:45:00+08:00,NYSE:UMC,17.98,18.01,17.98,18.01,5466.0
2026-08-21 02:50:00+08:00,NYSE:UMC,18.0,18.025,18.0,18.015,6237.0
2026-08-21 02:55:00+08:00,NYSE:UMC,18.015,18.025,18.015,18.02,5155.0
2026-08-21 03:00:00+08:00,NYSE:UMC,18.02,18.03,18.015,18.015,6165.0
2026-08-21 03:05:00+08:00,NYSE:UMC,18.02,18.04,17.98,17.995,24206.0
2026-08-21 03:10:00+08:00,NYSE:UMC,17.995,18.02,17.985,18.01,23000.0
2026-08-21 03:15:00+08:00,NYSE:UMC,18.005,18.04,18.005,18.035,7104.0
2026-08-21 03:20:00+08:00,NYSE:UMC,18.04,18.06,18.035,18.06,24503.0
2026-08-21 03:25:00+08:00,NYSE:UMC,18.055,18.06,18.04,18.04,9347.0
2026-08-21 03:30:00+08:00,NYSE:UMC,18.03,18.03,18.01,18.03,16760.0
2026-08-21 03:35:00+08:00,NYSE:UMC,18.02,18.02,18.01,18.02,11421.0
2026-08-21 03:40:00+08:00,NYSE:UMC,18.02,18.025,18.0,18.005,9334.0
2026-08-21 03:45:00+08:00,NYSE:UMC,18.0,18.0,17.96,17.985,24852.0
2026-08-21 03:50:00+08:00,NYSE:UMC,17.99,17.99,17.955,17.96,35322.0
2026-08-21 03:55:00+08:00,NYSE:UMC,17.965,18.01,17.955,18.005,102560.0
2026-08-21 21:30:00+08:00,NYSE:UMC,18.45,18.535,18.37,18.51,15483.0
2026-08-21 21:35:00+08:00,NYSE:UMC,18.51,18.605,18.49,18.56,18421.0
2026-08-21 21:40:00+08:00,NYSE:UMC,18.545,18.55,18.42,18.465,14634.0
2026-08-21 21:45:00+08:00,NYSE:UMC,18.45,18.57,18.44,18.57,9859.0
2026-08-21 21:50:00+08:00,NYSE:UMC,18.57,18.575,18.51,18.53,11601.0
2026-08-21 21:55:00+08:00,NYSE:UMC,18.55,18.57,18.51,18.54,24167.0
2026-08-21 22:00:00+08:00,NYSE:UMC,18.535,18.575,18.47,18.5,9416.0
2026-08-21 22:05:00+08:00,NYSE:UMC,18.5,18.53,18.46,18.475,5547.0
2026-08-21 22:10:00+08:00,NYSE:UMC,18.475,18.475,18.33,18.35,18955.0
2026-08-21 22:15:00+08:00,NYSE:UMC,18.35,18.395,18.295,18.295,8543.0
2026-08-21 22:20:00+08:00,NYSE:UMC,18.295,18.43,18.295,18.385,5488.0
2026-08-21 22:25:00+08:00,NYSE:UMC,18.37,18.475,18.37,18.44,3440.0
2026-08-21 22:30:00+08:00,NYSE:UMC,18.46,18.47,18.4,18.415,9133.0
2026-08-21 22:35:00+08:00,NYSE:UMC,18.395,18.43,18.385,18.385,4123.0
2026-08-21 22:40:00+08:00,NYSE:UMC,18.375,18.39,18.345,18.385,5566.0
2026-08-21 22:45:00+08:00,NYSE:UMC,18.38,18.42,18.38,18.41,5278.0
2026-08-21 22:50:00+08:00,NYSE:UMC,18.425,18.425,18.345,18.345,5860.0
2026-08-21 22:55:00+08:00,NYSE:UMC,18.345,18.36,18.28,18.295,3815.0
2026-08-21 23:00:00+08:00,NYSE:UMC,18.295,18.34,18.28,18.33,4009.0
2026-08-21 23:05:00+08:00,NYSE:UMC,18.325,18.345,18.31,18.345,4737.0
2026-08-21 23:10:00+08:00,NYSE:UMC,18.35,18.355,18.33,18.34,3304.0
2026-08-21 23:15:00+08:00,NYSE:UMC,18.34,18.355,18.31,18.325,5115.0
2026-08-21 23:20:00+08:00,NYSE:UMC,18.325,18.36,18.315,18.345,1450.0
2026-08-21 23:25:00+08:00,NYSE:UMC,18.36,18.36,18.345,18.345,1086.0
2026-08-21 23:30:00+08:00,NYSE:UMC,18.345,18.39,18.345,18.385,1096.0
2026-08-21 23:35:00+08:00,NYSE:UMC,18.38,18.425,18.38,18.425,2038.0
2026-08-21 23:40:00+08:00,NYSE:UMC,18.425,18.43,18.385,18.385,1151.0
2026-08-21 23:45:00+08:00,NYSE:UMC,18.39,18.395,18.37,18.375,317.0
2026-08-21 23:50:00+08:00,NYSE:UMC,18.4,18.475,18.4,18.445,3746.0
2026-08-21 23:55:00+08:00,NYSE:UMC,18.445,18.445,18.39,18.39,2143.0
2026-08-22 00:00:00+08:00,NYSE:UMC,18.405,18.415,18.385,18.385,1244.0
2026-08-22 00:05:00+08:00,NYSE:UMC,18.39,18.39,18.33,18.33,1296.0
2026-08-22 00:10:00+08:00,NYSE:UMC,18.31,18.345,18.31,18.34,725.0
2026-08-22 00:15:00+08:00,NYSE:UMC,18.33,18.365,18.33,18.365,754.0
2026-08-22 00:20:00+08:00,NYSE:UMC,18.365,18.42,18.35,18.36,3335.0
2026-08-22 00:25:00+08:00,NYSE:UMC,18.355,18.36,18.34,18.345,662.0
2026-08-22 00:30:00+08:00,NYSE:UMC,18.34,18.345,18.33,18.34,1031.0
2026-08-22 00:35:00+08:00,NYSE:UMC,18.335,18.36,18.335,18.355,734.0
2026-08-22 00:40:00+08:00,NYSE:UMC,18.355,18.355,18.34,18.34,3002.0
2026-08-22 00:45:00+08:00,NYSE:UMC,18.335,18.34,18.335,18.335,397.0
2026-08-22 00:50:00+08:00,NYSE:UMC,18.33,18.335,18.32,18.32,1787.0
2026-08-22 00:55:00+08:00,NYSE:UMC,18.32,18.325,18.32,18.32,816.0
2026-08-22 01:00:00+08:00,NYSE:UMC,18.34,18.37,18.34,18.365,4835.0
2026-08-22 01:05:00+08:00,NYSE:UMC,18.365,18.365,18.35,18.35,3482.0
2026-08-22 01:10:00+08:00,NYSE:UMC,18.35,18.35,18.345,18.35,1312.0
2026-08-22 01:15:00+08:00,NYSE:UMC,18.35,18.35,18.345,18.35,769.0
2026-08-22 01:20:00+08:00,NYSE:UMC,18.35,18.35,18.34,18.345,884.0
2026-08-22 01:25:00+08:00,NYSE:UMC,18.345,18.355,18.34,18.355,1850.0
2026-08-22 01:30:00+08:00,NYSE:UMC,18.35,18.355,18.35,18.355,890.0
2026-08-22 01:35:00+08:00,NYSE:UMC,18.355,18.38,18.35,18.365,1923.0
2026-08-22 01:40:00+08:00,NYSE:UMC,18.365,18.375,18.365,18.365,2721.0
2026-08-22 01:45:00+08:00,NYSE:UMC,18.37,18.375,18.36,18.365,2535.0
2026-08-22 01:50:00+08:00,NYSE:UMC,18.365,18.375,18.365,18.37,2328.0
2026-08-22 01:55:00+08:00,NYSE:UMC,18.365,18.365,18.34,18.345,1179.0
2026-08-22 02:00:00+08:00,NYSE:UMC,18.345,18.385,18.34,18.375,5947.0
2026-08-22 02:05:00+08:00,NYSE:UMC,18.375,18.375,18.35,18.35,3028.0
2026-08-22 02:10:00+08:00,NYSE:UMC,18.345,18.345,18.335,18.335,1713.0
2026-08-22 02:15:00+08:00,NYSE:UMC,18.315,18.34,18.31,18.325,3239.0
2026-08-22 02:20:00+08:00,NYSE:UMC,18.33,18.335,18.325,18.33,2148.0
2026-08-22 02:25:00+08:00,NYSE:UMC,18.325,18.325,18.3,18.305,1470.0
2026-08-22 02:30:00+08:00,NYSE:UMC,18.3,18.3,18.295,18.295,2244.0
2026-08-22 02:35:00+08:00,NYSE:UMC,18.295,18.32,18.295,18.315,3599.0
2026-08-22 02:40:00+08:00,NYSE:UMC,18.31,18.31,18.29,18.31,4769.0
2026-08-22 02:45:00+08:00,NYSE:UMC,18.31,18.315,18.28,18.31,8279.0
2026-08-22 02:50:00+08:00,NYSE:UMC,18.32,18.33,18.31,18.32,1724.0
2026-08-22 02:55:00+08:00,NYSE:UMC,18.31,18.32,18.305,18.315,3811.0
2026-08-22 03:00:00+08:00,NYSE:UMC,18.32,18.345,18.32,18.335,2084.0
2026-08-22 03:05:00+08:00,NYSE:UMC,18.335,18.36,18.33,18.35,1615.0
2026-08-22 03:10:00+08:00,NYSE:UMC,18.34,18.345,18.33,18.33,1890.0
2026-08-22 03:15:00+08:00,NYSE:UMC,18.335,18.37,18.335,18.36,2897.0
2026-08-22 03:20:00+08:00,NYSE:UMC,18.36,18.37,18.355,18.37,3110.0
2026-08-22 03:25:00+08:00,NYSE:UMC,18.365,18.365,18.36,18.36,1236.0
2026-08-22 03:30:00+08:00,NYSE:UMC,18.36,18.39,18.36,18.375,5063.0
2026-08-22 03:35:00+08:00,NYSE:UMC,18.375,18.375,18.34,18.34,4241.0
2026-08-22 03:40:00+08:00,NYSE:UMC,18.35,18.36,18.305,18.315,9221.0
2026-08-22 03:45:00+08:00,NYSE:UMC,18.315,18.34,18.31,18.33,8893.0
2026-08-22 03:50:00+08:00,NYSE:UMC,18.33,18.34,18.295,18.295,17002.0
2026-08-22 03:55:00+08:00,NYSE:UMC,18.3,18.34,18.28,18.34,42323.0
2026-08-24 21:30:00+08:00,NYSE:UMC,19.48,19.5,19.26,19.33,34812.0
2026-08-24 21:35:00+08:00,NYSE:UMC,19.32,19.425,19.18,19.18,16204.0
2026-08-24 21:40:00+08:00,NYSE:UMC,19.16,19.17,19.09,19.1,23271.0
2026-08-24 21:45:00+08:00,NYSE:UMC,19.08,19.1,18.93,18.96,21458.0
2026-08-24 21:50:00+08:00,NYSE:UMC,18.95,18.95,18.775,18.835,36667.0
2026-08-24 21:55:00+08:00,NYSE:UMC,18.835,18.94,18.815,18.89,17184.0
2026-08-24 22:00:00+08:00,NYSE:UMC,18.87,18.89,18.81,18.84,18205.0
2026-08-24 22:05:00+08:00,NYSE:UMC,18.83,18.89,18.81,18.82,10743.0
2026-08-24 22:10:00+08:00,NYSE:UMC,18.81,18.86,18.81,18.85,6536.0
2026-08-24 22:15:00+08:00,NYSE:UMC,18.86,18.87,18.8,18.84,8629.0
2026-08-24 22:20:00+08:00,NYSE:UMC,18.83,18.89,18.82,18.86,11152.0
2026-08-24 22:25:00+08:00,NYSE:UMC,18.86,18.87,18.81,18.87,13042.0
2026-08-24 22:30:00+08:00,NYSE:UMC,18.87,18.96,18.87,18.95,7351.0
2026-08-24 22:35:00+08:00,NYSE:UMC,18.955,18.97,18.87,18.9,9290.0
2026-08-24 22:40:00+08:00,NYSE:UMC,18.89,18.95,18.875,18.905,16222.0
2026-08-24 22:45:00+08:00,NYSE:UMC,18.9,18.91,18.89,18.905,5802.0
2026-08-24 22:50:00+08:00,NYSE:UMC,18.915,18.955,18.9,18.94,7311.0
2026-08-24 22:55:00+08:00,NYSE:UMC,18.95,18.95,18.91,18.92,6639.0
2026-08-24 23:00:00+08:00,NYSE:UMC,18.92,18.93,18.88,18.88,13227.0
2026-08-24 23:05:00+08:00,NYSE:UMC,18.86,18.875,18.835,18.835,9838.0
2026-08-24 23:10:00+08:00,NYSE:UMC,18.83,18.85,18.79,18.8,8912.0
2026-08-24 23:15:00+08:00,NYSE:UMC,18.795,18.815,18.78,18.795,6319.0
2026-08-24 23:20:00+08:00,NYSE:UMC,18.795,18.845,18.78,18.845,7906.0
2026-08-24 23:25:00+08:00,NYSE:UMC,18.85,18.93,18.85,18.905,19732.0
2026-08-24 23:30:00+08:00,NYSE:UMC,18.91,18.955,18.89,18.95,8018.0
2026-08-24 23:35:00+08:00,NYSE:UMC,18.94,18.94,18.915,18.94,4772.0
2026-08-24 23:40:00+08:00,NYSE:UMC,18.97,19.0,18.97,18.98,7754.0
2026-08-24 23:45:00+08:00,NYSE:UMC,18.99,19.11,18.99,19.05,18394.0
2026-08-24 23:50:00+08:00,NYSE:UMC,19.07,19.08,19.03,19.055,9277.0
2026-08-24 23:55:00+08:00,NYSE:UMC,19.055,19.055,18.96,18.995,5446.0
2026-08-25 00:00:00+08:00,NYSE:UMC,19.01,19.015,18.955,18.98,5216.0
2026-08-25 00:05:00+08:00,NYSE:UMC,18.97,19.02,18.97,19.01,5129.0
2026-08-25 00:10:00+08:00,NYSE:UMC,19.01,19.05,19.01,19.05,4548.0
2026-08-25 00:15:00+08:00,NYSE:UMC,19.05,19.12,19.05,19.105,5942.0
2026-08-25 00:20:00+08:00,NYSE:UMC,19.1,19.12,19.1,19.11,4932.0
2026-08-25 00:25:00+08:00,NYSE:UMC,19.105,19.105,19.06,19.06,4226.0
2026-08-25 00:30:00+08:00,NYSE:UMC,19.06,19.075,19.015,19.015,1920.0
2026-08-25 00:35:00+08:00,NYSE:UMC,19.01,19.035,19.01,19.035,1796.0
2026-08-25 00:40:00+08:00,NYSE:UMC,19.035,19.035,18.98,18.98,6503.0
2026-08-25 00:45:00+08:00,NYSE:UMC,18.99,19.015,18.965,19.01,2011.0
2026-08-25 00:50:00+08:00,NYSE:UMC,19.0,19.01,19.0,19.005,736.0
2026-08-25 00:55:00+08:00,NYSE:UMC,19.005,19.005,18.98,18.98,4736.0
2026-08-25 01:00:00+08:00,NYSE:UMC,18.975,18.98,18.965,18.97,2750.0
2026-08-25 01:05:00+08:00,NYSE:UMC,18.97,19.055,18.97,19.055,2391.0
2026-08-25 01:10:00+08:00,NYSE:UMC,19.055,19.08,19.055,19.06,4120.0
2026-08-25 01:15:00+08:00,NYSE:UMC,19.05,19.05,19.005,19.005,7255.0
2026-08-25 01:20:00+08:00,NYSE:UMC,19.0,19.0,18.97,18.985,2537.0
2026-08-25 01:25:00+08:00,NYSE:UMC,18.98,18.99,18.95,18.95,4829.0
2026-08-25 01:30:00+08:00,NYSE:UMC,18.955,18.97,18.94,18.96,8613.0
2026-08-25 01:35:00+08:00,NYSE:UMC,18.955,18.97,18.955,18.96,4174.0
2026-08-25 01:40:00+08:00,NYSE:UMC,18.965,18.97,18.935,18.935,4960.0
2026-08-25 01:45:00+08:00,NYSE:UMC,18.935,18.945,18.935,18.94,6665.0
2026-08-25 01:50:00+08:00,NYSE:UMC,18.945,18.97,18.945,18.96,6569.0
2026-08-25 01:55:00+08:00,NYSE:UMC,18.955,18.97,18.95,18.95,3409.0
2026-08-25 02:00:00+08:00,NYSE:UMC,18.95,18.995,18.95,18.99,6345.0
2026-08-25 02:05:00+08:00,NYSE:UMC,18.99,19.035,18.99,19.03,4381.0
2026-08-25 02:10:00+08:00,NYSE:UMC,19.04,19.065,19.03,19.065,4781.0
2026-08-25 02:15:00+08:00,NYSE:UMC,19.07,19.09,19.055,19.075,10457.0
2026-08-25 02:20:00+08:00,NYSE:UMC,19.08,19.13,19.08,19.13,6805.0
2026-08-25 02:25:00+08:00,NYSE:UMC,19.13,19.13,19.115,19.115,2561.0
2026-08-25 02:30:00+08:00,NYSE:UMC,19.12,19.14,19.12,19.14,10531.0
2026-08-25 02:35:00+08:00,NYSE:UMC,19.15,19.165,19.105,19.12,14504.0
2026-08-25 02:40:00+08:00,NYSE:UMC,19.12,19.15,19.11,19.14,5838.0
2026-08-25 02:45:00+08:00,NYSE:UMC,19.14,19.14,19.11,19.135,3921.0
2026-08-25 02:50:00+08:00,NYSE:UMC,19.14,19.15,19.09,19.09,3017.0
2026-08-25 02:55:00+08:00,NYSE:UMC,19.085,19.09,19.075,19.075,3309.0
2026-08-25 03:00:00+08:00,NYSE:UMC,19.075,19.115,19.075,19.1,4062.0
2026-08-25 03:05:00+08:00,NYSE:UMC,19.12,19.135,19.09,19.09,4785.0
2026-08-25 03:10:00+08:00,NYSE:UMC,19.09,19.09,19.04,19.08,18089.0
2026-08-25 03:15:00+08:00,NYSE:UMC,19.08,19.1,19.05,19.1,11982.0
2026-08-25 03:20:00+08:00,NYSE:UMC,19.1,19.12,19.09,19.105,11273.0
2026-08-25 03:25:00+08:00,NYSE:UMC,19.11,19.155,19.11,19.14,17398.0
2026-08-25 03:30:00+08:00,NYSE:UMC,19.15,19.21,19.13,19.14,36175.0
2026-08-25 03:35:00+08:00,NYSE:UMC,19.14,19.14,19.08,19.09,22263.0
2026-08-25 03:40:00+08:00,NYSE:UMC,19.1,19.115,19.09,19.11,18227.0
2026-08-25 03:45:00+08:00,NYSE:UMC,19.1,19.12,19.095,19.105,23170.0
2026-08-25 03:50:00+08:00,NYSE:UMC,19.1,19.105,19.055,19.09,46209.0
2026-08-25 03:55:00+08:00,NYSE:UMC,19.08,19.09,19.02,19.055,88571.0
2026-08-25 21:30:00+08:00,NYSE:UMC,19.44,19.82,19.37,19.82,17640.0
2026-08-25 21:35:00+08:00,NYSE:UMC,19.8,19.82,19.7,19.78,24477.0
2026-08-25 21:40:00+08:00,NYSE:UMC,19.77,19.915,19.77,19.875,26077.0
2026-08-25 21:45:00+08:00,NYSE:UMC,19.88,19.995,19.83,19.955,15472.0
2026-08-25 21:50:00+08:00,NYSE:UMC,19.95,19.96,19.88,19.93,16761.0
2026-08-25 21:55:00+08:00,NYSE:UMC,19.92,19.92,19.79,19.835,10452.0
2026-08-25 22:00:00+08:00,NYSE:UMC,19.82,19.83,19.75,19.77,5911.0
2026-08-25 22:05:00+08:00,NYSE:UMC,19.765,19.84,19.76,19.83,14293.0
2026-08-25 22:10:00+08:00,NYSE:UMC,19.825,19.9,19.81,19.81,8872.0
2026-08-25 22:15:00+08:00,NYSE:UMC,19.805,19.85,19.775,19.79,5990.0
2026-08-25 22:20:00+08:00,NYSE:UMC,19.78,19.8,19.6,19.665,9203.0
2026-08-25 22:25:00+08:00,NYSE:UMC,19.665,19.735,19.65,19.735,7647.0
2026-08-25 22:30:00+08:00,NYSE:UMC,19.72,19.81,19.62,19.74,15859.0
2026-08-25 22:35:00+08:00,NYSE:UMC,19.755,19.82,19.755,19.79,2986.0
2026-08-25 22:40:00+08:00,NYSE:UMC,19.78,19.79,19.7,19.725,5120.0
2026-08-25 22:45:00+08:00,NYSE:UMC,19.73,19.74,19.67,19.695,7828.0
2026-08-25 22:50:00+08:00,NYSE:UMC,19.71,19.73,19.675,19.68,4616.0
2026-08-25 22:55:00+08:00,NYSE:UMC,19.67,19.67,19.645,19.655,6408.0
2026-08-25 23:00:00+08:00,NYSE:UMC,19.65,19.65,19.61,19.61,10063.0
2026-08-25 23:05:00+08:00,NYSE:UMC,19.62,19.635,19.58,19.595,8131.0
2026-08-25 23:10:00+08:00,NYSE:UMC,19.6,19.62,19.595,19.615,10778.0
2026-08-25 23:15:00+08:00,NYSE:UMC,19.605,19.64,19.57,19.57,5855.0
2026-08-25 23:20:00+08:00,NYSE:UMC,19.58,19.605,19.57,19.58,4931.0
2026-08-25 23:25:00+08:00,NYSE:UMC,19.58,19.63,19.58,19.63,4986.0
2026-08-25 23:30:00+08:00,NYSE:UMC,19.63,19.66,19.63,19.63,3778.0
2026-08-25 23:35:00+08:00,NYSE:UMC,19.63,19.69,19.62,19.62,5493.0
2026-08-25 23:40:00+08:00,NYSE:UMC,19.62,19.62,19.59,19.59,2861.0
2026-08-25 23:45:00+08:00,NYSE:UMC,19.595,19.595,19.57,19.585,2434.0
2026-08-25 23:50:00+08:00,NYSE:UMC,19.58,19.585,19.57,19.57,4801.0
2026-08-25 23:55:00+08:00,NYSE:UMC,19.575,19.59,19.56,19.58,5956.0
2026-08-26 00:00:00+08:00,NYSE:UMC,19.59,19.63,19.59,19.63,6676.0
2026-08-26 00:05:00+08:00,NYSE:UMC,19.61,19.64,19.605,19.62,4331.0
2026-08-26 00:10:00+08:00,NYSE:UMC,19.635,19.66,19.635,19.65,1760.0
